gene	value
A1CF	-0.6887027272727266
A2M	-0.9613554545454548
A4GALT	-0.3156029292929299
A4GNT	-0.006893232323232468
AAAS	-0.04491121212121296
AACS	0.7481614141414132
AADAC	-0.7867223232323255
AAGAB	0.2939577777777762
AAK1	-0.06147806060605987
AAMDC	0.10357676767676693
AAMP	0.06555979797979639
AANAT	-0.018065353535352102
AAR2	0.40404313131313163
AARS	0.2590424242424252
AARSD1	0.40663383838383815
AASDHPPT	0.34751818181818095
AASS	-1.6242218181818178
AATF	0.6248966666666664
AATK	-0.2046689898989884
ABAT	-1.4394156902356894
ABCA1	-0.16373208080808066
ABCA11P	-0.07113464646464651
ABCA12	-0.0004031313131318548
ABCA2	-0.1728872727272739
ABCA3	0.03826636363636293
ABCA4	-0.14244474747474722
ABCA5	-0.21199868686868673
ABCA6	-1.5525913131313143
ABCA7	-0.041240303030304126
ABCA8	-2.940435656565657
ABCB1	-0.23702343434343565
ABCB11	-0.742920555555556
ABCB4	-1.4966463131313148
ABCB6	0.09203974747474764
ABCB7	-0.1257010101010092
ABCB8	-0.05255616161616139
ABCB9	-0.014645202020201697
ABCC1	0.2475599494949492
ABCC10	0.6551546969696966
ABCC2	-0.616769292929293
ABCC3	-0.5341220875420873
ABCC4	1.0479767676767677
ABCC5	0.5728756565656576
ABCC6	-0.8251444949494964
ABCC6P2	0.929250202020202
ABCC8	-0.14829297979798017
ABCC9	-0.32449505050505056
ABCD1	0.2432610101010093
ABCD2	-0.039039898989899235
ABCD3	-0.40138474747474717
ABCD4	-0.15642767676767466
ABCE1	0.3628094444444452
ABCF1	0.6795519191919182
ABCF2	0.23065890909090925
ABCF3	-0.06929535353535332
ABCG1	0.4610613636363645
ABCG2	-1.504004444444444
ABCG4	-0.1338267676767675
ABCG5	-1.1852034343434372
ABHD10	-0.20839696969696941
ABHD11	0.010454848484848789
ABHD14A	0.21485171717171703
ABHD17A	0.039610202020202046
ABHD17B	0.10024999999999995
ABHD18	-0.5380322222222231
ABHD2	-0.9954441161616154
ABHD3	0.6013579797979807
ABHD4	0.23303919191919142
ABHD5	-0.10580131313131336
ABHD6	-0.7154527272727282
ABHD8	-0.0034469696969701147
ABI1	0.7603654040404031
ABI2	0.10353212121212163
ABI3BP	-0.10201686868686899
ABL1	0.29883929292929245
ABL2	0.026844141414141376
ABLIM1	0.18006020202020068
ABLIM2	-0.10797353535353471
ABLIM3	-0.9896276767676779
ABO	-0.21297946127946066
ABR	-0.12158531986531962
ABT1	0.45725131313131406
ABTB2	-0.22028919191919272
ACAA1	-1.5513679797979805
ACAA2	-0.772982828282827
ACACA	0.6700159090909086
ACACB	-1.4927438888888878
ACAD10	-0.2460217171717174
ACAD8	-0.291162222222221
ACADL	-1.4695794949494951
ACADM	-0.8368871717171693
ACADS	-1.2536820202020182
ACADSB	-1.4679223232323233
ACADVL	-1.0593010101010094
ACAN	-0.05994531986531948
ACAP1	-0.250894292929293
ACAP2	0.2958734343434335
ACAT1	-0.9360570707070721
ACAT2	0.08972404040403958
ACBD3	0.9902110101010102
ACBD4	-1.0948738383838377
ACD	0.4365648484848492
ACE	-0.06227727272727268
ACE2	-0.1053909090909082
ACHE	-0.0367257575757578
ACIN1	0.17392454545454417
ACKR1	-0.01888050505050476
ACKR2	-0.07844060606060621
ACKR3	0.7157181818181817
ACKR4	-0.12209070707070735
ACLY	1.2835231649831629
ACO2	0.04516202020202087
ACOT1	-0.6864025252525252
ACOT11	-0.023346969696969033
ACOT13	-0.5889009090909081
ACOT7	0.27740227272727314
ACOT8	0.24297484848484974
ACOT9	0.42517898989899017
ACOX1	-0.3814948232323232
ACOX2	-1.3068536363636376
ACOX3	-0.23139565656565608
ACOXL	-0.03710181818181901
ACP1	0.6642498653198663
ACP2	-0.22689676767676747
ACP5	0.22005777777777524
ACP6	0.5998087878787883
ACPP	-0.022985050505051063
ACR	-0.1496128282828284
ACRV1	-0.11239272727272764
ACSBG1	-0.07760898989898957
ACSBG2	0.0017495959595965616
ACSF2	-0.3549501010101004
ACSL1	-1.7433749494949495
ACSL3	0.8770428956228953
ACSL4	3.2985348484848482
ACSL5	-1.436019696969697
ACSL6	0.06601067340067335
ACSM1	0.6822876767676762
ACSM2B	-1.7924497979797973
ACSM3	-2.1316654545454554
ACSM5	-2.3159288383838357
ACSS3	0.07342858585858458
ACTA1	-0.028899999999999704
ACTA2	0.14031025252525264
ACTB	0.3540762020202024
ACTC1	-0.020653636363636263
ACTG1	0.5649557828282834
ACTG2	0.17282151515151556
ACTL6A	1.3117553535353519
ACTL6B	-0.10367333333333306
ACTL7A	-0.09458727272727252
ACTL7B	-0.06260282828282815
ACTL8	-0.03037858585858544
ACTN1	0.1602611784511776
ACTN2	0.09077090909090924
ACTN3	-0.030192626262625755
ACTN4	0.5453403030303026
ACTR10	0.5522656565656572
ACTR1A	0.42821404040403976
ACTR1B	0.006408787878786626
ACTR2	0.5157928282828292
ACTR3	0.7765108417508415
ACTR3B	0.1906009090909082
ACTR5	0.3741343434343447
ACTR6	0.8432315151515155
ACTR8	0.07031090909090931
ACVR1	0.41588818181818077
ACVR1B	-0.008624006734006429
ACVR2A	-0.09942353535353643
ACVR2B	-0.017849898989899415
ACVR2B-AS1	-0.08732848484848521
ACVRL1	-0.08401404040404081
ACY1	-1.043934141414141
ACYP1	0.4079569696969694
ACYP2	-0.6759430303030296
AD7C-NTP	-0.14703540404040494
ADA	0.3611995959595964
ADAM10	0.6049154208754217
ADAM11	-0.15526454545454493
ADAM12	-0.06173148989899069
ADAM15	0.004876868686868097
ADAM17	0.18350175084175113
ADAM18	-0.10939757575757625
ADAM19	-0.06475949494949562
ADAM2	-0.08469868686868631
ADAM20	-0.10470202020202013
ADAM21P1	-0.056824949494949095
ADAM22	-0.06498744107744114
ADAM23	0.13085722222222218
ADAM28	-0.12602572390572409
ADAM29	-0.13104919191919207
ADAM30	-0.08592727272727352
ADAM3A	-0.08104242424242436
ADAM5	-0.0553711616161614
ADAM7	-0.06460222222222223
ADAM8	-0.10709520202020162
ADAM9	1.4654371717171717
ADAMDEC1	0.375959696969697
ADAMTS1	-0.9905233333333339
ADAMTS12	-0.03641444444444408
ADAMTS13	-0.2028736363636363
ADAMTS2	-0.5241547979797989
ADAMTS20	-0.03302656565656559
ADAMTS3	0.09348252525252443
ADAMTS5	-0.2693193939393934
ADAMTS6	-0.15022505050505108
ADAMTS7	-0.12696858585858584
ADAMTS8	-0.16841484848484845
ADAMTS9	-0.03248090909090884
ADAMTSL2	-1.0639547474747477
ADAMTSL3	-1.1869519191919196
ADAMTSL4	-0.09399262626262583
ADAP1	-0.15623944444444415
ADAP2	-0.37094717171717306
ADAR	0.6694947474747472
ADARB1	-0.18844262626262687
ADARB2	-0.12072212121212145
ADAT1	0.047184848484848274
ADCK2	0.3128153787878789
ADCY1	-0.5061681481481477
ADCY10	-0.17587570707070643
ADCY2	-0.0980484511784514
ADCY3	-0.08063924242424259
ADCY6	-0.04038116161616312
ADCY7	-0.049368989898989746
ADCY8	-0.10590191919191883
ADCY9	-0.08036212121212127
ADCYAP1	-0.07721111111111112
ADCYAP1R1	-0.1011737373737378
ADD1	0.15969569023569186
ADD2	-0.16950841750841716
ADD3	-0.011951555555554272
ADD3-AS1	-0.02294050505050471
ADGB	-0.09438202020202091
ADGRA2	-0.345022222222223
ADGRA3	-1.369905050505051
ADGRB1	-0.10368383838383766
ADGRB2	-0.1636147474747478
ADGRB3	-0.08846202020201988
ADGRD2	-0.23839858585858575
ADGRE1	-0.33394888888888863
ADGRE2	-0.05360333333333367
ADGRE3	-0.06843030303030329
ADGRE5	-0.006465858585858797
ADGRF1	-0.028522121212121387
ADGRF5	0.10754212121212081
ADGRG1	0.1287473232323224
ADGRG2	0.7002604040404039
ADGRG3	-0.015774949494950175
ADGRG6	-1.0802789898989893
ADGRL1	0.07570282828282915
ADGRL2	-0.35761222222222244
ADGRL3	-0.08119595959596015
ADGRL4	0.3196065656565654
ADGRV1	-0.00788454545454531
ADH1A	-2.1780308080808073
ADH1B	-2.618885707070703
ADH1C	-3.52221691919192
ADH5	-0.1972984343434323
ADH6	-2.0405928787878764
ADH7	-0.0446502020202022
ADHFE1	-0.1641581818181823
ADI1	-1.034740404040404
ADIPOQ	-0.12153585858585902
ADIPOR1	0.5217438383838369
ADIPOR2	-0.49555020202020117
ADIRF	-1.723466363636363
ADK	-0.9210292929292931
ADM	0.2905406060606053
ADM2	-0.19028373737373716
ADNP	0.6256761616161626
ADNP2	0.38260959595959676
ADO	0.27099848484848454
ADORA1	-0.08305505050505024
ADORA2A	0.042425050505050965
ADORA2B	0.11151363636363598
ADORA3	-0.005470404040404553
ADPGK	0.08668030303030339
ADPRH	-0.12331949494949468
ADPRM	0.03862535353535268
ADRA1A	-0.760430631313131
ADRA1B	-0.24188202020202088
ADRA1D	-0.11118378787878713
ADRA2A	-0.15966141414141388
ADRA2B	-0.18734949494949493
ADRA2C	-0.10855393939394009
ADRB1	-0.07848131313131423
ADRB2	-0.4694408080808081
ADRB3	-0.17672898989899055
ADRM1	0.3601614141414142
ADSL	1.1417606060606067
ADSS	1.0038162626262626
ADTRP	-0.19059939393939462
AEBP1	-0.9593928282828275
AEN	-0.01877565656565583
AES	-0.266312525252526
AFAP1	0.12645858585858605
AFDN	-0.12690680134680132
AFDN-AS1	0.2712796969696969
AFF1	-0.2686628956228967
AFF2	-0.10529454545454531
AFF3	-0.04424393939393978
AFF4	-0.045276666666665744
AFG3L2	0.07357717171717226
AFM	-2.9110411111111123
AFP	2.6212413131313124
AFTPH	0.20187989898989755
AGA	0.2835552861952877
AGAP1	0.7574966666666674
AGAP13P	-0.2215098989898978
AGAP2	-0.10795136363636404
AGAP5	-0.2105885858585852
AGBL2	-0.20615090909090839
AGBL5	0.211681111111111
AGER	-0.12463611111111161
AGFG1	0.5027038383838374
AGFG2	0.020000101010102078
AGGF1	0.3189491919191916
AGK	0.4286582323232322
AGL	-1.3432220202020213
AGMAT	0.04601666666666615
AGO1	0.26084020202020053
AGO2	1.1479681818181806
AGO3	-0.11665686868686898
AGO4	-0.14788707070707074
AGPAT1	0.654882121212121
AGPAT2	-0.6412380808080815
AGPAT3	-0.1514572727272725
AGPAT4	0.14896525252525183
AGPAT5	0.31944242424242475
AGPS	0.7146486868686877
AGR2	0.9159083838383837
AGRN	0.06559027777777882
AGRP	-0.06617202020201951
AGT	0.10890777777777494
AGTPBP1	0.1343002525252528
AGTR1	-0.8836732323232344
AGTR2	-0.050035892255892556
AGXT	-1.501239663299664
AHCTF1	0.712800202020202
AHCY	0.16900505050504933
AHCYL1	-0.02262406565656505
AHCYL2	-0.05482737373737301
AHDC1	-0.3194416161616158
AHI1	-0.2705016161616163
AHNAK	0.03658808080808118
AHNAK2	0.2844742424242419
AHR	-0.0709245454545453
AHSA1	0.7912126262626265
AHSG	-0.70459757575758
AHSP	-0.1933008080808083
AICDA	-0.03525696969696934
AIDA	1.0983217171717152
AIF1	-0.32671896464646544
AIFM1	-0.1865496969696947
AIM1	-1.1576098989898984
AIM1L	0.06642606060606004
AIM2	-0.1778328282828281
AIMP1	0.5420683838383837
AIMP2	0.5488505050505053
AIP	0.06073090909090961
AIPL1	-0.11952323232323225
AIRE	-0.0757113131313134
AJAP1	-0.07926482323232342
AK1	-0.05051439393939372
AK2	-0.18242580808080966
AK4	-0.44365444444444435
AK4P3	-0.3140534343434336
AK5	-0.03743575757575757
AKAP1	0.00361330808080762
AKAP10	-0.05640474747474755
AKAP11	-0.12464257575757554
AKAP12	0.5158210101010106
AKAP13	-0.3212467388167388
AKAP17A	-0.19970348484848532
AKAP3	-0.1567181818181811
AKAP4	-0.18335515151515214
AKAP5	-0.19475404040403976
AKAP6	-0.11258994949494872
AKAP7	-0.2476195959595957
AKAP8	0.22092580808080697
AKAP8L	-0.12783404040403923
AKAP9	-0.4470298989898991
AKIP1	0.3354508080808074
AKIRIN1	-0.17206545454545452
AKIRIN2	-0.07165747474747475
AKIRIN2-AS1	-0.15013222222222256
AKR1A1	-0.2758805050505053
AKR1B1	0.2803122222222205
AKR1B10	3.6601641414141373
AKR1C1	0.10030060606060331
AKR1C2	-0.022348922558920847
AKR1C3	1.776915656565654
AKR1C4	-1.3798418181818164
AKR1D1	-3.4091037373737354
AKR7A2	0.10451010101010283
AKR7A3	-2.294489595959597
AKT1	-0.3770887878787894
AKT2	-0.10714286195286205
AKT3	-0.10826949494949467
AKTIP	-0.25982313131313095
ALAD	-0.5933844444444434
ALAS1	-1.4231919191919182
ALAS2	-0.09803363636363649
ALB	-0.981901380471383
ALCAM	0.5055880303030289
ALDH18A1	0.9772591919191926
ALDH1A1	-0.2880058585858585
ALDH1A2	0.009525202020201906
ALDH1A3	0.03952703703703797
ALDH1B1	-1.11092595959596
ALDH1L1	-1.2245564141414143
ALDH2	-1.4977336363636375
ALDH3A1	0.33539939393939466
ALDH3A2	-0.5671267676767684
ALDH3B1	-0.009976464646465288
ALDH3B2	-0.027060101010100812
ALDH4A1	-0.9000204545454551
ALDH5A1	-0.8406714646464639
ALDH6A1	-1.743753393939393
ALDH7A1	-0.4667771380471377
ALDH8A1	-2.2718014141414127
ALDH9A1	-0.609040000000002
ALDOA	1.0709133838383842
ALDOAP2	-0.20686717171717106
ALDOB	-1.610187525252524
ALDOC	0.3086215151515175
ALG12	0.3604954545454566
ALG13	-0.13093643939393917
ALG1L2	-0.18676727272727334
ALG3	0.6831281818181818
ALG5	0.1674095959595956
ALG6	0.877220505050504
ALG8	0.28423237373737287
ALG9	0.45814373737373604
ALK	-0.0935902525252521
ALKBH1	0.12494383838383971
ALKBH4	0.12345757575757554
ALLC	-0.7786514141414136
ALMS1	0.32860952861952875
ALOX12	-0.05538282828282792
ALOX12B	-0.06939858585858616
ALOX12P2	-0.23317353535353558
ALOX15	-0.08672303030302997
ALOX15B	-0.02614808080808162
ALOX5	-0.11739656565656498
ALOX5AP	-0.19653717171717133
ALOXE3	-0.09811398989899
ALPI	-0.05334479797979741
ALPK1	-0.2082371717171716
ALPK3	0.5467923232323235
ALPL	-0.8031970707070704
ALPP	-0.12900828282828325
ALPPL2	-0.10443447811447726
ALS2CL	-0.05000121212121389
ALS2CR11	-0.10268767676767654
ALX1	-0.03536343434343525
ALX3	-0.12899080808080843
ALX4	-0.13163666666666662
AMACR	-0.5651817575757567
AMBN	-0.030575959595959823
AMBP	-0.45125631313131365
AMBRA1	0.15782075757575775
AMD1	0.6635047474747466
AMDHD2	0.12555727272727246
AMELX	-0.10471707070707037
AMELY	-0.1302081818181815
AMFR	-0.5693792424242421
AMH	0.022028585858585803
AMHR2	-0.1688265656565653
AMIGO2	-0.05906171717171649
AMMECR1	0.7986326262626262
AMN	-0.18708474747474746
AMOT	-0.18205181818181781
AMOTL2	-0.8240321212121202
AMPD1	-0.2268867676767674
AMPD2	-0.10898767676767829
AMPD3	0.13639050505050587
AMPH	-0.13926595959596
AMT	-0.8130675757575769
AMZ2	0.4911342424242422
ANAPC1	0.5178511111111108
ANAPC10	0.17538979797979692
ANAPC13	0.012495353535350695
ANAPC15	0.17407494949495028
ANAPC2	0.04265525252525215
ANAPC5	0.3791298484848493
ANGEL1	0.11495358585858462
ANGEL2	0.457082828282827
ANGPT1	0.2007238888888887
ANGPT2	0.07837611111111054
ANGPT4	-0.08772040404040427
ANGPTL2	-0.1699267003367
ANGPTL3	-1.249886060606059
ANGPTL4	-1.2356520202020222
ANGPTL7	-0.0726616161616156
ANGPTL8	-0.5237575757575756
ANK1	-0.0695355723905724
ANK2	-0.0817182491582491
ANK3	-0.9431630050505042
ANKDD1A	-0.19199212121212028
ANKEF1	0.041495353535353274
ANKFY1	-0.10787181818181768
ANKH	0.05408060606060605
ANKHD1	0.09989505050505088
ANKHD1-EIF4EBP3	0.14485962962962962
ANKLE2	0.36640855218855206
ANKMY1	-0.025622777777778438
ANKMY2	0.31716838383838386
ANKRA2	0.21108656565656414
ANKRD1	0.06982909090909084
ANKRD10	-0.12365772727272617
ANKRD11	-0.16650797979797982
ANKRD12	0.03847204545454641
ANKRD17	0.12311656565656559
ANKRD2	-0.08337202020201984
ANKRD26	0.05483424242424251
ANKRD27	0.9769924242424235
ANKRD28	0.31479242424242493
ANKRD34C	-0.0014567676767676119
ANKRD36B	0.008964393939393744
ANKRD36BP2	-0.026829595959595665
ANKRD40	0.3456377777777777
ANKRD46	-0.265821212121212
ANKRD49	0.4355515151515137
ANKRD53	-0.1564018181818181
ANKRD55	-0.5842373737373738
ANKRD6	0.1937109090909095
ANKRD7	-0.00040909090909124757
ANKS1A	-0.5256553535353534
ANKS1B	-0.0270915151515152
ANKZF1	0.11767444444444486
ANO1	-1.6051201010101002
ANO10	0.6313539393939376
ANO2	-0.06833898989899012
ANO3	-0.05476373737373752
ANOS1	-0.12753313131313204
ANP32A	0.5568719191919191
ANP32A-IT1	0.14241555555555596
ANP32AP1	-0.09952727272727291
ANP32B	0.3558259595959612
ANP32C	-0.13366535353535314
ANP32E	1.1398551515151514
ANPEP	-0.8262388888888861
ANTXR1	-0.057954579124579464
ANXA1	0.18659959595959563
ANXA10	-2.4862968686868694
ANXA11	0.4172574242424245
ANXA13	-0.04638151515151634
ANXA2	1.8022706734006757
ANXA2P1	0.08720787878787872
ANXA2P2	1.3919988888888906
ANXA2P3	0.10637666666666679
ANXA3	-0.39023878787878674
ANXA4	-0.1655126262626272
ANXA5	0.5194255555555536
ANXA6	-0.602670303030302
ANXA7	0.15683040404040405
ANXA8L1	-0.6813777777777785
ANXA9	0.4776869191919202
AOAH	-0.30968868686868767
AOC1	-0.08774626262626262
AOC2	-0.07759454545454547
AOC3	-0.5682317171717184
AOC4P	-0.30176020202020126
AOX1	-1.877464898989901
AP1AR	-0.19393636363636357
AP1B1	0.08766838383838493
AP1G1	-0.21840141414141545
AP1G2	-0.006111212121211906
AP1M2	0.32546671717171716
AP1S1	0.11005198653198711
AP1S2	-0.04921101010100948
AP2A2	0.030445227272727138
AP2B1	0.3672461616161611
AP2M1	0.5267745454545443
AP2S1	0.08484831649831648
AP3B1	0.5518566161616167
AP3B2	-0.04072888888888926
AP3D1	0.3600260942760931
AP3M2	0.6433407070707071
AP3S1	0.3059551010101016
AP3S2	-0.1267174747474744
AP4E1	-0.04244333333333339
AP4M1	0.12840212121212158
AP4S1	-0.09244313131313131
AP5M1	0.018459191919191653
AP5S1	0.09545121212121277
AP5Z1	0.19692464646464636
APAF1	0.10234993265993308
APBA1	-0.1598872727272731
APBA2	-0.09646267676767728
APBA3	0.18209202020201865
APBB1	-0.05410737373737273
APBB1IP	-0.2638183838383843
APBB2	-0.10077545454545422
APBB3	-0.06650979797979772
APC	0.11841834343434332
APC2	-0.1640873737373738
APCS	-1.458977878787877
APEH	0.05808767676767701
APEX1	0.5394614141414138
APEX2	0.29729505050505
APH1A	0.5505030303030294
APH1B	0.04824373737373744
API5	0.08812209595959697
APIP	0.798524242424242
APITD1	0.5490656565656566
APLNR	-0.48264818181818114
APLP1	0.06108696969696892
APLP2	0.023536796536796523
APMAP	-0.08296636363636267
APOA1	-1.3117729292929283
APOA2	-0.0008709090909082562
APOA4	-0.12051141414141409
APOB	-0.25432939393939513
APOBEC1	-0.0505372727272726
APOBEC2	-0.15525131313131268
APOBEC3A	-0.04466323232323255
APOBEC3B	0.7936049494949495
APOBEC3C	-0.19171484848484788
APOBEC3F	-0.0692933838383829
APOBEC3G	-0.13034636363636398
APOBR	-0.05242909090909187
APOC1	-0.4919879797979796
APOC2	-0.19900242424242087
APOC3	-1.0313462626262613
APOC4	-2.076015555555557
APOD	-0.22307474747474743
APOE	-0.19231878787878465
APOF	-3.5383683838383835
APOH	-0.4227786868686838
APOL1	-0.8532242424242433
APOL2	-0.15017858585858512
APOL3	-0.342370606060606
APOL5	-0.029565757575756635
APOL6	-0.5420017171717175
APOLD1	0.943574343434344
APOM	-0.6158556060606077
APOOL	0.19658535353535278
APP	-0.20363754208754248
APPBP2	0.15918805555555782
APPL1	0.4909462626262622
APPL2	0.40882919191919154
APRT	0.1325898989898997
APTX	0.19000555555555554
AQP1	-0.7458230808080817
AQP2	-0.1299192929292925
AQP3	-0.7983547138047138
AQP4	-0.04786239898989919
AQP5	-0.1296890909090913
AQP6	-0.09869277777777796
AQP7	-0.7747720202020218
AQP8	0.08171272727272783
AQP9	-2.1680945454545455
AQR	0.3795800505050506
AR	-1.4691721717171715
ARAF	-0.2785552525252504
ARAP1	-0.17016767676767763
ARAP2	-0.07207030303030404
ARAP3	-0.07377858585858554
ARC	-0.16868626262626263
ARCN1	0.2649028282828283
AREG	-0.06898237373737404
AREL1	0.44507686868686847
ARF1	0.7731797474747495
ARF3	0.2261237037037036
ARF4	0.7020668686868703
ARF5	0.21399242424242537
ARF6	0.3226859932659938
ARFGAP1	0.190733737373737
ARFGAP2	-0.041921414141414814
ARFGAP3	0.7058872727272734
ARFGEF1	0.5124202356902359
ARFGEF2	0.17038161616161585
ARFIP1	0.05597661616161531
ARFIP2	0.39262989898990064
ARFRP1	-0.009656919191919577
ARG1	-1.3560178787878794
ARG2	0.3081673737373736
ARGLU1	0.09208686868686833
ARHGAP1	-0.05393060606060551
ARHGAP10	-0.44331353535353557
ARHGAP11A	0.07646414141414137
ARHGAP12	0.6349983838383846
ARHGAP15	-0.602535151515152
ARHGAP17	0.19698909090908856
ARHGAP19	0.3345445959595965
ARHGAP22	-0.07082797979797961
ARHGAP24	-0.10343909090909076
ARHGAP25	-0.447824595959597
ARHGAP26	0.02062195286195223
ARHGAP28	-0.14277707070707102
ARHGAP29	-0.039250656565655184
ARHGAP32	-0.3121921212121199
ARHGAP33	-0.021133383838383146
ARHGAP35	-0.09859424242424186
ARHGAP4	0.029759191919191963
ARHGAP44	-0.02662358585858593
ARHGAP45	-0.11293383838383964
ARHGAP5	0.34214868686868716
ARHGAP6	-0.0268035353535363
ARHGDIA	0.0724635016835018
ARHGDIB	-0.2701416161616148
ARHGDIG	-0.04104656565656617
ARHGEF1	-0.163536868686867
ARHGEF10	-0.11419515151515114
ARHGEF10L	-0.444358181818183
ARHGEF11	0.47683459595959565
ARHGEF12	-0.04546040404040497
ARHGEF15	-0.09327111111111153
ARHGEF16	-0.05764727272727299
ARHGEF17	-0.30681181818181713
ARHGEF18	0.3834366666666673
ARHGEF2	0.23204065656565565
ARHGEF26	-0.5952368686868694
ARHGEF28	0.22430232323232424
ARHGEF3	0.7876945454545448
ARHGEF38	-0.11964646464646478
ARHGEF4	-0.05569360269360235
ARHGEF40	-0.022546515151517177
ARHGEF5	0.28321757575757545
ARHGEF6	-0.38728808080808097
ARHGEF7	0.015558383838383705
ARHGEF9	0.08432914141414116
ARID1A	0.11006161616161592
ARID3A	0.8635090909090914
ARID3B	-0.11846333333333092
ARID4A	-0.3930843434343432
ARID4B	0.8991719191919199
ARID5A	-0.1435206060606058
ARID5B	0.6101252525252523
ARIH1	0.2537987373737378
ARIH2	0.2620381313131315
ARL1	0.6001406060606058
ARL14	0.09968797979798083
ARL15	0.17855878787878732
ARL17A	0.08095474747474762
ARL2	0.45239151515151566
ARL2BP	0.104839747474748
ARL3	0.2003228787878779
ARL4A	0.5347714141414137
ARL4C	-0.17776669191919048
ARL4D	0.011224292929292723
ARL5A	0.21646121212121106
ARL6IP1	-0.3678826262626238
ARL6IP4	-0.05336621212121262
ARL6IP5	0.01550934343434296
ARL8B	0.6737797979797975
ARMC1	1.1893354545454544
ARMC4	-0.11104434343434333
ARMC6	-0.7007736363636363
ARMC7	-0.13405383838383855
ARMC8	0.31382760942760957
ARMC9	-0.025240639730639725
ARMCX1	-0.019804646464646858
ARMCX2	-0.21886898989898906
ARMCX3	-0.4990721212121221
ARMCX5	0.3961344444444439
ARMCX6	-0.39249161616161565
ARMT1	0.28235101010101005
ARNT	0.17443212121211982
ARNT2	0.10698737373737366
ARNTL	0.07786323232323245
ARNTL2	0.441386464646464
ARPC1A	0.4683554545454536
ARPC1B	-0.013020656565656097
ARPC2	0.6712410437710439
ARPC3	0.8397036363636357
ARPC4	0.2488469696969684
ARPC5	0.9559627272727269
ARPC5L	0.3325271717171727
ARPIN	0.049740101010100624
ARPP19	0.5781427272727271
ARPP21	-0.12016434343434312
ARR3	-0.06932363636363625
ARRB1	0.03239820707070695
ARRB2	-0.03727616161616165
ARSA	-0.05021707070707038
ARSB	0.046681111111111395
ARSD	-0.1896611111111115
ARSE	-0.7915345454545459
ARSF	-0.23662747474747547
ARSJ	-0.02526141414141403
ART1	-0.157875757575757
ART3	-0.014467777777777968
ART4	-0.7698100000000005
ARTN	-0.06043781144781146
ARVCF	-0.2576137037037043
ASAH1	0.21065959595959782
ASAP1	0.2672786195286201
ASAP1-IT1	0.11283727272727262
ASAP2	0.7157974747474745
ASAP3	0.1665232323232324
ASB1	0.01680616161616122
ASB13	-0.7689895959595949
ASB4	-0.0663796632996636
ASB6	0.17809202020201997
ASB7	-0.08290060606060567
ASB8	-0.13804626262626218
ASB9	-0.125464747474747
ASCC1	0.23392444444444482
ASCC2	-0.024615656565657673
ASCC3	0.9405393939393942
ASCL1	-0.10500860606060547
ASCL2	0.008789595959596053
ASCL3	-0.1582466666666673
ASF1A	0.5370039393939399
ASF1B	0.5406689898989905
ASGR1	-1.020421212121212
ASGR2	-0.9468868686868692
ASH1L	-0.1383911111111109
ASH2L	-0.18237111111111037
ASIC1	0.04064424242424236
ASIC2	-0.1599557575757582
ASIC3	0.05149545454545468
ASIC4	-0.06853707070707005
ASIP	-0.07865898989898934
ASL	-1.2960728282828278
ASMT	-0.023683080808080792
ASMTL	-0.492081447811449
ASMTL-AS1	-0.10461808080808055
ASNA1	0.6659482828282828
ASNS	1.3079234343434343
ASNSD1	0.4631050505050496
ASPA	-1.7628216161616166
ASPH	0.7524407070707069
ASPHD1	0.06324878787878818
ASPM	3.039657474747474
ASPN	-1.5192707070707083
ASPSCR1	0.05305808080808028
ASRGL1	0.9868857575757568
ASS1	-1.940677474747476
ASTE1	-0.11278232323232285
ASTN1	-0.12705151515151547
ASTN2	0.02196087542087488
ASUN	0.5490299999999992
ASXL1	0.2798609764309763
ASXL2	0.4633207070707064
ATAD2	1.6984746464646454
ATAD2B	0.3888595959595964
ATAD3A	0.006511313131313479
ATAD5	0.059414040404040414
ATAT1	0.1805449494949496
ATF1	0.5924303030303024
ATF2	0.5648498484848483
ATF3	-0.869753939393938
ATF4	0.16828272727272697
ATF5	-1.0048689225589227
ATF6	0.23258373737373805
ATF6B	-0.052241767676767026
ATF7	-0.09764999999999979
ATF7IP	-0.11156482323232364
ATF7IP2	-0.4792086868686871
ATG10	-0.014111919191919675
ATG101	0.3884093939393951
ATG12	0.22805585858585786
ATG13	0.20818316498316491
ATG14	0.25902575757575885
ATG16L1	-0.17717141414141402
ATG2A	-0.635774949494949
ATG2B	0.13260323232323135
ATG3	0.35084050505050524
ATG4A	0.10357343434343491
ATG4B	0.20045636363636543
ATG5	0.15318545454545518
ATG7	0.3318895959595958
ATG9A	-0.04680474747474861
ATIC	1.1136898989898976
ATL2	-0.16072803030303007
ATM	-0.010477424242425926
ATMIN	-0.44740585858585824
ATN1	-0.0027628282828278117
ATOH1	-0.17046151515151564
ATOX1	0.4280536363636376
ATP10A	-0.10158949494949532
ATP10B	-0.14793015151515165
ATP10D	0.32762858585858634
ATP11A	0.09689094276094323
ATP11B	0.4140451515151513
ATP12A	-0.1604887878787884
ATP13A1	0.5363058585858598
ATP13A2	0.1101794949494943
ATP13A3	-0.028978131313133204
ATP1A1	0.8389589898989902
ATP1A2	-0.03721661616161587
ATP1A3	-0.1266855555555555
ATP1B1	0.5159650505050504
ATP1B2	-0.28965939393939344
ATP1B3	1.2353803030303032
ATP1B4	-0.07438727272727297
ATP2A1	-0.04132141414141488
ATP2A2	0.4707014814814823
ATP2A3	-0.14883181818181912
ATP2B1	0.6366626936026929
ATP2B2	0.1748776430976413
ATP2B3	-0.08862111111111082
ATP2B4	0.31725966329966315
ATP2C1	0.45027962121212095
ATP2C2	-0.05623611111111115
ATP4A	-0.08574494949494937
ATP4B	-0.1563847474747475
ATP5A1	0.18824939393939388
ATP5B	0.3460475757575736
ATP5C1	0.3347423484848484
ATP5D	-0.2097948484848473
ATP5E	0.44034797979798235
ATP5F1	0.3702588888888876
ATP5G1	0.6315446464646461
ATP5G2	0.24324343434343465
ATP5G2P1	-0.004105555555554918
ATP5G3	0.25680595959596175
ATP5H	0.41625353535353504
ATP5I	0.09089272727272579
ATP5J	-0.11907989898990046
ATP5J2	0.71860414141414
ATP5L	0.31908944444444387
ATP5O	0.09649358585858536
ATP5S	0.07794343434343354
ATP5SL	0.3170600505050505
ATP6AP1	0.8936311111111106
ATP6AP2	0.32861659932660015
ATP6V0A1	0.1893287373737378
ATP6V0A2	0.031313131313131404
ATP6V0A4	-0.03325242424242525
ATP6V0B	0.5320830303030295
ATP6V0C	0.12899015151515236
ATP6V0D1	0.24128686868686788
ATP6V0E1	0.3101340067340068
ATP6V0E2	-0.3471922222222217
ATP6V1A	0.3905907070707073
ATP6V1B1	-0.057654646464646575
ATP6V1B2	0.10305767676767719
ATP6V1C1	0.9202562626262614
ATP6V1D	0.31241787878787974
ATP6V1E1	0.8127768686868686
ATP6V1F	0.7226746464646459
ATP6V1G1	0.2374658585858569
ATP6V1G2	-0.04955313131313144
ATP6V1H	0.8020427272727275
ATP7A	0.06178797979798034
ATP7B	-0.3739268686868691
ATP8A1	-0.004044090909090858
ATP8A2	-0.09935803030303036
ATP8B1	-0.24496828282828265
ATP8B2	0.07019585858585753
ATP8B3	-0.05876626262626283
ATP8B4	-0.2149939393939393
ATP9A	0.29402010101010045
ATP9B	0.23577818181818255
ATPAF2	-0.008853838383839019
ATPIF1	-0.18852979797979863
ATR	0.9650293939393944
ATRAID	0.5499077777777783
ATRN	0.47311585858585925
ATRNL1	-0.027719898989899683
ATRX	-0.14047015151515163
ATXN1	-0.0479124747474744
ATXN10	0.41205222222222293
ATXN2	0.20997626262626312
ATXN2L	-0.03845075757575778
ATXN3	0.02421916666666757
ATXN3L	-0.06633282828282772
ATXN7	-0.31981151515151396
ATXN7L1	-0.06758045454545458
ATXN7L3B	0.20398762626262634
ATXN8OS	-0.16501141414141474
AUH	-0.12113727272727193
AUNIP	0.08831202020201889
AUP1	0.2771328282828289
AURKA	1.301438181818182
AURKB	0.6051807070707071
AURKC	-0.09728555555555518
AUTS2	-0.6607792424242414
AVEN	0.09874282828282777
AVIL	-0.3136314646464644
AVL9	0.46133585858585935
AVP	-0.003925454545455231
AVPI1	-0.9316650505050506
AVPR1A	-0.10867612794612791
AVPR1B	-0.10136333333333258
AVPR2	-0.04360131313131266
AXIN1	0.04438636363636217
AXL	-0.6071497474747476
AZGP1	-1.8116924242424215
AZGP1P1	-1.3148248989898983
AZI2	0.11124616161616263
AZIN1	0.8339331986531988
AZU1	-0.06383525252525235
B2M	-0.09857934343434138
B3GALNT1	0.15666308080808067
B3GALT1	-0.07438202020202
B3GALT2	0.04862419191919232
B3GALT4	-0.022894040404040972
B3GALT5	-0.03267949494949507
B3GAT1	-0.7078356565656567
B3GAT3	0.20352383838383847
B3GNT2	0.104290202020203
B3GNT3	0.0901421212121214
B3GNT4	-0.1741353535353536
B3GNTL1	0.06701702020202038
B4GALNT1	0.056250909090908685
B4GALT1	-0.14362050505050394
B4GALT2	-0.02365363636363682
B4GALT3	0.9719208080808093
B4GALT4	0.255087020202021
B4GALT5	0.6096600505050516
B4GALT6	0.09672946127946114
B4GALT7	0.27012282828282785
B4GAT1	0.30090858585858626
B9D1	0.1506743097643093
B9D2	-0.11303464646464612
BAALC	-0.09780646464646381
BAAT	-1.2925787878787869
BABAM1	0.46576999999999913
BACE1	-0.5274608080808063
BACE2	0.2656366666666665
BACH1	0.21642469696969613
BACH2	-0.16416116161616223
BAD	0.18070252525252606
BAG1	-0.06529277777777853
BAG2	1.2295116161616173
BAG3	0.6482870707070703
BAG4	0.005000909090909111
BAG5	0.2699753030303036
BAG6	0.3919704377104374
BAGE	0.146519090909091
BAHCC1	0.0293297979797984
BAHD1	-0.012789494949496216
BAIAP2	-0.3163498737373738
BAIAP2L2	0.10364696969697018
BAIAP3	-0.1673951515151515
BAK1	0.2259355555555551
BAMBI	0.4044297979797973
BANF1	0.6778255555555575
BANK1	-0.026032727272727207
BAP1	0.24691545454545327
BARD1	0.9185179797979801
BARX1	-0.11764404040403997
BARX2	-0.09017474747474763
BASP1	-0.7697021212121209
BATF	-0.03677868686868635
BATF3	-0.1527153535353536
BAX	0.34265459595959635
BAZ1A	0.4888524242424248
BAZ1B	0.14301538720538698
BAZ2A	-0.00907962121212158
BAZ2B	-0.2760537373737373
BBC3	-0.16727575757575508
BBIP1	0.07175707070707027
BBOF1	0.1292939393939383
BBOX1	-2.4760393939393923
BBS1	-0.1921486868686868
BBS10	0.4185383838383836
BBS4	0.18277242424242424
BBS7	0.08341666666666603
BBS9	0.06395815656565684
BBX	0.38620540404040504
BCAM	0.3609794444444452
BCAN	-0.08781164983164969
BCAP29	0.013413070707070762
BCAP31	0.8149967676767673
BCAR3	0.05879090909090934
BCAS1	0.17549303030303065
BCAS2	0.44747666666666763
BCAS3	-0.008788989898990351
BCAS4	0.07795353535353522
BCAT1	-0.008155303030302541
BCAT2	0.24855257575757594
BCCIP	0.20070424242424245
BCHE	-2.8718016161616164
BCKDHA	-0.65667393939394
BCKDHB	-1.1663080808080801
BCKDK	-0.4546301010101015
BCL10	0.4540535353535349
BCL11A	0.04555986531986589
BCL11B	-0.19416540404040372
BCL2	-0.10466919191919155
BCL2A1	0.23354040404040388
BCL2L1	0.06799484848484827
BCL2L10	-0.09559686868686867
BCL2L11	-0.0057265151515157875
BCL2L13	0.05925494949494858
BCL2L14	0.10152929292929302
BCL2L2	0.06532666666666653
BCL3	-0.2739425252525258
BCL6	-0.06685262626262656
BCL7A	0.2131719191919199
BCL7B	0.25939020202020213
BCL7C	0.17991373737373806
BCL9	0.12803318181818213
BCLAF1	0.22923156565656466
BCO1	-0.011188484848485114
BCO2	0.02715146464646523
BCOR	0.7051246464646463
BCORL1	0.08748898989899079
BCR	0.42595131313131507
BCS1L	0.19678505050505102
BDH1	-1.5111790909090894
BDH2	-2.0047838383838394
BDKRB1	-0.05077373737373714
BDKRB2	-0.0018087878787884648
BDNF	-0.04482141414141383
BEAN1	-0.009304141414141487
BECN1	0.514587070707071
BEGAIN	-0.06393787878787949
BEND5	-0.14267676767676774
BEST1	-0.06935444444444405
BEST2	-0.02127191919191862
BET1	0.41427373737373774
BET1L	-0.03427606060606081
BEX1	0.4368818181818179
BEX3	0.6393481818181819
BEX4	0.4119567676767679
BFAR	0.3015884848484838
BFSP1	0.10915212121212159
BFSP2	-0.0541520202020207
BGLAP	0.29797101010100935
BGN	-1.210787121212121
BHLHB9	0.1997905050505051
BHLHE40	-0.422591818181818
BHLHE41	0.1533568686868687
BHMT	-2.4282081818181815
BHMT2	-1.012145151515151
BICC1	0.4044095959595966
BICD1	0.09360459595959636
BICD2	0.2639588552188554
BICDL1	-0.038828787878787185
BID	0.6087321717171719
BIK	0.20237626262626218
BIN1	0.2838998383838387
BIN2	-0.44426858585858575
BIN3	-0.01559989898989933
BIN3-IT1	-0.07487777777777804
BIRC2	0.18641777777778046
BIRC3	0.870965656565656
BIRC5	0.902802087542089
BIRC7	-0.09498222222222186
BLCAP	-0.4333623232323234
BLK	-0.13669757575757613
BLM	0.7807479797979795
BLMH	0.4489587878787873
BLNK	-0.6353175757575746
BLOC1S1	0.051904141414141236
BLVRA	0.6043116414141405
BLVRB	-0.6073229292929305
BLZF1	0.407410976430977
BMI1	0.7411924242424242
BMP1	-0.30838007575757675
BMP10	-0.10943202020202092
BMP15	-0.11659191919191825
BMP2	0.7056790404040418
BMP2K	-0.07916436868686816
BMP3	-0.11719020202020136
BMP4	0.30692707070707037
BMP5	-0.20525717171717206
BMP6	-0.12844474747474743
BMP7	-0.1341203787878782
BMP8A	-0.11375929292929232
BMP8B	-0.0972411616161617
BMPER	-0.21984343434343412
BMPR1A	0.5153103535353543
BMPR1B	-0.09306232323232289
BMPR2	0.05437550505050481
BMS1	0.3536346464646467
BMS1P20	-0.22079107744107773
BMX	-0.11689762626262601
BNC1	-0.13199060606060664
BNC2	-0.10956373737373726
BNIP1	0.05206767676767665
BNIP2	-0.05716787878788043
BNIP3	-0.27589515151515087
BNIP3L	-0.20739691919191916
BOK	-0.0498883838383839
BOLA1	0.5930339393939388
BOLA2B	1.415367474747475
BOP1	0.7401713636363647
BORA	0.5408040404040402
BORCS6	-0.08389742424242419
BORCS8-MEF2B	-0.09367141414141411
BPESC1	-0.04088787878787814
BPGM	0.7730498989898988
BPHL	-0.5014277777777769
BPI	-0.0633304040404048
BPIFA1	-0.07261484848484878
BPNT1	-0.01731171717171831
BPTF	0.21515929292929314
BPY2C	-0.08189434343434376
BRAF	0.12795353535353549
BRAP	0.18105410101010122
BRCA1	0.3122985353535359
BRCA2	0.1382669191919197
BRCC3	0.21164070707070604
BRD1	-0.021946313131312678
BRD2	-0.15302962962962852
BRD3	0.2839780808080805
BRD4	-0.007403080808081164
BRD7	0.5235300000000009
BRD7P3	-0.0870678787878787
BRD8	0.16061797979798076
BRD9	0.3393251515151521
BRDT	-0.03902848484848498
BRE	0.24145491582491463
BRF1	-0.07519114478114464
BRF2	0.22784181818181803
BRINP1	-0.07910013468013499
BRINP2	-0.09896343434343402
BRINP3	0.01775444444444485
BRIP1	0.12750434343434414
BRIX1	0.5644681818181816
BRMS1	0.49462202020202284
BRPF1	0.10769171717171755
BRSK2	-0.06583414141414146
BRWD1	0.06756237373737317
BSDC1	-0.5266308080808084
BSG	0.8102388888888878
BSN	-0.0170614141414136
BSPRY	0.05116525252525328
BST1	-0.022311818181818488
BST2	-0.7459810101010111
BTAF1	0.38068090909090824
BTBD1	0.3922985858585859
BTBD18	-0.12293414141414072
BTBD2	0.08768171717171658
BTBD3	1.0593098989899001
BTBD7	-0.09876393939393946
BTBD9	-0.18793707070706933
BTC	-0.012977777777778421
BTD	-0.15526348484848462
BTF3	0.29522853535353555
BTF3P11	-0.14950323232323237
BTG1	-0.1446629797979817
BTG2	-0.127413282828285
BTG3	0.9645718518518516
BTG4	-0.08444878787878718
BTK	-0.2090989898989899
BTN1A1	-0.06831646464646557
BTN2A1	0.31204946127946176
BTN2A2	0.23604363636363557
BTN2A3P	-0.13398333333333268
BTN3A1	-0.13105621212121132
BTN3A2	-0.2554363973063971
BTN3A3	-0.14660272727272794
BTNL2	-0.04099848484848456
BTNL3	-0.12400090909090933
BTNL8	0.2496840404040399
BTRC	0.38231567676767675
BUB1	0.22557179797979732
BUB1B	1.7351766666666664
BUB3	0.9449475000000005
BUD31	0.36257949494949404
BYSL	0.6054763636363631
BZW1P2	0.00019747474747511262
BZW2	0.9806741414141413
C10orf10	0.31209752525252554
C10orf12	-0.04874747474747432
C10orf2	0.48892020202020214
C10orf76	0.17410868686868675
C10orf88	0.4860108080808079
C10orf95	0.04874575757575794
C11orf1	-0.02370909090909068
C11orf16	-0.23577979797979776
C11orf21	-0.19087484848484815
C11orf24	-0.6009893434343425
C11orf49	0.0899107070707057
C11orf57	0.6244490909090921
C11orf58	0.5295384343434355
C11orf63	-0.08763242424242446
C11orf68	0.19912939393939322
C11orf71	-0.7084301010101015
C11orf80	0.14438939393939387
C11orf95	-0.12584565656565783
C12orf10	0.44044838383838325
C12orf29	0.024050505050505322
C12orf4	0.4003109090909094
C12orf43	0.303967878787879
C12orf49	0.37724313131313103
C14orf1	0.17379383838383688
C14orf105	-0.7649339393939396
C14orf113	-0.11020212121212047
C14orf132	-0.04488919191919205
C14orf159	-0.8555665656565647
C14orf166	0.6089798989898991
C14orf169	0.553758585858585
C14orf2	0.19419853535353404
C14orf56	-0.057708383838383615
C14orf79	-0.12732727272727296
C14orf93	-0.03142070707070754
C14orf99	-0.25439767676767744
C15orf31	-0.08706060606060584
C15orf39	0.06971303030303044
C15orf49	-0.08362353535353506
C16orf45	-0.4372102020202018
C16orf58	-0.20734545454545295
C16orf59	0.01748424242424207
C16orf62	-0.3205992929292929
C16orf70	-0.1622919191919192
C16orf71	-0.06432333333333329
C16orf72	-0.07085924242424246
C17orf53	-0.13256525252525408
C17orf62	0.6024614141414144
C17orf75	0.7188108080808084
C17orf80	0.015308686868686028
C18orf25	-0.019202272727272263
C18orf8	0.25861888888888895
C19orf24	0.2577569696969704
C19orf53	0.5175140404040404
C19orf54	0.026357979797978714
C19orf57	-0.10934111111111111
C19orf60	-0.1406659595959585
C19orf66	-0.9655529797979794
C19orf73	-0.02291545454545485
C1D	0.2060641414141422
C1GALT1	0.38109121212121266
C1GALT1C1	0.47391494949494906
C1QA	-0.9088550505050508
C1QB	-0.6132677777777777
C1QBP	0.38330646464646545
C1QL1	0.16584136363636315
C1QTNF1	-1.2888786868686868
C1QTNF3	0.26508252525252374
C1QTNF9B-AS1	0.018750909090908152
C1R	-1.8238112121212122
C1RL	-1.5391594949494927
C1S	-1.0579995959595987
C1orf105	-0.08819121212121228
C1orf106	1.292838282828284
C1orf109	0.504797474747475
C1orf112	0.4519328282828279
C1orf115	-0.10460616161616265
C1orf116	0.035637323232323936
C1orf123	-0.15344878787878802
C1orf159	-0.1921370707070711
C1orf174	0.41039989898989937
C1orf20	-0.06216787878787855
C1orf21	-0.19145070707070744
C1orf216	0.5360287878787879
C1orf27	0.7700158585858583
C1orf35	0.3052975757575762
C1orf50	-0.16566318181818396
C1orf54	-0.05998535353535317
C1orf56	0.07178636363636226
C1orf61	-0.05754717171717205
C2	-0.14598888888889405
C20orf24	0.7605350505050534
C20orf27	0.3631004545454548
C21orf2	-0.09653734006734105
C21orf33	-0.6998831313131317
C21orf59	0.4584627272727291
C21orf62	-0.06785747474747472
C21orf91	-0.2866038383838383
C22orf24	-0.14483383838383856
C22orf29	0.13904838383838403
C22orf31	-0.08762979797979797
C22orf46	-0.11496010101010024
C2CD2	-0.25654272727272875
C2CD2L	-0.14526782828282858
C2CD3	0.3635416666666673
C2CD5	0.6344913131313126
C2orf27A	-0.014814040404040885
C2orf42	-0.2584665656565637
C2orf47	-0.1447415151515159
C2orf49	0.16957343434343386
C2orf54	0.4182438383838383
C2orf68	0.1889315151515154
C2orf72	-0.1649224747474749
C2orf83	-0.20655717171717214
C3AR1	0.026176363636364997
C3orf14	0.6388428282828276
C3orf18	-0.0208269696969694
C3orf36	-0.1052965656565652
C3orf52	0.048972828282829006
C4B	-0.6170645959595955
C4BPA	-1.0131640404040407
C4BPB	-0.49565020202020094
C4orf19	-0.4708821212121199
C4orf46	0.302752222222221
C5	-0.5040039393939413
C5AR1	-0.17246474747474672
C5AR2	-0.09317363636363662
C5orf15	0.13638292929293172
C5orf22	1.105603636363635
C5orf30	0.3485616161616161
C5orf42	-0.022096161616161236
C5orf45	-0.17043974747474833
C6	-2.445952828282829
C6orf10	-0.12641919191919193
C6orf106	0.18916367003367007
C6orf120	0.1412395454545452
C6orf15	-0.14475636363636335
C6orf25	-0.0797283838383831
C6orf47	0.1761036363636368
C6orf48	1.0674730303030318
C6orf62	0.35795489898989885
C7	-3.283472828282826
C7orf25	0.3961815151515151
C7orf26	0.0987125925925918
C7orf43	0.04252626262626258
C7orf49	0.8166423232323234
C7orf69	-0.26288161616161565
C8A	-2.538543737373736
C8B	-1.8633568686868678
C8G	-0.7437612121212114
C8orf33	1.1265066666666677
C8orf4	-2.2544026262626256
C8orf44	-0.020929393939393304
C8orf60	-0.0845378787878781
C9	-3.7475596969696943
C9orf106	0.058385505050503994
C9orf116	-0.06930823232323213
C9orf16	0.4282242171717172
C9orf3	-0.6282086868686845
C9orf33	-0.050177676767675816
C9orf38	-0.1238859595959596
C9orf40	0.16527939393939395
C9orf78	-0.1684049494949491
CA1	-0.09214474747474766
CA10	0.02006777777777824
CA11	-0.12648323232323255
CA12	0.5291316498316503
CA14	-0.33709313131313223
CA2	-1.7575455555555548
CA3	-0.08290404040403976
CA4	-0.04954191919191908
CA5A	-1.2595891919191917
CA5B	-0.10895000000000055
CA6	-0.293517575757575
CA7	-0.17406181818181787
CA8	-0.059611616161616254
CA9	0.17763707070707113
CAAP1	-0.11434808080808079
CAB39	0.5309652525252524
CAB39L	-0.07664585858585804
CABIN1	0.03579767676767798
CABP1	-0.06937168350168355
CABP2	-0.04962606060606056
CABP5	-0.05378727272727302
CABYR	0.5109242424242435
CACFD1	-0.1288168686868687
CACNA1A	-0.116844377104377
CACNA1B	-0.006791818181818066
CACNA1C	-0.0984130639730636
CACNA1D	0.1509853535353538
CACNA1E	-0.12008363636363661
CACNA1F	-0.12947111111111065
CACNA1G	-0.07867834343434321
CACNA1H	-0.3324652525252523
CACNA1I	-0.1116202356902356
CACNA1S	-0.0996095959595964
CACNA2D1	-0.1430244444444444
CACNA2D2	-0.16804252525252572
CACNA2D3	0.010352121212121368
CACNB1	-0.13097602693602672
CACNB2	-0.12596595959595946
CACNB3	-0.0746702525252525
CACNB4	-0.33413959595959586
CACNG1	-0.19634363636363616
CACNG2	-0.09132232323232303
CACNG3	-0.13707282828282752
CACNG4	-0.23914585858585902
CACNG5	-0.20632272727272793
CACTIN	-0.06772791245791332
CACYBP	0.9812495707070719
CADM1	0.1886082828282829
CADM3	-0.13959397979797883
CADM4	-0.04570712121212139
CADPS	0.0526443434343431
CADPS2	0.32922777777777945
CALB1	0.08268161616161596
CALB2	-0.07169121212121254
CALCA	0.023092702020202083
CALCB	-0.050204141414141645
CALCOCO1	-0.25638363636363515
CALCOCO2	-0.10072151515151617
CALCR	-0.03731116161616166
CALCRL	0.23642409090909133
CALD1	-0.3327203409090931
CALHM2	-0.1370033333333338
CALM1	-0.3396354040404068
CALM2	0.6311619191919213
CALM3	0.49831964646464666
CALML3	-0.12607762626262575
CALML4	-0.020565454545454998
CALML5	-0.0442529292929299
CALR	0.20576725252525296
CALU	0.7737775757575749
CALY	0.013924848484848429
CAMK1	0.29312959595959587
CAMK1D	-0.20084999999999997
CAMK1G	-0.09271919191919142
CAMK2A	-0.14966101010100985
CAMK2B	-0.47333864646464674
CAMK2D	-0.08169262626262697
CAMK2G	0.10071835016835085
CAMK2N1	0.15523010101010115
CAMK4	-0.07372161616161632
CAMKK2	-0.23609340909090903
CAMKMT	0.07944363636363594
CAMKV	-0.08212262626262623
CAMP	-0.15615222222222203
CAMSAP1	0.22201547979797986
CAMSAP2	0.7335553872053859
CAMTA1	0.2842190909090907
CAMTA2	-0.3726110101010116
CAND1	0.5863936026936019
CAND2	-0.1507186868686876
CANT1	0.9924109090909079
CANX	0.9194441414141448
CAP1	0.46772303030303064
CAP2	2.289992828282829
CAPG	1.0773743434343444
CAPN1	0.2660697979797968
CAPN10	0.004420555555555428
CAPN11	-0.07877101010100995
CAPN15	-0.0030960606060617124
CAPN2	0.2698432828282824
CAPN3	-1.209101077441077
CAPN5	-0.08270555555555603
CAPN6	-0.05200824915824942
CAPN7	0.4168811616161614
CAPN9	-0.020213383838383336
CAPNS1	0.5491760606060616
CAPRIN1	0.7630725252525243
CAPRIN2	0.028790606060606017
CAPZA1	0.15869208754208675
CAPZA2	0.8655063131313128
CAPZB	0.12682138888888694
CARD10	0.11225235690235724
CARD14	-0.0830073232323234
CARD8	0.20991232323232367
CARD9	-0.10844616161616161
CARF	-0.06991919191919216
CARHSP1	-0.5247552525252521
CARM1	0.5193014141414141
CARMIL1	0.09379747474747546
CARS	-0.02025575757575737
CARS2	0.07785484848484892
CARTPT	-0.02024818181818233
CASC1	0.013465151515151597
CASC3	0.6650719191919192
CASD1	0.6427669696969698
CASK	0.6494744949494953
CASKIN2	-0.0802422222222221
CASP1	-0.17701834343434353
CASP10	-0.1869590656565654
CASP2	-0.005678969696969904
CASP3	0.430338080808081
CASP4	-0.1058036700336693
CASP5	-0.09831909090909052
CASP6	-0.04839242424242496
CASP7	0.0932240404040412
CASP8	0.24992974747474683
CASP8AP2	0.6786035353535356
CASP9	-0.07232803030303003
CASQ1	-0.06498757575757619
CASQ2	0.004086363636364165
CASR	-0.15443757575757555
CASS4	-0.21284292929292947
CAST	0.059591851851850564
CASZ1	-0.027483838383838943
CAT	-1.057773164983164
CATR1	-0.03036474747474749
CATSPER2P1	0.013994545454544927
CATSPERB	0.03893545454545455
CATSPERG	-0.06535929292929366
CAV1	0.5627207070707074
CAV2	-0.02688074074074187
CAV3	-0.09591313131313228
CBARP	-0.08092767676767654
CBFA2T2	0.1702381818181813
CBFA2T3	-0.3968741414141417
CBFB	0.09940661616161606
CBL	0.00745363636363594
CBLB	-0.012605959595959781
CBLC	0.0005343434343432207
CBLL1	0.3933143434343438
CBLN1	-0.00016999999999978144
CBR1	-0.39684979797979913
CBR3	0.1024427272727273
CBR4	-1.3434564646464642
CBS	-1.582380909090909
CBWD7	0.11363767676767811
CBX1	1.4222169696969695
CBX2	-0.1157193939393939
CBX4	0.2956019191919199
CBX5	0.3169304545454539
CBX6	0.41885454545454515
CBX7	-0.34590636363636307
CBX8	0.140990808080808
CBY1	0.12716222222222218
CC2D1A	-0.20234964646464615
CCAR2	-0.05573575757575755
CCDC102B	0.1859729292929284
CCDC106	-0.18036353535353555
CCDC121	0.00486434343434361
CCDC129	0.013085050505051044
CCDC130	0.030052424242423825
CCDC134	0.12312626262626214
CCDC14	-0.05063606060606052
CCDC144A	-0.04596757575757637
CCDC146	-0.09572767676767668
CCDC15	0.012289393939393989
CCDC170	0.09217515151515165
CCDC177	0.05610020202020172
CCDC181	-0.11799212121212088
CCDC186	-0.17964383838383835
CCDC22	0.18584439393939345
CCDC25	-0.6113676767676788
CCDC28A	-0.6025068686868682
CCDC28B	0.08106262626262684
CCDC30	-0.12662727272727325
CCDC33	-0.10891020202020218
CCDC40	-0.08456419191919196
CCDC47	0.5708950505050492
CCDC51	0.3160597979797979
CCDC53	0.21346303030303027
CCDC57	-0.052797878787878894
CCDC59	0.44898707070706845
CCDC6	0.3206181818181806
CCDC68	-0.4304706060606067
CCDC69	-0.49930616161616115
CCDC7	-0.04778717171717162
CCDC70	-0.11328626262626207
CCDC71	-0.11130808080808041
CCDC81	-0.057078383838383484
CCDC85B	-0.029572087542088177
CCDC85C	0.1307528282828292
CCDC86	0.8297830303030294
CCDC87	-0.1303894949494957
CCDC88A	0.1846517676767676
CCDC88C	-0.04465565656565573
CCDC9	0.02250353535353522
CCDC90B	-0.33353242424242424
CCDC91	0.5381077777777765
CCDC92	-0.3091858585858587
CCDC93	0.38412343434343565
CCDC94	0.14498555555555548
CCHCR1	0.3339808585858579
CCIN	-0.06213686868686841
CCK	-0.11375767676767623
CCKAR	-0.14352808080808055
CCKBR	-0.20124353535353556
CCL1	-0.05134565656565604
CCL11	0.003743030303030359
CCL13	-0.08107171717171635
CCL15	-0.8244051515151503
CCL16	-1.3432446464646457
CCL17	-0.15354161616161566
CCL18	0.29818499999999926
CCL19	-1.786682525252525
CCL2	-0.9134382828282837
CCL20	3.1297680808080806
CCL21	-1.131749797979798
CCL22	-0.13624202020201892
CCL23	-0.14478202020201936
CCL24	-0.09491393939393866
CCL25	0.20274959595959618
CCL27	-0.1791911111111113
CCL4	-0.7005356565656564
CCL5	-0.7768785353535357
CCL7	-0.12289050505050492
CCL8	0.3821720202020198
CCNA1	-0.11162323232323157
CCNA2	1.1171180303030313
CCNB1	2.527148181818182
CCNB1IP1	-0.5668927272727275
CCNB2	1.4119944444444443
CCNC	0.32983767676767783
CCND1	-0.6496583333333321
CCND2	0.07166282828282888
CCND3	0.024929393939394195
CCNE1	0.7181616161616162
CCNE2	0.893782323232323
CCNF	0.1937564141414132
CCNG1	0.3010333333333364
CCNG2	0.3252798989898995
CCNH	0.058677373737374694
CCNI	-0.359595151515153
CCNJ	0.3023651515151524
CCNJL	-0.03104404040404063
CCNK	0.3009257070707072
CCNL1	-0.4047655555555547
CCNO	0.029116868686868802
CCNT1	-0.08859484848484822
CCNT2	-0.039582525252526146
CCP110	0.06480404040403975
CCPG1	-0.3205868888888883
CCR1	-0.36134146464646477
CCR10	-0.016263838383837825
CCR2	-0.10378616161616172
CCR3	-0.09287222222222269
CCR4	-0.10373797979797983
CCR5	-0.23887919191919327
CCR6	0.1914181818181806
CCR7	-0.161979595959596
CCR8	-0.10398656565656506
CCR9	0.009835656565656326
CCRL2	-0.03229353535353585
CCS	-0.7605568686868684
CCSER2	0.1608584848484842
CCT2	1.0529521717171724
CCT3	1.5696213131313108
CCT4	0.9591446464646456
CCT5	1.11489484848485
CCT6A	1.2816208585858595
CCT6B	-0.14567949494949506
CCT7	0.6999689898989896
CCT8	0.33367353535353583
CCT8L2	-0.06841030303030227
CCZ1	0.9195324242424245
CCZ1B	0.8680283838383822
CD101	-0.11743656565656613
CD14	-1.8795219191919195
CD151	0.33041797979798027
CD160	-0.546512323232323
CD163	-0.944703569023571
CD164	0.10027552188552313
CD177	-0.10473222222222223
CD180	-0.16237656565656522
CD19	-0.005602323232322792
CD1A	-0.11901323232323247
CD1B	-0.13816383838383883
CD1C	-0.3600400000000006
CD1D	-1.7733536363636366
CD1E	-0.1547063636363637
CD2	-0.20618949494949668
CD200	0.22533631313131286
CD207	-0.03065717171717175
CD209	-0.10514111111111157
CD226	-0.19874222222222127
CD244	-0.34840484848484854
CD247	-0.32394464646464627
CD248	-0.09265656565656588
CD27	-0.1979282828282818
CD28	-0.054473973063972725
CD2AP	0.9395351515151518
CD2BP2	0.34496858585858625
CD300A	-0.31421023569023543
CD300C	-0.12342414141414038
CD302	-1.05554818181818
CD320	0.272975252525252
CD33	-0.3260607070707078
CD34	0.5364307070707062
CD36	0.5350604040404052
CD37	-0.21967030303030333
CD38	-0.009107979797978949
CD3D	-0.11831717171717049
CD3E	-0.2859372727272733
CD3EAP	0.46420292929292906
CD3G	-0.13599848484848476
CD4	-0.8288465656565647
CD40	-0.14879270202020223
CD40LG	-0.14989292929293008
CD44	-0.04619561868686883
CD46	0.7259751515151516
CD47	0.1934071717171708
CD48	-0.4127275757575779
CD5	-0.1022130303030302
CD52	-0.32413782828282756
CD53	-0.30267565656565676
CD55	-0.12598641414141376
CD58	0.45186680808080837
CD59	0.22158876262626315
CD5L	-2.4127971717171715
CD6	-0.19884335858585844
CD63	0.4469461616161645
CD68	0.0006808080808076156
CD69	-0.6018814141414146
CD7	0.1206567676767678
CD70	-0.1716921212121214
CD72	-0.20967040404040427
CD74	-0.3912719191919152
CD79A	-0.31526141414141495
CD79B	-0.21339181818181885
CD80	-0.022767373737374363
CD81	-1.192680303030306
CD82	-0.3190664646464656
CD83	-0.11689898989898939
CD84	-0.12422210437710435
CD86	-0.06082340067340075
CD8A	-0.5122713131313121
CD8B	-0.06122590909090908
CD9	0.00845575757575645
CD93	0.49827540404040516
CD96	-0.12106797979798056
CD99	-0.09888601010101006
CDA	-1.4662743434343435
CDADC1	-0.31112353535353554
CDC123	1.0223132323232313
CDC14A	-0.015198464646464682
CDC14B	-0.8224919797979799
CDC16	0.281687104377105
CDC20	1.9268250505050504
CDC23	1.0325897979797984
CDC25A	0.3097013131313129
CDC25B	0.8947340404040389
CDC25C	0.24552245791245797
CDC27	0.41352638383838336
CDC34	-0.20019434343434384
CDC37	0.19140808080808025
CDC37L1	-1.54096
CDC40	0.034285000000000565
CDC42	0.08764949494949548
CDC42BPA	0.04031744949494964
CDC42BPB	0.22399656565656745
CDC42EP1	0.36344525252525184
CDC42EP2	-0.042799646464646735
CDC42EP3	-0.14881010101010084
CDC42EP4	0.2185743434343408
CDC42SE1	0.12658771043771022
CDC42SE2	-0.028599797979798502
CDC45	0.5347535353535355
CDC5L	0.2552027609427592
CDC6	0.8740414646464649
CDC7	1.0994396969696973
CDC73	0.2910134680134675
CDCA3	0.7032164646464647
CDCA4	0.6229115151515154
CDCA8	0.6585592929292927
CDCP1	0.09254070707070738
CDH1	-0.6067986868686868
CDH10	0.07769545454545446
CDH11	0.20449040404040453
CDH12	0.12743828282828318
CDH13	0.1877685858585849
CDH15	-0.1118354545454543
CDH16	-0.061692424242424604
CDH17	0.07454969696969682
CDH18	-0.1884145454545454
CDH19	-0.8515824242424248
CDH2	0.032225707070708154
CDH20	-0.03140636363636373
CDH22	-0.12240646464646465
CDH3	-0.0835596969696959
CDH4	-0.10033520202020219
CDH5	-0.09980676767676844
CDH6	-0.07634931818181778
CDH7	-0.06008989898989903
CDH8	-0.11461262626262636
CDH9	-0.032028181818181345
CDHR1	-0.06858747474747462
CDHR2	-2.2909416161616143
CDHR5	-1.0117620875420883
CDIP1	0.10744808080808088
CDIPT	0.15735191919191927
CDK1	1.758268383838384
CDK10	-0.4091773063973063
CDK11A	-0.03877876262626234
CDK11B	-0.05153474747474718
CDK12	0.10434444444444502
CDK13	-0.0017577575757581343
CDK14	0.15378383838383858
CDK16	0.4384539057239065
CDK17	0.20824772727272745
CDK18	-0.05628989898989811
CDK19	0.21566629629629652
CDK20	-0.09648181818181856
CDK2AP1	0.4730477777777775
CDK2AP2	0.34829959595959537
CDK3	-0.5784453535353524
CDK4	1.2793062626262612
CDK5	0.6203181818181829
CDK5R1	0.048138333333333616
CDK5R2	-0.11015525252525249
CDK5RAP1	0.44956878787878907
CDK5RAP2	0.5048807070707069
CDK5RAP3	0.1471534343434353
CDK6	-0.11954939393939457
CDK7	1.0726454545454542
CDK8	0.49570838383838334
CDK9	-0.5043690909090905
CDKAL1	0.11090912457912516
CDKL1	-0.15549323232323253
CDKL2	-0.060778484848484915
CDKL3	-0.12829282828282906
CDKL5	-0.08043883838383925
CDKN1A	-0.35996101010101
CDKN1B	-0.08178323232323415
CDKN1C	0.013011632996633882
CDKN2A	0.5445856228956232
CDKN2A-AS1	-0.03726929292929304
CDKN2AIP	-0.2154004040404045
CDKN2B	-0.06909444444444546
CDKN2C	0.9218371717171712
CDKN2D	-0.026442626262626057
CDKN3	2.4259377777777784
CDO1	-1.1452338383838363
CDON	-0.05007353535353509
CDR1	-0.007858181818181986
CDR2	0.22616323232323055
CDR2L	-0.1318209090909095
CDRT1	-0.14267159090909098
CDRT15P1	-0.3000218181818184
CDRT4	-0.15636636363636391
CDS1	0.0830228282828287
CDS2	0.38325969696969775
CDSN	-0.1076888383838388
CDT1	0.16535262626262615
CDV3	0.4207776767676741
CDX1	-0.21940080808080786
CDX2	-0.11181959595959512
CDX4	-0.08620666666666699
CDY1B	-0.06441717171717176
CDYL	0.33680595959595916
CEACAM1	-0.1917588080808077
CEACAM21	-0.18543277777777778
CEACAM3	-0.1815175757575762
CEACAM4	-0.08450838383838422
CEACAM5	-0.08553404040404056
CEACAM6	-0.19087207070707102
CEACAM7	-0.0979751515151519
CEACAM8	-0.07070989898989888
CEBPA	0.32008949494949235
CEBPA-AS1	0.09733727272727233
CEBPB	-0.279852121212123
CEBPD	-0.3498597643097643
CEBPE	-0.08697424242424256
CEBPG	0.9213730303030303
CEBPZ	0.4533669696969689
CECR1	-0.3853935353535345
CECR5	-0.045007272727271896
CEL	0.18280666666666612
CELA2A	-0.07106469696969686
CELA2B	-0.08996919191919206
CELA3A	-0.014282424242423986
CELA3B	-0.05881292929292936
CELF1	-0.027707929292928313
CELF2	-0.2839639393939395
CELF3	-0.08315409090909087
CELP	-0.09249424242424276
CELSR1	-0.02104760942760997
CELSR2	0.23364202020201974
CELSR3	0.34658924242424227
CEMIP	-0.012191111111111042
CEMP1	-0.12410535353535357
CEND1	-0.25729000000000024
CENPA	0.7287809090909092
CENPB	0.24642868686868624
CENPBD1P1	0.24512070707070688
CENPC	-0.30934393939393967
CENPE	0.6956972727272723
CENPF	1.0848203030303036
CENPI	0.22275338383838372
CENPJ	-0.08177949494949477
CENPM	0.8789159595959593
CENPN	0.3538713636363635
CENPO	-0.07762080808080807
CENPQ	0.44642999999999944
CENPT	-0.0988816161616155
CENPU	2.002297373737374
CEP104	-0.1296163131313124
CEP112	0.13169565656565663
CEP131	0.384411616161616
CEP135	0.055246515151515574
CEP152	0.030874494949495013
CEP162	0.05398858585858557
CEP164	-0.13385797979797998
CEP170	0.6668000505050511
CEP170B	-0.14942808080808145
CEP192	0.4115984848484837
CEP250	-0.026698030303029974
CEP290	0.24106712121212137
CEP295	-0.05674929292929365
CEP350	0.5930911616161616
CEP41	-0.07431707070707239
CEP55	0.8202587878787875
CEP57	0.05601028282828313
CEP63	0.27554116161616093
CEP68	0.23560811447811414
CEP70	-0.17462242424242458
CEP72	0.4432988888888896
CEP76	0.3220067171717176
CEP83	0.48980898989898947
CEP85	0.037908181818181674
CEP97	-0.004799696969696399
CEPT1	-0.49773434343434264
CER1	-0.0977863636363634
CERK	0.13222575757575772
CERS1	0.09728000000000048
CERS2	0.5170674747474777
CERS4	-0.12408373737373868
CERS6	0.14891260101010229
CES1	-1.2139884848484872
CES1P1	-0.07477080808080894
CES2	-1.3578747474747477
CETN1	-0.020213333333334305
CETN2	0.9529536363636373
CETN3	0.6456601010101011
CETP	-1.481887676767676
CFAP20	-0.43109272727272874
CFAP43	0.019061313131312208
CFAP44	0.05424878787878695
CFAP45	-0.029587878787879163
CFAP46	-0.0672897979797984
CFAP69	-0.262145454545454
CFAP70	-0.2315228282828281
CFAP74	-0.08291611111111052
CFB	-0.6465060101010112
CFD	-0.48976636363636494
CFDP1	-0.24323676767676705
CFH	-0.6959955555555553
CFHR1	-0.29753242424242465
CFHR2	-0.5814454545454506
CFHR4	-2.4921008080808065
CFHR5	-0.8634515151515139
CFI	-1.4164653535353526
CFL1	0.7024747474747475
CFLAR	-0.3687459595959597
CFP	-1.4482858585858596
CFTR	-0.3461325252525249
CGA	0.06872545454545431
CGB7	-0.11147060606060588
CGGBP1	0.0648100505050504
CGREF1	0.47164575757575733
CGRRF1	0.5657975757575766
CH25H	-0.810547878787879
CHAC1	-0.0583892929292924
CHAD	-0.5370713131313138
CHAF1A	0.41292892255892166
CHAF1B	0.3723333333333332
CHAT	-0.1587255555555558
CHCHD2	0.5261426262626294
CHCHD3	0.8507639393939392
CHCHD7	0.34058272727272776
CHD1	0.04327757575757474
CHD1L	0.6788775757575749
CHD2	-0.0207028282828281
CHD3	0.017622861952862223
CHD4	0.2584126599326586
CHD5	-0.12873505050505019
CHD7	0.5129356565656567
CHD8	0.3394516161616137
CHD9	-0.21036772727272712
CHEK1	0.5042328787878798
CHEK2	0.6773389898989892
CHERP	0.014498030303030873
CHFR	0.4911219191919205
CHGA	-0.010563636363636775
CHGB	0.011534343434343786
CHI3L1	-0.5636283164983169
CHI3L2	-0.08569969696969792
CHIA	-0.08460919191919114
CHIC2	-0.2627425252525253
CHIT1	-0.007235656565656612
CHKA	0.4025672727272722
CHL1	0.10320292929293018
CHM	0.0527364646464652
CHML	0.11086212121212125
CHMP1A	0.12555484848484788
CHMP1B	0.1287568686868683
CHMP2A	0.3978096969696967
CHMP2B	0.6041148148148157
CHMP3	0.9607865656565648
CHMP4A	0.06247565656565701
CHMP5	0.36893787878787876
CHMP6	0.047269191919191655
CHMP7	-0.1219598989898989
CHN1	0.23567121212121211
CHN2	-0.24562962962962942
CHODL	0.15909212121212102
CHORDC1	0.12182070707070647
CHP1	-0.6019180303030298
CHP2	-0.04224646464646398
CHPF	-0.07901373737373696
CHPF2	0.2911573737373745
CHPT1	0.16583878787879058
CHRD	-0.5794951515151521
CHRDL1	-0.13482757575757498
CHRFAM7A	-0.14947131313131257
CHRM2	-0.08721424242424236
CHRM4	-0.011591111111111108
CHRM5	-0.17232858585858635
CHRNA1	-0.03450691919191895
CHRNA10	-0.13919555555555618
CHRNA2	-0.07501070707070756
CHRNA3	-0.13532727272727296
CHRNA4	-0.11297159090909137
CHRNA5	0.025470404040404127
CHRNA6	-0.06287969696969675
CHRNA9	-0.10385575757575838
CHRNB1	-0.17402434343434336
CHRNB2	-0.15345222222222166
CHRNB3	-0.006307727272727437
CHRNB4	-0.08474242424242506
CHRND	-0.18126585858585909
CHRNE	-0.08476171717171743
CHRNG	-0.033741111111111
CHST1	0.07435414141414087
CHST10	-0.03868090909090949
CHST11	0.11421060606060607
CHST12	0.04841828282828242
CHST15	-0.26290414141414065
CHST2	-0.11640686868686956
CHST3	-0.028138080808080446
CHST4	-1.3940705050505047
CHST5	-0.09993282828282801
CHST7	-0.6814760606060606
CHST8	-0.22045313131313238
CHSY1	0.26923686868686936
CHTOP	0.5439434343434337
CHUK	0.6571589898989902
CIAO1	0.04318121212121184
CIAPIN1	0.4493929797979801
CIB1	-0.23222020202020133
CIB2	0.030271616161615444
CIC	0.03141707070706978
CIDEB	-1.913483636363635
CIDEC	0.175589595959595
CIITA	-0.10411639730639743
CILP	-0.21901040404040328
CINP	0.1598430303030307
CIR1	0.09281565656565594
CIRBP	0.0003444949494939564
CISD1	0.29535020202020057
CISH	-0.8133537373737374
CIT	0.3834838383838379
CITED1	-0.1136699999999995
CITED2	-0.36751555555555626
CIZ1	0.21659080808080766
CKAP2	1.4935458585858594
CKAP4	1.292379545454546
CKAP5	1.0611565656565674
CKB	0.6117334343434333
CKLF	1.0150143939393947
CKM	-0.12243262626262608
CKMT1A	0.2969685858585862
CKMT2	-0.03406313131313077
CKS1B	1.58045
CKS2	2.3760278787878786
CLASP1	-0.08755333333333226
CLASP2	0.3394511111111118
CLASRP	-0.18582121212121194
CLC	-0.1563617171717162
CLCA1	-0.09654060606060666
CLCA2	-0.046760555555554806
CLCA3P	-0.06698474747474759
CLCA4	-0.024515858585858474
CLCC1	0.2765392929292929
CLCF1	-0.07141737373737378
CLCN1	-0.08655545454545477
CLCN2	0.10727323232323105
CLCN3	-0.08274919191919139
CLCN4	0.0717628030303028
CLCN5	-0.199370303030304
CLCN6	-0.1157894949494942
CLCN7	-0.02037505050505306
CLCNKB	-0.027450959595959556
CLDN1	0.05570575757575824
CLDN10	-0.960677373737373
CLDN11	-0.05169202020202057
CLDN14	-0.6697412121212132
CLDN15	0.7632122222222231
CLDN16	-0.03455454545454639
CLDN17	-0.19750313131313124
CLDN18	0.0031338047138045333
CLDN3	-0.07712393939393891
CLDN4	0.21984888888888898
CLDN5	-0.20515080808080732
CLDN6	-0.11995979797979794
CLDN7	0.1111392929292947
CLDN8	-0.07960797979797984
CLDN9	-0.0829095959595958
CLDND1	0.17066595959595965
CLEC10A	-0.45314131313131334
CLEC11A	-0.15991346801346706
CLEC16A	0.04907838383838303
CLEC1A	-0.09294838383838355
CLEC1B	-2.2517329292929285
CLEC2D	0.03145686868686903
CLEC3B	-0.9581000000000008
CLEC4A	-0.09685585858585899
CLEC4E	-0.011499191919192242
CLEC4M	-2.0666656565656556
CLEC5A	-0.04199959595959646
CLEC7A	-0.4503754545454548
CLGN	1.6250408080808088
CLIC1	1.2410217171717184
CLIC1P1	-0.08386292929293004
CLIC2	-0.07840999999999987
CLIC4	-0.04868538720538673
CLIC5	0.018277373737373814
CLINT1	-0.2569405555555555
CLIP1	0.25026378787878745
CLIP2	0.3685380808080807
CLIP3	-0.28883676767676825
CLIP4	0.04177424242424177
CLK1	-0.37339323232323185
CLK2	0.4824018181818195
CLK3	-0.15150424242424254
CLK4	-0.534790707070707
CLMN	-0.5632716161616154
CLN3	1.0524411111111105
CLN5	-0.09138750841750909
CLN6	0.27824818181818145
CLN8	-0.5391372727272721
CLNS1A	0.7167222222222218
CLOCK	-0.0388513636363621
CLP1	0.4540653535353547
CLPB	-0.04825949494949455
CLPP	-0.3738243434343431
CLPS	-0.10233696969696959
CLPTM1	0.24320116161615957
CLPX	-0.13329343434343333
CLSPN	-0.1412520202020202
CLSTN1	0.4971014141414152
CLSTN2	-0.09013722222222187
CLSTN3	-0.09876434343434326
CLTA	0.41675171717171633
CLTB	0.22926138888888836
CLTC	0.165010875420875
CLTCL1	0.18186414141414087
CLU	-0.863909191919193
CLUAP1	0.002903939393938515
CLUH	-0.6044727272727277
CLUL1	-0.020568383838383664
CMA1	-0.05140717171717135
CMAHP	-0.08161459595959641
CMAS	0.19771111111111228
CMC1	-0.25572676767676805
CMC2	-0.1909733333333321
CMKLR1	-0.12950560606060657
CMPK1	-0.17546797979798257
CMSS1	0.02226292929292839
CMTM6	-0.264280101010101
CMTM8	-0.007316060606060493
CMTR1	0.39667757575757534
CNBP	-0.17969404040404058
CNDP2	-0.4999312121212096
CNGA1	-0.8176350505050509
CNGA3	-0.061141515151515335
CNGB1	-0.11534441077441082
CNGB3	-0.308695858585859
CNIH1	0.22805242424242778
CNIH3	-0.06330767676767701
CNIH4	1.9986327272727271
CNKSR1	-0.07158989898989931
CNKSR2	-0.048190808080808
CNN1	-0.20269343434343234
CNN2	-0.2251020202020193
CNN3	0.3746274747474754
CNN3P1	0.0012852525252533553
CNNM1	0.10266282828282902
CNNM2	0.012205606060605945
CNNM3	-0.08780282828282626
CNNM4	0.08435757575757474
CNOT1	0.16101202020202177
CNOT2	0.08380060606060535
CNOT3	0.2062813636363634
CNOT4	0.044773353535353166
CNOT6	0.745334949494949
CNOT7	0.04948979797979902
CNOT8	0.28608942760942835
CNOT9	0.06747651515151487
CNP	0.5689885858585866
CNPPD1	0.2985622727272741
CNPY2	0.7888746127946149
CNPY3	-0.1556296969696973
CNPY4	-0.14454848484848437
CNR1	0.009176969696969905
CNR2	-0.06883757575757521
CNTD2	-0.07378181818181773
CNTF	-0.08048333333333302
CNTFR	-0.1258118181818184
CNTLN	0.02915292929292912
CNTN1	0.06079939393939382
CNTN2	-0.1455762626262631
CNTN5	0.042983434343434546
CNTN6	-0.0730595959595961
CNTNAP1	-0.002692626262626341
CNTNAP2	-0.006294242424242924
CNTRL	0.05694202020201988
COA1	0.18521255892255883
COA3	0.23858555555555405
COA4	0.4394784848484834
COA7	0.2440948484848482
COASY	0.025338989898988196
COBL	-0.36731101010100975
COBLL1	-0.6215511363636352
COCH	1.4548123232323231
COG2	1.05402909090909
COG4	0.0048157575757583615
COG5	0.5596631313131306
COG7	0.06470151515151379
COG8	-0.09889282828282919
COIL	0.642908838383839
COL10A1	-0.06798348484848438
COL11A1	0.19059015151515135
COL11A2	-0.06295303030302968
COL13A1	-0.09205619528619513
COL14A1	-0.30783232323232346
COL15A1	1.7259008080808078
COL16A1	-0.01020999999999983
COL17A1	0.032270000000000465
COL18A1	-0.7863058080808099
COL19A1	-0.0038519191919195173
COL1A1	0.14260924242424267
COL1A2	0.7871288888888897
COL21A1	0.5081110101010098
COL26A1	-0.1778339393939392
COL2A1	0.9574526262626257
COL3A1	-0.4265016919191913
COL4A1	1.612829545454546
COL4A2	0.8483097979797982
COL4A3	-0.1257474314574316
COL4A3BP	-0.17301151515151503
COL4A4	-0.16029737373737385
COL4A5	0.48930121212121236
COL4A6	-0.03303161616161665
COL5A1	-0.06472663299663406
COL5A2	1.0679665151515136
COL5A3	0.23164095959595965
COL6A1	-0.2528561868686863
COL6A2	-0.6894353535353543
COL6A3	-0.17818959595959605
COL7A1	0.049783888888889294
COL8A1	-0.07487888888888872
COL8A2	-0.14025646464646435
COL9A1	0.016188181818181935
COL9A2	0.12292707070707065
COL9A3	-0.15808646464646392
COLEC10	-0.8694976767676761
COLEC11	-1.9793188888888888
COLEC12	0.1867361616161607
COLGALT1	0.30752404040404
COLGALT2	-0.008085656565656407
COLQ	-0.22082717171717192
COMMD1	-0.06493808080808083
COMMD10	0.7521129292929283
COMMD3	0.43913646464646483
COMMD4	0.4452080471380473
COMMD8	0.8072904040404048
COMMD9	0.425894242424242
COMP	0.08755141414141399
COMT	-0.8918657575757569
COPA	0.6365038888888881
COPB1	0.5285255050505064
COPB2	0.4067243771043776
COPE	0.42144111111111116
COPG1	0.48155565656565535
COPS2	0.43107035353535395
COPS3	0.5412833333333333
COPS4	0.31941171717171724
COPS5	0.8458900000000007
COPS6	0.654650757575757
COPS7A	0.21853747474747376
COPS7B	0.226710606060605
COPS8	0.4665093939393943
COPZ1	0.5760535353535348
COPZ2	-0.7032645454545454
COQ10B	0.4747808080808076
COQ2	-0.0835649494949493
COQ3	-0.004353636363635616
COQ4	-0.5452828282828293
COQ6	-0.10222191919191825
COQ7	0.14658760942760996
COQ8A	-0.08113929292929445
COQ8B	-0.038121919191918874
COQ9	-0.8492704040404044
CORIN	-0.0465194949494947
CORO1A	-0.1457487878787873
CORO1B	0.4308896969696985
CORO1C	0.7678492929292924
CORO2A	0.2152151515151517
CORO2B	-0.10268336700336667
CORO7	-0.052093838383838964
CORT	-0.1170561616161625
COTL1	-0.12892878787878725
COX10	0.08545999999999943
COX11	0.47288035353535385
COX11P1	0.08517000000000019
COX15	0.1935383838383844
COX16	-0.07057171717171684
COX17	-0.032476565656564205
COX4I1	-0.23307966329966057
COX5A	0.24533303030303077
COX5B	0.0730620454545452
COX6A1	0.23203949494949327
COX6A2	-0.5693261616161616
COX6B1	0.5717914141414138
COX6C	0.642910202020202
COX7A1	-0.46323000000000025
COX7A2	0.31750747474747243
COX7A2L	0.43564606060605904
COX7B	0.26161666666666505
COX7C	0.18321646464646513
COX8A	0.41020020202019936
CP	-1.0747133838383842
CPA1	-0.013633636363636459
CPA2	0.028781818181817798
CPA3	-0.020471313131312563
CPA4	-0.08014333333333212
CPB1	-0.09614464646464649
CPB2	-0.9005095959595959
CPD	1.2976933080808077
CPE	0.7389696969696979
CPEB1	-0.0677983838383831
CPEB3	-1.8136967676767681
CPED1	-0.840480808080807
CPLX2	-0.08850888888888875
CPLX3	-0.21584868686868663
CPM	-0.04756808080808028
CPN1	-1.0161671717171714
CPN2	-1.4329497979798003
CPNE1	0.3821366666666668
CPNE3	0.3966874747474751
CPNE6	-0.15741949494949514
CPNE7	-0.2285863636363632
CPNE9	0.16765318181818234
CPOX	-0.2505395959595953
CPPED1	0.1694544444444448
CPQ	0.572304343434344
CPS1	-2.053580757575755
CPS1-IT1	-1.1355982828282825
CPSF1	0.25797188552188466
CPSF3L	0.086832626262626
CPSF4	0.24533303030303077
CPSF6	0.7689605555555552
CPSF7	-0.20981868686868577
CPT1A	-0.12647101010100936
CPT2	-1.1810124747474733
CPVL	-0.027918106060605297
CPZ	-0.33584313131313204
CR1	-0.1190369949494956
CR2	-0.051758888888888244
CRABP1	-0.056466262626262864
CRABP2	-0.14522959595959506
CRADD	-0.16344262626262562
CRAT	-0.5900666161616162
CRB1	-0.029645656565656875
CRBN	-0.26477979797979856
CRCP	0.011199292929292781
CRCT1	-0.03272868686868735
CREB1	0.265626666666666
CREB3	0.41724141414141336
CREB3L1	-0.10019717171717168
CREB3L2	0.8748120202020191
CREB5	-0.0671151515151509
CREBBP	-0.03136308080808181
CREBL2	-0.4623897979797986
CREBZF	0.11363953535353577
CREG1	-0.024339090909091254
CRELD1	0.12816404040404006
CREM	-0.2646399999999991
CRH	-0.04626227272727279
CRHBP	-2.274028787878788
CRHR1	-0.06396744107744068
CRHR2	-0.0785429797979802
CRIM1	-0.09409742424242395
CRIP2	-0.06687181818181731
CRIPT	0.5523499999999997
CRISP1	-0.07089030303030297
CRISP2	-0.016921313131313287
CRISP3	0.05188616161616233
CRISPLD2	-1.0622547474747472
CRK	-0.2691844444444449
CRKL	0.33726126262626277
CRLF1	-0.053607474747474626
CRLF2	-0.14414484848484843
CRLF3	0.4365683838383827
CRMP1	-0.1815812121212126
CRNKL1	0.9007956565656583
CRNN	-0.14956626262626305
CROCC	-0.013534393939393485
CROCCP2	-0.9793551515151506
CROCCP3	-0.03910621212121157
CROT	-0.09737777777777801
CRP	-0.8187279292929297
CRTAC1	-0.10121525252525299
CRTAM	-0.10709858585858578
CRTAP	0.3425461616161618
CRTC1	-0.1332714646464641
CRTC3	0.3133281818181821
CRX	-0.14662727272727327
CRY1	0.5047417171717168
CRY2	-0.5039360606060619
CRYAA	-0.2899757575757569
CRYAB	-0.07679707070707131
CRYBA1	-0.02021333333333386
CRYBA2	-0.04686636363636376
CRYBA4	-0.08451050505050484
CRYBB1	-0.05552161616161566
CRYBB2	0.034735404040404205
CRYBB3	-0.150327474747475
CRYBG3	0.06364020202020093
CRYGA	-0.12307686868686929
CRYGB	-0.08589767676767668
CRYGC	-0.16099969696969785
CRYGD	-0.2506538383838395
CRYL1	-1.12634292929293
CRYM	-0.6194982828282827
CRYZ	-0.36486666666666423
CRYZL1	0.08995181818181841
CS	0.7530954545454556
CSAD	-1.4909817171717163
CSDC2	-0.1635892929292928
CSDE1	0.1252740909090928
CSE1L	0.9012337878787884
CSF1	-0.049112878787878955
CSF1R	-0.6488897979797983
CSF2	-0.10225681818181753
CSF2RA	-0.08469888888888866
CSF2RB	0.08082181818181855
CSF3	-0.09529464646464669
CSF3R	-0.08455515151515236
CSGALNACT1	-0.0712453535353541
CSGALNACT2	0.45836530303030365
CSH1	-0.057656060606060766
CSH2	-0.06298431818181838
CSHL1	-0.08192006060606039
CSK	-0.012189696969696406
CSN1S1	-0.054059191919191285
CSN2	-0.06437131313131284
CSN3	-0.07769666666666675
CSNK1A1	0.1868875252525264
CSNK1D	0.6608765151515144
CSNK1E	0.3941691919191923
CSNK1G1	-0.015299747474747605
CSNK1G2	0.08443328282828322
CSNK1G3	0.1507252525252527
CSNK2A1	0.6819306734006734
CSNK2A2	-0.06963060606060711
CSNK2A3	0.2925620202020198
CSNK2B	0.7002905050505053
CSPG4	0.0378482828282829
CSPG4P1Y	-0.10135737373737363
CSPG5	0.11973474747474766
CSPP1	0.3409279797979803
CSRNP2	0.5211262626262636
CSRNP3	-0.04925101010100974
CSRP1	-0.685123737373738
CSRP2	0.514337828282831
CSRP3	-0.0809988888888884
CST1	0.15533373737373823
CST2	0.04919888888888835
CST3	-0.2341064646464659
CST4	0.021797676767676855
CST5	-0.00824767676767646
CST6	-0.06139636363636347
CST7	-0.3098113131313136
CST8	-0.0595391919191921
CSTA	0.4151108080808079
CSTB	1.3284893939393925
CSTF1	0.31808419191919235
CSTF2	0.604845959595961
CSTF2T	0.11620404040403898
CSTF3	0.29382848484848445
CT45A3	-0.18237676767676803
CT55	0.1578958585858592
CT62	-0.09626111111111113
CTAG1A	0.40698212121212185
CTAG1B	0.11567080808080776
CTAG2	0.18637590909090873
CTAGE1	0.007290606060605942
CTAGE11P	-0.035282929292929754
CTAGE5	-0.49312808080808246
CTAGE9	-0.08068055555555542
CTBP1	0.27101924242424147
CTBP2	-0.38086386363636393
CTBS	-0.8710132828282839
CTC1	-0.10389262626262674
CTCF	0.2783914141414128
CTDNEP1	-0.043268787878788295
CTDP1	0.03623565656565564
CTDSP1	-0.05513434343434476
CTDSP2	-0.07912303030303036
CTDSPL	0.03493010101010352
CTF1	-0.12436151515151561
CTGF	-0.06377727272727274
CTH	-2.3961937878787873
CTIF	-0.3271896464646469
CTLA4	-0.033388484848484
CTNNA1	0.449997292929293
CTNNA2	0.2718154545454543
CTNNA3	-0.20705060606060588
CTNNAL1	0.5486072727272733
CTNNB1	0.48320979797979824
CTNNBIP1	-0.04617383838383837
CTNNBL1	0.10669686868686945
CTNND1	-0.0990438047138058
CTNND2	0.4203597979797977
CTNS	0.11225227272727345
CTPS1	-0.441886666666667
CTPS2	0.3055015151515139
CTR9	0.8775574747474746
CTRB2	-0.1319554545454542
CTRC	-0.11392373737373784
CTRL	-0.11901383838383861
CTSA	1.0948704040404014
CTSB	-0.45930262626262497
CTSC	0.6307829292929297
CTSD	0.32489848484848594
CTSE	0.010461212121211538
CTSF	-0.4394378787878779
CTSG	-0.06056686868686878
CTSH	0.1312548484848488
CTSK	0.08441939393939268
CTSL	-0.08218151515151462
CTSO	-1.3362556565656565
CTSS	-0.11195202020201922
CTSV	0.388403535353536
CTSW	-0.2977734343434344
CTSZ	-0.19989737373737437
CTTN	0.29942430976430856
CTTNBP2NL	-0.19377202020202144
CUBN	-0.23239282828282715
CUEDC1	0.1702225252525258
CUEDC2	0.20321767676767521
CUL1	0.3294190909090906
CUL2	0.49001217171717126
CUL3	0.2033852525252522
CUL4A	0.37364611111111223
CUL4B	0.5816888888888885
CUL5	0.12398939393939301
CUL7	0.34457207070707163
CUL9	0.26842525252525284
CUTA	0.6672352525252538
CUTC	-0.0555801010100998
CUX1	0.2153809090909089
CUX2	-1.584696969696969
CUZD1	-0.040946767676767415
CWC25	-0.07555595959595962
CWF19L1	0.21752000000000038
CWH43	-0.11070747474747478
CX3CL1	-0.09172787878787858
CX3CR1	-0.3679563636363641
CXADR	-0.05819131313131187
CXCL1	0.010273535353535479
CXCL10	0.3183181818181806
CXCL11	0.4783297979797978
CXCL12	-2.7851585858585857
CXCL13	0.31415232323232356
CXCL14	-3.456050707070707
CXCL2	-2.7138644444444466
CXCL3	-0.053527676767677335
CXCL5	0.24312562289562267
CXCL6	-0.34457454545454436
CXCL8	-0.09558197530864199
CXCL9	-0.5074855555555562
CXCR1	-0.0582949494949494
CXCR2	-0.2843902020202016
CXCR3	-0.09546277777777812
CXCR4	-0.25181390572390594
CXCR5	-0.13576929292929263
CXCR6	-0.15389545454545495
CXXC1	0.039222929292929365
CXXC4	-0.04647444444444382
CXorf21	-0.19580060606060723
CXorf36	-0.125215252525253
CXorf40A	0.4204066666666675
CXorf40B	0.4036749999999998
CXorf57	0.28764121212121196
CYB561	0.10462993939393872
CYB561D2	0.3589883838383834
CYB5A	-0.5700212121212136
CYB5B	0.3280375757575742
CYB5R1	0.7542350505050495
CYB5R2	-0.0651582828282824
CYB5R3	0.24697888888888997
CYB5R4	0.5096550505050503
CYBA	-0.08939434343434449
CYBB	-0.1726193602693602
CYBRD1	0.12913505050505014
CYC1	0.6534340404040409
CYCS	0.6905074747474735
CYFIP1	0.22890575757575604
CYFIP2	-1.2839360101010087
CYHR1	0.279778888888889
CYLC1	-0.11779875420875419
CYLC2	-0.044194444444444425
CYLD	-0.1795573304473299
CYP11A1	0.020629898989898532
CYP11B1	-0.05188030303030233
CYP11B2	-0.14171393939393928
CYP17A1	0.6687104040404046
CYP19A1	0.20377232323232297
CYP1A1	-1.5549926262626252
CYP1A2	-4.7182134848484845
CYP1B1	0.06893628787878647
CYP20A1	0.27785636363636357
CYP21A2	0.07662868686868674
CYP24A1	-0.02276808080808035
CYP26A1	-2.07652595959596
CYP26B1	0.3167260606060607
CYP27A1	-0.957629090909089
CYP27B1	0.08847404040404072
CYP2A13	-1.7598091919191923
CYP2A6	-3.83174590909091
CYP2A7P1	-0.12301409090909043
CYP2B6	-2.638237979797979
CYP2B7P	-2.829054494949494
CYP2C18	-1.65604393939394
CYP2C19	-2.2898976767676764
CYP2C8	-1.7374376262626274
CYP2C9	-2.545108658008659
CYP2D6	-0.7289629966329976
CYP2E1	-2.2646138383838395
CYP2J2	-1.6415330303030302
CYP2R1	0.15059666666666738
CYP2U1	-0.1059622222222214
CYP2W1	-0.08834030303030316
CYP39A1	-3.4279337373737393
CYP3A4	-2.359329520202021
CYP3A43	-1.662593535353536
CYP3A5	-1.2992995286195281
CYP3A7	-0.8404506565656558
CYP46A1	-0.16233747474747462
CYP4A11	-2.728858686868689
CYP4B1	-0.005666868686868387
CYP4F11	-0.9680375757575765
CYP4F12	-1.2751183838383842
CYP4F2	-1.7351167676767671
CYP4F3	-1.2812736363636361
CYP4F8	-0.16500181818181847
CYP51A1	0.8189606565656566
CYP7A1	0.6611120202020198
CYP7B1	-0.501806363636363
CYR61	-1.9732064646464638
CYSLTR1	-0.05124323232323258
CYSLTR2	-0.10703585858585907
CYTH1	0.049635404040405895
CYTH2	0.3874077777777769
CYTH3	-0.11482666666666663
CYTH4	-0.04032121212121176
CYTIP	-0.40749747474747444
CYTL1	-0.07748686868686905
DAAM1	-0.4474859595959586
DAAM2	-0.572205151515151
DAB1	-0.11453353535353594
DAB2	0.28719101010101067
DACH1	-0.2704518181818183
DACT1	-0.28708222222222224
DAD1	0.7664425252525238
DAG1	0.18207222222222175
DAGLA	-0.0207808080808074
DALRD3	0.16033939393939445
DAO	-1.3898009090909094
DAP	0.3613026262626242
DAP3	1.1946681818181828
DAPK1	-0.6100479797979794
DAPK2	0.09228484848484886
DAPK3	0.06867525252525253
DAPP1	-0.2218331313131312
DARS	0.4324758585858586
DARS2	0.8783468686868687
DAXX	0.335426919191919
DAZ4	0.012413468013468432
DAZAP1	0.3715034343434338
DAZAP2	0.1863595959595985
DAZL	-0.055536060606059756
DBF4	1.2704630303030289
DBF4B	7.919191919203428e-05
DBH	-0.9409174747474758
DBI	0.17265531986532245
DBN1	0.5024583838383849
DBNDD1	0.017180101010101367
DBP	0.02813702020201969
DBR1	0.3236415151515155
DBT	-0.3848818181818192
DCAF1	-0.09987853535353519
DCAF10	0.12902616161616276
DCAF11	-0.7421164141414129
DCAF13	0.07145484848484873
DCAF15	0.046702222222222645
DCAF16	0.3668444444444434
DCAF17	0.1437352525252522
DCAF4	-0.17789595959595994
DCAF6	0.19281101010101054
DCAF7	0.29383074074074056
DCAF8	-0.16749356902356904
DCAKD	-0.04433707070707049
DCBLD2	-0.12768681818181848
DCC	-0.15490515151515183
DCHS1	-0.24048833333333341
DCHS2	-0.10224202020202044
DCK	0.9529277777777789
DCLK1	-0.006210303030302011
DCLK2	-0.0970100505050504
DCLRE1A	0.3438488888888891
DCLRE1B	0.09919202020202
DCLRE1C	0.3055985353535364
DCN	-3.0482843939393938
DCP1A	0.19005080808080788
DCP2	0.700829292929293
DCPS	-0.5287398989898984
DCSTAMP	-0.11144989898989932
DCT	-0.05579217171717188
DCTD	-0.35598319865319894
DCTN1	0.2572681144781157
DCTN2	0.2564446969696954
DCTN3	0.20696646464646662
DCTN4	0.479793434343434
DCTN5	0.12255767676767526
DCTN6	-0.01505494949495123
DCTPP1	0.6802683838383841
DCUN1D1	0.07121232323232363
DCUN1D2	0.3778109090909094
DCUN1D4	-0.0054888552188554485
DCX	-0.06256626262626197
DCXR	-1.8736317171717172
DDA1	0.5979991919191914
DDAH1	-0.2703556565656573
DDAH2	0.568807407407407
DDB1	0.39731545454545536
DDB2	-0.6375223232323233
DDC	-0.09969939393939242
DDHD2	0.36188393939393926
DDIT3	0.418444747474747
DDIT4	0.3896416161616161
DDN	-0.17631040404040377
DDO	-0.027668232323231123
DDOST	0.83009207070707
DDR1	0.36011219696969743
DDR1-AS1	-0.1921023737373737
DDR2	-0.3482955555555556
DDRGK1	0.22492060606060438
DDT	-0.6564196969696958
DDX1	0.580479595959595
DDX10	0.7996758585858572
DDX11	0.13128356902356852
DDX17	-0.08234707070706992
DDX18	0.47755891414141605
DDX19A	-0.15941767676767782
DDX21	0.5085046464646474
DDX23	0.3899733333333337
DDX24	0.047155959595960084
DDX25	-0.008682222222222702
DDX27	0.5834329629629611
DDX28	0.02888186868686926
DDX31	0.0006006060606056352
DDX39A	1.3828105050505055
DDX39B	-0.014114242424241752
DDX3X	0.06867593939393934
DDX3Y	-0.4074555050505042
DDX4	-0.041039090909091414
DDX41	0.7622522222222221
DDX42	0.2904618181818188
DDX43	0.028212626262626106
DDX46	0.46976373737373844
DDX47	0.15651131313131295
DDX49	0.5480873232323233
DDX5	0.07208090909091425
DDX50	0.5829317171717179
DDX51	-0.09393040404040409
DDX52	0.29269580808080775
DDX54	0.21512545454545506
DDX56	0.3100669696969698
DDX58	0.0933212121212108
DDX6	-0.21392060606060603
DDX60	-0.10342878787878718
DDX6P1	-0.10957232323232358
DEAF1	0.15916202020202075
DEC1	-0.1177766666666673
DECR1	-0.6018287878787856
DECR2	-0.38677909090909157
DEDD	0.4554898316498317
DEF6	-0.14191404040404
DEF8	0.4283872727272735
DEFA1B	-0.14370777777777777
DEFA4	-0.000679090909090796
DEFA5	-0.07426464646464748
DEFA6	-0.03322676767676791
DEFB1	-1.2940805050505073
DEFB126	-0.04199424242424188
DEFB4A	-0.0007538383838383567
DEGS1	0.7762876262626248
DEK	1.0086051515151508
DENND1A	0.2535184848484846
DENND1C	-0.2514224242424241
DENND2A	-0.12435791245791217
DENND2D	-0.27713909090909183
DENND3	-0.11252636363636315
DENND4A	0.11595404040404
DENND4B	0.5829130303030299
DENND4C	-0.010746060606060759
DENND5A	0.8213957575757558
DENND5B	0.07078939393939443
DENR	0.925422929292929
DEPDC1P1	0.46248818181818097
DEPDC5	-0.026078787878788035
DEPTOR	0.34510888888888935
DERA	-0.5235560606060616
DERL1	0.5539109595959593
DERL2	0.10302414141414307
DES	-0.1021133333333335
DESI1	0.02871479797979859
DESI2	0.47678898989898943
DET1	0.28246696969697016
DEXI	-0.2624251515151528
DFFA	0.10436303030303051
DFFB	-0.05508585858585935
DFNA5	0.7189171717171732
DGAT1	0.13023565656565683
DGCR11	-0.1629970707070698
DGCR14	0.12417729797979771
DGCR2	0.2237462626262623
DGCR5	-0.461068787878788
DGCR6L	-0.366825808080808
DGCR8	-0.1094312878787882
DGCR9	-0.06767404040404035
DGKA	-0.06431292929292942
DGKB	-0.07382777777777738
DGKD	0.060991111111111884
DGKE	-0.0016179797979796184
DGKG	-0.03045989898989898
DGKI	-0.00846717171717204
DGKQ	-0.13117151515151493
DGKZ	0.2373811111111106
DGUOK	0.31858782828282894
DHCR24	0.08415161616161448
DHCR7	0.7516654040404029
DHDDS	0.28325656565656665
DHFR	0.12472482323232281
DHODH	-1.0470692929292928
DHPS	0.12320198653198489
DHRS1	-1.7154770707070712
DHRS11	0.3581496969696971
DHRS12	-0.28523454545454374
DHRS2	-0.5777923232323232
DHRS3	-0.31364262626262374
DHRS4	-0.8806146464646467
DHRS7	0.16524868686868555
DHRS7B	-0.04217282828282709
DHRS9	-0.10561313131313188
DHTKD1	-1.0126649494949493
DHX15	0.644377676767677
DHX16	0.35338030303030354
DHX29	0.36798020202020165
DHX30	0.4079711111111104
DHX32	-0.30005767676767636
DHX34	0.03670720538720618
DHX35	0.30489252525252475
DHX38	-0.024434343434344363
DHX40	0.5420172727272723
DHX57	0.4159169696969691
DHX58	-0.3865210101010108
DHX8	0.43345494949494956
DHX9	0.38396410774410583
DIABLO	0.285016767676769
DIAPH1	-0.19839373737373744
DIAPH2	-0.07464740740740616
DIAPH2-AS1	-0.09891388888888919
DIAPH3	-0.03598444444444526
DICER1	-0.17372212121212094
DIDO1	0.35475181818181856
DIEXF	0.8209904545454538
DIMT1	0.3084510707070711
DIO1	-1.1085198989898988
DIO2	-0.03263277777777862
DIO3	-0.022835757575758286
DIP2A	-0.21169121212121134
DIP2C	-0.7035081313131313
DIRAS2	0.2033025252525258
DIRAS3	-0.5662400000000001
DIS3	0.2585661616161614
DISC1	-0.09123471380471404
DIXDC1	-0.4075896969696977
DKC1	0.9094209090909073
DKFZP434A062	-0.12064242424242444
DKFZP434C153	-0.11723040404040352
DKFZP434L187	-0.09530040404040374
DKFZP564C152	0.3734982828282831
DKFZP586I1420	0.17799878787878942
DKFZP586K1520	-0.020914141414141607
DKFZp566H0824	-0.23656353535353558
DKK1	1.7882202020202018
DKK2	0.045412121212121015
DKK3	-0.058331245791245045
DKK4	0.045551919191919144
DKKL1	-0.14862606060606076
DLAT	0.9155876094276101
DLC1	-0.5207665319865331
DLD	0.22731949494949433
DLEC1	-0.05351458585858637
DLEU2	-0.01681767676767576
DLEU2L	0.4074362121212127
DLG1	0.22038603535353385
DLG2	-0.0907473737373734
DLG3	-0.05647760101010002
DLG4	-0.03189843434343409
DLG5	0.8225021717171721
DLGAP1	-0.11340400673400675
DLGAP2	-0.08093803030303048
DLGAP4	0.21360983164983072
DLGAP5	1.3158643434343427
DLK1	1.909497373737374
DLK2	-0.030964040404040993
DLL3	0.0026067676767675962
DLST	0.6360171717171719
DLSTP1	-0.06479707070707086
DLX2	-0.04234434343434357
DLX4	-0.059338787878787436
DLX5	-0.0033027272727279566
DLX6	-0.08030545454545468
DMBT1	-0.02958919191919307
DMC1	-0.06635510101010089
DMD	-0.7575055555555545
DMP1	-0.18468267676767702
DMPK	-0.06976111111111072
DMRT1	-0.03545575757575792
DMRTB1	-0.014453434343434157
DMTF1	0.2019789898989881
DMTN	-0.2636558585858584
DMWD	-0.15742131313131225
DMXL1	0.000306161616160594
DMXL2	0.28577419191919073
DNA2	0.28504080808080756
DNAAF1	-0.025331515151516104
DNAAF2	0.4314125252525258
DNAAF5	0.9465496969696972
DNAH17	-0.13182060606060508
DNAH2	-0.19698202020201983
DNAH3	-0.20150235690235618
DNAH7	-0.10323626262626284
DNAH9	-0.07852282828282853
DNAI1	-0.1641889898989901
DNAI2	-0.07649702020201987
DNAJA1	0.18448020202020032
DNAJA2	0.09970868686868695
DNAJA3	-0.17350171717171836
DNAJA4	-0.23169898989899007
DNAJB1	0.2385993939393929
DNAJB12	-0.08887838383838353
DNAJB14	-0.359700000000001
DNAJB2	0.32024898989898976
DNAJB4	-0.07245479797979826
DNAJB5	-0.07902469696969616
DNAJB6	0.7145431818181827
DNAJB9	0.2620837878787894
DNAJC1	0.1340134343434345
DNAJC10	0.4407639393939382
DNAJC11	-0.11170404040404058
DNAJC12	-1.8111447474747475
DNAJC13	0.7061023232323222
DNAJC15	-0.30688272727272725
DNAJC16	-0.15249090909090857
DNAJC17	-0.08202696969696976
DNAJC2	1.0226143434343449
DNAJC22	-0.330042053872055
DNAJC24	0.09372161616161723
DNAJC25-GNG10	0.5708034343434356
DNAJC28	-0.1791989898989894
DNAJC3	0.2243794949494955
DNAJC4	-0.10619814814814754
DNAJC6	0.5275175757575763
DNAJC7	0.04589767676767664
DNAJC8	0.3073901683501692
DNAJC9	1.1182841919191917
DNAL4	0.3019258585858582
DNALI1	-0.17298767676767657
DNASE1	-0.016973535353534963
DNASE1L1	0.12294979797979622
DNASE1L2	-0.04960989898989876
DNASE1L3	-2.940604949494948
DNASE2	0.037550555555555754
DNASE2B	0.013205353535354014
DND1	0.02698343434343453
DND1P2	0.034849898989899764
DNM1	-0.12567055555555484
DNM1L	0.9242141414141418
DNM2	0.020149191919191622
DNM3	0.2086336363636363
DNMBP	-0.4026335353535364
DNMT1	1.0861816161616167
DNMT3A	0.21664212121212234
DNMT3B	0.40157464646464636
DNMT3L	-0.7279926262626262
DNPEP	0.07417269360269252
DNPH1	0.3711973063973062
DNTT	-0.032509797979798805
DNTTIP2	0.505024242424243
DOC2A	-0.02141848484848463
DOC2B	-0.15379767676767742
DOCK1	-0.026733434343435114
DOCK10	-0.126641161616162
DOCK2	-0.2411760606060609
DOCK3	-0.04359272727272723
DOCK4	0.49117424242424246
DOCK5	-0.14156727272727299
DOCK6	0.002323292929292009
DOCK9	0.06616406060606073
DOHH	-0.05550922558922622
DOK1	-0.07068242424242488
DOK2	-0.18157070707070755
DOK3	-0.1135604040404039
DOK4	-0.21006255892255954
DOK5	0.10497303030303051
DOLK	0.7032742424242429
DOLPP1	0.09192979797979905
DONSON	0.9368750505050514
DOPEY1	-0.15348235690235779
DOPEY2	0.2012759595959599
DOT1L	-0.04657303030303073
DPAGT1	0.7211348484848488
DPEP1	-0.038816262626262255
DPEP2	-0.22078919191919244
DPEP3	-0.12125363636363673
DPF1	-0.10510363636363618
DPF2	0.5989755555555565
DPF3	-0.17482232323232338
DPH1	-0.2800788888888883
DPH2	0.4616593939393949
DPH5	0.12603580808080572
DPM1	0.5782377777777779
DPM2	0.24927424242424223
DPM3	0.47098000000000084
DPP3	0.6502853535353532
DPP4	0.3050613131313131
DPP6	-0.11873060606060637
DPP8	0.47833151515151506
DPPA4	-0.03797101010100956
DPT	-1.229936734006733
DPY19L1	0.0059518686868687
DPY19L2P2	0.13996616161616204
DPY19L4	0.7544956565656564
DPYD	-0.6191028282828288
DPYS	-1.5060079797979782
DPYSL2	-0.2049856565656576
DPYSL3	-0.05218732323232356
DPYSL4	-0.08400696969696897
DR1	0.6462077373737376
DRAM1	0.5944131313131313
DRAP1	0.654369696969697
DRC3	-0.059639595959596114
DRD1	-0.10345989898989849
DRD2	-0.10845315656565724
DRD3	-0.0034413131313133505
DRD4	-0.015086868686868815
DRD5	-0.04862404040403945
DRG1	0.6857195959595943
DRG2	0.26395792929292927
DRICH1	-0.05064525252525298
DROSHA	0.9480097979797977
DRP2	-0.2958731313131322
DSC1	-0.09817070707070652
DSC2	0.16975580808080837
DSC3	-0.10741454545454587
DSCAM	-0.2808103030303033
DSCC1	0.2966875757575762
DSCR3	-0.028301515151515133
DSCR4	-0.014667878787879562
DSE	-0.7049204040404051
DSG1	-0.3484529292929288
DSG2	0.5828804040404032
DSG3	-0.05402252525252482
DSN1	0.6599713131313143
DSP	0.5551130303030298
DSPP	-0.07382444444444447
DST	-0.051992967171718085
DSTN	0.28312454545454635
DSTNP2	0.17638818181818117
DSTYK	0.11357690235690221
DTL	2.2728242424242437
DTNA	0.18807702020201988
DTNB	-0.04288838383838289
DTWD1	0.09737717171717186
DTX2	-0.1987320202020202
DTX2P1-UPK3BP1-PMS2P11	-0.20276055555555583
DTX3	-0.09843020202020236
DTX4	-0.23449171717171602
DTYMK	1.0715111111111124
DUOX1	0.18379545454545454
DUOX2	0.18141848484848477
DUS1L	0.10543797979798075
DUS2	-0.10114469696969763
DUS4L	0.45350424242424214
DUSP1	-1.605964444444444
DUSP10	-0.5018698989898986
DUSP11	0.44201434343434265
DUSP12	1.0898458585858588
DUSP13	-0.020895151515150978
DUSP14	-0.03348090909090917
DUSP2	-0.3010291919191932
DUSP21	-0.07140000000000013
DUSP22	0.41903040404040404
DUSP26	-0.10027353535353534
DUSP3	0.18122198653198662
DUSP4	0.04556242424242418
DUSP5	-0.2537418181818172
DUSP6	-1.0503855892255887
DUSP7	0.18097722222222323
DUSP8	0.3037622222222227
DUSP9	0.9895045454545444
DUT	0.6237744781144778
DUX1	-0.12510025252525292
DUX4L2	-0.14265737373737286
DVL2	0.2909681313131314
DVL3	0.37883398989898875
DXO	0.1287831986531991
DXS542	-0.037081010101009504
DYM	-0.03504252525252527
DYNC1H1	0.7666945454545449
DYNC1I1	0.388547676767677
DYNC1I2P1	0.7026507070707071
DYNC1LI1	0.7052967676767672
DYNC1LI2	-0.2149028787878784
DYNC2H1	-0.051578181818180635
DYNC2LI1	0.40907707070707033
DYNLL1	0.932789595959596
DYNLRB1	0.7840262626262628
DYNLT1	0.4472816161616162
DYNLT3	0.1924593939393926
DYRK1A	0.017732996632996212
DYRK1B	-0.10992095959595982
DYRK2	0.5502098484848483
DYRK3	0.005291313131312592
DYRK4	0.08536151515151502
DYSF	-0.3140511111111124
DZANK1	-0.05924575757575745
DZIP1	-0.14040510101010195
DZIP3	0.2696667340067327
E2F1	0.1701732828282836
E2F2	-0.08693050505050559
E2F3	0.8484262121212112
E2F4	-0.13761732323232412
E2F5	0.32031388888888923
E2F6	0.7476579797979799
E2F8	0.6859411111111107
E4F1	0.11369696969696896
EAF2	0.1504876767676775
EAPP	0.2564178787878788
EBAG9	0.2163720707070702
EBF2	-0.04871151515151606
EBI3	-0.13586424242424222
EBLN2	-5.303030303238643e-05
EBNA1BP2	0.11078252525252541
EBP	-0.09838447811447892
ECD	0.7073372727272718
ECE1	-0.3206442929292921
ECE2	-0.09510787878787896
ECEL1	-0.11895898989898956
ECH1	-0.30569646464646283
ECHDC1	-0.1987883838383846
ECHDC2	-1.6512416161616166
ECHDC3	-1.073151919191921
ECHS1	-1.0242090909090908
ECI1	-0.4079375757575763
ECI2	-0.4192025252525262
ECM1	-2.3778707070707075
ECM2	-1.4771368686868689
ECRP	-0.15960616161616148
ECSIT	0.0009631313131315267
ECT2	2.0617808080808078
EDA	-0.06438119528619657
EDA2R	-0.0650289898989902
EDAR	-0.06291818181818165
EDC3	-0.016095454545454135
EDC4	0.05572474747474754
EDDM3A	-0.023251851851851413
EDDM3B	-0.05780979797979846
EDEM1	-0.5701143434343434
EDEM2	0.4295836363636365
EDEM3	0.6500416161616167
EDF1	-0.0389032828282847
EDIL3	-0.18447757575757562
EDN1	-0.31418424242424337
EDN2	-0.10673060606060591
EDN3	-0.1435884848484852
EDNRA	0.006249393939394388
EDNRB	-1.0605912121212118
EDRF1	0.1561067676767669
EEA1	0.08713080808080775
EED	0.4741555555555568
EEF1A1	0.08114575757575793
EEF1A1P42	-0.06348777777777936
EEF1A2	0.9282883838383835
EEF1B2	0.5340236363636386
EEF1D	0.22495535353535345
EEF1DP1	0.33151080808080735
EEF1E1	0.6681157575757579
EEF1G	-0.046569730639730356
EEF2	-0.11309580808080888
EFCAB1	-0.08948040404040469
EFCAB11	0.268218333333333
EFCAB14	0.17035055555555445
EFCAB2	0.40729303030303
EFCAB6	-0.06585181818181773
EFCC1	-0.20851878787878775
EFEMP1	-0.056767575757576516
EFEMP2	-0.39184515151515065
EFHC1	0.20038727272727375
EFHC2	-0.010327171717171346
EFHD1	-1.2169849494949494
EFHD2	0.45955797979797985
EFL1	0.5721748484848481
EFNA1	0.7280964646464625
EFNA2	-0.11947696969696997
EFNA3	0.13823686868686913
EFNA4	0.5077689898989903
EFNA5	-0.15082818181818203
EFNB1	-0.09668242424242379
EFNB2	0.47425888888888945
EFNB3	-0.16299297979797966
EFR3A	0.45479535353535283
EFR3B	-0.10900520202020259
EFS	-0.1506472222222217
EGF	-0.0029444444444446383
EGFL6	0.06929141414141426
EGFL7	-0.16684919191919256
EGFL8	-0.2385129797979797
EGFR	-0.3110475084175075
EGLN1	0.8100105050505073
EGLN2	0.2895437373737364
EGLN3	0.4069287878787877
EGR1	-2.819188030303031
EGR2	-0.8712833333333325
EGR3	-0.4130982828282832
EGR4	-0.04889131313131312
EHBP1	-0.5829898989898998
EHBP1L1	0.05630944444444452
EHD1	-0.07499991919191995
EHD2	-0.012604545454544258
EHD3	-0.9569474747474755
EHD4	0.8182869696969686
EHF	0.17133656565656574
EHHADH	-1.545750606060606
EHMT1	-0.07542080808080875
EHMT2	0.4408714646464649
EI24	-0.5740745959595959
EID1	0.13924612794612834
EIF1	0.27105052525252304
EIF1AX	0.19270774410774383
EIF1AXP1	-0.0062173737373729665
EIF1AY	-0.1296830303030312
EIF1B	0.44377484848484805
EIF2AK1	0.3826928787878794
EIF2AK2	0.006169595959596208
EIF2AK3	0.33764111111111195
EIF2B1	0.46977565656565545
EIF2B2	0.6693699999999998
EIF2B3	0.05839070707070704
EIF2B4	0.5432451010101005
EIF2B5	0.19815393939394088
EIF2D	0.943090202020203
EIF2S1	0.31220612794612723
EIF2S2	0.6071669696969684
EIF2S3	0.6008383838383837
EIF3A	0.5738529966329962
EIF3B	0.7878588888888896
EIF3CL	0.3415057575757583
EIF3D	0.8098005050505055
EIF3E	0.7319004040404025
EIF3F	0.32218989898989747
EIF3G	0.29460686868686814
EIF3H	0.8487515151515179
EIF3I	0.16309030303030347
EIF3J	0.4745007575757567
EIF3K	0.5266765993265974
EIF3L	0.35809434343434
EIF3M	0.3640126599326612
EIF4A1	-0.1377339393939394
EIF4A2	0.29130858585858554
EIF4A3	0.8473196969696986
EIF4B	0.03732338383838396
EIF4E	0.3260990572390563
EIF4E2	0.24232363636363718
EIF4EBP1	0.2514914141414142
EIF4EBP2	0.0735264141414147
EIF4ENIF1	0.6073062626262624
EIF4G1	0.050288989898990444
EIF4G2	0.29903924242424207
EIF4G3	0.49422252525252564
EIF4H	0.32273191919192
EIF5	-0.4202866464646471
EIF5A	-0.4474325925925937
EIF5A2	0.2036834343434344
EIF5B	0.46196968013468087
EIF6	0.5997428282828272
ELAC1	-0.15707858585858503
ELAC2	-0.03907439393939338
ELANE	-0.02780161616161525
ELAVL1	0.6160128787878794
ELAVL2	-0.034240707070707366
ELAVL3	-0.21607464646464614
ELAVL4	-0.07617868686868734
ELF1	-0.06492444444444168
ELF2	-0.08527681818181865
ELF3	0.6173314141414146
ELF4	0.20395994949495044
ELF5	-0.10817035353535287
ELK1	-0.21930518518518483
ELK3	0.23808484848484834
ELK4	0.08477966329966291
ELL	-0.040898838383838676
ELL2	-0.06036601010100906
ELL3	0.1516381313131312
ELMO1	0.2999111111111121
ELMO2	0.19624424242424343
ELMO3	-0.010294545454546444
ELN	-0.3490364141414135
ELOVL1	0.744096868686869
ELOVL2	0.9409348989898989
ELOVL4	0.09707363636363686
ELOVL5	0.263698013468014
ELOVL6	-0.49600777777777694
ELP3	0.0834262626262614
ELP4	0.4019712121212127
ELP5	0.16873909090908956
ELP6	-0.12766131313131268
ELSPBP1	-0.16010626262626326
EMC1	0.09890787878787854
EMC2	1.0083650505050494
EMC3	0.2117552020202016
EMC6	-0.06671090909090882
EMC7	0.3883451515151517
EMC8	0.4955752525252537
EMC9	0.2529883838383844
EMCN	0.20516848484848538
EMD	0.1412669696969706
EMG1	0.7294001010101008
EMID1	-0.01455969696969639
EMILIN1	-0.5538032323232325
EMILIN2	-0.17678737373737397
EML1	-0.027040404040405086
EML2	-0.01818791245791207
EML3	-0.20057929292929266
EML4	0.5869968686868692
EMP1	0.10805599326599324
EMP2	-0.3301148484848504
EMP3	-0.2669269696969687
EMSY	0.06927363636363726
EMX1	-0.11174388888888886
EMX2	-0.06251171717171733
EN1	-0.030858383838383574
EN2	-0.0901421212121214
ENAH	1.9463142424242434
ENC1	-0.1746759595959606
ENDOD1	-0.19952151515151506
ENDOG	-0.5137863636363642
ENDOU	-0.027842121212121373
ENG	-0.5435626767676771
ENGASE	-0.3063700505050502
ENO1	0.9315779797979786
ENO1B	-0.10060787878787814
ENO2	0.13581676767676765
ENO3	-2.16174181818182
ENOPH1	0.7948784848484856
ENOSF1	-0.41339915824915785
ENOX1	-0.05455131313131334
ENOX2	0.22253986531986492
ENPEP	-1.0923854545454539
ENPP1	-0.4453148989898983
ENPP2	1.437457323232323
ENPP3	-0.18587121212121183
ENPP4	0.7980558080808065
ENSA	0.7273884848484853
ENTPD1	0.15068070707070724
ENTPD2	-0.058270808080807424
ENTPD3	-0.045189595959596485
ENTPD4	-0.09981686868686612
ENTPD5	-1.1787205050505047
ENTPD6	0.6535726262626289
ENTPD7	0.06079747474747421
ENY2	0.6327896969696987
EOGT	0.34339010101010103
EP300	0.21657136363636376
EP400	0.2563967171717172
EPAS1	-0.277030959595959
EPB41	-0.06090055555555507
EPB41L1	0.17118831649831634
EPB41L2	0.2562941414141413
EPB41L3	-0.010521447811448148
EPB41L4A	-0.12014626262626216
EPB41L4A-AS2	-0.13465707070707156
EPB41L4B	-1.2312788383838376
EPB41L5	-0.08642010101010156
EPB42	-0.2697440404040399
EPC1	-0.041577979797979836
EPCAM	0.8878066666666671
EPHA1	0.10253979797979706
EPHA2	-0.867907474747474
EPHA3	-0.34002720538720466
EPHA4	0.003810000000000091
EPHA5	-0.0908208585858592
EPHA7	-0.08161747474747472
EPHB1	-0.20949484848484712
EPHB2	-0.02470303030303045
EPHB3	-0.11640222222222185
EPHB4	0.020930808080807495
EPHB6	-0.15431191919191933
EPHX1	-0.2612511111111111
EPHX2	-1.936537373737374
EPHX3	-0.04316737373737389
EPM2A	-0.22348747474747466
EPM2AIP1	0.05669151515151594
EPN1	-0.19176313131313094
EPN2	-0.04013595959595939
EPN3	-0.09873686868686837
EPO	0.01678550505050458
EPOR	-0.32716518518518534
EPPIN	0.0028063636363637734
EPPK1	0.6788476767676763
EPRS	1.0555161616161621
EPS15	0.026203434343433862
EPS15L1	0.1517706060606061
EPS15P1	-0.0016510101010109857
EPS8	0.18906525252525164
EPS8L1	-0.1031834949494943
EPS8L2	-0.25446343434343444
EPS8L3	0.8948979797979808
EPX	-0.09341141414141374
EPYC	-0.08439090909090963
ERAL1	0.42366040404040195
ERAP1	0.027505387205386533
ERAP2	0.05974888888888863
ERBB2	-0.3999682828282829
ERBB3	0.009515808080807986
ERBB4	-0.03779964646464684
ERBIN	0.4586289898989886
ERC1	-0.08953277777777835
ERC2	-0.01141030303030277
ERC2-IT1	-0.19784979797979796
ERCC1	0.3423595454545447
ERCC2	0.1330392929292934
ERCC3	0.3619409090909107
ERCC4	-0.14097737373737385
ERCC5	-0.391331010101009
ERCC6	-0.006691111111111425
ERCC6L	0.24933090909090838
ERCC8	0.2342532323232307
EREG	0.07627959595959632
ERF	0.0942172727272732
ERG	-0.11656804713804725
ERGIC2	0.5373884848484876
ERGIC3	0.16894742424242448
ERH	0.5526667676767687
ERI2	0.13265121212121223
ERI3	0.388125858585858
ERICH1	-0.2525254545454545
ERLIN1	-0.6535844949494951
ERLIN2	-0.22383606060606098
ERMAP	-0.2548278787878795
ERMP1	0.6430110101010111
ERN1	-0.09621181818181812
ERN2	-0.3119550505050501
ERO1A	0.49195717171717046
ERO1B	0.3794482828282817
ERP29	-0.1286761616161609
ERP44	0.19658047138047152
ERV3-2	0.6615508080808077
ERVH-6	-0.16994555555555513
ESD	-0.2823736026936041
ESF1	0.9453680808080795
ESM1	0.8053143434343433
ESPL1	0.5554047474747472
ESR1	-0.505481351010101
ESR2	-0.046031070707070576
ESRP1	0.26660656565656593
ESRP2	-0.8003447474747478
ESRRA	-0.06282590909090757
ESRRB	-0.028184848484848146
ESRRG	-0.20243575757575805
ESYT1	0.22327888888889014
ETF1	0.5520973232323225
ETFA	-0.3081087878787869
ETFB	-0.24439010101010084
ETFDH	-1.7555497474747472
ETHE1	-0.20682171717171904
ETNK1	0.3931370707070725
ETNK2	-0.9195764646464655
ETNPPL	-2.5255389898989904
ETS1	-0.11934141414141397
ETS2	-0.9533932828282818
ETV1	0.05449842424242446
ETV2	-0.05750757575757648
ETV3	-0.04197252525252537
ETV4	0.17684626262626235
ETV5	0.26579885521885593
ETV6	-0.042961212121211734
ETV7	-0.14163424242424272
EVA1B	-0.010658333333333658
EVC	-0.2321651010101009
EVI2A	-0.047097070707070365
EVI2B	-0.6190352525252516
EVI5	-0.16280646464646598
EVL	-0.3346934343434329
EVPL	-0.01325737373737379
EVX1	-0.12681313131313088
EWSR1	0.19941760942760833
EXD2	-0.17190404040403973
EXD3	0.06918262626262717
EXO1	0.4855810101010105
EXO5	-0.09567888888888909
EXOC1	0.14849191919191984
EXOC2	0.5320783838383836
EXOC3	0.36760070707070636
EXOC4	-0.05020464646464706
EXOC5	0.20170333333333357
EXOC6B	-0.05746151515151521
EXOC7	0.11963971717171695
EXOG	0.1662066161616158
EXOSC1	-0.13213414141414104
EXOSC10	0.44855777777777917
EXOSC2	0.25614782828282845
EXOSC4	0.7235492255892249
EXOSC5	0.4157609090909098
EXOSC7	0.39223333333333343
EXOSC8	0.5357324242424255
EXOSC9	0.409285555555555
EXPH5	-1.001039393939394
EXT1	-0.14627247474747396
EXT2	0.26328747474747516
EXTL1	-0.13209929292929345
EXTL2	-0.040473737373737606
EXTL3	0.041560707070706915
EYA1	-0.04115010101010075
EYA2	-0.3114313131313131
EYA3	-0.0769317171717172
EYA4	-0.06998929292929379
EZH1	-0.014801683501683982
EZH2	1.0563872727272727
EZR	-0.0817863131313139
F10	-0.23995424242424157
F11	-2.248205555555556
F11R	0.1135136363636331
F12	-0.6534833838383829
F13A1	0.37889777777777756
F13B	-0.8462311111111118
F2	-0.7349209090909099
F2R	-0.02230545454545485
F2RL1	0.1465441919191921
F2RL2	-0.13290757575757528
F2RL3	-0.030500101010100256
F3	-0.49200727272727285
F5	-0.15010050505050643
F7	-0.9350459595959588
F8	-0.8941059595959597
F8A1	0.08801404040403948
F9	-2.6616878787878786
FA2H	-0.0392204040404045
FAAH	-0.9849346464646462
FAAP100	-0.006099292929293121
FAAP24	0.01816969696969739
FABP1	-1.0141428282828269
FABP2	-0.15371313131313125
FABP3	0.040646717171717306
FABP3P2	-0.22473484848484881
FABP4	0.4244441414141411
FABP5P2	2.1152011111111113
FABP6	-0.007889292929292857
FABP7	-0.06626111111111133
FADD	0.6056232323232305
FADS1	1.707894242424242
FADS2	0.8303761616161616
FADS3	0.09608409090909031
FAF1	0.5280109090909102
FAF2	0.20636242424242468
FAH	-1.14020888888889
FAHD2A	-1.2806117676767679
FAHD2P1	-0.14645262626262623
FAIM	0.6001244444444445
FAIM2	-0.06134000000000084
FAM102A	-0.3160378787878777
FAM105A	0.003716565656565418
FAM106A	-0.11870949494949601
FAM107A	-0.18758035353535352
FAM110B	0.22510383838383774
FAM110D	-0.03393444444444427
FAM111A	0.11918101010100912
FAM114A1	0.041396161616162885
FAM114A2	0.3766939393939399
FAM117A	-0.20767828282828305
FAM118A	-0.07338666666666693
FAM120A	0.0502196969696973
FAM120C	0.02719848484848475
FAM124B	0.08297888888888894
FAM127A	0.6454512121212117
FAM129A	0.2377432828282826
FAM131A	0.40927303030303186
FAM131B	-0.07032525252525224
FAM134A	0.5636852020202028
FAM134B	-1.136606944444444
FAM134C	0.11856434343434152
FAM135A	-0.08722161616161594
FAM136A	0.5176227272727285
FAM13A	-2.07019915824916
FAM13B	0.2958875757575772
FAM13C	-0.07960020202020157
FAM149A	-1.6852845791245805
FAM149B1	0.15812868686868686
FAM153A	-0.12247621212121196
FAM153C	0.017598787878787103
FAM155A	-0.03934222222222239
FAM155B	0.12034222222222146
FAM160B2	-0.06416959595959604
FAM162A	-0.28370025252525366
FAM163A	-0.06688191919191988
FAM168A	0.24675782828282777
FAM168B	0.5555873737373735
FAM169A	0.18349565656565625
FAM171A1	-0.640141515151516
FAM172A	0.25274979797979835
FAM173A	0.01524010101010198
FAM174B	0.0210983501683506
FAM175B	0.36544924242424237
FAM179B	0.27353838383838713
FAM182B	-0.038221363636363304
FAM184A	0.15994050505050517
FAM188A	-0.27772252525252483
FAM189A1	-0.0947835353535349
FAM189A2	-0.13484393939393913
FAM189B	0.8566176767676756
FAM192A	0.17251242424242363
FAM193A	0.5108802020202043
FAM193B	-0.4338634343434338
FAM198B	-0.06435535353535293
FAM204A	0.058132424242424374
FAM205BP	-0.02771515151515125
FAM206A	0.2625332323232321
FAM208A	0.7407451010101029
FAM208B	0.4656623737373744
FAM20B	0.49807895622895604
FAM212B	-0.07138747474747476
FAM214B	-0.13007863636363481
FAM215A	-0.04499828282828222
FAM216A	0.8656153535353526
FAM21A	1.020773232323232
FAM21D	0.8087259595959599
FAM222B	0.4737351515151529
FAM234B	-0.028689040404040522
FAM30A	-0.06110383838383848
FAM32A	0.08535242424242373
FAM35A	-0.19883666666666677
FAM3A	0.10130237373737483
FAM3C	0.21622040404040455
FAM46A	-0.6174333333333326
FAM46C	-0.11588252525252551
FAM49A	0.12306171717171699
FAM49B	0.21365356902357036
FAM50A	1.0317702020202013
FAM50B	-0.03910515151515437
FAM53B	0.16954282828282885
FAM53C	0.44180585858585797
FAM57A	0.2276624242424239
FAM60A	1.0289816161616159
FAM63A	0.12708535353535488
FAM63B	0.054410252525252556
FAM64A	0.1618954545454545
FAM65A	-0.123343838383839
FAM65B	-0.15966989898989858
FAM69A	-0.3265179797979787
FAM76A	-0.07228050505050554
FAM83E	-0.1085732323232329
FAM86B1	0.15918545454545452
FAM86C1	0.03361818181818199
FAM86DP	0.02623616161616127
FAM89B	0.11185944444444473
FAM8A1	-0.1660900000000023
FAM90A1	-0.03000656565656623
FAM96B	-0.14846292929292915
FAM98A	0.4359507070707078
FAN1	-0.010359292929291719
FANCA	0.13533232323232403
FANCC	-0.9273579797979794
FANCE	0.1600177777777776
FANCF	0.6524879797979803
FANCG	0.8415409090909094
FANCI	1.1838904040404046
FANCL	-0.04389909090908972
FAP	0.19583969696969605
FAR2	0.06812343434343404
FARP1	0.0973306060606065
FARP2	-0.6327671717171723
FARS2	0.14215212121211973
FARSA	0.371705808080808
FAS	-0.667399772727272
FASLG	-0.09068863636363611
FASN	0.1962878282828262
FASTK	0.2889153198653194
FASTKD1	0.30921757575757614
FASTKD2	0.1900393434343437
FASTKD3	0.8666929292929284
FASTKD5	0.5251272727272731
FAT1	0.9194543434343432
FAT2	-0.02797040404040363
FAT4	-0.46613464646464564
FAU	0.2808795959595951
FAXDC2	-1.075270033670031
FBL	1.0639588888888891
FBLN1	0.017544646464646263
FBLN2	-0.11100333333333356
FBLN5	-1.340661212121212
FBN1	0.2290663131313142
FBN2	-0.07576929292929213
FBP1	-2.458350808080806
FBP2	-0.10690777777777827
FBRS	-0.09171040404040287
FBXL12	0.07067393939393973
FBXL14	0.049620404040404686
FBXL15	0.15013888888888793
FBXL18	0.12565464646464575
FBXL2	0.01834060606060639
FBXL4	0.15630646464646425
FBXL5	0.13030616161616226
FBXL6	0.3075966666666652
FBXL7	0.25548686868686943
FBXL8	-0.056148080808080536
FBXO11	0.22790659932659985
FBXO17	-0.11708181818181984
FBXO2	-0.3677685858585855
FBXO21	-0.40212040404040295
FBXO22	0.017218787878788167
FBXO24	-0.07798676767676715
FBXO28	0.2582892424242411
FBXO3	-0.1002783838383845
FBXO31	-0.11331915824915928
FBXO34	0.27307020202020027
FBXO38	0.0611897979797984
FBXO4	0.007764343434343068
FBXO40	-0.22011464646464596
FBXO41	0.05446141414141392
FBXO42	0.010051515151514145
FBXO46	0.35708626262626275
FBXO5	0.7476415151515163
FBXO7	-0.12679101010101057
FBXO9	0.34366164983164893
FBXW11	0.1294508080808079
FBXW12	-0.28616545454545417
FBXW2	0.4053286868686863
FBXW4	-0.024405606060605045
FBXW4P1	-0.0028888888888882747
FBXW7	-0.2900986868686868
FCAR	-0.04402648484848415
FCER1A	-0.19857727272727344
FCER1G	-0.09829636363636496
FCER2	-0.14956075757575737
FCF1	-0.03233439393939408
FCGBP	0.2010041414141428
FCGR1A	0.11056328282828254
FCGR1B	0.1510359595959594
FCGR2A	0.3411857575757571
FCGR2B	-1.3872004040404047
FCGR2C	-0.2726297979797989
FCGR3B	-0.4003821717171725
FCGRT	-0.8026609090909096
FCHO1	-0.18559444444444528
FCHSD2	-0.3052748484848484
FCMR	-0.31335984848484877
FCN1	-0.15080080808080787
FCN2	-1.448133737373738
FCN3	-3.361190909090909
FCRL2	-0.08467363636363645
FDFT1	0.724655404040405
FDPS	1.461180909090908
FDPSP5	0.17111010101010038
FDX1	-0.29721833333333336
FDXR	-0.04869454545454577
FECH	0.23318757575757587
FEM1B	0.3438483164983168
FEM1C	0.23997787878787946
FEN1	1.4720732828282834
FER	-0.013730151515151778
FER1L4	-0.002834949494949335
FERMT1	0.5236103535353531
FERMT2	-0.7322578787878777
FES	-0.12486151515151445
FETUB	-0.7633353872053874
FEV	-0.10764606060606097
FEZ1	-0.5084287373737366
FEZ2	0.2156134006734005
FEZF2	-0.15447939393939336
FFAR2	-0.008766464646464911
FGA	-0.9384892929292956
FGB	-0.8734033838383866
FGD1	-0.05921010101010182
FGD2	-0.20725383838383804
FGD6	0.30760050505050573
FGF1	-0.059326919191918126
FGF12	-0.029694292929293375
FGF13	0.6912029292929285
FGF14	-0.03472919191919166
FGF16	-0.03900828282828206
FGF17	-0.13422353535353437
FGF18	-0.048535353535353654
FGF2	0.027412070707070857
FGF20	-0.09042545454545481
FGF21	0.8281787878787874
FGF22	-0.06971020202020206
FGF23	-0.07710666666666599
FGF3	-0.06416030303030462
FGF4	-0.09658191919191905
FGF5	-0.1320983164983165
FGF6	-0.15048959595959577
FGF7	-0.0645797979797984
FGF8	-0.08748707070707074
FGF9	-0.04623515151515134
FGFBP1	-0.1470481818181817
FGFR1	-0.1338757407407405
FGFR1OP	-0.033955656565656245
FGFR2	-0.29971757575757607
FGFR3	-0.09202858585858564
FGFR4	0.4500513636363639
FGG	-0.5791444444444434
FGGY	0.10573212121212183
FGL1	-0.6266337373737354
FGL2	-0.4025079797979805
FGR	-0.2568635353535358
FH	0.09545794612794545
FHIT	0.3644417171717169
FHL1	-0.4257159191919193
FHL2	-0.29692323232323226
FHL3	0.013840202020202419
FHL5	-0.05796373737373717
FHOD1	-0.11080848484848538
FHOD3	0.009762626262626029
FIBP	0.9235086868686855
FICD	0.13505626262626347
FIG4	0.3710308080808078
FIGF	0.2633717171717178
FILIP1L	-0.325844040404041
FIP1L1	0.28362737373737446
FIS1	0.10218868686868632
FJX1	0.024762727272727325
FKBP10	0.16394939393939456
FKBP11	1.0822627777777791
FKBP14	0.22808969696969683
FKBP15	0.02653282828282766
FKBP1A	0.44341480808080735
FKBP1B	0.12063416666666704
FKBP2	-0.2643622222222213
FKBP3	0.39357707070707093
FKBP4	0.3320503535353545
FKBP5	-0.027179797979799858
FKBP6	-0.0904353535353537
FKBP8	0.029738484848483182
FKBP9	0.6129378787878768
FKBPL	-0.04922373737373764
FKRP	0.05845707070707107
FKSG49	-0.45939979797979724
FKTN	0.5191169696969684
FLAD1	0.8563271717171732
FLCN	-0.1810088888888881
FLG	-0.05146727272727292
FLI1	-0.13070575757575842
FLII	0.12928592592592558
FLJ10038	-0.057455707070707795
FLJ10232	-0.08868878787878742
FLJ10246	-0.13310868686868638
FLJ11710	-0.10573585858585899
FLJ11827	-0.13330595959595914
FLJ11996	-0.05546404040404029
FLJ12078	-0.005870505050505237
FLJ12151	-0.3399638383838388
FLJ12547	-0.10360070707070701
FLJ12616	-0.11674909090909136
FLJ13224	-0.09660141414141465
FLJ13310	-0.017703939393939994
FLJ13769	-0.13686333333333334
FLJ14031	-0.13928525252525192
FLJ14082	0.23265858585858634
FLJ14100	-0.12940080808080756
FLJ14126	-0.08653676767676766
FLJ14327	-0.21777464646464617
FLJ20712	-0.0686515151515148
FLJ21272	-0.385373636363636
FLJ21369	-0.13873888888888875
FLJ22596	-0.1329643434343435
FLJ23519	0.012561111111111245
FLJ42627	-0.07217424242424242
FLNA	-0.059424309764309236
FLNB	0.32373151515151477
FLNC	0.29035939393939536
FLOT1	0.31501830808080733
FLOT2	0.16242388888888826
FLRT1	-0.08030656565656624
FLRT2	-0.45301555555555595
FLRT3	-0.033759494949494595
FLT1	0.13876966329966312
FLT3	-0.2376123232323235
FLT3LG	-0.06355292929292933
FLT4	-0.07556686868686802
FLVCR2	0.033283131313131875
FMNL1	-0.026273737373736505
FMNL2	0.03350353535353534
FMO1	0.6047323232323238
FMO2	-1.0406597979797976
FMO3	-1.8434521717171712
FMO4	-1.2570558585858587
FMO5	-0.5465557070707057
FMO6P	-0.06803717171717105
FMOD	-0.27524292929292926
FMR1	0.4633377777777774
FN1	-0.24644942760942357
FN3K	-0.06593373737373787
FN3KRP	0.5978230303030303
FNBP1	0.08315732323232439
FNBP1L	0.9794064646464653
FNBP4	0.18688474747474615
FNDC11	-0.04562424242424212
FNDC3A	-0.33307303030303004
FNDC3B	0.9896384848484852
FNDC4	-0.9022983838383833
FNDC8	-0.12825050505050495
FNTA	0.4320029797979794
FNTB	0.040282053872054746
FOCAD	0.7667294949494954
FOLH1	-1.2938210101010101
FOLH1B	-1.9414241414141422
FOLR1	-0.4243903535353537
FOLR2	-0.4024677777777752
FOLR3	-0.07025343434343423
FOS	-3.740732020202019
FOSB	-2.4796470707070704
FOSL1	-0.2576119191919197
FOSL2	-0.04603898989898969
FOXA1	0.39220858585858664
FOXA2	-0.18779888888888951
FOXB1	-0.0788489898989897
FOXC1	0.01575737373737418
FOXC2	-0.06536636363636372
FOXD1	-0.060827575757576025
FOXD2	-0.0013841414141415598
FOXD3	-0.053253838383838126
FOXD4L1	-0.14973979797979764
FOXE1	-0.06775974747474667
FOXE3	0.017622222222223094
FOXF1	-0.5212917171717169
FOXF2	-0.008057171717172018
FOXG1	-0.035903232323232004
FOXH1	-0.21536848484848425
FOXI1	-0.06319525252525215
FOXJ1	-0.047276262626263055
FOXJ2	-0.019495252525252305
FOXJ3	0.007853535353535612
FOXK2	0.94431181818182
FOXL1	-0.05223898989899034
FOXL2	-0.06387646464646446
FOXM1	1.1819377777777786
FOXN1	-0.039122626262626525
FOXN2	0.11739333333333368
FOXN3	0.02977552188552135
FOXN3-AS2	-0.1236411111111102
FOXO1	-1.035216262626263
FOXO3	-0.04057080808080826
FOXO4	-0.14200878787878857
FOXP1	-0.640026868686868
FOXP3	-0.07335393939393908
FOXRED2	0.09839565656565519
FPGS	-0.2524359595959593
FPGT	0.5806680808080804
FPR1	-0.3306280303030307
FPR2	-0.08817439393939397
FPR3	-0.12840434343434382
FRA10AC1	-0.4334950505050488
FRAS1	-0.04738353535353523
FRAT1	0.3365346464646457
FRAT2	0.6794980808080808
FRG1	0.0038263636363646825
FRG1JP	0.34630898989898995
FRK	0.11334646464646436
FRMD1	-0.1145074747474748
FRMD4A	-0.21224454545454474
FRMD4B	-0.3913891245791241
FRMD8	-0.11715303030303037
FRMPD1	-0.03157767676767742
FRMPD4	-0.11407525252525241
FRRS1L	0.2949258585858585
FRS2	-0.1080560606060601
FRS3	-0.006171111111111571
FRY	0.23009390572390576
FRYL	0.14361101010101063
FRZB	0.11776919191919255
FSCN1	0.010379646464645731
FSCN2	-0.08282474747474744
FSCN3	-0.1100830303030298
FSHB	-0.19983383838383828
FSHR	-0.0781117171717165
FST	-0.6649218686868696
FSTL1	-0.4609608080808085
FSTL3	-0.1463657575757571
FSTL4	-0.15289202020202053
FTCD	-2.233430707070708
FTH1	0.4783071717171712
FTH1P5	0.5107512121212103
FTL	0.20579727272727233
FTO	-0.3976461111111096
FTSJ1	0.4868821212121226
FTSJ3	0.5990038383838376
FUBP1	0.4773198737373745
FUBP3	0.2507128282828299
FUCA1	-0.4494229292929308
FURIN	-0.387342323232323
FUS	0.2382520875420866
FUT1	0.16745959595959636
FUT2	0.08840878787878825
FUT3	-0.17697555555555589
FUT4	0.15583848484848506
FUT5	-0.09850484848484786
FUT6	-0.35802557575757543
FUT7	-0.1607208080808089
FUT8	0.03570313131313174
FUT9	-0.04722818181818189
FUZ	-0.2521531313131318
FXN	-0.8815473737373738
FXR1	0.5100803367003373
FXR2	-0.24498239057239068
FXYD1	-2.319655353535355
FXYD2	-0.3093430303030287
FXYD3	0.18384686868686906
FXYD5	-0.06606914141414233
FXYD6	-0.8083563636363635
FXYD7	-0.14088494949495
FYB	-0.2913101346801348
FYCO1	0.1482963636363639
FYN	-0.8910952272727268
FZD1	-0.3058090909090909
FZD10	-0.07563131313131333
FZD2	-0.03991989898989967
FZD3	0.040493333333333936
FZD4	-0.6080476767676757
FZD5	0.2968549999999981
FZD6	0.9309692929292921
FZD7	0.03340287878787862
FZD8	-0.11661444444444413
FZD9	-0.051547777777777526
FZR1	-0.01932919191919158
G0S2	-1.1666152525252524
G3BP1	0.3210028956228941
G3BP2	0.06072845117845027
G6PC	-1.4630429292929286
G6PC2	-0.06516535353535424
G6PC3	0.19222520202020021
G6PD	1.1624409090909085
GAA	-0.003814848484850586
GAB1	-0.1281209595959596
GAB2	0.3645265656565657
GABARAP	-0.21680727272727474
GABARAPL1	-1.3651328282828281
GABARAPL2	0.02374565656565686
GABARAPL3	-0.9398811616161611
GABBR1	-0.4745405050505038
GABBR2	0.10228785353535486
GABPAP	-0.046080404040404144
GABPB1	0.43015409090909085
GABRA1	-0.08214212121212094
GABRA2	0.11757181818181905
GABRA3	-0.11283676767676765
GABRA4	-0.08028080808080773
GABRA5	-0.09991934343434394
GABRA6	-0.044811818181816676
GABRB1	-0.035252222222222684
GABRB2	-0.17773484848484777
GABRB3	-0.11661353535353536
GABRD	0.05384666666666682
GABRE	1.1511955555555557
GABRG2	-0.07388595959596023
GABRG3	-0.055059797979797764
GABRP	-0.776810909090909
GABRQ	-0.1415596969696966
GABRR1	-0.06676616161616211
GABRR2	-0.21839191919191858
GAD1	0.20917343434343483
GAD2	-0.09894043771043792
GADD45A	-1.551622222222223
GADD45B	-1.1991217676767674
GADD45G	-0.9851627272727272
GADD45GIP1	0.4251368686868684
GAGE12J	0.7547899999999998
GAGE2A	0.6172103030303031
GAGE2C	-0.4844994949494952
GAGE3	0.5886253535353534
GAGE7	0.8254742424242423
GAK	0.08149484848484878
GAL	-0.016800505050505343
GAL3ST1	0.6946811111111115
GAL3ST4	-0.03669929292929375
GALC	0.18726308080808174
GALE	0.05365191919191936
GALK1	0.2523986868686876
GALK2	0.19034535353535276
GALNS	-0.4201930303030297
GALNT1	0.5043512794612814
GALNT10	0.19718498989898947
GALNT11	0.27751414141414
GALNT12	0.156821717171717
GALNT14	-0.21814646464646525
GALNT2	0.0713260942760936
GALNT3	-0.21614929292929297
GALNT4	-0.007759393939394066
GALNT6	-0.022074747474748246
GALNT7	0.35501999999999967
GALNT8	-0.1632478787878786
GALR1	-0.07107545454545416
GALR2	-0.03359616161616108
GALR3	-0.08177212121212118
GAMT	-0.8395551515151531
GAN	-0.06205520202020143
GANAB	-0.0418923737373742
GAP43	-0.057689427609427746
GAPDH	0.6357165488215504
GAPDHP32	-0.033194444444444304
GAPDHP66	-0.044142525252524045
GAPDHS	-0.04907646464646476
GAPVD1	0.226611313131313
GAR1	0.2101756565656565
GAREM1	-0.36583161616161686
GARNL3	0.05152888888888851
GARS	1.0932351515151524
GART	0.28336076767676843
GAS1	-0.5509304545454548
GAS2	-0.6355971717171718
GAS2L1	0.2993741077441081
GAS6	-0.7627424747474763
GAS7	0.004558323232322969
GAS8	-0.22396494949494805
GAS8-AS1	-0.13017838383838365
GAST	-0.07842989898989838
GATA1	-0.08328525252525276
GATA2	-0.07562801346801384
GATA3	-0.17045589225589186
GATA4	0.12138242424242396
GATA6	-0.5822501010101
GATAD1	0.25200208754208653
GATAD2A	0.5481966666666658
GATB	-0.21034505050505103
GATC	-0.09939494949494954
GATM	-0.772110808080809
GBA3	-3.073374747474748
GBAP1	0.8058272053872066
GBAS	0.6158374747474751
GBE1	-0.49544505050505094
GBF1	0.21991464646464554
GBP1	-0.7082173232323221
GBP2	1.033952525252527
GBX2	-0.11262939393939364
GC	-0.5447316161616147
GCA	0.4385755555555546
GCAT	-0.5226607575757587
GCC1	0.14118333333333233
GCC2	-0.11437030303030316
GCDH	-1.862125252525253
GCFC2	-0.0358651010101001
GCG	0.005286969696968846
GCGR	-1.5762485858585862
GCH1	-1.6498598989898987
GCHFR	-0.5600863636363638
GCK	-0.034663131313131146
GCKR	-1.815642727272726
GCLC	-0.4475981313131303
GCLM	0.07285111111111053
GCM1	-0.09244656565656584
GCM2	-0.0766807070707074
GCN1	0.5328184848484847
GCNT1	0.013989494949494752
GCNT1P1	-0.03935111111111089
GCNT2	-0.22128252525252634
GCNT3	0.4204491919191917
GCNT4	-0.16578060606060596
GCOM1	0.3286833333333332
GCOM2	0.248348787878788
GDAP1	0.0941923232323223
GDAP1L1	-0.029668484848484944
GDAP2	0.03902878787878716
GDE1	0.20181070707070603
GDF10	-0.0020458585858587064
GDF11	-0.0035774747474750512
GDF15	0.22707919191919146
GDF2	-0.2727018181818184
GDF3	-0.13497141414141467
GDF5	-0.09259575757575744
GDF7	-0.4186378787878784
GDF9	-0.07994383838383845
GDI1	0.4566451515151515
GDI2	0.18963792929292822
GDNF	-0.037769191919192036
GDPD2	-0.12532979797979849
GDPD3	0.03854080808080873
GDPD5	-0.08513909090909078
GEM	-0.8905282828282832
GEMIN2	0.3406114898989907
GEMIN4	-0.0664286363636366
GEMIN6	0.6328713131313135
GEMIN7	-0.08804404040404012
GEMIN8	-0.10616515151515182
GFAP	-0.08492429292929327
GFER	-0.04139010101010143
GFI1	-0.13672424242424253
GFI1B	0.01430747474747518
GFM1	-0.002155454545454738
GFOD1	-0.5424001010101014
GFOD2	-0.36790227272727183
GFPT1	0.74213808080808
GFPT2	-0.02848767676767716
GFRA1	-0.25256000000000034
GFRA2	-0.18073914141414082
GFRA3	-0.04930010101010218
GFRA4	-0.17815939393939395
GGA1	0.0824872979797977
GGA2	0.10267047979797983
GGA3	0.19466797979798045
GGCT	0.8022984848484835
GGCX	0.18083872053872074
GGH	0.7190501010101027
GGNBP2	0.37835202020202097
GGPS1	1.0222970707070704
GGT1	-0.6012399797979802
GGT2	-0.5876372727272727
GGT5	-1.0551608080808093
GGTLC1	-0.2366345959595968
GH1	-0.022011186868687638
GH2	-0.08281234848484864
GHITM	-0.16894601010100807
GHR	-2.7091007070707063
GHRH	-0.08272090909090846
GHRHR	0.07687558922558857
GHSR	-0.06652444444444461
GID4	-0.005730202020201691
GID8	0.5800907070707071
GIF	-0.17603666666666573
GIGYF2	0.14621030303030302
GIMAP4	-0.488684747474748
GIMAP5	-0.26424055555555626
GIMAP6	-0.40064121212120885
GIN1	0.175707575757575
GINS1	2.374765656565658
GINS2	0.6456485858585852
GINS3	0.2699551515151515
GINS4	0.42678858585858626
GIP	-0.06693030303030323
GIPC1	0.38768494949494947
GIPC2	-0.31000141414141424
GIPR	-0.1530529292929299
GIT1	-0.016279494949493767
GIT2	0.02910696969697124
GJA1	1.1742928282828275
GJA3	-0.11330989898989818
GJA4	-0.07443282828282793
GJA5	-0.08754404040404085
GJA8	-0.16953909090909036
GJA9	0.02701863636363644
GJB1	-0.3502614141414151
GJB3	-0.1095722895622897
GJB4	-0.17118292929292922
GJB5	-0.04391151515151526
GJB6	-1.0549257575757585
GJC1	-0.0363804040404041
GJC2	-0.1120858585858584
GJD2	-0.13236585858585936
GK	-0.564709777777777
GK2	-0.12557616161616147
GK3P	-0.2778018181818185
GKN1	-0.07723868686868673
GLA	0.9260502020202015
GLB1	0.6467252525252514
GLB1L	0.035280303030302385
GLB1L2	0.08366090909090929
GLCE	0.5015155555555557
GLDC	-0.675650101010099
GLE1	0.041367121212120495
GLG1	0.10422444444444423
GLI1	-0.10232343434343472
GLI2	-0.09112515151515144
GLI3	-0.5148611111111112
GLIPR1	0.026729865319865986
GLMN	0.39418878787878775
GLO1	0.41902737373737153
GLOD4	-0.4155398989898993
GLP1R	-0.11806042424242458
GLP2R	-0.040789191919191836
GLRA1	-0.09477727272727288
GLRA2	-0.10513494949495028
GLRA3	-0.0593866666666667
GLRB	0.12884388888888854
GLRX	-0.5780396969696966
GLRX2	0.901984242424243
GLRX3	0.41766750841750877
GLRX3P2	0.3304557575757565
GLRX5	0.09642454545454449
GLS	0.5737723838383841
GLS2	-3.426035555555555
GLT8D1	-0.19376565656565514
GLT8D2	-0.3059153535353536
GLTP	0.2171049494949493
GLTSCR1	-2.1717171716062467e-05
GLTSCR1L	0.19097898989898887
GLTSCR2	-0.018571616161615623
GLUD1	-0.8114346464646438
GLUD2	0.03454747474747499
GLUL	0.5775098989898986
GLULP3	-0.056652222222222104
GLYAT	-3.1740017171717163
GLYR1	0.061071742424244846
GM2A	0.3897470875420881
GMCL1	0.7255589898989898
GMDS	0.3592633333333328
GMEB1	0.10039080808080758
GMEB2	0.2065921717171708
GMFB	1.3902056565656569
GMFG	-0.40068858585858447
GMIP	0.04093020202020181
GML	-0.1268972727272728
GMNN	2.226875858585858
GMPPA	0.43667575757575694
GMPPB	0.16937858585858478
GMPR	-0.13250898989898996
GMPR2	0.22750848484848252
GMPS	1.2987957575757596
GNA11	0.08304333333333158
GNA12	0.4778314141414137
GNA13	0.08953767676767654
GNA14	-0.575813838383838
GNA15	-0.02682494949494929
GNAI1	0.6356553535353546
GNAI2	-0.2589931313131313
GNAI3	0.4918394949494944
GNAL	0.1855272222222224
GNAO1	-0.4741740404040402
GNAQ	0.019704343434342242
GNAS	0.27456269360269303
GNAT1	-0.07191621212121246
GNAT2	-0.08447636363636368
GNAT3	-0.02648101010101067
GNAZ	0.7582754545454553
GNB1	0.5788769696969718
GNB1L	0.11863696969696935
GNB2	0.26415656565656676
GNB3	-0.18364949494949467
GNB5	0.6279328619528624
GNE	-1.6300645454545455
GNG11	-0.1210775757575755
GNG12	-0.16620090909090912
GNG13	-0.08167565656565667
GNG3	-0.017907373737374055
GNG4	0.4282965656565656
GNG5	0.46139141414141527
GNG7	-0.15690681818181762
GNGT1	-0.07374838383838389
GNGT2	-0.03191737373737347
GNL1	0.09084454545454523
GNL2	0.7600953535353527
GNL3	0.9534101010101024
GNL3L	0.010802348484848068
GNL3LP1	0.01147898989899021
GNLY	-0.016390353535352453
GNMT	-3.0071966666666645
GNPAT	1.0605755555555554
GNPDA1	0.9745926262626261
GNPTAB	0.23918075757575874
GNRH1	-0.06441757575757556
GNRH2	-0.14514949494949514
GNRHR	-0.05501181818181777
GNS	0.8826371380471381
GOLGA1	0.0780944781144779
GOLGA2	-0.05216380471380333
GOLGA2P5	0.010268989898990277
GOLGA3	0.5329742424242419
GOLGA4	-0.1205545454545458
GOLGA5	0.2757777777777779
GOLGA6C	0.048806666666666665
GOLGA6L9	-0.04289565656565708
GOLGA7	0.3639339393939389
GOLGA8A	-0.06628515151515035
GOLGA8B	0.008672398989899577
GOLGA8EP	-0.4019721212121219
GOLGA8G	-0.19499323232323196
GOLGB1	0.026244797979797063
GOLIM4	-0.21353631313131416
GOLM1	1.1869142424242431
GOLPH3	0.42918969696969533
GOLPH3L	1.301966363636363
GOLT1B	1.2301903030303025
GON4L	0.2525337373737351
GORASP1	0.04239272727272603
GORASP2	0.8195180134680129
GOSR1	0.07144397306397288
GOSR2	0.4183548484848485
GOT1	-0.9730004040404054
GOT2	-1.3096515151515167
GOT2P1	-0.12103303030303048
GP1BA	-0.09116141414141365
GP1BB	-0.10766101010100915
GP2	0.0755058080808082
GP5	-0.07829207070707023
GP6	-0.13150757575757543
GP9	-0.17973434343434347
GPA33	-0.008890303030303137
GPAA1	0.8520320538720538
GPALPP1	0.209900404040404
GPATCH1	0.5139161616161623
GPATCH2	0.45418292929292914
GPATCH2L	-0.12893959595959625
GPATCH3	0.1355161616161631
GPATCH4	-0.06173287878787992
GPATCH8	0.3049403030303015
GPBP1L1	-0.1288570707070713
GPC1	-0.16783090909090914
GPC3	4.814928282828282
GPC4	-0.037165353535352885
GPC5	0.12218426767676815
GPC6	-0.21557999999999833
GPD1	-1.732615959595961
GPD1L	0.5819823232323245
GPD2	0.03062626262626189
GPER1	-0.27422358585858664
GPHN	-0.8004231313131305
GPI	0.6133282828282827
GPKOW	0.7253720202020197
GPLD1	-0.6132746666666664
GPM6A	-1.066771515151515
GPM6B	-0.09506315656565656
GPN1	0.5681561616161606
GPN2	0.4288023232323237
GPN3	0.538048686868688
GPNMB	0.890249090909089
GPR1	-0.06898101010101021
GPR107	0.23338083333333337
GPR12	-0.10769525252525236
GPR132	-0.08205141414141526
GPR135	-0.09108333333333363
GPR137	-0.08665882154882176
GPR137B	0.4966871717171708
GPR143	0.12133626262626285
GPR15	-0.1866277777777774
GPR153	-0.2829625252525254
GPR157	-0.12114494949494947
GPR161	-0.01672205387205361
GPR162	-0.14516353535353588
GPR17	-0.044896767676767535
GPR171	-0.39032080808080805
GPR173	-0.03858929292929325
GPR176	-0.06838474747474832
GPR18	-0.1795706060606057
GPR183	-0.2891406060606059
GPR19	-0.02900060606060606
GPR20	-0.08361444444444466
GPR21	-0.060200303030303104
GPR22	-0.11502222222222214
GPR25	-0.051594848484847855
GPR27	-0.15605434343434377
GPR3	-0.22086030303030313
GPR31	-0.13594858585858516
GPR32	-0.12766757575757515
GPR35	0.10515686868686869
GPR37	0.4191341414141423
GPR37L1	-0.062097676767676635
GPR39	0.0157985858585854
GPR4	-0.04446732323232272
GPR45	-0.11017353535353536
GPR50	-0.07701141414141466
GPR52	-0.0969998989898988
GPR6	0.008262929292929488
GPR63	-0.043019191919192235
GPR65	-0.19637727272727235
GPR68	-0.11081030303030293
GPR75	-0.0021068686868686015
GPR85	-0.11380404040404057
GPR87	0.014472424242424342
GPR88	0.758762828282828
GPR89A	0.5037660606060612
GPRASP1	-0.34304383838383856
GPRC5A	-0.08265121212121285
GPRC5B	0.027373989898990203
GPRC5C	-0.38146181818181724
GPRC5D	-0.07359686868686843
GPRIN2	-0.1751969696969704
GPS1	0.20221454545454698
GPS2	0.21417010101010092
GPSM2	0.6189829292929292
GPSM3	-0.31331515151515177
GPT	-0.9348590909090913
GPX1	0.3404902020202041
GPX2	0.6249549494949473
GPX3	-0.4138773737373729
GPX4	-0.17279393939394083
GPX5	-0.06569161616161567
GPX7	0.6449111111111105
GRAMD1B	0.011199595959595854
GRAMD1C	-1.8260224242424252
GRAMD3	-0.3800239393939391
GRAMD4	-0.5726290909090919
GRAP	-0.04064323232323286
GRAP2	-0.06838020202020267
GRB10	-0.05460391414141341
GRB14	-0.9347772727272741
GRB2	0.3309280808080812
GRB7	-0.20302757575757635
GREB1	0.1966752188552192
GREB1L	-0.00853333333333417
GREM1	0.07747636363636357
GREM2	-1.2133692929292925
GRHL2	-0.17528262626262636
GRHPR	-1.4637231986532004
GRIA1	-0.07214404040404077
GRIA2	0.05576040404040361
GRIA3	-0.16650989898989943
GRIA4	-0.004064444444444426
GRID2	-0.17224727272727325
GRIK1	-0.06634651515151502
GRIK2	0.009060303030303363
GRIK3	-0.08162272727272768
GRIK4	-0.14132050505050486
GRIK5	-0.18373141414141525
GRIN1	-0.15344676767676768
GRIN2A	-0.0746435353535353
GRIN2B	-0.03826999999999936
GRIN2C	-0.05751853535353524
GRIN2D	-0.027956868686869196
GRINA	0.32462858585858534
GRIP1	-0.11819363636363711
GRIP2	-0.24860060606060586
GRK1	-0.10052090909090916
GRK2	-0.1803918181818185
GRK3	0.08452511784511785
GRK4	-0.061787020202020315
GRK5	-0.1981096969696967
GRK6	0.11289133838383947
GRM1	-0.06142999999999965
GRM2	-0.1433788888888885
GRM3	0.04667969696969765
GRM4	-0.19017767676767638
GRM5	-0.04175949494949549
GRM6	-0.015076161616161432
GRM7	-0.13505292929292922
GRM8	-0.11513673400673463
GRN	0.737520942760943
GRP	-0.01794161616161638
GRPEL1	-0.22427803030303117
GRPR	-0.24107696969696946
GRSF1	0.09577505050504964
GRTP1	0.04286222222222236
GRWD1	0.19366878787878772
GSAP	-0.5323646464646474
GSC2	-0.04849787878788003
GSDMB	-0.9595284848484864
GSDMD	0.39062888888889
GSE1	-0.3100865656565661
GSG1	-0.07833191919191895
GSK3A	0.02470656565656615
GSK3B	0.156436666666667
GSN	-0.3316050000000015
GSN-AS1	-0.1351479797979791
GSPT1	0.43499
GSPT2	-0.7086934343434335
GSR	0.15491595959596083
GSS	0.07856641414141396
GSTA1	-0.8016126767676752
GSTA3	-0.5428226262626268
GSTA4	1.26723909090909
GSTCD	-0.000846161616161023
GSTK1	-0.2852015151515115
GSTM1	-0.8813409090909099
GSTM2	-1.100151717171717
GSTM3	0.7384328282828267
GSTM4	-0.027831262626264675
GSTM5	-0.247463838383839
GSTO1	-0.09698101010100935
GSTP1	-0.33875272727272954
GSTT1	-0.1711744444444454
GSTT2	-0.28747262626262593
GSTTP1	-0.1295225252525256
GSTZ1	-2.4412541414141407
GTDC1	0.024474797979797458
GTF2A1	-0.1322666666666663
GTF2A2	0.6325206060606057
GTF2B	0.30321080808080936
GTF2E1	0.6309752525252526
GTF2E2	0.3352948484848479
GTF2F1	0.17785632996632916
GTF2F2	-0.07891505050505021
GTF2H1	0.5194132323232328
GTF2H2B	0.5290830303030312
GTF2H2C_2	0.6984958585858578
GTF2H3	-0.24822525252525285
GTF2H4	0.12383757575757581
GTF2H5	0.19234575757575723
GTF2I	0.2179599999999997
GTF2IP1	0.8060524747474762
GTF2IRD1	0.6660779797979801
GTF2IRD2	-0.11449474747474708
GTF3A	-0.027568181818182325
GTF3C1	-0.01166797979798151
GTF3C2	0.3981186868686857
GTF3C3	0.7265806060606064
GTF3C4	0.15954484848484807
GTF3C5	0.009958989898989579
GTPBP1	-0.02858381313131364
GTPBP10	-0.031920909090909166
GTPBP2	0.7386389898989894
GTPBP3	0.1322310101010098
GTPBP4	1.0661384848484863
GTPBP6	-0.024603232323231694
GTPBP8	-0.01933535353535376
GTSE1	0.44378707070707124
GUCA1A	-0.050801616161616714
GUCA1B	-0.055925454545454834
GUCA2A	-0.006544646464646142
GUCA2B	0.058514747474747164
GUCY1A2	-0.07556595959596013
GUCY1A3	-0.7986416161616159
GUCY1B2	0.00211282828282755
GUCY1B3	-0.3084335353535339
GUCY2C	0.27872989898989875
GUCY2D	0.004626262626261646
GUCY2F	-0.008644848484848033
GUF1	0.21874282828282743
GUK1	0.23446797979798006
GULP1	0.24606343434343447
GUSB	-0.12706080808080955
GUSBP1	0.3196607070707067
GUSBP11	-0.16820555555555483
GVINP1	-0.22969434343434392
GYG1	1.1881204040404025
GYG2	-0.22456973063973074
GYPA	-0.09775744949494936
GYPB	-0.14659851851851835
GYPC	-0.42102222222222174
GYPE	-0.06645141414141476
GYS1	0.052625353535352026
GYS2	-3.4073749494949492
GZMA	-0.225725252525252
GZMB	-0.05535272727272833
GZMH	-0.3385984848484851
GZMK	-0.7215096969696955
GZMM	-0.16313313131313123
H1F0	0.5780984848484847
H1FX	0.005733232323231974
H2AFB1	-0.009930909090909434
H2AFJ	0.056000202020202394
H2AFV	0.5030805050505043
H2AFX	0.4187124242424245
H2AFY	0.8639857575757564
H2AFY2	0.4643204040404054
H2AFZ	1.440720303030302
H3F3AP4	0.7085588888888879
H3F3AP6	0.7005607744107749
H3F3B	0.31401371212121276
H6PD	-0.3320577272727254
HAAO	-1.5478886868686867
HAB1	-0.20878781144781167
HABP2	-1.3567660606060592
HABP4	0.027695505050504998
HACD1	0.09738919191919182
HACD2	0.5713103030303035
HADH	-0.8749408080808081
HADHA	-0.1516937373737388
HADHAP1	-0.056739797979798556
HADHB	-0.26247353535353746
HAGH	-1.2743106060606078
HAL	-1.7088679797979793
HAMP	-5.44558383838384
HAND1	-0.16078494949494893
HAND2	-0.25603161616161607
HAND2-AS1	-0.6040811111111108
HAO1	-1.868960909090907
HAO2	-3.4877661616161646
HAP1	-0.08948631313131283
HAPLN1	-0.04795484848484888
HAPLN2	-0.11341424242424214
HARS	0.38754262626262737
HARS2	0.5831058585858582
HAS1	-0.08251939393939356
HAS2	-0.055302020202020685
HAT1	1.2089816161616174
HAUS2	-0.26626696969696884
HAUS3	0.7134384848484849
HAUS4	0.21095131313131343
HAUS5	0.07085050505050461
HAUS6	0.34577131313131293
HAUS7	0.1382118686868692
HAVCR1	0.12166787878787844
HAX1	0.7764807070707063
HBA1	-2.1590014141414144
HBA2	-2.125999353535354
HBB	-2.012973602693603
HBBP1	-0.1118632323232327
HBD	-0.20945444444444394
HBE1	-0.03457454545454608
HBEGF	-0.17307471380471373
HBG1	-0.05590767676767738
HBG2	-0.44977488215488304
HBP1	-0.03646939393939608
HBQ1	-0.16034141414141434
HBS1L	0.12125663299663358
HBZ	0.03942297979797971
HCAR3	0.2109097979797978
HCCS	0.4644510606060601
HCFC1	0.16609636363636415
HCFC1R1	0.07869898989898871
HCFC2	0.13235989898989953
HCG18	-0.10635989898989884
HCG26	-0.16811959595959536
HCG2P7	-0.20560207070707026
HCG4	0.039413030303030894
HCG4B	-0.041421919191919176
HCG9	-0.13243272727272837
HCK	-0.24015333333333366
HCLS1	-0.840633939393939
HCN2	-0.08263929292929362
HCN4	-0.01610242424242392
HCP5	0.3592796969696961
HCRP1	-0.15300035353535302
HCRT	-0.049068686868686484
HCRTR1	-0.09790292929292876
HCRTR2	-0.12239868686868682
HDAC1	0.5960104040404044
HDAC11	-0.01913242424242423
HDAC2	0.8480566666666665
HDAC3	-0.0198138383838371
HDAC4	0.5143940404040395
HDAC5	0.3684678787878779
HDAC6	-0.5727599663299658
HDAC7	-0.1582608080808079
HDAC9	-0.2660280808080806
HDC	-0.04849707070707021
HDDC2	0.17399787878787798
HDGF	0.23515449494949792
HDGFRP2	-0.37089323232323235
HDGFRP3	0.011397818181819286
HDHD3	-0.36342757575757645
HDLBP	0.0937678282828287
HEATR1	1.39480196969697
HEATR3	0.40580202020201916
HEATR6	0.2716438888888888
HEBP1	-0.6948001010101024
HEBP2	0.022843838383838744
HECA	-0.07724888888888959
HECTD3	-0.5065220202020209
HECW1	-0.14544484848484895
HEG1	0.3184080808080809
HELLS	1.0539131313131302
HELZ	-0.21711191919191997
HEMK1	-0.21984909090909
HEPH	-0.0705765151515152
HERC1	0.17364101010101152
HERC2	0.35786252525252493
HERC2P3	0.11840676767676772
HERC2P8	-0.08675883838383847
HERC2P9	-0.03914419191919283
HERC3	-0.2445691919191928
HERC4	0.04905808080808072
HERC5	-0.6705514141414142
HERC6	-0.23857040404040397
HERPUD1	-0.6126197979797983
HES1	-0.3431612121212133
HES2	-0.07137818181818112
HESX1	-0.05282545454545451
HEXA	0.26267328282828206
HEXA-AS1	-0.08478252525252561
HEXB	0.8207965656565683
HEXIM1	-0.372168888888889
HEY1	1.0685416666666665
HEY2	-0.205186363636364
HEYL	-0.0992437373737376
HFE	0.043855268065268405
HGC6.3	-0.11083343434343318
HGD	-1.4664485521885524
HGF	-0.47319927272727336
HGFAC	-3.0369844444444434
HGH1	0.3900440404040397
HGS	0.8641188888888882
HGSNAT	0.08067484848484874
HHAT	0.4047404040404037
HHCM	-0.14039333333333337
HHEX	0.24848277777777827
HHIPL2	0.0649792929292925
HHLA1	-0.15918747474747486
HHLA2	-0.16053020202020152
HHLA3	-0.22287181818181878
HIBADH	-0.30672242424242446
HIBCH	-0.5506506565656561
HIC1	-0.1048602020202023
HIC2	0.38645512626262635
HIF1A	0.5831973737373719
HIF1AN	0.09234227272727313
HIF3A	-0.11067649831649806
HIGD1A	-0.1887406565656562
HIGD1B	0.06355868686868682
HIGD2A	0.1139340740740753
HIGD2B	-0.7081810101010104
HIKESHI	0.6867350505050509
HILPDA	0.7280316161616169
HINFP	0.19135646464646427
HINT1	0.324372323232323
HIP1	0.12536823232323258
HIP1R	-0.01717252525252544
HIPK1	0.27566904040403983
HIPK2	-0.1437810101010104
HIPK3	-0.0014235016835013603
HIRA	-0.026725151515152312
HIRIP3	0.2009382828282842
HIST1H1A	-0.14237131313131313
HIST1H1B	-0.08731303030303028
HIST1H1C	0.5617506060606061
HIST1H1D	-0.020348383838384443
HIST1H1E	-0.10084424242424239
HIST1H1T	-0.07982717171717102
HIST1H2AB	-0.08545101010100975
HIST1H2AC	0.6896690909090912
HIST1H2AE	0.3300096969696966
HIST1H2AG	0.4650746464646467
HIST1H2AI	0.07643333333333358
HIST1H2AJ	0.13508313131313177
HIST1H2AK	-0.06934727272727192
HIST1H2AL	-0.10806363636363603
HIST1H2AM	0.06772828282828236
HIST1H2BB	0.010163636363637263
HIST1H2BC	0.3154327272727273
HIST1H2BD	0.19165060606060624
HIST1H2BE	0.5059776767676762
HIST1H2BF	0.3593666666666673
HIST1H2BG	0.35219313131313124
HIST1H2BH	0.5763825252525248
HIST1H2BI	0.3229484848484847
HIST1H2BJ	-0.014136666666666464
HIST1H2BK	0.6117792424242428
HIST1H2BL	-0.12230555555555522
HIST1H2BM	-0.0712229292929285
HIST1H2BN	-0.15288909090909053
HIST1H2BO	0.04783565656565614
HIST1H3A	-0.01330373737373769
HIST1H3B	-0.04329272727272704
HIST1H3C	0.045498282828283276
HIST1H3D	0.12914616161616177
HIST1H3F	0.005677979797979571
HIST1H3G	0.08610747474747438
HIST1H3H	0.4636694949494946
HIST1H3I	-0.09664737373737431
HIST1H3J	-0.08949484848484834
HIST1H4A	-0.008729292929293031
HIST1H4B	0.019125555555556062
HIST1H4C	0.4322817171717164
HIST1H4D	-0.0452177777777778
HIST1H4E	-0.025695757575757483
HIST1H4F	-0.040976161616162354
HIST1H4G	-0.029783434343434223
HIST1H4H	0.06159202020202059
HIST1H4I	-0.14314090909090949
HIST1H4J	0.3459484848484857
HIST1H4L	-0.017902222222222708
HIST2H2AA3	0.001503232323233128
HIST2H2AA4	0.7647844949494944
HIST2H2BE	0.6815828282828278
HIST2H4B	0.04786939393939438
HIST3H2A	0.16413898989898978
HIST3H3	-0.0036808080808081733
HIVEP1	-0.05647414141414231
HIVEP2	0.08976727272727292
HIVEP3	0.025122929292929363
HJURP	1.0703811111111117
HK1	0.05711959595959737
HK2	0.4132421717171719
HK3	-0.2741424242424255
HKDC1	0.31501383838383923
HLA-A	0.1904358080808084
HLA-B	0.026152087542088864
HLA-C	-0.4484368065268063
HLA-DMA	0.000695454545454055
HLA-DMB	-0.18316848484848514
HLA-DOA	-0.08469138888888894
HLA-DOB	-0.05724757575757522
HLA-DPA1	-0.35603441077440934
HLA-DPB1	-0.5896872727272715
HLA-DQA1	-0.27322161616161544
HLA-DQA2	-0.45977848484848494
HLA-DQB1	-0.18142484848484752
HLA-DQB2	-0.06285393939393868
HLA-DRA	-0.3853083838383853
HLA-DRB1	-0.5478153872053877
HLA-DRB3	-0.5412711111111124
HLA-DRB4	-0.1892631649831653
HLA-DRB5	-0.13729999999999976
HLA-DRB6	-0.19672484848484828
HLA-E	-0.12484454545454327
HLA-F	0.04885828282828175
HLA-F-AS1	0.491482727272726
HLA-G	0.0453674242424249
HLCS	-0.03297510101010115
HLF	-1.2798273737373744
HLTF	1.3949948484848482
HLX	-0.5137742424242431
HMBOX1	-0.6310177777777772
HMBS	0.39222262626262605
HMCES	0.029795101010100744
HMG20A	0.2622761616161613
HMG20B	-0.03472754208754214
HMGA1	0.46908424242424207
HMGA2	0.7317578787878793
HMGB1	0.06682845117845204
HMGB1P6	-0.028615959595959417
HMGB2	1.7521059595959594
HMGB3	0.9481082828282821
HMGB3P1	0.03317707070706888
HMGCL	-1.2763330303030287
HMGCR	0.9386809595959589
HMGCS1	0.5959673737373743
HMGCS2	-1.1699601010100977
HMGN1	0.9160202525252537
HMGN2	0.573623232323234
HMGN3	-0.3250372727272737
HMGN4	1.123052323232324
HMGN5	-0.17272530303030287
HMGXB3	0.18671055555555682
HMGXB4	0.6865337373737379
HMHB1	-0.0448875757575764
HMMR	1.5105037373737362
HMOX1	-0.42135080808080794
HMOX2	-0.20157308080808178
HMP19	-0.13982949494949493
HMX1	-0.23670005050505072
HN1	0.9099121212121206
HN1L	0.05573902356902316
HNF1A	-0.012883333333333802
HNF1B	-0.30050262626262647
HNF4A	-0.18744648989899027
HNF4G	-0.04318484848484827
HNMT	-0.21951719696969718
HNRNPA0	0.41286590909091014
HNRNPA1	0.5539763636363642
HNRNPA1P33	0.3854175757575762
HNRNPA1P59	0.3078231313131301
HNRNPA2B1	0.45716888888888896
HNRNPA3	0.6084174242424245
HNRNPA3P1	0.025336464646464663
HNRNPAB	0.6600536363636369
HNRNPC	0.6067269696969682
HNRNPCP2	-0.0012439393939382981
HNRNPD	-0.03593599326599417
HNRNPDL	-0.019287929292930883
HNRNPF	0.05756893939393848
HNRNPH1	-0.040956818181817845
HNRNPH2	0.5121168686868707
HNRNPH3	0.1325236616161618
HNRNPK	0.26165358585858733
HNRNPL	0.06693774410774367
HNRNPM	0.055548585858585575
HNRNPR	0.7845730303030285
HNRNPU	0.4186610353535345
HNRNPUL1	0.4874530808080815
HNRNPUL2	0.02250303030303069
HOMER1	1.0617774747474749
HOMER2	-0.6164642424242439
HOMER3	0.11731164983164977
HOOK1	-0.2942192929292924
HOOK2	-0.10127909090909082
HOPX	0.27589797979798014
HOXA1	-0.047260404040403436
HOXA10	0.34979560606060645
HOXA11	-0.060374444444444286
HOXA2	-0.13167161616161627
HOXA3	-0.06046717171717164
HOXA4	-0.11442343434343494
HOXA5	0.37785323232323176
HOXA6	-0.13414787878787848
HOXA7	0.10666893939393951
HOXA9	-0.04021015151515117
HOXB1	-0.26792151515151463
HOXB13	-0.0964516161616169
HOXB2	-0.2984632323232326
HOXB3	-0.20214373737373714
HOXB5	-0.12282409090909052
HOXB6	-0.10441878787878789
HOXB7	0.03578084175084273
HOXB8	-0.13998464646464592
HOXB9	-0.025954141414141763
HOXC10	0.11402313131313146
HOXC11	-0.07885818181818172
HOXC13	-0.13755131313131397
HOXC4	-0.11148626262626227
HOXC5	-0.1057399999999995
HOXC6	0.33928303030303075
HOXC8	-0.16294777777777725
HOXD1	0.0480124242424238
HOXD10	-0.12972202020201973
HOXD11	-0.009512525252524107
HOXD12	-0.07740414141414176
HOXD13	-0.09787267676767719
HOXD3	-0.03187511784511754
HOXD4	0.33020868686868665
HOXD9	-0.03352661616161612
HP	-0.9853610774410777
HP1BP3	-0.20657505050504898
HPCA	-0.10791757575757588
HPCAL1	0.2065809595959598
HPCAL4	-0.11898737373737367
HPD	-3.1644996969696955
HPF1	0.45076414141414123
HPGD	-1.2863473232323237
HPGDS	-0.048637070707069796
HPN	-0.9599084848484853
HPR	-1.7662378282828275
HPRT1	0.3517562626262629
HPS1	0.2316393602693605
HPS4	0.39708479797979823
HPS5	-0.6029869696969685
HPS6	0.10640494949494883
HPSE	0.14457686868686892
HPSE2	-0.18799505050505072
HPX	-1.6512728282828295
HR	-0.14152530303030364
HR44	-0.13086565656565652
HRAS	0.54773717171717
HRASLS	-0.02106505050505003
HRASLS2	-0.12933296296296293
HRC	-0.03656000000000015
HRG	-1.705163282828284
HRH1	-0.06088237373737382
HRH2	0.003993535353535638
HRH3	-0.06329095959595987
HRH4	-0.05847919191919271
HRK	-0.06852895622895616
HS1BP3	0.39004212121212145
HS2ST1	0.5251551178451184
HS3ST1	-0.10276067340067341
HS3ST2	-0.012527272727272276
HS3ST3A1	-0.2333842424242425
HS3ST3B1	-0.015804848484848755
HS6ST1	-0.021920252525252426
HSAJ2425	-0.07566909090909135
HSBP1	0.03770555555555699
HSD11B1	-2.929033939393941
HSD11B2	0.04970828282828288
HSD17B1	-0.0025343434343430005
HSD17B10	-0.5622711111111123
HSD17B11	-0.26662131313131354
HSD17B12	-0.078238383838384
HSD17B14	0.0028431313131322966
HSD17B2	-1.3539630303030297
HSD17B3	-0.25551585858585923
HSD17B4	-0.4494677777777767
HSD17B6	-1.8400286363636358
HSD17B8	-0.7118847474747474
HSD3B1	0.0046219191919187885
HSD3B2	-0.14545626262626277
HSD3BP1	-0.05788141414141368
HSDL2	-0.15043333333333386
HSF1	0.12365292929292959
HSF2	0.2618117171717169
HSF2BP	-0.00844696969696912
HSF4	-0.19177878787878733
HSP90AA1	0.6762116666666671
HSP90AB1	1.2330893434343437
HSP90B1	0.24969323232323148
HSPA12A	-0.04896565656565732
HSPA13	1.05623888888889
HSPA14	1.0653608080808086
HSPA1A	0.4362784848484864
HSPA1B	0.658900656565657
HSPA1L	0.12710020202020145
HSPA2	0.5962034343434341
HSPA4	0.8698070707070711
HSPA4L	-0.0404682828282823
HSPA5	0.6610197979797992
HSPA6	0.00922156565656529
HSPA8	0.5442364309764312
HSPA9	0.3781735690235699
HSPB11	0.22908969696969672
HSPB2	-0.21034606060606054
HSPB3	-0.08778666666666579
HSPB6	-0.276264141414142
HSPB7	-0.15322505050505075
HSPB8	0.218039797979797
HSPBAP1	0.28091010101010117
HSPBP1	0.3564603030303024
HSPD1	0.6343696464646467
HSPE1	0.5956888888888887
HSPG2	0.04224767676767627
HSPH1	0.8180662626262629
HTATIP2	0.5844723232323226
HTATSF1	0.5748966161616158
HTN1	0.011610909090909338
HTN3	0.03789575757575703
HTR1A	-0.054739797979796556
HTR1B	-0.28772272727272874
HTR1D	-0.13318575757575735
HTR1E	-0.07082909090909117
HTR1F	-0.1158719191919193
HTR2A	-0.03002590909090941
HTR2B	-0.11582484848484897
HTR2C	0.027527171717172116
HTR3A	-0.0351964141414145
HTR3B	-0.112467878787879
HTR4	-0.11192141414141465
HTR5A	-0.14910525252525186
HTR6	-0.30804070707070696
HTR7	-0.061337121212121204
HTR7P1	-0.08487247474747495
HTRA1	0.0929935353535356
HTRA2	0.4037473232323219
HTT	0.1821962121212124
HUMBINDC	-0.1261754545454541
HUNK	-0.06895727272727203
HUS1	0.1428011447811448
HUWE1	0.07325520202020375
HYAL1	-1.035034646464645
HYAL2	0.1507112121212124
HYAL3	0.18834575757575678
HYAL4	-0.06406303030303029
HYDIN	-0.10004828282828182
HYI	-0.254981515151516
HYMAI	-0.07956414141414125
HYOU1	0.7728679797979812
HYPK	0.32547999999999977
HYPM	-0.17338838383838384
IAPP	-0.179368686868687
IARS	0.9902151515151534
IARS2	0.792094444444448
IBA57	-0.11796585858585917
IBSP	-0.17294242424242423
IBTK	-0.03900292929292881
ICA1	0.08490991919192004
ICAM1	0.3636784511784512
ICAM2	0.24518459595959552
ICAM3	-0.7315818181818177
ICAM4	-0.011736868686868629
ICAM5	-0.13927222222222335
ICE1	0.7480916161616165
ICE2	0.2363986868686867
ICK	0.6499217171717167
ICMT	0.05224340067340183
ICOS	-0.08775060606060592
ICOSLG	-0.0824666161616161
ID1	-2.74724808080808
ID2	-1.1326187878787852
ID2B	-1.0236982154882153
ID3	-0.8819720202020198
ID4	-0.7043678114478125
IDE	0.5608240404040403
IDH1	-0.10766121212120972
IDH2	-0.12055222222222195
IDH3A	0.3402800505050507
IDH3B	0.2797821548821542
IDH3G	0.18561803030303015
IDI1	1.0402943434343452
IDI2-AS1	0.0828876767676765
IDO1	0.12740969696969762
IDS	-0.10334671156004571
IDUA	0.09401996632996656
IER2	-1.1660501010100983
IER3	0.13154252525252463
IER3IP1	0.29550313131313155
IER5	0.9684148484848496
IFFO1	0.12523075757575874
IFI16	-0.3398457575757581
IFI27	-0.08416424242424192
IFI30	0.7854855555555567
IFI35	0.7099670707070702
IFI44	-0.3571802525252519
IFI44L	-0.5215559595959585
IFI6	0.10675303030302974
IFIH1	0.027113282828282514
IFIT1	-0.7345435353535361
IFIT2	-0.278091212121212
IFIT3	-0.01491858585858541
IFIT5	0.1760448484848478
IFITM1	-1.0357366666666667
IFITM2	0.011681515151515498
IFITM3	0.21798949494949404
IFNA1	-0.06409414141414072
IFNA10	-0.06729131313131242
IFNA13	-0.0961302020202024
IFNA14	-0.06857404040404091
IFNA16	-0.06368333333333265
IFNA17	-0.13860595959595923
IFNA2	0.033764242424242585
IFNA21	-0.09989353535353551
IFNA4	-0.11161656565656619
IFNA5	-0.06276454545454468
IFNA6	-0.09238282828282784
IFNA7	-0.06517414141414157
IFNA8	-0.008986262626263564
IFNAR1	-0.1747755555555548
IFNAR2	-0.032346010101010236
IFNB1	-0.06265686868686826
IFNG	-0.10199606060606037
IFNGR1	0.05089500000000058
IFNGR2	0.5757339393939409
IFNW1	-0.11709131313131316
IFRD1	0.21118696969697037
IFRD2	0.11616959595959653
IFT122	-0.16925792929292882
IFT140	-0.08441484848484837
IFT20	0.208983737373738
IFT22	-0.08200737373737388
IFT46	-0.4512171717171709
IFT52	0.76534888888889
IFT57	0.17332232323232333
IFT74	-0.19596732323232402
IFT81	0.5782130303030302
IFT88	-0.37985424242424326
IGBP1	0.3121251515151524
IGF1	-2.3057282575757565
IGF1R	-0.06296148148148095
IGF2-AS	-0.058068989898989454
IGF2BP2	1.6834927272727276
IGF2BP3	1.8398214141414142
IGF2R	0.10268898989899089
IGFALS	-2.043527878787878
IGFBP1	-1.1363604040404045
IGFBP2	-0.9921298989898997
IGFBP3	-2.1364271717171706
IGFBP4	-1.2090864646464645
IGFBP5	-0.22823331313131145
IGFBP6	-0.43904838383838385
IGFBP7	-0.3133206060606053
IGFLR1	-0.12651727272727342
IGHA1	-0.13161813131313105
IGHA2	-3.154590909090909
IGHD	-0.20755613636363712
IGHG1	-0.12040582185491244
IGHM	-0.5265367676767676
IGHMBP2	-0.08708909090909067
IGHV1-69	-0.0739336363636367
IGHV4-31	-1.0557553872053864
IGKC	-0.08758777777777693
IGKV1-5	-0.7382744949494944
IGKV1D-13	-0.864738484848484
IGKV1OR2-108	-0.8500286868686864
IGKV2-24	-2.175755202020204
IGL	-0.3411572727272727
IGLJ3	-1.1005895959595975
IGLL1	-0.15696545454545507
IGLL3P	-0.6697168686868693
IGLL5	-0.3024836868686873
IGLV2-14	-1.3666000505050517
IGLV6-57	-0.096078080808081
IGSF1	0.6282834343434356
IGSF3	1.076675555555556
IGSF6	-0.05039939393939541
IGSF9B	-0.06197873737373749
IHH	-0.033455555555555794
IK	0.48928626262626107
IKBKAP	0.42803156565656497
IKBKB	-0.02625306397306293
IKBKE	0.01679707070707126
IKBKG	0.0828663636363638
IKZF1	-0.17825972222222264
IKZF2	-0.0552985858585866
IKZF3	-0.07362797979797975
IKZF4	-0.07512535353535288
IKZF5	-0.03911595959595893
IL10	-0.1506254545454544
IL10RA	-0.7512567676767663
IL10RB	0.15660898989898975
IL11	-0.18858656565656595
IL11RA	-0.3254475757575763
IL12A	-0.037076767676767375
IL12B	-0.08828363636363612
IL12RB1	-0.06858292929292897
IL12RB2	-0.010781616161616103
IL13	-0.15292878787878816
IL13RA1	-0.38188570707070646
IL13RA2	-0.5266061616161615
IL15	-0.1863511616161615
IL15RA	0.13291282828282913
IL16	-0.2463531818181819
IL17A	-0.08030449494949465
IL17B	-0.03797151515151542
IL17RA	-0.18847121212121287
IL17RB	0.5120707323232327
IL17RC	-0.42175383838383773
IL18	-0.09406616161616199
IL18BP	-0.09515626262626142
IL18R1	-0.37955282828282844
IL18RAP	-0.3709393939393939
IL19	-0.08899323232323209
IL1A	-0.10420388888888876
IL1B	-0.3691533838383836
IL1R1	-0.2666873232323237
IL1R2	0.20694803030303
IL1RAP	-1.5430082323232313
IL1RAPL1	0.0009257575757568581
IL1RAPL2	-0.20799454545454488
IL1RL1	-0.12197247474747464
IL1RL2	0.007333939393939559
IL1RN	-0.2991950303030295
IL2	-0.08944833333333424
IL20RA	-3.787878787875343e-05
IL21	-0.14152898989899
IL21R	-0.17507338383838356
IL22	-0.11814090909090913
IL22RA1	0.344367878787879
IL23A	-0.2007282828282828
IL24	-0.06888434343434335
IL25	-0.08156353535353489
IL26	-0.04014757575757555
IL27RA	0.024151414141414307
IL2RA	-0.10383116161616135
IL2RB	-0.5221665656565655
IL2RG	-0.07801848484848417
IL3	-0.0836539393939395
IL32	-0.1400953535353544
IL33	-0.5663928282828286
IL36A	-0.11338737373737384
IL36G	-0.10621484848484819
IL36RN	-0.11035525252525202
IL37	-0.18728727272727275
IL3RA	0.007375656565655753
IL4	-0.0732350505050503
IL4I1	-0.11167939393939408
IL4R	-0.6662688888888884
IL5	-0.10171343434343427
IL5RA	-0.08817232323232282
IL6	-0.20280454545454552
IL6R	-0.21635565656565614
IL6ST	-0.3511825252525256
IL7	0.21831000000000023
IL7R	-0.7658881818181822
IL9	-0.1157606060606069
IL9RP3	-0.07197794612794617
ILF2	1.8497507070707062
ILF3	0.5868079393939389
ILK	0.25158515151515193
ILKAP	0.21140111111111004
ILVBL	-0.1520139393939397
IMMT	0.49593747474747474
IMP3	-0.022309292929291402
IMP4	0.32656767676767817
IMPA1	-0.10480727272727286
IMPA2	0.6927488888888886
IMPACT	0.21253171717171693
IMPAD1	0.6027214141414152
IMPDH1	0.17323080808080782
IMPDH2	1.0140105050505062
IMPG1	-0.010073535353535057
IMPG2	-0.023189090909090826
INA	-0.0870585858585855
INCENP	-0.02544535353535249
INE1	-0.16647696969697012
INF2	-0.3743507070707075
ING1	-0.13610925925925965
ING2	-0.06127202020202027
ING3	-0.16047727272727208
ING4	-0.02700035353535135
INHA	0.06866737373737397
INHBA	-0.1921602525252526
INHBB	0.14713828282828256
INHBC	0.08139303030303147
INHBE	-0.17607191919191933
INO80B	-0.06431067340067376
INO80D	-0.3189609090909098
INPP1	-0.45816252525252477
INPP4A	-0.005872929292929374
INPP4B	-0.016009343434343126
INPP5A	0.2425259595959588
INPP5B	-0.46294873737373887
INPP5D	-0.21978469696969682
INPP5E	-0.10963515151515058
INPP5F	0.48061636363636406
INPP5J	-0.010028787878787249
INPP5K	-0.23374489898989737
INPPL1	0.22666393939394158
INS	-0.08245050505050511
INS-IGF2	-1.1455386868686865
INSIG1	-0.5797762962962967
INSIG2	-0.36170262626262506
INSL3	-0.10138247474747475
INSL4	-0.17491282828282806
INSL5	-0.08253767676767643
INSL6	0.018148989898989942
INSM1	-0.040492525252524114
INSR	-0.18039747474747525
INSRR	-0.04186141414141309
INTS1	0.1263735858585857
INTS12	0.3118780808080803
INTS3	0.1633494444444441
INTS5	0.21719409090909192
INTS6	-0.1619697979797996
INTS7	1.0023458080808085
INTS8	1.222069898989898
INTS9	0.4076769696969702
INVS	-0.07895619528619546
IP6K1	0.4881058585858593
IP6K2	0.37642878787878775
IPCEF1	-0.16064161616161643
IPO13	-0.04680696969696996
IPO4	0.5225665656565655
IPO5	0.3643186616161618
IPO7	0.7657782323232327
IPO8	0.04159141414141443
IPO9	0.5931486868686857
IPP	0.1840712121212107
IPPK	-0.07704151515151558
IPW	0.4860862626262632
IQCA1	-0.021987777777777495
IQCB1	0.45328414141414
IQCC	-0.06634070707070716
IQCE	0.0878351515151512
IQCG	0.04337373737373795
IQCH	0.07466292929292973
IQCK	-0.06747464646464607
IQGAP1	-0.04170168350168435
IQGAP2	-0.6478107070707093
IQSEC1	0.19468000000000085
IQSEC2	-0.22608747474747437
IQSEC3	-0.1337055555555562
IRAK1	1.275108282828282
IRAK1BP1	0.6517560606060613
IRAK3	-0.15773040404040417
IRAK4	-0.03773252525252513
IRF1	-0.07422858585858716
IRF2	-0.3472573737373734
IRF2BP1	0.05587000000000053
IRF3	0.24812626262626214
IRF4	-0.12966407407407443
IRF5	-0.0556598989899002
IRF6	0.2051081818181819
IRF7	-0.4838601010101016
IRF8	-1.0070487878787882
IRF9	-0.3541854545454566
IRGC	0.0025222222222227586
IRGQ	0.4351104545454554
IRS1	-0.2431169696969686
IRS2	-0.2894697979797982
IRS4	-0.186294646464646
IRX4	-0.09125818181818213
IRX5	-0.06309656565656585
ISCA1	0.18297777777777746
ISCU	-0.07950555555555283
ISG15	0.07802212121212015
ISG20	0.36534898989898856
ISG20L2	0.6786690235690243
ISL1	0.00435757575757556
ISLR	-0.42734707070707056
ISOC1	-0.5834448484848469
ISOC2	-0.4366267676767679
IST1	-0.07036636363636362
ISYNA1	0.04936010101010169
ITCH	-0.04100030303030344
ITFG1	-0.5300715151515147
ITFG2	-0.2800118181818183
ITGA10	-0.13140060606060544
ITGA2	0.10530252525252504
ITGA2B	-0.1073325252525259
ITGA3	-0.1645075757575758
ITGA4	-0.10409303030303008
ITGA5	0.6035704040404033
ITGA6	1.3646771717171724
ITGA7	0.09101626262626272
ITGA8	-0.16408141414141397
ITGA9	-0.20038404040404023
ITGAE	0.5109366666666677
ITGAL	-0.15316666666666734
ITGAM	0.07346560606060581
ITGAV	0.8783356565656542
ITGAX	-0.12953383838383825
ITGB1	0.14077101010100979
ITGB1BP1	0.6760380808080821
ITGB1BP2	0.0472298989898996
ITGB2	-0.2658866666666668
ITGB3	-0.09179474747474758
ITGB3BP	1.3764511111111108
ITGB4	-0.07027727272727269
ITGB5	0.29385593434343527
ITGB6	-0.10251368686868689
ITGB7	-0.10536393939393918
ITGB8	-0.07193510101010103
ITGBL1	-0.26128161616161716
ITIH1	-1.2971683838383843
ITIH2	-0.29163171717171643
ITIH3	-0.5332087878787881
ITIH4	-1.804786313131311
ITIH5	0.01231484848484854
ITK	-0.21300494949494997
ITM2A	0.19572313131313113
ITM2B	0.08942707070707101
ITM2C	0.00955292929292817
ITPA	0.5122724242424264
ITPK1	0.02917303030303131
ITPKA	0.3596897979797977
ITPKB	-0.09460090909090901
ITPKC	0.2383653535353547
ITPR1	0.09114164983165018
ITPR2	-0.3353267003367
ITPR3	0.015155892255892311
ITSN1	-0.37711287878787747
ITSN2	0.014163459595959438
IVD	-0.4747088167388176
IVL	-0.09072636363636333
IVNS1ABP	0.71182771043771
IZUMO4	-0.22463661616161668
JADE1	-0.13382737373737363
JADE2	0.17019929292929437
JADE3	0.78986292929293
JAG1	0.23061666666666714
JAG2	0.27525631313131305
JAK1	-0.01900232323232487
JAK2	-0.0925925252525257
JAK3	-0.09447754208754189
JAKMIP2	-0.04960424242424155
JAM2	-0.16447282828282894
JAM3	0.13127525252525363
JARID2	0.4611134848484859
JCHAIN	-2.108288787878786
JMJD1C	-0.1969985858585872
JMJD4	0.4200520202020206
JMJD6	0.3433062626262622
JMJD7-PLA2G4B	-0.18060855218855298
JOSD1	0.4527658585858605
JPH2	-0.06329040404040454
JPH3	-0.05955252525252508
JRK	0.10742676767676773
JRKL	0.5305997979797992
JTB	0.5717694276094267
JUN	-0.5849854797979814
JUNB	-1.148757474747475
JUND	-0.07991744107744037
JUP	0.022229393939392494
KALRN	-0.1452041414141414
KANK1	-0.30997444444444255
KANK2	-0.06842035353535447
KANK3	-0.14813075757575778
KANSL1L	-0.2103254545454547
KANSL2	0.34114515151515157
KANSL3	-0.0546600000000006
KARS	0.30115964646464555
KAT2A	0.005482828282826979
KAT2B	-0.5853615151515159
KAT5	0.1341120538720535
KAT6A	-0.10484390572390456
KAT6B	-0.06368444444444332
KAT7	0.40658989898989795
KAT8	-0.27724131313131295
KATNA1	0.48240535353535385
KATNB1	0.27546590909090973
KATNBL1	0.04967121212121128
KAZALD1	-0.011699494949494404
KAZN	-0.42409632996632984
KBTBD11	-0.9337090909090908
KBTBD2	0.6414097979797981
KBTBD4	0.38636666666666564
KCMF1	0.412949191919191
KCNA1	-0.09993373737373767
KCNA10	-0.08937626262626308
KCNA2	-0.02796919191919134
KCNA3	-0.11596696969696918
KCNA4	-0.11640343434343503
KCNA5	-0.18534353535353532
KCNAB1	-0.12098396464646433
KCNAB2	-0.11888823232323187
KCNAB3	-0.08948040404040425
KCNB1	-0.14517949494949534
KCNB2	-0.1079820202020203
KCNC1	-0.12845343434343448
KCNC2	-0.11713505050505102
KCNC3	-0.1078601010101008
KCNC4	-0.11872979797979788
KCND1	-0.09165636363636454
KCND2	-0.02497515151515195
KCND3	-0.22309272727272678
KCNE1	-0.04571797979797898
KCNE2	-0.244698484848485
KCNE4	-0.08410212121212135
KCNE5	0.15254252525252499
KCNF1	-0.006502222222222187
KCNG1	-0.1492502525252526
KCNG2	-0.06933575757575738
KCNH1	-0.06720404040404082
KCNH2	0.04024393939394022
KCNH4	-0.1639461616161615
KCNH6	-0.16250905723905706
KCNH7	-0.21813969696969693
KCNIP1	-0.11421585858585859
KCNIP2	-0.09480888888888828
KCNIP4	-0.0692695959595957
KCNJ1	-0.039711868686870044
KCNJ10	-0.08434252525252495
KCNJ12	-0.0514352188552194
KCNJ13	-0.12847989898989853
KCNJ14	-0.1244529292929295
KCNJ15	-0.39061138047138133
KCNJ16	-0.7721565656565654
KCNJ2	0.13086343434343561
KCNJ3	-0.0545695454545454
KCNJ4	-0.06747777777777797
KCNJ5	-0.1579169191919192
KCNJ6	0.027701616161615927
KCNJ8	-1.1613415151515163
KCNJ9	-0.12671242424242468
KCNK1	0.24153141414141377
KCNK10	-0.19944171717171777
KCNK12	-0.14564404040404133
KCNK13	-0.018585959595959878
KCNK15	-0.014286464646465546
KCNK2	-0.022595151515151013
KCNK3	-0.10620343434343349
KCNK5	-0.6165271717171716
KCNK7	-0.10176676767676707
KCNMA1	-0.433050269360268
KCNMB1	-0.14588272727272722
KCNMB2	-0.14495656565656567
KCNMB3	0.3648279797979801
KCNMB4	-0.08159595959596011
KCNN1	-0.22382101010100985
KCNN2	-2.7212758585858583
KCNN3	-0.03144232323232288
KCNN4	-0.11043808080808226
KCNQ1	-0.1271617845117845
KCNQ1DN	-0.18980595959595936
KCNQ2	-0.02731845117845122
KCNQ3	-0.06130878787878702
KCNQ4	-0.16820505050505075
KCNS1	-0.2753221212121204
KCNS3	0.02120545454545475
KCNV1	-0.029827323232323177
KCTD12	-0.3320162121212116
KCTD13	0.026302777777778452
KCTD14	0.14470691919191925
KCTD15	-0.09127676767676762
KCTD17	0.008079494949494226
KCTD2	0.19976525252525246
KCTD20	0.09136919191919235
KCTD3	0.589953939393939
KCTD5	0.24248696969697026
KCTD7	0.41930808080808113
KCTD9	0.13154303030303094
KDELC1	0.7492283838383837
KDELR1	0.4208543434343417
KDELR2	0.606478383838386
KDELR3	0.6768887205387202
KDM1A	0.4866210101010102
KDM2A	0.01015025252525259
KDM3A	0.7906193939393953
KDM3B	0.5565653030303039
KDM4A	0.04582414141414137
KDM4B	-0.28954777777777796
KDM4C	0.002701969696969897
KDM4D	-0.06979424242424326
KDM5A	0.09108580808080813
KDM5B	0.7310758080808064
KDM5C	-0.06997161616161751
KDM5D	-0.5958084848484857
KDM6A	0.28508538720538645
KDM6B	-0.5253569023569007
KDM7A	0.051535656565656396
KDM8	-1.845070606060605
KDR	-0.10219343434343564
KDSR	-0.24088818181818095
KEAP1	0.18387636363636428
KEL	0.04108737373737448
KERA	-0.09268979797979826
KHDC1	0.11637929292929305
KHDRBS1	0.3429078787878783
KHDRBS2	-0.12931141414141445
KHDRBS3	0.5501272727272744
KHK	-0.8208061616161633
KHNYN	0.0873019191919191
KHSRP	0.2012461616161616
KIAA0040	-0.2741132828282824
KIAA0087	-0.055522222222222695
KIAA0100	0.6593903030303032
KIAA0101	1.3842776767676765
KIAA0141	-0.3123820707070699
KIAA0196	1.2140303030303023
KIAA0226L	-0.04813121212121141
KIAA0232	0.07834419191919295
KIAA0319	-0.08944868686868723
KIAA0319L	-0.18550888888888917
KIAA0355	0.24584151515151387
KIAA0368	0.39592340067339915
KIAA0391	0.09708626262626208
KIAA0408	-0.06618121212121197
KIAA0430	-0.25663262626262373
KIAA0484	-0.02244787878787946
KIAA0485	-0.45906252525252356
KIAA0492	0.11287505050505064
KIAA0506	-0.032176666666666076
KIAA0508	-0.12797252525252478
KIAA0509	-0.09986525252525258
KIAA0513	0.008949696969698273
KIAA0556	-0.0866609090909094
KIAA0586	0.08626727272727308
KIAA0753	-0.13900767676767511
KIAA0754	-0.2742766666666663
KIAA0894	-0.5530062626262637
KIAA0895	0.35894474747474714
KIAA0907	1.0551706060606048
KIAA0922	-1.2224590909090916
KIAA0930	0.21114691919192108
KIAA1024	-0.0646792929292932
KIAA1033	0.15043286195286143
KIAA1107	0.15347545454545442
KIAA1109	-0.3192153198653189
KIAA1211L	-0.020124343434343217
KIAA1217	-0.5411125252525233
KIAA1324	-0.0275703030303025
KIAA1456	-0.10825171717171633
KIAA1462	0.49173818181818163
KIAA1549L	-0.004731818181817893
KIAA1551	-0.5124214141414143
KIAA1614	-0.06299010101010127
KIAA1644	-0.15888979797979763
KIAA1654	-0.0829332323232328
KIAA1659	-0.06741555555555578
KIAA1660	-0.07483085858585925
KIAA1661	-0.06059171717171763
KIDINS220	0.2687148484848487
KIF11	0.9514051515151514
KIF13A	-0.06564121212121243
KIF13B	-0.3756733333333333
KIF14	0.9724451515151511
KIF16B	0.3590628282828283
KIF17	-0.00959252525252463
KIF18A	0.33432696969696973
KIF18B	0.9065768686868689
KIF1A	-0.14956762626262599
KIF1B	0.13375040404040295
KIF1BP	0.440597676767676
KIF1C	-0.17767712121212131
KIF20A	1.6967320202020209
KIF20B	0.35836747474747455
KIF21B	0.2739026262626254
KIF22	-0.08875176767676773
KIF23	0.6723996969696966
KIF25	-0.06417570707070697
KIF26B	-0.06262858585858577
KIF2A	0.554924797979798
KIF2C	0.7668306565656571
KIF3A	0.1112498989898989
KIF3B	0.15130262626262603
KIF3C	-0.08237878787878827
KIF4A	1.430292424242424
KIF5A	-0.1059870707070707
KIF5B	0.6745485353535363
KIF5C	0.10502318181818238
KIFAP3	0.7247719191919186
KIFC1	0.4349106060606056
KIFC3	-0.07406404040404091
KIN	0.8683160606060598
KIR2DL1	-0.20345636363636332
KIR2DL2	-0.09654606060606108
KIR2DL3	-0.15178292929292914
KIR2DL4	-0.05703734006734029
KIR2DL5A	-0.23312040404040424
KIR2DS1	-0.18510484848484765
KIR2DS3	-0.177677878787879
KIR2DS4	-0.06305000000000005
KIR2DS5	-0.16877575757575736
KIR3DL1	-0.12444804713804691
KIR3DL2	-0.10290053030303081
KIR3DL3	-0.12123303030303001
KIR3DX1	-0.09987131313131314
KIRREL	-0.1258336363636361
KISS1	-0.085002626262626
KIT	0.10863737373737292
KITLG	-0.03578188552188566
KIZ	0.5712744444444446
KL	0.014594040404039443
KLC1	-0.031242171717171807
KLC2	0.3045151515151514
KLF1	-0.17521191919191947
KLF10	-0.48884969696969627
KLF11	-0.7509361616161616
KLF12	-0.2234563888888892
KLF13	0.17813919191919148
KLF15	-0.04003090909090945
KLF2	-0.8889073737373749
KLF3	0.19203666666666663
KLF3-AS1	-0.12236363636363601
KLF4	-0.42266636363636234
KLF5	0.2838635353535359
KLF6	-0.6635577104377095
KLF7	-0.21043888888888862
KLF8	-0.08628070707070679
KLF9	-0.7796868013468004
KLHDC10	-0.2581850252525264
KLHDC2	-0.1602908080808092
KLHDC3	0.15190777777777598
KLHDC4	-0.20214616161616128
KLHDC8A	-0.027731212121212767
KLHL1	-0.12549111111111122
KLHL11	-0.1072007070707075
KLHL12	0.5322890909090909
KLHL18	0.04362530303030221
KLHL2	-1.018148585858584
KLHL20	-0.029647676767675435
KLHL21	0.29993434343434444
KLHL22	0.023733858585858858
KLHL23	0.5997904545454542
KLHL24	-0.1791385185185188
KLHL25	-0.06715595959595966
KLHL26	-0.06394151515151503
KLHL28	-0.05968505050505124
KLHL29	0.05316030303030228
KLHL3	-0.07917676767676873
KLHL35	-0.05116555555555591
KLHL36	-0.5959057575757578
KLHL4	-0.051807272727272036
KLHL41	-0.029744242424242007
KLHL5	0.08854323232323269
KLHL7	0.5362579797979801
KLHL9	0.08269691919192024
KLK1	-0.14797656565656503
KLK10	-0.05638858585858664
KLK11	-0.2971745454545447
KLK12	-0.07691383838383858
KLK13	-0.11524989898989846
KLK14	-0.012917272727273055
KLK15	-0.037046666666666894
KLK2	-0.08452161616161691
KLK3	-0.1162551515151522
KLK5	-0.08318707070707054
KLK6	-0.14900686868686863
KLK7	-0.013582121212120324
KLK8	-0.08228020202020181
KLKB1	-2.4886241414141415
KLRA1P	-0.03836939393939476
KLRB1	-0.62689707070707
KLRC2	-0.09148454545454632
KLRC3	-0.017508989898989302
KLRC4	-0.006657171717172616
KLRD1	-0.20207525252525294
KLRF1	-0.28701797979798016
KLRG1	-0.12019969696969701
KLRK1	-0.8848413131313118
KMO	-2.3521224242424257
KMT2A	-0.09112298989898981
KMT2B	-0.011918653198653928
KMT2D	-0.11520777777777802
KMT5B	0.11306454545454692
KNG1	-0.7084843434343426
KNL1	-0.04454474747474757
KNOP1	0.2214019191919192
KNTC1	1.1634280808080795
KPNA1	0.05967132996633051
KPNA2	2.4006756565656566
KPNA3	0.3382955555555558
KPNA4	0.5681762626262623
KPNA5	0.02492060606060642
KPNA6	0.04273883838383785
KPNB1	0.5012915824915813
KPTN	0.33323989898989836
KRAS	0.008939562289561387
KRBOX4	0.18078525252525157
KRCC1	-0.27037747474747587
KREMEN2	-0.040513232323232895
KRI1	0.017027575757576408
KRIT1	0.09036377104377191
KRR1	0.10296237373737505
KRT1	-0.10407262626262614
KRT10	0.5357392929292937
KRT12	0.008467272727273656
KRT13	-0.018824040404040954
KRT14	-0.0042278787878791135
KRT15	-0.005329595959596478
KRT16	-0.07437020202020239
KRT17	-0.11466621212121142
KRT18	0.2009213131313139
KRT18P27	-0.09067393939393975
KRT18P38	-0.009818181818181948
KRT18P44	-0.056956262626262966
KRT18P50	-0.09421898989898914
KRT19	0.11499020202020205
KRT19P2	-0.02271712121212177
KRT2	-0.11216414141414122
KRT20	0.2460597979797985
KRT23	0.9743370707070698
KRT24	-0.10979282828282821
KRT3	-0.05355676767676831
KRT31	-0.12682797979797966
KRT32	-0.14469373737373692
KRT33A	-0.02446626262626328
KRT33B	-0.08554232323232336
KRT34	-0.09470696969696979
KRT35	-0.034649595959595825
KRT36	-0.03987333333333343
KRT37	-0.009643737373736805
KRT38	-0.06167707070706996
KRT4	-0.22286626262626275
KRT5	-0.05546282828282889
KRT6B	-0.0429300505050505
KRT6C	-0.01415863636363568
KRT7	-0.15428055555555575
KRT75	-0.06925757575757618
KRT76	-0.058751818181818294
KRT8	-0.049557929292928904
KRT81	-0.5686710101010108
KRT83	-0.2042197979797975
KRT84	-0.02568767676767658
KRT85	-0.021126060606060815
KRT86	-0.06836878787878797
KRT8P12	0.12255868686868787
KRT8P17	-0.09759646464646554
KRT8P7	-0.18644686868686788
KRT9	-0.1152175757575753
KRTAP5-8	-0.09659363636363683
KRTAP5-9	-0.08007737373737323
KRTAP9-9	-0.12985929292929388
KSR1	-0.1393511447811453
KTN1	0.24284797979798078
KXD1	0.2846198989898978
KYAT1	0.13536313131313094
KYAT3	-0.014312929292930043
KYNU	-0.5481090404040394
L1CAM	-0.09721111111111069
L1TD1	-0.08632424242424186
L2HGDH	-0.17100434343434312
L3MBTL1	0.0200035690235687
LACTB2	0.2619679797979799
LAD1	0.2488913636363641
LAG3	-0.2026919191919192
LAGE3	0.5246811616161624
LAIR1	-0.03872358585858571
LAIR2	0.010814242424242781
LALBA	-0.02715848484848582
LAMA1	-0.067464646464646
LAMA2	-0.39311618686868677
LAMA3	0.7672051515151495
LAMA4	0.054416707070707115
LAMA5	-0.050008585858586585
LAMB1	0.5468347474747475
LAMB2	-0.35538616161616154
LAMB3	0.20259555555555586
LAMB4	-0.07718439393939391
LAMC1	1.467846868686868
LAMC2	-0.22653666666666705
LAMC3	-0.5585588888888888
LAMP1	0.06714755050504895
LAMP2	0.1119465319865327
LAMP3	0.38600303030303085
LAMP5	-0.12142848484848479
LAMTOR2	0.6397601010101006
LAMTOR3	0.4184005050505064
LAMTOR5	0.5231852020202012
LANCL1	0.6530948989898997
LANCL2	0.37257515151515186
LAP3	-0.4289072727272707
LAPTM4A	0.12355363636363492
LAPTM4B	2.1781234343434335
LAPTM5	0.10831949494949544
LARGE1	-0.07357742424242453
LARP1	0.6388097306397311
LARP4	-0.10336393939393851
LARP4B	0.33744244444444416
LARP6	0.0057712121212123435
LARP7	-0.2376753535353533
LARS	0.006805858585859248
LARS2	0.06191176767676865
LAS1L	0.1342294949494942
LASP1	0.7281157575757593
LAT	-0.22591328282828282
LAT2	-0.24875292929292936
LATS1	-0.06561050505050492
LAX1	-0.1439951515151514
LBH	-0.29533777777777726
LBHD1	0.577445353535353
LBP	-0.4566957070707094
LBR	1.239157676767677
LBX1	-0.054197070707070694
LCAT	-1.5366677777777777
LCE2B	-0.05193939393939395
LCK	-0.27454348484848445
LCMT1	0.6052093939393925
LCMT2	-0.023091565656566004
LCN1	-0.08161505050505058
LCN2	1.5511523232323219
LCP1	-0.2258854545454554
LCP2	-0.48901888888888934
LCT	-0.22371575757575757
LDAH	0.28381740740740735
LDB1	0.03273282828282831
LDB2	-0.7037641414141413
LDB3	-0.11933646464646497
LDHA	-0.003906969696968687
LDHAL6B	-0.04258010101010079
LDHB	-0.2296587878787859
LDHC	0.004993535353535528
LDLR	-0.37924035353535324
LDLRAD4	0.05311942760942756
LDLRAP1	-0.14960848484848466
LDOC1	-0.14926858585858405
LECT1	-0.062104646464645974
LECT2	-2.377496464646466
LEF1	0.20105057239057356
LEFTY1	-0.0887685858585856
LEFTY2	-0.09167676767676758
LEMD3	0.3626347474747469
LENEP	-0.08407484848484881
LEP	-0.09843333333333382
LEPR	-1.508763919191919
LEPROT	0.11388863636363666
LEPROTL1	0.4552674242424226
LETM1	0.25244434343434374
LETMD1	0.04321747474747539
LFNG	-0.08891424242424328
LGALS1	0.010276515151515397
LGALS13	-0.05066808080808061
LGALS14	0.0661436363636363
LGALS2	-0.08384969696969691
LGALS3	1.329532727272726
LGALS3BP	-0.2803837373737377
LGALS4	0.43816767676767565
LGALS7	0.021955555555555506
LGALS8	0.6758802626262623
LGALS9	0.14368929292929344
LGALSL	0.3892451515151514
LGI1	-0.13364717171717144
LGI2	-0.0542341414141414
LGMN	-0.06044333333333274
LGR4	-0.14129262626262573
LGR5	0.6610561616161621
LGSN	-0.5420250505050497
LHB	-0.04352050505050542
LHCGR	-0.07648323232323273
LHFP	-0.2625749494949501
LHFPL2	0.5243355555555569
LHPP	-0.8741921212121202
LHX1	-0.1443944444444445
LHX2	-0.7668511111111105
LHX3	0.030621717171717133
LHX5	-0.031608686868686675
LHX6	-0.1483401010101013
LIAS	-0.014332121212120796
LIF	0.0518894949494948
LIFR	-0.436950303030303
LIG1	0.6918053535353526
LIG3	0.25330343434343483
LIG4	-0.23035797979798023
LILRA1	-0.1553585353535354
LILRA2	-0.24880267676767698
LILRA3	-0.07778000000000018
LILRA4	-0.24629626262626259
LILRA5	-0.08814217171717198
LILRA6	-0.13576898989899
LILRB1	-0.3273622727272727
LILRB2	-0.5315615151515134
LILRB3	-0.4041674242424236
LILRB4	-0.14304070707070737
LILRB5	-0.7321665656565646
LILRP2	-0.10302848484848459
LIM2	-0.009444242424242688
LIMA1	0.2746426262626258
LIMCH1	-0.05770464646464646
LIMD1	0.009771060606060367
LIMD2	-0.2325719191919191
LIME1	-1.2115376767676755
LIMK1	-0.03051989898989893
LIMK2	0.4365292255892257
LIMS1	0.4384240404040405
LIMS2	-0.6673359595959596
LIN28A	-0.011131111111111647
LIN37	0.5863273737373742
LIN7A	0.012017878787878189
LIN7B	-0.03804838383838405
LIN7C	-0.06193888888888832
LINC-PINT	-0.8317202525252525
LINC00094	0.24605461279461327
LINC00111	0.33723136363636286
LINC00260	-0.04932606060606126
LINC00302	-0.04593681818181761
LINC00312	-0.07168090909090852
LINC00328	0.030540202020202134
LINC00339	0.006831111111110566
LINC00341	-0.20139686868686812
LINC00342	0.04913060606060604
LINC00461	-0.09029454545454563
LINC00472	-0.012331515151514871
LINC00474	-0.059014040404041346
LINC00483	-0.16669161616161654
LINC00563	-0.046770909090909196
LINC00574	-0.3546063636363641
LINC00588	-0.06829000000000018
LINC00597	0.10606080808080698
LINC00599	-0.16881383838383757
LINC00652	-0.21259505050505023
LINC00663	-0.10119020202020268
LINC00667	-0.29970707070707014
LINC00675	-0.026179797979798636
LINC00869	0.43413898989899025
LINC00939	-0.23496747474747437
LINC00950	-0.06810020202020128
LINC00963	-0.045317676767677284
LINC01124	-0.012873939393938993
LINC01136	-0.07477232323232386
LINC01140	-0.22008121212121168
LINC01260	-0.17951636363636325
LINC01278	0.021045555555556206
LINC01314	-0.5734225252525249
LINC01361	-0.06474868686868751
LINC01482	-0.15111868686868624
LINC01558	-0.43748272727272663
LINC01565	-0.12880969696969702
LINC01587	-0.006314141414141883
LINS1	0.10503464646464611
LIPA	0.47414949494949354
LIPC	-1.4742038383838398
LIPE	-0.344960336700336
LIPF	-0.05165040404040422
LIPG	-1.2095715151515165
LIPT1	0.152780707070705
LITAF	-0.04221939393939422
LLGL1	-0.24081873737373716
LLGL2	0.18250282828282938
LLPH	-0.042235454545454854
LMAN1	-0.06691439393939369
LMAN1L	-0.1427556565656567
LMAN2	0.2466536363636358
LMAN2L	0.07029050505050538
LMBR1L	-0.19239252525252493
LMBRD1	-0.14150434343434348
LMCD1	0.4420236363636372
LMF1	-0.3476375420875417
LMF2	0.005846313131312009
LMNA	0.5471716161616156
LMNB1	0.6925179797979797
LMNB2	0.44200696969697084
LMO1	-0.0412848484848487
LMO2	-0.03154373737373639
LMO3	-0.012934545454545976
LMO4	-0.027935505050505682
LMO7	0.007005555555555709
LMOD1	-0.023674090909091117
LMTK2	-0.15243939393939465
LMX1B	-0.02043434343434347
LNPEP	0.08409282828282816
LOC100129973	0.05766949494949536
LOC100131510	-0.17262666666666693
LOC100287590	0.050756363636363044
LOC100289518	-0.11072671717171678
LOC100294145	-0.1541588888888885
LOC100505534	-0.011916969696969648
LOC100506603	-0.08128555555555561
LOC100507424	-0.4486096969696982
LOC101926997	-0.08468404040403943
LOC101927610	-0.12070696969697003
LOC101929073	-0.24413444444444465
LOC101929148	-0.060385656565657087
LOC101929550	-0.029025555555555638
LOC101929726	-0.07316121212121196
LOC102723407	-0.16946202020201984
LOC103344931	0.18645111111111135
LOC105373045	0.811092323232323
LOC105373738	-0.03303666666666638
LOC105377443	-0.16376505050505052
LOC106699570	-0.10589707070707055
LOC145678	-0.08557898989898982
LOC147343	-0.06635282828282829
LOC150776	0.1528970707070707
LOC155060	0.21009525252525396
LOC157562	0.19797787878787965
LOC1720	-0.09630141414141358
LOC202181	-0.18692515151515154
LOC220077	-0.08607924242424225
LOC254896	-0.06866252525252525
LOC257152	-0.03775313131313185
LOC284244	-0.17185151515151498
LOC341651	-0.09355747474747478
LOC346329	-0.03720252525252521
LOC387820	0.27032939393939515
LOC388161	0.258276565656566
LOC389768	-0.03922010101010098
LOC389906	-0.11696191919191845
LOC390588	-0.06295404040404051
LOC390998	0.1307974747474745
LOC391020	0.10318444444444363
LOC391132	0.17998929292929322
LOC392555	-0.11817434343434341
LOC400655	-0.04266555555555529
LOC440434	0.316495555555556
LOC440792	-0.184041313131313
LOC440895	0.2348389898989902
LOC441204	-0.01754868686868649
LOC441601	0.05485626262626253
LOC441938	-0.20335151515151484
LOC442367	-0.027009797979797856
LOC51145	-0.08875686868686783
LOC51190	-0.06249595959595888
LOC51336	-0.11627797979798027
LOC55338	-0.22789780303030316
LOC57399	-0.2456824242424247
LOC642150	-0.14364242424242413
LOC642346	0.2089738383838391
LOC642469	-0.07235434343434388
LOC642502	0.5152216666666662
LOC642533	-0.21655131313131237
LOC642732	0.42075333333333464
LOC642846	0.27090000000000014
LOC643287	0.4840749494949481
LOC643313	-0.0627500000000003
LOC643576	0.23428282828282754
LOC644099	-0.10669575757575789
LOC644124	0.3193394949494941
LOC644132	0.49418404040404074
LOC644181	-0.08671292929292918
LOC644350	-0.05766535353535307
LOC644450	0.10315510101010217
LOC644617	0.2347503030303031
LOC644776	0.0032649494949494873
LOC645226	-0.16207020202020184
LOC645291	-0.20912212121212104
LOC645468	0.053142979797979883
LOC645508	-0.05310555555555485
LOC645749	-0.08292878787878788
LOC646593	0.02026383838383783
LOC646649	-0.04805585858585948
LOC646756	0.04929378787878802
LOC646934	-0.05924545454545438
LOC647070	-0.10111601010101046
LOC647074	0.06193323232323289
LOC647597	-0.014222121212121408
LOC647859	0.8282968686868681
LOC647971	-0.21682676767676812
LOC648152	0.6603859595959598
LOC648390	-0.3728661616161615
LOC649279	-0.0934029292929286
LOC649800	0.09608959595959732
LOC650122	0.2509897979797975
LOC650303	-0.08731212121212106
LOC650312	-0.05500484848484888
LOC650465	-0.07442717171717206
LOC650557	-0.271225454545454
LOC650674	-0.14467767676767673
LOC651198	0.031968989898989886
LOC651610	0.1352413131313126
LOC651791	-0.10698747474747483
LOC651870	-0.10183525252525305
LOC652001	-0.01211494949494929
LOC652147	-0.08171510101010071
LOC652200	-0.08806338383838419
LOC652607	0.7443366666666655
LOC652626	-0.45661313131313097
LOC652671	-0.05032242424242428
LOC652826	1.0109637373737375
LOC652993	-0.8559827272727265
LOC653256	0.32231696969697055
LOC653653	0.03761666666666663
LOC653877	0.2685467676767681
LOC653879	-0.551438787878789
LOC653888	0.7436030303030305
LOC653972	0.8767610101010108
LOC654056	-0.11716838383838368
LOC654164	-2.9736166666666666
LOC654342	0.6579893939393946
LOC727732	-0.04121232323232249
LOC727737	0.011541363636364821
LOC727825	-0.5436229292929315
LOC727867	-0.013034242424242226
LOC727877	-0.21352797979797966
LOC727882	-0.5809401010101025
LOC727893	-1.095666060606061
LOC727901	0.3446055555555567
LOC727927	-0.1638005555555555
LOC727942	-0.03793454545454544
LOC728014	0.14386424242424134
LOC728024	0.248147474747475
LOC728146	-0.023026767676768145
LOC728198	0.2068133333333333
LOC728210	0.5419534343434345
LOC728320	-0.12375919191919182
LOC728438	0.07020737373737251
LOC728490	-0.08595666666666624
LOC728519	0.014539646464648115
LOC728672	0.029794242424241446
LOC728683	-0.0839703030303034
LOC728686	0.08314656565656575
LOC728825	0.5779448484848473
LOC728830	-0.5668877777777785
LOC728844	-0.14724949494949424
LOC728849	0.506789865319865
LOC728863	-0.08322262626262678
LOC728866	0.030474040404040892
LOC728896	0.10923939393939364
LOC728900	0.21406515151515038
LOC728908	0.06462777777777706
LOC728944	-0.059000303030304124
LOC728946	-0.144553535353535
LOC728951	-0.08440626262626294
LOC728965	-0.9979833333333348
LOC728980	0.06111989898990089
LOC728985	-0.11365616161616199
LOC728999	0.021052828282828617
LOC729030	0.3005751515151527
LOC729143	-0.08176313131313195
LOC729144	-0.17271535353535317
LOC729164	-0.16573535353535274
LOC729222	-0.7316495959595963
LOC729316	0.35256343434343407
LOC729343	0.24654555555555469
LOC729580	-0.10622535353535323
LOC729815	-0.26621898989898973
LOC729978	-0.09531949494949554
LOC729998	0.36765882154882057
LOC730006	-0.14461999999999975
LOC730021	0.18292747474747495
LOC730096	-0.2166079797979794
LOC730101	0.7361387878787884
LOC730107	-0.6748817171717167
LOC730110	0.07123868686868651
LOC730324	-0.07055404040404056
LOC730390	0.16909828282828343
LOC730412	0.22069161616161637
LOC730418	-0.05021808080808121
LOC730420	-0.013206161616162504
LOC730421	0.04819353535353521
LOC730429	0.8011038383838383
LOC730444	-0.5448227272727255
LOC730453	0.055181111111111125
LOC730476	-0.16887085858585849
LOC730744	0.46023212121212076
LOC730794	0.14174858585858496
LOC730909	-0.16842929292929254
LOC730924	-0.8083971717171705
LOC730976	0.3124291919191915
LOC731049	1.3392616161616155
LOC731059	1.1619903030303016
LOC731069	-0.2516815151515157
LOC731183	-0.11874515151515252
LOC731210	-0.2243488888888887
LOC731292	0.2369536363636353
LOC731429	0.571403131313132
LOC731437	0.04787919191919121
LOC731501	-0.06011555555555548
LOC731528	-0.07930272727272714
LOC731565	-0.17048101010100947
LOC731701	-0.033496666666667174
LOC731823	-0.10121505050505064
LOC731832	0.8710446464646466
LOC731863	0.36707606060606146
LOC731896	0.4139093939393943
LOC731901	-0.05698378787878866
LOC731915	0.004900707070707444
LOC731972	-0.030842424242424116
LOC731974	-0.07092323232323317
LOC731992	-0.0356681818181821
LOC732037	0.04051111111111183
LOC732139	0.09662469696969556
LOC732153	-0.11132969696969708
LOC732160	-0.14511707070707036
LOC732360	0.2440514141414143
LOC732402	0.7061193939393959
LOC732415	-0.062255656565656015
LOC732466	-0.08958747474747408
LOC79160	-0.04733828282828334
LOC79999	-0.07288888888888856
LOC81691	0.4052695454545452
LONP1	0.20221535353535547
LONP2	-1.5158759090909095
LONRF1	-0.6443538383838385
LONRF3	-0.2328321212121205
LOR	0.004222222222221905
LOX	0.18887882154882218
LOXL1	-0.16324565656565682
LOXL2	0.2302996296296298
LPA	-2.732844141414141
LPAL2	-0.7164657070707072
LPAR1	-0.18494138047138042
LPAR2	0.05749570707070628
LPAR3	-0.201218787878787
LPAR4	-0.07608414141414022
LPAR6	-0.15019858585858437
LPCAT1	1.2338101010101017
LPCAT3	0.05361727272727279
LPCAT4	-0.04328185185185163
LPGAT1	1.7229994949494953
LPIN1	0.12777333333333374
LPIN2	-0.7656810101010088
LPL	0.45873858585858596
LPO	-0.06286101010101053
LPP	0.01951670033670272
LPXN	-0.38739696969697146
LRAT	-0.3142919191919189
LRBA	-0.16137186868686815
LRCH1	-0.0954270707070708
LRCH3	0.1917315151515151
LRCH4	-0.19392676767676775
LRFN3	0.03214020202020329
LRFN4	0.04796555555555582
LRIF1	0.6704912121212123
LRIG1	0.22139191919192047
LRIG2	0.13279777777777735
LRIT1	-0.07202262626262579
LRMP	-0.1064177272727278
LRP1	-0.4973829292929306
LRP10	0.5594475757575754
LRP12	0.28038424242424265
LRP1B	0.03515343434343432
LRP2	0.05031333333333343
LRP2BP	-0.02517696969696903
LRP3	0.02541505050505055
LRP4	0.3082938383838383
LRP5	-0.186795656565657
LRP5L	-0.43668777777777734
LRP6	-0.41247186868686914
LRP8	0.06229030303030303
LRPAP1	0.38492323232323056
LRPPRC	0.6707839898989914
LRR1	0.08473979797979858
LRRC1	1.5321636363636357
LRRC14	0.19327202020201995
LRRC15	-0.1048846464646469
LRRC17	-0.256342222222222
LRRC19	-0.19993878787878838
LRRC2	0.12818757575757544
LRRC20	0.5208387878787883
LRRC23	0.01844494949494946
LRRC3	-0.05824555555555566
LRRC31	0.7741649494949492
LRRC32	-0.4724314141414139
LRRC36	-0.0815402020202014
LRRC37A	-0.02494090909090918
LRRC37A2	0.17164454545454522
LRRC37A4P	-0.0794404040404042
LRRC37BP1	-0.1181128282828281
LRRC40	-0.12136813131312962
LRRC41	0.04544984848484823
LRRC42	0.7483481818181819
LRRC47	-0.09808646464646387
LRRC49	-0.040999191919192324
LRRC59	1.064572828282829
LRRC6	-0.026688787878788034
LRRC61	0.21088999999999825
LRRC75B	-0.07796212121212154
LRRC8B	0.2824874747474744
LRRC8D	0.5908777777777798
LRRC8E	0.07372343434343431
LRRFIP1	-0.25895944444444474
LRRFIP2	0.06866464646464454
LRRK1	-0.16051383838383781
LRRN2	-0.05770909090909093
LRRN3	-0.5238493434343434
LRRTM2	-0.08695666666666613
LRRTM4	0.008920202020202606
LRTM1	-0.09188989898989908
LRTOMT	-0.15310555555555538
LSAMP	-0.18345656565656565
LSG1	0.3751997979797981
LSM1	0.2552811111111106
LSM12	0.467836313131313
LSM14A	0.5494252188552187
LSM14B	0.1020940404040398
LSM2	0.7621695959595964
LSM3	0.6453183838383847
LSM4	0.7514288888888894
LSM5	0.4535278114478105
LSM7	0.7516690909090906
LSM8	0.8472163636363632
LSP1	-0.14850888888888747
LSR	-0.27273989898989903
LSS	0.26719085858585867
LST1	-0.3918441919191906
LTA	-0.10376101010101024
LTA4H	0.5518715151515154
LTB	-0.13000696969696968
LTB4R	-0.06666974747474708
LTB4R2	-0.1345101010101004
LTBP1	-0.549608787878789
LTBP2	0.07681797979797977
LTBP3	-0.2633579797979788
LTBP4	-0.4130558249158245
LTBR	-0.031174444444444838
LTC4S	-0.15954959595959606
LTK	-0.15640929292929284
LTN1	0.17537787878787992
LUC7L	-0.4228338383838386
LUC7L2	-0.18733090909090944
LUC7L3	0.2045122222222222
LUM	-1.6568337373737378
LUNAR1	-0.09871262626262611
LURAP1L	-0.4693202020202021
LUZP1	-0.07505762626262591
LUZP2	-0.09405686868686924
LUZP4	-0.06755353535353592
LXN	-0.15711969696969597
LY6D	-0.13380535353535317
LY6E	-2.0103
LY6G5C	0.05027090909090859
LY6G6C	-0.15158030303030356
LY6G6D	-0.19461959595959621
LY6G6E	-0.07058868686868713
LY6H	0.0273058585858581
LY75	0.11152949494949427
LY86	-0.3142468686868689
LY9	-0.18532313131313094
LY96	0.5957070707070695
LYL1	-0.16895070707070836
LYN	0.4040020538720528
LYPD1	0.266525858585859
LYPD3	-0.06302737373737388
LYPLA1	0.2944403535353546
LYPLA2	0.207139292929293
LYPLA2P1	0.079908047138046
LYRM1	-0.7250286868686864
LYRM2	0.5955127272727267
LYRM4	1.1695821212121214
LYRM9	-0.09270484848484806
LYST	-0.02749814814814755
LYVE1	-1.1400934343434348
LYZL6	-0.05466858585858514
LZTFL1	-0.22788434343434272
LZTR1	0.15200949494949523
LZTS1	-0.0712501178451177
LZTS3	0.08554585858585906
M6PR	0.2171526767676779
MAB21L1	-0.020111818181817398
MAB21L2	-0.052955050505051116
MACF1	-0.3167278787878791
MACROD1	-1.2298246464646478
MAD1L1	-0.6101592929292936
MAD2L1	1.5236926262626262
MAD2L1BP	0.5106566666666668
MADCAM1	-0.1852745454545448
MADD	-0.05558838383838438
MAF	-0.6056729629629647
MAFB	-0.47228515151515005
MAFF	0.34591207070707153
MAFK	-0.00993616161616151
MAG	-0.1168610822510816
MAGEA1	0.7347387878787877
MAGEA10	-0.08148888888888894
MAGEA11	-0.0387006060606061
MAGEA12	0.9467935353535348
MAGEA2B	0.4241726262626262
MAGEA3	1.4591243434343442
MAGEA4	-0.3164686868686868
MAGEA5	0.5770351515151511
MAGEA6	1.323574444444445
MAGEA8	0.13954010101010095
MAGEA9B	0.005864444444443784
MAGEB1	0.04912404040404095
MAGEB2	0.32206202020202035
MAGEB3	-0.053835252525252564
MAGEB4	-0.08066090909090828
MAGEC1	0.24367646464646464
MAGEC2	0.38285020202020226
MAGEC3	-0.04938484848484803
MAGED1	0.6732490909090902
MAGED2	0.7300333838383848
MAGED4B	1.0685456565656568
MAGEF1	0.22382212121212053
MAGEH1	-0.08958060606060592
MAGEL2	-0.13049838383838352
MAGI1	-0.5405897306397307
MAGI2	-0.08100186868686876
MAGIX	0.03321707070707047
MAGOH	0.41835707070706984
MAGOHB	0.46721525252525353
MAGT1	0.28386232323232274
MAK	-0.029053838383838126
MAK16	0.2085306060606058
MAL	-0.08718797979798021
MALL	0.3576149494949501
MALT1	0.008499393939394473
MAML1	0.337640808080808
MAML3	-0.03796494949494944
MAMLD1	0.35846151515151536
MAN1A1	-0.1043513636363631
MAN1A2	0.04899724747474821
MAN1B1	0.22756303030303027
MAN1C1	-1.8241134343434346
MAN2A1	0.3067538383838393
MAN2A2	-0.015245757575758745
MAN2B1	0.19446717171717243
MAN2B2	-0.4292399999999992
MAN2C1	-0.2812760606060598
MANBA	0.053278686868686975
MANEA	0.08372272727272723
MANF	0.9554750505050507
MANSC1	0.4646431313131334
MAOA	-0.605367946127946
MAOB	-0.7243723232323234
MAP1A	-0.09246181818181842
MAP1B	0.37109469696969644
MAP1LC3B	0.18269631313131374
MAP1LC3C	0.008248383838384665
MAP1S	0.3204757575757573
MAP2	0.16984050505050563
MAP2K1	-0.6047738383838377
MAP2K2	0.24644400673400657
MAP2K3	-0.7567494949494948
MAP2K4	-0.05717656565656437
MAP2K5	0.023143754208754252
MAP2K6	-0.1383529797979799
MAP2K7	-0.12459430976430985
MAP3K1	-0.12065888888888976
MAP3K10	-0.15107848484848407
MAP3K11	0.25239606060606157
MAP3K12	-0.08061353535353488
MAP3K13	-0.03524106060606158
MAP3K14	-0.12592555555555496
MAP3K15	-0.05691919191919226
MAP3K19	-0.14023969696969818
MAP3K2	-0.04167949494949408
MAP3K3	-0.14206030303030204
MAP3K4	0.14177393939394012
MAP3K5	-0.2345492929292936
MAP3K6	-0.09269353535353497
MAP3K7	0.4489411111111119
MAP3K7CL	0.29508656565656555
MAP3K8	0.33799626262626203
MAP3K9	0.29303929292929265
MAP4	0.3638480134680133
MAP4K1	-0.20748936026935993
MAP4K2	-0.13847898989899043
MAP4K3	0.7128145454545463
MAP4K4	1.0155130303030298
MAP4K5	0.328211111111111
MAP6D1	-0.05895020202020218
MAP7	-0.2487863973063975
MAP7D1	0.34140161616161624
MAP7D3	-0.13589681818181898
MAP9	-0.027812929292929667
MAPK1	0.7271048989899
MAPK10	-0.09578208754208806
MAPK11	-0.03564690235690193
MAPK12	0.19710343434343436
MAPK13	0.7158288383838385
MAPK14	0.1704674242424229
MAPK1IP1L	0.3848299999999991
MAPK3	0.15213969696969798
MAPK4	-0.07635777777777797
MAPK6	0.7428815151515167
MAPK7	0.11109176767676754
MAPK8	-0.13543924242424232
MAPK8IP1	-0.15704782828282848
MAPK8IP2	0.014588838383839509
MAPK8IP3	-0.10338058080808121
MAPK9	0.8585806060606052
MAPKAP1	0.3558367676767684
MAPKAPK2	0.285511447811448
MAPKAPK3	0.13038419191919282
MAPKAPK5	0.20999393939393984
MAPKAPK5-AS1	0.10394020202020293
MAPRE1	1.069958989898991
MAPRE2	-0.18455922558922477
MAPRE3	-0.19527764309764306
MAPT	0.22714532828282907
MARC1	-0.5640047474747485
MARC2	-0.9048744949494925
MARCH1	-0.17193035353535313
MARCH2	0.1402107070707066
MARCH3	0.3891873737373741
MARCH5	0.036386969696969196
MARCH6	0.021842588383838013
MARCH7	0.3325306060606046
MARCH8	0.14307808080808115
MARCKS	0.8007490404040398
MARCKSL1	0.8503971717171712
MARCO	-1.9987131313131314
MARK1	0.07989333333333315
MARK2	-0.033784848484847974
MARK3	0.19376853535353522
MARK4	0.8389932828282838
MARS	0.5753888215488212
MAS1	-0.158819494949495
MASP1	-0.738015925925926
MASP2	-1.2251407070707074
MAST1	-0.12482949494949391
MAST2	-0.0038316666666666777
MAST3	-0.19436535353535334
MAT1A	-1.851834545454544
MAT2A	0.08749488215488288
MAT2B	-0.01147020202020066
MATK	-0.0903706060606062
MATN1	-0.07785368686868743
MATN2	-0.16222222222222182
MATN3	0.13106797979797946
MATN4	-0.08458949494949497
MATR3	0.5475457912457902
MAU2	-0.03662868686868759
MAX	0.0037276262626244616
MAZ	0.3129357070707064
MB	-0.13652737373737356
MBD1	0.12848959595959641
MBD2	0.02574050505050529
MBD3	-0.010884848484849385
MBD4	-0.09136487373737445
MBD5	0.11071030303030227
MBIP	-0.04447353535353571
MBL1P	-0.3832419191919194
MBL2	-2.1249758585858602
MBNL1	-0.009901636363635724
MBNL2	-0.35827205387205474
MBNL3	0.6542790909090916
MBOAT2	-0.09091151515151541
MBOAT7	0.14968156565656532
MBP	-0.09018785353535375
MBTD1	-0.18907626262626254
MBTPS1	-0.3153011616161612
MBTPS2	-0.08029737373737333
MC1R	-0.02936969696969749
MC2R	-0.06196306397306417
MC3R	-0.07764000000000015
MC4R	-0.023761515151515145
MC5R	-0.08353040404040435
MCAM	0.5326956902356894
MCAT	0.04948020202020231
MCC	-0.39568686868686775
MCCC1	-0.4222660606060602
MCCC2	-0.3466526767676763
MCF2	-0.06566424242424196
MCF2L	0.08973521885521762
MCF2L2	0.0680719191919188
MCFD2	0.20673833333333125
MCFD2P1	0.008799393939393774
MCHR1	-0.10437646464646422
MCL1	-0.35071727272727315
MCM10	0.32407292929292897
MCM2	1.6479273737373736
MCM3	1.591309595959597
MCM3AP	-0.061895676767677266
MCM3AP-AS1	0.28764717171717225
MCM4	0.7899192255892258
MCM5	1.1469431818181821
MCM6	2.087071818181818
MCM7	1.1727203535353539
MCMBP	0.22219737373737392
MCOLN1	0.16536252525252593
MCOLN3	0.2074455555555561
MCPH1	0.038036666666666274
MCRS1	0.4323960606060613
MCTP1	0.5688604040404037
MCTP2	-0.020587070707071664
MCTS1	0.7402433333333329
MCUB	0.3467023232323232
MCUR1	0.3300370707070721
MDC1	0.4271647474747491
MDFI	-0.08979060606060685
MDFIC	-0.08634969696969552
MDH1	0.3485296969696954
MDH2	0.2529275252525265
MDK	2.305211212121213
MDM1	0.2738647979797988
MDM2	-0.1786452020202014
MDM4	0.037810202020202244
MDN1	-0.4276319191919189
ME1	0.6641622558922577
ME2	0.8580573232323223
MEA1	0.8284155555555532
MEAF6	0.5134215151515154
MECOM	0.26358792929292907
MECP2	0.045408249158247926
MECR	-0.032689999999998776
MED1	0.34368151515151535
MED12	0.33143209595959533
MED13	0.19169277777777705
MED13L	0.09830982323232274
MED14	0.0737540000000001
MED15	0.010834040404039236
MED16	-0.03952206060606045
MED17	0.686671414141415
MED18	-0.0344692424242421
MED20	0.46539237373737485
MED21	0.4926212626262618
MED22	0.3081628282828275
MED23	0.4397069696969709
MED24	0.2739705050505048
MED25	-0.04348585858585885
MED26	0.09000060606060689
MED27	0.1907331986531986
MED28	0.6987980808080794
MED31	-0.10969111111111118
MED4	0.3067592929292928
MED6	0.13835831649831665
MED7	0.5087823232323236
MED8	0.3816836700336701
MED9	0.15071303030302952
MEF2A	-0.059682996632996144
MEF2C	0.11877872053872096
MEF2D	0.006801767676767767
MEFV	-0.15801303030302982
MEG3	0.08576997474747383
MEGF6	-0.1999657575757574
MEGF8	0.09352272727272659
MEGF9	-0.17216575757575736
MEIS1	0.16127595959595986
MEIS2	0.6686038383838406
MEIS3	0.7907159595959579
MEIS3P1	-0.32583545454545515
MELK	1.6901301010101015
MELTF	-0.19555858585858532
MEMO1	0.5137324242424253
MEN1	0.30706151515151436
MEOX1	-0.0019376767676768658
MEOX2	0.053876161616162044
MEP1A	1.1170477777777772
MEP1B	-0.28854777777777807
MEPCE	0.3337430303030313
MEPE	-0.13312838383838388
MERTK	-0.0882916835016836
MEST	-0.15419393939393977
MET	0.17508752525252458
METAP1	0.07559565656565592
METAP2	0.023074478114478048
METRN	-0.37303272727272674
METTL1	0.3789297979797981
METTL10	-0.12284090909090883
METTL13	0.7571698653198675
METTL16	-0.05873686868686834
METTL17	0.013219191919192852
METTL18	0.7567233333333352
METTL21B	0.23410404040403954
METTL22	0.013660707070707545
METTL2A	0.2196157575757578
METTL3	0.4820071212121215
METTL4	0.3015546464646457
METTL5	0.4556855050505071
METTL7A	-0.7129937037037024
METTL8	0.0014667676767681215
METTL9	0.44870414141414017
MEX3C	0.8896852525252514
MEX3D	0.22364818181818213
MFAP1	0.9115880808080803
MFAP2	0.14108020202020244
MFAP3L	-0.637435984848485
MFAP4	-0.9041265656565654
MFAP5	-0.04537003367003356
MFF	0.9571208080808074
MFGE8	-0.047395656565657696
MFHAS1	0.3050639393939383
MFN1	0.4478458249158246
MFN2	-0.1239447474747486
MFNG	-0.06184205387205388
MFSD1	0.35646969696969677
MFSD10	0.3951436363636356
MFSD11	-0.13038030303030368
MFSD12	0.11846454545454677
MFSD13A	0.16660868686868735
MFSD5	0.9185694949494954
MFSD6	0.1735876767676765
MFSD7	-0.022878383838384586
MFSD9	0.1408380808080807
MGA	0.5315583838383828
MGAM	0.13574181818181819
MGAM2	-0.015952525252524996
MGAT1	0.1018241414141432
MGAT2	0.16609498316498073
MGAT3	-0.12621454545454558
MGAT4A	0.5640444444444448
MGAT4B	6.737373737308872e-05
MGAT4C	-0.006793030303030356
MGAT5	-0.043429124579124956
MGC12488	-0.2432381818181817
MGC13053	-0.09897050505050542
MGC2889	-0.05992838383838395
MGC40069	-0.07115555555555453
MGC4771	-0.10183828282828244
MGC4859	0.0007759595959599963
MGEA5	-0.11187740740740626
MGLL	-1.0415964646464655
MGMT	-0.9776174747474746
MGP	-0.05518020202020146
MGRN1	-0.2198604040404044
MGST2	-0.6137354545454539
MGST3	0.1725455555555584
MIA	-0.028381010101010684
MIA2	-0.20679969696969636
MIA3	-0.18121161616161707
MICAL1	0.17460414141414216
MICAL2	-0.217577946127947
MICALL1	0.4443622727272718
MICALL2	-0.31213090909090724
MICB	0.25715308080808175
MICU1	-0.7802864646464656
MICU2	0.27157737373737323
MID1	0.6494592424242418
MID1IP1	1.358479090909091
MID2	0.17070434343434382
MIEF1	0.3653004040404033
MIER2	0.07274740740740793
MIF	0.7905221212121205
MILR1	-0.09468848484848547
MINA	0.6947290404040398
MINK1	-0.09568666666666559
MINPP1	0.1425674747474739
MIOS	0.06700404040404084
MIP	-0.12062989898989862
MIPEP	-0.12717525252525252
MIR21	0.48326404040404114
MIR22HG	-1.0209376767676757
MIR600HG	-0.08652989898989905
MIS12	0.12555979797979777
MIS18A	0.7980906060606054
MIS18BP1	-0.0034687878787877935
MISP	-0.09969979797979711
MITF	-0.3144693939393939
MKI67	0.8272394696969703
MKKS	0.6932566666666666
MKL1	0.029020168350168074
MKL2	0.06024050505050571
MKLN1	0.08493757575757765
MKNK1	-0.3498996969696977
MKNK2	-0.19545787878787912
MKRN1	0.3515178282828284
MKRN2	0.16948055555555452
MKRN3	-0.02219686868686921
MKS1	0.02391484848484904
MLANA	-0.06522030303030268
MLC1	-0.04247484848484895
MLEC	0.4926994949494965
MLF1	-0.004665488215488178
MLF2	-0.5303905050505051
MLH1	0.4609904040404036
MLH3	0.22041946127946055
MLIP	-0.5588488888888898
MLLT1	-0.11873464646464704
MLLT10	-0.02183781818181796
MLLT11	0.7852289898989895
MLLT3	0.04406277777777845
MLN	-0.10514535353535415
MLNR	0.0038371717171714614
MLPH	-0.7047060606060604
MLST8	0.23754131313131222
MLX	0.021604419191919355
MLXIP	-0.09808686868686856
MLXIPL	-0.7039332323232328
MLYCD	-0.9137973737373732
MMACHC	-0.49795747474747554
MMADHC	-0.09651000000000032
MMD	1.0877162626262633
MME	-1.3437317676767675
MMP1	0.20398707070707145
MMP10	0.12935787878787908
MMP11	0.21396740740740805
MMP12	1.2115836363636365
MMP13	-0.18106606060606012
MMP14	-0.0831986868686867
MMP15	-0.22460818181818354
MMP16	-0.11199025252525363
MMP17	-0.1533715151515156
MMP19	-0.2587026262626262
MMP2	-0.3727078787878799
MMP20	-0.05711797979798039
MMP23A	-0.09273181818181842
MMP24	-0.1292935606060608
MMP25	-0.1637049494949494
MMP26	-0.09679444444444352
MMP27	-0.0356915151515147
MMP28	0.030577272727272398
MMP3	-0.04350686868686804
MMP7	-0.2628124242424237
MMP8	-0.044771414141414834
MMP9	1.0403737373737378
MMRN1	-0.1834875757575758
MMRN2	-0.028950707070706017
MMS19	0.46137565656565727
MN1	0.04763202020202062
MNAT1	0.5493073737373724
MNDA	-0.1884137373737378
MNS1	0.7717572727272723
MNT	-0.15583222222222215
MNX1	0.029271414141414098
MOAP1	0.22574959595959498
MOB1A	0.4038183333333327
MOB3B	0.19421101010100994
MOB4	0.8944616161616157
MOBP	-0.05319510101010039
MOCOS	-0.49021292929293026
MOCS1	-0.07818156565656409
MOCS2	0.022861212121212837
MOCS3	-0.028233030303029594
MOG	-0.12362892255892222
MOGAT2	-0.6086274747474745
MOGS	0.12307676767676856
MOK	-0.1276854545454551
MON1B	-0.0555586868686877
MON2	-0.1793601010100998
MORC1	-0.04223101010101038
MORC2	0.6742893939393939
MORC3	-0.19474616161616254
MORC4	0.712908686868686
MORF4	0.6039735353535356
MORF4L1	0.4918481818181828
MORF4L2	0.48624020202020013
MORN1	-0.25654353535353636
MOS	-0.03231404040404051
MOSPD1	1.2524461616161622
MOSPD2	0.412399646464646
MOSPD3	0.10628717171717295
MOXD1	-0.1658528282828282
MPC1	-1.0431934343434381
MPC2	0.9898557575757572
MPDU1	-0.5814192929292918
MPDZ	-1.359221515151516
MPG	-0.25750686868686934
MPHOSPH10	0.30189666666666604
MPHOSPH6	0.48434505050505017
MPHOSPH8	-0.3219298989898993
MPHOSPH9	0.3746388215488219
MPI	0.09075272727272754
MPL	-0.03014265993266063
MPO	-0.06658792929292945
MPP1	-0.273226363636363
MPP2	-0.09977126262626212
MPP3	-0.0067717171717172064
MPP5	0.10766787878787998
MPP6	0.7319131313131315
MPPE1	0.29043466666666795
MPPED1	-0.757669898989898
MPPED2	0.0957146969696967
MPRIP	-0.3546646464646459
MPST	-0.22764909090909136
MPV17	0.7987741414141407
MPZ	0.05600575757575754
MPZL1	0.7349102020202025
MPZL2	0.4525398484848475
MR1	-0.04515468686868651
MRAS	-0.051612323232323565
MRC1	-1.552435656565656
MRC2	-0.6049119696969703
MRE11A	0.1816387878787884
MREG	-0.5027426262626262
MRFAP1L1	0.25530979797979825
MRGBP	0.6263050505050511
MRM1	-0.09043909090909175
MRM2	0.5464033838383822
MRM3	-0.24040414141414068
MROH7	0.14174474747474797
MROH9	-0.027596767676767442
MRPL11	0.6028691919191909
MRPL12	0.07199676767676877
MRPL13	1.2413225252525262
MRPL15	0.7023403030303017
MRPL16	0.01528141414141615
MRPL17	0.5416116161616165
MRPL18	0.5289277777777777
MRPL19	0.12668050505050488
MRPL2	0.021332323232323702
MRPL20	-0.025528585858586972
MRPL22	0.6018983838383836
MRPL23	0.22732818181818182
MRPL24	0.6483061616161612
MRPL28	0.02151373737373774
MRPL3	0.5022281818181842
MRPL33	0.5151962626262625
MRPL34	-0.4789656565656566
MRPL35	0.17363484848484934
MRPL39	-0.06254747474747546
MRPL4	0.1962532323232331
MRPL40	-0.0412645454545455
MRPL41	-0.060809595959595786
MRPL42	1.1178793939393925
MRPL43	0.20868626262626266
MRPL44	0.04967212121212139
MRPL46	-0.23278939393939346
MRPL48	0.6130102020202024
MRPL49	0.4434207070707066
MRPL52	0.08767676767676713
MRPL57	-0.2199276430976429
MRPL58	0.3965719191919179
MRPL9	1.2115021717171723
MRPS10	0.6267811111111117
MRPS11	0.15826065656565547
MRPS12	0.276355858585859
MRPS14	0.7005063131313145
MRPS15	0.280089191919191
MRPS16	0.9148183838383837
MRPS17	1.091733333333333
MRPS18A	0.4466803535353545
MRPS18B	0.3075402020202027
MRPS18C	-0.00929232323232343
MRPS2	-0.05697898989898942
MRPS22	0.18313929292929298
MRPS27	0.5297990909090915
MRPS28	0.4341227272727268
MRPS30	0.5662173737373735
MRPS31	-0.23510313131312977
MRPS33	0.3552075757575759
MRPS34	0.021329898989897345
MRPS35	0.4790293939393937
MRPS7	0.5337187878787866
MRS2	0.8196706565656564
MRTO4	0.7274674747474759
MS4A1	-0.12104888888888876
MS4A12	-0.14565282828282822
MS4A2	-0.051997070707070936
MS4A3	-0.06766060606060575
MS4A4A	-0.30138474747474664
MS4A5	-0.22942070707070794
MS4A6A	-1.4229160606060605
MSANTD2	0.013767272727273294
MSC	-0.002507474747475147
MSH2	1.2818158585858583
MSH3	-0.07040277777777781
MSH4	-0.02091444444444468
MSH5	0.5622463636363633
MSH6	0.5794136026936032
MSI1	-0.016903636363636565
MSL1	0.3508979797979803
MSL2	0.21013111111111105
MSL3	-0.086937777777778
MSLN	-0.06847252525252534
MSMB	0.0476271717171719
MSMO1	-0.446318282828285
MSN	0.3994558585858572
MSR1	-0.08880247474747494
MSRA	-1.43344101010101
MSRB1	-0.5958255555555549
MSRB2	-0.06451444444444299
MST1	-1.1469789898989937
MST1L	-0.9078646127946124
MST1R	-0.06054888888888943
MSTN	-0.00531474747474725
MSX1	0.1990039393939398
MSX2	-0.040338451178451695
MT1E	-3.182528282828285
MT1F	-3.7416004545454546
MT1G	-2.162082525252524
MT1H	-3.0873773737373753
MT1HL1	-2.6084214141414144
MT1M	-3.4817383333333334
MT1X	-3.1163865656565672
MT2A	-2.4901254545454545
MT3	-0.1440453535353532
MT4	-0.19104656565656652
MTA1	-0.021952676767675428
MTA2	-0.01396787878787853
MTAP	-0.017487494949496085
MTBP	-0.055316262626262436
MTCH1	0.5224452525252516
MTCH2	0.16998171717171928
MTCP1	-0.21600114478114474
MTDH	0.7250845117845088
MTERF1	0.21985343434343374
MTERF3	0.9400294949494947
MTERF4	-0.1146130303030306
MTF1	0.035030404040403695
MTF2	0.25674323232323104
MTFR1	0.7778773232323246
MTG1	0.10377353535353517
MTHFD1	-1.5732135353535366
MTHFD2	0.6841171717171708
MTHFD2L	-0.4866367676767682
MTHFR	-0.15624367003366935
MTHFS	-0.2107252020202024
MTHFSD	0.06622464646464676
MTIF2	0.6994443434343456
MTM1	0.01763196969697134
MTMR1	0.26480166666666793
MTMR10	-0.09062222222222172
MTMR11	0.5687608080808078
MTMR12	0.04849595959595909
MTMR14	0.23673212121212028
MTMR2	0.4558212457912454
MTMR3	0.03442818181818108
MTMR4	-0.34356070707070696
MTMR6	0.4140864646464637
MTMR7	-0.1466836868686867
MTMR8	-0.10540585858585816
MTMR9	-0.26692712121212114
MTNR1A	-0.05951090909090917
MTNR1B	-0.0831935353535358
MTO1	-0.13160303030302956
MTOR	0.14072469696969758
MTPAP	0.46029414141414016
MTR	1.0016967676767674
MTRF1	-0.1404917171717175
MTRF1L	-0.08503858585858559
MTRR	0.21165202020202045
MTSS1	-0.09577699494949332
MTSS1L	-0.13141868686868685
MTTP	-1.5920989898989912
MTUS1	-0.260903400673401
MTUS2	-0.10185151515151514
MTX1	0.827048585858587
MTX2	0.5964945454545463
MUC1	-0.03902262626262676
MUC13	1.0241984848484846
MUC16	-0.04593828282828216
MUC2	-0.15570212121212101
MUC3A	-0.45805030303030403
MUC3B	-0.43091308080808055
MUC4	-0.025408720538720786
MUC5AC	-0.2092413804713802
MUC5B	-0.06337313131313094
MUC6	-0.6177405050505058
MUC7	-0.0605749999999996
MUL1	0.08061262626262611
MUM1	-0.35681030303030425
MUS81	0.30527575757575676
MUSK	-0.07531010101010116
MUT	-1.1097141414141412
MUTYH	0.21273929292929328
MVB12B	-0.04097820707070721
MVD	0.137707272727273
MVK	-0.2292097643097648
MVP	0.4717697979797979
MX1	0.024407474747475177
MX2	0.185960505050506
MXD1	-0.07309222222222189
MXD3	0.24244181818181776
MXD4	0.0753565993266001
MXI1	-0.5384796969696968
MXRA5	-1.3654255555555554
MXRA7	-0.18873444444444498
MYB	0.08421292929292923
MYBBP1A	0.12181636363636184
MYBL1	0.5952624242424243
MYBL2	0.4239040404040404
MYBPC1	0.06927777777777777
MYBPC2	-0.06519707070707037
MYBPC3	-0.20704303030302995
MYBPH	-0.11752929292929304
MYC	-0.22985191919191994
MYCBP	0.328854646464646
MYCBP2	-0.308011111111111
MYCL	-0.29257136363636427
MYCN	0.12033622895622953
MYCNOS	-0.1311237878787881
MYCT1	-0.07372171717171572
MYD88	-0.7079525252525247
MYDGF	0.5150530303030312
MYEF2	-0.05988434343434301
MYF5	-0.12920626262626245
MYF6	-0.10677303030302987
MYH1	-0.12374292929292974
MYH10	-0.3740056060606074
MYH11	-0.377574924242424
MYH13	-0.06277666666666581
MYH14	-0.1014266329966329
MYH15	-0.02559575757575816
MYH2	-0.06389292929292889
MYH3	-0.11762707070706968
MYH4	0.5102427272727263
MYH6	-0.06363363636363628
MYH7	-0.02942949494949465
MYH7B	0.0424845454545455
MYH8	-0.0832359595959602
MYH9	0.22890343434343308
MYL1	-0.12280585858585846
MYL10	-0.1857875252525263
MYL12B	0.383201717171719
MYL12BP1	0.3179467676767693
MYL2	-0.1401702020202018
MYL3	-0.06994383838383911
MYL4	-0.04634202020202016
MYL5	-0.06497131313131277
MYL6	-0.04048580808080615
MYL6B	0.855829393939394
MYL7	-0.10920727272727238
MYL9	-0.43971797979797955
MYLIP	0.0660230303030307
MYLK	-1.0690193939393957
MYLPF	-0.2024036363636359
MYNN	0.31181727272727233
MYO10	-0.7268549494949497
MYO15A	-0.21363363636363664
MYO15B	-0.28469999999999906
MYO16	-0.1809958585858591
MYO18A	-0.5088195959595971
MYO19	0.14853929292929324
MYO1A	0.09191262626262553
MYO1B	-0.521761851851851
MYO1C	-0.3119802525252542
MYO1D	0.3063780808080807
MYO1E	-0.22938707070706954
MYO1F	-0.7005616161616164
MYO3A	-0.15976292929292946
MYO5A	0.04525936026936028
MYO5C	1.0052995959595963
MYO6	0.32712771043771127
MYO7A	-0.24600989898989845
MYO7B	-0.06916419191919232
MYO9A	-0.4793005050505048
MYO9B	0.07040875420875459
MYOC	-0.09328494949495036
MYOD1	-0.1629778787878795
MYOF	0.052777676767677306
MYOG	-0.1615786868686877
MYOM1	-0.2631629292929283
MYOM2	-0.5281923232323233
MYOT	-0.15306171717171768
MYOZ1	-0.2197777777777783
MYOZ2	-0.1072154882154881
MYOZ3	-0.1807928282828284
MYRF	0.041975892255892155
MYRIP	-0.3487877777777788
MYT1	-0.05615984848484912
MYT1L	-0.06938367003367008
MYT2	-0.01635797979798026
MZB1	-0.3628351515151529
MZF1	-0.14414050505050557
MZT2B	0.21093239057238922
N4BP1	-0.11075285353535325
N4BP2L1	-0.7959457744107743
N4BP2L2	-0.4433301414141422
N4BP2L2-IT2	-0.04231353535353577
N4BP3	-0.10441656565656565
N6AMT1	0.21918727272727345
NAA10	0.7135145454545464
NAA11	0.07651303030303103
NAA15	0.36871979797979737
NAA16	0.06521858585858631
NAA35	0.5080628282828288
NAA40	0.3430874747474748
NAA50	0.382711818181817
NAA60	0.08557787878787959
NAAA	-1.0157790909090911
NAALAD2	0.013087878787878537
NAALADL1	0.17280868686868622
NAB1	0.0563953535353523
NAB2	-0.4179535353535355
NABP1	0.011883030303030395
NABP2	0.5884832323232332
NACA	0.5794248989898989
NACA2	-0.04346737373737408
NACA3P	0.2090140404040426
NACAD	-0.07556606060606086
NACC1	-0.27767717171717177
NACC2	0.346079898989899
NADK	-0.24541933333333432
NADSYN1	0.04621747474747462
NAE1	0.8120934343434341
NAG18	-0.18683030303030312
NAGA	-0.09358676767676766
NAGK	-0.015684646464646512
NAGLU	-0.23189843434343338
NAGPA	0.42050646464646313
NAMPT	-0.5524101010101026
NANOG	-0.019058181818182085
NANS	0.760818282828283
NAP1L1	0.8910627104377093
NAP1L2	0.22042111111111184
NAP1L3	-0.06662121212121264
NAP1L4	0.19518646464646494
NAPA	-0.19942292929293082
NAPG	0.25936222222222227
NARF	0.9617171717171713
NARFL	-0.09207141414141518
NARS	0.7048826262626253
NARS2	0.2081171717171726
NASP	0.19435131313131127
NAT1	-1.4222582828282828
NAT10	0.5614428282828294
NAT2	-3.8117661616161627
NAT6	-0.058182727272727774
NAT8	-0.8034927272727259
NAT8B	-0.18901979797979873
NAT9	0.40470909090909046
NAV1	-0.16353752525252485
NAV2	-0.4840599999999986
NAV3	0.28519814814814737
NAXD	-0.6442651515151514
NBAS	0.5733558585858587
NBEA	-0.0016472727272729415
NBEAL2	-0.021979696969697926
NBL1	0.08612873737373761
NBN	0.4605989393939405
NBPF1	-0.18557383838383856
NBR2	-0.006424343434343616
NCALD	-0.06360393939393916
NCAM1	-0.1258748888888892
NCAM2	-0.05863964646464659
NCAN	-0.03358060606060631
NCAPD2	0.5745669696969689
NCAPD3	0.06529161616161616
NCAPG	1.534340151515151
NCAPG2	0.9684558585858589
NCAPH	0.41298343434343376
NCAPH2	0.1319562373737364
NCBP1	0.18919196969696994
NCBP2	0.8105953030303015
NCBP3	0.029971111111110282
NCDN	0.08764383838383871
NCF1C	-0.09866898989898942
NCF2	0.5019242424242432
NCF4	-0.00400853535353507
NCK1	0.43855181818181777
NCKAP1	0.37774025252525245
NCKAP1L	-0.27978373737373907
NCKIPSD	-0.0007329966329967519
NCL	0.6712193939393938
NCLN	0.06964133333333411
NCOA1	0.18178565656565748
NCOA2	0.33577088383838305
NCOA3	0.36405583838383926
NCOA4	0.013233131313130642
NCOA6	0.6889949494949494
NCOR1	-0.7808970202020209
NCOR1P1	-0.6960474747474743
NCOR2	-0.029775025252527065
NCR1	-0.10921771043770967
NCR2	-0.15232050505050454
NCR3	-0.09687545454545532
NCS1	-0.1895365656565664
NCSTN	0.7862655555555556
NDC1	0.7036337373737371
NDC80	1.3246628282828277
NDE1	0.047695353535353036
NDEL1	-0.6994908080808075
NDFIP1	-0.08590101010100959
NDN	-0.003930909090909651
NDNF	-0.049835606060606
NDOR1	-0.10447808080808141
NDP	-0.0533427272727276
NDRG1	1.2653329292929278
NDRG2	-0.9879414478114468
NDRG3	0.5861593939393952
NDRG4	-0.0910583838383836
NDST1	0.05913040404040526
NDST2	0.008844848484850232
NDST3	-0.2602226262626268
NDST4	-0.10108969696969661
NDUFA1	0.562022424242425
NDUFA13	0.29756454545454325
NDUFA2	0.2181105050505039
NDUFA3	0.23908515151514997
NDUFA4	0.3542007070707047
NDUFA4L2	0.42611545454545485
NDUFA5	-0.12348702020202129
NDUFA6	0.4843595454545442
NDUFA7	0.33684989898990203
NDUFA8	0.6333036363636362
NDUFA9	0.1697287878787872
NDUFAB1	0.02153070707070448
NDUFAF1	-0.310868888888888
NDUFAF3	0.3944066666666677
NDUFAF4	0.461531515151516
NDUFAF5	0.2809085858585858
NDUFAF7	0.047188787878787775
NDUFB1	-0.09192232323232474
NDUFB11	0.19199323232323273
NDUFB2	0.2218323232323236
NDUFB2-AS1	-0.12436868686868774
NDUFB3	0.46920373737373744
NDUFB4	0.3383396969696957
NDUFB5	0.28966595959595764
NDUFB6	0.10237124579124668
NDUFB7	0.04412707070707178
NDUFB8	-0.07969003367003413
NDUFC1	-0.17679686868686595
NDUFC2	0.23541515151514858
NDUFS1	-0.0696077777777786
NDUFS2	0.3737441414141429
NDUFS3	0.14257767676767852
NDUFS4	0.4970842424242434
NDUFS5	0.10600969696969642
NDUFS6	0.6293854545454547
NDUFS7	-0.1289613131313132
NDUFS8	0.42938681818181834
NDUFV1	0.029989696969696666
NDUFV2	-0.12446212121211886
NEAT1	-1.2812965656565645
NEB	0.6328376262626265
NEBL	-0.002843030303030236
NECAB2	-0.4476588888888884
NECAB3	1.0889769696969687
NECAP1	0.11786434343434227
NECAP2	0.2400202020202009
NECTIN1	-0.1423559932659928
NECTIN2	0.5805837373737379
NECTIN3	-0.05077141414141373
NEDD4	0.17727696969696893
NEDD4L	0.9131319191919189
NEDD8	0.5522495959595943
NEDD9	0.6223579797979815
NEFH	0.06180777777777813
NEFL	-0.0363601010101009
NEFM	-0.020566363636363327
NEIL1	-0.588121616161617
NEIL3	0.2545027272727278
NEK1	-0.17050169191919196
NEK11	-0.0885927272727276
NEK2	1.0166376262626269
NEK3	0.1177867676767681
NEK4	0.9951403030303023
NEK7	1.0231277777777787
NEK9	-0.020893030303031246
NELFA	0.366560555555556
NELFB	0.6863832323232302
NELFCD	0.4800135353535353
NELFE	1.3704504040404055
NELL1	-0.09380808080808078
NELL2	-0.026516565656565128
NEMF	0.33070808080808156
NEMP1	0.5587420202020197
NENF	0.1383775084175083
NEO1	0.12557989898989952
NES	0.4451593939393934
NET1	0.2635548484848478
NETO2	0.6526268686868688
NEU1	1.6634465656565638
NEU2	-0.07464292929292915
NEU3	-0.1270160606060604
NEURL1	-0.13367732323232273
NEUROD1	-0.06970121212121194
NEUROD2	-0.07435878787878814
NEUROD4	-0.15897646464646398
NEUROD6	-0.1615556565656564
NEUROG1	-0.1673041414141423
NEUROG2	-0.14130878787878753
NEUROG3	-0.04217121212121144
NF1	0.08986988776655469
NF2	0.017342886002885916
NFASC	-0.38769257575757665
NFAT5	-0.36703454545454584
NFATC1	-0.1689727070707061
NFATC2IP	0.04726898989899109
NFATC3	-0.35047343434343325
NFATC4	-0.019698686868686366
NFE2	-0.0515334343434346
NFE2L1	0.04755835016834986
NFE2L2	-0.28165757575757233
NFE2L3	0.17890030303030358
NFIB	-0.32962496392496554
NFIC	-0.6886436868686872
NFIL3	-0.37102191919191974
NFIX	-0.07646929292929183
NFKB1	-0.01623868686868679
NFKB2	0.011165387205387844
NFKBIA	-0.5261032323232353
NFKBIB	-0.014799595959595457
NFKBIE	0.5168470707070707
NFKBIL1	0.09430333333333252
NFRKB	0.18803858585858624
NFS1	0.1150689898989894
NFU1	0.6879616161616164
NFX1	-0.30582606060605944
NFYA	0.35443527777777817
NFYB	0.2721045791245782
NFYC	0.25922515151515313
NGB	-0.09817424242424222
NGDN	0.2607359090909087
NGF	-0.23738949494949502
NGFR	-0.8271930303030306
NGLY1	0.01827474747474689
NGRN	0.6918215151515135
NHEJ1	0.1860027272727276
NHLH1	-0.0912791919191922
NHLH2	-0.052552171717171525
NHLRC2	0.08860414141414186
NHP2	0.8719167676767681
NID1	0.05356979797979733
NID2	-0.021130808080807917
NIF3L1	0.7218274747474753
NIN	-0.13314626262626295
NINJ1	0.061961212121212306
NINJ2	0.44003292929292925
NINL	-0.04250858585858541
NIP7	0.12449858585858564
NIPA2	0.6759328282828285
NIPAL2	-0.08091707070707077
NIPAL3	-0.1557940909090907
NIPBL	0.4489070707070706
NIPSNAP1	-0.37864782828282806
NIPSNAP3B	0.0699290909090915
NISCH	-0.19370404040404132
NIT1	-0.3139671717171728
NIT2	-0.740540404040404
NKAIN1	-0.13618242424242588
NKG7	-0.3785537373737373
NKIRAS2	0.5028797474747471
NKRF	0.15620414141414063
NKTR	-0.20874765151515184
NKX2-1	-0.10270656565656466
NKX2-2	0.023703333333334076
NKX2-5	-0.064248484848485
NKX2-8	-0.05091444444444404
NKX3-1	-0.13680444444444406
NKX3-2	0.05537363636363679
NKX6-1	-0.12309585858585859
NLE1	0.23973969696969677
NLGN1	-0.0273557575757577
NLGN3	-0.17293020202020193
NLGN4X	0.2216042424242417
NLGN4Y	0.043504242424242445
NLK	0.3142986868686868
NLRP1	-0.0972477777777776
NLRP2	0.1435292929292924
NLRP3	-0.07700505050505102
NLRX1	-0.02194202020202063
NMB	0.3841935353535355
NMBR	-0.08675505050505095
NMD3	0.25470424242424183
NME1	1.5104566666666672
NME1-NME2	0.9753458585858574
NME3	0.06623919191919292
NME4	-0.10999424242424194
NME5	-0.28570565656565616
NME6	0.1957028282828288
NME7	0.4469872222222224
NME8	-0.04933323232323117
NMI	0.4342894949494944
NMNAT2	0.039390202020201937
NMRK1	-1.4271000000000011
NMRK2	-0.06690383838383784
NMT1	0.199464646464647
NMT2	-0.027204060606060843
NMU	-0.00531747474747446
NMUR1	-0.09860686868686797
NNAT	-0.211867777777778
NNMT	-2.5780110606060607
NNT	-0.3743103703703694
NOC2L	0.1477025252525257
NOC3L	0.5081532323232318
NOC4L	0.38904757575757554
NOCT	-0.16609696969696897
NOD1	-0.08529767676767719
NOD2	0.04937101010100964
NODAL	-0.17225969696969656
NOL10	-0.022520505050504624
NOL11	0.8716503030303047
NOL12	0.31660050505050474
NOL3	0.06782875420875545
NOL4	-0.35527272727272763
NOL6	0.28242090909090845
NOL7	0.6654881313131309
NOL8	0.5308882828282835
NOL9	0.07379565656565745
NOLC1	0.40166616161616187
NOMO2	0.40421949494949416
NOMO3	0.2762497643097639
NONO	0.6011908080808066
NOP10	0.5089024242424234
NOP14	-0.0034972390572383105
NOP14-AS1	-0.08448569023568986
NOP16	0.3082715488215477
NOP2	0.4907183838383835
NOP56	0.6714841919191912
NOS1	-0.09006656565656534
NOS1AP	-0.058769696969697804
NOS2	-0.03944888888888931
NOS3	-0.04531797979797991
NOSIP	0.42375313131313064
NOTCH1	-0.1469518181818179
NOTCH2	-0.054103207070707704
NOTCH2NL	-0.09791575757575899
NOTCH3	0.15972656565656518
NOTCH4	-0.0919129292929286
NOV	0.055396919191919025
NOVA1	0.10039095959595956
NOVA2	-0.06365338383838415
NOX1	-0.1505474999999996
NOX3	0.0004933333333334566
NOX4	0.1909069696969694
NOX5	-0.2599951515151515
NPAP1	0.031885252525253094
NPAS1	-0.1636016666666662
NPAS2	0.36773725252525313
NPAS3	-0.07782893939393931
NPAT	0.066694107744107
NPBWR2	-0.06054242424242329
NPC1	0.675867929292929
NPC1L1	-1.1382132323232321
NPC2	0.9596497979797967
NPDC1	-0.4600526262626259
NPEPL1	0.03895989898989871
NPEPPS	0.34562540404040387
NPFF	-0.09855510101010134
NPFFR1	-0.16397676767676783
NPHP1	-0.12709707070707044
NPHP4	-0.05432424242424272
NPHS1	-0.10036666666666649
NPHS2	-0.05454585858585803
NPIPA2	-0.2201482828282817
NPIPB11	-0.4023771717171716
NPIPB6	-0.4606949999999994
NPL	0.4696386868686879
NPLOC4	0.5629476767676769
NPM1	1.0102983501683482
NPM1P22	0.29743929292929217
NPM3	0.2928424242424241
NPPA	-0.14482454545454582
NPPB	0.001316363636363338
NPPC	-0.07049222222222173
NPR1	-0.25910873737373663
NPR2	0.1073124242424246
NPR3	-0.18723631313131328
NPRL2	0.1753459090909102
NPRL3	-0.10920208754208716
NPTN	0.29936449494949535
NPTX1	-0.10979080808080877
NPTX2	0.5256228282828275
NPTXR	-0.15285686868686854
NPVF	0.30805287878787846
NPY	-0.1641055555555555
NPY1R	-1.2963055555555565
NPY2R	-0.05939471380471373
NPY4R	-0.06792333333333378
NPY5R	-0.1296319191919184
NPY6R	-0.10556828282828246
NQO1	1.6510086195286195
NQO2	-0.6558405050505041
NR0B1	0.06230979797979863
NR0B2	-1.059342828282828
NR1D1	-0.13098888888888816
NR1D2	-0.07255585858585967
NR1H2	0.09567232323232311
NR1H3	-0.3046265656565659
NR1H4	-0.6739308080808097
NR1I2	-1.664018686868686
NR1I3	-1.8251592929292935
NR2C1	-0.03362289562289611
NR2C2	-0.03788373737373707
NR2E1	-0.041420909090908786
NR2E3	-0.13522631313131273
NR2F1	-0.43809368686868844
NR2F2	-0.3750579797979796
NR2F6	0.07644097643097503
NR3C1	0.027639646464646894
NR3C2	-1.049168686868688
NR4A1	-0.5974032323232326
NR4A2	-1.0289158922558928
NR4A3	-0.343305454545455
NR5A1	-0.09882323232323165
NR5A2	0.5400838720538728
NR6A1	-0.10021179292929316
NRAP	-0.10265767676767634
NRAS	1.3767200000000006
NRBF2	-0.04762525252525229
NRBP1	0.5120816161616153
NRCAM	0.398453939393939
NRDC	0.2326595959595963
NRDE2	-0.05647939393939394
NREP	0.2771214814814815
NRF1	0.07049800505050507
NRG1	-0.2036154545454556
NRG2	-0.04882217171717196
NRGN	-0.2508110101010095
NRIP1	-0.1863338383838391
NRIP2	-0.10978616161616062
NRIP3	-0.03221080808080812
NRL	-0.04896186868686847
NRN1	0.07447434343434312
NRP1	0.2122481818181825
NRP2	-0.09774711111111145
NRSN2	0.14375656565656492
NRTN	0.16965777777777813
NRXN1	-0.10962649831649873
NRXN2	-0.08027919191919164
NRXN3	0.1525577441077446
NSA2	0.4509148484848513
NSD1	0.12451383838383823
NSDHL	0.6253202525252526
NSF	0.9501308080808082
NSFL1C	0.3572325252525248
NSG1	-0.07858104377104391
NSL1	0.3807751010100997
NSMAF	0.6500248484848479
NSMCE2	0.08208383838383826
NSMCE4A	-0.04621136363636236
NSMF	-0.051795050505051954
NSUN3	0.16005191919192008
NSUN5	0.4790795959595968
NSUN5P1	0.34258000000000166
NSUN5P2	0.2621711616161626
NSUN6	-1.1523666666666674
NSUN7	-0.05697242424242477
NT5C	-0.005394545454547206
NT5C2	0.3738838383838399
NT5DC2	1.0703681818181812
NT5DC3	0.05558303030302891
NT5E	-0.19167909090909063
NT5M	0.046304141414140965
NTAN1	0.24271545454545596
NTF3	-0.6238068686868683
NTHL1	-0.4517957575757583
NTM	-0.15769464646464604
NTN1	-0.03351535353535384
NTN3	-0.11418562289562306
NTNG1	-0.16216525252525216
NTRK1	-0.07957535353535361
NTRK2	-0.17756462121212113
NTRK3	-0.15578363636363646
NTS	0.5669898989898989
NTSR1	-0.08731989898989934
NTSR2	-0.1154592929292928
NUAK1	0.9781823232323239
NUAK2	0.5983497979797985
NUBP1	0.033305757575758044
NUBP2	-0.04743666666666613
NUBPL	-0.06465121212121261
NUCB1	-0.26745308080808083
NUCB2	0.8129501010101015
NUCKS1	0.31134732323232317
NUDC	0.0506439730639725
NUDCD3	0.055913468013468304
NUDT1	0.4667984848484843
NUDT11	-0.06919494949494975
NUDT13	-0.11243863636363649
NUDT15	0.45525818181818156
NUDT18	-0.00425333333333322
NUDT2	0.4693336363636371
NUDT21	0.2534262626262622
NUDT3	0.24566363636363509
NUDT4	0.12209590909090817
NUDT4P1	0.29537279461279464
NUDT6	-0.5516740404040421
NUDT7	-0.14821141414141437
NUDT9	-0.3418383838383843
NUFIP1	0.1322662626262634
NUMA1	-0.040266969696969745
NUMB	-0.13642464646464614
NUP107	1.3009370707070698
NUP133	1.3498619191919197
NUP153	0.7059588888888886
NUP155	1.0966919191919202
NUP160	0.38037377104377157
NUP188	0.054390909090908934
NUP205	0.8218484848484833
NUP210	0.03659296969697046
NUP214	0.08256368686868587
NUP37	1.4559409090909092
NUP43	0.7352481818181813
NUP50	0.2702078787878781
NUP54	0.03839919191919261
NUP58	0.37794717171717185
NUP62	0.7937634343434343
NUP62CL	0.1204653535353537
NUP85	0.8847137373737368
NUP88	-0.1041461111111106
NUP93	0.7187683838383858
NUP98	0.3174295622895622
NUPL2	0.6999213131313136
NUPR1	0.8627266666666653
NUS1P1	0.19169858585858623
NUS1P3	0.1023597979797981
NUSAP1	2.2061486363636362
NUTF2	0.5735566666666667
NVL	0.9985386868686872
NXF1	-0.6054814141414147
NXF2	-0.040260808080807564
NXF2B	-0.023181717171716798
NXF3	-0.4141987878787874
NXN	-0.5998913131313133
NXPE3	-0.01807262626262629
NXPE4	-0.17309393939393924
NXPH3	-0.17844464646464608
NXPH4	-0.08110191919191934
NXT1	0.9313445454545475
NXT2	0.6611503535353531
NYNRIN	0.11535101010101023
NYX	-0.07600949494949516
OARD1	-0.04173616161616245
OAS1	-0.3179762626262619
OAS2	-0.16091166666666723
OAS3	0.368240707070707
OASL	-0.394084191919192
OAT	-1.7933394949494943
OAZ1	0.25687252525252546
OAZ2	-0.2413051515151503
OAZ3	0.09154313131313163
OBFC1	0.1235635353535347
OBP2A	-0.021787878787878245
OBSCN	-0.06345080808080805
OBSL1	-0.11552949494949338
OCA2	0.17104585858585875
OCEL1	-0.3579622222222225
OCLM	-0.07725606060606083
OCM2	-0.105683131313131
OCRL	0.22677515151515237
ODAM	0.25497333333333394
ODC1	1.0938506060606077
ODF1	-0.14564757575757525
ODF2	0.1440466666666671
OFD1	0.3081678787878799
OGDH	0.188099191919191
OGDHL	-2.1321565656565653
OGFOD1	0.004963131313131974
OGFOD2	-0.008908686868687177
OGFOD3	0.07357609427609368
OGFR	-0.10125328282828239
OGFRL1	0.005675959595960123
OGG1	0.3620555050505043
OGN	-0.07549181818181827
OGT	0.3031849494949501
OIP5	0.8595817171717166
OLA1	1.197858484848485
OLAH	-0.03673737373737351
OLFM1	-0.14448161616161626
OLFM4	0.044084747474747665
OLFML1	-0.3435985858585857
OLFML2A	0.34981818181818225
OLFML2B	0.2462431313131308
OLFML3	-1.6986567676767663
OLIG2	-0.11220631313131335
OLR1	0.12629686868686818
OMD	-0.17416176767676772
OMG	-0.2199930303030304
OMP	-0.05819868686868723
ONECUT1	-0.03339404040404226
ONECUT2	0.20854535353535297
OPA1	0.2691893686868685
OPA3	0.07283202020202006
OPCML	-0.0023900505050513665
OPHN1	-0.5320576767676766
OPLAH	0.004835454545452755
OPN1MW2	-0.11309585858585791
OPN1SW	-0.062170303030303575
OPN3	0.7676015151515152
OPRD1	-0.029416464646464302
OPRK1	-0.05773414141414168
OPRL1	-0.062159444444444656
OPRM1	-0.04574858585858532
OPRPN	-0.10217090909090842
OPTN	0.6121835858585856
OR10C1	-0.09215292929293062
OR10H1	-0.03731828282828298
OR10H2	-0.12018575757575789
OR10H3	-0.14394141414141437
OR10J1	-0.12089333333333352
OR11A1	-0.05853040404040488
OR12D2	-0.06498535353535306
OR12D3	-0.013235858585859184
OR1A1	-0.06682313131313133
OR1A2	-0.08326767676767677
OR1D2	-0.21826747474747465
OR1D5	-0.03909626262626276
OR1E2	-0.03434136363636364
OR1F1	-0.16465454545454516
OR1F2P	-0.006372020202020323
OR1G1	-0.03628030303030316
OR2B2	-0.0018246464646463068
OR2B6	-0.003028585858585231
OR2C1	-0.08920616161616213
OR2F1	-0.13398323232323195
OR2F2	-0.06308106060606056
OR2H1	-0.05485777777777745
OR2H2	-0.0839198484848489
OR2J2	-0.03897262626262599
OR2J3	0.00262808080808119
OR2S2	0.009658686868686761
OR2W1	-0.02877161616161672
OR3A1	-0.04757494949494978
OR3A2	-0.07156737373737432
OR3A3	-0.06651606060606108
OR51E2	-0.1474893939393933
OR52A1	-0.10512080808080793
OR5I1	-0.05195080808080821
OR5T2	-0.12321909090909111
OR6A2	-0.009381010101010112
OR7A10	-0.030881818181817344
OR7A17	0.021035959595960385
OR7A5	-0.1548491919191921
OR7C1	-0.056303333333333594
OR7C2	-0.11987494949494915
OR7E156P	-0.08193424242424197
OR7E19P	0.005370202020201109
OR7E24	-0.06524787878787919
OR7E35P	-0.004819898989898874
OR7E47P	0.020339191919192423
ORAI2	-0.10625747474747449
ORAI3	-0.5425739393939386
ORC1	0.17588989898989915
ORC2	0.04112949494949447
ORC3	0.5906512121212115
ORC4	0.27741893939393947
ORC5	0.2700516835016842
ORC6	0.557477979797981
ORM1	-0.8112381818181813
ORM2	-0.8303304545454555
ORMDL2	1.061383535353535
OS9	-0.0664447474747476
OSBP	-0.11606454545454614
OSBP2	-0.13035111111111153
OSBPL10	-0.0639519865319853
OSBPL11	-0.0017238383838389382
OSBPL1A	-0.040651414141414044
OSBPL2	0.1991372727272731
OSBPL3	0.7736398484848488
OSBPL7	-0.18472742424242394
OSBPL8	0.2834591414141405
OSBPL9	-0.25370611111111163
OSER1	0.45619641414141476
OSGEP	0.07486454545454535
OSGEPL1	0.3268309090909094
OSGIN1	0.07814252525252652
OSGIN2	0.08024861952861961
OSM	-0.04104494949494919
OSMR	-0.07533040404040392
OSR2	0.1962862626262627
OSTF1	-0.18563828282828254
OSTM1	0.7958491919191921
OTC	-1.6573103030303002
OTOF	-0.13437878787878788
OTOR	-0.04224030303030313
OTUB1	0.3442814478114462
OTUB2	0.11381989898989886
OTUD3	-0.021574949494949536
OTUD4	-0.1381566329966324
OTUD7B	-0.12190181818181856
OVCA2	-0.175253636363637
OVGP1	-0.13815585858585955
OVOL1	-0.010723737373738107
OVOL2	-0.09784757575757652
OXA1L	0.27207080808080875
OXCT1	0.3035770707070702
OXCT2	-0.125321111111111
OXLD1	0.5415455050505038
OXNAD1	-0.23082767676767668
OXR1	0.287177070707072
OXSM	0.06109858585858774
OXSR1	0.1885015151515157
OXT	-0.43815070707070713
OXTR	-0.040642222222222024
P2RX1	-0.14259919191919268
P2RX2	-0.12506404040404062
P2RX3	-0.03292151515151476
P2RX4	0.8065330303030303
P2RX5	-0.07001030303030298
P2RX6	-0.08160636363636309
P2RX7	0.14127181818181844
P2RY1	-0.04637797979797975
P2RY10	-0.09918010101010122
P2RY11	-0.06317313131313096
P2RY13	-0.7054682828282832
P2RY14	0.016727575757574886
P2RY2	0.01356989898989891
P2RY4	-0.030451363636363027
P2RY6	-0.03642080808080861
P3H1	0.38317272727272833
P3H2	-0.45868848484848534
P3H3	-0.14103767676767642
P3H4	0.4306372727272736
P4HA1	-0.01695737373737316
P4HA2	1.4034620202020198
P4HB	0.19216676767676866
P4HTM	-0.026167676767676618
PA2G4	0.559264040404039
PA2G4P4	0.08366141414141381
PAAF1	0.17338939393939512
PABPC1	0.7961095959595959
PABPC3	0.726658585858587
PABPC4	0.2471734343434342
PABPN1	-0.003337878787879056
PACRG	-0.08296646464646473
PACS1	-0.03551262626262641
PACS2	0.12124752525252536
PACSIN2	0.6975282828282818
PACSIN3	-0.07606686868686907
PADI1	-0.2557276767676768
PADI2	-0.005465151515151145
PADI3	-0.0636161616161619
PADI4	-0.04883161616161624
PAEP	0.04813676767676789
PAF1	0.24920282828282847
PAFAH1B1	-0.05938858585858586
PAFAH1B2	-0.02830121212121206
PAFAH1B3	0.9787222222222214
PAFAH2	-0.2279906565656562
PAGE1	0.2843178787878795
PAGE4	0.42400696969696927
PAGR1	0.4068004040404052
PAH	-0.8860669696969694
PAICS	0.2701338383838374
PAIP1	0.7405260606060606
PAIP2B	-0.9392227272727283
PAK1	0.20534303030302947
PAK2	0.5491302626262629
PAK3	0.11101479797979819
PAK4	0.12133356902356685
PAK5	-0.1396264141414143
PAK6	0.020273939393938623
PALB2	0.53463191919192
PALLD	0.8223413804713786
PALM	-0.10493707070707092
PALM2-AKAP2	-0.6734789393939389
PALMD	-0.37410373737373614
PAM	0.21556548821548738
PAM16	-0.050333030303028714
PAMR1	-1.3105818181818192
PAN2	-0.5492456565656569
PANK2	0.32708353535353396
PANK3	0.1991124242424238
PANK4	0.19011656565656665
PANX1	0.2727985858585864
PAOX	-0.2834102525252531
PAPD4	-0.3794135353535344
PAPD7	-0.136715858585859
PAPOLA	0.4593318383838385
PAPOLB	-0.10838333333333328
PAPOLG	0.19058631313131302
PAPPA	-0.1598998989898992
PAPPA2	-0.05529818181818191
PAPSS1	0.8236114141414141
PAPSS2	-0.8000453872053859
PAQR3	0.27026555555555554
PAQR4	0.3033143434343435
PAQR5	0.00212464646464694
PAQR6	-0.029713535353535825
PARD3	0.2918526767676761
PARD6A	-0.18138313131313133
PARD6B	-0.04092267676767669
PARG	0.4839386868686866
PARK2	-0.10492030303030297
PARK7	0.08952787878788016
PARL	0.48326727272727243
PARM1	-0.014292020202019362
PARN	0.2261102020202017
PARP1	1.1290443434343436
PARP11	-0.0914643434343434
PARP12	1.023799191919192
PARP16	0.007774747474747379
PARP2	0.6950420202020213
PARP3	-0.31514050505050495
PARP4	0.11544969696969698
PARP6	-0.6693110101010094
PARP8	-0.09444717171717176
PARPBP	0.48141525252525197
PART1	-0.09427838383838427
PARVA	-0.2373774242424238
PARVB	0.23737048484848478
PASK	0.08192306397306437
PATJ	-0.10895696969696944
PATZ1	0.09360927609427527
PAWR	-0.007439570707069798
PAX1	-0.00644777777777783
PAX2	-0.12930040404040488
PAX3	-0.12882326599326666
PAX4	-0.0551367171717172
PAX5	-0.21075111111111156
PAX6	-0.04219686868686923
PAX7	-0.07950525252525198
PAX8	-0.06455579545454615
PAX9	-0.06293565656565603
PAXBP1	0.06705631313131377
PAXIP1	0.8928903030303035
PBK	1.595985757575757
PBLD	-2.0193689898989895
PBOV1	-0.12477595959595966
PBRM1	-0.11615373737373691
PBX1	-0.5215459848484834
PBX2	0.00573121212121297
PBX3	0.16784323232323128
PBXIP1	0.18335527777777827
PC	-0.8163670707070709
PCBD1	-0.7529495959595955
PCBP1	0.5306207070707076
PCBP2	-0.19421643939393984
PCBP3	-0.0660114141414141
PCBP4	0.16646202020201972
PCCA	-0.33917404040404
PCCB	-0.5453358585858608
PCDH1	-0.1419157575757568
PCDH11X	-0.0898879797979788
PCDH11Y	-0.13096459595959642
PCDH12	-0.010567777777777287
PCDH17	0.6889626262626276
PCDH7	-0.08603568181818178
PCDH8	0.011266060606061057
PCDH9	-0.30555159090909
PCDHA1	0.224786262626262
PCDHA10	-0.06045020202020224
PCDHA2	-0.047323484848485364
PCDHA3	-0.09138020202020147
PCDHA5	-0.09484989898989937
PCDHA6	0.0026077777777775424
PCDHA9	-0.04767515151515189
PCDHB1	-0.09181292929292928
PCDHB11	-0.00725141414141417
PCDHB12	-0.1048819191919188
PCDHB13	-0.052672121212120615
PCDHB17P	-0.08708388888888852
PCDHB3	0.013343535353535163
PCDHB6	-0.10396393939393889
PCDHB8	-0.024586161616160673
PCDHGA1	-0.31378597979797807
PCDHGA10	-0.05717636363636336
PCDHGA11	-0.06563737373737322
PCDHGA3	-0.060897146464645946
PCDHGA8	-0.0761745454545455
PCDHGA9	-0.029640808080807712
PCDHGB5	-0.048854646464646656
PCDHGB6	-0.0850669696969697
PCDHGC3	0.13171316498316354
PCF11	-0.29396595959596006
PCGF1	0.4971213636363627
PCGF2	0.14426080808080854
PCGF3	0.09392712121212199
PCID2	0.602023838383837
PCIF1	0.0904252020202021
PCK1	-2.9311582828282816
PCK2	-1.5215282828282817
PCLO	-0.00048414141414188094
PCM1	0.11418020202020251
PCMT1	0.17687888888888903
PCMTD2	0.3534384848484846
PCNA	1.3849790909090904
PCNAP3	0.0291472727272728
PCNP	0.40995989898990004
PCNT	-0.039248888888888445
PCNX1	-0.014529730639731397
PCNX2	0.016655016835017022
PCNX4	0.0022356902356905906
PCOLCE	-1.627112727272726
PCOLCE2	1.047191818181819
PCP4	-0.06593686868686843
PCSK1	0.03388898989899003
PCSK1N	0.48169272727272805
PCSK2	-0.009783333333333477
PCSK5	0.23474138047138027
PCSK6	-0.5337888383838392
PCSK7	-0.07518656565656556
PCTP	-0.8305608080808078
PCYOX1	-0.8214740404040413
PCYOX1L	0.10932717171717155
PCYT1A	0.02796111111111177
PCYT1B	-0.1294854545454549
PCYT2	0.08817212121212137
PDAP1	0.1347326767676762
PDC	-0.0008946464646459873
PDCD1	-0.10810101010101114
PDCD10	0.9037058585858571
PDCD11	0.41917025252525164
PDCD1LG2	-0.034556262626262324
PDCD2	0.47987824915824984
PDCD4	0.36873252525252553
PDCD4-AS1	-0.09768969696969698
PDCD5	0.8986523232323229
PDCD6	0.12661656565656454
PDCD6IP	0.5124673737373726
PDCD6IPP2	0.2199047474747471
PDCL	0.3245692424242437
PDCL3P5	0.3878198989898989
PDE10A	-0.06381272727272691
PDE11A	-0.2038896969696964
PDE12	-0.02156353535353439
PDE1A	-0.18094787878787866
PDE1B	-0.11546525252525175
PDE1C	-0.1172061111111109
PDE2A	-0.91971797979798
PDE3A	-0.09871792929292855
PDE3B	-0.3522672727272731
PDE4A	-0.037079217171717804
PDE4B	-0.18477977272727175
PDE4C	-0.16453636363636193
PDE4D	-0.06426320707070676
PDE4DIP	-0.1406513131313134
PDE5A	-0.0678393939393942
PDE6A	-0.1476721212121208
PDE6B	-0.06575848484848468
PDE6C	-0.043570707070707204
PDE6D	0.42191828282828325
PDE6G	-0.2897386868686862
PDE6H	-0.03179606060605966
PDE7B	-0.2883428282828291
PDE8A	-0.2521681313131321
PDE8B	-0.3819613131313129
PDE9A	0.34415818181818203
PDGFA	0.8201302525252525
PDGFB	-0.006997676767676264
PDGFC	-1.1227836363636365
PDGFD	-0.46325353535353386
PDGFRA	-1.3516680808080803
PDGFRB	0.0173950505050513
PDGFRL	0.21226313131313157
PDHA1	0.10145070707070758
PDHA2	-0.018651010101010446
PDHB	0.25375136363636397
PDHX	0.25123898989899107
PDIA2	-0.046125690235689465
PDIA3	0.551705555555559
PDIA4	0.38529727272727143
PDIA5	-0.4450301010101043
PDIA6	0.9900052525252505
PDK1	0.01400141414141487
PDK2	-0.39685439393939426
PDK3	0.05680505050505058
PDK4	-1.4103419191919189
PDLIM1	0.17407151515151398
PDLIM2	-0.6564248484848481
PDLIM3	-0.03466515151515104
PDLIM4	-0.015627959595960306
PDLIM5	-0.6780482196969704
PDLIM7	-0.025508646464646567
PDP1	0.0762625252525253
PDPK1	-0.1632499663299649
PDPN	-0.09091936026936098
PDPR	-0.08028737373737282
PDS5A	0.30528296296296187
PDS5B	0.2700575084175112
PDSS1	0.8918679797979792
PDSS2	-0.11549013468013491
PDX1	-0.13617313131313136
PDXDC1	-0.6539482323232324
PDXDC2P	-1.0675319191919206
PDXK	0.36637491582491855
PDYN	-0.13635282828282813
PDZD2	0.19743535353535346
PDZD3	-0.06652040404040349
PDZD7	-0.1837586868686869
PDZK1	0.7971806060606053
PDZK1IP1	1.0063436363636367
PDZRN3	-0.1705273737373738
PDZRN4	-0.10110787878787875
PEA15	1.3019700505050507
PEAK1	-0.07978232323232337
PEBP1	-0.6331631986531985
PECAM1	0.49564946127946197
PECR	-0.7390478787878791
PEF1	0.11735161616161616
PEG10	3.0346771717171714
PEG3	0.5534356060606056
PELI1	0.3124607575757574
PELI2	-0.3067320202020203
PELO	0.06002239057239045
PELP1	0.2009962626262629
PEMT	-1.4595591919191913
PENK	0.028066161616161267
PEPD	-0.5486943434343443
PER1	-1.581445202020202
PER2	-0.27019272727272714
PER3	-0.7518984848484855
PERP	0.06645393939394051
PES1	0.6453770707070703
PEX1	0.2505645454545462
PEX10	0.03657202020202188
PEX11A	-0.42877479797979845
PEX11B	0.8549833333333314
PEX12	-0.042501818181817086
PEX13	0.13253101010101087
PEX14	-0.49855838383838424
PEX16	-0.037159528619529425
PEX19	0.25042353535353623
PEX2	0.9617535353535365
PEX26	0.09060303030302919
PEX3	-0.18944232323232413
PEX5	-0.12447383838383885
PEX5L	-0.1299903030303029
PEX6	0.20750267676767686
PEX7	0.2028233333333347
PF4	-0.23270666666666573
PF4V1	0.03239565656565668
PFAS	0.4999503030303032
PFDN1	0.36357323232323235
PFDN2	0.8381018181818174
PFDN4	0.7816113636363635
PFDN5	0.19941383838383686
PFDN6	0.6226690909090902
PFKFB1	-1.409651717171717
PFKFB2	0.1528047474747467
PFKFB3	-0.19510575757575666
PFKFB4	-0.09293555555555555
PFKL	-0.011866616161614552
PFKM	0.23910292929292964
PFKP	0.20489686868686974
PFN1	0.09123484848484864
PFN2	-0.17735070707070832
PGA4	-0.21579151515151462
PGAM2	0.013970909090909256
PGAP1	0.2754208585858584
PGAP2	0.27891449494949594
PGAP3	-0.18276752525252515
PGBD5	0.5107538383838381
PGC	0.6077910101010113
PGF	-0.16285500000000042
PGGHG	-0.05492868686868668
PGGT1B	-0.011609797979797776
PGK1	0.651446313131312
PGK2	-0.06716323232323207
PGLS	0.35191449494949545
PGLYRP1	-0.10177404040404081
PGLYRP4	-0.16630818181818086
PGM1	-1.1138759595959602
PGM3	0.20804368686868635
PGM5	-0.16022333333333316
PGP	0.018035151515150893
PGPEP1	-0.1500718181818188
PGR	-0.01931141414141413
PGRMC1	-0.4312016666666665
PGRMC2	-0.4326505050505034
PGS1	0.5114780808080797
PHACTR1	-0.06328696969696956
PHACTR2	-0.1700362962962947
PHACTR4	-0.23341999999999885
PHB	0.4184327272727275
PHB2	-0.21077616161615964
PHC1P1	-0.1554128282828282
PHC2	-0.013965252525252936
PHC3	-0.002040656565656551
PHEX	-0.0730225252525245
PHF10	-0.2536962626262609
PHF11	0.030446666666667177
PHF14	-0.030007171717172376
PHF2	-0.19718813131313162
PHF20	0.2444123232323232
PHF20L1	0.1435027777777762
PHF21A	0.5372855555555569
PHF24	-0.09888106060605972
PHF3	0.19355507575757525
PHF7	-0.11933824915824953
PHF8	-0.04167181818181831
PHGDH	-1.280380707070707
PHIP	0.7699825252525265
PHKA1	-0.022948686868685897
PHKA2	0.03689555555555657
PHKB	-0.1302512626262624
PHKG1	-0.18212515151515163
PHKG2	-0.09318909090909244
PHLDA1	-0.9932751010101013
PHLDA2	0.6524547979797974
PHLDA3	-0.12240797979797957
PHLDB1	-0.16679249158249165
PHLPP1	-0.196702575757576
PHLPP2	0.025728535353536586
PHOX2A	-0.08118838383838334
PHOX2B	-0.05073797979797945
PHTF1	0.09087575757575728
PHTF2	0.3102060269360267
PHYH	-0.8022126262626283
PHYHIP	-0.1893173737373739
PI15	-0.025297575757575963
PI3	0.1449763131313131
PI4K2A	0.1504864983164973
PI4KA	0.44464101010100876
PI4KAP1	0.41348303030303235
PI4KB	0.4711640740740739
PIAS1	0.10009434343434265
PIAS2	0.131834747474747
PIAS3	0.4628809090909094
PIAS4	0.29687434343434216
PIBF1	0.21459222222222252
PICALM	0.1041445050505061
PICK1	-0.10410888888888792
PID1	-0.37604676767676715
PIDD1	0.08805833333333357
PIEZO1	-0.09464686868686734
PIEZO2	0.7077332323232319
PIGA	0.13698686868686805
PIGB	0.3068527272727266
PIGC	0.6815591919191908
PIGF	0.7558314141414133
PIGG	0.44465060606060636
PIGH	0.363306464646465
PIGK	0.08598525252525224
PIGL	-0.12784818181818203
PIGN	0.4335308080808069
PIGO	0.05915929292929256
PIGP	0.05411616161616095
PIGQ	-0.15212474747474758
PIGR	-0.12575545454545445
PIGT	0.7947760606060585
PIGV	-0.7901347979797988
PIGZ	0.38563454545454423
PIH1D1	0.3017752525252524
PIK3C2A	0.41702505050505057
PIK3C2B	0.8028982828282816
PIK3C2G	-0.8789252525252538
PIK3C3	0.10446873737373696
PIK3CA	0.10699601010100945
PIK3CB	0.46640666666666597
PIK3CD	-0.29593085858585866
PIK3CG	-0.039020808080808767
PIK3IP1	0.03241691919191947
PIK3R1	-1.079861313131313
PIK3R2	0.025347171717171157
PIK3R3	0.28514772727272764
PIK3R4	-0.09468464646464625
PIK3R5	-0.1492008080808085
PIKFYVE	0.23097353535353538
PILRA	-0.16281868686868695
PILRB	-0.6277919191919192
PIM1	-0.007908282828283042
PIM2	-0.05761191919191866
PIN1	0.21068020202020143
PIN1P1	-0.0231049494949489
PIN4	0.21109976430976385
PINK1	-0.8638882828282837
PINLYP	-0.09811525252525266
PIP	-0.29218646464646403
PIP4K2A	0.10945696969696872
PIP4K2B	0.15103717171717168
PIP4K2C	0.46355575757575895
PIP5K1A	0.1050788552188564
PIP5K1B	0.04447823232323289
PIP5K1C	0.07078696969696985
PIPOX	-1.522976868686868
PIR	1.3094610101010113
PISD	-0.014042424242423301
PITPNA	-0.1950272390572394
PITPNB	0.1047279797979801
PITPNC1	0.1952283838383826
PITPNM1	-0.006081515151516115
PITPNM3	-0.11271666666666569
PITRM1	0.3828211111111104
PITX1	0.08069666666666686
PITX2	0.05931313131313187
PITX3	-0.1288777777777783
PIWIL1	-0.07274191919191919
PIWIL2	-0.09166989898989941
PJA1	0.6262255555555551
PJA2	-0.06909292929292832
PKD1	-0.12814912457912353
PKD2	-0.5113912121212145
PKD2L1	-0.007282424242424312
PKD2L2	-0.13280282828282797
PKDREJ	-0.07459272727272692
PKI55	0.027661111111110692
PKIA	0.3791833333333332
PKIG	-0.2598540404040408
PKLR	-0.31760489898989874
PKM	0.5616828956228943
PKMYT1	0.16539414141414
PKN1	0.5752458585858582
PKN2	-0.08490229797979598
PKNOX1	0.09534707070707116
PKNOX2	-0.13239739898989855
PKP1	-0.08609949494949465
PKP2	0.03417353535353573
PKP3	-0.034375353535352815
PKP4	0.3607617171717159
PLA1A	-0.5366932323232314
PLA2G10	-0.07510868686868699
PLA2G12A	-0.6080945454545468
PLA2G15	-0.3401727272727273
PLA2G16	-1.046491414141415
PLA2G1B	0.23504686868686786
PLA2G2A	-0.3322886868686865
PLA2G2D	0.06911929292929297
PLA2G2E	-0.10055686868686875
PLA2G2F	-0.12613444444444433
PLA2G3	-0.3354018181818166
PLA2G4A	-0.018344040404040918
PLA2G4C	0.4520762626262629
PLA2G5	-0.43742377104377095
PLA2G6	0.10376976430976281
PLA2G7	0.6390913131313125
PLA2R1	-0.05535444444444382
PLAA	0.25693085858585896
PLAC1	0.036679292929292284
PLAC4	-0.19006989898989834
PLAC8	-1.770274242424243
PLAG1	0.3690378787878794
PLAGL1	0.12518218855218866
PLAGL2	0.13506454545454538
PLAT	-0.20897696969696877
PLAU	0.18275651515151514
PLAUR	-0.14158138047138014
PLBD1	0.4974714141414154
PLCB1	0.6975086195286204
PLCB2	-0.3008903030303025
PLCB3	-0.0031561616161628336
PLCB4	0.0035124747474748474
PLCD1	-0.18632909090909244
PLCE1	0.14350919191919198
PLCG2	-0.828240000000001
PLCH1	-0.08082367003366997
PLCH2	-0.19380242424242367
PLCL1	0.06667878787878756
PLCL2	-0.05948592592592483
PLCXD1	-0.007682222222221924
PLD1	-0.12951858585858567
PLD2	-0.16891090909090867
PLD3	-0.021341919191919523
PLEC	0.015773080808081374
PLEK	-0.20777444444444537
PLEK2	-0.5820846464646472
PLEKHA1	0.2529036363636372
PLEKHA2	-0.2706874747474748
PLEKHA4	-0.22140414141414055
PLEKHA5	0.14414621212121137
PLEKHA6	0.04366050505050456
PLEKHA8	0.16997515151515152
PLEKHB1	0.27637292929292956
PLEKHB2	0.2991210101010102
PLEKHF1	-0.0408233333333321
PLEKHF2	1.0896381818181835
PLEKHG3	-0.08656313131313098
PLEKHG5	0.0839355555555561
PLEKHG6	0.16359090909090934
PLEKHH3	-0.06937545454545457
PLEKHJ1	0.10296727272727146
PLEKHM1	-0.02810525252525231
PLEKHM1P1	-0.17066808080808116
PLEKHM2	0.1396537373737372
PLEKHO1	0.03101515151515244
PLEKHO2	0.02925515151515068
PLEKHS1	-0.15662484848484848
PLG	-1.6287289898989936
PLGLA	-2.063378585858586
PLGLB1	-1.0691728282828272
PLGRKT	0.5106312121212122
PLIN1	-1.3517393939393942
PLIN2	-0.44738116161616226
PLIN3	0.3805443434343445
PLK1	0.33291525252525256
PLK2	-0.4704267676767673
PLK3	-0.26241590909090906
PLK4	0.1294628956228956
PLLP	-0.19477449494949495
PLN	-0.06325353535353528
PLOD1	0.19951979797979735
PLOD2	0.8208040909090917
PLOD3	0.7158537373737373
PLP1	-0.006307777777778689
PLP2	1.1870649494949506
PLPP1	0.3769657070707071
PLPP2	0.4771367676767686
PLPP3	-1.1324407070707085
PLPPR1	1.3164154545454538
PLPPR2	0.03560252525252494
PLPPR3	-0.01997949494949447
PLPPR4	0.1208961616161619
PLS1	0.40397414141414156
PLS3	0.1149407070707067
PLSCR1	-0.09198297979798031
PLSCR2	-0.11677828282828262
PLSCR3	-0.2685927777777781
PLSCR4	-1.0150779797979776
PLTP	0.012120303030303425
PLVAP	1.524337575757575
PLXDC1	0.19541045454545447
PLXNA1	0.34842045454545456
PLXNA2	0.09152976430976345
PLXNA3	0.2776632323232331
PLXNB1	-0.3923660606060624
PLXNB2	-0.13701232323232304
PLXNB3	-0.055150909090908584
PLXNC1	0.7684793602693598
PLXND1	0.5714571717171717
PMAIP1	0.161337020202021
PMCH	-0.014344040404040026
PMCHL1	-0.09850565656565591
PMEL	-0.000794444444444764
PMEPA1	0.08277727272727198
PMF1	0.6220450505050517
PMFBP1	-0.05517020202020184
PML	-0.02912575757575775
PMM1	-0.0941157575757563
PMM2	0.05305272727272925
PMP2	-0.10670828282828282
PMP22	-0.01146575757575885
PMPCB	0.11295444444444591
PMS1	0.4245835353535359
PMS2	-0.09179212121212021
PMS2CL	0.09024222222222189
PMS2P1	0.11376272727272774
PMS2P2	-0.10042292929292973
PMS2P3	0.03201244949495052
PMS2P4	-0.19433464646464627
PMVK	0.38467575757575734
PNISR	-0.2776498316498319
PNKP	0.6339821212121217
PNLIP	-0.1085634343434343
PNLIPRP1	-0.09445297979797962
PNLIPRP2	-0.04173808080808117
PNMA1	1.0973549494949486
PNMA2	-0.06684116161616149
PNMA3	-0.1613969696969697
PNMAL1	0.08790040404040411
PNMT	-0.04961696969697016
PNN	0.07340262626262639
PNO1	0.4825111111111111
PNOC	-0.14906464646464723
PNP	-0.6951858585858579
PNPLA2	-0.3271582323232307
PNPLA3	-0.8845613131313117
PNPLA4	-0.3032830303030307
PNPLA6	-0.1796993939393925
PNPO	-0.4171476767676756
PNRC1	-0.013421010101009934
PNRC2	0.26646909090909254
PODNL1	-0.119356666666667
PODXL	1.4113855555555554
PODXL2	0.08344292929292862
POF1B	0.027097575757575765
POFUT1	0.08665378787878897
POFUT2	-0.0666548148148145
POGK	1.1446675757575768
POGLUT1	0.08742898989899128
POGZ	0.23455969696969614
POLA1	0.6114564646464657
POLA2	0.258669494949495
POLB	0.12679020202020208
POLD1	0.606580707070707
POLD2	-0.1047531818181815
POLD3	0.6008229292929279
POLD4	-0.20220202020202027
POLDIP2	0.04897474747474817
POLDIP3	0.1510077441077433
POLE	-0.1877453535353526
POLE2	1.259843535353534
POLE3	0.8962877777777791
POLG	-0.11291956228956135
POLG2	0.5031945454545452
POLH	-0.5058043434343436
POLI	0.17100616161616333
POLL	-0.07739959595959611
POLM	0.043164747474747855
POLQ	0.24861217171717076
POLR1B	-0.3863219191919187
POLR1C	0.3973590909090907
POLR1D	0.6500804040404047
POLR1E	-0.658487878787879
POLR2A	-0.03104127946127999
POLR2B	0.413831212121214
POLR2C	-0.22560501683501588
POLR2D	0.41202207070707075
POLR2E	0.07982636363636342
POLR2F	0.3333845454545443
POLR2G	0.8198315151515159
POLR2H	0.5118389898989895
POLR2I	0.3475776767676759
POLR2J	0.38525979797979737
POLR2J2	0.12883161616161587
POLR2J3	0.04207232323232457
POLR2J4	-0.04469070707070788
POLR2K	1.1956968686868699
POLR2L	0.25217500000000026
POLR3B	0.08031838383838341
POLR3C	0.7913767171717172
POLR3D	0.033924040404040845
POLR3E	0.4054458585858578
POLR3F	0.43850121212121085
POLR3G	0.017139646464646052
POLR3K	0.4070990909090906
POLRMT	0.12263752525252425
POM121	-0.03890050505050535
POM121L7	-0.20369757575757585
POM121L9P	-0.1870665151515154
POMC	-0.09452606060606117
POMGNT1	0.030622424242423563
POMP	0.3106650505050492
POMT1	0.13441262626262596
POMT2	-0.08468424242424266
POMZP3	0.1908842424242425
PON1	-1.5237753535353544
PON2	0.7240924747474757
PON3	-1.6933946464646468
POP1	0.17676060606060595
POP4	0.9133680808080822
POP5	0.7379637373737378
POP7	0.5854582828282826
POPDC2	-0.08565040404040403
POPDC3	0.3390548484848481
POR	-0.885113535353538
PORCN	0.007041818181817483
POSTN	0.3849486363636361
POT1	0.39613671717171695
POTEKP	0.13024353535353494
POU1F1	-0.13576363636363586
POU2AF1	-0.06055848484848525
POU2F1	0.4507500000000002
POU2F2	-0.08285595959596037
POU2F3	-0.005357676767676622
POU3F1	-0.05121545454545373
POU3F2	-0.07680636363636406
POU3F3	-0.09951474747474665
POU3F4	-0.07243262626262581
POU4F1	-0.0055311616161621835
POU4F2	-0.012011414141414267
POU4F3	-0.0735454545454548
POU5F1P3	-0.024287373737374107
POU5F1P4	-0.12954491582491556
POU6F1	-0.22959996632996615
POU6F2	-0.1655202020202018
PPA1	0.7242434343434336
PPAN	0.09316181818181857
PPARA	-0.21649207070706966
PPARD	0.21377037037037017
PPARG	0.9553867676767682
PPARGC1A	-1.2336515151515153
PPAT	0.5701063636363637
PPBP	-0.2663487878787878
PPBPP2	-0.027909999999999435
PPCDC	0.3852809090909095
PPCS	-0.09010282828282712
PPDPF	0.3822876767676755
PPEF1	-0.11630080808080878
PPEF2	-0.03446131313131273
PPFIA1	0.35700803030302986
PPFIA2	-0.16893727272727288
PPFIA3	0.09461318181818168
PPFIA4	0.13219121212121232
PPFIBP1	-0.34777898989898937
PPFIBP2	-0.33507196969697084
PPIA	0.6527290572390605
PPIAL4C	-0.03106929292929328
PPIB	0.5451436363636368
PPIC	0.5255072222222221
PPID	0.09254166666666563
PPIE	0.1992017676767679
PPIF	-0.4659457070707065
PPIG	0.02551085858585811
PPIH	0.4875093939393951
PPIL2	0.11835436363636376
PPIP5K1	0.3183485858585864
PPIP5K2	0.32268232323232393
PPL	-0.8415208080808085
PPM1A	-0.056371616161616345
PPM1B	0.18412570707070763
PPM1D	0.6962837373737369
PPM1E	0.12636585858585825
PPM1F	0.28051925925925936
PPM1G	0.7782605050505049
PPM1H	0.21383464646464656
PPME1	0.49052974747474654
PPOX	0.8731733333333329
PPP1CA	0.37057161616161505
PPP1CB	0.40692407407407494
PPP1CC	0.7866706060606052
PPP1R10	-0.30537378787878744
PPP1R11	0.5200239393939388
PPP1R12A	0.36564855218855197
PPP1R12B	-0.1141379797979809
PPP1R13B	-0.013881717171717156
PPP1R13L	0.16619616161616158
PPP1R14B	0.5248060606060605
PPP1R14D	-0.047649393939393825
PPP1R15A	-0.23482277777777671
PPP1R16B	-0.1188838888888899
PPP1R17	-0.017333131313130856
PPP1R1A	-1.3239668686868677
PPP1R2	0.8181463636363633
PPP1R26	0.009083636363635073
PPP1R2P9	-0.08602606060606055
PPP1R37	-0.07099489898989964
PPP1R3A	-0.052975656565656504
PPP1R3C	0.12163656565656566
PPP1R3D	0.00031015151515090267
PPP1R7	0.3623528956228945
PPP1R8	0.5325260606060596
PPP1R9A	0.2852728282828285
PPP2CA	0.18634095959596042
PPP2CB	-0.15998878787878734
PPP2R1A	0.5810720202020194
PPP2R1B	-0.3125786060606064
PPP2R2A	-0.5208189898989906
PPP2R2B	-0.06653267676767749
PPP2R2D	-0.21415525252525125
PPP2R3A	-0.09926084175084116
PPP2R3B	0.054849797979798165
PPP2R3C	0.9270218181818182
PPP2R5A	0.4432412121212126
PPP2R5B	0.020220050505050935
PPP2R5C	0.02399303030303024
PPP2R5D	0.2124803030303024
PPP2R5E	0.6001335353535353
PPP3CA	-0.08375127946127936
PPP3CB	0.23773673400673356
PPP3CC	-0.04976745454545428
PPP3R1	0.04909974747474788
PPP4C	0.21258020202020145
PPP4R1	0.9726890909090908
PPP4R2	0.06906202020202024
PPP4R3A	-0.24106498316498293
PPP4R3B	0.2524522222222223
PPP4R4	0.06768166666666708
PPP5C	-0.08828227272727229
PPP6C	0.3418123232323236
PPP6R1	0.266052222222223
PPP6R2	0.0009170370370368275
PPP6R3	0.26156464646464705
PPRC1	0.38950939393939343
PPT1	0.869617474747475
PPT2	-0.04806616161616173
PPWD1	0.40290686868686887
PPY	-0.03192505050505057
PPY2P	-0.07408181818181836
PQBP1	0.19694117845117898
PQLC1	-0.6764729292929283
PQLC2	-0.12799888888888855
PQLC3	-0.14140853535353592
PRAF2	0.07710353535353587
PRAME	0.6004137373737368
PRAMEF10	-0.04133797979797915
PRAMEF12	-0.037814747474747445
PRAMEF2	-0.15055606060606008
PRB2	-0.4920297979797983
PRB3	-0.30869848484848506
PRB4	-0.2675703030303027
PRC1	2.4569888888888882
PRCC	1.1607641414141412
PRCP	-0.426077979797979
PRDM1	-0.06649080808080932
PRDM10	0.17545414141414195
PRDM11	-0.14504020202020174
PRDM12	-0.14894868686868756
PRDM13	-0.03723545454545496
PRDM14	-0.20061575757575767
PRDM16	-0.02781939393939359
PRDM2	-0.1388227676767686
PRDM4	0.39108737373737323
PRDM5	-0.21222595959596013
PRDM8	-0.11147242424242432
PRDM9	-0.16898959595959617
PRDX1	0.4960977777777771
PRDX2	-0.03159820707070615
PRDX3	-0.10403656565656672
PRDX4	-0.057571010101010955
PRDX6	-0.24409611111111218
PREB	0.4818473737373745
PRELID3A	0.01787666666666654
PRELID3B	1.0622634343434338
PRELP	-0.8911214646464645
PREP	-0.009763686868687671
PREPL	0.4524916498316518
PREX2	-0.08550666666666684
PRF1	-0.3623616161616159
PRG2	-0.39279585858585797
PRG3	-0.06954535353535363
PRG4	-1.0883722222222225
PRH2	-0.18044575757575831
PRICKLE3	0.04856181818181726
PRICKLE4	0.7500188888888903
PRIM1	1.5132251515151527
PRIM2	0.1327753872053874
PRKAA1	-0.10280459595959623
PRKAA2	0.1259381818181815
PRKAB1	0.3222348989899002
PRKAB2	0.5732867676767679
PRKACA	-0.29777070707070674
PRKACB	-0.06571909090909145
PRKACG	-0.15742686868686784
PRKAG1	0.381109191919192
PRKAG2	-1.0194811111111113
PRKAR1A	0.35972686868686843
PRKAR1AP1	-0.16448020202020208
PRKAR1B	-0.15882691919191938
PRKAR2A	0.1120713468013479
PRKAR2B	0.11786414141414259
PRKCA	0.05111611111111092
PRKCB	-0.20483757575757622
PRKCD	0.3203241414141411
PRKCDBP	0.12742535353535356
PRKCE	-0.0761062626262623
PRKCG	-0.06344646464646475
PRKCH	-0.2535802020202036
PRKCI	0.6175674410774414
PRKCQ	-0.2219841919191916
PRKCSH	0.07918974747474739
PRKCZ	-0.22152348484848616
PRKD1	0.04947459595959547
PRKD2	0.4563123232323232
PRKD3	0.2330411111111097
PRKDC	0.9287485185185176
PRKG1	-0.12698156565656538
PRKG2	-0.08761222222222154
PRKRA	-0.212902424242424
PRKRIP1	0.45886111111111116
PRKX	0.062474242424243265
PRKY	-0.06435898989899025
PRL	-0.02286989898989944
PRLH	-0.09147757575757609
PRLR	0.02406966329966309
PRM1	-0.1327552525252531
PRM2	-0.11400525252525151
PRMT1	0.6208814141414125
PRMT2	-0.05807484848484812
PRMT3	1.1234970707070708
PRMT5	0.7456586868686861
PRMT7	-0.039798686868686595
PRMT8	-0.10871474747474741
PRND	0.0540584848484853
PRNP	-0.2187255050505046
PRO0478	-0.17522878787878815
PRO1621	-0.07720969696969737
PRO1848	-0.1500686868686869
PRO2012	-0.030301515151514913
PRO2958	-0.030462222222221946
PRO2964	-0.046547474747475004
PROC	-1.0474108080808104
PROCR	-0.08692262626262615
PRODH	-1.1163103030303025
PRODH2	-1.5135643434343429
PROM1	-0.535736464646464
PROP1	-0.17947171717171706
PROS1	-0.8991962626262584
PROSC	-0.4713438888888897
PROSER1	0.22019989898989856
PROX1	-0.3129986868686867
PROZ	-2.0676904040404045
PRPF18	0.2634213636363629
PRPF19	0.4384505050505041
PRPF3	0.6557362626262622
PRPF31	0.21384804713804684
PRPF38B	0.13797505050504988
PRPF39	0.4298107070707067
PRPF4	0.40037772727272714
PRPF40A	0.3928679461279465
PRPF4B	0.651680572390573
PRPF6	0.5195198484848476
PRPF8	-0.0637679797979791
PRPH	-0.1840568686868682
PRPH2	0.04323888888888838
PRPS1	0.32779863636363515
PRPS1L1	-0.01565313131313184
PRPS2	0.3484678787878792
PRPSAP1	0.399650808080807
PRPSAP2	0.1307391919191927
PRR11	-0.22546646464646258
PRR13	0.29415212121212164
PRR14	0.0956209595959594
PRR14L	0.10949898989898932
PRR15L	0.11291888888888924
PRR16	0.02095646464646439
PRR3	0.168970606060606
PRR34	-0.04768262626262665
PRR36	0.08254606060606129
PRR4	-0.1415110101010093
PRR5	-0.3638746969696971
PRR5-ARHGAP8	0.029634494949495327
PRR5L	0.10568131313131346
PRR7	0.08631040404040435
PRRC1	0.6862016161616156
PRRC2A	0.24588228956228875
PRRC2B	0.033394848484847195
PRRC2C	0.6978723905723907
PRRG1	-0.06644010101010167
PRRG2	-0.1754230303030302
PRRG3	-0.12270505050504976
PRRG4	-0.7286597979797964
PRRX1	-0.012455959595960131
PRRX2	-0.09941939393939414
PRSS1	-0.09255966329966281
PRSS12	0.0017203535353540467
PRSS16	0.12174232323232337
PRSS2	0.0854434343434356
PRSS21	-0.07167343434343465
PRSS22	-0.173489393939394
PRSS23	0.12800671717171674
PRSS3	0.5137485858585853
PRSS3P2	0.03925707070707096
PRSS50	-0.05310434343434345
PRSS53	-0.5192306060606064
PRSS8	-0.4037366666666671
PRTN3	-0.04017454545454502
PRUNE1	0.5728851851851857
PRX	-0.10493959595959579
PRY	-0.08731222222222179
PSAP	0.1665368686868689
PSAT1	-0.749771919191919
PSCA	-0.018329292929292862
PSD	-0.1233020202020203
PSD3	-1.3621054208754204
PSD4	-0.4326605050505048
PSEN1	0.4736324242424228
PSEN2	0.26492198653198606
PSENEN	0.31003616161616243
PSG1	-0.09067329966329885
PSG2	-0.0862340404040407
PSG3	-0.04685723905723904
PSG4	-0.3024605050505045
PSG5	-0.08782777777777717
PSG6	-0.12923863636363642
PSG7	-0.1428491919191921
PSG8	-0.09009303030303073
PSG9	-0.09316791245791212
PSIP1	0.41103215488215383
PSKH1	-0.2088041414141406
PSMA1	0.6161539057239072
PSMA2	-0.10157999999999934
PSMA3	0.4520952525252504
PSMA4	0.5593760606060609
PSMA5	0.38553303030303177
PSMA6	0.7231331313131335
PSMA7	0.6394482828282824
PSMB1	0.07504621212121165
PSMB10	-0.01742171717171548
PSMB2	0.23410050505050428
PSMB3	0.635004242424241
PSMB4	0.973055808080808
PSMB5	0.7305523232323248
PSMB6	-0.05547525252525176
PSMB7	0.2738107070707052
PSMB8	-0.0028013131313144868
PSMB9	0.3799681818181817
PSMC1	0.14951484848484675
PSMC2	0.58450696969697
PSMC3	0.4367712121212115
PSMC3IP	0.24950939393939375
PSMC5	0.39234343434343444
PSMC6	0.6586045454545459
PSMD1	0.859167323232322
PSMD10	1.399707575757576
PSMD11	0.49355914141414203
PSMD12	0.3554314646464656
PSMD13	0.48168858585858576
PSMD14	1.1606152525252522
PSMD2	0.9634744444444436
PSMD3	0.3581768686868694
PSMD4	0.8915013636363618
PSMD5	0.031738787878786034
PSMD6	0.5465251515151515
PSMD7	0.212240202020201
PSMD8	0.6208862626262635
PSMD9	0.20249090909090928
PSME1	0.24421171717171575
PSME2	0.24187101010100953
PSME3	0.8153216161616177
PSME4	0.30799646464646546
PSMF1	0.10604898989899159
PSMG1	0.4888680808080812
PSMG2	0.32609202020202055
PSORS1C1	-0.04888383838383881
PSORS1C2	-0.07099686868686872
PSPC1	-0.08015696969697039
PSPH	1.4309644949494942
PSPN	-0.04814121212121236
PSRC1	0.5889070707070703
PSTPIP1	-0.18248030303030305
PSTPIP2	0.24981838383838362
PTAFR	-0.1604926767676762
PTBP1	0.4631500505050523
PTBP2	0.5050775757575758
PTBP3	0.18877989898989966
PTCD1	0.5823140404040394
PTCD2	-0.09301878787878781
PTCD3	0.22377383838383924
PTCH1	-0.05339700336700348
PTCH2	-0.10410565656565751
PTCRA	-0.16884521885521853
PTDSS1	0.6168496969696964
PTDSS2	0.25464515151515243
PTEN	0.14934515151515093
PTENP1	-0.07964868686868698
PTER	-0.29833484848484826
PTGDR	-0.169324898989899
PTGDR2	0.04601898989899045
PTGDS	-0.6961451178451181
PTGER1	-0.1452261616161623
PTGER2	-0.11969424242424198
PTGER3	-0.09382414141414186
PTGER4	-0.06375414141414204
PTGES	-0.07115116161616175
PTGES2	-0.02515151515151537
PTGES3	0.8719626262626239
PTGFR	0.42405949494949535
PTGIR	-0.2871534343434332
PTGIS	-0.5193940067340068
PTGS1	-0.04394430976430996
PTGS2	-0.4669894949494946
PTH	-0.07814818181818106
PTH1R	-1.709524848484849
PTH2R	0.6230136363636363
PTHLH	0.14020400673400646
PTK2	0.8309257070707083
PTK2B	-0.2426228787878788
PTK6	-0.08623444444444539
PTK7	0.16441252525252636
PTMA	0.5698147474747479
PTMAP8	0.47730757575757643
PTMS	-0.49576449494949415
PTN	-0.43177868686868637
PTOV1	0.04400914141413992
PTOV1-AS2	-0.19251439393939407
PTP4A1	-0.2216176262626277
PTP4A2	0.15842866161616165
PTP4A3	0.5066313468013472
PTPA	-0.057886868686868986
PTPN1	0.002163771043771412
PTPN11	0.17974147474747504
PTPN12	0.2491721548821566
PTPN13	-0.3668402020202022
PTPN14	-0.008432424242423853
PTPN18	-0.2227866666666687
PTPN2	0.22683010101010215
PTPN20	0.21666909090909092
PTPN21	-0.09468436868686814
PTPN22	-0.1280701010101004
PTPN3	-0.4860919191919191
PTPN4	0.0012665656565644667
PTPN6	-0.15552696969696989
PTPN7	-0.19517151515151543
PTPN9	-0.02694717171717187
PTPRA	0.15479469696969606
PTPRB	-0.27546176767676744
PTPRC	-0.5760485521885537
PTPRCAP	-0.32013595959595875
PTPRD	-0.4572044781144773
PTPRE	0.044751212121211914
PTPRF	0.10315772727272687
PTPRG	0.8620198989898991
PTPRH	-0.03456969696969647
PTPRJ	-0.010367626262626217
PTPRK	0.22677252525252456
PTPRM	-0.028064242424242103
PTPRN	-0.007512929292929904
PTPRN2	-0.09628588383838377
PTPRO	-0.3444962121212116
PTPRR	-0.03367469696969705
PTPRS	-0.11725272727272751
PTPRT	-0.1399791919191915
PTPRU	0.012793838383838185
PTPRZ1	-0.04935737373737403
PTRF	-0.06863065656565581
PTRH2	0.824478383838386
PTS	-0.658173939393941
PTTG1	2.5248092929292927
PTTG1IP	0.2760388888888876
PTTG2	-0.00622181818181744
PTTG3P	0.27901878787878776
PTX3	0.07797565656565641
PUDP	0.7799709090909079
PUF60	0.9168520202020192
PUM1	0.24216239057238997
PUM2	0.2909678282828265
PUM3	0.2630745454545451
PURA	-0.024606734006733078
PURG	-0.07476141414141413
PUS1	0.616280606060605
PUS3	-0.21749949494949306
PUS7	1.2584239393939383
PUS7L	0.18175939393939444
PVALB	-0.1900651515151517
PVR	-0.01290139393939338
PVRIG	-0.10220272727272661
PVT1	-0.14565712121212115
PWARSN	0.0691696969696971
PWP1	0.5243852188552189
PWP2	0.3850381818181825
PWWP2A	-0.1166611111111111
PXDC1	-0.8967184848484848
PXDN	-0.42867752525252456
PXMP2	-1.078198989898988
PXMP4	0.44620575757575676
PXN	-0.008615000000000705
PYCARD	0.48361383838383887
PYCR1	0.2796694949494958
PYCRL	0.3788722222222223
PYGB	0.49321818181818244
PYGL	-0.3095451515151515
PYGM	-0.07020888888888877
PYGO1	-0.0732706565656569
PYHIN1	-0.22854717171717143
PYROXD1	0.2753369696969692
PYY	-0.08945737373737339
PYY2	-0.17125888888888907
PZP	-1.8058053535353524
QARS	0.5847490909090887
QDPR	-1.0776972727272742
QKI	0.17104116161616112
QPCT	0.26190797979798
QPCTL	-0.03834151515151518
QPRT	-0.24609111111111126
QRICH1	0.45731333333333346
QRSL1	0.34582191919191896
QSER1	-0.0787727272727281
QSOX1	-0.2007180808080813
QTRT1	-0.04005343434343356
QTRT2	0.4547862626262624
R3HCC1	-0.21532737373737287
R3HCC1L	-0.035155858585857125
R3HDM1	0.3715061111111124
R3HDM2	-0.23093575757575913
R3HDM4	0.08050732323232257
RAB11A	0.7313224747474756
RAB11B	-0.06845126262626255
RAB11FIP1	0.5799430303030295
RAB11FIP2	0.37295641414141567
RAB11FIP3	-0.10434234848484802
RAB11FIP5	0.21425676767676904
RAB13	0.32520464646464653
RAB14	-0.19238552188552127
RAB15	0.4666749999999995
RAB17	-1.2582986868686872
RAB1A	0.5610838720538718
RAB1B	0.05903333333333283
RAB20	-0.4606248484848505
RAB21	0.5214845454545456
RAB22A	0.5098669696969695
RAB23	0.09201444444444462
RAB25	-0.16777717171717166
RAB26	-1.1034983333333335
RAB27A	-0.17311792929292835
RAB28	0.22792904040404016
RAB29	0.9049519696969703
RAB2A	0.16375570707070608
RAB30	-0.10519717171717113
RAB31	0.12050942760942807
RAB32	0.33053616161616084
RAB33A	-0.09828131313131205
RAB33B	-0.5271594949494949
RAB35	0.05376181818181802
RAB36	-0.1532877777777779
RAB38	-0.00021353535353529907
RAB3A	-0.07095151515151432
RAB3B	0.23054237373737374
RAB3D	-0.1340528282828286
RAB3GAP1	0.14699000000000062
RAB3GAP2	0.387568114478114
RAB3IL1	-0.3350655555555564
RAB40A	-0.05553757575757645
RAB40B	0.2368414141414137
RAB40C	-0.12290191919191873
RAB4A	0.6432471212121209
RAB4B	0.21300616161616137
RAB5A	0.030780277777778586
RAB5B	0.36512797979798073
RAB5C	0.2947479797979806
RAB6A	0.05312326599326589
RAB6B	-0.006433232323232119
RAB6C	0.28734060606060474
RAB7A	0.13238310606060644
RAB8A	-0.06433000000000089
RAB8B	0.3051910101010096
RAB9A	0.20636717171717045
RAB9BP1	-0.016697979797979823
RABAC1	0.07415373737373798
RABEP1	-0.020056936026936256
RABEP2	-0.0017821885521884795
RABEPK	-0.15378323232323243
RABGAP1	0.14552484848484948
RABGAP1L	0.08594087542087525
RABGEF1	0.34829595959596027
RABGGTA	0.19366898989899006
RABGGTB	0.5825208080808082
RABIF	0.7504094444444451
RABL2A	0.07470782828282818
RABL6	-0.015787070707069972
RAC1	0.540934696969698
RAC2	-0.25263429292929285
RAC3	0.08313121212121244
RACGAP1	2.219129595959597
RACK1	0.36420843434343464
RAD1	0.567384882154883
RAD17	0.35400821548821515
RAD21	1.2382406060606046
RAD23A	0.09943348484848524
RAD23B	0.15147949494949486
RAD23BP1	-0.1565345454545457
RAD50	0.11189934343434249
RAD51	0.21586686868686877
RAD51AP1	1.3723808080808078
RAD51B	-0.08039368686868675
RAD51C	0.6620737373737375
RAD51D	0.09693373737373756
RAD52	-0.002644444444444005
RAD54B	0.6273432323232315
RAD54L	0.1757701010101007
RAD54L2	-0.7442173737373743
RAD9A	0.31634191919191856
RAE1	0.578103636363636
RAF1	0.44740181818181846
RAG1	-0.06430838383838422
RAG2	-0.043341919191919764
RAI1	-0.06664454545454523
RAI14	0.5509014141414141
RAI2	-0.31346171717171734
RALA	1.02096222222222
RALB	0.10322085858585872
RALBP1	0.6636904040404037
RALGAPA1	0.19184383838383834
RALGAPA2	-0.07160565656565687
RALGAPB	0.448501666666667
RALGDS	0.10390601010101008
RALGPS1	0.04669151515151437
RALGPS2	0.05205040404040506
RALY	0.7181423232323239
RALYL	0.03009484848484867
RAMP1	0.18761737373737297
RAMP2	0.07360060606060603
RAMP3	-0.7017049494949497
RAN	0.9368622727272724
RANBP1	0.2592442087542084
RANBP10	-0.7370075757575769
RANBP17	0.06757969696969646
RANBP2	0.1845617171717162
RANBP3	-0.02888462121212143
RANBP6	-0.21495484848484914
RANBP9	0.3255050168350184
RANGAP1	0.377961919191919
RANGRF	0.30973444444444365
RAP1A	0.07122181818181694
RAP1B	0.2522508080808077
RAP1GAP	0.22138171717171762
RAP1GAP2	0.14015818181818096
RAP1GDS1	-0.06577131313131268
RAP2A	0.5009453535353527
RAP2B	0.30971814814814813
RAP2C	0.04459111111111014
RAPGEF1	-0.1624526262626258
RAPGEF2	-0.32496012626262516
RAPGEF3	-0.10825111111111152
RAPGEF4	-0.22869202020202106
RAPGEF5	-0.13577666666666754
RAPGEF6	0.34375424242424213
RAPGEFL1	0.011553535353534983
RAPSN	-0.09132020202020197
RARA	0.10856651515151405
RARB	-0.16576951515151528
RARG	-0.18933350168350138
RARRES1	0.40110279461279497
RARRES2	-0.48788585858586053
RARRES3	-0.5889856565656562
RARS	0.3993703030303024
RARS2	-0.08360020202020246
RASA1	0.5214346969696972
RASA2	0.04070141414141393
RASA3	-0.10617984848484774
RASA4	0.3318864646464643
RASA4CP	-0.07668257575757575
RASAL1	-0.03459656565656566
RASAL2	-0.018944040404039963
RASGRF1	-0.05781424242424249
RASGRP1	-0.1643364646464649
RASGRP2	-0.27151282828282763
RASGRP3	0.36705494949494977
RASIP1	0.020417777777777424
RASL10A	-0.06737454545454602
RASL11B	-0.18414121212121248
RASL12	0.10335868686868599
RASSF1	0.2356570707070711
RASSF2	-0.10094656565656734
RASSF3	0.23871575757575592
RASSF4	0.19513151515151517
RASSF7	-0.0394457575757583
RASSF8	-0.025567070707070982
RASSF9	-0.14171818181818185
RAVER2	-0.07265292929292944
RAX	-0.13002818181818254
RB1	0.13791944444444582
RB1CC1	0.6515477272727281
RBBP4	0.7990436868686865
RBBP4P4	-0.0728007070707073
RBBP5	0.4614702020202017
RBBP6	-0.2254828619528615
RBBP7	0.7971833333333338
RBBP8	0.5859007407407404
RBBP9	-0.11706171717171765
RBCK1	0.6546044949494965
RBFA	0.1727762626262619
RBFADN	-0.04608616161616119
RBFOX1	-0.05291383838383812
RBFOX2	0.05878606060606195
RBKS	-0.6515633838383836
RBL2	-1.0056436868686855
RBM	-0.13550333333333286
RBM10	0.2893915488215475
RBM12	0.8211152020202022
RBM12B	0.09027707070707036
RBM12B-AS1	-0.009447878787878672
RBM14	0.1443872727272728
RBM15	0.4006424242424238
RBM15B	0.28012585858585926
RBM17	-0.11524525252525253
RBM19	0.2241013636363629
RBM22	0.3723207070707053
RBM23	-0.057341717171717654
RBM25	-0.043511393939394516
RBM26	0.0031344696969686225
RBM28	0.543558080808082
RBM3	0.6566904545454548
RBM34	0.5292907744107733
RBM38	0.173375656565657
RBM39	0.29308843434343324
RBM4	0.190744898989899
RBM41	-0.14749404040404102
RBM42	0.7422508080808088
RBM47	0.021215454545453483
RBM48	0.20598969696969727
RBM4B	0.3388438383838386
RBM5	-0.1381496296296314
RBM6	-0.32585767676767574
RBM7	-0.006556262626262743
RBM8A	0.4975706565656557
RBMS1	-0.03941042929292937
RBMS2	-0.07096424242424249
RBMS3	-0.31943323232323184
RBMX	0.5080356565656556
RBMX2	0.3723041919191923
RBMXL2	-0.05957575757575739
RBMY1J	0.1684732323232332
RBMY2FP	-0.04773858585858548
RBP1	-1.4921250505050496
RBP3	-0.08040515151515137
RBP4	-0.6534024747474767
RBPJ	0.311276363636364
RBPJL	-0.2027483838383839
RBPMS	-0.06500492424242488
RBX1	0.7147417171717176
RC3H2	0.4078374242424232
RCAN1	-1.2277835016835015
RCAN2	-0.30879292929292923
RCAN3	0.04024969696969727
RCBTB1	0.6169527272727269
RCBTB2	-0.5047262626262636
RCC1	0.1514014141414135
RCC1L	0.36427464646464625
RCE1	-0.036800909090910494
RCHY1	0.0463592592592601
RCL1	-2.061868989898991
RCN1	-0.21440252525252568
RCN2	1.2673351515151499
RCN3	-0.5683630808080791
RCOR1	0.6727449494949482
RCOR3	0.5267751515151513
RCVRN	-0.10918989898989917
RDH11	0.10827468013468078
RDH14	0.35524505050504906
RDH16	-2.868850404040405
RDH5	-1.4595579797979799
RDH8	-0.0006840404040406867
RDX	0.13626148148148243
REC8	-0.34578010101010115
RECK	-0.1887136026936025
RECQL	0.5922196464646463
RECQL4	0.38508848484848635
RECQL5	-0.033416868686868106
REEP1	-0.031045808080808257
REEP2	-0.16011313131313099
REEP4	0.20862090909090902
REEP5	-0.2689485858585847
REG1A	0.5674178787878792
REG1B	0.13102737373737394
REG1CP	-0.135826868686868
REG3A	1.219357272727272
REL	-0.15987641414141418
RELA	0.12279343434343382
RELB	0.20136878787878754
RELN	-0.7697993939393948
REM1	-0.08835171717171697
REN	0.07821525252525241
RENBP	0.1537776767676764
REPIN1	0.5896711111111124
REPS1	-0.32092636363636284
REPS2	-0.31459515151515216
RER1	-0.08602286195286091
RERE	-0.09851914141414131
RERGL	-0.06924858585858518
REST	0.050734713804713394
RET	-0.06409643097643025
RETN	-0.14258949494949613
RETSAT	-0.7174745454545439
REV1	-0.07381424242424206
REV3L	0.09211353535353695
REXO2	0.3733347474747468
REXO4	0.3755037373737382
RFC1	0.5957761279461282
RFC2	0.6388882323232323
RFC3	0.931407272727272
RFC4	2.197102525252525
RFC5	0.6293609090909102
RFK	0.7544280471380471
RFNG	-0.2577210101010108
RFPL1	-0.1304861616161621
RFPL1S	-0.01167146464646418
RFPL2	-0.11894343434343524
RFPL3	-0.09783333333333344
RFPL3S	-0.007537171717172608
RFTN1	-0.3345169191919197
RFWD3	0.399840404040404
RFX1	-0.02834909090909088
RFX2	-0.15027050505050532
RFX3	-0.06854843434343438
RFX5	1.0345773232323232
RFX7	0.107513131313131
RFXANK	0.9064151515151524
RFXAP	-0.12223737373737409
RGCC	0.8725679797979788
RGL1	-0.6130548484848486
RGL2	0.12368272727272789
RGN	-1.4654214141414137
RGP1	0.25972090909090895
RGPD6	-0.11346589225589021
RGR	-0.13867828282828265
RGS1	-0.3902975757575762
RGS10	0.08224336700336732
RGS11	-0.10879217171717182
RGS12	-0.033431380471379946
RGS13	0.18556969696969805
RGS14	0.05238107744107712
RGS16	-0.12921191919191966
RGS17	0.014624949494949302
RGS19	0.1942502020202026
RGS2	-0.4990485858585867
RGS20	-0.021454040404040864
RGS3	-0.010243686868687263
RGS4	-0.18780656565656617
RGS5	1.1030667003367007
RGS6	-0.09476794612794581
RGS7	0.013673989898989714
RGS9	0.009668080808080681
RHAG	-0.05288013468013464
RHBDD3	0.01570060606060597
RHBDF1	0.005723939393938338
RHBDF2	0.15400535353535094
RHBDL1	-0.017899797979797683
RHBG	-0.0030812121212120402
RHCE	-0.035896060606060765
RHCG	-0.04311434343434373
RHD	-0.013978560606060508
RHEB	0.1211239797979804
RHNO1	-0.17666589225589213
RHO	-0.1554694949494948
RHOA	0.6467428282828287
RHOB	-1.384797777777779
RHOBTB1	0.17916878787878776
RHOBTB2	0.03774626262626235
RHOBTB3	0.23187527777777817
RHOC	0.5897364646464638
RHOD	0.011471919191920144
RHOF	0.12454414141414194
RHOG	0.3391889898989904
RHOH	-0.1418414478114487
RHOQ	0.4856791111111116
RHOT1	0.3143278787878794
RHOT2	-0.0745159932659929
RHPN1-AS1	-0.01732020202020257
RIBC2	0.11992828282828283
RIC3	-0.16792929292929282
RIC8A	0.5353230303030312
RIC8B	0.2715048484848479
RIDA	-1.4786233333333314
RIF1	0.13631409090909097
RIMBP2	-0.09671368686868664
RIMS1	-0.16410828282828405
RIMS2	-0.07756727272727248
RIMS3	0.02684641414141442
RIN1	-0.1995134343434355
RIN2	-0.1264020202020193
RIN3	-0.0967258989898987
RING1	0.006489595959594752
RINT1	0.5187772727272719
RIOK2	0.6190688888888873
RIOK3	-0.21043770202020173
RIPK1	0.10469535353535342
RIPK2	0.6592781818181832
RIPK4	-0.5398582828282823
RIPPLY3	0.11743252525252545
RIT1	0.5557850505050506
RIT2	-0.01475767676767692
RITA1	-0.005114646464647876
RLBP1	-0.06824999999999948
RLF	0.1476644444444437
RLN1	-0.09321969696969656
RLN2	-0.04694363636363663
RMDN1	0.7041665656565668
RMDN3	-0.19164070707070735
RMI1	1.0110579797979797
RMND1	-0.00878070707070755
RMND5A	0.04507077441077367
RMND5B	0.12079949494949549
RMST	0.13266898989898968
RNASE1	0.20217944444444402
RNASE2	-0.1123536363636366
RNASE3	-0.03340464646464669
RNASE4	-1.2108076094276097
RNASE6	-0.12809151515151562
RNASEH1	0.5833940909090902
RNASEH2A	0.9918933333333335
RNASEH2B	0.05619550505050519
RNASEL	-0.28762070707070686
RNASET2	0.06809713804713713
RND1	-0.4433062626262618
RND2	0.05084166666666645
RND3	-2.10205393939394
RNF10	0.23322090909090942
RNF103	0.2071421212121205
RNF11	-0.11042434343434238
RNF111	0.3267336363636364
RNF113A	0.502340101010101
RNF114	0.3053789898989905
RNF115	0.65592393939394
RNF121	0.09875636363636353
RNF122	-0.2380929292929288
RNF123	-0.5608943434343434
RNF125	-1.6812536363636363
RNF126	0.040558585858585516
RNF126P1	-0.14488121212121197
RNF128	-0.5287187878787876
RNF13	0.07921888888888873
RNF130	-0.3233740909090903
RNF138	0.1673939393939392
RNF139	0.4081379797979796
RNF14	0.44861398989899115
RNF141	0.196568484848485
RNF144A	0.5496958585858582
RNF146	0.04249434343434366
RNF167	-0.17876464646464818
RNF17	-0.007694696969696935
RNF170	0.18330747474747522
RNF185	-0.0958750505050503
RNF186	-0.09096606060606094
RNF187	1.042972727272728
RNF19A	-0.11614939393939583
RNF19B	0.21254919191919264
RNF2	0.24329292929293
RNF20	0.2839308080808074
RNF208	-0.018730000000000135
RNF216	0.29787797979798025
RNF219	0.43332616161616144
RNF220	0.6196510101010082
RNF24	0.04022621212121269
RNF25	0.11923909090908946
RNF31	0.2524511111111112
RNF32	-0.03949393939393886
RNF34	0.770037272727274
RNF38	0.3404956565656576
RNF39	-0.038498282828282715
RNF4	0.7288641414141424
RNF40	0.08890136363636447
RNF41	0.17867085858585874
RNF43	0.21445828282828217
RNF44	0.48206959595959464
RNF5	0.006773080808081033
RNF6	0.12407094276094277
RNF7	0.5654227272727272
RNF8	0.45416671717171564
RNFT1	-0.1224023232323237
RNFT2	0.2474954040404036
RNGTT	0.0817510606060603
RNH1	0.14172181818181784
RNLS	-0.007430909090909488
RNMT	0.27481792929292936
RNPEP	0.4189785858585866
RNPEPL1	0.013055858585858005
RNPS1	0.32928984848484966
ROBO1	2.770067575757575
ROBO2	-0.037324006734006154
ROBO3	-0.07114202020201965
ROBO4	-0.16701949494949453
ROCK1	0.0651867424242436
ROCK2	0.3695531818181834
ROGDI	-0.29397919191919186
ROM1	-0.24434555555555537
ROPN1B	-0.12024838383838388
ROR1	0.015092676767676672
ROR2	-0.061236161616161855
RORA	-1.0323711111111118
RORB	-0.08230020202020238
RORC	-0.4980081818181814
ROS1	-0.0947864646464649
RP2	0.28230636363636386
RPA1	0.6073644949494961
RPA2	0.6796262626262619
RPA3	0.5803948484848487
RPA4	0.061233939393939174
RPAP1	0.3928618181818173
RPAP2	-0.08775979797979794
RPAP3	0.8583240404040415
RPE	0.5193062626262632
RPE65	-0.011461010101010416
RPEL1	0.3001734343434346
RPF1	0.45834171717171657
RPGR	-0.006434444444444409
RPGRIP1	-0.16870383838383818
RPGRIP1L	0.01946858585858635
RPH3A	-0.15491505050504983
RPH3AL	-0.5181725252525258
RPIA	0.7598301010101016
RPL10	0.12057774410774513
RPL10A	0.5112797979797943
RPL10L	0.07240040404040426
RPL10P2	0.23519515151515158
RPL11	0.24291363636363705
RPL12	0.29684962962963013
RPL13	-0.00612744949495081
RPL13A	0.4366517929292897
RPL13AP5	0.5479539393939419
RPL13P12	0.030783232323232212
RPL13P5	0.15825525252525363
RPL14	0.2366961616161607
RPL14P1	0.5018181818181802
RPL15	0.38465277777777906
RPL15P7	0.3057526262626262
RPL17	0.6468593602693602
RPL17P16	0.3995735353535368
RPL18	0.13772363636363583
RPL18AP3	0.5075426262626266
RPL18AP5	0.24373757575757526
RPL18P11	0.1540612121212126
RPL19	0.49170060606060595
RPL19P9	-0.1311536363636363
RPL21P16	0.136226767676769
RPL21P18	-0.09614515151515146
RPL21P68	-0.015146363636363791
RPL22	0.2139092929292925
RPL23	0.27634656565656623
RPL23A	0.5265499242424205
RPL23AP32	0.1177909090909095
RPL23AP47	-0.10704010101010075
RPL23AP7	0.5407013131313128
RPL24	0.3060253535353539
RPL26L1	0.5473948484848492
RPL26P36	-0.0553892929292914
RPL27	0.5777106060606041
RPL27A	0.13100767676767688
RPL27AP6	0.4756891919191908
RPL28	0.4804674242424234
RPL29	0.41396924242424227
RPL29P5	0.28070979797979945
RPL3	0.14619292929292982
RPL30	0.6847505050505021
RPL31	0.32730131313131317
RPL31P4	0.33566464646464667
RPL32	0.3932572727272703
RPL34P31	-0.03821272727272884
RPL35	0.46591141414141646
RPL35A	0.017388518518516527
RPL35P8	0.08793030303030314
RPL36	0.37597767676767546
RPL36AL	0.03376818181818031
RPL36AP37	0.8626896969696976
RPL36AP7	0.6339467676767683
RPL37	0.4122356565656542
RPL37A	0.16229663299663422
RPL38	0.25132043771043655
RPL39	0.2922094949494962
RPL39L	0.914397070707071
RPL3L	-0.07621171717171693
RPL3P7	0.14751585858586047
RPL4	0.41636279461279635
RPL41	0.09632198653198731
RPL5	0.16107360269360171
RPL5P1	0.023785757575757405
RPL6	0.3904866666666642
RPL7	0.6327557575757563
RPL7A	0.44202717171716976
RPL7P52	0.44283737373737253
RPL8	0.8473786868686872
RPL9	0.39544474747474645
RPLP0	0.5950728787878798
RPLP0P6	0.6801221212121256
RPLP1	0.5357471717171709
RPLP2	0.2717633838383833
RPLP2P1	-0.013320101010100949
RPN1	0.31650696969697023
RPN2	0.8573430303030332
RPP14	-0.11778717171717279
RPP21	0.5205470707070701
RPP25	0.11550888888888888
RPP30	0.8173386868686858
RPP38	0.5434390909090894
RPP40	0.9925924242424236
RPRD1A	0.924112222222222
RPRD2	0.7049334343434337
RPRM	-0.11625373737373756
RPS10	0.5177606565656561
RPS10P4	0.6925879797979801
RPS11	0.19429277777777898
RPS12	0.2670665151515159
RPS13	0.3239933333333358
RPS14	0.11050239057238986
RPS14P3	0.30720808080808304
RPS15	0.4012020202020192
RPS15A	0.22620272727272628
RPS16	0.5667433838383822
RPS16P8	-0.11368555555555515
RPS17	0.39180202020201804
RPS17P16	0.13905969696969667
RPS18	0.5720336363636349
RPS19	0.3662958922558932
RPS2	0.45133898989898924
RPS20	0.5297450505050492
RPS21	0.9337413131313141
RPS23	0.3912489898989904
RPS24	0.399429191919193
RPS25	0.1984134343434345
RPS26P25	0.2778105050505051
RPS27	0.5281310101010135
RPS27A	0.48374101010101356
RPS27L	-0.19469353535353662
RPS28	-0.14722888888888885
RPS28P6	0.15966939393939406
RPS28P7	0.26290030303030143
RPS29	0.34922101010100626
RPS2P45	-0.1144911111111111
RPS2P53	0.32232161616161736
RPS3A	0.2580620202020203
RPS3AP44	0.01371898989899023
RPS3AP5	0.35610959595959635
RPS4X	0.4035783333333356
RPS4XP7	0.44589232323232153
RPS4XP9	0.014276262626262248
RPS4Y1	-0.31446303030303113
RPS5P8	0.8703338383838393
RPS6	0.20974612794612923
RPS6KA1	-0.1779848484848472
RPS6KA2	-0.2785128787878799
RPS6KA3	0.6163855555555564
RPS6KA4	-0.14959767676767566
RPS6KA5	-0.0016867676767686746
RPS6KA6	-0.08301858585858524
RPS6KB1	0.21816111111111347
RPS6KB2	0.12563292929292835
RPS6KC1	1.1819676767676768
RPS6P13	-0.0846740404040407
RPS7	0.5049312121212157
RPS7P11	0.6349284848484817
RPS8	0.4775163636363633
RPS8P8	-0.03981858585858555
RPS9	0.14474333333333433
RPSAP19	0.78480272727273
RPSAP20	0.06067060606060615
RPSAP44	0.279559393939393
RPUSD2	0.10032484848484824
RRAD	-0.10632449494949503
RRAGA	0.1423489898989878
RRAGB	0.062299292929292704
RRAGC	0.7686891919191927
RRAGD	1.4232745454545457
RRAS	0.056529090909091195
RRAS2	0.3870539057239064
RRBP1	-0.12326545454545457
RREB1	-0.20540008417508204
RRH	-0.035666262626262935
RRM1	0.926907828282828
RRM2	2.994129141414141
RRN3	-0.30194060606060624
RRN3P1	-0.336305101010101
RRNAD1	0.11430797979798157
RRP1	0.3031737373737382
RRP12	0.1260727946127953
RRP15	1.4970435353535354
RRP1B	0.34894646464646506
RRP7A	0.39291505050505027
RRP7BP	0.01562074074074049
RRP8	0.0807135858585859
RRP9	0.2741844444444448
RRS1	1.1931681818181827
RS1	-0.11101267676767623
RSAD1	-0.09587020202020202
RSAD2	-0.07343393939393916
RSBN1	0.08699434343434476
RSC1A1	-0.03196232323232362
RSF1	0.07703065656565755
RSG1	-0.07033171717171705
RSL1D1	-0.20141744107744053
RSL24D1	0.492234646464647
RSPH14	-0.04733303030303082
RSPH6A	-0.14863858585858614
RSRC1	0.6057775757575774
RSRC2	0.20749676767676828
RSRP1	-0.24443414141414
RSU1	0.25930510101010107
RTCA	0.4182423737373737
RTCB	0.5102455555555538
RTEL1	-0.10707024242424223
RTF1	0.25349090909090766
RTFDC1	0.656820909090909
RTN1	0.17918909090909052
RTN2	0.21803050505050603
RTN3	0.45877616161616075
RTN4	-0.3754344107744103
RTP4	0.36946767676767767
RUBCN	0.1889658080808072
RUFY1	0.7020114141414151
RUFY2	-0.44687757575757736
RUFY3	-0.335850121212121
RUNDC3A	-0.02107848484848507
RUNDC3B	-1.2126162626262627
RUNX1	-0.05995740128558369
RUNX1-IT1	-0.09744979797979791
RUNX1T1	-0.20526818181818207
RUNX2	-0.08925885521885535
RUNX3	-0.2559495959595952
RUSC1	0.9194511111111119
RUSC2	-0.28693343434343355
RUVBL1	0.5322156565656577
RUVBL2	0.8030186868686879
RWDD1	0.37468444444444415
RWDD2A	0.33028383838383846
RWDD2B	-0.5464278787878785
RWDD3	-0.035309696969695104
RXFP3	-0.04648747474747417
RXRA	-0.5550807575757579
RXRB	-0.10109777777777751
RXRG	0.011503333333332755
RYBP	0.07029929292929449
RYK	0.1752874747474742
RYR1	-0.0012269696969697819
RYR2	-0.01766484848484895
RYR3	-0.0044766666666675725
S100A1	0.14261191919191862
S100A10	1.222785050505049
S100A11	0.5241197979797976
S100A11P1	0.3007423232323232
S100A12	-0.2537228282828283
S100A13	0.11176045454545402
S100A14	0.10303373737373889
S100A2	0.0533127272727274
S100A3	-0.02718797979797971
S100A4	0.17461939393939296
S100A5	-0.15363515151515106
S100A6	0.3077381818181806
S100A7	-0.09016737373737493
S100A8	-0.16682494949495075
S100A9	0.1830756565656575
S100B	-0.03652979797979805
S100G	-0.1226452525252526
S100P	2.6274348484848487
S100PBP	0.4194325252525255
S1PR1	-0.2498507070707081
S1PR2	-0.08155101010100996
S1PR4	-0.16514090909090928
S1PR5	-0.004564545454545321
SAA1	-1.392547272727274
SAA2	-1.3089023232323216
SAA3P	-0.12068292929292967
SAA4	-2.311107070707072
SAC3D1	1.594739292929292
SACM1L	0.19670646464646513
SACS	0.5741730303030299
SAE1	1.5998051515151515
SAFB	0.03793117845117777
SAFB2	0.0669285353535356
SAG	-0.10824030303030341
SAGE1	-0.03726434343434448
SALL1	-0.5251174747474732
SALL2	0.2360812121212117
SAMD14	-0.028492323232323535
SAMD4A	-0.3346410101010111
SAMD4B	-0.02703060606060559
SAMD9	-0.11900464646464659
SAMHD1	0.10593696969696964
SAMM50	0.7475154040404055
SAMSN1	-0.09640333333333295
SAP130	0.8222348484848485
SAP18	-0.0985391245791245
SAP30	0.19144398989898903
SAP30BP	0.5044362626262622
SAP30L	0.709053434343434
SAPCD1	0.2264904545454547
SAR1A	0.3257577441077437
SAR1B	-0.27654020202020213
SARAF	-0.5150557575757571
SARDH	-0.5196978535353529
SARM1	-0.05144075757575717
SARNP	-0.09860005050505061
SARS	0.30280636363636226
SARS2	0.09476898989898963
SART1	0.4668592929292936
SART3	0.48140717171717196
SASH1	-0.23197297979798037
SASH3	-0.24809464646464718
SAT1	-0.6244510606060594
SATB1	-1.4894287878787873
SATB2	0.5416598484848483
SATL1	0.22787545454545377
SAV1	-0.25102949494949467
SAYSD1	0.3589637373737382
SBF1	0.10623969696969748
SBNO1	0.009179528619527755
SBNO2	-0.07555282828282817
SBSPON	-0.05498030303030266
SC5D	-0.4824555555555561
SCAF11	-0.13654569023568985
SCAF4	-0.41863287878787947
SCAF8	0.42628222222222334
SCAMP1	0.26994323232323314
SCAMP2	0.2199973737373737
SCAMP3	1.0770321212121203
SCAMP4	0.24715747474747474
SCAMP5	0.22072121212121143
SCAND1	0.1491806060606038
SCAND2P	-0.11371194444444388
SCAP	-0.20897272727272576
SCAPER	-0.03523040404040412
SCARA3	0.326079595959595
SCARB1	0.05656760942760819
SCARB2	-0.3770783838383833
SCARF1	-0.5088262626262621
SCCPDH	0.4405715656565654
SCD	0.8114471212121206
SCD5	-0.3078261616161626
SCEL	-0.014575656565656292
SCFD1	0.6179788888888895
SCG2	0.04074585858585911
SCG3	-0.03060878787878707
SCG5	-0.7825960606060614
SCGB1A1	-0.041011111111110665
SCGB1D1	-0.06666515151515107
SCGB1D2	0.2013424242424242
SCGB2A1	0.007171818181818335
SCGB2A2	-0.14847818181818218
SCGN	0.4590004040404043
SCHIP1	-0.363836262626263
SCIN	-0.08101717171717171
SCLY	0.029666902356901836
SCMH1	0.18452585858585913
SCML1	-0.04649030303030166
SCML2	0.02761525252525221
SCN10A	-0.1566407070707072
SCN11A	-0.0230575757575755
SCN1A	0.009384343434343023
SCN1B	-0.039828282828283434
SCN2A	-0.1303676767676758
SCN2B	-0.1027013636363634
SCN3A	-0.06438969696969643
SCN3B	-0.08829419191919197
SCN4A	-0.08978969696969763
SCN5A	-0.011881616161616204
SCN7A	-0.21113646464646507
SCN8A	-0.051061919191918825
SCN9A	-0.10640111111111095
SCNM1	1.029867676767676
SCNN1A	-0.29230690235690293
SCNN1B	-0.09976222222222209
SCNN1D	-0.14970262626262532
SCNN1G	0.0003543434343433738
SCO2	0.2044849494949501
SCP2	-0.9532371212121227
SCPEP1	0.48423939393939364
SCRG1	-0.14293353535353548
SCRIB	1.0913146464646468
SCRN1	0.30827373737373875
SCRN3	0.15029262626262607
SCRT1	-0.052604747474747526
SCT	-0.06740989898989902
SCTR	-0.0751625252525252
SCUBE2	0.1754474747474739
SCUBE3	-0.05051595959595945
SCYL2	0.1357796969696965
SCYL3	0.2807922222222219
SDAD1	0.3673812121212112
SDC1	-0.4968647979797982
SDC2	0.3532135016835003
SDC3	-0.7574991919191909
SDC4	-0.2577923232323247
SDCBP	0.5097620202020199
SDCCAG3	0.14633909090909025
SDCCAG8	-0.057023838383837955
SDF2	0.3544671717171708
SDF2L1	1.1022590909090928
SDF4	-0.14342267676767673
SDHA	-0.48439373737373614
SDHAF1	0.09428762626262621
SDHAF3	0.388241212121212
SDHAP1	-0.4753946464646468
SDHB	-0.3229014141414126
SDHC	0.48889595959595944
SDHD	-0.4085511111111124
SDK1	-0.11703101010101058
SDK2	-0.08751494949494987
SDPR	-0.32467999999999986
SDR39U1	-0.12685949494949522
SDS	-3.1110917171717176
SEC11A	0.551144292929294
SEC13	0.4567549494949503
SEC14L1	0.040231939393939875
SEC14L2	-1.7782811111111112
SEC14L3	-0.11100565656565653
SEC14L4	-0.3671941414141431
SEC14L5	-0.06466999999999912
SEC16A	-0.2536419191919208
SEC22A	0.2942017171717173
SEC22B	-0.008461346801346359
SEC23A	0.05050979797979682
SEC23B	0.9050141077441074
SEC23IP	0.5107465656565662
SEC24A	0.2213407070707083
SEC24B	-0.9508521212121215
SEC24C	0.34170121212121174
SEC24D	-0.3137864309764318
SEC31A	0.051103232323232106
SEC31B	-0.7831506060606053
SEC61A1	0.47632090909090863
SEC61A2	0.10919535353535359
SEC61B	0.4304333333333332
SEC61G	0.9554148484848497
SEC62	-0.45556969696969674
SEC63	0.15323653198653098
SECISBP2	-0.05446464646464655
SECISBP2L	-0.15735579124579147
SECTM1	0.3669366666666676
SEH1L	0.7978903030303046
SEL1L	0.017195202020201528
SEL1L3	0.141153484848485
SELE	-0.49477828282828273
SELENBP1	-1.0553842424242426
SELL	-0.3062745454545457
SELP	-0.457574747474748
SELPLG	-0.19013686868686897
SELT	0.48105545454545595
SEMA3A	-0.09083040404040421
SEMA3B	-0.026081464646465324
SEMA3C	-0.01789176767676759
SEMA3D	-0.04630025252525227
SEMA3E	-0.05761252525252525
SEMA3F	0.15194494949494963
SEMA3G	0.18145606060606134
SEMA4A	-0.16373989898989905
SEMA4C	-0.03167969696969575
SEMA4D	-0.11294363636363602
SEMA4F	0.11838439393939382
SEMA4G	-0.21781257575757618
SEMA5A	-0.4750117171717161
SEMA6A	-0.20731269360269433
SEMA6B	-0.19165060606060624
SEMA6C	-0.17640838383838364
SEMA6D	-0.20889373737373695
SEMA7A	-0.1091304040404033
SEMG1	-0.05709454545454529
SEMG2	-0.09205858585858451
SENP2	0.23523959595959631
SENP3	-0.009995286195287001
SENP5	0.1322796632996628
SENP6	0.04786800505050426
SENP7	0.12376090909090909
SEP15	0.4082277777777765
SEPHS1	0.6572441750841751
SEPHS2	-0.0371766666666673
SEPP1	-0.44343616161616417
SEPT10	0.18269742424242263
SEPT11	-0.020533373737372962
SEPT2	0.4430434848484843
SEPT4	-0.4758221717171711
SEPT5	-0.003307676767676959
SEPT6	0.2528157575757586
SEPT7	0.22248343434343365
SEPT8	0.5919159595959602
SEPT9	0.37310629629629677
SEPW1	-0.19991545454545445
SERBP1	0.3045120000000008
SERF1B	0.19227424242424185
SERF2	0.12807212121212608
SERGEF	0.03389202020202031
SERHL	-0.012374141414141171
SERHL2	0.020916212121210975
SERINC1	-0.414578282828284
SERINC2	-0.10717808080808089
SERINC3	0.14800810606060644
SERINC5	0.23302363636363665
SERP1	0.1614371717171732
SERPINA1	-0.13942205387205497
SERPINA10	-1.095586161616163
SERPINA2	-0.10557878787878705
SERPINA3	-0.768799898989899
SERPINA4	-2.0204252525252517
SERPINA5	-0.8296643434343416
SERPINA6	-0.8107815151515165
SERPINA7	-0.9749093939393951
SERPINB1	1.205497020202019
SERPINB10	-0.1132918181818181
SERPINB13	-0.04023333333333312
SERPINB2	-0.04582979797979769
SERPINB3	-0.03759217171717166
SERPINB4	-0.03285520202020242
SERPINB5	-0.00961858585858577
SERPINB6	0.24099070707070602
SERPINB7	-0.054262020202019645
SERPINB8	-0.19311979797979806
SERPINB9	-0.3141505050505051
SERPINC1	-1.0950759595959596
SERPIND1	-0.3422023232323177
SERPINE1	-0.7768980808080821
SERPINE2	0.7314235353535343
SERPINF1	-0.6102458585858557
SERPINF2	-1.3469884848484863
SERPING1	-1.17650828282828
SERPINH1	0.7463631313131307
SERPINI1	1.169137878787879
SERPINI2	-0.03405060606060584
SERTAD2	0.08200984848484882
SERTAD3	-0.0018695959595964595
SESN1	-0.35531111111111
SET	0.6147249494949509
SETBP1	-0.41251444444444463
SETD1A	0.037108484848484835
SETD1B	-0.051345151515151954
SETD2	0.255229663299664
SETD3	0.031060606060605345
SETD4	0.19215116161616042
SETD5	0.0018217171717180847
SETD6	-0.21135868686868697
SETDB1	0.5222263131313127
SETMAR	0.2330358585858585
SETP4	0.6752760606060608
SETX	0.15101131313131333
SEZ6L	-0.13480757575757663
SEZ6L2	0.46388131313131353
SF1	-0.36511303030303033
SF3A1	0.41323508417508314
SF3A2	0.6239268686868691
SF3A3	0.38754959595959626
SF3B1	0.1579207070707067
SF3B2	0.46277969696969734
SF3B3	0.16453111111111163
SF3B4	1.4495797979797977
SF3B5	0.5039854545454538
SFI1	0.30601542929292913
SFMBT1	0.2596292929292945
SFN	1.6472744107744095
SFPQ	0.14920883838383858
SFRP1	-0.35589966329966227
SFRP4	0.03925525252525208
SFRP5	-0.7554067676767664
SFSWAP	0.0815043434343421
SFT2D2	0.5049807070707075
SFTPA2	-0.18892535353535322
SFTPB	-0.21451055555555598
SFTPC	-0.11774650505050488
SFTPD	-0.07455919191919147
SFXN1	-0.8335013131313129
SFXN3	0.17760398989898896
SGCA	-0.2107701010101013
SGCB	-0.057655858585858866
SGCD	-0.22209833333333373
SGCE	1.6496041414141418
SGCG	0.0040487878787880405
SGF29	-0.14944838383838377
SGK1	-0.12307464646464616
SGK2	-0.07770292929292921
SGK3	0.23467434343434412
SGMS1	0.0182019696969693
SGPL1	0.05286892255892184
SGPP1	-0.10881333333333298
SGSH	0.1789839393939392
SGSM2	-0.2522800336700328
SGSM3	0.15786676767676777
SGTA	-0.02085737373737384
SH2B1	-0.13729338383838385
SH2B2	-0.17176838383838344
SH2B3	-0.1825036363636361
SH2D1A	-0.11526409090909118
SH2D2A	-0.09841757575757626
SH2D3A	-0.07244121212121213
SH2D3C	-0.07160949494949431
SH2D4A	-0.15847878787878766
SH3BGR	-0.02610417508417484
SH3BGRL	-0.2877404545454558
SH3BGRL3	0.2800783838383829
SH3BP1	-0.1334802020202015
SH3BP2	-0.23199218181818182
SH3BP4	0.10414484848484751
SH3BP5	-0.30534686868686745
SH3D21	-0.1698939393939387
SH3GL1	0.012377777777778043
SH3GL2	-0.007396868686868618
SH3GL3	-0.07329478114478105
SH3GLB1	0.39063861952862045
SH3GLB2	0.10619323232323197
SH3PXD2A	-0.22533030303030266
SH3TC1	-0.1724795959595955
SH3TC2	-0.1280622222222223
SH3YL1	-1.0398293939393932
SHANK1	-0.07562737373737427
SHANK2	0.042729737373736754
SHARPIN	0.40701424242424533
SHB	-0.25667222222222197
SHBG	-1.186034848484848
SHC1	0.8090404040404051
SHC1P1	0.08330949494949413
SHC2	-0.5490922222222236
SHC3	-0.06802131313131277
SHCBP1	0.5497298989898995
SHCBP1L	-0.13632797979797973
SHFM1	0.5824118181818179
SHH	-0.09373575757575692
SHISA6	-0.08199161616161588
SHMT1	-0.9456884848484846
SHMT2	-0.3264007407407403
SHOC2	0.4521474747474725
SHOX	-0.1014028282828292
SHOX2	-0.009963131313131424
SHPK	-0.3251701010101016
SHPRH	-0.12215272727272719
SHQ1	0.5507075252525251
SHROOM2	-0.008787171717170139
SHTN1	0.2113224242424252
SI	0.06689777777777772
SIAH1	0.17430010101010218
SIAH2	0.08497616161615973
SIDT1	-0.09219
SIDT2	-0.3509926262626255
SIGIRR	-1.5016999494949488
SIGLEC1	-0.788583484848485
SIGLEC15	0.09777909090909143
SIGLEC5	-0.17104868686868713
SIGLEC6	-0.1542184848484851
SIGLEC7	-0.3475323905723897
SIGLEC8	-0.1566734006734003
SIGLEC9	-0.04866000000000037
SIGMAR1	0.11152545454545493
SIK1	-1.1104084848484854
SIK2	-0.10951176767676696
SIK3	-0.21876388888888965
SIKE1	0.006311582491582257
SIL1	-0.09091535353535463
SIM1	-0.019772323232322808
SIM2	-0.058183383838383396
SIN3B	-0.045247777777778
SIPA1	-0.13469363636363774
SIPA1L1	-0.03432414141414153
SIPA1L3	0.03385520202020231
SIRPA	0.04720603535353618
SIRPB1	-0.027085454545453747
SIRPG	-0.10565818181818099
SIRT1	-0.13267484848484745
SIRT2	-0.28949313131313303
SIRT3	-0.3506862289562278
SIRT4	0.12498994949494957
SIRT5	-0.328665883838382
SIRT6	0.03240232323232384
SIT1	-0.24181676767676885
SIVA1	-0.011098653198653885
SIX1	-0.048187676767677434
SIX2	-0.03360929292929349
SIX3	-0.3039573737373731
SIX5	-0.02690696969697015
SIX6	-0.07775646464646568
SKA1	0.2675794949494952
SKAP1	-1.227965050505051
SKAP2	0.40779249158249087
SKI	-0.0031036363636367525
SKIL	-0.09507582491582411
SKIV2L	-0.13037303030302905
SKIV2L2	0.6995084848484838
SKP1	0.4920703787878775
SKP2	0.07400510101010038
SLA	-0.3007905387205385
SLAMF1	-0.06430303030303008
SLAMF7	-0.31094454545454475
SLAMF8	0.2387236868686866
SLBP	1.2705553535353529
SLC10A1	-3.0476988888888883
SLC10A2	-0.07492939393939446
SLC10A3	0.2758614141414135
SLC11A1	-0.11470638888888862
SLC11A2	0.06717676767676739
SLC12A1	0.35431434343434454
SLC12A2	0.21257070707070636
SLC12A3	-0.02749909090909064
SLC12A4	0.254800828282828
SLC12A5	-0.1060172727272728
SLC12A6	-0.09237313131313085
SLC12A7	0.08497313131313078
SLC12A8	0.39823232323232194
SLC12A9	0.23157959595959454
SLC13A1	-0.036113888888889445
SLC13A2	-0.109780202020203
SLC13A3	0.14922388888888793
SLC13A4	-0.3366108080808079
SLC14A1	-0.10171191919191935
SLC14A2	-0.11662979797979744
SLC15A1	-0.1625887878787875
SLC15A2	-0.07246924242424235
SLC15A3	-0.03983393939393931
SLC16A1	-0.28202994949494986
SLC16A10	-0.6313250505050503
SLC16A2	-1.3394933333333334
SLC16A3	0.1088754292929286
SLC16A4	-1.0692995959595963
SLC16A5	-0.17979983164983215
SLC16A6	-0.086996767676768
SLC16A7	-0.2400971717171725
SLC16A8	-0.07375909090909127
SLC17A1	-0.9012407070707074
SLC17A2	-1.7371355555555557
SLC17A3	-1.4465100000000009
SLC17A4	-0.45948393939393917
SLC17A5	0.8270403030303042
SLC17A6	-0.026173737373737183
SLC17A7	-0.09521858585858567
SLC17A9	-0.8068855555555556
SLC18A1	-0.05761878787878816
SLC18A2	-0.08653959595959604
SLC18A3	-0.14630373737373725
SLC19A1	0.06403489898989889
SLC19A2	-0.10446131313131435
SLC19A3	-0.5507125252525249
SLC1A1	-1.193072474747475
SLC1A2	-0.46684232323232155
SLC1A3	0.5746287878787872
SLC1A4	0.8290545959595956
SLC1A5	0.1997816161616166
SLC1A6	-0.1717922222222228
SLC1A7	-0.0031743939393944487
SLC20A1	0.1298519191919194
SLC20A2	-0.015597373737374909
SLC22A1	-4.0838041414141415
SLC22A11	0.16004070707070683
SLC22A13	-0.11708808080808142
SLC22A14	-0.15635333333333312
SLC22A17	-0.11396747474747482
SLC22A18	-0.194353636363636
SLC22A18AS	0.01731323232323323
SLC22A2	-0.2304571717171715
SLC22A3	-0.19839909090909114
SLC22A4	0.24705525252525273
SLC22A5	0.43215101010101
SLC22A6	-0.057188232323232224
SLC22A7	-1.4761934006734014
SLC22A8	-0.06898292929292937
SLC23A2	-1.2351228619528607
SLC24A1	-0.029202247474747534
SLC24A2	-0.07456636363636404
SLC24A3	-0.11693843434343432
SLC25A1	-0.028776868686867907
SLC25A10	-0.3403801010101013
SLC25A11	-0.2798859595959611
SLC25A12	0.03684787878787965
SLC25A13	-0.3594855555555565
SLC25A14	0.21492065656565806
SLC25A15	-1.518830808080808
SLC25A16	0.1862303030303032
SLC25A17	0.044964191919191876
SLC25A20	-0.9254727272727257
SLC25A21	-0.026518383838383563
SLC25A22	-0.22229525252525306
SLC25A23	-0.0767729292929289
SLC25A24	0.4849350505050509
SLC25A28	-0.20857959595959663
SLC25A3	0.5413072727272734
SLC25A30	-0.03240904040404047
SLC25A31	-0.034860101010101285
SLC25A32	0.38896656565656595
SLC25A36	-0.09281104377104565
SLC25A37	-0.593995521885522
SLC25A38	-0.2181958585858581
SLC25A4	-0.16504454545454728
SLC25A40	0.13991888888888848
SLC25A42	-0.037597373737373374
SLC25A44	0.3846780808080794
SLC25A46	0.1861860606060599
SLC25A5	0.48804717171717193
SLC25A51	0.2604351515151522
SLC25A6	0.39977191919192023
SLC26A1	-0.1498685858585853
SLC26A10	-0.17088737373737395
SLC26A2	0.8065607070707079
SLC26A3	0.33990252525252496
SLC26A4	-0.058839292929293574
SLC26A6	0.6357421212121208
SLC27A2	-1.4199001010101
SLC27A3	0.15787535353535365
SLC27A5	-2.616894747474748
SLC27A6	-0.1124663636363632
SLC28A1	-0.411775993265993
SLC28A2	0.01822757575757583
SLC28A3	-0.08832737373737398
SLC29A1	0.7241092424242419
SLC29A2	0.25656474747474833
SLC29A3	-0.04798808080808126
SLC2A1	0.10146863636363612
SLC2A10	-0.31298757575757374
SLC2A11	-0.03064171717171682
SLC2A2	-1.2155259595959595
SLC2A3	-0.07490452525252422
SLC2A4	-0.08836878787878844
SLC2A4RG	-0.11592363636363512
SLC2A5	0.43434020202020207
SLC2A6	0.39625636363636296
SLC2A8	-0.2305555555555543
SLC2A9	-0.6612012121212123
SLC30A1	-0.2402039393939397
SLC30A10	0.5629286868686876
SLC30A3	-0.09998242424242498
SLC30A4	-0.008260303030302563
SLC30A5	0.315720909090909
SLC30A6	-0.1411788888888883
SLC30A9	0.22789646464646562
SLC31A1	-0.45053151515151324
SLC31A2	-0.6302043434343432
SLC33A1	0.7311777272727262
SLC34A1	-0.17235444444444425
SLC34A2	-0.2532497979797981
SLC35A1	-0.02110383838383978
SLC35A2	0.24543020202020216
SLC35A3	-0.25080888888888797
SLC35A5	0.10672292929293015
SLC35B1	0.5724155555555566
SLC35C1	0.14408080808080914
SLC35C2	-0.038314646464645996
SLC35D1	-1.0319833333333328
SLC35D2	0.5800513131313121
SLC35E1	-0.06554777777777687
SLC35E2	-0.002757878787877921
SLC35E2B	-0.038788989898988824
SLC35E3	0.7915975757575779
SLC35F2	-0.06507707070707047
SLC35F5	0.13447929292929306
SLC35F6	-0.07208939393939318
SLC35G2	0.5538622222222225
SLC36A1	0.665480202020202
SLC36A2	0.24951090909090823
SLC37A1	0.09927575757575813
SLC37A4	-0.8806807575757576
SLC38A1	0.8643607070707073
SLC38A10	-0.03011454545454484
SLC38A2	-1.1058538383838368
SLC38A3	-0.6605258585858582
SLC38A4	-1.7219713131313146
SLC38A6	1.236296161616162
SLC38A7	0.06303653198653336
SLC39A1	0.6659834343434348
SLC39A14	-0.8241006060606058
SLC39A2	-0.06326272727272775
SLC39A4	0.92982505050505
SLC39A6	0.7862782828282819
SLC39A7	0.45184818181818276
SLC39A8	-0.35506843434343427
SLC39A9	0.013303804713804546
SLC3A1	-0.5109605050505053
SLC3A2	0.1126489898989913
SLC41A3	0.44772373737373794
SLC43A1	-0.2932236363636376
SLC43A3	-0.07148323232323239
SLC44A4	-0.011353636363636621
SLC45A2	-0.16001020202020255
SLC46A3	-1.9433851515151517
SLC47A1	-1.1457786868686881
SLC48A1	0.19828828282828415
SLC4A10	-0.03567868686868714
SLC4A1AP	0.5664563636363651
SLC4A2	0.5791555555555563
SLC4A3	0.045383939393939254
SLC4A4	-1.0074610353535363
SLC4A5	-0.10037616161616114
SLC4A7	0.09290838383838418
SLC4A8	-0.01430828282828367
SLC50A1	0.600322222222224
SLC52A1	-0.08934555555555557
SLC52A2	0.47766065656565626
SLC5A1	-0.19904444444444502
SLC5A12	-0.08640161616161546
SLC5A2	-0.1833192929292924
SLC5A3	-0.4769313468013472
SLC5A4	-0.02209919191919152
SLC5A5	-0.05852020202020203
SLC5A6	0.1892881818181822
SLC5A7	-0.17721777777777792
SLC6A1	-0.7514457575757554
SLC6A10PB	0.5066973737373739
SLC6A11	-0.03601818181818128
SLC6A12	-1.4099578787878784
SLC6A13	-1.2108537373737374
SLC6A14	0.17630757575757583
SLC6A15	0.0036724242424246434
SLC6A16	-1.1255211111111114
SLC6A2	0.006408441558440892
SLC6A20	-0.07365414141414117
SLC6A3	-0.016259393939393796
SLC6A4	-0.10309767676767656
SLC6A5	-0.09665090909090868
SLC6A6	-0.06632569023569079
SLC6A7	-0.07088696969697006
SLC6A8	0.766208922558921
SLC6A9	-0.014945353535353867
SLC7A1	0.1542309764309766
SLC7A10	0.06761484848484844
SLC7A11	0.3256412121212118
SLC7A2	-0.2981511111111108
SLC7A4	-0.06331499999999979
SLC7A5	-0.14920585858585955
SLC7A6	0.22757676767676793
SLC7A7	-0.20901303030303087
SLC7A8	-0.25166311111111117
SLC7A9	0.06725848484848296
SLC8A1	-0.00978828282828248
SLC8A2	-0.11050757575757686
SLC8B1	-0.2180165656565647
SLC9A1	-0.1077809090909092
SLC9A2	-0.16329641414141438
SLC9A3	-0.08393252525252448
SLC9A3R1	0.3394140404040389
SLC9A3R2	-0.3784073737373741
SLC9A5	-0.040240000000000276
SLC9A6	0.7980408080808097
SLC9A7	-0.1475939393939396
SLC9A8	-0.020020909090908923
SLCO1A2	-0.0722336026936028
SLCO1B1	-1.5331721212121217
SLCO1B3	-3.526580606060607
SLCO1C1	-0.05438202020202043
SLCO2A1	0.2881495959595961
SLCO2B1	-1.1002725589225602
SLCO3A1	-0.02760479797979709
SLCO4A1	0.005245858585858354
SLCO4C1	-0.1349560606060609
SLCO5A1	-0.041096868686867793
SLF2	0.375619545454545
SLFN12	0.043701212121212585
SLIRP	0.5948256565656553
SLIT1	-0.16211111111111087
SLIT2	-0.23003858585858694
SLIT3	-0.12536397306397262
SLITRK3	-0.13357595959596003
SLITRK5	-0.1260877777777787
SLK	0.35490414141414206
SLN	0.01121767676767682
SLPI	-0.6369825252525239
SLTM	-0.06441888888888858
SLURP1	-0.09212353535353568
SLX1A	-0.010152929292929436
SMA5	0.2936212121212112
SMAD1	-0.24966868686868704
SMAD2	0.879335050505051
SMAD3	0.17903628787878745
SMAD4	0.12530439393939385
SMAD5	0.5803465656565656
SMAD5-AS1	0.0444124242424242
SMAD6	-0.39467593434343406
SMAD7	-0.5644291919191913
SMAD9	-0.20558393939393804
SMAGP	0.9434875757575751
SMAP1	0.7820022222222223
SMARCA1	0.27336366161616343
SMARCA2	-0.5366556060606049
SMARCA4	0.6136131024531029
SMARCA5	0.2498199999999997
SMARCAL1	0.34699919191919015
SMARCB1	0.14003994949495002
SMARCC1	0.6653002777777761
SMARCC2	0.18140267676767685
SMARCD1	0.20986494949494983
SMARCD2	0.19714222222222322
SMARCD3	0.12907242424242504
SMARCE1	0.6276908080808088
SMARCE1P2	-0.1129267676767669
SMC1A	0.33895085858585894
SMC1B	0.708736565656567
SMC2	0.703676818181818
SMC3	0.9644711447811458
SMC4	1.3206947474747466
SMC5	0.007442929292929001
SMC6	0.149587070707069
SMCHD1	0.44955797979798007
SMCO4	-0.009788989898991574
SMCP	-0.1956752525252523
SMG1	-0.2573176767676766
SMG1P1	0.17713797979797974
SMG1P5	0.4502723737373735
SMG5	0.7327645454545442
SMG6	-0.10666212121212126
SMG7	0.20858080808080803
SMG7-AS1	-0.10928080808080809
SMG8	0.7359571717171711
SMG9	0.22748141414141276
SMIM10L1	0.0048001010101001995
SMIM14	-0.4540548484848488
SMIM2	-0.03606277777777844
SMIM20	-0.05085323232323269
SMIM7	0.06209959595959624
SMIM8	0.2038797979797975
SMN2	0.39343565656565715
SMNDC1	0.6138112121212105
SMNP	-0.056046161616161605
SMO	0.13018030303030415
SMOX	-0.004839393939393588
SMPD1	-0.19676825757575767
SMPD2	0.040507373737373786
SMPD3	-0.283727777777778
SMPDL3A	-0.33388030303030014
SMPDL3B	0.006369494949495458
SMPX	0.37097191919191896
SMR3A	-0.11089999999999955
SMR3B	-0.15587909090909147
SMS	0.7641826262626266
SMTN	0.09871055555555674
SMU1	0.23494959595959575
SMUG1	0.08627454545454594
SMURF1	-0.03515478114478032
SMURF2	0.411203636363636
SMYD2	0.61578
SMYD3	1.6902703030303048
SMYD5	0.26962212121212126
SNAI1	-0.18642949494949468
SNAI2	0.1489230303030311
SNAP23	0.19620548821548756
SNAP25	0.39325434343434384
SNAP29	0.19654848484848575
SNAP91	-0.009553636363636375
SNAPC1	0.10800656565656563
SNAPC2	-0.03815585858585813
SNAPC3	-0.027765319865320492
SNAPC4	-0.14807055555555504
SNAPC5	0.05473252525252548
SNCA	-0.09807985858585822
SNCAIP	0.32655414141414063
SNCB	-0.07830808080808138
SNCG	-0.0657803030303028
SND1	0.5123267676767682
SND1-IT1	0.08458707070707039
SNED1	-0.4527860606060612
SNF8	0.6278794949494957
SNHG17	0.47289545454545445
SNHG20	0.23875080808080895
SNHG3	-0.025065656565656624
SNIP1	0.06355515151515201
SNN	0.2293637878787873
SNORD68	-0.023300808080807478
SNPH	-0.11652924242424278
SNRK	-0.3010196969696972
SNRNP200	0.525060606060606
SNRNP25	0.16384222222222178
SNRNP27	0.488564444444445
SNRNP35	0.07751626262626221
SNRNP40	0.5746185858585857
SNRNP70	-0.29377808080808077
SNRPA	0.6394616161616158
SNRPA1	0.7162673400673407
SNRPB	1.3279509595959604
SNRPB2	0.6390093939393937
SNRPC	0.8919284848484859
SNRPD1	1.1393072727272742
SNRPD2	1.1067292929292947
SNRPD3	0.6110641414141416
SNRPE	1.5662906060606065
SNRPF	0.7399717171717182
SNRPG	0.8026828282828298
SNRPN	0.11247232323232392
SNTA1	0.05597282828282779
SNTB1	0.37642744107744086
SNTB2	-0.040062500000000334
SNTG1	-0.04881962962962927
SNTG2	-0.018804141414141995
SNU13	0.6375308080808075
SNUPN	0.319813434343434
SNURF	0.4095345959595962
SNW1	0.3551982154882163
SNX1	0.010565353535352706
SNX10	-0.17175717171717242
SNX11	0.2090710606060613
SNX13	0.08129101010101092
SNX15	0.05542515151515204
SNX16	0.3132234343434339
SNX17	0.26745030303030326
SNX19	-0.12865176767676711
SNX2	0.3822853535353534
SNX24	0.32813191919191986
SNX27	0.6404257070707065
SNX29	-0.042621111111111
SNX3	0.4856910606060616
SNX4	0.08999565656565611
SNX5	0.10368474747474732
SNX6	0.3568919191919191
SNX7	0.8834485858585852
SNX9	-0.30299040404040456
SOAT1	0.8281221212121217
SOAT2	0.4755116161616151
SOBP	1.0218321212121202
SOCS1	-0.010619621212121455
SOCS2	-1.4833404545454556
SOCS3	-0.1442546464646468
SOCS5	0.7054240404040399
SOCS6	-0.07806010101010141
SOCS7	-0.13018949494949483
SOD1	-0.4976904040404051
SOD2	0.4393731313131317
SOD3	-0.3156907070707069
SOGA1	-0.015641767676768836
SOHLH2	0.13074929292929305
SON	-0.01579176767676671
SORBS1	-0.3864037037037047
SORBS2	-1.1996145959595967
SORBS3	-0.5347415151515165
SORCS3	0.05253929292929316
SORD	-1.1237610101010134
SORD2P	-1.12600797979798
SORL1	-1.838321111111112
SORT1	0.45766232323232314
SOS1	0.21256853535353493
SOS2	-0.06460222222222267
SOSTDC1	0.08493919191919241
SOWAHC	-0.5144130303030305
SOX1	-0.03179010101010071
SOX10	-0.2557660101010102
SOX11	0.0214917508417507
SOX12	0.5722162626262621
SOX13	0.539150101010101
SOX14	-0.0854802020202019
SOX15	-0.1423088888888886
SOX17	0.04103494949495001
SOX18	0.03511292929292997
SOX2	-0.03791420875420837
SOX21	-0.1265720202020204
SOX3	-0.02007484848484875
SOX30	0.01701060606060567
SOX4	1.0040913939393938
SOX5	-0.5071006734006733
SOX5P1	-0.05501040404040358
SOX9	0.9551571717171718
SP1	0.02604828282828331
SP100	-0.08293482828282794
SP110	-0.0031604545454539945
SP140	-0.006692222222221655
SP140L	0.08262686868686941
SP2	0.23337737373737344
SP3	0.8360245454545456
SP3P	-0.16341343434343436
SP4	-0.08535717171717128
SPA17	0.39495585858585835
SPACA1	-0.07163646464646423
SPACA9	-0.10084929292929212
SPAG1	0.34586303030303034
SPAG11B	-0.07434245791245742
SPAG16	0.09513656565656703
SPAG4	0.40861121212121265
SPAG5	1.0373176767676764
SPAG6	0.0025464141414142105
SPAG7	-0.5389346464646474
SPAG8	-0.20945747474747467
SPAG9	-0.06116973063972786
SPAM1	-0.05672882154882197
SPANXA2	-0.2118507070707074
SPANXB1	-0.1818195959595963
SPANXC	-0.18657242424242337
SPAR	-0.01248505050505111
SPARC	0.4240384343434336
SPARCL1	0.3151125252525251
SPAST	0.39831595959595933
SPATA2	0.3419225757575761
SPATA20	-0.3315656565656564
SPATA2L	-0.44291818181818066
SPATA31A7	-0.11973909090909052
SPATA31C1	-0.1472336363636364
SPATA5L1	0.44339377104377053
SPATA6L	-1.0166724242424245
SPATA7	-0.13328585858585829
SPATS2	0.9431958585858586
SPATS2L	0.5659571717171694
SPC25	0.7079147474747463
SPCS1	0.6041079797979805
SPCS2	0.6941085858585847
SPCS2P4	0.6349235353535363
SPCS3	0.23408878787878784
SPDEF	-0.16844185858585803
SPDL1	0.9476709090909106
SPECC1L	0.21866868686868735
SPEF1	-0.08400717171717176
SPEG	-0.1337209090909095
SPEN	-0.0314684848484843
SPG11	0.18412292929293006
SPG20	-0.3981333333333339
SPG21	-0.004183535353535994
SPG7	-0.6685673232323239
SPHAR	0.7587588888888881
SPHK1	0.5362832323232327
SPHK2	-0.3109203535353533
SPI1	-0.2759076767676767
SPIB	-0.03412212121212166
SPICE1	-0.014985858585858658
SPIDR	0.3150211111111112
SPIN1	0.12409262626262585
SPIN2A	-0.09501363636363669
SPIN2B	0.061061717171717156
SPINK1	4.262446161616163
SPINK2	-0.11066515151515155
SPINK4	-0.03973666666666631
SPINK5	0.17030424242424314
SPINT1	0.20312969696969763
SPINT2	-0.13464070707070697
SPN	-0.1459475252525264
SPO11	-0.11459060606060634
SPOCK1	0.33126242424242536
SPOCK2	-0.18666171717171753
SPOCK3	-0.02672151515151544
SPON1	-0.27149298989898885
SPON2	1.1995261616161628
SPOP	0.10970575757575851
SPOUT1	0.1537784848484849
SPP1	2.05298
SPP2	-2.5381467676767686
SPPL2B	-0.09335353535353619
SPR	-0.08481515151515229
SPRED2	-0.04804545454545561
SPRR1A	-0.1688732323232327
SPRR1B	0.011747070707071039
SPRR2B	-0.08673545454545417
SPRR2C	-0.09490080808080759
SPRR3	-0.015440202020201799
SPRY1	-0.14188939393939304
SPRY2	-0.6276077777777775
SPRY4	-0.2629001515151508
SPRYD7	-0.03482484848484857
SPSB1	0.2221903030303043
SPSB3	-0.8376128787878789
SPTA1	-0.02496191919191837
SPTAN1	0.27915204545454664
SPTB	-0.06524924242424257
SPTBN1	0.009616986531986171
SPTBN2	-0.670999595959596
SPTBN4	-0.111273333333334
SPTBN5	0.0016357575757579568
SPTLC1	0.3371373737373746
SPTLC2	0.10240381313131319
SPTLC3	-0.08899404040404013
SPTSSA	0.5298957575757575
SPX	-0.06934878787878684
SQLE	2.0447164983164985
SQRDL	0.1869557575757561
SQSTM1	0.4765839393939384
SRBD1	0.2551130303030318
SRC	0.02442717171717046
SRCAP	-0.06655174242424255
SRD5A1	-1.3403637373737372
SRD5A2	-2.5976697979797976
SRD5A3	0.04620383838383768
SREBF1	0.14066818181818164
SREBF2	0.5814298989898994
SREK1	0.17992070707070695
SREK1IP1	0.15571020202020192
SRF	0.012536161616161223
SRGAP2	0.3588085858585863
SRGAP3	-0.028189393939392904
SRGN	-0.5127338888888895
SRI	0.8287506060606065
SRM	0.9408630303030305
SRP14	0.5991053535353537
SRP19	0.7873552525252538
SRP54	0.2629594949494942
SRP72	0.6604346666666663
SRP9	0.7554040404040414
SRPK1	0.6035040404040402
SRPK2	0.46174439393939437
SRPK3	-0.2070978787878781
SRPRA	-0.3560104545454559
SRPRB	0.6781650505050498
SRPX	-2.560184646464646
SRPX2	-0.0936409090909085
SRR	-0.06591116161616117
SRRD	0.9338531313131311
SRRM1	-0.138834747474748
SRRM2	-0.5928207070707074
SRRT	0.0645680000000004
SRSF1	0.3770304040404042
SRSF10	0.266994494949496
SRSF11	-0.22292457912457841
SRSF2	0.45507606060606065
SRSF3	0.45605744107744073
SRSF4	-0.45457818181818155
SRSF5	-0.3804369696969703
SRSF6	-0.1475768181818191
SRSF7	-0.19149919191919107
SRSF8	-0.25429666666666595
SRSF9	0.5740546464646465
SRY	-0.080392626262626
SS18	-0.03106046464646628
SS18L1	-0.6959944444444464
SS18L2	0.4123958585858585
SSB	0.8476885353535355
SSBP1	0.5006557575757578
SSBP2	0.0658496464646463
SSBP3	-0.3335378787878769
SSFA2	-0.3317221212121213
SSH1	0.21714065656565573
SSH3	0.10269053872053924
SSNA1	0.4417311111111104
SSPN	-0.14730929292929273
SSR1	1.0273862626262646
SSR2	1.3470058585858586
SSR3	0.5382987878787873
SSR4	0.2252095959595941
SSRP1	0.7308314141414138
SSSCA1	0.5080002020202015
SST	-0.03417797979798021
SSTR1	0.016139696969696526
SSTR2	-0.04075217171717149
SSTR3	-0.08754595959595912
SSTR4	-0.16638999999999982
SSTR5	-0.03794565656565663
SSUH2	0.8187756565656561
SSX1	0.6683168181818191
SSX2	0.6344058249158242
SSX2B	0.0932047474747475
SSX2IP	0.40256446127946166
SSX3	0.16911148989898983
SSX4B	0.5942621548821565
SSX5	-0.07803191919191921
ST13	0.06197673400673409
ST14	-0.03185521885521947
ST18	0.006026868686868969
ST20	0.2309875757575761
ST3GAL1	-0.4747210437710434
ST3GAL2	-0.01501257575757542
ST3GAL4	-0.027698737373737625
ST3GAL5	-0.24843838383838435
ST3GAL6	-1.2421444444444427
ST5	0.21257727272727234
ST6GAL1	-0.30923454545454643
ST6GALNAC2	0.1982072727272728
ST6GALNAC4	0.03033242424242344
ST6GALNAC5	0.0423604040404042
ST7	-0.08862934343434414
ST7L	-0.1332540740740753
ST8SIA1	-0.07154898989899028
ST8SIA2	-0.06929368686868642
ST8SIA3	-0.08277484848484828
ST8SIA4	-0.10868909090909096
ST8SIA5	-0.07579363636363645
STAB1	-1.1241435858585849
STAB2	-1.9174258585858581
STAC	-0.14352969696969797
STAG1	0.6209703030303055
STAG2	0.44378141414141314
STAG3	-0.404419292929294
STAG3L1	-0.6106411111111116
STAG3L4	-0.028493737373737726
STAM	1.0738431313131311
STAM2	0.1990891919191915
STAMBP	0.6500465656565675
STAMBPL1	-0.00960797979797956
STAP1	-0.25652727272727294
STAP2	-0.33569393939394043
STAR	-0.002759696969697245
STARD13	-0.2583964646464656
STARD3	0.16965252525252428
STARD5	-1.2393722222222214
STARD7	0.040134814814814845
STARD8	-0.17032858585858524
STAT1	0.4122614141414145
STAT2	-0.20698247474747422
STAT3	-0.3111355555555537
STAT4	-0.7065580808080822
STAT5A	0.024843030303030922
STAT5B	-0.006631043771044176
STAT6	-0.2697563131313139
STATH	-0.21420515151515218
STAU1	0.3010300505050516
STAU2	0.6548988888888889
STBD1	-0.3629730303030305
STC1	0.4532408080808077
STC2	0.3367359090909092
STEAP1	0.8985640404040405
STEAP1B	0.031564343434343556
STEAP3	-1.9540923232323246
STEAP4	-0.19540191919191985
STIL	0.7191293939393941
STIM1	0.1429214141414148
STIP1	0.9776882828282822
STK10	-0.05547323232323276
STK11	-0.05066439393939426
STK16	0.05902636363636393
STK17A	0.4098781481481475
STK17B	0.033558030303030506
STK19	0.15352631313131315
STK24	0.5908441077441067
STK25	0.4794060606060606
STK26	0.8945128282828279
STK3	0.24622747474747442
STK32B	-0.015621414141413936
STK38	-0.03299956228956091
STK38L	-0.0038659090909094473
STK39	1.1126057575757562
STK4	-0.0578459090909087
STMN1	0.829712121212121
STMN2	-0.05652898989899047
STMN3	-0.17492070707070706
STMN4	-0.025167575757576
STOM	-0.4920797306397313
STOML1	0.27720323232323363
STOML2	0.361168535353535
STON1	-0.04991686868686829
STON1-GTF2A1L	-0.061667171717171954
STRA6	0.0390757575757581
STRADA	0.07572060606060571
STRAP	0.36833424242423973
STRN	0.012543030303029834
STRN3	0.000814898989899504
STRN4	0.5014161616161603
STS	-0.148542651515152
STT3A	0.9704154545454555
STUB1	-0.17722787878787827
STUM	-0.1918441414141423
STX10	0.5211651515151505
STX11	-0.05872484848484971
STX12	0.137062272727273
STX16	-0.07850060606060616
STX17	-0.12235535353535365
STX18	0.3027966666666666
STX1A	0.12840353535353533
STX2	-0.16284106060605996
STX3	0.4003698484848499
STX4	0.38197808080808127
STX5	0.14411141414141415
STX6	0.5326355892255892
STX7	0.3156976094276098
STX8	-0.0967358585858582
STXBP1	0.5532687878787872
STXBP2	0.11647515151515098
STXBP3	0.2740505050505062
STXBP5L	-0.02766393939393952
STXBP6	0.322237676767676
STYK1	-0.07770050505050552
STYXL1	0.18793151515151507
SUB1	1.0581164983164966
SUCLA2	0.2594988888888894
SUCLG1	-0.008168080808081513
SUCLG2	-0.7208852777777768
SUCO	1.6912477777777761
SUGCT	0.03820808080808202
SUGP1	0.27850368686868787
SUGP2	0.11170254545454661
SULF1	0.5266363636363645
SULT1A1	-1.4522732323232326
SULT1A2	-1.3571779797979788
SULT1A4	-0.5846448737373731
SULT1B1	-0.5614580808080811
SULT1C2	1.9634044781144766
SULT1E1	-1.5797773737373726
SULT2A1	-1.5738064646464647
SULT2B1	-0.17792383838383818
SULT4A1	0.09478555555555523
SUMO1	0.22528023569023592
SUMO2	0.741879444444443
SUMO3	0.6213649494949509
SUMO4	0.3898138383838372
SUN1	0.13512895622895726
SUN2	-0.6595312121212107
SUOX	-0.9437218181818174
SUPT16H	0.755887373737373
SUPT20H	-0.02832519191919225
SUPT3H	0.10286797979798035
SUPT4H1	0.511188383838383
SUPT5H	0.2835497979797976
SUPT6H	0.12886747474747562
SUPT7L	0.16701168350168327
SUPV3L1	0.41962606060606067
SURF1	-0.17223126262626298
SURF2	0.20877171717171628
SUSD4	0.57646292929293
SUSD5	-0.05649080808080731
SUSD6	-0.0356155555555544
SUV39H1	0.26528515151515286
SUV39H2	0.038927575757575106
SUZ12	1.0013272727272744
SUZ12P1	0.18805942760942784
SV2A	-0.07665434343434363
SV2B	0.025904343434343335
SV2C	-0.12962171717171778
SVEP1	-0.4750893434343433
SVIL	0.05529262626262632
SVILP1	-0.039862626262626044
SWAP70	0.5275741414141413
SYBU	-0.917220707070709
SYCE1L	0.01433040404040442
SYCP1	-0.03185020202020228
SYCP2	-0.021151515151514477
SYDE1	-0.1852781060606059
SYF2	0.20896111111111004
SYK	-0.11698095959596033
SYMPK	-0.02851141414141445
SYN1	-0.09342797979798023
SYN2	-0.02726494949494951
SYN3	-0.012583838383838586
SYNC	-0.04309050505050527
SYNCRIP	0.5655247676767683
SYNDIG1	-0.10832313131313143
SYNE1	-0.8587455555555561
SYNE2	-0.5709797979797973
SYNGR1	0.2038758922558923
SYNGR2	0.6544986868686857
SYNGR3	0.06573474747474739
SYNGR4	-0.09132343434343371
SYNJ1	0.07567777777777707
SYNJ2	0.29692191919191924
SYNJ2BP	-0.25159929292929206
SYNM	0.29694606060606077
SYNPO	-0.35285151515151725
SYNPO2	-0.20728595959595975
SYNPO2L	0.006343434343434318
SYP	-0.03241232323232346
SYPL1	1.007431010101011
SYS1-DBNDD2	0.7330609090909084
SYT1	0.17305353535353474
SYT11	-0.01376161616161653
SYT12	-0.10814540404040418
SYT13	-0.11854818181818194
SYT17	-0.23145606060606116
SYT2	-0.3165942424242427
SYT5	-0.06271222222222228
SYTL2	-0.3197242424242428
SZRD1	-0.03783565656565635
SZT2	-0.1378098989898997
T	-0.12237555555555524
TAAR2	-0.026338080808080644
TAAR3	-0.048667777777777754
TAAR5	-0.11901565656565705
TAB1	0.06677848484848425
TAB2	-0.23534080808080926
TAC1	-0.03779909090909106
TAC3	-0.10973727272727274
TACC1	0.17244747474747513
TACC2	0.8269724242424239
TACC3	1.208924545454546
TACO1	-0.0593713131313125
TACR1	-0.16339212121212032
TACR2	-0.09125141414141424
TACR3	-0.09338181818181868
TACSTD2	-0.4270581481481486
TADA2A	0.014917323232324087
TADA3	0.05211363636363764
TAF1	-0.12519025252525173
TAF10	0.5404028282828275
TAF11	0.5245424242424237
TAF12	0.5386062626262618
TAF13	-0.04231070707070783
TAF15	0.016200101010100276
TAF1A	0.46437171717171655
TAF1B	0.28103489898989853
TAF1C	-0.28474267676767706
TAF1D	0.5319910101010112
TAF2	0.9619087878787864
TAF4	0.27113217171717174
TAF4B	-0.04870181818181818
TAF5	0.6934046464646464
TAF5L	0.49604272727272747
TAF6	0.682426464646464
TAF6L	-0.05857567340067371
TAF7	0.37247494949494886
TAF7L	-0.08538252525252554
TAF9	0.90240297979798
TAF9B	-0.23006247474747443
TAGLN	-0.696122525252524
TAGLN2	0.8998164646464639
TAGLN3	-0.09011515151515237
TAL1	-0.16402026936026948
TALDO1	0.562708383838384
TANC2	-0.0512443434343437
TANK	-0.1567175420875433
TAOK1	-0.21830626262626307
TAOK2	0.05668525252525214
TAOK3	0.30561595959595955
TAP1	0.5845105050505053
TAP2	0.016723400673400945
TAPBP	0.0006040404040410507
TAPBPL	-0.32015015151515147
TAPT1	-0.2074275252525246
TARBP1	1.237058888888889
TARBP2	0.3204204040404033
TARDBP	0.4025172727272741
TARDBPP1	-0.03295909090909088
TARP	-0.5797182575757587
TARS	0.6183989898989912
TARS2	0.12537313131313166
TAS2R1	-0.0425561616161616
TAS2R10	-0.1144601010101014
TAS2R13	-0.01866313131313113
TAS2R14	-0.13928898989898952
TAS2R16	-0.02593444444444426
TAS2R3	-0.05223727272727263
TAS2R4	-0.053281212121212285
TAS2R7	-0.11629171717171749
TAS2R8	0.0031348484848483515
TAS2R9	-0.04253868686868678
TASP1	0.3466370707070707
TAT	-2.4338596464646463
TATDN2	0.6130361616161615
TAX1BP1	0.5639782154882145
TAX1BP3	0.4919914141414141
TAZ	0.05165702020202012
TBC1D1	0.024532626262625534
TBC1D10B	0.1655576767676763
TBC1D12	0.48352636363636314
TBC1D13	0.2871067676767689
TBC1D15	-0.04221404040404142
TBC1D16	1.0460570707070707
TBC1D17	0.05174969696969711
TBC1D19	0.22721929292929266
TBC1D2	-0.0877865656565664
TBC1D22A	0.14084158249158385
TBC1D22B	-0.004502828282829441
TBC1D29	-0.07835050505050534
TBC1D2B	-0.5322602693602692
TBC1D30	0.06146861952862004
TBC1D31	0.926363535353536
TBC1D3H	-0.35919929292929353
TBC1D4	-0.058917676767675786
TBC1D5	0.0683661868686869
TBC1D8	0.0036398484848483292
TBC1D8B	-0.14559040404040502
TBC1D9	-0.41152424242424246
TBC1D9B	0.02493962121211979
TBCA	0.07236814814814885
TBCB	0.8289502693602699
TBCC	0.47214000000000045
TBCCD1	0.572121313131313
TBCD	0.06599265993266012
TBCE	1.257123080808081
TBK1	0.3261388888888881
TBKBP1	-0.1491883838383843
TBL1X	-0.09204173737373633
TBL1XR1	0.594018888888888
TBL1Y	-0.06747797979798031
TBL2	0.24382424242424428
TBL3	0.04700464646464564
TBP	0.23002949494949565
TBPL1	0.5117693939393932
TBR1	-0.04902121212121191
TBRG4	0.16177267676767748
TBX1	-0.03717299663299656
TBX10	-0.0543551515151508
TBX19	0.11667424242424218
TBX2	-0.10028771043771112
TBX21	-0.14605303030303096
TBX3	-0.10119040404040458
TBX4	0.026566060606060926
TBX5	-0.1917015151515158
TBX6	-0.17903227272727262
TBXA2R	-0.5136742929292923
TBXAS1	-0.1734107070707065
TCAF1	0.15059107744107703
TCAF1P1	0.13987050505050558
TCAF2P1	0.6312687878787884
TCAP	-0.06832636363636269
TCEA1	0.7184128282828279
TCEA2	-0.2837996464646473
TCEAL1	0.34699636363636266
TCEAL2	0.008225252525252191
TCEAL4	0.16353272727272827
TCEAL9	1.371651515151516
TCEB1	1.1075276767676758
TCEB1P3	-0.051705252525252376
TCEB2	0.0077165656565645335
TCEB3	-0.1631531986531991
TCEB3-AS1	-0.14310616161616085
TCEB3B	-0.1691487878787883
TCERG1	0.8259573737373724
TCF12	0.20160555555555604
TCF15	-0.055222424242424406
TCF20	0.10868111111111212
TCF21	-0.573653535353535
TCF25	-0.04482616161616093
TCF3	0.17407190235690173
TCF4	-0.10872616161616033
TCF7	-0.162562676767676
TCF7L1	0.3342940404040391
TCF7L2	-0.08274129629629634
TCFL5	0.8239197979797961
TCHH	-0.07966656565656516
TCIRG1	0.3441712121212115
TCL1A	-0.15339787878787847
TCL1B	-0.12066202020202033
TCL6	-0.10538842424242434
TCN1	-0.2289145454545447
TCN2	-0.08585191919191715
TCOF1	0.36567883838383874
TCP1	0.5762938720538733
TCP10L2	-0.18437929292929223
TCP11	-0.03838838383838361
TCP11L1	-0.06366191919191966
TCTA	0.16590404040404128
TCTN1	-0.07830454545454568
TCTN2	-0.0439627272727261
TCTN3	0.20302358585858737
TDG	0.9264258585858602
TDGF1P3	1.0299690909090904
TDO2	-2.251125252525254
TDP1	0.36741111111111113
TDP2	0.5971731313131308
TDRD1	-0.06090848484848532
TDRD12	-0.07472595959595951
TDRD3	0.0473099494949496
TDRD7	0.5952311111111115
TDRKH	0.17259282828282752
TEAD1	-0.03661696969697026
TEAD3	0.35163929292929286
TEAD4	0.06561323232323257
TEC	-0.05599212121212149
TECPR2	0.051401565656565396
TECR	0.1257814141414153
TECTA	-0.12436595959595964
TEF	-0.11374404040403974
TEFM	0.5020181818181824
TEK	-0.3763346464646471
TEKT2	-0.17658767676767795
TELO2	-0.14203161616161708
TENM2	-0.0422757575757573
TENM3	0.009136868686868471
TENM4	-0.11024909090909141
TEP1	0.027022121212120442
TERF1	0.5667937878787876
TERF2	0.26693878787878766
TERF2IP	-0.3758530303030305
TERT	0.31111383838383855
TES	0.7654936868686883
TESC	0.7649069696969697
TESK1	1.04040404051986e-05
TESK2	-0.3227662626262626
TESMIN	0.06302131313131243
TESPA1	-0.1794443434343438
TET1	0.1151530303030297
TET3	-0.009004141414140854
TEX10	0.7286457575757579
TEX11	-0.238884242424243
TEX12	-0.06848323232323228
TEX13A	-0.21524979797979826
TEX13B	-0.1655293939393938
TEX14	0.01739868686868684
TEX15	-0.036966060606060225
TEX2	0.17014919191919287
TEX261	0.15108954545454623
TEX264	-0.030134646464646586
TEX28P1	-0.046084747474747445
TEX30	-0.09607959595959503
TEX41	-0.034662474747474636
TF	-0.7367697727272731
TFAM	0.2842638720538728
TFAP2A	-0.012897811447811769
TFAP2B	-0.08851929292929261
TFAP2C	0.006557171717171961
TFAP4	-0.07394929292929309
TFB1M	-0.2207232323232322
TFB2M	0.6313582828282822
TFCP2	0.381767525252525
TFCP2L1	-0.02972010101010092
TFDP1	0.5737852525252514
TFDP2	0.23816020202020116
TFDP3	-0.004180909090909513
TFE3	0.20579111111111192
TFEB	-0.06651106060605994
TFEC	0.054236464646465254
TFF1	0.0871614141414141
TFF2	-0.26591484848484903
TFF3	0.14166303030303062
TFG	0.202658232323234
TFIP11	0.3622207575757592
TFPI	0.14821507070707085
TFPI2	-0.40615131313131236
TFPT	0.3340935353535368
TFR2	-0.9206262289562295
TFRC	1.3551696969696962
TG	-0.30940484848484884
TGDS	-0.6669815151515159
TGFA	-0.1664039730639728
TGFB1	-0.013160353535353941
TGFB1I1	-0.2721326262626258
TGFB2	0.006659873737373534
TGFB3	-0.12258404040403992
TGFBI	-0.0350907070707045
TGFBR1	0.052972020202020076
TGFBR2	0.25122146464646544
TGFBR3	-0.7951744444444451
TGFBRAP1	-0.034209898989899123
TGIF1	0.3134327272727253
TGIF2	0.258214646464646
TGM1	-0.11365030303030288
TGM2	-0.09050525252525343
TGM3	0.26231454545454547
TGM4	-0.10222454545454518
TGM5	-0.23335383838383805
TGOLN2	-0.177855479797981
TGS1	0.7109465656565659
TH	-0.024413131313131053
THADA	0.297459343434344
THAP1	0.34642888888888823
THAP10	0.15723898989898988
THAP11	0.22317949494949563
THAP12	0.6083056565656548
THAP3	-0.06343712121212075
THAP7	0.04876676767676802
THAP9	-0.0885540404040408
THBD	-0.49940590909090954
THBS1	-0.5288996363636373
THBS2	0.14355888888888924
THBS3	-0.12508222222222276
THBS4	0.7851497979797974
THEG	-0.15659121212121274
THEM6	0.6197957575757584
THEMIS2	-0.33512949494949495
THG1L	0.012716969696970004
THNSL1	-0.11515414141414126
THNSL2	-0.43283575757575843
THOC1	0.09066136363636446
THOC2	0.6683842424242421
THOC5	0.32553787878787865
THOC6	0.27233242424242476
THOC7	0.7185371717171716
THOP1	-0.2969560606060604
THPO	-0.056850808080808335
THRA	-0.08031474747474743
THRAP3	-0.09708818181818124
THRB	-0.08454393939393956
THSD1P1	0.1455587878787883
THSD4	-0.3843527272727272
THSD7A	0.46252207070707163
THTPA	0.17153373737373734
THUMPD1	0.03913338383838383
THUMPD2	0.4044667676767686
THY1	0.7422427609427595
THYN1	-0.4612726262626268
TIA1	0.12293058585858674
TIAL1	0.2357943434343417
TIAM1	-0.423863080808081
TIAM2	-0.014021818181818801
TICAM1	0.3073924242424244
TIE1	-0.06951020202020164
TIGAR	0.5460653535353526
TIGD6	-0.03815909090909031
TIMELESS	0.39502727272727256
TIMM10	0.2860716161616157
TIMM10B	0.3838809090909088
TIMM13	0.44348636363636373
TIMM17A	0.3068576515151511
TIMM17B	0.4916279797979781
TIMM22	-0.026789797979797747
TIMM44	0.18973338383838367
TIMM50	-0.055655050505050596
TIMM8A	-0.06202404040404019
TIMM8B	0.3386568686868703
TIMM9	0.7477359595959587
TIMP1	-0.12945070707070627
TIMP2	0.3688374747474743
TIMP3	-0.010123510101009536
TIMP4	-0.014740505050505615
TINAGL1	-0.27099222222222163
TINF2	0.23767434343434246
TIPARP	0.09923717171717161
TIPIN	0.7507777777777784
TIPRL	0.6386821212121214
TJAP1	0.2659879797979787
TJP1	0.22186097643097646
TJP2	-0.5194891919191917
TJP3	0.08573358585858593
TK1	0.7724884848484841
TK2	-0.33651090909090975
TKFC	-1.5672608080808077
TKT	1.6188804040404028
TKTL1	0.1777275757575758
TLDC1	-0.027154949494949676
TLE1	0.3141299242424216
TLE2	-0.25928727272727237
TLE3	0.2031970370370373
TLE4	-0.193514882154882
TLE6	0.006738383838384099
TLK1	0.28210309764309827
TLK2	0.49136454545454544
TLL1	-0.010234040404040634
TLL2	-0.049771919191919256
TLN1	0.0986254545454548
TLN2	-0.015474090909091132
TLR1	-0.034442727272727236
TLR2	-0.11354444444444489
TLR3	-0.33962929292929367
TLR4	-0.20154898989898973
TLR5	0.39006363636363695
TLR6	-0.15839535353535394
TLR7	-0.006307171717171212
TLR8	-0.04658131313131442
TLX1	-0.013848585858585949
TLX2	-0.06339464646464643
TLX3	-0.028009898989898918
TM2D1	0.2958266666666649
TM2D3	0.004843636363634829
TM4SF1	0.860270555555557
TM4SF20	0.4031445454545457
TM4SF4	0.2415695959595947
TM4SF5	0.3734790909090915
TM6SF1	0.0643970707070709
TM6SF2	-0.12330343434343449
TM7SF2	0.08783969696969596
TM7SF3	-0.20812595959595814
TM9SF1	0.6189054545454544
TM9SF2	0.2931426262626271
TM9SF3	0.34724545454545463
TM9SF4	0.4003411616161623
TMA16	0.25729030303030287
TMA7	0.38195727272727
TMBIM1	0.5758027272727269
TMBIM4	-0.06658595959595814
TMBIM6	-0.4195783333333356
TMC5	0.35076292929292974
TMC6	0.05387964646464649
TMC7	0.024505454545454608
TMCC1	0.40527912457912496
TMCC2	-0.022910707070707304
TMCO1	0.8152090656565649
TMCO3	0.3651934343434351
TMCO6	-0.21780343434343408
TMED1	-0.12472666666666843
TMED10	0.17016757575757602
TMED2	0.44513410774410733
TMED3	1.1984590909090906
TMED5	0.13102939393939472
TMED7	0.45379601010100945
TMED9	0.63656797979798
TMEFF1	0.12421363636363614
TMEM100	-0.6689151515151512
TMEM104	0.18846373737373767
TMEM106B	0.586081616161616
TMEM106C	1.2095646464646466
TMEM109	0.3511838383838386
TMEM11	0.28367656565656496
TMEM110	0.09136565656565576
TMEM115	0.43420929292929333
TMEM121	-0.11659747474747428
TMEM123	-0.03371585858585746
TMEM126B	0.6635238383838375
TMEM127	0.13472838383838504
TMEM131	0.392750808080808
TMEM132A	0.15271565656565667
TMEM134	-0.24566363636363597
TMEM135	0.7107890909090919
TMEM140	-0.2870278787878773
TMEM143	-0.06887818181818206
TMEM144	-0.021413080808081464
TMEM147	0.9365284848484849
TMEM14A	0.8017490909090892
TMEM14B	0.8906576767676757
TMEM151B	-0.02617833333333275
TMEM156	0.04756030303030334
TMEM158	-0.12755818181818146
TMEM159	-0.10096757575757609
TMEM160	0.5347487878787875
TMEM161A	0.19316111111111134
TMEM163	-0.30334939393939386
TMEM164	0.6448602020202028
TMEM165	0.6389885858585869
TMEM168	0.6504456565656556
TMEM176A	-0.25767525252525125
TMEM176B	-0.37948959595959586
TMEM177	0.0024680808080814742
TMEM183A	0.6493379292929289
TMEM184B	0.8989689898989885
TMEM184C	-0.05190696969696962
TMEM185B	0.836145050505051
TMEM186	0.1692545454545451
TMEM187	0.026455252525251716
TMEM189-UBE2V1	0.671808989898989
TMEM19	-0.02287989898989906
TMEM2	0.32604020202020223
TMEM204	-0.5359385858585854
TMEM206	-0.06663979797979858
TMEM208	-0.059577272727273645
TMEM209	-0.052520909090908674
TMEM212	-0.3597999999999999
TMEM214	0.26133919191919297
TMEM220	-0.05732388888888851
TMEM222	-0.06041434343434382
TMEM223	0.24890656565656766
TMEM230	0.5614587878787898
TMEM231	-0.03785651515151489
TMEM242	-0.06794898989898979
TMEM243	0.3469400000000009
TMEM245	-0.006831111111110566
TMEM248	0.4921493939393926
TMEM251	0.9412709090909095
TMEM254	-0.3404323232323234
TMEM255A	0.1554173737373734
TMEM257	-0.19464363636363613
TMEM258	0.832328181818184
TMEM259	-0.15835585858585866
TMEM260	-0.0993223232323226
TMEM267	0.9264760606060616
TMEM268	0.1520350505050505
TMEM30A	0.045328888888889196
TMEM30B	-0.6346014141414136
TMEM33	0.571557373737372
TMEM35A	-0.03527505050505075
TMEM38B	1.1687357575757567
TMEM39A	0.5807919191919204
TMEM39B	0.14416313131313174
TMEM40	-0.024946262626262428
TMEM41B	0.6152630808080817
TMEM43	0.04510949494949479
TMEM45A	-1.7764317171717172
TMEM47	-1.134247323232323
TMEM5	0.3995316666666664
TMEM50A	0.771198484848485
TMEM50B	0.6852658585858578
TMEM51	0.11334888888888806
TMEM53	-0.6190956565656567
TMEM54	-0.08611020202020292
TMEM57	-0.4792085858585855
TMEM59	-0.03340353535353735
TMEM59L	-0.1526817171717174
TMEM62	0.20970868686868638
TMEM63A	-0.17487103535353477
TMEM70	0.5538241414141405
TMEM74B	0.12090171717171705
TMEM80	0.1666096464646465
TMEM87A	0.2894702020202029
TMEM8A	-0.1854679797979797
TMEM8B	0.1985569696969698
TMEM92	-0.3121675757575755
TMEM92-AS1	-0.127216515151515
TMEM94	-0.025973535353535304
TMEM97	0.8600560101010091
TMEM9B	0.5224971717171716
TMF1	0.2668079461279449
TMLHE	-0.08128616161616176
TMOD1	-0.2896168181818197
TMOD2	-0.011644343434343618
TMOD3	0.2917665656565651
TMPO	0.6079408080808095
TMPRSS11D	-0.05466848484848441
TMPRSS11E	-0.13515999999999995
TMPRSS15	0.08620111111111095
TMPRSS2	-0.35284813131313175
TMPRSS3	0.3673326262626264
TMPRSS4	-0.19275545454545462
TMPRSS5	-0.04739737373737363
TMPRSS6	-0.897478989898989
TMSB10	0.7869967676767686
TMSB15A	0.012871313131312956
TMSB15B	-0.04642404040404102
TMSB4XP8	0.13008606060606098
TMSB4Y	-0.06370292929292942
TMUB2	0.28023272727272897
TMX1	0.5481875757575745
TMX2	0.45776646464646475
TMX4	0.16690020202020328
TNC	0.11808863636363576
TNF	-0.11732414141414083
TNFAIP1	-0.06939040404040409
TNFAIP2	-0.30206429292929293
TNFAIP3	0.456399747474749
TNFAIP6	0.01249388888888836
TNFAIP8	0.19261595959596
TNFRSF10B	-0.38329659932659865
TNFRSF10C	-0.09339090909090908
TNFRSF10D	-0.07278767676767695
TNFRSF11A	0.040354545454544866
TNFRSF11B	-0.11276835016835118
TNFRSF12A	-0.10336646464646382
TNFRSF13B	-0.18326797979798037
TNFRSF14	-0.32194565656565555
TNFRSF17	-0.018056969696969905
TNFRSF1A	-0.42798424242424193
TNFRSF1B	-0.5947814141414138
TNFRSF21	0.665202171717171
TNFRSF25	0.032869368686869294
TNFRSF4	0.013316060606060276
TNFRSF8	-0.02679050505050551
TNFRSF9	-0.16588313131313104
TNFSF10	-0.4088775757575762
TNFSF11	-0.15101111111111098
TNFSF12	-0.17004232323232316
TNFSF12-TNFSF13	-0.2630086868686865
TNFSF14	-0.737709999999999
TNFSF15	0.10264646464646399
TNFSF18	-0.10752171717171688
TNFSF4	0.8553764646464641
TNFSF8	-0.1266549494949496
TNFSF9	-0.030530303030302353
TNIK	0.10383127946127946
TNIP1	0.14189515151515142
TNIP2	0.4795714141414136
TNIP3	0.003515959595959739
TNK1	-0.17545050505050508
TNK2	-0.09675360269360223
TNKS	-0.04062124579124582
TNKS2	0.12013949494949383
TNMD	-0.16259838383838332
TNN	-0.11549929292929306
TNNC1	0.34054565656565616
TNNC2	-0.028127474747475567
TNNI1	-0.07861202020202018
TNNI2	0.013979191919191614
TNNI3	-0.043786262626263284
TNNI3K	-0.05887232323232361
TNNT1	0.023048585858586712
TNNT2	-0.1313247474747472
TNNT3	-0.2339525252525254
TNP1	-0.14336212121212188
TNP2	-0.1829926767676766
TNPO1	0.4617783232323234
TNPO2	-0.06577919191919168
TNPO3	0.09751164983164973
TNR	-0.1312968686868694
TNRC18	0.08014464646464603
TNRC6B	-0.09164777777777822
TNS1	-0.26805042424242487
TNS2	-1.0466072727272717
TNS3	0.06927161616161293
TNS4	-0.08500919191919154
TNXB	-0.4915700505050493
TOB1	-0.5187677777777768
TOB2	-0.12285146464646601
TOE1	-0.1030667676767667
TOLLIP	-0.3291625252525261
TOM1	0.14935141414141473
TOM1L1	-0.11368404040404201
TOM1L2	-0.2422802020202015
TOMM20	0.949604696969697
TOMM22	0.5097580808080799
TOMM34	0.532874949494949
TOMM40	0.06878383838383773
TOMM70	0.4461345454545462
TONSL	-0.09469777777777777
TOP1	0.15503494949495078
TOP2A	2.8831088888888883
TOP2B	0.738488585858585
TOP3A	-0.03360632996632962
TOP3B	0.05015166666666726
TOPBP1	1.1645580808080815
TOPORS	-0.04587858585858573
TOR1A	-0.032055707070706596
TOR1AIP1	0.2193924579124582
TOR1B	0.42151919191919074
TOR3A	0.7132302020202017
TOR4A	-0.17719464646464633
TOX	0.09232212121212058
TOX3	1.175960639730639
TOX4	0.196578383838383
TOX4P1	0.08049303030303134
TP53	0.2793615656565649
TP53AIP1	-0.08003045454545399
TP53BP1	0.3565311111111109
TP53BP2	1.651461414141414
TP53I11	-0.010095925925925009
TP53I3	1.423688585858586
TP53TG1	-0.31571723905723914
TP53TG3B	0.013004848484849063
TP53TG5	-0.1493614141414139
TP63	-0.08268900673400692
TP73	-0.09049212121212058
TP73-AS1	-0.04240737373737424
TPBG	-0.25431191919191853
TPCN1	-0.14574606060606055
TPD52	0.8684025505050519
TPD52L1	-0.85329702020202
TPD52L2	0.8964260606060597
TPGS2	0.9438488888888878
TPH1	0.0007271717171715153
TPI1	0.18029858585858527
TPK1	-0.22487252525252543
TPM1	0.6230439898989895
TPM2	0.6048384848484858
TPM3	-0.00029181818181811536
TPM4	0.6600445959595955
TPMT	-0.656610909090908
TPO	-0.05679949494949499
TPP1	0.3547088888888883
TPP2	-0.08904757575757749
TPPP	0.006041212121211892
TPPP3	-0.05142979797979841
TPR	0.5891155555555554
TPRA1	0.15087060606060643
TPRKB	1.0896307070707065
TPSAB1	-0.1340080808080817
TPSB2	-0.14705787878787913
TPSD1	-0.13939414141414153
TPSG1	-0.09814303030303062
TPST1	0.11671313131313177
TPST2	-0.02830212121212128
TPT1	-0.15447763636364087
TPT1P8	-0.1600331313131309
TPTE	0.3318557239057238
TPX2	1.6867548484848491
TRA	-0.08506699724517919
TRA2A	-0.1366545454545438
TRA2B	0.3781361616161609
TRABD	0.27004373737373744
TRAC	-0.21289628787878812
TRADD	-0.05697562289562175
TRAF1	0.0021496969696963575
TRAF2	0.2701918181818179
TRAF3	0.25894080808080666
TRAF3IP1	0.05680515151515175
TRAF3IP2	-0.10489141414141478
TRAF3IP2-AS1	-0.08231686868686872
TRAF3IP3	-0.18818360269360346
TRAF4	-0.015588333333334425
TRAF5	0.8495244444444445
TRAF6	-0.09835858585858581
TRAFD1	0.11273752525252512
TRAIP	0.07324424242424188
TRAK1	0.0857653282828279
TRAK2	0.39163222222222327
TRAM1	0.6538451178451163
TRAM2	-0.46118181818181814
TRANK1	-0.663450404040403
TRAP1	-0.020467171717171162
TRAPPC10	-0.09238696969696925
TRAPPC11	-0.04330676767676778
TRAPPC12	0.2816678787878777
TRAPPC13	0.40653353535353576
TRAPPC2	0.3343412121212115
TRAPPC2B	0.7193628282828293
TRAPPC2L	0.07186949494949602
TRAPPC3	0.2497351515151518
TRAPPC4	0.7964339898989907
TRAPPC5	-0.13506515151515242
TRAPPC6A	0.32804909090909007
TRAPPC8	-0.21441191919191738
TRAPPC9	0.12183003367003309
TRAT1	-0.14356020202020225
TRAV12-2	-0.052018585858585986
TRBC1	-0.5828336700336694
TRBV16	-0.09025353535353542
TRBV21-1	-0.09805323232323238
TRD	-0.4184045454545462
TRDMT1	-0.05311464646464659
TRDN	-0.04915505050504976
TREH	-0.4382410101010108
TREM1	0.03508060606060637
TREM2	0.3119604040404038
TREML2	-0.11183444444444346
TRERF1	-0.12103641414141375
TREX1	-0.23292292929293001
TREX2	-0.0298942424242421
TRGV5	-0.06519095959595944
TRGV7	-0.11229363636363665
TRH	-0.05075424242424198
TRHDE	0.29332131313131304
TRHR	-0.1334728282828288
TRIAP1	-0.12372282828282799
TRIB1	-1.0719429292929306
TRIB2	0.16303212121212063
TRIB3	0.7835982828282821
TRIL	-0.008556111111110987
TRIM10	-0.1564008585858585
TRIM13	-0.18811454545454342
TRIM14	-0.12885136363636462
TRIM15	-0.3208534680134667
TRIM16L	1.3746205050505047
TRIM17	-0.09649272727272695
TRIM2	-0.17928868686868693
TRIM22	-1.5778964646464644
TRIM23	0.1276331986531991
TRIM24	0.6094016835016829
TRIM25	-0.1981746464646461
TRIM26	0.07634353535353444
TRIM27	0.46278585858585775
TRIM28	0.8450309090909087
TRIM29	-0.14471404040404057
TRIM3	-0.06372943434343492
TRIM31	0.24393589225589274
TRIM32	0.5685846464646458
TRIM33	0.31106863636363613
TRIM36	-0.006576565656565947
TRIM37	1.1217129292929293
TRIM38	-0.14029619528619452
TRIM44	0.08273580808080805
TRIM45	0.22393868686868723
TRIM46	-0.0829214141414143
TRIM48	-0.06904828282828257
TRIM49B	-0.11911606060606106
TRIM5	-0.09762414141414233
TRIM52	0.41585494949494883
TRIM58	-0.029227676767677124
TRIM6-TRIM34	-0.09009878787878733
TRIM62	-0.10036762626262608
TRIM66	-0.4067199999999991
TRIM68	0.4655436363636367
TRIM69	-0.18013949494949522
TRIM8	0.2853630303030288
TRIM9	0.09581848484848488
TRIO	0.06013369248035927
TRIOBP	0.2863187205387199
TRIP10	0.15381696969696979
TRIP11	0.021287474747475166
TRIP12	0.4870112121212129
TRIP13	1.1061251515151516
TRIP4	0.8570212121212126
TRIP6	0.09171888888888802
TRIT1	0.2870248484848483
TRMO	0.03199946127946074
TRMT1	0.3163301346801344
TRMT11	-0.16735272727272843
TRMT112	0.6867943434343395
TRMT12	0.701101717171718
TRMT13	0.4571458585858581
TRMT1L	0.24473818181818174
TRMT2A	0.12126979797979853
TRMT2B	0.18272363636363664
TRMT44	-0.07807999999999904
TRMT5	0.5370188888888894
TRMT61A	-0.08261691919191883
TRMT61B	0.6115654545454552
TRMU	0.06216777777777782
TRNAU1AP	0.42338202020202065
TRO	-0.04067505050505105
TROAP	0.5833995959595946
TROVE2	0.546286101010101
TRPA1	-0.04506540404040438
TRPC1	0.2971979797979807
TRPC3	-0.07231742424242471
TRPC4	-0.033437727272727535
TRPC4AP	0.03355292929292819
TRPC5	-0.03266939393939383
TRPC6	-0.006787929292928485
TRPC7	-0.16528717171717133
TRPM1	-0.05058297979798043
TRPM2	-0.084030101010101
TRPM3	-0.024736515151514205
TRPM4	0.2815837373737371
TRPM6	-0.10356262626262547
TRPM8	-0.05590101010101067
TRPS1	0.02127515151515169
TRPV1	-0.9134683838383832
TRPV2	0.06259000000000015
TRPV4	-0.23859636363636394
TRPV5	-0.1271856565656564
TRPV6	-0.24617989898989912
TRRAP	0.5882363131313131
TSC1	0.15790131313131184
TSC2	-0.21765853535353585
TSC22D1	0.063135656565656
TSC22D2	0.009756944444444748
TSC22D3	-0.8183837373737362
TSC22D4	0.09942797979797913
TSEN2	0.19772777777777772
TSEN34	0.48380323232323175
TSFM	0.07282023569023544
TSG101	0.7054531313131305
TSGA10	-0.041963939393939054
TSHB	-0.0447712121212116
TSHR	-0.04914767676767662
TSHZ1	-1.7194132323232338
TSHZ2	0.03637030303030464
TSKS	-0.1049435353535344
TSKU	-1.099345555555555
TSN	0.6862588215488206
TSNAX	0.9631456565656569
TSNAXIP1	-0.25776262626262714
TSPAN1	-0.05666242424242407
TSPAN12	-0.7755389898989895
TSPAN13	-0.13657787878787886
TSPAN14	0.1481568686868675
TSPAN15	0.19977464646464682
TSPAN2	-0.08859696969696929
TSPAN3	0.565087525252526
TSPAN31	0.011208383838382296
TSPAN32	-0.2721242424242414
TSPAN4	-0.14272785353535333
TSPAN5	0.219256666666666
TSPAN6	-0.1294144444444445
TSPAN7	0.009696666666666687
TSPAN8	0.4708294949494949
TSPAN9	-0.316403232323232
TSPO	0.2736841414141402
TSPO2	-0.19149626262626285
TSPOAP1	-0.32867121212121164
TSPY1	-0.12378151515151492
TSPY8	0.205984848484849
TSPYL1	-0.2851196969696961
TSPYL2	-0.20867484848484796
TSPYL4	-0.1877003030303026
TSPYL5	-0.408308080808081
TSR1	0.14242737373737313
TSR2	0.29059929292929354
TSR3	0.04961820707070874
TSSC1	0.3025240404040406
TSSC4	0.26514313131313116
TSSK1B	-0.07880484848484892
TSSK2	-0.12572585858585938
TST	-0.5860154545454606
TSTA3	0.5378761616161611
TSTD2	-0.010281313131313752
TTBK2	-0.047108787878787695
TTC1	0.3879768686868692
TTC12	-0.03480782828282747
TTC13	1.2028670707070708
TTC17	-0.024739393939393395
TTC19	-0.37377989898990016
TTC21B	-0.0002523232323232705
TTC22	-0.035069528619529056
TTC23	0.36823727272727247
TTC26	0.08821333333333303
TTC27	0.6663852525252532
TTC28	0.2763219191919193
TTC3	0.17833702020201958
TTC30A	0.044345454545454466
TTC31	-0.4166095959595957
TTC33	0.446358181818181
TTC37	0.7090825252525246
TTC38	-0.46635441077441175
TTC39A	0.17682835016834986
TTC4	0.2691948484848501
TTC9	0.19558818181818172
TTF1	0.2216990404040411
TTF2	0.5132389898989902
TTI1	0.5444801010100999
TTI2	0.053100707070706576
TTK	1.688109494949495
TTLL1	0.13213949494949428
TTLL12	0.2835931313131317
TTLL3	-0.1470226262626264
TTLL4	0.42031055555555596
TTLL5	-0.009088989898989208
TTLL7	0.02770313131313129
TTN	0.019484949494949166
TTPA	-0.49709262626262696
TTPAL	-0.5685653535353525
TTR	-1.6853057575757582
TTTY1	-0.0987740404040407
TTTY15	-0.045339191919191446
TTTY2	-0.07417373737373678
TTTY9B	-0.06611292929292922
TTYH1	0.052608383838383954
TUB	-0.14427868686868672
TUBA1A	0.4867616161616164
TUBA1B	1.32862242424242
TUBA1C	1.279657373737372
TUBA3C	0.5677222222222227
TUBA3D	0.5030808080808082
TUBA4A	0.7960478787878777
TUBA4B	0.09020565656565704
TUBA8	-0.08450444444444427
TUBAL3	-0.055540808080807746
TUBB	0.940178585858586
TUBB1	-0.0791906060606058
TUBB2A	1.032797272727274
TUBB2B	0.38406666666666744
TUBB3	0.8720369191919204
TUBB4A	0.3122642424242419
TUBB4B	0.9167565656565628
TUBB4BP7	-0.08012929292929316
TUBB6	0.20668181818181708
TUBBP5	-0.003094494949495985
TUBD1	0.09697121212121207
TUBG1	1.5225494949494944
TUBG2	0.3256559595959594
TUBGCP2	-0.03808090909091
TUBGCP3	0.1458817171717186
TUBGCP4	0.17833656565656586
TUBGCP5	0.11570727272727321
TUFM	-0.09409747474747299
TUFT1	1.4179997979797987
TUG1	0.6630015824915834
TULP1	-0.13306464646464677
TULP2	-0.1525974747474752
TULP3	0.32369712121212046
TULP4	0.7385926262626246
TUSC2	0.29027323232323
TUSC3	-0.008553400673400269
TUT1	-0.13729616161616143
TVP23B	-0.026196666666667312
TWF1	0.5525355218855221
TWF2	0.11236101010100974
TWIST1	-0.03358151515151464
TWISTNB	0.0038925252525245924
TWSG1	0.06822909090909057
TXK	-0.1479580808080807
TXLNA	0.32695969696969573
TXLNG	0.0657706060606067
TXN	0.6732318686868677
TXN2	-0.13924136363636386
TXNDC15	0.2058169696969685
TXNDC5	0.36760777777777776
TXNDC9	1.144621565656565
TXNIP	-0.9191813468013468
TXNL1	0.44787646464646436
TXNL4A	0.44764555555555496
TXNL4B	-0.12508303030302947
TXNRD1	1.7348947474747467
TXNRD2	-0.07412409090909033
TXNRD3	0.11709106060606089
TYK2	-0.07236010101010226
TYMP	0.07286373737373797
TYMS	0.9561083333333347
TYR	-0.20679595959595964
TYRO3	0.0909190909090909
TYROBP	-0.3066144444444445
TYRP1	0.029948686868686458
TYW1	0.16044434343434322
U2AF1	0.38408474747474575
U2AF2	0.13538525252525258
U2SURP	0.700444074074074
UAP1	-0.3041309090909081
UAP1L1	0.13033909090909113
UBA1	0.2934178787878796
UBA2	1.1010546464646467
UBA3	0.4899958585858588
UBA5	0.26611676767676684
UBA52	0.41870404040404274
UBA6	0.053589090909091475
UBA7	-0.25743358585858633
UBAC1	0.14709575757575966
UBAP1	-0.0008211111111116054
UBAP2	0.8536101010101014
UBAP2L	0.9309636616161621
UBASH3A	-0.1731608080808078
UBB	-0.11621282828282808
UBBP2	-0.040552828282828024
UBC	0.2502651515151513
UBD	2.3837321212121214
UBE2A	0.8711723232323232
UBE2B	0.21533459595959759
UBE2C	1.7703519191919197
UBE2D1	0.3665500673400661
UBE2D2	0.34987871212121213
UBE2D3	-0.1712746801346796
UBE2D4	-0.007971414141414002
UBE2E1	0.4651461616161612
UBE2E3	0.770601313131313
UBE2G1	0.3034976262626268
UBE2G2	-0.21451196969697062
UBE2H	0.11070010101010297
UBE2I	0.08743795454545378
UBE2J1	0.4441885101010108
UBE2K	0.5074091414141426
UBE2L3	0.418966136363637
UBE2L6	-0.29154898989899003
UBE2M	0.6520853535353544
UBE2N	0.7097537710437711
UBE2NL	0.15864050505050464
UBE2O	0.2685070707070718
UBE2Q1	1.100924747474748
UBE2V1P2	0.17293949494949512
UBE2V2	0.6543389898989904
UBE2W	0.23427989898989932
UBE2Z	0.8468424242424231
UBE3A	0.02158966329966283
UBE3B	0.31714555555555624
UBE3C	0.5839620202020201
UBE4A	0.20311848484848305
UBE4B	0.20822666666666745
UBFD1	0.4389935353535348
UBIAD1	0.29393161616161567
UBL3	-0.4331190909090896
UBL4A	0.5688328282828286
UBL5	0.4226752525252522
UBN1	0.05440328282828233
UBOX5	-0.05706732323232355
UBP1	0.631154545454546
UBQLN2	0.32501363636363667
UBQLN3	-0.028082121212120725
UBQLN4	-0.30125898989899014
UBR2	0.02408558922558779
UBR4	-0.24267030303030257
UBR5	0.9618983838383848
UBR7	0.6856481818181823
UBTD1	-0.005859494949494781
UBTF	0.22647045454545545
UBXN1	0.08394929292929287
UBXN2B	0.7566354545454539
UBXN4	0.18890474747474695
UBXN6	-0.14963757575757608
UBXN7	0.3220345959595976
UBXN8	-0.3487247474747468
UCHL1	0.643837171717172
UCHL3	0.22494393939393742
UCHL5	0.9539853030303034
UCK2	1.4394931313131307
UCKL1	0.3767066666666672
UCN	-0.019075353535352946
UCP1	-0.10644131313131311
UCP2	-0.1316061616161619
UCP3	-0.13859893939393952
UEVLD	0.21066373737373745
UFC1	0.998176565656566
UFD1L	0.9344288888888892
UFL1	-0.08827484848484879
UFM1	0.09547656565656482
UFSP2	-0.1761226262626261
UGCG	0.26572212121212235
UGDH	0.7356388888888903
UGGT1	0.7294188888888886
UGGT2	0.26181121212121283
UGP2	-0.7902418181818192
UGT1A10	-0.001870808080807862
UGT1A3	-1.2403499494949504
UGT1A4	-1.1824116666666669
UGT1A6	-1.1996263636363622
UGT1A9	-0.4200715151515153
UGT2A1	-0.021872727272727044
UGT2A3	0.07289353535353538
UGT2B15	-0.8699137373737376
UGT2B17	-1.0957061111111113
UGT2B28	-1.677084646464646
UGT2B4	-0.5141195959595937
UGT8	0.021877373737373862
UHRF1BP1L	0.12948308080808069
UIMC1	0.5643549494949491
ULBP1	-0.12041797979797986
ULBP2	-0.03226565656565672
ULK1	-0.2428847474747471
ULK2	0.04496468013468036
ULK4	-0.06970353535353535
UMOD	-0.1580783838383839
UMPS	0.4890539730639718
UNC119	0.2446961616161616
UNC119B	0.6224825252525257
UNC13A	-0.2448557575757584
UNC13B	0.1748555050505045
UNC45A	0.07356752525252475
UNC50	0.4208849494949476
UNC5B	-0.14489429292929312
UNC5C	-0.08810080808080878
UNC93A	-0.1621303535353542
UNC93B1	0.014861818181818087
UNG	0.6768340404040414
UNGP2	-0.07349989898989895
UPB1	-1.5776769696969684
UPF1	0.16930823232323178
UPF2	0.6449919191919191
UPF3A	0.2772811616161617
UPF3B	0.9947661616161616
UPK1A	-0.02189565656565673
UPK1B	-0.08600585858585896
UPK2	-0.10275393939394029
UPK3A	0.7400950505050505
UPK3B	-0.09401414141414133
UPP1	0.30665727272727317
UQCC1	-0.021213434343435367
UQCR10	0.35445414141414133
UQCRB	0.4425670370370369
UQCRC1	-0.03815616161616475
UQCRC2	-0.2002562626262634
UQCRFS1	0.24849292929292766
UQCRH	0.7741003030303055
UQCRQ	-0.039822626262624894
URB1	0.06605996632996636
URB2	0.7249014141414145
URGCP	-0.2003233333333334
URI1	0.34208323232323234
URM1	0.25226515151515105
UROD	-0.07434892255892223
UROS	0.026372929292930003
USB1	0.10670030303030398
USE1	0.2447429797979801
USF2	-0.4208435016835006
USH1C	0.1644169696969695
USH2A	0.05420979797979841
USO1	-0.491362053872054
USP1	1.020357070707071
USP10	-0.12107060606060482
USP11	0.4956481818181828
USP12	-0.197157777777778
USP13	0.2700286868686863
USP14	0.6788257070707067
USP15	-0.3651951515151515
USP16	0.3326457575757571
USP19	0.07026525252525229
USP2	-0.1287574747474749
USP20	0.04983080808080764
USP21	0.5794157575757577
USP22	0.003921043771043742
USP24	0.24983227272727326
USP25	0.3503227272727276
USP27X	0.002975858585859026
USP29	-0.050055151515152385
USP3	0.4641269696969683
USP32	0.1257341414141422
USP32P2	0.09403595959595812
USP33	0.06364952861952844
USP34	-0.061891515151515364
USP36	0.23089393939393865
USP39	0.43517823232323405
USP4	0.022595252525252185
USP46	0.40463156565656533
USP47	-0.03500454545454623
USP48	0.020446565656564886
USP5	-0.03597242424242442
USP53	-0.04849212121212165
USP6	-0.02454646464646526
USP6NL	-0.1516563636363637
USP7	0.08488572390572369
USP8	-0.02296404040403921
USP9X	0.06450393939393884
USP9Y	-0.12082828282828295
USPL1	-0.33037767676767515
UST	-0.10907262626262604
UTF1	-0.028133939393939045
UTP11	0.5450315151515159
UTP14A	0.3782790235690241
UTP14C	0.131540404040404
UTP18	0.6685304040404043
UTP3	-0.09334171717171547
UTP6	0.7342937373737373
UTRN	0.29984323232323185
UTS2	0.02619974747474796
UTY	-0.17074861952862008
UVRAG	0.35903575757575723
UXS1	1.0500477777777784
UXT	0.36992848484848473
VAC14	-0.003133602693602633
VAMP1	0.06186680134680245
VAMP2	-0.36412740740740723
VAMP3	0.12601390572390514
VAMP4	0.32513033670033664
VAMP5	0.33701823232323314
VAMP7	0.3142328282828277
VAMP8	-0.20029494949494975
VANGL1	0.2900990909090915
VAPA	0.510565959595958
VAPB	0.11254227272727224
VARS	0.4241387373737373
VASH1	0.12229636363636409
VASH2	0.09921343434343388
VASP	0.08995484848485003
VAT1	0.6992038383838395
VAV1	-0.1633248484848484
VAV2	-0.20817843434343342
VAV3	0.04021085858585938
VAX2	-0.06651656565656561
VBP1	1.2366534343434337
VCAM1	0.09911747474747479
VCAN	0.6358516363636371
VCL	0.05652505050505141
VCP	0.362088484848484
VCPIP1	0.08393131313131352
VCPKMT	0.16744242424242461
VCX3B	0.03732338383838396
VCY1B	0.1495954545454552
VDAC1	0.404608922558924
VDAC2	0.6431415151515125
VDAC3	0.2880350841750827
VDR	0.11008390572390558
VEGFA	-0.043655277777777
VEGFB	0.1305736363636365
VEGFC	-0.08214353535353425
VENTX	-0.08094373737373761
VENTXP1	-0.06785580808080871
VEZF1	0.5636245117845107
VEZT	-0.04994272727272664
VGF	-0.1427691919191929
VGLL1	-0.026972760942760576
VGLL3	-0.061060808080807494
VGLL4	0.45876040404040364
VHL	0.008575353535353436
VIL1	1.3014139393939388
VILL	0.04632309764309772
VIM	0.14114191919191832
VIP	-0.0647107070707067
VIPAS39	0.2327312121212124
VIPR1	-2.85285686868687
VIPR2	-0.13859912457912404
VKORC1	-0.37993070707070586
VLDLR	0.23992181818181768
VN1R1	-0.05626010101010159
VNN1	-1.7575288888888885
VNN2	1.2703397979797977
VNN3	-0.213893636363637
VOPP1	0.6852340404040413
VPREB1	-0.019816363636363743
VPREB3	-0.11104737373737361
VPS11	0.30907686868686834
VPS13A	0.018558720538719875
VPS13B	0.44666520202020177
VPS13C	0.055960909090909894
VPS13D	-0.21255873737373854
VPS16	0.23036878787878834
VPS26A	0.7462250505050507
VPS28	0.6229108080808086
VPS33A	0.20949343434343337
VPS33B	0.3451785353535355
VPS35	0.12011491582491551
VPS37B	-0.35603515151515186
VPS37C	0.601967878787879
VPS39	-0.20230171717171697
VPS41	0.22134262626262657
VPS45	0.5521142424242438
VPS4A	-0.11347141414141326
VPS4B	0.08385393939393904
VPS50	0.0713441414141407
VPS51	-0.018405252525252713
VPS52	0.14976232323232352
VPS53	-0.11823878787878783
VPS54	0.797385757575757
VPS72	1.2373195959595957
VPS8	0.4263859595959607
VPS9D1	-0.36358777777777807
VRK1	1.0517423232323235
VRK2	0.6848080808080823
VRK3	-0.08385558922558811
VRTN	-0.15152191919191882
VSIG10	0.38878828282828337
VSIG4	-1.141223535353535
VSNL1	0.08738454545454566
VSTM4	-0.19079040404040404
VSX1	-0.1876657575757572
VTCN1	-0.2709136363636362
VTI1B	-0.08567333333333149
VTN	-0.5285243434343432
VWA5A	-0.006573434343434492
VWA7	-0.12869848484848445
VWA8	-0.36938767676767714
VWA9	0.13253707070707144
VWF	0.6209868686868685
WAC	0.4933345959595963
WAPL	0.27263318181818263
WARS	0.2885592424242409
WARS2	0.40767989898989887
WAS	-0.3085337878787877
WASF1	0.9425580808080811
WASF2	0.5437554545454537
WASF3	-0.12373353535353537
WASH3P	0.3718134343434345
WASL	-0.09324299663299751
WBP11	0.4563696464646467
WBP1L	-0.5647315151515162
WBP2	0.014735959595960857
WBP4	0.11052451178451328
WBSCR22	0.5622629292929284
WBSCR23	-0.24112666666666716
WDCP	0.3537811111111111
WDFY3	-0.06407666666666678
WDHD1	0.19458649831649844
WDR1	0.239054595959594
WDR11	0.09050272727272723
WDR12	1.0486810101010118
WDR13	0.22697191919191884
WDR18	0.09668010101010083
WDR19	0.24928606060606118
WDR25	-0.053300202020202025
WDR26	0.8760401010101022
WDR3	0.34455636363636355
WDR33	0.020074343434343778
WDR37	0.044995505050505535
WDR4	-0.1077994949494947
WDR41	0.2932559595959612
WDR43	0.48997939393939394
WDR44	-0.22620393939393946
WDR45	-0.10763208754208797
WDR45B	0.5963216161616156
WDR46	0.4275478787878786
WDR47	0.38230212121212226
WDR48	0.19504338383838515
WDR55	0.20017520202020123
WDR59	-0.26317323232323186
WDR5B	0.3186513131313138
WDR6	0.1840364646464634
WDR60	-0.2399055555555556
WDR61	0.43547801346801407
WDR62	0.07685414141414171
WDR7	-0.2047368686868678
WDR70	0.4052712121212112
WDR73	0.03289898989898976
WDR74	0.2358462121212126
WDR76	0.25988373737373793
WDR77	0.26801727272727316
WDR78	-0.1091238383838391
WDR82	0.28538202020202164
WDR83OS	-0.011375353535354016
WDR91	0.24066202020202088
WDTC1	-0.21391134680134716
WDYHV1	1.1258177777777787
WEE1	0.2107503030303013
WFDC1	-0.6904658585858572
WFDC2	-0.0011950505050508653
WFDC8	-0.06946828282828266
WFS1	0.8689653535353541
WHAMMP2	-0.012603434343434028
WHAMMP3	-0.06670282828282836
WHRN	0.17703813131313062
WHSC1	0.745705353535353
WHSC1L1	-0.0029581818181818598
WIF1	0.008369595959595522
WIPF1	-0.1820864309764305
WIPF2	0.46684868686868697
WIPI1	0.35509974747474704
WIPI2	0.12229848484848382
WISP1	-0.0744225757575756
WISP2	-0.11922232323232285
WISP3	-0.06884050505050565
WIZ	0.10255391414141446
WLS	-0.14279545454545417
WNK1	0.20969696969697083
WNT1	-0.0714654545454545
WNT10B	-0.3786427272727275
WNT11	-0.2729972727272725
WNT16	-0.1686678787878786
WNT2	-0.30524171717171544
WNT2B	-0.09232318181818133
WNT3	-0.03930737373737436
WNT4	0.03377787878787819
WNT5A	0.44143616161616084
WNT5B	-0.03865202020202041
WNT6	-0.048894747474747646
WNT7A	-0.12373212121212074
WNT8B	-0.12005656565656642
WRAP53	0.0020142424242424184
WRAP73	0.26916070707070716
WRB	0.5198979797979799
WRN	0.2086601010101008
WRNIP1	0.00035424242424220154
WSB1	-0.2384922474747473
WSB2	0.9446432323232328
WSCD1	0.059401868686868475
WSCD2	-0.22057363636363547
WT1	-0.11382787878787948
WT1-AS	-0.0903343434343431
WTAP	0.2624777777777778
WWC1	0.40727555555555384
WWC2	-0.4299395959595955
WWC3	0.15360696969696885
WWOX	-0.24031400673400682
WWP1	0.5273699494949504
WWP2	0.07431530303030254
WWTR1	0.0664801683501679
XAB2	0.04980989898989874
XAF1	-0.9159250505050514
XAGE3	0.22597717171717058
XBP1	0.12319060606060717
XCL1	-0.02166797979797863
XCL2	0.05218560606060585
XCR1	-0.040907878787878715
XDH	-1.5843114141414132
XIAP	-0.0418659090909097
XIST	-0.028135404040404488
XK	0.8311370707070709
XKR8	0.036720303030302937
XKRY2	-0.042111313131313555
XPA	0.05198848484848462
XPC	-0.2385731313131325
XPNPEP1	0.45445398989899033
XPNPEP2	-0.41257909090909184
XPNPEP3	-0.38025505050504993
XPO1	0.21163609427609398
XPO4	0.37296575757575745
XPO6	0.239667171717171
XPO7	0.019253989898990298
XPOT	1.2853569696969709
XRCC1	0.34729030303030406
XRCC2	-0.06134242424242409
XRCC3	-0.014221414141413646
XRCC4	0.16110712121212156
XRCC5	0.30477126262626086
XRCC6	0.3632006060606052
XYLB	-0.0780907407407403
XYLT1	-0.0035382828282819467
XYLT2	0.2875184848484844
YAF2	-0.2218674747474747
YAP1	0.6808789898989902
YARS	0.3325076767676771
YARS2	0.26584252525252605
YBEY	0.2692925252525251
YBX1	0.25148225589225603
YBX2	-0.11931000000000047
YBX3	-0.04106649831649811
YEATS2	0.7506230303030299
YEATS4	0.5924418181818183
YES1	0.03373967171717229
YIF1A	0.3291383838383837
YIPF2	0.10497616161616108
YIPF3	0.7050269696969682
YIPF4	-0.04776681818181805
YIPF5	0.17069666666666627
YIPF6	0.3203467676767682
YKT6	0.4297794444444438
YLPM1	0.19143720538720466
YME1L1	0.5710575420875417
YOD1	0.10898262626262678
YPEL1	0.037351616161616086
YPEL5	0.30448656565656584
YRDC	0.09500646464646678
YTHDC1	-0.19015914141414036
YTHDC2	0.038464747474745486
YTHDF1	0.5849946464646445
YTHDF2	0.3684079797979791
YTHDF3	0.4189085858585857
YWHAB	0.6613669696969708
YWHAE	0.11948989898990003
YWHAH	1.1509748484848474
YWHAQ	0.7401721548821527
YWHAZ	1.1913259343434346
YY1	0.21614391414141387
YY1AP1	0.8413783838383848
YY2	-0.13271494949494977
ZAK	-0.03799959595959557
ZAP70	-0.2370964646464646
ZBBX	-0.0069247474747480275
ZBED1	-0.5237304040404052
ZBED2	0.05753101010101025
ZBED4	0.29299035353535396
ZBED5	0.5500460606060606
ZBED8	0.5568763636363636
ZBP1	-0.1366045454545448
ZBTB1	0.1301858585858584
ZBTB10	0.46023090909090847
ZBTB11	0.46618898989899016
ZBTB14	-0.039837979797979095
ZBTB16	-1.2753612121212132
ZBTB17	0.0008751851851851455
ZBTB18	0.3709409595959601
ZBTB20	-0.8367820959595953
ZBTB22	0.13900454545454544
ZBTB24	0.4540797979797979
ZBTB25	0.035243838383838266
ZBTB3	0.05952787878787902
ZBTB32	-0.13186787878787953
ZBTB33	0.04551595959596
ZBTB38	0.09575252525252598
ZBTB39	0.04714020202020208
ZBTB40	0.06674792929293005
ZBTB43	-0.16937104377104273
ZBTB44	-0.22434090909090898
ZBTB48	-0.43288626262626284
ZBTB5	0.09569777777777944
ZBTB6	0.12621101010101032
ZBTB7A	-0.16423045454545537
ZBTB7B	-0.09626666666666672
ZBTB7C	-0.02755060606060633
ZC2HC1A	0.29023797979797905
ZC2HC1C	-0.32016171717171815
ZC3H11A	0.21763196969697152
ZC3H12A	-0.4486014141414145
ZC3H13	-0.6540488383838392
ZC3H14	-0.17756356902356973
ZC3H15	0.34260178451178547
ZC3H3	0.43598424242424194
ZC3H4	0.21207797979798126
ZC3H7A	0.12381050505050695
ZC3H7B	-0.20858321212121123
ZC3HAV1	0.17908454545454422
ZC4H2	-0.02987030303030469
ZCCHC10	0.4158696969696978
ZCCHC11	0.20729823232323152
ZCCHC14	-0.19446592592592538
ZCCHC2	-0.2896843434343426
ZCCHC24	-0.8985358585858592
ZCCHC4	0.1125962962962963
ZCCHC6	-0.9155688888888882
ZCCHC8	0.2008227272727261
ZCWPW1	-0.25049939393939447
ZCWPW2	-0.28258195286195287
ZDHHC11	-0.6961318181818159
ZDHHC13	0.4148623232323243
ZDHHC14	0.10677090909090836
ZDHHC17	0.04177589225589351
ZDHHC18	0.19963727272727283
ZDHHC24	0.09232343434343271
ZDHHC3	0.34037282828282844
ZDHHC4	0.14883090909090768
ZDHHC6	0.5337839393939383
ZDHHC7	-0.11782767676767758
ZDHHC8P1	-0.025601717171717553
ZEB1	0.08123237373737346
ZEB2	-0.215979343434344
ZER1	-0.2215148484848477
ZFAND1	0.5037928282828279
ZFAND3	0.1883463636363647
ZFAND5	-0.43847888888888953
ZFAND6	-0.15865388888888798
ZFC3H1	0.40338717171717153
ZFHX3	-0.09870434343434376
ZFHX4	-0.17663929292929303
ZFP2	-0.07274404040403981
ZFP30	0.30672282828282826
ZFP36	-1.4714481818181824
ZFP36L1	-0.4151641919191933
ZFP36L2	-0.019038720538719467
ZFP37	0.07897282828282837
ZFP64	0.3722426767676783
ZFP69B	0.06734353535353543
ZFPL1	0.07109909090909028
ZFPM2	-0.6188845454545451
ZFR	0.26480275252525143
ZFR2	-0.0812234343434346
ZFX	0.1780577104377099
ZFY	0.014049646464646681
ZFYVE16	0.23906464646464531
ZFYVE21	-0.21744797979797958
ZFYVE26	0.4182754040404051
ZFYVE9	-0.029474292929292822
ZGPAT	-2.3531594949494945
ZHX2	0.6063664646464648
ZHX3	-0.21844207070707
ZIC1	0.7580571717171711
ZIC3	-0.00626646464646452
ZIC4	-0.08274757575757485
ZIM2	0.10593757575757534
ZKSCAN1	-0.47685570707070735
ZKSCAN3	0.27992535353535253
ZKSCAN4	0.1874627272727274
ZKSCAN5	0.288397828282827
ZKSCAN7	0.006768888888889268
ZKSCAN8	-0.005578080808080532
ZMAT3	-0.37405656565656553
ZMAT4	-0.013544747474747432
ZMAT5	0.28918191919191916
ZMIZ1	0.5302504040404026
ZMIZ2	-0.0364887542087553
ZMPSTE24	0.7316059595959592
ZMYM1	0.5269209090909084
ZMYM2	0.030677845117844882
ZMYM3	0.000706969696969928
ZMYM4	0.2411416835016844
ZMYM5	-0.04299265993265955
ZMYM6	-0.12459915824915946
ZMYND10	-0.09290560606060616
ZMYND11	0.1596479797979793
ZMYND8	0.1509288636363637
ZNF10	-0.248034242424243
ZNF106	0.19952717171717183
ZNF107	0.5753721212121214
ZNF112	0.21546535353535345
ZNF117	-0.10834242424242468
ZNF12	0.12095686868686872
ZNF124	0.2852295959595965
ZNF131	0.28912732323232415
ZNF132	0.009156161616161285
ZNF133	0.1349881313131318
ZNF134	0.07386717171717239
ZNF135	0.11492858585858601
ZNF136	-0.023327979797979737
ZNF137P	0.2909702020202025
ZNF14	0.18577025252525248
ZNF140	0.21052101010101154
ZNF141	-0.04750070707070764
ZNF142	0.22150732323232258
ZNF143	0.4570634343434339
ZNF146	0.659071616161615
ZNF148	0.38397641414141503
ZNF154	-0.023234090909091787
ZNF155	-0.1487985858585854
ZNF157	0.0367952525252524
ZNF16	0.3181311111111116
ZNF160	-0.37826090909090837
ZNF165	0.51426303030303
ZNF174	0.05631572390572348
ZNF175	-0.10774464646464743
ZNF177	0.11643949494949402
ZNF180	0.2701635353535359
ZNF184	0.40011111111111175
ZNF185	-0.1236148484848485
ZNF189	0.776722626262627
ZNF195	0.31194060606060603
ZNF197	-0.08250575757575795
ZNF20	0.050900707070706375
ZNF200	0.40449914141414123
ZNF202	0.14965954545454485
ZNF204P	0.19299565656565676
ZNF205	-0.002006161616161073
ZNF205-AS1	-0.037900505050504574
ZNF207	0.920496313131312
ZNF208	0.02946979797979843
ZNF211	0.12682616161616256
ZNF212	0.16092282828282922
ZNF213-AS1	-0.047776262626262334
ZNF214	-0.20112252525252483
ZNF215	-0.023310101010100226
ZNF217	0.9702763636363629
ZNF219	0.2589713131313136
ZNF22	0.24195373737373593
ZNF221	-0.0543241414141411
ZNF222	0.20914404040404033
ZNF223	0.10672606060606071
ZNF224	-0.08572404040404047
ZNF225	0.0110723232323231
ZNF226	0.1741805050505052
ZNF227	0.2677522222222235
ZNF23	0.059050909090909265
ZNF230	0.16053060606060576
ZNF232	0.3105595959595977
ZNF235	-0.050318888888889024
ZNF236	0.01285925925925957
ZNF239	0.47817535353535323
ZNF24	-0.007785824915825579
ZNF248	0.13146363636363656
ZNF250	0.04638383838383886
ZNF253	0.10900686868686815
ZNF254	-0.10780151515151504
ZNF257	0.027553737373737786
ZNF259P1	0.03736047138047205
ZNF26	0.26204717171717196
ZNF263	0.1578425252525264
ZNF264	0.04555222222222355
ZNF266	-0.03891808080808001
ZNF267	0.49146626262626203
ZNF268	-0.0696271717171717
ZNF271P	0.5300763636363648
ZNF273	0.11042323232323215
ZNF274	-0.21237343434343448
ZNF276	-0.249294545454545
ZNF277	0.15304949494949405
ZNF280A	-0.08795979797979792
ZNF280B	-0.1137782828282825
ZNF280D	-0.1375451515151509
ZNF281	0.10761777777777848
ZNF286A	-0.06611292929292878
ZNF287	-0.09227181818181851
ZNF292	0.3655470707070707
ZNF3	0.10366602693602722
ZNF302	0.36493717171717144
ZNF304	0.11255777777777798
ZNF318	0.705712575757576
ZNF32	0.25707606060606114
ZNF322P1	0.4403723232323231
ZNF324	0.14459151515151625
ZNF324B	0.00779313131313053
ZNF329	0.557792525252526
ZNF330	-0.6159252020202022
ZNF331	0.49000050505050563
ZNF334	-0.10107606060606056
ZNF335	-0.018673468013467698
ZNF337	0.04159330808080863
ZNF33B	-0.08701262626262629
ZNF34	0.228398080808081
ZNF343	0.01933959595959589
ZNF345	-0.011828989898990283
ZNF35	0.09787797979797963
ZNF350	0.12210909090909094
ZNF354A	0.004796010101010495
ZNF358	-0.4263547474747478
ZNF362	-0.17056727272727334
ZNF365	-0.06999545454545464
ZNF37A	0.01956717171717104
ZNF384	-0.04090585858585882
ZNF385D	-0.19277121212121173
ZNF391	-0.010560202020201803
ZNF394	0.17067141414141318
ZNF395	-0.6454368181818184
ZNF407	-0.11706363636363637
ZNF408	0.06075212121211937
ZNF41	-0.007905050505050415
ZNF410	0.3808273232323254
ZNF415	0.08251353535353534
ZNF419	0.11766237373737276
ZNF423	-0.019010303030302378
ZNF426	0.12270505050505065
ZNF428	0.037099797979797344
ZNF43	0.15903479797979836
ZNF430	0.1848912121212125
ZNF432	0.5842373737373734
ZNF44	-0.21733227272727085
ZNF440	-0.1960324242424245
ZNF442	-0.1233479797979804
ZNF443	-0.027386296296295853
ZNF444	0.03973565656565725
ZNF446	0.0353184848484851
ZNF45	0.2938921717171725
ZNF451	-0.09561282828282813
ZNF460	-0.07358893939393951
ZNF467	0.07004606060606067
ZNF468	0.9762584848484845
ZNF471	-0.032829090909090475
ZNF473	0.2592705050505053
ZNF480	0.0025721212121210257
ZNF484	-0.07885717171717177
ZNF493	0.07717191919191935
ZNF500	-0.050786835016834786
ZNF506	0.08333121212121242
ZNF507	-0.059528181818182535
ZNF510	0.05727010101010155
ZNF512B	0.14177166666666796
ZNF516	0.3869766666666674
ZNF518A	0.21469090909091015
ZNF528	-0.04252111111111079
ZNF529	0.3392741414141409
ZNF532	0.6295568686868682
ZNF536	-0.03388303030302975
ZNF544	0.6408934343434343
ZNF549	-0.0074016161616157206
ZNF550	-0.038373333333332926
ZNF551	0.34994606060606026
ZNF552	0.07780010101009971
ZNF556	-0.11685484848484862
ZNF557	0.12067464646464643
ZNF562	0.03997848484848454
ZNF571	0.1569107070707063
ZNF573	0.2721831313131311
ZNF574	-0.18749525252525512
ZNF576	0.04699398989899084
ZNF580	0.23322282828282948
ZNF586	-0.019964444444444673
ZNF587	0.07635010101010042
ZNF589	-0.06190060606060577
ZNF592	0.04459065656565819
ZNF593	0.0010986868686879703
ZNF606	0.46829090909090976
ZNF609	-0.01733932659932691
ZNF613	0.019362424242424847
ZNF614	-0.06828242424242337
ZNF623	0.7691475757575765
ZNF629	0.06694868686868816
ZNF638	-0.14281989898989877
ZNF639	0.06880292929292953
ZNF646	-0.0715759595959593
ZNF652	0.3406181818181828
ZNF654	-0.052042929292928974
ZNF665	-0.031106363636364875
ZNF667	0.040561212121212
ZNF668	0.15359040404040414
ZNF669	0.04993131313131283
ZNF671	-0.09339424242424244
ZNF672	0.5854381818181817
ZNF674	0.010934545454545308
ZNF675	0.04197858585858594
ZNF682	0.08079030303030299
ZNF688	-0.18225939393939328
ZNF692	0.568236161616162
ZNF695	-0.0759639393939393
ZNF696	0.2568616161616166
ZNF7	0.5777010101010109
ZNF701	-0.08061060606060622
ZNF702P	0.08547767676767615
ZNF706	0.9988029292929284
ZNF710	0.027851777777777365
ZNF711	0.019125959595959863
ZNF731P	0.040458686868687366
ZNF74	0.09887676767676679
ZNF747	-0.23290484848484816
ZNF749	-0.13411040404040442
ZNF750	-0.03888565656565657
ZNF75D	-0.04423075757575656
ZNF76	-0.12332454545454752
ZNF764	0.34781282828282833
ZNF767P	0.05268444444444409
ZNF768	0.042124040404041274
ZNF770	-0.20268575757575702
ZNF771	-0.06819356060606063
ZNF780A	0.03606868686868614
ZNF780B	-0.059582121212121475
ZNF787	0.4756418181818196
ZNF79	-0.035015757575757256
ZNF8	0.14526939393939386
ZNF80	-0.09918727272727246
ZNF804A	0.020693737373737253
ZNF81	-0.14426484848484833
ZNF813	0.41470676767676684
ZNF814	0.12436962962962905
ZNF821	0.024085050505049832
ZNF83	0.7227541414141427
ZNF835	-0.12495878787878789
ZNF839	-0.12324000000000002
ZNF84	0.1673876767676754
ZNF85	0.2771195959595967
ZNF862	-0.4325716161616162
ZNF91	0.23791727272727226
ZNF93	0.1480832828282832
ZNHIT1	-0.35669686868686945
ZNHIT2	0.021301919191918373
ZNHIT3	0.7311004040404043
ZNHIT6	0.4427449494949496
ZNRF4	-0.12762070707070672
ZP2	-0.08015929292929291
ZP4	-0.03523666666666614
ZPBP	-0.10124393939393928
ZRSR1	0.0013439393939393973
ZRSR2	-0.18961833333333278
ZSCAN12	0.1237762626262624
ZSCAN16	0.450705353535354
ZSCAN18	-0.042610858585857336
ZSCAN2	0.003902626262626274
ZSCAN26	0.15749414141414064
ZSCAN31	0.7522595959595959
ZSCAN32	-0.07941939393939368
ZSCAN5A	0.1488647474747471
ZSCAN9	0.36433292929292893
ZSWIM1	-0.04766868686868797
ZSWIM8	-0.24107404040403946
ZW10	0.34252000000000127
ZWILCH	0.7685935353535363
ZWINT	2.470802727272729
ZXDB	-0.04855548821548794
ZXDC	0.036979595959594214
ZYX	0.6979191414141415
ZZEF1	-0.21738175084175015
ZZZ3	0.4146738383838393
