gene	value
5S_rRNA	0.0
7SK	0.5479520632582416
A1BG	0.0
A1BG-AS1	0.0
A1CF	-1.669130666097641
A2M	-0.21348306862808997
A2M-AS1	0.10792314723717666
A2ML1	0.0
A2ML1-AS1	0.0
A2ML1-AS2	0.0
A2MP1	0.0
A3GALT2	0.0
A4GALT	-0.5283208335737187
A4GNT	0.0
AA06	0.0
AAAS	0.31611314625279885
AACS	0.6117361653560893
AACSP1	0.0
AADAC	-1.4641058075929199
AADACL2	0.0
AADACL2-AS1	0.0
AADACL3	0.0
AADACL4	0.0
AADACP1	-1.6356301985361725
AADAT	-1.6172406682186296
AAGAB	0.9497348828531962
AAK1	0.5471215611573967
AAMDC	1.3161224105282257
AAMP	0.3947656168483977
AANAT	-0.5283208335737187
AAR2	-0.18050050007891993
AARD	0.0
AARS1	-0.0925168704335686
AARS1P1	0.0
AARS2	0.14445502841804192
AARSD1	1.056641667147437
AARSD1P1	0.0
AASDH	1.5118595445465441
AASDHPPT	-0.22803187485989973
AASDHPPT-AS1	-0.37916784124997793
AASS	0.0825590280640851
AATBC	-0.33333333333333337
AATF	-0.25108413026191645
ABAT	0.775126367287954
ABCA1	-0.45210810738617546
ABCA10	0.3333333333333333
ABCA11P	-0.3197860051675514
ABCA12	0.6666666666666667
ABCA13	0.0
ABCA15P	-1.0654657376011678
ABCA17P	0.3333333333333333
ABCA2	0.06815683777972836
ABCA3	1.4406426982957874
ABCA3P1	-0.3333333333333333
ABCA4	0.1383458330929479
ABCA5	2.367042703895689
ABCA6	-0.3333333333333333
ABCA7	0.4888559333063087
ABCA8	0.0
ABCA9	0.0
ABCA9-AS1	0.0
ABCB1	-0.02953638518884638
ABCB10	0.10499942638735504
ABCB10P1	0.0
ABCB10P3	0.0
ABCB10P4	-0.3333333333333333
ABCB11	0.0
ABCB4	-0.5274646829479206
ABCB5	0.0
ABCB6	-0.09336930639757801
ABCB7	-0.03364549379425075
ABCB8	1.3469031942303786
ABCB9	1.6042412948113318
ABCC1	0.19575849543197954
ABCC10	1.3252067407927521
ABCC11	-2.5283208335737184
ABCC12	0.0
ABCC13	0.0
ABCC2	-1.5441163082573919
ABCC3	0.0013968916926678787
ABCC4	-1.9150946911671398
ABCC5	0.11024466408756872
ABCC5-AS1	0.0
ABCC6	0.38555815702566765
ABCC6P1	0.6391489513055237
ABCC6P2	0.5342215008182052
ABCC8	0.3333333333333333
ABCC9	0.3333333333333333
ABCD1	-0.14690833155084704
ABCD1P2	0.0
ABCD1P3	0.0
ABCD1P4	0.0
ABCD1P5	0.0
ABCD2	-0.3333333333333333
ABCD3	0.3039887817600384
ABCD4	0.1007216133553106
ABCE1	-0.2818705093731584
ABCE1P1	0.0
ABCE1P2	0.0
ABCE1P3	-0.3333333333333333
ABCF1	0.30122405468838753
ABCF2	-0.034353232100452935
ABCF2-H2BK1	0.0
ABCF2P1	-0.3333333333333333
ABCF2P2	0.0
ABCF3	0.5697325538045632
ABCG1	0.0
ABCG2	-1.2572997947585307
ABCG4	0.3333333333333333
ABCG5	0.06630658986457405
ABCG8	-0.8143841687861526
ABHD1	-0.8764522066932035
ABHD10	0.13530963561862475
ABHD11	0.22727467999124862
ABHD12	0.8998942465117823
ABHD12B	0.0
ABHD13	0.11839574179162238
ABHD14A	-0.33158778387794996
ABHD14A-ACY1	-1.4406426982957874
ABHD14B	0.5109122525908827
ABHD15	0.4553734291262215
ABHD15-AS1	0.0
ABHD16A	-0.13834583309294812
ABHD16B	0.0
ABHD16B-AS1	0.002519117059360809
ABHD17A	0.8938002071191882
ABHD17AP1	1.4406426982957872
ABHD17AP3	-0.6666666666666667
ABHD17AP4	0.0
ABHD17AP5	0.0
ABHD17AP6	0.7233083338141038
ABHD17AP7	0.0
ABHD17AP8	0.0
ABHD17AP9	0.0
ABHD17B	0.6273442282681305
ABHD17C	-0.9434386901669716
ABHD18	0.6299573372395573
ABHD2	0.19288814419512335
ABHD3	0.5558873740115695
ABHD4	0.6609037642832014
ABHD5	0.3255558320564589
ABHD6	-0.6034261057547896
ABHD8	0.8180236479704188
ABI1	0.9864170153986
ABI1P1	0.19498750024038536
ABI2	0.49937560459188823
ABI3	0.0
ABI3BP	1.6862978963511894
ABITRAM	0.04249657837397258
ABITRAMP1	0.0
ABL1	-0.23381666931937062
ABL2	-0.31513580598688407
ABLIM1	-0.4325615718847349
ABLIM2	2.07627289683196
ABLIM3	-0.9878247079916289
ABO	0.0
ABR	-0.747400300805543
ABR-AS1	0.0
ABRA	-0.19498750024038536
ABRACL	-1.1639510321098914
ABRAXAS1	0.7875495518020426
ABRAXAS1P1	0.3333333333333333
ABRAXAS1P2	0.19498750024038541
ABRAXAS2	0.3279184917823663
ABT1	-0.02125920211829424
ABT1P1	0.0
ABTB1	1.3899750004807707
ABTB2	0.30634515693548625
ABTB3	1.3403216268387403
ACAA1	-0.505374043110729
ACAA2	-0.588405878351355
ACAA2P1	0.0
ACACA	-0.21171328245510246
ACACB	-0.4229078259052068
ACAD10	1.1365244177215486
ACAD11	0.8616541669070521
ACAD8	0.8231084907212907
ACAD9	-0.1484790908357052
ACADL	0.0
ACADM	-0.01951504357766254
ACADS	0.8435975951986734
ACADSB	-0.3017675630081733
ACADVL	0.6332589792992476
ACAN	0.0
ACAP1	0.21216426712041248
ACAP2	0.8766621063316418
ACAP2-IT1	0.19498750024038536
ACAP3	1.1895273562111415
ACAT1	0.04337062297801353
ACAT2	-0.8467729902603631
ACBD3	-0.08716895600212116
ACBD3-AS1	-0.8616541669070521
ACBD4	0.5464264740385261
ACBD5	-0.47235222230516527
ACBD6	0.02778761982732192
ACBD7	0.40746414044548285
ACBD7P1	-0.3333333333333333
ACCS	0.0
ACCSL	0.0
ACCSLP1	0.0
ACD	-0.059471413869211176
ACE	-0.3333333333333333
ACE2	0.3333333333333333
ACE2-DT	0.0
ACE3P	0.0
ACER1	0.0
ACER2	1.0345826416126096
ACER2P1	0.0
ACER3	-0.10800749963183076
ACER3-AS1	-1.0566416671474375
ACHE	-0.3333333333333333
ACIN1	0.23205357369299584
ACKR1	0.0
ACKR2	-1.6666666666666667
ACKR3	-0.3333333333333333
ACKR4	1.107309364962454
ACKR4P1	0.0
ACKR5	0.0
ACLY	0.46273110191967426
ACMSD	1.0566416671474372
ACNATP	0.0
ACO1	0.32103096348166993
ACO2	0.013737957974820247
ACO2P1	0.0
ACO2P2	0.0
ACOD1	0.0
ACOT1	-0.6704230354782261
ACOT11	0.10730936496245413
ACOT12	-0.5283208335737187
ACOT13	0.42833719999235775
ACOT2	-0.9441965845989815
ACOT4	0.0
ACOT4P1	0.0
ACOT6	0.0
ACOT7	0.14011059964945183
ACOT8	0.7792408548489993
ACOT9	0.0038360957261893702
ACOX1	-0.0427612223176741
ACOX2	-1.3588568521693798
ACOX3	0.0031639968106098593
ACOXL	0.3333333333333333
ACOXL-AS1	0.3333333333333333
ACP1	0.2125819704815557
ACP2	0.6916117443075294
ACP3	0.0
ACP4	-0.30229686520283905
ACP5	0.7407974737788159
ACP6	0.2746250607409193
ACP7	0.0
ACR	0.0
ACRBP	-0.6666666666666666
ACRP1	0.0
ACRV1	0.8050124997596148
ACSBG1	3.009762408989415
ACSBG2	-0.44064269829578717
ACSF2	0.5519237993069028
ACSF3	0.2755960196952625
ACSL1	0.1876656099129761
ACSL3	0.7722134722640384
ACSL3-AS1	0.7407974737788159
ACSL3P1	2.6950117735096173
ACSL4	0.05105523755160668
ACSL5	-1.9826520030036425
ACSL6	-0.861654166907052
ACSL6-AS1	-0.3333333333333333
ACSM1	0.7943191760949744
ACSM2A	-3.881986195805579
ACSM2B	-3.424768680088959
ACSM3	0.2824322566587476
ACSM4	0.6666666666666666
ACSM5	-0.6901297759637992
ACSM5P1	0.3333333333333333
ACSM6	-0.3333333333333333
ACSS1	-2.812568271014485
ACSS2	0.8535461962534718
ACSS3	0.6594688355953444
ACSS3-AS1	0.5283208335737188
ACTA1	0.5395730630324511
ACTA2	-0.09299198323427138
ACTA2-AS1	0.19498750024038541
ACTB	0.49657354822395305
ACTBL2	0.0
ACTBP1	0.0
ACTBP11	0.0
ACTBP12	0.0
ACTBP14	0.0
ACTBP15	0.0
ACTBP16	0.0
ACTBP2	0.0
ACTBP6	0.0
ACTBP7	0.0
ACTBP8	0.0
ACTBP9	-0.3333333333333333
ACTC1	0.0
ACTE1P	0.0
ACTG1	0.7687728556745199
ACTG1P1	0.0
ACTG1P10	-0.6666666666666666
ACTG1P11	0.0
ACTG1P12	0.0
ACTG1P13	0.0
ACTG1P14	0.0
ACTG1P15	0.0
ACTG1P16	0.6666666666666666
ACTG1P17	-0.3333333333333333
ACTG1P18	0.0
ACTG1P19	0.0
ACTG1P2	0.0
ACTG1P20	-0.6024516406858681
ACTG1P21	0.3333333333333333
ACTG1P22	0.0
ACTG1P23	0.0
ACTG1P24	0.33333333333333326
ACTG1P25	0.9913349304890189
ACTG1P3	-0.8616541669070521
ACTG1P4	0.0
ACTG1P9	0.0
ACTG2	0.3333333333333333
ACTL11P	0.0
ACTL6A	0.19009796682048474
ACTL6A-AS1	-0.3333333333333333
ACTL6B	0.0
ACTL7A	0.0
ACTL7B	0.0
ACTL8	-1.723308333814104
ACTL9	0.0
ACTMAP	-0.7143381034059324
ACTN1	0.0960104214446833
ACTN1-DT	0.8050124997596145
ACTN2	-0.3333333333333333
ACTN3	0.5283208335737187
ACTN3-AS1	0.0
ACTN4	0.16979863799459594
ACTN4-AS1	-0.8616541669070521
ACTN4P1	0.0
ACTN4P2	0.0
ACTP1	0.0
ACTR10	0.4895698107417683
ACTR1A	0.48037301186042214
ACTR1AP1	0.0
ACTR1B	0.710417465707871
ACTR2	0.4450811007584736
ACTR2P1	0.0
ACTR2P2	0.3333333333333333
ACTR3	-0.1844753874952172
ACTR3-AS1	0.0
ACTR3B	0.438419677709744
ACTR3BP1	0.0
ACTR3BP2	0.0
ACTR3BP3	0.0
ACTR3BP4	0.0
ACTR3BP5	0.0
ACTR3BP7	0.0
ACTR3C	-0.7036771041295813
ACTR3P2	0.0
ACTR3P3	0.0
ACTR5	-0.290797716237587
ACTR6	0.6053853690305795
ACTR6P1	0.0
ACTR8	0.653055735420506
ACTRT1	0.0
ACTRT1P1	0.0
ACTRT2	0.0
ACTRT3	-1.1307724742595868
ACVR1	0.09050962542197638
ACVR1B	-0.7156137961097571
ACVR1C	1.302296865202839
ACVR2A	0.4295724459063379
ACVR2B	-1.3464992253008896
ACVR2B-AS1	0.06952887393713958
ACVRL1	-0.3333333333333333
ACY1	0.10730936496245413
ACY3	-2.9310656196869815
ACYP1	0.37014132989788306
ACYP2	0.6586009221920843
ADA	-1.8812853965915748
ADA2	0.0
ADAD1	0.0
ADAD1P1	-0.3333333333333333
ADAD1P2	0.0
ADAD2	0.6666666666666666
ADAD2-AS1	0.0
ADAM10	0.22081379910837384
ADAM11	-0.5283208335737186
ADAM12	0.0
ADAM15	0.4154961050284385
ADAM17	0.4431160809496779
ADAM18	0.3333333333333333
ADAM19	-1.0
ADAM1A	0.0
ADAM1B	-0.6666666666666666
ADAM2	0.0
ADAM20	0.1383458330929479
ADAM20P1	0.0
ADAM20P2	0.0
ADAM20P3	0.0
ADAM21	0.0
ADAM21P1	0.0
ADAM22	0.5325300363496357
ADAM23	0.0
ADAM24P	0.0
ADAM28	0.0
ADAM29	0.0
ADAM30	0.0
ADAM32	0.6666666666666666
ADAM33	0.0
ADAM3A	0.0
ADAM3B	0.0
ADAM5	0.0
ADAM6	0.0
ADAM7	0.0
ADAM7-AS1	0.0
ADAM7-AS2	0.0
ADAM8	0.5283208335737187
ADAM9	-0.025831819016904234
ADAMDEC1	0.0
ADAMTS1	0.0
ADAMTS10	0.5283208335737187
ADAMTS10-AS1	0.0
ADAMTS12	0.0
ADAMTS13	0.1383458330929479
ADAMTS14	1.1949875002403854
ADAMTS15	0.0
ADAMTS16	0.3333333333333333
ADAMTS16-AS1	0.0
ADAMTS16-DT	0.3333333333333333
ADAMTS17	0.0
ADAMTS17-AS1	0.0
ADAMTS18	0.0
ADAMTS19	0.0
ADAMTS19-AS1	0.0
ADAMTS2	0.08767813527793122
ADAMTS20	0.0
ADAMTS3	0.3333333333333333
ADAMTS4	-2.3257599744999715
ADAMTS5	0.0
ADAMTS6	1.3899750004807705
ADAMTS7	0.3333333333333333
ADAMTS7P1	0.0
ADAMTS7P3	0.3333333333333333
ADAMTS7P4	0.0
ADAMTS7P5	-0.3333333333333333
ADAMTS8	0.0
ADAMTS9	-0.5283208335737186
ADAMTS9-AS1	0.0
ADAMTS9-AS2	0.0
ADAMTSL1	0.3333333333333333
ADAMTSL2	-0.7631688723983281
ADAMTSL3	0.3333333333333333
ADAMTSL4	0.12217966052921803
ADAMTSL4-AS1	0.6989538464175302
ADAMTSL4-AS2	0.6666666666666667
ADAMTSL5	0.8986646043699666
ADAP1	-0.3373576107668588
ADAP2	-1.107309364962454
ADAR	-0.1107102800355797
ADARB1	1.2994449904839005
ADARB2	0.0
ADARB2-AS1	0.0
ADAT1	0.9214205042454555
ADAT2	-1.803297808015162
ADAT3	-0.5283208335737188
ADCK1	0.763168872398329
ADCK2	-0.165319164887471
ADCK5	1.307507082440761
ADCY1	0.912090607998707
ADCY10	0.0
ADCY10P1	-0.3198350739239806
ADCY2	0.0
ADCY2-AS1	0.0
ADCY3	0.6666666666666667
ADCY4	0.0
ADCY5	0.0
ADCY6	0.11720944303426073
ADCY6-DT	-0.6666666666666666
ADCY7	0.6666666666666666
ADCY8	0.0
ADCY9	-0.6433612979115342
ADCYAP1	0.0
ADCYAP1R1	0.0
ADD1	0.10315056787045496
ADD2	-0.24565519805540204
ADD2-AS1	0.0
ADD3	0.9296921503914657
ADD3-AS1	-0.33333333333333304
ADGB	0.0
ADGB-DT	0.0
ADGRA1	0.3333333333333333
ADGRA1-AS1	0.0
ADGRA2	-0.7739760316291207
ADGRA3	-0.20578064621088288
ADGRA3P1	0.861654166907052
ADGRB1	0.0
ADGRB2	2.2516291673878226
ADGRB3	0.5283208335737187
ADGRB3-DT	0.0
ADGRD1	-0.3333333333333333
ADGRD1-AS1	0.0
ADGRD1-AS2	0.0
ADGRD2	0.0
ADGRE1	0.3333333333333333
ADGRE2	0.0
ADGRE3	0.0
ADGRE4P	0.0
ADGRE5	-0.550692232193231
ADGRF1	0.0
ADGRF2P	0.3333333333333333
ADGRF3	0.5789885313887353
ADGRF4	0.0
ADGRF5	0.3333333333333333
ADGRF5-AS1	0.0
ADGRF5P1	0.0
ADGRF5P2	0.0
ADGRG1	-1.878989934729828
ADGRG2	-0.13834583309294768
ADGRG3	-3.108120196975695
ADGRG4	0.0
ADGRG5	-2.2839163471386863
ADGRG6	0.42161217697470654
ADGRG7	0.0
ADGRL1	1.2516291673878226
ADGRL1-AS1	1.107309364962454
ADGRL2	0.32629669589382804
ADGRL3	0.0
ADGRL3-AS1	0.0
ADGRL4	0.0
ADGRV1	-1.3899750004807707
ADH1A	0.0
ADH1B	0.3333333333333333
ADH1C	0.3333333333333333
ADH4	-3.2260326232831518
ADH5	-0.20315427791516072
ADH5P2	0.0
ADH5P3	0.0
ADH5P4	0.2456551980554018
ADH5P5	0.0
ADH6	-1.980245785859804
ADH7	0.3333333333333333
ADHFE1	1.1949875002403854
ADI1	0.761271042916265
ADI1P1	0.0
ADI1P2	0.0
ADI1P3	0.0
ADIG	0.0
ADIPOQ	0.0
ADIPOQ-AS1	0.0
ADIPOR1	0.3934972811364741
ADIPOR1P1	0.0
ADIPOR1P2	0.0
ADIPOR2	0.5721172192773363
ADIRF	0.0
ADIRF-AS1	-0.3333333333333333
ADISSP	0.18942768247982755
ADISSPP1	0.0
ADISSPP2	0.0
ADK	-0.2904196868021458
ADK-AS1	-0.10730936496245391
ADM	1.5350150122644157
ADM-DT	-0.0358696580288651
ADM2	-2.4851090734348538
ADM5	-0.8616541669070519
ADNP	-0.7140232054367059
ADNP-AS1	1.5267151614744603
ADNP2	0.4243579947391982
ADO	0.19930265691336135
ADORA1	-0.5283208335737187
ADORA1-AS1	0.0
ADORA1-AS2	0.0
ADORA2A	-0.4406426982957875
ADORA2A-AS1	-1.3899750004807707
ADORA2B	-1.0088240704537306
ADORA2BP1	0.0
ADORA3	0.0
ADPGK	0.35279912988384154
ADPGK-AS1	-0.4716791664262814
ADPRH	-0.3333333333333333
ADPRHL1	0.861654166907052
ADPRM	0.43850060857597617
ADPRS	0.4412941865258473
ADRA1A	0.5283208335737187
ADRA1B	0.0
ADRA1D	0.19498750024038536
ADRA2A	0.0
ADRA2B	0.3333333333333333
ADRA2C	-0.823270696774534
ADRB1	0.0
ADRB2	0.0
ADRB3	0.0
ADRM1	0.33187385316314266
ADSL	-0.4549510875317795
ADSS1	0.6356301985361725
ADSS2	-0.6077295376574829
ADTRP	0.0
AEBP1	-0.47167916642628127
AEBP2	0.12695194981942493
AEN	-0.6615210105759388
AFAP1	-0.32377688572290975
AFAP1-AS1	0.19498750024038541
AFAP1L1	0.0
AFAP1L2	0.0
AFDN	0.026772002183902188
AFF1	0.6897810499446697
AFF2	0.0
AFF2-IT1	0.0
AFF3	0.0
AFF4	0.6265820575786698
AFF4-DT	1.0
AFF4P1	0.0
AFG1L	-0.928447742481052
AFG2A	-0.08655846458129446
AFG2B	-0.3338826176271601
AFG3L1P	0.199203911141276
AFG3L2	0.38290350686756547
AFG3L2P1	0.0
AFM	-0.6666666666666666
AFMID	0.5757625452358273
AFP	-1.166146696038588
AFTPH	0.37514368636524065
AFTPH-DT	0.7233083338141041
AGA	0.8856374475333908
AGA-DT	0.3333333333333333
AGAP1	-0.12670231225593565
AGAP1-IT1	0.2766916661858958
AGAP10P	0.0
AGAP11	0.0
AGAP12P	-0.22602396837087924
AGAP13P	-0.3333333333333333
AGAP14P	0.0
AGAP2	0.4716791664262807
AGAP2-AS1	0.3333333333333333
AGAP3	0.049169779012838255
AGAP4	-0.8109864690920356
AGAP5	-0.5283208335737186
AGAP6	0.3333333333333333
AGAP7P	0.0
AGAP9	0.07167096365694992
AGBL1	0.0
AGBL1-AS1	0.0
AGBL2	0.643403889947713
AGBL3	-0.5466679547597066
AGBL4	-0.3333333333333333
AGBL4-AS1	0.0
AGBL4-IT1	0.0
AGBL5	-0.32001072737675607
AGBL5-AS1	-0.3333333333333333
AGBL5-IT1	0.138345833092948
AGER	0.35082247329804517
AGFG1	0.08886693806436874
AGFG2	-0.21108007050436584
AGGF1	0.4470123059450226
AGGF1P1	0.861654166907052
AGGF1P10	0.0
AGGF1P2	0.19498750024038536
AGGF1P3	-0.3333333333333333
AGGF1P4	0.0
AGGF1P5	0.0
AGGF1P6	0.0
AGGF1P7	0.0
AGGF1P8	0.0
AGGF1P9	0.0
AGK	0.5792926998634726
AGK-DT	0.0
AGKP1	-0.7739760316291209
AGKP2	0.0
AGL	-0.14222756534038172
AGMAT	-0.7523952567115657
AGMO	0.0
AGO1	0.567149414400669
AGO2	-1.3779123779637024
AGO3	0.16304429218233363
AGO4	-0.07029892749953959
AGPAT1	0.4153531483314765
AGPAT2	-3.2402239289418517
AGPAT3	-0.5235888685315491
AGPAT4	-0.6666666666666667
AGPAT5	-0.5230294737909178
AGPAT5P1	0.0
AGPS	-0.16507618356312825
AGPS-DT	0.4393585897972514
AGR2	-0.9493323021849824
AGR3	0.3333333333333333
AGRN	0.1786733059681609
AGRP	-0.10730936496245413
AGT	-0.7482874840099392
AGTPBP1	0.8603437109421659
AGTR1	0.0
AGTR2	0.0
AGTRAP	-0.5911180836074248
AGXT	-3.4290450620289006
AGXT2	0.6666666666666666
AHCTF1	0.23374147575655435
AHCTF1P1	0.1383458330929479
AHCY	0.44280971457389207
AHCYL1	0.4627827487822751
AHCYL2	0.6168155587120365
AHCYP2	0.0
AHCYP3	0.0
AHCYP4	0.0
AHCYP5	0.0
AHCYP7	0.0
AHCYP8	0.0
AHDC1	0.31269075028559934
AHI1	0.5629571295133147
AHI1-DT	-0.4716791664262814
AHNAK	0.9476264614393912
AHNAK2	0.1383458330929479
AHR	1.2233186167063232
AHRR	0.3333333333333333
AHSA1	-0.32152363965516173
AHSA2P	-0.027731311842132733
AHSG	-0.8088968786778956
AHSP	0.3333333333333333
AICDA	0.0
AIDA	0.4324810033156101
AIDAP1	1.2272746799912486
AIDAP2	0.0
AIDAP3	0.0
AIF1	0.0
AIF1L	-0.9087268993590314
AIFM1	-0.7539286198788444
AIFM1P1	0.0
AIFM2	-1.0215728800874357
AIFM3	-1.6699946961908738
AIG1	-0.7205516929654827
AIG1P1	-0.5283208335737187
AIM2	0.3333333333333333
AIMP1	-1.1213586475919124
AIMP1P1	0.0
AIMP1P2	0.0
AIMP2	0.3915996018257122
AIP	-0.13245059105389156
AIPL1	0.3333333333333333
AIRE	0.0
AIRIM	-0.04583450791664401
AIRN	0.24565519805540204
AJAP1	0.0
AJM1	-1.2317954968049358
AJUBA	-0.16085470770033794
AJUBA-DT	1.3939658810361295
AK1	-1.9047485058887073
AK2	-0.29734535606949386
AK2-AS1	0.1618089423900808
AK2P1	0.0
AK2P2	0.0
AK3	0.3725548061588153
AK3P2	0.0
AK3P3	0.0
AK3P4	0.0
AK3P5	0.7739760316291208
AK3P6	0.0
AK3P7	-0.19498750024038541
AK4	-1.4843885543824253
AK4P1	-1.0786182270476705
AK4P2	0.0
AK4P3	-0.861654166907052
AK4P4	0.0
AK4P5	0.0
AK4P6	0.0
AK5	0.47167916642628127
AK5-AS1	0.0
AK6	0.001486549396900294
AK6P1	0.0
AK6P2	-0.3333333333333333
AK7	0.33333333333333337
AK8	-0.19498750024038541
AK9	0.8553678244899467
AKAIN1	0.0
AKAIN1-AS1	0.0
AKAP1	-0.31528184166223117
AKAP1-DT	0.19498750024038536
AKAP10	0.06498714578243181
AKAP11	0.7008845603857958
AKAP12	-0.6958209470834462
AKAP13	0.7559688842947212
AKAP13-AS1	0.5283208335737186
AKAP14	-1.0
AKAP17A	0.0
AKAP17BP	0.602451640685868
AKAP19	-0.2754879150017695
AKAP3	1.3333333333333335
AKAP4	0.0
AKAP5	-0.06656186312670975
AKAP6	1.479135104102433
AKAP7	-0.48406692969943066
AKAP8	-0.0695744286519897
AKAP8L	0.4433220576487269
AKAP8P1	0.0
AKAP9	-0.31493019929457056
AKIP1	-0.44480634635685323
AKIRIN1	-0.4580444289116494
AKIRIN1P1	0.0
AKIRIN1P2	0.0
AKIRIN2	0.18044383673467745
AKIRIN2P1	0.0
AKNA	-0.30987022403620124
AKNAD1	-0.3333333333333333
AKR1A1	-0.4485347100093122
AKR1B1	0.4417323403743705
AKR1B10	-0.42153545616158095
AKR1B10P1	0.6666666666666666
AKR1B10P2	0.0
AKR1B15	0.47167916642628127
AKR1B1P1	0.0
AKR1B1P2	0.0
AKR1B1P3	0.0
AKR1B1P4	0.0
AKR1B1P5	0.0
AKR1B1P6	0.0
AKR1B1P7	0.3333333333333333
AKR1B1P8	0.0
AKR1C1	-0.9087566113609018
AKR1C2	-1.0359299508888702
AKR1C3	-0.407881064109084
AKR1C4	-0.3333333333333333
AKR1C5P	-0.6666666666666666
AKR1C6P	0.0
AKR1C7P	0.0
AKR1C8	-0.19498750024038541
AKR1D1	-3.7795787941913055
AKR1D1P1	0.0
AKR1E2	0.0
AKR7A2	1.029207831567585
AKR7A2P1	0.19498750024038536
AKR7A2P2	0.0
AKR7A3	0.5789885313887352
AKR7L	0.5283208335737187
AKT1	-0.5395092293796253
AKT1S1	-0.2196719989819096
AKT2	-0.4115323576064771
AKT3	0.0
AKT3-IT1	0.0
AKTIP	0.15229590792148695
AKTIPP1	-0.3333333333333333
AKTIPP2	0.0
AKTIPP3	0.0
ALAD	1.0342702685279246
ALAS1	0.3935240818806065
ALAS2	0.3333333333333333
ALB	-1.3080298156075063
ALCAM	-0.2833431830135389
ALDH16A1	0.4750773484171642
ALDH18A1	-0.49691275293205805
ALDH1A1	-1.1230043473464466
ALDH1A2	-0.7739760316291208
ALDH1A2-AS1	0.0
ALDH1A3	0.0
ALDH1A3-AS1	0.0
ALDH1B1	-1.3724027018330176
ALDH1L1	-0.17986732244042614
ALDH1L1-AS1	0.0
ALDH1L1-AS2	-0.5283208335737187
ALDH1L2	-0.6569512181134947
ALDH2	0.14916768803945413
ALDH3A1	0.2766916661858958
ALDH3A2	0.10786077557582985
ALDH3B1	0.1379688057533981
ALDH3B2	0.0
ALDH4A1	-0.04426575181988035
ALDH5A1	-0.02461552162330083
ALDH6A1	0.46519127365292423
ALDH7A1	0.33442055407191873
ALDH7A1P1	0.0
ALDH7A1P2	0.0
ALDH7A1P3	0.0
ALDH7A1P4	0.0
ALDH8A1	-2.8200706955418116
ALDH9A1	0.41721731560428577
ALDOA	1.0253469985559942
ALDOAP1	0.0
ALDOAP2	0.3333333333333333
ALDOB	0.33333333333333326
ALDOC	0.5741553414903642
ALDOC-AS1	0.0
ALG1	0.006261154956924031
ALG10	-0.07247961431815941
ALG10B	-1.0605221359592356
ALG11	0.43890231744690045
ALG12	0.6168078813164972
ALG13	-0.09693056883084683
ALG13-AS1	0.0
ALG14	-1.2356180923870097
ALG1L10P	0.0
ALG1L11P	0.0
ALG1L12P	-0.5283208335737186
ALG1L13P	1.0566416671474372
ALG1L14P	0.0
ALG1L15P	0.0
ALG1L1P	0.0
ALG1L2	-0.6666666666666666
ALG1L3P	0.0
ALG1L5P	0.0
ALG1L6P	-0.12085669312823599
ALG1L7P	0.6666666666666666
ALG1L8P	-0.3333333333333333
ALG1L9P	-0.5283208335737186
ALG2	0.41234530081520404
ALG3	-0.9028257211130484
ALG3P1	0.0
ALG5	-0.48003381011151713
ALG6	0.4309151642184217
ALG8	-0.4981358087555581
ALG9	-0.5714819914768379
ALG9-IT1	0.8616541669070521
ALK	-0.7963474302486326
ALKAL1	0.0
ALKAL2	0.0
ALKBH1	0.42514958161094185
ALKBH2	-0.23171513949052702
ALKBH3	-0.9225341131047156
ALKBH3-AS1	-1.019631229684523
ALKBH4	-1.6220828703703911
ALKBH5	0.5752716411239014
ALKBH6	0.0
ALKBH7	-0.12203974982442034
ALKBH8	-1.1061724195045155
ALLC	0.0
ALMS1	-0.06384973763868373
ALMS1-IT1	-0.18820461844311742
ALMS1P1	0.3333333333333333
ALOX12	1.172775102563622
ALOX12-AS1	0.0
ALOX12B	0.0
ALOX12P1	0.5283208335737186
ALOX12P2	-0.9654533093721165
ALOX15	0.3333333333333333
ALOX15B	0.0
ALOX15P1	0.4406426982957875
ALOX15P2	0.0
ALOX5	0.0
ALOX5AP	-2.163951032109891
ALOXE3	0.0
ALOXE3P1	0.0
ALPG	0.0
ALPI	0.0
ALPK1	-0.06421502598079876
ALPK2	-1.538236614705069
ALPK2-AS1	-0.3333333333333333
ALPK3	0.3333333333333333
ALPL	0.3333333333333333
ALPP	0.0
ALS2	0.9799903301210868
ALS2CL	0.0
ALX1	0.0
ALX3	0.0
ALX4	0.3333333333333333
ALYREF	-0.42846740628741564
AMACR	0.18418034100959302
AMANZI	0.0
AMBN	0.0
AMBP	-0.5105424207279974
AMBRA1	0.43229794521051534
AMD1	0.10392911945347194
AMD1P1	0.0
AMD1P2	0.0
AMD1P3	-0.3333333333333333
AMD1P4	0.0
AMDHD1	-0.6037856175383665
AMDHD2	0.02133883095705169
AMELX	0.0
AMELY	0.0
AMER1	-2.0068671589486344
AMER2	0.3333333333333333
AMER3	0.0
AMFR	0.737268175276224
AMH	0.3333333333333333
AMHR2	-1.968963531869506
AMIGO1	0.03701043746291477
AMIGO2	0.0
AMIGO3	0.0
AMMECR1	-0.7502927811759523
AMMECR1-IT1	-0.3333333333333333
AMMECR1L	-0.019784601826457582
AMMECR1LP1	0.0
AMN	0.6989062585694041
AMN1	0.9902845514468273
AMN1-AS1	0.4716791664262814
AMOT	-0.8613496080957561
AMOTL1	-0.5283208335737186
AMOTL2	1.285335647896086
AMPD1	0.0
AMPD2	-0.9675805230833268
AMPD2-AS1	0.0
AMPD3	-1.4406426982957874
AMPH	0.0
AMT	0.38400103114835016
AMTN	0.0
AMY1A	0.0
AMY1B	0.0
AMY1C	0.0
AMY2A	0.0
AMY2B	0.6666666666666666
AMYP1	0.0
AMZ1	-0.7543448019445982
AMZ2	0.23140572752023303
AMZ2P1	0.42835357072126445
AMZ2P2	0.0
AMZ2P3	0.0
ANAPC1	-0.08006511409736206
ANAPC10	0.39699553899004814
ANAPC10P1	0.19498750024038541
ANAPC11	0.9602076728549935
ANAPC13	0.31454482479169865
ANAPC13P1	0.0
ANAPC15	-0.19010524158558484
ANAPC15P1	0.0
ANAPC15P2	0.0
ANAPC16	0.7114525879287958
ANAPC1P1	0.19498750024038536
ANAPC1P2	0.4716791664262814
ANAPC1P3	0.0
ANAPC1P4	0.0
ANAPC1P5	0.0
ANAPC1P6	0.0
ANAPC2	0.47214902317783825
ANAPC4	0.33415418517160855
ANAPC5	0.22174717622774498
ANAPC7	0.2646445054074036
ANG	-2.6020425395578672
ANGEL1	0.42808840732441666
ANGEL2	0.05433363596740026
ANGPT1	0.0
ANGPT2	-0.47167916642628127
ANGPT4	0.0
ANGPTL1	-0.7427805625558781
ANGPTL2	0.08767813527793122
ANGPTL3	-0.21001679674989804
ANGPTL4	-1.245655198055402
ANGPTL5	0.0
ANGPTL6	0.0
ANGPTL7	0.4210114686112645
ANGPTL8	-2.2447174694249035
ANHX	0.0
ANK1	0.0
ANK2	-1.025605199016944
ANK2-AS1	0.0
ANK3	0.3333333333333333
ANK3-DT	0.0
ANKAR	-1.1628981803347176
ANKDD1A	0.0
ANKDD1B	-0.3333333333333333
ANKEF1	-1.9067418615294898
ANKFN1	0.0
ANKFY1	0.05932674642558933
ANKH	0.3706174725796103
ANKH-DT	-0.5283208335737187
ANKHD1	0.4250357460447898
ANKHD1-DT	1.0
ANKHD1-EIF4EBP3	1.0088240704537306
ANKIB1	0.5069176733675151
ANKK1	0.7739760316291208
ANKLE1	-0.47167916642628127
ANKLE2	0.12729021178121425
ANKMY1	0.40992398390068097
ANKMY2	1.0332978201387615
ANKRA2	-0.15206889608508245
ANKRD1	1.450799838950827
ANKRD10	0.3698060092580491
ANKRD10-IT1	0.49739737175251264
ANKRD11	-0.12576025324554063
ANKRD11P1	0.0
ANKRD11P2	0.0
ANKRD12	0.5794815076973734
ANKRD13A	0.6128920684345589
ANKRD13B	-1.492451175544853
ANKRD13C	0.045715403213987926
ANKRD13C-DT	2.340789271009485
ANKRD13D	1.1605880106718773
ANKRD16	0.22726233707973442
ANKRD17	-0.4911162045678559
ANKRD17-DT	1.6356301985361728
ANKRD18A	-0.1404879228127589
ANKRD18B	-0.5283208335737187
ANKRD18CP	0.0
ANKRD18DP	0.0
ANKRD18EP	-0.013940058564876345
ANKRD18FP	0.0
ANKRD19P	0.0
ANKRD2	0.0
ANKRD20A1	0.0
ANKRD20A10P	0.0
ANKRD20A11P	-0.6159989688516498
ANKRD20A17P	-0.3333333333333333
ANKRD20A18P	0.0
ANKRD20A19P	0.0
ANKRD20A21P	0.0
ANKRD20A2P	0.0
ANKRD20A3P	0.0
ANKRD20A4P	0.0
ANKRD20A5P	-0.9189496728322508
ANKRD20A6P	0.0
ANKRD20A7P	-0.4978435857559562
ANKRD20A8P	-0.3333333333333333
ANKRD20A9P	0.0
ANKRD22	0.0
ANKRD23	-0.1618089423900806
ANKRD24	0.3333333333333333
ANKRD26	0.8909450855821639
ANKRD26P1	0.0
ANKRD26P2	0.0
ANKRD26P3	0.0
ANKRD26P4	-0.3333333333333333
ANKRD27	0.5778063474701352
ANKRD27-AS1	0.6666666666666666
ANKRD28	0.07326222661935589
ANKRD29	0.0
ANKRD30A	0.0
ANKRD30B	0.0
ANKRD30BL	0.0
ANKRD30BP1	0.0
ANKRD30BP2	0.0
ANKRD30BP3	0.0
ANKRD31	0.24565519805540204
ANKRD33	0.0
ANKRD33B	0.0
ANKRD33B-AS1	0.0
ANKRD33BP1	0.0
ANKRD33BP10	0.0
ANKRD33BP2	0.0
ANKRD33BP5	0.0
ANKRD33BP6	0.0
ANKRD33BP7	0.0
ANKRD33BP8	0.0
ANKRD33BP9	0.0
ANKRD34A	0.33333333333333337
ANKRD34B	0.0
ANKRD34C	0.0
ANKRD34C-AS1	0.0
ANKRD35	0.0
ANKRD35-DT	0.0
ANKRD36	0.19599837130682918
ANKRD36B	-0.1585366724284576
ANKRD36BP1	0.0
ANKRD36BP2	0.0
ANKRD36C	0.049068669357680506
ANKRD36P1	0.0
ANKRD36P2	0.0
ANKRD37	1.0615239258022373
ANKRD39	0.4414783168326455
ANKRD39P1	0.0
ANKRD40	-0.7530154345549693
ANKRD40CL	-1.0566416671474375
ANKRD42	0.07480386299103348
ANKRD42-DT	0.2958522808898998
ANKRD44	-0.6666666666666666
ANKRD44-AS1	0.0
ANKRD44-DT	0.0
ANKRD44-IT1	0.0
ANKRD45	0.0
ANKRD46	0.30499112595503597
ANKRD49	0.8195962235277507
ANKRD49P1	0.08767813527793122
ANKRD49P2	-0.6666666666666666
ANKRD49P3	0.0
ANKRD49P4	0.0
ANKRD50	0.507069203418844
ANKRD52	-0.052893822157147774
ANKRD53	0.5283208335737186
ANKRD54	0.3651223629779974
ANKRD54P1	0.0
ANKRD55	-1.5283208335737186
ANKRD55-AS1	-0.33333333333333326
ANKRD6	0.1383458330929479
ANKRD6-AS1	0.0
ANKRD60	0.0
ANKRD61	-0.11871460340842477
ANKRD62	0.3333333333333333
ANKRD62P1	0.0
ANKRD62P1-PARP4P3	0.0
ANKRD63	0.0
ANKRD65	-1.7048922279199212
ANKRD65-AS1	-0.6666666666666666
ANKRD66	0.0
ANKRD7	0.0
ANKRD9	-0.48576332877697137
ANKS1A	-0.14989799378484214
ANKS1B	0.0
ANKS3	-0.1876453981303854
ANKS4B	-1.3903999224453454
ANKS6	-0.1441173615270035
ANKUB1	-0.19498750024038541
ANKZF1	0.9034408552222946
ANLN	0.4829880922301797
ANO1	0.0
ANO1-AS1	0.0
ANO10	1.0192086476301228
ANO2	0.3333333333333333
ANO3	-0.9581563726387137
ANO3-AS1	0.0
ANO4	0.0
ANO5	0.3333333333333333
ANO6	0.0910941611111653
ANO7	-1.6567978459715587
ANO7L1	-0.6666666666666667
ANO8	0.43115850646597664
ANO9	-1.4641058075929205
ANOS1	0.7233083338141042
ANOS2P	-0.3333333333333333
ANP32A	-0.8984984754999319
ANP32AP1	0.3333333333333333
ANP32B	-0.7845435180377827
ANP32BP1	0.0
ANP32BP2	0.0
ANP32BP3	0.0
ANP32CP	0.0
ANP32D	-0.3333333333333333
ANP32E	-0.9312802522911365
ANPEP	-0.0917363732599652
ANTKMT	0.9080479667267296
ANTXR1	-2.222961661422082
ANTXR2	-0.2539040855006309
ANTXRL	0.3333333333333333
ANTXRLP1	0.0
ANXA1	0.3333333333333333
ANXA10	0.0
ANXA11	0.020414234242093876
ANXA13	0.0
ANXA2	-2.1582700921415636
ANXA2P1	0.0
ANXA2P2	-0.3333333333333333
ANXA2P3	0.0
ANXA2R	0.5506922321932315
ANXA2R-AS1	0.20256085907374644
ANXA2R-OT1	-0.8124684374357662
ANXA3	-1.6437042324246112
ANXA4	-0.6380206432832694
ANXA5	0.572356529945445
ANXA6	-0.8818654694300472
ANXA7	0.5044506092296333
ANXA8	0.0
ANXA8L1	0.0
ANXA9	-0.6049451246989559
AOAH	-0.3333333333333333
AOAH-IT1	0.0
AOC1	0.0
AOC2	0.69227186568361
AOC3	-2.77567911723341
AOC4P	-1.9357849740192015
AOPEP	0.2581129439167045
AOPEP-AS1	0.0
AOX1	-1.0156138132590655
AOX2P	0.0
AOX3P	0.0
AOX3P-AOX2P	0.0
AP1AR	-0.21321864779643906
AP1AR-DT	0.31978600516755096
AP1B1	0.8160612126927269
AP1B1P1	0.0
AP1B1P2	0.0
AP1G1	0.35695097803027664
AP1G2	0.9398172088007133
AP1G2-AS1	-0.861654166907052
AP1M1	0.19806782857037852
AP1M2	-1.6741226043428181
AP1M2P1	0.0
AP1S1	-0.8732279599665072
AP1S2	0.368924891609403
AP1S2P1	0.0
AP1S3	0.8042757631955446
AP2A1	0.6411997188100136
AP2A2	0.06384376806544267
AP2B1	-0.17756890100220435
AP2B1P1	0.0
AP2M1	0.8392341985493683
AP2S1	0.5259107315420364
AP3B1	-0.054407563016972915
AP3B2	0.3333333333333333
AP3D1	0.23732852828405626
AP3M1	0.2922469181280434
AP3M2	0.9059522570728333
AP3S1	0.5645635284187973
AP3S1P1	0.0
AP3S1P2	-0.7739760316291209
AP3S1P3	0.0
AP3S2	0.4242425134932235
AP4B1	0.5380162651297837
AP4B1-AS1	0.19498750024038536
AP4E1	0.6665985073090361
AP4M1	-0.176640379054398
AP4S1	-0.3708186870047143
AP5B1	0.06244015256144664
AP5M1	-0.6075960623184855
AP5S1	0.5786237449422238
AP5Z1	0.39591345022434954
APAF1	0.8186457807534797
APBA1	0.0
APBA2	-0.3333333333333333
APBA3	0.7319734033250853
APBB1	-0.30229686520283927
APBB1IP	0.0
APBB2	0.6197389433818516
APBB3	0.0
APC	-0.317112566675517
APC2	1.3345840449537025
APC2-AS1	0.6890380652861787
APCDD1	-1.7233083338141042
APCDD1L	0.0
APCDD1L-DT	0.0
APCS	0.0
APEH	0.508061044047321
APELA	0.0
APEX1	-0.5114387047179978
APEX2	0.14649327092158693
APH1A	-0.170156156338777
APH1B	0.19498750024038536
API5	0.24357053938862805
API5P1	0.3333333333333333
API5P2	0.0
APIP	-0.344947515748693
APLF	1.6328743265416397
APLN	0.6666666666666667
APLNR	0.0
APLP1	0.6666666666666665
APLP2	0.9660363216107264
APMAP	0.6069937910911003
APOA1	0.981886277130485
APOA1-AS	0.08767813527793122
APOA2	1.3592724340440085
APOA4	-0.5458099735384305
APOA5	-1.4356799259590174
APOB	0.4404338494620834
APOBEC1	0.0
APOBEC2	-0.4716791664262814
APOBEC3A	0.0
APOBEC3AP1	0.0
APOBEC3B	-1.6356301985361736
APOBEC3B-AS1	0.0
APOBEC3C	-2.1549644818764113
APOBEC3D	-0.6666666666666666
APOBEC3F	-1.5471820096958413
APOBEC3G	-0.7543448019445982
APOBEC3H	0.0
APOBEC4	1.6590933078333054
APOBR	0.0
APOC1	-0.41154847304706355
APOC1P1	-0.7233083338141042
APOC2	0.0
APOC3	-0.5786202908532392
APOC4	0.0
APOC4-APOC2	0.0
APOD	0.0
APOE	0.19997774685598735
APOF	-2.4405097785991816
APOH	-2.0624884003859325
APOL1	-2.131457027182244
APOL2	-1.0642150259807979
APOL3	-2.2380818392220405
APOL4	-0.3333333333333333
APOL5	0.0
APOL6	-2.9619104103831377
APOLD1	-1.6552614282206957
APOLTP	-1.0566416671474375
APOM	-0.7926276204464004
APONP	0.0
APOO	-0.3522800100951988
APOOL	-0.025453794128844187
APOOP1	0.0
APOOP2	0.0
APOOP3	0.0
APOOP4	0.0
APOOP5	0.0
APP	0.05325646266013262
APP-DT	0.0
APPAT	-0.3333333333333333
APPBP2	0.7227332644596087
APPBP2-DT	1.6024516406858678
APPL1	0.46625901057353314
APPL2	1.4456216588103468
APRG1	0.19284541052057458
APRT	0.4945267828985358
APTR	1.0282962991955045
APTX	-0.2821649075373287
AQP1	0.0
AQP10	-1.0
AQP11	0.24549801604813126
AQP12A	0.0
AQP12B	0.0
AQP2	0.0
AQP3	2.1717247235214314
AQP4	-1.0566416671474375
AQP4-AS1	-0.6666666666666666
AQP5	0.0
AQP5-AS1	0.0
AQP6	-0.33333333333333326
AQP7	-0.861654166907052
AQP7B	0.0
AQP7P1	-0.6666666666666666
AQP7P2	0.0
AQP7P4	0.0
AQP7P5	0.0
AQP8	-0.3333333333333333
AQP9	0.0
AQR	0.4628449662544707
AR	0.0
ARAF	0.5636847886757614
ARAFP1	-0.3333333333333333
ARAFP2	0.0
ARAFP3	0.0
ARAP1	-0.18535302679902355
ARAP1-AS1	0.0
ARAP1-AS2	0.0
ARAP2	0.4954619778696516
ARAP2-AS1	0.3333333333333333
ARAP3	0.0
ARB2A	0.3789611464774536
ARB2BP	0.0
ARC	2.325759974499972
ARCN1	-0.0834622458171772
AREG	-3.0857959475642174
AREL1	0.38649727497186337
ARF1	0.17615652251317293
ARF1P1	0.0
ARF1P2	-0.5283208335737187
ARF1P3	0.0
ARF3	0.17365405199892336
ARF4	-0.03533101980129416
ARF4P1	0.0
ARF4P2	0.0
ARF4P3	0.3333333333333333
ARF4P4	0.0
ARF5	0.8665770935464074
ARF6	0.3283036954720586
ARFGAP1	0.7125538057422958
ARFGAP2	0.39764525124802574
ARFGAP3	0.3611014888201973
ARFGEF1	0.1487137033979664
ARFGEF1-DT	-0.6159989688516498
ARFGEF2	0.14975733451565176
ARFGEF3	-0.7670565115735215
ARFIP1	0.5175666048614982
ARFIP2	0.7779374621200787
ARFRP1	0.2397144343616331
ARG1	-0.10730936496245391
ARG2	-0.30798191992941515
ARG2P1	0.0
ARGFX	0.0
ARGFXP1	0.0
ARGFXP2	-0.6666666666666666
ARGLU1	0.29638534614606726
ARGLU1-DT	0.0
ARHGAP1	0.44225957622925804
ARHGAP10	-0.4159758378145284
ARHGAP11A	0.04569088235912666
ARHGAP11B	-1.2691183073525347
ARHGAP11B-DT	-1.3899750004807707
ARHGAP12	0.36260065059014934
ARHGAP15	0.0
ARHGAP15-AS1	0.0
ARHGAP16P	0.0
ARHGAP17	0.37793961780314866
ARHGAP18	0.14584927921917767
ARHGAP19	-0.5234385749189179
ARHGAP19-SLIT1	-0.3333333333333333
ARHGAP20	0.0
ARHGAP21	0.05317037647525513
ARHGAP22	0.0
ARHGAP22-IT1	0.0
ARHGAP23	-0.6666666666666667
ARHGAP23P1	0.0
ARHGAP24	-1.1949875002403854
ARHGAP25	0.0
ARHGAP26	0.18553689577927557
ARHGAP26-AS1	0.0
ARHGAP26-IT1	0.3333333333333333
ARHGAP27	-0.3288363327379633
ARHGAP27P1-BPTFP1-KPNA2P3	-0.1383458330929479
ARHGAP27P2	0.0
ARHGAP28	0.5283208335737187
ARHGAP28-AS1	0.0
ARHGAP29	0.6891819908093444
ARHGAP29-AS1	-0.3333333333333333
ARHGAP30	-0.33333333333333326
ARHGAP31	0.0
ARHGAP31-AS1	0.0
ARHGAP32	0.2629633168576291
ARHGAP33	0.44064269829578717
ARHGAP35	0.023595544205265995
ARHGAP36	0.0
ARHGAP39	-0.0296683353529148
ARHGAP4	-0.9689635318695059
ARHGAP40	-0.3899750004807707
ARHGAP42	0.20714107096566448
ARHGAP42-AS1	0.4406426982957875
ARHGAP42P1	0.0
ARHGAP42P2	0.0
ARHGAP42P3	0.0
ARHGAP42P4	0.0
ARHGAP42P5	0.0
ARHGAP44	0.21845060953751805
ARHGAP44-AS1	0.0
ARHGAP45	-0.5409767836400596
ARHGAP5	0.2355878232262878
ARHGAP5-AS1	0.10730936496245391
ARHGAP6	-1.3333333333333335
ARHGAP8	0.0
ARHGAP9	-0.3333333333333333
ARHGDIA	0.27856253826355726
ARHGDIB	0.3333333333333333
ARHGDIG	0.0
ARHGEF1	-0.5138410136251217
ARHGEF10	0.0
ARHGEF10L	-0.6249918051772516
ARHGEF11	0.09834039509875492
ARHGEF12	0.339642218878879
ARHGEF15	0.3333333333333333
ARHGEF16	-0.30598452822619304
ARHGEF17	-0.32138679557734307
ARHGEF17-AS1	0.7097610056483223
ARHGEF18	0.6666666666666665
ARHGEF18-AS1	0.3333333333333333
ARHGEF19	-0.602451640685868
ARHGEF2	-0.12253011229212785
ARHGEF2-AS1	0.0
ARHGEF2-AS2	1.1949875002403854
ARHGEF25	-0.6666666666666667
ARHGEF25-AS1	0.0
ARHGEF26	1.7229371270438683
ARHGEF26-AS1	0.0
ARHGEF28	-0.5667119827006966
ARHGEF28P1	0.0
ARHGEF3	-0.1994330909191282
ARHGEF3-AS1	-0.5283208335737187
ARHGEF33	0.33333333333333337
ARHGEF34P	0.1383458330929479
ARHGEF35	0.0
ARHGEF35-AS1	0.0
ARHGEF37	-0.24565519805540215
ARHGEF38	0.8616541669070521
ARHGEF38-IT1	0.0
ARHGEF39	0.4589129251376498
ARHGEF4	-0.3703437707962478
ARHGEF4-AS1	0.0
ARHGEF40	-1.953394203470606
ARHGEF5	-1.9001465727136975
ARHGEF6	0.3333333333333333
ARHGEF7	0.8833989067610615
ARHGEF7-AS1	0.0
ARHGEF7-AS2	0.0
ARHGEF7-IT1	0.0
ARHGEF9	-0.44064269829578717
ARHGEF9-IT1	0.0
ARID1A	-0.17104279160987534
ARID1B	-0.34920255198426364
ARID1B-AS1	-0.6666666666666666
ARID2	-0.4474582515011045
ARID3A	-0.006005281208215862
ARID3B	0.53773646695746
ARID3BP1	0.3333333333333333
ARID3C	0.3333333333333333
ARID4A	0.24296854677815904
ARID4B	0.7808155604816047
ARID5A	0.15900486245134715
ARID5B	-0.5969002534078474
ARIH1	0.6707961484463194
ARIH2	0.41743514261082826
ARIH2OS	-0.6666666666666667
ARIH2P1	0.0
ARK2C	0.0
ARK2N	0.6170374770816354
ARL1	0.028735923396954632
ARL10	-0.056641667147437236
ARL11	-1.1949875002403854
ARL13A	-0.6666666666666666
ARL13B	0.8337759729779979
ARL14	0.3333333333333333
ARL14EP	0.13175283454816622
ARL14EP-DT	0.0
ARL14EPL	0.0
ARL14EPP1	-0.6666666666666666
ARL15	0.8110806982188112
ARL16	0.15654706130919394
ARL17A	0.37248586051605903
ARL17B	-0.5479520632582413
ARL2	-0.046685829513046784
ARL2-SNX15	0.0
ARL2BP	1.9885947615540291
ARL2BPP1	0.0
ARL2BPP10	0.0
ARL2BPP2	0.0
ARL2BPP3	0.0
ARL2BPP4	0.0
ARL2BPP5	0.0
ARL2BPP6	0.0
ARL2BPP7	0.0
ARL2BPP8	0.0
ARL3	0.6401561041943324
ARL4A	0.11918400153936126
ARL4AP1	0.0
ARL4AP2	0.0
ARL4AP3	0.0
ARL4AP4	0.0
ARL4AP5	-0.33333333333333337
ARL4C	1.1949875002403854
ARL4D	0.03317855785030477
ARL5A	-0.13208397770653413
ARL5AP1	0.0
ARL5AP2	0.0
ARL5AP3	0.0
ARL5AP4	0.0
ARL5AP5	0.0
ARL5B	-0.07398872815860358
ARL5C	0.0
ARL6	1.1947071747605942
ARL6IP1	1.330073980681668
ARL6IP1P1	0.0
ARL6IP1P2	0.0
ARL6IP1P3	0.33333333333333337
ARL6IP4	-1.2691183073525347
ARL6IP5	-0.23759195497531138
ARL6IP6	0.533913188029806
ARL8A	-0.06147485704580902
ARL8B	0.47534376590098315
ARL8BP1	0.5283208335737187
ARL8BP2	0.0
ARL9	0.0
ARLN	-0.08540641314111763
ARLNC1	0.0
ARMC1	0.4417668631791756
ARMC10	0.036117149804504756
ARMC10P1	0.0
ARMC12	0.0
ARMC2	0.6590933078333059
ARMC2-AS1	0.0
ARMC3	0.0
ARMC5	-1.2932308405795077
ARMC6	-0.4105745448174005
ARMC7	0.4578194651758145
ARMC8	0.543368798622045
ARMC8P1	-0.3333333333333333
ARMC9	0.1353681248362788
ARMCX1	0.0
ARMCX2	0.0
ARMCX3	0.20048857642955387
ARMCX3-AS1	0.0
ARMCX4	0.0
ARMCX5	0.03401206806697665
ARMCX5-GPRASP2	0.0
ARMCX6	-0.10448883871305537
ARMCX7P	0.0
ARMH1	0.3333333333333333
ARMH2	0.0
ARMH3	0.6038841550616381
ARMH4	2.0566416671474372
ARMS2	0.0
ARNILA	0.0
ARNT	0.48198695038170847
ARNT2	-0.3333333333333333
ARNT2-AS1	0.3333333333333333
ARNT2-AS2	0.0
ARNT2-AS3	0.0
ARNT2-DT	0.0
ARPC1A	1.0176774419351036
ARPC1AP1	0.0
ARPC1AP2	0.0
ARPC1AP3	0.5283208335737187
ARPC1AP4	-0.3333333333333333
ARPC1B	0.043094338981655156
ARPC1BP1	0.0
ARPC2	0.12555042751196765
ARPC3	0.21191515616558831
ARPC3P1	0.031036468130493988
ARPC3P2	0.0
ARPC3P3	-0.5283208335737187
ARPC3P4	-0.5789885313887351
ARPC3P5	0.0
ARPC4	0.23145105132409505
ARPC4-TTLL3	0.0
ARPC5	0.33956094015209537
ARPC5L	-0.15320501309238566
ARPIN	0.16434667042670537
ARPIN-AP3S2	0.0
ARPP19	0.03158415024966743
ARPP19P1	0.0
ARPP19P2	-0.6666666666666666
ARPP21	0.0
ARPP21-AS1	0.0
ARR3	1.3899750004807707
ARRB1	0.2452931629791415
ARRB2	0.5612931300668134
ARRDC1	0.8292456626191473
ARRDC1-AS1	0.5556676786662136
ARRDC2	-0.3433315800992789
ARRDC3	1.5316352450940096
ARRDC3-AS1	2.0322871797508633
ARRDC4	3.5502973934739512
ARRDC5	0.3333333333333333
ARSA	1.3378207532688546
ARSB	-0.8610063402298138
ARSD	0.7361594140705678
ARSD-AS1	0.0
ARSDP1	-0.4210114686112645
ARSF	0.0
ARSFP1	0.0
ARSG	-0.16318097854749158
ARSH	0.0
ARSI	-2.084585530748594
ARSJ	0.0
ARSK	0.7832441667195944
ARSL	-0.8486718638732702
ARSLP1	0.0
ART1	0.3333333333333333
ART2BP	0.0
ART2P	0.0
ART3	0.5283208335737187
ART4	-3.502598213399565
ART5	1.6666666666666665
ARTN	-1.0
ARV1	0.3717119035738268
ARVCF	0.5907673373201074
ARX	0.0
AS3MT	0.0
ASAH1	0.4948634024969554
ASAH1-AS1	0.861654166907052
ASAH2	-2.8556518638537516
ASAH2B	-0.16543018199351245
ASAP1	-0.07525941205860853
ASAP1-IT2	0.19498750024038541
ASAP2	0.4525719889362527
ASAP3	0.03690022849319785
ASB1	-0.4263319955017053
ASB10	0.0
ASB11	0.0
ASB12	0.0
ASB13	-0.1223718004041272
ASB14	-0.08767813527793145
ASB15	0.0
ASB15-AS1	0.0
ASB16	1.9649392544359812
ASB16-AS1	1.0797625456979554
ASB17	0.0
ASB18	0.0
ASB2	-1.3529645630178557
ASB3	0.47788439248206327
ASB4	-4.079866176416375
ASB5	0.0
ASB6	0.5467701250876811
ASB6-AS1	1.0566416671474375
ASB7	0.035775428902089956
ASB8	0.13102124881518762
ASB9	-0.6666666666666665
ASB9P1	-1.7974391409262536
ASCC1	0.6314725546444366
ASCC2	0.11536762259864641
ASCC3	0.12422285839644331
ASCL1	0.0
ASCL2	-0.5283208335737186
ASCL3	0.0
ASCL4	0.0
ASCL5	-0.3333333333333333
ASDURF	0.0
ASF1A	0.09254439056246255
ASF1B	1.3675456238821715
ASGR1	-1.7224117067803162
ASGR2	-1.8610050255620258
ASH1L	-0.11276722434555353
ASH1L-AS1	0.9416377644806362
ASH1L-IT1	-0.6666666666666666
ASH2L	-0.36597573459887656
ASH2LP1	0.0
ASH2LP2	0.0
ASH2LP3	0.0
ASH2LP4	0.0
ASIC1	-1.4726175049619659
ASIC2	0.0
ASIC2-AS1	0.0
ASIC2-AS2	0.0
ASIC2-AS3	0.0
ASIC3	0.0
ASIC4	0.08767813527793122
ASIC4-AS1	0.0
ASIC5	0.0
ASIP	0.33333333333333326
ASL	0.4363695534379115
ASLP1	0.0
ASMER1	0.7097610056483219
ASMT	0.0
ASMTL	0.0
ASMTL-AS1	0.0
ASNS	-1.352964563017856
ASNSD1	-0.33985207987257304
ASNSP1	0.0
ASNSP3	0.0
ASNSP4	0.0
ASNSP6	0.0
ASPA	0.0
ASPDH	1.302296865202839
ASPG	0.0
ASPH	0.3587503517504036
ASPHD1	-0.9161537443346788
ASPHD2	0.3333333333333333
ASPM	0.18527421930037669
ASPN	-0.5283208335737186
ASPNAT	-1.4541900264615695
ASPRV1	-0.19498750024038541
ASPSCR1	-1.7698963634058282
ASRGL1	0.2556798091396004
ASS1	-1.752803901661311
ASS1P1	0.0
ASS1P10	0.0
ASS1P11	0.0
ASS1P12	0.0
ASS1P13	0.0
ASS1P14	0.0
ASS1P2	-0.3333333333333333
ASS1P3	0.0
ASS1P4	0.0
ASS1P5	0.0
ASS1P6	0.0
ASS1P7	0.0
ASS1P8	0.0
ASS1P9	0.0
ASTE1	-0.6957801255268699
ASTILCS	-1.1949875002403854
ASTL	0.0
ASTN1	0.3333333333333333
ASTN2	-0.4286875474434515
ASTN2-AS1	0.0
ASXL1	0.22715890665107885
ASXL2	-0.2978035622649866
ASXL3	0.0
ASXL3-DT	0.0
ASZ1	0.3333333333333333
ATAD1	0.055101259247786416
ATAD2	-0.19920760027097906
ATAD2B	0.1068751517114439
ATAD3A	-0.5391920001261212
ATAD3B	-0.3787569001832445
ATAD3C	-0.8135241971286598
ATAD5	0.06374301182559705
ATAT1	0.43821186744033636
ATCAY	-0.3333333333333333
ATE1	-0.4607109778040783
ATE1OSP	0.3333333333333333
ATF1	-0.6836121768233321
ATF1P1	0.0
ATF2	0.2961212504489641
ATF3	1.0211676474353863
ATF4	-0.5524713644166983
ATF4P1	0.3333333333333333
ATF4P2	0.0
ATF4P3	-0.861654166907052
ATF4P4	0.0
ATF5	0.43927066213837573
ATF6	0.45007690866162964
ATF6-DT	0.5283208335737187
ATF6B	-0.18897619263029775
ATF7	0.5321527131863286
ATF7-AS1	0.0
ATF7-NPFF	0.3333333333333333
ATF7IP	-1.8505033190566937
ATF7IP2	0.2618889539144833
ATG10	0.4415543542028679
ATG10-AS1	0.5283208335737186
ATG10-IT1	0.0
ATG101	-0.06084869199596188
ATG12	0.037390849237670665
ATG12P1	-0.3333333333333333
ATG12P2	-0.04184362736128633
ATG13	0.38174058465693506
ATG14	0.24765856464010305
ATG16L1	0.044978423498266196
ATG16L2	1.442975655642873
ATG2A	0.7950459454299938
ATG2B	0.6954921417396074
ATG3	-0.2707906984925179
ATG3P1	0.0
ATG4A	0.8331903364968367
ATG4AP1	0.0
ATG4B	0.7930811941554881
ATG4C	0.5342215008182052
ATG4D	0.3914801608549361
ATG5	0.3404644146584923
ATG7	0.007877758553273218
ATG9A	0.5627305935879328
ATG9B	-0.08767813527793122
ATIC	-0.6526244741105183
ATL1	0.18144017207460283
ATL2	0.054589021926529924
ATL3	0.0
ATM	0.08877999615099341
ATMIN	0.46433402002468505
ATMINP1	-0.10730936496245391
ATN1	-0.5449239952875242
ATOH1	0.0
ATOH7	1.0566416671474375
ATOH8	0.10730936496245413
ATOSA	0.6323865360859964
ATOSB	-0.2408220081570307
ATOSBP1	0.3333333333333333
ATOX1	0.2629449446956027
ATOX1-AS1	0.4210114686112646
ATP10A	0.3899750004807707
ATP10A-DT	0.0
ATP10B	0.0
ATP10D	0.5196609144830191
ATP11A	-0.48659902434321367
ATP11A-AS1	0.3333333333333333
ATP11AUN	0.0
ATP11B	0.552458138605882
ATP11B-DT	-0.19498750024038541
ATP11C	-0.34711386350166684
ATP12A	0.0
ATP13A1	-0.002775942923669561
ATP13A2	0.8822387830329994
ATP13A3	0.29815766912987485
ATP13A3-DT	0.33333333333333337
ATP13A4	0.0
ATP13A4-AS1	-0.3333333333333333
ATP13A5	0.0
ATP13A5-AS1	0.0
ATP1A1	-0.1732448069476149
ATP1A1-AS1	1.2260239683708791
ATP1A2	0.0
ATP1A3	0.0
ATP1A4	0.0
ATP1B1	0.6541781196598961
ATP1B1P1	1.1073093649624541
ATP1B2	0.3333333333333333
ATP1B3	0.5568890867798135
ATP1B3-AS1	0.19498750024038514
ATP1B3P1	0.0
ATP1B4	0.0
ATP23	0.5566171327692238
ATP2A1	0.08033603316793148
ATP2A1-AS1	0.0
ATP2A2	-0.2497333288148802
ATP2A3	0.5283208335737186
ATP2B1	0.5716386756817737
ATP2B1-AS1	0.6432035573695338
ATP2B2	0.0
ATP2B2-IT1	0.0
ATP2B2-IT2	0.0
ATP2B3	0.0
ATP2B4	0.5418725157900024
ATP2C1	-0.22766894126444726
ATP2C2	0.1383458330929479
ATP2C2-AS1	0.5283208335737187
ATP4A	0.3333333333333333
ATP4B	0.3333333333333333
ATP5F1A	0.16921544815510714
ATP5F1AP1	0.0
ATP5F1AP10	0.0
ATP5F1AP2	0.0
ATP5F1AP3	0.0
ATP5F1AP4	0.0
ATP5F1AP7	0.0
ATP5F1AP8	0.0
ATP5F1B	-0.020883772914039866
ATP5F1BP1	0.0
ATP5F1C	0.2820717843353826
ATP5F1CP1	0.5283208335737186
ATP5F1D	-0.021490641658955312
ATP5F1E	-0.07274306789519525
ATP5F1EP1	0.0
ATP5F1EP2	-0.3333333333333333
ATP5IF1	0.07113784836532133
ATP5IF1-AS1	1.5147735054079368
ATP5MC1	-0.38264014522761247
ATP5MC1P1	0.0
ATP5MC1P2	-0.24565519805540204
ATP5MC1P3	0.0
ATP5MC1P4	0.0
ATP5MC1P5	0.0
ATP5MC1P6	0.3333333333333333
ATP5MC1P7	0.0
ATP5MC1P8	0.0
ATP5MC2	0.26818897877641845
ATP5MC2P1	0.0
ATP5MC2P2	0.0
ATP5MC2P3	0.0
ATP5MC2P4	0.0
ATP5MC2P5	0.0
ATP5MC3	0.09142704447114092
ATP5ME	-0.6681486350103985
ATP5MF	0.260754178590612
ATP5MF-PTCD1	0.3333333333333333
ATP5MFP1	0.0
ATP5MFP2	0.0
ATP5MFP3	0.0
ATP5MFP4	1.0
ATP5MFP5	0.0
ATP5MFP6	0.0
ATP5MFP7	-0.6666666666666666
ATP5MG	0.284544776078441
ATP5MGL	0.1383458330929479
ATP5MGP1	0.0
ATP5MGP2	-0.19498750024038541
ATP5MGP3	0.0
ATP5MGP4	0.0
ATP5MGP5	0.0
ATP5MGP6	0.0
ATP5MGP7	0.0
ATP5MGP8	0.138345833092948
ATP5MJ	0.08531365112408551
ATP5MK	-0.18277593494027045
ATP5MKP1	0.0
ATP5PB	-0.3211325942099794
ATP5PBP1	-0.7974391409262533
ATP5PBP2	0.0
ATP5PBP3	0.0
ATP5PBP4	0.0
ATP5PBP5	0.0
ATP5PBP6	0.0
ATP5PBP7	0.0
ATP5PBP8	0.0
ATP5PD	0.4296485835287376
ATP5PDP1	0.0
ATP5PDP2	0.0
ATP5PDP3	0.0
ATP5PDP4	1.1383458330929481
ATP5PF	-0.25770134154423197
ATP5PFP1	0.0
ATP5PFP2	0.0
ATP5PFP3	0.0
ATP5PFP4	-0.33333333333333337
ATP5PO	0.04510994669655144
ATP5POP1	0.0
ATP6AP1	0.6062799628132147
ATP6AP1-DT	-0.5283208335737187
ATP6AP1L	0.23296585111089563
ATP6AP2	0.6830130697591477
ATP6V0A1	1.3684425797340198
ATP6V0A2	0.3395385593891156
ATP6V0A4	0.0
ATP6V0B	0.6167738213983007
ATP6V0C	0.8616541669070521
ATP6V0CP1	0.0
ATP6V0CP2	0.0
ATP6V0CP3	0.0
ATP6V0CP4	0.0
ATP6V0D1	0.8925743989185984
ATP6V0D1-DT	-0.08236428732159062
ATP6V0D2	0.0
ATP6V0E1	0.13710250262440837
ATP6V0E1P1	0.6666666666666667
ATP6V0E1P2	0.0
ATP6V0E1P3	-0.5283208335737187
ATP6V0E1P4	0.0
ATP6V0E2	-0.6772309373338441
ATP6V0E2-AS1	0.21247664020509727
ATP6V1A	0.4752499546463991
ATP6V1B1	0.6666666666666666
ATP6V1B1-AS1	-0.3333333333333333
ATP6V1B2	0.6055577907851983
ATP6V1C1	0.1482504676970553
ATP6V1C2	-1.2138486763625083
ATP6V1D	0.910669180231519
ATP6V1E1	0.1848868057764692
ATP6V1E1P1	0.0
ATP6V1E1P2	0.0
ATP6V1E1P3	0.0
ATP6V1E2	-1.8359315467328987
ATP6V1F	0.40240132258669536
ATP6V1FP1	0.0
ATP6V1FP2	-0.3333333333333333
ATP6V1G1	0.16033482312876757
ATP6V1G1P1	0.0
ATP6V1G1P2	0.0
ATP6V1G1P3	0.0
ATP6V1G1P4	0.0
ATP6V1G1P5	0.0
ATP6V1G1P6	-0.6666666666666666
ATP6V1G1P7	0.0
ATP6V1G2	0.3333333333333333
ATP6V1G2-DDX39B	0.0
ATP6V1G3	0.0
ATP6V1H	0.14462143326139643
ATP7A	0.28306127383513147
ATP7B	-0.5238955543510908
ATP7BP1	0.0
ATP8A1	1.411304272695908
ATP8A1-DT	-0.5283208335737187
ATP8A2	-1.1383458330929481
ATP8A2P2	0.1383458330929479
ATP8A2P3	0.0
ATP8B1	-0.7444772695730881
ATP8B1-AS1	0.2456551980554018
ATP8B2	0.2715927551276094
ATP8B3	-0.904748505888707
ATP8B4	-1.0566416671474375
ATP8B5P	0.19498750024038536
ATP9A	-1.9130611398053414
ATP9B	0.13138415670622638
ATP9B-AS1	0.0
ATPAF1	0.5313789446754669
ATPAF2	0.35502012032317154
ATPSCKMT	0.26378691124362774
ATR	0.4733155121331949
ATRAID	0.11504010637123763
ATRIP	0.6858114523966208
ATRN	0.4448676317002125
ATRNL1	-1.3899750004807707
ATRX	-0.12582864399561444
ATXN1	-0.036925239459110415
ATXN1-AS1	1.742939563498627
ATXN10	0.35793245236058624
ATXN1L	0.08028696941775237
ATXN2	-0.3307290034896688
ATXN2-AS	1.6356301985361728
ATXN2L	-0.10000468981379385
ATXN3	0.11924243453107941
ATXN3L	0.0
ATXN7	0.5574751139904981
ATXN7L1	-0.1745206520190039
ATXN7L2	-0.925666751989485
ATXN7L3	-0.08690645799508445
ATXN7L3-AS1	-0.6666666666666666
ATXN7L3B	0.05885575416095534
ATXN7L3P1	0.0
ATXN8OS	0.0
AUH	-0.37349616640446026
AUNIP	0.20484379737797198
AUP1	0.023313174459984154
AURKA	-0.5773721253991191
AURKAIP1	0.02999626308156067
AURKAP1	0.0
AURKAP2	0.0
AURKB	0.0014911588597694703
AURKBP1	-0.3333333333333333
AURKC	0.47167916642628127
AUTS2	0.3333333333333333
AVEN	-0.6432035573695338
AVIL	-0.8420229372225292
AVL9	0.1619884057081924
AVP	0.0
AVPI1	-0.9512505468463566
AVPR1A	0.0
AVPR1B	0.0
AVPR1B-DT	0.0
AVPR2	0.0
AWAT1	0.0
AWAT2	0.0
AXDND1	-0.33333333333333337
AXIN1	0.06881695915580899
AXIN2	0.1564449308940068
AXL	-0.9304711260628609
AZGP1	-0.3986624326761703
AZGP1P1	0.3333333333333333
AZGP1P2	0.0
AZI2	0.34361541495319425
AZIN1	0.6143755568052818
AZIN1-AS2	1.9357849740192012
AZIN2	1.8876550042408096
AZU1	0.3333333333333333
AZU1P1	0.0
B2M	0.845268986827735
B3GALNT1	0.0
B3GALNT1P1	-0.5283208335737186
B3GALNT2	0.6082661095901978
B3GALNT2P1	0.0
B3GALT1	0.5283208335737187
B3GALT1-AS1	0.0
B3GALT2	-0.07413080711214981
B3GALT4	0.056641667147437236
B3GALT5	0.0
B3GALT5-AS1	0.0
B3GALT6	0.06952208882314359
B3GALT9	0.9374887786250685
B3GAT1	0.0
B3GAT1-DT	-0.3333333333333333
B3GAT2	-0.6590933078333054
B3GAT3	1.0889035809119196
B3GAT3P1	0.0
B3GLCT	-0.7908087242676318
B3GNT2	0.8952456805639413
B3GNT2P1	0.0
B3GNT3	-1.3002105350456117
B3GNT4	0.8616541669070521
B3GNT5	0.0
B3GNT6	0.0
B3GNT7	-0.6666666666666667
B3GNT8	-0.9357849740192015
B3GNT9	-0.24082200815703025
B3GNTL1P1	-0.3333333333333333
B3GNTL1P2	0.0
B4GALNT1	-0.13077247425958616
B4GALNT2	0.0
B4GALNT2P1	0.0
B4GALNT3	-1.0
B4GALNT4	-2.2333936694562935
B4GALT1	0.027158198942474954
B4GALT1-AS1	0.0
B4GALT2	-0.950489500553183
B4GALT3	0.319269158147347
B4GALT4	-0.2675263601954212
B4GALT4-AS1	-0.6666666666666667
B4GALT5	0.008679225441920124
B4GALT6	0.285502802136822
B4GALT7	0.7196324786168979
B4GAT1	-0.9324409228279569
B4GAT1-DT	-0.4752706569576741
B9D1	-0.16683837728075446
B9D2	-1.3333333333333335
BAALC	0.0
BAALC-AS2	0.0
BAAT	-2.0256051990169435
BABAM1	-0.2910720880039941
BABAM2	0.29460654383288976
BABAM2-AS2	0.1383458330929479
BACC1	0.33333333333333326
BACE1	-0.14206281643288943
BACE1-AS	-0.8109864690920352
BACE2	0.3333333333333333
BACE2-IT1	0.0
BACH1	0.5325651260783699
BACH1-AS1	0.8791433068717638
BACH1-IT1	0.7739760316291205
BACH1-IT2	0.06421502598079865
BACH1-IT3	0.0
BACH2	0.0
BAD	0.8754797122324387
BAG1	-0.367227118660022
BAG1P1	0.0
BAG2	-0.15966987893149387
BAG3	0.9291972224120584
BAG4	0.8042492380731261
BAG5	-0.5172652122619859
BAG5-AS1	-0.3333333333333333
BAG6	0.3102522313839904
BAGE2	0.3333333333333333
BAHCC1	0.26705410221414905
BAHD1	0.43552059379157093
BAIAP2	1.6946529181639338
BAIAP2-DT	-0.7974391409262533
BAIAP2L1	-0.4582678552753974
BAIAP2L2	-1.7618007396207498
BAIAP3	1.8071545894794254
BAK1	0.08373242009917004
BAK1P1	0.0
BAK1P2	0.0
BALR6	0.0
BAMBI	0.9457408116535913
BANCR	0.0
BANF1	-0.2514577963757878
BANF1P1	-1.6356301985361728
BANF1P2	0.5283208335737187
BANF1P3	-0.3333333333333333
BANF1P4	0.0
BANF1P5	0.0
BANF2	0.0
BANK1	-0.5283208335737187
BANP	0.10367478292287569
BAP1	-0.37364105647230694
BARD1	0.20270039984574773
BARHL1	0.0
BARHL2	0.0
BARX1	0.0
BARX1-DT	0.0
BARX2	0.0
BASP1	0.0
BASP1-AS1	0.0
BASP1P1	0.0
BATF	-0.3333333333333333
BATF2	-1.3034828050072362
BATF3	0.0
BAX	0.07057447838431496
BAZ1A	-0.04936621299637789
BAZ1A-AS1	-1.0517594084926372
BAZ1B	-0.2748567388866414
BAZ2A	0.05204601657074548
BAZ2B	-0.6852205543224219
BAZ2B-AS1	1.0
BBC3	0.2034991976094318
BBIP1	0.7479751942953632
BBIP1P1	-0.36436980146382725
BBLN	1.330681092057219
BBLNP1	0.0
BBLNP2	0.0
BBOF1	0.46410580759291964
BBOX1	0.3333333333333333
BBOX1-AS1	0.0
BBS1	1.578988531388735
BBS10	0.6580717829316622
BBS12	1.0
BBS2	1.0619321121848326
BBS4	0.9885947615540287
BBS5	-0.09469867378720753
BBS7	0.4613811637776877
BBS7-DT	0.0
BBS9	0.14019189427342482
BBX	-0.2917961997804026
BCAM	0.05609661918724562
BCAN	0.1382255934756298
BCAN-AS1	1.7097610056483223
BCAN-AS2	0.9196639668320685
BCAP29	0.9861322006364563
BCAP31	0.37274310395878896
BCAP31P1	0.3333333333333333
BCAP31P2	0.0
BCAR1	0.43916741573511864
BCAR1P1	0.0
BCAR1P2	0.0
BCAR3	-0.08811353444480607
BCAR3-AS1	-1.0409700606415742
BCAR4	0.0
BCAS1	-2.6356301985361723
BCAS1-AS1	0.0
BCAS2	0.5491366266332376
BCAS2P1	0.0
BCAS2P2	0.3333333333333333
BCAS2P3	0.0
BCAS3	-0.1869723422515026
BCAS3-AS1	0.0
BCAS4	0.10138095034488437
BCAT1	-2.0284506154390636
BCAT1-AS1	0.3333333333333333
BCAT1-DT	0.0
BCAT2	-0.3098702240362008
BCCIP	-0.5450745776530752
BCDIN3D	1.4459565462521282
BCDIN3D-AS1	-0.1579770627774708
BCHE	-0.5283208335737187
BCKDHA	0.6666666666666667
BCKDHB	1.4249277953986628
BCKDK	0.4125660152463144
BCL10	0.24614777040919478
BCL10-AS1	-0.19498750024038541
BCL11A	0.0
BCL11B	0.0
BCL11B-AS1	0.0
BCL2	-2.1221074047486055
BCL2A1	0.3333333333333333
BCL2L1	-0.20685188761747053
BCL2L1-AS1	-0.47913510410243276
BCL2L10	0.0
BCL2L11	0.6182202122786533
BCL2L12	1.1235100959931579
BCL2L12P1	0.0
BCL2L13	0.3390348118839803
BCL2L14	-0.5283208335737187
BCL2L15	0.0
BCL2L2	0.028042514509285965
BCL2L2-PABPN1	0.5283208335737187
BCL3	-0.4331867606196358
BCL6	0.10553319176339038
BCL6-AS1	0.0
BCL6B	0.3333333333333333
BCL7A	-1.881285396591575
BCL7B	0.8334534119597388
BCL7C	-0.021574255951922083
BCL9	0.36177544534760386
BCL9L	0.399292953740618
BCL9P1	0.0
BCLAF1	0.1970532302935748
BCLAF1P1	-0.861654166907052
BCLAF1P2	0.7233083338141041
BCLAF3	1.3092370463977074
BCO1	0.3333333333333333
BCO2	-0.3333333333333333
BCOR	-0.24333877991712072
BCORL1	0.44064269829578606
BCORP1	1.3899750004807707
BCR	0.22393483438295458
BCRP1	-0.3333333333333333
BCRP2	0.0
BCRP3	-0.5283208335737187
BCRP4	0.0
BCRP5	0.0
BCRP6	0.0
BCRP7	0.0
BCRP8	0.0
BCRP9	0.0
BCS1L	0.340417656634024
BCYRN1	1.4000191549874863
BDH1	-2.607612116500272
BDH2	-0.5889043125200866
BDH2P1	0.0
BDKRB1	0.0
BDKRB1-AS1	0.0
BDKRB2	0.3333333333333333
BDNF	0.3333333333333333
BDNF-AS	1.709761005648322
BDP1	0.2350821095748934
BDP1P	0.0
BEAN1	-1.0566416671474372
BEAN1-AS1	0.0
BECN1	0.4646481039409682
BECN1P2	0.0
BECN2	0.0
BEGAIN	0.3333333333333333
BEGAIN-AS1	0.0
BEND2	0.0
BEND3	-1.4364273461310626
BEND3P1	-1.092816486073494
BEND3P2	0.0
BEND3P3	0.0
BEND4	0.0
BEND5	0.0
BEND6	0.0
BEND7	-0.21132644030982206
BEND7-DT	0.0
BEND7P1	0.0
BEST1	1.4666435356295455
BEST2	0.3333333333333333
BEST3	0.3333333333333333
BEST4	-0.7097610056483223
BET1	-0.5836150894262389
BET1-AS1	0.0
BET1L	0.1255506859189417
BET1P1	0.0
BETALINC1	0.0
BEX1	-0.08901481420881385
BEX2	-0.3333333333333333
BEX3	0.46512632450279146
BEX4	0.0
BEX5	0.0
BFAR	0.04773931628277772
BFSP1	-1.1073093649624541
BFSP2	0.0
BFSP2-AS1	0.0
BGLAP	0.0
BGLT3	0.0
BGN	-0.47167916642628116
BHLHA15	-1.5283208335737186
BHLHA9	0.0
BHLHE22	0.0
BHLHE22-AS1	0.0
BHLHE23	0.0
BHLHE40	0.3774126613599478
BHLHE40-AS1	0.0
BHLHE41	0.0
BHMT	0.1761263241182629
BHMT2	-0.9016446191543714
BICC1	0.5073925443954908
BICD1	0.3975483593141318
BICD1-AS1	0.0
BICD1P1	-0.5283208335737187
BICD2	0.12281268649503296
BICDL1	0.9001465727136968
BICDL2	0.6666666666666666
BICDL3P	0.3333333333333333
BICRA	0.8800012880930392
BICRA-AS1	0.0
BICRA-AS2	-0.6666666666666666
BICRAL	-1.1013508428433711
BID	-1.2543240774317184
BIK	1.1949875002403854
BIN1	-0.6309612458715472
BIN2	0.3333333333333333
BIN2P1	0.0
BIN2P2	0.0
BIN3	0.4590232163599417
BIRC2	0.2132181191946927
BIRC3	-2.0722486193984357
BIRC5	0.2358928716673514
BIRC6	0.37411450892455456
BIRC6-AS1	0.10730936496245391
BIRC6-AS2	0.19982069013875714
BIRC7	0.3333333333333333
BIRC8	0.0
BISPR	1.4237137852037138
BIVM	0.1399785220038714
BIVM-ERCC5	0.0
BKGD	-0.709594309636433
BLACAT1	-1.1553248215013565
BLACE	0.0
BLCAP	0.21419627140517683
BLID	0.0
BLK	0.0
BLK-AS1	-0.3333333333333333
BLM	0.32682265170914704
BLMH	-0.5051591334666243
BLNK	0.0
BLOC1S1	-0.46882516192513934
BLOC1S2	0.10950317435659862
BLOC1S2P1	0.0
BLOC1S3	-0.35570473195284613
BLOC1S4	0.667417637300626
BLOC1S5	-0.058728449970471
BLOC1S5-TXNDC5	0.0
BLOC1S6	0.17235352883511368
BLOC1S6P1	0.0
BLTP1	0.1910476409069659
BLTP2	0.5577648546386946
BLTP3A	-0.2051052000338025
BLTP3B	0.395373903381933
BLTP3B-DT	1.3333333333333333
BLVRA	0.3881443097667905
BLVRB	0.3479491801463013
BLVRBP1	-0.3333333333333333
BLZF1	0.1466373893059565
BLZF2P	0.3899750004807707
BMAL1	0.24214497555801096
BMAL2	0.09077321127761451
BMAL2-AS1	0.3333333333333333
BMERB1	-1.1949875002403854
BMF	0.07413080711214937
BMF-AS1	0.0
BMI1	-0.2640622480030048
BMI1P1	0.0
BMP1	0.22468999151838087
BMP10	0.0
BMP15	0.0
BMP2	0.0
BMP2K	0.7911746361835608
BMP2K-DT	1.1949875002403854
BMP2KL	0.0
BMP3	0.0
BMP4	-0.25800013034649094
BMP5	0.0
BMP6	-0.004882258654800076
BMP6P1	0.0
BMP7	0.0
BMP7-AS1	0.0
BMP8A	0.19498750024038536
BMP8B	2.1336264787607284
BMP8B-AS1	0.3333333333333333
BMPER	0.0
BMPR1A	0.08178439928561687
BMPR1AP1	0.0
BMPR1AP2	0.3333333333333333
BMPR1B	0.3333333333333333
BMPR1B-DT	0.0
BMPR2	0.7973719810424811
BMS1	0.06530964162782116
BMS1P1	-0.49993930649195395
BMS1P10	-0.3333333333333333
BMS1P11	0.0
BMS1P12	0.3333333333333333
BMS1P13	0.0
BMS1P14	0.0
BMS1P15	0.3333333333333333
BMS1P16	0.0
BMS1P17	0.47167916642628127
BMS1P19	0.0
BMS1P2	0.5283208335737186
BMS1P20	0.0
BMS1P21	0.0
BMS1P22	0.7233083338141038
BMS1P23	-0.5888886094605406
BMS1P3	0.0
BMS1P4	2.0247138209175017
BMS1P4-AGAP5	0.0
BMS1P7	-0.19498750024038541
BMS1P8	-0.861654166907052
BMS1P9	0.0
BMX	-0.3333333333333333
BNAT1	0.0
BNC1	0.0
BNC2	0.0
BNC2-AS1	0.0
BNIP1	-0.894758506322614
BNIP2	0.33910769766259286
BNIP3	0.06615783851789381
BNIP3L	1.0693538184979259
BNIP3P1	1.4972843654432246
BNIP3P10	-0.7739760316291207
BNIP3P11	-0.7739760316291204
BNIP3P13	0.0
BNIP3P14	0.0
BNIP3P15	0.0
BNIP3P16	-0.5283208335737187
BNIP3P17	0.0
BNIP3P18	0.0
BNIP3P19	0.0
BNIP3P2	0.0
BNIP3P20	0.0
BNIP3P22	0.0
BNIP3P23	0.0
BNIP3P24	0.19498750024038547
BNIP3P25	0.0
BNIP3P26	0.5283208335737186
BNIP3P27	0.8616541669070521
BNIP3P28	0.0
BNIP3P29	0.0
BNIP3P3	0.0
BNIP3P30	0.0
BNIP3P31	0.0
BNIP3P32	0.0
BNIP3P33	0.0
BNIP3P34	0.0
BNIP3P35	0.0
BNIP3P36	0.0
BNIP3P37	0.0
BNIP3P38	0.3333333333333333
BNIP3P39	0.0
BNIP3P4	0.3333333333333333
BNIP3P40	0.0
BNIP3P41	0.0
BNIP3P42	0.602451640685868
BNIP3P43	0.0
BNIP3P44	0.0
BNIP3P45	0.9123218647220687
BNIP3P46	0.0
BNIP3P47	0.0
BNIP3P5	-0.7739760316291208
BNIP3P6	0.0
BNIP3P7	0.0
BNIP3P8	0.3333333333333333
BNIP3P9	0.0
BNIP5	-0.3333333333333333
BNIPL	-0.19498750024038536
BOC	0.0
BOD1	-0.3956038641134052
BOD1L1	-0.10935792490786778
BOD1L2	0.0
BOD1P1	0.0
BOD1P2	0.0
BOK	-0.2068743811507341
BOLA1	0.1618089423900806
BOLA2	0.7739760316291208
BOLA2-SMG1P6	0.33333333333333337
BOLA2B	0.5283208335737186
BOLA2P1	0.0
BOLA2P2	-0.3899750004807707
BOLA2P3	0.0
BOLA3	-0.05968397472012743
BOLA3-DT	-0.6276314391883009
BOLA3P1	1.0
BOLA3P2	0.0
BOLA3P3	0.0
BOLA3P4	0.0
BOLL	-0.3333333333333333
BOP1	0.4362721677419792
BORA	-0.384069190505981
BORCS5	0.07906501546419875
BORCS6	0.7308816926474657
BORCS7	-0.18901953197299726
BORCS7-ASMT	0.0
BORCS8	1.019318856599838
BORCS8-MEF2B	0.0
BORCS8P1	0.0
BPESC1	0.0
BPGM	-0.10365926510893964
BPHL	0.6346874451525668
BPI	0.0
BPIFA1	0.0
BPIFA2	0.0
BPIFA3	0.0
BPIFA4P	0.0
BPIFB1	0.3333333333333333
BPIFB2	-1.369088556731918
BPIFB3	0.0
BPIFB4	0.0
BPIFB5P	0.0
BPIFB6	-0.7233083338141042
BPIFB9P	0.8616541669070519
BPIFC	0.0
BPNT1	-0.3441445293393137
BPNT2	0.37320458579041826
BPNT2P1	0.0
BPTF	-0.18814461729725718
BPTFP1	0.0
BPY2	0.0
BPY2B	0.0
BPY2C	0.0
BPY2DP	0.0
BRAF	0.2758477287782428
BRAFP1	-0.19498750024038547
BRAP	0.25714140376429206
BRAT1	0.19594574299479461
BRCA1	0.08952778235844949
BRCA1P1	-0.3333333333333333
BRCA2	0.23346894419479014
BRCC3	-0.1426449302751287
BRCC3P1	0.0
BRD1	-0.1878839981585818
BRD10	0.0027401689349888514
BRD2	0.9391497801333557
BRD3	-0.45082255861558274
BRD3OS	0.784336519833714
BRD4	-0.21872828037533054
BRD7	0.021921032416736708
BRD7P1	0.0
BRD7P2	0.3333333333333333
BRD7P3	0.3333333333333333
BRD7P4	0.6356301985361729
BRD7P5	0.0
BRD7P6	0.0
BRD7P7	0.0
BRD8	0.8221060014075121
BRD9	0.3342670064707072
BRD9P1	0.0
BRD9P2	0.0
BRDT	0.0
BRDTP1	0.0
BRF1	0.6862978963511885
BRF2	-0.6765354873617739
BRI3	-0.03278759119711694
BRI3BP	-0.39729930811696956
BRI3BPP1	0.0
BRI3P1	-0.861654166907052
BRI3P2	0.0
BRI3P3	0.0
BRICD5	1.1949875002403851
BRINP1	0.0
BRINP2	-0.5283208335737187
BRINP3	0.0
BRINP3-DT	0.0
BRIP1	-0.03589849163993453
BRIX1	-0.8815012190091611
BRIX1P1	0.0
BRK1	0.16071223565148873
BRK1P1	0.0
BRK1P2	0.0
BRME1	-0.861654166907052
BRMS1	0.3419504773164217
BRMS1L	0.7700394807820317
BROX	0.03794655053074081
BRPF1	0.129890259706805
BRPF3	-0.03282543400235216
BRPF3-AS1	0.1383458330929479
BRS3	0.861654166907052
BRSK1	0.0
BRSK1-AS1	0.0
BRSK2	0.19498750024038536
BRWD1	0.14139567520251983
BRWD1-AS1	0.6666666666666667
BRWD1-IT1	0.47167916642628127
BRWD1P1	0.0
BRWD1P2	0.0
BRWD1P3	0.0
BRWD3	-0.47056973363751453
BSCL2	0.5692730828355632
BSDC1	0.524222823659545
BSG	0.5203064047440069
BSG-AS1	-0.33333333333333326
BSN	0.4345587967770461
BSN-AS1	0.3333333333333333
BSN-DT	0.08767813527793122
BSND	0.0
BSNDP1	0.0
BSNDP2	0.0
BSNDP3	0.0
BSNDP4	0.0
BSPH1	0.0
BSPRY	0.3333333333333333
BST1	0.0
BST2	-0.824643729444138
BSX	0.0
BTAF1	0.5876542629323325
BTBD1	0.1463824731920642
BTBD10	0.4127199123982548
BTBD10P1	0.0
BTBD10P2	1.5283208335737188
BTBD16	-2.783278030485749
BTBD17	0.0
BTBD18	-0.7097610056483217
BTBD19	1.4074641404454833
BTBD2	0.6597275444302975
BTBD3	-0.2706904886653021
BTBD3-AS1	0.2691183073525343
BTBD6	1.0
BTBD6P1	0.0
BTBD7	-0.016576056457605404
BTBD7P1	0.0
BTBD7P2	0.0
BTBD8	0.48159494755763266
BTBD9	-0.3925127285173957
BTBD9-AS1	0.0
BTC	0.0
BTD	1.073623728005903
BTF3	-0.020076199471155576
BTF3-DT	0.510171572232927
BTF3L4	-0.23776172534846474
BTF3L4P1	0.5849625007211561
BTF3L4P2	-0.6666666666666666
BTF3L4P3	-0.3333333333333333
BTF3L4P4	0.0
BTF3P1	0.0
BTF3P10	0.0
BTF3P11	0.0
BTF3P12	-0.6666666666666666
BTF3P13	0.0
BTF3P14	0.0
BTF3P15	0.0
BTF3P16	0.861654166907052
BTF3P2	0.0
BTF3P3	-0.5283208335737187
BTF3P4	0.0
BTF3P5	0.0
BTF3P6	-1.1949875002403854
BTF3P7	0.0
BTF3P8	-0.3333333333333333
BTF3P9	0.0
BTG1	1.6660334890281732
BTG1-DT	0.5283208335737187
BTG1P1	0.0
BTG2	0.043843091426820635
BTG2-DT	0.0
BTG3	0.14009004968336392
BTG3-AS1	0.8986646043699664
BTG3P1	0.0
BTG4	0.0
BTG4P1	0.0
BTK	-0.1618089423900806
BTLA	0.0
BTN1A1	0.0
BTN1A1P1	-0.5283208335737187
BTN2A1	-0.39436578156508517
BTN2A2	0.26380445939619435
BTN2A3P	0.10203437590855957
BTN3A1	-1.43587341940116
BTN3A2	-1.8907337309511556
BTN3A3	-2.1103056260382056
BTNL10P	0.0
BTNL12P	0.0
BTNL2	0.3333333333333333
BTNL3	0.0
BTNL8	0.3333333333333333
BTNL9	-0.6666666666666666
BTRC	-0.005217244790812536
BUB1	0.6508535031697349
BUB1B	-0.30692795158255937
BUB1B-PAK6	0.0
BUB1P1	0.0
BUB3	0.07828372069029399
BUB3P1	-0.3333333333333333
BUD13	0.016371327568304395
BUD13-DT	0.19498750024038541
BUD13P1	0.0
BUD23	-0.09471241011588738
BUD31	0.41081520768796054
BUD31P1	0.0
BUD31P2	0.0
BYSL	-0.39430644334344045
BZW1	0.5628021966326244
BZW1-AS1	0.0
BZW1P1	0.0
BZW1P2	0.6100249995192293
BZW2	-0.5121390019651058
C10orf105	0.0
C10orf120	0.0
C10orf126	-0.9999999999999999
C10orf143	1.107309364962454
C10orf53	0.0
C10orf55	0.0
C10orf62	0.33333333333333326
C10orf67	0.0
C10orf67-AS1	0.0
C10orf71	0.0
C10orf71-AS1	0.0
C10orf88	-0.41372074178542917
C10orf88B	0.15403525097854098
C10orf90	0.0
C10orf95	-0.3333333333333333
C10orf95-AS1	-0.11597443447343547
C11orf16	0.5789885313887351
C11orf21	-0.861654166907052
C11orf24	0.25101233388181754
C11orf40	0.0
C11orf42	-0.4406426982957875
C11orf52	0.0
C11orf58	-0.288455393062959
C11orf58P1	0.0
C11orf65	0.05938183608242742
C11orf68	0.12626946882562962
C11orf71	1.3966130551885643
C11orf86	0.0
C11orf87	0.0
C11orf91	-0.3333333333333333
C11orf96	0.3333333333333333
C11orf97	0.0
C11orf98	0.0
C11orf98P1	0.0
C11orf98P2	0.0
C11orf98P3	0.0
C12orf42	0.0
C12orf42-AS1	0.0
C12orf43	0.5691525996291098
C12orf54	0.0
C12orf56	-0.5283208335737187
C12orf57	-0.005160475814404819
C12orf60	-0.3022968652028395
C12orf71	0.0
C12orf71BP	0.0
C12orf75	-0.04095224926184482
C12orf75-AS1	0.0
C12orf76	0.2677953399515536
C13orf42	0.0
C13orf46	0.0
C14orf119	0.39445671167804885
C14orf119P1	0.0
C14orf132	-0.3333333333333333
C14orf180	0.0
C14orf39	0.5283208335737187
C14orf93	0.2450273347882339
C15orf32	0.0
C15orf40	0.4138154329412105
C15orf61	-0.4470123059450226
C15orf62	0.05066769781501623
C16orf46	0.3333333333333333
C16orf46-AS1	-0.8616541669070521
C16orf46-DT	0.4716791664262814
C16orf54	0.0
C16orf78	0.0
C16orf82	0.0
C16orf86	-1.1307724742595866
C16orf89	-0.47167916642628127
C16orf90	0.0
C16orf95	-0.19498750024038536
C16orf95-DT	0.8071545894794254
C16orf96	0.0
C17orf100	-0.19881937985299558
C17orf107	0.0
C17orf113	-0.1383458330929479
C17orf114	0.30015477548302893
C17orf58	-0.14886760480074201
C17orf67	-1.1073093649624541
C17orf75	-0.4060270962111918
C17orf78	0.8616541669070521
C17orf99	-1.5283208335737186
C18orf15	-0.3333333333333333
C18orf32	-0.087678135277931
C18orf32P2	0.0
C18orf32P3	0.0
C18orf32P4	0.0
C18orf54	0.36008652397181873
C18orf63	0.0
C19orf12	-1.498652498220805
C19orf18	0.10730936496245413
C19orf25	0.510055624075231
C19orf33	0.0
C19orf38	-0.3333333333333333
C19orf44	-1.0
C19orf47	0.32193935481439606
C19orf48P	0.34813950654210934
C19orf53	-0.15649509443373955
C19orf67	-0.33333333333333337
C19orf73	0.8246437294441371
C19orf81	0.0
C19orf84	-0.3333333333333333
C19orf85	0.0
C1D	-0.2602942368988046
C1DP1	-0.3333333333333333
C1DP2	-0.5283208335737187
C1DP3	0.0
C1DP4	0.0
C1DP5	0.0
C1GALT1	-0.25821567586751293
C1GALT1C1	0.1873493695910513
C1GALT1C1L	0.3333333333333339
C1GALT1P1	0.6666666666666666
C1GALT1P2	0.0
C1GALT1P3	0.0
C1QA	0.0
C1QB	0.0
C1QBP	-0.36261070682196106
C1QBPP1	0.0
C1QBPP2	-0.6666666666666666
C1QC	-0.3333333333333333
C1QL1	0.47167916642628127
C1QL1P1	0.0
C1QL2	0.0
C1QL3	0.3333333333333333
C1QL4	-0.3333333333333333
C1QTNF1	-2.2691183073525347
C1QTNF1-AS1	-0.9357849740192015
C1QTNF12	0.6666666666666666
C1QTNF2	0.0
C1QTNF3	0.0
C1QTNF3-AMACR	0.0
C1QTNF4	0.0
C1QTNF5	0.0
C1QTNF6	-1.047179838002044
C1QTNF7	0.0
C1QTNF7-AS1	0.7739760316291208
C1QTNF8	-1.107309364962454
C1QTNF9	0.0
C1QTNF9-AS1	0.0
C1QTNF9B	0.0
C1R	-1.0762728968319604
C1RL	-0.14674194378989203
C1RL-AS1	-0.04228542651680822
C1S	-1.6313064825207664
C1orf105	0.8616541669070521
C1orf115	0.017112379683270618
C1orf116	-1.8170703706107763
C1orf122	0.11350438617050429
C1orf141	0.0
C1orf146	-0.5283208335737187
C1orf159	-0.2638433182986408
C1orf162	1.0
C1orf167	0.6666666666666666
C1orf167-AS1	0.0
C1orf174	0.24003165060343523
C1orf185	0.0
C1orf198	0.14855856087605535
C1orf202	0.0
C1orf21	0.0
C1orf21-DT	0.0
C1orf210	0.0
C1orf216	0.3333333333333333
C1orf220	-0.8926906350375459
C1orf226	0.33002058764795983
C1orf232	0.0
C1orf35	0.17052977146364512
C1orf50	1.02455234724177
C1orf52	0.5593573017042117
C1orf53	0.8445577573414349
C1orf54	0.19498750024038541
C1orf56	0.8435049055662596
C1orf74	1.2604532378415534
C1orf87	0.0
C1orf94	0.0
C2	-0.8476256997847127
C2-AS1	0.0
C20orf141	0.0
C20orf144	0.5925358595545176
C20orf173	0.0
C20orf181	-0.3333333333333333
C20orf202	0.0
C20orf203	-0.3333333333333333
C20orf204	-2.8183140724040294
C20orf96	-0.7928775025559895
C21orf140	0.0
C21orf58	0.5108793462309364
C21orf91	0.5112021426972584
C21orf91-OT1	0.3333333333333333
C22orf15	0.0
C22orf23	0.5283208335737186
C22orf31	0.3333333333333333
C22orf39	0.8895333767587132
C22orf42	0.0
C22orf46P	-0.34550862534170435
C2CD2	-0.8208093270794841
C2CD2L	0.5093451442121069
C2CD3	0.6283908294273077
C2CD4A	0.3333333333333335
C2CD4B	0.0
C2CD4C	0.0
C2CD4D	0.6666666666666666
C2CD4D-AS1	0.0
C2CD5	0.35051010021336104
C2CD5-AS1	0.0
C2orf15	-1.4939331438885843
C2orf42	1.1949875002403854
C2orf49-DT	-1.0776410296095391
C2orf66	0.0
C2orf68	0.646662038057709
C2orf69	0.17525847630408098
C2orf69P1	0.0
C2orf69P2	0.0
C2orf69P3	0.0
C2orf69P4	0.0
C2orf72	-0.4582328196859393
C2orf74-AS1	0.7739760316291205
C2orf76	0.7516046330096082
C2orf78	0.0
C2orf80	0.0
C2orf81	0.3333333333333333
C2orf92	-0.15583497305766025
C3	-0.26794445842759096
C3AR1	-0.3333333333333333
C3P1	0.0
C3orf18	-0.7974391409262533
C3orf22	-2.2776300047215807
C3orf38	0.3126142525385571
C3orf49	-0.6666666666666667
C3orf49P1	0.0
C3orf52	1.690129775963799
C3orf62	-0.13834583309294768
C3orf70	0.003375986003043785
C3orf80	-0.3333333333333333
C3orf85	0.0
C3orf86P	0.3333333333333333
C4A	-1.2178186487486071
C4A-AS1	0.0
C4B	-0.8947777944516364
C4BPA	-1.3680623586866574
C4BPAP2	0.0
C4BPB	-3.6441546261817335
C4orf17	0.0
C4orf33	0.43092724974261554
C4orf36	0.10730936496245413
C4orf46	-0.8451558365566116
C4orf46P1	0.0
C4orf46P2	0.0
C4orf46P3	0.6666666666666666
C4orf50	0.0
C4orf51	-0.3333333333333333
C4orf54	0.0
C5	-1.3262110577603456
C5AR1	-0.19498750024038541
C5AR2	0.0
C5orf15	-0.4385208161940808
C5orf15P1	-0.3333333333333333
C5orf22	0.26504841712115024
C5orf24	0.22237701410066002
C5orf34	-0.08716408034179635
C5orf34-AS1	-0.5283208335737187
C5orf46	0.0
C5orf47	0.0
C5orf52	0.0
C5orf58	0.3333333333333333
C5orf63	-0.3427322972768838
C5orf67	0.0
C6	-0.4406426982957875
C6orf118	0.3333333333333333
C6orf120	0.9878919583451937
C6orf132	-3.0470852195370144
C6orf136	-0.32409308081385024
C6orf141	0.0
C6orf15	0.0
C6orf163	1.1593490989348814
C6orf47	1.1330512022377297
C6orf47-AS1	0.0
C6orf52	1.0
C6orf58	-0.5283208335737187
C6orf62	0.7701711091830834
C6orf89	1.0737542226395274
C7	-0.7407974737788159
C7orf25	1.4972843654432246
C7orf33	0.0
C7orf57	0.3333333333333333
C7orf78	0.0
C8A	-3.5691197106936277
C8B	-1.3457868425013095
C8G	0.08767813527793122
C8orf17	-0.5283208335737187
C8orf33	-0.15014348786693432
C8orf34	0.0
C8orf34-AS1	0.0
C8orf48	0.0
C8orf58	-1.056641667147437
C8orf74	0.0
C8orf76	0.14580177076910017
C8orf82	0.1294574015960821
C8orf88	0.0
C8orf89	0.0
C8orf90	0.0
C9	-0.3333333333333333
C9orf152	-3.043094338981655
C9orf153	-0.138345833092948
C9orf163	-0.2456551980554018
C9orf40	0.028524284846447756
C9orf43	-0.861654166907052
C9orf50	-2.0147980397861516
C9orf57	0.0
C9orf72	0.5962094423576785
C9orf78	0.545304243817867
C9orf78P1	0.0
C9orf78P2	0.3333333333333333
C9orf85	0.614388332666044
C9orf85P2	0.3333333333333333
CA1	-0.38400103114834994
CA10	0.0
CA11	0.0
CA12	0.3333333333333333
CA13	-0.5934038203080707
CA14	-1.1073093649624544
CA15P1	0.3333333333333333
CA15P2	0.0
CA2	1.0
CA3	0.7739760316291205
CA3-AS1	0.0
CA4	0.0
CA5A	-1.7636363737153076
CA5AP1	0.0
CA5B	0.13834583309294768
CA5BP1	0.022982451239163204
CA6	0.0
CA7	0.19498750024038541
CA8	0.0
CA9	0.5283208335737187
CAAP1	0.29498627306136704
CAB39	0.0752936821728154
CAB39L	-0.875201495072834
CAB39P1	-0.19498750024038536
CABCOCO1	0.0
CABIN1	0.050204755729374995
CABLES1	0.09657906645775416
CABLES2	0.5188186910107211
CABP1	0.0
CABP1-DT	0.0
CABP2	0.0
CABP4	0.3333333333333333
CABP5	0.0
CABP7	0.0
CABP7-DT	0.5283208335737187
CABS1	0.0
CABYR	-0.3333333333333333
CABYR-AS1	0.0
CABYRP1	0.0
CACFD1	0.32437656573634754
CACHD1	0.08767813527793122
CACNA1A	-0.3333333333333333
CACNA1B	0.6666666666666666
CACNA1B-AS2	0.0
CACNA1C	0.0
CACNA1C-AS3	0.0
CACNA1C-AS4	0.0
CACNA1C-IT1	0.0
CACNA1C-IT3	0.0
CACNA1D	0.05664166714743746
CACNA1E	0.0
CACNA1F	0.5283208335737187
CACNA1G	0.5283208335737187
CACNA1G-AS1	-0.3333333333333333
CACNA1H	-0.42049741367512894
CACNA1I	0.0
CACNA1S	0.0
CACNA2D1	0.0
CACNA2D1-AS1	0.0
CACNA2D2	0.6666666666666666
CACNA2D3	0.0
CACNA2D3-AS1	0.0
CACNA2D4	-0.9749761157688486
CACNB1	-1.3432491144646839
CACNB1-AS1	0.0
CACNB2	0.3171781702211196
CACNB2-AS1	1.0
CACNB2-AS2	0.0
CACNB3	0.3333333333333333
CACNB4	-3.164512359644566
CACNG1	0.0
CACNG2	0.0
CACNG2-DT	0.0
CACNG3	0.0
CACNG4	-0.7739760316291208
CACNG5	0.0
CACNG6	0.0
CACNG7	0.0
CACNG8	0.0
CACSTL1	0.0
CACTIN	0.8225016397243268
CACTIN-AS1	0.1383458330929479
CACUL1	0.28862567101864745
CACYBP	-0.5642731002613104
CACYBPP1	1.3333333333333333
CACYBPP2	0.33333333333333326
CACYBPP3	0.3333333333333333
CAD	-0.018203231190683233
CADM1	0.5837457554798124
CADM1-AS1	1.6356301985361728
CADM2	0.0
CADM2-AS1	0.0
CADM2-AS2	0.0
CADM3	0.0
CADM3-AS1	0.0
CADM4	0.13874775400808126
CADPS	0.0
CADPS2	-0.4214887871089763
CAGE1	1.3333333333333333
CAHM	0.04583450791664534
CALB1	0.0
CALB2	0.0
CALCA	0.0
CALCB	0.0
CALCOCO1	1.060863804426158
CALCOCO2	0.9683024213492324
CALCP	0.0
CALCR	0.0
CALCRL	0.3333333333333333
CALCRL-AS1	-1.0746672247327016
CALD1	-0.5734075107628946
CALHM1	-0.5283208335737187
CALHM2	0.0
CALHM2-AS1	0.0
CALHM3	0.0
CALHM4	0.3333333333333333
CALHM5	0.0
CALHM6	0.0
CALHM6-AS1	0.0
CALM1	1.4803125587765606
CALM1P1	0.0
CALM1P2	0.0
CALM2	0.6121463225409638
CALM2P1	0.0
CALM2P2	0.33333333333333326
CALM2P3	0.3333333333333333
CALM2P4	0.3333333333333333
CALM3	0.4959827047902312
CALML3	0.0
CALML3-AS1	0.33333333333333326
CALML4	0.5283208335737186
CALML5	0.0
CALML6	0.0
CALN1	0.3333333333333333
CALR	-0.20775660510428828
CALR3	0.3333333333333333
CALR4P	0.0
CALU	0.07673752961932223
CALY	0.0
CAMK1	0.36651189118363847
CAMK1D	0.0
CAMK1G	0.0
CAMK2A	0.0
CAMK2B	-0.6666666666666667
CAMK2D	0.269421528975025
CAMK2G	-0.10882487454405787
CAMK2G-AS1	0.0
CAMK2N1	-0.24355070412924285
CAMK2N2	1.0
CAMK4	0.2879794834746576
CAMKK1	0.19498750024038536
CAMKK2	-0.08433748884444725
CAMKMT	-0.041057203069978954
CAMKV	0.3333333333333333
CAMLG	0.9271231755806388
CAMP	0.0
CAMSAP1	0.4129260254499245
CAMSAP1-DT	1.169264880066232
CAMSAP2	0.610882980740505
CAMSAP3	0.4553199234214418
CAMTA1	0.5776440934374518
CAMTA1-AS1	0.0
CAMTA1-AS2	0.0
CAMTA1-AS3	0.0
CAMTA1-DT	0.6100249995192293
CAMTA1-IT1	0.0
CAMTA2	-0.029708630157661453
CAMTA2-AS1	0.861654166907052
CAND1	0.2674877256148207
CAND2	0.49514227572341407
CANT1	0.3558648633887769
CANT1P1	0.0
CANX	-0.6149002036656928
CAP1	0.32613513882034084
CAP1P1	0.3333333333333333
CAP1P2	-0.3333333333333333
CAP2	0.15649509443374
CAP2P1	-0.6666666666666666
CAPG	-0.6540918329616496
CAPN1	-0.7141822317108915
CAPN1-AS1	-0.8986646043699671
CAPN10	0.13248087391211083
CAPN10-DT	0.24345503233202237
CAPN11	0.0
CAPN12	0.3333333333333333
CAPN13	0.0
CAPN14	0.0
CAPN15	-0.39802525275309897
CAPN15-AS1	0.0
CAPN2	0.15735614810507403
CAPN3	0.0
CAPN5	2.291489705972047
CAPN6	0.0
CAPN7	0.28854272124351077
CAPN8	0.33333333333333326
CAPN9	-0.5283208335737187
CAPN9-AS1	0.0
CAPNS1	0.38851552031057945
CAPNS1P1	0.0
CAPNS2	0.3333333333333333
CAPRIN1	-0.29538577266533395
CAPRIN2	0.37406143980530615
CAPS	0.0296683353529148
CAPS2	0.0
CAPSL	0.0
CAPSL-DT	0.0
CAPZA1	0.3886124617226834
CAPZA1P1	0.0
CAPZA1P2	0.0
CAPZA1P3	0.0
CAPZA1P4	0.0
CAPZA1P5	0.0
CAPZA2	0.32815547392192634
CAPZA3	0.0
CAPZB	-0.022069316759652402
CAPZBP1	0.0
CARD10	-0.23412568119357413
CARD11	0.0
CARD11-AS1	0.0
CARD14	-0.3333333333333333
CARD16	0.3333333333333333
CARD17P	0.0
CARD18	0.0
CARD19	0.16533983203336344
CARD6	-1.8812853965915743
CARD8	-0.5447525989926438
CARD8-AS1	0.36651189118363803
CARD9	-0.5878737420557516
CARF	0.9717840581189048
CARHSP1	1.3304783832930296
CARHSP1-DT	0.5283208335737187
CARINH	-0.6159989688516498
CARM1	-0.6996342579213701
CARM1P1	0.0
CARMAL	0.0
CARMIL1	-0.9371570101766125
CARMIL2	-0.6901297759637994
CARMIL2P1	0.0
CARMIL3	-0.5668132393803642
CARMN	-0.47382125614609216
CARNMT1	-0.7256167301786549
CARNMT1-AS1	-0.5789885313887353
CARNS1	2.043094338981655
CARS1	-0.6640742164694275
CARS1-AS1	-0.7543448019445979
CARS1P1	0.0
CARS1P2	0.0
CARS2	-0.17813154929588748
CARTPT	0.0
CASC11	0.0
CASC16	-0.3333333333333333
CASC17	0.0
CASC18	0.0
CASC2	-0.138345833092948
CASC20	0.0
CASC22	0.0
CASC23	0.0
CASC3	0.27501154063259037
CASC6	0.0
CASC8	0.0
CASC9	-1.3899750004807707
CASD1	-0.33130438389232353
CASK	0.039273444928251244
CASK-AS1	0.0
CASKIN1	0.861654166907052
CASKIN2	-0.5147735054079368
CASKP1	0.3333333333333333
CASP1	0.19498750024038541
CASP10	-1.192072824056102
CASP12	0.0
CASP14	0.0
CASP16P	1.3022968652028395
CASP1P1	0.0
CASP1P2	0.0
CASP2	0.13707844365855948
CASP3	0.34706749891479216
CASP3P1	0.0
CASP4	-1.6953082075669519
CASP4LP	0.0
CASP5	0.0
CASP6	-0.027417589150459776
CASP7	-0.10945911528786834
CASP8	-0.7408703316453247
CASP8AP2	0.2090770365975141
CASP9	-0.026345390447025885
CASQ1	0.0
CASQ2	0.0
CASR	0.3333333333333333
CASS4	-1.2146187299249083
CAST	0.040145926107222785
CASTOR1	-0.3333333333333333
CASTOR2	0.6033430187853095
CASTOR3P	0.6419998061854075
CASZ1	0.48647720621243273
CASZ1-AS1	0.5283208335737186
CAT	-0.5700249137181483
CATIP	0.0
CATIP-AS1	0.0
CATIP-AS2	-0.5283208335737187
CATSPER1	0.0
CATSPER2	1.3022968652028393
CATSPER2P1	0.5593573017042126
CATSPER2P2	0.0
CATSPER3	-0.6666666666666666
CATSPER4	0.0
CATSPERB	0.0
CATSPERD	0.861654166907052
CATSPERE	-0.6666666666666666
CATSPERG	-0.17152439094325267
CATSPERH	0.723308333814104
CATSPERQ	-0.3333333333333333
CATSPERT	0.0
CATSPERZ	0.0
CAV1	0.0
CAV2	-0.3333333333333333
CAV2-DT	0.0
CAV3	-0.3333333333333333
CAVIN1	1.1430053297591485
CAVIN2	-1.8608370072423535
CAVIN2-AS1	-0.7233083338141042
CAVIN3	0.0
CAVIN4	-0.3333333333333333
CBARP	-0.017489139964711686
CBARP-DT	-0.3333333333333333
CBFA2T2	0.786291865275655
CBFA2T3	0.0
CBFB	0.14619377884835671
CBL	0.3345274190353944
CBLB	0.0771554488356827
CBLC	-2.2604532378415536
CBLIF	0.0
CBLL1	0.0891850847051181
CBLL1-AS1	1.3481313731194844
CBLL1P1	0.0
CBLL2	0.0
CBLN1	0.0
CBLN2	0.0
CBLN3	-1.6862978963511894
CBLN4	0.0
CBR1	0.5487286453357045
CBR1-AS1	0.0
CBR3	0.0
CBR3-AS1	1.4972843654432246
CBR4	0.005726535618237882
CBR4-DT	-0.44064269829578745
CBS	-0.6666666666666667
CBX1	0.10331216590090353
CBX1P1	0.0
CBX1P2	0.0
CBX1P3	0.0
CBX1P4	0.3333333333333333
CBX1P5	0.0
CBX2	-0.6291750902471955
CBX3	-0.0968450258580269
CBX3P1	0.0
CBX3P10	0.0
CBX3P2	0.6356301985361725
CBX3P3	0.6666666666666666
CBX3P4	-0.5283208335737186
CBX3P5	0.5283208335737186
CBX3P6	0.0
CBX3P7	0.0
CBX3P8	0.0
CBX3P9	-0.5283208335737187
CBX4	0.40346820522463833
CBX5	1.4217158038555269
CBX5P1	0.861654166907052
CBX6	0.05093294787522318
CBX7	0.5237189003987086
CBX7-AS1	-0.3333333333333333
CBX8	-0.6232252706088692
CBY1	0.25432026756638404
CBY1P1	0.0
CBY2	-0.3333333333333333
CBY3	0.0
CC2D1A	-0.5562262213056077
CC2D1B	0.546126458148052
CC2D2A	-1.3705547214362457
CC2D2B	0.968963531869506
CCAR1	-0.2049746863187849
CCAR2	0.40460278218117196
CCAT2	-0.3333333333333333
CCBE1	0.0
CCBE1-AS1	0.0
CCDC102A	-1.0000000000000002
CCDC102B	1.0566416671474372
CCDC106	-1.3022968652028393
CCDC107	-0.6100249995192293
CCDC110	0.0
CCDC112	-0.16454911132507055
CCDC116	-0.7233083338141041
CCDC117	0.1727231396572222
CCDC12	0.13129361589409427
CCDC120	0.6234549065278014
CCDC121	-0.07303909643452933
CCDC121P1	0.0
CCDC122	0.05203973397242745
CCDC124	0.5151302214630427
CCDC125	0.09915975993365045
CCDC126	1.0121752920083722
CCDC127	0.8582956459238273
CCDC12P1	0.0
CCDC13	-0.19498750024038541
CCDC13-AS1	0.3333333333333333
CCDC13-AS2	0.8715699480384027
CCDC134	0.7840446726493049
CCDC136	0.19498750024038541
CCDC137	-0.44071356976404186
CCDC137P1	0.0
CCDC137P2	0.0
CCDC138	-0.2125925934933628
CCDC14	0.3876142241200835
CCDC140	0.0
CCDC141	0.0
CCDC142	-0.07934102435006896
CCDC144A	0.0
CCDC144BP	0.0
CCDC144CP	1.1949875002403854
CCDC144NL	1.5365085845869908
CCDC144NL-AS1	0.8311478919986506
CCDC146	0.276691666185896
CCDC146-AS1	0.7233083338141042
CCDC148	0.861654166907052
CCDC148-AS1	0.0
CCDC149	0.0
CCDC15	0.5290710046229083
CCDC15-DT	0.6666666666666666
CCDC150	0.31570137620417515
CCDC152	-0.17077711662962436
CCDC154	-1.6356301985361725
CCDC157	0.15797706277747103
CCDC158	0.0
CCDC159	0.33333333333333337
CCDC160	-0.3333333333333333
CCDC162P	-0.7099922623716841
CCDC163	-0.7779669121844792
CCDC166	0.0
CCDC167	-0.531735364858477
CCDC169	0.0
CCDC169-SOHLH2	0.0
CCDC17	0.47765313575870194
CCDC170	-0.7799500009615419
CCDC171	0.14431980242536913
CCDC172	0.0
CCDC174	0.008626210608535523
CCDC175	0.0
CCDC177	0.0
CCDC178	0.0
CCDC179	0.0
CCDC18	0.2259065472136692
CCDC18-AS1	0.5048577242765857
CCDC180	-0.31370210364881057
CCDC181	-0.19498750024038541
CCDC182	0.0
CCDC183	0.33333333333333326
CCDC183-AS1	0.23347990604703117
CCDC184	0.0
CCDC185	0.0
CCDC186	0.48349774117671274
CCDC187	-0.19498750024038536
CCDC188	0.3333333333333333
CCDC188BP	0.0
CCDC190	0.3333333333333333
CCDC191	-1.3333333333333335
CCDC192	0.6666666666666666
CCDC194	-0.3333333333333333
CCDC195	0.0
CCDC196	0.3333333333333333
CCDC197	0.0
CCDC198	-0.6666666666666666
CCDC200	-0.7790116624258574
CCDC201	0.0
CCDC22	0.14063509904863203
CCDC24	-1.7936072613136438
CCDC25	0.258260008001157
CCDC25P1	0.0
CCDC25P2	0.0
CCDC26	-1.861654166907052
CCDC27	-0.33333333333333326
CCDC28A	0.5871229055944749
CCDC28A-AS1	-0.13834583309294812
CCDC28B	-0.7097610056483223
CCDC3	0.0
CCDC30	1.3022968652028393
CCDC32	0.5278854344068433
CCDC33	0.0
CCDC33-AS1	0.0
CCDC34	-0.5707191001945677
CCDC34P1	0.0
CCDC38	0.0
CCDC39	0.2516291673878226
CCDC39-AS1	0.0
CCDC40	-1.6356301985361728
CCDC42	0.0
CCDC43	-0.405471648368116
CCDC47	0.32030801812257614
CCDC50	-0.33352019882896755
CCDC51	-1.6595094898990586
CCDC54	0.0
CCDC54-AS1	0.0
CCDC57	0.03199723071305005
CCDC59	-0.4040188418431585
CCDC59P1	0.0
CCDC59P2	0.0
CCDC6	0.013061353922489971
CCDC60	0.3333333333333333
CCDC61	1.3638215906026114
CCDC62	0.3333333333333333
CCDC63	0.0
CCDC66	0.11112099664988317
CCDC68	1.190762890228683
CCDC69	-0.016442570787855715
CCDC7	-1.107309364962454
CCDC70	-0.3333333333333333
CCDC71	0.762313439741245
CCDC71L	0.5283208335737187
CCDC73	-0.5283208335737187
CCDC74A	0.0
CCDC74B	0.3333333333333333
CCDC74BP1	-1.1949875002403854
CCDC77	-0.2949875855579229
CCDC78	1.7543448019445977
CCDC8	0.0
CCDC80	0.8050124997596146
CCDC81	0.0
CCDC82	0.4420232825798962
CCDC83	0.0
CCDC85A	0.0
CCDC85B	0.40502082696771335
CCDC85C	-0.20799306744096313
CCDC86	-0.8265934213430342
CCDC86-AS1	0.0
CCDC86P1	0.0
CCDC86P2	0.0
CCDC87	1.723308333814104
CCDC88A	0.45530147531429144
CCDC88B	-2.0430943389816556
CCDC88C	-0.42500234916662283
CCDC88C-DT	0.0
CCDC89	0.19498750024038541
CCDC9	1.218450609537518
CCDC90B	0.7022270934128141
CCDC90B-AS1	0.19498750024038541
CCDC91	0.19977715057283874
CCDC92	2.0796009263561674
CCDC92B	0.0
CCDC93	0.1891348288426098
CCDC97	0.6969687163698488
CCDC9B	-1.2272746799912484
CCDST	0.0
CCER1	0.0
CCER2	-0.3333333333333333
CCHCR1	0.26068842185264973
CCIN	0.0
CCK	0.0
CCKAR	0.0
CCKBR	0.0
CCL1	0.0
CCL11	0.0
CCL13	0.0
CCL14	0.19498750024038536
CCL15	-0.6356301985361725
CCL15-CCL14	1.0566416671474375
CCL16	-1.9478365622720446
CCL17	-0.3333333333333333
CCL18	0.0
CCL19	0.0
CCL2	0.0
CCL20	-0.9906979821849706
CCL21	0.0
CCL22	-0.3333333333333333
CCL23	-0.6666666666666666
CCL24	0.0
CCL25	0.0
CCL26	0.0
CCL27	0.0
CCL28	0.0
CCL3	0.0
CCL3-AS1	0.0
CCL3L3	0.0
CCL4	0.0
CCL4L2	0.0
CCL5	-0.3333333333333333
CCL5-AS1	0.0
CCL7	0.0
CCL8	0.0
CCM2	0.6822794168204176
CCM2L	0.0
CCM2L-AS1	0.0
CCN1	2.1624005932961605
CCN2	2.3290385384167536
CCN3	0.0
CCN4	0.0
CCN5	0.0
CCN6	-0.9999999999999999
CCNA1	0.0
CCNA2	-0.2946382283286564
CCNB1	0.09803733652196556
CCNB1IP1	-0.07600931866862659
CCNB1IP1P1	0.0
CCNB1IP1P2	0.0
CCNB1IP1P3	0.0
CCNB2	0.09834990373707164
CCNB2P1	0.3333333333333333
CCNB3	0.3333333333333333
CCNB3P1	0.0
CCNC	0.24056872203752722
CCND1	-0.036964624837361626
CCND2	-0.5283208335737187
CCND2-AS1	0.0
CCND2P1	0.0
CCND3	0.8996095075602488
CCND3P1	0.0
CCND3P2	0.0
CCNDBP1	1.0553348773569908
CCNE1	-0.741129571575752
CCNE2	0.9694441899274762
CCNF	0.6721852884565624
CCNG1	0.502077550363973
CCNG1P1	0.0
CCNG2	1.036129264211206
CCNG2P1	0.0
CCNH	0.11586530139922324
CCNHP1	0.0
CCNI	0.9292741468224488
CCNI2	0.3333333333333333
CCNJ	-0.40213858959038706
CCNJL	0.6343460900376368
CCNJP1	0.0
CCNJP2	1.0
CCNK	0.02028506846228506
CCNL1	0.2930956374460747
CCNL2	0.6087116923593507
CCNL2P1	0.19498750024038541
CCNO	-0.5283208335737187
CCNO-DT	0.9357849740192011
CCNP	-0.22602396837087924
CCNQ	0.3177127427226374
CCNQP1	0.0
CCNQP2	-0.3333333333333333
CCNQP3	0.0
CCNT1	0.4991933978405729
CCNT2	0.18718168478991437
CCNT2-AS1	2.066557448278788
CCNT2P1	0.0
CCNY	0.4820261995997761
CCNY-AS1	1.477653135758702
CCNYL1	1.0388940740856203
CCNYL1B	0.0
CCNYL2	0.3333333333333333
CCNYL3	0.0
CCNYL4	0.0
CCNYL5	0.0
CCNYL6	0.9357849740192015
CCNYL7	0.02346310929713269
CCP110	0.0265350466805776
CCPG1	1.2677142235902292
CCR1	0.0
CCR10	-0.861654166907052
CCR12P	0.0
CCR2	0.0
CCR3	0.0
CCR4	0.861654166907052
CCR5	0.0
CCR5AS	0.0
CCR6	-0.3333333333333333
CCR7	-1.0
CCR8	0.3333333333333333
CCR9	0.0
CCRL2	0.0
CCS	0.6804220595253758
CCSAP	0.176107155761553
CCSER1	0.3333333333333333
CCSER2	0.9627172121018077
CCSER2P1	0.0
CCT2	-0.1730919767141792
CCT3	-0.7287959365665664
CCT3P1	0.0
CCT4	0.08378862202989623
CCT4P1	0.0
CCT4P2	1.0
CCT5	-0.4913232066245996
CCT5-AS1	0.0
CCT5P1	0.0
CCT5P2	0.0
CCT6A	-0.349310407581477
CCT6B	1.3987990709345013
CCT6P1	0.37367180032045466
CCT6P2	0.0
CCT6P3	0.8640231290718057
CCT6P4	0.0
CCT7	0.16961585410884972
CCT7P1	0.3333333333333333
CCT7P2	0.0
CCT8	-0.13284841796975755
CCT8L1P	0.0
CCT8L2	0.3333333333333333
CCT8P1	-0.014995818257769855
CCZ1	0.045392708761122336
CCZ1B	0.09995590961955347
CCZ1P1	1.0566416671474375
CD101	0.0
CD101-AS1	0.0
CD109	-1.2178503274381853
CD109-AS1	-0.5283208335737187
CD14	-0.7739760316291209
CD151	0.5133130375763155
CD160	0.22602396837087912
CD163	0.3333333333333333
CD163L1	-0.018861176122123346
CD164	0.22706160298831435
CD164L2	0.0
CD177	0.0
CD177P1	0.0
CD180	0.0
CD19	-0.19498750024038541
CD1A	0.0
CD1B	0.0
CD1C	0.0
CD1D	0.0
CD1E	0.0
CD2	0.0
CD200	0.0
CD200LP	0.0
CD200R1	0.0
CD200R1L	0.0
CD200R1L-AS1	0.0
CD207	-0.3333333333333333
CD209	0.0
CD22	0.0
CD226	0.3333333333333333
CD24	-1.956788239861135
CD244	-1.584962500721156
CD247	0.3333333333333333
CD248	-0.6666666666666666
CD24P1	0.0
CD24P2	0.0
CD24P4	0.0
CD24P5	0.0
CD27	0.5283208335737186
CD27-AS1	0.4716791664262814
CD274	0.0
CD276	-0.6778903397965497
CD28	0.0
CD2AP	0.023398915986923896
CD2AP-DT	0.6666666666666666
CD2BP2	0.28010975445612374
CD2BP2-DT	0.6567508855353164
CD300A	0.0
CD300C	0.0
CD300E	0.0
CD300H	0.0
CD300LB	0.0
CD300LD	0.3333333333333333
CD300LD-AS1	0.0
CD300LF	0.0
CD300LG	0.3333333333333333
CD302	-0.014593897342637163
CD320	-0.05683185011766945
CD33	-0.5283208335737187
CD34	0.0
CD36	-0.7176232790875274
CD37	-0.861654166907052
CD38	0.0
CD3D	-0.5283208335737187
CD3E	0.0
CD3G	0.0
CD4	0.6666666666666666
CD40	-0.32049791994888155
CD40LG	0.0
CD44	-0.3333333333333333
CD44-AS1	0.0
CD44-DT	0.0
CD46	-0.21630300786837253
CD46P1	0.0
CD47	1.87726111915805
CD48	0.0
CD5	0.0
CD52	0.0
CD53	0.0
CD55	-0.39517501287096035
CD58	-0.3020186480432354
CD59	0.4671347093175946
CD5L	0.0
CD6	0.0
CD63	0.22572807740553102
CD63-AS1	-1.3333333333333335
CD68	0.0
CD69	0.0
CD7	-0.5433501300832315
CD70	-0.3333333333333333
CD72	0.0
CD74	-0.2739357941913614
CD79A	0.0
CD79B	0.0
CD80	-0.33333333333333326
CD81	0.0
CD81-AS1	0.0
CD82	1.5283208335737186
CD82-AS1	0.0
CD83	-0.33333333333333304
CD83P1	0.0
CD84	0.0
CD84-AS1	0.0
CD84P1	0.0
CD86	0.0
CD8A	0.3333333333333333
CD8B	0.0
CD8B2	0.0
CD9	-2.3192758536112477
CD93	0.0
CD96	0.0
CD99	0.0
CD99L2	0.2530361590678485
CD99P1	0.0
CDA	-0.3333333333333333
CDADC1	0.10665843410241216
CDAN1	0.7071497727499176
CDC123	-0.18463678021977437
CDC14A	0.05364540607168511
CDC14B	0.19966721702583978
CDC14C	0.0
CDC16	0.6929527957449162
CDC20	0.4311747932945673
CDC20-DT	0.7233083338141042
CDC20B	0.0
CDC20P1	0.0
CDC23	0.023738518873893
CDC25A	-0.8064276970934783
CDC25B	0.5065502174062724
CDC25C	-0.13604397348220587
CDC26	-0.5729046298699947
CDC26P1	-0.33333333333333337
CDC27	0.2340816782955102
CDC27P1	-0.3333333333333333
CDC27P2	0.6666666666666666
CDC27P3	0.0
CDC34	0.32108443446592005
CDC37	-0.6767396298052883
CDC37L1	0.7327655819063277
CDC37L1-DT	0.33333333333333326
CDC37P1	0.0
CDC37P2	-0.3333333333333333
CDC40	-0.10058594585438652
CDC42	0.3981837658848164
CDC42-AS1	1.5479520632582418
CDC42-IT1	1.1073093649624541
CDC42BPA	-0.35275665435491543
CDC42BPB	0.5196770658432976
CDC42BPB-AS1	0.3333333333333333
CDC42BPG	-1.0801047764445701
CDC42EP1	-1.105362405432766
CDC42EP2	0.0
CDC42EP3	0.0
CDC42EP3P1	0.05066769781501668
CDC42EP4	-0.5755153094128289
CDC42EP5	-1.3899750004807707
CDC42P1	0.5283208335737186
CDC42P2	0.0
CDC42P3	0.0
CDC42P4	0.0
CDC42P5	0.3333333333333333
CDC42P6	0.0
CDC42P7	0.0
CDC42SE1	0.3591363921954711
CDC42SE2	0.1871873560470263
CDC45	-0.5717563183816798
CDC50A	0.37522420456403793
CDC50B	0.0
CDC5L	0.33900930430582754
CDC6	-0.17338231092041667
CDC7	0.055706402141832534
CDC73	0.12289526322623345
CDCA2	0.5316467739687596
CDCA3	-0.07629335290224759
CDCA3P1	0.0
CDCA4	-0.16236999507883176
CDCA4P1	-0.3333333333333333
CDCA4P2	0.0
CDCA4P3	0.0
CDCA4P4	0.19498750024038536
CDCA5	0.19686817424569902
CDCA7	-0.18675278041214582
CDCA7L	0.012486432453375329
CDCA7P1	0.0
CDCA7P2	0.0
CDCA8	0.23732130264954243
CDCP1	-0.3333333333333333
CDCP2	0.0
CDH1	-1.46410580759292
CDH10	0.0
CDH11	0.3333333333333333
CDH12	0.0
CDH12P1	0.0
CDH12P2	0.0
CDH12P3	0.0
CDH12P4	0.0
CDH13	0.0
CDH13-AS1	0.0
CDH13-AS2	0.5283208335737187
CDH15	-1.2444514468712757
CDH16	-0.9493323021849833
CDH17	0.3333333333333333
CDH18	0.0
CDH18-AS1	0.0
CDH19	0.0
CDH2	0.9760298413384803
CDH2-AS1	1.2691183073525347
CDH20	0.0
CDH22	0.0
CDH23	0.5283208335737186
CDH23-AS1	0.0
CDH24	1.2071627922487567
CDH26	0.0
CDH3	0.3333333333333333
CDH3-AS1	0.0
CDH4	1.0
CDH4-AS1	0.0
CDH4-AS2	0.0
CDH5	0.0
CDH6	0.0
CDH7	0.0
CDH8	0.3333333333333333
CDH8-AS1	0.0
CDH9	0.0
CDHR1	-0.5283208335737187
CDHR17P	0.0
CDHR18P	0.3333333333333333
CDHR2	-1.4812022171585375
CDHR3	0.2654480470817129
CDHR4	-0.3333333333333333
CDHR5	1.2691183073525347
CDIN1	-0.22326821393745266
CDIP1	0.10978301166818749
CDIPT	0.4537028589974277
CDIPTOSP	0.4406426982957875
CDK1	0.0005327035470443775
CDK10	-0.5828204110013449
CDK11A	-0.03701043746291455
CDK11B	-0.8200417962691273
CDK12	0.10392420854788398
CDK13	0.3003803823688722
CDK13-DT	0.7173343644816832
CDK14	1.6356301985361728
CDK15	0.0
CDK16	0.38466173640916956
CDK17	0.5540790305102066
CDK18	-0.6132441202558914
CDK19	-0.8753998934232392
CDK2	0.38339509830155727
CDK20	0.0
CDK2AP1	-1.2126940363489496
CDK2AP1P1	0.0
CDK2AP2	0.011061535511234233
CDK2AP2P1	0.0
CDK2AP2P2	0.0
CDK2AP2P3	0.0
CDK3	-0.33333333333333326
CDK4	-0.23469940367913722
CDK4P1	0.0
CDK5	-0.40383470173123737
CDK5P1	0.0
CDK5R1	-0.12847701239783982
CDK5R2	0.0
CDK5RAP1	0.14431980242536824
CDK5RAP2	-0.610912181377353
CDK5RAP3	0.7097610056483221
CDK5RAP3P1	0.0
CDK6	-0.14519240693919855
CDK6-AS1	0.3333333333333333
CDK7	0.04227243772643163
CDK7P1	0.3333333333333333
CDK8	-0.202677528416487
CDK8P1	0.0
CDK8P2	0.0
CDK9	0.08026377738731938
CDKAL1	-1.0389698929922906
CDKL1	-1.0430943389816552
CDKL2	0.0
CDKL3	-0.1383458330929479
CDKL4	1.968963531869506
CDKL5	-0.14996370407392412
CDKN1A	0.3190734392928878
CDKN1B	0.10655809685863815
CDKN1C	0.0
CDKN2A	-0.9357849740192019
CDKN2A-AS1	0.0
CDKN2AIP	0.7792708466701779
CDKN2AIPNLP1	0.0
CDKN2AIPNLP2	0.0
CDKN2B	-0.571415172555374
CDKN2B-AS1	-0.138345833092948
CDKN2C	-0.07962698537937829
CDKN2D	1.8796797244923167
CDKN3	0.6111871152758681
CDNF	0.6666666666666666
CDO1	0.5462650408628891
CDON	-0.4129506304184076
CDONP1	0.0
CDONP2	0.0
CDONP3	0.0
CDONP4	0.0
CDPF1	0.8576298894735266
CDPF1P1	0.6248230393053804
CDR2	-0.07306691425251444
CDR2-DT	0.6666666666666666
CDR2L	1.6107076090688488
CDRT15	0.5283208335737187
CDRT15L2	0.0
CDRT15P1	0.9123218647220687
CDRT15P10	0.0
CDRT15P11	0.0
CDRT15P12	0.0
CDRT15P13	0.0
CDRT15P14	0.0
CDRT15P2	0.0
CDRT15P3	0.0
CDRT15P5	0.0
CDRT15P6	0.0
CDRT15P7	0.0
CDRT15P8	0.0
CDRT15P9	0.0
CDRT4	0.9999999999999999
CDRT7	0.0
CDRT8	0.0
CDS1	-0.07815508454567421
CDS2	0.33659556985854344
CDSN	0.0
CDT1	0.005831538413978876
CDV3	-0.014404022273765804
CDV3P1	0.0
CDX1	0.0
CDX2	-1.0
CDX4	0.3333333333333333
CDY1	0.0
CDY10P	0.0
CDY11P	0.0
CDY12P	0.0
CDY13P	0.0
CDY14P	0.0
CDY15P	0.0
CDY17P	0.0
CDY18P	0.0
CDY19P	0.0
CDY1B	0.0
CDY20P	0.0
CDY22P	0.0
CDY23P	0.0
CDY2A	0.0
CDY2B	0.0
CDY3P	0.0
CDY4P	0.0
CDY5P	0.0
CDY6P	0.0
CDY7P	0.0
CDY8P	0.0
CDY9P	0.0
CDYL	0.04284980728644161
CDYL-AS1	-0.3333333333333333
CDYL2	0.33333333333333326
CDYLP1	0.0
CEACAM1	-1.26288866060602
CEACAM16	0.6666666666666666
CEACAM16-AS1	-1.3899750004807707
CEACAM18	0.0
CEACAM19	0.23683112760167147
CEACAM20	0.0
CEACAM21	0.0
CEACAM22P	1.0566416671474375
CEACAM3	0.0
CEACAM4	0.0
CEACAM5	-0.8616541669070521
CEACAM6	0.0
CEACAM7	0.0
CEACAM8	0.0
CEACAMP1	0.0
CEACAMP10	0.0
CEACAMP11	0.0
CEACAMP2	0.0
CEACAMP3	0.0
CEACAMP4	0.0
CEACAMP5	0.0
CEACAMP6	0.0
CEACAMP7	0.0
CEACAMP8	0.0
CEACAMP9	0.0
CEBPA	0.9461080885720241
CEBPA-DT	-0.5232852027769832
CEBPB	-0.30124466414810414
CEBPB-AS1	-0.8050124997596146
CEBPD	-0.773861672701794
CEBPE	0.0
CEBPG	-0.21088377119452684
CEBPZ	0.11624209558239684
CEBPZOS	0.9908704879080332
CECR2	0.0
CECR3	0.0
CECR7	0.0
CECR9	0.0
CEDORA	0.0
CEL	-1.352964563017856
CELA1	0.0
CELA2A	0.0
CELA2B	0.0
CELA3A	0.0
CELA3B	0.0
CELF1	0.18645906408620228
CELF2	0.0
CELF2-AS1	0.0
CELF2-AS2	0.0
CELF2-AS3	0.0
CELF2-AS4	0.0
CELF2-DT	0.0
CELF3	0.0
CELF4	1.0
CELF5	1.0566416671474375
CELF6	0.3333333333333333
CELP	0.0
CELSR1	-1.7060170536945871
CELSR1P1	0.0
CELSR2	-0.5180783686122306
CELSR3	-0.2621756321173576
CEMIP	-1.8049838740060435
CEMIP2	1.2134187365077924
CEMP1	0.0
CENATAC	0.680815830954546
CENATAC-DT	0.9848063218970347
CENATACP1	-1.3333333333333335
CEND1	0.6666666666666666
CEND1P1	0.0
CENPA	0.07501773465379458
CENPB	0.40833954583556586
CENPBD1P	0.23851553684376725
CENPC	0.4338852332870342
CENPCP1	-0.19498750024038541
CENPE	-0.06117108017377859
CENPF	-0.5867500391261791
CENPH	0.07773616439028608
CENPI	0.8673669062113412
CENPIP1	0.0
CENPK	0.3510065460511509
CENPL	-0.173232696349082
CENPM	-0.31051645219288293
CENPN	0.48209249329400183
CENPN-AS1	-0.6012009290654987
CENPNP1	-0.3333333333333333
CENPNP2	-0.3333333333333333
CENPO	-0.08822804768429471
CENPP	0.307610713159181
CENPPP1	0.0
CENPQ	-0.3248259657618435
CENPS	0.0
CENPS-CORT	-0.3333333333333333
CENPT	0.10603925797831426
CENPU	0.4730742071208516
CENPUP1	0.0
CENPUP2	0.0
CENPV	-0.2291589000251486
CENPVL1	0.0
CENPVL2	0.0
CENPVL3	0.0
CENPW	0.19575143740971512
CENPX	0.9081548443869432
CEP104	0.6130182246301503
CEP112	0.9258691928878506
CEP120	-0.4375550578527978
CEP126	-0.26911830735253517
CEP128	0.7500994726354442
CEP131	0.6242928315923955
CEP135	-0.1808730403091552
CEP15	0.0
CEP152	-0.6734522691496858
CEP152-AS1	-0.3333333333333333
CEP162	-0.2749710978139692
CEP164	0.6142668272086338
CEP164P1	0.0
CEP170	0.30164372482418056
CEP170B	0.6476856916734954
CEP170P1	0.0
CEP19	2.3061287448154495
CEP192	0.6836504030980226
CEP192-DT	-0.4210114686112649
CEP192P1	1.3257599744999722
CEP19P1	0.0
CEP20	-0.32415468343720644
CEP250	0.03971219821313632
CEP250-AS1	0.5789885313887353
CEP290	0.5449701857663944
CEP295	0.1628267468842406
CEP295NL	0.0
CEP350	0.10381039766446865
CEP41	-1.5947571029815215
CEP43	-0.5380814236276548
CEP44	0.1888404772647423
CEP55	-0.0018953758376980545
CEP57	-0.4425615205802824
CEP57L1	1.3286047883094305
CEP57L1P1	0.0
CEP63	0.9091889653879854
CEP68	0.7977385471967322
CEP70	0.3090110259653409
CEP72	-0.5265752841183362
CEP72-DT	0.3333333333333333
CEP76	0.9186020112331121
CEP78	0.21440340225257515
CEP83	-0.06999947872083112
CEP83-DT	2.755595513564967
CEP85	0.32666334642283523
CEP85L	1.4926824322682148
CEP89	0.28006210484165983
CEP95	0.2630282903639465
CEP97	0.22128008401166266
CEPT1	0.2928052481130834
CER1	-0.3333333333333333
CERCAM	-1.3813821867504013
CERK	0.14636671217557495
CERKL	0.3333333333333333
CERNA1	0.0
CERNA2	0.0
CERNA3	0.0
CEROX1	0.19498750024038536
CERS1	-0.7543448019445982
CERS2	-0.22420582500684372
CERS2-AS1	0.0
CERS3	0.0
CERS3-AS1	0.0
CERS4	-0.36891161773414716
CERS5	0.2631966666666745
CERS6	0.8494816403363235
CERS6-AS1	-0.3333333333333333
CERT1	0.3583715031434487
CES1	0.17358885454711448
CES1P2	0.0
CES2	-0.57477022597317
CES3	0.026440817553803342
CES4A	-0.19498750024038541
CES5A	0.0
CES5AP1	0.0
CETN1	0.0
CETN2	0.8006126282385999
CETN3	0.3789654003516141
CETN3-AS1	-0.44064269829578717
CETN4P	0.6666666666666666
CETP	-0.6666666666666666
CFAP100	0.5283208335737186
CFAP100-DT	0.0
CFAP107	0.0
CFAP119	0.5283208335737186
CFAP126	0.0
CFAP141	0.3333333333333333
CFAP144	-0.3333333333333333
CFAP144P1	0.0
CFAP144P2	0.0
CFAP157	-0.2826656355183168
CFAP161	0.6666666666666666
CFAP184	-0.6666666666666666
CFAP184-OT1	1.6356301985361725
CFAP20	0.15095661778269065
CFAP20-AS1	0.7739760316291209
CFAP206	0.0
CFAP20DC	0.0
CFAP20DC-AS1	0.0
CFAP20DC-DT	0.0
CFAP210	-0.9999999999999999
CFAP221	0.0
CFAP251	0.5789885313887354
CFAP263	0.19498750024038536
CFAP276	0.0
CFAP298	-0.4663653184699408
CFAP298-TCP10L	0.0
CFAP299	0.0
CFAP300	0.0
CFAP36	0.20919390773505153
CFAP410	0.6754907371203971
CFAP418	0.058910190277848606
CFAP418-AS1	0.3333333333333333
CFAP43	0.1383458330929479
CFAP44	1.9505830138053528
CFAP44-AS1	0.5283208335737186
CFAP45	0.3333333333333333
CFAP46	-0.3333333333333333
CFAP47	0.0
CFAP52	-1.1949875002403854
CFAP53	-0.7233083338141042
CFAP53P1	0.0
CFAP54	0.0
CFAP57	0.0
CFAP58	0.0
CFAP58-DT	0.0
CFAP61	0.24565519805540204
CFAP61-AS1	0.0
CFAP65	0.5283208335737187
CFAP65-AS1	0.0
CFAP68	0.2310595991676152
CFAP69	-1.1050139031007071
CFAP69P1	0.0
CFAP70	0.7233083338141041
CFAP73	-0.5283208335737187
CFAP74	-0.6578425962129368
CFAP77	0.0
CFAP90	0.0
CFAP91	0.0
CFAP92	-0.03317855785030499
CFAP95	0.0
CFAP95-DT	0.0
CFAP96	1.0
CFAP97	-0.7191244233209302
CFAP97D1	0.0
CFAP97D1-AS1	0.0
CFAP97D2	0.0
CFAP97P1	0.0
CFAP99	0.0
CFB	-0.1943144443615017
CFC1	0.0
CFC1B	0.0
CFD	0.8945951854356773
CFDP1	-0.3862640863692288
CFH	-0.3333333333333333
CFHR1	0.0
CFHR2	0.0
CFHR3	0.0
CFHR4	-0.3333333333333333
CFHR5	0.0
CFI	-2.0664770909643786
CFL1	0.41661197633461633
CFL1P1	0.0
CFL1P2	0.0
CFL1P3	0.0
CFL1P4	0.0
CFL1P5	-0.3333333333333333
CFL1P6	0.0
CFL1P7	0.0
CFL1P8	0.0
CFL2	0.09374114826049507
CFLAR	-0.8563241385823197
CFLAR-AS1	-0.633488108816362
CFP	0.0
CFTR	-0.3333333333333333
CFTR-AS1	0.0
CFTR-AS2	0.0
CFTRP1	0.0
CFTRP2	0.0
CFTRP3	0.0
CGA	0.0
CGAS	0.0
CGB1	0.0
CGB2	0.0
CGB3	0.0
CGB5	0.0
CGB7	0.0
CGB8	0.0
CGGBP1	0.81217801141905
CGN	-1.0
CGNL1	-0.8294519239763591
CGREF1	-1.0121952845950162
CGRRF1	0.22722330470708396
CH25H	0.0
CH507-42P11.6	0.0
CHAC1	-0.3333333333333333
CHAC2	0.5751289245953242
CHAD	0.47167916642628127
CHADL	-1.7887740714152722
CHAF1A	-0.19861693895463084
CHAF1B	0.531934686789528
CHAMP1	1.1015543443559306
CHASERR	0.7102325431970185
CHAT	0.0
CHCHD1	-0.1932068523616879
CHCHD10	-2.047743378258964
CHCHD2	-0.0767173949807205
CHCHD2P1	0.0
CHCHD2P11	0.0
CHCHD2P2	0.5283208335737187
CHCHD2P3	0.0
CHCHD2P4	0.0
CHCHD2P5	0.0
CHCHD2P6	0.7233083338141041
CHCHD2P7	0.0
CHCHD2P8	0.0
CHCHD2P9	-0.7233083338141042
CHCHD3	0.13118971734126283
CHCHD3P1	0.0
CHCHD3P2	0.0
CHCHD3P3	-0.3333333333333333
CHCHD4	-0.6956974656738675
CHCHD4P1	0.0
CHCHD4P2	0.0
CHCHD4P3	0.0
CHCHD4P4	-0.3333333333333333
CHCHD4P5	-0.33333333333333337
CHCHD5	0.8529890973960699
CHCHD6	-1.1159744344734355
CHCHD7	1.1905181525789201
CHCT1	-0.6666666666666666
CHD1	0.0014700352342140732
CHD1L	-0.23359732720424065
CHD2	0.3496713943359353
CHD3	-1.7739760316291204
CHD4	0.10669243306647225
CHD4-AS1	0.36651189118363803
CHD5	0.0
CHD6	-0.10089729200814723
CHD7	-0.17119490637191426
CHD8	-0.18047085630842652
CHD9	0.14617211753529968
CHD9NB	-1.3333333333333333
CHDH	-0.5803617286191649
CHEK1	-0.3888136594237164
CHEK2	-0.08508189166632363
CHEK2P1	0.0
CHEK2P2	-0.5283208335737187
CHEK2P3	0.0
CHEK2P4	0.0
CHEK2P5	0.19498750024038536
CHEK2P6	0.0
CHEK2P7	0.0
CHERP	0.3007074713695532
CHFR	0.7260485027490944
CHFR-DT	0.3333333333333333
CHGA	-0.3840010311483497
CHGB	0.6666666666666667
CHI3L1	0.6666666666666666
CHI3L2	0.3333333333333333
CHIA	0.0
CHIAP1	0.0
CHIAP2	0.0
CHIAP3	0.0
CHIC1	0.3333333333333333
CHIC2	0.30771122488427327
CHID1	0.2750995676785388
CHILL1	-0.40363226083287285
CHIT1	0.0
CHKA	0.5294194552042901
CHKA-DT	-0.723308333814104
CHKB	-0.6666666666666666
CHKB-CPT1B	0.3333333333333333
CHKB-DT	1.9136939008794793
CHL1	0.0
CHL1-AS1	0.0
CHL1-AS2	0.0
CHLSN	1.2853902793335497
CHLSN-AS1	0.0
CHM	0.10550466200737851
CHML	-0.1647348332468992
CHMP1A	0.5534991335972776
CHMP1AP1	0.0
CHMP1B	0.6108099003245986
CHMP1B-AS1	0.0
CHMP1B2P	0.0
CHMP2A	0.47124503751787916
CHMP2B	0.16044032633862315
CHMP3	-0.17025598550425958
CHMP3-AS1	0.4913103961108043
CHMP4A	0.9668214421496952
CHMP4AP1	0.0
CHMP4B	0.24046359685147856
CHMP4BP1	1.1073093649624541
CHMP4C	-1.0458984189203893
CHMP5	0.1200516078159044
CHMP5P1	0.3333333333333333
CHMP6	0.23611497207547938
CHMP7	0.5336346815300592
CHN1	-0.5496769455677315
CHN2	0.12214626365105108
CHN2-AS1	0.5639592348792224
CHODL	0.0
CHODL-AS2	0.0
CHORDC1	0.011352150317160081
CHORDC1P1	-0.3333333333333333
CHORDC1P3	0.0
CHORDC1P4	0.19498750024038536
CHORDC1P5	0.0
CHORDC2P	0.0
CHP1	0.2753613614867021
CHP1P1	0.0
CHP1P2	0.18018946045423467
CHP1P3	0.0
CHP2	-0.19498750024038536
CHPF	0.3465136202680199
CHPF2	0.6740878183941632
CHPT1	-0.6608314697549353
CHRAC1	-0.4229758570501172
CHRD	-0.3505912165746832
CHRDL1	0.0
CHRDL2	-0.6666666666666666
CHRFAM7A	-0.21461872992490827
CHRM1	0.0
CHRM1-AS1	0.3333333333333333
CHRM2	0.5283208335737187
CHRM3	0.0
CHRM3-AS1	0.0
CHRM3-AS2	0.0
CHRM4	0.0
CHRM5	0.3333333333333333
CHRNA1	0.0
CHRNA10	0.7233083338141041
CHRNA2	0.0
CHRNA3	0.7233083338141041
CHRNA4	0.0
CHRNA5	0.24351310833559037
CHRNA6	0.0
CHRNA7	-0.19498750024038536
CHRNA9	-0.5283208335737187
CHRNB1	0.09228006845294123
CHRNB2	0.5283208335737188
CHRNB3	0.0
CHRNB4	0.0
CHRND	0.0
CHRNE	-1.1949875002403854
CHRNG	0.7371947176931757
CHROMR	0.6527266081017906
CHST1	0.3333333333333333
CHST10	-0.07915646056384595
CHST11	0.0
CHST12	0.795400091178764
CHST13	-0.47201390002113275
CHST14	-0.07426003722618812
CHST15	-1.3001547754830285
CHST2	0.0
CHST3	-1.4654251454491485
CHST4	0.0
CHST5	0.0
CHST6	-0.7330237823672756
CHST7	0.443993919850429
CHST8	0.5283208335737187
CHST9	-0.39480819037914294
CHSY1	-0.36179716374354776
CHSY3	-1.2894485173155839
CHSY3-AS1	0.3333333333333333
CHTF18	0.623174581048012
CHTF8	1.1639510321098914
CHTF8P1	0.3333333333333333
CHTOP	0.5514223862079168
CHUK	0.3872164861948866
CHUK-DT	0.4406426982957875
CHURC1	0.08912662536991922
CHURC1-FNTB	0.0
CIAO1	0.6165740274954814
CIAO2A	-1.0410517234792698
CIAO2AP1	0.0
CIAO2AP2	0.3333333333333333
CIAO2B	0.462556896741142
CIAO3	-0.9087727833222328
CIAPIN1	0.3559367325486775
CIAPIN1P	-0.5283208335737187
CIART	-0.3333333333333333
CIB1	0.14201333111210612
CIB2	-0.4972843654432244
CIB3	0.3333333333333333
CIB4	0.0
CIBAR1	0.38435039429263806
CIBAR1-DT	0.3333333333333333
CIBAR1P1	0.0
CIBAR1P2	0.0
CIBAR2	0.0
CIC	-0.2560059489775277
CICP1	0.0
CICP10	-0.3333333333333333
CICP11	0.0
CICP12	0.0
CICP13	0.0
CICP14	-0.45329864836212774
CICP15	0.0
CICP16	-0.3333333333333333
CICP17	0.0
CICP19	0.0
CICP2	0.0
CICP20	-0.5283208335737187
CICP21	0.0
CICP22	0.0
CICP23	0.0
CICP24	0.0
CICP25	0.0
CICP26	0.0
CICP27	0.3333333333333333
CICP28	0.0
CICP3	-1.1949875002403854
CICP4	-0.3333333333333333
CICP5	0.0
CICP6	0.0
CICP7	0.0
CICP8	0.0
CICP9	0.0
CIDEA	0.0
CIDEB	0.0
CIDEC	-0.9225179713332095
CIDECP1	0.9113763139988911
CIDECP2	0.0
CIITA	0.47869970493555725
CILK1	-0.738967270858276
CILP	0.0
CILP2	-0.19498750024038536
CIMAP1A	-0.19498750024038536
CIMAP1B	-1.1618089423900806
CIMAP1C	0.0
CIMAP1D	0.0
CIMAP2	-0.3333333333333333
CIMAP3	0.0
CIMIP1	0.0
CIMIP2A	1.3407892710094846
CIMIP2B	-0.6024516406858679
CIMIP2C	0.0
CIMIP4	0.0
CIMIP5	0.0
CIMIP6	0.5283208335737187
CIMIP7	-0.3333333333333333
CINP	0.3319612971759227
CIP2A	-0.14860569939334312
CIPC	-0.7806234607952716
CIR1P1	0.0
CIR1P2	0.0
CIR1P3	0.0
CIRBP	1.192195420221494
CIRBP-AS1	0.9433583328525628
CIROP	0.7739760316291205
CIROZ	-0.6666666666666666
CIRSR	0.06911269187138736
CISD1	0.0721877808447502
CISD1P1	0.5283208335737187
CISD2	0.49368364364275497
CISD3	0.10835314159099774
CISH	-2.1949875002403854
CIST1	0.0
CISTR	0.0
CIT	0.05905483155928959
CITED1	0.0
CITED2	1.529111135061302
CITED4	-0.4307269171644368
CIZ1	0.048075420143830705
CKAP2	0.3345185764030676
CKAP2-DT	1.8494788748986808
CKAP2L	0.4775329981887868
CKAP2LP1	0.0
CKAP2P1	0.3333333333333333
CKAP4	-1.951835200142015
CKAP5	0.2286019589164603
CKB	-0.03382323308140478
CKBP1	0.0
CKLF	-0.3333333333333333
CKLF-CMTM1	0.0
CKM	0.3333333333333333
CKMT1A	0.0
CKMT1B	0.6666666666666666
CKMT2	0.36436980146382747
CKMT2-AS1	-1.348131373119485
CKS1B	0.16358158273936496
CKS1BP1	0.0
CKS1BP2	0.0
CKS1BP3	-0.5283208335737187
CKS1BP4	0.0
CKS1BP5	0.0
CKS1BP6	-0.3333333333333333
CKS1BP7	0.0
CKS2	1.3160748391290351
CLASP1	0.054858391807793616
CLASP1-AS1	1.3022968652028393
CLASP2	0.13517131364250456
CLASRP	0.3366845548879751
CLBA1	1.5602956402398973
CLC	0.0
CLCA1	0.0
CLCA2	-0.3333333333333333
CLCA3P	0.0
CLCA4	0.0
CLCA4-AS1	0.3333333333333333
CLCC1	0.3534289747844781
CLCF1	-0.9357849740192015
CLCN1	0.0
CLCN2	-0.12123020642620741
CLCN3	0.533505709794742
CLCN3P1	-0.6666666666666667
CLCN4	-1.0477795373887955
CLCN5	-0.2237689365097193
CLCN6	0.303613918166449
CLCN7	0.9012176162454253
CLCN7-AS1	0.9357849740192014
CLCNKA	0.0
CLCNKB	0.0
CLCP1	0.0
CLCP2	0.0
CLDN1	-0.2540701140308066
CLDN10	-0.3333333333333333
CLDN10-AS1	0.0
CLDN11	-1.3626021269896023
CLDN12	-0.16948964166909164
CLDN14	0.0
CLDN14-AS1	0.0
CLDN15	-0.44417316871835943
CLDN16	-0.3333333333333333
CLDN17	0.0
CLDN18	-0.3333333333333333
CLDN19	0.3073324959995758
CLDN2	-3.4646422252134728
CLDN20	-0.08119401438920626
CLDN22	0.0
CLDN23	-1.2691183073525347
CLDN24	-0.6666666666666666
CLDN25	0.0
CLDN3	0.6666666666666666
CLDN34	0.0
CLDN4	0.4586504451609903
CLDN5	0.8616541669070519
CLDN6	0.7581086282381966
CLDN7	0.19498750024038547
CLDN7P1	0.0
CLDN8	0.0
CLDN9	0.9689635318695062
CLDND1	0.6999032006305228
CLDND1-AS1	0.0
CLDND2	0.6024516406858682
CLEC10A	-0.3333333333333333
CLEC11A	0.0
CLEC12A	0.0
CLEC12A-AS1	0.0
CLEC12B	0.0
CLEC14A	0.0
CLEC16A	1.0939783923764503
CLEC17A	0.0
CLEC18A	0.0
CLEC18B	0.0
CLEC18C	-0.3333333333333333
CLEC19A	0.0
CLEC1A	0.0
CLEC1B	0.0
CLEC20A	0.0
CLEC2A	0.0
CLEC2B	0.0
CLEC2D	1.2097855400265367
CLEC2L	0.19498750024038541
CLEC3A	0.0
CLEC3B	0.0
CLEC4A	0.0
CLEC4C	0.3333333333333333
CLEC4D	0.0
CLEC4E	0.0
CLEC4F	-1.723308333814104
CLEC4G	0.0
CLEC4GP1	0.0
CLEC4M	0.0
CLEC4OP	0.0
CLEC5A	0.0
CLEC6A	0.0
CLEC7A	0.0
CLEC9A	0.0
CLGN	0.7025445591857666
CLHC1	1.19526571739999
CLIC1	-0.6074598574009009
CLIC1P1	-0.3333333333333333
CLIC1P3	0.0
CLIC2	0.0
CLIC3	0.5789885313887353
CLIC4	0.249741006497608
CLIC4P1	0.0
CLIC4P2	0.0
CLIC4P3	0.0
CLIC5	0.0
CLIC6	0.0
CLINT1	0.03341865047352677
CLIP1	-0.16351563294301652
CLIP1-AS1	1.6666666666666665
CLIP2	0.22414178065716506
CLIP3	-0.14580177076909973
CLIP4	-0.05664166714743746
CLK1	0.9053200103653278
CLK2	0.5766903497213915
CLK2P1	0.0
CLK3	0.001321267140242277
CLK3-AS1	0.0
CLK3P2	0.0
CLK4	0.30624898443276827
CLLU1	0.0
CLLU1-AS1	0.0
CLMAT3	0.0
CLMB	0.3333333333333333
CLMN	-1.9946292221564557
CLMP	0.7407974737788161
CLN3	-1.0
CLN5	0.4452834903732432
CLN6	0.1968527107956204
CLN8	-0.015380593881573645
CLN8-AS1	0.4433828672307767
CLNK	0.0
CLNS1A	0.06977788417487929
CLNS1AP1	0.0
CLOCK	-0.5664428001415862
CLP1	-0.15384311186963728
CLPB	0.09467760909689904
CLPP	-1.4145056491214234
CLPS	0.0
CLPSL1	0.0
CLPSL2	0.0
CLPTM1	0.831933013151934
CLPTM1L	0.01784260081907707
CLPTM1LP1	0.0
CLPX	-0.19727602158465363
CLRN1	0.0
CLRN2	0.0
CLRN3	0.0
CLSPN	0.8090735767675978
CLSPN-AS1	-0.3333333333333333
CLSTN1	0.2597587137656632
CLSTN2	0.0
CLSTN2-AS1	0.0
CLSTN3	0.42643586375166276
CLTA	0.39950682351646893
CLTAP1	0.0
CLTAP2	0.0
CLTB	1.0543653878919272
CLTC	0.15912561694214666
CLTCL1	0.8725987374445952
CLTRN	0.1383458330929479
CLU	0.6877202080735252
CLUH	-0.4311861070253986
CLUHP1	0.0
CLUHP10	0.0
CLUHP11	0.0
CLUHP2	0.0
CLUHP3	-0.5799410061572869
CLUHP4	0.0
CLUHP5	0.0
CLUHP6	0.0
CLUHP8	0.0
CLUL1	2.163951032109891
CLVS1	0.0
CLVS1-AS1	0.0
CLVS2	0.0
CLXN	0.0
CLYBL	1.0328620732406835
CLYBL-AS1	0.3333333333333333
CLYBL-AS2	0.3333333333333333
CMA1	0.0
CMAHP	0.3333333333333333
CMAS	0.3936419346803559
CMBL	-1.5533833323717925
CMC1	0.13127109577637874
CMC1P1	-0.6666666666666666
CMC1P2	0.0
CMC1P3	0.6259147499830005
CMC1P4	0.0
CMC2	0.15757002610141413
CMC2P1	0.0
CMC4	0.0
CMIP	-0.31246033694326325
CMKLR1	0.0
CMKLR2	0.0
CMKLR2-AS	0.0
CMPK1	-0.1738432035463422
CMPK1P1	0.0
CMPK1P2	-0.5789885313887352
CMPK2	-0.3333333333333333
CMSS1	0.0
CMTM1	0.0
CMTM2	0.0
CMTM2-AS1	0.0
CMTM3	-0.17285477484177125
CMTM4	-0.22114770756272062
CMTM5	0.0
CMTM6	0.45447512613935714
CMTM7	-0.4380723174179435
CMTM8	-0.5083846806575791
CMTR1	0.6445728414420335
CMTR2	0.053576151723290444
CMYA5	0.0
CNBD1	0.0
CNBD2	-0.05066769781501668
CNBP	-0.24922870164499145
CNDP1	0.0
CNDP1-AS1	0.0
CNDP2	-0.8607613438868595
CNEP1R1	0.6902810256417133
CNEP1R1P1	0.0
CNFN	1.602451640685868
CNGA1	0.47167916642628127
CNGA2	0.0
CNGA3	0.3333333333333333
CNGA4	-0.3333333333333333
CNGB1	-0.3333333333333333
CNGB3	0.138345833092948
CNGB3-AS1	0.0
CNIH1	-0.20869382934891512
CNIH2	0.05066769781501668
CNIH3	-0.3333333333333333
CNIH3-AS1	0.0
CNIH3-AS2	0.0
CNIH4	0.4515181764006737
CNKSR1	-1.0566416671474372
CNKSR2	0.0
CNKSR3	-0.6000960189947628
CNMD	-0.3333333333333333
CNN1	1.46410580759292
CNN2	-0.18854079346342267
CNN2P1	0.0
CNN2P10	0.0
CNN2P11	0.0
CNN2P12	0.0
CNN2P2	0.0
CNN2P3	0.0
CNN2P4	-0.3333333333333333
CNN2P6	-0.3333333333333333
CNN2P7	0.0
CNN2P8	0.0
CNN2P9	-0.3333333333333333
CNN3	0.6485594148780613
CNN3-DT	-0.16162401704768925
CNN3P1	0.0
CNNM1	-0.9134538702044352
CNNM2	-0.12441630872428444
CNNM3	0.3751769606946187
CNNM3-DT	0.861654166907052
CNNM4	1.9211764036490973
CNOT1	0.22107044499201578
CNOT10	0.03429114158043234
CNOT10-AS1	0.3333333333333333
CNOT11	-0.29199276608434843
CNOT12	0.21682248123934578
CNOT2	0.32046809695763834
CNOT3	0.35949135267436194
CNOT4	0.8740741784499715
CNOT4P1	0.0
CNOT6	-0.06619614811708185
CNOT6L	-0.13290747382502843
CNOT6LP1	0.0
CNOT7	0.2559129744584414
CNOT7P1	0.19498750024038541
CNOT7P2	0.0
CNOT8	0.6623011380182691
CNOT9	-0.4435409772026766
CNP	-0.4667608856403547
CNPPD1	0.09403962393270238
CNPY1	0.0
CNPY2	-0.09299198323427182
CNPY2-AS1	-0.33333333333333326
CNPY3	-0.18601133262130176
CNPY4	0.702789080171546
CNR1	0.3333333333333333
CNR2	0.3333333333333333
CNRIP1	0.0
CNST	0.3266638932539818
CNTD1	0.3764276723149884
CNTF	-0.03103646813049421
CNTFR	0.0
CNTFR-AS1	0.0
CNTLN	-1.869110104583204
CNTN1	0.0
CNTN2	0.7739760316291205
CNTN3	0.3333333333333333
CNTN4	0.0
CNTN4-AS1	0.0
CNTN4-AS2	0.0
CNTN5	0.0
CNTN6	0.0
CNTNAP1	-0.7853812700750917
CNTNAP1-AS1	0.0
CNTNAP2	-0.040663508126203673
CNTNAP2-AS1	0.0
CNTNAP3	-0.35082247329804517
CNTNAP3B	-2.7245590454344737
CNTNAP3C	0.0
CNTNAP3P1	0.0
CNTNAP3P2	-1.4406426982957872
CNTNAP3P5	0.0
CNTNAP4	0.3333333333333333
CNTNAP5	0.0
CNTNAP5-DT	0.0
CNTRL	0.578138367502322
CNTROB	0.18401539559656754
COA1	0.06496377879657089
COA1P1	-0.8616541669070521
COA3	-0.4251581949957908
COA4	-0.13862031233308159
COA5	0.18705976198490948
COA6	-1.5622534480213908
COA6-AS1	-0.2826656355183168
COA7	-0.9028493806960043
COA8	0.3975483593141318
COASY	-0.4922481989371157
COBL	-0.6355967202844299
COBLL1	-0.20667240848507795
COBLP1	0.0
COCH	-0.3991212089483085
COCH-AS1	-0.1307724742595866
COG1	0.28483885598393854
COG2	0.4882062506818565
COG3	-0.19210902623479775
COG4	0.7006479630615123
COG5	0.4434544282959605
COG6	0.5727139066248492
COG7	-0.5447063370624843
COG8	-0.06453920913275102
COIL	-0.3569791299812506
COILP1	0.33333333333333337
COL10A1	0.1118143004539478
COL11A1	0.7739760316291208
COL11A2	0.38400103114834994
COL11A2P1	0.0
COL12A1	-0.3333333333333333
COL13A1	0.3333333333333333
COL14A1	0.3333333333333333
COL15A1	0.0
COL15A1-AS1	0.0
COL16A1	-2.699563365557864
COL17A1	0.3333333333333333
COL18A1	0.502642579372246
COL18A1-AS1	-0.6159989688516501
COL18A1-AS2	-0.01963122968452269
COL19A1	0.3333333333333333
COL1A1	-0.138345833092948
COL1A2	-0.6666666666666667
COL1A2-AS1	0.0
COL20A1	0.861654166907052
COL21A1	0.0
COL22A1	0.3333333333333333
COL23A1	0.0
COL23A1-AS1	0.0
COL24A1	-0.4406426982957874
COL25A1	0.0
COL25A1-DT	0.0
COL26A1	-1.0800679261078567
COL27A1	0.1482940485044928
COL28A1	-0.3333333333333333
COL2A1	-1.2625277919538478
COL3A1	-0.3333333333333333
COL4A1	0.5283208335737187
COL4A2	-0.5789885313887352
COL4A2-AS1	0.0
COL4A2-AS2	0.0
COL4A3	-1.6590933078333057
COL4A4	0.33333333333333326
COL4A5	-0.08655403542050699
COL4A6	-1.1461233343698214
COL5A1	-0.16395103210989115
COL5A1-AS1	0.0
COL5A2	-1.6998452245169715
COL5A3	-0.5283208335737187
COL6A1	-0.17152439094325267
COL6A2	-0.19498750024038536
COL6A2-DT	0.0
COL6A3	-0.3333333333333333
COL6A4P1	-0.6666666666666666
COL6A4P2	0.0
COL6A5	0.0
COL6A6	0.5283208335737186
COL7A1	-0.482966983715043
COL8A1	0.19498750024038536
COL8A2	-0.33333333333333337
COL9A1	0.0
COL9A2	-1.3308734898781336
COL9A3	-0.5656016057151589
COLCA1	-1.3956661716004177
COLEC10	0.0
COLEC11	-1.359650447131607
COLEC12	0.3333333333333333
COLGALT1	-0.4231303512090143
COLGALT2	-1.07167096365695
COLQ	-0.6666666666666666
COMETT	0.0
COMMD1	0.1575371831703416
COMMD10	-0.6479746918646372
COMMD10-AS1	0.9999999999999998
COMMD2	-0.09259273051243522
COMMD3	0.5418681617395
COMMD3-BMI1	0.0
COMMD4	-0.09739292989233927
COMMD4P1	-2.371825739139979
COMMD4P2	0.0
COMMD5	-0.3565905051437852
COMMD5P1	0.0
COMMD6	0.9273683665891603
COMMD6P1	0.0
COMMD7	0.09986781734676597
COMMD8	0.09656334594494886
COMMD9	-0.521971240096387
COMP	1.5283208335737188
COMT	-1.146728169776086
COMTD1	-0.7670565115735206
COP1	0.11030233731958372
COP1-DT	0.861654166907052
COP1P1	-0.861654166907052
COPA	0.03257875048025838
COPB1	0.19559262866285287
COPB2	-0.09986244917369191
COPB2-DT	1.245655198055402
COPDA1	0.0
COPE	0.30515138925562013
COPG1	-0.24258119044267712
COPG2	0.8574852107121513
COPG2IT1	0.2691183073525347
COPRS	0.32006633064734125
COPRSP1	0.0
COPS2	0.21906227890318242
COPS3	0.11345285371862524
COPS3P1	0.0
COPS4	-0.12457288424251445
COPS5	0.0458017502279473
COPS5P1	0.0
COPS5P2	0.0
COPS6	0.017448404683459096
COPS7A	0.2794265444481132
COPS7B	0.5022591576862769
COPS8	0.3896399239391064
COPS8-DT	-0.5175136743429256
COPS8P1	0.0
COPS8P2	0.0
COPS8P3	0.0
COPS9	0.24772534940079627
COPZ1	-0.14384438120723075
COPZ2	-1.1073093649624541
COQ10A	-0.24640755136013048
COQ10B	0.2951619777680703
COQ10BP2	-0.5283208335737187
COQ2	0.8424624291819311
COQ3	-0.9097841366854444
COQ4	0.41463260942436264
COQ5	0.36440681499834326
COQ6	0.7365728637671127
COQ7	-0.052041668200200064
COQ7-DT	-0.6666666666666666
COQ8A	-0.3409737459003459
COQ8B	0.1689124444718848
COQ9	0.1568928895439603
CORIN	0.0
CORIN-AS1	-1.5479520632582415
CORO1A	-0.33615385958273203
CORO1A-AS1	0.0
CORO1B	0.6767504584614619
CORO1C	0.49348842140375915
CORO1CP1	0.0
CORO2A	0.13341723591696297
CORO2B	0.3899750004807707
CORO6	0.47167916642628127
CORO7	0.1768382388995935
CORO7-PAM16	0.0
CORT	0.0
COSMOC	0.2691183073525347
COTL1	0.39604593490011464
COTL1-AS1	0.0
COTL1P1	0.0
COTL1P2	0.0
COX10	-0.0978146193751348
COX10-DT	0.5914466216098813
COX11	-0.4030261107541584
COX11P1	0.0
COX14	-0.069458883637747
COX15	-0.17049440908247693
COX16	-0.842022937222529
COX16P1	0.3333333333333333
COX17	0.4444691972576935
COX17P1	0.0
COX18	-0.2040777492323329
COX19	0.3811118976543906
COX20	-0.0619555151037785
COX20P1	0.0
COX20P2	0.0
COX4I1	-0.7792551063479873
COX4I1P1	0.0
COX4I1P2	0.0
COX4I2	0.0
COX5A	0.5248401374348797
COX5AP1	0.0
COX5AP2	0.0
COX5B	0.1461653027018155
COX5BP1	0.0
COX5BP2	0.0
COX5BP3	0.3333333333333333
COX5BP4	0.0
COX5BP6	0.0
COX5BP7	0.0
COX5BP8	0.0
COX6A1	0.713566454630226
COX6A1P1	0.0
COX6A1P2	0.6666666666666667
COX6A1P3	0.0
COX6A1P4	0.0
COX6A1P5	0.0
COX6A1P6	0.0
COX6A1P7	0.0
COX6A2	0.0
COX6B1	0.1351083913354243
COX6B1P1	0.0
COX6B1P2	0.0
COX6B1P3	1.0566416671474375
COX6B1P4	0.0
COX6B1P5	1.0
COX6B1P6	0.0
COX6B1P7	0.0
COX6B2	0.3333333333333333
COX6C	0.24756354726694862
COX6CP1	0.1247985049271656
COX6CP10	1.0566416671474375
COX6CP11	0.0
COX6CP12	0.0
COX6CP13	0.0
COX6CP14	0.3333333333333333
COX6CP15	0.0
COX6CP16	0.0
COX6CP17	0.0
COX6CP18	0.0
COX6CP2	0.0
COX6CP3	0.0
COX6CP4	-0.5283208335737187
COX6CP5	0.0
COX6CP6	0.0
COX6CP7	0.0
COX6CP8	0.0
COX7A1	-1.0566416671474375
COX7A2	0.2815548003292543
COX7A2L	0.3145186915721787
COX7A2P1	0.3333333333333333
COX7A2P2	0.0
COX7B	0.1679149843228549
COX7B2	0.0
COX7BP2	-0.5283208335737187
COX7BP3	0.0
COX7BP4	0.0
COX7BP6	0.0
COX7C	-0.053372530071918334
COX7CP1	-0.5283208335737186
COX7CP2	-0.3333333333333333
COX7CP3	0.0
COX7CP4	0.0
COX8A	0.4910242138741694
COX8C	0.0
COX8CP1	0.0
COXFA4	0.24024042516044908
COXFA4L2	-0.33333333333333326
COXFA4L3	-0.3333333333333333
COXFA4P1	-0.3333333333333333
COXFA4P2	0.0
COXFA4P3	0.24565519805540204
COXFA4P4	0.0
COXFA4P5	0.0
CP	-2.0581263420634333
CPA1	-0.5283208335737187
CPA2	0.0
CPA3	0.0
CPA4	-0.19498750024038541
CPA5	-0.3333333333333333
CPA6	-1.5283208335737188
CPAMD8	-0.3333333333333333
CPAMD8P1	0.0
CPAP	0.1795199186169265
CPB1	0.0
CPB2	-3.816233822986521
CPB2-AS1	-1.151796817805145
CPD	0.2328132906442857
CPDP1	0.0
CPE	-0.0799241008979017
CPEB1	0.0
CPEB1-AS1	0.3333333333333333
CPEB2	-0.16031963074151534
CPEB2-DT	1.0566416671474372
CPEB3	0.7739760316291209
CPEB4	1.238095201406761
CPED1	-0.0617708623499027
CPHL1P	-1.968963531869506
CPHXL	0.0
CPHXL2	1.107309364962454
CPLANE1	1.1789887476344143
CPLANE1-AS1	0.22602396837087957
CPLANE2	1.7974391409262533
CPLX1	-0.9357849740192015
CPLX2	-3.1951865235798254
CPLX3	0.0
CPLX4	0.0
CPM	0.0
CPMER	0.0
CPN1	-2.703679098639886
CPN2	-1.538897053381918
CPNE1	1.1291769990225582
CPNE2	0.5085025959378955
CPNE2-DT	-0.19498750024038541
CPNE3	0.7410581269706782
CPNE4	0.3333333333333333
CPNE5	-0.6666666666666666
CPNE6	-0.3333333333333333
CPNE7	0.0
CPNE8	-1.0
CPNE8-AS1	0.3333333333333333
CPNE9	0.5283208335737187
CPO	0.0
CPOX	0.293721853066347
CPP	0.0
CPPED1	0.10246392842017471
CPQ	-0.5276673121319
CPS1	-0.1993416070105818
CPS1-IT1	-0.3333333333333333
CPSF1	-0.012489814703959823
CPSF1P1	0.0
CPSF1P2	0.0
CPSF2	-0.44021001480060384
CPSF3	0.3823862088799732
CPSF4	0.2871730559604675
CPSF4L	-1.6356301985361728
CPSF6	0.04644006977220805
CPSF6P1	0.0
CPSF7	0.46237643779938065
CPT1A	-0.5019290847763456
CPT1B	0.0
CPT1C	0.0
CPT2	0.9194817738588865
CPTP	0.17091428163978772
CPVL	-0.16281761195666267
CPVL-AS1	0.3333333333333333
CPVL-AS2	0.02346310929713269
CPXCR1	0.0
CPXM1	0.0
CPXM2	0.0
CPXM2-AS1	0.0
CPZ	-0.6666666666666666
CR1	-0.5283208335737187
CR1-AS1	0.0
CR1L	0.3333333333333333
CR2	0.3333333333333333
CRABP1	0.0
CRABP2	0.0
CRACD	-0.8616541669070521
CRACDL	-0.3333333333333333
CRACR2A	-0.3333333333333333
CRACR2B	-0.6084256100182888
CRADD	-1.5604436317311299
CRADD-AS1	-0.3333333333333333
CRADDP1	0.0
CRAMP1	0.15649509443374043
CRAT	0.9659363917017103
CRAT37	0.0
CRB1	0.3333333333333333
CRB2	-0.5283208335737187
CRB3	-1.3463214411863822
CRB3P1	0.0
CRBN	0.4813062064219906
CRCP	0.12088375357413117
CRCT1	0.0
CREB1	0.2778707407108687
CREB3	0.6262023245127084
CREB3L1	0.0
CREB3L2	0.009115687387545535
CREB3L2-AS1	-0.2456551980554018
CREB3L3	-1.214618729924908
CREB3L4	-0.9311830408441915
CREB5	-0.18144017207460372
CREBBP	-0.27966654497370147
CREBL2	0.13133268321968572
CREBRF	0.6796999398963139
CREBZF	0.28824014848480584
CREG1	0.6774039593911221
CREG2	0.0
CRELD1	0.5250933157746065
CRELD2	-0.12456528554967239
CREM	0.12433920959655698
CRH	0.0
CRHBP	0.0
CRHR1	0.0
CRHR2	-0.3333333333333333
CRIM1	0.8611510975301213
CRIM1-DT	0.3557047319528459
CRIP1	0.9182958340544894
CRIP1P1	0.0
CRIP1P2	0.0
CRIP1P3	0.0
CRIP1P4	0.0
CRIP2	0.7258460618507292
CRIP3	-0.6666666666666666
CRIPT	0.19903499237090472
CRIPTO	-0.5283208335737187
CRIPTO3	0.0
CRIPTOP1	0.0
CRIPTOP2	0.0
CRIPTOP4	0.0
CRIPTOP5	0.5283208335737187
CRIPTOP6	0.0
CRIPTOP7	0.0
CRISP1	0.0
CRISP2	0.0
CRISP3	0.0
CRISPLD1	-0.6666666666666667
CRISPLD2	1.3333333333333335
CRK	0.8040354070391551
CRK-AS1	0.6666666666666667
CRKL	0.2678103606640576
CRLF1	-0.7760533495329591
CRLF2	0.0
CRLF3	0.33666136285754167
CRLF3P1	0.3333333333333333
CRLF3P2	0.0
CRLF3P3	0.0
CRLS1	-0.2501117174108609
CRMA	0.0
CRMP1	1.30761071315918
CRNKL1	0.056307658271741445
CRNN	0.0
CROCC	1.547952063258241
CROCC2	-1.1073093649624541
CROCCP1	0.0
CROCCP2	-0.5503627971014788
CROCCP3	0.6911855356566936
CROCCP4	0.0
CROCCP5	0.0
CROT	0.003653070663287572
CRP	0.0
CRPP1	0.0
CRPPA	-1.5849625007211559
CRPPA-AS1	-0.6666666666666666
CRTAC1	0.0
CRTAM	0.0
CRTAP	-0.08619053948968691
CRTC1	-0.11597443447343547
CRTC1P1	0.0
CRTC2	0.4936905392278135
CRTC3	-0.4142480463731397
CRTC3-AS1	0.33333333333333326
CRX	0.0
CRY1	0.8869169282882412
CRY2	0.7531117497328275
CRYAA	-0.6666666666666667
CRYAB	0.0
CRYBA1	0.0
CRYBA2	0.0
CRYBA4	0.0
CRYBB1	0.0
CRYBB2	-0.5283208335737187
CRYBB2P1	-0.05243246437152127
CRYBB3	-2.0
CRYBG1	-1.1371873034938638
CRYBG2	-1.3022968652028393
CRYBG3	-0.02034314446585217
CRYGA	0.0
CRYGB	0.0
CRYGC	0.0
CRYGD	0.0
CRYGEP	0.0
CRYGFP	0.0
CRYGGP	0.3333333333333333
CRYGN	0.3333333333333333
CRYGN-AS1	0.0
CRYGS	1.6666666666666665
CRYL1	-0.03198334479466247
CRYM	-0.723308333814104
CRYZ	-1.1664415274422346
CRYZL1	0.7347006479540994
CRYZL2P	-1.6913804875841687
CRYZL2P-SEC16B	-1.5283208335737186
CRYZP1	1.8540808080736908
CRYZP2	0.0
CS	-0.639638156494696
CSAD	0.9442966713882459
CSAD-AS1	0.0
CSAG1	0.0
CSAG2	0.0
CSAG3	0.0
CSAG4	0.3333333333333333
CSDC2	0.08767813527793145
CSDE1	-0.3410130118212322
CSE1L	0.11405288850504824
CSE1L-DT	0.24565519805540204
CSF1	-1.7111330418057331
CSF1R	-0.33333333333333326
CSF2	0.0
CSF2RA	0.0
CSF2RB	0.0
CSF2RBP1	0.0
CSF3	0.0
CSF3R	-0.11117646038870888
CSGALNACT1	-1.8398579512960413
CSGALNACT1-AS1	0.0
CSGALNACT2	0.21247664020509793
CSGALNACT2-DT	0.8616541669070521
CSGALNACT2P1	0.0
CSGALNACT2P2	0.0
CSH1	0.0
CSH2	0.0
CSHL1	0.0
CSK	-0.159633876552693
CSKMT	0.5107513362945975
CSMD1	0.5371449040274494
CSMD2	0.0
CSMD2-AS1	0.0
CSMD3	0.3333333333333333
CSN1S1	0.0
CSN1S2AP	0.0
CSN2	0.0
CSN3	0.0
CSNK1A1	0.23976494617466848
CSNK1A1L	0.0
CSNK1A1P1	1.5283208335737186
CSNK1A1P3	0.0
CSNK1D	0.37821650889826053
CSNK1E	0.34928122626740166
CSNK1G1	-0.4615155392360588
CSNK1G2	0.39363948853380215
CSNK1G2-AS1	0.9999999999999999
CSNK1G2P1	0.0
CSNK1G3	0.24067812288930934
CSNK2A1	0.3364826708847737
CSNK2A2	0.20254049013365183
CSNK2A2IP	0.0
CSNK2A3	0.3333333333333333
CSNK2B	-0.8077267470090996
CSP1	0.3333333333333333
CSP2	0.0
CSPG4	0.10730936496245413
CSPG4BP	0.0
CSPG4P10	0.20619029778799147
CSPG4P11	-0.3333333333333333
CSPG4P12	0.0
CSPG4P13	0.0
CSPG4P1Y	0.0
CSPG4P2Y	0.0
CSPG4P3Y	0.0
CSPG4P4Y	0.0
CSPG4P5	0.0
CSPG5	0.5283208335737186
CSPP1	0.4872585197018653
CSRNP1	0.8175925444754748
CSRNP2	1.96910914065902
CSRNP3	0.0
CSRP1	0.6300558274905743
CSRP1-AS1	0.0
CSRP2	0.7769537398857906
CSRP2P2	0.0
CSRP3	0.0
CSRP3-AS1	-0.3333333333333333
CST1	-0.3333333333333333
CST11	0.0
CST12P	0.0
CST13P	0.0
CST2	0.0
CST2P1	0.0
CST3	-0.06875784142369845
CST4	0.0
CST5	0.0
CST6	0.0
CST7	0.5283208335737186
CST8	0.0
CST9	0.0
CST9L	0.3333333333333333
CST9LP1	0.0
CST9LP2	-1.1949875002403854
CSTA	0.3333333333333333
CSTB	0.43614719936906177
CSTBP1	-0.3333333333333333
CSTF1	-0.07016620386235495
CSTF2	-0.055958418725635894
CSTF2T	-0.07018899531321976
CSTF3	-0.09141961449868319
CSTF3-DT	1.3899750004807707
CSTL1	0.0
CSTP1	0.0
CSTP2	0.0
CSTPP1	0.22328379943588939
CT45A1	0.0
CT45A10	0.0
CT45A11P	-0.3333333333333333
CT45A2	0.0
CT45A3	0.0
CT45A5	0.0
CT45A6	0.0
CT45A7	0.0
CT45A8	0.0
CT45A9	0.0
CT47A1	0.0
CT47A10	0.0
CT47A11	0.0
CT47A12	0.0
CT47A2	0.0
CT47A3	0.0
CT47A4	0.0
CT47A5	0.0
CT47A6	0.0
CT47A7	0.0
CT47A8	0.0
CT47A9	0.0
CT47B1	0.0
CT47C1	0.0
CT55	0.0
CT55P2	0.0
CT62	0.0
CT66	-0.5283208335737187
CT69	0.0
CT70	0.0
CT75	0.0
CT83	0.9123218647220687
CTAG1A	0.0
CTAG1B	0.0
CTAG2	0.0
CTAGE1	0.0
CTAGE10P	-0.3333333333333333
CTAGE11P	0.33333333333333326
CTAGE12P	0.3333333333333333
CTAGE13P	0.0
CTAGE14P	-0.3333333333333333
CTAGE15	0.0
CTAGE16P	0.0
CTAGE3P	-0.968963531869506
CTAGE6	0.0
CTAGE7P	1.233479906047031
CTAGE9	-0.6666666666666666
CTB-1I21.1	0.0
CTB-30L5.1	0.0
CTBP1	0.3813401694925762
CTBP1-AS	-1.9047485058887075
CTBP1-DT	-0.624749539002373
CTBP2	0.0
CTBP2P1	0.0
CTBP2P10	0.0
CTBP2P2	0.0
CTBP2P3	0.0
CTBP2P4	0.0
CTBP2P5	0.0
CTBP2P6	0.0
CTBP2P7	0.0
CTBP2P8	0.0
CTBP2P9	0.0
CTBS	0.8564704990622141
CTC1	0.7403234487557491
CTCF	0.08987825929372129
CTCFL	0.0
CTDNEP1	0.05703926811838311
CTDNEP1P1	0.0
CTDNEP1P2	0.19498750024038541
CTDP1	0.20914861068088886
CTDP1-DT	0.0
CTDSP1	-0.34720406880600585
CTDSP2	0.03406426455803491
CTDSP2-AS1	1.6455459796675238
CTDSPL	-0.0020969660041600946
CTDSPL2	0.26566785574220386
CTDSPL2-DT	0.3333333333333333
CTDSPL2P1	0.0
CTDSPL2P2	0.0
CTF1	0.0
CTF2P	0.0
CTH	-0.0794785629551562
CTHRC1	-1.3724033948814633
CTHRC1P1	0.0
CTIF	-0.07147890673763069
CTIF-AS1	0.0
CTLA4	-0.3333333333333333
CTNNA1	-0.3338338714341589
CTNNA1-AS1	0.0
CTNNA1P1	0.0
CTNNA2	0.0
CTNNA2-AS1	0.0
CTNNA3	0.0
CTNNA3-AS1	0.0
CTNNAL1	0.14522320126462862
CTNNB1	0.5873935079684287
CTNNBIP1	-0.14300488573910997
CTNNBIP1-AS1	0.0
CTNNBL1	-0.0109781863167564
CTNNBL1P1	0.0
CTNND1	0.04142351342855122
CTNND2	0.6666666666666666
CTNS	0.32332157791724025
CTNS-AS1	1.0
CTPS1	0.10998328989334993
CTPS2	-0.7596892269249897
CTR9	0.5680501935406816
CTRB1	0.0
CTRB2	0.0
CTRC	0.0
CTRL	0.0
CTSA	0.4567410343220093
CTSB	1.6635756727709001
CTSC	-0.5861611489878831
CTSD	-0.2508991903575488
CTSE	-0.6666666666666666
CTSF	0.0
CTSG	0.0
CTSH	-0.4272205819815582
CTSK	0.5283208335737187
CTSL	0.6553928299970488
CTSL3P	0.0
CTSLP1	0.0
CTSLP2	-1.3333333333333335
CTSLP3	-2.238081839222041
CTSLP4	0.0
CTSLP6	0.0
CTSLP8	0.0
CTSO	-0.3333333333333333
CTSS	-2.214618729924908
CTSV	1.1616555702481453
CTSW	0.0
CTSZ	-0.8616541669070521
CTTN	-0.005340176320774326
CTTN-DT	-0.129680763581967
CTTNBP2	0.0
CTTNBP2NL	0.8491330841819753
CTU1	-0.06421502598079787
CTU2	0.5291054015769312
CTXN1	0.4716791664262814
CTXN2	0.0
CTXN2-AS1	0.0
CTXN3	0.0
CTXND1	-1.4375156195310175
CTXND2	0.0
CUBN	0.3333333333333333
CUBNP1	0.0
CUBNP2	-0.3333333333333333
CUBNP3	0.0
CUEDC1	0.2852033635549418
CUEDC1-AS1	-0.3333333333333333
CUEDC2	-0.8050124997596146
CUL1	-0.2551008123306264
CUL1P1	0.0
CUL2	0.0871009375280618
CUL3	0.32281856161026123
CUL4A	-0.8062581425959898
CUL4AP1	0.0
CUL4B	-0.34286702695218363
CUL5	-0.12766587032435694
CUL7	-0.29181432986367284
CUL9	0.44297962238196664
CUL9-AS1	0.0
CUPIN1P	0.0
CUTA	-0.3499859198736699
CUTALP	0.9490194722659311
CUTC	-0.3232087836521611
CUX1	-0.3474487635698651
CUX2	0.0
CUX2P1	0.0
CUZD1	0.0
CWC15	0.055407727133204965
CWC22	-0.6388940326727894
CWC25	0.33348105207108336
CWC27	-0.9286464585183349
CWF19L1	-0.0852717647127843
CWF19L2	-0.6666666666666661
CWH43	0.0
CX3CL1	0.06291213984316535
CX3CR1	0.3333333333333333
CXADR	0.20987781496000757
CXADRP1	0.0
CXADRP2	0.0
CXADRP3	0.0
CXCL1	0.0
CXCL10	0.3333333333333333
CXCL11	0.7739760316291208
CXCL12	0.0
CXCL13	0.0
CXCL14	0.0
CXCL16	-1.0452121953699605
CXCL17	0.0
CXCL1P1	0.0
CXCL2	0.0
CXCL3	0.0
CXCL5	0.0
CXCL6	0.0
CXCL8	-1.413669366501265
CXCL9	0.0
CXCR1	0.3333333333333333
CXCR2	0.0
CXCR2P1	0.0
CXCR3	-0.3333333333333333
CXCR4	0.0
CXCR5	0.0
CXCR6	-0.5517839428708513
CXXC1	0.5382657397601598
CXXC1P1	0.0
CXXC4	0.0
CXXC4-AS1	0.0
CXXC5	0.5187225257899852
CXXC5-AS1	0.276691666185896
CXorf38	0.6009417545256968
CXorf49	0.0
CXorf49B	0.0
CXorf49C	0.0
CXorf51A	0.0
CXorf51B	0.0
CXorf58	0.3333333333333333
CXorf65	0.0
CXorf66	0.0
CYB561	-1.5851907933183536
CYB561A3	0.4590480080495656
CYB561D1	0.7631406166712447
CYB561D2	0.022867937999674126
CYB5A	-0.3044817645580338
CYB5AP2	0.0
CYB5AP3	0.0
CYB5AP4	0.0
CYB5AP5	0.0
CYB5B	-0.5454662042943212
CYB5D1	0.0
CYB5D2	1.2304062528032649
CYB5R1	1.030507365288619
CYB5R2	-1.3899750004807707
CYB5R3	0.4035607208842409
CYB5R4	0.902880862372359
CYB5RL	0.965646767899548
CYBA	0.4676160300903085
CYBB	0.0
CYBC1	0.32112027854437386
CYBRD1	-0.5283208335737187
CYC1	-0.2995850710178427
CYCS	0.028564040579860617
CYCSP1	0.0
CYCSP10	0.24565519805540204
CYCSP11	0.0
CYCSP12	0.0
CYCSP17	0.0
CYCSP19	0.0
CYCSP2	0.3333333333333333
CYCSP20	0.0
CYCSP22	0.0
CYCSP23	0.0
CYCSP24	-0.44064269829578745
CYCSP25	0.0
CYCSP26	0.0
CYCSP27	0.0
CYCSP28	0.0
CYCSP29	0.0
CYCSP3	0.6666666666666666
CYCSP30	0.0
CYCSP32	0.0
CYCSP33	0.0
CYCSP34	0.6666666666666666
CYCSP35	0.0
CYCSP38	0.0
CYCSP39	0.0
CYCSP4	0.3333333333333333
CYCSP40	0.0
CYCSP41	0.0
CYCSP42	0.0
CYCSP43	0.0
CYCSP44	0.0
CYCSP45	-0.3333333333333333
CYCSP46	0.0
CYCSP48	0.0
CYCSP49	0.0
CYCSP5	0.0
CYCSP51	0.0
CYCSP52	-0.5283208335737187
CYCSP53	0.0
CYCSP55	0.0
CYCSP56	0.0
CYCSP6	-1.1742624515580564
CYCSP7	0.0
CYCSP8	0.0
CYCTP	0.0
CYFIP1	0.544502435558905
CYFIP2	-0.7866958926992051
CYGB	-1.7495673716088098
CYKILR	0.0
CYLC1	0.5283208335737187
CYLC2	0.0
CYLD	0.06787807344215846
CYLD-AS1	0.0
CYLD-AS2	0.3333333333333333
CYMP	0.0
CYMP-AS1	0.0
CYP11A1	0.5283208335737186
CYP11B1	0.0
CYP11B2	0.0
CYP17A1	-0.3333333333333333
CYP19A1	-1.5634620178257235
CYP1A1	1.047294351241534
CYP1A2	0.0
CYP1B1	0.3333333333333333
CYP1B1-AS1	0.3333333333333333
CYP1D1P	0.0
CYP20A1	1.033520847802885
CYP21A1P	-1.4972843654432246
CYP21A2	0.08767813527793122
CYP24A1	0.17720651605129678
CYP26A1	0.0
CYP26B1	-0.33333333333333337
CYP26C1	-1.0
CYP26C1-DT	1.2516291673878228
CYP27A1	-0.3110207239770375
CYP27B1	-1.3124929718139806
CYP27C1	0.0
CYP2A13	0.0
CYP2A6	0.3333333333333333
CYP2A7	0.0
CYP2A7P1	0.0
CYP2A7P2	0.0
CYP2AB1P	0.0
CYP2AC1P	0.0
CYP2B6	-0.3333333333333333
CYP2B7P	0.0
CYP2C18	0.0
CYP2C19	0.0
CYP2C23P	0.0
CYP2C56P	0.0
CYP2C58P	0.0
CYP2C59P	0.0
CYP2C60P	0.0
CYP2C61P	0.0
CYP2C8	-0.5283208335737187
CYP2C9	0.0
CYP2D6	1.4789038473790714
CYP2D8P	0.0
CYP2E1	0.0
CYP2F1	0.0
CYP2F2P	1.1949875002403854
CYP2G1P	0.0
CYP2G2P	0.0
CYP2J2	-0.43850060857597617
CYP2R1	-0.5283208335737184
CYP2S1	-1.6024516406858678
CYP2T1P	0.861654166907052
CYP2T3P	0.3333333333333333
CYP2U1	1.6958209470834467
CYP2U1-AS1	0.19498750024038541
CYP2W1	-1.0512566732064128
CYP39A1	-0.5283208335737187
CYP3A137P	0.0
CYP3A4	0.1383458330929479
CYP3A4-AS1	0.0
CYP3A43	-1.2516291673878226
CYP3A5	0.40895068984238314
CYP3A51P	0.0
CYP3A52P	0.0
CYP3A54P	0.0
CYP3A7	0.1383458330929479
CYP3A7-CYP3A51P	0.0
CYP46A1	1.0
CYP46A4P	0.0
CYP4A11	0.0
CYP4A22	0.3333333333333333
CYP4A22-AS1	0.3333333333333333
CYP4A26P	0.0
CYP4A27P	0.0
CYP4A43P	0.0
CYP4A44P	0.0
CYP4B1	0.0
CYP4F10P	-0.3333333333333333
CYP4F11	0.662328881353389
CYP4F12	1.1256564861484408
CYP4F2	1.3022968652028397
CYP4F22	0.0
CYP4F23P	0.3333333333333333
CYP4F24P	0.0
CYP4F25P	0.0
CYP4F26P	0.0
CYP4F27P	0.0
CYP4F29P	0.0
CYP4F3	-1.186588782631513
CYP4F30P	0.0
CYP4F32P	0.0
CYP4F33P	0.0
CYP4F34P	0.0
CYP4F35P	0.0
CYP4F36P	0.0
CYP4F44P	0.0
CYP4F59P	0.0
CYP4F60P	-0.4406426982957875
CYP4F62P	0.0
CYP4F8	0.0
CYP4V2	-0.11787898487156712
CYP4X1	0.0
CYP4Z1	0.0
CYP4Z2P	0.0
CYP51A1	-0.4386739781675786
CYP51A1-AS1	1.7097610056483221
CYP51A1P1	0.0
CYP51A1P2	-0.9123218647220684
CYP51A1P3	0.138345833092948
CYP7A1	-0.3333333333333333
CYP7B1	2.3022968652028393
CYP8B1	-2.409606230165293
CYREN	0.2774202032250148
CYRIA	0.0
CYRIB	0.37848301280381413
CYRIB-AS1	-0.3333333333333333
CYS1	0.861654166907052
CYSLTR1	0.0
CYSLTR2	0.0
CYSRT1	-1.0430943389816554
CYSTM1	-0.10794254260094771
CYTH1	0.9677378312150493
CYTH1P1	0.0
CYTH2	0.2074790687132726
CYTH3	0.5435350554256226
CYTH4	-0.3333333333333333
CYTIP	0.0
CYTL1	0.0
CYTOR	-0.2078634471030547
CYYR1	0.0
CYYR1-AS1	0.0
CZIB	0.8469950231974508
CZIB-DT	-1.4641058075929196
D21S2088E	0.0
D2HGDH	0.8335294947750906
DAAM1	0.042183815524991175
DAAM2	0.10730936496245413
DAAM2-AS1	0.0
DAB1	0.0
DAB1-AS1	0.0
DAB2	-1.1031939248455886
DAB2IP	-0.9455127699206498
DACH1	0.0
DACH2	0.0
DACT1	0.0
DACT2	0.19498750024038541
DACT3	1.4641058075929199
DACT3-AS1	0.0
DAD1	0.45465749285648727
DAG1	0.7171717339941814
DAGLA	-0.9055276632748903
DAGLB	0.6757845500801789
DALRD3	0.12791990040529555
DANCR	-1.3688579952289617
DAND5	0.0
DANT1	0.0
DANT2	0.0
DAO	-0.8812853965915749
DAOA	0.0
DAOA-AS1	0.0
DAP	-0.5370082657691171
DAP-DT	0.0
DAP3	0.1937521878057744
DAP3P1	0.0
DAP3P2	0.6666666666666666
DAPK1	-0.0007347569755760119
DAPK1-IT1	0.0
DAPK2	0.0
DAPK3	0.5422608921385939
DAPL1	0.0
DAPP1	0.0
DARS1	-0.355213852428621
DARS1-AS1	2.8184424067681872
DARS2	-0.18644948366925096
DAW1	0.0
DAXX	-1.5382366147050694
DAZ1	0.0
DAZ2	0.0
DAZ3	0.0
DAZ4	0.0
DAZAP1	-0.09965098638793801
DAZAP2	-0.007857676390340629
DAZAP2P1	-0.861654166907052
DAZL	0.0
DBET	0.0
DBF4	-0.018206247960066868
DBF4B	0.07484546014793825
DBF4P1	-0.3333333333333333
DBF4P2	0.0
DBF4P3	0.0
DBH	-0.2691183073525345
DBH-AS1	-0.19284541052057458
DBI	0.12425076066970142
DBIL5P	-0.7739760316291208
DBIL5P2	0.0
DBIP1	0.0
DBIP2	0.5283208335737187
DBN1	-0.5033148170763191
DBNDD1	-1.0314418782745411
DBNDD2	-1.1949875002403854
DBNL	0.8509916399173854
DBP	-0.6774738258974593
DBR1	0.1421613419766503
DBT	0.4400545741670516
DBTP1	-1.1949875002403856
DBX1	0.0
DBX2	0.0
DBX2-AS1	0.0
DCAF1	0.20549304326763185
DCAF10	1.2679426238437435
DCAF11	-0.1259298081851581
DCAF12	0.28313679983575746
DCAF12-AS1	0.6666666666666666
DCAF12L1	0.0
DCAF12L2	0.0
DCAF13	-0.23372612017786132
DCAF13P1	0.0
DCAF13P2	0.0
DCAF13P3	-0.2456551980554018
DCAF15	-0.49957982730497097
DCAF16	0.3388868101362519
DCAF17	-0.13813501111056325
DCAF4	-0.26400231924138895
DCAF4L1	0.4406426982957875
DCAF4L2	0.0
DCAF5	-0.41999369395207964
DCAF6	-0.0027049395772973384
DCAF7	-0.06537678333168628
DCAF8	0.2817776003962216
DCAF8-DT	0.05664166714743746
DCAF8L1	0.0
DCAF8L2	0.0
DCAKD	0.43631716334490456
DCANP1	0.0
DCBLD1	0.8212005264363649
DCBLD2	0.35214399127020357
DCC	0.0
DCD	0.0
DCDC1	0.0
DCDC2	-0.130031640300996
DCDC2B	0.1383458330929479
DCDC2C	0.0
DCHS1	-0.3333333333333333
DCHS1-AS1	0.0
DCHS2	0.0
DCK	-0.36992205822683033
DCLK1	0.0
DCLK2	-0.6666666666666666
DCLK3	0.0
DCLRE1A	-1.1213942391398044
DCLRE1B	-0.11585597201515441
DCLRE1C	-0.09125856808086841
DCLRE1CP1	0.0
DCN	0.0
DCP1A	-0.6012931978565703
DCP1B	-0.15426121702913065
DCP2	-0.0858214769204082
DCPH1	0.3201708490298252
DCPS	-1.1807706302372978
DCST1	-0.19498750024038541
DCST1-AS1	-0.5283208335737186
DCST2	1.0
DCSTAMP	0.0
DCT	0.0
DCTD	-0.43871157517157844
DCTN1	-0.15343845074249884
DCTN1-AS1	-0.1383458330929479
DCTN2	0.021659526481598412
DCTN3	0.5952739201693209
DCTN4	0.13939758069765684
DCTN5	0.12668516535887875
DCTN6	-0.3592538133526819
DCTN6-DT	-0.5283208335737186
DCTPP1	-0.6077753553269378
DCUN1D1	0.3008632213491227
DCUN1D2	0.006455108288976774
DCUN1D2-AS	0.0
DCUN1D3	-0.06999520235664658
DCUN1D4	0.31373309829992735
DCUN1D5	-0.18446843519103417
DCX	0.0
DCXR	1.8042687862460411
DCXR-DT	-0.44064269829578717
DDA1	0.4164023552233864
DDAH1	-0.20748023135730342
DDAH2	-0.5154363564390874
DDB1	-0.0590554910347354
DDB2	-0.26804890984255625
DDC	-2.5504710058362825
DDC-AS1	-0.3333333333333333
DDERMMAL	0.0
DDHD1	0.13688992861441562
DDHD1-DT	-0.33333333333333326
DDHD2	0.1823455383155954
DDI1	0.0
DDI2	-0.4139350156820889
DDIAS	0.40176562508004654
DDIT3	0.545809973538431
DDIT4	-0.8992599277725297
DDIT4L	0.0
DDIT4L-AS1	0.0
DDN	-1.0223713986195122
DDN-AS1	0.10730936496245413
DDO	0.3925127285173957
DDOST	-0.013193336172994563
DDR1	-1.9983318370492515
DDR1-DT	0.0
DDR2	-0.15649509443374
DDRGK1	0.13378520188495102
DDT	0.0
DDTL	0.5244889539611091
DDTP1	0.3333333333333333
DDX1	-0.019071036153039955
DDX10	0.5123763820909772
DDX10P1	0.3333333333333333
DDX10P2	0.0
DDX11	0.17956288271482634
DDX11-AS1	-0.3899750004807707
DDX11L1	0.0
DDX11L10	-0.3333333333333333
DDX11L16	0.0
DDX11L17	-0.3333333333333333
DDX11L2	1.107309364962454
DDX11L5	0.0
DDX11L8	-0.138345833092948
DDX11L9	0.0
DDX12B	-0.33121360629793895
DDX12P	0.7775251130289567
DDX17	0.23365597979483077
DDX18	-0.05126668631025311
DDX18P1	0.0
DDX18P2	0.0
DDX18P3	0.3333333333333333
DDX18P4	0.0
DDX18P5	-0.3899750004807707
DDX18P6	0.0
DDX19A	0.43043522112721
DDX19A-DT	0.33333333333333326
DDX19B	0.046467685555138694
DDX20	-0.19927035851168284
DDX20P1	0.5283208335737186
DDX21	-0.433256104289109
DDX23	-0.6508619359440502
DDX24	0.17916693287095597
DDX25	-0.3333333333333333
DDX25-AS1	0.0
DDX27	0.05434673859621597
DDX28	0.04507347223484981
DDX31	-0.5784820559896682
DDX39A	0.08023107935979734
DDX39AP1	0.0
DDX39B	0.27425162427150784
DDX39B-AS1	0.7407974737788159
DDX39BP1	0.0
DDX39BP2	0.0
DDX3ILA1	0.3333333333333333
DDX3P1	0.3333333333333333
DDX3P2	-0.5283208335737187
DDX3P3	0.0
DDX3X	0.029134328753219307
DDX3Y	0.019873790408508896
DDX4	0.0
DDX41	0.3265459864982798
DDX42	0.0636188390381136
DDX43	0.3333333333333333
DDX43P1	0.0
DDX43P2	0.0
DDX43P3	0.0
DDX46	-0.0580097999250162
DDX47	0.48647720621243273
DDX49	0.3274977338373004
DDX5	0.28605533140289197
DDX50	0.4993499199109701
DDX50P1	0.8481068387412698
DDX50P2	0.3333333333333333
DDX51	0.15591164078950204
DDX52	0.05256502993957124
DDX53	0.0
DDX54	-0.5294250695804692
DDX55	-0.36719002605362316
DDX55P1	0.0
DDX56	-0.3088869299277812
DDX59	0.5465849911871787
DDX59-AS1	0.0
DDX5P1	0.0
DDX6	-0.18120865378668682
DDX60	-0.6666666666666666
DDX60L	-0.3333333333333333
DDX6P1	0.3333333333333333
DDX6P2	0.0
DEAF1	-0.28574793261665477
DECR1	-0.634238672689122
DECR2	0.3835335109150382
DEDD	0.570164460935005
DEDD2	-0.4058874231413512
DEF6	-1.7474559960338953
DEF8	0.6730884924899252
DEFA1	0.0
DEFA10P	0.0
DEFA11P	0.0
DEFA1B	0.0
DEFA3	0.0
DEFA4	0.0
DEFA5	0.0
DEFA6	-0.3333333333333333
DEFA7P	0.0
DEFA8P	0.0
DEFA9P	0.0
DEFB1	0.0
DEFB103A	0.0
DEFB103B	0.0
DEFB104A	0.0
DEFB104B	0.0
DEFB105A	0.0
DEFB105B	0.0
DEFB106A	0.0
DEFB106B	0.0
DEFB107A	0.0
DEFB107B	0.0
DEFB108A	0.0
DEFB108B	-0.5283208335737187
DEFB108C	0.0
DEFB108D	0.0
DEFB108E	0.0
DEFB108F	0.0
DEFB109A	0.0
DEFB109B	0.0
DEFB109C	0.0
DEFB109D	0.0
DEFB109F	0.0
DEFB110	0.0
DEFB112	0.0
DEFB113	0.0
DEFB114	0.0
DEFB115	0.0
DEFB116	0.0
DEFB117	0.0
DEFB118	0.0
DEFB119	0.0
DEFB121	0.0
DEFB122	0.0
DEFB123	0.0
DEFB124	0.0
DEFB125	0.0
DEFB126	0.0
DEFB127	0.0
DEFB128	0.0
DEFB129	0.0
DEFB130A	0.0
DEFB130B	0.0
DEFB130C	-0.19498750024038541
DEFB130D	0.0
DEFB131A	0.0
DEFB131B	0.0
DEFB131C	0.0
DEFB131D	0.0
DEFB131E	0.0
DEFB132	0.0
DEFB133	0.0
DEFB134	0.0
DEFB135	0.0
DEFB136	0.0
DEFB4A	0.0
DEFB4B	0.0
DEFT1P	0.0
DEFT1P2	0.0
DEGS1	0.7520570970075457
DEGS2	-0.44064269829578717
DEK	0.26536440255405047
DELE1	0.7103855490438473
DELEC1	0.5283208335737187
DEMA1	0.5283208335737187
DENND10	0.771464807400652
DENND10P1	0.3333333333333333
DENND11	-1.104061328110646
DENND1A	0.10525862263525543
DENND1A-AS1	-0.3333333333333333
DENND1B	-0.7249519214996223
DENND1C	0.07413080711214981
DENND2A	0.0
DENND2B	-0.7195933944601167
DENND2B-AS1	0.1383458330929479
DENND2C	1.3481313731194846
DENND2D	0.4520479367417587
DENND3	0.18144017207460372
DENND3-AS1	-0.3333333333333333
DENND4A	0.6481888488235459
DENND4B	-0.23359449811584732
DENND4C	0.6793170788686105
DENND5A	0.3575702274582486
DENND5B	-0.17905830189853056
DENND5B-AS1	0.138345833092948
DENND6A	1.3648593179183148
DENND6A-DT	0.861654166907052
DENND6B	0.9182958340544893
DENR	-0.006152367508607703
DENRP1	0.5283208335737186
DENRP2	0.19498750024038541
DENRP3	0.0
DENRP4	-0.6666666666666666
DEPDC1	-0.3638507723261153
DEPDC1-AS1	0.8284756090567471
DEPDC1-AS2	1.0762728968319601
DEPDC1B	-0.08887322559557731
DEPDC1P1	0.5283208335737187
DEPDC1P2	0.0
DEPDC4	-0.9442966713882472
DEPDC5	0.39854297879373934
DEPDC7	0.18316074044652986
DEPP1	0.3765753910527394
DEPTOR	-1.723308333814104
DEPTOR-AS1	-1.0566416671474375
DERA	-0.028959790554096365
DERL1	0.013778439223088412
DERL2	-0.10685095666288635
DERL3	-0.19498750024038541
DERPC	0.0
DES	0.0
DESI1	-0.05501974875683313
DESI2	0.3719349908604528
DET1	-0.8050124997596146
DEUP1	0.0
DEXI	-0.23097730700322483
DFFA	0.374926843418673
DFFB	-0.1753562705558629
DFFBP1	-0.3333333333333333
DGAT1	0.0839695254815549
DGAT2	0.20563698227613614
DGAT2-DT	0.0
DGAT2L6	0.0
DGAT2L7P	0.1383458330929479
DGCR11	1.007159909136818
DGCR2	0.9758275028027645
DGCR5	0.0
DGCR6	0.0
DGCR6L	1.0570369396217316
DGCR8	-0.2026469063856
DGKA	0.9123218647220688
DGKB	0.3333333333333333
DGKD	0.24626521369636656
DGKE	-0.6589893185698532
DGKG	-1.9505740015519635
DGKH	0.19498750024038541
DGKI	0.0
DGKK	-3.770860157261947
DGKQ	1.9352563264394336
DGKZ	0.2756897631136317
DGKZP1	0.3333333333333333
DGLUCY	-0.9420353654515807
DGUOK	0.20049469853070878
DGUOK-AS1	0.2456551980554018
DHCR24	0.3770058746128555
DHCR24-DT	1.1949875002403854
DHCR7	0.5601087874044115
DHCR7-DT	0.3058459466026755
DHDDS	0.6643149395911161
DHDH	0.3333333333333333
DHFR	0.2502835485147532
DHFR2	-0.23921454700474953
DHFRP1	-0.19498750024038536
DHFRP2	0.0
DHFRP3	0.0
DHFRP5	0.0
DHFRP6	0.0
DHH	0.0
DHH-AS1	0.0
DHODH	-0.2518138391090332
DHPS	0.8050124997596145
DHRS1	0.17353042416475173
DHRS11	-0.36353187639923235
DHRS12	1.0642150259807988
DHRS13	-0.9258691928878506
DHRS2	2.460758102237678
DHRS3	-1.0009193114804953
DHRS4	0.25878054625267843
DHRS4-AS1	0.6746290941807969
DHRS4L1	-0.13834583309294796
DHRS4L2	0.4736127089457005
DHRS7	0.1723388038479321
DHRS7B	1.0552471273440451
DHRS7C	0.0
DHRS9	0.0
DHRSX	0.0
DHRSX-IT1	0.0
DHTKD1	1.224698672473247
DHX15	-0.4026828794735664
DHX16	-0.09080443637162983
DHX29	0.9130435474448699
DHX30	0.0950894888202658
DHX32	-0.526857916125862
DHX33	-1.2262355981123738
DHX33-DT	0.0
DHX34	0.06548481418201035
DHX35	-0.47392521109922203
DHX35-DT	0.861654166907052
DHX36	0.36269867640254194
DHX37	-0.6031497753552433
DHX38	-0.3699574416742557
DHX40	-0.022334896672296267
DHX40P1	0.0
DHX57	-0.24836529527447215
DHX58	0.6270039879276377
DHX8	0.010940207491381138
DHX9	-0.12351421311072208
DHX9P1	0.5283208335737187
DIABLO	0.7413338913993686
DIAPH1	0.3542760227352968
DIAPH1-AS1	0.6666666666666666
DIAPH2	-0.809588067170921
DIAPH2-AS1	-0.5283208335737186
DIAPH3	0.1256181017969853
DIAPH3-AS1	-0.33333333333333326
DIAPH3-AS2	0.19498750024038536
DICER1	-0.5809069352161202
DICER1-AS1	0.38400103114834994
DIDO1	0.005356457803928016
DIMT1	0.22644113704757807
DIMT1P1	0.0
DINOL	-0.7739760316291205
DIO1	-1.231003224709196
DIO2	0.0
DIO2-AS1	0.5283208335737187
DIO3	0.0
DIO3OS	0.0
DIP2A	0.7379496526124054
DIP2A-IT1	0.8616541669070521
DIP2B	-0.020281162774555384
DIP2C	-0.9058042655816019
DIP2C-AS1	0.20716279224875667
DIP2C-AS2	0.0
DIP2C-AS3	0.0
DIPK1A	0.5202231958064036
DIPK1B	0.8692275257404132
DIPK1C	0.0
DIPK2A	0.32879617197429667
DIPK2B	0.0
DIRAS1	-0.861654166907052
DIRAS2	0.0
DIRAS3	0.0
DIRC1	0.0
DIRC3	0.3333333333333333
DIS3	0.2552885259890161
DIS3L	-0.40785536340131046
DIS3L-AS1	0.0
DIS3L2	-0.04854797077962214
DIS3L2P1	0.0
DISC1	-0.6336720908425661
DISC1-IT1	-0.3333333333333333
DISC1FP1	0.7856657428636362
DISP1	-0.6448369728039132
DISP2	0.0
DISP3	1.723308333814104
DIXDC1	-0.8659349175178317
DKC1	-0.7320964536217032
DKFZP434A062	0.0
DKFZp451B082	0.0
DKK1	0.028065782979816767
DKK2	0.0
DKK2-AS2	0.0
DKK3	0.0
DKK4	0.9414761451388491
DKKL1	-0.6666666666666667
DKKL1P1	0.0
DLAT	-0.3715786119094524
DLC1	0.6649042417969753
DLD	0.4407930078410338
DLEC1	-0.2124766402050975
DLEC1P1	0.0
DLEU1	-0.20267383883391954
DLEU2	0.30611854559493246
DLEU2L	0.5283208335737187
DLEU7	-0.9765368907028675
DLG1	-0.3239009695839723
DLG1-AS1	-0.33333333333333337
DLG2	-0.8381910576099194
DLG2-AS2	0.0
DLG3	-1.2131275710651397
DLG3-AS1	0.0
DLG4	-0.8616541669070518
DLG5	-0.5719187017878893
DLG5-AS1	0.5789885313887353
DLGAP1	0.3333333333333333
DLGAP1-AS1	-1.4352895778446548
DLGAP1-AS2	-1.4096062301652936
DLGAP1-AS3	0.0
DLGAP1-AS4	0.0
DLGAP1-AS5	0.0
DLGAP1-AS6	-1.5283208335737188
DLGAP2	0.5283208335737187
DLGAP2-AS1	0.0
DLGAP3	0.0
DLGAP4	0.8893414728327533
DLGAP4-AS1	0.7640602504977703
DLGAP5	0.5711682531889357
DLGAP5P1	0.0
DLGAP5P2	0.0
DLK1	-0.7842731791891149
DLK2	1.0
DLL1	0.3333333333333333
DLL3	-0.5593573017042128
DLL4	-0.19498750024038536
DLST	0.3827668336107415
DLSTP1	-0.10730936496245391
DLX1	-0.7125011745833121
DLX2	1.107309364962454
DLX2-DT	0.3333333333333333
DLX3	-0.3333333333333333
DLX4	1.6590933078333052
DLX5	0.47167916642628127
DLX6	-0.9306689859080559
DLX6-AS1	-1.1256341234640246
DM1-AS	0.6666666666666667
DMAC1	-0.03522621870810205
DMAC1P1	-0.6666666666666666
DMAC2	0.5408621947196321
DMAC2L	0.7232878106685332
DMAP1	0.16410440425182848
DMBT1	0.0
DMBT1L1	0.0
DMBX1	0.0
DMC1	0.0
DMD	-0.4775657285523005
DMD-AS3	0.0
DMGDH	-0.3494543405204662
DMKN	-0.5903455618905058
DMP1	0.0
DMP1-AS1	0.5283208335737187
DMPK	1.0234631092971327
DMRT1	0.0
DMRT2	0.3333333333333333
DMRT3	0.0
DMRTA1	-0.723308333814104
DMRTA2	-0.3333333333333333
DMRTB1	0.0
DMRTC1	0.0
DMRTC1B	0.0
DMRTC2	0.0
DMTF1	1.1345272492353198
DMTF1-AS1	-0.19498750024038536
DMTN	-1.443518158596258
DMWD	0.4090856031121586
DMXL1	0.5218382461643118
DMXL1-DT	0.3333333333333333
DMXL2	1.2246521773523327
DNA2	0.1532293023327398
DNAAF1	-0.3333333333333333
DNAAF10	1.2866074473172466
DNAAF11	-0.3333333333333333
DNAAF11P1	0.0
DNAAF19	0.0
DNAAF2	-0.0763623579701509
DNAAF3	0.861654166907052
DNAAF3-AS1	0.0
DNAAF4	0.0
DNAAF4-CCPG1	0.0
DNAAF5	-0.7586156583012
DNAAF6	0.0
DNAAF8	0.19498750024038547
DNAAF9	0.42474667889605033
DNAH1	1.6159989688516503
DNAH10	-0.3333333333333333
DNAH10OS	0.0
DNAH11	0.33333333333333337
DNAH12	-0.6666666666666666
DNAH14	0.5526614269928567
DNAH17	-0.6495731650187695
DNAH17-AS1	-0.6666666666666666
DNAH2	0.3333333333333333
DNAH3	1.7159662317041038
DNAH5	0.0
DNAH5-AS1	0.0
DNAH6	0.9999999999999999
DNAH7	0.47167916642628127
DNAH8	0.0
DNAH8-AS1	0.0
DNAH8-DT	0.0
DNAH9	0.0
DNAI1	0.19498750024038541
DNAI2	0.0
DNAI3	0.0
DNAI4	1.46410580759292
DNAI7	0.0
DNAJA1	-0.10986707769262871
DNAJA1P1	0.0
DNAJA1P2	0.0
DNAJA1P3	0.5283208335737186
DNAJA1P4	0.0
DNAJA1P5	0.0
DNAJA1P6	0.0
DNAJA2	-0.05554806535375256
DNAJA2-DT	-0.138345833092948
DNAJA3	-0.10653441304611633
DNAJA4	0.33333333333333326
DNAJA4-DT	0.0
DNAJB1	1.0490006383276693
DNAJB11	-0.3733080803886111
DNAJB12	0.2074224565892795
DNAJB12P1	0.19498750024038536
DNAJB13	0.0
DNAJB14	0.12795157445934358
DNAJB1P1	0.19498750024038541
DNAJB1P2	0.0
DNAJB2	0.9043131067218324
DNAJB3	0.0
DNAJB4	0.719980304289896
DNAJB5	0.4210114686112645
DNAJB5-DT	-0.3333333333333333
DNAJB5P1	0.0
DNAJB6	0.4019135785180268
DNAJB6P1	0.0
DNAJB6P2	-0.7739760316291208
DNAJB6P3	0.0
DNAJB6P4	0.0
DNAJB6P5	0.0
DNAJB6P6	0.0
DNAJB6P7	0.1383458330929479
DNAJB6P8	0.0
DNAJB7	0.9123218647220687
DNAJB8	0.3333333333333333
DNAJB8-AS1	0.0
DNAJB9	-0.09033704218554206
DNAJC1	1.596388957823133
DNAJC10	-0.3074004162738415
DNAJC11	-0.40875203323815423
DNAJC12	-1.191155620627776
DNAJC13	0.24574108339716716
DNAJC14	-0.22169346724147854
DNAJC15	-0.42275701920636344
DNAJC16	-0.6351961094316598
DNAJC17	-0.9157343078635729
DNAJC17P1	0.0
DNAJC18	-0.02346310929713269
DNAJC19	-0.18921597180632777
DNAJC19P1	0.0
DNAJC19P2	0.0
DNAJC19P3	0.0
DNAJC19P4	0.0
DNAJC19P5	1.1814401720746033
DNAJC19P6	-0.5283208335737186
DNAJC19P7	0.0
DNAJC19P8	0.0
DNAJC19P9	0.0
DNAJC2	-0.3379172430844051
DNAJC21	0.20436510088874815
DNAJC22	-0.8407879578392903
DNAJC24	0.2795441317162952
DNAJC25	0.15451200565667733
DNAJC25-GNG10	0.0
DNAJC27	0.3333333333333335
DNAJC27-AS1	-0.6356301985361725
DNAJC28	1.5420271626822504
DNAJC2P1	0.0
DNAJC3	0.12589368222433706
DNAJC3-DT	0.7439100953052611
DNAJC30	0.09732536646139334
DNAJC4	-0.18144017207460283
DNAJC5	0.767870617195392
DNAJC5B	0.0
DNAJC5G	0.0
DNAJC6	2.1324393679457083
DNAJC6-AS1	0.0
DNAJC7	-0.7612232332782645
DNAJC8	0.19824635007837088
DNAJC8P1	0.3333333333333333
DNAJC8P2	0.4716791664262814
DNAJC8P3	-0.3333333333333333
DNAJC8P4	0.19498750024038541
DNAJC9	0.9438780067361421
DNAJC9-AS1	-0.3333333333333333
DNAJC9P1	0.4298355390649953
DNAL1	0.09923964501158089
DNAL4	1.1106605865170947
DNALI1	-0.6121670892390401
DNASE1	0.2783135845765008
DNASE1L1	1.6248230393053806
DNASE1L2	0.8616541669070519
DNASE1L3	0.0
DNASE2	-2.5585216831673536
DNASE2B	0.0
DND1	0.0
DND1P1	-0.6491775267019546
DNER	0.0
DNHD1	0.16878422200826293
DNLZ	0.6666666666666666
DNM1	-0.47167916642628127
DNM1L	0.508164751829943
DNM1P17	0.0
DNM1P24	0.0
DNM1P28	0.0
DNM1P29	0.0
DNM1P30	0.0
DNM1P31	0.0
DNM1P32	0.0
DNM1P33	0.0
DNM1P34	0.0
DNM1P35	0.3333333333333333
DNM1P38	0.0
DNM1P41	0.0
DNM1P46	0.3333333333333333
DNM1P47	0.3333333333333333
DNM1P48	0.0
DNM1P49	0.0
DNM1P5	0.0
DNM1P50	0.0
DNM1P51	0.0
DNM2	0.5076067749695934
DNM3	-0.3333333333333333
DNM3-IT1	0.0
DNM3OS	0.0
DNMBP	0.20737183304620732
DNMBP-AS1	0.3333333333333333
DNMT1	0.5255545135094213
DNMT3A	-1.5694240476294459
DNMT3AP1	0.0
DNMT3B	0.6405403260152163
DNMT3L	-0.3333333333333333
DNMT3L-AS1	0.0
DNPEP	-0.874037135380239
DNPEP-AS1	-1.1949875002403854
DNPH1	-0.9720761533959505
DNTT	0.0
DNTTIP1	0.11872971435587143
DNTTIP2	-0.14479230668616783
DOC2A	0.19498750024038541
DOC2B	0.3333333333333333
DOC2GP	0.0
DOCK1	-0.07427042051041877
DOCK1-AS1	0.33333333333333326
DOCK10	0.3333333333333333
DOCK11	0.3333333333333333
DOCK11P1	0.0
DOCK2	0.0
DOCK3	0.760035973064245
DOCK4	0.39563749541374094
DOCK4-AS1	0.49728436544322463
DOCK5	0.4000928407794211
DOCK6	-0.9769786898583899
DOCK6-AS1	0.0
DOCK7	-0.02745602954603754
DOCK7-DT	-0.6666666666666666
DOCK8	-0.6666666666666666
DOCK8-AS1	-0.6666666666666667
DOCK9	0.9689635318695062
DOCK9-AS1	0.0
DOCK9-DT	0.0
DOHH	-0.7836583849637284
DOK1	0.33333333333333326
DOK2	0.0
DOK3	1.0566416671474375
DOK4	0.3880016766328316
DOK5	0.0
DOK6	-1.721042157305587
DOK7	0.6666666666666667
DOLK	0.890972760404277
DOLPP1	0.4745203762360406
DONSON	0.08065072560589215
DONSONP1	0.0
DOP1A	0.6177946603391602
DOP1B	1.774728986279646
DORIP1	0.8899587133024074
DOT1L	-0.20619029778799103
DOT1L-AS1	0.33333333333333337
DPAGT1	-0.8717787165882251
DPCD	0.05066769781501668
DPEP1	-0.7880302443676435
DPEP2	2.0012507116203695
DPEP2NB	0.0
DPEP3	0.3333333333333333
DPF1	-0.21582786175973823
DPF2	0.5326045337209804
DPF3	0.2691183073525347
DPH1	-0.045135527638118234
DPH1-AS1	0.7233083338141041
DPH2	0.02746763563949628
DPH3	0.18929875833580923
DPH3P1	0.0
DPH3P2	0.0
DPH5	-0.33489109935189276
DPH5-DT	1.7974391409262533
DPH6	-0.13197622544371335
DPH6-DT	-0.5283208335737187
DPH7	0.4168478205501991
DPM1	0.36259718178663114
DPM2	0.5775683190897016
DPM3	-0.3195361229343572
DPP10	0.3333333333333333
DPP10-AS1	-0.3333333333333333
DPP10-AS2	0.0
DPP10-AS3	0.0
DPP3	0.7021522714858062
DPP3-DT	1.0021420897198112
DPP3P1	0.0
DPP3P2	0.0
DPP4	-0.08069549376543161
DPP4-DT	-0.6666666666666667
DPP6	0.6666666666666666
DPP6-AS1	0.0
DPP7	1.4406426982957872
DPP8	0.3652185817065128
DPP9	-0.4715546153620771
DPP9-AS1	-0.4716791664262814
DPPA2	0.0
DPPA2P1	0.0
DPPA2P2	0.0
DPPA2P3	0.0
DPPA2P4	0.3333333333333333
DPPA3	0.0
DPPA3P1	0.0
DPPA3P10	0.0
DPPA3P11	0.0
DPPA3P12	0.0
DPPA3P2	0.0
DPPA3P3	0.0
DPPA3P5	0.0
DPPA3P6	0.6666666666666667
DPPA3P7	0.0
DPPA3P8	0.0
DPPA3P9	0.0
DPPA4	0.0
DPPA4P2	0.3333333333333333
DPPA4P3	0.0
DPPA5	0.0
DPPA5P1	0.0
DPPA5P2	0.0
DPPA5P4	0.0
DPRX	0.0
DPRXP1	0.08767813527793122
DPRXP2	0.0
DPRXP3	-0.47765313575870194
DPRXP4	0.0
DPRXP5	0.0
DPRXP6	0.0
DPRXP7	0.0
DPT	0.0
DPY19L1	0.3738582810882116
DPY19L1P1	-0.19821501803949904
DPY19L1P2	0.48647720621243273
DPY19L2	0.0
DPY19L2P1	-0.3333333333333333
DPY19L2P2	2.6552614282206957
DPY19L2P3	-0.33333333333333337
DPY19L2P4	0.0
DPY19L2P5	0.0
DPY19L3	0.2047799324112356
DPY19L3-DT	1.5025982133995652
DPY19L4	0.5089632490830365
DPY19L4P1	0.0
DPY19L4P2	0.0
DPY30	0.3502681235571643
DPYD	0.6499864391668013
DPYD-AS1	0.0
DPYD-AS2	0.3333333333333333
DPYD-IT1	0.0
DPYS	-0.861654166907052
DPYSL2	0.6067396736424637
DPYSL3	4.471209309674725
DPYSL4	0.7233083338141041
DPYSL5	-0.3333333333333333
DQX1	-1.2662247662756094
DR1	0.33304346905540605
DRAIC	0.3333333333333333
DRAM1	-0.33882937426285586
DRAM1-AS1	0.0
DRAM2	0.03546890891017629
DRAP1	0.635794992042988
DRAXIN	-0.6666666666666666
DRAXINP1	0.0
DRC1	-0.7233083338141042
DRC10	0.8791433068717638
DRC11	0.0
DRC11L	0.0
DRC12	0.6666666666666666
DRC2	-1.479135104102433
DRC3	-0.0973935838311033
DRC4	0.29078890675804203
DRC5	0.3333333333333333
DRC7	-2.0074559376761516
DRC8	-0.3363295944090847
DRC9	-1.2281660580906895
DRD1	0.0
DRD2	0.0
DRD3	0.0
DRD4	0.7739760316291207
DRD5	0.0
DRD5P1	0.0
DRD5P2	0.0
DRG1	-0.12395963682078026
DRG1P1	0.0
DRG1P2	0.0
DRG2	0.6379523031187393
DRGX	0.0
DRICH1	0.0
DROSHA	0.007604740359187012
DRP2	0.0
DSC1	0.861654166907052
DSC2	-2.1914348271655335
DSC3	-0.8616541669070519
DSCAM	0.0
DSCAM-AS1	0.0
DSCAM-IT1	0.0
DSCAML1	-0.3333333333333333
DSCAS	0.8616541669070521
DSCC1	0.022809270519370095
DSCR10	0.0
DSCR4	0.0
DSCR4-IT1	0.0
DSCR8	0.0
DSCR9	0.30229686520283927
DSE	-0.045834507916645784
DSEL	2.0566416671474377
DSEL-AS1	0.0
DSG1	0.0
DSG1-AS1	0.0
DSG2	0.09283274574853273
DSG2-AS1	0.4074641404454826
DSG3	0.0
DSG4	0.0
DSN1	0.40692161467829013
DSP	-0.13318050137519677
DSP-AS1	1.2013415827698637
DSPP	0.0
DST	-0.48856330174783036
DST-AS1	0.0
DSTN	0.02682419290451943
DSTNP1	0.7739760316291209
DSTNP2	-0.24565519805540204
DSTNP3	0.6666666666666666
DSTNP4	0.0
DSTNP5	0.3333333333333333
DSTYK	0.1901224608532175
DTD1	-0.29299849826423685
DTD1-AS1	-0.7233083338141041
DTD2	0.25371083034139197
DTHD1	0.0
DTL	-0.11189610472996137
DTNA	0.60615155696357
DTNA-AS1	0.0
DTNB	0.5435145116766833
DTNB-AS1	0.3333333333333333
DTNBP1	0.32450926287960247
DTWD1	-0.8700178272279961
DTWD1P1	0.0
DTWD1P2	0.0
DTWD2	-0.21795240332698285
DTX1	0.0
DTX2	0.36897173463883703
DTX2P1	0.5283208335737187
DTX2P1-UPK3BP1-PMS2P11	-0.19498750024038536
DTX3	-2.783891812760472
DTX3L	-1.466515315348106
DTX4	-0.036933499882241705
DTYMK	-0.37020362848228405
DUBR	1.3022968652028395
DUOX1	-0.37642767231498864
DUOX2	0.3333333333333333
DUOXA1	0.0
DUOXA2	0.0
DUS1L	0.2796645112631664
DUS2	-0.45644742901840374
DUS3L	-0.5307299872064677
DUS4L	-0.38648202554353794
DUSP1	1.1876707950762366
DUSP10	0.8246437294441371
DUSP11	0.3322969957939286
DUSP12	0.17811214255039598
DUSP12P1	0.0
DUSP13B	0.7125011745833123
DUSP14	0.9530385988477281
DUSP15	0.0
DUSP16	-1.0520582276803419
DUSP18	1.2173588988598976
DUSP19	-0.11234499575919088
DUSP2	0.0
DUSP21	0.0
DUSP22	-0.6293265353184152
DUSP23	0.0
DUSP26	0.0
DUSP28	-0.07316901009762322
DUSP29	0.0
DUSP3	-0.08454934696992567
DUSP4	-0.33333333333333326
DUSP5	0.9258691928878506
DUSP5P1	0.4210114686112645
DUSP5P2	0.0
DUSP6	1.524638612048756
DUSP7	-1.160870690546652
DUSP8	-1.1934510824895215
DUSP8P1	0.0
DUSP8P5	-0.6248230393053806
DUSP9	-0.8249689500665021
DUT	0.12294302328546447
DUT-AS1	0.8511030998170219
DUTP1	0.3333333333333333
DUTP2	-0.6666666666666665
DUTP3	0.0
DUTP4	0.0
DUTP5	0.0
DUTP6	-0.33333333333333326
DUTP7	0.19498750024038536
DUTP8	0.0
DUX4	0.0
DUX4L1	0.0
DUX4L10	0.0
DUX4L11	0.0
DUX4L12	0.0
DUX4L13	0.0
DUX4L14	0.0
DUX4L15	0.0
DUX4L16	0.0
DUX4L17	0.0
DUX4L18	0.0
DUX4L19	0.0
DUX4L2	0.0
DUX4L20	0.0
DUX4L21	0.0
DUX4L22	0.0
DUX4L23	0.0
DUX4L24	0.0
DUX4L25	0.0
DUX4L26	0.0
DUX4L27	0.0
DUX4L28	0.0
DUX4L29	0.0
DUX4L3	0.0
DUX4L31	0.0
DUX4L32	0.0
DUX4L33	0.0
DUX4L34	0.0
DUX4L35	-0.3333333333333333
DUX4L37	0.0
DUX4L4	0.0
DUX4L45	0.0
DUX4L46	0.0
DUX4L47	0.0
DUX4L5	0.0
DUX4L50	0.4210114686112645
DUX4L51	0.0
DUX4L52	0.0
DUX4L6	0.0
DUX4L7	0.0
DUX4L8	0.0
DUX4L9	0.0
DUXA	0.0
DUXAP1	0.0
DUXAP10	0.20127384265749004
DUXAP11	0.0
DUXAP2	0.0
DUXAP3	0.0
DUXAP4	0.0
DUXAP5	0.0
DUXAP6	0.0
DUXAP7	-1.107309364962454
DUXAP8	-0.0959341036609116
DUXAP9	-0.14568793520294765
DUXB	0.0
DVL1	-0.06839191944406409
DVL2	0.5054416341088777
DVL3	-0.05465400441113477
DXO	-0.5627308859432709
DYDC1	0.0
DYDC2	0.4406426982957875
DYM	0.3226673699706346
DYM-AS1	-0.3333333333333333
DYNAP	0.0
DYNAPP1	0.0
DYNAPP2	0.0
DYNC1H1	-0.07319271466111132
DYNC1I1	0.0
DYNC1I2	0.2235306547329472
DYNC1I2P1	-0.7233083338141041
DYNC1LI1	0.471806705552412
DYNC1LI2	0.4406736085309175
DYNC1LI2-DT	1.723308333814104
DYNC2H1	-0.4556719948053001
DYNC2I1	0.8387855512340403
DYNC2I2	0.4429880285114969
DYNC2LI1	-0.15641689322258046
DYNLL1	-0.03581818685942473
DYNLL1P1	0.5283208335737187
DYNLL1P2	-0.3333333333333333
DYNLL1P3	0.0
DYNLL1P4	0.0
DYNLL1P5	0.0
DYNLL1P6	0.0
DYNLL1P7	0.0
DYNLL2	0.8508399323164495
DYNLL2-DT	0.0
DYNLRB1	0.9399661123472107
DYNLRB2	0.0
DYNLRB2-AS1	-0.3333333333333333
DYNLT1	1.0921754319455745
DYNLT2	0.49482558269454113
DYNLT2B	0.6666666666666666
DYNLT3	-0.018818507354341207
DYNLT3P1	0.0
DYNLT3P2	0.0
DYNLT4	0.3333333333333333
DYNLT5	0.0
DYRK1A	0.12264229087085443
DYRK1B	-0.2456551980554018
DYRK2	-0.2666568216223659
DYRK3	0.29632289587041827
DYRK3-AS1	-1.0
DYRK4	-0.3278372924038102
DYSF	-1.0566416671474375
DYTN	0.0
DZANK1	0.3285001434349617
DZIP1	0.19304078463487606
DZIP1L	0.5849625007211561
DZIP3	1.067940794158691
E2F1	0.3752549927169069
E2F2	-1.502598213399565
E2F3	-0.3154856351895843
E2F3-IT1	-0.47167916642628127
E2F3P1	0.0
E2F3P2	0.0
E2F4	0.24759098661938417
E2F4P1	0.0
E2F5	-0.12268321458523346
E2F5-DT	-0.10730936496245413
E2F6	0.13396204387584643
E2F6P1	0.0
E2F6P2	0.0
E2F6P3	0.0
E2F6P4	0.0
E2F7	-1.5101715722329265
E2F8	-1.0007349245695831
E4F1	-0.25565344482134833
EAF1	-0.10659116758280529
EAF1-AS1	0.33333333333333326
EAF2	0.47167916642628116
EAPP	0.06033691232659244
EARS2	0.010474649813084547
EBAG9	0.1975601379606644
EBAG9P1	0.138345833092948
EBF1	0.3333333333333333
EBF2	0.0
EBF3	0.5283208335737187
EBF4	-1.107309364962454
EBI3	0.0
EBLN1	-0.5283208335737187
EBLN2	0.11787898487156667
EBLN3P	0.19370151550075132
EBNA1BP2	-0.1295061771407804
EBP	-0.4465788968888367
EBPL	-0.43265897054429114
ECD	0.22825168483059866
ECE1	0.7105538444406259
ECE1-AS1	-0.3333333333333333
ECE2	0.0
ECEL1	-0.5283208335737187
ECEL1P1	0.0
ECEL1P2	0.0
ECEL1P3	0.0
ECH1	-0.7225371152156317
ECHDC1	-0.2994660380871643
ECHDC2	-1.1137934858511782
ECHDC3	0.0
ECHS1	-0.29963439281217585
ECI1	0.218455227365979
ECI1-AS1	-0.6356301985361725
ECI2	-0.5919282810189106
ECI2-DT	1.1073093649624541
ECM1	0.7233083338141041
ECM1P1	0.5283208335737187
ECM1P2	0.0
ECM2	0.1383458330929479
ECMXP	0.0
ECPAS	-0.41341800789324346
ECRG4	0.0
ECSCR	0.0
ECSIT	-0.02522571975038712
ECT2	-0.15937240493548455
ECT2L	1.723308333814104
EDA	-0.4459176873496826
EDA2R	-1.5156314866292115
EDAR	0.5283208335737187
EDARADD	-1.4406426982957874
EDC3	0.03526870625201539
EDC4	0.5797460116969644
EDDM13	0.7383376303236169
EDDM3A	0.0
EDDM3B	0.0
EDDM3CP	-0.19498750024038536
EDDM3DP	0.0
EDEM1	-0.3359759055759657
EDEM2	0.048297315498008864
EDEM3	0.9343692552441478
EDF1	0.37401158082068253
EDIL3	0.0
EDIL3-DT	0.0
EDN1	0.19498750024038541
EDN2	0.0
EDN3	0.0
EDNRA	0.0
EDNRB	0.3333333333333333
EDNRB-AS1	0.0
EDRF1	0.43194929815078886
EDRF1-AS1	-1.1949875002403854
EDRF1-DT	-0.3333333333333333
EEA1	0.20161023472023487
EED	0.04999115816267086
EEDP1	0.0
EEF1A1	-0.0882084660821647
EEF1A1-AS1	1.0
EEF1A1P1	0.6666666666666666
EEF1A1P10	0.0
EEF1A1P11	0.37428558259517786
EEF1A1P12	-0.4210114686112649
EEF1A1P13	0.0557033286117532
EEF1A1P14	0.0
EEF1A1P15	0.0
EEF1A1P16	0.3333333333333333
EEF1A1P17	0.0
EEF1A1P18	-0.6666666666666666
EEF1A1P19	-0.14431980242536868
EEF1A1P2	0.0
EEF1A1P20	0.0
EEF1A1P21	0.0
EEF1A1P22	-0.3333333333333335
EEF1A1P23	0.0
EEF1A1P24	0.7739760316291205
EEF1A1P25	-1.6356301985361728
EEF1A1P26	0.0
EEF1A1P27	0.0
EEF1A1P28	0.0
EEF1A1P29	0.0
EEF1A1P3	1.0
EEF1A1P30	0.19498750024038536
EEF1A1P31	0.0
EEF1A1P32	-0.3333333333333333
EEF1A1P33	0.0
EEF1A1P34	0.0
EEF1A1P35	-0.9357849740192015
EEF1A1P36	0.0
EEF1A1P37	0.0
EEF1A1P38	-0.3333333333333333
EEF1A1P39	0.0
EEF1A1P4	0.22816605809069035
EEF1A1P40	0.0
EEF1A1P41	0.0
EEF1A1P42	0.0
EEF1A1P44	0.0
EEF1A1P45	-0.5283208335737187
EEF1A1P46	0.0
EEF1A1P47	0.0
EEF1A1P48	0.0
EEF1A1P49	0.0
EEF1A1P5	-0.17909774977661375
EEF1A1P50	0.2281660580906899
EEF1A1P6	-0.7429784224010736
EEF1A1P7	0.6666666666666666
EEF1A1P8	-0.1383458330929479
EEF1A1P9	0.11262321291879474
EEF1A2	-0.44064269829578717
EEF1AKMT1	0.6696629277424178
EEF1AKMT2	-0.6063614048799035
EEF1AKMT3	-0.7098423002722938
EEF1AKMT4	-0.29604467871081486
EEF1AKMT4-ECE2	0.0
EEF1B2	-0.43959439496462416
EEF1B2P1	0.3333333333333333
EEF1B2P2	-0.861654166907052
EEF1B2P3	0.4210114686112647
EEF1B2P4	0.0
EEF1B2P5	0.0
EEF1B2P6	-1.0566416671474375
EEF1B2P7	-0.2766916661858958
EEF1B2P8	0.0
EEF1D	0.38792885955138523
EEF1DP1	0.0
EEF1DP2	0.0
EEF1DP3	0.0
EEF1DP4	0.0
EEF1DP5	0.0
EEF1DP6	0.0
EEF1DP7	0.861654166907052
EEF1DP8	0.0
EEF1E1	-0.6869170367304891
EEF1E1-BLOC1S5	0.0
EEF1E1P1	1.2748094784721815
EEF1G	0.0
EEF1GP1	0.0
EEF1GP2	0.0
EEF1GP3	0.0
EEF1GP4	0.0
EEF1GP5	0.0
EEF1GP6	0.0
EEF1GP7	0.0
EEF1GP8	0.0
EEF2	0.6558888977759167
EEF2K	-0.1578410043957561
EEF2KMT	0.07732865652485543
EEFSEC	0.7875233597949025
EEIG1	0.12990563156725798
EEIG2	1.0910116630139495
EEPD1	0.08332608433611632
EFCAB10	0.5517839428708515
EFCAB10-AS1	0.9182958340544896
EFCAB11	-0.7225333161653564
EFCAB12	-0.5789885313887353
EFCAB13	-1.4851090734348542
EFCAB13-DT	0.0
EFCAB14	0.10705565398681305
EFCAB14-AS1	0.5283208335737187
EFCAB14P1	0.0
EFCAB15P	-0.3333333333333333
EFCAB2-AS1	-0.602451640685868
EFCAB3	0.0
EFCAB3P1	0.0
EFCAB5	0.3333333333333333
EFCAB6	0.3333333333333333
EFCAB6-AS1	0.0
EFCAB6-DT	0.0
EFCAB7	-1.1256564861484413
EFCAB8	0.0
EFCAB9	0.0
EFCC1	-0.19498750024038536
EFEMP1	0.3333333333333333
EFEMP2	-0.17551527149861235
EFHB	-0.6666666666666666
EFHC1	0.6405909549632618
EFHC2	0.0
EFHD1	-0.1383458330929479
EFHD2	-0.6858923168805244
EFL1	0.3410856146404182
EFL1P1	0.0
EFL1P2	0.0
EFNA1	-0.2698556514916044
EFNA2	-1.6570672421652635
EFNA3	-0.5283208335737187
EFNA4	-0.3313502445562717
EFNA4-EFNA3	0.0
EFNA5	0.3333333333333333
EFNB1	0.4428236469180451
EFNB2	0.9182958340544894
EFNB3	-0.5283208335737187
EFR3A	0.6081808013579346
EFR3B	6.2173154252398275
EFS	0.0
EFTUD2	0.1537331510693445
EGF	0.3333333333333333
EGFEM1P	0.0
EGFL6	0.0
EGFL7	-0.5283208335737186
EGFL8	-0.13834583309294812
EGFLAM	0.0
EGFLAM-AS1	0.0
EGFLAM-AS2	0.0
EGFLAM-AS3	0.0
EGFLAM-AS4	0.0
EGFLAM-AS5	0.3333333333333333
EGFR	-1.4554407380819385
EGFR-AS1	-0.8233046092663057
EGILA	-0.19498750024038541
EGLN1	0.301157075902708
EGLN1P1	0.0
EGLN2	0.31853529354718235
EGLN3	-1.1949875002403854
EGLN3-AS1	0.0
EGLN3P1	0.3333333333333333
EGOT	0.6666666666666666
EGR1	3.5997733752729877
EGR2	0.6024516406858679
EGR3	1.3022968652028395
EGR3-AS1	0.0
EGR4	0.3333333333333333
EHBP1	-0.20573476853567385
EHBP1-AS1	-0.035638401305504
EHBP1L1	-0.48569090635868495
EHD1	0.5222341583162038
EHD2	0.3333333333333333
EHD3	-1.1949875002403854
EHD4	0.6598345310381406
EHD4-AS1	0.3333333333333333
EHF	-0.19498750024038536
EHHADH	-0.07950964572295138
EHHADH-AS1	0.0
EHMT1	0.1411193989061026
EHMT2	-0.7777694062596678
EHMT2-AS1	-0.861654166907052
EI24	-0.012000718093293727
EI24P1	0.0
EI24P2	0.861654166907052
EI24P3	0.0
EI24P4	0.0
EI24P6	0.0
EID1	1.6356301985361728
EID2	0.8138251293659424
EID2B	1.0015921773134462
EID3	0.4210114686112649
EIF1	0.17807886115056348
EIF1AD	0.2968570335360736
EIF1AX	-0.3083999054901998
EIF1AX-AS1	-0.7974391409262533
EIF1AXP1	-0.3333333333333333
EIF1AXP2	0.0
EIF1AY	0.21867774054590683
EIF1B	0.23745759847840642
EIF1P1	0.0
EIF1P2	0.0
EIF1P3	0.0
EIF1P4	0.0
EIF1P5	0.0
EIF1P6	0.3333333333333333
EIF1P7	0.0
EIF2A	-0.23506002541462756
EIF2AK1	0.48443190134638314
EIF2AK1P1	0.0
EIF2AK2	-0.8399495585123731
EIF2AK3	-0.13703010492072654
EIF2AK3-AS1	-0.5283208335737187
EIF2AK3-DT	1.1458017707690993
EIF2AK4	-0.3451454150139526
EIF2AP1	0.0
EIF2AP2	0.0
EIF2AP3	0.0
EIF2AP4	0.0
EIF2B1	0.5645373793203872
EIF2B2	0.36733305248217185
EIF2B3	0.23790452373309456
EIF2B4	0.04883920316042456
EIF2B5	0.07638591110411141
EIF2B5-DT	0.0
EIF2D	-0.8662480741300236
EIF2S1	0.049212362566468215
EIF2S2	-0.34753972027879065
EIF2S2P1	0.0
EIF2S2P2	-1.0741308071121494
EIF2S2P3	0.6666666666666666
EIF2S2P4	-1.107309364962454
EIF2S2P5	0.0
EIF2S2P6	-0.47167916642628127
EIF2S2P7	0.0
EIF2S3	-0.19863436992726768
EIF2S3B	-0.41766024705662375
EIF2S3P1	-0.3333333333333333
EIF2S3P2	0.0
EIF3A	-0.2552348800005415
EIF3B	-0.02314612821621509
EIF3C	0.2474355334594387
EIF3CL	-0.056641667147437236
EIF3D	-0.051919745355045066
EIF3E	-0.17191428047453705
EIF3EP1	0.3333333333333333
EIF3EP2	0.5283208335737187
EIF3EP3	0.0
EIF3EP4	0.0
EIF3F	0.07111486353755936
EIF3FP1	0.0
EIF3FP2	0.3333333333333333
EIF3FP3	0.1383458330929479
EIF3G	0.5848445958763353
EIF3H	0.11260635087965554
EIF3I	0.285402288111948
EIF3IP1	0.0
EIF3IP2	0.0
EIF3J	0.11606699610571525
EIF3J-DT	0.30878098609156357
EIF3JP1	0.3333333333333333
EIF3JP2	0.0
EIF3JP3	0.0
EIF3K	0.06081884600087406
EIF3KP1	0.0
EIF3KP2	0.0
EIF3KP3	0.0
EIF3L	0.22441720448146008
EIF3LP1	0.5283208335737187
EIF3LP2	0.0
EIF3LP3	0.3333333333333333
EIF3M	-0.18969374295900465
EIF3MP1	0.0
EIF4A1	0.5850202922185472
EIF4A1P1	0.0
EIF4A1P10	0.4716791664262814
EIF4A1P11	0.33333333333333326
EIF4A1P12	0.0
EIF4A1P13	0.0
EIF4A1P2	-0.5283208335737186
EIF4A1P3	0.0
EIF4A1P4	0.19498750024038536
EIF4A1P5	-0.19498750024038541
EIF4A1P6	-0.3333333333333333
EIF4A1P7	0.3333333333333333
EIF4A1P8	-0.3333333333333333
EIF4A1P9	0.0
EIF4A2	0.43481990944516546
EIF4A2P1	0.0
EIF4A2P2	-0.861654166907052
EIF4A2P3	0.0
EIF4A2P4	0.0
EIF4A2P5	0.0
EIF4A3	0.586976318328361
EIF4A3P1	0.0
EIF4B	-0.582668875972935
EIF4BP1	0.0
EIF4BP2	0.0
EIF4BP3	0.22727467999124862
EIF4BP4	0.0
EIF4BP5	0.19498750024038536
EIF4BP6	-0.3481313731194844
EIF4BP7	0.0
EIF4BP8	0.0
EIF4BP9	0.0
EIF4E	0.10802391149693236
EIF4E1B	0.0
EIF4E2	0.09103085146845213
EIF4E2P1	0.3333333333333333
EIF4E2P2	0.0
EIF4E3	-1.1949875002403854
EIF4EBP1	-0.3821913231746237
EIF4EBP1P1	0.0
EIF4EBP2	1.2409085506730584
EIF4EBP2P1	0.0
EIF4EBP2P2	0.861654166907052
EIF4EBP2P3	0.0
EIF4EBP3	0.6666666666666666
EIF4ENIF1	0.3361314802474107
EIF4EP1	1.6259147499830005
EIF4EP2	0.0
EIF4EP3	0.0
EIF4EP4	0.0
EIF4EP5	0.0
EIF4G1	-0.3669861515413295
EIF4G2	0.40109159884442924
EIF4G3	0.5083095524307675
EIF4H	0.22867927408401734
EIF4HP1	0.3333333333333333
EIF4HP2	-0.3333333333333333
EIF5	0.21061768500045197
EIF5-DT	-0.3333333333333333
EIF5A	-0.3230548455785822
EIF5A2	0.8136053134899832
EIF5A2P1	0.3333333333333333
EIF5AL1	-0.33333333333333304
EIF5AP2	0.3333333333333333
EIF5AP3	0.0
EIF5AP4	-0.3333333333333333
EIF5B	-0.09169191629982709
EIF5P1	-0.3333333333333333
EIF5P2	0.861654166907052
EIF6	-0.22178283969688906
EIPR1	-0.15372699781582178
EIPR1-IT1	-0.19498750024038541
ELAC1	0.9625084235805295
ELAC2	0.11579224150025347
ELANE	0.0
ELAPOR1	0.3333333333333333
ELAPOR2	0.2901717858029018
ELAVL1	-0.1273954145711631
ELAVL2	0.0
ELAVL3	-0.5283208335737187
ELAVL4	0.0
ELAVL4-AS1	0.0
ELDR	0.0
ELF1	0.27335456517722445
ELF2	-0.3859633595071381
ELF2P1	0.0
ELF2P2	0.0
ELF2P3	0.0
ELF2P4	0.3333333333333333
ELF3	-0.045834507916645784
ELF3-AS1	-0.6356301985361723
ELF4	-1.163713492788212
ELF5	-1.6630030720273417
ELFN1	-0.9999999999999999
ELFN1-AS1	-1.1949875002403854
ELFN2	0.1949875002403854
ELFN2-AS1	0.0
ELK1	0.4337453032590304
ELK1P1	0.0
ELK2AP	0.0
ELK2BP	0.0
ELK3	-0.13053493493790702
ELK4	0.013084871934257336
ELL	0.39864006999175183
ELL2	0.2168061441761644
ELL2P1	0.6666666666666667
ELL2P2	0.0
ELL2P3	0.0
ELL2P4	0.0
ELL3	0.0
ELMO1	-0.5283208335737186
ELMO1-AS1	0.0
ELMO2	0.8103719024308065
ELMO2P1	0.0
ELMO3	0.7843699167118805
ELMOD1	0.861654166907052
ELMOD2	0.03681389792677514
ELMOD3	-0.3424402019998367
ELN	0.0
ELN-AS1	0.5283208335737187
ELOA	0.09472503955091227
ELOA-AS1	0.4716791664262814
ELOA2	0.0
ELOA3CP	0.0
ELOAP1	0.0
ELOB	0.3119108729102944
ELOBP1	0.0
ELOBP2	0.0
ELOBP3	0.0
ELOBP4	-0.3333333333333333
ELOC	0.13309355984144045
ELOCP10	0.0
ELOCP11	0.0
ELOCP12	0.0
ELOCP13	0.0
ELOCP14	0.0
ELOCP15	0.0
ELOCP16	0.0
ELOCP17	0.0
ELOCP18	0.0
ELOCP19	-0.723308333814104
ELOCP2	0.3333333333333333
ELOCP20	0.0
ELOCP21	0.0
ELOCP22	0.0
ELOCP23	0.0
ELOCP24	0.0
ELOCP26	0.0
ELOCP27	0.0
ELOCP28	0.0
ELOCP29	0.0
ELOCP3	0.0
ELOCP30	0.0
ELOCP31	0.5283208335737186
ELOCP32	0.0
ELOCP33	0.33333333333333337
ELOCP34	0.0
ELOCP35	0.0
ELOCP36	0.0
ELOCP4	0.0
ELOCP5	0.0
ELOCP6	0.0
ELOCP7	0.0
ELOCP8	0.0
ELOCP9	0.0
ELOF1	0.9315013345359207
ELOVL1	0.6385088086281039
ELOVL2	-1.1553695068115344
ELOVL2-AS1	-0.33333333333333337
ELOVL3	1.7233083338141042
ELOVL4	0.6666666666666666
ELOVL5	0.6524542569016845
ELOVL6	-1.2426050224161518
ELOVL7	0.2699305155863385
ELP1	-0.699341036872303
ELP2	0.24727914929040296
ELP3	-0.13422879872076798
ELP4	0.5217022547426069
ELP4-AS1	1.3022968652028393
ELP5	-0.33119541663355445
ELP6	-0.08152251293612078
ELSPBP1	0.0
EMB	0.0
EMBP1	-0.6128516421616981
EMC1	-0.3429764190522375
EMC1-AS1	0.47167916642628127
EMC10	0.0
EMC2	-0.0014911588597694703
EMC3	0.6906865520860137
EMC3-AS1	-0.386719075064498
EMC4	-0.23972542690755816
EMC6	0.3333333333333335
EMC7	0.01915009072796714
EMC8	-0.03725059083999316
EMC9	0.7944393112302244
EMCN	0.0
EMD	0.6511474306760769
EME1	0.5365902647678857
EME2	0.8722237868161655
EMG1	-0.21260822644170485
EMICERI	0.4716791664262814
EMID1	0.861654166907052
EMILIN1	-0.9659950141288753
EMILIN2	-0.16730225366453233
EMILIN3	-0.602451640685868
EML1	0.38400103114834994
EML2	0.10435836277779709
EML2-AS1	0.0
EML3	-0.9079671419298037
EML4	0.1308858285795207
EML4-AS1	0.26086941990730583
EML5	0.8616541669070521
EML6	-0.15888169162469445
EML6-AS1	0.0
EMP1	0.0
EMP2	-0.39151189913022133
EMP2P1	1.968963531869506
EMP3	0.19498750024038536
EMSLR	-0.48402425033813845
EMSY	0.19604325993327887
EMSY-DT	-0.22873743123385726
EMX1	-1.495779205069061
EMX2	0.0
EMX2OS	0.0
EN1	0.0
EN2	0.0
EN2-DT	0.0
ENAH	0.28393333227774065
ENAHP1	0.0
ENAM	0.0
ENC1	0.9590760110101488
ENDOD1	1.019773251276713
ENDOG	0.2652009271001834
ENDOU	0.4716791664262814
ENDOV	1.0066644193389855
ENG	-2.379167841249978
ENGASE	0.7251744884653775
ENHO	0.0
ENHO-AS1	0.0
ENKD1	-0.9493323021849833
ENKUR	0.47167916642628127
ENO1	-0.2944797230515057
ENO1-AS1	0.0
ENO1P1	0.0
ENO1P2	0.0
ENO1P3	0.0
ENO1P4	0.0
ENO2	0.1400664014648747
ENO3	-0.9798498448074904
ENO4	0.138345833092948
ENOPH1	-0.41418522438516003
ENOPH1P1	0.0
ENOSF1	-0.028271954733870786
ENOX1	0.0
ENOX1-AS1	0.0
ENOX1-AS2	0.0
ENOX2	1.0959233331405942
ENPEP	0.0
ENPEPP1	0.0
ENPP1	0.5929681277606687
ENPP2	-1.4239624707959213
ENPP3	-2.977588401150191
ENPP4	0.13191231443996898
ENPP5	0.0
ENPP6	0.0
ENPP7	-2.204903281371736
ENPP7P1	0.0
ENPP7P10	-0.5283208335737187
ENPP7P11	0.0
ENPP7P12	0.2691183073525347
ENPP7P13	0.0
ENPP7P14	0.0
ENPP7P15	0.0
ENPP7P2	0.0
ENPP7P3	0.0
ENPP7P4	-0.3333333333333333
ENPP7P5	0.0
ENPP7P6	-0.5283208335737187
ENPP7P7	0.0
ENPP7P8	0.3333333333333333
ENPP7P9	-0.3333333333333333
ENSA	0.8631831494126629
ENSAP1	0.0
ENSAP2	0.6666666666666666
ENSAP3	0.0
ENTHD1	0.0
ENTPD1	-0.006777383585454544
ENTPD1-AS1	0.12085669312823599
ENTPD2	0.36651189118363803
ENTPD3	0.1383458330929479
ENTPD3-AS1	-0.8616541669070519
ENTPD4	0.2749421217903487
ENTPD4-DT	1.0
ENTPD5	-0.8006878815390666
ENTPD6	0.059766273170987816
ENTPD7	-0.6943882709724596
ENTPD8	0.33333333333333337
ENTR1	-0.19002715575982432
ENTR1P1	0.0
ENTR1P2	0.0
ENTREP1	0.3333333333333333
ENTREP2	0.0
ENTREP3	-0.9124010184292617
ENY2	0.6188492280608653
EOGT	-0.1365351307850995
EOGT-DT	0.5828204110013449
EOLA1	0.07815508454567421
EOLA1-DT	1.1949875002403854
EOLA2	-0.009859374076338412
EOLA2-DT	0.1618089423900808
EOMES	-1.3764276723149893
EP300	0.024472159239132374
EP300-AS1	-0.8616541669070521
EP400	0.05467822763190355
EP400P1	-0.1150039026668006
EPAS1	-0.31363615405532386
EPB41	-0.5853332584290509
EPB41L1	-1.2563253296896089
EPB41L1-AS1	-0.5283208335737187
EPB41L2	-0.0035134897451580827
EPB41L3	0.0
EPB41L3-AS1	0.0
EPB41L4A	0.3333333333333333
EPB41L4A-AS1	-0.5958321508034388
EPB41L4A-AS3	0.0
EPB41L4A-DT	0.3333333333333333
EPB41L4B	-0.9194054000897394
EPB41L5	0.6218377362915373
EPB42	0.0
EPC1	-0.1415360126143952
EPC1-AS1	0.9123218647220684
EPC1-AS2	-0.47167916642628127
EPC2	-0.1368985136719516
EPCAM	-1.6473928782305771
EPCAM-DT	-1.2260239683708793
EPCIP	0.0
EPCIP-AS1	0.6666666666666667
EPDR1	-0.26624726391763165
EPG5	1.0729753920840777
EPGN	0.0
EPHA1	-3.3207243437032363
EPHA1-AS1	0.0
EPHA10	-0.19498750024038536
EPHA2	0.9501108750227738
EPHA2-AS1	0.4210114686112645
EPHA3	0.0
EPHA4	0.0
EPHA5	0.0
EPHA5-AS1	0.0
EPHA6	0.3333333333333333
EPHA7	0.0
EPHA8	0.0
EPHB1	0.0
EPHB2	0.5283208335737187
EPHB3	0.3333333333333333
EPHB4	-0.0762218638240757
EPHB6	-0.3333333333333333
EPHX1	0.8640153746636257
EPHX2	0.3163607438916527
EPHX3	0.0
EPHX4	0.3333333333333333
EPIC1	0.19498750024038541
EPIST	0.0
EPM2A	-0.2313378163272204
EPM2A-DT	0.9689635318695058
EPM2AIP1	0.5402113031937468
EPN1	0.15762288332512142
EPN2	0.4096628956989461
EPN2-AS1	-0.8616541669070521
EPN3	-0.6814647064528181
EPO	-2.483737037277443
EPOP	0.6680249232349738
EPOR	0.004024277433524848
EPPIN	0.0
EPPIN-WFDC6	0.0
EPPK1	0.3394521445357288
EPRS1	-0.5068829323443493
EPS15	0.5157793935665662
EPS15-AS1	0.0
EPS15L1	0.6509851315606063
EPS15P1	0.0
EPS8	0.11160874905129248
EPS8L1	-0.2963228958704187
EPS8L2	0.1342514315388783
EPS8L3	-0.6121336109872977
EPSTI1	0.0
EPX	0.0
EPYC	0.0
EQTN	0.0
ERAL1	-0.0768252747112399
ERAP1	-1.1816058029493446
ERAP2	-2.788090491560352
ERAS	0.0
ERBB2	0.5223277775775923
ERBB3	-0.19913528473304076
ERBB4	-0.5553664211488538
ERBIN	0.19031331184437228
ERBIN-DT	1.968963531869506
ERC1	0.287088105375215
ERC1-AS1	0.861654166907052
ERC2	-0.3333333333333333
ERC2-AS1	0.0
ERC2-IT1	0.0
ERCC1	0.7766606425172355
ERCC2	0.4643869524983044
ERCC3	0.3126852707743364
ERCC4	-0.23013677014954226
ERCC5	0.6590933078333054
ERCC6	0.8731372899344478
ERCC6L	0.8019974532252796
ERCC6L2	0.5091546998966567
ERCC6L2-AS1	0.5749642539552111
ERCC8	-0.6039694694481463
ERCC8-AS1	-1.0
EREG	-2.7319502112946523
ERF	-0.3600593214138632
ERFE	0.0
ERFL	0.0
ERG	-0.2826656355183168
ERG28	0.47312731215842785
ERGIC1	-0.381189940415549
ERGIC2	-0.28846326023025526
ERGIC3	0.25220520284021397
ERH	-0.017970080488103335
ERHP1	0.3333333333333333
ERHP2	0.0
ERI1	0.2853751569817957
ERI2	0.009264050673774449
ERI3	0.7506002201638742
ERI3-IT1	0.19498750024038541
ERICD	-0.138345833092948
ERICH1	0.25234108216915363
ERICH2	0.0
ERICH2-DT	0.16180894239007992
ERICH3	0.0
ERICH3-AS1	0.0
ERICH4	0.0
ERICH5	0.0
ERICH6	0.3333333333333333
ERICH6-AS1	1.019631229684523
ERICH6B	0.0
ERLEC1	0.2267307692776015
ERLEC1P1	0.0
ERLIN1	-0.32277676843644976
ERLIN2	0.4435411415511865
ERLN	0.538236614705069
ERLNC1	0.0
ERMAP	0.1618089423900808
ERMARD	1.0215008938407175
ERMN	0.0
ERMP1	-0.19865088325640912
ERN1	0.5764766574069506
ERN2	-0.7233083338141042
ERO1A	-0.24669808681406202
ERO1B	-0.08242236332515862
ERP27	-0.24565519805540204
ERP29	0.1723467185296581
ERP29P1	0.3333333333333333
ERP44	0.9303307451087539
ERRFI1	1.3767913692335565
ERRFI1-DT	-0.8812853965915749
ERV3-1	2.2760983636472565
ERVE-5	0.0
ERVFC1	0.0
ERVFRD-1	-0.49131039611080407
ERVFRD-3	0.3333333333333333
ERVH-1	0.0
ERVH-3	0.0
ERVH48-1	-0.8616541669070521
ERVK-28	0.0
ERVK13-1	1.313720165897756
ERVK3-1	1.0482309739168993
ERVK9-11	0.19498750024038536
ERVMER34-1	-0.5283208335737186
ERVV-1	0.0
ERVV-2	0.0
ERVW-1	-0.3333333333333333
ESAM	1.245655198055402
ESAM-AS1	0.6862978963511894
ESCO1	0.14220640304143295
ESCO2	0.40643501481951017
ESD	-0.222030897728704
ESDP1	0.0
ESF1	-0.6537736914102004
ESM1	0.0
ESPL1	-0.24683865911176994
ESPN	-0.7385020119170687
ESPNL	-1.4716791664262816
ESPNP	-1.5283208335737188
ESR1	-0.3333333333333335
ESR2	0.5283208335737187
ESRG	0.0
ESRP1	0.3333333333333333
ESRP2	-0.4198218983795883
ESRRA	-0.3990152381890866
ESRRAP1	-0.3333333333333333
ESRRAP2	0.0
ESRRB	0.0
ESRRG	0.0
ESS2	0.7781396796901863
ESX1	0.0
ESYT1	0.9826536002734292
ESYT2	0.48214235924023985
ESYT3	-0.5027156345567754
ETAA1	-0.15430141817137777
ETDA	0.0
ETDB	0.0
ETDC	0.0
ETF1	0.31718655594093015
ETF1P1	0.3333333333333335
ETF1P2	-0.15797706277747103
ETF1P3	-0.5283208335737187
ETFA	0.07531898047778895
ETFB	-1.4247414651046837
ETFBKMT	-0.07413080711214937
ETFDH	0.40573925212936945
ETFRF1	1.626036610873527
ETFRF1P1	0.3333333333333333
ETHE1	-0.01748913996471213
ETNK1	0.17703841835240475
ETNK1-DT	0.3333333333333333
ETNK2	-0.7166369048279364
ETNPPL	-1.3359560811111133
ETS1	0.5283208335737188
ETS1-AS1	0.3333333333333333
ETS2	-0.5540434537478722
ETS2-AS1	-1.1949875002403854
ETS2P1	0.0
ETV1	-0.19498750024038536
ETV2	-1.7974391409262531
ETV3	0.6274079859926376
ETV3L	0.0
ETV4	-0.8909649055971558
ETV5	0.6106825531222393
ETV5-AS1	0.7133100870481583
ETV6	-1.2074953144557856
ETV7	1.3333333333333333
ETV7-AS1	0.0
EVA1A	-1.3438334381659347
EVA1A-AS	-2.9104396770083545
EVA1B	1.138345833092948
EVA1C	-0.9182958340544893
EVA1CP1	0.0
EVA1CP2	0.0
EVA1CP3	0.0
EVA1CP4	0.0
EVA1CP5	0.0
EVA1CP6	0.0
EVC	0.624234920237523
EVC2	0.0
EVI2A	-0.5283208335737187
EVI2B	0.6666666666666666
EVI5	0.7421139161075381
EVI5L	2.8779341750369336
EVL	-0.13037974386049278
EVL-AS1	0.0
EVPL	-1.0088240704537306
EVPLL	0.0
EVX1	0.3333333333333333
EVX1-AS	0.0
EVX2	0.0
EWSAT1	0.0
EWSR1	0.2442838357927979
EWSR1P1	0.6024516406858679
EWSR1P2	0.33333333333333326
EXD1	0.3333333333333333
EXD2	-0.4673300028596943
EXD3	0.7407974737788159
EXO1	0.216430025275117
EXO5	0.14740744286835783
EXO5-DT	1.107309364962454
EXOC1	0.6061508769803119
EXOC1L	0.0
EXOC2	0.46301409691529916
EXOC3	0.6157965279532855
EXOC3-AS1	0.6697995660007492
EXOC3L1	1.5283208335737184
EXOC3L2	0.0
EXOC3L4	-0.3253245753330969
EXOC4	0.25988114671732987
EXOC5	0.3678712047063808
EXOC5P1	0.6666666666666666
EXOC6	0.7743550520777145
EXOC6B	1.2824674845057862
EXOC7	0.14637606526736047
EXOC7P1	0.0
EXOC8	0.09083157836095435
EXOG	-0.10622934749019297
EXOGP1	0.0
EXOSC1	0.09016875721225581
EXOSC10	-0.1566655955335463
EXOSC10-AS1	0.6666666666666666
EXOSC2	-0.09251833925478259
EXOSC3	-0.017883804202671882
EXOSC3P1	0.0
EXOSC3P2	0.3333333333333333
EXOSC4	-0.02410586759547595
EXOSC5	-0.9862460116045817
EXOSC6	0.46981146748728264
EXOSC7	-0.7980911181776396
EXOSC8	-0.8772251223343623
EXOSC8P1	0.0
EXOSC9	-0.3684585628578869
EXPH5	-0.33333333333333337
EXT1	1.2279520017186583
EXT2	0.7970048093138775
EXTL1	-1.5283208335737184
EXTL2	0.18835045089020142
EXTL2P1	0.0
EXTL3	0.10045285808448767
EXTL3-AS1	0.9689635318695059
EYA1	0.0
EYA2	0.0
EYA2-AS1	0.0
EYA3	0.37359415850975797
EYA4	0.0
EYA4-AS2	0.0
EYS	0.14774479703649845
EZH1	1.0451450813088545
EZH2	0.07038608491431386
EZH2P1	0.0
EZHIP	0.0
EZR	0.5558852830663232
EZR-AS1	0.3333333333333333
EZRP1	0.0
F10	1.0386841762156758
F10-AS1	0.5283208335737186
F10-AS2	-1.0876781352779314
F11	-1.4815949475576318
F11-AS1	-0.3333333333333333
F11R	-0.031389054349732604
F12	0.5283208335737186
F13A1	0.3333333333333333
F13B	-0.861654166907052
F2	-0.6976207383859165
F2R	-0.39123496450558015
F2RL1	-0.48111462980797093
F2RL2	-0.8616541669070519
F2RL3	0.3333333333333333
F3	-0.07710851536881869
F5	-0.5389016646509326
F7	-2.719957112259464
F8	-0.08767813527793145
F8A3	0.0
F9	0.0
FA2H	0.0
FAAH	0.5036539730924599
FAAH2	-1.138345833092948
FAAHP1	0.3333333333333333
FAAP100	0.27042134756683467
FAAP20	-0.10898789492822125
FAAP24	-0.9668214421496955
FABP1	-1.7505224017660082
FABP12	0.0
FABP12P1	0.0
FABP2	-2.163951032109891
FABP3	0.056641667147437236
FABP3P2	0.0
FABP4	0.0
FABP5	-0.11434169907796132
FABP5P1	0.0
FABP5P10	0.0
FABP5P11	-0.5283208335737187
FABP5P12	0.0
FABP5P13	0.0
FABP5P14	0.0
FABP5P15	0.0
FABP5P2	-0.33333333333333326
FABP5P3	0.0
FABP5P4	0.0
FABP5P5	0.0
FABP5P6	0.0
FABP5P7	-0.3333333333333333
FABP5P8	-0.05066769781501668
FABP5P9	-1.3333333333333333
FABP6	0.0
FABP6-AS1	0.0
FABP7	0.0
FABP7P1	0.0
FABP7P2	0.0
FABP9	0.0
FADD	-0.056513101888827855
FADS1	1.1237026682808295
FADS2	0.2227943177043885
FADS2B	0.0
FADS3	0.691762709101412
FADS6	-0.3333333333333333
FAF1	0.23731122526691628
FAF1-AS1	0.8616541669070521
FAF2	0.23134945300932053
FAF2P1	0.0
FAH	-0.6092821558156789
FAHD1	0.0632882149901155
FAHD2A	0.5517987358741268
FAHD2B	0.4852264945920637
FAHD2CP	0.0
FAHD2P1	0.0
FAIM	-1.478846766921638
FAIM2	0.0
FALEC	0.7739760316291207
FAM106A	0.0
FAM107A	0.0
FAM107B	0.6284297380258028
FAM110A	0.05664166714743768
FAM110B	-0.6013599300082482
FAM110C	-0.7651519611753907
FAM110D	-0.3333333333333333
FAM111A	-0.25069082885213767
FAM111A-DT	0.33333333333333304
FAM111B	0.3548804551122684
FAM114A1	-0.17888221439344676
FAM114A2	1.057032432424676
FAM117A	0.5479297005738246
FAM117B	0.04921269526570882
FAM120A	-0.1357966030975426
FAM120A2P	0.0
FAM120AOS	0.9089984351370912
FAM120B	0.4701993951642782
FAM120C	0.4830122681773359
FAM124A	0.7233083338141042
FAM124B	0.0
FAM131A	1.204405448066101
FAM131B	0.0
FAM131B-AS1	0.0
FAM131B-AS2	-0.0457854391602166
FAM131C	0.3333333333333333
FAM131C2P	0.0
FAM133A	0.0
FAM133B	0.3649024699889374
FAM133CP	0.0
FAM133DP	-1.1949875002403854
FAM133EP	-0.6666666666666666
FAM133FP	-0.6666666666666666
FAM133GP	0.0
FAM133HP	0.8616541669070521
FAM135A	-0.023979275292980162
FAM135A-AS1	0.0
FAM135B	0.0
FAM136BP	0.0
FAM136CP	-0.6666666666666666
FAM136DP	0.1383458330929479
FAM136EP	0.0
FAM136FP	0.0
FAM136GP	0.0
FAM138A	0.0
FAM138B	0.3333333333333333
FAM138C	-0.5283208335737187
FAM138D	0.0
FAM138E	0.0
FAM138F	0.0
FAM13A	-0.4716791664262814
FAM13A-AS1	-0.1383458330929479
FAM13B	0.831099003171972
FAM13B-AS1	0.0
FAM13C	-1.0766685351487744
FAM149A	0.3333333333333333
FAM149B1	1.516885233896076
FAM149B1P1	0.0
FAM151A	0.6666666666666666
FAM151AP1	0.0
FAM151B	0.13834583309294812
FAM151B-DT	-0.7875233597949027
FAM153A	0.3333333333333333
FAM153CP	0.3333333333333333
FAM153DP	0.0
FAM156A	-0.861654166907052
FAM156B	0.0
FAM157A	0.0
FAM157B	1.968963531869506
FAM157D	0.0
FAM161A	0.3951907159305028
FAM161B	1.1394375437705686
FAM162A	0.10279412439597113
FAM162B	0.0
FAM163A	-0.3333333333333333
FAM163B	0.3333333333333333
FAM167A	0.0
FAM167A-AS1	0.0
FAM167B	0.0
FAM168A	-0.29990107711109104
FAM168A-AS1	0.3333333333333333
FAM168B	0.5699012950935192
FAM169A	-0.6100421150187625
FAM169A-AS1	0.0
FAM169BP	0.0
FAM170A	0.0
FAM170B	0.0
FAM170B-AS1	0.0
FAM171A1	-1.950656705488265
FAM171A1-AS1	-0.6666666666666667
FAM171A2	1.7233083338141042
FAM171B	1.9689635318695062
FAM171B-AS1	0.6666666666666667
FAM174A	-0.7051590724733123
FAM174A-DT	-0.19498750024038541
FAM174B	0.17535627055586245
FAM174C	0.8509013127236846
FAM177A1	0.5038553335401224
FAM177A1P1	0.0
FAM177B	0.6666666666666666
FAM178B	0.5283208335737187
FAM180A	0.0
FAM180B	-0.6666666666666666
FAM181A	-1.8306176987765579
FAM181A-AS1	-0.861654166907052
FAM181B	0.0
FAM182A	-0.5283208335737187
FAM182B	1.5382366147050694
FAM184A	0.42998467795499984
FAM184B	0.33333333333333326
FAM185A	-0.04497652669536922
FAM185BP	0.08170416594551067
FAM186A	0.9689635318695059
FAM186B	-0.3333333333333333
FAM187A	0.0
FAM187B	0.0
FAM187B2P	0.0
FAM192BP	0.861654166907052
FAM193A	0.12782587901990894
FAM193B	0.26645940044492455
FAM193B-DT	-0.5283208335737187
FAM194C	0.6666666666666666
FAM197Y1	0.0
FAM197Y2	0.0
FAM197Y3	0.0
FAM197Y4	0.0
FAM197Y5	0.0
FAM197Y6	0.0
FAM197Y7	0.0
FAM197Y8	0.0
FAM197Y9	0.0
FAM199X	0.07513747337981158
FAM201A	-0.7159662317041047
FAM201B	0.0
FAM204A	-0.6773063377821833
FAM204BP	-0.19498750024038541
FAM204CP	0.5283208335737187
FAM204DP	0.0
FAM207BP	0.0
FAM207CP	0.0
FAM209A	-0.5283208335737187
FAM209B	-0.3333333333333333
FAM20A	0.03317855785030499
FAM20B	-0.11843094775613494
FAM20BP1	0.0
FAM20C	-0.32663080885047524
FAM210CP	-0.3333333333333333
FAM215A	0.0
FAM215B	0.3333333333333333
FAM216A	-0.2605502029284761
FAM216B	0.0
FAM217A	-0.5283208335737187
FAM217B	-0.20764853031742625
FAM218A	0.0
FAM218BP	0.0
FAM219A	0.7370302484210716
FAM219B	0.417969890486237
FAM21EP	-0.33333333333333326
FAM220A	1.1949875002403854
FAM220BP	0.0
FAM220CP	0.3333333333333333
FAM221A	0.0
FAM221B	1.3899750004807707
FAM222A	0.5581325281010328
FAM222A-AS1	-2.529571545194088
FAM222B	0.39357195866365835
FAM223A	0.0
FAM223B	0.0
FAM224A	0.0
FAM224B	0.0
FAM225A	-0.8616541669070521
FAM225B	0.0
FAM226B	0.0
FAM227A	0.08767813527793122
FAM227B	0.6666666666666667
FAM228A	0.0
FAM228B	1.46410580759292
FAM229A	-0.252997300165402
FAM229B	-0.16395103210989115
FAM230A	0.0
FAM230B	0.0
FAM230C	0.0
FAM230D	0.0
FAM230E	0.0
FAM230F	0.0
FAM230G	-0.3333333333333333
FAM230H	0.0
FAM230I	0.0
FAM230J	0.0
FAM234A	1.6844856119684213
FAM234B	0.017860346734948074
FAM236A	0.0
FAM236B	0.0
FAM236C	0.0
FAM236D	0.0
FAM237A	0.0
FAM237B	0.0
FAM238A	0.0
FAM238B	0.0
FAM238C	0.0
FAM240A	0.0
FAM240B	0.0
FAM240C	0.0
FAM241A	0.9245870748255323
FAM241B	-0.602451640685868
FAM242A	0.0
FAM242C	0.0
FAM242D	0.0
FAM242E	0.0
FAM242F	-0.3333333333333333
FAM245A	0.0
FAM245B	-1.6024516406858678
FAM246A	0.0
FAM246B	0.0
FAM246C	0.0
FAM247A	0.0
FAM247B	0.0
FAM24A	0.0
FAM24B	-0.138345833092948
FAM24B-CUZD1	0.0
FAM25A	0.0
FAM25BP	0.0
FAM25C	0.0
FAM25EP	0.0
FAM25G	0.3333333333333333
FAM27B	-0.050667697815016566
FAM27C	-0.740797473778816
FAM27E5	0.0
FAM30A	0.0
FAM30B	0.0
FAM30C	0.0
FAM32A	-0.017419159456320443
FAM32BP	0.0
FAM32CP	0.0
FAM32DP	0.0
FAM32EP	0.0
FAM3A	0.34078927100948464
FAM3B	-1.874258915159431
FAM3C	0.642498061859679
FAM3C2P	0.6666666666666667
FAM3D	0.0
FAM3D-AS1	0.5283208335737187
FAM41AY1	0.0
FAM41C	0.0
FAM43A	0.36651189118363803
FAM43B	0.055981545771357055
FAM47A	0.0
FAM47B	0.0
FAM47C	0.0
FAM47DP	0.0
FAM47E	-0.3333333333333333
FAM47E-STBD1	0.0
FAM50A	0.38608106546489207
FAM50B	0.0
FAM53A	0.861654166907052
FAM53B	-0.5872444997717166
FAM53B-AS1	0.6666666666666666
FAM53C	0.9502949299610197
FAM66C	0.0
FAM66D	0.0
FAM66E	0.0
FAM74A1	0.0
FAM74A3	0.0
FAM74A4	0.0
FAM74A6	0.0
FAM74A7	0.0
FAM76A	0.8942501706619321
FAM76AP1	0.0
FAM76B	0.30294138632180445
FAM78A	0.47167916642628116
FAM78B	0.6862978963511894
FAM78B-AS1	0.0
FAM81A	0.861654166907052
FAM81B	0.0
FAM83A-AS2	0.0
FAM83C-AS1	0.19498750024038536
FAM85B	-0.10730936496245413
FAM86B1	-0.4074641404454826
FAM86B2	0.6666666666666667
FAM86B2-DT	0.5283208335737187
FAM86B3P	-0.10522303480522632
FAM86C1P	-0.20256085907374644
FAM86C2P	1.0339178329335774
FAM86DP	-0.16736852277229008
FAM86EP	0.4252160903340121
FAM86FP	0.4074641404454826
FAM86GP	-0.3333333333333333
FAM86HP	0.23593974950222996
FAM86JP	-0.006205226055782553
FAM86KP	-0.6666666666666666
FAM86LP	0.0
FAM86MP	0.0
FAM87A	-0.3333333333333333
FAM87B	0.5283208335737187
FAM88B	0.6666666666666666
FAM88C	0.0
FAM88E	0.0
FAM88F	0.0
FAM89A	-0.138345833092948
FAM89B	0.6854555870081773
FAM8A1	-0.0333667191228475
FAM8A2P	0.3333333333333333
FAM8A3P	0.0
FAM8A4P	0.0
FAM8A6P	0.3333333333333333
FAM90A1	0.0
FAM90A10	0.0
FAM90A11	0.0
FAM90A12	0.0
FAM90A13	0.0
FAM90A14	0.0
FAM90A15	0.0
FAM90A16	0.0
FAM90A17	0.0
FAM90A18	0.0
FAM90A19	0.0
FAM90A20	0.0
FAM90A22	0.0
FAM90A23	0.0
FAM90A24	0.0
FAM90A25P	0.0
FAM90A26	0.0
FAM90A27P	0.0
FAM90A28P	0.0
FAM90A2P	0.0
FAM90A3	0.0
FAM90A4P	0.0
FAM90A5	0.0
FAM90A6P	0.0
FAM90A7	0.0
FAM90A8	0.0
FAM90A9	0.0
FAM91A1	-0.15910673324364044
FAM91A2P	0.0
FAM91A3P	0.0
FAM95B1	0.0
FAM98BP1	0.0
FAM99A	0.0
FAM99B	-0.5283208335737187
FAM9A	0.0
FAM9B	0.0
FAM9C	0.0
FAM9CP1	0.0
FAN1	0.4473686589416648
FANCA	0.18510076229753114
FANCB	0.596186930636323
FANCC	0.1614132191434745
FANCD2	-0.4256468800380162
FANCD2OS	-1.3022968652028393
FANCD2P2	0.33333333333333326
FANCE	0.6089924318567688
FANCF	0.40805372865921896
FANCG	-0.16218626555338744
FANCI	-0.07201321203693212
FANCL	0.1975428221036477
FANCM	0.28817284753330963
FANK1	0.3333333333333333
FANK1-AS1	0.0
FAP	0.0
FAR1	-0.5283208335737184
FAR1-IT1	0.0
FAR1P1	0.0
FAR2	-0.754344801944598
FAR2-AS1	0.6666666666666666
FAR2P1	-0.24565519805540204
FAR2P2	0.0
FAR2P3	0.0
FAR2P4	-0.3333333333333333
FARP1	0.25277130008909054
FARP1-AS1	-0.3333333333333333
FARP2	1.1091639722674183
FARS2	-0.5968265987926777
FARS2-AS1	0.3333333333333333
FARSA	0.15946504790397054
FARSA-AS1	-0.7739760316291208
FARSB	0.40338263019403264
FARSBP1	0.0
FAS	-1.0683358201992537
FASLG	0.0
FASN	1.1297954968903898
FASTK	0.4772323268269547
FASTKD1	-0.2716585017277815
FASTKD2	-0.48481549194179774
FASTKD3	-0.25516281584059364
FASTKD5	-0.4561146038600974
FAT1	0.1830147873078971
FAT1P1	0.0
FAT2	0.5283208335737186
FAT3	0.5283208335737187
FAT4	-1.5147735054079372
FATE1	0.0
FAU	-0.16497887342297268
FAUP1	-0.19498750024038541
FAUP2	0.0
FAUP3	0.0
FAUP4	1.1949875002403854
FAXC	1.3899750004807707
FAXDC2	-0.3827169226498146
FBF1	0.9474501144712693
FBH1	0.7509274790386398
FBL	-0.35284350616461424
FBLIM1	-1.0020863301572271
FBLIM1P1	0.0
FBLIM1P2	0.0
FBLL1	0.0
FBLN1	-0.6596775235121886
FBLN2	0.0
FBLN5	0.602451640685868
FBLN7	-1.3899750004807707
FBLP1	0.0
FBN1	0.08767813527793145
FBN1-DT	0.0
FBN2	0.0
FBN3	0.19498750024038541
FBP1	0.0
FBP2	0.0
FBP2P1	0.0
FBRS	0.09720160325764482
FBRSL1	0.005641261630297656
FBRSL1P1	0.0
FBXL12	0.7235366264113008
FBXL12P1	0.0
FBXL13	0.9668214421496952
FBXL14	0.11475211451462286
FBXL15	-0.4096853838724872
FBXL16	-0.06421502598079876
FBXL17	-0.7602065507009312
FBXL18	0.32557674022571703
FBXL19	-1.2784720015899325
FBXL19-AS1	0.19498750024038491
FBXL2	0.8449739394071867
FBXL20	0.7377614567964486
FBXL21P	0.15522119078293795
FBXL22	-0.48921737514742203
FBXL3	0.756457581743077
FBXL4	0.31066633132817145
FBXL5	0.7194322289193371
FBXL6	0.1703206397591268
FBXL7	0.6666666666666666
FBXL8	0.875201495072834
FBXL9P	0.7739760316291207
FBXO10	0.7211662440942934
FBXO11	0.06516895420190938
FBXO15	0.0
FBXO16	0.1383458330929479
FBXO16-AS1	0.0
FBXO17	-0.34775128459123117
FBXO2	0.4294379380940514
FBXO21	0.6744629198581755
FBXO22	-0.2674748884092555
FBXO24	0.33333333333333326
FBXO25	-0.19457755216359196
FBXO27	-0.3333333333333333
FBXO28	-0.05383309685172222
FBXO3	0.8928567276851265
FBXO30	0.2475568838408888
FBXO31	-0.17208860903557
FBXO32	-0.138345833092948
FBXO33	1.221729846014588
FBXO34	0.5105764797411467
FBXO34-AS1	1.0
FBXO36	-1.3257599744999724
FBXO36-IT1	-0.3333333333333333
FBXO36P1	0.0
FBXO38	0.22464537684781227
FBXO38-DT	0.0
FBXO39	-0.3333333333333333
FBXO4	0.05670226803554801
FBXO40	0.3333333333333333
FBXO41	-1.3417617654702498
FBXO42	0.19573034394393574
FBXO43	-1.0356384013055044
FBXO44	0.29856171363354633
FBXO45	-0.402150292489142
FBXO46	-0.4716791664262807
FBXO47	0.0
FBXO48	1.6409440464925136
FBXO5	0.18580668025474356
FBXO6	-0.5876759635841333
FBXO7	0.13043598536247458
FBXO8	0.6010854512813273
FBXO9	0.37481171850440376
FBXW10	-0.47167916642628127
FBXW10B	0.3333333333333333
FBXW11	0.11523942805098031
FBXW11P1	0.6666666666666667
FBXW12	-0.33333333333333337
FBXW2	0.26487466890606903
FBXW4	0.0035490813998366733
FBXW4P1	0.07413080711214937
FBXW5	0.8102237684800393
FBXW7	0.16527038855560328
FBXW7-AS1	0.19498750024038541
FBXW8	0.6088212483351034
FBXW9	0.7920107797304237
FCAMR	0.0
FCAR	0.3333333333333333
FCER1A	0.0
FCER1G	0.5458099735384305
FCER2	0.0
FCF1	0.07545245401912659
FCF1P1	0.19498750024038541
FCF1P10	-0.3333333333333333
FCF1P2	0.0
FCF1P3	-0.6666666666666666
FCF1P4	0.0
FCF1P5	-1.0
FCF1P6	-0.6666666666666666
FCF1P7	0.6666666666666667
FCF1P8	1.0566416671474375
FCF1P9	0.0
FCGBP	-3.978928381757285
FCGR1A	0.0
FCGR1BP	0.0
FCGR1CP	0.0
FCGR2A	0.0
FCGR2B	0.0
FCGR2C	0.0
FCGR3A	0.0
FCGR3B	0.0
FCGRT	0.16878125753531847
FCHO1	-1.0769848116132912
FCHO2	0.3433915666829419
FCHO2-DT	0.9689635318695059
FCHSD1	-0.5555254220916033
FCHSD2	-0.18616283591589866
FCMR	-0.3333333333333333
FCN1	0.0
FCN2	0.0
FCN3	0.0
FCRL1	0.0
FCRL2	0.0
FCRL3	0.0
FCRL3-AS1	0.0
FCRL4	0.0
FCRL4P1	0.0
FCRL5	0.0
FCRL6	0.0
FCRLA	0.0
FCRLB	-0.3333333333333333
FCSK	0.3896225648864231
FDCSP	0.0
FDFT1	0.7883897504726338
FDPS	0.04675555904488338
FDPSP1	0.0
FDPSP2	-0.861654166907052
FDPSP3	0.3333333333333333
FDPSP4	0.0
FDPSP5	0.0
FDPSP6	0.0
FDPSP7	0.0
FDPSP8	0.0
FDPSP9	0.0
FDX1	0.07743284694143426
FDX1P1	0.5283208335737186
FDX1P2	0.0
FDX2	0.3333333333333333
FDXACB1	-0.9643615986944964
FDXR	-0.43132284222047
FECH	0.4774595318205739
FECHP1	0.0
FEM1A	-0.6380900419913718
FEM1AP1	0.0
FEM1AP2	0.0
FEM1AP3	0.0
FEM1AP4	0.0
FEM1B	0.3469298590149652
FEM1C	0.2167837570652198
FEN1	-0.12477490532527291
FEN1P1	0.0
FENDRR	0.0
FER	0.07349633110156617
FER1L4	1.107309364962454
FER1L5	0.3899750004807707
FER1L6	0.0
FER1L6-AS1	0.0
FER1L6-AS2	0.0
FERD3L	0.0
FERMT1	-1.6247940476944036
FERMT2	0.6627150805123474
FERMT3	0.47167916642628127
FERP1	0.0
FERRY3	-0.08635976781618027
FES	-0.20623111934456873
FETUB	-1.6356301985361728
FEV	0.0
FEZ1	-1.5061084358969552
FEZ2	0.7720481520255724
FEZF1	0.0
FEZF1-AS1	-0.3333333333333333
FEZF2	0.0
FFAR1	0.0
FFAR2	0.0
FFAR3	0.0
FFAR4	-0.19498750024038541
FGA	-0.3540082998829046
FGB	-1.613789007629646
FGD1	0.0
FGD2	0.0
FGD3	-0.3333333333333333
FGD4	-0.7772127399442725
FGD5	0.3333333333333333
FGD5-AS1	0.07033347981167992
FGD5P1	0.0
FGD6	1.363861771222914
FGF1	-0.7233083338141042
FGF10	0.0
FGF10-AS1	0.0
FGF11	0.0
FGF12	0.0
FGF12-AS1	0.0
FGF12-AS2	0.0
FGF12-AS3	0.0
FGF13	-0.3333333333333333
FGF13-AS1	0.0
FGF14	0.0
FGF14-AS1	0.0
FGF14-AS2	0.0
FGF14-IT1	0.0
FGF16	0.0
FGF17	0.5283208335737187
FGF18	1.1073093649624541
FGF19	0.19498750024038541
FGF2	-0.5283208335737187
FGF20	0.0
FGF21	0.0
FGF22	0.5283208335737186
FGF23	-0.5283208335737186
FGF3	0.0
FGF4	0.0
FGF5	0.0
FGF6	0.3333333333333333
FGF7	0.3333333333333333
FGF7P1	0.0
FGF7P2	0.0
FGF7P3	0.0
FGF7P4	0.0
FGF7P5	0.0
FGF7P6	0.0
FGF7P7	0.0
FGF7P8	0.0
FGF8	0.0
FGF9	0.0
FGFBP1	0.0
FGFBP2	0.0
FGFBP3	-1.6356301985361728
FGFBP3-AS1	0.0
FGFR1	0.5898663133202167
FGFR1OP2	0.5163198838739476
FGFR1OP2P1	0.0
FGFR2	-1.4855830984579197
FGFR3	0.6465121033544277
FGFR3P1	0.0
FGFR3P2	0.0
FGFR3P3	0.0
FGFR3P4	0.0
FGFR3P5	0.0
FGFR3P6	0.0
FGFR4	0.21845826724184825
FGFRL1	-0.04277288611108698
FGG	0.25385125652016427
FGGY	0.0897554531817697
FGL1	-1.1043949564758195
FGL1-AS1	-0.8037862389669161
FGL2	1.6356301985361728
FGR	0.0
FH	0.05981497980537931
FHAD1	0.0
FHAD1-AS1	0.0
FHDC1	-2.8306176987765577
FHIP1A	0.06488098385132801
FHIP1A-DT	-1.0
FHIP1B	0.5580841475195895
FHIP2A	-0.059463950427254275
FHIP2B	0.3510600126197243
FHIT	-0.29632289587041827
FHL1	0.3333333333333333
FHL1P1	0.6666666666666666
FHL2	-0.16060519120595496
FHL3	-0.2401823491563122
FHL5	0.0
FHOD1	-0.10181976898184608
FHOD3	0.0
FHP1	0.0
FHP2	0.0
FIBCD1	1.5283208335737186
FIBCD1-AS1	0.0
FIBIN	0.0
FIBP	0.7404385304756715
FICD	0.17152439094325223
FIG4	0.6609978582314371
FIGLA	0.0
FIGLAP1	0.0
FIGN	-1.1199507226740435
FIGNL1	0.5426770742043479
FIGNL2	-0.1383458330929479
FIGNL2-DT	0.0
FILIP1	1.019631229684523
FILIP1-AS1	0.0
FILIP1L	-0.3873764102549311
FILNC1	0.0
FIMP1	0.0
FIP1L1	0.49345786648131895
FIRRE	-1.1924718972226023
FIRRM	-0.13888952828592505
FIS1	-0.08830953149143994
FITM1	-0.8616541669070521
FITM2	0.48400538637767987
FIZ1	-0.33225766025312087
FJX1	-1.7974391409262536
FKBP10	-0.6804038643167489
FKBP11	0.8260157656015474
FKBP14	-0.2500885125944565
FKBP14-AS1	0.2691183073525343
FKBP15	0.24450012325645432
FKBP1A	0.13278108722669124
FKBP1AP1	-0.6666666666666666
FKBP1AP2	0.3333333333333333
FKBP1AP3	0.0
FKBP1AP4	0.0
FKBP1B	0.24232716853119562
FKBP1BP1	0.0
FKBP1C	-0.138345833092948
FKBP2	-0.5283208335737187
FKBP3	0.4696674438035098
FKBP4	-0.890245213493742
FKBP4P1	-0.5283208335737187
FKBP4P2	0.0
FKBP4P6	0.0
FKBP4P7	0.0
FKBP4P8	0.0
FKBP5	0.5555361412378454
FKBP6	0.0
FKBP6P1	-0.861654166907052
FKBP6P2	0.0
FKBP7	-0.09848529450872423
FKBP8	-0.5345226734212307
FKBP8-AS1	-0.3333333333333333
FKBP9	-0.2937474488371894
FKBP9P1	-0.861654166907052
FKBPL	0.08807086567702527
FKRP	-0.20501964182242904
FKTN	0.04451381175193525
FKTN-AS1	0.0
FLACC1	-1.723308333814104
FLAD1	0.0668226581533844
FLCN	0.8421856514162638
FLG	0.0
FLG2	0.0
FLI1	-0.3333333333333333
FLICR	0.5283208335737187
FLII	-0.04329342751563736
FLJ13224	-0.5283208335737188
FLJ16779	0.0
FLJ20712	0.0
FLJ30679	1.578988531388735
FLJ33534	-0.3333333333333333
FLJ36000	0.0
FLJ38576	-0.3333333333333335
FLJ40194	0.0
FLJ40288	0.0
FLJ42393	1.3022968652028393
FLJ46284	-0.8616541669070521
FLNA	0.9787702898352624
FLNB	0.3290110784005904
FLNB-AS1	0.22727467999124817
FLNC	-0.1383458330929479
FLNC-AS1	0.0
FLOT1	-0.2316389783493804
FLOT2	0.04458379629627629
FLRT1	-1.881285396591575
FLRT2	0.0
FLRT2-AS1	0.0
FLRT3	-0.6580015971556852
FLT1	0.3333333333333333
FLT1P1	0.0
FLT3	0.0
FLT3LG	0.0
FLT4	0.3333333333333333
FLVCR1	-0.23158197696640936
FLVCR1-DT	0.4459565462521282
FLVCR2	0.5030045491626192
FLVCR2-AS1	0.0
FLYWCH1	-0.2564623572861944
FLYWCH1-AS1	0.0
FLYWCH1P1	0.0
FLYWCH2	0.8980387256112223
FMC1	-0.5283208335737188
FMC1-LUC7L2	0.0
FMN1	0.33333333333333326
FMN2	0.0
FMN2P1	0.0
FMNL1	-0.5283208335737187
FMNL1-AS1	0.0
FMNL1-DT	0.0
FMNL2	-0.11996531502879293
FMNL3	-1.1073093649624541
FMO1	-0.1383458330929479
FMO1-AS1	0.0
FMO10P	0.0
FMO11P	0.0
FMO2	0.0
FMO3	0.0
FMO4	-0.3333333333333333
FMO5	-0.7970615214746051
FMO6P	0.0
FMO7P	0.0
FMO8P	0.0
FMO9P	0.0
FMOD	-0.19498750024038541
FMR1	0.7416094891671339
FMR1-AS1	0.6666666666666666
FMR1-IT1	1.3899750004807707
FMR1NB	0.0
FN1	0.14011793905989478
FN1-DT	0.03103646813049421
FN3K	-0.7736235960347733
FN3KRP	0.5755194570343463
FNBP1	1.0160282359333062
FNBP1L	0.6681392349339879
FNBP1P1	0.6626423892331417
FNBP4	0.20134439958047512
FNDC1	0.5283208335737187
FNDC1-AS1	0.0
FNDC1-IT1	0.0
FNDC10	-1.1531438728790993
FNDC11	-0.3333333333333333
FNDC3A	-0.4753120378648248
FNDC3B	0.07123931239044445
FNDC3CP	0.0
FNDC4	0.360820720063991
FNDC5	-0.9689635318695059
FNDC7	0.0
FNDC8	0.3333333333333333
FNDC9	0.0
FNIP1	0.5875923851868201
FNIP2	-0.08569114786321563
FNTA	0.23280665201362183
FNTAP1	0.0
FNTAP2	0.0
FNTB	-0.2895761433205264
FOCAD	1.2966765262914421
FOCAD-AS1	0.8616541669070521
FOLH1	0.0
FOLH1B	-1.0
FOLR1	0.3333333333333333
FOLR1-AS1	0.0
FOLR1P1	0.0
FOLR2	0.0
FOLR3	0.0
FOLR3P1	0.0
FOS	4.552776837361903
FOS-AS1	0.3333333333333333
FOSB	1.1618089423900804
FOSL1	-0.8365638685654133
FOSL1P1	0.9689635318695062
FOSL2	0.19539178639026922
FOSL2-AS1	0.1383458330929479
FOXA1	-0.26478947696181265
FOXA2	-1.2366777554597368
FOXA3	0.9092264951158615
FOXB1	0.0
FOXB2	0.0
FOXC1	-0.017489139964711686
FOXC2	0.3333333333333333
FOXC2-AS1	0.0
FOXCUT	-0.3333333333333333
FOXD1	0.0
FOXD1-AS1	0.0
FOXD2	0.2569430153441634
FOXD2-AS1	0.29503878737188316
FOXD3	0.0
FOXD3-AS1	0.0
FOXD4	0.5283208335737187
FOXD4L1	0.3333333333333333
FOXD4L3	0.0
FOXD4L4	0.3333333333333333
FOXD4L5	0.0
FOXD4L6	0.0
FOXE1	0.0
FOXE3	0.0
FOXF1	0.0
FOXF2	0.0
FOXF2-DT	0.0
FOXG1	0.3333333333333333
FOXG1-AS1	0.0
FOXH1	0.0
FOXI1	0.0
FOXI2	0.0
FOXI3	0.0
FOXJ1	-0.9689635318695059
FOXJ2	0.007573358833361077
FOXJ3	0.37587101671051126
FOXK1	-0.2380272450810157
FOXK2	0.5454936549170117
FOXK2-AS1	-0.5283208335737186
FOXL1	0.0
FOXL2	0.0
FOXL2NB	-0.3333333333333333
FOXL3	0.0
FOXM1	-0.5789988829986257
FOXN1	0.0
FOXN2	-0.07326906845281567
FOXN3	-0.0884408384955151
FOXN3-AS1	-0.422262180231634
FOXN3-AS2	0.0
FOXN3-AS3	0.3333333333333333
FOXN3-AS4	-0.6666666666666666
FOXN3P1	0.0
FOXN3P2	0.0
FOXN4	-0.3333333333333333
FOXO1	0.08076124920652461
FOXO1B	0.0
FOXO3	0.5501353900283004
FOXO3B	-0.7739760316291207
FOXO4	-0.05066769781501712
FOXO6	0.19498750024038541
FOXO6-AS1	0.0
FOXP1	0.47402864420952184
FOXP1-AS1	-0.3333333333333333
FOXP1-DT	-0.13834583309294768
FOXP1-IT1	0.0779626867247587
FOXP2	-2.697585713639951
FOXP3	0.5283208335737187
FOXP4	0.170997483419419
FOXP4-AS1	-0.8752014950728344
FOXQ1	0.8804574762808528
FOXR1	0.0
FOXR2	0.0
FOXRED1	-0.016358828067296827
FOXRED2	0.1558825150054064
FOXS1	0.0
FPGS	0.029589664299997764
FPGT	-0.1261493901445876
FPGT-TNNI3K	0.0
FPR1	0.7739760316291208
FPR2	0.0
FPR3	0.0
FRA10AC1	-0.5510508953870765
FRAS1	-0.9991181093798565
FRAT1	0.9123218647220686
FRAT2	-0.9093068181877335
FREM1	-0.9391131943576081
FREM2	0.3333333333333333
FREM2-AS1	0.0
FREM3	-0.3333333333333333
FREY1	-0.38997500048077083
FRG1	0.4105585540569283
FRG1-DT	0.0
FRG1BP	0.4394112037765412
FRG1CP	0.4431031822753768
FRG1DP	0.17535627055586245
FRG1EP	0.138345833092948
FRG1FP	-0.3333333333333333
FRG1GP	0.11871460340842477
FRG1HP	1.1665884576026482
FRG1JP	1.904748505888707
FRG1KP	0.0
FRG2	0.3333333333333333
FRG2B	0.0
FRG2C	0.0
FRG2DP	0.0
FRG2EP	0.0
FRG2FP	0.0
FRG2GP	0.0
FRG2HP	0.0
FRG2IP	0.0
FRG2JP	0.0
FRG2KP	0.0
FRG2LP	0.0
FRG2MP	0.0
FRGCA	0.0
FRK	-0.7514584410805414
FRMD1	0.0
FRMD3	-2.3224087529453312
FRMD3-AS1	0.0
FRMD4A	-0.6666666666666666
FRMD4A-AS1	0.0
FRMD4A-AS2	0.0
FRMD4A-AS3	0.0
FRMD4B	0.24986440083131845
FRMD5	-0.4406426982957874
FRMD6	1.2573203385074692
FRMD6-AS2	0.0
FRMD7	0.19498750024038536
FRMD8	0.15017959954303173
FRMD8P1	0.0
FRMPD1	0.3333333333333333
FRMPD2	-1.968963531869506
FRMPD2B	0.0
FRMPD3	0.0
FRMPD3-AS1	0.0
FRMPD4	0.0
FRMPD4-AS1	0.0
FRRS1	-0.184059580292125
FRRS1L	1.1949875002403854
FRS2	0.13139636186845038
FRS3	0.3620714316843605
FRY	0.604865887312914
FRY-AS1	-0.1383458330929479
FRYL	0.7262090408874613
FRZB	0.0
FSAF1	-0.6541285694000747
FSBP	1.2276908620570013
FSCB	0.0
FSCN1	0.525709238225688
FSCN1P1	0.0
FSCN2	-0.7739760316291205
FSCN3	0.0
FSD1	1.0566416671474375
FSD1L	0.24074089179570812
FSD2	-0.33333333333333337
FSHB	0.0
FSHR	0.0
FSIP1	0.0
FSIP2	-0.37487555150458185
FSIP2-AS1	-0.5283208335737186
FSIP2LP	0.3333333333333333
FST	0.7346241111218825
FSTL1	0.0
FSTL3	0.2421819478304199
FSTL4	-1.571415172555374
FSTL4-AS1	0.0
FSTL5	-0.5283208335737187
FSTL5-AS1	0.0
FTCD	-0.4900689897089796
FTCD-AS1	-0.1383458330929479
FTCDNL1	-0.7456797324336168
FTH1	0.9141973693385985
FTH1P1	0.0
FTH1P10	0.0
FTH1P11	0.0
FTH1P12	0.0
FTH1P13	0.0
FTH1P14	0.0
FTH1P15	0.0
FTH1P16	0.0
FTH1P19	0.0
FTH1P2	2.0
FTH1P20	0.1383458330929479
FTH1P21	0.0
FTH1P22	0.0
FTH1P23	1.1949875002403854
FTH1P24	0.0
FTH1P25	0.0
FTH1P26	0.0
FTH1P27	0.0
FTH1P28	0.0
FTH1P29	0.0
FTH1P3	0.38997500048077083
FTH1P4	0.3333333333333333
FTH1P5	0.0
FTH1P6	0.0
FTH1P7	0.3333333333333333
FTH1P8	0.33333333333333326
FTH1P9	-0.3333333333333333
FTHL17	0.0
FTHL18P	0.0
FTL	1.8491447126650886
FTLP1	0.0
FTLP10	0.0
FTLP12	0.5283208335737187
FTLP13	0.0
FTLP14	-0.3333333333333333
FTLP15	0.0
FTLP16	0.0
FTLP17	0.3333333333333333
FTLP18	0.0
FTLP19	0.0
FTLP2	1.7838918127604715
FTLP20	0.0
FTLP3	2.422077620661845
FTLP4	0.0
FTLP5	0.44064269829578745
FTLP6	-0.5283208335737187
FTLP8	-0.6356301985361725
FTLP9	0.0
FTMT	0.0
FTO	0.1556254769328218
FTOP1	0.3542178930372648
FTSJ1	-0.7061352657427316
FTSJ3	-0.12283587852546685
FTX	0.09934056846445394
FUBP1	-0.06169563134732314
FUBP3	0.1478059372497853
FUCA1	1.2662317316774798
FUCA1P1	0.0
FUCA2	-0.2507564241428657
FUNDC1	-1.521143113057172
FUNDC2	0.31324629260645764
FUNDC2P1	-0.3333333333333333
FUNDC2P2	-0.5283208335737187
FUNDC2P3	0.0
FUNDC2P4	0.0
FUOM	-0.07441733820711338
FURIN	-0.9074691661586796
FUS	0.1157064284545708
FUT1	-0.3333333333333333
FUT2	0.5283208335737187
FUT3	0.5283208335737187
FUT4	-0.15797706277747103
FUT5	0.0
FUT6	-2.9010849112493817
FUT7	0.0
FUT8	0.05137384037367365
FUT8-AS1	0.5283208335737186
FUT9	0.0
FUZ	0.3333333333333333
FXN	-0.6793767820402774
FXNP1	0.0
FXNP2	0.8616541669070521
FXR1	0.12387173966257237
FXR2	0.6138768961289465
FXYD1	0.0
FXYD2	-2.4385341522126494
FXYD3	0.0
FXYD4	0.0
FXYD5	0.3333333333333333
FXYD6	0.3333333333333333
FXYD6-AS1	0.0
FXYD6-FXYD2	0.0
FXYD6P1	0.0
FXYD6P2	0.0
FXYD6P3	0.0
FXYD7	0.0
FYB1	-3.9517526090643984
FYB2	-0.47382125614609194
FYCO1	-1.0197928490263104
FYN	-0.04259515881915821
FYTTD1	1.0732796939235714
FYTTD1P1	-0.6666666666666666
FZD1	0.8080087608353659
FZD10	0.3333333333333333
FZD10-AS1	0.0
FZD2	0.0
FZD3	0.940995006182292
FZD4	-0.04171429429607798
FZD4-DT	-0.332241622655713
FZD5	-0.41226677989961225
FZD6	0.09101260464314542
FZD7	-0.5789885313887352
FZD8	-0.33333333333333337
FZD9	0.5566171327692233
FZR1	0.3432491144646832
G0S2	0.0
G2E3	0.22828890206595887
G2E3-AS1	-1.1949875002403854
G2E3P1	0.3333333333333333
G3BP1	0.36456863313560106
G3BP1P1	-0.19498750024038514
G3BP2	0.03317388910707031
G6PC1	-0.861654166907052
G6PC2	0.3333333333333333
G6PC3	0.35716789353367595
G6PD	2.441268194807546
GAA	-0.10336544484333832
GAB1	-0.04194184003332513
GAB2	0.4674905073993032
GAB3	0.3333333333333333
GAB4	0.0
GABARAP	-0.3899750004807707
GABARAPL1	0.10516727524264358
GABARAPL1-AS1	0.0
GABARAPL2	0.9653981935791371
GABARAPL3	0.0
GABBR1	0.0
GABBR2	0.0
GABPA	0.03541561316869579
GABPAP	0.3333333333333333
GABPB1	-0.22602031196558148
GABPB1-AS1	0.4846456207344634
GABPB1-IT1	0.4574095003234486
GABPB2	0.0
GABRA1	0.0
GABRA2	0.0
GABRA3	0.0
GABRA3-AS1	0.0
GABRA4	0.3333333333333333
GABRA5	0.3333333333333333
GABRA6	0.0
GABRA6-AS1	0.0
GABRB1	0.3333333333333333
GABRB2	0.0
GABRB3	0.6666666666666666
GABRD	0.0
GABRE	1.5824077337507703
GABRG1	0.0
GABRG2	0.0
GABRG3	0.3333333333333333
GABRG3-AS1	0.0
GABRG3-AS2	0.0
GABRP	0.0
GABRQ	0.3333333333333333
GABRR1	0.0
GABRR2	0.0
GABRR3	-2.9837615716556574
GACAT1	0.0
GACAT2	0.33333333333333326
GACAT3	-0.3333333333333333
GAD1	0.19498750024038541
GAD2	0.0
GAD3P	0.0
GADD45A	0.020440482457676268
GADD45B	2.674807157265477
GADD45G	0.3333333333333333
GADD45GIP1	-0.24303916089489608
GADL1	0.0
GAGE1	0.0
GAGE10	0.0
GAGE12B	0.0
GAGE12C	0.0
GAGE12D	0.0
GAGE12E	0.0
GAGE12F	0.0
GAGE12G	0.0
GAGE12H	0.0
GAGE12J	0.0
GAGE13	0.0
GAGE2A	0.0
GAK	0.44350094387538874
GAL	0.0
GAL3ST1	0.9501226036725656
GAL3ST2	0.8812853965915746
GAL3ST2-AS1	0.0
GAL3ST3	0.0
GAL3ST4	0.0
GALC	0.0
GALE	0.09147865818569922
GALK1	-0.37615017493863423
GALK2	0.4821090024937673
GALM	-0.4969445765192466
GALM-AS1	0.9689635318695058
GALNS	1.4133344790594844
GALNT1	0.4267032917791038
GALNT10	1.3217987299729037
GALNT11	0.3190570450868764
GALNT12	-0.3333333333333333
GALNT13	-0.5587300963506712
GALNT13-AS1	-0.5283208335737186
GALNT14	0.0
GALNT15	-0.5283208335737187
GALNT16	-1.1307724742595866
GALNT16-AS1	0.0
GALNT17	0.0
GALNT18	0.3333333333333333
GALNT18-AS1	0.0
GALNT2	0.32033874832828335
GALNT3	0.0
GALNT4	0.0
GALNT5	0.0
GALNT6	-0.9803687703154775
GALNT7	-0.49514227572341407
GALNT7-DT	0.0
GALNT8	0.0
GALNT9	0.0
GALNT9-AS1	0.0
GALNTL5	0.0
GALNTL6	0.0
GALP	0.0
GALR1	0.0
GALR2	0.861654166907052
GALR3	0.0
GALT	1.3698399207078458
GAMT	0.06656771011793161
GAMTP2	0.0
GAN	0.5588453904987913
GANAB	0.4360437922531224
GANC	-0.4929287310428503
GAP43	-0.1383458330929479
GAPDH	0.47191269928299207
GAPDH-AS1	0.0
GAPDH-DT	-0.6666666666666667
GAPDHP1	0.7374462522241756
GAPDHP14	0.0
GAPDHP15	0.0
GAPDHP16	0.0
GAPDHP17	0.0
GAPDHP19	0.0
GAPDHP2	-0.47167916642628127
GAPDHP20	0.0
GAPDHP21	0.0
GAPDHP22	0.0
GAPDHP23	0.0
GAPDHP24	0.0
GAPDHP25	0.0
GAPDHP26	0.0
GAPDHP27	0.0
GAPDHP28	0.0
GAPDHP29	0.0
GAPDHP30	0.0
GAPDHP31	0.0
GAPDHP32	0.0
GAPDHP33	0.0
GAPDHP34	0.0
GAPDHP35	0.0
GAPDHP36	0.0
GAPDHP37	0.0
GAPDHP38	0.0
GAPDHP39	1.0566416671474375
GAPDHP40	2.2516291673878226
GAPDHP41	0.0
GAPDHP42	0.3333333333333333
GAPDHP43	0.47167916642628127
GAPDHP44	0.3333333333333333
GAPDHP45	0.0
GAPDHP46	0.0
GAPDHP47	0.0
GAPDHP48	0.0
GAPDHP49	0.0
GAPDHP50	0.0
GAPDHP51	0.3333333333333333
GAPDHP52	0.0
GAPDHP53	0.0
GAPDHP54	0.0
GAPDHP55	0.0
GAPDHP56	0.0
GAPDHP57	0.0
GAPDHP58	0.0
GAPDHP59	0.0
GAPDHP60	1.1443198024253687
GAPDHP61	1.6356301985361728
GAPDHP62	-0.3333333333333333
GAPDHP63	-1.0
GAPDHP64	0.0
GAPDHP65	0.9864526718342179
GAPDHP66	0.0
GAPDHP67	0.0
GAPDHP68	0.0
GAPDHP69	0.0
GAPDHP70	0.0
GAPDHP71	0.0
GAPDHP72	0.8050124997596145
GAPDHP73	0.0
GAPDHP74	0.0
GAPDHP75	0.0
GAPDHP76	1.1949875002403854
GAPDHP77	0.0
GAPDHS	0.3333333333333333
GAPLINC	0.6666666666666666
GAPT	0.0
GAPVD1	0.630265605701851
GAR1	-1.4107244807096775
GAR1-DT	-0.5283208335737187
GAREM1	1.0196669079157674
GAREM2	1.0566416671474375
GARIN1A	0.5283208335737187
GARIN1B	0.0
GARIN2	-0.3333333333333333
GARIN3	0.0
GARIN3P1	0.0
GARIN4	0.0
GARIN5A	0.0
GARIN5B	0.0
GARIN6	0.0
GARNL3	-0.3777958050925676
GARRE1	1.0724133656903279
GARS1	-0.6634435411995927
GARS1-DT	-0.9668214421496946
GARS1P1	0.0
GART	-0.2755681837100319
GAS1	0.0
GAS1RR	0.0
GAS2	-1.854396404596903
GAS2L1	0.04941698619464763
GAS2L1P1	-0.3333333333333333
GAS2L1P2	0.0
GAS2L2	0.0
GAS2L3	0.6379065052018573
GAS5	-0.048792805831521235
GAS5-AS1	-0.1890135309079648
GAS6	0.3333333333333333
GAS6-AS1	-0.6666666666666666
GAS6-DT	0.0
GAS7	-1.7106189868695978
GAS8-AS1	1.1949875002403854
GASAL1	-0.8165204582044123
GASK1A	0.0
GASK1B	-1.9297610012620758
GASK1B-AS1	-1.5808974017310535
GAST	0.0
GATA1	0.0
GATA2	-0.7497656480183608
GATA2-AS1	-0.17293766522159615
GATA3	0.0
GATA3-AS1	0.0
GATA4	-0.0999435152649788
GATA5	0.0
GATA6	0.0889288468983005
GATA6-AS1	-0.3333333333333333
GATA6-AS2	0.0
GATAD1	0.4141549930879469
GATAD2A	-0.11174897833894093
GATAD2B	0.6061519717636168
GATB	-0.6684022554069022
GATC	0.462580471584757
GATD1	0.6151572751314927
GATD1-DT	0.4898284277670739
GATD3	-0.34324911446468453
GATM	0.7173343644816832
GAU1	0.3333333333333333
GBA1	0.19134380233511195
GBA1LP	1.3001547754830287
GBA2	0.8005219600808013
GBA3	-0.19498750024038541
GBE1	0.46214828913272754
GBF1	1.007061371654551
GBGT1	0.0
GBP1	-1.861654166907052
GBP1P1	-0.3333333333333333
GBP2	-0.35219450945545594
GBP3	0.8616541669070521
GBP4	0.0
GBP5	-0.3333333333333333
GBP6	0.0
GBP7	0.0
GBX1	0.0
GBX2	0.0
GBX2-AS1	0.3333333333333333
GC	0.0
GCA	0.6732921139474097
GCAT	0.8623411307602833
GCATP1	-0.4716791664262814
GCAWKR	0.0
GCC1	0.42068679205641146
GCC2	0.20970135611208462
GCC2-AS1	-0.138345833092948
GCDH	0.5172657249318169
GCFC2	0.09615068588909104
GCG	0.0
GCGR	0.0
GCH1	0.49483456919644464
GCHFR	1.4358095083974154
GCK	-0.3333333333333333
GCKR	-2.680553050545738
GCLC	1.00878518024306
GCLC-AS1	0.07901306576694989
GCLM	1.0517276360248573
GCM1	-1.3022968652028395
GCM1P1	0.0
GCM2	0.0
GCN1	-0.029502794352612938
GCNA	0.0
GCNAP1	0.0
GCNT1	-0.6666666666666666
GCNT1P1	1.3022968652028395
GCNT1P2	0.0
GCNT1P3	-0.33333333333333337
GCNT1P4	0.0
GCNT1P5	0.0
GCNT2	-0.7672919716465287
GCNT2P1	0.0
GCNT3	-1.730745054389133
GCNT4	-0.1383458330929479
GCNT7	0.6296562292037517
GCOM1	0.0
GCSAM	0.33333333333333326
GCSAML	0.0
GCSH	-0.03682551212052321
GCSHP1	0.0
GCSHP2	0.0
GCSHP3	0.0
GCSHP4	0.0
GCSHP5	-0.3333333333333333
GCSHP6	0.0
GCSIR	0.0
GDA	-0.05664166714743746
GDAP1	0.7735479675702335
GDAP1L1	1.3022968652028393
GDAP2	0.5138553652717501
GDE1	0.682510159633865
GDF1	0.0
GDF10	0.0
GDF11	0.2661220462767835
GDF15	-0.06505992171080166
GDF2	0.0
GDF3	0.0
GDF5	0.8050124997596145
GDF5-AS1	0.0
GDF6	0.3333333333333333
GDF7	-1.931071638443945
GDF9	1.1949875002403854
GDI1	1.0455221348319608
GDI2	-0.2544225401643203
GDI2P1	0.0
GDI2P2	0.0
GDNF	0.19498750024038536
GDPD1	-0.028576624675295204
GDPD2	0.0
GDPD3	-2.107309364962454
GDPD4	0.6666666666666666
GDPD5	0.5258931179215836
GDPGP1	-0.15797706277747103
GEM	0.0
GEMIN2	0.631996860762059
GEMIN2P1	0.0
GEMIN2P2	0.0
GEMIN4	-0.679792014863942
GEMIN5	-0.16567575815544444
GEMIN6	0.30336581329629375
GEMIN7	0.20220589859485738
GEMIN7-AS1	0.5849625007211559
GEMIN7P1	0.0
GEMIN8	-0.8621682218431879
GEMIN8P1	0.0
GEMIN8P2	0.0
GEMIN8P3	0.0
GEMIN8P4	1.7233083338141042
GEN1	0.5493505153624803
GET1	0.6806400850419658
GET1-SH3BGR	0.0
GET1P1	0.0
GET3	0.4511921670034482
GET4	0.7963474302486331
GET4-AS1	0.5701644609350045
GFAP	-0.19498750024038541
GFER	-0.24812932018152267
GFI1	-0.42675891802597743
GFI1B	0.3333333333333333
GFM1	0.32763508211501957
GFM2	0.04934534525994483
GFOD1	-0.1650692826542759
GFOD1-AS1	0.0
GFOD2	0.5150451960024727
GFOD3P	0.7257833469237651
GFPT1	-0.5573919553074553
GFPT2	1.0566416671474375
GFRA1	0.0
GFRA2	0.5283208335737187
GFRA3	-0.6666666666666666
GFRA4	-0.5283208335737187
GFRAL	0.0
GFUS	0.4265571159293229
GFY	0.0
GGA1	0.4475221615688474
GGA2	0.6243905923746098
GGA3	0.49570008241181185
GGACT	1.5283208335737188
GGCT	-0.18021920337083852
GGCTP1	1.3333333333333335
GGCTP2	0.0
GGCTP3	0.0
GGCX	0.2275956156342076
GGH	0.3481770306980607
GGN	-0.3333333333333333
GGNBP1	0.5283208335737187
GGNBP2	0.29162314262413247
GGPS1	-0.1733704521237298
GGT1	-2.1482616142242987
GGT2P	0.0
GGT3P	0.0
GGT4P	-0.3333333333333333
GGT5	0.0
GGT6	-1.9689635318695062
GGT7	1.1392389084776777
GGT8P	0.0
GGTA1	0.0
GGTA2P	0.0
GGTLC1	0.0
GGTLC2	0.0
GGTLC3	0.0
GGTLC4P	0.0
GGTLC5P	0.0
GH1	0.0
GH2	0.0
GHDC	-0.39271516941576046
GHET1	1.3022968652028393
GHITM	0.0695482988460796
GHR	0.0
GHRH	0.0
GHRHR	0.3333333333333333
GHRL	0.19498750024038536
GHRLOS	0.6666666666666666
GHSR	0.0
GID4	0.24176126303952294
GID8	0.3721919056475791
GIGYF1	0.3774612288195405
GIGYF2	0.21077483683532172
GIHCG	-0.35679644263046595
GIMAP1	0.0
GIMAP1-GIMAP5	0.0
GIMAP2	-2.3899750004807707
GIMAP3P	0.0
GIMAP4	0.0
GIMAP5	0.0
GIMAP6	0.0
GIMAP7	0.0
GIMAP8	0.0
GIMD1	0.0
GIN1	-0.29286879735593274
GINM1	0.5213672728739427
GINS1	-0.33044110554724604
GINS2	-0.20472125443475253
GINS3	-0.1541594980653871
GINS4	0.4956055464307969
GIP	0.7974391409262533
GIPC1	0.5725282158389442
GIPC2	-0.19599533581717932
GIPC3	0.3333333333333333
GIPR	0.6666666666666667
GIRGL	0.1383458330929479
GIT1	1.1072173248078174
GIT2	0.7483992402293378
GJA1	0.0
GJA10	0.0
GJA1P1	-0.6666666666666667
GJA3	0.861654166907052
GJA4	0.0
GJA5	0.3333333333333333
GJA6P	0.0
GJA8	0.0
GJA9	0.3333333333333333
GJB1	-1.3059939989795133
GJB2	-0.3333333333333333
GJB3	0.0
GJB4	0.0
GJB5	0.0
GJB6	0.0
GJB7	0.6666666666666666
GJC1	0.11515168260985398
GJC2	-0.49131039611080385
GJC3	-0.3333333333333333
GJD2	0.0
GJD2-DT	0.0
GJD3	0.0
GJD3-AS1	-0.9357849740192011
GJD4	0.0
GJD4-AS1	0.0
GJE1	0.0
GK	-1.2321421295913835
GK-AS1	-0.7974391409262533
GK-IT1	0.0
GK2	0.0
GK3	-0.3333333333333333
GK4P	-0.861654166907052
GK5	0.022189205646329313
GK6P	-1.1073093649624541
GKAP1	1.056641667147439
GKN1	0.0
GKN2	0.0
GKN3P	0.0
GLA	0.5767062176274109
GLB1	0.29502305150044705
GLB1L	0.39038839201913333
GLB1L2	-1.3407892710094846
GLB1L3	0.5283208335737187
GLCCI1	1.7618007396207496
GLCCI1-DT	0.6666666666666666
GLCE	1.5037034050035842
GLDC	0.5219112742465546
GLDCP1	0.3333333333333333
GLDN	-1.3899750004807707
GLE1	0.4556400767800719
GLG1	0.4258962892629645
GLI1	-0.6666666666666666
GLI2	0.0
GLI3	0.3333333333333333
GLI4	0.7161306132975569
GLIDR	0.3333333333333333
GLIPR1	-1.3187913856879443
GLIPR1-AS1	-0.5283208335737187
GLIPR1L1	0.0
GLIPR1L2	0.0
GLIPR2	-0.3333333333333333
GLIS1	0.3333333333333333
GLIS2	0.4210114686112647
GLIS2-AS1	-0.138345833092948
GLIS3	0.3333333333333333
GLIS3-AS1	0.0
GLIS3-AS2	0.0
GLMN	0.4012146922972173
GLMP	0.6136658131235286
GLO1	0.44975818661649036
GLOD4	0.15441023902080353
GLOD5	-0.6666666666666666
GLP1R	0.3333333333333333
GLP2R	0.19498750024038541
GLRA1	0.0
GLRA2	-0.861654166907052
GLRA3	0.0
GLRA4	0.0
GLRB	0.24565519805540215
GLRX	-0.4431455437901084
GLRX2	-0.0676698782538585
GLRX3	-0.13774559858623014
GLRX3P1	0.0
GLRX3P2	-0.3333333333333333
GLRX5	0.06981778854298426
GLRX5P1	0.3333333333333333
GLRX5P2	0.0
GLRX5P3	-0.47167916642628127
GLRXP1	0.0
GLRXP2	0.0
GLRXP3	0.0
GLS	0.4001876003781586
GLS2	0.33333333333333337
GLT1D1	0.0
GLT6D1	0.0
GLT8D1	-0.595004910807134
GLT8D2	0.7739760316291205
GLTC1	0.44064269829578717
GLTP	0.4210546507912394
GLTPD2	0.845663658141774
GLTPP1	0.0
GLUD1	-1.124514542521215
GLUD1P2	-0.33333333333333337
GLUD1P3	-0.040952249261844376
GLUD1P4	0.0
GLUD1P9	0.0
GLUD2	-1.0210032658419337
GLUL	0.4860702356510984
GLULP1	0.0
GLULP3	0.0
GLULP4	0.19498750024038541
GLULP5	0.0
GLULP6	0.0
GLYAT	0.0
GLYATL1	1.1949875002403854
GLYATL1-AS1	0.0
GLYATL1B	0.0
GLYATL1P1	0.0
GLYATL1P2	0.0
GLYATL1P4	0.0
GLYATL2	0.0
GLYATL3	0.0
GLYCAM1	0.0
GLYCTK	-0.8563604174585517
GLYCTK-AS1	-0.33333333333333326
GLYR1	0.2850794679877673
GLYR1P1	-0.03103646813049421
GM2A	0.2611831942252403
GM2AP1	0.0
GM2AP2	0.0
GMCL1	0.18325696744929232
GMCL1P2	0.0
GMCL2	0.0
GMDS	-0.8099983780094
GMDS-DT	0.37992960450679103
GMEB1	-0.9492085984294545
GMEB2	0.5291736259127902
GMFB	0.21327257906926533
GMFBP1	0.0
GMFG	0.0
GMIP	1.0680469055934085
GML	0.0
GMNC	0.0
GMNN	0.08603674948991902
GMPPA	-0.2986623927289873
GMPPB	0.5316941801472002
GMPR	-0.3333333333333333
GMPR2	-0.12205428031950483
GMPS	-0.5724846371258199
GMPSP1	0.19498750024038541
GNA11	0.5768535740665994
GNA12	0.21417598141823646
GNA13	0.24370517650613266
GNA13P1	0.0
GNA14	-0.6666666666666666
GNA14-AS1	0.3333333333333333
GNA15	0.0
GNA15-DT	0.0
GNAI1	0.2829780086030018
GNAI2	0.9139341253699262
GNAI2P1	0.0
GNAI2P2	0.0
GNAI3	0.5253162071842628
GNAL	-0.4716791664262814
GNAO1	0.0
GNAO1-DT	0.0
GNAQ	-0.14855109059444604
GNAQP1	0.19498750024038536
GNAS	0.3145507812148658
GNAS-AS1	0.0
GNAT1	-1.9689635318695062
GNAT2	0.0
GNAT3	0.0
GNAZ	0.23215943667004701
GNB1	0.03284570137199694
GNB1-DT	-0.3333333333333335
GNB1L	-0.1436596810492885
GNB2	1.0622188993584265
GNB3	-0.5789885313887353
GNB4	-0.12085669312823644
GNB5	1.0940477429271658
GNE	0.09411473086966016
GNG10	0.0
GNG10P1	0.0
GNG11	0.0
GNG12	-0.3333333333333333
GNG12-AS1	0.0
GNG13	0.0
GNG14	0.0
GNG2	0.0
GNG3	-0.6666666666666667
GNG4	-0.9456067736433571
GNG5	0.6592107289905154
GNG5B	0.0
GNG5P1	0.0
GNG5P3	0.6666666666666666
GNG5P5	0.0
GNG7	1.7739760316291207
GNG8	0.0
GNGT1	0.0
GNGT2	0.0
GNL1	0.42354098223637493
GNL2	0.10440362592875108
GNL2P1	0.0
GNL3	0.037575069620880086
GNL3L	-0.22713462658211903
GNL3LP1	0.0
GNLY	0.0
GNMT	0.4913103961108043
GNPAT	-0.38099078287337296
GNPATP	0.0
GNPDA1	-1.1236532691182388
GNPDA2	0.08563804771304273
GNPNAT1	-0.20981189961499602
GNPNAT1P2	0.0
GNPNAT1P3	0.3333333333333333
GNPTAB	0.7983649583782908
GNPTG	0.679097379122493
GNRH1	0.0
GNRH2	0.6159989688516501
GNRHR	-0.4716791664262814
GNRHR2	1.1639510321098914
GNRHR2P1	0.0
GNS	0.43565176941127426
GOLGA1	0.4240919540860508
GOLGA2	0.23520047441895642
GOLGA2P1	0.0
GOLGA2P10	1.4021502924891425
GOLGA2P11	0.0
GOLGA2P2Y	0.0
GOLGA2P3Y	0.0
GOLGA2P4	0.0
GOLGA2P5	-0.3806730016241424
GOLGA2P6	0.0
GOLGA2P7	0.6666666666666666
GOLGA2P8	0.5283208335737187
GOLGA2P9	0.3333333333333333
GOLGA3	-0.2562490171516858
GOLGA4	-0.22976638684529682
GOLGA4-AS1	-0.2743740793053071
GOLGA5	-0.0771723526501944
GOLGA5P1	0.0
GOLGA6A	0.0
GOLGA6B	0.0
GOLGA6C	0.0
GOLGA6D	0.0
GOLGA6EP	-0.3333333333333333
GOLGA6FP	-0.6666666666666666
GOLGA6GP	0.0
GOLGA6L1	0.0
GOLGA6L10	0.19498750024038536
GOLGA6L11P	0.0
GOLGA6L16P	0.0
GOLGA6L17P	0.0
GOLGA6L2	0.0
GOLGA6L22	0.0
GOLGA6L23P	0.0
GOLGA6L24	0.0
GOLGA6L25	0.0
GOLGA6L26	0.0
GOLGA6L3P	-0.3333333333333333
GOLGA6L4	0.0
GOLGA6L6	0.0
GOLGA6L7	-0.3333333333333333
GOLGA6L9	0.8812853965915748
GOLGA6L9-AS1	0.0
GOLGA7	0.34868968788712706
GOLGA7B	0.0
GOLGA7B-DT	0.0
GOLGA8A	1.4791351041024332
GOLGA8B	0.5342215008182052
GOLGA8CP	0.0
GOLGA8DP	0.0
GOLGA8EP	0.0
GOLGA8F	0.0
GOLGA8G	0.0
GOLGA8H	-0.19498750024038541
GOLGA8IP	0.0
GOLGA8J	-0.3333333333333333
GOLGA8K	0.0
GOLGA8M	0.0
GOLGA8N	0.5283208335737187
GOLGA8O	0.0
GOLGA8Q	0.0
GOLGA8R	-0.3333333333333333
GOLGA8S	0.0
GOLGA8T	0.0
GOLGA8UP	1.1949875002403854
GOLGA8VP	0.0
GOLGB1	-0.3083224607036916
GOLIM4	-0.6483010281132424
GOLM1	0.2914897059720474
GOLM2	1.063108938283439
GOLM2P1	-0.6666666666666666
GOLPH3	0.10523277734946213
GOLPH3-DT	-0.7631688723983281
GOLPH3L	0.08001167281582333
GOLT1A	-0.7290447638248452
GOLT1B	-0.10093378443075185
GON4L	-0.1850717191090343
GON7	-0.07435112476436512
GOPC	0.5281308085399496
GORAB	0.01479803978615113
GORAB-AS1	0.5283208335737186
GORASP1	0.4491543956648334
GORASP2	-0.03537999866378705
GOSR1	-0.5055802970856922
GOSR2	0.6372727738100181
GOT1	0.08774037416648461
GOT1-DT	0.41234639910028337
GOT1L1	0.0
GOT2	-0.09583022007472763
GOT2P1	0.0
GOT2P2	0.0
GOT2P3	0.3333333333333333
GOT2P5	0.0
GOT2P6	0.0
GOT2P7	0.0
GP1BA	-0.5593573017042126
GP1BB	0.0
GP2	-0.3333333333333333
GP5	0.0
GP6	0.0
GP6-AS1	-0.19498750024038536
GP9	0.0
GPA33	0.0
GPA33-AS1	0.0
GPAA1	1.0760529395446126
GPAA1P1	0.0
GPAA1P2	0.0
GPALPP1	0.48585405609061283
GPAM	-2.3737591609359754
GPANK1	-0.13872498818831325
GPAT2	0.0
GPAT2P2	-0.3333333333333333
GPAT3	-0.18507171910903475
GPAT4	0.8110152849170325
GPAT4-AS1	0.0
GPATCH1	-0.2711358640599535
GPATCH11	0.8705567757397139
GPATCH11P1	0.0
GPATCH2	0.32281591409318544
GPATCH2L	0.4438728767217244
GPATCH3	-0.5336346815300588
GPATCH4	-0.8333772487144886
GPATCH8	0.12287236523409462
GPBAR1	0.0
GPBP1	0.24910247038668842
GPBP1L1	0.09820871378507867
GPC1	-0.003711878165283622
GPC1-AS1	-0.9689635318695062
GPC2	-0.33333333333333326
GPC3	0.13685414370595694
GPC3-AS1	0.19498750024038536
GPC4	0.0
GPC5	1.861654166907052
GPC5-AS1	0.0
GPC5-AS2	0.0
GPC5-IT1	0.0
GPC6	-0.14368427662221706
GPC6-AS1	0.44064269829578717
GPC6-AS2	0.6666666666666667
GPCPD1	1.2804142021471039
GPCPD1P1	-0.3333333333333333
GPD1	-3.436754402298758
GPD1L	-0.2916306641745665
GPD2	0.3333333333333333
GPER1	-0.24323852656000167
GPHA2	-3.053920581101558
GPHB5	0.0
GPHN	0.21156929859679874
GPHRB	0.5108900869485202
GPI	-0.4470134603286988
GPIHBP1	0.0
GPKOW	0.2303976089486932
GPLD1	0.3404729945449687
GPM6A	0.0
GPM6A-AS1	0.0
GPM6B	0.6552614282206957
GPM6BP1	0.0
GPM6BP2	0.0
GPM6BP3	0.0
GPN1	-0.7302863568014235
GPN2	0.7264207525249056
GPN2-AS1	0.0
GPN3	0.4478867321421003
GPN3P1	0.0
GPNMB	-2.065465737601168
GPR101	0.0
GPR107	-0.3645358258427729
GPR108	0.22636988509223688
GPR119	-0.4716791664262814
GPR12	0.0
GPR132	-0.5283208335737187
GPR135	-0.6862978963511892
GPR137	-0.33614561238287965
GPR137B	0.05664166714743746
GPR137C	0.9864526718342179
GPR139	0.0
GPR141	0.0
GPR141BP	0.0
GPR142	0.3333333333333333
GPR143	1.5283208335737186
GPR143YP	0.0
GPR146	-0.723308333814104
GPR148	0.0
GPR149	0.0
GPR15	0.0
GPR150	0.3333333333333333
GPR151	0.33333333333333304
GPR152	0.0
GPR153	0.9074886748236968
GPR155	0.3751769606946196
GPR155-DT	0.3333333333333333
GPR156	-0.19498750024038541
GPR157	0.19279734812145755
GPR158	0.0
GPR158-AS1	0.0
GPR15LG	0.0
GPR160	-0.08033603316793148
GPR160P1	0.0
GPR160P2	0.0
GPR161	0.3899750004807707
GPR162	0.19498750024038536
GPR166P	0.0
GPR17	0.0
GPR171	-0.6666666666666666
GPR173	0.0
GPR174	0.0
GPR176	0.5283208335737187
GPR176-DT	-0.3333333333333333
GPR179	-0.22219208875826912
GPR18	1.3022968652028393
GPR180	0.6666666666666666
GPR183	0.6356301985361725
GPR19	-1.968963531869506
GPR199P	-0.3333333333333333
GPR20	0.0
GPR21	0.0
GPR22	0.7407974737788161
GPR25	0.0
GPR26	0.0
GPR27	0.0
GPR3	0.1828122082320145
GPR31	0.0
GPR32	0.0
GPR32P1	0.0
GPR33	0.0
GPR34	1.0566416671474375
GPR35	-0.4758719984732904
GPR37	0.0
GPR37L1	-0.19498750024038541
GPR39	0.0
GPR4	0.0
GPR42	0.0
GPR45	0.0
GPR50	0.0
GPR50-AS1	0.0
GPR52	1.0
GPR53P	0.0
GPR55	0.0
GPR55-AS1	0.0
GPR6	0.0
GPR61	0.4210114686112649
GPR62	0.861654166907052
GPR63	0.3333333333333333
GPR65	0.0
GPR68	0.3333333333333333
GPR75	0.07018899531321932
GPR78	-0.3333333333333333
GPR79P	0.0
GPR82	0.9689635318695062
GPR83	-0.3333333333333333
GPR84	0.3333333333333333
GPR84-AS1	0.0
GPR85	0.0
GPR87	0.0
GPR88	0.0
GPR89P	0.0
GPRACR	-0.6666666666666666
GPRASP1	0.33333333333333337
GPRASP2	1.5283208335737188
GPRASP3	0.0
GPRASP3P1	0.0
GPRC5A	-0.861654166907052
GPRC5B	0.0
GPRC5C	-0.8367334337278223
GPRC5D	-0.5789885313887352
GPRC5D-AS1	0.13023605663903526
GPRC6A	0.0
GPRIN1	1.4551009286083856
GPRIN2	0.0
GPRIN3	0.0
GPS1	0.15569415336756798
GPS2	0.38400103114834994
GPS2P1	0.0
GPS2P2	0.3333333333333333
GPSM1	0.6666666666666665
GPSM2	0.7390009277675018
GPSM3	-0.9668214421496952
GPT	-0.26096729277768826
GPT2	-1.2844590770319142
GPX1	1.0866558578988545
GPX1P1	1.0630284924743734
GPX1P2	0.3333333333333333
GPX2	0.1983527693377578
GPX3	0.4645258906888241
GPX4	0.7672027624783357
GPX5	0.0
GPX6	0.0
GPX7	-1.1683973121784827
GPX8	-0.8616541669070517
GRAMD1A	-0.37908143421588303
GRAMD1A-AS1	0.0
GRAMD1B	-2.7307642714902554
GRAMD1C	0.3333333333333333
GRAMD2A	0.3333333333333333
GRAMD2B	-0.13966880049393016
GRAMD4	0.14663345395149996
GRAMD4P1	0.0
GRAMD4P2	0.0
GRAMD4P3	0.0
GRAMD4P4	0.0
GRAMD4P5	0.0
GRAMD4P6	0.0
GRAMD4P7	0.0
GRAMD4P8	0.0
GRAP	-0.5283208335737187
GRAP2	0.0
GRAPL	0.0
GRAPL-AS1	0.0
GRASLND	0.0
GRB10	-0.26338187734179286
GRB14	0.026313210418442257
GRB2	0.4384477171660137
GRB7	0.13429435711301174
GREB1	-2.0897968453536
GREB1L	0.3098702240361999
GREB1L-AS1	0.0
GREB1L-DT	0.0
GREM1	-0.5283208335737187
GREM1-AS1	0.0
GREM2	0.0
GREP1	-0.33333333333333337
GRHL1	0.7732617376293041
GRHL2	0.0
GRHL2-DT	0.0
GRHL3	0.0
GRHL3-AS1	0.0
GRHPR	-0.2242605192556617
GRIA1	0.3333333333333333
GRIA2	0.0
GRIA3	0.0
GRIA4	0.0
GRID1	0.0
GRID1-AS1	0.0
GRID1-AS2	0.0
GRID2	0.5283208335737187
GRID2IP	0.5283208335737187
GRIFIN	0.0
GRIK1	-1.2516291673878226
GRIK1-AS1	0.0
GRIK1-AS3	0.0
GRIK2	-0.5283208335737187
GRIK3	0.0
GRIK4	0.0
GRIK5	0.0
GRIN1	-0.6666666666666667
GRIN2A	0.0
GRIN2B	-1.5283208335737186
GRIN2C	0.6666666666666667
GRIN2D	-1.209785540026536
GRIN3A	1.107309364962454
GRIN3B	0.3333333333333333
GRINA	0.4554650010016257
GRIP1	-0.3333333333333333
GRIP2	-0.5593573017042125
GRIPAP1	0.2642360486977333
GRK1	0.0
GRK2	-0.3816874628332805
GRK3	-0.735254468373701
GRK3-AS1	-0.3333333333333333
GRK4	1.3451730602265863
GRK5	0.19382599198256756
GRK5-AS1	0.8616541669070521
GRK5-IT1	0.33333333333333337
GRK6	0.4981705522394888
GRK6P1	0.861654166907052
GRK7	0.0
GRM1	0.5283208335737187
GRM2	0.0
GRM3	0.0
GRM3-AS1	0.0
GRM4	0.0
GRM5	-0.3333333333333333
GRM5-AS1	0.0
GRM5P1	0.0
GRM6	0.0
GRM7	0.0
GRM7-AS1	0.0
GRM7-AS2	0.0
GRM7-AS3	0.3333333333333333
GRM8	-0.5283208335737187
GRM8-AS1	0.0
GRN	0.6413262680097578
GRP	0.0
GRPEL1	-0.2682996067042387
GRPEL1P1	-0.19498750024038541
GRPEL1P3	0.0
GRPEL2	-0.6342637786770267
GRPEL2-AS1	1.0
GRPEL2P1	0.0
GRPEL2P2	0.0
GRPEL2P3	0.0
GRPR	0.3333333333333333
GRSF1	-0.04222205952585334
GRTP1	-0.9900532947234666
GRTP1-AS1	-1.3899750004807707
GRWD1	0.1155319677366684
GRXCR1	0.0
GRXCR2	0.0
GS1-204I12.4	0.0
GS1-24F4.2	0.0
GS1-278J22.2	0.0
GS1-600G8.3	0.0
GSAP	-2.109496713573359
GSC	-0.3333333333333333
GSC-DT	0.0
GSC2	0.0
GSCAR	0.0
GSDMA	0.0
GSDMB	1.0184274785003962
GSDMC	0.5283208335737187
GSDMD	0.42605838161300014
GSDME	0.17466121756507302
GSE1	-0.6859345732229967
GSE1-AS1	0.19498750024038541
GSEC	0.5323117141290776
GSG1	0.0
GSG1L	0.0
GSG1L2	0.0
GSK3A	0.09879766759340924
GSK3B	0.9213586430727858
GSK3B-DT	-0.4694196555492609
GSKIP	0.4981372502479626
GSN	-0.7850318061063399
GSN-AS1	1.4406426982957872
GSPT1	-0.032208654084435295
GSPT2	0.0
GSR	0.33643932357126616
GSS	0.5819181458766112
GSTA1	-2.325759974499972
GSTA10P	0.0
GSTA11P	0.0
GSTA12P	0.0
GSTA2	-1.0566416671474375
GSTA3	0.0
GSTA4	0.2686430526164223
GSTA5	0.0
GSTA6P	-0.5283208335737187
GSTA7P	0.0
GSTA8P	-0.3333333333333333
GSTA9P	0.0
GSTCD	0.1702462114303236
GSTCD-AS1	-0.19498750024038536
GSTK1	0.7425907649214532
GSTM1	-0.3333333333333333
GSTM2	0.8616541669070521
GSTM2P1	0.0
GSTM3	0.8622756165050092
GSTM3P1	0.0
GSTM3P2	0.3333333333333333
GSTM4	-0.43818085525910444
GSTM5	0.3333333333333333
GSTM5P1	0.0
GSTO1	-0.8156013367698502
GSTO2	-1.0889288468983007
GSTO3P	0.0
GSTP1	0.0
GSTP1P1	0.0
GSTT2	0.3333333333333333
GSTT2B	0.861654166907052
GSTT3P	0.3333333333333333
GSTT4	0.0
GSTZ1	0.24971833439137336
GSX1	0.0
GSX2	0.0
GTF2A1	0.48417423830243234
GTF2A1-AS1	0.17063301284381138
GTF2A1L	0.0
GTF2A2	0.6095523003342151
GTF2A2P1	0.0
GTF2B	0.5929131827178242
GTF2E1	0.5475848250983848
GTF2E2	0.3370211631714115
GTF2F1	-0.42343640238280944
GTF2F2	0.22602396837087912
GTF2F2P1	0.0
GTF2F2P2	0.0
GTF2H1	-0.05553488105023341
GTF2H2	0.23304450688015566
GTF2H2B	0.24565519805540204
GTF2H2C	0.190759080363347
GTF2H3	0.404486631034052
GTF2H4	0.0
GTF2H5	0.45106708825005537
GTF2I	-0.7899832032501015
GTF2I-AS1	-0.2516291673878226
GTF2IP1	-0.4641058075929201
GTF2IP11	0.0
GTF2IP12	1.2880128803528228
GTF2IP13	0.35933417066709117
GTF2IP14	0.138345833092948
GTF2IP15	0.0
GTF2IP2	0.0
GTF2IP20	0.5086896038891955
GTF2IP22	0.0
GTF2IP23	0.5283208335737187
GTF2IP3	0.0
GTF2IP4	0.4486967151871175
GTF2IP5	0.3333333333333333
GTF2IP6	0.0
GTF2IP7	-0.8320913946239674
GTF2IP8	0.0
GTF2IP9	0.6666666666666667
GTF2IRD1	-0.05279618430336619
GTF2IRD1P1	-0.3333333333333333
GTF2IRD2	-0.33333333333333326
GTF2IRD2B	0.02346310929713269
GTF2IRD2P1	0.0
GTF3A	-0.8958315828281336
GTF3AP1	0.0
GTF3AP2	0.861654166907052
GTF3AP5	0.0
GTF3AP6	0.0
GTF3C1	0.29539532025679005
GTF3C2	0.18089629442956312
GTF3C2-AS1	-0.13834583309294812
GTF3C2-AS2	-0.1801407858552153
GTF3C3	0.1852014403741169
GTF3C4	0.14680846170556627
GTF3C5	0.32444980307689697
GTF3C6	-2.802599616740658
GTF3C6P1	0.0
GTF3C6P2	0.0
GTF3C6P3	-0.1383458330929479
GTPBP1	0.0036892237137973183
GTPBP10	-0.2176352970840254
GTPBP2	0.42958172257600946
GTPBP3	-0.16028983397408147
GTPBP4	-0.25417048522588903
GTPBP6	0.0
GTPBP8	0.8585107903706684
GTSCR1	0.0
GTSE1	0.24216008650545984
GTSE1-DT	-0.33333333333333304
GTSF1	1.1949875002403854
GTSF1L	0.0
GUCA1A	0.0
GUCA1B	-0.3333333333333333
GUCA1C	0.3333333333333333
GUCA2A	0.3333333333333333
GUCA2B	0.0
GUCD1	0.13134356422715499
GUCY1A1	0.0
GUCY1A2	0.0
GUCY1B1	0.0
GUCY1B2	0.0
GUCY2C	0.0
GUCY2C-AS1	0.0
GUCY2D	0.5283208335737187
GUCY2EP	0.0
GUCY2F	-0.3333333333333333
GUCY2GP	0.0
GUF1	-0.4290091110441745
GUK1	0.5333884418614669
GULOP	0.0
GULP1	-0.6666666666666666
GUSB	0.7583594987182716
GUSBP1	0.4243394981354722
GUSBP10	0.0
GUSBP11	1.0537464245253632
GUSBP12	0.0
GUSBP13	0.0
GUSBP14	0.33333333333333326
GUSBP15	0.0
GUSBP16	0.0
GUSBP17	0.0
GUSBP18	-0.22247488697104378
GUSBP19	0.5283208335737187
GUSBP2	1.0566416671474372
GUSBP3	0.0
GUSBP4	0.0
GUSBP5	-0.4716791664262814
GUSBP6	0.0
GUSBP7	0.3333333333333333
GUSBP8	0.0
GUSBP9	1.1949875002403854
GVINP1	0.0
GVINP2	0.0
GVQW3	1.290549532951255
GXYLT1	0.6520953439080239
GXYLT1P1	0.0
GXYLT1P2	0.0
GXYLT1P3	0.0
GXYLT1P4	0.0
GXYLT1P5	0.4406426982957875
GXYLT1P6	0.0
GXYLT1P7	0.0
GXYLT2	1.2685818897319834
GYG1	0.3025395188369373
GYG1P1	-0.5283208335737187
GYG1P2	0.0
GYG1P3	0.0
GYG2	-0.7120317494994772
GYG2-AS1	0.0
GYG2P1	-1.2779423778062653
GYG2P2	-0.6666666666666666
GYPA	0.0
GYPB	0.0
GYPC	0.0
GYPE	0.0
GYS1	0.4203239280605544
GYS2	0.0
GZF1	0.7963844192282181
GZMA	0.0
GZMB	0.0
GZMH	0.0
GZMH-AS1	0.0
GZMK	0.0
GZMM	0.0
GZMOP	0.0
H1-0	1.3614405471116768
H1-1	-0.3333333333333333
H1-10	1.1596947201336434
H1-10-AS1	-1.1949875002403854
H1-12P	0.0
H1-2	-0.3895407615811326
H1-3	0.5331540234720911
H1-4	-0.06432340615881138
H1-5	0.3305332165929613
H1-6	0.6666666666666667
H1-7	0.0
H1-8	0.0
H1-8P1	0.0
H1-8P2	0.0
H1-9P	-1.0937620367966723
H19	0.0
H2AB1	0.0
H2AB2	0.0
H2AB3	0.0
H2AC1	0.0
H2AC10P	0.0
H2AC11	0.25687972262098313
H2AC12	0.032598655636583374
H2AC13	0.00037113220746931574
H2AC14	-0.3203026912922855
H2AC15	0.0
H2AC16	0.19713231961526745
H2AC17	0.0
H2AC20	0.0481479469867061
H2AC21	-0.2348970892479283
H2AC25	0.0
H2AC2P	0.0
H2AC3P	0.0
H2AC4	-1.1086133095199528
H2AC5P	0.5999917972306688
H2AC6	0.4249706175253074
H2AC7	0.861654166907052
H2AC8	0.1459115985563919
H2AC9P	0.0
H2ACP1	0.0
H2ACP2	0.0
H2AJ	1.3918795508789024
H2AL1MP	0.0
H2AL1Q	0.0
H2AL3	0.0
H2AP	0.0
H2AQ1P	0.0
H2AX	1.1498973778726445
H2AZ1	0.030854579235369606
H2AZ1-DT	0.6666666666666666
H2AZ2	0.6936790721773054
H2AZ2-DT	0.33333333333333326
H2AZ2P1	0.0
H2AZP1	0.5283208335737187
H2AZP2	0.0
H2AZP3	-0.3333333333333333
H2AZP4	-0.861654166907052
H2AZP5	0.0
H2AZP6	0.0
H2AZP7	0.0
H2BC1	-0.3333333333333333
H2BC10	-1.1307724742595866
H2BC11	-0.4965363346090337
H2BC12	-0.017422931930189733
H2BC12L	0.0
H2BC13	0.11896903173500561
H2BC14	-0.8317069367211953
H2BC15	0.07715525228385367
H2BC16P	0.0
H2BC17	-0.08932867936606925
H2BC18	0.5288019725302746
H2BC19P	1.4875689168900526
H2BC20P	1.199589433415396
H2BC21	0.2764287668559229
H2BC26	0.0
H2BC27P	0.0
H2BC2P	0.0
H2BC3	-0.5878973226322541
H2BC4	0.32376938447018055
H2BC5	0.19522268711239832
H2BC6	2.2380818392220405
H2BC6-AS1	2.69227186568361
H2BC7	-0.206394752393801
H2BC8	0.1434808162320298
H2BC9	1.3333333333333333
H2BK1	0.0
H2BL1P	0.0
H2BP1	0.3333333333333333
H2BP2	0.0
H2BP3	0.0
H2BP5	0.0
H2BP6	0.5283208335737186
H2BP7	0.0
H2BP8	0.0
H2BP9	0.0
H2BW1	0.0
H2BW2	0.0
H2BW3P	0.0
H3-3A	0.7081942943319666
H3-3A-DT	-0.3899750004807707
H3-3B	1.1341929853472745
H3-4	0.0
H3-5	-0.4406426982957875
H3-7	0.0
H3C1	-0.3333333333333333
H3C10	0.04362443362201951
H3C11	0.0
H3C12	0.6208321587500216
H3C13	-0.04813621415303082
H3C14	0.6666666666666667
H3C15	0.3333333333333333
H3C4	0.0
H3C5P	0.0
H3C6	-0.8486154568182576
H3C7	0.30646051326390467
H3C8	0.0
H3C9P	0.0
H3P1	0.0
H3P10	0.0
H3P11	0.0
H3P12	0.0
H3P13	0.0
H3P14	0.3333333333333333
H3P15	0.0
H3P16	0.8050124997596145
H3P17	0.0
H3P18	0.0
H3P19	0.0
H3P2	0.3333333333333333
H3P20	0.0
H3P21	0.0
H3P22	0.0
H3P23	0.0
H3P24	0.0
H3P25	0.7739760316291209
H3P26	0.3333333333333333
H3P27	0.0
H3P28	0.0
H3P29	0.0
H3P3	0.3333333333333333
H3P30	0.0
H3P31	1.0
H3P32	0.0
H3P33	-0.138345833092948
H3P34	0.0
H3P35	0.0
H3P36	0.0
H3P37	1.1949875002403854
H3P38	-0.10730936496245413
H3P39	0.0
H3P4	0.0
H3P40	0.0
H3P41	0.0
H3P42	0.3333333333333333
H3P43	0.0
H3P44	0.3333333333333333
H3P45	0.0
H3P46	0.0
H3P47	0.6666666666666666
H3P5	0.0
H3P6	0.43041043255481615
H3P7	0.0
H3P8	0.0
H3P9	0.0
H3Y1	0.0
H3Y2	0.0
H4C1	0.0012314945192466453
H4C10P	0.35679644263046595
H4C11	0.723308333814104
H4C12	0.8704782373607829
H4C13	0.0
H4C14	1.0975939164092818
H4C15	-0.6666666666666667
H4C16	0.5365543328106241
H4C2	-0.28092095865375555
H4C3	0.23353496092722636
H4C4	0.152253609325518
H4C5	-0.2512891039608629
H4C6	0.0
H4C7	0.0
H4C8	0.9388676248264911
H4C9	2.4284674062874165
H4P1	0.0
H6PD	1.1532405901553346
HAAO	0.6280951975183715
HABP2	0.0
HABP4	0.04041497962871521
HACD1	0.12751930739830808
HACD2	0.27654456219677037
HACD3	0.06447729366791322
HACD4	0.3444208180439161
HACE1	-0.018866244906114993
HACL1	0.5260679157284942
HACL2	-0.7603500361950077
HADH	-0.32383406745269827
HADHA	0.05005246861979984
HADHAP1	-0.8109864690920354
HADHAP2	-0.3333333333333333
HADHB	0.37552368307107464
HADHBP1	0.0
HAFML	0.0
HAGH	0.03470396614965132
HAGHL	-1.2666584638973357
HAGLR	-3.024025126020574
HAGLROS	-1.4406426982957872
HAL	0.5283208335737187
HAMP	-0.031036468130493766
HAND1	0.0
HAND2	0.0
HAND2-AS1	0.0
HAO1	0.0
HAO2	0.0
HAO2-IT1	0.0
HAP1	2.4972843654432246
HAPLN1	0.0
HAPLN2	0.0
HAPLN3	0.0
HAPLN4	0.0
HAPSTR1	0.07517257561744017
HAPSTR2	0.0
HAR1A	0.0
HAR1B	0.0
HARBI1	0.6689731379799295
HARS1	0.1674739619020702
HARS2	0.04439550367081324
HAS1	-0.3333333333333333
HAS2	0.0
HAS2-AS1	0.0
HAS3	0.5283208335737184
HASPIN	-0.1925233401912685
HAT1	0.3756858001005945
HAUS1	-0.11898991964560945
HAUS1P1	0.0
HAUS1P2	-0.3333333333333333
HAUS1P3	0.0
HAUS2	-0.36108490493005263
HAUS3	1.390020680684743
HAUS4	0.3721949716543733
HAUS4P1	0.0
HAUS5	-0.25202283509648105
HAUS5-DT	0.0
HAUS6	-0.28154736300945515
HAUS6P1	-0.19498750024038541
HAUS6P2	0.0
HAUS6P3	-0.1383458330929479
HAUS7	0.6666666666666667
HAUS8	0.9011940852067397
HAUS8P1	0.0
HAVCR1	-2.9123218647220686
HAVCR1P1	0.0
HAVCR1P2	0.0
HAVCR2	0.861654166907052
HAX1	-0.8615587915693581
HAX1P1	0.0
HBA1	0.0
HBA2	0.0
HBAP1	0.0
HBB	0.0
HBBP1	0.0
HBD	0.0
HBE1	0.0
HBEGF	0.9123218647220692
HBG1	0.0
HBG2	0.0
HBM	0.0
HBP1	0.661229864420978
HBQ1	-0.14431980242536868
HBS1L	0.190136026788009
HBZ	0.0
HBZP1	0.0
HCAR1	-1.4406426982957872
HCAR2	0.0
HCAR3	-0.5283208335737187
HCCAT5	-0.5283208335737187
HCCS	-0.10905491441783699
HCCS-DT	0.2456551980554018
HCFC1	-0.29169122649168155
HCFC1-AS1	-0.4406426982957875
HCFC1R1	1.5786761583040505
HCFC2	1.57395748164517
HCFC2P1	0.0
HCG11	0.5283208335737187
HCG14	0.0
HCG15	0.19498750024038536
HCG18	-0.012976851615071006
HCG19P	0.0
HCG20	0.0
HCG21	0.0
HCG22	0.0
HCG23	0.0
HCG24	0.0
HCG25	1.0506676978150165
HCG27	-0.2826656355183168
HCG4	0.0
HCG4B	-0.3333333333333333
HCG4P8	0.0
HCG9	-0.3333333333333333
HCG9P5	0.0
HCK	0.0
HCLS1	0.0
HCN1	0.0
HCN2	-0.8616541669070521
HCN3	-0.208534828406167
HCN4	0.0
HCN4-AS1	0.0
HCP5	0.13057214168140785
HCP5B	0.7739760316291208
HCRT	-0.3333333333333333
HCRTR1	-0.1383458330929479
HCRTR2	0.0
HCST	-0.5283208335737187
HDAC1	-0.18616930213227878
HDAC10	0.33333333333333337
HDAC11	0.9064896966368696
HDAC11-AS1	0.3333333333333333
HDAC1P1	0.0
HDAC1P2	0.3333333333333333
HDAC2	-0.5411478434267254
HDAC2-AS2	-1.0234631092971325
HDAC3	0.9736355059633777
HDAC4	0.333657473777933
HDAC4-AS1	0.3333333333333335
HDAC5	-0.09010390026187132
HDAC6	0.6291603822177931
HDAC7	-0.5315978366936172
HDAC8	-1.0617910773018804
HDAC9	0.0
HDAC9-AS1	0.0
HDC	-0.3333333333333333
HDDC2	-0.2886315516635811
HDDC3	-0.24565519805540248
HDGF	-1.2791840393554121
HDGFL1	0.0
HDGFL2	0.39577872218577603
HDGFL3	0.0
HDGFL3P1	0.0
HDGFP1	0.0
HDHD2	0.9271199045082197
HDHD3	-0.0929405071297893
HDHD5	0.0
HDHD5-AS1	0.0
HDIP1	-0.06385327166502375
HDLBP	0.2954240776541024
HDX	0.0
HEATR1	-0.15800620223690132
HEATR3	0.6953513512211664
HEATR3-AS1	0.0
HEATR4	1.6045937304056788
HEATR5A	0.610185861988354
HEATR5A-DT	0.12617054108457681
HEATR5B	0.7892980677910311
HEATR6	0.7865343969914704
HEATR6-DT	0.0
HEATR9	0.0
HEBP1	-0.13291747189711778
HEBP2	0.04694610910267816
HEBP2P1	-0.33333333333333326
HECA	0.2456551980554018
HECTD1	-0.6290813624504388
HECTD2	-0.7904077970480459
HECTD3	0.3645594737533937
HECTD4	0.7568309434386711
HECW1	0.0
HECW1-IT1	0.0
HECW2	0.0
HECW2-AS1	-1.9924266411666385
HEG1	-0.10445768555684776
HEIH	0.0
HELB	-0.9835574292121452
HELLPAR	0.36359064407764485
HELLS	-0.3797948945781471
HELQ	1.0121139490212405
HELT	0.0
HELZ	-0.068203343779075
HELZ-AS1	-0.8616541669070521
HELZ2	0.8156105272858873
HEMGN	0.0
HEMK1	0.42555256323259005
HEMK2	1.042451580683311
HENMT1	0.0
HEPACAM	-3.0867604386193053
HEPACAM2	0.0
HEPFAL	0.0
HEPH	0.0
HEPHL1	-0.44064269829578717
HEPN1	0.0
HERC1	0.6101193782003485
HERC2	0.3462698143367442
HERC2P1	0.0
HERC2P10	0.0
HERC2P11	0.0
HERC2P2	0.37034377079624736
HERC2P3	0.640944046492514
HERC2P4	0.19498750024038536
HERC2P5	-0.1383458330929479
HERC2P6	0.0
HERC2P7	0.0
HERC2P8	0.0
HERC2P9	0.25622481796451524
HERC3	0.03749157641947054
HERC4	0.8077975412331648
HERC5	-0.3333333333333333
HERC6	-0.9643615986944964
HERPUD1	-0.20491812043878
HERPUD2	0.6861476463166696
HERPUD2-AS1	0.6499864391668018
HES1	1.64173908113837
HES2	-0.6666666666666666
HES3	0.0
HES4	0.28129129283316967
HES5	-0.3333333333333333
HES6	1.4064187560193204
HES7	0.0
HESX1	0.3333333333333333
HEXA	-0.4280130893349927
HEXA-AS1	-0.31584419336862135
HEXB	0.6825762257082957
HEXD	1.5532802540676718
HEXD-IT1	0.5283208335737187
HEXIM1	2.249524978788262
HEXIM2	0.07815508454567466
HEXIM2-AS1	-0.22602396837087957
HEXIM2-AS2	0.10730936496245391
HEY1	0.33333333333333326
HEY2	1.3022968652028395
HEY2-AS1	-0.6666666666666666
HEYL	0.861654166907052
HFE	-0.13303198513660774
HFM1	0.3899750004807707
HGD	-0.4071540504234985
HGF	0.0
HGFAC	-1.9182958340544891
HGH1	0.564889982755254
HGS	0.188592283395157
HGSNAT	0.9910710926699089
HHAT	-0.6794816176757563
HHATL	0.0
HHATL-AS1	0.0
HHEX	-0.02350080661077225
HHIP	0.10730936496245413
HHIP-AS1	0.0
HHIPL1	-0.3333333333333333
HHIPL2	0.0
HHLA1	0.0
HHLA2	0.3333333333333333
HIBADH	0.2516221412813131
HIBCH	-0.08678675717848972
HIC1	0.5593573017042128
HIC2	-0.005343448267974615
HID1	0.2766916661858958
HID1-AS1	0.0
HIF1A	0.19446561861927059
HIF1A-AS3	-0.050667697815016455
HIF1AN	0.7878228944223249
HIF1AP1	0.3333333333333333
HIF3A	-0.3333333333333333
HIGD1A	0.13453971057553993
HIGD1AP1	0.0
HIGD1AP10	0.0
HIGD1AP11	0.0
HIGD1AP12	0.0
HIGD1AP13	0.0
HIGD1AP14	0.0
HIGD1AP15	-1.0566416671474375
HIGD1AP16	0.861654166907052
HIGD1AP17	1.1073093649624541
HIGD1AP18	0.0
HIGD1AP2	0.0
HIGD1AP3	0.0
HIGD1AP4	0.0
HIGD1AP5	0.0
HIGD1AP6	0.0
HIGD1AP8	0.0
HIGD1AP9	-0.6666666666666666
HIGD1B	1.3333333333333335
HIGD1C	0.0
HIGD2A	0.2423979611019771
HIGD2AP1	0.0
HIGD2AP2	0.3333333333333333
HIGD2B	0.0
HIKESHI	-0.12595808898421001
HIKESHIP1	0.0
HIKESHIP2	0.0
HIKESHIP3	-0.6666666666666666
HILPDA	0.11234499575918999
HILPDA-AS1	0.0
HINFP	0.7651727545641531
HINT1	-0.18246818843237556
HINT1P1	0.0
HINT1P2	0.3333333333333333
HINT2	-0.2826656355183166
HINT2P1	0.0
HINT3	-0.30601783611205047
HIP1	0.05265260552755624
HIP1R	0.6756983529473031
HIPK1	0.3882139385110843
HIPK1-AS1	0.0
HIPK2	-0.6361259890453983
HIPK3	-0.0208541606007131
HIPK4	0.3333333333333333
HIRA	-0.0032516054720854726
HIRAP1	0.0
HIRIP3	-0.3312397691381479
HISLA	-2.781028248827975
HIVEP1	-0.3310740306014175
HIVEP2	-0.7727558341343297
HIVEP2-DT	0.0
HIVEP3	0.5283208335737186
HJURP	-0.4335179790993564
HJV	-0.3333333333333333
HK1	-0.3333333333333333
HK2	-1.6261987030826681
HK2-DT	-1.812468437435766
HK2P1	0.0
HK3	0.0
HKDC1	-3.333802731464269
HLA-A	0.4613459923349943
HLA-B	-0.09187575660862013
HLA-C	0.31881943387344513
HLA-DMA	0.08767813527793122
HLA-DMB	0.0
HLA-DOA	0.0
HLA-DOB	0.0
HLA-DPA1	0.0
HLA-DPA2	0.0
HLA-DPA3	0.0
HLA-DPB1	0.0
HLA-DPB2	0.0
HLA-DQA1	0.0
HLA-DQA2	0.0
HLA-DQB1	0.0
HLA-DQB1-AS1	0.0
HLA-DQB2	0.0
HLA-DQB3	0.0
HLA-DRA	0.0
HLA-DRB1	0.0
HLA-DRB5	0.0
HLA-DRB6	0.0
HLA-DRB9	0.0
HLA-E	1.1020533560415453
HLA-F	-0.861654166907052
HLA-F-AS1	-0.602451640685868
HLA-G	0.0
HLA-H	0.4792525252596427
HLA-J	1.1949875002403854
HLA-K	-1.1073093649624541
HLA-L	0.19498750024038536
HLA-N	0.0
HLA-P	0.0
HLA-S	0.0
HLA-T	0.0
HLA-U	0.0
HLA-V	0.0
HLA-W	0.0
HLA-Z	0.0
HLCS	0.18495039457199347
HLCS-AS1	1.120856693128236
HLCS-IT1	0.0
HLF	0.3568734181785338
HLF-AS1	0.2889468989443209
HLFP1	0.0
HLMR1	-0.19498750024038541
HLTF	0.710731476163244
HLTF-AS1	0.0
HLX	-0.3333333333333333
HLX-AS1	0.0
HM13	0.12897980187802283
HM13-AS1	1.968963531869506
HM13-IT1	-0.17152439094325267
HMBOX1	-0.24071286858251817
HMBOX1-IT1	0.3333333333333333
HMBS	0.6922313639144004
HMCES	0.3953878107221609
HMCN1	0.0
HMCN2	-0.5283208335737187
HMG20A	0.41069289013152144
HMG20B	0.5012133946056707
HMGA1	-0.03390159297080153
HMGA1P1	0.0
HMGA1P2	-0.723308333814104
HMGA1P3	0.0
HMGA1P4	0.0
HMGA1P5	0.0
HMGA1P6	0.0
HMGA1P7	0.0
HMGA1P8	0.0
HMGA2	-0.051492255492153305
HMGA2-AS1	-0.14334643213975262
HMGA2-AS2	0.0
HMGB1	-0.40317502180702114
HMGB1P1	-0.3333333333333333
HMGB1P10	-0.1383458330929479
HMGB1P11	0.0
HMGB1P12	0.0
HMGB1P13	0.0
HMGB1P14	0.6296562292037517
HMGB1P15	0.0
HMGB1P16	0.0
HMGB1P17	0.0
HMGB1P18	0.0
HMGB1P19	0.861654166907052
HMGB1P20	0.0
HMGB1P21	-0.33333333333333326
HMGB1P22	0.0
HMGB1P23	-0.3333333333333333
HMGB1P24	-0.5283208335737187
HMGB1P25	0.0
HMGB1P26	0.0
HMGB1P27	0.0
HMGB1P28	0.0
HMGB1P29	0.0
HMGB1P3	0.0
HMGB1P30	0.0
HMGB1P31	-0.6666666666666666
HMGB1P32	0.0
HMGB1P33	0.0
HMGB1P34	-0.5283208335737187
HMGB1P35	0.0
HMGB1P36	0.0
HMGB1P37	-0.3333333333333333
HMGB1P38	0.0
HMGB1P39	0.0
HMGB1P4	0.0
HMGB1P40	-0.3333333333333333
HMGB1P41	0.0
HMGB1P42	0.0
HMGB1P43	0.0
HMGB1P44	0.0
HMGB1P45	0.0
HMGB1P46	0.0
HMGB1P47	0.0
HMGB1P48	0.0
HMGB1P49	0.0
HMGB1P5	-0.10730936496245391
HMGB1P50	0.0
HMGB1P51	0.05664166714743746
HMGB1P6	-0.449216294925034
HMGB1P7	-0.3333333333333333
HMGB1P8	0.0
HMGB1P9	-0.3333333333333333
HMGB2	-0.014534451670106918
HMGB2P1	-0.3333333333333333
HMGB3	0.2941264861917121
HMGB3P1	0.0
HMGB3P10	0.0
HMGB3P11	0.0
HMGB3P12	0.0
HMGB3P13	0.0
HMGB3P14	0.0
HMGB3P15	0.0
HMGB3P16	0.0
HMGB3P17	0.0
HMGB3P18	0.0
HMGB3P19	0.0
HMGB3P2	0.0
HMGB3P20	0.0
HMGB3P21	0.3333333333333333
HMGB3P22	0.0
HMGB3P23	-0.5283208335737187
HMGB3P24	0.0
HMGB3P25	0.0
HMGB3P26	0.0
HMGB3P27	0.0
HMGB3P28	0.0
HMGB3P29	1.0889288468983005
HMGB3P3	0.0
HMGB3P30	0.0
HMGB3P31	0.0
HMGB3P32	-1.1949875002403854
HMGB3P4	0.19498750024038541
HMGB3P5	0.0
HMGB3P6	0.6666666666666666
HMGB3P7	0.0
HMGB3P8	0.0
HMGB3P9	0.6666666666666666
HMGB4	0.0
HMGCL	1.373657309605325
HMGCLL1	0.0
HMGCR	0.7470961741197879
HMGCS1	-0.12010567361728697
HMGCS2	-1.5283208335737188
HMGN1	0.7362128121409199
HMGN1P1	-0.22602396837087957
HMGN1P10	-0.1383458330929479
HMGN1P11	0.0
HMGN1P12	1.6356301985361728
HMGN1P13	0.0
HMGN1P14	0.0
HMGN1P15	0.0
HMGN1P16	0.0
HMGN1P17	0.0
HMGN1P18	0.0
HMGN1P19	0.0
HMGN1P2	0.6356301985361729
HMGN1P20	-0.5283208335737187
HMGN1P23	0.0
HMGN1P24	0.5283208335737187
HMGN1P26	0.0
HMGN1P28	0.0
HMGN1P3	0.0
HMGN1P30	0.0
HMGN1P31	0.0
HMGN1P32	0.0
HMGN1P33	0.0
HMGN1P34	0.0
HMGN1P35	0.0
HMGN1P36	0.7233083338141041
HMGN1P37	0.0
HMGN1P38	0.6666666666666666
HMGN1P4	0.0
HMGN1P5	0.0
HMGN1P6	0.0
HMGN1P7	0.6666666666666666
HMGN1P8	1.7097610056483223
HMGN1P9	0.0
HMGN2	1.4829165932973174
HMGN2P10	0.0
HMGN2P11	0.0
HMGN2P13	0.0
HMGN2P15	-0.3333333333333333
HMGN2P16	0.0
HMGN2P17	0.0
HMGN2P18	0.0
HMGN2P19	0.0
HMGN2P2	0.0
HMGN2P20	0.0
HMGN2P21	0.0
HMGN2P22	0.0
HMGN2P23	0.0
HMGN2P24	0.0
HMGN2P25	0.0
HMGN2P26	0.0
HMGN2P27	0.0
HMGN2P28	-0.19498750024038536
HMGN2P3	0.3333333333333333
HMGN2P30	0.0
HMGN2P31	0.0
HMGN2P32	0.0
HMGN2P34	0.0
HMGN2P35	1.1949875002403854
HMGN2P36	0.0
HMGN2P38	0.0
HMGN2P39	0.0
HMGN2P4	0.3333333333333333
HMGN2P40	0.0
HMGN2P41	0.0
HMGN2P46	0.0
HMGN2P47	0.0
HMGN2P48	0.0
HMGN2P5	1.3022968652028393
HMGN2P6	0.0
HMGN2P7	0.0
HMGN2P8	-0.3333333333333333
HMGN2P9	0.0
HMGN3	-0.3416248895463445
HMGN3-AS1	0.8529890973960703
HMGN3P1	0.0
HMGN4	-0.09385600593001531
HMGN5	0.3333333333333333
HMGXB3	0.30188754160665443
HMGXB4	0.3473949690311944
HMHB1	0.0
HMMR	-0.05844940050565661
HMMR-AS1	-0.6666666666666667
HMOX1	0.15507683089438995
HMOX2	0.8359495066729101
HMSD	-0.5283208335737187
HMX1	0.0
HMX2	0.0
HMX3	0.3333333333333333
HNF1A	-2.86021181569473
HNF1A-AS1	-2.518744108155657
HNF1B	-0.27992546658332706
HNF4A	-0.8830543169377485
HNF4A-AS1	-2.494306657186556
HNF4G	-1.3955777630429562
HNF4GP1	0.0
HNMT	-3.081344810681654
HNRNPA0	-0.0994525798037813
HNRNPA1	0.09442777689020154
HNRNPA1L2	0.31978600516755096
HNRNPA1L3	0.7404047433797221
HNRNPA1P1	0.0
HNRNPA1P10	1.0762728968319601
HNRNPA1P11	0.0
HNRNPA1P12	0.3333333333333333
HNRNPA1P13	0.0
HNRNPA1P14	0.861654166907052
HNRNPA1P15	0.3333333333333333
HNRNPA1P16	0.5283208335737186
HNRNPA1P17	0.0
HNRNPA1P18	0.0
HNRNPA1P19	0.0
HNRNPA1P2	0.0
HNRNPA1P20	0.0
HNRNPA1P21	-0.5283208335737187
HNRNPA1P22	0.0
HNRNPA1P23	0.0
HNRNPA1P24	0.0
HNRNPA1P25	0.0
HNRNPA1P26	0.0
HNRNPA1P27	0.0
HNRNPA1P28	0.0
HNRNPA1P29	-0.1383458330929479
HNRNPA1P3	0.0
HNRNPA1P30	0.0
HNRNPA1P31	0.0
HNRNPA1P32	0.0
HNRNPA1P33	0.0
HNRNPA1P34	0.0
HNRNPA1P35	0.861654166907052
HNRNPA1P36	-1.1073093649624541
HNRNPA1P37	0.0
HNRNPA1P38	0.0
HNRNPA1P39	0.0
HNRNPA1P4	0.6666666666666666
HNRNPA1P40	0.0
HNRNPA1P41	-0.3333333333333333
HNRNPA1P42	0.0
HNRNPA1P43	0.0
HNRNPA1P44	0.0
HNRNPA1P45	-0.8616541669070521
HNRNPA1P46	0.0
HNRNPA1P47	0.0
HNRNPA1P49	-0.22602396837087957
HNRNPA1P5	0.0
HNRNPA1P50	-0.19498750024038536
HNRNPA1P51	0.0
HNRNPA1P52	-0.3333333333333333
HNRNPA1P53	0.0
HNRNPA1P54	0.0
HNRNPA1P55	0.0
HNRNPA1P56	0.0
HNRNPA1P57	0.0
HNRNPA1P58	0.0
HNRNPA1P59	0.9182958340544893
HNRNPA1P6	0.0
HNRNPA1P60	0.0
HNRNPA1P61	0.5283208335737187
HNRNPA1P62	0.6666666666666666
HNRNPA1P63	0.0
HNRNPA1P64	0.0
HNRNPA1P65	0.0
HNRNPA1P66	0.0
HNRNPA1P67	0.0
HNRNPA1P68	0.19498750024038536
HNRNPA1P69	0.0
HNRNPA1P7	0.0
HNRNPA1P70	0.0
HNRNPA1P71	0.0
HNRNPA1P72	0.0
HNRNPA1P73	0.0
HNRNPA1P74	0.0
HNRNPA1P76	0.1383458330929479
HNRNPA1P8	0.0
HNRNPA1P9	-0.19498750024038541
HNRNPA2B1	-0.11414524354775857
HNRNPA3	0.10787764291378821
HNRNPA3P1	0.0
HNRNPA3P10	0.6666666666666666
HNRNPA3P11	-0.9123218647220687
HNRNPA3P12	0.861654166907052
HNRNPA3P13	0.0
HNRNPA3P14	0.0
HNRNPA3P15	0.0
HNRNPA3P16	0.0
HNRNPA3P17	0.0
HNRNPA3P2	0.0
HNRNPA3P3	0.0
HNRNPA3P4	0.0
HNRNPA3P5	0.8616541669070521
HNRNPA3P6	-1.1814401720746037
HNRNPA3P7	0.0
HNRNPA3P8	0.0
HNRNPA3P9	0.12085669312823599
HNRNPAB	-0.2634518666640533
HNRNPABP1	0.0
HNRNPC	-0.20500568794127005
HNRNPCL1	0.0
HNRNPCL2	0.0
HNRNPCL3	0.0
HNRNPCL4	0.0
HNRNPCP1	0.0
HNRNPCP10	0.0
HNRNPCP2	0.33333333333333326
HNRNPCP3	0.0
HNRNPCP4	0.5283208335737187
HNRNPCP6	0.3333333333333333
HNRNPCP7	0.47167916642628127
HNRNPCP8	0.0
HNRNPCP9	0.0
HNRNPD	0.09356963015971154
HNRNPD-DT	-0.05664166714743746
HNRNPDL	-0.021233691503725893
HNRNPDLP1	0.0
HNRNPDLP2	0.0
HNRNPDLP3	0.0
HNRNPDLP4	0.0
HNRNPDP1	0.0
HNRNPDP2	0.0
HNRNPF	-0.19944846026078977
HNRNPFP1	0.0
HNRNPH1	0.19447717992948022
HNRNPH1P1	0.5283208335737187
HNRNPH1P2	0.0
HNRNPH1P3	0.0
HNRNPH2	0.12760236832086225
HNRNPH3	-0.14315699228031775
HNRNPH3P1	0.0
HNRNPK	-0.23413034897375873
HNRNPK-AS1	-0.861654166907052
HNRNPKP1	0.0
HNRNPKP2	0.3333333333333333
HNRNPKP4	0.0
HNRNPKP5	0.0
HNRNPL	-0.017121090581881937
HNRNPLL	-0.059986833612036605
HNRNPLL-AS1	0.6751783640357116
HNRNPLP1	0.0
HNRNPLP2	0.0
HNRNPM	-0.27861979277606697
HNRNPMP1	-0.33333333333333337
HNRNPMP2	0.0
HNRNPR	-0.10567333890924324
HNRNPRP1	-0.33333333333333326
HNRNPRP2	0.0
HNRNPU	-0.1612112171781277
HNRNPUL1	-0.24401644408491485
HNRNPUL2	0.2989688356786324
HNRNPUL2-BSCL2	0.0
HNRNPUP1	0.1383458330929479
HOATZ	0.0
HOGA1	-0.9411432283052248
HOMER1	0.3574242419539688
HOMER2	-0.9913349304890189
HOMER2P1	0.0
HOMER2P2	0.0
HOMER3	-0.861654166907052
HOMER3-AS1	-0.3333333333333333
HOOK1	0.03287307884675972
HOOK2	0.2630344058337939
HOOK3	0.5830693878189788
HOPX	0.0
HORMAD1	0.0
HORMAD1P1	0.0
HORMAD2	0.0
HORMAD2-AS1	0.0
HOTAIR	0.0
HOTAIRM1	0.0
HOTTIP	0.0
HOXA-AS2	-0.5393258526497053
HOXA-AS3	-0.33333333333333326
HOXA1	1.1949875002403854
HOXA10	0.3333333333333333
HOXA10-AS	0.0
HOXA10-HOXA9	0.0
HOXA11	0.3333333333333333
HOXA11-AS	0.0
HOXA13	-0.3333333333333333
HOXA2	0.33333333333333337
HOXA3	-0.31370210364881057
HOXA4	-0.14431980242536868
HOXA5	0.40516867858373606
HOXA6	-1.6666666666666667
HOXA7	0.0
HOXA9	0.3333333333333333
HOXB-AS1	0.0
HOXB-AS2	0.0
HOXB-AS3	0.0
HOXB-AS4	0.0
HOXB1	0.0
HOXB13	0.0
HOXB2	0.0
HOXB3	0.0
HOXB4	0.0
HOXB5	0.0
HOXB6	0.0
HOXB7	0.0
HOXB8	0.0
HOXB9	0.0
HOXC-AS1	-1.0
HOXC-AS2	0.0
HOXC-AS3	0.0
HOXC10	0.0
HOXC11	0.5283208335737187
HOXC12	0.3333333333333333
HOXC13	0.0
HOXC13-AS	0.0
HOXC4	0.0
HOXC5	0.0
HOXC6	-0.3333333333333333
HOXC8	-0.5283208335737186
HOXC9	-1.4074641404454824
HOXD-AS2	0.0
HOXD1	-0.8616541669070521
HOXD10	0.0
HOXD11	0.0
HOXD12	0.0
HOXD13	0.0
HOXD3	0.0
HOXD4	0.0
HOXD8	0.0
HOXD9	0.0
HP	-1.5014080410879975
HP1BP3	0.536667406512251
HPAT5	-0.3333333333333333
HPCA	0.0
HPCAL1	0.474859204459257
HPCAL4	0.0
HPD	-1.0803258283201993
HPDL	-0.3333333333333333
HPF1	0.5620862107121694
HPGD	0.0
HPGDS	0.0
HPN	-1.07164376275494
HPN-AS1	-0.6666666666666666
HPR	-1.374444583537926
HPRT1	0.26192256242845335
HPRT1P1	0.0
HPRT1P2	0.0
HPRT1P3	0.0
HPS1	-0.17885301212685256
HPS3	0.70276852067256
HPS4	-0.4527672884904206
HPS5	0.5597580966481077
HPS6	-0.1314263130373483
HPSE	-0.5283208335737187
HPSE2	0.0
HPX	-1.7081112935610339
HPYR1	0.0
HR	0.1383458330929479
HRAS	0.16673074302472912
HRAT17	0.0
HRC	0.44064269829578745
HRCT1	0.0
HRG	0.0
HRG-AS1	-0.6666666666666666
HRGP1	0.0
HRGP2	0.0
HRH1	0.3333333333333333
HRH2	-0.3333333333333333
HRH3	-0.1383458330929479
HRH4	0.0
HRK	0.0
HRNR	0.0
HROB	-0.2812935993609065
HS1BP3	0.948440924085542
HS1BP3-IT1	-2.428467406287416
HS2ST1	0.2642705467638926
HS3ST1	0.0
HS3ST2	0.0
HS3ST3A1	-0.42670263973091194
HS3ST3B1	0.7267136611423819
HS3ST4	0.0
HS3ST5	-3.2516291673878226
HS3ST6	0.0
HS6ST1	-1.2238108113757162
HS6ST1P1	0.0
HS6ST2	0.3333333333333333
HS6ST2-AS1	0.0
HS6ST3	0.0
HSALR1	-0.7354836258224755
HSBP1	-0.08983751255152228
HSBP1L1	-1.0805004147613828
HSBP1P1	0.0
HSBP1P2	0.0
HSCB	-0.8129824923719009
HSD11B1	0.0
HSD11B1-AS1	0.0
HSD11B1L	0.8284756090567476
HSD11B2	-1.6172496804720193
HSD17B1	-0.0008579812212756721
HSD17B1-AS1	0.3333333333333333
HSD17B10	0.3205591734287605
HSD17B11	-0.5981060835150398
HSD17B12	0.26105037691775124
HSD17B12P1	0.0
HSD17B12P2	0.0
HSD17B13	-0.3333333333333333
HSD17B14	0.0
HSD17B1P1	0.8198105395457662
HSD17B2	-2.896083436377727
HSD17B2-AS1	0.3333333333333333
HSD17B3	0.0
HSD17B3-AS1	0.0
HSD17B4	-0.4117012905501465
HSD17B6	0.3333333333333333
HSD17B7	-0.6088492083541208
HSD17B7P1	0.0
HSD17B7P2	-0.15189316125872931
HSD17B8	0.08667686719474599
HSD3B1	0.0
HSD3B2	0.0
HSD3B7	-2.1681599812646284
HSD3BP1	0.0
HSD3BP2	0.0
HSD3BP3	0.0
HSD3BP4	0.0
HSD3BP5	0.0
HSD52	-0.33333333333333337
HSDL1	0.31504027387187783
HSDL2	0.0279971548246305
HSDL2-AS1	0.4716791664262816
HSF1	0.42385441890753484
HSF2	0.18823170811613554
HSF2BP	-0.5849625007211561
HSF4	0.5283208335737187
HSF5	0.0
HSFX1	0.0
HSFX2	0.0
HSFX3	0.0
HSFX4	0.3333333333333333
HSFY1	0.0
HSFY1P1	0.0
HSFY2	0.0
HSFY3P	0.0
HSFY4P	0.0
HSFY5P	0.0
HSFY6P	0.0
HSFY7P	0.0
HSFY8P	0.0
HSH2D	-1.0566416671474375
HSH2D-AS1	-1.3022968652028393
HSP90AA1	0.22958986330623077
HSP90AA2P	0.3333333333333335
HSP90AA3P	-0.19498750024038541
HSP90AA4P	0.0
HSP90AA5P	0.0
HSP90AA6P	0.3333333333333333
HSP90AB1	-0.12757867955332358
HSP90AB2P	-0.33333333333333326
HSP90AB3P	-0.19498750024038536
HSP90AB4P	0.3022968652028395
HSP90AB5P	0.0
HSP90AB6P	0.0
HSP90AB7P	0.0
HSP90B1	-0.28492234516468784
HSP90B2P	0.5925358595545174
HSP90B3P	0.0
HSPA12A	0.012897532146861401
HSPA12A-AS1	0.0
HSPA12B	0.16015801139972785
HSPA13	0.06796457731891437
HSPA14	-0.3845926973430416
HSPA1A	0.6029823359911104
HSPA1B	0.4637130771938267
HSPA1L	0.08767813527793145
HSPA2	1.0
HSPA2-AS1	-0.38400103114834994
HSPA4	-0.29434714131740947
HSPA4L	0.2124909708538647
HSPA5	-0.5201088194200274
HSPA5-DT	-0.5789885313887353
HSPA5P1	0.0
HSPA6	-0.3333333333333333
HSPA7	0.0
HSPA8	0.05020113123158865
HSPA8P1	0.7739760316291207
HSPA8P11	0.5283208335737187
HSPA8P13	0.0
HSPA8P14	0.1383458330929479
HSPA8P15	-0.8050124997596146
HSPA8P16	0.0
HSPA8P17	0.0
HSPA8P18	-0.6666666666666666
HSPA8P19	0.6666666666666666
HSPA8P20	0.0
HSPA8P3	0.2516291673878226
HSPA8P4	-0.3333333333333333
HSPA8P5	-0.19498750024038541
HSPA8P6	0.0
HSPA8P7	0.0
HSPA8P8	0.0
HSPA8P9	0.19498750024038541
HSPA9	-0.7154715180616371
HSPA9P1	-0.3333333333333333
HSPB1	-0.7239053523227668
HSPB1P1	0.0
HSPB1P2	0.0
HSPB2	0.0
HSPB2-C11orf52	0.0
HSPB3	0.0
HSPB6	0.5283208335737187
HSPB7	0.3333333333333333
HSPB8	0.0
HSPB8-AS1	0.0
HSPB9	-0.19498750024038541
HSPBAP1	-0.6159989688516494
HSPBAP1P1	0.0
HSPBP1	-0.26277088403537086
HSPD1	-0.5385823134729719
HSPD1P1	-1.2914897059720474
HSPD1P10	0.0
HSPD1P11	0.1383458330929479
HSPD1P12	0.19498750024038541
HSPD1P13	0.0
HSPD1P14	0.0
HSPD1P15	0.0
HSPD1P16	0.0
HSPD1P18	0.0
HSPD1P19	0.0
HSPD1P2	0.3333333333333333
HSPD1P21	0.0
HSPD1P3	-0.3333333333333333
HSPD1P4	-1.1949875002403854
HSPD1P5	0.0
HSPD1P6	-0.861654166907052
HSPD1P7	-0.3333333333333333
HSPD1P8	0.0
HSPD1P9	0.0
HSPE1	-0.36596182050751214
HSPE1-MOB4	0.0
HSPE1P1	0.0
HSPE1P10	0.0
HSPE1P11	0.1383458330929479
HSPE1P12	0.0
HSPE1P13	0.861654166907052
HSPE1P14	0.0
HSPE1P16	0.0
HSPE1P18	0.0
HSPE1P19	0.0
HSPE1P2	-1.1073093649624541
HSPE1P20	0.0
HSPE1P21	0.0
HSPE1P22	-0.3333333333333333
HSPE1P23	0.0
HSPE1P24	0.0
HSPE1P25	0.33333333333333326
HSPE1P26	0.0
HSPE1P27	0.8616541669070521
HSPE1P28	-0.5283208335737187
HSPE1P3	0.19498750024038541
HSPE1P4	-0.861654166907052
HSPE1P5	0.0
HSPE1P6	0.0
HSPE1P7	-0.5283208335737187
HSPE1P8	0.5283208335737186
HSPE1P9	0.0
HSPG2	0.8196961407187251
HSPH1	-0.5093069941315367
HTATIP2	-0.3333333333333333
HTATSF1	-0.6741226043428181
HTATSF1P1	0.0
HTATSF1P2	0.0
HTD2	-0.1383458330929479
HTN1	0.0
HTN3	0.0
HTR1A	0.0
HTR1B	0.0
HTR1D	-0.3333333333333333
HTR1DP1	0.3333333333333333
HTR1E	0.0
HTR1F	0.0
HTR2A	0.0
HTR2A-AS1	0.0
HTR2B	0.6491775267019548
HTR2C	-0.3333333333333333
HTR3A	0.0
HTR3B	-1.5283208335737186
HTR3C	0.0
HTR3C2P	0.0
HTR3D	0.0
HTR3E	0.3333333333333333
HTR3E-AS1	0.0
HTR4	0.3333333333333333
HTR5A	0.0
HTR5A-AS1	0.0
HTR5BP	-0.7739760316291209
HTR6	0.0
HTR7	-0.3333333333333333
HTR7P1	1.237028987446867
HTRA1	2.1531438728790993
HTRA1-AS1	0.0
HTRA2	0.9790483974802235
HTRA3	0.3333333333333333
HTRA4	0.0
HTT	0.5921189544618244
HTT-AS	0.0
HULC	1.4406426982957874
HUNK	-2.8458203648776723
HUNK-AS1	0.0
HUPCOS	0.0
HUS1	0.4577361999436844
HUS1B	-0.3333333333333333
HUWE1	-0.11960958150148393
HVCN1	0.0
HYAL1	0.4449152387734294
HYAL2	0.7654697085100741
HYAL3	0.7210767829561009
HYAL4	0.0
HYAL6P	0.0
HYCC1	0.5317362778303814
HYCC2	1.053442070497586
HYDIN	0.3333333333333333
HYDIN-AS1	0.0
HYDIN2	0.0
HYDINP1	0.0
HYI	0.0
HYI-AS1	0.0
HYKK	1.0256051990169435
HYLS1	0.559357301704213
HYMAI	0.8616541669070521
HYOU1	-0.2640386879864831
HYOU1-AS1	0.0
HYPK	-0.3899750004807707
IADEN	0.0
IAH1	0.29386233999908207
IAPP	0.0
IARS1	-0.5696756750813368
IARS2	0.17780900988713277
IARS2P1	0.0
IATPR	0.0
IBA57	0.6623034845577642
IBA57-DT	1.6552614282206957
IBSP	0.0
IBTK	-0.4770551377814476
ICA1	-0.3333333333333333
ICA1-AS1	0.0
ICA1L	-0.8166776402116827
ICAM1	0.3001502297218597
ICAM2	-1.7739760316291207
ICAM3	-0.3333333333333333
ICAM4	0.0
ICAM4-AS1	0.0
ICAM5	-0.08170416594551089
ICE1	0.3258970341823737
ICE2	0.022672338480401955
ICE2P1	-0.5283208335737187
ICE2P2	0.0
ICMT	0.02999822463155688
ICMT-DT	-0.6666666666666666
ICOS	0.0
ICOSLG	0.0
ID1	1.9797504539718656
ID2	2.1863932887233855
ID2-AS1	0.5048577242765862
ID2B	0.6666666666666666
ID3	1.328204850453436
ID4	-0.03701043746291455
IDE	-0.09425429139424324
IDH1	-0.12042447407817747
IDH1-AS1	-0.7739760316291207
IDH1P1	-0.1383458330929479
IDH2	0.15691091663601142
IDH2-DT	0.5283208335737187
IDH3A	0.5812760271447805
IDH3B	-0.280341375125543
IDH3B-DT	-0.4210114686112647
IDH3G	1.0784880013792977
IDI1	1.2247692253446303
IDI1P1	0.3333333333333333
IDI1P2	0.0
IDI1P3	0.0
IDI2	0.0
IDI2-AS1	0.0
IDNK	-0.08767813527793145
IDO1	0.0
IDO2	0.0
IDS	1.0803360331679315
IDSP1	0.0
IDUA	1.0223713986195127
IER2	1.904748505888707
IER2-AS1	0.0
IER3	1.8329974445013928
IER3-AS1	0.9999999999999998
IER3IP1	0.05993583290549065
IER5	1.6126477472970087
IER5L	1.3624876137501132
IER5L-AS1	0.3333333333333333
IFFO1	1.141084941321421
IFFO2	0.5365773308723947
IFI16	0.0
IFI27	-0.33333333333333326
IFI27L1	0.5291297460385653
IFI27L2	-0.8616541669070521
IFI30	-1.2691183073525345
IFI35	-0.1139854321241387
IFI44	0.0
IFI44L	0.0
IFI6	1.5285409747297551
IFIH1	-1.6676050052023512
IFIT1	-0.31709490498899084
IFIT1B	0.0
IFIT1P1	0.0
IFIT2	0.0
IFIT3	-2.600569452972154
IFIT5	-0.09507009244790154
IFIT6P	0.3333333333333333
IFITM1	-1.4641058075929199
IFITM10	0.0
IFITM2	-1.4088361766028932
IFITM3	-1.5835513178058624
IFITM3-AS1	-1.46410580759292
IFITM3P1	0.0
IFITM3P3	0.0
IFITM3P4	0.0
IFITM3P5	-0.33333333333333326
IFITM3P6	0.0
IFITM3P7	0.0
IFITM3P8	0.0
IFITM3P9	0.0
IFITM4P	-0.3333333333333333
IFITM5	0.0
IFITM8P	0.0
IFITM9P	0.0
IFNA1	0.0
IFNA10	0.0
IFNA11P	0.0
IFNA12P	0.0
IFNA13	0.0
IFNA14	0.0
IFNA16	0.0
IFNA17	0.0
IFNA2	0.0
IFNA20P	1.0566416671474375
IFNA21	0.0
IFNA22P	0.0
IFNA4	0.0
IFNA5	0.0
IFNA6	0.0
IFNA7	0.0
IFNA8	0.0
IFNAR1	0.13199375773980382
IFNAR2	0.44064269829578717
IFNAR2-IL10RB	0.0
IFNB1	0.3333333333333333
IFNE	0.0
IFNG	0.0
IFNG-AS1	0.0
IFNGR1	0.26590010527932684
IFNGR2	-0.7996933084586217
IFNK	0.0
IFNL1	0.0
IFNL2	0.0
IFNL3	0.0
IFNL3P1	0.19498750024038541
IFNL4	0.0
IFNL4P1	0.0
IFNLR1	-1.1428332530284688
IFNNP	0.0
IFNW1	0.0
IFNWP15	0.0
IFNWP18	0.0
IFNWP19	0.0
IFNWP2	0.0
IFNWP4	0.0
IFNWP5	0.0
IFNWP9	0.0
IFRD1	0.1726583929899741
IFRD2	-1.2814950706499406
IFT122	0.31645797564334366
IFT122P1	0.0
IFT122P2	-0.25920252622118367
IFT140	-0.09985342728630231
IFT172	0.3815583773006832
IFT20	-0.26670627296944005
IFT22	0.7907598898474051
IFT25	0.30405654602353316
IFT27	0.0
IFT38	0.3688294780642263
IFT43	0.5283208335737187
IFT46	0.18661009450777932
IFT52	0.9567087173844007
IFT54	-0.10730936496245391
IFT56	-0.11597443447343636
IFT57	0.087678135277931
IFT57P1	-0.3333333333333333
IFT70A	0.24207816476233468
IFT70A-AS1	0.0
IFT70B	0.18320925256867238
IFT74	0.8124615551203718
IFT74-AS1	-0.3333333333333333
IFT80	0.6819787613889527
IFT81	0.5728223377056034
IFT88	0.5198690649662892
IFTAP	1.0505792892575538
IGBP1	0.2837868725544892
IGBP1-AS1	0.3333333333333333
IGBP1-AS2	0.0
IGBP1C	0.3333333333333333
IGBP1P1	-0.01354732816578208
IGBP1P3	0.3333333333333333
IGBP1P4	0.0
IGBP1P5	0.0
IGDCC3	-0.3582625531996477
IGDCC4	-0.6334881088163622
IGF1	0.0
IGF1R	-0.0821685780722019
IGF1R-AS2	0.0
IGF2	-1.2172595322268362
IGF2-AS	-0.19498750024038541
IGF2BP1	-0.7478201959826372
IGF2BP2	0.15992734256422647
IGF2BP2-AS1	-0.8616541669070521
IGF2BP2P1	0.3333333333333333
IGF2BP2P2	0.0
IGF2BP2P3	-0.8616541669070521
IGF2BP3	-0.17369013234955943
IGF2BP3P1	-0.3333333333333333
IGF2BP3P2	0.0
IGF2R	-0.04827216354638875
IGFALS	0.33333333333333337
IGFBP1	1.5890122571760696
IGFBP2	0.13874775400808126
IGFBP3	1.2516291673878228
IGFBP4	-1.1692423918926922
IGFBP5	0.0
IGFBP6	0.39754835931413224
IGFBP7	1.1949875002403854
IGFBP7-AS1	0.0
IGFBPL1	1.6666666666666667
IGFL1	0.0
IGFL1P1	0.0
IGFL1P2	0.0
IGFL2	0.0
IGFL2-AS1	0.0
IGFL3	0.0
IGFL4	-2.202443437916537
IGFLR1	1.5283208335737186
IGFN1	-0.5283208335737187
IGHA1	0.0
IGHA2	0.0
IGHD	0.0
IGHD1-1	0.0
IGHD1-14	0.0
IGHD1-20	0.0
IGHD1-26	0.0
IGHD1-7	0.0
IGHD1OR15-1A	0.0
IGHD1OR15-1B	0.0
IGHD2-15	0.0
IGHD2-2	0.0
IGHD2-21	0.0
IGHD2-8	0.0
IGHD2OR15-2A	0.0
IGHD2OR15-2B	0.0
IGHD3-10	0.0
IGHD3-16	0.0
IGHD3-22	0.0
IGHD3-3	0.0
IGHD3-9	0.0
IGHD3OR15-3A	0.0
IGHD3OR15-3B	0.0
IGHD4-11	0.0
IGHD4-17	0.0
IGHD4-23	0.0
IGHD4-4	0.0
IGHD4OR15-4A	0.0
IGHD4OR15-4B	0.0
IGHD5-12	0.0
IGHD5-18	0.0
IGHD5-24	0.0
IGHD5-5	0.0
IGHD5OR15-5A	0.0
IGHD5OR15-5B	0.0
IGHD6-13	0.0
IGHD6-19	0.0
IGHD6-25	0.0
IGHD6-6	0.0
IGHD7-27	0.0
IGHE	0.0
IGHEP1	0.0
IGHEP2	-0.5283208335737187
IGHG1	-0.861654166907052
IGHG2	-0.3333333333333333
IGHG3	-0.3333333333333333
IGHG4	0.0
IGHGP	0.0
IGHJ1	0.0
IGHJ1P	0.0
IGHJ2	0.0
IGHJ2P	0.0
IGHJ3	0.0
IGHJ3P	0.0
IGHJ4	0.0
IGHJ5	0.0
IGHJ6	0.0
IGHM	0.3333333333333333
IGHMBP2	-0.10753535103191414
IGHV1-12	0.0
IGHV1-14	0.0
IGHV1-17	0.0
IGHV1-18	0.0
IGHV1-2	0.0
IGHV1-24	0.0
IGHV1-3	0.0
IGHV1-45	0.0
IGHV1-46	0.0
IGHV1-58	0.0
IGHV1-67	0.0
IGHV1-68	0.0
IGHV1-69	0.0
IGHV1-69-2	0.0
IGHV1-69D	0.0
IGHV1OR15-1	0.0
IGHV1OR15-2	0.0
IGHV1OR15-3	0.0
IGHV1OR15-4	0.0
IGHV1OR15-6	0.0
IGHV1OR15-9	0.0
IGHV1OR16-1	0.0
IGHV1OR16-2	0.0
IGHV1OR16-3	0.0
IGHV1OR16-4	0.0
IGHV1OR21-1	0.0
IGHV2-26	0.0
IGHV2-5	0.0
IGHV2-70	0.0
IGHV2-70D	0.0
IGHV2OR16-5	0.0
IGHV3-11	0.0
IGHV3-13	0.0
IGHV3-15	0.0
IGHV3-16	0.0
IGHV3-19	0.0
IGHV3-20	0.0
IGHV3-21	0.0
IGHV3-22	0.0
IGHV3-23	0.0
IGHV3-25	0.0
IGHV3-29	-0.3333333333333333
IGHV3-30	0.0
IGHV3-30-2	0.0
IGHV3-32	0.0
IGHV3-33	0.0
IGHV3-33-2	0.0
IGHV3-35	0.0
IGHV3-36	0.0
IGHV3-37	0.0
IGHV3-38	0.0
IGHV3-41	0.0
IGHV3-42	0.0
IGHV3-43	0.0
IGHV3-47	0.0
IGHV3-48	0.0
IGHV3-49	0.0
IGHV3-50	0.0
IGHV3-52	0.0
IGHV3-53	0.0
IGHV3-54	0.0
IGHV3-57	0.0
IGHV3-6	0.0
IGHV3-60	0.0
IGHV3-62	0.0
IGHV3-63	0.0
IGHV3-64	0.0
IGHV3-64D	0.0
IGHV3-65	0.0
IGHV3-66	0.0
IGHV3-69-1	0.0
IGHV3-7	0.0
IGHV3-71	0.0
IGHV3-72	0.0
IGHV3-73	0.0
IGHV3-74	0.0
IGHV3-75	0.3333333333333333
IGHV3-76	0.0
IGHV3-79	0.0
IGHV3OR15-7	0.0
IGHV3OR16-10	0.0
IGHV3OR16-11	0.0
IGHV3OR16-12	0.0
IGHV3OR16-13	0.0
IGHV3OR16-15	0.0
IGHV3OR16-16	0.0
IGHV3OR16-17	0.0
IGHV3OR16-6	0.0
IGHV3OR16-7	0.0
IGHV3OR16-8	0.0
IGHV3OR16-9	0.0
IGHV4-28	0.0
IGHV4-30-2	0.0
IGHV4-34	0.3333333333333333
IGHV4-39	0.0
IGHV4-4	0.0
IGHV4-55	0.0
IGHV4-59	0.0
IGHV4-61	0.0
IGHV4-80	-0.3333333333333333
IGHV4OR15-8	0.0
IGHV5-10-1	0.0
IGHV5-51	0.0
IGHV5-78	-0.5283208335737186
IGHV6-1	0.0
IGHV7-27	0.0
IGHV7-34-1	0.0
IGHV7-4-1	0.0
IGHV7-40	0.0
IGHV7-56	0.0
IGHV7-81	-0.3333333333333333
IGHV8-51-1	0.0
IGHVII-1-1	0.0
IGHVII-15-1	0.0
IGHVII-22-1	0.0
IGHVII-26-2	0.0
IGHVII-28-1	0.0
IGHVII-30-1	0.0
IGHVII-30-21	0.0
IGHVII-33-1	0.0
IGHVII-40-1	0.0
IGHVII-43-1	0.0
IGHVII-44-2	0.0
IGHVII-46-1	0.0
IGHVII-49-1	0.0
IGHVII-51-2	0.0
IGHVII-53-1	0.0
IGHVII-60-1	0.0
IGHVII-62-1	0.0
IGHVII-65-1	0.0
IGHVII-67-1	0.0
IGHVII-74-1	0.0
IGHVII-78-1	-0.5283208335737187
IGHVIII-11-1	0.0
IGHVIII-13-1	0.0
IGHVIII-16-1	0.0
IGHVIII-2-1	0.0
IGHVIII-22-2	0.0
IGHVIII-25-1	0.0
IGHVIII-26-1	0.0
IGHVIII-38-1	0.0
IGHVIII-44	0.0
IGHVIII-47-1	0.0
IGHVIII-5-1	0.0
IGHVIII-5-2	0.0
IGHVIII-67-2	0.0
IGHVIII-67-3	0.0
IGHVIII-67-4	0.0
IGHVIII-76-1	0.0
IGHVIII-82	0.0
IGHVIV-44-1	0.0
IGIP	0.2953773451472408
IGKC	-0.3333333333333333
IGKJ1	0.0
IGKJ2	0.0
IGKJ3	0.0
IGKJ4	0.0
IGKJ5	0.0
IGKV1-12	0.0
IGKV1-13	0.0
IGKV1-16	0.0
IGKV1-17	0.0
IGKV1-22	0.0
IGKV1-27	0.0
IGKV1-32	0.0
IGKV1-33	0.0
IGKV1-35	0.0
IGKV1-37	0.0
IGKV1-39	0.0
IGKV1-5	0.0
IGKV1-6	0.0
IGKV1-8	-0.3333333333333333
IGKV1-9	0.0
IGKV1D-12	0.0
IGKV1D-13	0.0
IGKV1D-16	0.0
IGKV1D-17	0.0
IGKV1D-22	0.0
IGKV1D-27	0.0
IGKV1D-32	0.0
IGKV1D-33	0.0
IGKV1D-35	0.0
IGKV1D-37	0.0
IGKV1D-39	0.0
IGKV1D-42	0.0
IGKV1D-43	0.0
IGKV1D-8	0.0
IGKV1OR-2	0.0
IGKV1OR-3	0.0
IGKV1OR1-1	0.0
IGKV1OR10-1	0.0
IGKV1OR2-1	0.0
IGKV1OR2-108	0.0
IGKV1OR2-11	0.0
IGKV1OR2-118	0.0
IGKV1OR2-2	0.0
IGKV1OR2-3	0.0
IGKV1OR2-6	0.0
IGKV1OR2-9	0.0
IGKV1OR22-1	0.0
IGKV1OR22-5	0.0
IGKV1OR9-1	0.0
IGKV1OR9-2	0.0
IGKV1ORY-1	0.0
IGKV2-10	0.0
IGKV2-14	0.0
IGKV2-18	0.0
IGKV2-19	0.0
IGKV2-23	0.0
IGKV2-24	0.0
IGKV2-26	0.0
IGKV2-28	0.0
IGKV2-29	0.0
IGKV2-30	0.0
IGKV2-36	0.0
IGKV2-38	0.0
IGKV2-4	0.0
IGKV2-40	0.0
IGKV2D-10	0.0
IGKV2D-14	0.0
IGKV2D-18	0.0
IGKV2D-19	0.0
IGKV2D-23	0.0
IGKV2D-24	0.0
IGKV2D-26	0.0
IGKV2D-28	0.0
IGKV2D-29	0.0
IGKV2D-30	0.0
IGKV2D-36	0.0
IGKV2D-38	0.0
IGKV2D-40	0.0
IGKV2OR2-1	0.0
IGKV2OR2-10	0.0
IGKV2OR2-2	0.0
IGKV2OR2-7	0.0
IGKV2OR2-7D	0.0
IGKV2OR2-8	0.0
IGKV2OR22-3	0.0
IGKV2OR22-4	0.0
IGKV3-11	-0.3333333333333333
IGKV3-15	0.0
IGKV3-20	0.0
IGKV3-25	0.0
IGKV3-31	0.0
IGKV3-34	0.0
IGKV3-7	0.0
IGKV3D-11	0.0
IGKV3D-15	0.0
IGKV3D-20	0.0
IGKV3D-25	0.0
IGKV3D-31	0.0
IGKV3D-34	0.0
IGKV3D-7	0.0
IGKV3OR2-268	0.0
IGKV3OR2-5	0.0
IGKV3OR22-2	0.0
IGKV4-1	0.0
IGKV5-2	0.0
IGKV6-21	0.0
IGKV6D-21	0.0
IGKV6D-41	0.0
IGKV7-3	0.0
IGLC1	0.0
IGLC2	-0.3333333333333333
IGLC3	-0.5283208335737187
IGLC4	0.0
IGLC5	0.0
IGLC6	0.0
IGLC7	0.0
IGLCOR22-1	0.0
IGLCOR22-2	0.3333333333333333
IGLJ1	0.0
IGLJ2	0.0
IGLJ3	0.0
IGLJ4	0.0
IGLJ5	0.0
IGLJ6	0.0
IGLJ7	0.0
IGLJCOR18	0.0
IGLL1	0.0
IGLL3P	0.0
IGLL4P	0.0
IGLL5	0.0
IGLON5	0.0
IGLV1-36	0.0
IGLV1-40	0.0
IGLV1-41	0.0
IGLV1-44	0.0
IGLV1-47	0.0
IGLV1-50	0.6666666666666666
IGLV1-51	0.3333333333333333
IGLV1-62	0.0
IGLV10-54	0.0
IGLV10-67	0.0
IGLV11-55	0.0
IGLV2-11	0.0
IGLV2-14	0.0
IGLV2-18	0.0
IGLV2-23	0.0
IGLV2-28	0.0
IGLV2-33	0.0
IGLV2-34	0.0
IGLV2-5	0.0
IGLV2-8	0.0
IGLV3-1	0.0
IGLV3-10	0.0
IGLV3-12	0.0
IGLV3-13	0.0
IGLV3-15	0.0
IGLV3-16	0.0
IGLV3-17	0.0
IGLV3-19	0.0
IGLV3-2	0.0
IGLV3-21	0.0
IGLV3-22	0.0
IGLV3-24	0.0
IGLV3-25	0.0
IGLV3-26	0.0
IGLV3-27	0.0
IGLV3-29	0.0
IGLV3-30	0.0
IGLV3-31	0.0
IGLV3-32	0.0
IGLV3-4	0.0
IGLV3-6	0.0
IGLV3-7	0.0
IGLV3-9	0.0
IGLV4-3	0.0
IGLV4-60	0.0
IGLV4-69	0.0
IGLV5-37	0.0
IGLV5-45	0.0
IGLV5-48	0.0
IGLV5-52	0.0
IGLV6-57	0.0
IGLV7-35	0.0
IGLV7-43	0.0
IGLV7-46	0.0
IGLV8-61	0.0
IGLV8OR8-1	0.0
IGLV9-49	0.0
IGLVI-20	0.0
IGLVI-38	0.0
IGLVI-42	0.0
IGLVI-56	0.0
IGLVI-63	0.0
IGLVI-68	0.0
IGLVI-70	0.0
IGLVIV-53	0.0
IGLVIV-59	0.0
IGLVIV-64	0.0
IGLVIV-65	0.0
IGLVIV-66-1	0.0
IGLVIVOR22-1	-0.19498750024038536
IGLVV-58	0.0
IGLVV-66	0.0
IGLVVI-22-1	0.0
IGLVVI-25-1	0.0
IGLVVII-41-1	0.0
IGSF1	-1.1036478680083297
IGSF10	0.0
IGSF11	0.6666666666666666
IGSF11-AS1	0.0
IGSF21	0.6666666666666666
IGSF21-AS1	0.0
IGSF22	0.0
IGSF22-AS1	0.0
IGSF23	-2.001250711620369
IGSF3	0.1383458330929479
IGSF3P1	0.0
IGSF3P2	0.0
IGSF5	-0.3333333333333333
IGSF6	-0.1199653150287947
IGSF8	-0.660308543019938
IGSF9	0.3333333333333333
IGSF9B	0.0
IHH	-3.03907006154813
IHO1	0.5283208335737187
IK	-0.01748913996471213
IKBIP	-0.12972921509662072
IKBKB	-0.3412342947124607
IKBKB-DT	0.0
IKBKE	-2.035141184252004
IKBKE-AS1	0.5283208335737187
IKBKG	-0.6554824800963246
IKBKGP1	0.0
IKZF1	0.0
IKZF2	0.10605865334208442
IKZF3	0.3333333333333333
IKZF4	-0.8284756090567473
IKZF5	0.18133669046441359
IL10	0.0
IL10RA	0.6666666666666666
IL10RB	-1.0
IL10RB-DT	0.6666666666666666
IL11	2.562750103044393
IL11RA	2.454468243621174
IL12A	-0.5283208335737187
IL12A-AS1	0.3333333333333333
IL12B	0.0
IL12B-AS1	0.0
IL12RB1	0.3333333333333333
IL12RB2	0.0
IL13	0.0
IL13RA1	-0.5956212002744676
IL13RA2	0.0
IL15	0.0
IL15RA	-0.1383458330929479
IL16	0.3333333333333333
IL17A	0.0
IL17B	0.861654166907052
IL17C	0.0
IL17D	0.033178557850304546
IL17F	0.0
IL17RA	0.125169711697402
IL17RB	0.21514557648848331
IL17RC	0.18534333636955314
IL17RD	1.245655198055402
IL17RE	-1.0876781352779314
IL17REL	0.0
IL18	0.7974391409262533
IL18BP	0.2687817009363451
IL18R1	-1.1073093649624541
IL18RAP	0.0
IL19	0.0
IL1A	-0.9689635318695059
IL1B	-0.3333333333333333
IL1F10	0.0
IL1R1	-1.1728338669489782
IL1R1-AS1	-0.5283208335737187
IL1R2	-0.4951422757234143
IL1RAP	-0.641228260441526
IL1RAPL1	0.3333333333333333
IL1RAPL2	0.0
IL1RL1	0.3333333333333333
IL1RL2	0.5283208335737187
IL1RN	-3.39122571210114
IL2	0.0
IL20	0.0
IL20RA	0.0
IL20RB	0.5283208335737186
IL20RB-AS1	0.0
IL21	0.0
IL21-AS1	0.0
IL21R	0.0
IL21R-AS1	-0.3333333333333333
IL22	0.0
IL22RA1	-0.9123218647220688
IL22RA2	0.3333333333333333
IL23A	-0.3899750004807707
IL23R	0.0
IL24	0.0
IL25	0.0
IL26	0.0
IL27	0.0
IL27RA	-1.965128472753182
IL2RA	0.0
IL2RA-AS1	0.0
IL2RB	0.0
IL2RB-AS1	0.0
IL2RG	0.0
IL3	0.0
IL31	0.0
IL31RA	0.0
IL32	-0.43166584340459657
IL33	0.0
IL34	-1.2146187299249078
IL36A	0.0
IL36B	0.0
IL36G	0.0
IL36RN	0.3333333333333333
IL37	0.0
IL3RA	0.0
IL4	0.0
IL4I1	-0.44064269829578745
IL4R	-0.20024737834683393
IL5	0.0
IL5RA	0.0
IL6	0.0
IL6-AS1	0.3333333333333333
IL6R	-0.5492849526577679
IL6R-AS1	-0.5283208335737186
IL6RP1	0.0
IL6ST	0.049806694087406456
IL6ST-DT	0.33333333333333326
IL6STP1	0.3333333333333333
IL7	0.11488272379581543
IL7R	0.0
IL9	0.0
IL9R	0.0
IL9RP1	0.0
IL9RP2	0.0
IL9RP3	-0.1383458330929479
IL9RP4	0.0
IL9RP5	0.0
IL9RP6	0.0
ILDR1	0.0
ILDR2	-0.05664166714743746
ILF2	-0.11223566334976987
ILF2P1	0.5283208335737187
ILF2P2	0.0
ILF3	-0.3708370552496989
ILF3-DT	0.5181584252525102
ILK	0.9689635318695059
ILKAP	0.8491572177834605
ILRUN	-0.02359854287311247
ILRUN-AS1	0.056641667147437236
ILRUNP1	0.0
ILVBL-AS1	0.0
IMMP1L	0.03891498786104641
IMMP1LP1	0.0
IMMP1LP2	-0.3333333333333333
IMMP1LP3	0.0
IMMP2L	0.1310212791355152
IMMT	0.45623339067572566
IMMTP1	0.3333333333333333
IMP3	-0.7546230191042027
IMP3P1	0.0
IMP3P2	0.0
IMP4	-0.037158465691368825
IMPA1	0.44982316104326614
IMPA1P1	0.0
IMPA2	-0.4993079839818648
IMPA2-AS1	0.19498750024038536
IMPACT	0.90519321296195
IMPDH1	-1.1499745219906217
IMPDH1P10	-0.5283208335737187
IMPDH1P11	0.0
IMPDH1P2	0.0
IMPDH1P3	0.3333333333333333
IMPDH1P4	0.0
IMPDH1P5	0.050667697815016455
IMPDH1P6	-0.3333333333333333
IMPDH1P7	0.0
IMPDH1P8	-0.6666666666666666
IMPDH1P9	0.0
IMPDH2	0.5775272599096919
IMPG1	-0.5283208335737186
IMPG2	0.0
INA	2.4406426982957874
INAFM1	0.8333578677115474
INAFM2	0.8871680185313835
INAVA	-1.1144692740992705
INAVAP1	0.0
INCA1	1.4505584794271384
INCENP	0.19686968795409943
INCR1	0.0
INE1	0.09759391640928206
INE2	0.0
INF2	0.2237322075207544
ING1	0.9596926460298691
ING2	0.10621765428483343
ING2-DT	0.8306176987765579
ING3	0.3822196242227385
ING4	-0.19643599033237447
ING5	0.15600575783391601
ING5-AS1	-0.6666666666666666
INGX	-0.5283208335737187
INHA	-1.7381063736002553
INHBA	0.0
INHBA-AS1	0.0
INHBB	0.056641667147437236
INHBC	-2.796603522389396
INHBE	-3.831907269299373
INHCAP	-0.5283208335737187
INIP	0.034542880361797756
INKA1	-0.5283208335737187
INKA2	0.5668132393803642
INKA2-AS1	0.0
INMT	0.0
INMT-MINDY4	0.0
INO80	-0.9548149160131949
INO80-AS1	-0.6666666666666666
INO80B	0.6491775267019546
INO80B-WBP1	0.0
INO80C	-0.3999187416311383
INO80D	-0.4348474724871547
INO80D-AS1	-0.6213128168079902
INO80E	0.17208325021237858
INPP1	0.5051488081094657
INPP4A	1.5317624819580864
INPP4B	0.19498750024038536
INPP5A	-0.01948934599384433
INPP5B	0.0031886588966658636
INPP5B-AS1	0.0
INPP5D	-2.3827286914689783
INPP5E	0.40190456006327224
INPP5F	1.1513325775288887
INPP5J	0.19498750024038536
INPP5K	0.6993089895627991
INPPL1	-1.811036053104786
INS	0.0
INS-IGF2	0.0
INSC	0.0
INSIG1	0.0
INSIG1-DT	0.0
INSIG2	-1.016459175624238
INSL3	0.0
INSL4	0.0
INSL5	0.0
INSL6	0.8616541669070521
INSM1	0.0
INSM2	0.9357849740192015
INSR	-0.5984982556158469
INSRR	0.3333333333333333
INSYN1	0.3333333333333333
INSYN1-AS1	0.0
INSYN2A	0.4210114686112646
INSYN2B	0.0
INTS1	0.15571514085287497
INTS10	-0.3972043154677314
INTS11	0.49600050288163544
INTS12	0.3797613457170623
INTS13	0.13588598963774956
INTS14	-0.8111637687633051
INTS15	0.8238778441532464
INTS2	0.1488992695844189
INTS3	0.10186861805003478
INTS4	0.3585136743376438
INTS4P1	0.3333333333333333
INTS4P2	-0.47167916642628127
INTS5	1.1431624051231006
INTS6	0.914871404839527
INTS6-AS1	1.2146187299249083
INTS6L	0.5283208335737187
INTS6L-AS1	0.0
INTS6P1	0.0
INTS7	0.6128296893213836
INTS8	0.6079930006499135
INTS9	0.28897058891268657
INTS9-AS1	0.21845060953751805
INTU	-1.1379372880450465
INVS	-0.12522108698156664
IP6K1	0.5193683868420083
IP6K2	0.5463076566940979
IP6K3	-0.3333333333333333
IPCEF1	0.3333333333333333
IPMK	0.3085534665427865
IPMKP1	0.0
IPO11	-0.10911309747505982
IPO13	0.7326317795431994
IPO4	-0.10730936496245436
IPO5	-0.7389819065540522
IPO5P1	0.46570910047369196
IPO7	-0.27852002582907964
IPO7P1	0.0
IPO7P2	0.3333333333333333
IPO8	-0.8392553095644351
IPO8P1	0.0
IPO9	0.3466697005848154
IPO9-AS1	-1.0
IPP	0.5657317516729892
IPPK	-0.2974636753044684
IPPKP1	0.0
IQANK1	-1.6356301985361728
IQCA1-AS1	0.3333333333333333
IQCB1	-0.139075889459626
IQCB2P	0.0
IQCC	0.44064269829578717
IQCC-AS1	0.0
IQCE	0.13834583309294812
IQCF1	0.0
IQCF2	0.0
IQCF3	0.0
IQCF4P	0.0
IQCF5	0.0
IQCF5-AS1	0.3333333333333333
IQCF6	0.0
IQCH	0.0
IQCH-AS1	-0.907488674823697
IQCJ	0.0
IQCJ-SCHIP1	-1.1073093649624541
IQCJ-SCHIP1-AS1	0.0
IQCK	-0.8800346849712062
IQCK-AS1	0.5283208335737187
IQCM	0.0
IQCN	1.5479520632582418
IQGAP1	0.940145017150603
IQGAP2	-1.183573450792312
IQGAP2-AS1	-0.138345833092948
IQGAP3	-0.16121377109262225
IQSEC1	-0.08806611298914202
IQSEC2	0.0
IQSEC3	0.3333333333333333
IQSEC3-AS1	0.0
IQSEC3-AS2	0.0
IQSEC3-AS3	0.0
IQSEC3P1	-0.3333333333333333
IQSEC3P2	0.0
IQSEC3P3	0.0
IQUB	0.0
IRAG1	0.0
IRAG1-AS1	0.0
IRAG2	0.0
IRAIN	1.3333333333333333
IRAK1	-1.0221096718807372
IRAK1BP1	-0.03954816549953932
IRAK2	-0.7108792561927064
IRAK3	0.3333333333333333
IRAK4	-0.13797086911904177
IREB2	0.3120022918129024
IRF1	0.8278572981438996
IRF2	-0.43833622698252395
IRF2-DT	0.8198105395457653
IRF2BP1	0.8755077075864257
IRF2BP2	0.5360533687797906
IRF2BPL	0.31542860368775383
IRF3	0.13068752276270956
IRF4	-0.5283208335737187
IRF5	-2.0406344955264557
IRF5P1	0.0
IRF6	0.0
IRF7	0.881285396591575
IRF8	0.0
IRF9	0.968963531869506
IRGC	0.0
IRGM	-0.3333333333333333
IRGQ	0.23617725631131314
IRS1	-1.2611706225421706
IRS2	0.0
IRS3P	0.723308333814104
IRS4	0.0
IRS4-AS1	0.3333333333333333
IRX1	0.0
IRX1P1	0.0
IRX2	0.0
IRX2-DT	0.0
IRX3	-1.633510471500779
IRX4	0.0
IRX4-AS1	0.0
IRX4-DT	0.0
IRX5	0.0
IRX6	0.0
ISCA1	0.2094421269841389
ISCA1P1	0.0
ISCA1P2	0.0
ISCA1P3	0.0
ISCA1P4	0.0
ISCA1P6	0.0
ISCA1P7	0.5283208335737187
ISCA2	0.6866421504364277
ISCA2P1	0.0
ISCU	-0.1375598014677495
ISCUP1	0.0
ISG15	0.0036698045468925855
ISG20	-0.3840010311483506
ISG20L2	0.049578459870379454
ISG20L2P1	0.0
ISG20L2P2	0.4210114686112646
ISL1	0.0
ISL1-DT	0.0
ISL2	-0.5283208335737188
ISLR	0.0
ISLR2	0.0
ISLR2-AS1	0.0
ISM1	-1.035417349429875
ISM1-AS1	-1.968963531869506
ISM2	0.3926661006593317
ISOC1	0.010186451797000728
ISOC2	-0.935656418868958
IST1	0.41922482142144446
ISX	-2.621690139971297
ISY1	-0.20853482840616744
ISY1-RAB43	0.0
ISYNA1	0.3041443230842429
ISYNA1P1	0.0
ITCH	0.17067714427447278
ITCH-AS1	0.723308333814104
ITCH-IT1	-0.12085669312823599
ITFG1	0.3194396868292424
ITFG1-AS1	-0.3333333333333333
ITFG1-AS2	-0.259202526221184
ITFG2	1.2163146362107775
ITFG2-AS1	0.33333333333333337
ITGA1	-0.9158951175147196
ITGA10	-1.8616541669070523
ITGA11	-0.12968076358196656
ITGA2	-0.03456081351258611
ITGA2-AS1	0.7739760316291205
ITGA2B	4.1618313050744975
ITGA3	-0.02346310929713269
ITGA4	0.0
ITGA5	0.3333333333333333
ITGA6	-0.17859903114537623
ITGA6-AS1	-1.0
ITGA7	1.5214013135181195
ITGA8	0.0
ITGA9	-0.8050124997596145
ITGA9-AS1	1.3022968652028393
ITGAD	0.6666666666666666
ITGAE	0.3202680883809421
ITGAEP1	-0.44064269829578745
ITGAL	-0.4466166676282082
ITGAL-AS1	0.6666666666666666
ITGAM	0.3333333333333333
ITGAV	0.34511131962822184
ITGAX	-0.3333333333333333
ITGB1	0.5004039943151746
ITGB1-DT	-0.3333333333333333
ITGB1BP1	-0.06190884866407398
ITGB1BP2	0.0
ITGB1P1	0.41127142230626657
ITGB2	-0.6666666666666667
ITGB2-AS1	0.0
ITGB3	0.0
ITGB3BP	0.05532098598734869
ITGB4	-0.9864526718342184
ITGB5	-0.1741687180260474
ITGB5-AS1	0.3333333333333333
ITGB6	0.3333333333333333
ITGB7	-0.7739760316291209
ITGB8	0.0
ITGB8-AS1	0.0
ITGBL1	0.0
ITIH1	-1.46410580759292
ITIH2	-1.5530333852067795
ITIH3	-0.8362166094198606
ITIH4	-0.3333333333333333
ITIH4-AS1	0.0
ITIH5	-0.6757282764420767
ITIH6	0.0
ITK	0.0
ITLN1	-0.5283208335737187
ITLN2	0.0
ITM2A	0.0
ITM2B	0.7124413737363762
ITM2BP1	0.0
ITM2C	0.38664611614581723
ITPA	-0.1356247470470695
ITPK1	0.054562293755269664
ITPK1-AS1	0.33333333333333337
ITPK1P1	-0.5789885313887353
ITPKA	-0.7060283805400314
ITPKB	0.0
ITPKB-AS1	0.0
ITPKB-IT1	0.0
ITPKC	-0.15649509443374
ITPR1	1.5200144954977697
ITPR1-DT	0.05664166714743746
ITPR2	-0.0242974271305183
ITPR2-AS2	-0.8420229372225294
ITPR3	-1.2170349525041226
ITPRID1	0.0
ITPRID2	0.21900348514617463
ITPRID2-DT	-0.8851172762041848
ITPRIP	-1.0099157811313504
ITPRIP-AS1	0.5283208335737187
ITPRIPL1	-1.7240120820812148
ITPRIPL2	-0.4514759286190495
ITPRIPL2-AS1	0.0
ITSN1	0.6451163800527873
ITSN1P1	0.0
ITSN2	-0.3146862386869067
IVD	0.42420796126853766
IVL	0.0
IVNS1ABP	-0.5782959902424896
IWS1	-0.11197831762708166
IYD	-0.3333333333333333
IZUMO1	0.0
IZUMO1R	0.0
IZUMO2	0.0
IZUMO3	0.0
IZUMO4	2.352964563017856
JADE1	-0.9182217699319084
JADE2	-2.0773403741780756
JADE3	0.4730788930567087
JADRR	0.0
JAG1	0.020349427064171977
JAG2	0.0
JAGN1	0.19337760232190515
JAK1	0.7630338937210626
JAK2	0.3307821424855213
JAK3	-0.01187463657690735
JAKMIP1	0.0
JAKMIP1-DT	0.0
JAKMIP2	0.3333333333333333
JAKMIP2-AS1	0.0
JAKMIP3	-0.10730936496245413
JAKMIP3-AS1	0.0
JAM2	-0.47167916642628127
JAM3	0.38368865806366514
JAML	-2.014798039786151
JARID2	0.1862093929077746
JARID2-AS1	0.6666666666666666
JARID2-DT	0.38997500048077083
JAZF1	0.9357849740192015
JAZF1-AS1	0.0
JCAD	1.3987990709345015
JCADP1	0.0
JCHAIN	0.0
JCHAINP1	0.0
JDP2	-0.1693823012234419
JDP2-AS1	-0.9123218647220686
JHY	-0.3333333333333333
JKAMP	0.3208399422784254
JKAMPP1	0.0
JMJD1C	0.16554016070251798
JMJD1C-AS1	0.5517839428708513
JMJD4	0.1887822741846028
JMJD4P1	0.0
JMJD6	-0.3375797039435593
JMJD7	0.861654166907052
JMJD7-PLA2G4B	1.23593974950223
JMJD8	0.5283208335737186
JMY	0.33450694582597507
JOSD1	0.6307630754758655
JOSD2	1.3407892710094849
JPH1	-0.5283208335737187
JPH2	0.0
JPH3	-1.1073093649624541
JPH4	1.6765824477980171
JPT1	0.9236687277854561
JPT1P1	0.0
JPT2	0.1268067112819029
JPX	0.3333333333333333
JRK	-0.38017178758098424
JRKL	0.37305723365922727
JRKL-AS1	0.0
JSRP1	-1.1307724742595866
JTB	-0.6283811087033655
JTB-DT	0.7097610056483223
JTBP1	0.0
JUN	1.3594814720501853
JUNB	2.087115588893961
JUND	2.131046637991794
JUP	0.06438800754269192
KAAG1	-1.3333333333333335
KALRN	-1.0991995885085397
KANK1	-1.2058627854506563
KANK1-AS1	-0.7407974737788159
KANK1P1	0.0
KANK2	0.4596183876573994
KANK3	-0.4210114686112645
KANK4	-0.3623736947596212
KANSL1	-0.1348889265539217
KANSL1-AS1	1.6024516406858678
KANSL1L	0.5956790940095846
KANSL1L-AS1	-0.5371449040274494
KANSL2	0.5148989096379291
KANSL3	0.22746780923789345
KANTR	-0.6549478515287945
KARS1	-0.481559851918556
KARS1P1	-0.33333333333333326
KARS1P2	0.07413080711214937
KARS1P3	0.3333333333333333
KASH5	0.0
KAT14	0.7180848235453148
KAT2A	-0.6563472242003643
KAT2B	0.9847321034622909
KAT5	-0.16587404138018247
KAT6A	0.4860742490176335
KAT6B	-0.4153674466996513
KAT7	0.5710603731283959
KAT7P1	0.0
KAT8	0.3512332971996903
KATNA1	0.9337175711146308
KATNAL1	-1.0242606419799642
KATNAL2	-0.2456551980554018
KATNB1	-0.6960929352855265
KATNBL1	0.8997644825358302
KATNBL1P1	0.0
KATNBL1P2	0.0
KATNBL1P3	-0.19498750024038536
KATNBL1P4	0.0
KATNBL1P5	0.0
KATNBL1P6	-0.3333333333333333
KATNIP	1.1050376676497446
KAZALD1	-1.1954996936501452
KAZALD1-DT	0.054499577427626456
KAZN	-0.8779183346947175
KAZN-AS1	0.0
KBTBD11	0.0
KBTBD11-AS1	0.0
KBTBD11-OT1	0.0
KBTBD12	0.0
KBTBD13	0.861654166907052
KBTBD2	0.27653266524314724
KBTBD3	0.6516373701571543
KBTBD4	-0.0827367336079714
KBTBD6	-0.6326862772892676
KBTBD6-DT	0.6666666666666666
KBTBD7	-0.38101587303861173
KBTBD8	0.6122485072599639
KC6	0.0
KCMF1	-0.06935499496292508
KCNA1	0.0
KCNA10	0.0
KCNA2	0.0
KCNA3	0.0
KCNA4	0.0
KCNA5	0.0
KCNA6	0.0
KCNA6-AS1	0.0
KCNA7	0.0
KCNAB1	-0.7754201718944644
KCNAB1-AS1	0.0
KCNAB1-AS2	0.0
KCNAB2	-1.5777847802046088
KCNAB3	0.47167916642628127
KCNB1	-0.7974391409262533
KCNB2	0.0
KCNB2-AS1	0.0
KCNC1	-0.3643698014638268
KCNC2	0.0
KCNC3	2.048785510101302
KCNC4	-0.33333333333333337
KCNC4-DT	0.0
KCND1	0.6666666666666666
KCND2	0.0
KCND3	0.5283208335737186
KCND3-AS1	0.0
KCND3-IT1	0.0
KCNE1	0.0
KCNE2	0.0
KCNE3	-1.4224934369549953
KCNE4	0.0
KCNE5	0.0
KCNF1	-1.4406426982957874
KCNG1	0.3333333333333333
KCNG2	0.19498750024038541
KCNG3	-0.9287224028742083
KCNG4	0.0
KCNH1	-0.3333333333333333
KCNH1-IT1	0.0
KCNH2	0.3333333333333333
KCNH3	0.1307724742595866
KCNH4	0.0
KCNH5	0.0
KCNH6	0.0
KCNH7	0.3333333333333333
KCNH7-AS1	0.0
KCNH8	0.0
KCNIP1	0.0
KCNIP1-AS1	0.0
KCNIP1-AS2	0.0
KCNIP1-OT1	0.0
KCNIP2	0.36436980146382747
KCNIP2-AS1	-1.1949875002403854
KCNIP3	0.0
KCNIP4	0.0
KCNIP4-IT1	0.0
KCNJ1	0.0
KCNJ10	-1.8392890788505443
KCNJ11	-0.3333333333333333
KCNJ12	0.0
KCNJ13	0.5517839428708515
KCNJ14	-1.0566416671474372
KCNJ15	0.0
KCNJ16	0.0
KCNJ18	0.0
KCNJ2	0.3333333333333333
KCNJ2-AS1	0.0
KCNJ3	0.0
KCNJ4	0.0
KCNJ5	0.0
KCNJ5-AS1	0.0
KCNJ6	0.0
KCNJ8	0.3333333333333333
KCNJ8-AS1	-0.3333333333333333
KCNJ9	0.0
KCNK1	0.0
KCNK10	0.5283208335737187
KCNK10-AS1	0.0
KCNK12	0.0
KCNK13	0.33333333333333326
KCNK15	0.0
KCNK16	0.0
KCNK17	0.0
KCNK18	0.0
KCNK2	0.0
KCNK3	0.0
KCNK4	0.0
KCNK4-CATSPERZ	0.0
KCNK5	-0.7173343644816832
KCNK6	0.5283208335737187
KCNK7	0.5283208335737187
KCNK9	0.0
KCNMA1	0.0
KCNMA1-AS1	0.0
KCNMA1-AS2	0.0
KCNMA1-AS3	0.0
KCNMB1	0.0
KCNMB2	-0.7233083338141041
KCNMB2-AS1	-1.1814401720746033
KCNMB3	0.3455254632243401
KCNMB3P1	0.0
KCNMB4	0.2914897059720474
KCNN1	0.3333333333333333
KCNN2	0.0
KCNN3	0.0
KCNN4	0.0
KCNQ1	-0.3333333333333333
KCNQ1-AS1	0.0
KCNQ1DN	0.3333333333333333
KCNQ1OT1	-0.26650973310544224
KCNQ2	0.0
KCNQ2-AS1	0.0
KCNQ3	0.0
KCNQ4	0.0
KCNQ5	-0.5283208335737187
KCNQ5-AS1	0.0
KCNQ5-DT	0.0
KCNRG	0.3899750004807707
KCNS1	-0.6666666666666666
KCNS2	0.8616541669070521
KCNS3	0.0
KCNT1	0.0
KCNT2	0.0
KCNU1	0.0
KCNV1	0.0
KCNV2	0.3333333333333333
KCP	-0.6666666666666661
KCTD1	-0.10730936496245391
KCTD10	0.18791374272453698
KCTD10P1	0.0
KCTD11	0.38799191170370895
KCTD12	0.0
KCTD13	1.0317013136719497
KCTD13-DT	0.3643698014638277
KCTD14	-0.6901297759637992
KCTD14-AS2	0.0
KCTD15	-1.8920574573990523
KCTD16	0.3333333333333333
KCTD17	1.3448135484430095
KCTD18	-0.07562196597191884
KCTD19	-1.3899750004807707
KCTD2	0.25461537724828354
KCTD20	0.03823127619943811
KCTD21	2.5714151725553736
KCTD21-AS1	0.4021502924891416
KCTD3	-0.12359416595915818
KCTD4	-0.723308333814104
KCTD5	0.5609877070542701
KCTD5P1	0.6666666666666666
KCTD6	0.15022046966985414
KCTD7	0.46341908234767715
KCTD8	0.0
KCTD9	0.20898093561279207
KCTD9P1	0.0
KCTD9P2	0.0
KCTD9P3	0.0
KCTD9P4	0.0
KCTD9P5	0.0
KCTD9P6	0.3333333333333333
KDELR1	-0.6575368929178698
KDELR2	-0.18634542320374514
KDELR3	-0.2561124555445007
KDF1	-1.7097610056483221
KDM1A	-0.3571635401022064
KDM1B	0.6183380483596448
KDM2A	0.3589977049536177
KDM2B	-0.08321934134405495
KDM2B-DT	-0.6666666666666666
KDM3A	1.0746477381863588
KDM3AP1	0.0
KDM3B	-0.08414296855950898
KDM4A	0.35827841097419677
KDM4A-AS1	0.4595038744179103
KDM4B	0.6358112937546405
KDM4C	0.14836412371668484
KDM4D	-0.11465146707245344
KDM4E	0.0
KDM4F	0.0
KDM5A	0.1743677575718996
KDM5B	0.47898426277230577
KDM5C	-0.1688934288258368
KDM5C-IT1	-0.1383458330929479
KDM5D	0.1819765896951555
KDM5DP1	0.3333333333333333
KDM6A	0.4359549749724865
KDM6B	-0.4126630921291561
KDM7A	-0.13004990790371096
KDM7A-DT	0.6310976640692649
KDM8	0.031647520750144764
KDNBY	0.9123218647220684
KDR	-0.09985342728630231
KDSR	-0.1434121780345805
KDSR-DT	0.3333333333333333
KEAP1	-0.5079527707607925
KEL	0.0
KERA	0.5283208335737187
KGD4	-0.06282191211976329
KHDC1	0.0
KHDC1-AS1	0.0
KHDC1L	0.0
KHDC1P1	0.0
KHDC3L	0.0
KHDC4	0.26718787860418924
KHDRBS1	0.30925802432050453
KHDRBS2	-0.5283208335737187
KHDRBS3	0.13834583309294857
KHK	-1.1267992486482559
KHNYN	0.2509440443105362
KHSRP	-0.6799327712961256
KHSRPP1	0.0
KIAA0040	-0.8616541669070521
KIAA0087	0.0
KIAA0232	0.22738751660148537
KIAA0319	0.3333333333333333
KIAA0319L	0.9734068308479431
KIAA0408	0.0
KIAA0513	3.264082676555799
KIAA0586	0.34566847189360494
KIAA0753	-0.17181914313335334
KIAA0825	1.019631229684523
KIAA0895LP1	0.0
KIAA0930	0.01034947875307779
KIAA1143	0.21186397770094167
KIAA1143P1	0.0
KIAA1143P2	0.0
KIAA1191	0.6759915342000653
KIAA1191-AS1	0.0
KIAA1191P1	0.0
KIAA1191P2	0.0
KIAA1191P3	0.0
KIAA1210	0.3333333333333333
KIAA1217	-0.8857728165270959
KIAA1328	1.092034336027071
KIAA1328P1	0.0
KIAA1549	-0.7073011621931236
KIAA1549L	-0.3333333333333333
KIAA1586	0.09537760403393136
KIAA1614	-1.6922718656836102
KIAA1614-AS1	-0.19498750024038541
KIAA1671	-0.9236944541731615
KIAA1671-AS1	0.33333333333333326
KIAA1755	0.0
KIAA1958	0.5765486509193609
KIAA2012	-0.3333333333333333
KIAA2012-AS1	0.0
KIAA2013	-0.23922292171481807
KIAA2013P1	-0.33333333333333326
KICS2	0.4903595340175997
KIDINS220	0.9351596362911918
KIF11	0.24768834687726837
KIF12	-0.8616541669070514
KIF13A	-0.6721548612307915
KIF13B	0.18047837506007802
KIF14	-0.023824326150657882
KIF15	-0.15023709086769887
KIF16B	-0.32295503374901013
KIF17	0.861654166907052
KIF18A	0.4218925392797068
KIF18B	-0.13893456913211022
KIF18B-DT	-1.0
KIF18BP1	0.0
KIF19	0.0
KIF19BP	-0.3333333333333333
KIF1A	0.0
KIF1B	0.7155617664584755
KIF1C	-0.5968623393242307
KIF1C-AS1	0.19498750024038541
KIF20A	-0.3511674906080593
KIF20B	0.26745924557988765
KIF21A	0.19229750096241727
KIF21B	0.9271199045082199
KIF22	-0.460250103229523
KIF23	0.28012110167044213
KIF23-AS1	-0.33333333333333304
KIF24	0.012175292008371308
KIF25	0.0
KIF25-AS1	0.0
KIF26A	0.3333333333333333
KIF26A-DT	0.0
KIF26B	-0.3333333333333333
KIF26B-AS1	0.0
KIF26B-AS2	0.0
KIF26B-AS3	-0.3333333333333333
KIF27	1.0859937260358357
KIF27P1	0.0
KIF28P	-1.3022968652028393
KIF2A	-0.046654410718669936
KIF2B	0.0
KIF2C	-0.16445000806105803
KIF3A	1.4062224410785031
KIF3AP1	0.0
KIF3B	0.2447864710528238
KIF3C	-0.0654657376011678
KIF4A	-0.08470758010654311
KIF4B	0.6666666666666666
KIF4CP	0.0
KIF5A	-1.5717719220872852
KIF5B	-0.20354366629335097
KIF5C	0.6666666666666666
KIF5C-AS1	0.0
KIF6	0.08767813527793122
KIF7	0.24105326488039225
KIF9	-0.5283208335737188
KIF9-AS1	1.3257599744999722
KIFAP3	0.1746443557745323
KIFAP3-AS1	0.0
KIFBP	0.5250624145393417
KIFC1	-0.014903203983887892
KIFC2	0.8926906350375456
KIFC3	0.11822497328267723
KILH	-0.3333333333333333
KIN	0.4990840875223439
KIR2DL1	0.0
KIR2DL3	0.0
KIR2DL4	0.0
KIR2DP1	0.0
KIR2DS4	0.0
KIR3DL1	0.0
KIR3DL2	0.0
KIR3DL3	0.0
KIR3DP1	0.0
KIR3DX1	0.0
KIRREL1	0.3333333333333333
KIRREL1-IT1	0.0
KIRREL2	-1.968963531869506
KIRREL3	-0.19498750024038547
KIRREL3-AS1	0.0
KIRREL3-AS2	0.0
KIRREL3-AS3	0.0
KIRREL3-AS4	0.0
KISS1	0.4210114686112646
KISS1R	0.4991665531569396
KIT	-0.5593573017042128
KITLG	-0.2392628054744419
KIZ	-0.725967423277412
KIZ-AS1	-1.0192384992854295
KL	0.0
KLB	-1.1692423918926922
KLC1	0.8515561928025193
KLC1-AS1	2.2380818392220414
KLC2	0.4263253165676053
KLC2-AS1	0.6666666666666666
KLC2-AS2	-0.3333333333333333
KLC3	0.6666666666666667
KLC4	0.23933269650846611
KLC4-AS1	0.0
KLF1	-0.3333333333333333
KLF10	0.655939864750283
KLF11	0.03032455334916273
KLF12	-0.2777597654130419
KLF13	0.38984846493288483
KLF14	0.3333333333333333
KLF15	-1.3459892833996734
KLF16	-0.409136832034358
KLF16-AS1	0.0
KLF17	0.0
KLF17P1	-0.3333333333333333
KLF17P2	0.0
KLF18	0.0
KLF2	0.0
KLF2-DT	0.0
KLF2P1	0.0
KLF2P2	0.0
KLF2P3	0.0
KLF2P4	0.0
KLF3	-0.9291860674817416
KLF3-AS1	-1.352964563017856
KLF3P1	-0.10730936496245413
KLF3P2	0.0
KLF4	1.1949875002403854
KLF4P1	0.7739760316291208
KLF5	2.0958733480373555
KLF6	1.2136396984795823
KLF7	0.12091476913180443
KLF7-IT1	0.0
KLF7P1	0.0
KLF8	-0.861654166907052
KLF8P1	0.0
KLF9	0.21934846142528208
KLHDC1	0.861654166907052
KLHDC10	0.12358593516522287
KLHDC2	0.6110376484414886
KLHDC3	0.5913161020978501
KLHDC4	0.12900770770308156
KLHDC7A	-1.91977780239822
KLHDC7B	0.3333333333333333
KLHDC7B-DT	0.0
KLHDC8A	-0.3333333333333333
KLHDC8B	0.4769267452748629
KLHDC9	-0.5517839428708515
KLHL1	0.0
KLHL10	-0.8050124997596146
KLHL11	0.2778489704499387
KLHL12	0.9828188945844749
KLHL12P1	0.9357849740192015
KLHL13	-0.44064269829578717
KLHL14	-0.8459314378752865
KLHL15	0.5612490430886599
KLHL17	-0.36983992070784577
KLHL18	0.5660444414032524
KLHL2	0.32622541039698394
KLHL20	0.36625222684311654
KLHL21	-0.00782181989450148
KLHL22	1.6141297156407406
KLHL23	-0.7826376325687061
KLHL24	1.6388019567727028
KLHL25	0.37073402846235837
KLHL25P1	-0.23199793770329968
KLHL26	0.9355021758064272
KLHL28	1.3147411267702775
KLHL29	1.3333333333333335
KLHL2P1	-1.6356301985361728
KLHL3	0.0
KLHL30	0.3333333333333333
KLHL30-AS1	0.0
KLHL31	-0.723308333814104
KLHL32	-0.7739760316291205
KLHL33	-0.9689635318695062
KLHL34	0.0
KLHL35	1.3333333333333335
KLHL36	-0.1029560828720184
KLHL38	0.3333333333333333
KLHL4	-0.3333333333333333
KLHL40	0.0
KLHL41	-0.5789885313887354
KLHL42	-0.791152798509148
KLHL5	0.38719129000661123
KLHL5P1	0.0
KLHL6	0.3333333333333333
KLHL6-AS1	0.0
KLHL7	0.905413554735448
KLHL7-DT	2.1307724742595866
KLHL8	0.41306255462647634
KLHL9	0.06761853658034678
KLK1	0.3333333333333333
KLK10	0.0
KLK11	0.0
KLK12	0.0
KLK13	0.0
KLK14	0.3333333333333333
KLK15	0.0
KLK2	0.0
KLK3	-0.3333333333333333
KLK4	0.0
KLK5	0.0
KLK6	0.0
KLK7	0.0
KLK8	0.0
KLK9	0.0
KLKB1	-0.5283208335737187
KLKP1	0.0
KLLN	-0.0688169591558081
KLRA1P	0.30229686520283927
KLRB1	0.5283208335737187
KLRC1	0.0
KLRC2	0.0
KLRC3	-0.3333333333333333
KLRC4	0.0
KLRC4-KLRK1	0.0
KLRD1	0.0
KLRF1	0.0
KLRF2	0.0
KLRG1	-0.9999999999999999
KLRG2	0.0
KLRK1	0.0
KLRK1-AS1	-0.861654166907052
KMO	0.861654166907052
KMT2A	-0.02529067474302593
KMT2B	0.2908383386691682
KMT2C	0.49936477229449583
KMT2CP1	0.0
KMT2CP2	0.0
KMT2CP3	0.0
KMT2CP4	0.0
KMT2CP5	0.3333333333333333
KMT2D	-0.4366614471860597
KMT2E	0.21341174254437867
KMT5A	-0.11649761915818413
KMT5AP1	-0.3333333333333333
KMT5AP2	-0.5283208335737186
KMT5AP3	0.0
KMT5B	-0.37862626554319423
KMT5C	1.9810056996611238
KNCN	0.0
KNDC1	0.3333333333333333
KNG1	-1.107309364962454
KNL1	0.5822078992888571
KNOP1	-0.6799821505142933
KNOP1P1	0.0
KNOP1P2	-0.861654166907052
KNOP1P3	0.0
KNOP1P4	0.0
KNOP1P5	0.0
KNSTRN	-0.0672297170587246
KNTC1	0.04676124883446775
KPLCE	0.0
KPNA1	0.5757147605909125
KPNA2	0.3846836775451816
KPNA2P1	0.0
KPNA2P2	0.3333333333333333
KPNA2P3	0.0
KPNA3	-0.054040661330096995
KPNA4	0.8213846355326986
KPNA4P1	0.0
KPNA5	-0.5395310928674784
KPNA6	0.3579234372947795
KPNA7	0.5283208335737187
KPNB1	-0.26200211403972595
KPNB1-DT	0.861654166907052
KPNB1P1	0.0
KPRP	0.0
KPTN	0.4653095587770464
KRABD1	0.0
KRABD1-AS1	0.0
KRABD2	0.8764522066932032
KRABD3	-0.019631229684522467
KRABD4	-0.2377294036276938
KRABD5	0.7310059397343114
KRABD5P1	0.0
KRAS	0.005572652154024027
KRASP1	0.5283208335737187
KRCC1	0.7919430999967312
KREMEN1	0.011838956993342364
KREMEN2	0.01354732816578208
KRI1	-0.16731976922050507
KRIT1	0.3529645630178564
KRR1	-0.7107216754022119
KRR1P1	-0.33333333333333326
KRT1	0.0
KRT10	-0.33236280152669906
KRT10-AS1	0.21218789906945634
KRT12	-0.3333333333333333
KRT125P	0.0
KRT126P	0.0
KRT127P	0.0
KRT128P	0.0
KRT13	0.0
KRT14	0.0
KRT15	0.05066769781501668
KRT16	0.0
KRT16P1	0.0
KRT16P2	0.0
KRT16P3	0.0
KRT16P4	0.0
KRT16P5	0.0
KRT16P6	0.0
KRT17	-0.7739760316291209
KRT17P1	0.0
KRT17P2	0.3333333333333333
KRT17P3	0.0
KRT17P4	0.0
KRT17P5	0.0
KRT17P6	0.0
KRT17P7	0.0
KRT17P8	0.0
KRT18	0.7179897466476435
KRT18P1	0.0
KRT18P10	0.0
KRT18P11	0.0
KRT18P12	0.0
KRT18P13	0.0
KRT18P14	0.3333333333333333
KRT18P15	0.0
KRT18P16	0.3333333333333333
KRT18P17	0.3333333333333333
KRT18P18	0.0
KRT18P19	0.0
KRT18P2	0.0
KRT18P20	0.0
KRT18P21	0.0
KRT18P22	0.0
KRT18P23	0.0
KRT18P24	0.0
KRT18P25	0.0
KRT18P26	0.0
KRT18P27	0.0
KRT18P28	0.0
KRT18P29	0.0
KRT18P3	0.0
KRT18P31	0.13834583309294768
KRT18P32	0.0
KRT18P33	-0.3333333333333333
KRT18P34	-0.3333333333333333
KRT18P35	0.0
KRT18P36	0.0
KRT18P37	0.3333333333333333
KRT18P38	0.0
KRT18P39	0.3333333333333333
KRT18P4	1.4466166676282082
KRT18P40	0.0
KRT18P41	0.0
KRT18P42	0.0
KRT18P43	0.0
KRT18P44	-0.3333333333333333
KRT18P45	0.0
KRT18P46	0.0
KRT18P47	0.0
KRT18P48	0.0
KRT18P49	0.0
KRT18P5	-0.138345833092948
KRT18P50	0.0
KRT18P51	0.0
KRT18P52	0.0
KRT18P53	0.0
KRT18P54	0.0
KRT18P55	0.0
KRT18P56	0.0
KRT18P57	-0.33333333333333337
KRT18P58	0.0
KRT18P59	-0.19498750024038536
KRT18P6	0.0
KRT18P60	0.0
KRT18P61	0.0
KRT18P62	0.44064269829578745
KRT18P63	0.3333333333333333
KRT18P64	0.0
KRT18P65	0.0
KRT18P66	0.0
KRT18P67	0.0
KRT18P68	0.0
KRT18P7	0.35296456301785617
KRT18P8	-0.5283208335737187
KRT18P9	0.0
KRT19	0.9151765714070912
KRT19P1	0.0
KRT19P2	0.0
KRT19P3	0.0
KRT19P4	0.0
KRT19P6	0.0
KRT2	0.0
KRT20	0.0
KRT222	0.0
KRT223P	0.0
KRT224P	0.0
KRT23	-3.392532976442578
KRT24	0.0
KRT25	0.0
KRT26	0.0
KRT27	0.0
KRT28	0.0
KRT3	0.0
KRT31	-0.3333333333333333
KRT32	0.0
KRT33A	0.0
KRT33B	0.0
KRT34	0.0
KRT35	0.0
KRT36	0.3333333333333333
KRT37	-1.0566416671474375
KRT38	0.0
KRT39	0.0
KRT4	0.0
KRT40	0.0
KRT41P	0.0
KRT42P	0.0
KRT43P	-0.3333333333333333
KRT5	0.0
KRT6A	0.0
KRT6B	-0.3333333333333333
KRT6C	0.0
KRT7	0.3333333333333333
KRT7-AS	0.0
KRT71	0.0
KRT72	0.0
KRT73	0.0
KRT73-AS1	0.0
KRT74	0.0
KRT75	0.0
KRT76	-0.3333333333333333
KRT77	0.0
KRT78	0.3333333333333333
KRT79	0.0
KRT8	1.2375422699214873
KRT80	-2.593786571174886
KRT81	-0.5283208335737187
KRT82	0.0
KRT83	0.0
KRT84	0.0
KRT84-AS1	0.0
KRT85	0.0
KRT86	0.0
KRT86-AS2	0.0
KRT87P	0.3333333333333333
KRT88P	0.0
KRT89P	0.0
KRT8P1	0.0
KRT8P10	1.7739760316291204
KRT8P11	-0.3333333333333333
KRT8P12	-0.087678135277931
KRT8P13	0.0
KRT8P14	0.0
KRT8P15	0.0
KRT8P17	0.3333333333333333
KRT8P18	0.0
KRT8P19	0.0
KRT8P2	-0.6666666666666666
KRT8P20	0.0
KRT8P21	0.0
KRT8P22	0.0
KRT8P23	0.0
KRT8P24	-0.3333333333333333
KRT8P25	0.0
KRT8P26	-0.3333333333333333
KRT8P27	0.0
KRT8P28	0.0
KRT8P29	0.0
KRT8P3	1.3707789410057218
KRT8P30	0.0
KRT8P31	0.0
KRT8P32	-0.861654166907052
KRT8P33	0.13834583309294812
KRT8P34	0.0
KRT8P35	0.0
KRT8P36	1.1949875002403854
KRT8P37	0.6666666666666667
KRT8P38	0.0
KRT8P39	0.24565519805540204
KRT8P4	0.0
KRT8P40	0.3333333333333333
KRT8P41	0.0
KRT8P42	0.0
KRT8P43	0.0
KRT8P44	0.0
KRT8P45	1.5283208335737188
KRT8P46	0.5789885313887353
KRT8P47	0.0
KRT8P48	0.0
KRT8P49	0.6666666666666666
KRT8P5	0.6666666666666666
KRT8P50	0.0
KRT8P51	0.0
KRT8P52	0.3333333333333333
KRT8P6	0.0
KRT8P7	0.0
KRT8P8	0.3333333333333333
KRT8P9	0.3333333333333333
KRT9	0.0
KRT90P	0.0
KRTAP1-1	0.0
KRTAP1-3	0.0
KRTAP1-4	0.0
KRTAP1-5	0.0
KRTAP10-1	0.0
KRTAP10-10	0.0
KRTAP10-11	0.0
KRTAP10-12	0.0
KRTAP10-13P	0.0
KRTAP10-2	0.0
KRTAP10-3	0.0
KRTAP10-4	-0.3333333333333333
KRTAP10-5	0.0
KRTAP10-6	0.0
KRTAP10-7	0.0
KRTAP10-8	0.0
KRTAP10-9	0.0
KRTAP11-1	0.0
KRTAP12-1	0.0
KRTAP12-2	0.0
KRTAP12-3	0.0
KRTAP12-4	0.0
KRTAP12-5P	0.0
KRTAP13-1	0.0
KRTAP13-2	0.0
KRTAP13-3	0.0
KRTAP13-4	0.0
KRTAP13-5P	0.0
KRTAP13-6P	0.0
KRTAP15-1	0.0
KRTAP16-1	0.0
KRTAP17-1	0.0
KRTAP19-1	0.0
KRTAP19-10P	0.0
KRTAP19-11P	0.0
KRTAP19-2	0.0
KRTAP19-3	0.0
KRTAP19-4	0.0
KRTAP19-5	0.0
KRTAP19-6	0.0
KRTAP19-7	0.0
KRTAP19-8	0.0
KRTAP19-9P	0.0
KRTAP2-1	0.0
KRTAP2-2	0.0
KRTAP2-3	0.3333333333333333
KRTAP2-4	0.0
KRTAP2-5P	0.0
KRTAP20-1	0.0
KRTAP20-2	0.0
KRTAP20-3	0.0
KRTAP20-4	0.0
KRTAP21-1	0.0
KRTAP21-2	0.0
KRTAP21-3	0.0
KRTAP21-4P	0.0
KRTAP22-1	0.0
KRTAP22-2	0.0
KRTAP23-1	0.0
KRTAP24-1	0.0
KRTAP25-1	0.0
KRTAP26-1	0.0
KRTAP27-1	0.0
KRTAP29-1	0.0
KRTAP3-1	-1.861654166907052
KRTAP3-2	-0.5283208335737187
KRTAP3-3	0.0
KRTAP3-4P	0.0
KRTAP4-1	0.0
KRTAP4-11	0.0
KRTAP4-12	0.0
KRTAP4-16	0.0
KRTAP4-17P	0.0
KRTAP4-2	0.0
KRTAP4-3	0.0
KRTAP4-4	0.0
KRTAP4-5	0.0
KRTAP4-6	0.0
KRTAP4-7	0.0
KRTAP4-8	0.0
KRTAP4-9	0.0
KRTAP5-1	0.3333333333333333
KRTAP5-10	0.0
KRTAP5-11	0.0
KRTAP5-13P	0.0
KRTAP5-14P	0.0
KRTAP5-2	0.0
KRTAP5-3	0.0
KRTAP5-4	0.0
KRTAP5-5	0.0
KRTAP5-6	0.0
KRTAP5-7	0.0
KRTAP5-8	0.0
KRTAP5-9	0.0
KRTAP5-AS1	-1.0
KRTAP6-1	0.0
KRTAP6-2	0.0
KRTAP6-3	0.0
KRTAP7-1	0.0
KRTAP8-1	0.0
KRTAP8-2P	0.0
KRTAP8-3P	0.0
KRTAP9-1	0.0
KRTAP9-10P	0.0
KRTAP9-11P	0.0
KRTAP9-12P	0.0
KRTAP9-2	0.0
KRTAP9-3	0.0
KRTAP9-4	0.0
KRTAP9-6	0.0
KRTAP9-7	0.0
KRTAP9-8	0.0
KRTAP9-9	0.0
KRTCAP2	-1.2691183073525345
KRTCAP3	1.325759974499972
KRTDAP	0.0
KSR1	0.39946443371235496
KSR1P1	0.0
KSR2	-0.6666666666666666
KTI12	0.7665200939529693
KTN1	0.4627160837897035
KTN1-AS1	-0.024197305389303203
KU-MEL-3	0.0
KXD1	0.5331146836710579
KXD1-AS1	0.0
KY	0.0
KYAT1	-0.24565519805540215
KYAT3	-0.3260092720576937
KYNU	-3.2561717267314148
KYNUP1	0.0
KYNUP2	0.0
KYNUP3	0.0
L1CAM	1.1531438728790995
L1CAM-AS1	-0.3333333333333333
L1TD1	0.0
L2HGDH	0.18607254849620958
L3HYPDH	-0.6954768953091843
L3MBTL1	0.4710459887877878
L3MBTL2	-0.9260601472073802
L3MBTL2-AS1	-1.1949875002403854
L3MBTL3	-0.5506922321932315
L3MBTL4	0.15842450581085998
L3MBTL4-AS1	-0.5283208335737186
LACC1	-1.7618007396207496
LACRT	0.0
LACTB	0.83143759680061
LACTB2	0.5417035954367764
LACTB2-AS1	0.44661666762820795
LACTBL1	-1.1949875002403854
LAD1	-2.143836114504359
LAG3	0.861654166907052
LAGE3	0.9045303619307989
LAGE3P1	-1.0
LAIR1	-0.5283208335737186
LAIR2	0.861654166907052
LALBA	0.0
LALTOP	0.0
LAMA1	0.3333333333333333
LAMA2	0.5147735054079372
LAMA3	-1.6590933078333054
LAMA4	0.19498750024038541
LAMA4-AS1	0.0
LAMA5	0.1815600728801492
LAMA5-AS1	0.08767813527793145
LAMB1	-0.11161808519711691
LAMB2	0.9952438260654404
LAMB2P1	0.031036468130493766
LAMB3	0.0
LAMB4	-0.6666666666666667
LAMC1	0.024509415703537485
LAMC1-AS1	0.19498750024038536
LAMC2	-0.19498750024038541
LAMC3	-1.0566416671474375
LAMP1	0.19839078903535334
LAMP2	0.47118467389335983
LAMP3	0.861654166907052
LAMP5	0.0
LAMP5-AS1	0.0
LAMTOR1	0.46088646564559443
LAMTOR2	0.3937616212022865
LAMTOR3	0.6090890237713511
LAMTOR3P1	0.0
LAMTOR3P2	0.0
LAMTOR4	-0.2648957854840832
LAMTOR5	0.3663959402259893
LAMTOR5-AS1	0.4470123059450226
LAMTOR5P1	0.0
LANCL1	-0.024299303308323417
LANCL1-AS1	0.9617858113529589
LANCL2	-0.06340546224119681
LANCL3	0.0
LAP3	-0.007882058925037683
LAP3P1	-0.3333333333333333
LAP3P2	0.0
LAPTM4A	-0.033381130080091026
LAPTM4A-DT	0.19498750024038541
LAPTM4B	-0.4382201323373671
LAPTM4BP1	0.0
LAPTM4BP2	0.3333333333333333
LAPTM5	-0.5283208335737187
LARGE-AS1	0.574155341490364
LARGE-IT1	-0.3333333333333333
LARGE1	0.8277639100274063
LARGE1-AS1	0.0
LARGE1-AS2	0.0
LARGE2	-2.074441565343941
LARP1	-0.40380280361109655
LARP1B	0.1569059319679127
LARP1BP1	0.0
LARP1BP2	0.0
LARP1BP3	0.0
LARP1P1	1.0
LARP4	-0.26417545138910725
LARP4B	0.08345567907121687
LARP4B-DT	0.0
LARP4P	-0.33333333333333326
LARP6	1.107309364962454
LARP7	-0.07877984638945801
LARP7P1	0.0
LARP7P2	0.0
LARP7P3	0.0
LARP7P4	-0.5283208335737187
LARS1	-0.6416830176973081
LARS2	-0.8040437303294548
LARS2-AS1	0.1383458330929479
LAS1L	0.18991065310051347
LASP1	0.00687235800369379
LASP1NB	0.3333333333333333
LASTR	0.0
LAT	1.2691183073525347
LAT2	-0.7516046330096078
LATS1	0.02037600617103319
LATS2	0.47640749552954187
LATS2-AS1	0.138345833092948
LAX1	0.3333333333333333
LAYN	-0.3333333333333333
LBH	0.7233083338141042
LBHD1	0.30229686520283927
LBHD2	0.861654166907052
LBP	0.0
LBR	0.1074112450528446
LBX1	0.0
LBX1-AS1	0.0
LBX2	0.39352408188060695
LBX2-AS1	0.6960133449043608
LCA5	0.23905237102867538
LCA5L	1.9174044559550476
LCAL1	-0.3333333333333333
LCAT	0.048376686511068634
LCDR	0.8149282808909653
LCE1A	0.0
LCE1B	0.0
LCE1C	0.0
LCE1D	0.0
LCE1E	-0.3333333333333333
LCE1F	0.0
LCE2A	0.0
LCE2B	0.3333333333333333
LCE2C	0.0
LCE2D	0.0
LCE3A	0.0
LCE3B	0.0
LCE3C	0.0
LCE3D	0.0
LCE3E	0.0
LCE4A	0.0
LCE5A	0.0
LCE6A	0.0
LCE7A	0.0
LCEP1	0.0
LCEP2	0.0
LCEP3	0.0
LCEP4	0.0
LCIIAR	-0.3333333333333333
LCK	-1.3022968652028393
LCLAT1	-0.6406250077763325
LCMT1	0.42450230356417507
LCMT1-AS1	0.3333333333333333
LCMT1-AS2	-0.14854193970408947
LCMT2	0.7645690476149909
LCN1	0.0
LCN10	0.0
LCN12	-1.7739760316291204
LCN15	-1.5283208335737186
LCN1P1	0.0
LCN1P2	0.0
LCN2	0.3333333333333333
LCN6	0.0
LCN8	0.0
LCN9	0.0
LCNL1	0.0
LCOR	-0.1395239615159758
LCORL	0.2866820896268356
LCORLP1	0.0
LCP1	-3.4415810368314723
LCP2	0.0
LCT	0.0
LCT-AS1	0.0
LCTL	-1.1618089423900806
LDAF1	-1.3621102905868065
LDAH	0.234582404396404
LDB1	0.23811917510730307
LDB2	0.0
LDB3	0.861654166907052
LDC1P	0.0
LDHA	-0.10706365832167108
LDHAL6A	-0.087678135277931
LDHAL6B	0.0
LDHAL6CP	0.0
LDHAL6DP	0.0
LDHAL6EP	0.0
LDHAL6FP	0.0
LDHAP1	-0.3333333333333333
LDHAP2	-0.5283208335737187
LDHAP3	0.138345833092948
LDHAP4	0.0
LDHAP5	1.0
LDHAP7	0.8616541669070521
LDHB	0.0
LDHBP1	0.0
LDHBP2	0.0
LDHBP3	0.0
LDHC	0.0
LDHD	1.4716559743958477
LDLR	1.160352424109659
LDLRAD1	-2.2691183073525343
LDLRAD2	0.0
LDLRAD3	-0.12085669312823599
LDLRAD4	-1.6135098300142143
LDLRAD4-AS1	0.0
LDLRAD4-AS2	0.0
LDLRAD4-AS3	0.0
LDLRAP1	1.3172408153847739
LDOC1	0.3333333333333333
LEAP2	-2.0583085608335594
LECT2	0.5593573017042126
LEF1	-0.3333333333333333
LEF1-AS1	0.0
LEFTY1	0.3333333333333333
LEFTY2	0.0
LEFTY3P	0.0
LEISA1	0.0
LEKR1	-0.33333333333333326
LELP1	0.0
LEMD1	-0.5283208335737186
LEMD1-AS1	0.0
LEMD1-DT	0.0
LEMD2	0.46623098084031156
LEMD3	0.08759290739167103
LENEP	0.3333333333333333
LENG1	0.9689635318695059
LENG8	1.0301654805053593
LENG8-AS1	0.47451633304478635
LENG9	-0.490059684490435
LEO1	-0.5180338456721323
LEP	0.0
LEPR	0.5135227937875677
LEPROT	-0.10942428172403673
LEPROTL1	-0.004385008741082608
LERFS	0.0
LETM1	-0.2410705680123293
LETM1P1	0.0
LETM1P2	0.0
LETM2	1.300001403341093
LETMD1	-0.1756311481552082
LETR1	0.0
LEUTX	0.0
LFNG	3.5734717616354432
LGALS1	1.4185680244022842
LGALS12	0.0
LGALS13	0.0
LGALS14	0.0
LGALS16	0.3333333333333333
LGALS2	-2.1639510321098916
LGALS3	1.559684330237756
LGALS3BP	-0.48965197562805685
LGALS4	-0.6666666666666666
LGALS7	0.0
LGALS7B	0.0
LGALS8	0.3150131768179305
LGALS8-AS1	0.276691666185896
LGALS9	0.0
LGALS9B	0.0
LGALS9C	0.0
LGALS9DP	0.0
LGALSL	-1.2272086250463143
LGALSL-DT	-0.3333333333333333
LGI1	0.0
LGI2	-0.3333333333333333
LGI3	0.0
LGI4	0.0
LGMN	1.7978318713253478
LGMNP1	0.0
LGR4	0.35603051177963607
LGR4-AS1	0.5048577242765862
LGR5	0.7437899447687517
LGR6	-0.3333333333333333
LGSN	0.0
LHB	1.0
LHCGR	0.0
LHFPL1	0.0
LHFPL2	-0.13267069860012892
LHFPL3	0.0
LHFPL3-AS1	0.3333333333333333
LHFPL3-AS2	0.1768382388995926
LHFPL4	0.0
LHFPL5	0.3946936771396521
LHFPL6	0.0
LHFPL7	0.0
LHPP	-0.11683241569471026
LHX1	0.0
LHX1-DT	0.0
LHX2	-0.3333333333333333
LHX2-AS1	0.0
LHX3	0.0
LHX4	-0.1628593214322711
LHX5	0.0
LHX5-AS1	0.0
LHX6	-0.33333333333333337
LHX8	0.3333333333333333
LHX8-AS1	0.0
LHX9	0.0
LIAS	0.43168502641128725
LIAT1	-0.6666666666666666
LIF	-1.2844095604476093
LIF-AS1	0.0
LIF-AS2	-1.3333333333333333
LIFR	0.20855356336719133
LIFR-AS1	-0.19498750024038536
LIG1	0.5812200822467366
LIG1-AS1	0.3333333333333333
LIG3	-0.6722028465004595
LIG4	-0.2318296527300161
LILRA1	0.0
LILRA2	0.0
LILRA2P1	0.0
LILRA4	0.0
LILRA5	0.0
LILRA6	0.0
LILRB1	0.0
LILRB1-AS1	0.0
LILRB2	0.0
LILRB3	0.0
LILRB4	0.0
LILRB5	0.3333333333333333
LILRP1	0.0
LILRP2	0.0
LIM2	-0.6666666666666666
LIM2-AS1	-0.3333333333333333
LIMA1	0.9580197343803825
LIMASI	0.0
LIMCH1	0.0
LIMCH1-AS1	0.0
LIMD1	-0.12001321944252297
LIMD1-AS1	-0.3333333333333333
LIMD2	-0.866141586842573
LIME1	0.7691428417307491
LIMK1	-1.010013913637958
LIMK2	-0.4275940178303532
LIMK2P1	0.0
LIMS1	-0.11453609302073531
LIMS1-AS1	0.19498750024038536
LIMS2	0.2456551980554018
LIMS3	0.0
LIMS3-LOC440895	0.0
LIMS4	0.0
LIN28A	0.3333333333333333
LIN28AP1	0.0
LIN28AP2	0.0
LIN28AP3	0.0
LIN28B	-1.6760563333148504
LIN28B-AS1	0.0
LIN37	0.4210114686112645
LIN52	-0.41452668421046734
LIN54	-0.0022934430944303585
LIN7A	0.2849073170484271
LIN7B	1.4406426982957874
LIN7C	0.5521696016061846
LIN9	-0.9891413399959195
LINC-ADAIN	0.0
LINC-PINT	-0.17789399859248745
LINC-ROR	0.0
LINC00028	0.0
LINC00029	0.0
LINC00051	0.0
LINC00052	0.0
LINC00092	0.0
LINC00102	0.0
LINC00106	0.0
LINC00111	0.0
LINC00112	0.3333333333333333
LINC00113	0.0
LINC00114	0.0
LINC00115	0.10730936496245391
LINC00158	0.0
LINC00159	0.0
LINC00160	0.0
LINC00161	0.0
LINC00163	0.0
LINC00165	0.0
LINC00173	0.0
LINC00174	0.4235491966478895
LINC00184	0.0
LINC00189	0.0
LINC00200	0.0
LINC00205	0.8126833197501835
LINC00207	0.0
LINC00208	0.0
LINC00210	0.0
LINC00216	1.0863060991205202
LINC00221	0.0
LINC00222	0.0
LINC00226	0.0
LINC00229	0.0
LINC00235	0.6248230393053809
LINC00237	0.0
LINC00239	0.0
LINC00240	1.0
LINC00242	-1.5557576180686312
LINC00243	0.8616541669070521
LINC00244	0.0
LINC00251	0.0
LINC00254	0.0
LINC00261	-1.3333333333333333
LINC00265	0.10730936496245413
LINC00265-2P	0.0
LINC00265-3P	0.0
LINC00266-2P	0.0
LINC00269	0.0
LINC00272	0.0
LINC00273	0.0
LINC00276	0.3333333333333333
LINC00278	-0.3333333333333333
LINC00279	0.0
LINC00280	0.0
LINC00290	0.0
LINC00293	0.0
LINC00294	-0.2818076542970407
LINC00297	0.0
LINC00299	0.0
LINC00301	0.0
LINC00303	0.3333333333333333
LINC00304	0.0
LINC00305	0.0
LINC00307	0.0
LINC00308	0.0
LINC00309	0.0
LINC00310	-0.19498750024038536
LINC00311	0.0
LINC00313	-0.3333333333333333
LINC00314	0.0
LINC00316	0.0
LINC00317	0.0
LINC00320	0.0
LINC00322	0.0
LINC00323	0.0
LINC00324	-0.11871460340842521
LINC00326	-0.5283208335737186
LINC00327	0.0
LINC00328-2P	0.0
LINC00330	0.0
LINC00331	0.0
LINC00332	0.0
LINC00333	0.0
LINC00334	0.0
LINC00336	0.0
LINC00339	0.529987727259841
LINC00342	0.21247664020509704
LINC00343	0.0
LINC00345	-0.861654166907052
LINC00347	0.0
LINC00348	0.0
LINC00349	0.0
LINC00351	0.0
LINC00352	0.0
LINC00353	0.0
LINC00354	0.0
LINC00355	1.9964509186001642
LINC00358	0.0
LINC00362	0.0
LINC00363	0.0
LINC00364	0.0
LINC00365	0.0
LINC00366	0.0
LINC00368	0.0
LINC00370	0.0
LINC00373	0.0
LINC00374	0.0
LINC00375	0.0
LINC00376	0.0
LINC00377	0.0
LINC00378	0.0
LINC00379	0.0
LINC00380	0.0
LINC00382	0.0
LINC00383	0.0
LINC00384	0.0
LINC00385	0.0
LINC00387	0.0
LINC00388	0.0
LINC00391	0.0
LINC00392	0.0
LINC00393	0.0
LINC00395	0.0
LINC00396	0.0
LINC00397	0.0
LINC00398	0.0
LINC00399	0.0
LINC00400	0.0
LINC00402	0.0
LINC00404	0.0
LINC00408	0.0
LINC00410	0.3333333333333333
LINC00411	0.0
LINC00412	-0.3333333333333333
LINC00415	0.0
LINC00421	0.0
LINC00423	0.0
LINC00424	0.0
LINC00426	0.0
LINC00427	-0.1383458330929479
LINC00428	0.0
LINC00430	0.0
LINC00431	-0.5283208335737187
LINC00434	0.0
LINC00437	0.0
LINC00440	0.0
LINC00442	0.0
LINC00445	0.0
LINC00446	0.0
LINC00448	0.0
LINC00452	0.0
LINC00454	0.0
LINC00456	0.0
LINC00457	0.0
LINC00458	0.0
LINC00459	0.0
LINC00460	0.0
LINC00462	0.0
LINC00463	0.0
LINC00466	0.0
LINC00467	1.3179862830884326
LINC00469	0.0
LINC00470	0.0
LINC00471	0.0
LINC00472	0.0
LINC00474	0.0
LINC00475	0.0
LINC00477	0.0
LINC00479	0.0
LINC00482	-0.8616541669070521
LINC00484	-0.5283208335737187
LINC00485	0.0
LINC00486	0.0
LINC00487	0.0
LINC00488	0.0
LINC00489	0.0
LINC00491	-0.6666666666666666
LINC00492	0.0
LINC00494	-0.47167916642628116
LINC00498	0.0
LINC00499	0.0
LINC00501	0.0
LINC00502	0.0
LINC00504	0.0
LINC00506	0.0
LINC00507	0.0
LINC00508	0.0
LINC00511	-0.7850403189837616
LINC00513	-0.8953133828153259
LINC00515	1.1307724742595866
LINC00517	0.0
LINC00518	0.0
LINC00519	0.0
LINC00520	-0.3333333333333333
LINC00523	0.6666666666666666
LINC00524	0.0
LINC00525	-0.861654166907052
LINC00526	-0.7605343837949299
LINC00528	-0.4864772062124332
LINC00529	0.0
LINC00533	0.0
LINC00534	0.0
LINC00536	0.3333333333333333
LINC00538	0.0
LINC00539	-0.44064269829578717
LINC00540	0.0
LINC00543	0.0
LINC00544	0.0
LINC00547	0.0
LINC00550	0.0
LINC00552	0.0
LINC00554	0.0
LINC00555	0.0
LINC00556	0.0
LINC00557	0.0
LINC00558	0.0
LINC00559	0.0
LINC00560	0.0
LINC00561	0.0
LINC00562	-0.8616541669070521
LINC00563	0.0
LINC00564	0.0
LINC00566	0.0
LINC00567	0.0
LINC00570	0.0
LINC00571	0.0
LINC00572	0.0
LINC00574	-0.6544913746582952
LINC00575	0.0
LINC00578	0.0
LINC00581	0.0
LINC00582	0.6666666666666666
LINC00583	0.0
LINC00587	0.0
LINC00588	0.0
LINC00589	0.5283208335737187
LINC00592	0.0
LINC00596	-0.3333333333333333
LINC00598	2.3998907816121213
LINC00601	0.0
LINC00602	0.0
LINC00603	0.0
LINC00604	0.0
LINC00605	0.0
LINC00606	0.0
LINC00607	-1.8306176987765579
LINC00608	0.0
LINC00609	0.0
LINC00612	1.1307724742595868
LINC00613	0.0
LINC00615	0.0
LINC00616	-0.5283208335737187
LINC00620	0.0
LINC00621	0.0
LINC00622	0.0
LINC00623	-1.3333333333333333
LINC00624	0.0882502928076061
LINC00626	0.0
LINC00628	-1.107309364962454
LINC00629	0.0
LINC00630	0.2812935993609056
LINC00632	0.0
LINC00635	0.0
LINC00636	0.0
LINC00639	-0.19498750024038541
LINC00640	0.0
LINC00641	-0.310765373091785
LINC00642	0.0
LINC00644	0.0
LINC00645	0.0
LINC00648	0.0
LINC00649	-1.0
LINC00652	-0.8812853965915746
LINC00654	1.5008334468430613
LINC00656	0.0
LINC00658	0.3333333333333333
LINC00659	0.861654166907052
LINC00661	0.0
LINC00662	0.5176275099090786
LINC00663	0.4406426982957876
LINC00664	0.0
LINC00665	0.0
LINC00667	0.07615906126580763
LINC00668	0.0
LINC00670	0.0
LINC00671	0.0
LINC00674	-0.30065131486318997
LINC00676	0.0
LINC00677	0.0
LINC00678	0.0
LINC00680	1.106014451094988
LINC00681	0.0
LINC00682	0.0
LINC00685	0.0
LINC00686	0.0
LINC00687	0.0
LINC00689	0.0
LINC00690	0.0
LINC00691	0.0
LINC00692	0.0
LINC00698	0.0
LINC00700	0.0
LINC00701	0.0
LINC00702	0.0
LINC00703	0.0
LINC00705	0.0
LINC00706	0.0
LINC00707	0.0
LINC00708	0.0
LINC00709	0.0
LINC00710	0.0
LINC00824	-0.3333333333333333
LINC00836	0.0
LINC00837	0.0
LINC00838	0.0
LINC00839	0.3333333333333333
LINC00840	0.0
LINC00841	0.0
LINC00842	0.0
LINC00845	0.0
LINC00847	0.0
LINC00850	0.0
LINC00851	0.0
LINC00852	0.13834583309294812
LINC00853	0.0
LINC00856	0.19498750024038541
LINC00857	-0.4613499355983861
LINC00858	-0.19498750024038541
LINC00861	-0.3333333333333333
LINC00862	-0.05066769781501668
LINC00863	0.5742496319083354
LINC00865	0.0
LINC00867	0.0
LINC00868	0.0
LINC00869	-0.3333333333333333
LINC00870	-2.163951032109891
LINC00871	-0.3333333333333333
LINC00877	0.0
LINC00879	0.0
LINC00880	-1.0
LINC00881	0.0
LINC00882	0.0
LINC00885	0.0
LINC00886	-0.08767813527793145
LINC00887	0.0
LINC00891	0.0
LINC00892	0.0
LINC00895	0.0
LINC00896	0.6666666666666667
LINC00898	0.0
LINC00899	0.3333333333333333
LINC00900	0.0
LINC00901	0.0
LINC00903	0.0
LINC00904	0.0
LINC00905	0.0
LINC00906	0.0
LINC00907	-0.19498750024038541
LINC00908	-0.3333333333333333
LINC00910	-0.9878247079916289
LINC00911	0.0
LINC00917	0.0
LINC00919	0.0
LINC00920	-0.9825108600352883
LINC00921	-1.0566416671474375
LINC00922	0.3333333333333333
LINC00923	0.657842596212936
LINC00924	0.0
LINC00926	0.0
LINC00927	0.0
LINC00928	0.0
LINC00929	0.0
LINC00930	0.0
LINC00933	0.0
LINC00934	0.0
LINC00937	0.0
LINC00938	0.5007846519217098
LINC00939	0.0
LINC00940	0.0
LINC00942	0.0
LINC00943	0.0
LINC00945	0.0
LINC00951	0.0
LINC00954	-0.7739760316291205
LINC00955	0.0
LINC00957	1.723308333814104
LINC00958	0.35296456301785617
LINC00960	0.0
LINC00964	0.0
LINC00967	0.0
LINC00968	0.0
LINC00970	0.0
LINC00971	0.0
LINC00972	0.0
LINC00973	-1.3899750004807707
LINC00974	0.0
LINC00987	0.0
LINC00989	0.0
LINC00993	0.0
LINC00994	0.0
LINC00996	0.0
LINC00997	-1.1949875002403854
LINC01001	0.0
LINC01002	-0.8616541669070521
LINC01003	0.1369777003153687
LINC01005	0.0
LINC01007	0.0
LINC01010	0.0
LINC01011	-1.1814401720746033
LINC01012	-0.1542355835567193
LINC01013	-0.3333333333333333
LINC01014	0.0
LINC01015	0.0
LINC01016	0.0
LINC01018	0.0
LINC01019	0.0
LINC01020	0.0
LINC01022	0.0
LINC01023	0.8050124997596145
LINC01028	0.0
LINC01029	0.0
LINC01030	0.0
LINC01031	0.0
LINC01034	0.0
LINC01035	0.0
LINC01036	-0.7233083338141041
LINC01038	0.0
LINC01039	0.0
LINC01040	0.0
LINC01043	0.0
LINC01044	0.0
LINC01046	0.0
LINC01047	0.0
LINC01048	0.0
LINC01049	0.9357849740192012
LINC01050	0.0
LINC01052	0.0
LINC01053	0.0
LINC01054	0.7739760316291209
LINC01055	-0.3333333333333333
LINC01056	0.0
LINC01058	0.0
LINC01060	0.33333333333333326
LINC01063	-0.3333333333333333
LINC01065	0.0
LINC01066	0.0
LINC01067	0.0
LINC01068	-0.3333333333333333
LINC01069	0.0
LINC01070	0.0
LINC01072	0.0
LINC01074	0.0
LINC01075	0.0
LINC01076	0.0
LINC01077	0.0
LINC01078	0.0
LINC01079	0.0
LINC01080	0.0
LINC01081	0.0
LINC01082	0.0
LINC01087	0.0
LINC01088	0.0
LINC01089	0.2919862453522093
LINC01090	0.0
LINC01091	-0.8481068387412698
LINC01093	0.0
LINC01095	0.0
LINC01096	-0.3333333333333333
LINC01097	0.0
LINC01098	0.0
LINC01099	0.0
LINC01100	0.0
LINC01101	-0.40746414044548285
LINC01102	0.0
LINC01103	0.0
LINC01104	0.0
LINC01106	0.0
LINC01107	0.3333333333333333
LINC01108	0.0
LINC01111	0.0
LINC01115	0.0
LINC01116	0.0
LINC01117	0.0
LINC01118	-0.5283208335737187
LINC01120	0.0
LINC01121	0.0
LINC01123	-0.6666666666666666
LINC01124	0.06361069113668005
LINC01126	-0.7543448019445975
LINC01127	0.3333333333333333
LINC01128	0.1269794535494233
LINC01132	-0.8926906350375456
LINC01133	0.0
LINC01134	0.9571617531591059
LINC01138	-0.9514743919047941
LINC01139	0.0
LINC01140	0.0
LINC01141	0.0
LINC01142	0.0
LINC01143	-0.861654166907052
LINC01144	0.6814647064528179
LINC01145	-1.1383458330929481
LINC01147	-2.1307724742595866
LINC01148	0.0
LINC01149	0.0
LINC01150	0.0
LINC01151	-0.6666666666666666
LINC01152	-0.3333333333333333
LINC01153	0.0
LINC01159	0.0
LINC01160	-0.6666666666666666
LINC01162	0.0
LINC01163	0.0
LINC01164	0.0
LINC01165	-0.3333333333333333
LINC01166	0.0
LINC01168	0.0
LINC01169	-0.19498750024038536
LINC01173	-0.6666666666666666
LINC01176	0.9816194819358464
LINC01177	0.0
LINC01179	0.0
LINC01180	0.0
LINC01181	0.0
LINC01182	0.0
LINC01186	-0.7233083338141042
LINC01187	0.0
LINC01189	0.0
LINC01191	-0.3333333333333333
LINC01192	0.0
LINC01193	0.0
LINC01194	0.0
LINC01195	0.0
LINC01198	0.0
LINC01201	0.0
LINC01202	0.0
LINC01203	0.0
LINC01204	0.0
LINC01205	0.0
LINC01206	0.0
LINC01208	0.0
LINC01209	0.0
LINC01210	0.0
LINC01214	0.0
LINC01215	0.0
LINC01216	0.0
LINC01217	0.0
LINC01218	0.0
LINC01219	-0.3333333333333333
LINC01220	-0.861654166907052
LINC01221	0.0
LINC01222	0.0
LINC01224	0.0
LINC01226	0.0
LINC01227	0.0
LINC01228	0.0
LINC01229	0.0
LINC01231	0.0
LINC01232	0.14716990354667825
LINC01233	0.0
LINC01234	0.11348119414006952
LINC01235	0.0
LINC01237	0.3333333333333333
LINC01239	0.0
LINC01241	0.0
LINC01242	0.0
LINC01243	0.0
LINC01246	0.0
LINC01247	0.0
LINC01248	0.0
LINC01249	0.0
LINC01250	0.0
LINC01252	0.3333333333333333
LINC01254	0.0
LINC01255	0.0
LINC01256	0.0
LINC01257	0.0
LINC01258	0.0
LINC01259	0.0
LINC01260	-0.3333333333333333
LINC01262	0.0
LINC01264	0.0
LINC01265	-0.40746414044548307
LINC01266	0.0
LINC01267	0.0
LINC01269	0.0
LINC01270	-0.6901297759637994
LINC01271	-0.3333333333333333
LINC01273	0.1531438728790988
LINC01275	0.2691183073525345
LINC01276	-0.7739760316291209
LINC01277	-0.6666666666666667
LINC01278	-0.30884220767842674
LINC01280	0.0
LINC01281	0.0
LINC01282	0.0
LINC01283	0.0
LINC01284	0.0
LINC01285	0.22602396837087912
LINC01287	0.0
LINC01288	0.0
LINC01289	0.0
LINC01290	0.0
LINC01291	1.3136568447577162
LINC01297	0.0
LINC01298	0.0
LINC01299	0.0
LINC01300	0.0
LINC01301	-0.5283208335737187
LINC01303	-1.1949875002403854
LINC01304	0.0
LINC01305	0.0
LINC01307	0.0
LINC01309	0.0
LINC01310	0.0
LINC01311	0.08896224377646655
LINC01312	0.0
LINC01315	0.3899750004807707
LINC01317	0.0
LINC01318	0.0
LINC01322	0.19498750024038541
LINC01323	0.0
LINC01326	0.0
LINC01327	0.0
LINC01331	0.0
LINC01333	0.0
LINC01337	-0.6666666666666666
LINC01339	0.0
LINC01340	0.0
LINC01341	0.0
LINC01342	-1.1949875002403854
LINC01343	0.0
LINC01344	0.0
LINC01345	0.0
LINC01346	0.0
LINC01347	-0.19498750024038536
LINC01348	-1.4451752327626948
LINC01349	0.0
LINC01350	0.0
LINC01352	0.0
LINC01353	0.0
LINC01354	0.0
LINC01355	0.7184982333628991
LINC01356	0.0
LINC01359	0.0
LINC01360	0.0
LINC01361	0.0
LINC01362	0.0
LINC01363	0.0
LINC01364	0.0
LINC01365	0.0
LINC01366	0.0
LINC01370	0.0
LINC01375	0.0
LINC01376	-0.5283208335737184
LINC01377	0.0
LINC01378	0.0
LINC01381	0.0
LINC01385	0.0
LINC01386	0.0
LINC01387	0.0
LINC01388	0.0
LINC01389	-0.723308333814104
LINC01391	0.0
LINC01392	0.0
LINC01393	0.0
LINC01395	0.3333333333333333
LINC01396	0.0
LINC01397	0.0
LINC01398	0.0
LINC01399	0.8704782373607827
LINC01400	0.0
LINC01404	0.0
LINC01409	0.21247664020509704
LINC01410	0.1653572241923822
LINC01411	0.3333333333333333
LINC01412	0.0
LINC01413	0.0
LINC01414	0.0
LINC01415	0.0
LINC01416	0.0
LINC01418	0.0
LINC01419	0.3333333333333333
LINC01423	0.0
LINC01424	0.47765313575870216
LINC01425	0.0
LINC01426	-0.5585216831673545
LINC01427	0.0
LINC01428	0.0
LINC01429	0.0
LINC01431	0.19498750024038541
LINC01432	0.0
LINC01433	0.1383458330929479
LINC01435	0.0
LINC01436	0.0
LINC01438	0.0
LINC01440	0.0
LINC01441	0.0
LINC01442	0.0
LINC01443	0.0
LINC01444	0.0
LINC01445	0.0
LINC01446	0.0
LINC01447	-0.861654166907052
LINC01448	0.0
LINC01449	0.0
LINC01450	0.0
LINC01451	0.0
LINC01455	0.0
LINC01456	0.0
LINC01460	0.0
LINC01465	-0.12479850492716604
LINC01467	0.0
LINC01470	0.0
LINC01471	0.0
LINC01472	0.0
LINC01473	-0.2780637023433066
LINC01474	-1.5283208335737186
LINC01475	0.0
LINC01476	0.0
LINC01477	0.0
LINC01478	0.0
LINC01479	0.0
LINC01480	0.0
LINC01482	0.3333333333333333
LINC01483	0.0
LINC01484	-0.3333333333333333
LINC01485	0.0
LINC01486	0.0
LINC01487	0.0
LINC01488	-0.8616541669070521
LINC01489	0.0
LINC01490	0.0
LINC01491	0.0
LINC01492	0.0
LINC01493	0.0
LINC01494	0.0
LINC01495	0.0
LINC01496	0.0
LINC01497	0.0
LINC01498	0.0
LINC01499	0.0
LINC01500	0.0
LINC01501	0.0
LINC01502	0.0
LINC01503	-0.861654166907052
LINC01504	0.0
LINC01505	0.6666666666666666
LINC01506	0.0
LINC01507	0.0
LINC01508	0.0
LINC01509	0.0
LINC01511	0.0
LINC01514	0.0
LINC01515	-0.28048468689605954
LINC01516	0.0
LINC01518	0.0
LINC01519	0.0
LINC01520	0.0
LINC01521	-0.32712810727755093
LINC01522	0.0
LINC01523	0.0
LINC01524	-0.5283208335737187
LINC01525	0.0
LINC01526	0.0
LINC01527	-0.3333333333333333
LINC01531	0.0
LINC01532	0.0
LINC01533	0.0
LINC01535	0.0
LINC01537	0.3333333333333333
LINC01538	0.0
LINC01539	0.0
LINC01541	0.0
LINC01543	0.0
LINC01544	0.0
LINC01545	0.0
LINC01546	0.0
LINC01547	1.8002931454273952
LINC01548	0.0
LINC01549	-0.5283208335737186
LINC01550	0.0
LINC01551	0.0
LINC01553	0.0
LINC01554	0.3333333333333333
LINC01555	0.0
LINC01556	0.3333333333333333
LINC01558	-0.5207474747403573
LINC01559	0.0
LINC01560	0.20256085907374644
LINC01561	0.0
LINC01562	0.0
LINC01563	0.0
LINC01564	0.5283208335737187
LINC01565	0.0
LINC01566	0.0
LINC01567	0.0
LINC01569	0.7963474302486335
LINC01570	0.0
LINC01571	0.0
LINC01572	0.978382951883344
LINC01574	0.0
LINC01579	0.0
LINC01580	0.0
LINC01581	0.0
LINC01582	0.0
LINC01583	0.0
LINC01584	0.0
LINC01585	-0.3333333333333333
LINC01586	0.0
LINC01587	0.0
LINC01588	-1.5986197610732582
LINC01589	0.3333333333333333
LINC01591	0.0
LINC01592	0.0
LINC01593	0.0
LINC01594	0.0
LINC01595	0.0
LINC01596	0.0
LINC01600	0.0
LINC01602	0.0
LINC01603	0.0
LINC01605	0.0
LINC01606	0.0
LINC01607	0.0
LINC01608	0.602451640685868
LINC01609	0.0
LINC01610	0.3333333333333333
LINC01611	0.0
LINC01612	0.0
LINC01613	0.0
LINC01614	-0.3333333333333333
LINC01615	0.0
LINC01616	0.0
LINC01619	0.3333333333333333
LINC01620	0.3333333333333333
LINC01621	0.0
LINC01623	0.6666666666666666
LINC01624	0.0
LINC01625	0.0
LINC01627	0.0
LINC01628	0.0
LINC01629	-0.3333333333333333
LINC01630	0.0
LINC01632	0.0
LINC01633	0.0
LINC01634	0.0
LINC01635	-0.19498750024038541
LINC01637	-1.6356301985361728
LINC01638	0.0
LINC01639	-0.3333333333333333
LINC01640	0.0
LINC01641	0.0
LINC01643	0.0
LINC01644	0.0
LINC01645	0.0
LINC01646	0.0
LINC01647	1.1949875002403854
LINC01648	0.0
LINC01649	0.0
LINC01650	0.0
LINC01651	0.0
LINC01653	0.0
LINC01654	0.0
LINC01656	0.0
LINC01657	0.0
LINC01659	0.0
LINC01661	0.0
LINC01664	0.0
LINC01665	0.0
LINC01666	0.5283208335737187
LINC01667	0.0
LINC01668	0.0
LINC01670	0.33333333333333326
LINC01671	0.0
LINC01672	0.0
LINC01673	0.0
LINC01674	0.0
LINC01675	0.0
LINC01676	0.0
LINC01677	0.0
LINC01678	0.0
LINC01679	0.0
LINC01680	0.0
LINC01681	0.0
LINC01682	0.0
LINC01683	0.0
LINC01684	0.0
LINC01685	0.0
LINC01686	0.0
LINC01687	0.0
LINC01688	0.0
LINC01689	0.0
LINC01690	0.0
LINC01691	-0.08767813527793122
LINC01692	0.0
LINC01694	0.13834583309294812
LINC01695	0.0
LINC01696	0.0
LINC01697	0.0
LINC01698	0.0
LINC01699	0.0
LINC01700	0.0
LINC01701	0.0
LINC01702	-0.3333333333333333
LINC01703	0.0
LINC01704	0.0
LINC01706	0.0
LINC01707	0.0
LINC01708	0.0
LINC01709	0.0
LINC01710	0.0
LINC01711	0.0
LINC01713	0.0
LINC01714	-0.33333333333333326
LINC01716	0.0
LINC01717	0.0
LINC01718	0.0
LINC01719	1.2826656355183172
LINC01720	0.0
LINC01721	0.0
LINC01722	0.0
LINC01723	0.0
LINC01724	0.0
LINC01725	0.0
LINC01726	0.0
LINC01727	0.0
LINC01728	0.0
LINC01730	0.0
LINC01732	0.0
LINC01733	0.0
LINC01734	0.0
LINC01735	0.0
LINC01736	0.0
LINC01737	0.0
LINC01738	0.0
LINC01739	0.0
LINC01740	0.0
LINC01741	0.0
LINC01742	0.0
LINC01743	0.0
LINC01744	0.0
LINC01745	0.0
LINC01746	0.0
LINC01747	0.0
LINC01748	0.0
LINC01749	0.0
LINC01750	0.0
LINC01751	0.0
LINC01752	-0.3333333333333333
LINC01753	0.0
LINC01754	-0.3333333333333333
LINC01755	0.0
LINC01756	0.3333333333333333
LINC01757	0.0
LINC01758	0.0
LINC01760	0.0
LINC01761	0.0
LINC01762	-1.3764276723149886
LINC01763	-0.3333333333333333
LINC01765	0.0
LINC01766	0.0
LINC01767	-0.1383458330929479
LINC01768	0.0
LINC01770	-0.42983553906499505
LINC01772	0.5789885313887353
LINC01774	0.0
LINC01775	0.3333333333333333
LINC01776	0.0
LINC01777	0.0
LINC01778	0.0
LINC01779	0.0
LINC01780	-1.4298355390649948
LINC01781	0.0
LINC01782	0.0
LINC01783	0.7044471576919826
LINC01784	0.0
LINC01785	0.0
LINC01786	-0.6356301985361729
LINC01787	0.0
LINC01788	0.0
LINC01789	0.0
LINC01790	0.0
LINC01791	0.0
LINC01792	-0.7739760316291208
LINC01793	0.0
LINC01794	0.0
LINC01795	0.0
LINC01796	-0.3333333333333333
LINC01797	0.0
LINC01799	-0.6666666666666666
LINC01800	0.0
LINC01801	-0.3333333333333333
LINC01802	0.0
LINC01803	0.0
LINC01804	0.0
LINC01805	0.0
LINC01806	0.9729544124248648
LINC01807	0.0
LINC01808	-0.3333333333333333
LINC01809	0.0
LINC01810	0.0
LINC01811	0.0
LINC01812	0.0
LINC01813	0.0
LINC01815	0.0
LINC01816	-1.107309364962454
LINC01817	0.0
LINC01818	0.0
LINC01819	-1.723308333814104
LINC01820	0.0
LINC01821	0.0
LINC01822	0.0
LINC01823	0.0
LINC01824	0.0
LINC01825	0.0
LINC01826	0.0
LINC01827	0.0
LINC01829	0.6666666666666665
LINC01830	0.0
LINC01831	0.0
LINC01832	0.0
LINC01833	-0.3333333333333333
LINC01834	0.0
LINC01836	-0.22602396837087912
LINC01837	0.0
LINC01838	0.0
LINC01839	0.0
LINC01840	0.0
LINC01841	0.0
LINC01842	0.0
LINC01843	-0.44946676874951796
LINC01844	-0.6666666666666667
LINC01845	0.0
LINC01846	0.0
LINC01847	0.0
LINC01848	0.0
LINC01849	0.0
LINC01850	0.0
LINC01851	0.0
LINC01852	-1.5283208335737186
LINC01853	0.0
LINC01854	0.3333333333333333
LINC01856	0.0
LINC01857	0.0
LINC01858	0.0
LINC01859	0.0
LINC01861	0.0
LINC01863	0.0
LINC01864	0.7739760316291208
LINC01865	0.0
LINC01866	0.0
LINC01867	0.0
LINC01868	0.0
LINC01870	0.0
LINC01871	0.0
LINC01872	0.0
LINC01873	0.0
LINC01874	0.0
LINC01875	0.0
LINC01876	-0.8260157656015483
LINC01877	0.0
LINC01878	0.0
LINC01880	0.0
LINC01881	-0.3010461535824698
LINC01882	0.0
LINC01884	0.0
LINC01885	0.0
LINC01886	0.0
LINC01887	0.0
LINC01888	0.0
LINC01890	0.0
LINC01891	0.0
LINC01892	0.0
LINC01893	0.0
LINC01894	0.0
LINC01895	0.0
LINC01896	0.0
LINC01897	0.0
LINC01898	0.0
LINC01899	0.0
LINC01900	0.0
LINC01901	0.0
LINC01902	0.0
LINC01903	0.0
LINC01904	0.0
LINC01905	0.0
LINC01906	0.0
LINC01907	0.0
LINC01909	-0.4716791664262814
LINC01910	-1.107309364962454
LINC01911	0.0
LINC01912	0.0
LINC01913	0.0
LINC01914	0.0
LINC01915	0.0
LINC01916	0.0
LINC01917	-0.3333333333333333
LINC01919	0.0
LINC01920	0.0
LINC01922	0.0
LINC01923	0.0
LINC01924	0.0
LINC01925	0.0
LINC01926	0.0
LINC01927	0.0
LINC01928	0.0
LINC01929	0.0
LINC01931	-0.3333333333333333
LINC01932	0.0
LINC01933	0.3333333333333333
LINC01934	0.0
LINC01935	0.0
LINC01936	0.0
LINC01937	0.0
LINC01938	0.0
LINC01939	0.0
LINC01940	0.0
LINC01941	0.0
LINC01942	0.0
LINC01943	-0.8616541669070521
LINC01944	0.0
LINC01945	0.0
LINC01946	0.0
LINC01947	0.0
LINC01948	-1.6356301985361725
LINC01950	0.0
LINC01951	0.0
LINC01953	0.3333333333333333
LINC01954	0.0
LINC01955	0.0
LINC01956	0.0
LINC01957	0.0
LINC01958	0.0
LINC01960	0.3333333333333333
LINC01961	0.0
LINC01962	0.9357849740192014
LINC01963	-1.356796442630466
LINC01964	0.0
LINC01965	0.0
LINC01966	0.0
LINC01967	0.0
LINC01968	0.0
LINC01970	0.2826656355183168
LINC01971	-0.5283208335737187
LINC01972	0.0
LINC01973	0.0
LINC01974	1.0
LINC01975	0.0
LINC01976	0.0
LINC01977	-0.6666666666666666
LINC01978	-0.5283208335737187
LINC01979	0.0
LINC01980	0.0
LINC01981	0.0
LINC01982	0.0
LINC01985	-0.3333333333333333
LINC01986	0.0
LINC01987	0.0
LINC01988	0.3333333333333333
LINC01989	0.0
LINC01990	0.0
LINC01991	0.0
LINC01992	0.0
LINC01993	0.0
LINC01994	0.0
LINC01996	-1.3899750004807707
LINC01997	0.0
LINC01998	0.0
LINC01999	-0.861654166907052
LINC02000	0.0
LINC02002	0.0
LINC02003	0.0
LINC02004	0.0
LINC02005	0.0
LINC02006	0.0
LINC02008	-0.09124643377888919
LINC02009	0.0
LINC02010	0.0
LINC02011	0.0
LINC02012	0.0
LINC02013	0.0
LINC02014	0.0
LINC02015	-2.0
LINC02016	0.0
LINC02017	0.0
LINC02018	0.861654166907052
LINC02019	0.0
LINC02020	0.0
LINC02021	0.33333333333333326
LINC02022	0.0
LINC02023	0.0
LINC02024	0.0
LINC02025	0.0
LINC02026	0.0
LINC02027	0.0
LINC02028	0.0
LINC02029	-0.7739760316291209
LINC02030	0.0
LINC02031	0.0
LINC02032	0.0
LINC02033	0.0
LINC02034	0.0
LINC02035	0.3630016686862483
LINC02037	0.0
LINC02038	-0.3333333333333333
LINC02039	0.0
LINC02040	0.0
LINC02041	0.0
LINC02042	0.0
LINC02043	0.3333333333333333
LINC02044	0.0
LINC02045	0.0
LINC02046	0.0
LINC02047	0.0
LINC02048	0.0
LINC02049	0.0
LINC02050	0.0
LINC02051	0.0
LINC02052	0.0
LINC02053	0.0
LINC02054	0.0
LINC02055	0.0
LINC02057	0.0
LINC02058	0.0
LINC02059	0.0
LINC02061	0.0
LINC02063	0.0
LINC02064	0.0
LINC02065	0.0
LINC02066	0.0
LINC02067	0.0
LINC02068	-0.3333333333333333
LINC02069	0.0
LINC02070	0.0
LINC02071	0.0
LINC02073	0.0
LINC02074	0.0
LINC02075	0.0
LINC02076	0.0
LINC02077	0.0
LINC02078	0.0
LINC02079	0.0
LINC02080	-0.6666666666666666
LINC02082	0.0
LINC02084	0.0
LINC02086	0.0
LINC02087	0.0
LINC02088	0.0
LINC02089	0.0
LINC02090	0.0
LINC02092	-0.7739760316291209
LINC02093	0.0
LINC02094	0.0
LINC02096	0.0
LINC02097	0.0
LINC02098	0.0
LINC02099	0.0
LINC02100	-1.0
LINC02101	0.0
LINC02102	0.0
LINC02103	0.0
LINC02104	0.0
LINC02105	0.0
LINC02106	0.0
LINC02108	0.0
LINC02109	0.0
LINC02111	0.0
LINC02112	0.0
LINC02113	0.0
LINC02114	0.0
LINC02115	0.0
LINC02116	0.0
LINC02117	0.0
LINC02118	0.0
LINC02119	0.0
LINC02120	0.0
LINC02121	0.0
LINC02122	0.0
LINC02123	0.0
LINC02124	0.0
LINC02125	0.0
LINC02126	0.0
LINC02127	-1.7739760316291207
LINC02128	0.0
LINC02129	0.0
LINC02130	0.3333333333333333
LINC02131	0.0
LINC02132	0.0
LINC02133	0.0
LINC02134	0.0
LINC02135	0.0
LINC02136	0.0
LINC02137	0.0
LINC02138	0.0
LINC02139	0.3333333333333333
LINC02140	0.0
LINC02141	0.0
LINC02142	0.0
LINC02143	0.0
LINC02144	0.0
LINC02145	0.0
LINC02146	0.0
LINC02148	0.0
LINC02149	0.0
LINC02150	0.0
LINC02151	0.0
LINC02152	0.0
LINC02153	0.0
LINC02154	0.0
LINC02156	0.0
LINC02157	0.0
LINC02159	0.0
LINC02160	0.0
LINC02161	0.0
LINC02162	0.0
LINC02164	0.0
LINC02165	0.0
LINC02166	0.0
LINC02167	0.0
LINC02168	0.0
LINC02169	0.0
LINC02171	0.0
LINC02172	0.0
LINC02173	0.0
LINC02174	0.0
LINC02175	-0.05664166714743746
LINC02176	0.0
LINC02177	0.0
LINC02178	0.0
LINC02179	0.0
LINC02180	0.0
LINC02181	0.3333333333333333
LINC02182	0.0
LINC02183	0.0
LINC02184	0.0
LINC02185	0.0
LINC02186	0.0
LINC02188	0.0
LINC02189	0.0
LINC02190	0.0
LINC02191	0.0
LINC02192	0.0
LINC02193	0.8050124997596148
LINC02194	0.0
LINC02195	0.0
LINC02197	0.0
LINC02198	0.0
LINC02199	0.0
LINC02200	0.0
LINC02201	0.0
LINC02202	0.0
LINC02203	0.0
LINC02204	1.3022968652028395
LINC02205	0.0
LINC02208	0.0
LINC02209	0.0
LINC02210	-0.6892756046078583
LINC02210-CRHR1	0.0
LINC02211	0.0
LINC02212	0.0
LINC02213	0.3333333333333333
LINC02214	0.0
LINC02215	0.0
LINC02216	0.0
LINC02217	0.0
LINC02218	0.0
LINC02219	0.0
LINC02220	0.0
LINC02221	0.0
LINC02222	0.0
LINC02223	0.0
LINC02225	0.0
LINC02226	0.0
LINC02227	0.0
LINC02228	0.0
LINC02229	0.0
LINC02230	0.0
LINC02231	0.0
LINC02232	0.0
LINC02233	0.0
LINC02235	0.0
LINC02236	0.0
LINC02237	0.0
LINC02238	0.0
LINC02239	0.0
LINC02240	0.0
LINC02241	0.0
LINC02242	0.0
LINC02243	-0.3333333333333333
LINC02244	-0.3333333333333333
LINC02245	0.0
LINC02247	0.0
LINC02248	0.0
LINC02249	0.19498750024038536
LINC02250	0.19498750024038541
LINC02251	0.0
LINC02252	0.0
LINC02253	0.0
LINC02255	0.0
LINC02256	0.0
LINC02257	0.0
LINC02258	0.0
LINC02259	0.0
LINC02260	0.0
LINC02261	0.0
LINC02262	0.0
LINC02264	0.0
LINC02265	0.0
LINC02266	0.0
LINC02267	0.0
LINC02268	0.0
LINC02269	0.0
LINC02270	0.0
LINC02271	0.0
LINC02272	0.0
LINC02273	0.0
LINC02274	0.0
LINC02275	0.0
LINC02276	0.0
LINC02277	0.0
LINC02278	0.0
LINC02279	0.0
LINC02280	-0.3333333333333333
LINC02281	0.0
LINC02282	0.0
LINC02283	0.0
LINC02284	0.0
LINC02285	0.0
LINC02286	0.0
LINC02287	0.0
LINC02288	0.3333333333333333
LINC02289	0.0
LINC02290	0.0
LINC02291	0.0
LINC02292	0.0
LINC02293	0.0
LINC02294	0.0
LINC02295	0.0
LINC02296	0.0
LINC02297	0.0
LINC02299	0.0
LINC02300	0.0
LINC02301	0.0
LINC02302	0.0
LINC02303	0.0
LINC02304	0.0
LINC02305	0.0
LINC02306	0.0
LINC02307	0.0
LINC02308	0.0
LINC02309	0.0
LINC02311	0.0
LINC02312	0.0
LINC02313	-0.633488108816362
LINC02314	0.0
LINC02315	0.0
LINC02316	0.0
LINC02317	0.0
LINC02318	0.0
LINC02319	0.0
LINC02320	0.0
LINC02321	0.0
LINC02322	0.0
LINC02323	-1.2334799060470307
LINC02324	0.0
LINC02325	0.0
LINC02326	0.0
LINC02327	0.0
LINC02328	0.0
LINC02329	0.0
LINC02330	0.0
LINC02331	0.33333333333333337
LINC02332	0.0
LINC02333	0.0
LINC02334	-0.9689635318695059
LINC02335	0.0
LINC02336	0.0
LINC02337	0.0
LINC02338	0.0
LINC02339	0.0
LINC02341	0.0
LINC02342	0.0
LINC02343	0.0
LINC02344	-1.1949875002403854
LINC02345	0.0
LINC02346	0.0
LINC02347	0.0
LINC02349	0.0
LINC02350	0.0
LINC02351	0.0
LINC02352	-0.4716791664262814
LINC02353	0.0
LINC02354	0.0
LINC02355	0.0
LINC02356	0.6666666666666666
LINC02357	0.0
LINC02358	0.0
LINC02359	0.0
LINC02360	0.0
LINC02361	0.0
LINC02362	0.0
LINC02363	-0.5283208335737187
LINC02364	0.0
LINC02365	-0.8246437294441376
LINC02366	0.0
LINC02367	-0.3333333333333333
LINC02368	0.0
LINC02369	0.0
LINC02370	0.0
LINC02371	0.0
LINC02372	0.0
LINC02373	0.0
LINC02374	0.0
LINC02375	0.0
LINC02376	0.0
LINC02377	0.0
LINC02378	0.0
LINC02379	0.0
LINC02380	0.0
LINC02381	0.0
LINC02382	0.0
LINC02383	0.0
LINC02384	-0.19498750024038541
LINC02385	0.0
LINC02386	0.0
LINC02387	0.0
LINC02388	0.0
LINC02389	0.0
LINC02390	0.0
LINC02391	0.0
LINC02392	0.0
LINC02393	0.0
LINC02394	0.0
LINC02395	0.0
LINC02396	0.0
LINC02397	0.0
LINC02400	0.0
LINC02401	0.0
LINC02402	0.0
LINC02403	0.0
LINC02404	0.0
LINC02405	0.0
LINC02406	0.0
LINC02408	0.0
LINC02409	0.0
LINC02410	0.0
LINC02411	0.0
LINC02412	0.0
LINC02413	-3.715452176767969
LINC02414	0.0
LINC02415	0.0
LINC02416	0.0
LINC02417	0.0
LINC02418	-1.1949875002403854
LINC02419	0.3333333333333333
LINC02420	0.0
LINC02421	0.0
LINC02422	0.0
LINC02423	0.0
LINC02424	0.0
LINC02425	0.0
LINC02426	0.0
LINC02427	0.0
LINC02428	-0.6666666666666667
LINC02429	0.0
LINC02430	0.0
LINC02431	0.0
LINC02432	1.0566416671474375
LINC02433	0.0
LINC02434	0.0
LINC02435	-1.584962500721156
LINC02436	0.0
LINC02437	0.0
LINC02438	0.0
LINC02439	0.0
LINC02440	0.0
LINC02441	0.0
LINC02442	0.0
LINC02443	0.0
LINC02444	0.0
LINC02445	0.0
LINC02446	0.0
LINC02447	0.9182958340544893
LINC02448	0.0
LINC02449	0.33333333333333326
LINC02450	0.0
LINC02452	0.0
LINC02453	-0.861654166907052
LINC02454	-0.3333333333333333
LINC02455	0.0
LINC02456	0.0
LINC02457	0.0
LINC02458	0.0
LINC02459	0.0
LINC02460	0.0
LINC02461	0.0
LINC02462	0.0
LINC02463	-0.3333333333333333
LINC02464	0.0
LINC02465	-1.4406426982957872
LINC02466	-1.3333333333333335
LINC02468	0.0
LINC02469	0.0
LINC02470	0.0
LINC02471	0.0
LINC02472	0.0
LINC02473	0.0
LINC02474	0.0
LINC02475	-0.3333333333333333
LINC02476	0.0
LINC02477	0.0
LINC02478	0.0
LINC02479	0.0
LINC02480	0.0
LINC02481	-2.376427672314988
LINC02482	-0.879143306871764
LINC02483	0.0
LINC02484	0.0
LINC02485	0.0
LINC02487	-0.031036468130493766
LINC02488	0.0
LINC02489	0.0
LINC02492	0.0
LINC02493	0.0
LINC02494	0.0
LINC02496	0.0
LINC02497	0.0
LINC02498	0.0
LINC02499	0.0
LINC02500	0.0
LINC02501	0.0
LINC02502	0.0
LINC02503	0.0
LINC02504	0.0
LINC02505	0.0
LINC02506	0.0
LINC02507	0.0
LINC02508	0.0
LINC02509	0.0
LINC02510	0.0
LINC02511	0.0
LINC02512	0.0
LINC02513	0.3333333333333333
LINC02514	0.0
LINC02515	0.0
LINC02516	0.3333333333333333
LINC02517	0.0
LINC02518	0.0
LINC02519	0.0
LINC02520	0.0
LINC02521	0.0
LINC02522	0.0
LINC02523	0.0
LINC02524	0.0
LINC02525	0.5499777534841428
LINC02526	0.0
LINC02527	0.3333333333333333
LINC02529	0.0
LINC02530	0.0
LINC02531	0.0
LINC02532	-1.584962500721156
LINC02533	0.0
LINC02534	0.0
LINC02535	-2.9367233125548857
LINC02536	0.0
LINC02537	0.0
LINC02538	0.33333333333333337
LINC02539	0.0
LINC02540	0.0
LINC02541	-0.861654166907052
LINC02542	-1.3899750004807714
LINC02543	0.0
LINC02545	0.0
LINC02546	0.0
LINC02547	-0.3333333333333333
LINC02548	0.0
LINC02549	0.0
LINC02550	0.0
LINC02551	0.0
LINC02552	0.0
LINC02553	0.0
LINC02554	0.0
LINC02555	0.0
LINC02556	0.0
LINC02557	0.0
LINC02558	0.0
LINC02559	0.0
LINC02560	-0.3333333333333333
LINC02561	0.0
LINC02562	0.0
LINC02563	0.0
LINC02565	0.0
LINC02566	0.0
LINC02567	0.0
LINC02568	0.0
LINC02569	0.861654166907052
LINC02570	0.0
LINC02571	0.0
LINC02572	0.0
LINC02573	0.0
LINC02574	0.0
LINC02575	-0.8724613261378451
LINC02576	1.1949875002403854
LINC02577	0.0
LINC02578	0.0
LINC02579	0.3333333333333333
LINC02582	0.0
LINC02583	0.0
LINC02584	0.0
LINC02585	-0.5283208335737186
LINC02587	0.0
LINC02591	0.0
LINC02593	-0.3333333333333333
LINC02594	0.0
LINC02596	0.0
LINC02598	0.0
LINC02599	0.0
LINC02600	0.6470354369821445
LINC02601	0.0
LINC02603	0.4074641404454826
LINC02604	1.2380818392220412
LINC02605	-0.3246682638223519
LINC02606	-0.19498750024038541
LINC02607	0.0
LINC02608	0.0
LINC02609	-0.20526003090364764
LINC02610	0.0
LINC02611	-0.3333333333333333
LINC02612	0.0
LINC02613	0.0
LINC02614	-0.1383458330929479
LINC02615	0.1383458330929479
LINC02616	0.0
LINC02617	0.0
LINC02619	0.0
LINC02620	0.0
LINC02621	0.0
LINC02622	0.0
LINC02623	0.0
LINC02624	0.0
LINC02625	0.0
LINC02626	-0.3333333333333333
LINC02627	0.0
LINC02628	0.0
LINC02629	0.0
LINC02630	0.0
LINC02631	0.0
LINC02632	0.0
LINC02633	0.0
LINC02635	0.0
LINC02636	0.0
LINC02637	-1.6356301985361728
LINC02639	0.0
LINC02640	0.0
LINC02641	0.3333333333333333
LINC02642	0.0
LINC02643	0.0
LINC02644	0.0
LINC02645	0.0
LINC02647	0.0
LINC02648	0.0
LINC02649	0.0
LINC02650	0.0
LINC02651	0.0
LINC02652	0.0
LINC02653	0.0
LINC02654	0.0
LINC02655	0.0
LINC02656	0.0
LINC02658	0.0
LINC02659	0.0
LINC02660	0.0
LINC02661	0.0
LINC02662	0.0
LINC02664	0.0
LINC02665	0.0
LINC02666	0.0
LINC02667	0.0
LINC02669	0.0
LINC02670	0.0
LINC02671	0.0
LINC02672	0.0
LINC02673	0.0
LINC02674	0.0
LINC02675	-3.8198105395457653
LINC02676	0.0
LINC02679	0.0
LINC02680	0.0
LINC02681	0.0
LINC02682	0.0
LINC02683	0.0
LINC02684	0.0
LINC02685	0.0
LINC02686	0.0
LINC02687	0.0
LINC02688	0.0
LINC02689	0.0
LINC02690	0.0
LINC02691	0.0
LINC02692	0.0
LINC02693	-0.16554841390356234
LINC02694	0.0
LINC02695	0.0
LINC02697	0.0
LINC02698	0.0
LINC02699	0.0
LINC02700	0.0
LINC02701	0.0
LINC02702	-0.3333333333333333
LINC02703	0.0
LINC02704	0.0
LINC02705	0.0
LINC02706	0.0
LINC02707	0.0
LINC02708	0.0
LINC02709	-0.5593573017042126
LINC02710	0.0
LINC02711	0.0
LINC02712	0.0
LINC02713	0.0
LINC02714	0.0
LINC02715	0.0
LINC02716	0.0
LINC02717	0.0
LINC02718	0.0
LINC02719	0.0
LINC02720	0.0
LINC02721	0.0
LINC02722	0.0
LINC02723	0.0
LINC02724	0.0
LINC02725	0.0
LINC02726	0.0
LINC02727	0.0
LINC02728	-0.7875233597949026
LINC02729	0.0
LINC02730	0.0
LINC02731	0.0
LINC02733	0.0
LINC02734	0.0
LINC02735	0.0
LINC02736	-0.3333333333333333
LINC02737	0.0
LINC02739	0.1383458330929479
LINC02740	0.0
LINC02741	0.0
LINC02742	0.0
LINC02743	0.0
LINC02744	0.0
LINC02745	0.0
LINC02746	0.0
LINC02747	0.3333333333333333
LINC02748	0.0
LINC02749	0.0
LINC02750	0.0
LINC02751	0.0
LINC02752	0.0
LINC02753	0.0
LINC02754	0.19498750024038541
LINC02755	0.0
LINC02756	0.0
LINC02757	0.6666666666666666
LINC02758	-0.3333333333333333
LINC02759	0.0
LINC02760	0.0
LINC02761	-0.7233083338141041
LINC02762	0.3333333333333333
LINC02763	0.0
LINC02764	0.0
LINC02765	0.6666666666666666
LINC02766	0.0
LINC02767	-0.5283208335737187
LINC02768	0.0
LINC02769	0.0
LINC02770	0.0
LINC02771	0.0
LINC02772	0.0
LINC02773	0.0
LINC02774	0.0
LINC02775	0.0
LINC02777	-0.19498750024038536
LINC02778	0.0
LINC02779	0.0
LINC02780	0.0
LINC02781	0.0
LINC02782	0.0
LINC02783	0.0
LINC02784	0.0
LINC02786	0.0
LINC02787	0.0
LINC02788	0.9689635318695058
LINC02789	0.0
LINC02790	0.0
LINC02791	0.0
LINC02793	0.0
LINC02794	0.0
LINC02795	0.0
LINC02796	0.0
LINC02798	0.0
LINC02799	0.0
LINC02800	0.0
LINC02801	0.0
LINC02802	-0.7974391409262533
LINC02803	0.6666666666666667
LINC02805	0.0
LINC02808	0.0
LINC02809	0.740797473778816
LINC02810	0.0
LINC02811	0.0
LINC02812	0.0
LINC02813	0.0
LINC02815	0.0
LINC02816	0.0
LINC02817	0.0
LINC02818	0.0
LINC02819	0.0
LINC02820	0.0
LINC02821	0.0
LINC02822	0.0
LINC02823	0.0
LINC02824	0.0
LINC02825	0.0
LINC02826	0.0
LINC02827	0.0
LINC02828	0.0
LINC02829	0.0
LINC02830	0.0
LINC02831	0.0
LINC02833	0.0
LINC02834	0.0
LINC02835	0.0
LINC02836	0.0
LINC02837	0.0
LINC02838	0.0
LINC02839	0.0
LINC02840	0.0
LINC02841	0.0
LINC02842	0.0
LINC02843	0.0
LINC02844	0.0
LINC02845	0.0
LINC02846	0.8616541669070521
LINC02847	0.0
LINC02848	0.0
LINC02849	0.0
LINC02850	0.0
LINC02852	0.0
LINC02853	0.0
LINC02854	0.0
LINC02855	0.0
LINC02856	0.0
LINC02857	0.0
LINC02858	0.0
LINC02860	0.5283208335737186
LINC02862	0.0
LINC02863	-0.861654166907052
LINC02864	0.0
LINC02865	0.0
LINC02866	0.0
LINC02868	0.0
LINC02869	0.0
LINC02870	-1.0
LINC02871	0.0
LINC02872	0.0
LINC02873	0.0
LINC02874	0.0
LINC02875	-1.376427672314989
LINC02877	0.3333333333333333
LINC02878	0.6666666666666666
LINC02880	0.0
LINC02881	0.0
LINC02882	0.0
LINC02883	0.0
LINC02884	0.0
LINC02886	0.0
LINC02887	0.3333333333333333
LINC02888	0.0
LINC02889	0.0
LINC02890	0.0
LINC02891	0.0
LINC02893	0.0
LINC02894	0.0
LINC02895	0.0
LINC02896	0.5283208335737186
LINC02897	-1.9001465727136977
LINC02898	0.0
LINC02899	0.0
LINC02900	0.0
LINC02901	0.0
LINC02902	0.3333333333333333
LINC02903	0.0
LINC02906	0.0
LINC02907	0.0
LINC02908	-0.6666666666666666
LINC02909	0.0
LINC02912	-0.6531193385008849
LINC02914	0.0
LINC02915	0.0
LINC02916	0.24565519805540204
LINC02917	0.0
LINC02919	0.19498750024038536
LINC02920	0.6666666666666666
LINC02922	-0.6666666666666666
LINC02923	0.0
LINC02924	-0.3333333333333333
LINC02925	-0.6666666666666666
LINC02926	-0.3333333333333333
LINC02927	0.0
LINC02928	0.0
LINC02930	-0.5283208335737187
LINC02931	0.0
LINC02932	-0.38400103114835016
LINC02933	0.19498750024038536
LINC02935	0.0
LINC02936	0.40746414044548285
LINC02938	0.0
LINC02939	0.0
LINC02940	-0.5283208335737187
LINC02941	0.0
LINC02942	0.0
LINC02943	0.3333333333333333
LINC02944	0.0
LINC02945	0.0
LINC02947	0.0
LINC02948	0.0
LINC02949	0.0
LINC02950	0.3333333333333333
LINC02951	1.0566416671474372
LINC02952	0.0
LINC02953	0.0
LINC02954	0.0
LINC02955	0.0
LINC02956	0.0
LINC02957	0.0
LINC02958	0.0
LINC02959	0.0
LINC02960	-0.24565519805540204
LINC02961	0.0
LINC02963	0.0
LINC02964	-0.6666666666666666
LINC02965	0.0
LINC02966	0.0
LINC02967	0.0
LINC02968	0.0
LINC02970	0.0
LINC02971	-0.3333333333333333
LINC02972	3.2070916313337023
LINC02973	0.3333333333333333
LINC02974	0.0
LINC02975	0.0
LINC02976	0.6666666666666667
LINC02977	-0.3058459466026755
LINC02978	0.0
LINC02979	-0.7739760316291208
LINC02980	0.23231031078798559
LINC02981	-0.5283208335737187
LINC02982	0.3333333333333333
LINC02983	-0.16152614417730637
LINC02984	0.0
LINC02985	-1.0876781352779314
LINC02986	0.5789885313887353
LINC02987	0.47362885832517687
LINC02988	0.0
LINC02989	-0.861654166907052
LINC02991	0.0
LINC02994	0.0
LINC02995	0.0
LINC02997	0.0
LINC02999	-0.3333333333333333
LINC03002	0.0
LINC03004	0.0
LINC03007	0.0
LINC03008	0.5283208335737187
LINC03010	0.0
LINC03011	1.0937620367966723
LINC03012	0.0
LINC03013	0.0
LINC03014	0.0
LINC03015	-0.3333333333333333
LINC03016	0.19498750024038541
LINC03017	0.0
LINC03018	0.0
LINC03019	0.0
LINC03020	0.0
LINC03021	0.0
LINC03022	-0.3333333333333333
LINC03023	0.0
LINC03025	0.0
LINC03028	0.0
LINC03031	0.0
LINC03032	0.0
LINC03033	0.19498750024038541
LINC03034	0.2826656355183166
LINC03036	0.0
LINC03037	-1.3757739792032817
LINC03040	0.6666666666666666
LINC03041	0.0
LINC03042	0.3333333333333333
LINC03043	0.0
LINC03044	0.3333333333333333
LINC03046	0.0
LINC03047	0.0
LINC03048	0.5283208335737187
LINC03050	0.0
LINC03051	0.0
LINC03052	0.0
LINC03053	-1.1949875002403854
LINC03054	0.0
LINC03056	0.0
LINC03057	0.0
LINC03058	0.0
LINC03059	0.0
LINC03060	-0.14826161422429873
LINC03062	0.0
LINC03063	0.0
LINC03064	-2.4972843654432246
LINC03065	-1.1949875002403854
LINC03066	0.0
LINC03067	-1.46410580759292
LINC03068	0.0
LINC03070	0.0
LINC03071	0.0
LINC03072	1.1618647019526644
LINC03073	0.3259912312233335
LINC03074	0.0
LINC03075	0.0
LINC03076	0.0
LINC03077	0.0
LINC03078	0.0
LINC03079	0.0
LINC03080	0.0
LINC03082	0.0
LINC03083	0.0
LINC03084	0.0
LINC03085	0.3333333333333333
LINC03086	0.0
LINC03088	0.0
LINC03089	-1.7974391409262533
LINC03090	0.0
LINC03093	0.0
LINC03094	0.0
LINC03095	0.0
LINC03096	0.0
LINC03097	0.0
LINC03098	1.3899750004807707
LINC03099	0.0
LINC03100	-0.3899750004807707
LINC03102	0.5283208335737187
LINC03103	0.0
LINC03104	0.0
LINC03105	0.0
LINC03106	0.0
LINC03107	0.0
LINC03108	0.5283208335737187
LINC03109	0.0
LINC03110	0.0
LINC03111	0.0
LINC03114	0.0
LINC03116	0.0
LINC03121	0.0
LINC03122	0.0
LINC03123	0.0
LINC03125	0.0
LINC03126	-0.6666666666666666
LINC03129	0.0
LINC03130	0.0
LINC03131	0.0
LINC03133	0.0
LINC03135	0.0
LINC03136	0.0
LINC03137	0.0
LINC03138	0.3333333333333333
LINC03139	0.0
LINC03140	0.0
LINC03141	-0.6666666666666666
LINC03142	0.0
LINC03143	-0.4535299050854893
LINC03144	0.0
LINC03145	0.0
LINC03146	0.4406426982957875
LINC03147	0.0
LINC03148	-0.6666666666666666
LINC03149	-0.7279039843907964
LINC03150	0.0
LINC03152	0.0
LINC03184	0.0
LINC03189	0.0
LINC03199	0.0
LINC03209	0.0
LINC03210	0.0
LINC03218	0.0
LINC03223	0.0
LINC03224	0.0
LINC03227	0.0
LINC03233	0.0
LINC03234	0.0
LINC03235	0.0
LINC03236	0.0
LINCMD1	0.0
LINGO1	0.0
LINGO1-AS1	0.0
LINGO1-AS2	0.0
LINGO2	0.0
LINGO3	0.0
LINGO4	0.0
LINS1	0.45991655645384455
LIPA	-0.13483968625323506
LIPC	-2.2237063814902904
LIPC-AS1	-1.3333333333333333
LIPE	-0.3333333333333333
LIPE-AS1	0.0
LIPF	0.0
LIPG	-1.0099157811313504
LIPH	1.3899750004807707
LIPI	-0.3333333333333333
LIPJ	0.0
LIPK	0.0
LIPM	0.0
LIPN	0.0
LIPT1	0.8233596209456016
LIPT1P1	0.0
LIPT2	0.7551537144094453
LIPT2-AS1	0.2906317247507717
LIRIL2R	0.0
LITAF	0.0794041652546964
LITAFD	0.5283208335737187
LITATS1	0.9047485058887073
LIVAR	-0.19498750024038536
LIX1	-0.3333333333333333
LIX1-AS1	-1.0566416671474375
LIX1L	0.14806801028617045
LIX1L-AS1	0.7739760316291205
LKAAEAR1	-0.3333333333333333
LL0XNC01-250H12.3	-0.19498750024038541
LL22NC01-81G9.3	0.0
LL22NC03-13G6.2	0.0
LLGL1	0.22310000477368064
LLGL2	0.0637540542959556
LLPH	0.11994651855643745
LLPH-DT	-0.3333333333333335
LLPHP1	0.0
LLPHP2	0.0
LLPHP3	0.0
LMAN1	-0.5500774104763657
LMAN1L	0.0
LMAN2	0.05514549055286011
LMAN2L	-0.05634364306943418
LMBR1	0.3836298014538535
LMBR1L	1.2276793063062126
LMBRD1	0.11204871188131715
LMBRD2	1.3441095755724417
LMCD1	0.37182573913997885
LMF1	-0.4541900264615695
LMF1-AS1	0.0
LMF2	0.6333020682870378
LMLN	0.7452379332780934
LMLN-AS1	0.0
LMNA	0.38316803219159645
LMNB1	-0.5650541096747013
LMNB1-DT	0.9047485058887073
LMNB2	-0.2970804534898761
LMNTD1	0.6666666666666666
LMNTD2	0.3333333333333335
LMNTD2-AS1	0.0
LMO1	0.0
LMO2	0.861654166907052
LMO3	-0.861654166907052
LMO4	0.9530587059861517
LMO7	-0.7109945253536489
LMO7-AS1	-0.19498750024038541
LMO7DN	0.0
LMOD1	0.0
LMOD2	0.0
LMOD3	0.0
LMTK1	-1.1880679801847864
LMTK2	0.27774385454365547
LMTK3	-0.33333333333333326
LMX1A	-0.3333333333333333
LMX1A-AS1	0.0
LMX1A-AS2	0.0
LMX1B	0.3333333333333333
LMX1B-DT	0.0
LNC-LBCS	1.019631229684523
LNC-RHL1	0.0
LNC-WAL	-0.48849819076175294
LNCARGI	0.0
LNCARSR	0.0
LNCATV	-0.9553062715174043
LNCBRM	0.0
LNCEGFL7OS	0.0
LNCHR1	0.0
LNCMB1	0.4210114686112646
LNCMB2	0.0
LNCNEF	-0.5283208335737187
LNCOB1	0.0
LNCOC1	-1.1949875002403854
LNCOG	0.0
LNCPOIR	0.0
LNCPRESS1	0.0
LNCPRESS2	0.0
LNCPTCTS	0.3333333333333333
LNCRI	0.0
LNCRMP	0.0
LNCRNA-IUR	0.0
LNCROPM	0.0
LNCSRLR	0.4641058075929201
LNCTAM34A	0.0
LNMICC	-0.861654166907052
LNP1	-0.41964333583368596
LNPEP	-0.034698323188431246
LNPK	0.7207480945711797
LNPPS	0.0
LNX1	0.3899750004807707
LNX1-AS1	-0.5283208335737187
LNX1-AS2	0.0
LNX2	-0.09228718238643019
LOC100127917	0.0
LOC100128052	0.5283208335737187
LOC100128059	0.0
LOC100128079	0.0
LOC100128093	0.0
LOC100128210	0.0
LOC100128293	0.0
LOC100128334	0.0
LOC100128362	0.0
LOC100128373	0.0
LOC100128548	0.19498750024038536
LOC100128601	0.0
LOC100128610	0.0
LOC100128655	0.0
LOC100128674	0.0
LOC100128770	0.0
LOC100128833	0.0
LOC100128906	0.0
LOC100128939	0.0
LOC100128993	0.0
LOC100129078	0.0
LOC100129135	0.0
LOC100129144	0.0
LOC100129215	-0.9271199045082199
LOC100129276	0.0
LOC100129307	0.0
LOC100129344	0.0
LOC100129367	0.0
LOC100129404	0.0
LOC100129422	0.0
LOC100129434	0.0
LOC100129456	0.0
LOC100129527	0.0
LOC100129540	0.0
LOC100129554	0.0
LOC100129573	0.0
LOC100129589	0.0
LOC100129607	0.0
LOC100129616	0.0
LOC100129734	0.0
LOC100129774	0.0
LOC100129844	0.0
LOC100129847	0.0
LOC100129923	0.0
LOC100129947	0.0
LOC100129949	0.0
LOC100130018	0.0
LOC100130121	0.0
LOC100130137	0.0
LOC100130177	0.0
LOC100130268	0.0
LOC100130331	0.0
LOC100130357	0.33333333333333326
LOC100130548	0.18901353090796458
LOC100130587	0.0
LOC100130602	0.0
LOC100130612	0.0
LOC100130620	0.0
LOC100130714	0.0
LOC100130731	0.0
LOC100130748	0.0
LOC100130801	0.0
LOC100130861	0.0
LOC100130881	-0.6666666666666666
LOC100131011	0.0
LOC100131038	0.0
LOC100131041	0.0
LOC100131080	0.0
LOC100131107	0.0
LOC100131348	0.0
LOC100131425	0.0
LOC100131441	0.0
LOC100131465	0.0
LOC100131496	-0.1307724742595866
LOC100131553	0.0
LOC100131557	0.0
LOC100131736	0.0
LOC100131785	-0.5283208335737187
LOC100131939	0.0
LOC100132078	0.0
LOC100132172	-0.3333333333333333
LOC100132249	-0.14431980242536913
LOC100132280	0.0
LOC100132524	0.0
LOC100132599	0.0
LOC100132647	0.0
LOC100132659	0.0
LOC100132669	0.0
LOC100132686	0.0
LOC100132834	0.0
LOC100132857	0.0
LOC100132977	0.0
LOC100133029	0.0
LOC100133102	0.3333333333333333
LOC100133127	0.0
LOC100133137	0.0
LOC100133225	0.0
LOC100133252	0.0
LOC100133316	0.0
LOC100271832	0.0
LOC100286946	0.0
LOC100286962	-0.5283208335737187
LOC100286997	-0.3333333333333333
LOC100287014	0.0
LOC100287036	-1.0
LOC100287148	0.0
LOC100287243	0.0
LOC100287290	0.5283208335737186
LOC100287355	0.0
LOC100287357	0.0
LOC100287430	0.0
LOC100287498	0.0
LOC100287539	0.0
LOC100287704	0.0
LOC100287792	-0.6666666666666666
LOC100287808	0.09650220573166202
LOC100287834	0.0
LOC100287840	0.0
LOC100287856	0.0
LOC100288001	0.0
LOC100288073	-0.3333333333333333
LOC100288097	0.0
LOC100288123	1.0876781352779312
LOC100288146	0.0
LOC100288172	0.0
LOC100288208	0.0
LOC100288233	0.0
LOC100288241	0.0
LOC100288416	0.0
LOC100288484	0.0
LOC100288510	0.3333333333333333
LOC100288590	0.0
LOC100288637	0.21527256870266953
LOC100288683	0.1383458330929479
LOC100288763	0.0
LOC100288803	0.0
LOC100288853	0.0
LOC100289037	0.19498750024038541
LOC100289091	0.0
LOC100289206	0.0
LOC100289230	-0.6666666666666666
LOC100289416	0.0
LOC100289470	0.0
LOC100289479	0.47167916642628127
LOC100289518	-0.1383458330929479
LOC100289568	0.0
LOC100294713	0.0
LOC100310782	0.0
LOC100418723	0.0
LOC100418768	0.0
LOC100418874	-0.3333333333333333
LOC100418885	0.0
LOC100418888	0.0
LOC100418959	0.0
LOC100418961	0.0
LOC100418965	0.0
LOC100419016	0.0
LOC100419045	0.0
LOC100419046	0.861654166907052
LOC100419058	0.0
LOC100419073	0.3333333333333333
LOC100419092	0.0
LOC100419154	0.0
LOC100419293	-0.3333333333333333
LOC100419318	0.0
LOC100419319	0.0
LOC100419356	0.0
LOC100419366	0.0
LOC100419436	-0.8616541669070521
LOC100419447	0.0
LOC100419458	0.0
LOC100419503	0.9999999999999999
LOC100419506	0.0
LOC100419512	0.0
LOC100419513	0.0
LOC100419515	0.5283208335737188
LOC100419553	0.0
LOC100419562	1.0
LOC100419572	-0.33333333333333326
LOC100419574	0.3333333333333333
LOC100419615	0.0
LOC100419616	0.0
LOC100419624	0.3333333333333333
LOC100419639	0.3333333333333333
LOC100419641	0.0
LOC100419642	0.0
LOC100419644	0.0
LOC100419654	0.0
LOC100419668	0.0
LOC100419679	0.22602396837087912
LOC100419684	0.0
LOC100419685	0.0
LOC100419691	0.0
LOC100419692	0.0
LOC100419693	-0.5283208335737187
LOC100419700	-0.6666666666666666
LOC100419701	0.0
LOC100419704	0.0
LOC100419712	0.0
LOC100419713	0.0
LOC100419716	0.0
LOC100419739	0.0
LOC100419741	0.0
LOC100419755	0.0
LOC100419761	0.0
LOC100419762	0.0
LOC100419774	0.0
LOC100419775	0.0
LOC100419783	0.0
LOC100419784	0.0
LOC100419786	0.3333333333333333
LOC100419791	0.0
LOC100419806	0.0
LOC100419812	0.0
LOC100419830	-1.6356301985361725
LOC100419839	0.0
LOC100419847	0.0
LOC100419851	-0.723308333814104
LOC100419859	0.0
LOC100419861	0.0
LOC100419891	0.0
LOC100419894	0.5283208335737187
LOC100419912	0.0
LOC100419913	0.861654166907052
LOC100419928	0.0
LOC100419932	0.0
LOC100419960	0.0
LOC100419977	0.0
LOC100420006	0.0
LOC100420008	0.0
LOC100420011	-1.0196312296845227
LOC100420019	0.0
LOC100420020	0.0
LOC100420027	0.0
LOC100420052	0.0
LOC100420053	0.0
LOC100420057	0.8616541669070521
LOC100420066	-0.861654166907052
LOC100420083	0.0
LOC100420084	0.0
LOC100420089	0.0
LOC100420096	0.0
LOC100420114	0.0
LOC100420116	0.0
LOC100420119	0.0
LOC100420122	0.0
LOC100420127	0.0
LOC100420186	0.0
LOC100420187	0.0
LOC100420205	0.0
LOC100420211	0.0
LOC100420214	0.0
LOC100420226	0.0
LOC100420228	0.0
LOC100420247	0.0
LOC100420250	0.0
LOC100420254	0.0
LOC100420298	0.861654166907052
LOC100420320	0.0
LOC100420321	0.0
LOC100420323	0.0
LOC100420324	0.0
LOC100420325	0.0
LOC100420336	0.0
LOC100420347	0.0
LOC100420385	0.0
LOC100420386	0.0
LOC100420403	0.0
LOC100420423	0.7233083338141041
LOC100420424	0.0
LOC100420430	0.0
LOC100420466	0.0
LOC100420514	0.0
LOC100420531	0.0
LOC100420532	1.0566416671474375
LOC100420534	0.0
LOC100420540	0.0
LOC100420541	0.0
LOC100420545	0.0
LOC100420569	0.0
LOC100420572	0.0
LOC100420576	0.0
LOC100420580	-0.861654166907052
LOC100420583	0.0
LOC100420642	-1.6666666666666667
LOC100420647	0.0
LOC100420658	0.0
LOC100420680	0.0
LOC100420683	0.0
LOC100420707	-0.3333333333333333
LOC100420742	0.0
LOC100420746	0.0
LOC100420765	0.0
LOC100420775	0.0
LOC100420790	0.5283208335737187
LOC100420800	0.0
LOC100420801	0.0
LOC100420802	0.0
LOC100420803	-0.3333333333333333
LOC100420839	0.0
LOC100420845	0.0
LOC100420864	0.0
LOC100420872	0.0
LOC100420879	0.0
LOC100420880	0.0
LOC100420899	-0.38400103114834994
LOC100420930	-0.3333333333333333
LOC100420944	0.0
LOC100420966	0.5283208335737187
LOC100420981	1.4641058075929199
LOC100420983	0.0
LOC100420990	0.0
LOC100421009	0.0
LOC100421023	0.0
LOC100421028	0.0
LOC100421074	0.0
LOC100421087	0.0
LOC100421093	0.5283208335737187
LOC100421094	0.0
LOC100421100	0.0
LOC100421116	0.0
LOC100421122	-0.3333333333333333
LOC100421126	0.0
LOC100421141	0.0
LOC100421142	-0.3333333333333333
LOC100421158	0.0
LOC100421160	0.0
LOC100421165	0.0
LOC100421173	0.0
LOC100421201	0.0
LOC100421202	0.0
LOC100421246	0.3333333333333333
LOC100421257	0.0
LOC100421259	0.0
LOC100421273	0.0
LOC100421294	0.0
LOC100421308	0.0
LOC100421330	0.0
LOC100421336	0.0
LOC100421343	0.0
LOC100421347	0.0
LOC100421364	0.0
LOC100421385	0.0
LOC100421386	0.0
LOC100421387	0.5283208335737186
LOC100421400	0.0
LOC100421402	0.8616541669070521
LOC100421465	-0.44064269829578717
LOC100421468	0.19498750024038541
LOC100421513	0.0
LOC100421527	0.0
LOC100421548	0.0
LOC100421558	0.0
LOC100421603	0.0
LOC100421611	0.0
LOC100421620	1.1949875002403854
LOC100421622	0.0
LOC100421646	0.0
LOC100421651	-0.041843627361286106
LOC100421658	0.0
LOC100421667	0.0
LOC100421673	0.0
LOC100421674	-0.3333333333333333
LOC100421684	0.0
LOC100421692	0.33333333333333337
LOC100421751	0.0
LOC100421775	-0.07413080711214892
LOC100421782	0.0
LOC100421787	0.5283208335737187
LOC100421808	0.0
LOC100421842	0.0
LOC100421868	1.3022968652028393
LOC100421870	0.0
LOC100421901	0.0
LOC100421910	0.0
LOC100421985	0.0
LOC100422013	0.0
LOC100422020	0.0
LOC100422022	0.0
LOC100422024	0.0
LOC100422053	0.0
LOC100422106	-0.861654166907052
LOC100422188	0.0
LOC100422189	0.0
LOC100422190	0.0
LOC100422204	0.0
LOC100422225	-1.0
LOC100422263	-0.3333333333333333
LOC100422267	0.0
LOC100422274	0.0
LOC100422287	0.0
LOC100422300	0.0
LOC100422317	0.0
LOC100422319	0.0
LOC100422325	0.0
LOC100422334	0.0
LOC100422376	0.0
LOC100422382	0.5283208335737186
LOC100422398	0.3333333333333333
LOC100422399	0.3333333333333333
LOC100422418	0.0
LOC100422441	0.5283208335737187
LOC100422453	0.0
LOC100422491	0.0
LOC100422492	0.0
LOC100422493	0.0
LOC100422497	0.0
LOC100422513	0.0
LOC100422519	0.0
LOC100422526	-0.33333333333333337
LOC100422528	0.0
LOC100422529	0.0
LOC100422548	0.0
LOC100422549	0.0
LOC100422564	0.0
LOC100422587	0.0
LOC100422614	0.0
LOC100422622	0.19498750024038536
LOC100422627	0.0
LOC100422633	0.0
LOC100422637	0.0
LOC100422638	0.0
LOC100422639	-0.3333333333333333
LOC100422640	0.0
LOC100422641	0.0
LOC100422671	0.0
LOC100422685	0.0
LOC100422687	0.0
LOC100499471	0.0
LOC100500719	0.0
LOC100505502	1.6356301985361728
LOC100505782	0.0
LOC100505915	0.5789885313887353
LOC100505942	1.5283208335737188
LOC100505985	-0.5283208335737187
LOC100506076	0.0
LOC100506103	0.0
LOC100506224	0.0
LOC100506235	0.3001547754830287
LOC100506271	0.0
LOC100506274	0.0
LOC100506405	-0.24565519805540215
LOC100506444	0.0
LOC100506474	0.0
LOC100506532	0.0
LOC100506551	0.1383458330929479
LOC100506869	0.0
LOC100506911	0.0
LOC100506929	0.0
LOC100506937	0.0
LOC100507053	0.5946779492743284
LOC100507250	0.5283208335737187
LOC100507336	0.0
LOC100507384	0.0
LOC100507547	0.3333333333333333
LOC100507562	0.0
LOC100508046	0.0
LOC100533622	0.0
LOC100533628	0.0
LOC100533629	1.1949875002403854
LOC100533631	0.0
LOC100533634	0.6666666666666666
LOC100533643	0.0
LOC100533653	0.0
LOC100533667	0.0
LOC100533669	0.0
LOC100533670	0.0
LOC100533677	0.0
LOC100533679	0.0
LOC100533706	0.0
LOC100533708	0.0
LOC100533723	0.3333333333333333
LOC100533727	0.0
LOC100533728	0.0
LOC100533729	0.0
LOC100533736	0.0
LOC100533787	0.0
LOC100533848	0.0
LOC100533852	0.0
LOC100533997	0.0
LOC100631242	0.1383458330929479
LOC100631243	0.0
LOC100631258	0.0
LOC100652758	0.8050124997596144
LOC100652833	0.0
LOC100652871	0.0
LOC100652960	0.0
LOC100652967	0.0
LOC100859919	0.0
LOC100887072	0.6666666666666666
LOC100887080	0.37642767231498864
LOC100967223	0.0
LOC100996361	0.0
LOC100996384	0.0
LOC100996385	0.0
LOC100996437	-0.06421502598079876
LOC100996637	0.0
LOC100996660	0.6666666666666667
LOC100996671	-0.5283208335737186
LOC100996696	-0.3333333333333333
LOC100996792	0.0
LOC100996886	0.0
LOC101059974	0.0
LOC101060000	0.0
LOC101060021	0.0
LOC101060035	0.0
LOC101060042	0.0
LOC101060067	0.0
LOC101060119	0.0
LOC101060164	0.0
LOC101060199	0.0
LOC101926907	0.3333333333333333
LOC101926908	0.0
LOC101926948	0.3333333333333333
LOC101926956	0.0
LOC101926964	-0.3333333333333333
LOC101927018	0.33333333333333337
LOC101927020	0.0
LOC101927040	0.0
LOC101927082	0.0
LOC101927089	0.0
LOC101927093	0.0
LOC101927098	-0.3333333333333333
LOC101927131	0.0
LOC101927141	0.0
LOC101927143	0.0
LOC101927159	0.0
LOC101927164	-0.3333333333333333
LOC101927188	0.0
LOC101927237	-0.8616541669070521
LOC101927245	0.6666666666666666
LOC101927253	0.0
LOC101927259	0.0
LOC101927269	0.0
LOC101927293	-0.6666666666666666
LOC101927344	0.0
LOC101927358	0.0
LOC101927375	0.0
LOC101927377	-0.44135461307711754
LOC101927394	-1.245655198055402
LOC101927410	0.0
LOC101927413	0.0
LOC101927414	0.0
LOC101927434	0.0
LOC101927450	0.0
LOC101927468	0.0
LOC101927480	-0.4716791664262814
LOC101927495	0.0
LOC101927511	0.0
LOC101927513	0.0
LOC101927551	0.0
LOC101927557	-0.5283208335737187
LOC101927572	0.968963531869506
LOC101927575	-0.3333333333333333
LOC101927588	0.0
LOC101927605	0.0
LOC101927608	0.0
LOC101927609	-1.6666666666666665
LOC101927657	0.0
LOC101927661	0.5283208335737187
LOC101927687	0.6666666666666666
LOC101927690	0.0
LOC101927692	0.0
LOC101927702	0.33333333333333337
LOC101927708	0.0
LOC101927727	-0.5283208335737187
LOC101927769	0.0
LOC101927787	0.0
LOC101927788	-0.5283208335737186
LOC101927793	0.3333333333333333
LOC101927798	0.0
LOC101927822	0.0
LOC101927825	0.0
LOC101927827	0.0
LOC101927839	0.5283208335737187
LOC101927845	0.0
LOC101927847	0.0
LOC101927863	0.4641058075929201
LOC101927879	-0.33333333333333326
LOC101927896	-0.6666666666666666
LOC101927908	0.0
LOC101927914	0.3333333333333333
LOC101927948	0.6405513160934193
LOC101927950	0.0
LOC101927993	0.44064269829578745
LOC101928008	0.3333333333333333
LOC101928009	0.0
LOC101928014	0.0
LOC101928016	0.0
LOC101928053	-0.3098702240362008
LOC101928059	-0.33333333333333326
LOC101928087	0.0
LOC101928093	0.0
LOC101928107	0.0
LOC101928188	0.0
LOC101928196	0.0
LOC101928201	0.0
LOC101928230	0.0
LOC101928253	0.0
LOC101928254	0.0
LOC101928266	0.0
LOC101928295	-1.0
LOC101928335	0.0
LOC101928372	0.0
LOC101928380	0.0
LOC101928389	0.0
LOC101928392	0.0
LOC101928401	0.0
LOC101928416	0.0
LOC101928417	0.0
LOC101928446	0.0
LOC101928450	-0.19498750024038541
LOC101928475	0.0
LOC101928495	0.0
LOC101928499	0.0
LOC101928516	0.0
LOC101928517	0.0
LOC101928525	0.3333333333333333
LOC101928532	0.0
LOC101928557	-0.33333333333333337
LOC101928565	0.7739760316291207
LOC101928596	0.6666666666666666
LOC101928618	0.0
LOC101928622	0.0
LOC101928627	0.0
LOC101928628	0.0
LOC101928682	-0.5283208335737186
LOC101928708	0.0
LOC101928718	-0.861654166907052
LOC101928733	0.0
LOC101928748	0.0
LOC101928782	0.0
LOC101928796	0.0
LOC101928797	0.0
LOC101928819	0.0
LOC101928844	0.0
LOC101928850	0.0
LOC101928855	-1.5283208335737188
LOC101928866	0.0
LOC101928881	-0.7555955135649675
LOC101928893	0.0
LOC101928894	-0.3333333333333333
LOC101928924	-0.5283208335737187
LOC101928937	0.0
LOC101928940	0.0
LOC101928952	0.0
LOC101928965	0.0
LOC101928988	0.0
LOC101928994	-1.4406426982957872
LOC101929050	0.0
LOC101929053	0.6666666666666666
LOC101929073	0.0
LOC101929104	0.7233083338141042
LOC101929106	0.0
LOC101929124	0.0
LOC101929130	0.0
LOC101929141	0.0
LOC101929148	0.0
LOC101929178	0.0
LOC101929227	0.0
LOC101929268	0.0
LOC101929269	0.0
LOC101929270	0.276691666185896
LOC101929297	0.0
LOC101929305	0.0
LOC101929308	0.3333333333333333
LOC101929372	0.0
LOC101929408	0.0
LOC101929413	0.0
LOC101929439	0.0
LOC101929457	0.0
LOC101929460	0.0
LOC101929470	0.3333333333333333
LOC101929473	0.0
LOC101929488	0.0
LOC101929494	0.0
LOC101929532	0.0
LOC101929536	0.5283208335737187
LOC101929538	0.0
LOC101929551	0.0
LOC101929563	0.0
LOC101929566	-0.6666666666666666
LOC101929572	0.0
LOC101929577	0.0
LOC101929609	-0.7233083338141042
LOC101929657	-0.5283208335737187
LOC101929662	0.0
LOC101929691	-1.8050124997596144
LOC101929692	0.0
LOC101929698	0.0
LOC101929718	0.6666666666666666
LOC101929756	0.0
LOC101929998	0.0
LOC101930028	0.0
LOC101930041	0.0
LOC101930090	0.0
LOC101930100	0.0
LOC101930276	0.0
LOC101930420	0.0
LOC102467226	0.0
LOC102546299	0.0
LOC102606466	0.0
LOC102723305	0.0
LOC102723323	0.0
LOC102723324	0.5283208335737186
LOC102723335	-0.3333333333333333
LOC102723341	0.0
LOC102723360	0.0
LOC102723364	0.0
LOC102723380	0.0
LOC102723413	0.27078520103865644
LOC102723451	0.0
LOC102723475	0.0
LOC102723544	-0.3333333333333333
LOC102723553	0.0
LOC102723566	-1.0
LOC102723604	0.0
LOC102723663	0.0
LOC102723670	0.3333333333333333
LOC102723678	0.0
LOC102723690	0.0
LOC102723692	0.0
LOC102723701	-0.5283208335737186
LOC102723708	0.0
LOC102723786	0.0
LOC102723831	0.0
LOC102723834	0.0
LOC102723838	0.0
LOC102723878	0.0
LOC102723896	0.0
LOC102723944	0.0
LOC102723971	0.0
LOC102723996	-0.861654166907052
LOC102724019	0.0
LOC102724023	-0.3333333333333335
LOC102724030	-0.3333333333333333
LOC102724087	0.0
LOC102724135	0.5283208335737187
LOC102724159	-0.3333333333333335
LOC102724178	0.0
LOC102724200	0.36651189118363814
LOC102724220	-0.5283208335737187
LOC102724323	0.3333333333333333
LOC102724334	0.0
LOC102724354	0.0
LOC102724357	0.0
LOC102724428	-0.0688169591558081
LOC102724434	0.0
LOC102724446	0.0
LOC102724452	0.0
LOC102724479	0.0
LOC102724511	0.0
LOC102724551	0.0
LOC102724560	0.0
LOC102724587	0.0
LOC102724594	1.5108316936090067
LOC102724624	0.0
LOC102724637	0.0
LOC102724642	-0.0654657376011678
LOC102724652	-0.6666666666666667
LOC102724684	0.0
LOC102724700	0.0
LOC102724701	-0.3347053694907438
LOC102724710	0.0
LOC102724719	0.0
LOC102724737	0.0
LOC102724768	-0.3333333333333333
LOC102724843	0.3333333333333333
LOC102724849	0.0
LOC102724877	0.0
LOC102724929	0.0
LOC102724950	0.0
LOC102725532	0.0
LOC103344931	0.4786997049355586
LOC104613533	0.0
LOC105274304	-0.9357849740192012
LOC105369147	-0.5283208335737186
LOC105369165	0.0
LOC105369167	0.8306176987765579
LOC105369187	0.0
LOC105369302	-2.428467406287416
LOC105369306	0.0
LOC105369308	0.0
LOC105369515	0.0
LOC105369558	0.0
LOC105369595	-0.3333333333333333
LOC105369728	1.1949875002403854
LOC105369736	0.0
LOC105369885	0.0
LOC105369908	0.0
LOC105369911	0.0
LOC105369995	0.0
LOC105370024	0.0
LOC105370047	0.6666666666666666
LOC105370061	0.0
LOC105370103	-1.9924266411666387
LOC105370109	0.0
LOC105370169	0.0
LOC105370185	0.0
LOC105370349	0.0
LOC105370409	0.0
LOC105370455	0.0
LOC105370460	0.11488272379581499
LOC105370473	0.0
LOC105370489	-0.3333333333333333
LOC105370500	0.8616541669070521
LOC105370532	0.33333333333333337
LOC105370586	0.0
LOC105370600	0.0
LOC105370635	0.0
LOC105370645	0.0
LOC105370654	0.0
LOC105370670	0.0
LOC105370764	0.0
LOC105370769	0.0
LOC105370781	0.0
LOC105370787	0.0
LOC105370791	0.0
LOC105370792	-0.3333333333333333
LOC105370802	0.0
LOC105370804	0.0
LOC105370829	0.0
LOC105370887	0.3899750004807707
LOC105370906	0.0
LOC105370921	-0.5283208335737186
LOC105370941	1.352964563017856
LOC105370947	0.6666666666666666
LOC105370954	0.0
LOC105370969	0.0
LOC105370993	0.0
LOC105370997	0.0
LOC105371006	0.0
LOC105371009	0.0
LOC105371022	0.0
LOC105371046	0.3333333333333333
LOC105371062	-0.22602396837087924
LOC105371079	0.0
LOC105371083	-0.017489139964711686
LOC105371090	0.0
LOC105371129	0.33333333333333337
LOC105371143	0.0
LOC105371200	0.0
LOC105371240	0.3333333333333333
LOC105371254	0.0
LOC105371256	0.19498750024038536
LOC105371279	0.0
LOC105371296	0.0
LOC105371335	0.3333333333333333
LOC105371401	0.0
LOC105371414	0.4232709794882856
LOC105371430	0.0
LOC105371508	0.0
LOC105371509	0.0
LOC105371559	0.0
LOC105371574	0.0
LOC105371580	0.0
LOC105371597	0.0
LOC105371712	0.0
LOC105371729	-1.0
LOC105371734	0.0
LOC105371735	0.0
LOC105371757	0.0
LOC105371762	0.19498750024038536
LOC105371773	0.0
LOC105371789	-0.3333333333333333
LOC105371824	-0.7407974737788159
LOC105371856	0.0
LOC105371887	0.0
LOC105371899	0.0
LOC105371956	0.0
LOC105371993	0.0
LOC105372035	0.0
LOC105372040	0.0
LOC105372041	0.0
LOC105372058	0.0
LOC105372061	-0.4716791664262814
LOC105372068	0.0
LOC105372069	0.5283208335737186
LOC105372107	0.3333333333333333
LOC105372126	0.0
LOC105372132	0.0
LOC105372143	0.3333333333333333
LOC105372155	0.0
LOC105372165	0.0
LOC105372173	0.0
LOC105372187	0.0
LOC105372209	0.0
LOC105372244	0.0
LOC105372253	-0.6666666666666666
LOC105372266	0.9182958340544894
LOC105372295	0.4641058075929205
LOC105372316	0.0
LOC105372321	0.0
LOC105372348	0.0
LOC105372401	0.2826656355183168
LOC105372424	0.0
LOC105372430	0.0
LOC105372432	1.3333333333333335
LOC105372435	0.0
LOC105372441	0.0
LOC105372480	-0.40746414044548285
LOC105372524	0.0
LOC105372558	0.0
LOC105372668	0.0
LOC105372703	0.0
LOC105372705	-0.06881695915580854
LOC105372710	0.0
LOC105372725	0.0
LOC105372738	0.0
LOC105372747	0.0
LOC105372753	0.0
LOC105372791	0.0
LOC105372832	0.0
LOC105372969	0.0
LOC105372971	0.0
LOC105372988	0.0
LOC105372990	0.0
LOC105373100	-0.3333333333333333
LOC105373170	-0.5283208335737186
LOC105373175	0.0
LOC105373220	0.0
LOC105373223	0.0
LOC105373244	0.3333333333333333
LOC105373277	0.0
LOC105373314	0.0
LOC105373343	0.0
LOC105373346	0.0
LOC105373347	0.0
LOC105373352	0.0
LOC105373373	0.0
LOC105373390	0.0
LOC105373411	-1.1949875002403854
LOC105373418	0.0
LOC105373429	-0.3333333333333333
LOC105373436	0.0
LOC105373440	0.0
LOC105373496	0.0
LOC105373514	-2.107309364962454
LOC105373525	0.0
LOC105373530	-0.6666666666666666
LOC105373559	0.0
LOC105373643	0.0
LOC105373682	0.0
LOC105373696	0.0
LOC105373757	0.0
LOC105373780	0.0
LOC105373845	0.0
LOC105373876	0.0
LOC105373888	0.0
LOC105373953	0.0
LOC105373974	0.0
LOC105374041	0.3333333333333333
LOC105374042	0.0
LOC105374059	0.5283208335737187
LOC105374088	0.0
LOC105374114	0.0
LOC105374171	0.0
LOC105374308	-0.19498750024038536
LOC105374312	-0.5283208335737187
LOC105374313	0.0
LOC105374328	0.3333333333333333
LOC105374409	0.0
LOC105374428	0.0
LOC105374461	0.0
LOC105374468	0.0
LOC105374516	0.0
LOC105374524	-0.3333333333333333
LOC105374588	0.0
LOC105374593	0.10730936496245391
LOC105374629	0.0
LOC105374642	0.0
LOC105374645	0.0
LOC105374647	0.0
LOC105374655	0.0
LOC105374768	0.0
LOC105374769	0.0
LOC105374780	1.8715699480384025
LOC105374796	0.5283208335737186
LOC105374901	0.3333333333333333
LOC105374910	0.0
LOC105374928	0.0
LOC105374943	0.0
LOC105374971	0.3333333333333333
LOC105374974	0.0
LOC105374988	-0.6666666666666666
LOC105374989	0.6666666666666666
LOC105375050	0.0
LOC105375070	0.0
LOC105375115	0.0
LOC105375130	0.0
LOC105375148	0.0
LOC105375166	0.0
LOC105375168	0.0
LOC105375224	0.0
LOC105375233	0.0
LOC105375268	0.0
LOC105375297	0.0
LOC105375303	0.0
LOC105375341	0.0
LOC105375342	0.0
LOC105375344	0.0
LOC105375358	0.0
LOC105375366	0.0
LOC105375387	0.0
LOC105375421	0.4210114686112646
LOC105375440	0.0
LOC105375448	0.0
LOC105375483	0.0
LOC105375484	0.0
LOC105375523	0.0
LOC105375553	0.0
LOC105375556	0.0
LOC105375589	0.0
LOC105375610	0.0
LOC105375614	-0.5283208335737186
LOC105375623	0.0
LOC105375635	0.0
LOC105375671	0.0
LOC105375743	0.5283208335737187
LOC105375747	0.0
LOC105375750	0.0
LOC105375754	0.0
LOC105375759	0.0
LOC105375775	0.0
LOC105375781	-0.3333333333333333
LOC105375814	0.0
LOC105375826	0.0
LOC105375844	0.3333333333333333
LOC105375851	0.0
LOC105375861	0.0
LOC105375875	0.0
LOC105375878	0.0
LOC105375888	0.0
LOC105375903	0.0
LOC105375924	0.0
LOC105375971	0.0
LOC105375972	0.0
LOC105375976	0.0
LOC105375977	0.0
LOC105375992	0.0
LOC105376034	0.0
LOC105376070	0.8616541669070521
LOC105376121	0.0
LOC105376174	0.0
LOC105376219	0.0
LOC105376244	0.0
LOC105376292	-0.22602396837087957
LOC105376314	0.0
LOC105376350	0.0
LOC105376412	0.0
LOC105376429	0.0
LOC105376440	0.0
LOC105376479	0.0
LOC105376567	0.0
LOC105376588	0.0
LOC105376654	0.0
LOC105376713	0.6666666666666666
LOC105376805	0.0
LOC105376892	-0.5283208335737187
LOC105376944	0.07413080711214937
LOC105377043	0.0
LOC105377134	-0.33333333333333337
LOC105377139	0.0
LOC105377155	0.0
LOC105377198	0.0
LOC105377203	1.0566416671474375
LOC105377205	0.0
LOC105377253	0.0
LOC105377259	0.0
LOC105377329	-0.9623847925157518
LOC105377366	0.0
LOC105377411	0.0
LOC105377438	0.0
LOC105377480	0.0
LOC105377489	0.0
LOC105377543	0.0
LOC105377603	0.0
LOC105377672	0.0
LOC105377724	0.0
LOC105377730	-0.3333333333333333
LOC105377797	0.0
LOC105377853	0.0
LOC105377858	0.0
LOC105377862	0.0
LOC105377924	0.0
LOC105378044	-0.33333333333333326
LOC105378066	0.0
LOC105378073	0.0
LOC105378209	0.0
LOC105378242	0.0
LOC105378268	0.0
LOC105378289	-0.7739760316291209
LOC105378305	-2.972954412424865
LOC105378311	0.0
LOC105378333	0.0
LOC105378464	0.0
LOC105378482	0.0
LOC105378644	0.0
LOC105378710	0.0
LOC105378736	0.0
LOC105378798	0.0
LOC105378810	0.0
LOC105378831	0.0
LOC105379003	0.0
LOC105379030	0.0
LOC105379051	0.3333333333333333
LOC105379100	0.0
LOC105379109	-0.6666666666666666
LOC105379178	0.0
LOC105379196	0.0
LOC105379224	0.0
LOC105379230	0.0
LOC105379301	0.0
LOC105379311	0.0
LOC105379327	0.0
LOC105379340	0.0
LOC105379342	0.0
LOC105379350	0.0
LOC105379388	0.0
LOC105379499	-0.5458099735384305
LOC105379507	0.0
LOC105379699	0.0
LOC105379829	0.3333333333333333
LOC107983981	0.0
LOC107983987	0.0
LOC107984010	0.0
LOC107984098	0.0
LOC107984195	0.0
LOC107984273	0.0
LOC107984322	0.3333333333333333
LOC107984365	0.0
LOC107984367	0.0
LOC107984377	0.0
LOC107984399	-0.3333333333333333
LOC107984574	0.33333333333333337
LOC107984588	-1.0566416671474375
LOC107984643	0.0
LOC107984761	0.0
LOC107984784	0.0
LOC107984807	0.0
LOC107984827	0.0
LOC107984851	0.0
LOC107984918	0.0
LOC107984928	0.0
LOC107984948	0.8616541669070521
LOC107984970	1.584962500721156
LOC107985020	0.5283208335737187
LOC107985028	0.0
LOC107985049	0.0
LOC107985101	0.0
LOC107985122	0.0
LOC107985126	0.0
LOC107985213	0.0
LOC107985222	0.0
LOC107985380	0.0
LOC107985432	0.0
LOC107985433	0.0
LOC107985453	0.0
LOC107985532	0.5283208335737186
LOC107985535	0.0
LOC107985579	0.0
LOC107985640	0.0
LOC107985643	0.0
LOC107985645	0.0
LOC107985651	0.0
LOC107985659	0.0
LOC107985688	0.0
LOC107985789	0.0
LOC107985792	0.0
LOC107985876	-0.5283208335737187
LOC107986163	-0.3333333333333333
LOC107986178	0.0
LOC107986208	0.0
LOC107986237	0.0
LOC107986277	0.0
LOC107986281	0.0
LOC107986337	0.3333333333333333
LOC107986375	0.0
LOC107986400	0.0
LOC107986448	0.3333333333333333
LOC107986453	0.0
LOC107986474	0.0
LOC107986494	0.0
LOC107986571	0.0
LOC107986749	0.0
LOC107986768	0.0
LOC107986777	0.0
LOC107986821	0.0
LOC107986822	0.0
LOC107986837	0.0
LOC107986951	0.0
LOC107986952	0.0
LOC107987014	-0.4210114686112645
LOC107987142	1.3899750004807707
LOC107987217	0.0
LOC107987232	0.0
LOC107987282	0.0
LOC107987327	0.0
LOC107987328	0.0
LOC107987329	0.0
LOC107987423	-0.8508470076762598
LOC107987440	0.0
LOC110467520	0.0
LOC110467521	0.0
LOC110467522	0.0
LOC110467523	0.0
LOC112267859	0.0
LOC112267897	0.0
LOC112267968	0.0
LOC112267969	0.0
LOC112267977	0.0
LOC112267992	0.0
LOC112268018	1.0
LOC112268032	0.0
LOC112268136	0.0
LOC112268162	0.0
LOC112268173	0.0
LOC112268176	0.0
LOC112268198	0.6977031347971603
LOC112268208	-0.545809973538431
LOC112268252	0.0
LOC112268270	0.3333333333333333
LOC112268276	0.0
LOC112268404	0.0
LOC112268408	0.0
LOC112268410	0.0
LOC112268411	0.0
LOC112268419	1.2691183073525347
LOC112268431	0.0
LOC112268449	0.0
LOC112268475	0.0
LOC112577592	0.0
LOC112694756	-1.584962500721156
LOC114841035	0.0
LOC115308161	-1.0876781352779314
LOC117779438	-0.5283208335737187
LOC119746555	-0.1021383651720118
LOC121296	0.0
LOC121627959	0.0
LOC121725015	0.0
LOC122394732	0.0
LOC122455340	0.0
LOC122455341	0.0
LOC122455342	0.3333333333333333
LOC122513141	-0.4622498817297913
LOC122526780	0.7974391409262532
LOC122539214	0.29378516783379327
LOC124900174	0.0
LOC124900175	1.0
LOC124900177	0.0
LOC124900178	0.0
LOC124900179	0.3333333333333333
LOC124900180	0.33333333333333337
LOC124900181	0.0
LOC124900182	0.0
LOC124900183	0.0
LOC124900184	0.0
LOC124900185	0.0
LOC124900186	0.0
LOC124900187	0.0
LOC124900188	0.0
LOC124900192	0.19498750024038541
LOC124900193	0.5283208335737186
LOC124900196	0.0
LOC124900197	0.0
LOC124900198	0.0
LOC124900199	0.0
LOC124900200	0.0
LOC124900201	-0.3333333333333333
LOC124900202	0.3333333333333333
LOC124900203	0.0
LOC124900204	0.0
LOC124900205	-0.7739760316291208
LOC124900206	0.0
LOC124900207	0.0
LOC124900208	0.0
LOC124900209	0.0
LOC124900210	0.0
LOC124900211	0.0
LOC124900212	0.3333333333333333
LOC124900217	-0.33333333333333326
LOC124900219	0.0
LOC124900220	0.861654166907052
LOC124900221	0.0
LOC124900222	0.0
LOC124900223	0.0
LOC124900224	0.7739760316291209
LOC124900225	0.0
LOC124900226	0.0
LOC124900227	0.0
LOC124900228	1.1949875002403854
LOC124900229	0.0
LOC124900230	0.0
LOC124900235	0.0
LOC124900236	0.0
LOC124900237	-0.3333333333333333
LOC124900238	-0.3333333333333333
LOC124900239	0.0
LOC124900240	0.0
LOC124900241	0.0
LOC124900242	0.0
LOC124900243	0.0
LOC124900245	0.0
LOC124900246	0.0
LOC124900247	0.0
LOC124900256	-0.6666666666666666
LOC124900257	0.0
LOC124900259	0.0
LOC124900260	0.0
LOC124900261	0.0
LOC124900262	0.0
LOC124900263	0.0
LOC124900264	0.0
LOC124900265	0.0
LOC124900266	0.0
LOC124900267	0.0
LOC124900268	0.0
LOC124900269	0.6666666666666667
LOC124900270	0.0
LOC124900271	0.0
LOC124900275	-0.7641099531846995
LOC124900277	0.0
LOC124900278	0.0
LOC124900279	0.0
LOC124900280	0.0
LOC124900281	0.0
LOC124900282	0.0
LOC124900283	0.0
LOC124900284	0.0
LOC124900285	0.0
LOC124900291	0.0
LOC124900293	0.19498750024038541
LOC124900294	0.0
LOC124900295	0.0
LOC124900296	0.0
LOC124900297	0.0
LOC124900298	0.0
LOC124900299	0.0
LOC124900300	0.0
LOC124900304	0.0
LOC124900305	0.0
LOC124900306	0.0
LOC124900307	0.0
LOC124900309	0.0
LOC124900310	0.0
LOC124900311	-0.3333333333333333
LOC124900312	-0.5283208335737187
LOC124900313	0.0
LOC124900314	0.3333333333333333
LOC124900315	0.0
LOC124900316	0.0
LOC124900318	0.0
LOC124900319	0.0
LOC124900320	0.0
LOC124900321	0.0
LOC124900322	0.0
LOC124900323	0.0
LOC124900324	0.0
LOC124900325	0.0
LOC124900326	0.0
LOC124900327	-0.3333333333333333
LOC124900328	0.0
LOC124900329	-0.5283208335737187
LOC124900330	0.0
LOC124900332	1.0566416671474375
LOC124900333	0.0
LOC124900334	0.0
LOC124900339	0.19498750024038536
LOC124900341	0.0
LOC124900342	0.0
LOC124900343	0.0
LOC124900344	0.0
LOC124900345	0.0
LOC124900346	0.3333333333333333
LOC124900347	0.0
LOC124900348	0.5283208335737186
LOC124900349	0.0
LOC124900350	0.0
LOC124900351	0.0
LOC124900352	-0.3333333333333333
LOC124900353	0.0
LOC124900354	0.0
LOC124900356	0.0
LOC124900357	0.0
LOC124900358	0.0
LOC124900359	0.0
LOC124900360	0.0
LOC124900361	0.0
LOC124900362	0.0
LOC124900363	0.0
LOC124900364	0.0
LOC124900366	0.0
LOC124900367	0.0
LOC124900369	0.0
LOC124900370	0.0
LOC124900371	0.0
LOC124900372	-0.47167916642628127
LOC124900375	0.0
LOC124900376	0.5283208335737187
LOC124900377	0.0
LOC124900378	0.0
LOC124900379	-0.3333333333333333
LOC124900380	0.0
LOC124900381	0.0
LOC124900382	0.7739760316291208
LOC124900383	0.0
LOC124900393	0.0
LOC124900394	0.0
LOC124900395	0.0
LOC124900396	0.0
LOC124900397	-0.19498750024038536
LOC124900398	-0.3333333333333333
LOC124900399	-0.6666666666666666
LOC124900400	0.0
LOC124900402	0.0
LOC124900406	0.0
LOC124900407	0.0
LOC124900408	0.0
LOC124900409	0.0
LOC124900410	0.0
LOC124900411	0.0
LOC124900414	0.0
LOC124900418	0.0
LOC124900419	0.0
LOC124900421	0.0
LOC124900422	0.0
LOC124900423	1.5283208335737186
LOC124900424	0.0
LOC124900425	0.0
LOC124900426	0.0
LOC124900427	0.0
LOC124900428	-0.3333333333333333
LOC124900429	0.0
LOC124900430	0.0
LOC124900431	0.3333333333333333
LOC124900432	0.0
LOC124900433	0.0
LOC124900434	0.0
LOC124900435	0.0
LOC124900436	0.0
LOC124900437	0.0
LOC124900438	0.0
LOC124900439	-0.1383458330929479
LOC124900440	0.0
LOC124900441	0.0
LOC124900442	0.0
LOC124900443	0.0
LOC124900444	0.0
LOC124900446	0.0
LOC124900447	0.3333333333333333
LOC124900448	-0.861654166907052
LOC124900449	-0.5283208335737187
LOC124900450	0.0
LOC124900452	0.0
LOC124900453	0.0
LOC124900454	0.0
LOC124900455	0.0
LOC124900456	0.0
LOC124900457	0.0
LOC124900460	0.3333333333333333
LOC124900461	0.0
LOC124900462	0.0
LOC124900463	0.0
LOC124900464	-0.861654166907052
LOC124900469	-1.0
LOC124900470	0.0
LOC124900471	0.0
LOC124900472	0.0
LOC124900473	0.0
LOC124900475	0.0
LOC124900476	-0.3333333333333333
LOC124900481	0.0
LOC124900488	-0.5283208335737187
LOC124900490	0.0
LOC124900492	0.0
LOC124900493	0.0
LOC124900494	0.0
LOC124900495	0.0
LOC124900496	0.0
LOC124900497	0.0
LOC124900498	-0.3333333333333333
LOC124900500	0.0
LOC124900501	0.0
LOC124900502	0.0
LOC124900503	0.6666666666666666
LOC124900504	0.0
LOC124900505	0.0
LOC124900506	0.0
LOC124900507	0.0
LOC124900508	0.0
LOC124900516	1.0566416671474375
LOC124900517	0.0
LOC124900518	0.0
LOC124900519	0.0
LOC124900520	0.0
LOC124900521	0.0
LOC124900522	0.0
LOC124900524	1.1814401720746037
LOC124900525	0.861654166907052
LOC124900526	0.0
LOC124900527	0.0
LOC124900528	0.0
LOC124900529	0.861654166907052
LOC124900530	-0.6666666666666667
LOC124900531	0.0
LOC124900532	0.0
LOC124900533	0.3333333333333333
LOC124900534	0.0
LOC124900535	0.0
LOC124900536	0.0
LOC124900537	0.0
LOC124900538	0.0
LOC124900539	0.0
LOC124900540	0.0
LOC124900541	0.0
LOC124900542	-0.3333333333333333
LOC124900551	0.0
LOC124900552	0.0
LOC124900553	0.3333333333333333
LOC124900554	0.0
LOC124900555	0.33333333333333326
LOC124900556	-0.3333333333333333
LOC124900557	0.0
LOC124900558	0.0
LOC124900559	0.0
LOC124900560	0.0
LOC124900561	0.0
LOC124900562	0.0
LOC124900563	0.0
LOC124900564	-0.3333333333333333
LOC124900577	0.0
LOC124900589	0.3333333333333333
LOC124900609	0.0
LOC124900632	0.0
LOC124900637	0.0
LOC124900638	-0.3333333333333333
LOC124900775	0.0
LOC124900792	0.0
LOC124900824	0.0
LOC124900838	0.3333333333333333
LOC124900883	0.0
LOC124900885	0.0
LOC124900886	0.0
LOC124900887	0.0
LOC124900890	0.0
LOC124900891	0.0
LOC124900892	0.0
LOC124900893	0.0
LOC124900916	0.0
LOC124900922	0.3333333333333333
LOC124901020	0.0
LOC124901037	0.0
LOC124901048	0.0
LOC124901051	0.0
LOC124901075	0.0
LOC124901121	0.0
LOC124901122	0.0
LOC124901151	0.6666666666666666
LOC124901165	0.0
LOC124901168	0.0
LOC124901186	0.0
LOC124901189	0.6666666666666666
LOC124901190	0.0
LOC124901194	0.0
LOC124901196	0.0
LOC124901197	0.0
LOC124901220	0.0
LOC124901221	0.0
LOC124901333	0.9123218647220687
LOC124901355	-0.9999999999999999
LOC124901405	-1.5283208335737186
LOC124901409	0.0
LOC124901449	0.0
LOC124901499	0.0
LOC124901505	0.0
LOC124901506	0.0
LOC124901507	0.0
LOC124901508	0.0
LOC124901509	0.0
LOC124901521	0.0
LOC124901524	0.0
LOC124901525	0.0
LOC124901526	0.5283208335737186
LOC124901527	0.0
LOC124901528	0.0
LOC124901582	0.0
LOC124901604	0.0
LOC124901612	0.0
LOC124901617	0.0
LOC124901619	0.0
LOC124901635	0.0
LOC124901641	0.0
LOC124901671	0.5283208335737187
LOC124901826	0.0
LOC124901827	0.0
LOC124901856	0.6334881088163622
LOC124901858	0.0
LOC124901859	0.5283208335737186
LOC124901860	0.0
LOC124901861	-0.3899750004807707
LOC124901864	0.5283208335737186
LOC124901966	0.5283208335737187
LOC124901990	0.0
LOC124901995	0.0
LOC124902013	0.0
LOC124902045	0.0
LOC124902062	0.0
LOC124902076	0.0
LOC124902078	0.0
LOC124902079	0.0
LOC124902081	0.0
LOC124902096	0.0
LOC124902100	0.0
LOC124902101	0.0
LOC124902105	-1.1949875002403854
LOC124902108	0.3333333333333333
LOC124902165	0.0
LOC124902167	0.0
LOC124902178	0.0
LOC124902229	0.0
LOC124902280	0.24565519805540204
LOC124902324	0.0
LOC124902333	0.0
LOC124902337	-0.3333333333333333
LOC124902338	0.0
LOC124902388	-0.3899750004807707
LOC124902392	0.0
LOC124902436	0.0
LOC124902438	0.0
LOC124902453	-0.43249168372094227
LOC124902479	0.0
LOC124902534	0.0
LOC124902537	-0.3333333333333333
LOC124902542	0.0
LOC124902567	0.0
LOC124902568	0.0
LOC124902571	0.0
LOC124902572	-0.3333333333333333
LOC124902573	0.0
LOC124902595	0.6666666666666666
LOC124902596	0.0
LOC124902609	-0.3333333333333333
LOC124902623	0.0
LOC124902629	0.0
LOC124902665	0.0
LOC124902694	0.05664166714743746
LOC124902709	0.0
LOC124902723	-0.7739760316291208
LOC124902727	0.0
LOC124902752	-0.7739760316291208
LOC124902769	-0.8616541669070521
LOC124902803	0.0
LOC124902815	0.19498750024038541
LOC124902819	0.0
LOC124902824	-1.0
LOC124902825	0.0
LOC124902826	0.0
LOC124902827	0.0
LOC124902828	0.0
LOC124902847	0.0
LOC124902860	-0.08767813527793122
LOC124902888	0.0
LOC124902897	-1.1949875002403854
LOC124902904	0.9689635318695062
LOC124902923	-0.635630198536173
LOC124902940	0.0
LOC124902964	1.4505584794271384
LOC124902995	0.0
LOC124903026	0.0
LOC124903031	-0.138345833092948
LOC124903037	0.3333333333333333
LOC124903074	0.0
LOC124903092	0.0
LOC124903094	0.0
LOC124903098	0.0
LOC124903099	0.0
LOC124903100	0.0
LOC124903101	0.0
LOC124903183	0.0
LOC124903185	0.0
LOC124903233	0.0
LOC124903254	0.0
LOC124903255	0.0
LOC124903256	0.0
LOC124903257	0.0
LOC124903275	0.0
LOC124903324	0.0
LOC124903342	-0.33333333333333326
LOC124903372	0.0
LOC124903387	-0.5283208335737187
LOC124903398	0.0
LOC124903413	0.0
LOC124903416	0.0
LOC124903417	0.0
LOC124903418	0.0
LOC124903419	0.0
LOC124903420	0.0
LOC124903421	0.0
LOC124903422	0.0
LOC124903423	0.0
LOC124903435	0.0
LOC124903436	0.0
LOC124903437	0.5283208335737186
LOC124903478	0.19498750024038541
LOC124903523	0.0
LOC124903564	0.3333333333333333
LOC124903567	-0.5283208335737187
LOC124903574	0.0
LOC124903587	0.0
LOC124903590	0.1383458330929479
LOC124903592	0.0
LOC124903594	-0.5283208335737186
LOC124903595	0.0
LOC124903615	0.0
LOC124903619	0.0
LOC124903629	0.0
LOC124903639	0.0
LOC124903667	0.06530673665841835
LOC124903670	0.0
LOC124903750	0.0
LOC124903770	-1.8250428510398606
LOC124903780	0.0
LOC124903784	0.0
LOC124903808	0.0
LOC124903809	0.0
LOC124903852	0.0
LOC124903859	0.0
LOC124903871	-0.6666666666666666
LOC124903883	0.5283208335737187
LOC124903889	0.0
LOC124903916	0.0
LOC124903931	0.0
LOC124903956	0.0
LOC124904023	0.0
LOC124904027	0.0
LOC124904039	0.276691666185896
LOC124904048	1.3022968652028393
LOC124904072	0.0
LOC124904108	0.0
LOC124904114	0.0
LOC124904115	1.0
LOC124904116	0.0
LOC124904117	0.0
LOC124904135	0.0
LOC124904136	0.0
LOC124904137	0.0
LOC124904138	0.0
LOC124904139	0.0
LOC124904140	0.0
LOC124904141	0.0
LOC124904142	0.0
LOC124904143	0.0
LOC124904144	0.0
LOC124904145	0.0
LOC124904146	0.0
LOC124904151	0.0
LOC124904152	1.5283208335737186
LOC124904153	0.0
LOC124904154	1.057538865816193
LOC124904242	-1.46410580759292
LOC124904288	0.0
LOC124904332	0.3333333333333333
LOC124904362	-0.33333333333333337
LOC124904363	0.0
LOC124904380	0.0
LOC124904381	0.3333333333333333
LOC124904382	0.0
LOC124904403	0.0
LOC124904411	0.0
LOC124904434	0.0
LOC124904441	0.0
LOC124904478	0.0
LOC124904498	0.0
LOC124904522	0.0
LOC124904535	0.0
LOC124904542	1.0
LOC124904544	0.0
LOC124904546	0.0
LOC124904553	0.0
LOC124904559	0.0
LOC124904576	0.0
LOC124904580	0.0
LOC124904582	0.0
LOC124904585	0.0
LOC124904613	2.280823742609349
LOC124904631	0.0
LOC124904634	1.0
LOC124904640	0.0
LOC124904641	0.0
LOC124904642	0.0
LOC124904666	0.0
LOC124904668	0.0
LOC124904669	0.0
LOC124904671	0.0
LOC124904686	0.0
LOC124904687	0.3333333333333333
LOC124904695	0.0
LOC124904701	0.0
LOC124904706	0.0
LOC124904710	0.0
LOC124904715	0.0
LOC124904721	0.0
LOC124904732	0.0
LOC124904756	0.0
LOC124904767	0.0
LOC124904769	0.0
LOC124904778	0.0
LOC124904795	0.0
LOC124904802	0.0
LOC124904806	0.0
LOC124904808	0.0
LOC124904809	0.0
LOC124904812	0.0
LOC124904813	0.0
LOC124904863	0.3333333333333333
LOC124904880	-0.5283208335737187
LOC124904882	0.0
LOC124904917	0.6303570284177562
LOC124904963	0.0
LOC124904965	-0.3333333333333333
LOC124904972	0.0
LOC124904974	0.0
LOC124904975	0.0
LOC124904983	0.0
LOC124904984	0.0
LOC124904986	0.0
LOC124905012	0.0
LOC124905013	0.3333333333333333
LOC124905040	0.0
LOC124905061	0.0
LOC124905065	0.0
LOC124905067	0.0
LOC124905068	0.0
LOC124905069	0.0
LOC124905092	0.0
LOC124905119	0.0
LOC124905134	-0.3333333333333333
LOC124905143	0.6666666666666666
LOC124905150	0.0
LOC124905166	0.0
LOC124905168	0.0
LOC124905169	0.0
LOC124905170	0.0
LOC124905171	0.0
LOC124905172	0.0
LOC124905173	0.0
LOC124905174	0.0
LOC124905176	0.0
LOC124905218	0.0
LOC124905258	0.0
LOC124905265	0.0
LOC124905266	0.0
LOC124905267	0.0
LOC124905268	-0.6666666666666666
LOC124905269	0.0
LOC124905270	0.0
LOC124905271	0.0
LOC124905290	0.0
LOC124905291	0.0
LOC124905292	0.0
LOC124905293	0.0
LOC124905313	0.0
LOC124905349	-1.6146134379084267
LOC124905527	0.0
LOC124905594	0.0
LOC124905716	0.0
LOC124905951	0.0
LOC124906002	0.0
LOC124906013	0.1383458330929479
LOC124906033	0.0
LOC124906080	0.0
LOC124906135	0.0
LOC124906140	0.0
LOC124906141	0.0
LOC124906142	0.0
LOC124906143	0.0
LOC124906144	0.7739760316291208
LOC124906145	-0.5283208335737187
LOC124906146	0.0
LOC124906147	0.0
LOC124906148	0.0
LOC124906189	-0.3333333333333333
LOC124906194	0.0
LOC124906195	0.0
LOC124906196	0.0
LOC124906209	-0.6666666666666666
LOC124906280	-0.6666666666666666
LOC124906284	0.0
LOC124906339	-1.1073093649624541
LOC124906340	0.0
LOC124906343	0.3333333333333333
LOC124906345	0.0
LOC124906346	0.0
LOC124906347	0.0
LOC124906348	0.0
LOC124906350	0.0
LOC124906377	0.0
LOC124906378	0.0
LOC124906379	0.0
LOC124906380	0.0
LOC124906381	0.0
LOC124906382	0.0
LOC124906495	-0.6272828827605799
LOC124906551	0.0
LOC124906598	0.0
LOC124906683	0.0
LOC124906685	0.0
LOC124906712	-0.10730936496245413
LOC124906839	0.0
LOC124906859	0.0
LOC124906892	0.0
LOC124907582	0.0
LOC124907725	-0.19498750024038536
LOC124907748	0.0
LOC124907760	0.0
LOC124907878	0.0
LOC124907879	0.0
LOC124907880	0.0
LOC124907890	0.0
LOC124907913	0.0
LOC124907978	0.0
LOC124907998	0.0
LOC124908005	0.0
LOC124908058	0.0
LOC124908064	0.0
LOC124909376	0.0
LOC124909383	0.0
LOC124909401	0.0
LOC124909425	-0.3333333333333333
LOC124909446	0.0
LOC124909496	0.0
LOC127814295	0.9047485058887073
LOC128071543	0.0
LOC128092249	0.0
LOC128092250	0.0
LOC128125814	0.0
LOC128125816	0.0
LOC128125817	0.0
LOC128125818	0.0
LOC128125822	0.41319950974970787
LOC128136	0.0
LOC128706665	0.0
LOC128706666	0.0
LOC128966558	-0.3333333333333333
LOC128966594	0.0
LOC128966682	0.0
LOC128966744	0.0
LOC130932201	0.0
LOC133332	0.0
LOC141374963	0.0
LOC149684	0.0
LOC152845	0.0
LOC153910	0.0
LOC154449	0.0
LOC158434	0.0
LOC196469	0.3333333333333333
LOC254896	-0.3333333333333333
LOC283038	0.0
LOC283299	0.0
LOC283683	0.19498750024038536
LOC283804	0.0
LOC284788	-0.3333333333333333
LOC284798	0.0
LOC285097	0.0
LOC285453	0.0
LOC285638	0.0
LOC285804	0.0
LOC286083	0.0
LOC286177	0.0
LOC317727	0.0
LOC338694	0.0
LOC339166	0.0
LOC339298	0.0
LOC339666	0.0
LOC339685	0.0
LOC339966	0.0
LOC340512	0.0
LOC342443	0.0
LOC345471	0.0
LOC345576	0.0
LOC347097	0.0
LOC349160	0.0
LOC359819	0.0
LOC374443	1.4406426982957874
LOC375196	0.0
LOC388248	0.0
LOC388282	-0.5283208335737186
LOC389199	0.0
LOC389602	-1.6159989688516494
LOC389831	0.0
LOC390251	0.0
LOC390282	0.0
LOC390332	0.0
LOC390846	0.0
LOC391092	0.0
LOC391674	-0.1383458330929479
LOC391711	0.0
LOC391713	0.0
LOC391741	0.0
LOC391768	0.0
LOC391798	0.0
LOC392145	0.0
LOC392180	0.0
LOC392187	0.0
LOC392196	0.0
LOC392266	0.0
LOC392436	0.0
LOC392440	0.0
LOC392555	0.0
LOC392787	0.0
LOC400026	-0.3333333333333333
LOC400036	0.0
LOC400347	0.0
LOC400622	0.0
LOC400627	-1.0430943389816556
LOC400748	0.0
LOC401442	0.0
LOC401589	0.0
LOC401703	0.0
LOC401913	0.0
LOC401957	0.0
LOC402192	0.0
LOC402229	0.0
LOC402279	0.0
LOC402329	0.0
LOC403312	0.0
LOC440180	0.0
LOC441179	0.0
LOC441239	0.0
LOC441711	0.0
LOC441887	0.0
LOC442041	0.0
LOC442225	0.0
LOC442427	0.0
LOC442497	0.0
LOC613206	-0.3001547754830287
LOC642361	1.004200012259878
LOC642474	0.0
LOC643014	0.0
LOC643307	0.0
LOC643348	0.0
LOC643381	-0.3333333333333333
LOC644169	-0.8284756090567476
LOC644269	0.0
LOC644335	0.0
LOC644456	0.0
LOC644746	0.0
LOC644909	-0.5283208335737187
LOC645188	0.0
LOC645266	0.0
LOC645405	-0.861654166907052
LOC645482	0.0
LOC645485	-0.6159989688516503
LOC645967	0.8926906350375459
LOC646012	0.0
LOC646071	0.0
LOC646112	0.0
LOC646506	0.0
LOC646548	0.0
LOC646665	-0.3333333333333333
LOC646804	0.0
LOC646828	0.0
LOC646870	0.0
LOC647132	0.0
LOC647208	0.0
LOC647264	0.0
LOC651644	-0.5283208335737187
LOC652549	0.3333333333333333
LOC728307	0.0
LOC728488	1.6356301985361725
LOC728506	0.0
LOC728587	0.0
LOC728660	0.0
LOC728743	-2.52748521503686
LOC728877	0.0
LOC729141	0.0
LOC729254	0.0
LOC729532	0.0
LOC729654	0.754344801944598
LOC729707	0.0
LOC729732	0.0
LOC729998	0.138345833092948
LOC730098	0.0
LOC730338	0.0
LOC730668	-0.5283208335737187
LOC732229	0.0
LOC780529	0.5283208335737186
LOC791091	0.0
LOC93429	0.0
LOC93463	-0.5283208335737187
LOH12CR2	1.0566416671474375
LOHAN2	0.0
LOLI1	0.6666666666666666
LONP1	-0.4112706626978193
LONP2	0.3134832581530027
LONRF1	-0.08253598968027642
LONRF2	0.0
LONRF2P1	0.0
LONRF2P2	0.0
LONRF2P3	0.0
LONRF2P4	0.0
LONRF2P5	0.0
LONRF3	-0.007003560493088479
LORICRIN	0.0
LOX	-1.2103012678300438
LOXHD1	0.0
LOXL1	0.3333333333333333
LOXL1-AS1	0.0
LOXL2	1.107309364962454
LOXL2-AS1	0.3333333333333333
LOXL3	-1.3764276723149893
LOXL4	-0.13039896096161385
LPA	0.3333333333333333
LPAL2	-1.023463109297133
LPAR1	0.0
LPAR2	-0.5283208335737187
LPAR3	0.0
LPAR4	0.0
LPAR5	0.0
LPAR6	-0.42495013663836456
LPCAT1	-0.07099790777806625
LPCAT2	0.2755756404416978
LPCAT2BP	0.0
LPCAT3	0.5029625852056885
LPCAT4	0.06748298230330985
LPGAT1	-0.7745141234682862
LPGAT1-AS1	0.0
LPGAT1P1	0.0
LPIN1	1.383685068269295
LPIN2	-0.26616970299922293
LPIN2-AS1	0.8616541669070519
LPIN2-AS2	-0.7739760316291208
LPIN3	-0.05854621754556932
LPL	0.0
LPO	-0.6666666666666666
LPP	-0.9831510152060225
LPP-AS1	0.33333333333333337
LPP-AS2	0.6862978963511892
LPXN	0.23199793770330013
LRAT	0.3333333333333333
LRATD1	0.19498750024038541
LRATD2	-2.0566416671474372
LRBA	0.1988547110228165
LRBA-AS1	-0.44064269829578717
LRCH1	-0.1542355835567184
LRCH2	0.0
LRCH3	0.5442371239042529
LRCH4	2.043451088513567
LRCOL1	0.0
LRFN1	0.0
LRFN2	0.0
LRFN3	0.8038087485754879
LRFN4	-0.9849645075844249
LRFN5	0.0
LRFN5-DT	0.0
LRG1	0.4498029437698241
LRGUK	-0.19498750024038541
LRIF1	0.21167821956277777
LRIG1	-0.2915341123017301
LRIG2	0.5768567960710014
LRIG2-DT	0.7233083338141042
LRIG3	0.027968525687214196
LRIG3-DT	0.0
LRIT1	0.0
LRIT2	0.0
LRIT3	0.0
LRMDA	-0.8733154039792881
LROMI1	-1.2947264142871981
LRP1	-0.44920701306285427
LRP1-AS	-0.7233083338141041
LRP10	0.0005057297205626199
LRP11	1.6024516406858678
LRP11-AS1	-0.6666666666666666
LRP12	-1.210877250704157
LRP1B	0.861654166907052
LRP2	0.0
LRP2BP	0.7353014328492931
LRP3	-0.6937828466270872
LRP4	-1.4938454235222505
LRP4-AS1	0.9924266411666387
LRP5	0.21104383833583817
LRP5L	0.8576298894735275
LRP6	0.04843358234422723
LRP8	0.045512720154800235
LRP8-DT	0.0
LRPAP1	0.6036536002225859
LRPPRC	-0.30127241587081244
LRR1	-0.21211001083165204
LRRC1	-0.0043282468662164675
LRRC10	0.0
LRRC10B	0.0
LRRC14	0.3751117143276552
LRRC14B	0.0
LRRC15	0.0
LRRC17	0.3333333333333333
LRRC18	0.0
LRRC19	-0.9999999999999999
LRRC2	0.0
LRRC2-AS1	0.0
LRRC20	-0.29846780667190487
LRRC23	0.2963228958704187
LRRC24	0.0
LRRC25	-0.19498750024038536
LRRC26	0.0
LRRC27	-1.5606080133245819
LRRC28	0.5758125079594834
LRRC2P1	0.0
LRRC3	-1.0227064289144634
LRRC3-DT	1.0
LRRC30	0.0
LRRC31	0.0
LRRC32	0.0
LRRC32-AS1	0.0
LRRC34	0.0
LRRC34P1	0.0
LRRC34P2	0.0
LRRC36	0.1383458330929479
LRRC37A	0.08170416594551044
LRRC37A11P	0.0
LRRC37A12P	0.0
LRRC37A13P	0.0
LRRC37A14P	0.19498750024038541
LRRC37A15P	0.861654166907052
LRRC37A16P	-0.1627003204895221
LRRC37A17P	0.2976949320278295
LRRC37A2	0.4056993738889787
LRRC37A3	-0.2766916661858958
LRRC37A4P	-1.182229432261114
LRRC37A5P	-0.6666666666666666
LRRC37A6P	0.7739760316291209
LRRC37A7P	0.0
LRRC37A9P	0.0
LRRC37B	0.5219306821755456
LRRC37BP1	0.40623579150953004
LRRC38	0.0
LRRC39	0.3899750004807707
LRRC3B	0.0
LRRC3B-AS1	0.0
LRRC3C	0.0
LRRC4	0.19284541052057413
LRRC40	-0.261652723832956
LRRC41	-0.6289752186967323
LRRC42	-0.3071753139923059
LRRC43	0.0
LRRC45	-0.4852759265031885
LRRC46	2.1949875002403854
LRRC47	-0.02784749062633196
LRRC49	0.6356301985361729
LRRC4B	0.0
LRRC4C	0.0
LRRC51	0.3058459466026755
LRRC52	0.0
LRRC52-AS1	0.0
LRRC53	0.0
LRRC55	0.0
LRRC56	0.6862978963511894
LRRC57	0.5487130023404951
LRRC57P1	0.0
LRRC58	0.6166734204571149
LRRC59	-0.4888045284233513
LRRC59-AS1	-0.3333333333333333
LRRC61	-0.08439364531964255
LRRC63	0.3333333333333333
LRRC66	-0.3333333333333333
LRRC69	-0.666666666666667
LRRC7	-0.39480819037914205
LRRC7-AS1	0.0
LRRC70	-0.1383458330929479
LRRC71	-0.5283208335737187
LRRC72	0.0
LRRC73	0.9999999999999999
LRRC74A	0.0
LRRC74B	0.0
LRRC74BNL	0.0
LRRC75A	-0.19361546408297414
LRRC75B	0.26590099440115456
LRRC77P	0.0
LRRC78P	0.0
LRRC8A	0.7333743533089052
LRRC8B	-0.0111962786746167
LRRC8C	-0.37318757607687303
LRRC8C-DT	0.9123218647220687
LRRC8D	-0.43241132640653124
LRRC8D-DT	0.7187064006390935
LRRC8E	1.1949875002403856
LRRC9	0.33333333333333326
LRRCC1	-0.9047485058887075
LRRD1	0.0
LRRFIP1	0.12355808695600423
LRRFIP1P1	0.8058704809808908
LRRFIP2	0.5346279883141083
LRRFIP2P1	0.0
LRRIQ1	-0.3333333333333333
LRRIQ3	0.17152439094325267
LRRIQ4	0.0
LRRK1	-2.680096573675239
LRRK1-AS1	-1.3333333333333333
LRRK2	-0.19498750024038541
LRRN1	0.3333333333333333
LRRN2	0.0
LRRN2-AS1	0.0
LRRN3	0.968963531869506
LRRN4	-1.0147980397861514
LRRN4CL	0.0
LRRTM1	0.0
LRRTM2	1.0566416671474372
LRRTM3	0.0
LRRTM4	1.3899750004807707
LRRTM4-AS1	0.0
LRSAM1	0.143243794807292
LRTM1	0.0
LRTM2	0.0
LRTM3	0.0
LRTOMT	0.0
LRWD1	0.8211469340480582
LSAMP	0.723308333814104
LSAMP-AS1	0.0
LSG1	0.14801809043148673
LSINCT5	0.0
LSM1	-1.5517839428708513
LSM10	-0.041398432695785914
LSM11	-0.40026539750988377
LSM12	0.25817830188008006
LSM12P1	0.6356301985361732
LSM14A	0.12943462225959124
LSM14B	0.24045218315034855
LSM1P1	0.0
LSM1P2	0.0
LSM2	-0.13570406306040628
LSM2P1	0.0
LSM2P2	0.0
LSM3	-0.49660465035202517
LSM3P2	0.0
LSM3P3	0.3333333333333333
LSM3P4	0.0
LSM3P5	0.3333333333333333
LSM4	0.10780234127109267
LSM5	-0.24329205645996144
LSM6	0.08838095063867524
LSM6P2	0.0
LSM7	0.31260122942452995
LSM8	0.23796090593388453
LSMEM1	1.8306176987765577
LSMEM2	1.0
LSP1	-0.3333333333333333
LSP1P1	0.0
LSP1P2	0.0
LSP1P3	0.0
LSP1P4	-0.006919520055598483
LSR	0.2962161024613943
LSS	0.6482656285219939
LST1	-0.3333333333333333
LTA	0.0
LTA4H	0.7986748747347727
LTAP1	-0.288565187174294
LTB	0.0
LTB4R	0.6539773197221597
LTB4R2	1.0074559376761512
LTBP1	-0.8616541669070521
LTBP2	-0.33333333333333326
LTBP3	-0.2552927620271479
LTBP4	0.0
LTBR	-1.0486169554878169
LTC4S	1.46410580759292
LTF	0.0
LTK	-0.8616541669070521
LTN1	-0.07493665825352291
LTO1	0.7917550507443591
LTO1P1	0.0
LTV1	-0.47272240494501183
LTV1P1	0.3333333333333333
LUADT1	0.0
LUARIS	0.0
LUC7L	0.9001465727136972
LUC7L2	0.1914772777429956
LUC7L3	0.410596774738198
LUCAT1	1.5538612607746898
LUM	0.0
LUNAR1	0.0
LURAP1	0.0
LURAP1L	-1.7814319693052711
LURAP1L-AS1	-0.9689635318695062
LUZP1	1.2432846312252277
LUZP2	0.0
LUZP4	0.0
LUZP4P1	0.0
LVRN	0.33333333333333326
LXN	0.1443198024253689
LY6D	-3.46410580759292
LY6E	-0.016268725924883043
LY6E-DT	0.0
LY6G5B	-0.6666666666666665
LY6G5C	0.3333333333333333
LY6G6C	0.0
LY6G6D	0.0
LY6G6E	0.0
LY6G6F	0.0
LY6G6F-LY6G6D	0.0
LY6H	0.0
LY6K	0.0
LY6L	0.0
LY6S-AS1	0.19498750024038536
LY75	0.0
LY75-CD302	0.0
LY86	0.0
LY86-AS1	0.0
LY9	0.3333333333333333
LY96	0.861654166907052
LYAR	-0.305109892004336
LYARP1	0.0
LYG1	-0.6666666666666666
LYG2	-0.5283208335737187
LYL1	1.6356301985361728
LYN	-0.9189726172766886
LYNX1	-0.4444745779083972
LYNX1-SLURP2	0.0
LYPD1	0.0
LYPD2	0.0
LYPD3	1.3022968652028393
LYPD4	0.0
LYPD5	0.0
LYPD6	0.3333333333333333
LYPD6B	0.0
LYPD8	0.0
LYPD9P	0.0
LYPLA1	-0.08371278942175842
LYPLA1P1	0.0
LYPLA1P2	0.0
LYPLA1P3	-0.6666666666666666
LYPLA2	-0.45277594235372653
LYPLA2P1	0.0
LYPLA2P2	0.0
LYPLA2P3	0.0
LYPLAL1	0.5091707428457513
LYPLAL1-AS1	0.0
LYPLAL1-DT	0.3333333333333333
LYRM1	-0.47871924070441896
LYRM2	0.2939689447910183
LYRM4	-0.29960583952099995
LYRM4-AS1	0.24565519805540204
LYRM7	0.46084273306135337
LYRM9	1.1949875002403854
LYRM9-AS1	0.0
LYSET	1.1301123528835069
LYSETP1	0.0
LYSMD1	0.19135806152613988
LYSMD2	-0.7233083338141042
LYSMD3	0.06962413280759616
LYSMD4	0.7405067330616921
LYST	1.0079727548639505
LYVE1	-2.043094338981655
LYZ	-1.81902150640774
LYZL1	-1.3022968652028393
LYZL2	-0.5283208335737186
LYZL4	-0.3333333333333333
LYZL6	0.0
LZIC	-1.130074404700654
LZTFL1	-0.9153181257978198
LZTR1	-0.0007750176487482108
LZTS1	1.0
LZTS1-AS1	0.0
LZTS2	-0.847941672911178
LZTS3	0.9009091061930219
M1AP	-0.5283208335737187
M6PR	0.3457717308968178
M6PRP1	0.0
MAB21L1	-0.3333333333333333
MAB21L2	0.7233083338141041
MAB21L3	-3.1231991154262255
MAB21L4	-2.1949875002403854
MACC1	0.0
MACC1-AS1	0.0
MACC1-OT1	0.0
MACF1	-0.2054089827711092
MACIR	-0.4205149292311017
MACO1	0.3463996756050669
MACORIS	0.0
MACROD1	-0.261633257183842
MACROD2	0.7739760316291209
MACROD2-AS1	0.0
MACROD2-IT1	0.0
MACROH2A1	0.003908672039582228
MACROH2A2	-0.9901519081286612
MAD1L1	-0.8185598279253963
MAD2L1	-0.2790024734584744
MAD2L1-DT	-0.33333333333333326
MAD2L1BP	0.17303868367527286
MAD2L1P1	-0.3333333333333333
MAD2L2	0.4709595817536929
MADCAM1	2.1307724742595866
MADCAM1-AS1	0.6666666666666667
MADD	0.9721156520860417
MADD-AS1	1.3333333333333335
MAEA	0.22033810781235275
MAEL	0.0
MAF	-0.7233083338141041
MAF1	0.26763923559319824
MAF1P1	0.0
MAFA	2.0
MAFA-AS1	0.0
MAFB	2.6172496804720193
MAFF	0.011135361493634477
MAFG	-0.10677974117878719
MAFG-AS1	-0.24565519805540215
MAFK	0.15197231496592245
MAFTRR	0.0
MAG	-0.3333333333333333
MAGEA1	0.3333333333333333
MAGEA10	0.0
MAGEA11	0.0
MAGEA12	1.7739760316291204
MAGEA13P	0.0
MAGEA2	0.0
MAGEA2B	0.0
MAGEA3	-0.3246682638223519
MAGEA4	0.0
MAGEA4-AS1	0.0
MAGEA5P	0.0
MAGEA6	-1.0196312296845231
MAGEA6-DT	0.3333333333333333
MAGEA7P	0.0
MAGEA8	0.0
MAGEA8-AS1	0.0
MAGEA9	0.0
MAGEA9B	0.0
MAGEB1	0.0
MAGEB10	0.0
MAGEB16	0.0
MAGEB17	0.0
MAGEB17-AS1	-0.5283208335737187
MAGEB18	0.0
MAGEB2	0.0
MAGEB3	0.0
MAGEB4	0.0
MAGEB5	0.0
MAGEB6	0.0
MAGEB6B	0.0
MAGEC1	0.0
MAGEC2	0.0
MAGEC3	0.0
MAGED1	-0.24020818930275745
MAGED2	-0.5977779364935252
MAGED4	0.0
MAGED4B	0.0
MAGEE1	-0.13834583309294812
MAGEE2	0.0
MAGEF1	0.2767279025642848
MAGEH1	0.9484966836481248
MAGEL2	0.0
MAGI1	-0.32802982716572693
MAGI1-AS1	0.0
MAGI1-IT1	0.10730936496245413
MAGI2	-0.29968431799338724
MAGI2-AS1	0.3333333333333333
MAGI2-AS2	0.0
MAGI2-AS3	0.1910034898577022
MAGI3	0.46716266955678076
MAGIX	-0.10730936496245413
MAGOH	0.12236892689395162
MAGOH-DT	0.9689635318695062
MAGOH2P	0.3333333333333333
MAGOH3P	-0.3333333333333333
MAGOHB	-1.511300116335379
MAGT1	0.2167732398226887
MAHAC	1.5283208335737188
MAILR	0.07413080711214937
MAIP1	-0.6809437362151636
MAJIN	0.0
MAK	0.8284756090567482
MAK16	0.1265932931858238
MAL	0.0
MAL-AS1	0.0
MAL2	-1.1597491016314736
MAL2-AS1	0.44064269829578717
MALAT1	1.906942692020344
MALL	0.0
MALLP1	0.0
MALLP2	0.0
MALRD1	-0.3027984566047257
MALRD1-AS1	1.107309364962454
MALSU1	-0.28081957433783966
MALT1	-0.6376542119449695
MALT1-AS1	0.523718900398709
MAMDC2	-0.6356301985361725
MAMDC2-AS1	-1.4641058075929199
MAMDC4	0.5109208297414858
MAML1	0.2783423181697726
MAML2	-0.6980376196583205
MAML3	-1.7407974737788159
MAML3-AS1	0.0
MAMLD1	0.3333333333333333
MAMSTR	-0.5283208335737186
MAN1A1	0.31463889692286884
MAN1A2	0.4850523013953243
MAN1A2P1	0.0
MAN1B1	0.6415883993650233
MAN1B1-DT	0.033178557850304546
MAN1C1	0.0
MAN2A1	0.15144781716611178
MAN2A1-DT	0.3333333333333333
MAN2A2	-0.47803118649702636
MAN2A2-AS1	0.0
MAN2B1	1.1006979814062667
MAN2B2	0.30165840237787744
MAN2C1	0.3847018303623546
MANBA	0.6592053483398121
MANBAL	0.23392538856796818
MANCR	-0.3333333333333333
MANEA	-0.7602923879674686
MANEA-DT	-0.10247617506408258
MANEAL	-0.5267230648772072
MANEALP1	0.0
MANF	-0.04307023037740443
MANSC1	-1.3929656432402435
MANSC4	0.0
MAOA	-1.9761234410063233
MAOB	0.3408282907139135
MAP10	0.0
MAP1A	2.571415172555374
MAP1B	-0.488794793093021
MAP1LC3A	-0.3333333333333333
MAP1LC3B	0.8011991158815883
MAP1LC3B2	0.0
MAP1LC3BP1	0.0
MAP1LC3C	0.0
MAP1LC3P	0.6666666666666666
MAP1S	0.4143255844975129
MAP2	0.5283208335737187
MAP2K1	0.2148888310383681
MAP2K1P1	-0.3333333333333333
MAP2K2	0.5347187807719695
MAP2K3	0.28860679321457194
MAP2K4	0.7327485763694499
MAP2K4P1	-0.5283208335737186
MAP2K5	0.14048792281276024
MAP2K5-DT	1.6814647064528185
MAP2K6	-1.0006386120115636
MAP2K6-AS1	0.0
MAP2K7	0.6289728682498792
MAP2K7-AS1	0.0
MAP3K1	-0.10995733780801942
MAP3K10	-0.4441529207931776
MAP3K11	0.29867902382676625
MAP3K12	0.6621431201979084
MAP3K13	0.44848027798947676
MAP3K14	0.8962379233218396
MAP3K14-AS1	1.830617698776558
MAP3K15	-0.0291542804167797
MAP3K19	0.0
MAP3K2	-0.02328822668605568
MAP3K2-DT	0.23253045194402056
MAP3K20	-0.5376762774790658
MAP3K20-AS1	0.6765824477980174
MAP3K21	0.0
MAP3K3	0.8597630974353203
MAP3K4	-0.18690814282276413
MAP3K4-AS1	-0.602451640685868
MAP3K5	0.3333333333333333
MAP3K5-AS1	0.0
MAP3K6	-0.34304878188650534
MAP3K7	0.46594197495851386
MAP3K7CL	0.6666666666666666
MAP3K8	0.41916540743078823
MAP3K9	1.264009043738091
MAP3K9-DT	-0.534526059629501
MAP4	0.27717397653869824
MAP4K1	-0.33333333333333337
MAP4K1-AS1	0.0
MAP4K2	-0.575855632054652
MAP4K3	0.0676051366847874
MAP4K3-DT	0.09411522014297091
MAP4K4	-0.3884721665863715
MAP4K5	-0.5096793527969519
MAP6	-0.5283208335737186
MAP6-AS1	0.0
MAP6D1	0.6666666666666666
MAP7	-0.3333333333333333
MAP7-AS1	0.0
MAP7D1	0.4630140969152996
MAP7D2	-0.17985328543392942
MAP7D3	0.0
MAP9	0.0
MAP9-AS1	0.0
MAPDA	0.4055183519264194
MAPK1	0.6801479647231101
MAPK10	0.861654166907052
MAPK10-AS1	0.0
MAPK11	0.38997500048077083
MAPK12	-0.5537977213220024
MAPK13	-2.537622832430348
MAPK14	0.4927304059522335
MAPK15	0.0
MAPK1IP1L	0.3029113207315248
MAPK3	-1.594560782107068
MAPK4	0.38997500048077083
MAPK6	0.05973911547434163
MAPK6-DT	0.5283208335737186
MAPK6P1	0.0
MAPK6P2	0.3333333333333333
MAPK6P3	0.3333333333333333
MAPK6P4	0.3333333333333333
MAPK6P5	0.0
MAPK6P6	0.0
MAPK7	0.6216445852564454
MAPK8	0.574364191767736
MAPK8IP1	1.1149954211396818
MAPK8IP1P1	0.0
MAPK8IP1P2	0.0
MAPK8IP2	0.5048577242765859
MAPK8IP3	1.186933483349054
MAPK8IP3-AS1	0.19498750024038536
MAPK9	0.33937640331901076
MAPKAP1	0.2836995595435692
MAPKAPK2	0.7290932700605257
MAPKAPK3	-0.7366127480141271
MAPKAPK5	0.10420612845584376
MAPKAPK5-AS1	0.5606080133245821
MAPKAPK5P1	0.0
MAPKBP1	0.39419713775949106
MAPRE1	0.36122841037196984
MAPRE1P1	0.0
MAPRE1P2	0.0
MAPRE1P3	0.0
MAPRE2	0.18064811989949092
MAPRE3	1.144319802425369
MAPRE3-AS1	0.861654166907052
MAPT	0.3928251016020803
MAPT-AS1	-0.3333333333333333
MAPT-IT1	-0.3333333333333333
MARCHF1	-0.036284046979075946
MARCHF10	0.0
MARCHF10-AS1	0.0
MARCHF10-DT	0.0
MARCHF11	0.3333333333333333
MARCHF11-AS1	0.0
MARCHF11-DT	0.0
MARCHF2	1.5217161172667115
MARCHF3	1.3529645630178564
MARCHF4	0.0
MARCHF4-AS1	0.0
MARCHF5	0.1748361284144595
MARCHF6	0.30660448385531147
MARCHF6-DT	1.6998452245169713
MARCHF7	0.4601652034709627
MARCHF8	0.41587513214423044
MARCHF9	-0.16180894239008037
MARCKS	-0.7121334272860933
MARCKSL1	0.9145908776723397
MARCKSL1P1	0.3899750004807707
MARCKSL1P2	-0.3333333333333333
MARCO	0.0
MARCO-AS1	0.0
MARCOL	0.0
MARF1	-0.0745294930028173
MARK1	0.0
MARK2	0.5024255183066959
MARK2P10	0.0
MARK2P11	0.0
MARK2P12	0.0
MARK2P13	0.0
MARK2P14	0.0
MARK2P15	0.0
MARK2P16	0.0
MARK2P17	0.0
MARK2P18	-1.0566416671474375
MARK2P19	0.0
MARK2P21	0.0
MARK2P3	0.0
MARK2P4	-0.6666666666666666
MARK2P5	0.0
MARK2P6	0.0
MARK2P7	0.0
MARK2P8	1.0
MARK2P9	0.0
MARK3	0.692946808290599
MARK3P1	-0.5283208335737187
MARK3P3	0.0
MARK4	0.3924102461841441
MARS1	-0.4886355439738148
MARS2	0.14803951801076298
MARVELD1	0.0
MARVELD2	-0.03369402233248309
MARVELD3	-2.3449984737854015
MAS1	0.0
MAS1L	0.0
MAS1LP1	0.0
MASCRNA	0.0
MASP1	-1.6356301985361725
MASP2	-0.8093200733438453
MAST1	-1.584962500721156
MAST2	0.37018789885133874
MAST3	-0.0021420897198112243
MAST3-AS1	0.0
MAST4	-0.9326315309361792
MAST4-AS1	1.2516291673878226
MAST4-IT1	0.0
MASTL	0.16594995545016467
MAT1A	-2.8207914400725853
MAT2A	0.37886303782350694
MAT2AP1	0.0
MAT2B	-0.1147343058868584
MATCAP1	-0.009715448553172301
MATCAP2	0.6134889184177359
MATK	0.0
MATN1	0.3333333333333333
MATN1-AS1	-0.19498750024038541
MATN2	1.230014848926238
MATN3	-0.8081170231197436
MATN4	0.3333333333333333
MATR3	0.7649047507926454
MATR3P1	0.0
MATR3P2	0.0
MATR3P3	0.0
MAU2	0.058387036878159826
MAVS	0.37401028595920494
MAX	0.1879491665098243
MAX-AS1	0.7739760316291205
MAZ	-0.5469000065632139
MB	0.0
MB21D2	-0.8616541669070521
MBD1	0.610239638374372
MBD2	0.11942509639186838
MBD3	0.02150215184398796
MBD3L1	0.0
MBD3L2	0.0
MBD3L2B	0.0
MBD3L3	0.0
MBD3L4	0.0
MBD3L5	0.0
MBD4	0.004075371769097558
MBD5	-0.024221435497201682
MBD6	0.3958037244175667
MBIP	0.10405310139390966
MBL1P	0.0
MBL2	-3.8586151156632513
MBL3P	0.0
MBLAC1	-0.3098702240362008
MBLAC2	0.2915968460742979
MBNL1	0.1057572594716003
MBNL1-AS1	-0.6024516406858679
MBNL2	-0.42815796303716525
MBNL3	-0.061777156981513315
MBOAT1	0.0
MBOAT2	-0.3333333333333333
MBOAT4	-2.358938532350277
MBOAT7	0.2902160278673529
MBP	-0.43564808984819425
MBP-AS1	1.1949875002403854
MBP-AS2	-1.584962500721156
MBTD1	-0.2392578723369736
MBTPS1	0.16077854597691932
MBTPS1-DT	0.35679644263046617
MBTPS2	0.22972226250330863
MC1R	-1.0506676978150167
MC2R	0.19498750024038541
MC3R	0.0
MC4R	0.0
MC5R	0.0
MCAM	0.8259851220027228
MCAT	0.2756948497148981
MCC	-2.233727116429775
MCCC1	-0.16803653113028005
MCCC1-AS1	0.3333333333333333
MCCC2	-0.48358275401663775
MCCD1	0.0
MCCD1P1	0.3333333333333333
MCCD1P2	0.0
MCEE	-0.4005446203898835
MCEMP1	0.0
MCF2	-0.3333333333333333
MCF2L	-0.1512195977687174
MCF2L-AS1	-0.19498750024038541
MCF2L2	0.0
MCF2L2P1	0.7233083338141041
MCFD2	-0.2877347351578017
MCFD2-AS1	0.056641667147437236
MCFD2P1	0.3333333333333333
MCHR1	-1.9357849740192015
MCHR2	0.0
MCHR2-AS1	0.0
MCIDAS	0.0
MCL1	1.3002575063142245
MCM10	-0.020963209338894728
MCM2	-0.5697871261698984
MCM3	-0.5394015944895454
MCM3AP	0.032526736131263334
MCM3AP-AS1	0.29579038162969784
MCM4	-0.1511130389737385
MCM5	-0.861996876120684
MCM6	-0.4178597270733917
MCM7	-0.5609054024825451
MCM8	0.0356943659302269
MCM8-AS1	-0.1383458330929479
MCM9	0.31850939611691853
MCMBP	0.11243909447007638
MCMDC2	-0.4716791664262814
MCOLN1	1.2116677277402501
MCOLN2	0.3333333333333333
MCOLN3	1.0
MCPH1	-1.3678596159243268
MCPH1-AS1	0.0
MCPH1-DT	0.23222919442666168
MCRIP1	1.6349718524275483
MCRIP2	-0.41371476049990186
MCRIP2P1	0.0
MCRIP2P2	0.0
MCRS1	0.000235977406454424
MCTP1	0.05155907591445841
MCTP1-AS1	0.0
MCTP2	0.14826161422429918
MCTS1	-0.22060706812234887
MCTS2	0.0
MCU	0.761313753911323
MCUB	-0.7213863852503288
MCUR1	-0.04604608984578551
MCUR1P1	0.3333333333333333
MCUR1P2	0.0
MDC1	-0.1539224395597989
MDC1-AS1	0.0
MDFI	-0.3333333333333333
MDFIC	-0.3333333333333333
MDFIC2	0.0
MDGA1	0.3333333333333333
MDGA2	0.0
MDH1	0.27407518765249606
MDH1B	-0.3333333333333333
MDH1P1	0.0
MDH1P2	0.0
MDH2	0.056352752541593
MDK	-0.6114024074756905
MDM2	-0.16301660359501646
MDM4	-0.2757340678328015
MDM4P1	0.0
MDN1	-0.35919368121444606
MDN1-AS1	0.6666666666666666
MDP1	0.3333333333333333
MDS2	0.3333333333333333
ME1	0.0
ME2	0.22244715639326085
ME2P1	0.0
ME3	0.3333333333333333
ME3-AS1	0.0
MEA1	1.020332028898527
MEAF6	0.2723629592574328
MEAF6P1	0.0
MEAK7	0.12473716194003437
MECOM	-0.19498750024038541
MECOM-AS1	0.0
MECP2	-0.14195968630875733
MECR	0.5458247665417062
MED1	0.09802380685191814
MED10	0.11939834643180713
MED11	0.6973074964803474
MED12	-0.999768743276638
MED12L	0.5283208335737186
MED13	0.10038446660141709
MED13L	0.13622508561871882
MED13P1	0.0
MED14	0.2047583902493466
MED14OS	-0.3333333333333333
MED14P1	0.0
MED15	0.16067564979442306
MED15P1	0.0
MED15P3	0.0
MED15P4	0.0
MED15P5	0.0
MED15P6	0.0
MED15P7	0.0
MED15P8	-0.3333333333333333
MED15P9	0.0
MED16	0.6156513749463812
MED17	0.24065447694231956
MED18	-0.29912831117237104
MED19	0.643811193670226
MED20	0.6837814503804376
MED21	0.41587006092631373
MED22	-0.3059412652453135
MED23	0.5750527073714684
MED24	-1.1648948399183547
MED25	0.4200001152480537
MED26	0.6977719082469687
MED27	0.3667507094844549
MED28	0.02235087116924639
MED28-DT	-0.30987022403620035
MED28P1	1.1949875002403854
MED28P2	0.0
MED28P3	-0.10730936496245391
MED28P4	0.0
MED28P5	0.0
MED28P6	0.0
MED28P7	0.0
MED28P8	0.0
MED29	0.8157942422018936
MED30	0.29534160258176634
MED31	0.6531684072573132
MED4	-0.04010324651239916
MED4-AS1	-0.5283208335737187
MED6	-0.40114890396480263
MED6P1	0.0
MED7	0.028296299195504027
MED8	-0.6688192803625155
MED8-AS1	0.10730936496245391
MED9	0.1531438728790988
MEDAG	0.3333333333333333
MEF2A	0.5683299777624242
MEF2AP1	0.0
MEF2B	0.0
MEF2C	0.0
MEF2C-AS1	0.0
MEF2C-AS2	0.0
MEF2D	1.2793144139636756
MEFV	0.0
MEG3	0.5283208335737187
MEG8	-0.6666666666666666
MEG9	0.0
MEGF10	0.0
MEGF11	0.050667697815016455
MEGF6	1.959088891152053
MEGF8	-0.05651377257490253
MEGF9	1.660822123405084
MEI1	-0.276691666185896
MEI4	0.0
MEIG1	0.3333333333333333
MEIKIN	0.0
MEIOB	-0.22602396837087924
MEIOC	-1.1531438728790995
MEIOSIN	0.0
MEIS1	0.5859080514443349
MEIS1-AS2	0.0
MEIS1-AS3	0.3333333333333333
MEIS2	-0.9658220500929788
MEIS3	0.3333333333333333
MEIS3P1	0.0
MEIS3P2	0.0
MELK	0.020809831171942683
MELTF	-1.1841803410095928
MELTF-AS1	0.0
MEMO1	0.7414937216881343
MEMO1P1	-0.19498750024038541
MEMO1P2	0.0
MEMO1P3	0.0
MEMO1P4	0.3333333333333333
MEMO1P5	0.0
MEN1	0.039395361913983074
MEOX1	0.3333333333333333
MEOX2	0.0
MEP1A	-0.6666666666666667
MEP1AP1	0.0
MEP1AP4	0.0
MEP1B	0.0
MEPCE	0.2139765801575182
MEPE	-0.861654166907052
MERTK	-0.6115876050916951
MESD	-0.024991967770846557
MESDP1	0.3333333333333333
MESP1	-0.5283208335737187
MESP2	0.0
MEST	-0.8128299218566006
MESTIT1	-0.6356301985361729
MESTP1	0.0
MESTP2	0.0
MESTP3	-0.5283208335737187
MESTP4	0.0
MET	-0.8105403127203852
METAP1	-0.03497466642101088
METAP1D	-1.2841087449596014
METAP2	-0.10260982303436883
METAP2P1	0.0
METRN	0.5045801594785981
METRNL	2.279314413963675
METTL1	0.4118315609953971
METTL13	-0.07331937424909629
METTL14	0.7913326562039167
METTL14-DT	0.0
METTL15	-0.025261612533459044
METTL15P1	-0.33333333333333326
METTL15P3	0.0
METTL16	-0.5443620434741909
METTL17	-0.0804077644317509
METTL18	-0.5956687588886003
METTL1P1	0.0
METTL21A	-1.050025475152947
METTL21AP1	0.1383458330929479
METTL21C	-0.3333333333333333
METTL21EP	0.0
METTL22	0.08200750790722378
METTL23	1.0337523219989064
METTL24	0.0
METTL25	0.32399520794346737
METTL25B	1.4650184725505886
METTL26	-0.20450293531453134
METTL27	1.4284674062874163
METTL2A	0.28295066509607736
METTL2B	0.43471108946037784
METTL3	-0.3140956073710557
METTL4	-0.9543298736768078
METTL5	-0.581213558987395
METTL5P1	0.0
METTL5P2	0.5283208335737187
METTL5P3	0.0
METTL5P4	0.0
METTL6	0.10860539363210009
METTL8	-0.9737064450004302
METTL8P1	0.0
METTL9	0.23388630751366613
MEX3A	-2.443136085387659
MEX3B	0.5727021889716304
MEX3C	-0.2840524295864366
MEX3D	0.6190055597415745
MFAP1	0.13697379693553735
MFAP1P1	0.3333333333333333
MFAP2	0.0
MFAP3	0.5542842556466647
MFAP3L	0.5283208335737188
MFAP3L-AS1	0.0
MFAP4	0.7739760316291207
MFAP5	0.0
MFF	-0.014265545000319513
MFF-DT	-1.107309364962454
MFFP1	-0.19498750024038541
MFFP2	0.0
MFGE8	0.4541900264615695
MFHAS1	-0.135299764861597
MFN1	0.40188883995626234
MFN1P1	0.0
MFN2	-0.11645479543999926
MFNG	-1.7887740714152718
MFRP	0.0
MFSD1	-0.20337357735700134
MFSD11	1.2056223665164634
MFSD12	0.8066070562915488
MFSD12-AS1	0.0
MFSD1P1	0.17152439094325267
MFSD2A	-0.3333333333333333
MFSD2B	-0.6901297759637992
MFSD6	0.9945624482881321
MFSD6L	0.0
MFSD8	0.24774152821262874
MGA	0.0833410396651395
MGAM	0.0
MGAM2	0.3333333333333333
MGARP	0.0
MGAT1	0.014704571173565384
MGAT2	-0.4972843654432244
MGAT2P1	0.0
MGAT2P2	0.0
MGAT3	0.0
MGAT3-AS1	-0.3333333333333333
MGAT4A	-0.3466572461547148
MGAT4B	0.07957535936886195
MGAT4C	0.0
MGAT4D	0.0
MGAT4EP	0.0
MGAT4FP	0.0
MGAT5	-0.4957442204386524
MGAT5B	-0.6666666666666666
MGC12916	0.2017334878866599
MGC15885	-0.3333333333333333
MGC16275	-0.4210114686112649
MGC27382	0.0
MGC4859	0.0
MGLL	0.0
MGME1	-0.5212260909448698
MGMT	-0.2162696609152608
MGP	0.0
MGRN1	-0.02693635952211615
MGRN1-AS1	0.30229686520283927
MGST1	-1.0064696071594197
MGST2	-1.1330522330617896
MGST3	0.6389402095342893
MHENCR	0.41612920995646485
MIA	0.0
MIA-RAB4B	0.0
MIA2	-0.12764068377761895
MIA2-AS1	0.0371203696492346
MIA3	0.1576713098709348
MIAT	0.6666666666666666
MIATNB	0.03103646813049421
MIB1	0.735744965877549
MIB2	0.9917647942046974
MICA	0.7589125769562628
MICA-AS1	0.7289789611848123
MICAL1	0.028367856125472102
MICAL2	0.6688003868815642
MICAL2-AS1	0.0
MICAL3	0.7525010999535215
MICALL1	-0.5108620523948488
MICALL2	1.317301499626295
MICALL2-DT	-0.3333333333333333
MICB	-0.261662369676384
MICC	0.0
MICD	0.33333333333333337
MICE	1.0
MICG	0.0
MICOS10	-0.19498750024038536
MICOS10-DT	-0.5283208335737187
MICOS10-NBL1	0.0
MICOS10P2	0.0
MICOS10P3	0.0
MICOS10P4	0.0
MICOS13	0.13560346716656824
MICU1	0.7586865912856213
MICU2	0.6353491468213601
MICU3	0.541496954969265
MID1	0.0
MID1IP1	-1.0993835705347457
MID1IP1-AS1	0.3333333333333333
MID2	0.0
MIDEAS	0.12445365131112407
MIDEAS-AS1	0.44064269829578745
MIDN	2.025300649957737
MIEF1	-0.7516735740672793
MIEF2	1.1072436767996727
MIEN1	0.8992758879659339
MIER1	0.36888960505956714
MIER2	0.3548231187825266
MIER3	0.03981211820922237
MIF	0.0
MIF-AS1	0.9689635318695058
MIF4GD	0.9468343994248727
MIF4GD-DT	-0.13962994159148368
MIGA1	0.18510337902852658
MIGA2	0.997737723758032
MIIP	-0.8312045180647045
MILIP	-0.2266970242497628
MILR1	0.0
MIMS1	-0.04586620001191388
MIMS2	-0.10857345024188803
MIMT1	-0.2826656355183168
MINAR1	0.3333333333333333
MINAR2	0.0
MINCR	0.033178557850304546
MINDY1	-0.1864758028713398
MINDY2	0.5134671681283329
MINDY2-DT	0.0
MINDY3	0.5655393835941895
MINDY4	0.0
MINDY4B	0.0
MINK1	0.3072769307252159
MINPP1	0.20501683738231424
MIOS	-0.08950489036220333
MIOS-DT	0.0
MIOX	0.5283208335737187
MIOXP1	0.0
MIP	-0.3333333333333333
MIPEP	0.2426018649602426
MIPEPP1	0.0
MIPEPP2	0.0
MIPEPP3	0.4466166676282082
MIPOL1	0.07467283337160158
MIR1-1	0.0
MIR1-1HG	0.0
MIR1-2	0.0
MIR100	0.0
MIR100HG	0.0
MIR101-1	0.0
MIR101-2	0.0
MIR103A1	1.1949875002403854
MIR103A2	0.0
MIR103B1	0.0
MIR103B2	0.0
MIR105-1	0.0
MIR105-2	0.0
MIR106A	0.0
MIR106AHG	0.0
MIR106B	-0.3333333333333333
MIR107	0.0
MIR10A	0.0
MIR10B	0.0
MIR1178	0.0
MIR1179	0.0
MIR1180	0.3333333333333333
MIR1181	0.0
MIR1182	0.0
MIR1183	0.6666666666666666
MIR1184-1	0.0
MIR1184-2	0.0
MIR1184-3	0.0
MIR1185-1	0.0
MIR1185-2	0.0
MIR1193	0.0
MIR1197	0.0
MIR1199	0.0
MIR1200	0.0
MIR1202	0.0
MIR1203	0.0
MIR1204	0.0
MIR1205	0.0
MIR1206	-0.6666666666666666
MIR1207	-0.5283208335737187
MIR1208	0.0
MIR12136	0.0
MIR122	0.0
MIR1224	0.0
MIR1225	0.0
MIR1226	0.0
MIR1227	0.0
MIR1228	0.0
MIR1229	0.0
MIR122HG	-0.6666666666666666
MIR1231	0.0
MIR1233-1	0.0
MIR1233-2	0.0
MIR1234	0.0
MIR1236	0.0
MIR1237	0.0
MIR1238	0.0
MIR124-1	0.0
MIR124-1HG	0.0
MIR124-2	0.0
MIR124-2HG	0.0
MIR124-3	0.0
MIR1243	0.0
MIR1244-1	0.0
MIR1244-2	-0.1618089423900808
MIR1244-3	0.0
MIR1244-4	0.0
MIR1245A	0.0
MIR1245B	0.0
MIR1246	0.0
MIR1247	0.0
MIR1248	0.0
MIR1249	0.0
MIR1250	0.0
MIR1251	0.0
MIR1252	0.0
MIR1253	0.0
MIR1255A	0.3333333333333333
MIR1255B1	0.0
MIR1255B2	0.0
MIR1256	0.0
MIR1257	0.0
MIR1258	0.0
MIR125A	0.0
MIR125B1	0.0
MIR125B2	0.0
MIR126	0.0
MIR1260A	0.0
MIR1260B	0.0
MIR1261	0.0
MIR1262	0.0
MIR1263	0.0
MIR1264	0.0
MIR1265	0.0
MIR1266	-0.3333333333333333
MIR1267	0.0
MIR1268A	0.0
MIR1268B	0.0
MIR1269A	0.0
MIR1269B	0.0
MIR127	0.0
MIR1270	0.0
MIR1271	0.0
MIR1272	0.0
MIR1273C	0.3333333333333333
MIR1273H	0.0
MIR1275	0.0
MIR1276	-0.3333333333333333
MIR1277	-0.3333333333333333
MIR1278	-0.3333333333333333
MIR1279	0.0
MIR128-1	0.3333333333333333
MIR128-2	0.0
MIR1281	0.0
MIR1282	0.0
MIR1283-1	0.0
MIR1283-2	0.0
MIR1284	0.3333333333333333
MIR1285-1	0.6666666666666666
MIR1285-2	0.0
MIR1286	0.0
MIR1287	0.0
MIR1288	0.0
MIR1289-1	0.5283208335737187
MIR1289-2	0.0
MIR129-1	0.0
MIR129-2	0.0
MIR1290	-0.3333333333333333
MIR1291	0.0
MIR1292	0.0
MIR1293	0.0
MIR1294	0.0
MIR1295A	0.0
MIR1295B	0.0
MIR1296	0.0
MIR1297	0.0
MIR1298	0.0
MIR1299	0.0
MIR1301	0.0
MIR1302-1	0.0
MIR1302-10	0.0
MIR1302-11	0.0
MIR1302-2	0.0
MIR1302-2HG	-0.3333333333333333
MIR1302-3	0.3333333333333333
MIR1302-4	0.0
MIR1302-5	0.0
MIR1302-6	0.0
MIR1302-7	0.0
MIR1302-8	0.3333333333333333
MIR1302-9	0.0
MIR1302-9HG	0.861654166907052
MIR1303	0.0
MIR1304	0.0
MIR1305	0.0
MIR1306	0.0
MIR1307	0.0
MIR130A	0.0
MIR130AHG	0.0
MIR130B	0.0
MIR132	0.0
MIR1321	0.0
MIR1322	-0.8616541669070521
MIR1323	0.0
MIR1324	0.0
MIR133A1	0.0
MIR133A1HG	0.5283208335737186
MIR133A2	0.0
MIR133B	0.0
MIR134	0.0
MIR1343	0.0
MIR135A1	0.0
MIR135A2	0.0
MIR135B	0.0
MIR136	0.0
MIR137	0.0
MIR137HG	0.0
MIR138-1	0.0
MIR138-2	0.0
MIR139	0.0
MIR140	-0.3333333333333333
MIR141	0.3333333333333333
MIR142	0.0
MIR142HG	0.0
MIR143	0.0
MIR144	0.0
MIR145	-0.33333333333333326
MIR1468	0.0
MIR1469	0.0
MIR146A	0.0
MIR146B	0.0
MIR1470	0.0
MIR1471	0.0
MIR147A	0.0
MIR147B	0.0
MIR148A	0.0
MIR148B	-0.3333333333333333
MIR149	0.0
MIR150	0.0
MIR151A	0.3333333333333333
MIR151B	0.0
MIR152	0.0
MIR153-1	0.0
MIR153-2	0.0
MIR1537	0.0
MIR1538	0.0
MIR1539	0.0
MIR154	0.0
MIR155	0.0
MIR155HG	0.1383458330929479
MIR1587	0.0
MIR15A	0.0
MIR15B	0.0
MIR16-1	0.0
MIR16-2	-0.5283208335737187
MIR17	0.0
MIR17HG	-0.929414875534408
MIR181A1	0.0
MIR181A1HG	0.10730936496245391
MIR181A2	0.0
MIR181A2HG	0.0
MIR181B1	0.0
MIR181B2	0.0
MIR181C	0.0
MIR181D	0.0
MIR182	0.0
MIR1825	0.0
MIR1827	-1.0
MIR183	-0.3333333333333333
MIR184	0.0
MIR185	-0.3333333333333333
MIR186	-0.44064269829578717
MIR187	0.0
MIR188	0.0
MIR18A	0.0
MIR18B	0.0
MIR1908	0.0
MIR1909	0.0
MIR190A	-0.3333333333333333
MIR190B	0.0
MIR191	0.861654166907052
MIR1910	0.0
MIR1911	0.0
MIR1912	0.0
MIR1913	0.0
MIR1914	0.0
MIR1915	0.19498750024038541
MIR1915HG	-1.0729216752773199
MIR192	0.0
MIR193A	0.0
MIR193B	0.0
MIR193BHG	0.10328508752892951
MIR194-1	1.1949875002403854
MIR194-2	0.0
MIR194-2HG	-0.8260560604062945
MIR195	0.0
MIR196A1	0.0
MIR196A2	0.0
MIR196B	0.0
MIR197	0.0
MIR1972-1	0.47167916642628127
MIR1972-2	0.3333333333333333
MIR1973	0.0
MIR1976	0.0
MIR198	0.0
MIR199A1	-0.3333333333333333
MIR199A2	0.0
MIR199B	-0.3333333333333333
MIR19A	0.0
MIR19B1	0.0
MIR19B2	0.0
MIR200A	-0.3333333333333333
MIR200B	0.3333333333333333
MIR200C	0.0
MIR200CHG	0.0
MIR202	0.0
MIR202HG	0.0
MIR203A	0.0
MIR203B	0.0
MIR204	0.0
MIR205	0.0
MIR2052	0.0
MIR2052HG	0.0
MIR2053	0.0
MIR2054	0.0
MIR205HG	0.0
MIR206	0.0
MIR208A	0.0
MIR208B	0.0
MIR20A	0.0
MIR20B	0.0
MIR21	0.0
MIR210	0.3333333333333333
MIR210HG	1.9041374532690567
MIR211	0.0
MIR2110	0.0
MIR2113	0.0
MIR2113HG	0.0
MIR2114	0.0
MIR2115	0.0
MIR2116	0.0
MIR2117	0.0
MIR2117HG	0.0
MIR212	0.0
MIR214	0.0
MIR215	0.3333333333333333
MIR216A	0.0
MIR216B	0.0
MIR217	0.0
MIR217HG	0.0
MIR218-1	0.0
MIR218-2	0.0
MIR219A1	0.0
MIR219A2	0.0
MIR219A2HG	0.3333333333333333
MIR219B	0.0
MIR22	0.0
MIR221	0.3333333333333333
MIR222	-0.5283208335737187
MIR222HG	-0.038656787400098036
MIR223	0.0
MIR223HG	0.0
MIR224	0.0
MIR2276	0.0
MIR2277	0.0
MIR2278	0.0
MIR22HG	1.3768568542684756
MIR2355	0.0
MIR2392	0.0
MIR23A	0.0
MIR23AHG	0.06929761721377758
MIR23B	0.861654166907052
MIR23C	0.0
MIR24-1	0.0
MIR24-2	0.0
MIR2467	0.0
MIR25	-0.33333333333333337
MIR2681	0.0
MIR2682	0.0
MIR26A1	-0.3333333333333333
MIR26A2	0.0
MIR26B	-0.7739760316291205
MIR27A	0.0
MIR27B	0.9864526718342179
MIR28	0.0
MIR2861	0.0
MIR2909	0.3333333333333333
MIR296	0.0
MIR297	0.0
MIR298	0.0
MIR299	0.0
MIR29A	0.0
MIR29B1	0.0
MIR29B2	0.0
MIR29B2CHG	-0.8109864690920356
MIR29C	0.0
MIR300	0.0
MIR301A	0.8616541669070521
MIR301B	0.0
MIR302A	0.0
MIR302B	0.0
MIR302C	0.3333333333333333
MIR302CHG	-0.3333333333333333
MIR302D	0.0
MIR302E	0.0
MIR302F	0.0
MIR3064	0.0
MIR3065	0.0
MIR3074	0.0
MIR30A	0.0
MIR30B	0.3333333333333333
MIR30C1	0.0
MIR30C2	0.0
MIR30D	0.0
MIR30E	-0.3333333333333333
MIR31	0.0
MIR3115	0.0
MIR3116-1	0.0
MIR3116-2	0.0
MIR3117	0.0
MIR3118-1	0.0
MIR3118-2	0.0
MIR3118-3	0.0
MIR3118-4	0.0
MIR3119-1	0.0
MIR3119-2	0.0
MIR3120	0.0
MIR3121	0.0
MIR3122	-0.861654166907052
MIR3123	0.0
MIR3124	0.47167916642628127
MIR3125	0.0
MIR3126	-0.3333333333333333
MIR3127	0.0
MIR3128	0.2826656355183166
MIR3129	0.0
MIR3130-1	0.0
MIR3130-2	0.0
MIR3131	0.0
MIR3132	-0.3333333333333333
MIR3133	0.0
MIR3134	0.0
MIR3135A	0.0
MIR3135B	0.0
MIR3136	0.0
MIR3137	0.0
MIR3138	0.138345833092948
MIR3139	1.3333333333333333
MIR3140	0.3333333333333333
MIR3141	0.0
MIR3142	-0.5283208335737187
MIR3142HG	-3.8884453057283923
MIR3143	1.7618007396207498
MIR3144	0.5283208335737187
MIR3145	-0.3333333333333333
MIR3146	0.0
MIR3147	0.0
MIR3147HG	0.0
MIR3148	0.0
MIR3149	0.0
MIR3150A	0.0
MIR3150B	0.0
MIR3150BHG	-0.6666666666666666
MIR3151	0.0
MIR3152	0.0
MIR3153	1.538236614705069
MIR3154	0.0
MIR3155A	0.0
MIR3155B	0.0
MIR3156-1	0.0
MIR3156-2	0.0
MIR3156-3	0.0
MIR3157	-0.3333333333333333
MIR3158-1	0.0
MIR3158-2	0.0
MIR3159	0.0
MIR3160-1	0.0
MIR3160-2	0.0
MIR3161	0.0
MIR3162	0.6666666666666666
MIR3163	0.0
MIR3164	-0.6666666666666666
MIR3165	0.0
MIR3166	0.0
MIR3167	0.0
MIR3168	0.0
MIR3169	0.0
MIR3170	0.0
MIR3171	0.0
MIR3173	0.0
MIR3174	-0.3333333333333333
MIR3175	-0.3333333333333333
MIR3176	-0.8616541669070521
MIR3177	0.0
MIR3178	-0.3333333333333333
MIR3179-1	0.0
MIR3179-2	0.0
MIR3179-3	0.0
MIR3179-4	0.0
MIR3180-1	0.0
MIR3180-2	0.0
MIR3180-3	0.0
MIR3180-4	0.0
MIR3180-5	0.0
MIR3181	0.0
MIR3182	0.0
MIR3183	0.0
MIR3184	0.0
MIR3185	0.0
MIR3186	0.3333333333333333
MIR3187	0.0
MIR3188	0.0
MIR3189	1.0898202249977422
MIR3190	0.0
MIR3191	0.0
MIR3192	0.47167916642628127
MIR3193	1.2914897059720474
MIR3194	0.0
MIR3195	0.0
MIR3196	0.0
MIR3197	0.0
MIR3198-1	0.0
MIR3198-2	0.0
MIR3199-1	0.0
MIR3199-2	0.0
MIR31HG	0.0
MIR32	0.0
MIR3200	0.0
MIR3201	0.0
MIR3202-1	0.0
MIR3202-2	0.0
MIR320A	0.6666666666666666
MIR320B1	0.0
MIR320B2	0.3333333333333333
MIR320C1	0.3333333333333333
MIR320C2	0.0
MIR320D1	0.0
MIR320D2	0.0
MIR320E	0.0
MIR323A	0.0
MIR323B	0.0
MIR324	0.0
MIR325	0.0
MIR325HG	0.0
MIR326	0.0
MIR328	0.0
MIR329-1	0.0
MIR329-2	0.0
MIR330	0.0
MIR331	0.0
MIR335	0.0
MIR337	0.0
MIR338	0.0
MIR339	0.6666666666666666
MIR33A	0.0
MIR33B	0.3333333333333333
MIR340	0.5283208335737187
MIR342	0.0
MIR345	-0.1383458330929479
MIR346	0.0
MIR34A	0.0
MIR34AHG	-1.4771390808225675
MIR34B	0.0
MIR34BHG	0.0
MIR34C	0.0
MIR3529	0.0
MIR3591	0.0
MIR3605	-0.7233083338141042
MIR3606	0.0
MIR3609	-0.3345648278525797
MIR361	0.0
MIR3610	0.0
MIR3611	0.3333333333333333
MIR3612	0.0
MIR3613	0.0
MIR3614	0.0
MIR3615	0.0
MIR3616	0.3333333333333333
MIR3617	0.0
MIR3618	0.0
MIR3619	0.0
MIR362	0.0
MIR3620	0.0
MIR3621	0.0
MIR3622A	0.0
MIR3622B	0.0
MIR363	0.0
MIR3646	-1.4641058075929199
MIR3648-1	-0.47913510410243276
MIR3648-2	-1.0
MIR3649	0.0
MIR3650	0.0
MIR3651	0.0
MIR3652	0.0
MIR3654	0.0
MIR3655	0.0
MIR3657	0.0
MIR3658	0.0
MIR3659	0.0
MIR3659HG	0.0
MIR365A	-0.3333333333333333
MIR365B	0.0
MIR365BHG	0.3333333333333333
MIR3660	0.0
MIR3661	0.0
MIR3662	-0.5283208335737187
MIR3663	0.0
MIR3663HG	0.0
MIR3664	0.0
MIR3665	0.0
MIR3666	0.0
MIR3667	0.0
MIR3667HG	0.0
MIR3668	0.0
MIR367	0.5283208335737187
MIR3670-1	0.0
MIR3670-2	0.0
MIR3670-3	0.0
MIR3670-4	0.0
MIR3671	0.0
MIR3672	0.0
MIR3674	0.0
MIR3675	0.0
MIR3677	0.3333333333333333
MIR3677HG	0.3899750004807707
MIR3678	0.0
MIR3679	0.3333333333333333
MIR3680-1	-0.33333333333333326
MIR3680-2	0.0
MIR3681	0.0
MIR3681HG	0.0
MIR3682	0.0
MIR3683	0.0
MIR3684	0.6666666666666666
MIR3685	0.6666666666666666
MIR3686	0.0
MIR3688-1	0.0
MIR3688-2	0.0
MIR3689A	0.0
MIR3689B	0.0
MIR3689C	0.0
MIR3689D1	0.0
MIR3689D2	0.0
MIR3689E	0.0
MIR3689F	0.0
MIR369	0.0
MIR3690	0.0
MIR3691	-0.19498750024038541
MIR3692	0.0
MIR370	0.0
MIR3713	0.0
MIR3714	0.0
MIR371A	0.0
MIR371B	0.0
MIR372	0.0
MIR373	0.0
MIR374A	-0.6666666666666666
MIR374B	0.0
MIR374C	0.0
MIR375	0.0
MIR376A1	0.0
MIR376A2	0.0
MIR376B	0.0
MIR376C	0.0
MIR377	0.0
MIR378A	0.0
MIR378B	0.0
MIR378C	0.0
MIR378D1	0.0
MIR378D2	0.0
MIR378D2HG	0.0
MIR378E	0.0
MIR378F	0.0
MIR378G	0.0
MIR378H	-0.3333333333333333
MIR378I	0.0
MIR378J	0.19498750024038536
MIR379	0.0
MIR380	0.0
MIR381	0.0
MIR382	0.0
MIR383	0.0
MIR384	0.0
MIR3907	0.0
MIR3908	0.0
MIR3909	0.6666666666666666
MIR3910-1	0.0
MIR3910-2	0.0
MIR3911	0.0
MIR3912	-0.3333333333333333
MIR3913-1	0.0
MIR3913-2	0.0
MIR3914-1	0.0
MIR3914-2	0.0
MIR3915	0.0
MIR3916	0.0
MIR3917	0.0
MIR3918	0.0
MIR3919	0.0
MIR3920	0.0
MIR3921	0.0
MIR3922	0.0
MIR3923	0.0
MIR3924	0.0
MIR3925	0.0
MIR3926-1	0.0
MIR3926-2	0.0
MIR3927	0.0
MIR3928	0.0
MIR3929	0.5283208335737186
MIR3934	0.0
MIR3935	-0.3333333333333333
MIR3936	0.3333333333333333
MIR3936HG	-1.120856693128236
MIR3937	0.0
MIR3938	0.0
MIR3939	0.4406426982957875
MIR3940	0.0
MIR3941	-0.3333333333333333
MIR3942	0.0
MIR3943	0.0
MIR3944	0.0
MIR3945	0.0
MIR3945HG	0.0
MIR3960	0.0
MIR3972	0.0
MIR3973	0.0
MIR3974	0.0
MIR3975	-0.3333333333333333
MIR3976	0.0
MIR3976HG	0.0
MIR3977	0.0
MIR3978	-0.3333333333333333
MIR409	0.0
MIR410	0.0
MIR411	0.0
MIR412	0.0
MIR421	0.0
MIR422A	0.0
MIR423	0.0
MIR424	0.0
MIR425	0.1383458330929479
MIR4251	0.0
MIR4252	0.0
MIR4253	0.0
MIR4254	0.0
MIR4255	0.0
MIR4256	0.861654166907052
MIR4257	-0.3333333333333333
MIR4258	-0.3333333333333333
MIR4259	0.0
MIR4260	0.0
MIR4261	0.3333333333333333
MIR4262	0.0
MIR4263	0.5283208335737186
MIR4264	0.0
MIR4265	0.0
MIR4266	0.0
MIR4267	0.0
MIR4268	0.0
MIR4269	0.0
MIR4270	0.0
MIR4271	0.0
MIR4272	0.0
MIR4273	0.0
MIR4274	0.0
MIR4275	0.0
MIR4276	0.0
MIR4277	0.0
MIR4278	0.0
MIR4279	0.0
MIR4280	0.0
MIR4280HG	0.0
MIR4281	0.0
MIR4282	0.0
MIR4283-1	0.0
MIR4283-2	0.0
MIR4284	0.0
MIR4285	0.0
MIR4286	0.0
MIR4287	0.0
MIR4288	0.0
MIR4289	0.0
MIR429	0.3333333333333333
MIR4290	0.0
MIR4290HG	0.0
MIR4291	0.0
MIR4292	-0.7739760316291209
MIR4293	0.0
MIR4294	0.0
MIR4295	-0.19498750024038541
MIR4296	0.0
MIR4297	0.0
MIR4298	0.0
MIR4299	0.0
MIR4300	0.0
MIR4300HG	0.0
MIR4301	0.0
MIR4302	0.0
MIR4303	0.0
MIR4304	0.0
MIR4305	-0.3333333333333333
MIR4306	-0.3333333333333333
MIR4307	0.0
MIR4307HG	0.0
MIR4308	0.0
MIR4309	0.1383458330929479
MIR431	0.0
MIR4310	0.0
MIR4311	0.0
MIR4312	-0.6666666666666667
MIR4313	0.0
MIR4314	0.0
MIR4315-1	0.0
MIR4315-2	0.0
MIR4316	0.0
MIR4317	0.0
MIR4318	0.0
MIR4319	0.0
MIR432	0.0
MIR4320	-0.5283208335737187
MIR4321	0.0
MIR4322	0.0
MIR4323	0.0
MIR4324	0.0
MIR4325	0.0
MIR4326	0.19498750024038541
MIR4327	0.0
MIR4328	0.0
MIR4329	0.0
MIR433	0.0
MIR4330	0.0
MIR4418	0.0
MIR4420	0.0
MIR4421	0.0
MIR4422	0.0
MIR4422HG	0.0
MIR4423	0.0
MIR4424	0.0
MIR4425	0.0
MIR4426	0.0
MIR4427	0.0
MIR4428	0.0
MIR4429	-0.3333333333333333
MIR4430	0.0
MIR4431	0.0
MIR4432	0.0
MIR4432HG	0.0
MIR4433A	0.0
MIR4433B	0.0
MIR4434	-0.3333333333333333
MIR4435-1	0.0
MIR4435-2	-0.3333333333333333
MIR4435-2HG	-0.27977793639602666
MIR4436A	0.0
MIR4436B1	0.0
MIR4436B2	0.0
MIR4437	0.0
MIR4438	0.0
MIR4439	0.0
MIR4440	0.0
MIR4441	0.0
MIR4442	0.0
MIR4443	0.0
MIR4444-1	0.0
MIR4444-2	0.0
MIR4445	0.0
MIR4446	0.0
MIR4447	0.0
MIR4448	0.0
MIR4449	-0.5283208335737186
MIR4450	0.0
MIR4451	0.0
MIR4452	0.0
MIR4453	0.0
MIR4453HG	0.5824113098733434
MIR4454	0.0
MIR4455	0.0
MIR4456	0.0
MIR4457	0.0
MIR4458	0.0
MIR4458HG	-0.5132915370642057
MIR4460	0.0
MIR4462	0.0
MIR4463	0.0
MIR4464	0.0
MIR4465	0.0
MIR4466	0.0
MIR4467	0.0
MIR4468	0.0
MIR4469	0.3333333333333333
MIR4470	-0.3333333333333333
MIR4471	0.0
MIR4472-1	0.0
MIR4472-2	0.0
MIR4473	0.0
MIR4474	0.0
MIR4475	0.0
MIR4476	0.0
MIR4477A	0.0
MIR4477B	0.0
MIR4478	0.0
MIR4479	0.3333333333333333
MIR448	0.0
MIR4480	0.0
MIR4481	0.0
MIR4482	0.0
MIR4483	0.0
MIR4484	0.7233083338141042
MIR4485	0.0
MIR4486	0.0
MIR4487	0.0
MIR4488	0.0
MIR4489	0.0
MIR4490	-0.1383458330929479
MIR4491	0.0
MIR4492	0.0
MIR4493	0.0
MIR4494	0.0
MIR4495	0.0
MIR4496	0.0
MIR4497	0.0
MIR4498	0.0
MIR4499	0.0
MIR449A	0.0
MIR449B	0.0
MIR449C	0.0
MIR4500	0.0
MIR4500HG	0.0
MIR4501	0.0
MIR4502	0.0
MIR4503	0.0
MIR4504	0.6666666666666666
MIR4505	0.3333333333333333
MIR4506	0.0
MIR4507	0.0
MIR4508	0.0
MIR4509-1	0.0
MIR4509-2	0.0
MIR4509-3	0.0
MIR450A1	0.0
MIR450A2	0.0
MIR450B	0.0
MIR4510	0.0
MIR4511	0.0
MIR4512	0.0
MIR4513	0.7233083338141042
MIR4514	-0.3333333333333333
MIR4515	0.0
MIR4516	0.0
MIR4517	0.0
MIR4518	0.0
MIR4519	0.0
MIR451A	0.0
MIR451B	0.0
MIR452	0.0
MIR4520-1	0.0
MIR4520-2	0.0
MIR4521	1.7097610056483221
MIR4522	0.0
MIR4523	0.0
MIR4524A	0.0
MIR4524B	0.0
MIR4525	0.0
MIR4526	0.0
MIR4527	0.0
MIR4527HG	0.0
MIR4528	0.0
MIR4529	0.0
MIR4530	0.3333333333333333
MIR4531	-0.3333333333333333
MIR4533	0.0
MIR4534	0.19498750024038541
MIR4535	0.0
MIR4536-1	0.0
MIR4536-2	0.0
MIR4537	0.0
MIR4538	0.0
MIR4539	0.0
MIR454	0.0
MIR4540	0.0
MIR455	-0.3333333333333333
MIR4632	0.0
MIR4633	0.0
MIR4634	0.0
MIR4635	-0.3333333333333333
MIR4636	0.0
MIR4637	-0.6666666666666666
MIR4638	0.0
MIR4639	0.3333333333333333
MIR4640	0.0
MIR4641	-0.5283208335737187
MIR4642	0.3333333333333333
MIR4643	0.0
MIR4644	0.6666666666666666
MIR4645	0.0
MIR4646	0.0
MIR4647	0.0
MIR4648	0.5283208335737187
MIR4649	0.0
MIR4650-1	0.0
MIR4650-2	0.0
MIR4651	0.0
MIR4652	0.0
MIR4653	0.0
MIR4654	0.0
MIR4655	-0.3333333333333333
MIR4656	0.0
MIR4657	0.0
MIR4658	0.0
MIR4659A	0.0
MIR4659B	0.0
MIR466	0.0
MIR4660	0.0
MIR4661	0.0
MIR4662A	0.0
MIR4662B	0.0
MIR4663	0.3333333333333333
MIR4664	-0.6666666666666666
MIR4665	0.0
MIR4666A	0.0
MIR4666B	0.0
MIR4667	0.0
MIR4668	0.0
MIR4669	0.0
MIR4670	0.0
MIR4671	0.0
MIR4672	0.0
MIR4673	0.0
MIR4674	0.0
MIR4675	0.0
MIR4676	0.0
MIR4677	0.3333333333333333
MIR4678	-0.3333333333333333
MIR4679-1	0.0
MIR4679-2	0.0
MIR4680	0.0
MIR4681	0.0
MIR4682	0.0
MIR4683	0.0
MIR4684	0.0
MIR4685	0.5283208335737187
MIR4686	0.0
MIR4687	0.0
MIR4688	0.0
MIR4689	0.0
MIR4690	0.0
MIR4691	0.0
MIR4692	-0.6666666666666666
MIR4693	0.0
MIR4694	0.0
MIR4695	0.0
MIR4696	0.0
MIR4697	0.0
MIR4698	0.0
MIR4699	0.0
MIR4700	0.0
MIR4701	-0.5283208335737187
MIR4703	0.0
MIR4704	0.0
MIR4705	0.0
MIR4706	-0.861654166907052
MIR4707	0.0
MIR4708	0.0
MIR4709	0.0
MIR4710	-0.3333333333333333
MIR4711	0.3333333333333333
MIR4712	0.0
MIR4713	0.0
MIR4713HG	0.0
MIR4714	0.0
MIR4715	0.0
MIR4716	0.0
MIR4717	-0.3333333333333333
MIR4718	0.5283208335737187
MIR4719	0.0
MIR4720	0.0
MIR4721	0.0
MIR4722	0.0
MIR4723	0.0
MIR4724	0.0
MIR4725	0.0
MIR4726	0.0
MIR4727	-1.0
MIR4728	0.19498750024038541
MIR4729	0.0
MIR4730	0.0
MIR4731	0.0
MIR4732	0.0
MIR4733	0.0
MIR4733HG	1.107309364962454
MIR4734	0.6666666666666666
MIR4735	0.0
MIR4736	0.0
MIR4737	-0.6666666666666667
MIR4738	0.0
MIR4739	0.0
MIR4740	0.19498750024038541
MIR4741	0.0
MIR4742	0.0
MIR4743	0.0
MIR4744	0.0
MIR4745	0.0
MIR4746	0.0
MIR4747	0.0
MIR4748	0.0
MIR4749	0.0
MIR4750	0.0
MIR4751	0.0
MIR4752	0.0
MIR4753	-0.3333333333333333
MIR4754	0.3333333333333333
MIR4755	0.0
MIR4756	0.0
MIR4757	0.0
MIR4758	0.0
MIR4759	0.0
MIR4760	0.0
MIR4761	-0.3333333333333333
MIR4762	0.0
MIR4763	0.0
MIR4764	-0.3333333333333333
MIR4765	0.0
MIR4766	0.0
MIR4767	0.0
MIR4768	0.0
MIR4769	0.0
MIR4770	0.0
MIR4771-1	0.0
MIR4771-2	-0.3333333333333333
MIR4772	0.0
MIR4773-1	0.0
MIR4773-2	0.0
MIR4774	0.6666666666666667
MIR4775	0.0
MIR4776-1	0.0
MIR4776-2	0.0
MIR4777	0.0
MIR4778	0.0
MIR4779	-0.5283208335737187
MIR4780	0.0
MIR4781	-0.3333333333333333
MIR4782	1.1949875002403854
MIR4783	-0.6666666666666666
MIR4784	0.0
MIR4785	0.0
MIR4786	0.0
MIR4787	0.0
MIR4789	0.0
MIR4790	0.0
MIR4791	0.0
MIR4793	0.0
MIR4794	0.0
MIR4795	0.0
MIR4796	0.0
MIR4797	0.1383458330929479
MIR4798	0.0
MIR4799	0.0
MIR4800	0.0
MIR4801	0.0
MIR4802	0.0
MIR4803	0.0
MIR4804	0.3333333333333333
MIR483	-0.4406426982957875
MIR484	0.0
MIR485	0.0
MIR486-1	0.0
MIR486-2	0.0
MIR487A	0.0
MIR487B	0.0
MIR488	0.0
MIR489	0.0
MIR490	0.0
MIR491	0.3333333333333333
MIR492	0.0
MIR493	0.0
MIR493HG	0.0
MIR494	0.0
MIR495	0.0
MIR496	0.0
MIR497	0.0
MIR498	0.0
MIR4999	0.0
MIR499A	0.0
MIR499B	0.0
MIR5000	0.3333333333333333
MIR5001	0.0
MIR5002	0.0
MIR5003	0.0
MIR5004	0.0
MIR5006	0.0
MIR5007	0.0
MIR5008	0.0
MIR5009	0.0
MIR500A	0.3333333333333333
MIR500B	0.0
MIR501	0.3333333333333333
MIR5010	0.7739760316291208
MIR5011	0.0
MIR502	0.0
MIR503	0.0
MIR503HG	0.0
MIR504	0.0
MIR5047	0.0
MIR505	0.0
MIR506	0.0
MIR507	0.0
MIR508	0.0
MIR5087	1.6666666666666667
MIR5088	0.0
MIR5089	0.0
MIR509-1	0.0
MIR509-2	0.0
MIR509-3	0.0
MIR5090	0.0
MIR5091	0.0
MIR5092	0.0
MIR5093	0.0
MIR5094	0.0
MIR510	0.0
MIR5100	0.0
MIR511	0.0
MIR512-1	0.0
MIR512-2	0.0
MIR513A1	0.0
MIR513A2	0.0
MIR513B	0.0
MIR513C	0.0
MIR514A1	0.0
MIR514A2	0.0
MIR514A3	0.0
MIR514B	0.0
MIR515-1	0.0
MIR515-2	0.0
MIR516A1	0.0
MIR516A2	0.0
MIR516B1	0.0
MIR516B2	0.0
MIR517A	0.0
MIR517B	0.0
MIR517C	0.0
MIR5186	0.0
MIR5187	-0.861654166907052
MIR5188	0.33333333333333337
MIR5189	0.0
MIR518A1	0.0
MIR518A2	0.0
MIR518B	0.0
MIR518C	0.0
MIR518D	0.0
MIR518E	0.0
MIR518F	0.0
MIR5190	0.0
MIR5191	0.0
MIR5192	0.0
MIR5193	0.0
MIR5194	0.0
MIR5195	-0.3333333333333333
MIR5196	0.0
MIR5197	0.0
MIR519A1	0.0
MIR519A2	0.0
MIR519B	0.0
MIR519C	0.0
MIR519D	0.0
MIR519E	0.0
MIR520A	0.3333333333333333
MIR520B	0.0
MIR520C	0.0
MIR520D	0.0
MIR520E	0.0
MIR520F	0.0
MIR520G	0.0
MIR520H	0.0
MIR521-1	0.0
MIR521-2	0.0
MIR522	0.0
MIR523	0.0
MIR524	0.0
MIR525	0.0
MIR526A1	0.0
MIR526A2	0.0
MIR526B	0.0
MIR527	0.0
MIR532	0.0
MIR539	0.0
MIR541	0.0
MIR542	0.0
MIR543	0.0
MIR544A	0.0
MIR544B	-0.6666666666666666
MIR545	-0.3333333333333333
MIR548A1	0.0
MIR548A1HG	0.0
MIR548A2	0.0
MIR548A3	0.0
MIR548AA1	0.0
MIR548AA2	0.0
MIR548AB	0.0
MIR548AC	-0.3333333333333333
MIR548AD	0.0
MIR548AE1	0.0
MIR548AE2	0.0
MIR548AG1	0.0
MIR548AG2	0.0
MIR548AH	0.0
MIR548AI	0.0
MIR548AJ1	0.0
MIR548AJ2	0.0
MIR548AK	0.0
MIR548AL	0.0
MIR548AM	0.0
MIR548AN	0.0
MIR548AO	0.0
MIR548AP	0.0
MIR548AQ	0.3333333333333333
MIR548AR	0.0
MIR548AS	0.0
MIR548AT	0.3333333333333333
MIR548AU	0.0
MIR548AV	0.0
MIR548AW	0.0
MIR548AX	0.0
MIR548AY	0.3333333333333333
MIR548AZ	0.0
MIR548B	0.6666666666666666
MIR548BA	0.0
MIR548BAHG	0.0
MIR548BB	0.0
MIR548C	0.0
MIR548D1	0.0
MIR548D2	0.0
MIR548E	0.6666666666666666
MIR548F1	0.0
MIR548F2	0.0
MIR548F3	0.0
MIR548F4	0.0
MIR548F5	0.0
MIR548G	0.0
MIR548H1	0.0
MIR548H2	0.0
MIR548H3	0.0
MIR548H4	0.0
MIR548H5	0.0
MIR548I1	0.0
MIR548I2	0.0
MIR548I3	0.0
MIR548I4	0.0
MIR548J	0.0
MIR548K	-0.3333333333333333
MIR548L	-0.3333333333333333
MIR548M	0.0
MIR548N	0.0
MIR548O	0.0
MIR548O2	0.3333333333333333
MIR548P	0.0
MIR548Q	0.0
MIR548S	0.6666666666666666
MIR548T	0.0
MIR548U	0.3333333333333333
MIR548V	-1.107309364962454
MIR548W	0.0
MIR548X	0.0
MIR548X2	0.0
MIR548XHG	0.0
MIR548Y	0.0
MIR548Z	0.0
MIR549A	-0.3333333333333333
MIR550A1	0.0
MIR550A2	0.0
MIR550A3	0.3333333333333333
MIR550B1	0.0
MIR550B2	0.0
MIR551A	-0.6666666666666667
MIR551B	0.0
MIR552	0.0
MIR553	-0.33333333333333337
MIR554	0.3333333333333333
MIR555	0.0
MIR556	0.5283208335737187
MIR557	0.0
MIR5571	0.0
MIR5572	0.0
MIR5579	0.0
MIR558	0.3333333333333333
MIR5580	0.0
MIR5581	0.0
MIR5582	0.0
MIR5583-1	0.0
MIR5583-2	0.0
MIR5584	0.0
MIR5585	0.0
MIR5586	0.0
MIR5587	-1.0
MIR5588	-0.7739760316291209
MIR5589	0.0
MIR559	0.0
MIR5590	0.0
MIR5591	-0.3333333333333333
MIR561	0.0
MIR562	0.0
MIR563	0.0
MIR564	0.0
MIR567	0.0
MIR568	0.0
MIR5680	0.0
MIR5681A	0.0
MIR5681B	0.0
MIR5682	0.0
MIR5683	0.0
MIR5684	0.0
MIR5685	0.0
MIR5687	0.0
MIR5688	0.0
MIR5689	0.0
MIR5689HG	0.0
MIR569	0.0
MIR5690	0.6666666666666666
MIR5691	0.0
MIR5692A1	0.0
MIR5692A2	0.0
MIR5692B	0.0
MIR5692C1	0.0
MIR5692C2	1.1073093649624541
MIR5693	0.0
MIR5694	0.0
MIR5695	0.0
MIR5696	0.3333333333333333
MIR5697	0.0
MIR5698	0.0
MIR5699	0.3333333333333333
MIR570	0.35082247329804517
MIR5700	0.0
MIR5701-1	0.0
MIR5701-2	0.0
MIR5701-3	0.0
MIR5702	0.0
MIR5703	-0.3333333333333333
MIR5704	0.0
MIR5705	0.0
MIR5706	0.0
MIR5707	0.0
MIR5708	0.0
MIR571	0.0
MIR572	0.0
MIR573	-0.10730936496245413
MIR5739	0.0
MIR574	-0.7233083338141042
MIR575	0.0
MIR576	-0.19498750024038541
MIR577	0.0
MIR578	-1.1949875002403854
MIR5787	0.0
MIR579	0.0
MIR580	0.3333333333333333
MIR581	0.0
MIR582	0.0
MIR583	0.0
MIR584	0.0
MIR585	0.0
MIR586	0.0
MIR587	0.0
MIR588	0.0
MIR589	0.3333333333333333
MIR590	0.5283208335737186
MIR591	-0.3333333333333333
MIR592	0.0
MIR593	1.3333333333333333
MIR595	0.0
MIR596	0.0
MIR597	0.19498750024038541
MIR598	0.0
MIR599	0.0
MIR600	0.0
MIR600HG	-0.25299730016540156
MIR601	0.6666666666666666
MIR602	0.0
MIR603	0.0
MIR604	-0.3333333333333333
MIR605	0.0
MIR606	0.0
MIR6068	0.0
MIR6069	0.19498750024038541
MIR607	0.0
MIR6070	-0.3333333333333333
MIR6071	0.0
MIR6072	0.0
MIR6073	0.0
MIR6074	0.0
MIR6075	0.0
MIR6076	0.0
MIR6077	2.107309364962454
MIR6078	0.0
MIR6079	0.0
MIR608	0.3333333333333333
MIR6080	0.0
MIR6081	0.0
MIR6082	0.0
MIR6083	0.0
MIR6084	0.0
MIR6085	0.0
MIR6086	0.0
MIR6088	0.0
MIR6089	0.0
MIR609	0.0
MIR6090	0.0
MIR610	0.0
MIR611	0.0
MIR612	0.0
MIR6124	0.0
MIR6125	0.0
MIR6126	0.0
MIR6127	0.0
MIR6128	0.0
MIR6129	0.0
MIR613	0.0
MIR6130	0.0
MIR6131	0.0
MIR6132	0.0
MIR6133	0.0
MIR6134	0.0
MIR614	0.0
MIR615	0.0
MIR616	0.0
MIR6165	0.0
MIR617	-0.6666666666666667
MIR618	0.5283208335737186
MIR619	-0.3333333333333333
MIR620	-0.3333333333333333
MIR621	0.0
MIR622	0.0
MIR623	0.3333333333333333
MIR624	0.3333333333333333
MIR625	0.0
MIR626	0.0
MIR627	0.0
MIR628	0.0
MIR629	0.0
MIR630	0.0
MIR631	0.0
MIR632	0.0
MIR633	0.0
MIR634	-0.5283208335737187
MIR635	0.0
MIR636	0.0
MIR637	0.0
MIR638	0.0
MIR639	0.0
MIR640	-0.861654166907052
MIR641	0.3333333333333333
MIR642A	0.0
MIR642B	0.0
MIR643	0.0
MIR644A	0.0
MIR645	0.5283208335737187
MIR646	0.0
MIR646HG	0.0
MIR647	1.0566416671474375
MIR648	0.0
MIR649	0.0
MIR6499	0.0
MIR650	0.0
MIR6500	0.0
MIR6501	0.0
MIR6502	0.0
MIR6503	0.0
MIR6504	0.0
MIR6505	0.0
MIR6506	0.0
MIR6507	0.0
MIR6508	0.0
MIR6509	0.0
MIR651	0.0
MIR6510	0.0
MIR6511A1	0.0
MIR6511A2	0.0
MIR6511A3	0.0
MIR6511A4	0.0
MIR6511B1	0.0
MIR6511B2	0.0
MIR6512	0.3333333333333333
MIR6513	0.0
MIR6514	0.3333333333333333
MIR6515	0.0
MIR6516	0.0
MIR652	0.0
MIR653	0.0
MIR654	0.0
MIR655	0.0
MIR656	0.0
MIR657	0.0
MIR658	0.0
MIR659	0.7233083338141041
MIR660	0.3333333333333333
MIR661	0.0
MIR662	0.0
MIR663A	0.0
MIR663AHG	0.0
MIR663B	0.0
MIR664A	0.0
MIR664B	0.0
MIR665	0.0
MIR668	0.0
MIR670	0.0
MIR670HG	0.0
MIR671	0.0
MIR6715A	0.0
MIR6715B	0.0
MIR6716	0.0
MIR6717	0.0
MIR6718	0.0
MIR6719	0.3333333333333333
MIR6720	0.0
MIR6721	0.0
MIR6722	0.0
MIR6724-1	0.0
MIR6724-2	0.0
MIR6724-3	0.0
MIR6724-4	0.0
MIR6726	0.0
MIR6727	0.0
MIR6728	-0.3333333333333333
MIR6729	0.0
MIR6730	-0.5283208335737187
MIR6731	0.0
MIR6732	0.0
MIR6733	0.0
MIR6734	0.0
MIR6735	0.0
MIR6736	0.0
MIR6737	0.0
MIR6738	0.0
MIR6739	0.0
MIR6740	0.3333333333333333
MIR6741	0.0
MIR6742	0.0
MIR6743	0.0
MIR6744	0.0
MIR6745	0.3333333333333333
MIR6746	0.3333333333333333
MIR6747	0.0
MIR6748	0.0
MIR6749	0.0
MIR675	0.0
MIR6750	0.0
MIR6751	0.0
MIR6752	0.0
MIR6753	-0.3333333333333333
MIR6754	0.0
MIR6755	0.0
MIR6756	0.0
MIR6757	-0.3333333333333333
MIR6758	0.0
MIR6759	0.0
MIR676	0.0
MIR6760	0.0
MIR6761	0.0
MIR6762	0.0
MIR6763	0.0
MIR6764	0.0
MIR6765	0.0
MIR6766	0.0
MIR6767	0.0
MIR6768	0.0
MIR6769A	0.0
MIR6769B	0.0
MIR6770-1	0.0
MIR6770-2	0.0
MIR6770-3	0.0
MIR6771	0.0
MIR6772	-0.5283208335737187
MIR6773	0.0
MIR6774	0.0
MIR6775	-0.4406426982957875
MIR6776	-0.3333333333333333
MIR6777	0.0
MIR6778	0.0
MIR6779	0.0
MIR6780A	0.0
MIR6780B	-0.3333333333333333
MIR6781	-0.3333333333333333
MIR6782	0.0
MIR6783	-0.3333333333333333
MIR6784	0.0
MIR6785	0.0
MIR6786	0.0
MIR6787	0.0
MIR6788	0.0
MIR6789	0.0
MIR6790	0.0
MIR6791	0.0
MIR6792	0.0
MIR6793	0.0
MIR6794	0.0
MIR6795	0.0
MIR6796	0.0
MIR6797	-0.861654166907052
MIR6798	0.0
MIR6799	0.0
MIR6800	0.0
MIR6801	0.3333333333333333
MIR6802	0.0
MIR6803	0.0
MIR6804	-0.3333333333333333
MIR6805	0.0
MIR6806	0.0
MIR6807	0.0
MIR6808	0.0
MIR6809	0.0
MIR6810	0.0
MIR6811	0.0
MIR6812	-0.3333333333333333
MIR6813	0.0
MIR6814	0.0
MIR6815	-0.3333333333333333
MIR6816	0.0
MIR6817	0.0
MIR6818	0.0
MIR6819	0.0
MIR6820	0.0
MIR6821	0.0
MIR6822	0.0
MIR6823	0.0
MIR6824	0.0
MIR6825	0.0
MIR6826	0.0
MIR6828	0.0
MIR6829	0.0
MIR6830	0.0
MIR6831	0.0
MIR6832	0.0
MIR6833	0.0
MIR6834	0.0
MIR6835	-0.3333333333333333
MIR6836	0.0
MIR6837	0.0
MIR6838	0.0
MIR6839	0.0
MIR6840	0.0
MIR6841	0.0
MIR6842	0.0
MIR6843	0.0
MIR6844	0.0
MIR6845	0.0
MIR6846	0.0
MIR6847	0.0
MIR6848	0.0
MIR6849	0.0
MIR6850	0.0
MIR6851	0.0
MIR6852	0.0
MIR6853	0.0
MIR6854	0.0
MIR6855	0.0
MIR6856	-0.861654166907052
MIR6857	0.0
MIR6858	0.0
MIR6859-1	0.6666666666666666
MIR6859-2	0.0
MIR6859-3	0.0
MIR6859-4	0.0
MIR6860	0.0
MIR6861	0.0
MIR6862-1	0.0
MIR6862-2	0.0
MIR6863	0.0
MIR6864	0.0
MIR6865	-0.3333333333333333
MIR6866	0.0
MIR6867	0.0
MIR6868	0.0
MIR6869	0.0
MIR6870	0.19498750024038541
MIR6871	0.19498750024038541
MIR6872	0.0
MIR6873	0.0
MIR6874	0.0
MIR6875	0.0
MIR6876	-0.3333333333333333
MIR6877	0.0
MIR6878	0.0
MIR6879	0.0
MIR6880	0.0
MIR6881	0.0
MIR6882	0.0
MIR6883	0.0
MIR6884	0.0
MIR6885	0.0
MIR6886	0.0
MIR6887	0.0
MIR6888	0.0
MIR6889	0.0
MIR6890	0.0
MIR6891	0.0
MIR6892	0.0
MIR6893	0.0
MIR6894	0.0
MIR6895	0.0
MIR7-1	0.0
MIR7-2	0.0
MIR7-3	0.0
MIR7-3HG	0.0
MIR708	0.0
MIR7106	0.0
MIR7107	0.0
MIR7108	0.0
MIR7109	0.0
MIR711	0.0
MIR7110	0.0
MIR7111	-0.12085669312823599
MIR7112	0.0
MIR7113	0.0
MIR7114	0.0
MIR7150	-0.3333333333333333
MIR7151	0.0
MIR7152	0.0
MIR7153	0.0
MIR7154	0.0
MIR7155	0.0
MIR7156	0.0
MIR7157	0.0
MIR7158	0.0
MIR7159	0.0
MIR7160	0.0
MIR7161	0.0
MIR7162	0.0
MIR718	0.0
MIR744	0.0
MIR7515	0.0
MIR758	0.0
MIR759	0.3333333333333333
MIR760	-0.3333333333333333
MIR761	0.0
MIR762	0.0
MIR762HG	-0.13834583309294768
MIR764	0.0
MIR765	-0.3333333333333333
MIR766	0.0
MIR767	0.0
MIR769	0.0
MIR770	0.0
MIR7702	0.0
MIR7703	0.0
MIR7704	0.0
MIR7705	0.0
MIR7706	0.0
MIR7843	0.0
MIR7844	0.0
MIR7845	0.6666666666666666
MIR7846	0.0
MIR7847	0.0
MIR7848	0.0
MIR7849	0.0
MIR7850	0.0
MIR7851	0.0
MIR7852	0.0
MIR7853	0.0
MIR7854	0.3333333333333333
MIR7855	0.0
MIR7856	0.0
MIR7973-1	0.0
MIR7973-2	0.0
MIR7974	0.0
MIR7975	0.0
MIR7976	0.0
MIR7977	0.0
MIR7978	0.0
MIR802	0.0
MIR8052	0.0
MIR8053	0.0
MIR8054	0.0
MIR8055	0.0
MIR8056	0.0
MIR8057	0.0
MIR8058	0.0
MIR8059	0.0
MIR8060	0.0
MIR8061	0.0
MIR8062	0.0
MIR8063	0.0
MIR8064	0.0
MIR8065	0.0
MIR8066	0.0
MIR8067	0.0
MIR8068	0.0
MIR8069	0.0
MIR8069-1	0.0
MIR8070	0.0
MIR8071-1	0.0
MIR8071-2	0.0
MIR8072	0.0
MIR8073	0.0
MIR8074	0.0
MIR8075	-1.0566416671474375
MIR8076	0.0
MIR8077	0.0
MIR8078	0.0
MIR8079	0.0
MIR8080	0.0
MIR8081	0.0
MIR8082	0.0
MIR8083	0.0
MIR8084	0.0
MIR8085	0.0
MIR8086	0.0
MIR8087	0.0
MIR8088	0.0
MIR8089	0.0
MIR8485	0.0
MIR873	0.0
MIR874	0.0
MIR875	0.0
MIR876	0.0
MIR877	0.0
MIR885	0.0
MIR887	0.0
MIR888	0.0
MIR889	0.0
MIR890	0.0
MIR891A	0.0
MIR891B	0.0
MIR892A	0.0
MIR892B	0.0
MIR892C	0.0
MIR9-1	0.0
MIR9-1HG	0.3333333333333333
MIR9-2	0.0
MIR9-2HG	0.0
MIR9-3	0.0
MIR9-3HG	0.0
MIR920	0.0
MIR921	0.0
MIR922	0.0
MIR924	0.0
MIR924HG	0.20470294879355722
MIR92A1	0.0
MIR92A2	0.0
MIR92B	0.0
MIR93	0.0
MIR933	0.3333333333333333
MIR934	0.0
MIR935	0.0
MIR936	0.0
MIR937	0.0
MIR938	0.0
MIR939	0.0
MIR940	0.0
MIR941-1	-0.5283208335737187
MIR941-2	0.0
MIR941-3	0.0
MIR941-4	0.0
MIR941-5	0.0
MIR942	0.3333333333333333
MIR943	0.0
MIR944	0.0
MIR95	0.0
MIR9500	0.0
MIR96	0.0
MIR98	1.1949875002403854
MIR99A	0.0
MIR99AHG	0.0
MIR99B	-0.5283208335737187
MIRLET7A1	0.0
MIRLET7A1HG	0.05227833400062387
MIRLET7A2	0.0
MIRLET7A3	0.0
MIRLET7B	0.0
MIRLET7BHG	-1.4406426982957874
MIRLET7C	0.0
MIRLET7D	0.0
MIRLET7E	0.0
MIRLET7F1	0.0
MIRLET7F2	0.0
MIRLET7G	-0.3333333333333333
MIRLET7I	-0.3333333333333333
MIRLET7IHG	0.5789885313887357
MIS12	0.019631229684522467
MIS18A	-0.35608158823792646
MIS18A-AS1	0.08767813527793122
MIS18BP1	0.08932572385460258
MISFA	-0.5692730828355637
MISO1	-0.49514227572341407
MISP	1.245655198055402
MISP3	-0.21461872992490805
MITA1	-0.13834583309294812
MITD1	0.35922645460729186
MITF	0.4074641404454826
MIURF	0.0
MIX23	-0.3832857839393009
MIX23P1	0.3333333333333333
MIX23P2	0.0
MIX23P3	0.0
MIX23P5	0.6666666666666667
MIXL1	1.6983440887824095
MKI67	-0.4718118382782297
MKI67P1	-0.3333333333333333
MKKS	-0.31224321935603605
MKLN1	-0.08808178028847813
MKLN1-AS	-0.5358941924070804
MKNK1	1.1571427583102185
MKNK1-AS1	0.26911830735253495
MKNK2	1.83135591212271
MKNK2P1	0.0
MKRN1	0.49903866730996427
MKRN10P	0.0
MKRN2	0.4875735943586861
MKRN2OS	-0.3899750004807707
MKRN3	-0.096343204788913
MKRN5P	0.0
MKRN6P	0.0
MKRN7P	0.3333333333333333
MKRN8P	0.0
MKRN9P	-0.3333333333333333
MKS1	-0.7576728314688053
MKX	-1.0566416671474375
MKX-AS1	0.0
MLANA	0.3333333333333333
MLC1	0.0
MLEC	-0.6012777610487667
MLECP1	0.0
MLF1	0.6763821152198384
MLF1-DT	0.0
MLF2	0.17828613068618537
MLH1	0.05162016626909782
MLH3	-0.03955772493089427
MLIP	0.0
MLIP-AS1	0.0
MLKL	-2.910722475221129
MLLT1	0.10139987883042778
MLLT10	-0.1493887010988244
MLLT10P1	0.19498750024038536
MLLT10P2	0.0
MLLT11	0.1383458330929479
MLLT3	0.6312929381127761
MLLT6	-0.6524226639597366
MLN	0.0
MLNR	0.9357849740192012
MLPH	0.3333333333333333
MLST8	-0.18123335094355753
MLX	0.03471684995848623
MLXIP	0.36801927176665217
MLXIPL	0.9691646696166467
MLXP1	-0.3333333333333333
MLYCD	0.49869135712324963
MMAA	0.519853542534356
MMAB	-0.04646779055765471
MMACHC	-1.3083715102432603
MMACHCP1	-0.5283208335737187
MMADHC	-0.27705583322125804
MMADHC-DT	-0.19498750024038536
MMADHCP1	0.0
MMADHCP2	-1.0566416671474372
MMD	-0.30239175760926607
MMD2	0.0
MME	0.0
MME-AS1	0.0
MMEL1	0.0
MMEL1-AS1	0.0
MMGT1	0.31174152922884435
MMP1	-0.19498750024038541
MMP10	0.0
MMP11	0.05066769781501668
MMP12	-0.7233083338141041
MMP13	0.3333333333333333
MMP14	0.0
MMP15	-0.4988499610103583
MMP16	0.0
MMP17	0.33333333333333326
MMP19	0.3333333333333333
MMP2	-0.33333333333333337
MMP20	-0.5283208335737187
MMP20-AS1	0.0
MMP21	0.4406426982957874
MMP23A	0.0
MMP23B	0.0
MMP24	0.0
MMP24OS	0.10247617506408302
MMP25	0.47167916642628127
MMP26	0.0
MMP27	0.3333333333333333
MMP28	0.0
MMP3	-2.2604532378415536
MMP7	-0.3333333333333333
MMP8	0.0
MMP9	0.3333333333333333
MMRN1	0.0
MMRN2	0.7233083338141041
MMS19	0.3012479578355851
MMS22L	-0.32503784150240556
MMUT	0.03666191111461092
MN1	-0.3333333333333333
MNAT1	0.5550729999318973
MND1	-0.3699809655380282
MND1P1	2.4641058075929196
MNDA	0.0
MNMIP1	0.6442952680471552
MNS1	-1.3899750004807707
MNT	0.26283196493543004
MNX1	0.35296456301785595
MNX1-AS1	0.0
MNX1-AS2	-1.0
MOAP1	0.5847260395514047
MOB1A	0.2514953684499748
MOB1AP1	0.0
MOB1AP2	0.0
MOB1B	0.8568586008607779
MOB2	0.4486221847470979
MOB3A	0.966980443092444
MOB3B	-0.33333333333333337
MOB3C	-0.35219450945545594
MOB4	-0.012305634426017065
MOB4P1	0.5283208335737187
MOB4P2	0.0
MOBP	0.0
MOCOS	-0.9555565791366405
MOCS1	-0.08062494777377527
MOCS1P1	0.0
MOCS2	0.7453714891373853
MOCS2-DT	0.49639298734378334
MOCS3	0.273984202965444
MOG	0.0
MOGAT1	-1.5479520632582415
MOGAT2	-2.52462149100921
MOGAT3	-0.4063448486000265
MOGS	-0.002030735025226882
MOK	-1.5160329518204159
MON1A	-0.42433277082609777
MON1B	-0.7693740984541106
MON2	0.22531448205938887
MON2-AS1	0.6666666666666666
MORC1	0.0
MORC1-AS1	0.0
MORC2	0.6190647962810729
MORC2-AS1	-0.5283208335737186
MORC3	0.9408234818132941
MORC4	-0.516461150643412
MORF4	-0.19498750024038541
MORF4L1	-0.29135512394168117
MORF4L1P1	-0.15955859505972114
MORF4L1P3	-0.2826656355183168
MORF4L1P4	0.0
MORF4L1P5	0.6666666666666666
MORF4L1P6	0.0
MORF4L1P7	0.0
MORF4L2	-0.25203370770958067
MORF4L2-AS1	-0.8050124997596145
MORF4L2P1	0.0
MORN1	1.058828815190192
MORN2	-0.24897026048021154
MORN3	-0.861654166907052
MORN4	-0.6013599300082482
MORN5	0.0
MOS	0.0
MOSMO	0.07947261508750714
MOSPD1	0.7431606153742552
MOSPD2	0.5017402321782898
MOSPD3	0.16669120104488133
MOV10	-0.18089124681674917
MOV10L1	0.6666666666666666
MOXD1	0.861654166907052
MOXD2P	0.0
MPC1	-0.4312001358123183
MPC1-DT	-0.8050124997596155
MPC1L	0.0
MPC2	-0.3756741268125241
MPDU1	0.3044005453666889
MPDU1-AS1	-0.1890135309079648
MPDZ	0.17166376157079455
MPEG1	-0.6666666666666666
MPG	0.7238808519599758
MPHOSPH10	-0.3644478225141725
MPHOSPH10P1	0.0
MPHOSPH10P2	0.3333333333333333
MPHOSPH10P3	0.0
MPHOSPH10P4	0.0
MPHOSPH10P5	0.0
MPHOSPH10P6	0.0
MPHOSPH10P7	0.0
MPHOSPH10P9	0.0
MPHOSPH6	0.01672547850546202
MPHOSPH6-DT	-0.3333333333333333
MPHOSPH6P1	-0.3333333333333333
MPHOSPH8	-0.028021421596157836
MPHOSPH9	0.7844950882439603
MPI	0.12382427210891045
MPIG6B	0.0
MPL	0.22602396837087912
MPLKIP	0.13490108650093902
MPND	0.8499528999217478
MPO	0.0
MPP1	1.202947581855443
MPP2	0.3333333333333333
MPP3	0.0
MPP4	-0.6666666666666666
MPP7	-0.07581535668714956
MPP7-DT	0.5283208335737187
MPPE1	0.01532873509139332
MPPE1P1	0.0
MPPE1P2	0.0
MPPED1	-0.3333333333333333
MPPED2	0.0
MPPED2-AS1	0.0
MPRIP	0.39671922402776705
MPRIP-AS1	0.38400103114834994
MPRIPP1	0.138345833092948
MPST	0.11222404264336916
MPTX1	0.0
MPV17	0.9696315062572269
MPV17L	-2.066452254495764
MPV17L2	0.40017158799049923
MPV17L2P1	0.0
MPZ	-1.605828261752488
MPZL1	0.5458881742980415
MPZL1P1	0.0
MPZL2	-1.93040595927003
MPZL3	-1.8101809500046677
MR1	-1.1135957073795586
MRAP	0.3333333333333333
MRAP-AS1	0.0
MRAP2	-0.3333333333333333
MRAS	-2.7321324042678343
MRC1	0.0
MRC2	0.0
MRE11	-0.5371276986698703
MRE11P1	0.0
MREG	-0.1634398494683822
MREGP1	0.0
MRFAP1	-0.010336898151130924
MRFAP1L1	-0.31536899733493273
MRFAP1L2	3.3056022721323606
MRFAP1P1	0.6296562292037522
MRGBP	-0.1384178831862677
MRGPRD	0.0
MRGPRE	0.0
MRGPRF	0.0
MRGPRF-AS1	0.0
MRGPRG	0.0
MRGPRG-AS1	0.0
MRGPRX1	0.0
MRGPRX10P	0.0
MRGPRX11P	0.0
MRGPRX12P	0.0
MRGPRX13P	0.0
MRGPRX2	0.0
MRGPRX3	0.0
MRGPRX4	0.0
MRGPRX5P	0.0
MRGPRX6P	0.0
MRGPRX7P	0.0
MRGPRX8P	0.0
MRGPRX9P	0.0
MRI1	0.2115909334973649
MRLN	0.0
MRM1	-0.618338918416657
MRM2	-0.5283208335737187
MRM3	0.0109856033525082
MRM3-AS1	0.7233083338141041
MRM3P1	0.0
MRM3P2	0.0
MRNIP	1.225581435821824
MRNIP-DT	0.19498750024038536
MRO	0.0
MROCKI	0.6281742608600211
MROH1	0.34598928339967294
MROH2A	0.0
MROH2B	0.0
MROH3P	0.0
MROH4P	0.0
MROH5	0.3333333333333333
MROH6	-0.4074641404454824
MROH7	0.0
MROH7-TTC4	0.0
MROH8	-0.18987151212924047
MROH9	0.0
MRPL1	-0.3402518436861435
MRPL10	0.5333323828968783
MRPL11	-0.22610409507270468
MRPL12	-0.38146330311172516
MRPL13	-0.32816264311912224
MRPL14	-0.19431617880670338
MRPL15	-1.3566274244608687
MRPL15P1	0.0
MRPL16	-0.030820548917813717
MRPL17	-0.03434416737934143
MRPL18	-0.20205123486381282
MRPL19	-0.7076452821383263
MRPL2	-0.3145745807620832
MRPL20	0.167981895163277
MRPL20-AS1	1.1714305479637446
MRPL20-DT	0.11597443447343547
MRPL20P1	0.0
MRPL21	-0.05941611683638559
MRPL22	-0.3273016406093854
MRPL22P1	0.0
MRPL23	-1.3385869152383707
MRPL23-AS1	-1.6590933078333054
MRPL24	0.008507764106757243
MRPL27	-0.6334263799995172
MRPL28	-0.08174881746955798
MRPL2P1	0.0
MRPL3	-1.589418699663435
MRPL30	-0.16055153376744968
MRPL30P1	0.0
MRPL32	-0.37432906447679315
MRPL32P1	0.0
MRPL32P2	0.0
MRPL33	0.09048648703974127
MRPL34	-0.7580590728900454
MRPL35	-0.37385602651465355
MRPL35P1	0.0
MRPL35P2	0.0
MRPL35P3	-0.3333333333333333
MRPL35P4	-0.3333333333333333
MRPL36	-0.20583351837362418
MRPL36P1	0.0
MRPL37	-0.04684522572414629
MRPL37P1	-0.47167916642628127
MRPL38	0.7416888518782576
MRPL39	-0.34988528973503197
MRPL3P1	0.0
MRPL4	0.15541942135352826
MRPL40	-0.021204660903650918
MRPL40P1	0.0
MRPL41	0.6975552744549427
MRPL42	-0.26407114757829575
MRPL42P1	0.3333333333333333
MRPL42P2	0.0
MRPL42P3	0.0
MRPL42P4	0.0
MRPL42P6	0.0
MRPL43	0.1401570156084917
MRPL44	-0.129306292184606
MRPL45	-0.3259614427136004
MRPL45P1	-0.3333333333333333
MRPL45P2	-0.1072083465087772
MRPL46	-0.10092405425367446
MRPL47	-0.11477368762228224
MRPL48	-0.19527004455540187
MRPL48P1	0.0
MRPL49	-0.17662011049919446
MRPL49P1	0.0
MRPL49P2	0.0
MRPL50	-0.5745705953754676
MRPL50P1	0.0
MRPL50P2	0.6666666666666666
MRPL50P4	0.0
MRPL51	-0.05884966589579044
MRPL51P2	0.0
MRPL52	0.20159530920868463
MRPL53	0.0
MRPL53P1	0.0
MRPL54	0.17046164139800446
MRPL55	0.12398585412108698
MRPL57	0.43966749396398086
MRPL57P1	0.0
MRPL57P3	0.3333333333333333
MRPL57P6	0.0
MRPL57P7	0.0
MRPL57P8	-0.5789885313887354
MRPL58	-0.12860677308930057
MRPL9	-0.5152072030296626
MRPL9P1	0.0
MRPS10	0.001911147128520696
MRPS10P1	0.0
MRPS10P2	0.19498750024038541
MRPS11	0.336088186798043
MRPS11P1	0.0
MRPS12	-0.6084869358337075
MRPS14	0.538409707454047
MRPS15	-0.5739731485171822
MRPS15P1	0.0
MRPS16	-0.2767200408932968
MRPS16P1	0.0
MRPS16P2	0.0
MRPS16P3	0.0
MRPS17	0.014432278000851007
MRPS17P1	0.0
MRPS17P3	0.0
MRPS17P5	0.0
MRPS17P9	0.0
MRPS18A	0.08293605978895702
MRPS18AP1	-0.3333333333333333
MRPS18B	-0.37411756227877735
MRPS18BP1	0.0
MRPS18BP2	0.0
MRPS18C	-0.040237955262028
MRPS18CP4	0.0
MRPS18CP6	0.0
MRPS18CP7	0.0
MRPS2	-0.42609192990624756
MRPS21	0.16047501007101062
MRPS21P1	0.0
MRPS21P2	0.0
MRPS21P3	0.0
MRPS21P5	0.0
MRPS21P6	0.0
MRPS21P7	0.0
MRPS21P8	0.0
MRPS21P9	-1.4406426982957872
MRPS22	0.08365262670499796
MRPS22P1	0.0
MRPS23	-0.3541493431407652
MRPS24	-0.47167916642628127
MRPS25	0.10031529858102584
MRPS26	-0.01575194269280722
MRPS27	-0.3370742175301906
MRPS28	-0.5732973602690876
MRPS30	-0.30783688338680815
MRPS30-DT	0.0
MRPS31	0.051525679036291905
MRPS31P1	0.0
MRPS31P2	0.0
MRPS31P4	-0.19498750024038536
MRPS31P5	-0.1307724742595866
MRPS33	0.34008229851636873
MRPS33P2	0.0
MRPS33P3	0.0
MRPS33P4	0.0
MRPS34	-0.39939562334099765
MRPS35	-0.4383661321691079
MRPS35-DT	-0.19498750024038541
MRPS35P2	0.0
MRPS35P3	0.0
MRPS36P1	0.0
MRPS36P2	0.0
MRPS36P3	0.0
MRPS36P4	0.0
MRPS36P5	0.0
MRPS5	-0.40982099398318983
MRPS5P3	0.0
MRPS5P4	0.0
MRPS6	0.8281973918971435
MRPS6P1	1.7097610056483217
MRPS6P2	0.5789885313887354
MRPS6P4	0.0
MRPS7	-0.4185825220786059
MRPS7P1	0.0
MRPS9	-0.5540051862978554
MRPS9-AS1	-0.33333333333333326
MRPS9-AS2	0.33333333333333337
MRRF	-0.3966441651532069
MRRFP1	0.0
MRS2	0.25504437338536157
MRS2P1	0.0
MRS2P2	1.2516291673878228
MRTFA	1.1436327180627117
MRTFA-AS1	0.39266610065933083
MRTFA-AS2	0.5283208335737187
MRTFB	0.4100283376167173
MRTO4	-0.5200485853502856
MS4A1	0.0
MS4A10	0.0
MS4A12	0.0
MS4A13	0.0
MS4A14	0.3333333333333333
MS4A15	0.0
MS4A18	0.0
MS4A19P	0.0
MS4A2	0.0
MS4A3	0.0
MS4A4A	0.0
MS4A4E	0.0
MS4A5	0.0
MS4A6A	0.3333333333333333
MS4A6E	0.0
MS4A7	0.0
MS4A8	0.0
MSANTD1	0.19498750024038541
MSANTD2	0.5892231138691439
MSANTD2-AS1	0.34550862534170435
MSANTD2P1	0.0
MSANTD3	-0.7550747789748726
MSANTD3-TMEFF1	0.0
MSANTD3P1	-1.0
MSANTD4	-0.3108392642203377
MSANTD5	0.0
MSANTD7	-0.1313252945836707
MSC	0.0
MSC-AS1	0.0
MSGN1	0.0
MSH2	-0.06368598985843832
MSH2-OT1	0.0
MSH3	0.8010847085250363
MSH4	0.33333333333333337
MSH5	0.9776286013804878
MSH5-SAPCD1	0.1383458330929479
MSH6	-0.11407487007711126
MSI1	-2.836591668108979
MSI2	-1.1821232354322726
MSI2-AS1	-1.1307724742595866
MSL1	-0.532967193852345
MSL2	0.25610992169184676
MSL3	0.06873173126954857
MSL3-DT	0.3333333333333333
MSL3P2	0.0
MSL3P3	-0.6666666666666667
MSLN	-0.3899750004807707
MSLNL	0.0
MSMB	-0.3333333333333333
MSMO1	0.3842257811751377
MSMP	0.0
MSN	0.0
MSNP1	0.0
MSR1	0.0
MSRA	0.041843627361286106
MSRA-DT	-0.5283208335737187
MSRB1	-0.16100191997295
MSRB1P1	0.0
MSRB2	0.402150292489142
MSRB3	-0.006693554005010149
MSS51	1.2826656355183164
MST1	-0.38809922578754286
MST1L	-0.1330319851366073
MST1P2	-0.22668877704991086
MST1R	0.723308333814104
MSTN	0.0
MSTO1	0.5720132517705516
MSTO2P	-0.1295217626392171
MSX1	0.4532986483621282
MSX2	0.0
MSX2P1	0.0
MT-ATP6	0.34773706470741317
MT-ATP8	0.12843235576081113
MT-CO1	0.36655283868704736
MT-CO2	0.38235343720736914
MT-CO3	0.4165398345085993
MT-CYB	0.5572450122705543
MT-ND1	0.17976846749495934
MT-ND2	0.41779634362232976
MT-ND3	0.6761742247215032
MT-ND4	0.21944799071471977
MT-ND4L	0.2175270225485093
MT-ND5	0.4589899074497694
MT-ND6	0.41655036271864176
MT-RNR1	0.40836291163822835
MT-RNR2	0.3229395061310498
MT-TA	0.0
MT-TC	0.6666666666666666
MT-TD	0.0
MT-TE	0.0
MT-TF	1.6234549065278017
MT-TG	0.0
MT-TH	0.0
MT-TI	0.0
MT-TK	0.0
MT-TL1	0.0
MT-TL2	0.0
MT-TM	-0.7233083338141042
MT-TN	0.0
MT-TP	0.8561755446056605
MT-TQ	0.0
MT-TR	0.0
MT-TS2	-0.3333333333333333
MT-TT	-0.3333333333333333
MT-TV	0.0
MT-TW	0.0
MT-TY	0.0
MT1A	0.31370210364881057
MT1B	0.0
MT1CP	0.0
MT1DP	0.0
MT1E	1.248644203336525
MT1F	-0.11539656747356375
MT1G	0.2346943502375991
MT1H	-0.5283208335737187
MT1HL1	0.0
MT1IP	0.0
MT1JP	0.0
MT1L	0.3333333333333333
MT1M	0.0
MT1P1	0.3333333333333333
MT1P3	0.0
MT1X	0.304477813825097
MT1XP1	0.3333333333333333
MT2A	2.1918096482773457
MT2P1	0.3333333333333333
MT3	0.0
MT4	0.0
MTA1	-0.1519815698161926
MTA1-DT	-0.8809329609972281
MTA2	-0.24315846653040651
MTA3	-0.613258799916661
MTA3P1	0.0
MTAP	-0.45423747941763626
MTAPP1	0.0
MTAPP2	0.0
MTARC1	-0.2348228549673097
MTARC2	0.530858561610343
MTARC2P1	0.0
MTATP6P1	0.4310363013365688
MTATP6P10	0.0
MTATP6P11	0.0
MTATP6P13	0.0
MTATP6P14	0.0
MTATP6P15	-0.3333333333333333
MTATP6P16	0.0
MTATP6P17	0.0
MTATP6P18	0.0
MTATP6P19	0.3333333333333333
MTATP6P2	-0.5283208335737187
MTATP6P20	0.0
MTATP6P21	0.0
MTATP6P22	0.0
MTATP6P23	0.0
MTATP6P24	0.0
MTATP6P25	0.0
MTATP6P26	0.0
MTATP6P27	0.6666666666666667
MTATP6P29	0.0
MTATP6P3	0.0
MTATP6P30	0.0
MTATP6P31	0.0
MTATP6P4	0.0
MTATP6P7	0.0
MTATP6P8	0.0
MTATP6P9	0.0
MTATP8P1	0.0
MTATP8P2	-0.5283208335737187
MTBP	0.023463109297133578
MTCH1	0.4099244269457891
MTCH1P1	0.3333333333333333
MTCH1P2	-0.08767813527793122
MTCH2	0.06935008269362797
MTCH2P1	0.0
MTCH2P2	0.0
MTCH2P3	0.0
MTCH2P4	0.0
MTCL1	0.4074641404454824
MTCL1P1	0.0
MTCL2	-1.7664026727957598
MTCL3	0.0
MTCO1P1	0.0
MTCO1P10	0.0
MTCO1P11	0.861654166907052
MTCO1P12	0.5359114756771115
MTCO1P14	0.3333333333333333
MTCO1P15	-0.3333333333333333
MTCO1P17	0.0
MTCO1P18	0.0
MTCO1P19	0.5283208335737187
MTCO1P2	0.5283208335737186
MTCO1P20	0.0
MTCO1P21	0.0
MTCO1P22	0.0
MTCO1P23	0.0
MTCO1P24	0.0
MTCO1P25	0.0
MTCO1P27	0.0
MTCO1P28	0.0
MTCO1P29	-1.0566416671474375
MTCO1P3	0.0
MTCO1P30	-0.3333333333333333
MTCO1P31	0.0
MTCO1P35	0.0
MTCO1P38	0.0
MTCO1P39	0.0
MTCO1P4	0.0
MTCO1P40	-0.07413080711214937
MTCO1P42	0.0
MTCO1P43	0.0
MTCO1P44	0.0
MTCO1P45	0.0
MTCO1P46	0.0
MTCO1P47	0.0
MTCO1P48	0.0
MTCO1P49	0.0
MTCO1P5	0.0
MTCO1P51	0.0
MTCO1P52	0.0
MTCO1P53	-0.5283208335737187
MTCO1P54	0.0
MTCO1P55	0.0
MTCO1P56	0.0
MTCO1P57	0.0
MTCO1P58	0.0
MTCO1P59	-0.861654166907052
MTCO1P6	0.0
MTCO1P7	0.0
MTCO1P8	0.0
MTCO1P9	0.0
MTCO2P1	0.0
MTCO2P10	0.0
MTCO2P11	0.3333333333333333
MTCO2P12	1.1039581434078132
MTCO2P15	0.0
MTCO2P16	0.0
MTCO2P17	0.0
MTCO2P18	0.0
MTCO2P19	0.19498750024038541
MTCO2P2	-0.3333333333333333
MTCO2P20	0.0
MTCO2P21	0.0
MTCO2P22	0.0
MTCO2P23	0.0
MTCO2P24	0.0
MTCO2P25	0.0
MTCO2P27	0.5283208335737187
MTCO2P29	0.0
MTCO2P3	0.0
MTCO2P30	0.0
MTCO2P31	0.0
MTCO2P32	0.0
MTCO2P33	0.0
MTCO2P34	0.0
MTCO2P4	0.0
MTCO2P5	0.0
MTCO2P6	0.0
MTCO2P7	0.0
MTCO2P8	0.0
MTCO2P9	0.0
MTCO3P1	0.0
MTCO3P10	0.0
MTCO3P11	0.3333333333333333
MTCO3P12	0.3054724333047041
MTCO3P13	0.0
MTCO3P15	0.0
MTCO3P16	0.0
MTCO3P17	0.0
MTCO3P18	0.0
MTCO3P19	0.0
MTCO3P2	0.0
MTCO3P20	0.0
MTCO3P21	0.0
MTCO3P22	0.0
MTCO3P23	0.0
MTCO3P24	0.0
MTCO3P27	0.0
MTCO3P28	0.0
MTCO3P29	0.6666666666666666
MTCO3P30	0.0
MTCO3P31	0.0
MTCO3P35	0.0
MTCO3P38	0.0
MTCO3P39	0.0
MTCO3P4	0.0
MTCO3P40	0.0
MTCO3P41	0.0
MTCO3P42	0.0
MTCO3P43	0.3333333333333333
MTCO3P44	0.0
MTCO3P45	0.0
MTCO3P46	0.0
MTCO3P47	0.0
MTCO3P5	0.0
MTCO3P7	0.0
MTCO3P8	0.0
MTCO3P9	0.0
MTCP1	0.2826656355183167
MTCYBP1	0.0
MTCYBP10	0.0
MTCYBP11	0.0
MTCYBP12	0.0
MTCYBP13	0.0
MTCYBP14	0.0
MTCYBP15	0.0
MTCYBP16	0.0
MTCYBP17	0.0
MTCYBP18	-0.33333333333333326
MTCYBP19	0.0
MTCYBP2	0.0
MTCYBP20	0.0
MTCYBP21	0.0
MTCYBP22	0.0
MTCYBP23	0.0
MTCYBP24	0.0
MTCYBP27	0.0
MTCYBP28	-0.3333333333333333
MTCYBP29	0.0
MTCYBP3	0.5283208335737186
MTCYBP31	0.0
MTCYBP32	0.0
MTCYBP33	0.0
MTCYBP34	0.0
MTCYBP35	-0.3333333333333333
MTCYBP36	0.0
MTCYBP37	0.0
MTCYBP38	0.0
MTCYBP39	0.0
MTCYBP4	0.0
MTCYBP40	0.0
MTCYBP41	0.0
MTCYBP42	0.0
MTCYBP43	0.0
MTCYBP44	0.0
MTCYBP45	0.0
MTCYBP5	0.0
MTCYBP6	0.0
MTCYBP7	0.0
MTCYBP8	0.0
MTCYBP9	0.0
MTDH	-0.2911319270617092
MTDHP1	0.6666666666666666
MTDHP2	0.0
MTDHP3	0.0
MTDHP4	0.0
MTDHP5	0.0
MTERF1	0.10425779324808104
MTERF1P1	0.3333333333333333
MTERF2	0.7326022610193919
MTERF3	0.7502295607366127
MTERF4	0.12612646327503896
MTF1	0.8295683802093157
MTF2	0.2932013738374639
MTFMT	0.6779980144602611
MTFP1	0.35296456301785595
MTFR1	0.28694305341357307
MTFR1L	0.7482822285866924
MTFR1P1	0.0
MTFR2	-0.36983992070784577
MTFR2P1	-0.861654166907052
MTFR2P2	0.0
MTG1	0.6968675162603026
MTG2	0.15309513724664114
MTHFD1	-0.8713435002604042
MTHFD1L	-1.6591817163907683
MTHFD1LP1	0.0
MTHFD1P1	0.0
MTHFD2	-0.9361160355850231
MTHFD2L	-0.550359472202814
MTHFD2P1	0.0
MTHFD2P2	0.0
MTHFD2P3	0.0
MTHFD2P4	0.0
MTHFD2P5	0.0
MTHFD2P6	0.0
MTHFD2P7	0.0
MTHFR	2.332222074368886
MTHFS	-0.8616541669070521
MTHFSD	-0.5847249613994769
MTIF2	-0.23833158579916347
MTIF2P1	-0.19498750024038541
MTIF3	0.10486819876389752
MTL3P	0.0
MTLN	0.3479289322211194
MTM1	0.39475243081655886
MTMR1	-0.1331215629233924
MTMR10	0.3600911232795587
MTMR11	-1.242303976500761
MTMR12	0.20366400052823597
MTMR12P1	0.0
MTMR14	0.19642265250757962
MTMR2	-0.912295343861361
MTMR3	0.16531916488747012
MTMR4	-0.6823220990172043
MTMR6	-0.017409272101019724
MTMR7	0.9249778147884093
MTMR8	0.3333333333333333
MTMR9	0.9274586846187169
MTMR9-AS1	0.9163127452774273
MTMR9LP	-0.8109864690920354
MTMR9P1	0.0
MTNAP1	0.1402428083569509
MTNAP1P1	0.0
MTND1P1	0.0
MTND1P10	0.0
MTND1P11	0.5283208335737186
MTND1P12	0.0
MTND1P14	0.0
MTND1P15	0.0
MTND1P16	0.0
MTND1P17	0.0
MTND1P18	0.0
MTND1P19	0.0
MTND1P2	0.0
MTND1P20	0.0
MTND1P21	0.0
MTND1P22	0.0
MTND1P23	0.05664166714743746
MTND1P24	0.0
MTND1P25	0.0
MTND1P26	0.0
MTND1P27	0.0
MTND1P28	0.0
MTND1P29	0.0
MTND1P3	0.0
MTND1P30	0.0
MTND1P31	0.0
MTND1P32	0.6666666666666666
MTND1P33	0.0
MTND1P34	0.0
MTND1P35	0.0
MTND1P36	0.0
MTND1P37	-0.6666666666666666
MTND1P4	0.0
MTND1P5	0.0
MTND1P6	0.0
MTND1P7	0.0
MTND1P8	0.6666666666666666
MTND1P9	-0.4210114686112649
MTND2P11	0.6666666666666666
MTND2P12	-0.3333333333333333
MTND2P13	0.0
MTND2P14	0.0
MTND2P15	0.0
MTND2P16	0.47167916642628127
MTND2P17	0.0
MTND2P18	0.0
MTND2P19	0.0
MTND2P2	0.6666666666666666
MTND2P20	0.0
MTND2P21	0.0
MTND2P22	0.0
MTND2P23	0.0
MTND2P24	0.0
MTND2P25	0.0
MTND2P26	0.0
MTND2P27	0.0
MTND2P28	0.5902421071455466
MTND2P29	0.0
MTND2P3	0.0
MTND2P30	0.0
MTND2P31	0.0
MTND2P32	0.0
MTND2P33	0.0
MTND2P38	0.0
MTND2P39	0.0
MTND2P4	0.0
MTND2P40	-0.2826656355183167
MTND2P41	0.0
MTND2P5	0.0
MTND2P6	0.0
MTND2P7	0.0
MTND2P8	0.0
MTND2P9	0.0
MTND3P1	0.0
MTND3P10	0.0
MTND3P12	0.0
MTND3P13	0.0
MTND3P15	0.0
MTND3P16	0.0
MTND3P17	0.0
MTND3P18	0.0
MTND3P19	0.0
MTND3P2	0.0
MTND3P20	0.0
MTND3P21	0.0
MTND3P22	0.0
MTND3P23	0.0
MTND3P24	0.0
MTND3P25	-0.6666666666666666
MTND3P3	0.0
MTND3P4	0.0
MTND3P5	0.0
MTND3P6	0.0
MTND3P7	0.0
MTND3P8	0.0
MTND3P9	0.0
MTND4LP1	0.0
MTND4LP10	0.0
MTND4LP11	0.0
MTND4LP12	0.0
MTND4LP13	0.0
MTND4LP14	0.0
MTND4LP15	0.0
MTND4LP16	0.0
MTND4LP17	0.0
MTND4LP18	0.0
MTND4LP19	0.0
MTND4LP2	0.0
MTND4LP20	0.0
MTND4LP21	0.0
MTND4LP22	0.0
MTND4LP23	0.0
MTND4LP24	0.0
MTND4LP25	0.0
MTND4LP26	0.0
MTND4LP3	0.0
MTND4LP30	1.3333333333333333
MTND4LP31	0.0
MTND4LP32	0.0
MTND4LP4	0.0
MTND4LP5	0.0
MTND4LP7	0.0
MTND4LP8	0.0
MTND4LP9	0.0
MTND4P1	0.0
MTND4P10	0.0
MTND4P11	0.0
MTND4P12	0.044150098674549554
MTND4P13	0.0
MTND4P14	0.0
MTND4P15	0.3333333333333333
MTND4P16	0.0
MTND4P17	0.0
MTND4P18	0.0
MTND4P19	0.0
MTND4P2	0.0
MTND4P20	0.0
MTND4P21	0.0
MTND4P22	0.0
MTND4P23	-1.1073093649624541
MTND4P24	0.6159989688516498
MTND4P25	0.0
MTND4P26	0.0
MTND4P27	0.0
MTND4P28	0.0
MTND4P29	0.0
MTND4P3	0.0
MTND4P30	0.0
MTND4P31	0.0
MTND4P32	0.3333333333333333
MTND4P33	0.0
MTND4P34	0.0
MTND4P35	0.0
MTND4P4	0.0
MTND4P5	0.0
MTND4P6	0.0
MTND4P7	0.0
MTND4P8	0.0
MTND4P9	0.0
MTND5P1	0.3333333333333333
MTND5P10	0.0
MTND5P11	1.1221074047486048
MTND5P12	-0.6666666666666666
MTND5P13	0.0
MTND5P14	0.0
MTND5P15	0.0
MTND5P16	0.0
MTND5P17	0.0
MTND5P18	0.0
MTND5P19	0.0
MTND5P2	0.33333333333333326
MTND5P20	0.0
MTND5P21	0.0
MTND5P22	0.0
MTND5P23	0.0
MTND5P24	0.0
MTND5P25	-0.3333333333333333
MTND5P26	0.3333333333333333
MTND5P27	0.0
MTND5P28	0.0
MTND5P29	0.0
MTND5P3	0.0
MTND5P30	0.0
MTND5P31	0.0
MTND5P32	0.0
MTND5P33	0.0
MTND5P34	0.0
MTND5P35	0.0
MTND5P4	0.0
MTND5P40	0.0
MTND5P41	0.0
MTND5P42	0.5283208335737187
MTND5P5	0.0
MTND5P6	0.0
MTND5P7	0.0
MTND5P8	0.0
MTND5P9	0.0
MTND6P1	0.0
MTND6P10	0.0
MTND6P11	0.0
MTND6P12	0.0
MTND6P13	0.0
MTND6P14	0.0
MTND6P15	0.0
MTND6P16	0.0
MTND6P17	0.0
MTND6P18	-0.7739760316291208
MTND6P19	0.0
MTND6P2	0.0
MTND6P20	0.0
MTND6P21	0.3333333333333333
MTND6P22	0.0
MTND6P24	0.0
MTND6P25	0.0
MTND6P29	0.0
MTND6P3	0.861654166907052
MTND6P32	0.3333333333333333
MTND6P33	0.0
MTND6P35	0.0
MTND6P4	-0.33333333333333304
MTND6P5	-0.7233083338141042
MTND6P6	0.0
MTND6P7	0.0
MTND6P8	0.0
MTND6P9	0.0
MTNR1A	-0.3333333333333333
MTNR1B	0.0
MTO1	-0.4020549963507758
MTOR	0.5326449326223024
MTOR-AS1	-0.8616541669070521
MTPAP	-0.6620639063893243
MTPN	0.10040234015711391
MTR	-0.16289818033471803
MTRES1	0.703851690570767
MTRES1P1	0.0
MTRES1P2	0.0
MTREX	-0.416254060433519
MTRF1	-0.27270768355711716
MTRF1L	0.13037974386049367
MTRF1LP1	0.0
MTRF1LP2	0.0
MTRFR	-0.25299730016540156
MTRR	0.16838910083121839
MTSS1	-0.21739470263067417
MTSS2	-0.48474330862106196
MTTP	-2.07847707103352
MTURN	0.09388336133371356
MTUS1	0.28068041554119993
MTUS1-DT	1.8264690618008452
MTUS2	0.1383458330929479
MTUS2-AS1	0.0
MTUS2-AS2	0.0
MTX1	-0.6362395599563504
MTX1LP	0.3333333333333333
MTX2	-0.2993324000975415
MTX2P1	0.0
MTX3	-0.7783335275558709
MUC1	0.3333333333333333
MUC12	-0.6100249995192293
MUC12-AS1	0.0
MUC13	0.5283208335737186
MUC15	-2.1364636453792336
MUC16	0.3333333333333333
MUC17	1.0
MUC19	0.3333333333333333
MUC2	0.1383458330929479
MUC20	0.6666666666666666
MUC20P1	0.0
MUC21	0.3333333333333333
MUC22	0.3333333333333333
MUC3A	0.10730936496245413
MUC4	-0.5283208335737186
MUC5AC	-0.19498750024038541
MUC5B	-0.602451640685868
MUC5B-AS1	0.0
MUC6	-0.19498750024038536
MUC7	0.0
MUCL1	0.0
MUCL3	0.0
MUL1	0.292206545011954
MUPP	0.0
MUS81	0.3533082800847982
MUSK	0.0
MUSTN1	0.0
MUTYH	0.2221920887582698
MVB12A	-0.42840933028384764
MVB12B	-0.8733645005178037
MVD	1.465871617151942
MVK	0.08720858437296641
MVP	0.19254829628250647
MVP-DT	-0.33333333333333326
MX1	-0.9493323021849831
MX1-AS1	0.0
MX2	-0.6587414576512538
MXD1	1.1607426485009746
MXD3	0.04184362736128744
MXD4	1.272121407605435
MXI1	-0.49970631454065906
MXRA5	0.0
MXRA5Y	0.0
MXRA7	0.8071688486704529
MXRA7P1	1.0
MXRA8	-0.8098358569037618
MYADM	-0.32336200647441427
MYADM-AS1	-1.0
MYADM-AS2	0.0
MYADML	0.0
MYADML2	0.0
MYB	-0.07413080711214937
MYB-AS1	0.0
MYBBP1A	-0.7833017788698848
MYBL1	0.773793838655938
MYBL2	0.25257946536512144
MYBPC1	-1.1073093649624541
MYBPC2	0.0
MYBPC3	0.0
MYBPH	0.0
MYBPHL	-1.5937865711748864
MYC	-0.16961005843779375
MYCBP	0.7260485027490944
MYCBP2	0.675961888112357
MYCBP2-AS1	0.8616541669070521
MYCBP2-AS2	0.30229686520283927
MYCBPAP	-0.33333333333333337
MYCL	1.4406426982957874
MYCL-AS1	0.0
MYCLP1	0.0
MYCLP2	0.0
MYCN	0.0
MYCNOS	0.0
MYCNUT	0.0
MYCT1	0.0
MYD88	-1.3827471081640166
MYDGF	-0.30606220417690544
MYEF2	0.37940538057165796
MYEOV	0.3333333333333333
MYF5	0.0
MYF6	0.0
MYG1	-0.6414423661458022
MYG1-AS1	0.6100249995192293
MYG1P1	0.861654166907052
MYH1	0.0
MYH10	-0.2533765950174285
MYH11	-0.3086664728520736
MYH13	0.0
MYH14	-0.7642605830759484
MYH15	0.0
MYH2	0.0
MYH3	-0.4406426982957874
MYH4	-0.3333333333333333
MYH6	0.3333333333333333
MYH7	0.0
MYH7B	0.21336801830453833
MYH8	0.0
MYH9	0.14213455289799626
MYH9-DT	-0.1383458330929479
MYHAS	0.0
MYL1	0.0
MYL10	0.0
MYL11	-1.1949875002403854
MYL12-AS1	0.19498750024038536
MYL12A	0.8318735258870769
MYL12AP1	0.0
MYL12B	0.6741102836499522
MYL12BP1	0.5283208335737186
MYL12BP2	-0.3333333333333333
MYL12BP3	0.0
MYL2	0.0
MYL3	0.0
MYL4	0.0
MYL5	-0.4123463991002825
MYL6	0.9222845867387495
MYL6B	-0.4450012582343277
MYL6B-AS1	-0.1383458330929479
MYL6BP1	0.5849625007211561
MYL6P1	0.0
MYL6P2	0.0
MYL6P3	0.0
MYL6P4	0.0
MYL6P5	0.0
MYL7	0.3333333333333333
MYL9	0.008886770533791832
MYLIP	2.2926555570686893
MYLK	-1.8548897205385373
MYLK-AS2	0.5283208335737186
MYLK2	-0.6666666666666666
MYLK3	0.7233083338141042
MYLK4	-1.0
MYLKP1	0.0
MYLKP2	0.0
MYMK	0.0
MYMX	0.0
MYNN	-0.29940494315472677
MYO10	-3.6356301985361728
MYO15A	-0.3333333333333333
MYO15B	-1.3000014033410934
MYO16	0.3333333333333333
MYO16-AS1	0.0
MYO16-AS2	0.0
MYO18A	0.29391047147208305
MYO18B	0.0
MYO18B-AS1	0.0
MYO19	-0.31373253376202115
MYO1A	-0.6356301985361723
MYO1B	-0.3327938831702326
MYO1B-AS1	-0.6356301985361725
MYO1C	-0.08146218116352699
MYO1D	0.7268860993049477
MYO1D-AS1	-1.1949875002403854
MYO1D-DT	0.0
MYO1E	0.42685664146888413
MYO1F	0.19498750024038536
MYO1G	-0.19498750024038541
MYO1H	0.19498750024038541
MYO3A	0.0
MYO3B	0.861654166907052
MYO3B-AS1	0.0
MYO5A	0.4880087309048493
MYO5B	-0.7342798746383474
MYO5BP1	0.0
MYO5BP2	0.0
MYO5BP3	0.0
MYO5C	-0.9086090673364238
MYO6	0.09258288210627086
MYO7A	0.16104500522074972
MYO7B	-0.3333333333333333
MYO7B-AS1	0.0
MYO9A	1.062597300159947
MYO9A-AS1	0.6666666666666666
MYO9B	0.3468091045691466
MYOC	0.0
MYOCD	0.0
MYOCD-AS1	0.0
MYOCOS	0.0
MYOD1	0.0
MYOF	-0.3333333333333333
MYOG	0.0
MYOM1	-0.3333333333333333
MYOM2	0.0
MYOM3	-1.2640826765557982
MYOM3-AS1	0.0
MYORG	-0.5360940911867971
MYOSLID	0.0
MYOSLID-AS1	0.3333333333333333
MYOT	0.0
MYOZ1	0.3333333333333333
MYOZ2	0.0
MYOZ3	0.0
MYOZ3-AS1	0.0
MYPN	0.0
MYPOP	-0.036496382526779225
MYREM	0.0
MYRF	-0.5135727228329099
MYRF-AS1	-0.6998452245169715
MYRFL	0.10730936496245413
MYRIP	-0.740797473778816
MYSM1	0.38220571009922466
MYT1	-1.1949875002403854
MYT1L	0.0
MYT1L-AS1	0.0
MYT1L-AS2	0.0
MYZAP	0.0
MZB1	0.5283208335737187
MZF1	0.20373553332389527
MZF1-AS1	0.9357849740192012
MZT1	-0.47618604252250396
MZT1P1	-0.8616541669070521
MZT1P2	0.0
MZT2A	-0.5618954001858425
MZT2B	-0.23680307179189075
Metazoa_SRP	0.08404852920713479
N4BP1	0.048173476559258965
N4BP2	0.1284990351260502
N4BP2L1	1.3764768665605391
N4BP2L2	0.03516397194974452
N4BP2L2-IT2	0.21650091763862278
N4BP3	-0.5283208335737187
NAA10	0.23884868430909023
NAA11	0.0
NAA15	0.139302526169363
NAA16	0.5015520336754467
NAA20	-0.24982978743600537
NAA20P1	0.0
NAA25	-0.6270481416870481
NAA30	0.14634160698081544
NAA35	0.35349438073932227
NAA38	0.6804533530896073
NAA40	0.5737783141508137
NAA40P1	0.0
NAA50	-0.6696817870435803
NAA50P1	0.0
NAA50P2	0.0
NAA60	-0.07015969993098281
NAA80	1.545809973538431
NAAA	0.5923434617336021
NAALAD2	0.028160442609541647
NAALADL1	-0.6949629658621705
NAALADL2	0.861654166907052
NAALADL2-AS1	0.0
NAALADL2-AS2	0.0
NAALADL2-AS3	0.0
NAB1	-0.11498439881466638
NAB1P1	0.0
NAB2	1.188399748633242
NABP1	0.8460143869354688
NABP2	-0.908314173339364
NACA	-0.49290479184075586
NACA2	0.0
NACA3P	0.0
NACA4P	0.0
NACAD	0.3333333333333333
NACAP10	0.0
NACAP2	0.0
NACAP5	0.0
NACAP6	0.0
NACAP7	0.0
NACAP8	0.0
NACC1	-0.12369598344203592
NACC1-AS1	0.0
NACC2	-0.34206328628281035
NADK	0.33698736854130296
NADK2	-0.32142448275519
NADK2-AS1	1.9182958340544891
NADSYN1	0.3830027358367838
NAE1	-0.14039809823216487
NAF1	-0.2879949296196367
NAGA	0.9841445717580086
NAGK	0.8821524104832328
NAGLU	0.5344117164522206
NAGPA	-1.0023461367961888
NAGS	-1.2146187299249085
NAIF1	-0.6234549065278023
NAIP	0.0
NAIPP1	0.0
NAIPP2	-0.6666666666666666
NAIPP3	0.0
NAIPP4	0.6666666666666666
NALCN	1.1949875002403854
NALCN-AS1	0.5789885313887353
NALF1	0.0
NALF1-IT1	0.0
NALF2	0.5244889539611086
NALT1	0.0
NAMA	0.0
NAMPT	0.053939366560142865
NAMPT-AS1	0.0
NAMPTP1	0.4210114686112646
NAMPTP2	0.0
NAMPTP3	0.0
NANOG	-0.5283208335737187
NANOGNB	0.0
NANOGNBP1	0.0
NANOGNBP2	0.0
NANOGNBP3	0.0
NANOGP1	-0.8306176987765579
NANOGP10	0.0
NANOGP11	0.0
NANOGP2	0.0
NANOGP3	0.0
NANOGP4	0.0
NANOGP5	0.19498750024038536
NANOGP6	-0.6666666666666666
NANOGP7	0.0
NANOGP8	0.0
NANOGP9	0.0
NANOS1	2.1541447022662736
NANOS2	0.0
NANOS3	0.0
NANP	0.2676111325263193
NANPP1	0.861654166907052
NANPP2	0.0
NANPP3	0.0
NANS	0.3701760957281506
NAP1L1	-0.6794628043878994
NAP1L1P1	0.0
NAP1L1P2	0.0
NAP1L1P3	0.0
NAP1L2	-0.5283208335737187
NAP1L3	0.6666666666666666
NAP1L4	0.16227188793615177
NAP1L4P1	-2.0
NAP1L4P2	0.0
NAP1L4P3	0.0
NAP1L5	0.6666666666666666
NAP1L5P1	0.3333333333333333
NAP1L6P	0.0
NAPA	0.7296519863010289
NAPA-AS1	0.0
NAPB	0.38285139760184084
NAPEPLD	0.7422874978435168
NAPG	0.3925143630279724
NAPGP1	0.0
NAPGP2	0.0
NAPRT	0.6334881088163622
NAPSA	0.0
NAPSB	0.0
NARF	0.3920694895146335
NARF-AS1	-0.10730936496245391
NARF-AS2	0.9433583328525628
NARF-IT1	-0.22602396837087912
NARS1	-0.6657585634727958
NARS1P2	0.0
NARS2	-0.06605389660509076
NARS2-AS1	-0.30229686520283927
NASP	0.4684602462534482
NASPP1	0.0
NAT1	0.4278703877787535
NAT10	-0.169917589641555
NAT14	-0.3058677902286222
NAT16	0.0
NAT2	-0.10730936496245391
NAT8	-0.861654166907052
NAT8B	0.0
NAT9	0.14330843254920644
NATD1	2.3275884875278816
NATP	0.0
NAV1	0.19498750024038536
NAV2	-2.843109267249446
NAV2-AS1	0.0
NAV2-AS2	-0.5283208335737186
NAV2-AS3	-0.5283208335737187
NAV2-AS4	0.0
NAV2-AS5	0.0
NAV2-IT1	0.0
NAV3	-1.4406426982957872
NAV3-AS1	0.0
NAXD	-0.3630967833576939
NAXD-AS1	-0.4406426982957874
NAXE	0.9481610832478324
NAXEP1	0.0
NAXEP2	0.0
NBAS	0.14578516663974384
NBAT1	0.0
NBDY	0.0
NBEA	0.7876967293865054
NBEAL1	0.7695759763379426
NBEAL2	0.015431217424644927
NBEAP1	0.0
NBEAP2	0.05487690059093353
NBEAP3	0.0
NBEAP4	0.0
NBEAP5	0.0
NBEAP6	0.0
NBL1	-0.8123585052494455
NBN	-0.2550252386117915
NBPF1	1.0199162272316258
NBPF10	0.9001465727136977
NBPF11	0.5797788328763174
NBPF12	0.3791678412499788
NBPF13P	0.0
NBPF14	1.4074641404454826
NBPF15	1.058078573374825
NBPF17P	0.0
NBPF18P	0.0
NBPF19	0.0
NBPF20	1.3076107131591805
NBPF21P	0.0
NBPF22P	0.0
NBPF25P	0.08170416594551044
NBPF26	0.2855196400194586
NBPF2P	1.3333333333333335
NBPF3	0.5538048537196758
NBPF4	0.0
NBPF5P	0.0
NBPF6	0.0
NBPF7P	0.0
NBPF8	-0.1469386468233167
NBPF9	0.6000621017764374
NBR1	-0.7179274476358888
NBR2	-0.5558082203043764
NCAL1	0.0
NCALD	0.07654941244641611
NCAM1	0.5283208335737187
NCAM1-AS1	0.0
NCAM1-AS2	0.0
NCAM2	0.0
NCAN	0.0
NCAPD2	0.2754413034981944
NCAPD2P1	-2.7592249522792125
NCAPD3	0.2780957089612599
NCAPG	0.25820300976985777
NCAPG2	0.0012581759856882258
NCAPGP1	-0.6159989688516501
NCAPGP2	0.0
NCAPH	0.7946657196218112
NCAPH2	0.3603438062921782
NCBP1	-0.06777014632567813
NCBP2	0.35751153893019616
NCBP2-AS1	-0.19498750024038536
NCBP2AS2	-1.5051359414361904
NCBP2L	0.0
NCBP3	-0.002263055220880439
NCCRP1	0.0
NCDN	0.8042613124834919
NCEH1	0.22315778915262818
NCF1	0.3333333333333333
NCF1B	0.3333333333333333
NCF1C	0.861654166907052
NCF2	-0.861654166907052
NCF4	0.0
NCF4-AS1	0.0
NCK1	0.26436731899375143
NCK1-DT	1.138345833092948
NCK2	-0.13007367224370903
NCK2-AS1	1.1949875002403854
NCKAP1	0.2822071203367589
NCKAP1L	0.0
NCKAP1P1	0.0
NCKAP5	0.3333333333333333
NCKAP5-AS1	0.0
NCKAP5-AS2	0.0
NCKAP5-IT1	0.0
NCKAP5L	0.42318214834606405
NCKIPSD	1.006363908991288
NCLN	-0.2964862387303926
NCLP1	-0.49514227572341474
NCLP2	0.0
NCMAP	-1.752462614230884
NCOA1	0.12187476756571591
NCOA2	-0.8236466453566065
NCOA3	0.7469679735959875
NCOA4	0.506109090853597
NCOA4P1	0.0
NCOA4P2	0.0
NCOA4P3	0.0
NCOA4P4	-0.19498750024038541
NCOA5	0.44160218654018557
NCOA5LP	0.0
NCOA6	0.008582234623070839
NCOA7	-0.34936595492589184
NCOA7-AS1	0.0
NCOR1	-0.11260784977437321
NCOR1P1	0.0
NCOR1P2	0.0
NCOR1P3	0.0
NCOR1P4	0.0
NCOR2	-0.43362215978651175
NCR1	0.0
NCR2	0.0
NCR3	0.0
NCR3LG1	-1.4091944053912053
NCS1	-1.0310364681304938
NCSTN	0.15160847977459468
NCSTNP1	0.0
NDC1	-0.13284394134081445
NDC80	-0.16453797734946196
NDE1	0.15364214379534946
NDE1P2	0.0
NDEL1	0.847149034214679
NDFIP1	0.4788027453164716
NDFIP1P1	0.0
NDFIP2	0.5465997937526881
NDFIP2-AS1	0.0
NDN	0.0
NDNF	0.0
NDNF-AS1	0.0
NDOR1	0.1429477662679588
NDP	0.0
NDP-AS1	0.0
NDRG1	0.366385856545965
NDRG2	-0.7774098465031729
NDRG3	0.46428094033337786
NDRG4	-0.10962695184304261
NDST1	-0.6182800888562099
NDST1-AS1	0.6666666666666666
NDST2	1.0566416671474375
NDST3	0.3333333333333333
NDST4	0.0
NDUFA1	-0.43148233198122377
NDUFA10	-0.007541523264501748
NDUFA11	0.48436851337078757
NDUFA12	-0.04338217485652329
NDUFA12P1	0.0
NDUFA13	-0.009715448553171857
NDUFA2	0.46372589287814137
NDUFA3	0.6526093392942469
NDUFA3P1	-1.245655198055402
NDUFA3P2	0.3333333333333333
NDUFA3P3	0.0
NDUFA3P4	0.0
NDUFA3P6	0.0
NDUFA5	-0.16270228964523437
NDUFA5P1	0.0
NDUFA5P10	0.0
NDUFA5P11	0.138345833092948
NDUFA5P12	0.0
NDUFA5P2	0.0
NDUFA5P3	0.0
NDUFA5P4	0.0
NDUFA5P5	0.0
NDUFA5P6	0.0
NDUFA5P7	0.0
NDUFA5P8	0.0
NDUFA5P9	0.0
NDUFA6	0.07349020541729523
NDUFA6-DT	1.107309364962454
NDUFA7	-0.33333333333333337
NDUFA8	-0.3127654666582744
NDUFA8P1	0.44064269829578745
NDUFA9	-1.2500072489972176
NDUFA9P1	0.8616541669070521
NDUFAB1	-0.3242488272796429
NDUFAB1P1	-0.3333333333333333
NDUFAF1	0.15846645562754968
NDUFAF1P1	0.0
NDUFAF2	-0.12002273071714242
NDUFAF2P1	0.3333333333333333
NDUFAF2P2	0.0
NDUFAF3	0.7183807159258278
NDUFAF4	-0.20739905575870488
NDUFAF4P1	2.1949875002403854
NDUFAF4P2	0.0
NDUFAF4P3	0.3333333333333333
NDUFAF4P4	0.3333333333333333
NDUFAF5	-0.47360191824173636
NDUFAF6	-0.2973084990075545
NDUFAF7	-0.003859544602378584
NDUFAF8	-0.5388891709008377
NDUFB1	0.16683763266933926
NDUFB10	-0.5422418331737484
NDUFB10P1	0.0
NDUFB10P2	0.0
NDUFB11	0.3752412833703147
NDUFB11P1	0.0
NDUFB1P1	-1.2146187299249083
NDUFB1P2	0.0
NDUFB2	0.4279804649313732
NDUFB2-AS1	0.0
NDUFB2P1	0.0
NDUFB3	0.40151334189492793
NDUFB3P5	0.0
NDUFB4	-0.45246897403505226
NDUFB4P1	0.0
NDUFB4P10	-0.3333333333333333
NDUFB4P11	0.0
NDUFB4P12	0.0
NDUFB4P2	-0.6666666666666666
NDUFB4P3	0.0
NDUFB4P4	0.0
NDUFB4P5	0.0
NDUFB4P6	0.3333333333333333
NDUFB4P7	0.0
NDUFB4P8	0.0
NDUFB4P9	0.0
NDUFB5	0.16253537507649618
NDUFB5P1	0.0
NDUFB5P2	-0.3333333333333333
NDUFB6	0.2428050969340929
NDUFB7	-0.27422185087612316
NDUFB8	-0.5267151614744603
NDUFB8P1	0.0
NDUFB8P2	0.13834583309294812
NDUFB9	-0.000615782967180678
NDUFB9P1	0.5283208335737187
NDUFB9P2	0.0
NDUFB9P3	0.0
NDUFC1	-0.44267154404073494
NDUFC2	0.15343263441218724
NDUFC2-KCTD14	0.0
NDUFS1	-0.3856200936982557
NDUFS2	-0.5182857285968341
NDUFS3	-0.13698318392258102
NDUFS4	-0.15344565859476855
NDUFS5	-0.4376229185332985
NDUFS5P1	0.0
NDUFS5P2	0.0
NDUFS5P3	0.0
NDUFS5P4	0.0
NDUFS5P5	0.0
NDUFS5P6	0.0
NDUFS6	-0.3026420213341412
NDUFS6P1	0.0
NDUFS7	1.1383458330929481
NDUFS7-AS1	-1.2516291673878228
NDUFS8	0.26794942059359794
NDUFV1	0.40247048635595206
NDUFV1-DT	0.3333333333333333
NDUFV2	-0.1851528354703582
NDUFV2-AS1	0.07413080711214937
NDUFV2P1	1.2146187299249083
NDUFV3	0.8287082413986546
NEAT1	3.332924654342042
NEB	0.00882407045373057
NEBL	0.5283208335737187
NEBL-AS1	0.0
NECAB1	0.0
NECAB2	0.3333333333333333
NECAB3	0.13074264278121284
NECAP1	0.7108167653412165
NECAP1P1	0.0
NECAP1P2	0.0
NECAP2	0.8618487235336145
NECTIN1	0.2743166224574365
NECTIN1-AS1	1.0
NECTIN1-DT	0.0
NECTIN2	0.24229179504265996
NECTIN2P1	0.0
NECTIN3	0.27241731065837804
NECTIN3-AS1	-1.2146187299249083
NECTIN4	-1.8021392066078712
NECTIN4-AS1	0.0
NEDD1	0.4123316036757432
NEDD4	0.5811570455038373
NEDD4L	-0.6679883384585708
NEDD4L-AS1	0.0
NEDD8	0.11591131226738227
NEDD8-MDP1	0.0
NEDD8P1	0.3333333333333333
NEDD9	-0.7609064554109963
NEFH	-0.5283208335737186
NEFHP1	0.0
NEFHP2	0.0
NEFL	0.0
NEFLP1	0.3333333333333333
NEFM	0.0
NEFMP1	0.0
NEGR1	0.3333333333333333
NEGR1-IT1	0.0
NEIL1	-0.4459565462521278
NEIL1-AS1	-0.19498750024038541
NEIL2	-0.0762758047496801
NEIL3	0.5784805580163086
NEK1	0.8558948364297736
NEK10	-0.27100430493158356
NEK11	0.4406426982957874
NEK11-AS1	0.0
NEK2	-0.44237267890363796
NEK2-DT	0.0
NEK2P1	0.0
NEK2P2	0.0
NEK2P4	0.0
NEK3	-1.6113941277589197
NEK4	0.11563954703165535
NEK4P1	0.0
NEK4P2	0.0
NEK4P3	0.0
NEK5	0.33333333333333326
NEK6	-0.5309026442266696
NEK7	0.21154028681013948
NEK8	-0.2788337559057066
NEK9	0.8314471624471462
NELFA	-0.2678675957321657
NELFB	0.5498699751678817
NELFCD	-0.9690180204258967
NELFE	0.5919300731197703
NELL1	0.0
NELL1-AS1	0.0
NELL1-AS2	0.0
NELL2	0.0
NEMF	-0.022111483371048735
NEMP1	0.2411465213539623
NEMP2	0.5396620276700119
NEMP2-DT	0.35219450945545594
NENF	-0.03143838904562557
NENFP1	0.3333333333333333
NENFP2	0.0
NENFP3	0.0
NEO1	1.0840311810077141
NEPNP	-1.0
NEPRO-AS1	0.0
NES	0.9214036422176441
NET1	0.0033440453815920534
NETO1	0.0
NETO1-DT	0.0
NETO2	-0.0028699242637140188
NEU1	1.4315889317063828
NEU2	0.0
NEU3	0.44844966109637063
NEU4	-1.6334651514844607
NEUID	0.0
NEURL1	-0.3333333333333333
NEURL1-AS1	0.0
NEURL1B	-0.19498750024038536
NEURL2	-1.5614993914240232
NEURL3	0.0
NEURL4	-0.1041559218794319
NEUROD1	0.0
NEUROD2	0.0
NEUROD4	0.0
NEUROD6	0.0
NEUROG1	0.0
NEUROG2	0.0
NEUROG2-AS1	0.0
NEUROG3	0.0
NEXMIF	-0.3333333333333333
NEXN	-0.3158441933686218
NEXN-AS1	0.0
NF1	-0.03949672373675028
NF1P1	0.0
NF1P10	-0.3333333333333333
NF1P11	0.0
NF1P12	0.0
NF1P2	0.0
NF1P3	-0.5283208335737187
NF1P4	0.0
NF1P5	0.0
NF1P6	0.3333333333333333
NF1P7	0.0
NF1P8	-0.6666666666666666
NF1P9	0.0
NF2	0.07633722609953164
NFAM1	0.3333333333333333
NFASC	0.0
NFAT5	0.0010361524895063923
NFATC1	-0.3333333333333333
NFATC2	-1.1312810923365717
NFATC2IP	0.03577919553961095
NFATC2IP-AS1	0.15764610976546667
NFATC3	0.29464773325025817
NFATC4	0.0
NFE2	-3.440642698295788
NFE2L1	0.27094121869204635
NFE2L1-DT	-0.8616541669070521
NFE2L2	0.526900577531304
NFE2L3	-0.29673572681531724
NFE2L3P1	0.0
NFE4	0.3333333333333333
NFIA	0.26437653435683295
NFIA-AS1	0.5048577242765857
NFIA-AS2	0.0
NFIB	-0.6710310605199976
NFIB-AS1	-0.3333333333333333
NFIC	-1.0632827955621131
NFIL3	0.1930405407106992
NFILZ	0.0
NFIX	-0.3325479119439194
NFIX-AS1	0.6666666666666666
NFKB1	-0.3075978550865077
NFKB1-AS1	0.3333333333333333
NFKB2	-0.2406195672586655
NFKBIA	-0.08447321559988907
NFKBIB	-0.7893160863704249
NFKBID	-1.1383458330929481
NFKBIE	0.13704619947465524
NFKBIL1	-0.20934374087101393
NFKBIZ	0.7435560781425581
NFRKB	0.24233279783348216
NFS1	0.7028526011600489
NFU1	0.390555512953898
NFU1P1	0.0
NFU1P2	0.0
NFX1	0.24682803083596028
NFXL1	-0.42524686339432094
NFYA	0.9815794565976805
NFYAP1	-0.30229686520283927
NFYB	-0.10690473864748995
NFYBP1	0.0
NFYC	-0.13560566415795794
NFYC-AS1	0.4391607299520568
NFYCP1	0.0
NFYCP2	0.0
NGB	0.5283208335737187
NGDN	0.1446255507768548
NGEF	-1.275469599848262
NGF	0.0
NGF-AS1	0.0
NGFR	-0.08767813527793145
NGFR-AS1	0.0
NGLY1	0.4434796944709367
NGRN	-0.27260205426798656
NGRNP1	-0.3333333333333333
NGRNP2	0.3333333333333333
NGRNP3	0.0
NGRNP4	0.0
NHEG1	0.0
NHEJ1	0.3333333333333333
NHERF1	0.49362894727312323
NHERF2	-0.8001287076254977
NHERF4	0.0
NHLH1	0.0
NHLH2	0.0
NHLRC1	0.0
NHLRC2	-0.9274672509055497
NHLRC3	-0.8733839763944848
NHLRC4	-0.33333333333333326
NHP2	-0.3386962208869875
NHP2P1	0.0
NHP2P2	0.0
NHS	-0.3333333333333333
NHS-AS1	0.0
NHSL1	-1.2559395489597511
NHSL2	0.0
NHSL3	-0.8832431659962774
NIBAN1	0.0
NIBAN2	-0.9416377644806353
NIBAN3	-0.6666666666666666
NICN1	0.0
NICN2P	0.0
NICOL1	0.19646946858411596
NID1	-0.2530660736152104
NID2	-0.33333333333333326
NIF3L1	0.11943286278547927
NIFK	0.3172273675028876
NIFK-AS1	-0.1423367136483069
NIFKP1	0.0
NIFKP2	0.0
NIFKP3	0.0
NIFKP4	0.0
NIFKP5	-0.861654166907052
NIFKP6	0.3333333333333333
NIFKP7	0.0
NIFKP8	0.0
NIFKP9	0.0
NIHCOLE	-0.7407974737788163
NIM1K	0.6666666666666666
NIN	0.20456667495554548
NINJ1	0.42509223217741976
NINJ2	-0.6666666666666666
NINJ2-AS1	-1.0
NINL	0.018607678364534586
NIP7	-0.7335303695149751
NIP7P1	0.0
NIP7P2	0.0
NIP7P3	1.0566416671474372
NIPA1	0.4271587419198566
NIPA2	-0.12939876419638718
NIPA2P1	0.0
NIPA2P2	0.0
NIPA2P3	0.0
NIPA2P4	0.0
NIPA2P5	0.0
NIPAL1	0.07222625671401861
NIPAL1P1	0.0
NIPAL2	-0.4406426982957874
NIPAL3	0.190996619685027
NIPAL4	0.0
NIPAL4-DT	0.8616541669070521
NIPBL	0.5169553805859408
NIPBL-DT	0.4292751409886346
NIPSNAP1	0.15218248452634064
NIPSNAP2	0.7474413537071989
NIPSNAP3A	0.08149141080754951
NIPSNAP3B	-0.2516291673878226
NISCH	0.21314705179793947
NIT1	0.7110888436211544
NIT2	0.57458903911209
NKAIN1	0.19498750024038541
NKAIN1P1	0.0
NKAIN1P2	0.0
NKAIN2	-0.19498750024038541
NKAIN3	0.3333333333333333
NKAIN4	0.0
NKAP	0.34620655476708606
NKAPD1	-0.07679054215311609
NKAPL	0.0
NKAPP1	-0.5777847802046088
NKD1	0.4769060473730793
NKD1-AS1	0.7146821232055696
NKD2	0.9455004225723738
NKG7	0.3333333333333333
NKILA	0.0
NKIRAS1	-0.08264250448119537
NKIRAS2	0.6819586796811707
NKPD1	0.2826656355183168
NKRF	-0.336228575955408
NKTR	0.4460157672717555
NKX1-1	0.0
NKX1-2	0.0
NKX2-1	0.0
NKX2-1-AS1	0.0
NKX2-2	0.0
NKX2-2-AS1	0.0
NKX2-3	0.0
NKX2-4	0.0
NKX2-5	-1.1257368434628505
NKX2-6	0.0
NKX2-8	0.0
NKX3-1	0.9602743746855515
NKX3-2	0.0
NKX6-1	0.0
NKX6-2	0.3333333333333333
NKX6-3	0.0
NLE1	-0.4531230119803551
NLGN1	0.3333333333333333
NLGN1-AS1	0.0
NLGN2	0.9493323021849838
NLGN3	0.3333333333333333
NLGN4X	0.0
NLGN4Y	-1.141840563606399
NLGN4Y-AS1	-0.5283208335737187
NLK	0.8005298149907514
NLN	-0.003326110238324631
NLRC3	0.07413080711214937
NLRC4	0.7739760316291205
NLRC5	-0.9560700424814863
NLRP1	0.18328623325507998
NLRP10	0.3333333333333333
NLRP11	0.0
NLRP12	0.3333333333333333
NLRP13	0.0
NLRP14	0.0
NLRP2	0.0
NLRP2B	0.0
NLRP3	0.0
NLRP3P1	0.0
NLRP4	0.0
NLRP5	0.0
NLRP6	0.0
NLRP7	0.0
NLRP7P1	0.0
NLRP8	0.0
NLRP9	0.5283208335737187
NLRP9P1	0.0
NLRX1	-0.14890978974450597
NMB	0.6219512281730326
NMBR	0.0
NMBR-AS1	0.0
NMD3	-0.2436431694049297
NMD3P1	0.0
NMD3P2	0.0
NME1	-0.961266038201444
NME1-NME2	0.0
NME1P1	0.0
NME2	-0.34324911446468365
NME2P1	0.6666666666666666
NME2P2	0.0
NME2P3	0.0
NME3	0.038060816505105954
NME4	-0.6387837313330857
NME5	0.3333333333333333
NME6	-0.8403738775826977
NME7	-0.09687341250189707
NME8	0.0
NME9	-0.49514227572341407
NMI	-3.497284365443225
NMNAT1	0.17389335310800647
NMNAT1P1	0.0
NMNAT1P2	0.0
NMNAT1P3	0.0
NMNAT1P4	0.0
NMNAT1P5	0.0
NMNAT2	0.0
NMNAT3	0.7870647685975944
NMRAL1	0.14724519541403325
NMRAL2P	0.19498750024038536
NMRK1	0.2914897059720478
NMRK2	0.0
NMS	0.0
NMT1	-0.025609486890813216
NMT2	0.7573225102012673
NMTRQ-TTG12-1	0.0
NMTRS-TGA3-1	0.0
NMU	0.0
NMUR1	0.0
NMUR2	0.0
NNAT	-0.3333333333333335
NNMT	-0.6666666666666666
NNT	0.06575710286119474
NNT-AS1	-0.8882283423828552
NOA1	0.6815210813501844
NOAZFP	0.08304635126553706
NOB1	-0.28663280676933844
NOBOX	0.0
NOC2L	-0.14549072511284322
NOC2LP1	0.0
NOC2LP2	-0.3333333333333333
NOC3L	0.09399799739530845
NOC4L	-0.16669120104488178
NOCT	-0.1652333153678729
NOD1	-0.1768382388995935
NOD2	-0.6666666666666666
NODAL	0.5283208335737186
NOG	0.0
NOL10	-0.4036010326535724
NOL11	-0.18772016538114222
NOL11P1	0.3333333333333333
NOL12	0.7974391409262533
NOL3	0.3333333333333335
NOL4	-0.3333333333333333
NOL4L	0.1881561322503602
NOL4L-AS1	0.0
NOL4L-DT	0.0
NOL6	0.3490227512189268
NOL7	-0.24916867249854047
NOL8	0.36034197602548623
NOL8P1	0.0
NOL9	0.09953838574487683
NOLC1	-0.17132159343457332
NOLC1P1	0.0
NOM1	-0.450663433235273
NOMO1	-0.07519849991456162
NOMO2	-0.1970080845027864
NOMO3	0.5212039516108566
NONO	-0.1931481472092429
NONOP2	-0.657842596212936
NOP10	-0.1749236472900213
NOP14	-0.5212091323811014
NOP14-AS1	1.3218973164082355
NOP16	-0.8346402186908906
NOP2	0.3333333333333335
NOP35P1	0.0
NOP53	-0.27771129934555283
NOP53-AS1	-0.3333333333333333
NOP56	-0.21202220557972318
NOP56P1	-0.861654166907052
NOP56P2	0.0
NOP56P3	-0.1383458330929479
NOP58	0.11537337160293681
NOP9	0.2539770550590088
NOPCHAP1	-0.09386814041248748
NORAD	0.2128621063030831
NOS1	0.0
NOS1AP	0.31229390836156945
NOS2	0.0
NOS2P1	0.0
NOS2P2	0.0
NOS2P3	0.0
NOS2P4	0.0
NOS3	-1.4047730402669223
NOSIP	0.661038141398488
NOSTRIN	0.7788582902839214
NOTCH1	-1.0
NOTCH2	0.3789032687256224
NOTCH2NLA	0.0
NOTCH2NLB	0.0
NOTCH2NLC	0.5479520632582415
NOTCH2NLR	-0.3333333333333333
NOTCH2P1	0.0
NOTCH3	-0.10730936496245436
NOTCH4	-0.3333333333333326
NOTO	1.968963531869506
NOTUM	0.5134805151513842
NOVA1	0.0
NOVA1-DT	0.0
NOVA2	0.0
NOX1	0.0
NOX3	-0.3333333333333333
NOX4	0.3333333333333333
NOX4P1	0.0
NOX5	0.0
NOXA1	1.2914897059720474
NOXO1	0.0
NOXRED1	0.24565519805540215
NPAP1	0.3333333333333333
NPAP1L	0.0
NPAP1P2	0.0
NPAP1P3	0.0
NPAP1P4	0.0
NPAP1P6	0.0
NPAP1P7	0.0
NPAP1P9	0.0
NPAS1	0.15797706277747103
NPAS2	-0.17652136388553163
NPAS2-AS1	-1.650428238322324
NPAS3	0.0
NPAS4	0.0
NPAT	0.609376578353797
NPB	0.0
NPBWR2	0.0
NPC1	0.2775240189784629
NPC1L1	0.25466777951032427
NPC2	0.8685663985456893
NPDC1	-0.5458099735384305
NPEPL1	0.9001465727136977
NPEPPS	0.06890617888977602
NPEPPSP1	-0.2773517875619762
NPEPPSP2	0.0
NPFF	0.0
NPFFR1	0.0
NPFFR2	0.0
NPHP1	-0.13834583309294812
NPHP3	0.9170219304036866
NPHP3-ACAD11	0.0
NPHP3-AS1	-1.1949875002403854
NPHP4	0.22547829722573454
NPHS1	0.3333333333333333
NPHS2	0.0
NPIPA1	1.256388138851452
NPIPA2	0.0
NPIPA3	0.0
NPIPA5	1.7097610056483223
NPIPA6	0.6666666666666666
NPIPA7	0.0
NPIPA8	0.0
NPIPA9	0.0
NPIPB10P	0.0
NPIPB11	0.0
NPIPB12	0.5283208335737187
NPIPB13	0.0
NPIPB14P	0.0
NPIPB15	0.22602396837087924
NPIPB1P	0.0
NPIPB2	0.3333333333333333
NPIPB3	1.2691183073525347
NPIPB4	-0.1256341234640237
NPIPB5	-0.1593490989348818
NPIPB6	0.0
NPIPB7	-0.3333333333333333
NPIPB8	0.0
NPIPB9	0.0
NPIPP1	0.5891846379998764
NPL	1.4406426982957872
NPLOC4	0.538835053263222
NPLP1	0.0
NPM1	-0.15624786843815563
NPM1P1	0.0
NPM1P10	0.0
NPM1P11	0.0
NPM1P12	0.0
NPM1P13	0.0
NPM1P14	0.0
NPM1P17	0.0
NPM1P18	0.0
NPM1P19	-0.6666666666666666
NPM1P2	0.0
NPM1P20	0.3333333333333333
NPM1P21	0.0
NPM1P22	0.0
NPM1P23	0.0
NPM1P24	0.6666666666666666
NPM1P25	0.0
NPM1P26	0.550692232193231
NPM1P27	0.8899504661025559
NPM1P28	0.0
NPM1P29	-1.3333333333333333
NPM1P3	0.0
NPM1P30	0.0
NPM1P31	0.0
NPM1P32	0.0
NPM1P33	0.0
NPM1P34	0.0
NPM1P35	-0.5283208335737187
NPM1P36	0.0
NPM1P37	0.9123218647220684
NPM1P38	0.0
NPM1P39	0.3333333333333333
NPM1P4	0.0
NPM1P40	0.0
NPM1P41	0.0
NPM1P42	0.0
NPM1P43	-0.19498750024038541
NPM1P45	0.0
NPM1P46	0.0
NPM1P47	0.0
NPM1P48	0.0
NPM1P49	0.0
NPM1P5	0.0
NPM1P50	0.0
NPM1P51	0.0
NPM1P52	0.0
NPM1P6	0.8050124997596145
NPM1P7	0.0
NPM1P8	0.0
NPM1P9	-0.5283208335737186
NPM2	-0.5074581093699493
NPM3	-0.5001429968364963
NPNT	-0.10992955265912396
NPNT-AS1	0.7739760316291209
NPPA	0.0
NPPB	1.5479520632582413
NPPC	0.6666666666666666
NPR1	0.0
NPR2	-0.6159989688516501
NPR3	-0.5283208335737187
NPRL2	0.43910440712858456
NPRL3	-0.524192925421775
NPS	0.0
NPSR1	-0.5283208335737187
NPSR1-AS1	-3.3539786547248274
NPTN	0.411777897705333
NPTN-IT1	0.7509935803899572
NPTX1	0.138345833092948
NPTX2	0.0
NPTXR	0.16248248586122127
NPVF	0.0
NPW	-0.06421502598079831
NPY	0.0
NPY1R	0.0
NPY2R	0.0
NPY2R-AS1	0.0
NPY4R	0.0
NPY4R2	0.0
NPY5R	0.0
NPY6R	0.0
NQO1	1.0263574983022732
NQO1-AS1	0.0
NQO1-DT	0.9689635318695059
NQO2	-0.11963838712965469
NQO2-AS1	0.3333333333333333
NR0B1	0.0
NR0B2	-0.09877412780128836
NR1D1	-0.9161537443346783
NR1D2	-0.024628755337386288
NR1H2	0.330537404835761
NR1H3	-0.14012732236669656
NR1H4	-6.123112021199138
NR1H5P	0.0
NR1I2	-0.9643615986944951
NR1I3	-0.6666666666666666
NR2C1	0.1772110970299039
NR2C2	0.07418111818055984
NR2C2AP	-0.011694153051815093
NR2E1	0.0
NR2E3	0.0
NR2F1	-0.22033141368394915
NR2F1-AS1	-0.07413080711214937
NR2F2	-0.09002972112258156
NR2F2-AS1	-1.1949875002403854
NR2F6	-0.4749846949888479
NR3C1	0.7306698756243737
NR3C1P1	0.5283208335737186
NR3C2	0.31112093565656984
NR4A1	0.8276399905198888
NR4A1AS	0.0
NR4A2	-0.33333333333333337
NR4A3	1.0566416671474375
NR5A1	-0.42656197671156004
NR5A2	-1.0536639588907688
NR6A1	0.13513619400450594
NRAD1	0.0
NRADDP	0.0
NRAL	0.0
NRAP	-0.5283208335737187
NRARP	0.5789885313887354
NRAS	-0.1273184747983045
NRAV	0.01651584590641253
NRBF2	0.033928161671902934
NRBF2P1	0.0
NRBF2P2	0.0
NRBF2P3	0.3333333333333333
NRBF2P4	0.0
NRBF2P5	0.47167916642628127
NRBF2P6	-0.3333333333333333
NRBP1	0.7790515165185443
NRBP2	1.1032850875289286
NRCAM	0.3333333333333333
NRDC	0.2138621754529373
NRDE2	-0.1445122002462842
NREP	-1.5793542822787892
NREP-AS1	0.0
NREPP1	-0.3333333333333333
NREPP2	0.0
NRF1	0.22036630809956748
NRG1	-1.1564950944337395
NRG1-IT1	0.0
NRG1-IT3	0.0
NRG2	0.0
NRG3	0.0
NRG3-AS1	0.0
NRG4	-1.3333333333333333
NRGN	2.4692662834073245
NRGN-AS1	0.0
NRIP1	0.15865358253311612
NRIP2	0.7974391409262531
NRIP3	1.3333333333333333
NRIP3-DT	0.0
NRIR	0.0
NRK	0.0
NRL	-0.34237572600762123
NRM	0.8239595254013343
NRN1	0.0
NRN1L	0.0
NRON	-0.5283208335737187
NRP1	-1.64515324926843
NRP2	0.19498750024038541
NRP2-AS1	0.0
NRROS	0.0
NRSN1	-0.6666666666666666
NRSN2	0.0006876004357581067
NRSN2-AS1	0.6818808885185708
NRTN	0.2691183073525347
NRXN1	0.0
NRXN1-DT	0.0
NRXN2	0.0
NRXN2-AS1	0.0
NRXN3	0.0
NRXN3-AS1	0.0
NRXN3-AS2	0.0
NRXN3-AS3	0.0
NSA2	-0.5606080133245808
NSA2P1	0.0
NSA2P2	0.0
NSA2P3	0.0
NSA2P4	0.0
NSA2P5	0.44064269829578717
NSA2P6	1.376427672314989
NSA2P7	0.6666666666666667
NSD1	-0.33333333333333326
NSD2	0.0063049158370951375
NSD3	0.14056487253007077
NSDHL	-0.1770026767014885
NSF	0.4220526094262764
NSFL1C	0.15044228642696922
NSG1	0.0
NSG2	0.0
NSL1	0.031742614405454006
NSMAF	-1.123072180361273
NSMCE1	-0.4310454792077367
NSMCE1-DT	-0.11597443447343503
NSMCE2	-0.13403475788896824
NSMCE3	0.7004618419818307
NSMCE4A	0.06435420385278778
NSMF	0.33747467641753204
NSRP1	0.2545042495925882
NSRP1P1	-0.5283208335737186
NSUN2	-0.09429966858263139
NSUN3	-0.6472915291229064
NSUN4	0.01737797717244227
NSUN5	-0.5520881645143749
NSUN5P1	0.40758784420101035
NSUN5P2	1.0741308071121494
NSUN6	0.40659448720341107
NSUN7	0.0
NT5C	-0.09019373829571453
NT5C1A	0.0
NT5C1B	-1.0
NT5C1B-RDH14	0.0
NT5C2	0.46421244397877715
NT5C3A	0.09858661092055243
NT5C3AP1	-0.7739760316291205
NT5C3AP2	0.0
NT5C3B	-0.015426832936369372
NT5CP1	-1.1949875002403854
NT5CP2	0.19498750024038536
NT5DC1	0.5084080213795392
NT5DC1P1	0.0
NT5DC1P2	0.0
NT5DC2	-0.19297769869389647
NT5DC3	0.6305867343644138
NT5DC4	-1.4406426982957872
NT5E	-0.4276573228119478
NT5ELP	0.0
NT5M	-0.5283208335737186
NTAN1	0.3336275507465869
NTAN1P1	0.0
NTAN1P2	0.5789885313887351
NTAN1P3	0.0
NTAQ1	0.06216882109395172
NTF3	0.0
NTF4	0.0
NTF6A	0.0
NTF6B	0.0
NTF6G	0.0
NTHL1	-0.7149836864026131
NTM	0.0
NTM-AS1	0.0
NTM-AS2	0.0
NTM-AS3	0.0
NTM-AS4	0.0
NTM-IT	0.0
NTMT1	0.30341726295513727
NTMT2	0.0
NTN1	0.3333333333333333
NTN3	-0.4210114686112645
NTN4	-1.8871381870530106
NTN5	0.0
NTNG1	0.0
NTNG2	0.0
NTPCR	-0.4424435583897912
NTRAS	0.0
NTRK1	-0.35296456301785617
NTRK2	-0.30229686520283927
NTRK3	-0.11597443447343547
NTRK3-AS1	0.0
NTS	0.0
NTSR1	-0.6666666666666666
NTSR1-AS1	0.0
NTSR2	0.0
NUAK1	-2.443265446073567
NUAK2	0.8924593783141845
NUB1	0.5458590422948593
NUBP1	0.5377354826506533
NUBP2	0.44091118701412135
NUBPL	-0.2665539816915583
NUBPL-DT	0.0
NUCB1	-0.23610748523708835
NUCB1-AS1	-0.6666666666666666
NUCB2	-0.21381151187597958
NUCKS1	0.2006663006418492
NUCKS1P1	0.0
NUCLEOLIN	-0.45267126757969844
NUDC	-0.3356253114216168
NUDCD1	-0.1831784495847053
NUDCD2	0.29836747225213056
NUDCD3	0.6399368888541757
NUDCP1	-2.3899750004807707
NUDCP2	0.3333333333333333
NUDT1	0.6171285016010337
NUDT10	0.0
NUDT11	0.0
NUDT12	0.5192745076371423
NUDT13	0.3958028098587496
NUDT14	0.559357301704213
NUDT15	0.42980719470941775
NUDT16	0.26618906576639834
NUDT16-DT	-0.6666666666666667
NUDT16L1	0.22769060242077543
NUDT16L2P	0.0
NUDT17	0.9493323021849835
NUDT18	1.4066377124246636
NUDT19	0.19693052650778498
NUDT19-DT	2.541090619206211
NUDT19P2	0.0
NUDT19P3	0.0
NUDT19P4	-0.3333333333333333
NUDT19P5	-1.107309364962454
NUDT19P6	0.0
NUDT2	-0.45107006163028984
NUDT21	-0.09709703633340183
NUDT22	0.5412080403634203
NUDT3	-0.49514227572341407
NUDT4	0.2093673865384691
NUDT4B	0.0
NUDT4P2	0.0
NUDT5	-0.23205731153471998
NUDT5P1	1.560608013324582
NUDT6	-0.30015477548302805
NUDT7	2.10925905686135
NUDT8	-1.0662687071431467
NUDT9	0.43181862784205727
NUDT9P1	0.19498750024038536
NUF2	-0.2260239683708809
NUFIP1	-0.2790447367406559
NUFIP1P1	0.0
NUFIP2	0.48941459815098654
NUGGC	-2.6552614282206957
NUMA1	0.2012935579917947
NUMA1-AS1	0.5283208335737187
NUMB	0.48126885923603524
NUMBL	0.5789885313887351
NUP107	-0.2489513316493701
NUP133	0.25216708123180176
NUP133-DT	0.5283208335737187
NUP153	-0.06489663057843309
NUP153-AS1	-0.8812853965915748
NUP155	-0.24485764791492493
NUP160	-0.08634604583661343
NUP188	0.19354431746208345
NUP205	-0.5595152915191228
NUP210	-0.13628584723685666
NUP210L	-0.3567964426304657
NUP210P1	0.0
NUP210P2	0.0
NUP210P3	0.0
NUP214	-0.13366289322909708
NUP214-AS1	-0.17535627055586245
NUP35	-0.4905466610136475
NUP35P1	0.0
NUP35P2	0.0
NUP37	-0.13145936913894474
NUP42	0.1472354774779765
NUP43	0.11460294378569635
NUP50	-0.17434422761312351
NUP50-DT	1.5479520632582418
NUP50P1	0.0
NUP50P2	0.861654166907052
NUP50P4	0.0
NUP54	0.11261781493423939
NUP58	0.20709154599013146
NUP58P1	0.0
NUP62	-0.2668616943681217
NUP62CL	-0.10247617506408302
NUP85	0.05323566701945204
NUP88	-0.21427507697973613
NUP93	0.16406736253619858
NUP93-DT	0.19498750024038541
NUP98	0.3568064848957295
NUPR1	-2.2839163471386854
NUPR2	0.0
NUPR2P1	0.7853812700750917
NUS1	-0.12513573873717032
NUS1P1	0.47167916642628127
NUS1P2	0.0
NUS1P3	0.0
NUS1P4	0.0
NUSAP1	0.28427130761757624
NUTF2	0.28694008633341017
NUTF2P2	0.0
NUTF2P3	0.0
NUTF2P4	0.0
NUTF2P5	0.0
NUTF2P6	0.0
NUTF2P7	0.0
NUTF2P8	0.0
NUTM1	0.0
NUTM2A	0.33333333333333337
NUTM2A-AS1	-0.10479936924717581
NUTM2B	-0.08767813527793122
NUTM2B-AS1	-0.3878329107609595
NUTM2D	1.7482534114549673
NUTM2E	0.0
NUTM2F	0.0
NUTM2G	0.5147735054079368
NUTM2HP	0.5283208335737187
NVL	0.1907744202681938
NWD1	0.0
NWD2	0.0
NXF1	1.5320870328480662
NXF2	0.0
NXF2B	0.0
NXF3	0.3333333333333333
NXF4	0.3333333333333333
NXF5	0.0
NXN	0.5340212127336956
NXN-AS1	1.0
NXNL1	0.0
NXNL2	0.0
NXNP1	0.0
NXPE1	0.0
NXPE2	0.0
NXPE2P1	0.0
NXPE3	0.17819343717436809
NXPE4	0.0
NXPH1	0.3333333333333333
NXPH2	0.0
NXPH3	-0.8616541669070521
NXPH4	-0.3333333333333333
NXT1	0.06311722788174379
NXT1-AS1	-0.9493323021849832
NXT1P1	0.0
NXT2	0.25625435006823505
NYAP1	-0.5283208335737187
NYAP2	0.0
NYNRIN	-1.776062361786349
NYX	-0.3333333333333333
OACYLP	0.0
OAF	-1.3425341073602342
OARD1	-0.25122172703238377
OAS1	-3.2875457858529313
OAS2	-0.5283208335737187
OAS3	-1.3517608118337305
OASL	0.0
OASL2P	0.0
OAT	1.029700696433217
OAZ1	0.8332968578479534
OAZ1P1	0.0
OAZ2	0.42530940356481484
OAZ3	0.861654166907052
OBI1	0.24277555863077716
OBI1-AS1	-0.861654166907052
OBP2A	0.0
OBP2B	0.0
OBSCN	0.892690635037546
OBSCN-AS1	0.0
OBSCN-AS2	0.0
OBSL1	-0.581906515693996
OC90	0.0
OCA2	0.3333333333333333
OCEL1	1.584831222232463
OCIAD1	-0.16381531302685293
OCIAD1-AS1	-1.0
OCIAD2	0.0
OCLN	0.3128777097962354
OCLNP1	-0.6666666666666666
OCM	0.0
OCM2	0.0
OCRL	0.500716465503678
OCSTAMP	0.0
ODAD1	0.0
ODAD2	0.0
ODAD2P1	0.0
ODAD3	-0.5283208335737187
ODAD4	0.7407974737788159
ODAM	-3.919340423243957
ODAPH	-0.3333333333333333
ODC1	0.6648915119425745
ODC1-DT	0.19498750024038536
ODCP	0.24948707766801181
ODF1	0.0
ODF2	0.027745402482333148
ODF2-AS1	0.0
ODF2L	-0.5283208335737186
ODF4	0.0
ODR4	-0.09520400032359344
OFCC1	0.0
OFD1	0.19361546408297414
OFD1P10Y	0.0
OFD1P11Y	0.0
OFD1P12Y	0.0
OFD1P13Y	0.0
OFD1P15Y	0.0
OFD1P16Y	0.0
OFD1P17	0.635630198536173
OFD1P18Y	0.0
OFD1P1Y	0.0
OFD1P2Y	0.0
OFD1P3Y	-0.3333333333333333
OFD1P4Y	0.0
OFD1P5Y	0.0
OFD1P6Y	0.0
OFD1P7Y	0.0
OFD1P8Y	0.0
OFD1P9Y	0.0
OGA	1.030449592037873
OGDH	1.2916552847651728
OGDHL	-0.06096735377099982
OGFOD1	-0.20488966917911444
OGFOD1P1	0.19498750024038536
OGFOD2	0.15797706277747103
OGFOD3	0.2942979775520671
OGFR	-0.24267902837153787
OGFR-AS1	0.6666666666666665
OGFRL1	0.2216750083433059
OGFRP1	-1.2702075452971715
OGG1	0.13983699195271715
OGN	0.6666666666666665
OGT	0.3965622661656365
OIP5	-0.39472783306473325
OIP5-AS1	-0.07715556737545448
OIT3	-2.1321445104169974
OLA1	0.04995554561256732
OLA1P1	0.9182958340544893
OLA1P2	0.0
OLA1P3	0.0
OLAH	0.0
OLFM1	0.0
OLFM2	0.0
OLFM3	0.3333333333333333
OLFM4	0.3333333333333333
OLFM5P	0.0
OLFML1	-2.4425349057824044
OLFML2A	-0.3333333333333333
OLFML2B	0.0
OLFML3	0.1598231239579473
OLIG1	0.0
OLIG2	0.0
OLIG3	0.3333333333333333
OLMALINC	0.1965931723396439
OLR1	0.0
OMA1	0.031505866261429816
OMD	0.19498750024038536
OMG	-0.740797473778816
OMP	0.861654166907052
ONECUT1	-0.19498750024038536
ONECUT2	-0.5199389274459705
ONECUT3	-0.3333333333333333
OOEP	0.0
OOEP-AS1	0.0
OOEPP1	0.0
OOEPP2	0.0
OOSP1	0.0
OOSP1P1	0.0
OOSP1P2	-0.3333333333333333
OOSP2	0.0
OOSP3	0.3333333333333333
OOSP4A	0.0
OOSP4B	0.0
OPA1	-0.6894386462505828
OPA1-AS1	-0.6666666666666667
OPA3	0.02387186269782493
OPALIN	0.0
OPCML	0.0
OPCML-IT1	0.0
OPCML-IT2	0.0
OPHN1	-0.007573358833360633
OPLAH	-0.413908047555557
OPN1LW	0.0
OPN1MW	0.0
OPN1MW2	0.0
OPN1MW3	0.0
OPN1SW	-0.8616541669070521
OPN3	-0.3395385593891156
OPN4	0.0
OPN5	0.0
OPRD1	-1.3022968652028395
OPRK1	0.0
OPRL1	-1.6356301985361725
OPRM1	0.3333333333333333
OPRPN	0.0
OPTC	0.0
OPTN	0.6229985587415499
OR10A2	0.0
OR10A3	0.0
OR10A4	0.0
OR10A5	0.0
OR10A6	0.3333333333333333
OR10A7	0.0
OR10AA1P	0.0
OR10AB1P	0.0
OR10AC1	0.0
OR10AD1	0.0
OR10AE1P	0.0
OR10AE3P	0.0
OR10AF1P	0.0
OR10AG1	0.0
OR10AH1P	0.0
OR10AK1P	0.0
OR10B1P	0.0
OR10C1	0.0
OR10D1P	0.0
OR10D3	0.0
OR10D4P	0.0
OR10D5P	0.0
OR10G1P	0.0
OR10G2	0.0
OR10G3	0.0
OR10G4	0.0
OR10G5P	0.0
OR10G6	0.0
OR10G7	0.0
OR10G8	0.0
OR10G9	0.0
OR10H1	0.0
OR10H2	0.0
OR10H3	0.0
OR10H4	0.0
OR10H5	0.0
OR10J1	0.0
OR10J2P	0.0
OR10J3	0.0
OR10J4	0.0
OR10J5	0.3333333333333333
OR10J6P	0.0
OR10J7P	0.0
OR10J8P	0.0
OR10J9P	0.0
OR10K1	0.0
OR10K2	0.0
OR10N1P	0.0
OR10P1	0.0
OR10Q1	0.0
OR10Q2P	0.0
OR10R1P	0.0
OR10R2	0.0
OR10R3P	0.0
OR10S1	0.0
OR10T1P	0.0
OR10T2	0.0
OR10U1P	0.0
OR10V1	0.0
OR10V2P	0.3333333333333333
OR10V3P	0.0
OR10W1	0.0
OR10X1	0.0
OR10Y1P	0.0
OR10Z1	0.0
OR11A1	0.0
OR11G1P	0.0
OR11G2	0.0
OR11H1	0.0
OR11H12	0.0
OR11H13P	0.0
OR11H2	0.0
OR11H3P	0.0
OR11H4	0.0
OR11H5P	0.0
OR11H6	0.0
OR11H7	0.0
OR11I1P	0.0
OR11J1P	0.0
OR11J2P	0.0
OR11J5P	0.0
OR11J6P	0.0
OR11J7P	0.0
OR11K1BP	0.0
OR11K1P	0.0
OR11K2P	0.0
OR11L1	0.0
OR11M1P	0.0
OR11N1P	0.0
OR11P1P	0.0
OR11Q1P	0.0
OR12D1	0.5283208335737187
OR12D2	0.0
OR12D3	0.0
OR13A1	0.0
OR13C1P	0.0
OR13C2	0.0
OR13C3	0.0
OR13C4	0.0
OR13C5	0.0
OR13C6P	0.0
OR13C7	0.0
OR13C8	0.0
OR13C9	0.0
OR13D1	0.0
OR13D2P	0.0
OR13D3P	0.0
OR13E1P	0.0
OR13F1	0.0
OR13G1	0.0
OR13H1	0.0
OR13I1P	0.0
OR13J1	0.0
OR13K1P	0.0
OR13Z1P	0.0
OR13Z2P	0.0
OR13Z3P	0.0
OR14A16	0.0
OR14A2	0.0
OR14C36	0.0
OR14I1	0.0
OR14J1	0.0
OR14K1	0.0
OR14L1	0.0
OR1A1	0.0
OR1A2	0.0
OR1AA1P	0.0
OR1AB1P	0.0
OR1AC1P	0.0
OR1B1	0.0
OR1C1	0.0
OR1D2	0.0
OR1D3P	0.0
OR1D4	0.0
OR1D5	0.0
OR1E1	0.0
OR1E2	0.0
OR1E3	0.0
OR1F1	-0.3333333333333333
OR1F12P	0.0
OR1F2P	0.5283208335737187
OR1G1	0.0
OR1H1P	0.0
OR1I1	0.0
OR1J1	0.0
OR1J2	0.0
OR1J4	0.0
OR1K1	0.0
OR1L1	0.0
OR1L3	0.0
OR1L4	0.0
OR1L6	0.0
OR1L8	0.0
OR1M1	0.0
OR1M4P	0.0
OR1N1	0.0
OR1N2	0.0
OR1P1	0.0
OR1Q1	0.0
OR1Q1BP	0.0
OR1R1	0.0
OR1S1	0.0
OR1S2	0.0
OR1X1P	0.0
OR1X5P	0.0
OR2A1	0.0
OR2A1-AS1	0.0
OR2A12	0.0
OR2A13P	0.0
OR2A14	0.0
OR2A15P	0.0
OR2A2	0.0
OR2A20P	0.0
OR2A25	0.0
OR2A3P	0.0
OR2A4	0.0
OR2A41P	0.0
OR2A42	0.0
OR2A5	0.0
OR2A7	0.0
OR2A9P	0.3333333333333333
OR2AD1P	0.5283208335737187
OR2AE1	0.0
OR2AF1P	0.0
OR2AG1	0.0
OR2AG2	0.0
OR2AH1P	0.0
OR2AI1P	0.0
OR2AJ1	0.0
OR2AK2	0.0
OR2AL1P	0.0
OR2AM1P	0.0
OR2AO1P	0.0
OR2AP1	0.0
OR2AQ1P	0.0
OR2AS1P	0.0
OR2AS2P	0.0
OR2AT1P	0.0
OR2AT2P	0.0
OR2AT4	0.3333333333333333
OR2B11	0.0
OR2B2	0.0
OR2B3	0.3333333333333333
OR2B4P	0.0
OR2B6	0.0
OR2B7P	0.0
OR2B8	0.3333333333333333
OR2BH1P	0.0
OR2C1	0.0
OR2C3	0.0
OR2D2	0.0
OR2D3	0.0
OR2E1P	0.0
OR2F1	-0.8616541669070521
OR2F2	0.0
OR2G1P	-0.3333333333333333
OR2G2	0.0
OR2G3	0.0
OR2G6	0.0
OR2H1	0.0
OR2H2	0.0
OR2H4P	0.5283208335737187
OR2H5P	0.0
OR2I1	-1.2055571201494986
OR2J1	0.0
OR2J2	0.3333333333333333
OR2J3	1.4406426982957872
OR2J4P	0.0
OR2K2	0.0
OR2L13	0.0
OR2L1P	0.0
OR2L2	0.0
OR2L3	0.0
OR2L5	0.0
OR2L6P	0.0
OR2L8	0.3333333333333333
OR2L9P	0.0
OR2M1P	0.0
OR2M2	0.0
OR2M3	0.0
OR2M4	0.0
OR2M5	0.0
OR2M7	0.0
OR2N1P	0.0
OR2P1P	0.0
OR2Q1P	-0.3333333333333333
OR2R1P	0.0
OR2S1P	0.0
OR2S2	0.0
OR2T1	0.0
OR2T10	-0.3333333333333333
OR2T11	0.0
OR2T12	0.0
OR2T2	0.0
OR2T27	0.0
OR2T29	0.0
OR2T3	0.0
OR2T32P	0.0
OR2T33	0.0
OR2T34	0.0
OR2T35	0.0
OR2T4	0.0
OR2T5	0.0
OR2T6	0.0
OR2T7	0.0
OR2T8	0.0
OR2U1P	0.0
OR2U2P	0.0
OR2V1	0.0
OR2V2	0.0
OR2W1	0.0
OR2W1-AS1	0.6666666666666666
OR2W2P	0.0
OR2W3	0.0
OR2W4P	0.0
OR2W5P	0.0
OR2W6P	0.3333333333333333
OR2X1P	0.0
OR2Y1	0.0
OR2Z1	0.0
OR3A1	0.0
OR3A2	0.3333333333333333
OR3A3	0.0
OR3A4P	0.0
OR3A5P	0.0
OR3B1P	0.0
OR3D1P	0.0
OR4A10P	0.0
OR4A11P	0.0
OR4A12P	0.0
OR4A13P	0.0
OR4A15	0.0
OR4A16	0.0
OR4A17P	0.0
OR4A18P	0.0
OR4A19P	0.0
OR4A1P	0.0
OR4A21P	0.0
OR4A2P	0.0
OR4A3P	0.0
OR4A40P	0.0
OR4A41P	0.0
OR4A42P	0.0
OR4A43P	0.0
OR4A44P	0.0
OR4A45P	0.0
OR4A46P	0.0
OR4A47	0.0
OR4A48P	0.0
OR4A49P	0.0
OR4A4P	0.0
OR4A5	0.0
OR4A50P	0.0
OR4A6P	0.0
OR4A7P	0.0
OR4A8	0.0
OR4A9P	0.0
OR4B1	0.0
OR4B2P	0.0
OR4C10P	0.0
OR4C11	0.0
OR4C12	0.0
OR4C13	0.0
OR4C14P	0.0
OR4C15	0.0
OR4C16	0.0
OR4C1P	0.0
OR4C2P	0.0
OR4C3	0.0
OR4C45	0.0
OR4C46	0.0
OR4C48P	0.0
OR4C49P	0.0
OR4C4P	0.0
OR4C5	0.0
OR4C50P	0.0
OR4C6	0.0
OR4C7P	0.0
OR4C9P	0.0
OR4D1	0.0
OR4D10	0.0
OR4D11	0.0
OR4D2	0.0
OR4D5	0.0
OR4D6	0.0
OR4D7P	0.0
OR4D8P	0.0
OR4D9	0.0
OR4E1	0.0
OR4E2	0.0
OR4F13P	0.0
OR4F14P	0.0
OR4F15	0.0
OR4F16	0.0
OR4F17	0.0
OR4F1P	0.0
OR4F21	0.0
OR4F28P	0.0
OR4F29	0.0
OR4F2P	0.0
OR4F3	0.0
OR4F4	0.0
OR4F5	0.0
OR4F6	0.0
OR4F7P	0.0
OR4F8BP	0.0
OR4F8P	0.0
OR4G11P	0.0
OR4G1P	0.0
OR4G2P	0.0
OR4G3P	0.0
OR4G4P	0.0
OR4G6P	0.0
OR4H12P	0.0
OR4H6BP	0.0
OR4H6P	0.0
OR4K1	0.5283208335737187
OR4K11P	0.0
OR4K12P	0.0
OR4K13	0.0
OR4K14	0.0
OR4K15	0.0
OR4K16P	0.0
OR4K17	0.0
OR4K2	0.0
OR4K3	0.0
OR4K4P	0.0
OR4K5	0.0
OR4K6P	0.0
OR4K7P	0.0
OR4K8P	0.0
OR4L1	0.0
OR4M1	0.0
OR4M2	0.0
OR4M2-OT1	0.0
OR4M2B	0.0
OR4N1P	0.0
OR4N2	0.0
OR4N3BP	0.0
OR4N3P	0.0
OR4N4	0.0
OR4N4C	0.0
OR4N5	0.0
OR4P1P	0.0
OR4P4	0.0
OR4Q1P	0.0
OR4Q2	0.0
OR4Q3	0.0
OR4R1P	0.0
OR4R2P	0.0
OR4R3P	0.0
OR4S1	0.0
OR4S2	0.0
OR4T1P	0.0
OR4U1P	0.0
OR4V1P	0.0
OR4W1P	0.0
OR4X1	0.0
OR4X2	0.0
OR4X7P	0.0
OR51A10P	0.0
OR51A1P	0.0
OR51A2	0.0
OR51A3P	0.0
OR51A4	0.0
OR51A5P	0.0
OR51A6P	0.0
OR51A7	0.0
OR51A8P	0.0
OR51A9P	0.0
OR51AB1P	0.0
OR51B2	0.0
OR51B3P	0.3333333333333333
OR51B4	0.3333333333333333
OR51B5	-0.7739760316291208
OR51B6	0.0
OR51B8P	0.0
OR51C1	0.0
OR51C4P	0.0
OR51D1	0.0
OR51E1	0.0
OR51E2	0.0
OR51F1	0.0
OR51F2	0.0
OR51F3P	0.0
OR51F4P	0.0
OR51F5P	0.0
OR51G1	0.0
OR51G2	0.0
OR51H1	0.0
OR51H2P	0.0
OR51I1	0.0
OR51I2	0.0
OR51J1	-0.3333333333333333
OR51K1P	0.0
OR51L1	0.3333333333333333
OR51M1	0.0
OR51N1P	0.0
OR51P1P	0.0
OR51Q1	0.0
OR51R1P	0.0
OR51S1	0.0
OR51T1	0.0
OR51V1	0.0
OR52A1	-0.3333333333333333
OR52A4P	0.0
OR52A5	0.0
OR52B1P	0.0
OR52B2	0.0
OR52B3P	0.0
OR52B4	0.3333333333333333
OR52B5P	0.0
OR52B6	0.0
OR52D1	0.0
OR52E1	0.0
OR52E2	0.0
OR52E3P	0.0
OR52E4	0.3333333333333333
OR52E5	0.0
OR52E6	0.0
OR52E7P	0.0
OR52E8	0.0
OR52H1	0.0
OR52H2P	0.0
OR52I1	0.0
OR52I2	0.0
OR52J1P	0.0
OR52J2P	0.0
OR52J3	0.3333333333333333
OR52K1	0.0
OR52K2	0.0
OR52K3P	0.0
OR52L1	0.0
OR52L2P	0.0
OR52M1	0.0
OR52M2P	0.0
OR52N1	0.0
OR52N2	0.0
OR52N3P	0.0
OR52N4	-0.5283208335737187
OR52N5	0.0
OR52P1	0.0
OR52P2P	0.0
OR52Q1P	0.0
OR52R1	0.0
OR52S1P	0.0
OR52T1P	0.0
OR52U1P	0.0
OR52V1P	0.0
OR52W1	0.0
OR52X1P	0.0
OR52Y1P	0.0
OR52Z1	0.0
OR55B1P	0.0
OR56A1	0.0
OR56A3	0.0
OR56A4	0.0
OR56A5	0.0
OR56A7P	0.0
OR56B1	0.0
OR56B2	0.0
OR56B3P	0.0
OR56B4	0.0
OR5A1	0.0
OR5A2	0.0
OR5AC1	0.0
OR5AC2	0.0
OR5AC4P	0.0
OR5AH1P	0.0
OR5AK1P	0.0
OR5AK2	0.0
OR5AK3P	0.0
OR5AK4P	0.0
OR5AL1	0.0
OR5AL2P	0.0
OR5AM1P	0.0
OR5AN1	0.0
OR5AN2P	0.0
OR5AO1P	0.0
OR5AP1P	0.0
OR5AP2	0.0
OR5AQ1P	0.0
OR5AR1	0.0
OR5AS1	-0.3333333333333333
OR5AU1	0.0
OR5AW1P	0.0
OR5AZ1P	0.0
OR5B10P	0.0
OR5B12	0.0
OR5B15P	0.0
OR5B17	0.0
OR5B19P	0.0
OR5B1P	0.0
OR5B2	0.0
OR5B21	-0.3333333333333333
OR5B3	0.0
OR5BA1P	0.0
OR5BB1P	0.0
OR5BC1P	0.0
OR5BD1P	0.0
OR5BE1P	0.0
OR5BH1P	0.0
OR5BJ1P	0.0
OR5BK1P	0.0
OR5BL1P	0.0
OR5BM1P	0.0
OR5BN1P	0.0
OR5BN2P	0.0
OR5BP1P	0.0
OR5BQ1P	0.0
OR5BR1P	0.0
OR5BS1	0.0
OR5BT1P	0.0
OR5C1	0.0
OR5D13	0.0
OR5D14	0.0
OR5D15P	0.0
OR5D16	0.0
OR5D17P	0.0
OR5D18	0.0
OR5D2P	0.0
OR5D3	0.0
OR5E1P	0.0
OR5F1	0.0
OR5F2P	0.0
OR5G1P	0.0
OR5G3	0.0
OR5G4P	0.0
OR5G5P	0.0
OR5H1	0.0
OR5H14	0.0
OR5H15	0.0
OR5H2	0.0
OR5H3P	0.0
OR5H4P	0.0
OR5H5P	0.0
OR5H6	0.0
OR5H7P	0.0
OR5H8	0.0
OR5I1	0.0
OR5J1P	0.0
OR5J2	0.0
OR5J7P	0.0
OR5K1	0.0
OR5K2	0.0
OR5K3	-0.3333333333333333
OR5K4	0.0
OR5L1	0.0
OR5L2	0.3333333333333333
OR5M1	0.0
OR5M10	0.0
OR5M11	0.0
OR5M12P	0.0
OR5M13P	0.0
OR5M14P	0.0
OR5M2P	0.0
OR5M3	0.0
OR5M4P	0.0
OR5M5P	0.0
OR5M6P	0.0
OR5M7P	0.0
OR5M8	0.0
OR5M9	0.0
OR5P1P	0.0
OR5P2	0.0
OR5P3	0.0
OR5P4P	0.0
OR5S1P	0.0
OR5T1	0.0
OR5T2	0.3333333333333333
OR5T3	0.0
OR5V1	0.0
OR5W1P	0.0
OR5W2	0.0
OR6A2	0.0
OR6B1	0.0
OR6B2	0.0
OR6B3	0.0
OR6C1	0.0
OR6C2	0.0
OR6C3	0.0
OR6C4	0.0
OR6C5P	0.0
OR6C6	0.0
OR6C64P	0.0
OR6C65	0.0
OR6C66P	0.0
OR6C68	0.0
OR6C69P	0.0
OR6C70	0.0
OR6C71P	0.0
OR6C72P	0.0
OR6C73P	0.0
OR6C74	0.0
OR6C75	0.0
OR6C76	0.0
OR6C7P	0.0
OR6D1P	0.0
OR6E1P	0.0
OR6F1	0.0
OR6J1	0.0
OR6K1P	0.0
OR6K2	0.0
OR6K3	0.0
OR6K4P	0.0
OR6K5P	0.0
OR6K6	0.0
OR6L1P	0.0
OR6L2P	0.3333333333333333
OR6M1	0.0
OR6M2P	0.0
OR6M3P	0.0
OR6N1	0.0
OR6N2	0.0
OR6P1	0.0
OR6Q1	0.0
OR6R1P	0.0
OR6R2P	0.0
OR6S1	0.0
OR6T1	0.0
OR6U2P	0.0
OR6V1	0.0
OR6W1P	0.0
OR6X1	0.0
OR6Y1	0.0
OR7A10	0.0
OR7A11P	0.0
OR7A15P	0.0
OR7A17	0.0
OR7A18P	0.0
OR7A19P	0.0
OR7A1P	0.0
OR7A2P	0.0
OR7A3P	0.0
OR7A5	0.0
OR7A8P	0.0
OR7C1	0.0
OR7C2	0.0
OR7D1P	0.0
OR7D2	0.0
OR7D4	0.0
OR7E100P	-0.3333333333333333
OR7E101P	0.0
OR7E102P	0.0
OR7E103P	0.0
OR7E104P	-0.5283208335737187
OR7E105P	0.0
OR7E106P	0.0
OR7E108P	0.0
OR7E109P	0.0
OR7E10P	0.0
OR7E110P	0.0
OR7E111FP	0.0
OR7E111P	0.0
OR7E115P	0.0
OR7E116P	0.0
OR7E117P	0.0
OR7E11P	0.0
OR7E121P	0.0
OR7E122P	0.0
OR7E125P	0.0
OR7E126P	0.33333333333333337
OR7E128P	-0.2456551980554018
OR7E129P	0.0
OR7E12P	0.0
OR7E130P	0.0
OR7E136P	0.0
OR7E13P	0.0
OR7E140P	0.0
OR7E145P	0.0
OR7E148P	0.0
OR7E149P	0.0
OR7E14P	-0.3703437707962478
OR7E154P	0.0
OR7E155P	0.0
OR7E156P	0.0
OR7E157P	0.0
OR7E158P	0.0
OR7E159P	0.0
OR7E15P	0.0
OR7E161P	0.0
OR7E162P	0.0
OR7E163P	0.0
OR7E16P	0.0
OR7E18P	0.0
OR7E19P	0.0
OR7E1P	0.0
OR7E21P	0.0
OR7E22P	0.0
OR7E23P	0.0
OR7E24	0.0
OR7E25P	0.3333333333333333
OR7E26P	0.0
OR7E28P	0.0
OR7E29P	0.0
OR7E2P	0.0
OR7E31P	0.0
OR7E33P	0.0
OR7E35P	0.0
OR7E36P	0.0
OR7E37P	0.0
OR7E38P	0.1383458330929479
OR7E39P	0.0
OR7E41P	0.0
OR7E43P	0.0
OR7E46P	0.0
OR7E47P	-0.3333333333333333
OR7E4P	0.0
OR7E53P	0.0
OR7E55P	0.0
OR7E59P	0.0
OR7E5P	0.0
OR7E62P	0.0
OR7E66P	0.0
OR7E7P	0.3333333333333333
OR7E83P	0.0
OR7E84P	0.0
OR7E85BP	0.0
OR7E85P	0.0
OR7E86P	0.0
OR7E87P	0.0
OR7E89P	-0.3333333333333333
OR7E8P	0.0
OR7E90P	0.0
OR7E91P	0.0
OR7E93P	0.0
OR7E94P	0.0
OR7E96P	0.0
OR7E97P	0.0
OR7E99P	0.0
OR7G1	0.3333333333333333
OR7G15P	0.0
OR7G2	0.0
OR7G3	0.0
OR7H1P	0.0
OR7H2P	0.0
OR7K1P	0.0
OR7L1P	0.0
OR7M1P	0.0
OR8A1	0.0
OR8A2P	0.0
OR8A3P	0.0
OR8B10P	0.0
OR8B12	0.0
OR8B1P	0.0
OR8B2	0.0
OR8B3	0.0
OR8B4	0.0
OR8B5P	0.0
OR8B6P	0.0
OR8B7P	0.0
OR8B8	0.0
OR8B9P	0.0
OR8C1P	0.0
OR8D1	0.0
OR8D2	0.0
OR8D4	0.0
OR8F1P	0.0
OR8G1	0.0
OR8G2P	0.0
OR8G3	0.0
OR8G5	0.0
OR8G7P	0.0
OR8H1	0.0
OR8H2	0.0
OR8H3	0.0
OR8I1P	0.0
OR8I2	0.0
OR8I4P	0.0
OR8J1	0.0
OR8J2	0.0
OR8J3	0.0
OR8K1	0.0
OR8K2P	0.0
OR8K3	0.0
OR8K4P	0.0
OR8K5	0.0
OR8L1P	0.0
OR8Q1P	0.0
OR8R1P	0.0
OR8S1	0.0
OR8S21P	0.0
OR8T1P	0.0
OR8U1	0.0
OR8U3	0.0
OR8V1P	0.0
OR8X1P	0.0
OR9A1P	0.0
OR9A2	0.0
OR9A3P	-0.3333333333333333
OR9A4	0.0
OR9G1	0.0
OR9G2P	0.0
OR9G3P	0.0
OR9G4	0.0
OR9H1	0.0
OR9I1	0.0
OR9I2P	0.0
OR9I3P	0.0
OR9K1P	0.0
OR9K2	0.0
OR9L1P	0.0
OR9M1P	0.0
OR9N1P	0.0
OR9P1P	0.0
OR9Q1	0.3333333333333333
OR9Q2	-0.3333333333333333
OR9R1P	0.0
OR9S24P	0.0
ORAI1	0.7810282488279761
ORAI2	-0.886163845381041
ORAI3	0.31678974409179883
ORC1	-0.23465017897941376
ORC1P1	0.0
ORC2	-0.2775025314646715
ORC3	0.0004625279792920267
ORC4	0.6302369117630553
ORC5	0.3853904442537468
ORC6	-0.22373942544726155
ORM1	-1.3948100145951123
ORM2	-1.482437099016816
ORMDL1	0.36680499859512494
ORMDL1P1	0.0
ORMDL2	1.9546072912388772
ORMDL3	0.199732799884341
OS9	0.20383342279480932
OS9-AS1	0.0
OSBP	0.14907287381640622
OSBP2	-2.3464108047475576
OSBPL10	0.5418167809662302
OSBPL10-AS1	0.6666666666666666
OSBPL11	0.6642271382355265
OSBPL1A	0.6666666666666667
OSBPL2	0.33004109423442696
OSBPL3	-0.35836299907281344
OSBPL5	-0.3333333333333333
OSBPL6	1.0566416671474375
OSBPL7	1.1284300519615966
OSBPL8	0.5694144987604481
OSBPL9	0.26123310049360704
OSBPL9P1	0.0
OSBPL9P2	0.0
OSBPL9P3	0.0
OSBPL9P4	0.0
OSBPL9P5	0.0
OSCAR	0.3333333333333333
OSCP1	0.33333333333333326
OSER1	0.2326544798572927
OSER1-DT	0.9617858113529589
OSGEP	0.1980025467747213
OSGEPL1	0.7822030536917337
OSGEPL1-AS1	0.06421502598079876
OSGIN1	2.637236305443868
OSGIN2	-0.10304913578222852
OSM	0.0
OSMR	-0.08219678970959077
OSR1	-1.7974391409262538
OSR2	-0.17749836027567367
OST4	0.5524272942650024
OSTC	-0.15568456715630674
OSTCP1	0.0
OSTCP2	-0.3333333333333333
OSTCP3	0.0
OSTCP4	0.3333333333333333
OSTCP5	0.0
OSTCP6	0.0
OSTCP8	0.7739760316291208
OSTF1	0.5031435943135616
OSTF1P1	0.0
OSTM1	0.6411059585827203
OSTM1-AS1	0.0
OSTN	0.0
OSTN-AS1	0.0
OTC	-1.6356301985361725
OTOA	-1.1949875002403854
OTOAP1	0.1383458330929479
OTOF	-0.8050124997596145
OTOG	0.0
OTOGL	0.3333333333333333
OTOL1	0.3333333333333333
OTOP1	0.0
OTOP1P1	0.0
OTOP2	0.0
OTOP3	0.0
OTOR	0.0
OTOS	0.0
OTP	0.0
OTUB1	0.12244811314573667
OTUB2	-0.1715243909432531
OTUD1	1.2146187299249078
OTUD3	0.18144017207460372
OTUD4	-0.21147422721773967
OTUD4P1	0.0
OTUD5	0.36866071219235685
OTUD6A	0.0
OTUD6B	-0.1764394509615217
OTUD6B-AS1	-0.5854189775916554
OTUD7A	1.1949875002403854
OTUD7B	0.46335895053134113
OTULIN	-0.18654174839169269
OTULIN-DT	0.33333333333333326
OTULINL	1.6220828703703911
OTX1	-0.845811376879523
OTX2	0.0
OTX2-AS1	0.0
OTX2P1	0.0
OTX2P2	0.0
OVAAL	-0.8616541669070521
OVCA2	0.0
OVCH1	0.3333333333333333
OVCH1-AS1	1.4972843654432246
OVCH2	0.0
OVGP1	-1.2408220081570307
OVOL1	0.3333333333333333
OVOL1-AS1	0.0
OVOL2	0.0
OVOL3	-0.3333333333333333
OVOS1P	1.0663571157006095
OVOS2P	-0.3333333333333333
OXA1L	0.1743830082417226
OXA1L-DT	-0.861654166907052
OXCT1	-2.6504282383223243
OXCT1-AS1	0.3333333333333333
OXCT2	-0.3333333333333333
OXCT2P1	0.0
OXER1	0.00801515798888408
OXGR1	0.0
OXLD1	0.3216546273176082
OXNAD1	-0.3827029436153788
OXR1	0.2761937790347293
OXR1-AS1	0.0
OXSM	-0.21375054385590087
OXSR1	-0.22279006714898397
OXT	0.0
OXTR	-0.9357849740192012
P2RX1	0.0
P2RX2	0.3333333333333333
P2RX3	-0.7739760316291208
P2RX4	1.1150760608703978
P2RX5	-0.19498750024038541
P2RX5-TAX1BP3	-0.3791678412499788
P2RX6	-0.3333333333333333
P2RX6P	0.0
P2RX7	0.0
P2RY1	0.0
P2RY10	0.0
P2RY10BP	0.0
P2RY11	-2.107309364962454
P2RY12	0.0
P2RY13	0.0
P2RY14	0.0
P2RY2	-1.3049879653813998
P2RY4	0.0
P2RY6	-1.1949875002403854
P2RY8	0.0
P3H1	0.43201314812699376
P3H2	0.0
P3H2-AS1	0.0
P3H3	-0.635938392840206
P3H4	-0.9317058792851469
P3R3URF	0.0
P3R3URF-PIK3R3	0.0
P4HA1	0.5632987878366453
P4HA2	0.13976808432396215
P4HA2-AS1	-0.19498750024038541
P4HA3	1.107309364962454
P4HA3-AS1	0.0
P4HB	0.00014068954717316728
P4HB-AS1	0.0
P4HTM	0.19498750024038536
PA2G4	-0.32362314692884375
PA2G4P1	0.0
PA2G4P2	-0.3333333333333333
PA2G4P3	0.0
PA2G4P4	0.3333333333333333
PA2G4P5	0.0
PA2G4P6	0.0
PAAF1	-0.31621770666659366
PABIR1	0.6909877571850749
PABIR2	0.3043547877429065
PABIR3	0.3333333333333335
PABPC1	0.11424182809124872
PABPC1L	0.7485963418059756
PABPC1L2A	0.0
PABPC1L2B	0.0
PABPC1L2B-AS1	0.0
PABPC1P1	-0.6666666666666665
PABPC1P10	0.0
PABPC1P11	0.0
PABPC1P12	0.0
PABPC1P13	0.0
PABPC1P2	0.0
PABPC1P3	1.0
PABPC1P4	0.5283208335737187
PABPC1P5	0.0
PABPC1P6	0.0
PABPC1P7	0.3333333333333333
PABPC1P8	0.0
PABPC1P9	0.0
PABPC3	0.1383458330929479
PABPC4	0.21222525406676063
PABPC4-AS1	0.6920343263619309
PABPC4L	0.0
PABPC5	0.0
PABPC5-AS1	0.0
PABPN1	-0.0572583783431968
PABPN1L	-0.19498750024038541
PABPN1P1	0.3333333333333333
PABPN1P2	0.0
PACC1	-0.024552347241769468
PACERR	0.0
PACRG	0.0
PACRG-AS1	0.0
PACRG-AS2	0.0
PACRG-AS3	0.0
PACRGL	-0.10230026575640938
PACS1	0.3531849154609912
PACS2	0.10695170114798191
PACSIN1	0.0
PACSIN2	0.011381777947699234
PACSIN3	-0.42235102853285245
PADI1	0.0
PADI2	0.0
PADI3	0.3333333333333333
PADI4	0.0
PADI6	0.0
PAEP	-0.19498750024038541
PAEPP1	0.3333333333333333
PAF1	-0.1387636422825338
PAFAH1B1	0.2793565540408993
PAFAH1B1P1	-1.0566416671474375
PAFAH1B1P2	-0.44064269829578745
PAFAH1B2	0.3707020836735069
PAFAH1B2P1	0.3333333333333333
PAFAH1B2P2	0.0
PAFAH1B3	-0.07272672334984387
PAFAH2	-0.5971830729279475
PAG1	2.100016331608883
PAGE1	0.3333333333333333
PAGE2	0.0
PAGE2B	0.0
PAGE3	0.0
PAGE4	0.0
PAGE4P1	0.0
PAGE5	0.0
PAGR1	0.11367897261168913
PAH	-1.0822693643685817
PAICS	-0.6627941053084783
PAICSP1	1.0566416671474375
PAICSP2	0.0
PAICSP3	0.0
PAICSP4	-0.6666666666666666
PAICSP5	0.0
PAICSP6	0.0
PAICSP7	0.0
PAIP1	-0.22945807081899972
PAIP1P1	0.8246437294441373
PAIP1P2	-0.19752522827701124
PAIP2	0.7034454190961048
PAIP2B	1.3899750004807707
PAK1	-1.9977404891229793
PAK1IP1	-0.35603087530001076
PAK2	-0.3601913348726935
PAK3	0.0
PAK4	0.1436637699211003
PAK4-AS1	0.0
PAK5	0.0
PAK6	0.0
PAK6-AS1	0.0
PALB2	0.01085880853276322
PALB2-AS1	0.5789885313887353
PALD1	0.0
PALLD	0.9460623752543151
PALLD-AS1	0.0
PALM	-0.6482861486025135
PALM2AKAP2	0.0
PALM2AKAP2-AS1	0.0
PALM3	-2.3022968652028393
PALMD	-2.9804826058816287
PALS1	0.2041110931077661
PALS2	-0.07198835805864157
PAM	-0.6331961804098603
PAM16	0.1618089423900808
PAMR1	0.0
PAN2	0.5904585416506798
PAN3	0.15767244182611684
PAN3-AS1	0.2766916661858958
PANCR	0.0
PANDAR	0.0
PANK1	-0.27340158484454236
PANK1-AS1	0.3333333333333333
PANK2	-0.07441133495648256
PANK2-AS1	-0.03849240580664581
PANK3	0.5174608816047197
PANK3P1	0.38997500048077083
PANK4	0.13216718261380578
PANTR1	0.0
PANX1	-0.07223051786739276
PANX2	-1.3899750004807707
PANX3	0.0
PAOX	-0.19498750024038541
PAPLN	0.1383458330929479
PAPLN-AS1	0.0
PAPLN-AS2	1.1949875002403854
PAPOLA	0.02587055791645021
PAPOLA-DT	-0.5371449040274485
PAPOLB	0.3333333333333333
PAPOLG	0.587503066661224
PAPPA	0.0
PAPPA-AS1	0.0
PAPPA-AS2	0.0
PAPPA2	0.3333333333333333
PAPSS1	0.009123533277010765
PAPSS2	0.6666666666666666
PAQR3	0.5827560810772354
PAQR4	-0.12979922604024807
PAQR5	1.0
PAQR5-DT	0.0
PAQR6	1.2516291673878228
PAQR7	-0.7600359730642454
PAQR8	-0.5868948047778604
PAQR9	0.0
PAQR9-AS1	-0.3333333333333333
PARAIL	0.17430051086296894
PARAL1	0.0
PARD3	-0.3240356557791513
PARD3-DT	0.6666666666666667
PARD3B	-0.05664166714743746
PARD6A	0.25432026756638315
PARD6B	0.45659194452838925
PARD6BP1	0.2516291673878226
PARD6G	-0.8866462200783447
PARD6G-AS1	0.0
PARG	0.125224347320394
PARGP1	-0.02466686048125899
PARK7	0.5155278559107925
PARK7P1	0.0
PARK7P2	0.0
PARL	-0.43514938702133543
PARLP1	0.7739760316291209
PARLP2	-0.8246437294441373
PARM1	-0.3333333333333333
PARM1-AS1	0.0
PARN	0.40481807135314973
PARP1	0.05656832847426063
PARP10	-1.3095695686047373
PARP11	0.771669560315857
PARP11-AS1	-0.46410580759291986
PARP12	-1.3401488416340204
PARP14	-1.99874912732772
PARP15	0.0
PARP16	1.4935528367537279
PARP1P1	-0.38997500048077083
PARP1P2	0.0
PARP2	-0.42563742851244335
PARP3	0.10730936496245391
PARP4	0.04207484136242812
PARP4P1	-0.5283208335737187
PARP4P2	0.0
PARP4P3	0.0
PARP6	0.3333333333333333
PARP8	-0.3333333333333333
PARP9	-1.7379214482578647
PARPBP	-0.12224404300693692
PARS2	1.019631229684523
PART1	-2.0947816373597354
PARVA	0.3056272964289857
PARVB	-0.7739760316291209
PARVG	0.0
PASD1	0.5283208335737187
PASK	-0.03841489624086858
PATE1	0.0
PATE2	0.0
PATE3	0.0
PATE4	0.3333333333333333
PATJ	-0.3677626028040075
PATJ-DT	-0.3333333333333333
PATL1	0.31551784252471915
PATL1-DT	0.0
PATL2	-1.5283208335737188
PATZ1	-0.11377881901630715
PAUPAR	0.0
PAWR	0.2660531655065794
PAWRP1	0.0
PAWRP2	0.0
PAX1	0.0
PAX2	0.3333333333333333
PAX3	0.0
PAX4	0.0
PAX5	0.3333333333333333
PAX6	-1.1949875002403854
PAX7	0.0
PAX8	-0.5397676518052292
PAX8-AS1	0.0
PAX9	-0.47167916642628127
PAXBP1	0.33537578108358623
PAXBP1-AS1	-0.22602396837087912
PAXBP1P1	0.0
PAXIP1	-0.10859402188359546
PAXIP1-AS2	1.3310378714715863
PAXIP1-DT	0.4157648712189266
PBDC1	-0.34052755438801174
PBK	-0.5804399260055515
PBLD	0.24613585611337063
PBOV1	0.0
PBRM1	0.503472076527343
PBX1	-0.5283208335737187
PBX1-AS1	0.0
PBX2	-1.1466031541815518
PBX2P1	-0.3333333333333333
PBX3	1.4446335788511457
PBX3-DT	0.6666666666666666
PBX4	0.0
PBX4-AS1	0.0
PBXIP1	-0.08361807139201805
PC	0.38218795621693946
PCA3	0.0
PCARE	0.0
PCAT1	-0.3333333333333333
PCAT18	0.0
PCAT19	0.3333333333333333
PCAT2	-3.982155899556399
PCAT4	0.0
PCAT5	0.0
PCAT6	-0.138345833092948
PCAT7	0.39754835931413224
PCBD1	0.10157160326597925
PCBD2	-0.41267417260857364
PCBP1	-0.32585445243314126
PCBP1-AS1	-1.2333007039688324
PCBP2	0.4877402212451889
PCBP2-OT1	0.19498750024038536
PCBP2P1	0.19498750024038536
PCBP2P2	1.0
PCBP2P3	0.0
PCBP2P4	0.6666666666666666
PCBP3	0.0
PCBP3-AS1	0.0
PCBP4	0.35727169557300975
PCCA	0.11435752132987886
PCCA-DT	0.3842838293611237
PCCB	0.454835253968529
PCDH1	0.19498750024038536
PCDH10	0.0
PCDH10-DT	0.0
PCDH11X	0.3333333333333333
PCDH11Y	0.0
PCDH12	0.6590933078333054
PCDH15	0.0
PCDH17	0.0
PCDH18	0.3333333333333333
PCDH19	0.3333333333333333
PCDH20	0.0
PCDH7	0.0
PCDH8	0.0
PCDH8P1	0.0
PCDH9	0.9999999999999999
PCDH9-AS1	0.0
PCDH9-AS2	0.0
PCDH9-AS3	0.0
PCDHA1	0.0
PCDHA10	0.0
PCDHA11	0.0
PCDHA12	0.0
PCDHA13	0.0
PCDHA14	0.0
PCDHA2	0.0
PCDHA3	-0.3333333333333333
PCDHA4	0.0
PCDHA5	0.0
PCDHA6	0.0
PCDHA7	-0.3333333333333333
PCDHA8	-0.861654166907052
PCDHA9	0.0
PCDHAC1	-0.19498750024038541
PCDHAC2	0.0
PCDHB1	0.3333333333333333
PCDHB1-AS1	0.0
PCDHB10	0.0
PCDHB11	0.0
PCDHB12	-0.3333333333333333
PCDHB13	-1.7974391409262533
PCDHB14	-0.9123218647220686
PCDHB15	-0.5283208335737187
PCDHB16	-2.283916347138686
PCDHB17P	0.0
PCDHB18P	0.3333333333333333
PCDHB19P	0.0
PCDHB2	-1.5543216709074765
PCDHB3	0.861654166907052
PCDHB4	0.0
PCDHB5	0.0
PCDHB6	0.0
PCDHB7	0.0
PCDHB8	-2.483737037277443
PCDHB9	0.0
PCDHGA1	0.3333333333333333
PCDHGA10	0.3333333333333333
PCDHGA11	0.19498750024038541
PCDHGA12	0.0
PCDHGA2	0.0
PCDHGA3	0.0
PCDHGA4	-1.4406426982957874
PCDHGA5	-0.9689635318695062
PCDHGA6	0.0
PCDHGA7	-1.0
PCDHGA8	0.33333333333333337
PCDHGA9	-0.2691183073525347
PCDHGB1	-0.1383458330929479
PCDHGB2	-0.24565519805540204
PCDHGB3	-0.6356301985361729
PCDHGB4	0.6968675162603031
PCDHGB5	0.861654166907052
PCDHGB6	-0.33333333333333337
PCDHGB7	-0.38997500048077083
PCDHGB8P	-0.3333333333333333
PCDHGB9P	0.3333333333333333
PCDHGC3	-0.5283208335737187
PCDHGC4	0.0
PCDHGC5	-0.3333333333333333
PCED1A	0.2402850958336975
PCED1B	-0.7739760316291208
PCED1B-AS1	0.0
PCED1CP	0.0
PCF11	0.5286921817553436
PCF11-AS1	0.0
PCGEM1	0.0
PCGF1	0.48822275566781403
PCGF2	-1.3014383095684803
PCGF3	-0.06148158634549805
PCGF3-AS1	-0.4986524982208036
PCGF3-AS2	-0.861654166907052
PCGF5	-0.3936152188476214
PCGF6	-0.457900581537138
PCGF7P	0.0
PCHILR	0.861654166907052
PCID2	0.36451608306845884
PCIF1	-0.07413189065214443
PCK1	-0.38400103114834994
PCK2	-0.5660901036988326
PCLAF	-0.21600489041881943
PCLO	0.1383458330929479
PCM1	0.35333808772903197
PCMT1	0.40522165973620794
PCMTD1	1.0007965851530924
PCMTD1-DT	0.6109633380549138
PCMTD1P1	0.0
PCMTD1P2	0.3333333333333333
PCMTD1P3	0.0
PCMTD1P7	0.0
PCMTD2	0.7144936978861667
PCNA	0.26685964914791604
PCNAP1	-0.3333333333333333
PCNAP3	0.0
PCNAP4	0.0
PCNP	-0.7231252390671887
PCNPP1	0.861654166907052
PCNPP2	0.0
PCNPP3	0.0
PCNPP4	0.0
PCNPP5	0.138345833092948
PCNT	0.13674016099368913
PCNX1	0.39814894270844725
PCNX2	0.0
PCNX3	-0.08956540624188136
PCNX4	0.3035290766819143
PCNX4-DT	0.3333333333333333
PCOLCE	-0.5458099735384305
PCOLCE-AS1	0.0
PCOLCE2	0.19498750024038536
PCOTH	0.0
PCP2	0.3333333333333333
PCP4	0.0
PCP4L1	1.0
PCSEAT	0.0
PCSK1	0.33333333333333337
PCSK1N	0.5935490318532075
PCSK2	0.0
PCSK4	-0.1383458330929479
PCSK5	0.36718589037870775
PCSK6	0.21912651676106343
PCSK6-AS1	-0.3333333333333333
PCSK7	1.2145163615161279
PCSK9	-0.6998312982984087
PCTP	0.15834707048535002
PCYOX1	0.5270030018479179
PCYOX1L	1.2976949320278295
PCYT1A	0.22004056112396952
PCYT1B	-4.670954853575815
PCYT1B-AS1	0.0
PCYT2	-0.08897100610079534
PDAP1	0.09794812001550657
PDAP1P1	0.0
PDAP1P2	0.0
PDAP1P3	0.0
PDC	0.0
PDC-AS1	-0.3333333333333333
PDCD1	1.1949875002403854
PDCD10	0.5967238179445689
PDCD11	-0.14017716458096707
PDCD1LG2	0.0
PDCD2	0.21785833820987932
PDCD2L	-0.254957196912029
PDCD2P1	0.0
PDCD2P2	0.0
PDCD4	0.27515476753644474
PDCD4-AS1	1.0458345079166456
PDCD5	-0.4643082484912844
PDCD5P1	0.0
PDCD5P2	0.0
PDCD6	0.5226638323806565
PDCD6-DT	1.1949875002403854
PDCD6IP	0.7126131536782383
PDCD6IP-DT	1.46410580759292
PDCD6IPP1	0.0
PDCD6IPP2	1.0101961066111413
PDCD6P1	-0.28498322239890506
PDCD7	0.17741931065817518
PDCL	0.175509392222283
PDCL2	0.0
PDCL2P1	0.0
PDCL2P2	0.0
PDCL3	-0.061955515103777614
PDCL3P1	0.0
PDCL3P2	0.0
PDCL3P3	0.0
PDCL3P4	-0.5283208335737187
PDCL3P5	0.0
PDCL3P6	-0.3333333333333333
PDCL3P7	0.0
PDE10A	0.0
PDE11A	-0.2788337559057057
PDE11A-AS1	0.3333333333333333
PDE12	0.285095730092193
PDE1A	-0.6666666666666666
PDE1B	0.0
PDE1C	0.0
PDE2A	-0.3333333333333333
PDE2A-AS1	0.0
PDE2A-AS2	0.0
PDE3A	-3.0247138209175017
PDE3A-AS1	0.0
PDE3B	0.17106154360534553
PDE4A	-0.7748340128503961
PDE4B	0.3333333333333333
PDE4B-AS1	0.0
PDE4C	0.0
PDE4D	-0.6576286020623536
PDE4D-AS1	0.0
PDE4DIP	0.7450196110575362
PDE4DIPP1	0.0
PDE4DIPP10	0.0
PDE4DIPP2	0.06136102147965694
PDE4DIPP3	0.0
PDE4DIPP4	0.0
PDE4DIPP5	0.0
PDE4DIPP6	-0.4406426982957874
PDE4DIPP7	0.0
PDE4DIPP8	0.0
PDE4DIPP9	0.0
PDE5A	-0.3409870494811038
PDE6A	0.3333333333333333
PDE6B	0.5283208335737187
PDE6B-AS1	0.0
PDE6C	-0.861654166907052
PDE6D	2.4626370695757496
PDE6G	0.7739760316291208
PDE6H	0.0
PDE7A	0.5140023119396933
PDE7A-DT	-0.5283208335737187
PDE7B	0.0
PDE7B-AS1	0.861654166907052
PDE8A	-0.006495038723098645
PDE8B	0.9182958340544896
PDE9A	-0.37428558259517786
PDE9A-AS1	0.5283208335737187
PDF	0.12299349502583645
PDGFA	0.43318676061963624
PDGFA-DT	0.5283208335737187
PDGFB	-1.1208566931282355
PDGFC	-0.4861311893643183
PDGFD	0.2691183073525345
PDGFDDN	0.0
PDGFRA	-1.1814401720746033
PDGFRB	-2.018778883957731
PDGFRL	0.6391792799360099
PDGFRL2P	0.0
PDHA1	-0.018099079733811863
PDHA1P1	0.19498750024038541
PDHA2	0.0
PDHB	0.5697143085100214
PDHX	-0.2475590219916235
PDIA2	-1.3899750004807707
PDIA3	-0.3479840898299562
PDIA3P1	-0.5094596574515964
PDIA3P2	0.0
PDIA4	-0.06148962548427761
PDIA5	0.14700016800069715
PDIA6	-0.30499428318463906
PDIK1L	-0.4581587819980859
PDILT	0.0
PDILT-AS1	-0.3333333333333333
PDK1	-0.5692960107913523
PDK1P1	0.0
PDK1P2	0.0
PDK2	-0.6558595074358751
PDK2-AS1	-1.742939563498627
PDK3	0.2952163732742026
PDK4	0.0
PDK4-AS1	0.0
PDLIM1	-0.3585531870244614
PDLIM1P1	0.0
PDLIM1P2	0.0
PDLIM1P3	0.0
PDLIM1P4	-0.5283208335737187
PDLIM2	-0.9159513034363136
PDLIM3	0.5800802420663569
PDLIM4	-0.10730936496245391
PDLIM5	0.4444039022287889
PDLIM7	1.7910042142830793
PDLIM7-AS1	0.5283208335737186
PDP1	-0.4258446585096354
PDP2	0.12816675361040364
PDPK1	-0.44905216709461904
PDPK2P	-0.15797706277747103
PDPN	0.0
PDPR	0.4112351579695481
PDPR2P	0.6865782218309802
PDRG1	0.46817948793508
PDS5A	-0.13386083653927372
PDS5B	0.054206560807525506
PDSS1	-0.08552746659001009
PDSS1P1	1.0566416671474375
PDSS1P2	0.3333333333333333
PDSS2	-0.6864712659427914
PDX1	0.0
PDXDC1	-0.36902281182242724
PDXDC2P	0.22602396837087912
PDXDC2P-NPIPB14P	-0.12085669312823599
PDXK	0.2053864174721287
PDXP	-0.2510927497672699
PDXP-DT	-0.08767813527793122
PDYN	0.0
PDYN-AS1	0.0
PDZD11	0.9712640825757246
PDZD2	0.7286221817704446
PDZD4	0.0
PDZD7	0.723308333814104
PDZD8	0.17461832405252586
PDZD9	1.0566416671474375
PDZK1	-2.4623736320102823
PDZK1IP1	-1.0566416671474375
PDZK1P1	0.2592025262211839
PDZPH1P	0.0
PDZRN3	0.0
PDZRN3-AS1	0.0
PDZRN4	0.0
PDZRN4-AS1	0.0
PEA15	0.696466713891911
PEA15-AS1	0.05066769781501668
PEAK1	0.5146550429496548
PEAK3	0.19498750024038541
PEAR1	-0.3333333333333333
PEBP1	-0.1702018074366265
PEBP1P1	0.0
PEBP1P2	1.3899750004807707
PEBP1P3	0.0
PEBP4	0.0
PEBP4-AS1	0.0
PECAM1	-0.8926906350375463
PECR	-0.05215913847772846
PEDS1	0.7036510045205038
PEDS1-UBE2V1	0.0
PEF1	-0.18440300680318256
PEF1-AS1	-1.1639510321098911
PEG10	1.66885308562067
PEG13	-0.4028400822516298
PEG3	-0.36993075468238246
PELATON	0.0
PELI1	0.7802623740462264
PELI2	0.0
PELI3	0.5960849409543529
PELO	-0.11562029934511031
PELO-AS1	0.0
PELP1	-0.021156637983868798
PELP1-DT	0.5283208335737186
PEMT	-1.2311623191664411
PENK	0.0
PENK-AS1	0.0
PEPD	0.3991791924124257
PER1	0.05066769781501668
PER2	-0.050697216338823736
PER3	0.07603747183708975
PER3P1	0.0
PERCC1	0.0
PERM1	0.3333333333333333
PERP	0.13129973987514454
PERPP1	0.0
PERPP2	0.0
PERPP3	0.3333333333333333
PES1	-0.31993535108071214
PES1-AS1	0.3333333333333333
PES1P1	0.0
PES1P2	0.0
PET100	-0.5789885313887353
PET100P1	0.0
PET117	-1.1949875002403854
PEX1	0.7300051641935932
PEX10	-0.7081125126514793
PEX11A	-0.732646459203969
PEX11B	0.44649536055183425
PEX11G	-0.3333333333333333
PEX12	0.17639157417846985
PEX12P1	0.0
PEX13	0.11777105659144915
PEX14	-0.030735058940456028
PEX16	0.5213100211243287
PEX19	0.15642940776525194
PEX2	0.11290262783581806
PEX26	-0.3548702784520579
PEX3	0.3666523868998697
PEX39	1.2477972877752133
PEX5	-0.07694775038156365
PEX5L	0.19498750024038541
PEX5L-AS1	0.0
PEX5L-AS2	0.0
PEX6	0.33958993467328025
PEX7	-0.3333333333333333
PF4	0.0
PF4V1	0.0
PFAS	-0.7804892366416958
PFDN1	-0.22743724748620142
PFDN1P1	-0.861654166907052
PFDN1P2	0.0
PFDN2	-0.4426123994960669
PFDN4	-0.4581093532858702
PFDN4P1	-0.5283208335737186
PFDN4P3	0.0
PFDN5	-0.18326622482503652
PFDN6	-0.21589179494610278
PFKFB1	-1.3022968652028395
PFKFB2	-0.19867306293753462
PFKFB3	1.138345833092948
PFKFB3-AS1	0.0
PFKFB4	-0.2539246292495694
PFKL	-0.04914925318496799
PFKM	-0.6666666666666667
PFKP	0.3010461535824698
PFKP-DT	0.0
PFN1	0.06441257382071797
PFN1P1	-1.0
PFN1P10	0.0
PFN1P11	0.0
PFN1P12	0.0
PFN1P2	-0.5283208335737187
PFN1P3	0.6666666666666666
PFN1P4	0.6666666666666666
PFN1P6	-0.6666666666666667
PFN1P8	0.0
PFN1P9	0.0
PFN2	-0.09755606593032518
PFN2-AS1	0.5283208335737187
PFN3	0.0
PFN4	0.8481068387412702
PFN5P	0.0
PFPLP	0.0
PGA3	0.3333333333333333
PGA4	0.0
PGA5	0.3333333333333333
PGAM1	-0.28458861807274793
PGAM1P1	0.0
PGAM1P10	0.0
PGAM1P11	-0.861654166907052
PGAM1P12	0.0
PGAM1P13	0.0
PGAM1P2	0.0
PGAM1P3	0.0
PGAM1P4	-0.5283208335737187
PGAM1P5	-0.3333333333333333
PGAM1P6	0.33333333333333337
PGAM1P7	-0.6666666666666666
PGAM1P8	0.276691666185896
PGAM1P9	0.0
PGAM2	0.0
PGAM3P	0.0
PGAM4	0.0
PGAM4P1	0.0
PGAM4P2	0.0
PGAM5	0.14148741136408383
PGAM5P1	0.0
PGAP1	0.3297104440998897
PGAP2	-0.8629136654865306
PGAP3	-0.05110767803506189
PGAP4	0.0
PGAP6	0.5124818780764819
PGBD1	0.4982548972498595
PGBD2	0.17967540551809957
PGBD3P1	0.0
PGBD3P2	0.0
PGBD3P4	0.0
PGBD4	0.22273388702952612
PGBD4P1	0.0
PGBD4P2	0.0
PGBD4P3	0.0
PGBD4P4	0.0
PGBD4P5	0.0
PGBD4P6	0.0
PGBD4P8	0.0
PGBD5	1.107309364962454
PGBDF	0.0
PGBP	0.0
PGC	-0.8394368381786359
PGCKA1	-0.1383458330929479
PGD	0.9924553665391311
PGDP1	0.0
PGF	-0.17398423439845256
PGGHG	-1.0331785578503054
PGGT1B	-0.4970561155775899
PGGT1BP1	0.0
PGGT1BP2	0.0
PGK1	-0.6933048236131887
PGK1P1	0.0
PGK1P2	0.0
PGK2	0.0
PGLS	0.26490729849078765
PGLS-DT	-0.22602396837087868
PGLYRP1	-0.3333333333333333
PGLYRP2	-0.138345833092948
PGLYRP3	0.0
PGLYRP4	0.0
PGM1	-0.6481548536888333
PGM2	0.2174094184420916
PGM2L1	0.6049893687224932
PGM3	0.2720268183587766
PGM5	0.0
PGM5-AS1	0.0
PGM5P2	0.7739760316291204
PGM5P3-AS1	0.0
PGM5P4	0.0
PGP	0.40949347303298733
PGPEP1	-0.5694919425909832
PGPEP1L	0.6666666666666666
PGR	0.0
PGR-AS1	0.0
PGRMC1	-0.2058042373559097
PGRMC2	-0.016121327812641972
PGS1	0.356315632699447
PHACTR1	0.10730936496245391
PHACTR2	1.2273292241164828
PHACTR2-AS1	-0.3333333333333333
PHACTR2P1	0.5593573017042126
PHACTR3	-0.5283208335737187
PHACTR3-AS1	0.0
PHACTR4	0.04766583940466518
PHAF1	0.04088003853681421
PHAX	0.031974806666179134
PHB1	-0.2527938876561002
PHB1P1	0.0
PHB1P10	0.0
PHB1P11	0.0
PHB1P12	-0.1383458330929479
PHB1P13	0.3333333333333333
PHB1P14	0.0
PHB1P15	0.0
PHB1P16	0.0
PHB1P17	0.0
PHB1P18	0.0
PHB1P19	0.3333333333333333
PHB1P2	0.0
PHB1P20	0.0
PHB1P21	0.0
PHB1P3	0.0
PHB1P4	0.9689635318695059
PHB1P5	0.5283208335737187
PHB1P6	0.0
PHB1P7	0.0
PHB1P8	-0.3333333333333333
PHB1P9	0.5283208335737186
PHB2	-0.18991893526075998
PHB2P1	0.0
PHC1	-0.6850137878526548
PHC1P1	0.0
PHC2	0.18664582014434927
PHC2-AS1	0.0
PHC3	0.05683936339843321
PHETA1	0.21043142312188579
PHETA2	-0.9689635318695062
PHEX	0.3333333333333333
PHEX-AS1	0.0
PHF1	0.12297882705624108
PHF10	0.05296626223673684
PHF10P1	0.0
PHF10P2	0.8050124997596145
PHF11	-0.6987894648240771
PHF12	0.25112001080562507
PHF13	-0.04085554740208419
PHF14	-0.2814154155875963
PHF19	-1.0746528426132222
PHF2	-0.49211027473854063
PHF20	0.6469473506351902
PHF20L1	0.7086425947596666
PHF21A	0.30115608576878916
PHF21B	0.0
PHF23	-0.3661000834300552
PHF24	0.0
PHF2P2	0.0
PHF3	0.16821035112709737
PHF5A	-0.3107242580089222
PHF5AP1	0.0
PHF5AP3	-0.3333333333333333
PHF5AP4	0.0
PHF5AP5	-0.19498750024038541
PHF5AP7	0.0
PHF6	-0.07141429335736227
PHF7	0.8715699480384029
PHF8	-0.4717099606725679
PHGDH	-0.7636005386653633
PHGR1	0.0
PHIP	0.09946432277850015
PHKA1	0.4369196254233172
PHKA1-AS1	-0.3333333333333333
PHKA1P1	0.0
PHKA2	-0.8405990660703759
PHKA2-AS1	0.3333333333333333
PHKB	0.11269987119678859
PHKBP1	0.0
PHKBP2	0.0
PHKG1	1.181440172074604
PHKG1P1	0.0
PHKG1P2	0.0
PHKG1P3	0.0
PHKG1P4	0.0
PHKG2	0.5918798491339876
PHLDA1	0.3462158597835412
PHLDA1-AS1	1.7739760316291207
PHLDA1-DT	0.0
PHLDA2	1.835931546732899
PHLDA3	-1.1219421695355312
PHLDB1	-0.07475924755900021
PHLDB2	-0.4194353490680953
PHLDB3	0.4077385866489438
PHLPP1	0.2187871450471146
PHLPP2	1.1157608372374206
PHOSPHO1	1.0
PHOSPHO2	0.1863224307294038
PHOX2A	0.0
PHOX2B	0.0
PHOX2B-AS1	0.0
PHPT1	0.8723503223640492
PHRF1	0.13355739224915375
PHTF1	0.37006454791624943
PHTF2	0.8428926567708546
PHYH	0.8106819102807394
PHYHD1	0.3690208033952658
PHYHIP	0.0
PHYHIPL	-0.9708335913223154
PHYKPL	0.423734070804203
PI15	0.0
PI16	0.0
PI3	0.0
PI4K2A	1.096398915138824
PI4K2B	0.16523921356221916
PI4KA	1.2458626630312555
PI4KAP1	0.6710187176084821
PI4KAP2	0.5609576304588195
PI4KB	0.4411540296028589
PIANP	-0.36436980146382725
PIAS1	1.0753045153819274
PIAS2	0.12999559787026183
PIAS3	-0.15446684028008084
PIAS4	0.2071336883454009
PIBF1	0.47882273101774775
PICALM	0.4504410260203695
PICART1	0.0
PICK1	-0.12170409131572146
PICSAR	0.3333333333333333
PID1	0.0
PIDD1	-0.3576148860446855
PIERCE1	-0.7664026727957598
PIERCE2	0.5283208335737187
PIEZO1	0.4171278232665827
PIEZO1-AS1	-0.38997500048077083
PIEZO1P1	0.0
PIEZO1P2	0.0
PIEZO2	0.3892589592043718
PIF1	-0.1682045666852945
PIGA	0.5003576726732684
PIGAP1	1.1639510321098916
PIGB	-0.45304083123281025
PIGBOS1	-0.6026467708759915
PIGC	-0.8484776068154947
PIGCP1	0.9357849740192012
PIGCP2	0.0
PIGF	0.8218329913781881
PIGFP1	0.0
PIGFP2	-0.19498750024038541
PIGFP3	0.0
PIGG	0.19100563193841502
PIGH	1.1925869354720975
PIGHP1	0.7233083338141041
PIGK	-0.024180467506668357
PIGL	-0.35037032449752026
PIGM	-0.466485592444994
PIGN	-0.00110795989175827
PIGO	0.4745767918034076
PIGO-AS1	0.19498750024038541
PIGP	-0.2527184053324598
PIGPP2	0.0
PIGPP3	0.0
PIGPP4	0.0
PIGQ	0.8155190035589435
PIGQP1	0.0
PIGR	0.3333333333333333
PIGS	0.20147162112910966
PIGT	0.19959509667295094
PIGU	-0.1307045053831466
PIGUP1	0.0
PIGV	0.16772745349443507
PIGW	-0.5730280248674999
PIGX	1.1251311391197625
PIGY	0.0
PIGY-DT	-0.3333333333333333
PIGYP1	0.0
PIGZ	-0.24900641961004322
PIH1D1	0.13439569538350238
PIH1D2	-0.5175136743429269
PIK3AP1	-2.978977445507465
PIK3C2A	0.13195048091720807
PIK3C2B	-0.7893721506304505
PIK3C2G	0.0
PIK3C3	0.4457798029290716
PIK3CA	0.3601667150809815
PIK3CA-DT	0.0
PIK3CB	0.5563784529218809
PIK3CD	-0.7320563668976128
PIK3CD-AS1	0.0
PIK3CD-AS2	-0.8616541669070521
PIK3CDP1	0.0
PIK3CG	0.3333333333333333
PIK3IP1	-1.1639510321098914
PIK3IP1-DT	-0.4406426982957875
PIK3R1	-0.11708249567095752
PIK3R2	-1.3333333333333333
PIK3R3	0.9355463739910053
PIK3R4	0.17680564792572628
PIK3R5	0.3333333333333333
PIK3R5-DT	0.0
PIK3R6	0.0
PIKFYVE	0.4753070199166416
PILRA	0.6666666666666666
PILRB	0.9098620212668695
PIM1	0.9689165714332626
PIM2	0.71922246406832
PIM3	0.8169139620386607
PIMREG	-0.14037156236206627
PIMREGP1	0.3333333333333333
PIMREGP2	0.0
PIMREGP3	-0.5283208335737187
PIMREGP4	0.7739760316291209
PIN1	0.7955071490191106
PIN1-DT	1.4641058075929199
PIN1P1	0.0
PIN4	-0.29289396799700107
PIN4P1	0.0
PINCR	-1.0
PINK1	1.0000000000000004
PINK1-AS	-0.0749887883334237
PINLYP	0.33333333333333326
PINX1	0.10814498349931201
PINX1-DT	-0.3333333333333333
PIP	0.3333333333333333
PIP4K2A	0.5589361276400071
PIP4K2B	0.18602310232737196
PIP4K2C	0.1782503515891305
PIP4P1	0.6740784061582401
PIP4P2	0.6618334767682956
PIP5K1A	0.2139640545511945
PIP5K1B	-0.8120418977736295
PIP5K1C	0.5320400968685597
PIP5K1P1	-0.7739760316291205
PIP5K1P2	0.0
PIP5KL1	0.6666666666666667
PIPOX	-2.1831317085167123
PIPSL	-0.33333333333333337
PIR	-0.10516727524264269
PIRAT1	0.0
PIRT	0.0
PISD	0.23937727273766818
PISRT1	0.0
PITHD1	1.1437020571851075
PITPNA	0.5869335026715676
PITPNA-AS1	-0.08767813527793145
PITPNB	0.1018288491526862
PITPNC1	0.3211580413249626
PITPNM1	0.7460516952193537
PITPNM2	-0.3014286791338314
PITPNM2-AS1	0.1383458330929479
PITPNM3	0.07413080711214914
PITRM1	0.6037323294506667
PITRM1-AS1	0.5593573017042126
PITX1	-0.19735181318016348
PITX1-AS1	-0.12870826912120137
PITX2	0.0
PITX3	-0.3333333333333333
PIWIL1	0.0
PIWIL2	-0.5283208335737186
PIWIL2-DT	-0.19498750024038541
PIWIL3	0.0
PIWIL4	0.3333333333333333
PIWIL4-AS1	0.0
PJA1	-0.7472005596797926
PJA2	0.2903407504050275
PJVK	0.7739760316291207
PKD1	0.825817550589818
PKD1-AS1	0.0
PKD1L1	0.0
PKD1L1-AS1	0.0
PKD1L2	-2.805950838295299
PKD1L3	-0.5283208335737186
PKD1P1	-0.5283208335737187
PKD1P2	0.5426584632270837
PKD1P3	1.03157975901678
PKD1P4	0.5517801646145823
PKD1P5	0.3198852046857503
PKD1P6	0.4096062301652932
PKD2	0.6383926629720378
PKD2L1	0.0
PKD2L2	0.33333333333333326
PKD2L2-DT	0.0
PKDCC	-0.09836076149633133
PKDREJ	-0.6666666666666667
PKHD1	-0.6666666666666666
PKHD1L1	-0.7739760316291207
PKIA	0.19498750024038536
PKIA-AS1	0.3333333333333333
PKIB	-0.38783291076095994
PKIG	-0.43700313956035064
PKLR	-2.4689389974912914
PKM	0.39580672009366324
PKMP1	-0.6666666666666666
PKMP2	0.0
PKMP3	0.0
PKMP4	0.0
PKMP5	0.0
PKMYT1	-0.17940291067380532
PKMYT1AR	-0.602451640685868
PKN1	-0.5187395218936706
PKN2	-0.004946212252374238
PKN2-AS1	0.08767813527793122
PKN3	-0.36611701986776524
PKNOX1	0.4949170833301819
PKNOX2	0.3333333333333333
PKNOX2-AS1	0.0
PKNOX2-DT	0.0
PKP1	0.0
PKP2	0.40215408676848696
PKP3	-2.0414619287685234
PKP4	0.5362388719128717
PKP4-AS1	0.11871460340842477
PKP4P1	0.0
PLA1A	0.0
PLA2G10	0.3333333333333333
PLA2G10BP	0.0
PLA2G10CP	0.0
PLA2G10DP	0.0
PLA2G10EP	0.0
PLA2G10FP	0.0
PLA2G10GP	0.0
PLA2G10HP	0.0
PLA2G10IP	0.0
PLA2G10JP	0.0
PLA2G10KP	0.0
PLA2G10P1	0.0
PLA2G12A	0.4512676288435209
PLA2G12AP1	0.6666666666666666
PLA2G12AP2	0.0
PLA2G12B	-1.3046868867563601
PLA2G15	1.5791437118726375
PLA2G1B	-0.3333333333333333
PLA2G2A	-1.6307970086378016
PLA2G2C	0.0
PLA2G2D	0.0
PLA2G2E	0.0
PLA2G2F	0.0
PLA2G3	-1.0
PLA2G4A	0.0
PLA2G4B	0.0
PLA2G4C	0.3333333333333333
PLA2G4C-AS1	0.0
PLA2G4D	0.0
PLA2G4E	0.0
PLA2G4E-AS1	0.0
PLA2G4F	0.0
PLA2G5	0.0
PLA2G6	-0.2592025262211832
PLA2G7	0.0
PLA2R1	0.0
PLAA	0.16668295384502851
PLAAT1	0.0
PLAAT2	0.0
PLAAT3	-0.5990812020301051
PLAAT4	-0.5283208335737187
PLAAT5	0.0
PLAC1	0.0
PLAC1-AS1	0.0
PLAC4	0.0
PLAC8	-2.9321213793798764
PLAC8L1	-0.19498750024038541
PLAC9	0.0
PLAC9P1	0.0
PLAG1	0.4286936832683841
PLAGL1	1.102476175064083
PLAGL2	-0.2226589348025989
PLAT	-1.4972843654432246
PLAU	0.0
PLAUR	0.5593573017042126
PLB1	-0.5283208335737187
PLBD1	0.0
PLBD1-AS1	0.0
PLBD1-AS2	0.0
PLBD2	0.3896404869820529
PLCB1	-0.28237767600853036
PLCB1-IT1	0.0
PLCB2	0.0
PLCB2-AS1	0.0
PLCB3	0.18152343730673337
PLCB4	-0.6666666666666666
PLCD1	0.14909723276115638
PLCD3	0.43661842086226255
PLCD4	-0.12085669312823644
PLCE1	-0.5012076244230723
PLCE1-AS1	0.0
PLCE1-AS2	0.0
PLCE1P1	0.0
PLCG1	0.25636198374086216
PLCG1-AS1	-0.9493323021849838
PLCG2	0.6666666666666666
PLCH1	-0.7792898795854613
PLCH1-AS1	0.3333333333333333
PLCH1-AS2	0.0
PLCH2	-1.4406426982957872
PLCL1	0.3333333333333333
PLCL2	0.0
PLCL2-AS1	0.0
PLCXD1	0.0
PLCXD2	0.4344110780392967
PLCXD2-AS1	0.1383458330929479
PLCXD3	-0.3333333333333333
PLCZ1	0.0
PLD1	0.3110879617428006
PLD2	0.8385749551011124
PLD3	1.5768738930834276
PLD4	0.0
PLD5	0.0
PLD5-AS1	0.0
PLD5P1	-0.8502489284610819
PLD6	-1.48539170544238
PLEC	-0.09424340239157125
PLEK	-0.3333333333333333
PLEK2	-0.5283208335737186
PLEKHA1	-0.3132805823009246
PLEKHA2	-1.1575086660566294
PLEKHA3	-0.0179296956254138
PLEKHA3P1	0.0
PLEKHA4	-0.7618007396207496
PLEKHA5	0.4975156221665866
PLEKHA6	-0.9433411576048956
PLEKHA7	-0.49983586131819635
PLEKHA8	0.340954366759437
PLEKHA8P1	-0.5283208335737186
PLEKHB1	-1.069816393959976
PLEKHB2	0.06003228120575965
PLEKHB2P1	0.0
PLEKHD1	0.0
PLEKHF1	-0.21845060953751805
PLEKHF2	0.3079037981148405
PLEKHG1	-1.6356301985361725
PLEKHG2	0.5261787438539072
PLEKHG3	-0.10641798686301307
PLEKHG4	-0.08859261721671885
PLEKHG4B	1.107309364962454
PLEKHG5	-1.8876550042408105
PLEKHG6	-0.9519339412253514
PLEKHG7	0.6666666666666666
PLEKHH1	0.8753815797258309
PLEKHH2	1.5803605675461463
PLEKHH3	-0.9756427829483543
PLEKHJ1	0.09724466603099646
PLEKHM1	0.24754011813832477
PLEKHM1P1	0.7795100207414976
PLEKHM2	0.7868597826518346
PLEKHM2-AS1	0.62482303930538
PLEKHM3	0.5042818363596284
PLEKHN1	-0.45419002646156925
PLEKHO1	-1.117225146093805
PLEKHO2	0.8143144986162429
PLEKHS1	-0.3333333333333333
PLET1	0.0
PLG	-0.33333333333333337
PLGLA	0.0
PLGLB1	0.0
PLGLB2	0.0
PLGRKT	0.8371227743595062
PLIN1	-1.3333333333333333
PLIN2	-1.02163534362262
PLIN3	0.2672535515354628
PLIN3-AS1	0.0
PLIN4	-0.06421502598079831
PLIN5	2.5937865711748866
PLK1	-0.43622383434344414
PLK2	0.27581900530385006
PLK3	1.9057431253683137
PLK4	0.10321362983102222
PLK5	0.19498750024038536
PLLP	-0.4033494311688388
PLLPP1	0.0
PLN	0.0
PLOD1	-0.4132040289705863
PLOD2	0.7658799693076137
PLOD3	-0.6773636026450474
PLP1	0.0
PLP2	0.3333333333333333
PLPBP	0.1468836864274552
PLPP1	0.40878710784646444
PLPP2	0.0
PLPP3	0.6426348511326969
PLPP4	0.0
PLPP5	-0.014130588815768341
PLPP6	0.20190702029598384
PLPP7	-0.19498750024038536
PLPPR1	-2.1580598549524126
PLPPR2	1.1553248215013565
PLPPR3	0.0
PLPPR4	0.0
PLPPR5	0.0
PLPPR5-AS1	0.0
PLRG1	0.258099404319065
PLS1	0.07348348120075521
PLS1-AS1	0.0
PLS1P1	0.0
PLS3	-0.03162041083573541
PLS3-AS1	-1.6356301985361728
PLSCR1	-0.03337903609453807
PLSCR2	0.0
PLSCR3	0.0
PLSCR4	-1.6356301985361734
PLSCR4P1	0.0
PLSCR5	0.0
PLSCR5-AS1	0.0
PLTP	-0.26274869970329995
PLUT	0.0
PLVAP	0.0
PLXDC1	0.5283208335737187
PLXDC2	-0.5283208335737184
PLXDC2-AS1	0.0
PLXNA1	0.5333949402397202
PLXNA2	0.9584174608404492
PLXNA3	0.8413970584637838
PLXNA4	-1.1949875002403854
PLXNA4-AS1	0.0
PLXNA4-AS2	0.0
PLXNB1	-0.2137314633504026
PLXNB2	0.26386243549999655
PLXNB3	-0.9123218647220688
PLXNB3-AS1	-0.08767813527793145
PLXNC1	0.44099231543002393
PLXNC1-AS1	0.861654166907052
PLXND1	-0.13654851836188175
PM20D1	0.0
PM20D2	-0.3290056062186526
PMAIP1	-0.40215029248914247
PMCH	0.0
PMCHL1	0.0
PMCHL2	0.0
PMEL	1.0331785578503048
PMEPA1	0.0
PMF1	-0.2658083231330055
PMF1-BGLAP	0.0
PMFBP1	-0.6159989688516503
PMIS2	0.0
PML	-0.5404961255820915
PMM1	0.7970886891633429
PMM2	-0.05599396560904779
PMM2-AS1	0.0
PMM2P1	0.0
PMM2P2	0.0
PMP2	0.3333333333333333
PMP22	0.3368824147331697
PMPCA	0.03224547552776347
PMPCAP1	0.0
PMPCB	0.15340304741890165
PMS1	0.19179998876288806
PMS2	-0.05823189310171806
PMS2CL	0.19527013224791023
PMS2P1	0.3821974992038957
PMS2P10	0.0
PMS2P11	0.0
PMS2P12	-0.5283208335737187
PMS2P13	0.861654166907052
PMS2P14	0.0
PMS2P2	0.0
PMS2P3	-0.10352274424093855
PMS2P4	0.7097610056483221
PMS2P5	-0.6666666666666665
PMS2P6	-0.3333333333333333
PMS2P7	-0.19498750024038536
PMS2P8	0.0
PMS2P9	0.0
PMVK	0.7388919800644977
PNCK	0.3333333333333333
PNISR	0.44662793318245786
PNISR-AS1	0.9194429149564392
PNKD	0.05273706671801648
PNKDP1	0.6666666666666667
PNKP	1.1414584546193933
PNLDC1	-0.5283208335737187
PNLIP	0.0
PNLIPP1	0.0
PNLIPRP1	0.0
PNLIPRP2	-0.6666666666666666
PNLIPRP3	0.0
PNMA1	0.97951894734073
PNMA2	0.0
PNMA3	0.0
PNMA5	0.0
PNMA6A	0.0
PNMA6B	0.0
PNMA6E	0.0
PNMA6F	0.0
PNMA8A	-0.3333333333333333
PNMA8B	0.0
PNMA8C	-0.3333333333333333
PNMT	0.0
PNN	0.18928438326486496
PNN-AS1	-0.05933276732599824
PNO1	-0.08143733430977296
PNOC	-0.7739760316291208
PNP	0.27447081167279475
PNPLA1	0.0
PNPLA10P	0.0
PNPLA2	1.4026415256682672
PNPLA3	-1.2778324456199455
PNPLA4	0.11274691667432268
PNPLA4P1	0.0
PNPLA5	0.0
PNPLA6	-0.07627289683196192
PNPLA7	-0.03103646813049421
PNPLA8	1.7970558701401762
PNPO	-0.21215118188588367
PNPP1	0.0
PNPT1	-0.41050753282854746
PNPT1P1	0.0
PNPT1P2	0.0
PNRC1	0.8234362792411369
PNRC1-DT	0.0
PNRC2	0.6940611749412859
PNRC2P1	-0.3333333333333333
PNRC2P2	0.0
PNRC2P3	0.0
PNRC2P4	0.0
POC1A	0.07997205799806384
POC1B	-1.193444391683368
POC1B-AS1	-0.2902389943516783
POC1B-GALNT4	-0.8616541669070521
POC5	1.0332862497882678
PODN	0.0
PODNL1	0.3333333333333333
PODXL	0.9357849740192012
PODXL2	-0.5990429794794228
POF1B	0.3333333333333333
POFUT1	0.08717718181331868
POFUT2	-0.20565763187459218
POFUT3	-0.18361368128677213
POFUT4	-0.015612750153749744
POGK	-0.5044676907206718
POGLUT1	0.21739962955181102
POGLUT2	0.37113863464112384
POGLUT2P1	0.3333333333333333
POGLUT3	-0.7311362307084419
POGZ	0.14519823156067702
POLA1	-0.07841656704414213
POLA2	0.7952075900682507
POLB	0.1663962832103394
POLD1	0.011944035285009313
POLD2	0.3488188445546676
POLD2P1	0.0
POLD3	-0.8155343162578372
POLD4	1.0
POLDIP2	-0.02405342468434135
POLDIP3	0.2522808231270126
POLE	0.41078872483944284
POLE2	-1.2274307904769444
POLE3	-0.4805718388394524
POLE4	0.6533203689561065
POLE4P1	0.0
POLG	1.1568014693001594
POLG-DT	0.4716791664262814
POLG2	0.6241543389611905
POLH	-0.3094034942347479
POLH-AS1	0.11504516201622916
POLHP1	-0.9999999999999999
POLI	0.34406229135296673
POLK	-0.0425221814519805
POLL	0.3903011237210725
POLM	1.2737475015659
POLN	0.9689635318695059
POLQ	-0.10797508945974599
POLR1A	-0.09045022966809046
POLR1B	-0.6839082163633563
POLR1C	0.0513139259716997
POLR1D	-0.07115437920639067
POLR1E	0.004190431600027189
POLR1F	0.09887782627891628
POLR1G	-0.6425497185917717
POLR1H	-0.8131449033571956
POLR1HASP	0.6068478979380485
POLR2A	1.2474721781419138
POLR2B	0.2807984042585989
POLR2C	0.17503430235621664
POLR2CP1	0.0
POLR2D	0.09144862625517725
POLR2DP1	0.0
POLR2DP2	0.0
POLR2E	0.15091888503946116
POLR2F	-0.012993263308931802
POLR2F-AS1	0.0
POLR2G	0.14646189214517946
POLR2H	0.40362716519425224
POLR2I	0.055750289047995505
POLR2J	0.21892644352226487
POLR2J2	1.8764522066932037
POLR2J2-UPK3BL1	0.0
POLR2J3	1.4595038744179103
POLR2J3-UPK3BL2	1.0430943389816554
POLR2J4	0.49514227572341407
POLR2K	-0.168325532826068
POLR2KP1	-0.5283208335737187
POLR2KP2	0.0
POLR2L	1.18178925219111
POLR2LP1	0.0
POLR2M	-0.012956909556205431
POLR2MP1	0.5283208335737187
POLR3A	-0.21381382150609518
POLR3B	0.09360913920572767
POLR3C	-0.12603039877061217
POLR3D	-0.4315942206597523
POLR3DP1	0.0
POLR3E	0.014799634331993161
POLR3F	0.1372405732477393
POLR3G	-0.45519085584874386
POLR3GL	1.1949875002403854
POLR3GP1	0.0
POLR3GP2	0.0
POLR3H	-0.12062559922259641
POLR3K	-0.29872139633848604
POLR3KP1	0.0
POLR3KP2	0.0
POLRMT	-0.4255195392374205
POLRMTP1	0.03103646813049421
POM121	-0.33985211381219216
POM121B	1.1949875002403854
POM121C	-0.12217966052921803
POM121L10P	-0.3333333333333333
POM121L12	0.0
POM121L13P	0.0
POM121L14P	0.3333333333333333
POM121L15P	0.0
POM121L1P	0.0
POM121L2	0.0
POM121L3P	0.0
POM121L4P	0.0
POM121L6P	-0.3333333333333333
POM121L7P	0.0
POM121L8P	0.0
POM121L9P	0.19498750024038541
POMC	0.3333333333333333
POMGNT1	-0.12045739230222807
POMGNT2	0.3648899727930335
POMGNT2-AS1	0.6666666666666666
POMK	-0.702324285073292
POMP	0.02935001337019827
POMPP1	0.0
POMT1	0.2569430153441634
POMT2	-0.18804731904551808
POMZP3	-0.1852720516872135
PON1	-0.1383458330929479
PON2	-1.2470276343932705
PON3	0.9234624607187074
POP1	0.3570799175278525
POP4	0.31235061124033825
POP5	0.5603997449965021
POP7	-0.28883432053483915
POPDC1	0.1276190311765646
POPDC1-AS1	0.3333333333333333
POPDC2	1.0
POPDC3	0.3333333333333333
POR	0.5906902482323817
PORCN	-0.8050124997596149
PORCN-DT	0.3333333333333333
POSTN	0.0
POT1	0.5808847576417966
POT1-AS1	1.0566416671474372
POTEA	0.0
POTEB	0.0
POTEB2	0.0
POTEB3	0.0
POTEC	0.0
POTED	0.0
POTEE	-0.138345833092948
POTEF	0.22816605809069035
POTEF-AS1	0.6666666666666666
POTEG	0.0
POTEH	0.0
POTEH-AS1	0.0
POTEI	0.0
POTEJ	0.0
POTEKP	-0.861654166907052
POTEM	0.0
POU1F1	0.0
POU2AF1	-2.3764276723149886
POU2AF2	-1.1949875002403854
POU2AF3	-1.0914444499160831
POU2F1	-0.16158604779115837
POU2F1-DT	0.0
POU2F2	0.3333333333333333
POU2F2-AS2	0.0
POU2F3	0.6666666666666666
POU2F3-AS1	0.0
POU3F1	0.0
POU3F2	0.0
POU3F3	0.0
POU3F4	0.0
POU4F1	1.4851090734348535
POU4F2	0.0
POU4F3	0.0
POU5F1	-0.8616541669070519
POU5F1B	-0.3333333333333333
POU5F1P2	0.0
POU5F1P3	0.0
POU5F1P4	0.7233083338141042
POU5F1P5	0.8050124997596145
POU5F1P6	-0.3333333333333333
POU5F1P7	0.0
POU5F2	1.0506676978150165
POU6F1	-0.861654166907052
POU6F2	0.0
POU6F2-AS1	0.0
POU6F2-AS2	0.0
PP12613	0.0
PP1P	1.0
PP2D1	-0.24565519805540215
PPA1	0.043611439170085475
PPA2	0.14886475251472575
PPAN	-0.9182958340544896
PPAN-P2RY11	0.0
PPARA	-0.35683938880220456
PPARD	1.14806128164612
PPARG	-0.6987559865723334
PPARGC1A	-1.4635443710448328
PPARGC1A-AS1	0.19498750024038541
PPARGC1B	-1.955416203703725
PPAT	0.3257580442740178
PPATP1	0.1383458330929479
PPATP2	0.0
PPBP	0.0
PPBPP1	0.0
PPBPP2	0.0
PPCDC	-0.3269637256840987
PPCS	0.14036768319544013
PPDPF	1.442729028453015
PPDPFL	0.0
PPDPFP1	0.0
PPDPFP2	0.0
PPEF1	0.0
PPEF1-AS1	0.0
PPEF2	0.0
PPFIA1	0.4889229901314689
PPFIA1P1	-0.1579770627774708
PPFIA2	0.19498750024038514
PPFIA2-AS1	0.3333333333333333
PPFIA2-AS2	0.0
PPFIA3	-0.4765614250810817
PPFIA4	-0.3333333333333333
PPFIBP1	0.4293835525820411
PPFIBP2	-0.4682422156001822
PPHLN1	0.179655549685112
PPIA	0.37260343448771494
PPIAL4A	0.0
PPIAL4E	0.0
PPIAL4F	0.0
PPIAL4G	0.0
PPIAL4H	0.0
PPIAP1	0.0
PPIAP10	0.0
PPIAP11	0.2691183073525345
PPIAP13	0.0
PPIAP14	0.0
PPIAP15	0.0
PPIAP16	0.0
PPIAP17	0.0
PPIAP19	-0.3333333333333333
PPIAP2	0.44064269829578745
PPIAP20	0.0
PPIAP21	0.0
PPIAP22	0.35285072745170387
PPIAP23	0.0
PPIAP24	0.0
PPIAP25	0.0
PPIAP26	0.0
PPIAP27	0.0
PPIAP28	0.0
PPIAP29	1.3333333333333335
PPIAP3	0.0
PPIAP30	-1.1949875002403854
PPIAP31	-0.8616541669070521
PPIAP32	0.3333333333333333
PPIAP33	0.0
PPIAP34	0.0
PPIAP35	-0.3333333333333333
PPIAP36	-0.19498750024038541
PPIAP37	0.0
PPIAP38	0.0
PPIAP39	0.0
PPIAP4	0.6666666666666667
PPIAP40	-0.8616541669070521
PPIAP41	0.5283208335737186
PPIAP42	-0.3899750004807705
PPIAP43	0.0
PPIAP44	0.0
PPIAP45	0.0
PPIAP46	-1.1073093649624537
PPIAP47	0.0
PPIAP48	0.0
PPIAP49	0.0
PPIAP5	0.0
PPIAP50	0.0
PPIAP51	-0.7407974737788159
PPIAP52	0.0
PPIAP53	0.0
PPIAP54	0.0
PPIAP55	0.0
PPIAP56	0.0
PPIAP57	0.0
PPIAP58	-0.3333333333333333
PPIAP59	0.0
PPIAP6	0.0
PPIAP60	-0.7974391409262531
PPIAP62	0.0
PPIAP63	0.0
PPIAP64	0.0
PPIAP65	0.0
PPIAP66	0.0
PPIAP67	-0.38997500048077083
PPIAP68	0.0
PPIAP69	0.0
PPIAP7	0.0
PPIAP70	0.0
PPIAP71	-0.861654166907052
PPIAP72	0.3333333333333333
PPIAP73	0.0
PPIAP74	0.0
PPIAP75	0.0
PPIAP76	0.0
PPIAP77	-1.3899750004807707
PPIAP78	0.0
PPIAP79	0.0
PPIAP8	0.0
PPIAP80	0.0
PPIAP81	0.0
PPIAP82	0.0
PPIAP83	0.0
PPIAP84	0.0
PPIAP85	0.0
PPIAP86	0.0
PPIAP87	0.19498750024038536
PPIAP88	0.0
PPIAP89	0.0
PPIAP9	0.0
PPIAP90	0.0
PPIAP91	0.0
PPIAP93	0.0
PPIB	-0.23339288916029943
PPIC	1.0914987549635091
PPIC-AS1	-0.3333333333333333
PPID	-0.9042097090496686
PPIE	-0.5130890961658414
PPIEL	-0.38997500048077083
PPIF	-0.6231292417712684
PPIG	-0.7774263107145352
PPIGP1	0.0
PPIH	-0.3071300551012115
PPIHP1	0.10730936496245413
PPIHP2	0.0
PPIL1	-0.9456343473374336
PPIL1P1	0.0
PPIL2	0.8872639752312717
PPIL3	-0.6578616791020453
PPIL4	-0.08608487377468776
PPIL6	-0.3333333333333333
PPIP5K1	0.443993919850429
PPIP5K1P1	0.0
PPIP5K2	-0.23981653036551442
PPL	0.8847153552890523
PPM1A	0.5324539118139473
PPM1AP1	0.0
PPM1B	0.4547083299696961
PPM1B-DT	0.0
PPM1D	-0.12533678738702925
PPM1E	1.7429395634986269
PPM1F	-0.04272780058970049
PPM1F-AS1	0.1676617328515153
PPM1G	-0.00994684117226008
PPM1H	-0.5097421338024413
PPM1J	1.723308333814104
PPM1J-DT	0.0
PPM1K	0.4004429740172313
PPM1K-DT	0.0
PPM1L	-0.3951696322202558
PPM1L-DT	-0.5283208335737186
PPM1M	-0.2516291673878226
PPM1N	-1.1307724742595866
PPME1	0.5418742781325712
PPOX	0.7629420426849487
PPP1CA	0.7453418611686118
PPP1CB	0.09975744543293708
PPP1CB-DT	-0.5283208335737187
PPP1CC	0.32401796650276715
PPP1R10	0.9090897557758923
PPP1R10P1	0.0
PPP1R11	-0.1729036438617335
PPP1R11P1	0.0
PPP1R11P2	0.0
PPP1R12A	0.15369337044821574
PPP1R12A-AS1	-0.5849625007211561
PPP1R12A-AS2	1.0566416671474375
PPP1R12B	0.2299941014731921
PPP1R12BP1	0.0
PPP1R12BP2	0.0
PPP1R12C	1.137645904974498
PPP1R13B	1.1831182854760138
PPP1R13B-DT	0.3333333333333333
PPP1R13L	-0.24565519805540204
PPP1R14A	0.0
PPP1R14B	-1.225724486027425
PPP1R14B-AS1	-0.6666666666666666
PPP1R14BP2	0.3333333333333333
PPP1R14BP3	-0.19498750024038547
PPP1R14BP4	0.0
PPP1R14BP5	-0.5283208335737187
PPP1R14C	0.3333333333333333
PPP1R14D	-0.8616541669070521
PPP1R15A	1.5012103064261701
PPP1R15B	0.33425089812180797
PPP1R15B-AS1	-1.0741308071121494
PPP1R16A	-0.052803671141757214
PPP1R16B	0.6666666666666666
PPP1R17	0.0
PPP1R18	0.0654657376011678
PPP1R1A	-0.3333333333333333
PPP1R1AP1	1.1949875002403854
PPP1R1AP2	0.0
PPP1R1B	1.8812853965915743
PPP1R1C	-2.014798039786151
PPP1R2	0.03215130206213779
PPP1R21	0.8577665277318589
PPP1R21-DT	0.33333333333333337
PPP1R26	-0.27326667157476603
PPP1R26-AS1	0.8306176987765579
PPP1R26P1	1.1949875002403854
PPP1R26P2	0.0
PPP1R26P3	0.0
PPP1R26P4	0.0
PPP1R26P5	0.0
PPP1R27	0.1792980823547925
PPP1R2B	0.0
PPP1R2C	0.0
PPP1R2P1	-0.3333333333333333
PPP1R2P10	0.0
PPP1R2P2	0.0
PPP1R2P4	0.0
PPP1R2P5	0.0
PPP1R2P6	0.0
PPP1R35	-0.6081428118055157
PPP1R35-AS1	0.0
PPP1R36	0.6666666666666667
PPP1R37	0.513300376376157
PPP1R3A	0.0
PPP1R3B	0.0
PPP1R3B-AS1	0.0
PPP1R3B-DT	0.0
PPP1R3C	-0.8256445588313115
PPP1R3D	-0.8233410099683383
PPP1R3E	0.2879406245722107
PPP1R3F	0.19498750024038536
PPP1R3G	-2.4972843654432246
PPP1R42	0.0
PPP1R7	0.8990126892316308
PPP1R8	-0.3879817546058266
PPP1R8P1	0.0
PPP1R9A	-0.2866038000957234
PPP1R9A-AS1	0.33333333333333326
PPP1R9B	-1.101575784711251
PPP2CA	0.39827900270324434
PPP2CA-DT	1.3333333333333335
PPP2CB	0.22418705913977988
PPP2R1A	0.1327070502675909
PPP2R1A-AS1	-0.3333333333333333
PPP2R1B	0.2860482592849447
PPP2R2A	0.2724685236859292
PPP2R2B	0.0
PPP2R2B-AS2	0.0
PPP2R2B-IT1	0.0
PPP2R2C	-4.53577677124987
PPP2R2D	0.40028266884656727
PPP2R2DP1	0.0
PPP2R3A	1.1949875002403858
PPP2R3B	0.0
PPP2R3C	-0.16005820889922262
PPP2R5A	0.6913549146196978
PPP2R5B	0.2541668954244476
PPP2R5C	0.4162412820281247
PPP2R5CP	0.3333333333333333
PPP2R5D	0.7687445587459019
PPP2R5E	-0.0365252103384357
PPP3CA	-0.03817055193842478
PPP3CA-DT	0.7173343644816832
PPP3CB	0.9484178726511132
PPP3CB-AS1	-0.19498750024038536
PPP3CC	0.7199378951583411
PPP3R1	0.17848038436373326
PPP3R2	0.0
PPP4C	0.23461651487711865
PPP4R1	-0.5712666038017478
PPP4R1-AS1	0.0
PPP4R1L	-1.019631229684523
PPP4R2	0.0899941132471671
PPP4R2P1	0.5283208335737186
PPP4R2P2	0.19498750024038536
PPP4R2P3	0.0
PPP4R2P4	0.19498750024038541
PPP4R2P5	0.6666666666666666
PPP4R2P6	0.3333333333333333
PPP4R3A	-0.34234007131123523
PPP4R3B	-0.048353984499193814
PPP4R3B-DT	0.0
PPP4R3C	0.0
PPP4R4	0.9263498509458188
PPP5C	-0.32656541903780045
PPP5C-AS1	0.0
PPP5D1P	-1.1639510321098911
PPP6C	0.5348812660771891
PPP6R1	0.24329350713589548
PPP6R2	-0.32948381546045713
PPP6R2P1	0.0
PPP6R3	0.6268386024633319
PPRC1	-0.5085218335756823
PPT1	-0.5602336182040091
PPT2	-0.5850773969938246
PPT2-EGFL8	-1.204903281371736
PPTC7	0.11878443651648585
PPWD1	-0.20610703255586227
PPY	0.0
PPY2P	0.0
PQBP1	-0.3465581135915876
PRAC1	0.0
PRAC2	0.0
PRADC1	0.9260369876649399
PRADC1P1	0.6666666666666666
PRADX	-0.5283208335737187
PRAF2	-0.3333333333333333
PRAG1	0.2858266268828791
PRAL	-0.3333333333333333
PRAM1	-0.19498750024038541
PRAME	-0.4641058075929201
PRAME-AS	0.0
PRAMEF1	0.0
PRAMEF10	0.0
PRAMEF11	0.0
PRAMEF12	0.0
PRAMEF13	0.0
PRAMEF14	0.0
PRAMEF15	0.0
PRAMEF17	0.0
PRAMEF18	0.0
PRAMEF19	0.0
PRAMEF2	0.3333333333333333
PRAMEF20	0.0
PRAMEF25	0.0
PRAMEF26	0.0
PRAMEF27	0.0
PRAMEF28P	0.0
PRAMEF29P	0.0
PRAMEF30P	0.3333333333333333
PRAMEF31P	0.0
PRAMEF32P	0.0
PRAMEF33	0.0
PRAMEF34P	0.0
PRAMEF35P	0.0
PRAMEF36P	0.0
PRAMEF4	0.0
PRAMEF5	0.0
PRAMEF6	0.0
PRAMEF7	0.0
PRAMEF8	0.0
PRAMEF9	0.0
PRAMENP	0.0
PRANCR	0.024354487396573976
PRAP1	-0.6666666666666666
PRB1	-0.3333333333333333
PRB2	0.0
PRB3	0.5283208335737187
PRB4	0.0
PRC1	1.2509690460117429
PRC1-AS1	0.5283208335737186
PRCC	0.30174718973895853
PRCD	-0.3791678412499786
PRCP	0.0923318752917659
PRCPP1	0.0
PRDM1	0.0
PRDM10	-1.0339874703151506
PRDM10-DT	-1.0876781352779317
PRDM11	-0.6756523890587784
PRDM12	-0.3333333333333333
PRDM13	0.0
PRDM14	0.0
PRDM15	0.05487690059093264
PRDM16	0.0
PRDM2	0.5799511978436493
PRDM4	0.29160816843032755
PRDM4-AS1	0.8284756090567476
PRDM5	0.5283208335737187
PRDM6	0.0
PRDM6-AS1	0.0
PRDM7	0.0
PRDM8	0.0
PRDM8-AS1	0.0
PRDM9	0.3333333333333333
PRDX1	1.0042061377105398
PRDX1P1	0.3333333333333333
PRDX2	-0.28689459409856344
PRDX2P1	-1.0
PRDX2P2	0.0
PRDX2P3	-0.3333333333333333
PRDX2P4	0.0
PRDX3	-0.3353277720143044
PRDX3P1	-0.6666666666666667
PRDX3P2	0.0
PRDX3P3	0.0
PRDX3P4	0.0
PRDX4	-0.40181092481451053
PRDX4P1	0.0
PRDX5	-0.3117322141839196
PRDX5P1	0.0
PRDX6	-0.12816295918621456
PRDX6-AS1	-0.36651189118363803
PREB	0.05286080114687053
PRECSIT	0.3899750004807707
PRELID1	-0.44597485716978813
PRELID1P1	0.0
PRELID1P2	0.0
PRELID1P3	0.0
PRELID1P4	-0.3333333333333333
PRELID1P5	0.3333333333333333
PRELID1P6	0.0
PRELID1P7	0.0
PRELID2	-0.6796169763237856
PRELID2P1	0.0
PRELID3A	-1.1899518694436488
PRELID3B	-0.5405816762306603
PRELID3BP1	0.0
PRELID3BP10	0.0
PRELID3BP11	0.0
PRELID3BP2	0.0
PRELID3BP3	0.0
PRELID3BP4	-1.7097610056483221
PRELID3BP5	-0.3333333333333333
PRELID3BP6	0.0
PRELID3BP7	0.0
PRELID3BP8	0.0
PRELP	0.0
PREP	0.2163249018288287
PREP-AS1	1.019631229684523
PREPL	-0.025318691859444797
PREX1	0.5283208335737187
PREX2	0.3333333333333333
PRF1	-1.0
PRG2	0.0
PRG3	0.0
PRG4	-0.19498750024038547
PRH1	0.5404961255820906
PRH1-PRR4	0.0
PRH2	0.861654166907052
PRICKLE1	-0.3333333333333333
PRICKLE1-AS1	-0.3333333333333333
PRICKLE1P1	0.0
PRICKLE2	-0.3333333333333333
PRICKLE2-AS1	0.0
PRICKLE2-AS2	0.0
PRICKLE2-AS3	0.0
PRICKLE2-DT	0.0
PRICKLE3	-0.6793226167330069
PRICKLE4	0.5283208335737187
PRIM1	-0.018103706625940852
PRIM2	0.2018079287504051
PRIM2BP	0.3333333333333333
PRIMA1	-0.8949916186464506
PRIMPOL	0.4575412480162102
PRKAA1	0.5275708791493638
PRKAA2	-0.35356545733745026
PRKAB1	-0.2525232751423365
PRKAB1-AS1	0.0
PRKAB2	0.23702748668666374
PRKACA	0.9516829552405799
PRKACB	0.7321516775653292
PRKACB-DT	0.12617054108457681
PRKACG	0.0
PRKAG1	0.9125316704231388
PRKAG2	-1.3899750004807707
PRKAG2-AS1	0.0
PRKAG2-AS2	0.0
PRKAG3	-0.3333333333333333
PRKAR1A	-0.27890148594748965
PRKAR1AP1	0.0
PRKAR1B	-0.9596427475542946
PRKAR1B-AS1	0.0
PRKAR1B-AS2	0.0
PRKAR2A	0.6215480043813439
PRKAR2A-AS1	0.3333333333333335
PRKAR2B	1.107309364962454
PRKAR2B-AS1	0.0
PRKCA	-0.17496224326215248
PRKCA-AS1	-0.276691666185896
PRKCB	-0.6356301985361725
PRKCD	-0.06729086232496595
PRKCE	0.4079781953816175
PRKCE-AS1	0.0
PRKCE-AS2	0.0
PRKCG	0.7233083338141042
PRKCH	-0.7173343644816832
PRKCH-AS1	0.0
PRKCH-AS2	-0.6666666666666666
PRKCI	0.44094895187804983
PRKCIP1	0.0
PRKCQ	-0.7543448019445982
PRKCQ-AS1	-1.276691666185896
PRKCSH	-0.2936540881734775
PRKCZ	-0.1668096635031624
PRKCZ-AS1	0.0
PRKCZ-DT	0.5283208335737187
PRKD1	-0.6977031347971607
PRKD2	0.15984631598838073
PRKD3	0.06200580604592787
PRKD3-DT	0.0
PRKDC	-0.43224646758136487
PRKG1	-1.3333333333333333
PRKG1-AS1	-0.6666666666666666
PRKG2	0.0
PRKG2-AS1	0.0
PRKN	0.0
PRKRA	0.9849740681248162
PRKRIP1	0.7567079435400377
PRKX	-0.8050124997596145
PRKX-AS1	0.0
PRKXP1	0.0
PRKY	-0.2822256552982729
PRL	0.0
PRLH	0.0
PRLHR	0.0
PRLR	-1.0051604758144048
PRM1	-0.3333333333333333
PRM2	-0.3333333333333333
PRM3	0.0
PRMT1	-0.08412604735138984
PRMT1P1	0.0
PRMT2	0.8530309427903049
PRMT2IP	-0.32404032247485404
PRMT3	-0.13645874457109386
PRMT5	-0.04810279356123104
PRMT5-AS1	-1.6862978963511894
PRMT5-DT	0.8543120647970524
PRMT5P1	-0.3333333333333333
PRMT6	-0.24379767456024215
PRMT7	0.3046087818499883
PRMT8	0.0
PRMT9	0.5342813400949531
PRNCR1	-0.3333333333333333
PRND	0.0
PRNP	0.07721710197874998
PRNT	0.0
PRO1804	0.0
PROB1	-1.3764276723149884
PROC	-1.505733300668541
PROCA1	-0.5283208335737188
PROCR	-0.9999999999999999
PRODH	0.0
PRODH2	-1.0790699869183396
PRODHLP	0.33333333333333337
PROK1	0.0
PROK2	0.0
PROKR1	0.0
PROKR2	0.0
PROM1	-1.3680483089345015
PROM2	-0.3333333333333333
PROP1	0.0
PRORP	-0.9717702187201684
PRORSD1P	0.27899813749915925
PRORY	0.0
PROS1	-0.8958940369137611
PROS2P	0.0
PROSER1	-0.2806953567769348
PROSER2	0.2910671239176468
PROSER2-AS1	1.5283208335737188
PROSER3	0.9055543833484068
PROX1	-0.42066167220869666
PROX1-AS1	-0.9123218647220683
PROX2	1.4972843654432246
PROZ	-0.907488674823697
PRP4K	-0.02789337545899606
PRPF18	0.48879479309302143
PRPF19	-0.34988248419213885
PRPF19-DT	1.3022968652028395
PRPF19P1	0.0
PRPF3	-0.14280016634869597
PRPF31	0.05433344855759259
PRPF31-AS1	0.7097610056483223
PRPF38A	0.40517973088210546
PRPF38AP1	0.0
PRPF38AP2	0.0
PRPF38B	0.056722011036517195
PRPF39	0.5492409352749732
PRPF39-DT	-0.5283208335737187
PRPF4	0.552066574878376
PRPF40A	0.0537994984218777
PRPF40B	-0.04095224926184482
PRPF4BP1	0.0
PRPF6	-0.4569429269592584
PRPF8	-0.013956788351283222
PRPH	0.3333333333333333
PRPH2	-0.3333333333333333
PRPS1	-0.3234082537591023
PRPS1L1	0.0
PRPS1P1	0.0
PRPS1P2	0.10730936496245391
PRPS2	-0.29450797145915786
PRPSAP1	0.4959415411150818
PRPSAP2	-0.04814876161654613
PRR11	-0.15723352582735117
PRR11-AS1	-0.11754163070342649
PRR11P1	0.0
PRR12	-1.082313685085845
PRR13	-0.17611344848814792
PRR13P1	-0.19498750024038536
PRR13P2	0.6666666666666666
PRR13P3	0.0
PRR13P4	0.0
PRR13P5	0.6666666666666666
PRR13P7	0.0
PRR14	0.2161926943612622
PRR14L	0.3457218298650453
PRR15	-0.31830403682382036
PRR15-DT	0.10730936496245391
PRR15L	-1.2887495370370576
PRR16	0.0
PRR18	-0.5283208335737186
PRR19	-0.19498750024038536
PRR20A	0.0
PRR20B	0.0
PRR20C	0.0
PRR20D	0.0
PRR20E	0.0
PRR20FP	0.0
PRR20G	0.0
PRR22	-1.5283208335737188
PRR23A	0.0
PRR23B	0.0
PRR23C	0.0
PRR23D1	0.0
PRR23D2	0.0
PRR23D3P	0.0
PRR23E	0.0
PRR23E2P	0.0
PRR27	0.0
PRR29	-1.3022968652028393
PRR29-AS1	0.0
PRR3	0.2891554827848708
PRR30	0.0
PRR32	0.0
PRR33	0.0
PRR34	0.0
PRR35	0.0
PRR36	-0.3899750004807707
PRR3P1	0.0
PRR4	0.33333333333333326
PRR5	0.1742949186640841
PRR5-ARHGAP8	0.0
PRR5L	-0.861654166907052
PRR7	-0.623351275809382
PRR7-AS1	-0.9581563726387134
PRR9	0.0
PRRC1	-0.0956381033915541
PRRC2A	0.5517071164966065
PRRC2C	0.05779383244278158
PRRC2CP1	0.0
PRRG1	0.7177569465360838
PRRG2	-1.9182958340544898
PRRG3	0.0
PRRG4	-1.5491835577774888
PRRT1	-0.5283208335737187
PRRT1B	0.0
PRRT2	1.0566416671474375
PRRT3	0.666435409943305
PRRT3-AS1	-0.5418681617395009
PRRT4	0.0
PRRX1	0.0
PRRX2	0.0
PRRX2-AS1	0.0
PRSS1	0.0
PRSS12	0.037271820399586986
PRSS16	0.0
PRSS2	0.0
PRSS21	0.0
PRSS22	0.0
PRSS23	0.4595038744179103
PRSS23-AS1	0.7173343644816832
PRSS27	0.47167916642628127
PRSS29P	0.0
PRSS3	-0.3333333333333333
PRSS30P	-0.3333333333333333
PRSS33	0.0
PRSS35	0.0
PRSS36	-0.3791678412499784
PRSS37	0.0
PRSS38	0.0
PRSS3P1	0.0
PRSS3P3	0.0
PRSS3P4	0.0
PRSS40A	0.0
PRSS40B	0.0
PRSS41	0.0
PRSS42P	0.0
PRSS44P	0.0
PRSS45P	0.0
PRSS46P	0.0
PRSS47P	0.0
PRSS48	0.15797706277747103
PRSS50	0.0
PRSS51	0.3333333333333333
PRSS52P	0.0
PRSS53	0.13834583309294812
PRSS54	0.3333333333333333
PRSS55	0.0
PRSS56	-0.5283208335737187
PRSS57	-0.3333333333333333
PRSS58	0.0
PRSS59P	0.0
PRSS8	-1.5283208335737186
PRTFDC1	0.0
PRTG	-0.5387684248124902
PRTN3	0.0
PRUNE1	0.2893286764494567
PRUNE1P1	0.0
PRUNE2	0.0
PRX	0.2456551980554018
PRXL2A	-0.09429287787442053
PRXL2AP1	0.0
PRXL2AP2	0.0
PRXL2B	-0.10359584576072134
PRXL2C	-0.7355659291509244
PRXL2CP1	0.0
PSAP	0.4087650807920067
PSAPL1	0.0
PSAT1	-0.855222944109844
PSAT1P1	0.0
PSAT1P2	0.0
PSAT1P3	-0.7739760316291208
PSAT1P4	0.0
PSCA	0.0
PSD	-0.6666666666666667
PSD2	0.3333333333333333
PSD2-AS1	-0.19498750024038541
PSD3	0.19018338150554914
PSD3-AS1	0.3333333333333333
PSD4	-0.8334098174087958
PSEN1	0.8225199760442381
PSEN2	0.44029026270143934
PSENEN	0.2691183073525347
PSG1	0.0
PSG10P	0.0
PSG11	0.0
PSG11-AS1	0.0
PSG2	0.0
PSG3	0.0
PSG4	0.0
PSG5	0.0
PSG6	0.0
PSG7	0.0
PSG8	0.0
PSG8-AS1	0.0
PSG9	0.0
PSIP1	0.8902191197419516
PSIP1P1	0.0
PSKH1	0.9622430826465296
PSKH2	0.0
PSLNR	0.3333333333333333
PSMA1	0.04828432649515957
PSMA1P1	0.861654166907052
PSMA2	-0.17005808947153334
PSMA2P1	0.8791433068717638
PSMA2P2	0.0
PSMA2P3	0.0
PSMA3	-0.45998730512170116
PSMA3-AS1	0.5063665952718281
PSMA3P1	0.0
PSMA4	0.24432007865342698
PSMA5	-0.06861657707492874
PSMA5P1	0.0
PSMA6	0.15047691468049162
PSMA6P1	0.6356301985361729
PSMA6P2	-0.6666666666666666
PSMA6P3	0.0
PSMA6P4	0.0
PSMA7	0.11447243644789928
PSMA8	0.0
PSMB1	0.414590009999646
PSMB10	-0.4074641404454824
PSMB11	0.3333333333333333
PSMB2	-0.33754110753733
PSMB3	0.360266867927864
PSMB3P1	0.0
PSMB3P2	0.0
PSMB4	0.330269265808381
PSMB5	-0.5891008704971199
PSMB6	-0.2976181565158278
PSMB7	-0.07076478356768945
PSMB7P1	0.0
PSMB8	-3.3022968652028397
PSMB8-AS1	-0.33333333333333337
PSMB9	0.08767813527793189
PSMC1	-0.05731517707431166
PSMC1P1	-0.19498750024038536
PSMC1P10	0.0
PSMC1P11	0.5283208335737187
PSMC1P12	0.0
PSMC1P13	0.0
PSMC1P2	0.0
PSMC1P3	0.0
PSMC1P4	0.0
PSMC1P5	0.0
PSMC1P6	0.0
PSMC1P7	0.0
PSMC1P8	0.0
PSMC1P9	0.0
PSMC2	0.13938267132661508
PSMC2P1	-0.3333333333333333
PSMC2P2	0.0
PSMC3	-0.4386941953252732
PSMC3IP	0.48331082862660635
PSMC3P1	0.0
PSMC4	-0.07797247140169095
PSMC5	0.15413339893632738
PSMC6	-0.31869607037094205
PSMC6P2	-0.3333333333333333
PSMD1	0.24781569635868195
PSMD10	0.0781776614028864
PSMD10P1	-0.07413080711214892
PSMD10P2	0.0
PSMD10P3	0.0
PSMD11	-0.09463376737808815
PSMD12	-0.2526752629494098
PSMD12P1	0.0
PSMD13	-0.5038625303838948
PSMD14	-0.1977944306360051
PSMD14-DT	-0.33333333333333326
PSMD14P1	0.0
PSMD2	0.4491394200477501
PSMD2P1	0.3333333333333333
PSMD3	0.6398420505384053
PSMD3-AS1	0.0
PSMD4	0.3821824319920921
PSMD4P1	0.0
PSMD5	-0.19039457790084224
PSMD6	0.44358855089964866
PSMD6-AS1	0.0
PSMD6-AS2	0.24565519805540204
PSMD7	-0.32501633906524674
PSMD7-DT	-0.3333333333333333
PSMD7P1	0.0
PSMD7P2	-0.3333333333333333
PSMD7P3	-1.0
PSMD7P4	0.0
PSMD8	-0.004420190714403915
PSMD8P1	0.3333333333333333
PSMD9	0.7510905780734736
PSME1	-0.26862176797237236
PSME2	-0.42787948911878004
PSME2P1	-0.6626423892331417
PSME2P2	0.19881937985299514
PSME2P3	-0.1383458330929479
PSME2P4	0.5283208335737187
PSME2P5	0.0
PSME2P6	-0.3333333333333333
PSME3	0.1644404995363189
PSME3IP1	-0.16180894239008037
PSME4	0.35119408036125144
PSMF1	-0.07219355209020328
PSMG1	-0.37905058995082097
PSMG2	0.2442970012967267
PSMG3	-0.7502122669005233
PSMG3-AS1	1.3333333333333335
PSMG3P1	0.0
PSMG3P2	0.0
PSMG4	-0.030939309193565023
PSORS1C1	0.0
PSORS1C2	0.0
PSORS1C3	-0.6666666666666667
PSPC1	0.1364791704989896
PSPC1-AS2	-0.19498750024038536
PSPC1P1	0.0
PSPC1P2	0.0
PSPH	-0.856615908443886
PSPHP1	0.0
PSPN	-0.6455459796675238
PSRC1	-0.10845736815931595
PSTK	0.4844293519244731
PSTPIP1	-0.7739760316291207
PSTPIP2	-1.5283208335737186
PTAFR	-0.3333333333333333
PTAR1	0.05142702636690544
PTBP1	0.07894802436703152
PTBP1P	0.0
PTBP2	-0.24297335028128142
PTBP3	0.2790166868953303
PTCD1	0.0542992448494477
PTCD2	0.24758820454165242
PTCD2P1	0.0
PTCD2P2	0.0
PTCD3	0.1719949918379644
PTCH1	-0.39457693365578006
PTCH2	-0.208534828406167
PTCHD1	0.0
PTCHD3	0.3333333333333333
PTCHD3P1	0.0
PTCHD3P2	-0.5283208335737187
PTCHD3P3	0.0
PTCHD4	-4.363076876551027
PTCRA	0.0
PTCSC2	0.0
PTCSC3	0.0
PTDSS1	-0.2276875063326056
PTDSS2	-0.011696129906320074
PTEN	0.6457100620618981
PTENP1	0.4641058075929201
PTENP1-AS	0.0
PTER	-0.007976963012218619
PTF1A	0.0
PTGDR	0.3333333333333333
PTGDR2	-1.0258654683400517
PTGDS	0.0
PTGER1	0.3333333333333333
PTGER2	0.0
PTGER3	0.0
PTGER3-AS1	0.0
PTGER4	-0.5283208335737186
PTGER4P2	0.0
PTGER4P3	0.0
PTGES	0.0
PTGES2	-0.1868921356924833
PTGES2-DT	-0.6666666666666666
PTGES3	-0.17250394412011616
PTGES3L	-1.1949875002403854
PTGES3L-AARSD1	0.0
PTGES3P1	-0.7233083338141042
PTGES3P2	0.8812853965915749
PTGES3P3	0.0
PTGES3P4	0.0
PTGES3P5	0.0
PTGFR	0.0
PTGFRN	-2.460402150443932
PTGIR	0.0
PTGIS	0.0
PTGR1	1.6901297759637992
PTGR2	0.8983818061571931
PTGR3	-0.4099488287429889
PTGS1	0.0
PTGS2	0.0
PTH	-0.5283208335737187
PTH1R	0.0
PTH2	0.0
PTH2R	-0.3333333333333333
PTHLH	0.0
PTK2	0.1526532950117394
PTK2B	-0.7429395634986267
PTK6	0.6666666666666666
PTK7	0.33256081255097314
PTMA	-0.06099905241822334
PTMAP1	0.3333333333333333
PTMAP10	0.0
PTMAP11	0.0
PTMAP12	0.1383458330929479
PTMAP15	0.0
PTMAP2	-0.3333333333333333
PTMAP3	0.0
PTMAP4	0.3333333333333333
PTMAP5	0.19498750024038541
PTMAP6	0.0
PTMAP8	0.0
PTMAP9	-0.1383458330929479
PTMS	0.2773832177993629
PTN	0.0
PTOV1	0.050221033093892586
PTOV1-AS1	-0.20256085907374688
PTOV1-AS2	0.0
PTOV1P1	0.0
PTP4A1	-2.8538692487836395
PTP4A1P1	0.0
PTP4A1P2	0.0
PTP4A1P3	0.0
PTP4A1P4	0.0
PTP4A1P5	0.0
PTP4A1P6	0.0
PTP4A1P7	0.0
PTP4A2	0.31497393673249263
PTP4A2P1	0.0
PTP4A2P2	0.3333333333333333
PTP4A3	-1.6666666666666665
PTPA	-1.0436818389069815
PTPDC1	0.2503534746839966
PTPMT1	-1.4169871911777387
PTPN1	0.8444711833402074
PTPN11	-0.0837486410975492
PTPN11BP	0.7407974737788159
PTPN11P1	0.0
PTPN11P2	0.5593573017042126
PTPN11P3	-0.3333333333333333
PTPN11P4	0.0
PTPN11P5	-0.3333333333333333
PTPN12	0.4831460992319183
PTPN13	-0.3333333333333333
PTPN14	-0.22854367754233884
PTPN18	0.505056895265958
PTPN2	0.32708903299755754
PTPN20	0.3333333333333333
PTPN20CP	0.0
PTPN21	0.43044659168464605
PTPN22	0.0
PTPN23	0.5786100431893582
PTPN23-DT	0.19498750024038536
PTPN2P1	0.0
PTPN2P2	0.0
PTPN3	0.2511619514437866
PTPN4	-0.16847403329266086
PTPN5	0.0
PTPN6	0.19378374905625861
PTPN7	0.0
PTPN9	-0.3198282800870951
PTPRA	1.1392370174058701
PTPRB	0.48248632565707306
PTPRB-AS1	-0.19038556706537513
PTPRC	0.0
PTPRC-AS1	0.0
PTPRCAP	0.0
PTPRD	-0.6666666666666666
PTPRD-AS1	0.0
PTPRD-DT	0.0
PTPRE	0.0
PTPRE-AS1	0.0
PTPRF	-0.52706641453016
PTPRG	-0.10470618334766346
PTPRG-AS1	-1.1949875002403854
PTPRH	0.3022968652028384
PTPRJ	0.16185701059412416
PTPRJ-AS1	0.3333333333333333
PTPRK	0.12244921398683317
PTPRK-AS1	0.881285396591575
PTPRM	0.35213076298405
PTPRN	0.0
PTPRN2	0.6700178882213073
PTPRN2-AS1	-0.861654166907052
PTPRN2-AS2	0.0
PTPRN2-AS3	-0.5283208335737187
PTPRO	0.0
PTPRQ	0.0
PTPRR	0.3333333333333333
PTPRS	-0.010489268601326707
PTPRS-AS1	0.0
PTPRT	0.0
PTPRT-AS1	0.0
PTPRT-DT	0.0
PTPRU	-0.11407114037832056
PTPRVP	-1.0
PTPRZ1	0.0
PTRH1	0.0
PTRH2	-0.12125103524929415
PTRHD1	-0.07455998906563632
PTS	-0.12601144662733077
PTTG1	-0.1307724742595866
PTTG1IP	0.4732280873841255
PTTG1IP2	0.0
PTTG1P1	0.0
PTTG1P2	0.0
PTTG2	0.0
PTTG3P	0.0
PTX3	0.0
PTX4	0.0
PUDP	0.5510647328679079
PUDPP1	0.0
PUDPP2	0.0
PUDPP3	0.0
PUF60	0.35054748667598723
PUM1	0.021342571164676194
PUM2	0.010864509611550943
PUM3	-0.08782693137294739
PURA	0.34013373068657415
PURB	-0.18651164904660433
PURG	0.0
PURPL	-0.30412749025468777
PUS1	-0.17236000948011032
PUS1-AS1	-0.3333333333333333
PUS10	-1.8158711350948895
PUS3	0.4772308765826132
PUS7	0.3741214593550364
PUS7L	-0.8786820289187949
PUSL1	-0.09479609459805971
PVALB	0.0
PVALEF	-0.3333333333333333
PVR	-0.24491799580536355
PVRIG	0.7739760316291209
PVRIG2P	0.0
PVT1	-0.9863197521376126
PWAR1	0.0
PWAR5	0.0
PWP1	0.04050008976045838
PWP2	0.03966267873902929
PWRN1	0.0
PWRN2	0.0
PWRN4	0.0
PWWP2A	0.1310840926291421
PWWP2AP1	0.0
PWWP2B	-1.7233083338141042
PWWP3A	-0.08874821901350138
PWWP3B	0.0
PWWP4	0.0
PXDC1	-1.1620290835461162
PXDN	0.3333333333333333
PXDNL	0.0
PXK	0.8754963526015449
PXMP2	-0.3435294399444744
PXMP4	0.0
PXN	0.20458115404816368
PXN-AS1	-0.3022968652028397
PXT1	0.0
PXYLP1	-0.6455170309112734
PYCARD	-2.3899750004807707
PYCARD-AS1	0.0
PYCR1	-0.8887668429918572
PYCR1-AS1	0.0
PYCR2	-0.6360389045653001
PYCR3	0.8221367367809034
PYDC1	0.0
PYDC2	-0.47167916642628127
PYDC2-AS1	0.968963531869506
PYGB	1.1753067458700244
PYGL	-0.2214096590840704
PYGM	0.47167916642628127
PYGO1	-0.3333333333333333
PYGO2	1.1054630699132266
PYGO2-AS1	-0.3333333333333333
PYHIN1	0.0
PYHIN5P	0.0
PYM1	0.09508034791342368
PYROXD1	-1.1101298912118525
PYROXD2	0.043094338981655156
PYURF	-0.2233835310255392
PYY	0.0
PYY2	0.0
PYY3	0.0
PZP	0.5283208335737186
QARS1	0.2312275957648735
QDPR	0.17869214053701565
QKI	0.050575182549273734
QKILA	-0.3333333333333333
QNG1	-0.517464879421575
QPCT	0.0
QPCTL	-0.5500383934154689
QPRT	-0.24984732101134455
QRFP	-0.9999999999999999
QRFPR	0.0
QRICH1	0.39262545964650464
QRICH2	-0.2049032813717364
QRSL1	-0.5971962819471814
QRSL1P1	0.9689635318695059
QRSL1P2	0.0
QRSL1P3	0.37385399329363755
QSER1	-0.4290473011075875
QSOX1	0.9493323021849829
QSOX2	-0.11104970596091945
QTGAL	0.1552913432496137
QTMAN	0.31691167071473547
QTMAN-AS1	0.3333333333333333
QTRT1	-0.9234514998378733
QTRT1P1	0.0
QTRT2	-0.67615778326876
R3HCC1	-0.21075815997642433
R3HCC1L	0.17714654348701941
R3HDM1	0.1548366366071754
R3HDM2	0.18237222801197017
R3HDM2-DT	0.0
R3HDM2P1	0.0
R3HDM2P2	0.0
R3HDM4	0.5571473404822074
R3HDML	-0.3333333333333333
R3HDML-AS1	-0.3333333333333333
RAB10	0.3975160709583001
RAB11A	0.390566144324457
RAB11AP1	0.0
RAB11AP2	0.0
RAB11B	0.5536953572384125
RAB11B-AS1	-0.13834583309294812
RAB11FIP1	0.26479063297117733
RAB11FIP1P1	-0.1383458330929479
RAB11FIP2	-0.9267729057730207
RAB11FIP3	0.1793652377690682
RAB11FIP4	-0.5064580530311922
RAB11FIP5	-0.6687704743973679
RAB12	0.09578791173184431
RAB12-AS1	-0.33333333333333337
RAB13	-0.3211580413249626
RAB14	0.6092142972356278
RAB15	-0.06630462721044417
RAB17	-0.7031581786215959
RAB17-DT	-0.968963531869506
RAB18	0.5932377115028498
RAB19	-0.5283208335737187
RAB1A	0.19344926033937426
RAB1AP1	-0.3333333333333333
RAB1AP2	0.0
RAB1B	0.2903639893840477
RAB1C	0.0
RAB20	-0.09525149411129252
RAB21	0.2330728649024838
RAB22A	-0.02313718698918965
RAB23	0.5755740261749862
RAB24	-0.4096062301652936
RAB25	0.0
RAB26	0.49586963664972306
RAB27A	-0.7983107285630506
RAB27B	-0.3333333333333333
RAB27B-AS1	0.0
RAB28	-0.21105316107902183
RAB28P1	0.0
RAB28P2	0.0
RAB28P3	0.0
RAB28P4	0.0
RAB28P5	0.3333333333333333
RAB29	-1.028177836737222
RAB2A	0.1307218930670775
RAB2B	0.05169992672259127
RAB30	0.6260579220194282
RAB30-DT	0.5472512640442373
RAB31	-0.19498750024038536
RAB31P1	0.0
RAB32	-0.1406706932615851
RAB33A	-0.3333333333333333
RAB33B	0.4810204465201551
RAB33B-AS1	0.17452065201900435
RAB34	0.6666666666666666
RAB35	0.26566591095761005
RAB35-AS1	1.8124684374357654
RAB36	-0.8481068387412705
RAB37	1.7097610056483223
RAB37-AS1	0.0
RAB38	0.0
RAB39A	0.0
RAB39B	0.6666666666666666
RAB3A	-0.087678135277931
RAB3B	-0.22707053754773376
RAB3C	0.0
RAB3D	0.35876159391670814
RAB3GAP1	0.34382255727935984
RAB3GAP2	0.306216099084585
RAB3IL1	-0.6765824477980174
RAB3IP	0.764741150096536
RAB3IP-DT	-0.3333333333333333
RAB40A	0.3333333333333333
RAB40AL	0.6666666666666666
RAB40B	1.027487386730658
RAB40C	0.8258691075703135
RAB41	0.7739760316291209
RAB42	-2.257529834632308
RAB42P1	0.0
RAB43	0.29484092752668767
RAB43P1	0.19498750024038536
RAB44	0.0
RAB4A	0.2346629155842006
RAB4A-AS1	0.5811694800109923
RAB4B	0.6666666666666667
RAB4B-EGLN2	0.0
RAB5A	0.2815629347624933
RAB5B	0.8112581533738386
RAB5C	0.08558496995484077
RAB5C-AS1	0.0
RAB5CP1	-0.30229686520283927
RAB5CP2	0.5283208335737187
RAB5IF	0.377180312964148
RAB6A	-0.26073492030379697
RAB6B	0.3800592193494201
RAB6C	0.0
RAB6C-AS1	0.0
RAB6D	-0.5283208335737187
RAB7A	0.30332813330604225
RAB7B	0.0
RAB8A	-0.1702036281164787
RAB8B	0.3937528496066136
RAB9A	0.24478791678457057
RAB9AP1	0.0
RAB9AP2	0.0
RAB9AP3	0.0
RAB9AP4	0.0
RAB9AP5	0.0
RAB9B	0.3333333333333333
RAB9BP1	0.3333333333333333
RABAC1	-0.07413080711214937
RABEP1	0.567537250363177
RABEP2	0.421421416688057
RABEPK	-0.6354235112091082
RABEPKP1	0.0
RABGAP1	0.8614401436716488
RABGAP1L	0.3418604317210159
RABGAP1L-AS1	0.3333333333333333
RABGAP1L-DT	0.9357849740192015
RABGAP1L-IT1	0.0
RABGEF1	1.2551782487876593
RABGEF1P1	0.7687274458816891
RABGEF1P2	0.0
RABGEF1P3	-0.3333333333333333
RABGGTA	0.029279587948447094
RABGGTB	-0.3910259666874616
RABGGTBP1	1.5283208335737186
RABIF	1.1874329268656076
RABL2A	0.5072826122091705
RABL2B	1.2318221869213426
RABL3	-0.4709678091594487
RABL6	-0.23209131310273534
RAC1	0.502342752368456
RAC1P1	0.0
RAC1P2	0.0
RAC1P3	0.0
RAC1P4	0.3333333333333333
RAC1P5	-0.19498750024038541
RAC1P6	0.0
RAC1P7	0.0
RAC1P8	0.0
RAC1P9	0.0
RAC2	0.0
RAC3	0.7308482957692988
RACGAP1	-0.010835770140565693
RACGAP1P1	0.0
RACK1	0.3004826411923993
RACK1P1	0.3333333333333333
RACK1P2	0.0
RACK1P3	-0.3333333333333333
RAD1	-0.1360468706190332
RAD17	0.6584124406248115
RAD17P1	0.3333333333333333
RAD17P2	-0.33333333333333337
RAD18	-0.34532682285584304
RAD1P1	0.0
RAD1P2	0.0
RAD21	0.18457656623682084
RAD21-AS1	-1.0
RAD21L1	0.0
RAD21P1	-0.6666666666666666
RAD23A	-0.05933276732599868
RAD23B	-0.1876057913446525
RAD23BP1	0.0
RAD23BP2	0.0
RAD23BP3	0.0
RAD50	-0.32821734522218726
RAD51	-0.020466848221381007
RAD51-AS1	0.542677074204347
RAD51AP1	-0.7156638512197491
RAD51AP1P1	0.1383458330929479
RAD51AP2	0.3333333333333333
RAD51B	-0.4541900264615695
RAD51B-AS1	0.0
RAD51C	-0.26560808485514453
RAD51D	-0.6454812078515504
RAD52	0.32485548856638236
RAD52P1	0.0
RAD54B	0.9414761451388483
RAD54L	-0.44323473137983704
RAD54L2	0.23602128689693114
RAD54L2P1	0.0
RAD9A	0.19404916170470088
RAD9B	0.19498750024038536
RADIL	0.0
RADX	0.9475867527296011
RAE1	0.3150024491557364
RAET1E	0.0
RAET1E-AS1	0.054499577427626456
RAET1G	0.0
RAET1K	-0.861654166907052
RAET1L	0.0
RAET1M	0.0
RAF1	0.33127679365530227
RAF1P1	0.0
RAG1	-1.0566416671474375
RAG2	1.0
RAI1	-0.3951348054065589
RAI1-AS1	0.6666666666666667
RAI14	-0.8789504082145703
RAI14-DT	0.0
RAI2	0.0
RALA	0.2295446496137581
RALB	0.3523750621578614
RALBP1	0.10369142329198411
RALBP1P1	0.0
RALBP1P2	0.0
RALGAPA1	0.5170403633936509
RALGAPA1P1	0.8805153430291743
RALGAPA2	0.9315803437546375
RALGAPB	0.6086461692954108
RALGDS	0.4716791664262814
RALGPS1	1.9617858113529594
RALGPS2	0.2773742757355153
RALGPS2-AS1	-0.3333333333333335
RALY	0.18409398532820553
RALY-AS1	0.5594126123428342
RALYL	0.0
RAMAC	0.7407974737788159
RAMACL	0.5283208335737186
RAMP1	-0.602451640685868
RAMP2	-0.861654166907052
RAMP2-AS1	-0.3333333333333333
RAMP3	0.0
RAN	-0.38573055177652904
RANBP1	-0.5241784803427905
RANBP10	0.6840409103587106
RANBP17	0.3333333333333333
RANBP1P1	0.3333333333333333
RANBP2	-0.3321784867797106
RANBP20P	0.0
RANBP3	-0.032383351714080355
RANBP3-DT	-1.107309364962454
RANBP3L	-0.5283208335737187
RANBP6	0.13834583309294768
RANBP9	0.5369497738373248
RANGAP1	0.6850393790997762
RANGRF	-0.4406426982957875
RANP1	-0.22602396837087912
RANP2	0.0
RANP3	0.0
RANP4	0.3333333333333333
RANP5	0.0
RANP6	0.0
RANP7	0.0
RANP8	0.3333333333333333
RANP9	0.0
RAP1A	0.34120745713315337
RAP1AP	-0.19498750024038536
RAP1B	0.22603917488314096
RAP1BL	0.0
RAP1BP1	0.0
RAP1BP2	0.0
RAP1BP3	0.0
RAP1GAP	-1.4896306492954539
RAP1GAP2	-0.09879766759340836
RAP1GAP2-AS1	0.3333333333333333
RAP1GDS1	-0.02269018321011984
RAP2A	0.33688811961787124
RAP2B	0.6104736275231026
RAP2C	-0.00923030897389765
RAP2C-AS1	-1.5313170946494705
RAP2CP1	0.0
RAPGEF1	0.3026803159478746
RAPGEF2	0.5423007873788945
RAPGEF3	-0.3333333333333333
RAPGEF4	-0.3333333333333333
RAPGEF4-AS1	0.0
RAPGEF5	-1.0715921888123647
RAPGEF6	0.25313941660645867
RAPGEFL1	0.35893853235027695
RAPH1	0.6390231821185335
RAPSN	-0.38509274182596975
RARA	-0.0959494435657593
RARA-AS1	1.1949875002403856
RARB	0.21461872992490805
RARG	0.10730936496245391
RARRES1	0.3791678412499784
RARRES2	-0.7850787424772401
RARRES2P1	0.5283208335737187
RARRES2P10	0.0
RARRES2P11	0.0
RARRES2P2	0.0
RARRES2P3	0.0
RARRES2P4	0.0
RARRES2P5	0.0
RARRES2P6	0.0
RARRES2P7	0.0
RARRES2P8	0.0
RARRES2P9	0.0
RARS1	0.15199472056800545
RARS1P1	0.0
RARS2	0.019555112078597503
RASA1	0.09940859116513412
RASA2	0.26624578186140013
RASA2-IT1	1.1949875002403854
RASA3	0.0
RASA3-IT1	0.0
RASA4	0.0
RASA4B	0.0
RASA4CP	0.0
RASA4DP	0.0
RASA4EP	0.3333333333333333
RASAL1	-0.3333333333333333
RASAL2	0.15645190495364059
RASAL2-AS1	-0.2691183073525347
RASAL3	0.0
RASD1	-0.25920252622118367
RASD2	0.0
RASEF	0.0
RASGEF1A	-0.7233083338141041
RASGEF1B	-0.3899750004807707
RASGEF1C	0.0
RASGRF1	-1.4406426982957872
RASGRF2	-0.37521276036485585
RASGRF2-AS1	0.1383458330929479
RASGRP1	0.1558349730576598
RASGRP2	-0.5283208335737187
RASGRP3	0.0
RASGRP4	-0.19498750024038541
RASIP1	-0.3333333333333333
RASL10A	0.0
RASL10B	-1.2551782487876588
RASL11A	0.38595072304724587
RASL11B	-0.5283208335737187
RASL12	-0.5283208335737187
RASSF1	0.12445633991296035
RASSF1-AS1	0.0
RASSF10	0.0
RASSF10-DT	0.0
RASSF2	-1.5283208335737184
RASSF3	-0.11797506365739618
RASSF3-AS1	0.0
RASSF4	0.6127338401324671
RASSF5	-1.9047485058887075
RASSF6	-2.6494557438615587
RASSF7	0.07054439835993076
RASSF8	0.9885044435244721
RASSF8-AS1	1.4074641404454824
RASSF9	0.0
RAVER1	0.061357218242269695
RAVER2	-0.3026708276096608
RAX	-0.3333333333333333
RAX2	0.0
RB1	0.5393586156034837
RB1-DT	0.19498750024038536
RB1CC1	0.2853362992145714
RBAK	0.027801195544940427
RBAK-RBAKDN	0.0
RBAKDN	0.0
RBBP4	-0.6748892487895306
RBBP4P1	0.5283208335737187
RBBP4P2	1.0566416671474375
RBBP4P3	0.0
RBBP4P4	0.0
RBBP4P5	0.0
RBBP4P6	0.0
RBBP4P7	0.0
RBBP5	0.3320131101532775
RBBP6	0.23371653951076254
RBBP7	0.08602086891550798
RBBP8	-0.49247054341264995
RBBP8-AS1	-0.5283208335737186
RBBP8NL	-1.7739760316291204
RBBP8P1	0.0
RBBP8P2	0.6666666666666666
RBBP9	-0.9672615982689488
RBCK1	-0.2571162967386771
RBFA	0.7651277278438844
RBFADN	0.1383458330929479
RBFOX1	0.0
RBFOX2	-0.03153213402430488
RBFOX3	-0.3333333333333333
RBIS	0.07573826826443053
RBISP1	0.0
RBISP2	0.0
RBISP3	-0.5283208335737187
RBISP4	0.0
RBISP5	0.0
RBISP6	0.861654166907052
RBKS	0.003132899334083561
RBL1	-0.07361885439229532
RBL2	-0.06310267290743798
RBM10	0.2862147169181535
RBM11	0.3333333333333333
RBM11P1	0.0
RBM12	-0.31795019399559266
RBM12B	-0.005400018873913837
RBM12B-AS1	-0.10013164444590705
RBM12B-DT	0.19498750024038541
RBM14	-0.005207603311899511
RBM14-RBM4	0.6174809371953809
RBM15	0.04971479168287285
RBM15-AS1	0.0
RBM15B	0.26180902770761705
RBM17	0.20248976575406896
RBM17P1	0.0
RBM17P2	-0.6666666666666666
RBM17P3	0.0
RBM17P4	0.3333333333333333
RBM18	0.3481591458667017
RBM19	-0.08555785196946797
RBM19-AS1	-1.0566416671474375
RBM20	0.3333333333333333
RBM22	-0.03574220650524218
RBM22P1	0.3333333333333333
RBM22P12	0.0
RBM22P13	0.0
RBM22P2	0.0
RBM22P3	0.0
RBM22P4	0.0
RBM22P5	0.0
RBM22P6	0.0
RBM22P7	0.0
RBM23	-0.5283208335737187
RBM24	-0.3333333333333333
RBM25	0.26786108632625627
RBM25-AS1	0.2826656355183166
RBM26	-0.09418093518485193
RBM26-AS1	0.6855278427887894
RBM27	0.46420499902785384
RBM27-POU4F3	0.0
RBM28	-0.05754532857268657
RBM3	-0.09072481356685991
RBM33	0.08593826511949043
RBM33-DT	0.7739760316291213
RBM34	0.19498750024038536
RBM38	0.3371750304286749
RBM38-AS1	0.0
RBM39	0.1465332674779738
RBM39P1	0.0
RBM4	0.7139099915038916
RBM41	-0.22784343460140377
RBM42	0.05452147985552358
RBM43	-1.1703206397591264
RBM43P1	0.0
RBM44	0.08767813527793122
RBM45	0.25342362851510014
RBM46	0.0
RBM46-AS1	0.0
RBM47	-1.5484385563163858
RBM47-AS1	0.0
RBM48	0.06503033843429318
RBM48P1	0.0
RBM4B	0.08798377358348475
RBM5	0.5158042004707797
RBM5-AS1	0.5283208335737186
RBM6	0.7053173151870986
RBM7	-0.1990511939558015
RBM7P1	-0.3333333333333333
RBM8A	0.33139524299805423
RBM8B	0.0
RBMS1	-0.3494334267561019
RBMS1P1	0.0
RBMS2	-0.5506922321932315
RBMS2P1	1.1949875002403854
RBMS3	-0.3333333333333333
RBMS3-AS1	0.0
RBMS3-AS2	0.0
RBMS3-AS3	0.0
RBMX	-0.10634515480894713
RBMX2	-0.20254483740670803
RBMX2P1	-0.6666666666666666
RBMX2P2	0.0
RBMX2P3	0.0
RBMX2P4	0.0
RBMX2P5	0.0
RBMXL1	-0.9838186061341112
RBMXL2	0.0
RBMXL3	0.0
RBMXP1	-0.19498750024038541
RBMXP2	0.3333333333333333
RBMXP3	0.0
RBMXP4	0.6666666666666666
RBMXP5	-0.3333333333333333
RBMY1A1	0.0
RBMY1A3P	0.0
RBMY1B	0.0
RBMY1D	0.0
RBMY1E	0.0
RBMY1F	0.0
RBMY1HP	0.0
RBMY1J	0.0
RBMY1KP	0.0
RBMY2AP	0.0
RBMY2BP	0.0
RBMY2CP	0.0
RBMY2DP	0.0
RBMY2EP	0.0
RBMY2FP	0.0
RBMY2GP	0.0
RBMY2HP	0.0
RBMY2JP	0.0
RBMY2KP	0.0
RBMY2MP	0.0
RBMY2NP	0.0
RBMY2OP	0.0
RBMY2QP	0.0
RBMY2SP	0.0
RBMY2TP	0.0
RBMY2UP	0.0
RBMY2WP	0.0
RBMY2XP	0.0
RBMY2YP	0.0
RBMY3AP	0.0
RBP1	0.4258446585096358
RBP2	0.0
RBP3	0.5283208335737187
RBP4	0.6650933092645879
RBP5	-0.40598217210175225
RBP7	-0.33333333333333326
RBPJ	-0.12982043892879602
RBPJL	0.3333333333333333
RBPJP2	0.0
RBPJP5	0.0
RBPJP6	0.0
RBPJP7	0.0
RBPMS	-0.590172717959077
RBPMS-AS1	0.0
RBPMS2	0.0
RBPMS2P1	0.0
RBPMSLP	-0.3333333333333333
RBSN	-0.26780119318029705
RBX1	0.31601183337842365
RBX1P1	0.0
RBX1P2	0.3333333333333333
RC3H1	0.028489966625475205
RC3H1-DT	0.3333333333333333
RC3H1-IT1	0.276691666185896
RC3H2	0.1999101884917014
RCAN1	-0.5676727540809559
RCAN2	0.3333333333333333
RCAN2-DT	0.0
RCAN3	0.24455432383112186
RCAN3AS	0.0
RCBTB1	-0.01146653356581595
RCBTB2	1.0507167665714454
RCBTB2P1	0.0
RCC1	-0.35312486614794114
RCC1L	-0.27810527455494505
RCC2	-0.7710345211509884
RCC2-AS1	0.0
RCC2P1	0.0
RCC2P2	0.0
RCC2P3	0.0
RCC2P4	0.0
RCC2P5	0.0
RCC2P6	0.19498750024038536
RCC2P7	0.0
RCC2P8	0.0
RCCD1	0.15143793270802153
RCCD1-AS1	0.17535627055586245
RCE1	0.4318149444766419
RCHY1	-1.0577408638476298
RCL1	0.011306840412920849
RCN1	-1.5094488993650845
RCN1P1	0.3333333333333333
RCN1P2	0.5283208335737187
RCN2	-0.04615723072911493
RCN3	-0.38537306730576093
RCOR1	0.9330993538986094
RCOR2	-0.9867897943842614
RCOR2P1	0.0
RCOR3	0.3471089540963117
RCSD1	0.3333333333333333
RCVRN	0.0
RD3	0.0
RD3L	0.0
RDH10	-0.37908550269195374
RDH10-AS1	-1.0
RDH11	-0.026705440043693685
RDH12	-0.6666666666666666
RDH13	-0.2881616764478405
RDH14	0.4423736363315873
RDH16	0.3333333333333333
RDH5	1.2146187299249083
RDH8	0.0
RDM1	0.0
RDM1P1	0.0
RDM1P2	0.0
RDM1P3	0.0
RDM1P4	0.0
RDM1P5	0.0
RDUR	0.0
RDX	0.7416747151342502
RDXP1	0.6666666666666666
RDXP2	0.0
RDXP3	0.0
REC114	0.4210114686112646
REC8	0.47167916642628116
RECK	1.0359187267852943
RECQL	0.7199843511421768
RECQL4	0.4349382438442735
RECQL5	0.40922002524396994
REDIC1	-1.0234631092971327
REELD1	0.0
REEP1	-0.1383458330929479
REEP2	-0.4595038744179103
REEP3	0.522241654725736
REEP4	-0.040635153268209656
REEP5	0.26345459403381977
REEP6	1.3093932348869695
REG1A	0.0
REG1B	0.0
REG1CP	0.0
REG3A	0.0
REG3G	0.3333333333333333
REG4	0.0
REL	0.586046012287964
REL-DT	0.0
RELA	0.22010664733852892
RELA-DT	0.8851172762041841
RELB	-0.23062590154588936
RELCH	0.5332771669446101
RELL1	0.22512144642227838
RELL2	0.5943006261110217
RELN	-0.8196256316841648
RELT	0.770078340371291
REM1	0.0
REM2	0.0
REN	0.0
RENBP	0.19498750024038547
REP15	0.0
REPIN1	-0.3624016180578966
REPIN1-AS1	0.3677626028040071
REPS1	0.24118405879430593
REPS2	0.8616541669070521
RER1	0.7579791883720839
RERE	0.04192781579209459
RERE-AS1	0.1383458330929479
REREP1Y	0.0
REREP2Y	0.0
RERG	0.3333333333333333
RERG-AS1	0.0
RERG-IT1	0.0
RERGL	0.0
RESF1	0.2817742574188751
RESP18	0.0
REST	-0.07207522765469321
RET	-0.8481068387412702
RETN	0.0
RETNLB	0.5283208335737187
RETREG1	0.754344801944598
RETREG1-AS1	0.0
RETREG2	0.8704708983704972
RETREG3	1.0085945214878338
RETSAT	0.930382309519941
REV1	0.008651240857273201
REV3L	0.09459871123029373
REV3L-AS1	0.25666021713138987
REV3L-IT1	-0.4406426982957875
REX1BD	0.7310134252460392
REXO1	0.5139645929430907
REXO1L10P	0.0
REXO1L11P	0.0
REXO1L12P	0.0
REXO1L1P	0.0
REXO1L2P	0.0
REXO1L3P	0.0
REXO1L4P	0.0
REXO1L5P	0.0
REXO1L6P	0.0
REXO1L8P	0.0
REXO1L9P	0.0
REXO2	-0.02444456982595966
REXO4	-0.09526426205848271
REXO5	0.28081957433784055
REXO6P	0.0
RFC1	0.309958496054918
RFC2	-0.00564282120366677
RFC3	-0.2529682247764251
RFC3P1	0.0
RFC4	-0.22705459266030203
RFC5	-0.049404667943977465
RFC5P1	0.0
RFESD	1.8939413466579156
RFESDP1	0.0
RFFL	-0.10092177807530511
RFK	-0.4721818601820136
RFKP1	0.0
RFKP2	0.0
RFKP3	0.6666666666666666
RFKP4	-0.3333333333333333
RFKP5	0.0
RFKP6	0.0
RFLNA	0.0
RFLNB	-0.601589969882026
RFNG	0.36832680106598037
RFPL1	0.0
RFPL2	-0.3333333333333333
RFPL3	0.0
RFPL3S	0.0
RFPL4A	-0.3333333333333333
RFPL4AL1	0.0
RFPL4AP1	0.0
RFPL4AP3	0.0
RFPL4AP4	-1.0
RFPL4AP5	0.0
RFPL4AP6	0.0
RFPL4AP7	0.0
RFPL4B	0.0
RFT1	-0.05637754061050071
RFTN1	-0.6998452245169715
RFTN1P1	0.0
RFTN2	-0.7739760316291207
RFWD3	0.2320762388490838
RFX1	0.6772362865757797
RFX2	0.7037870363159016
RFX2-AS1	0.0
RFX2-AS2	0.0
RFX3	0.4478722776025137
RFX3-DT	0.19498750024038536
RFX4	0.0
RFX4-AS1	-0.861654166907052
RFX5	-0.036222926560617985
RFX5-AS1	0.3333333333333333
RFX6	0.0
RFX7	-0.18147275662387763
RFX8	-0.3333333333333333
RFXANK	0.31035088209416983
RFXAP	0.7267409890308363
RGCC	1.0
RGL1	1.3418450307023786
RGL2	-0.21647190503887348
RGL3	-0.44064269829578717
RGL4	-0.031036468130493988
RGL4P1	0.0
RGMA	3.6504282383223243
RGMB	1.4159758378145288
RGMB-AS1	0.9999999999999999
RGN	-1.1752511676493214
RGP1	0.2089936571280866
RGPD1	0.3333333333333333
RGPD2	0.5283208335737187
RGPD3	0.0
RGPD4	0.0
RGPD4-DT	0.0
RGPD5	-0.3333333333333333
RGPD6	0.0
RGPD8	0.8987745365562869
RGR	-1.3333333333333335
RGS1	0.0
RGS10	-0.5161455415653475
RGS11	0.0
RGS12	0.06333736231924547
RGS13	1.0566416671474375
RGS14	-1.1030872276837336
RGS16	0.0
RGS17	2.114582068364351
RGS17P1	0.7233083338141042
RGS18	0.0
RGS19	-1.0944158755744344
RGS2	0.02346310929713269
RGS2-AS1	-0.19498750024038536
RGS20	-1.1949875002403856
RGS21	0.0
RGS22	0.0
RGS3	-0.46039525251735114
RGS3-AS1	-0.5283208335737187
RGS4	0.0
RGS5	1.0
RGS5-AS1	-0.3333333333333333
RGS6	0.3333333333333333
RGS7	0.0
RGS7BP	0.0
RGS8	0.0
RGS9	0.33333333333333337
RGS9BP	0.6666666666666666
RGSL1	0.3333333333333333
RHAG	0.0
RHBDD1	0.24825558314876428
RHBDD2	0.6915933115929143
RHBDD3	0.11487727881088006
RHBDF1	1.8110140680674491
RHBDF1P1	-0.3333333333333333
RHBDF2	1.0598172352493016
RHBDL1	-0.3333333333333335
RHBDL2	-0.2124766402050975
RHBDL3	0.0
RHBG	-1.399335656109253
RHCE	0.6666666666666667
RHCG	0.3333333333333333
RHD	-1.0566416671474372
RHEB	0.15772199079080185
RHEBL1	0.4716791664262816
RHEBP1	0.0
RHEBP2	-1.436260906276813
RHEBP3	-0.3333333333333333
RHEX	0.44064269829578717
RHNO1	0.5631028796980999
RHO	-0.3333333333333333
RHOA	0.5331331551198915
RHOA-IT1	0.33333333333333326
RHOB	0.9099435499374753
RHOBTB1	-2.056312657397977
RHOBTB2	-0.4428824005949501
RHOBTB2-AS1	-0.3333333333333333
RHOBTB3	-0.11744495755333251
RHOC	1.0688133448869754
RHOD	0.9357849740192014
RHOF	0.5376589589635845
RHOG	0.2467903419949682
RHOG2P	-0.19498750024038541
RHOH	0.0
RHOJ	-2.399890781612121
RHOQ	-0.6920119636775137
RHOQ-AS1	0.0
RHOQP1	0.35296456301785617
RHOQP2	0.0
RHOQP3	0.0
RHOT1	0.26462739323361006
RHOT1P1	0.3333333333333333
RHOT1P2	-0.5283208335737187
RHOT1P3	-0.3333333333333333
RHOT2	0.39649374702000983
RHOU	-0.7319701685574573
RHOV	0.3333333333333333
RHOXF1	0.0
RHOXF1-AS1	-0.6666666666666666
RHOXF1P1	0.0
RHOXF1P2	0.0
RHOXF1P3	0.3333333333333333
RHOXF2	-0.3333333333333333
RHOXF2B	0.0
RHPN1	0.2456551980554018
RHPN1-AS1	0.0
RHPN2	-0.4288382587161079
RHPN2P1	0.3333333333333333
RIBC1	1.0
RIBC2	-1.0000000000000002
RIC1	0.8097602325976485
RIC3	0.0
RIC3-DT	0.0
RIC8A	0.19597367041069447
RIC8B	-0.17972754672458713
RICTOR	0.33583922360961793
RIDA	-0.3150425722311292
RIDAP1	0.0
RIDAP2	0.0
RIF1	-0.005122270461189515
RIGI	-0.09689311719527627
RIIAD1	0.0
RILP	-0.1847913936292449
RILPL1	0.6489193262410065
RILPL2	-0.7023050679721714
RIMBP2	0.0
RIMBP2-AS1	0.0
RIMBP3	-0.6666666666666666
RIMBP3B	0.0
RIMBP3C	0.0
RIMKLA	0.2882891269042709
RIMKLB	0.0
RIMKLBP1	-0.9182958340544894
RIMKLBP2	0.6100249995192293
RIMOC1	-0.0011842821162328931
RIMS1	0.0
RIMS2	0.3333333333333333
RIMS3	-0.4383472364340406
RIMS4	1.2691183073525347
RIN1	-0.44064269829578784
RIN2	-0.7778079112417307
RIN3	-1.985895579214985
RING1	0.7300666692616238
RINL	-2.1746839729059406
RINT1	0.3331899219065466
RIOK1	0.8673453380266998
RIOK2	-0.005834209366626375
RIOK3	0.7045450891595513
RIOK3P1	0.0
RIOX1	0.5044913014830144
RIOX2	-0.5515286046082597
RIPK1	0.4901975829298548
RIPK2	0.16933391137162257
RIPK3	0.0
RIPK4	0.5278067786375837
RIPOR1	-0.3751769606946196
RIPOR2	0.0
RIPOR3	0.4716791664262814
RIPOR3-AS1	0.3333333333333333
RIPPLY1	-0.6666666666666667
RIPPLY2	0.0
RIPPLY3	-2.107309364962454
RIT1	0.5862612347906326
RIT2	0.3333333333333333
RITA1	-0.019486701208090373
RLBP1	0.3333333333333333
RLF	0.42576319102497706
RLIG1	0.38597590849447805
RLIG1P1	0.0
RLIG1P2	0.0
RLIG1P3	0.0
RLIM	0.15812566838195252
RLIMP1	-0.17152439094325267
RLIMP2	0.0
RLIMP3	0.0
RLN1	0.0
RLN2	0.0
RLN3	0.0
RMC1	0.9493323021849829
RMDN1	0.41391924873445873
RMDN2	-0.3751993233790367
RMDN2-AS1	0.3333333333333333
RMDN3	0.2997562794650914
RMEL3	0.0
RMI1	0.015694798536297405
RMI2	0.032527881306741335
RMI2-AS1	0.06635711570060954
RMND1	0.15859245979973569
RMND5A	-0.10072068743538942
RMND5B	0.6323316286411957
RMP24	0.42025813099972886
RMP24P1	0.0
RMP64	0.09984423677026388
RMRP	0.0
RMRPP5	0.0
RMST	0.0
RN7SK	0.0
RN7SKP1	0.0
RN7SKP10	0.0
RN7SKP100	0.0
RN7SKP101	0.0
RN7SKP102	0.0
RN7SKP103	0.0
RN7SKP104	0.0
RN7SKP105	0.0
RN7SKP106	0.0
RN7SKP107	0.0
RN7SKP108	0.0
RN7SKP109	0.0
RN7SKP11	0.0
RN7SKP110	0.0
RN7SKP111	0.0
RN7SKP112	-0.3333333333333333
RN7SKP113	0.0
RN7SKP114	-0.19498750024038541
RN7SKP115	-0.19498750024038541
RN7SKP116	0.0
RN7SKP117	0.0
RN7SKP118	0.0
RN7SKP119	0.0
RN7SKP12	0.0
RN7SKP120	0.0
RN7SKP121	0.0
RN7SKP122	0.0
RN7SKP123	0.0
RN7SKP124	0.0
RN7SKP125	0.0
RN7SKP126	0.0
RN7SKP127	0.0
RN7SKP128	0.0
RN7SKP129	0.0
RN7SKP13	0.0
RN7SKP130	0.0
RN7SKP131	0.0
RN7SKP132	0.0
RN7SKP133	0.0
RN7SKP134	0.0
RN7SKP135	0.0
RN7SKP136	0.0
RN7SKP137	0.0
RN7SKP139	0.0
RN7SKP14	0.0
RN7SKP140	0.0
RN7SKP141	0.0
RN7SKP142	0.0
RN7SKP143	0.0
RN7SKP144	0.0
RN7SKP145	0.0
RN7SKP146	0.0
RN7SKP147	0.0
RN7SKP148	0.0
RN7SKP149	0.0
RN7SKP15	0.0
RN7SKP150	0.19498750024038547
RN7SKP151	0.0
RN7SKP152	0.0
RN7SKP153	0.0
RN7SKP154	0.0
RN7SKP155	0.0
RN7SKP156	0.0
RN7SKP157	0.0
RN7SKP158	-0.3333333333333333
RN7SKP159	0.0
RN7SKP16	-1.376427672314989
RN7SKP160	0.3333333333333333
RN7SKP161	0.0
RN7SKP162	0.0
RN7SKP163	1.0566416671474375
RN7SKP164	0.0
RN7SKP165	0.0
RN7SKP166	0.0
RN7SKP167	0.0
RN7SKP168	0.0
RN7SKP169	0.0
RN7SKP17	0.0
RN7SKP170	0.0
RN7SKP171	0.0
RN7SKP172	0.0
RN7SKP173	0.0
RN7SKP174	0.0
RN7SKP175	0.0
RN7SKP176	0.0
RN7SKP177	0.0
RN7SKP178	0.0
RN7SKP179	0.0
RN7SKP18	0.0
RN7SKP180	0.723308333814104
RN7SKP181	0.0
RN7SKP182	0.0
RN7SKP183	0.0
RN7SKP184	0.0
RN7SKP185	0.3333333333333333
RN7SKP186	0.0
RN7SKP187	0.0
RN7SKP188	0.0
RN7SKP189	0.0
RN7SKP19	0.0
RN7SKP190	0.0
RN7SKP191	0.0
RN7SKP192	0.0
RN7SKP193	0.3333333333333333
RN7SKP194	0.0
RN7SKP195	0.0
RN7SKP196	0.0
RN7SKP197	0.0
RN7SKP198	0.0
RN7SKP199	0.0
RN7SKP2	0.0
RN7SKP20	0.0
RN7SKP200	0.0
RN7SKP202	0.0
RN7SKP203	0.6877877853083483
RN7SKP204	0.0
RN7SKP205	0.0
RN7SKP206	0.0
RN7SKP207	0.0
RN7SKP208	0.0
RN7SKP209	0.0
RN7SKP21	0.0
RN7SKP210	0.0
RN7SKP211	0.0
RN7SKP212	0.0
RN7SKP213	0.0
RN7SKP214	0.0
RN7SKP216	0.0
RN7SKP217	-0.3333333333333333
RN7SKP218	0.0
RN7SKP219	0.3333333333333333
RN7SKP22	-0.24565519805540204
RN7SKP220	0.0
RN7SKP221	0.0
RN7SKP222	0.0
RN7SKP223	0.0
RN7SKP224	0.0
RN7SKP225	0.0
RN7SKP226	0.0
RN7SKP227	0.0
RN7SKP228	0.0
RN7SKP229	0.0
RN7SKP23	0.7543448019445982
RN7SKP230	1.3118199159350963
RN7SKP231	0.0
RN7SKP232	0.0
RN7SKP233	0.0
RN7SKP234	0.0
RN7SKP235	-0.4406426982957875
RN7SKP236	0.0
RN7SKP237	0.6666666666666666
RN7SKP238	0.0
RN7SKP239	0.0
RN7SKP24	0.0
RN7SKP240	0.0
RN7SKP241	0.0
RN7SKP242	0.0
RN7SKP243	0.0
RN7SKP244	0.0
RN7SKP245	0.8616541669070521
RN7SKP246	0.0
RN7SKP247	0.0
RN7SKP248	0.0
RN7SKP249	0.0
RN7SKP25	0.0
RN7SKP250	0.0
RN7SKP251	0.0
RN7SKP252	0.0
RN7SKP253	0.0
RN7SKP254	0.0
RN7SKP255	0.8646963188916281
RN7SKP256	0.0
RN7SKP257	0.0
RN7SKP258	0.0
RN7SKP259	0.0
RN7SKP26	0.0
RN7SKP260	0.0
RN7SKP261	0.0
RN7SKP262	0.0
RN7SKP263	0.0
RN7SKP264	-0.3333333333333333
RN7SKP265	0.0
RN7SKP266	0.0
RN7SKP267	0.0
RN7SKP268	0.0
RN7SKP269	-0.19498750024038541
RN7SKP27	0.0
RN7SKP270	0.0
RN7SKP271	0.2456551980554018
RN7SKP272	0.0
RN7SKP273	0.47167916642628127
RN7SKP275	0.0
RN7SKP276	0.0
RN7SKP277	0.0
RN7SKP278	0.0
RN7SKP279	0.0
RN7SKP28	0.0
RN7SKP280	0.0
RN7SKP281	0.0
RN7SKP282	0.0
RN7SKP283	0.0
RN7SKP284	0.0
RN7SKP285	0.0
RN7SKP286	0.0
RN7SKP287	0.0
RN7SKP288	0.0
RN7SKP289	0.0
RN7SKP29	0.0
RN7SKP290	0.0
RN7SKP291	1.3899750004807707
RN7SKP292	-0.5283208335737186
RN7SKP293	0.0
RN7SKP294	0.0
RN7SKP295	0.0
RN7SKP296	-0.3333333333333333
RN7SKP297	0.0
RN7SKP298	0.0
RN7SKP299	0.0
RN7SKP3	0.0
RN7SKP30	-0.5283208335737187
RN7SKP31	0.0
RN7SKP32	0.0
RN7SKP33	0.0
RN7SKP34	0.0
RN7SKP35	0.0
RN7SKP36	0.0
RN7SKP37	0.3333333333333333
RN7SKP38	-0.5283208335737187
RN7SKP39	0.0
RN7SKP4	0.0
RN7SKP40	0.0
RN7SKP42	0.0
RN7SKP43	0.0
RN7SKP44	0.0
RN7SKP45	0.0
RN7SKP46	0.0
RN7SKP47	0.0
RN7SKP48	0.09759391640928206
RN7SKP49	0.0
RN7SKP5	0.0
RN7SKP50	0.6666666666666666
RN7SKP51	0.0
RN7SKP52	0.0
RN7SKP53	0.0
RN7SKP54	0.0
RN7SKP55	0.0
RN7SKP56	0.6666666666666666
RN7SKP57	-0.3333333333333333
RN7SKP58	0.0
RN7SKP59	0.0
RN7SKP6	0.0
RN7SKP60	0.0
RN7SKP61	0.0
RN7SKP62	0.0
RN7SKP63	0.0
RN7SKP64	-0.3333333333333333
RN7SKP65	0.0
RN7SKP66	0.0
RN7SKP67	0.0
RN7SKP68	0.0
RN7SKP69	0.0
RN7SKP7	0.0
RN7SKP70	0.3333333333333333
RN7SKP71	0.5558082203043764
RN7SKP72	0.0
RN7SKP73	0.0
RN7SKP74	0.19498750024038541
RN7SKP75	0.0
RN7SKP76	0.0
RN7SKP77	0.0
RN7SKP78	0.0
RN7SKP79	1.1715243909432527
RN7SKP8	-0.5283208335737187
RN7SKP80	0.6098566825713192
RN7SKP81	0.0
RN7SKP82	0.0
RN7SKP83	0.0
RN7SKP85	0.0
RN7SKP86	-0.5283208335737187
RN7SKP87	0.0
RN7SKP88	0.0
RN7SKP89	0.0
RN7SKP9	-0.21001679674989804
RN7SKP90	-0.3333333333333333
RN7SKP91	0.0
RN7SKP92	0.3333333333333333
RN7SKP93	0.0
RN7SKP94	0.0
RN7SKP95	1.968963531869506
RN7SKP96	0.0
RN7SKP97	1.1639510321098911
RN7SKP98	0.0
RN7SKP99	0.0
RN7SL1	0.11272200361135631
RN7SL100P	0.3333333333333333
RN7SL101P	0.0
RN7SL104P	0.0
RN7SL105P	0.0
RN7SL106P	0.0
RN7SL107P	0.0
RN7SL108P	0.0
RN7SL110P	0.0
RN7SL111P	0.0
RN7SL113P	1.0
RN7SL116P	0.0
RN7SL117P	0.0
RN7SL118P	0.0
RN7SL11P	0.0
RN7SL120P	0.0
RN7SL121P	0.3333333333333333
RN7SL122P	0.0
RN7SL123P	-0.6666666666666666
RN7SL124P	0.0
RN7SL125P	0.0
RN7SL126P	0.0
RN7SL127P	0.6666666666666667
RN7SL128P	-0.28266563551831636
RN7SL12P	0.0
RN7SL130P	0.0
RN7SL131P	0.0
RN7SL132P	-0.3333333333333333
RN7SL134P	0.0
RN7SL135P	0.0
RN7SL138P	0.0
RN7SL140P	0.0
RN7SL141P	0.8050124997596146
RN7SL143P	0.0
RN7SL144P	-0.5283208335737187
RN7SL145P	0.0
RN7SL146P	0.33333333333333326
RN7SL147P	0.0
RN7SL148P	0.0
RN7SL149P	0.0
RN7SL14P	0.0
RN7SL150P	0.0
RN7SL151P	0.1383458330929479
RN7SL152P	0.0
RN7SL153P	0.0
RN7SL154P	0.0
RN7SL155P	0.0
RN7SL156P	0.0
RN7SL159P	0.0
RN7SL15P	0.0
RN7SL160P	0.3333333333333333
RN7SL162P	0.0
RN7SL163P	0.0
RN7SL164P	0.0
RN7SL165P	0.0
RN7SL166P	-0.6666666666666667
RN7SL167P	0.0
RN7SL168P	0.0
RN7SL169P	0.0
RN7SL16P	0.3333333333333333
RN7SL170P	0.0
RN7SL172P	0.0
RN7SL173P	0.22602396837087924
RN7SL174P	0.0
RN7SL176P	0.0
RN7SL177P	0.0
RN7SL178P	0.0
RN7SL180P	0.3333333333333333
RN7SL181P	0.8616541669070521
RN7SL182P	0.0
RN7SL183P	0.0
RN7SL184P	0.0
RN7SL185P	0.0
RN7SL186P	0.0
RN7SL187P	0.0
RN7SL188P	0.0
RN7SL189P	0.0
RN7SL18P	0.0
RN7SL190P	0.0
RN7SL191P	0.0
RN7SL192P	-0.6666666666666666
RN7SL193P	0.0
RN7SL196P	0.0
RN7SL197P	0.0
RN7SL198P	0.0
RN7SL199P	0.0
RN7SL19P	1.0
RN7SL2	0.10389877968176009
RN7SL200P	0.861654166907052
RN7SL201P	0.0
RN7SL202P	0.0
RN7SL203P	0.0
RN7SL204P	0.0
RN7SL205P	0.0
RN7SL208P	0.6666666666666666
RN7SL209P	0.0
RN7SL20P	0.3333333333333333
RN7SL210P	0.0
RN7SL211P	0.0
RN7SL213P	-0.3333333333333333
RN7SL214P	0.0
RN7SL215P	0.0
RN7SL216P	0.0
RN7SL217P	0.0
RN7SL218P	0.0
RN7SL219P	0.0
RN7SL220P	-0.3333333333333333
RN7SL221P	0.0
RN7SL222P	0.0
RN7SL223P	0.0
RN7SL225P	0.6666666666666666
RN7SL228P	0.0
RN7SL229P	0.0
RN7SL22P	0.0
RN7SL230P	-0.861654166907052
RN7SL231P	0.0
RN7SL233P	0.3333333333333333
RN7SL234P	0.0
RN7SL236P	0.0
RN7SL237P	0.0
RN7SL238P	0.0
RN7SL239P	-0.08767813527793122
RN7SL23P	0.10730936496245413
RN7SL240P	0.0
RN7SL241P	0.0
RN7SL242P	0.0
RN7SL244P	0.0
RN7SL246P	0.5283208335737187
RN7SL248P	0.0
RN7SL250P	0.0
RN7SL251P	0.0
RN7SL252P	0.0
RN7SL253P	0.0
RN7SL254P	0.0
RN7SL255P	0.0
RN7SL258P	0.8616541669070521
RN7SL259P	0.0
RN7SL25P	0.861654166907052
RN7SL260P	0.0
RN7SL261P	0.0
RN7SL262P	0.0
RN7SL263P	-0.6666666666666667
RN7SL265P	0.6666666666666666
RN7SL266P	0.0
RN7SL267P	0.0
RN7SL268P	-0.19498750024038541
RN7SL269P	0.3333333333333333
RN7SL26P	0.0
RN7SL270P	0.0
RN7SL271P	0.0
RN7SL272P	0.0
RN7SL273P	0.0
RN7SL274P	0.0
RN7SL275P	0.0
RN7SL277P	-0.861654166907052
RN7SL278P	0.0
RN7SL279P	0.0
RN7SL280P	0.3333333333333333
RN7SL282P	0.0
RN7SL283P	0.0
RN7SL284P	0.0
RN7SL285P	0.3333333333333333
RN7SL286P	0.0
RN7SL288P	0.0
RN7SL28P	0.0
RN7SL290P	0.0
RN7SL291P	0.0
RN7SL292P	0.0
RN7SL293P	0.0
RN7SL294P	0.0
RN7SL296P	0.0
RN7SL297P	-0.3333333333333333
RN7SL299P	0.0
RN7SL3	0.12506973732661208
RN7SL300P	0.0
RN7SL301P	0.0
RN7SL302P	-0.3333333333333333
RN7SL303P	0.0
RN7SL304P	0.0
RN7SL305P	0.0
RN7SL306P	0.0
RN7SL307P	0.0
RN7SL308P	0.0
RN7SL309P	0.0
RN7SL30P	0.0
RN7SL310P	0.0
RN7SL311P	0.0
RN7SL313P	0.0
RN7SL314P	0.0
RN7SL316P	0.0
RN7SL317P	0.0
RN7SL318P	0.0
RN7SL319P	0.0
RN7SL320P	0.0
RN7SL321P	0.0
RN7SL322P	0.0
RN7SL323P	0.0
RN7SL325P	0.0
RN7SL326P	0.0
RN7SL327P	0.0
RN7SL328P	0.0
RN7SL329P	0.0
RN7SL32P	0.0
RN7SL330P	0.3333333333333333
RN7SL331P	0.0
RN7SL332P	0.0
RN7SL333P	0.5283208335737187
RN7SL334P	0.0
RN7SL335P	0.0
RN7SL336P	0.0
RN7SL337P	0.0
RN7SL338P	0.33333333333333337
RN7SL339P	0.0
RN7SL33P	0.0
RN7SL340P	0.0
RN7SL341P	0.0
RN7SL342P	0.0
RN7SL343P	0.0
RN7SL344P	-0.19498750024038541
RN7SL346P	0.0
RN7SL34P	0.6666666666666667
RN7SL350P	0.0
RN7SL351P	1.0566416671474375
RN7SL352P	0.0
RN7SL353P	0.0
RN7SL354P	0.0
RN7SL356P	0.0
RN7SL357P	0.0
RN7SL359P	0.0
RN7SL35P	0.0
RN7SL361P	0.0
RN7SL362P	0.0
RN7SL363P	0.0
RN7SL364P	0.0
RN7SL366P	0.0
RN7SL368P	0.0
RN7SL369P	0.0
RN7SL36P	-0.3333333333333333
RN7SL370P	0.19498750024038541
RN7SL371P	0.0
RN7SL372P	0.0
RN7SL375P	0.3333333333333333
RN7SL376P	0.33333333333333337
RN7SL377P	0.0
RN7SL378P	0.0
RN7SL379P	0.0
RN7SL37P	0.0
RN7SL380P	0.0
RN7SL381P	-0.8381910576099193
RN7SL382P	0.0
RN7SL383P	0.0
RN7SL384P	0.0
RN7SL385P	-0.3333333333333333
RN7SL386P	0.0
RN7SL387P	0.0
RN7SL388P	0.3333333333333333
RN7SL38P	0.0
RN7SL390P	0.6666666666666666
RN7SL391P	0.0
RN7SL392P	0.0
RN7SL393P	0.0
RN7SL394P	-1.0566416671474375
RN7SL395P	0.861654166907052
RN7SL396P	-0.6666666666666666
RN7SL397P	0.0
RN7SL398P	0.0
RN7SL399P	0.0
RN7SL39P	0.0
RN7SL400P	0.0
RN7SL401P	0.0
RN7SL402P	0.0
RN7SL403P	0.0
RN7SL404P	0.0
RN7SL405P	0.5283208335737186
RN7SL408P	0.0
RN7SL40P	0.0
RN7SL411P	0.0
RN7SL413P	0.8616541669070521
RN7SL414P	0.2456551980554018
RN7SL415P	0.0
RN7SL416P	0.0
RN7SL417P	0.3333333333333333
RN7SL418P	0.0
RN7SL419P	0.0
RN7SL41P	0.0
RN7SL420P	0.0
RN7SL422P	-0.5283208335737187
RN7SL423P	0.0
RN7SL424P	0.0
RN7SL426P	0.3333333333333333
RN7SL428P	0.0
RN7SL429P	0.0
RN7SL42P	0.0
RN7SL430P	-0.861654166907052
RN7SL431P	0.0
RN7SL432P	0.0
RN7SL434P	0.6666666666666666
RN7SL435P	0.0
RN7SL43P	0.0
RN7SL440P	0.0
RN7SL441P	0.6666666666666667
RN7SL442P	0.0
RN7SL443P	0.0
RN7SL444P	-0.6666666666666667
RN7SL445P	0.0
RN7SL446P	0.0
RN7SL447P	0.0
RN7SL448P	0.0
RN7SL449P	0.3333333333333333
RN7SL44P	0.0
RN7SL451P	0.0
RN7SL452P	-0.3333333333333333
RN7SL453P	0.0
RN7SL454P	0.0
RN7SL455P	-1.5283208335737188
RN7SL456P	0.0
RN7SL457P	0.0
RN7SL459P	0.1383458330929479
RN7SL45P	-0.5283208335737186
RN7SL460P	0.0
RN7SL461P	0.0
RN7SL462P	0.0
RN7SL464P	0.0
RN7SL465P	0.0
RN7SL466P	0.0
RN7SL468P	0.0
RN7SL469P	0.0
RN7SL470P	0.0
RN7SL471P	-0.6666666666666666
RN7SL472P	0.0
RN7SL473P	0.0
RN7SL474P	0.0
RN7SL475P	0.0
RN7SL477P	0.0
RN7SL478P	0.0
RN7SL479P	0.0
RN7SL47P	0.0
RN7SL480P	0.0
RN7SL481P	0.3333333333333333
RN7SL482P	0.0
RN7SL483P	0.0
RN7SL484P	0.0
RN7SL487P	0.3333333333333333
RN7SL488P	0.3333333333333333
RN7SL489P	0.0
RN7SL48P	0.0
RN7SL491P	0.0
RN7SL492P	0.0
RN7SL493P	0.0
RN7SL494P	0.0
RN7SL495P	0.0
RN7SL496P	0.0
RN7SL497P	0.0
RN7SL498P	0.3333333333333333
RN7SL499P	0.0
RN7SL49P	0.5283208335737187
RN7SL4P	0.0744738285580766
RN7SL502P	0.0
RN7SL503P	-0.5283208335737187
RN7SL504P	0.0
RN7SL505P	0.3333333333333333
RN7SL507P	0.0
RN7SL508P	0.0
RN7SL509P	0.0
RN7SL50P	0.0
RN7SL510P	-0.3333333333333333
RN7SL513P	0.0
RN7SL515P	0.0
RN7SL516P	0.0
RN7SL517P	1.1949875002403854
RN7SL518P	0.0
RN7SL519P	0.0
RN7SL51P	0.0
RN7SL520P	0.0
RN7SL521P	-1.4406426982957874
RN7SL523P	0.0
RN7SL524P	0.0
RN7SL525P	0.0
RN7SL526P	0.0
RN7SL52P	0.0
RN7SL530P	0.0
RN7SL531P	0.19498750024038541
RN7SL535P	0.3840010311483497
RN7SL536P	0.0
RN7SL538P	0.0
RN7SL539P	0.0
RN7SL541P	0.3333333333333333
RN7SL542P	0.0
RN7SL543P	0.0
RN7SL544P	0.0
RN7SL545P	0.0
RN7SL546P	-0.6666666666666667
RN7SL547P	0.0
RN7SL549P	0.0
RN7SL551P	0.0
RN7SL552P	0.19498750024038541
RN7SL553P	0.0
RN7SL554P	0.0
RN7SL555P	0.3333333333333333
RN7SL556P	0.3333333333333333
RN7SL557P	0.0
RN7SL558P	0.7739760316291205
RN7SL559P	0.19498750024038541
RN7SL55P	0.33333333333333337
RN7SL560P	0.0
RN7SL561P	0.0
RN7SL563P	0.0
RN7SL564P	0.0
RN7SL565P	0.0
RN7SL566P	0.0
RN7SL567P	0.0
RN7SL568P	0.0
RN7SL569P	0.3333333333333333
RN7SL570P	0.0
RN7SL571P	0.0
RN7SL573P	0.0
RN7SL574P	-0.3333333333333333
RN7SL575P	0.0
RN7SL577P	-0.861654166907052
RN7SL578P	0.0
RN7SL57P	0.5283208335737187
RN7SL580P	0.0
RN7SL581P	0.0
RN7SL582P	0.0
RN7SL583P	0.0
RN7SL584P	0.0
RN7SL585P	0.0
RN7SL586P	0.0
RN7SL587P	-0.861654166907052
RN7SL589P	0.0
RN7SL58P	0.0
RN7SL591P	0.0
RN7SL592P	0.0
RN7SL594P	0.0
RN7SL596P	0.6666666666666666
RN7SL597P	0.6666666666666666
RN7SL598P	0.0
RN7SL5P	0.3949725719725947
RN7SL600P	0.7739760316291208
RN7SL601P	0.0
RN7SL602P	0.0
RN7SL604P	0.0
RN7SL605P	-0.3333333333333333
RN7SL606P	0.3333333333333333
RN7SL607P	0.0
RN7SL608P	0.3333333333333333
RN7SL60P	0.0
RN7SL610P	1.1949875002403854
RN7SL612P	0.0
RN7SL614P	0.3333333333333333
RN7SL615P	0.0
RN7SL616P	0.0
RN7SL617P	0.0
RN7SL618P	0.0
RN7SL619P	0.0
RN7SL620P	0.0
RN7SL621P	0.0
RN7SL622P	0.0
RN7SL623P	0.0
RN7SL624P	-0.5283208335737187
RN7SL625P	0.0
RN7SL627P	0.0
RN7SL628P	0.0
RN7SL629P	0.3333333333333333
RN7SL62P	0.0
RN7SL630P	0.0
RN7SL632P	0.0
RN7SL633P	0.0
RN7SL634P	0.0
RN7SL635P	0.0
RN7SL636P	0.0
RN7SL638P	-0.5283208335737186
RN7SL63P	0.0
RN7SL640P	0.0
RN7SL643P	0.0
RN7SL644P	-0.5283208335737187
RN7SL645P	0.3333333333333333
RN7SL646P	0.0
RN7SL647P	0.0
RN7SL648P	0.138345833092948
RN7SL649P	0.0
RN7SL650P	0.0
RN7SL652P	0.0
RN7SL653P	-0.7739760316291205
RN7SL654P	0.0
RN7SL655P	0.0
RN7SL656P	0.0
RN7SL657P	0.0
RN7SL658P	0.0
RN7SL659P	0.0
RN7SL65P	-0.2826656355183168
RN7SL660P	0.0
RN7SL663P	0.0
RN7SL664P	0.0
RN7SL665P	0.0
RN7SL666P	0.0
RN7SL667P	0.0
RN7SL668P	0.0
RN7SL66P	-0.3333333333333333
RN7SL670P	0.3333333333333333
RN7SL672P	0.0
RN7SL673P	0.0
RN7SL674P	0.3022968652028395
RN7SL675P	0.3333333333333333
RN7SL677P	0.0
RN7SL678P	0.0
RN7SL679P	0.0
RN7SL67P	0.6666666666666666
RN7SL680P	0.0
RN7SL681P	0.3333333333333333
RN7SL683P	-0.3333333333333333
RN7SL684P	0.0
RN7SL685P	0.0
RN7SL687P	0.0
RN7SL688P	0.861654166907052
RN7SL689P	0.3333333333333333
RN7SL68P	0.0
RN7SL690P	0.0
RN7SL691P	0.0
RN7SL692P	0.0
RN7SL693P	0.0
RN7SL697P	0.0
RN7SL698P	0.3333333333333333
RN7SL69P	0.0
RN7SL700P	0.0
RN7SL702P	0.0
RN7SL703P	0.0
RN7SL704P	0.0
RN7SL705P	0.0
RN7SL706P	-0.3333333333333333
RN7SL708P	0.0
RN7SL709P	0.0
RN7SL70P	0.0
RN7SL711P	0.0
RN7SL712P	0.0
RN7SL713P	0.0
RN7SL714P	0.0
RN7SL715P	0.0
RN7SL716P	0.0
RN7SL717P	0.0
RN7SL718P	0.0
RN7SL719P	0.0
RN7SL720P	0.0
RN7SL722P	0.0
RN7SL724P	-0.3333333333333333
RN7SL725P	0.0
RN7SL726P	0.0
RN7SL727P	0.0
RN7SL728P	0.0
RN7SL72P	0.0
RN7SL731P	0.0
RN7SL732P	0.3333333333333333
RN7SL733P	0.19498750024038541
RN7SL734P	0.0
RN7SL735P	0.47167916642628127
RN7SL736P	0.0
RN7SL737P	0.0
RN7SL738P	0.5283208335737187
RN7SL73P	0.0
RN7SL740P	0.0
RN7SL741P	0.0
RN7SL743P	1.0741308071121494
RN7SL744P	-0.6666666666666666
RN7SL745P	-0.861654166907052
RN7SL748P	0.5283208335737187
RN7SL749P	0.19498750024038536
RN7SL74P	0.0
RN7SL750P	-0.19498750024038536
RN7SL751P	0.0
RN7SL752P	0.6666666666666666
RN7SL753P	0.0
RN7SL754P	0.0
RN7SL756P	-0.3333333333333333
RN7SL757P	-0.3333333333333333
RN7SL759P	0.0
RN7SL75P	-1.107309364962454
RN7SL760P	0.3333333333333333
RN7SL761P	0.0
RN7SL762P	-0.3333333333333333
RN7SL763P	0.0
RN7SL764P	0.0
RN7SL766P	0.0
RN7SL767P	1.0
RN7SL769P	0.0
RN7SL76P	0.0
RN7SL771P	0.0
RN7SL774P	0.0
RN7SL775P	0.0
RN7SL776P	0.0
RN7SL778P	1.0566416671474375
RN7SL77P	0.0
RN7SL782P	0.0
RN7SL783P	0.0
RN7SL784P	0.0
RN7SL785P	0.0
RN7SL786P	0.0
RN7SL787P	0.0
RN7SL788P	-0.5283208335737187
RN7SL789P	0.0
RN7SL78P	0.0
RN7SL790P	0.0
RN7SL791P	0.0
RN7SL792P	0.0
RN7SL793P	0.0
RN7SL794P	0.0
RN7SL795P	0.0
RN7SL796P	0.0
RN7SL797P	0.0
RN7SL798P	0.0
RN7SL799P	0.0
RN7SL79P	0.0
RN7SL7P	0.0
RN7SL800P	0.0
RN7SL801P	-0.19498750024038541
RN7SL802P	0.0
RN7SL803P	0.0
RN7SL804P	0.0
RN7SL806P	0.9999999999999999
RN7SL807P	0.0
RN7SL808P	0.0
RN7SL809P	0.24948707766801226
RN7SL810P	0.0
RN7SL811P	0.0
RN7SL812P	0.1383458330929479
RN7SL813P	0.0
RN7SL814P	0.0
RN7SL815P	0.0
RN7SL817P	0.0
RN7SL818P	0.0
RN7SL819P	0.0
RN7SL81P	0.30229686520283927
RN7SL820P	0.0
RN7SL822P	0.0
RN7SL823P	0.0
RN7SL824P	-0.5283208335737187
RN7SL825P	0.0
RN7SL826P	0.0
RN7SL827P	0.5283208335737187
RN7SL828P	0.0
RN7SL82P	0.0
RN7SL831P	0.0
RN7SL832P	0.6666666666666667
RN7SL833P	0.0
RN7SL834P	-1.6666666666666667
RN7SL835P	0.0
RN7SL836P	0.3333333333333333
RN7SL837P	0.0
RN7SL838P	0.0
RN7SL83P	0.0
RN7SL840P	0.6666666666666666
RN7SL841P	0.0
RN7SL842P	0.0
RN7SL843P	0.0
RN7SL845P	0.0
RN7SL846P	0.0
RN7SL847P	0.0
RN7SL849P	0.0
RN7SL850P	0.0
RN7SL851P	0.3899750004807707
RN7SL853P	0.0
RN7SL854P	0.0
RN7SL856P	0.0
RN7SL860P	0.0
RN7SL861P	0.0
RN7SL862P	0.0
RN7SL863P	0.0
RN7SL864P	0.0
RN7SL865P	0.0
RN7SL868P	0.0
RN7SL869P	0.0
RN7SL870P	0.0
RN7SL87P	0.0
RN7SL88P	0.0
RN7SL89P	0.0
RN7SL8P	0.0
RN7SL91P	0.0
RN7SL93P	0.0
RN7SL96P	0.0
RN7SL97P	0.0
RN7SL98P	0.0
RNA5-8SN1	-0.7543448019445979
RNA5-8SN2	1.0566416671474375
RNA5-8SN3	0.19498750024038541
RNA5-8SP	0.0
RNA5-8SP10	1.0566416671474375
RNA5-8SP2	0.0
RNA5-8SP4	0.0
RNA5-8SP5	0.0
RNA5-8SP7	0.0
RNA5S1	0.0
RNA5S10	0.0
RNA5S11	0.0
RNA5S12	0.0
RNA5S13	0.0
RNA5S14	0.0
RNA5S15	0.0
RNA5S16	0.0
RNA5S17	0.0
RNA5S2	0.0
RNA5S3	0.0
RNA5S4	0.0
RNA5S5	0.0
RNA5S6	0.0
RNA5S7	0.0
RNA5S8	0.0
RNA5S9	0.6666666666666667
RNA5SP100	0.0
RNA5SP101	0.0
RNA5SP102	0.0
RNA5SP103	0.0
RNA5SP104	0.0
RNA5SP105	0.0
RNA5SP106	0.0
RNA5SP107	0.0
RNA5SP108	0.0
RNA5SP109	0.0
RNA5SP110	0.3333333333333333
RNA5SP111	-1.0
RNA5SP112	-0.3333333333333333
RNA5SP113	0.0
RNA5SP114	0.0
RNA5SP115	0.0
RNA5SP116	0.0
RNA5SP117	0.0
RNA5SP118	0.0
RNA5SP119	0.0
RNA5SP120	0.0
RNA5SP121	0.0
RNA5SP122	0.0
RNA5SP123	1.107309364962454
RNA5SP124	0.0
RNA5SP125	0.0
RNA5SP126	0.0
RNA5SP127	0.0
RNA5SP128	0.0
RNA5SP129	0.0
RNA5SP130	0.0
RNA5SP131	0.0
RNA5SP132	0.3333333333333333
RNA5SP133	0.0
RNA5SP134	0.0
RNA5SP135	0.0
RNA5SP136	0.0
RNA5SP137	0.0
RNA5SP138	0.0
RNA5SP139	0.0
RNA5SP140	0.0
RNA5SP141	-0.5283208335737187
RNA5SP142	0.0
RNA5SP143	0.0
RNA5SP144	-0.3333333333333333
RNA5SP145	0.0
RNA5SP146	0.3333333333333333
RNA5SP147	0.0
RNA5SP148	0.0
RNA5SP149	-0.44064269829578745
RNA5SP150	0.0
RNA5SP151	0.0
RNA5SP152	-0.3333333333333333
RNA5SP153	0.0
RNA5SP154	0.0
RNA5SP155	1.1949875002403854
RNA5SP156	0.0
RNA5SP157	0.0
RNA5SP158	0.0
RNA5SP159	-0.602451640685868
RNA5SP160	-0.3333333333333333
RNA5SP161	0.0
RNA5SP162	0.0
RNA5SP163	0.0
RNA5SP164	0.0
RNA5SP165	0.0
RNA5SP166	0.0
RNA5SP167	0.0
RNA5SP168	-0.6666666666666666
RNA5SP169	0.0
RNA5SP170	0.0
RNA5SP171	0.0
RNA5SP172	0.0
RNA5SP173	0.0
RNA5SP174	0.0
RNA5SP175	0.0
RNA5SP176	0.0
RNA5SP177	0.0
RNA5SP178	0.0
RNA5SP179	0.0
RNA5SP18	0.5283208335737186
RNA5SP180	0.0
RNA5SP181	0.0
RNA5SP182	0.0
RNA5SP183	0.0
RNA5SP184	0.0
RNA5SP185	0.0
RNA5SP186	0.0
RNA5SP187	-0.38400103114834994
RNA5SP188	0.0
RNA5SP189	0.0
RNA5SP19	0.3333333333333333
RNA5SP190	0.0
RNA5SP191	-0.3333333333333333
RNA5SP192	0.0
RNA5SP193	0.0
RNA5SP194	0.0
RNA5SP195	-0.01963122968452291
RNA5SP196	0.0
RNA5SP197	0.0
RNA5SP198	0.0
RNA5SP199	0.0
RNA5SP20	0.0
RNA5SP200	0.0
RNA5SP201	0.3333333333333333
RNA5SP202	-0.19498750024038541
RNA5SP203	1.4406426982957872
RNA5SP204	0.0
RNA5SP205	0.0
RNA5SP206	0.0
RNA5SP207	0.0
RNA5SP208	0.0
RNA5SP209	0.0
RNA5SP21	0.0
RNA5SP210	0.0
RNA5SP211	0.0
RNA5SP212	0.0
RNA5SP213	0.0
RNA5SP214	0.0
RNA5SP215	-0.3333333333333333
RNA5SP216	0.0
RNA5SP217	0.602451640685868
RNA5SP218	0.0
RNA5SP219	0.0
RNA5SP22	0.3333333333333333
RNA5SP220	0.0
RNA5SP221	1.830617698776558
RNA5SP222	0.0
RNA5SP223	0.0
RNA5SP224	0.0
RNA5SP225	0.0
RNA5SP226	0.0
RNA5SP227	0.0
RNA5SP228	0.0
RNA5SP229	0.0
RNA5SP23	0.0
RNA5SP230	0.0
RNA5SP231	0.0
RNA5SP232	0.0
RNA5SP233	0.861654166907052
RNA5SP234	0.0
RNA5SP235	0.0
RNA5SP236	0.0
RNA5SP237	0.0
RNA5SP238	0.0
RNA5SP239	0.0
RNA5SP24	0.0
RNA5SP240	0.0
RNA5SP241	-0.5789885313887352
RNA5SP242	0.0
RNA5SP243	0.0
RNA5SP244	0.0
RNA5SP245	-0.5283208335737187
RNA5SP246	0.0
RNA5SP247	0.8616541669070521
RNA5SP248	0.5283208335737187
RNA5SP249	0.0
RNA5SP25	0.0
RNA5SP250	0.0
RNA5SP251	0.0
RNA5SP252	0.0
RNA5SP253	0.0
RNA5SP254	0.0
RNA5SP255	0.0
RNA5SP256	0.0
RNA5SP257	0.0
RNA5SP258	0.0
RNA5SP259	0.0
RNA5SP26	0.0
RNA5SP260	0.0
RNA5SP261	0.0
RNA5SP262	0.0
RNA5SP263	0.0
RNA5SP264	0.0
RNA5SP265	0.0
RNA5SP266	0.0
RNA5SP267	0.0
RNA5SP268	-0.1383458330929479
RNA5SP269	0.0
RNA5SP27	0.0
RNA5SP270	0.0
RNA5SP271	0.0
RNA5SP272	0.0
RNA5SP273	0.0
RNA5SP274	0.0
RNA5SP275	0.0
RNA5SP276	0.0
RNA5SP277	0.0
RNA5SP278	0.5283208335737187
RNA5SP279	0.0
RNA5SP28	0.0
RNA5SP280	-0.5283208335737187
RNA5SP281	-0.3333333333333333
RNA5SP282	0.0
RNA5SP283	1.325759974499972
RNA5SP284	0.0
RNA5SP285	0.0
RNA5SP286	0.0
RNA5SP287	0.0
RNA5SP288	0.0
RNA5SP289	0.138345833092948
RNA5SP29	0.0
RNA5SP290	0.0
RNA5SP291	0.0
RNA5SP292	0.0
RNA5SP293	0.0
RNA5SP294	-0.3333333333333333
RNA5SP295	0.3333333333333333
RNA5SP296	0.0
RNA5SP297	-0.33333333333333326
RNA5SP298	0.0
RNA5SP299	0.0
RNA5SP30	0.0
RNA5SP300	0.0
RNA5SP301	0.0
RNA5SP302	0.0
RNA5SP303	-0.3333333333333333
RNA5SP304	0.8616541669070521
RNA5SP305	-0.3333333333333333
RNA5SP306	0.0
RNA5SP307	0.0
RNA5SP308	-0.3333333333333333
RNA5SP309	0.0
RNA5SP31	0.0
RNA5SP310	0.0
RNA5SP311	-0.19498750024038541
RNA5SP312	0.0
RNA5SP315	0.0
RNA5SP317	0.0
RNA5SP318	-0.5283208335737186
RNA5SP319	0.0
RNA5SP320	0.0
RNA5SP321	0.0
RNA5SP322	0.0
RNA5SP323	0.1383458330929479
RNA5SP324	0.0
RNA5SP325	0.0
RNA5SP326	0.0
RNA5SP327	0.0
RNA5SP328	0.0
RNA5SP329	0.0
RNA5SP33	1.107309364962454
RNA5SP330	0.0
RNA5SP331	0.0
RNA5SP332	0.0
RNA5SP333	0.0
RNA5SP334	0.0
RNA5SP335	-0.3333333333333333
RNA5SP336	-0.3333333333333333
RNA5SP337	0.0
RNA5SP338	0.3333333333333333
RNA5SP339	0.3333333333333333
RNA5SP34	0.0
RNA5SP340	-0.5283208335737187
RNA5SP341	0.0
RNA5SP342	0.0
RNA5SP343	0.5283208335737186
RNA5SP344	0.6666666666666666
RNA5SP345	-0.4406426982957875
RNA5SP346	0.0
RNA5SP347	0.0
RNA5SP349	0.0
RNA5SP35	0.0
RNA5SP350	-0.3333333333333333
RNA5SP351	0.0
RNA5SP352	0.0
RNA5SP353	0.0
RNA5SP354	1.3333333333333333
RNA5SP355	-0.3333333333333333
RNA5SP356	0.0
RNA5SP357	0.0
RNA5SP358	0.0
RNA5SP359	0.0
RNA5SP36	0.0
RNA5SP360	0.0
RNA5SP361	0.0
RNA5SP362	0.0
RNA5SP363	0.0
RNA5SP364	0.0
RNA5SP365	0.0
RNA5SP366	0.0
RNA5SP367	0.0
RNA5SP368	0.0
RNA5SP369	0.0
RNA5SP37	0.5283208335737186
RNA5SP370	0.0
RNA5SP371	0.861654166907052
RNA5SP372	0.0
RNA5SP373	0.0
RNA5SP374	0.0
RNA5SP375	0.0
RNA5SP376	0.0
RNA5SP377	0.0
RNA5SP378	0.0
RNA5SP379	-0.19498750024038541
RNA5SP38	0.0
RNA5SP380	0.0
RNA5SP382	0.0
RNA5SP383	0.33333333333333326
RNA5SP384	0.0
RNA5SP385	0.0
RNA5SP386	0.3333333333333333
RNA5SP387	0.0
RNA5SP388	0.0
RNA5SP389	0.0
RNA5SP39	0.0
RNA5SP390	0.0
RNA5SP391	0.0
RNA5SP392	0.0
RNA5SP393	0.0
RNA5SP394	0.0
RNA5SP395	0.0
RNA5SP396	0.0
RNA5SP397	0.0
RNA5SP399	0.0
RNA5SP40	0.0
RNA5SP400	-0.3333333333333333
RNA5SP401	0.0
RNA5SP402	0.0
RNA5SP403	0.0
RNA5SP404	0.0
RNA5SP405	0.0
RNA5SP406	0.0
RNA5SP407	0.0
RNA5SP408	0.0
RNA5SP409	0.0
RNA5SP41	0.0
RNA5SP410	0.0
RNA5SP411	0.0
RNA5SP412	0.0
RNA5SP413	0.0
RNA5SP414	0.0
RNA5SP415	0.0
RNA5SP416	0.0
RNA5SP417	0.0
RNA5SP418	0.0
RNA5SP419	0.0
RNA5SP42	0.0
RNA5SP420	0.0
RNA5SP421	0.0
RNA5SP422	0.0
RNA5SP423	0.0
RNA5SP425	-0.3333333333333333
RNA5SP426	0.0
RNA5SP427	0.0
RNA5SP428	-0.5283208335737186
RNA5SP429	0.0
RNA5SP43	0.0
RNA5SP430	0.0
RNA5SP431	-1.3333333333333333
RNA5SP432	0.0
RNA5SP433	0.0
RNA5SP434	0.3333333333333333
RNA5SP435	-0.3333333333333333
RNA5SP436	0.0
RNA5SP437	0.0
RNA5SP438	0.0
RNA5SP439	0.0
RNA5SP44	0.0
RNA5SP440	0.3333333333333333
RNA5SP441	0.0
RNA5SP442	0.0
RNA5SP443	0.0
RNA5SP444	0.0
RNA5SP445	0.0
RNA5SP446	0.0
RNA5SP447	0.0
RNA5SP448	1.3022968652028395
RNA5SP449	0.0
RNA5SP45	0.0
RNA5SP450	0.3333333333333333
RNA5SP451	0.0
RNA5SP452	-0.6666666666666666
RNA5SP453	0.0
RNA5SP454	0.0
RNA5SP455	0.0
RNA5SP456	0.0
RNA5SP457	-0.5283208335737187
RNA5SP458	0.0
RNA5SP459	0.0
RNA5SP46	0.0
RNA5SP460	0.0
RNA5SP461	0.0
RNA5SP462	0.0
RNA5SP463	0.0
RNA5SP464	0.0
RNA5SP465	0.8616541669070521
RNA5SP466	0.3333333333333333
RNA5SP467	0.0
RNA5SP468	0.0
RNA5SP469	0.0
RNA5SP47	-0.3333333333333333
RNA5SP470	0.0
RNA5SP471	0.0
RNA5SP472	0.0
RNA5SP473	0.0
RNA5SP474	0.7173343644816832
RNA5SP475	0.0
RNA5SP476	0.0
RNA5SP477	-0.5283208335737187
RNA5SP478	0.0
RNA5SP479	0.3333333333333333
RNA5SP48	0.0
RNA5SP480	0.0
RNA5SP481	0.0
RNA5SP482	0.0
RNA5SP483	0.0
RNA5SP484	0.0
RNA5SP485	0.0
RNA5SP486	0.0
RNA5SP487	0.0
RNA5SP488	0.0
RNA5SP489	0.0
RNA5SP49	0.0
RNA5SP490	0.5283208335737186
RNA5SP491	0.0
RNA5SP492	0.0
RNA5SP493	0.0
RNA5SP494	0.0
RNA5SP495	0.0
RNA5SP496	0.0
RNA5SP497	-0.3333333333333333
RNA5SP498	0.0
RNA5SP499	0.0
RNA5SP50	0.0
RNA5SP500	0.0
RNA5SP501	0.0
RNA5SP502	0.0
RNA5SP503	0.0
RNA5SP504	0.0
RNA5SP505	0.0
RNA5SP506	0.0
RNA5SP507	0.0
RNA5SP508	0.0
RNA5SP509	0.0
RNA5SP51	0.0
RNA5SP510	0.0
RNA5SP511	0.0
RNA5SP512	0.0
RNA5SP513	0.861654166907052
RNA5SP514	0.0
RNA5SP515	0.0
RNA5SP516	0.0
RNA5SP517	0.0
RNA5SP518	0.0
RNA5SP519	0.0
RNA5SP52	0.0
RNA5SP520	0.0
RNA5SP521	0.0
RNA5SP522	0.0
RNA5SP523	0.0
RNA5SP524	0.0
RNA5SP525	0.0
RNA5SP526	0.0
RNA5SP527	0.0
RNA5SP528	0.0
RNA5SP529	0.0
RNA5SP53	0.0
RNA5SP530	0.0
RNA5SP531	0.0
RNA5SP532	0.0
RNA5SP533	0.0
RNA5SP534	0.0
RNA5SP535	0.0
RNA5SP536	0.0
RNA5SP54	0.0
RNA5SP55	0.0
RNA5SP56	0.0
RNA5SP57	0.0
RNA5SP59	0.0
RNA5SP60	0.0
RNA5SP61	0.0
RNA5SP62	0.0
RNA5SP63	0.0
RNA5SP64	0.0
RNA5SP65	0.0
RNA5SP66	0.0
RNA5SP67	0.0
RNA5SP68	0.0
RNA5SP69	0.0
RNA5SP70	0.0
RNA5SP71	0.0
RNA5SP72	0.0
RNA5SP73	0.0
RNA5SP74	0.0
RNA5SP75	0.0
RNA5SP76	0.0
RNA5SP77	0.0
RNA5SP78	0.0
RNA5SP79	0.0
RNA5SP80	0.0
RNA5SP82	0.05066769781501668
RNA5SP84	-0.1383458330929479
RNA5SP85	0.0
RNA5SP86	0.0
RNA5SP87	0.0
RNA5SP88	0.0
RNA5SP89	0.0
RNA5SP90	0.0
RNA5SP91	0.0
RNA5SP92	0.0
RNA5SP93	0.0
RNA5SP94	0.0
RNA5SP95	-0.6666666666666666
RNA5SP96	0.0
RNA5SP97	0.0
RNA5SP98	0.0
RNA5SP99	0.0
RNASE1	-0.3333333333333333
RNASE10	0.0
RNASE11	0.0
RNASE11-AS1	0.0
RNASE12	0.0
RNASE13	0.0
RNASE2	1.0
RNASE2CP	0.0
RNASE3	0.0
RNASE4	-1.968963531869506
RNASE6	0.0
RNASE7	-0.3333333333333333
RNASE8	0.0
RNASE9	0.0
RNASEH1	-0.013365135192598743
RNASEH1-DT	-1.0975939164092825
RNASEH1P1	0.5283208335737186
RNASEH1P2	0.0
RNASEH2A	2.107309364962454
RNASEH2B	-0.6186064125084272
RNASEH2B-AS1	0.6666666666666666
RNASEH2C	1.6055967591543459
RNASEH2CP1	0.0
RNASEK	0.9123218647220688
RNASEK-C17orf49	0.0
RNASEL	-0.6666666666666666
RNASET2	-0.47994414706265154
RND1	0.5540434537478722
RND2	-0.19498750024038541
RND3	-0.3333333333333333
RNF10	0.5103631729481997
RNF103	0.3665497855414035
RNF103-CHMP3	0.19498750024038536
RNF10P1	0.0
RNF11	-0.02646977773850523
RNF111	0.2839500293561734
RNF112	0.0
RNF112-AS1	0.0
RNF113A	-0.30015477548302893
RNF113B	0.635630198536173
RNF114	0.4493361511996916
RNF115	0.42932333549178203
RNF11P1	0.0
RNF11P2	0.0
RNF121	0.5235496990786173
RNF122	-0.37642767231498864
RNF123	0.3215857029268818
RNF125	-1.2792968984077029
RNF126	-0.11826912088748731
RNF126P1	0.0
RNF128	0.17158649940033044
RNF13	0.1307493190800093
RNF130	0.2650103666835717
RNF130-AS1	-1.0
RNF133	1.0566416671474375
RNF135	0.0
RNF138	-0.18162347619230346
RNF138P1	0.0
RNF138P2	0.0
RNF139	0.19726686534022875
RNF139-DT	0.16180894239008037
RNF13P1	0.0
RNF14	0.4691942432034768
RNF141	1.1730177720837291
RNF144A	-0.6758850382998922
RNF144B	-1.080039530077607
RNF145	-0.3740546751623297
RNF146	0.5071046049108654
RNF148	-0.3333333333333333
RNF149	0.1514244745260349
RNF14P1	-0.4406426982957875
RNF14P2	0.0
RNF14P3	0.5283208335737186
RNF14P4	0.0
RNF150	-0.3333333333333333
RNF151	1.0566416671474375
RNF152	0.8616541669070521
RNF152P1	-0.19498750024038541
RNF157	0.8616541669070521
RNF157-AS1	0.3333333333333333
RNF166	0.7518983953958314
RNF167	0.12934606628502365
RNF168	0.3255065019104393
RNF169	-0.17431239206124616
RNF17	0.0
RNF170	0.48515962392782974
RNF175	0.0
RNF180	-0.3333333333333333
RNF181	0.5568122944180498
RNF182	0.0
RNF183	2.6913804875841683
RNF185	0.3103172516632329
RNF185-AS1	0.0
RNF186	0.0
RNF186-AS1	0.0
RNF187	0.49388915369174136
RNF19A	0.4191533509243186
RNF19B	0.5428567557950794
RNF19BPX	0.0
RNF19BPY	0.0
RNF2	0.23182145552923927
RNF20	0.4387843346298297
RNF207	-0.1949875002403858
RNF207-AS1	-0.7233083338141041
RNF208	-1.0762728968319601
RNF212	0.0
RNF212-DT	0.0
RNF212B	0.5283208335737187
RNF213	0.07106092180503598
RNF213-AS1	0.9161537443346786
RNF214	-0.7447475327775983
RNF215	0.4046269738269772
RNF216	0.8523948760195781
RNF216-IT1	1.0
RNF216P1	0.5976148602209079
RNF217	-1.3899750004807707
RNF217-AS1	0.0
RNF220	0.07391794053131218
RNF222	0.6666666666666666
RNF223	0.0
RNF224	-0.9357849740192015
RNF225	-0.6666666666666666
RNF227	0.723308333814104
RNF24	1.510990795886527
RNF25	0.4825734947686984
RNF26	0.2658190473375157
RNF26-AS1	0.0
RNF2P1	-0.8616541669070519
RNF31	0.13834583309294812
RNF32	0.20166948097430515
RNF32-AS1	0.3333333333333333
RNF32-DT	-0.6666666666666667
RNF34	0.6351121221065803
RNF38	0.19317302619558596
RNF39	-0.5283208335737187
RNF4	0.2580479077866604
RNF40	0.7799588471919039
RNF41	0.144769175403054
RNF43	-0.05919870904057589
RNF44	-0.8964835252523367
RNF5	-0.038095133295854566
RNF5P1	-0.6024516406858681
RNF6	-0.06926451505480191
RNF6P1	0.0
RNF7	-0.03640480933212942
RNF7P1	0.0
RNF8	-0.08802954073526603
RNFT1	0.17325001074187352
RNFT1-DT	0.0
RNFT1P2	-0.3333333333333333
RNFT1P3	-0.8616541669070521
RNFT2	0.7004403958144296
RNGTT	0.5108951713708016
RNGTTP1	0.0
RNH1	-0.002163955541433893
RNLS	0.0
RNMT	0.29105948008761473
RNPC3	0.6690698445882122
RNPC3-DT	0.0
RNPC3P1	0.0
RNPEP	0.27739785400912087
RNPEPL1	-0.10497456301517438
RNPS1	0.6202140115997778
RNPS1P1	0.0
RNU1-1	1.8306176987765579
RNU1-100P	0.0
RNU1-101P	0.3333333333333333
RNU1-103P	-0.5283208335737187
RNU1-104P	0.0
RNU1-105P	0.0
RNU1-107P	0.0
RNU1-108P	0.0
RNU1-109P	0.6666666666666666
RNU1-112P	0.0
RNU1-114P	0.0
RNU1-115P	0.0
RNU1-117P	-0.3333333333333333
RNU1-119P	0.0
RNU1-11P	0.3333333333333333
RNU1-123P	0.0
RNU1-124P	0.08767813527793122
RNU1-125P	0.0
RNU1-128P	0.0
RNU1-129P	0.0
RNU1-130P	0.0
RNU1-131P	0.0
RNU1-132P	0.0
RNU1-133P	0.0
RNU1-134P	1.107309364962454
RNU1-136P	0.0
RNU1-138P	0.0
RNU1-139P	0.0
RNU1-140P	0.0
RNU1-141P	0.0
RNU1-142P	0.0
RNU1-143P	0.0
RNU1-146P	0.0
RNU1-148P	0.0
RNU1-149P	0.0
RNU1-14P	0.0
RNU1-150P	0.0
RNU1-151P	0.0
RNU1-153P	0.0
RNU1-154P	0.0
RNU1-155P	-0.3333333333333333
RNU1-15P	0.0
RNU1-16P	0.0
RNU1-17P	0.0
RNU1-18P	0.0
RNU1-19P	0.0
RNU1-2	3.19592583877607
RNU1-20P	0.0
RNU1-21P	0.0
RNU1-22P	0.3333333333333333
RNU1-23P	0.0
RNU1-24P	0.0
RNU1-27P	0.5283208335737187
RNU1-28P	0.3333333333333333
RNU1-29P	0.0
RNU1-3	0.0
RNU1-30P	0.3333333333333333
RNU1-31P	0.0
RNU1-32P	0.0
RNU1-33P	0.0
RNU1-34P	0.0
RNU1-35P	0.0
RNU1-36P	0.0
RNU1-38P	0.0
RNU1-39P	0.0
RNU1-4	0.3333333333333333
RNU1-40P	0.0
RNU1-41P	0.0
RNU1-42P	0.0
RNU1-43P	0.0
RNU1-44P	0.0
RNU1-45P	0.0
RNU1-46P	0.0
RNU1-47P	0.0
RNU1-48P	0.0
RNU1-49P	0.0
RNU1-51P	-0.3333333333333333
RNU1-52P	0.0
RNU1-54P	0.0
RNU1-55P	0.0
RNU1-56P	0.0
RNU1-57P	0.0
RNU1-58P	0.0
RNU1-5P	0.0
RNU1-61P	0.0
RNU1-62P	0.0
RNU1-63P	0.0
RNU1-64P	0.0
RNU1-65P	0.0
RNU1-67P	-0.3333333333333333
RNU1-68P	0.0
RNU1-6P	0.0
RNU1-70P	-0.7233083338141042
RNU1-72P	0.0
RNU1-73P	0.7233083338141042
RNU1-74P	0.0
RNU1-75P	-0.19498750024038541
RNU1-76P	0.0
RNU1-77P	0.0
RNU1-78P	0.0
RNU1-7P	0.0
RNU1-80P	0.0
RNU1-82P	0.0
RNU1-83P	0.0
RNU1-84P	0.0
RNU1-86P	0.0
RNU1-88P	0.0
RNU1-89P	0.0
RNU1-8P	0.0
RNU1-91P	-0.3333333333333333
RNU1-93P	0.5283208335737187
RNU1-94P	0.0
RNU1-95P	0.0
RNU1-96P	0.0
RNU1-97P	0.0
RNU1-98P	0.0
RNU105B	0.5283208335737187
RNU105C	0.0
RNU11	0.6666666666666666
RNU11-2P	0.0
RNU11-3P	0.5283208335737187
RNU11-4P	0.0
RNU11-5P	0.0
RNU11-6P	0.0
RNU12	0.0
RNU12-2P	0.0
RNU2-1	0.0
RNU2-10P	0.0
RNU2-11P	0.0
RNU2-12P	0.0
RNU2-13P	-0.6666666666666666
RNU2-14P	0.0
RNU2-15P	0.0
RNU2-16P	0.0
RNU2-17P	-0.3333333333333333
RNU2-18P	-0.3333333333333333
RNU2-19P	0.0
RNU2-2	0.0
RNU2-20P	0.0
RNU2-21P	0.0
RNU2-22P	0.0
RNU2-23P	0.0
RNU2-24P	0.0
RNU2-25P	-0.3333333333333333
RNU2-26P	0.0
RNU2-27P	0.0
RNU2-28P	0.0
RNU2-29P	0.0
RNU2-30P	0.0
RNU2-31P	0.0
RNU2-32P	0.0
RNU2-33P	0.08767813527793122
RNU2-34P	0.0
RNU2-35P	0.3333333333333333
RNU2-36P	0.6666666666666667
RNU2-37P	-0.3333333333333333
RNU2-38P	0.0
RNU2-39P	0.0
RNU2-3P	0.0
RNU2-40P	0.0
RNU2-41P	0.0
RNU2-42P	-0.3333333333333333
RNU2-43P	0.0
RNU2-44P	0.0
RNU2-45P	0.0
RNU2-46P	-0.3333333333333333
RNU2-47P	0.0
RNU2-48P	0.0
RNU2-49P	0.0
RNU2-4P	0.0
RNU2-50P	0.0
RNU2-51P	0.0
RNU2-52P	0.0
RNU2-53P	0.0
RNU2-54P	0.0
RNU2-55P	0.0
RNU2-56P	0.0
RNU2-57P	0.0
RNU2-58P	0.0
RNU2-59P	-0.5283208335737187
RNU2-5P	0.0
RNU2-60P	0.0
RNU2-61P	0.0
RNU2-62P	0.0
RNU2-63P	1.7224534981761233
RNU2-64P	0.0
RNU2-65P	0.3333333333333333
RNU2-66P	0.0
RNU2-68P	0.0
RNU2-69P	0.0
RNU2-6P	0.0
RNU2-70P	0.0
RNU2-71P	0.0
RNU2-72P	0.3333333333333333
RNU2-7P	-0.6666666666666666
RNU2-8P	0.0
RNU2-9P	0.0
RNU4-1	0.34600210821165867
RNU4-10P	0.0
RNU4-11P	0.0
RNU4-12P	0.0
RNU4-13P	0.0
RNU4-14P	0.3333333333333333
RNU4-15P	0.0
RNU4-16P	0.0
RNU4-17P	0.0
RNU4-18P	-0.3333333333333333
RNU4-2	0.12249231274191885
RNU4-20P	0.0
RNU4-21P	-0.3333333333333333
RNU4-22P	-0.3333333333333333
RNU4-23P	0.0
RNU4-24P	0.0
RNU4-25P	-0.3333333333333333
RNU4-26P	0.0
RNU4-27P	0.0
RNU4-28P	0.0
RNU4-29P	0.0
RNU4-30P	0.0
RNU4-31P	0.0
RNU4-32P	0.0
RNU4-33P	-0.861654166907052
RNU4-34P	-0.3333333333333333
RNU4-35P	0.0
RNU4-36P	0.08767813527793122
RNU4-37P	0.0
RNU4-38P	-0.3333333333333333
RNU4-39P	-0.5283208335737187
RNU4-40P	0.0
RNU4-41P	0.0
RNU4-42P	0.0
RNU4-43P	0.0
RNU4-44P	0.0
RNU4-45P	0.0
RNU4-46P	0.0
RNU4-47P	0.3333333333333333
RNU4-48P	0.19498750024038541
RNU4-49P	0.0
RNU4-4P	-0.5789885313887354
RNU4-50P	0.0
RNU4-51P	0.6666666666666666
RNU4-52P	0.6666666666666666
RNU4-53P	0.0
RNU4-54P	0.0
RNU4-55P	0.0
RNU4-56P	0.0
RNU4-57P	0.0
RNU4-58P	0.0
RNU4-59P	0.0
RNU4-5P	0.0
RNU4-60P	0.0
RNU4-61P	0.0
RNU4-62P	0.0
RNU4-63P	0.0
RNU4-64P	0.0
RNU4-65P	0.0
RNU4-66P	0.0
RNU4-67P	0.0
RNU4-68P	-0.3333333333333333
RNU4-69P	0.0
RNU4-6P	0.0
RNU4-70P	0.0
RNU4-71P	0.0
RNU4-72P	0.0
RNU4-73P	0.0
RNU4-74P	0.0
RNU4-75P	0.0
RNU4-76P	0.0
RNU4-77P	0.0
RNU4-78P	-0.3333333333333333
RNU4-79P	0.0
RNU4-7P	0.0
RNU4-80P	0.0
RNU4-81P	0.0
RNU4-82P	0.0
RNU4-83P	0.0
RNU4-84P	0.0
RNU4-85P	0.0
RNU4-86P	0.3333333333333333
RNU4-87P	0.0
RNU4-88P	0.0
RNU4-89P	0.33333333333333337
RNU4-90P	0.0
RNU4-91P	0.0
RNU4-92P	0.0
RNU4-9P	0.1383458330929479
RNU4ATAC	2.013138227037781
RNU4ATAC10P	0.0
RNU4ATAC11P	0.861654166907052
RNU4ATAC12P	0.19498750024038541
RNU4ATAC13P	0.0
RNU4ATAC14P	0.0
RNU4ATAC15P	0.0
RNU4ATAC16P	-0.7739760316291208
RNU4ATAC17P	0.0
RNU4ATAC18P	-0.19498750024038536
RNU4ATAC2P	0.0
RNU4ATAC3P	0.0
RNU4ATAC4P	0.0
RNU4ATAC5P	0.0
RNU4ATAC6P	0.0
RNU4ATAC7P	0.0
RNU4ATAC8P	0.0
RNU4ATAC9P	0.0
RNU5A-1	2.8405334799079096
RNU5A-2P	0.0
RNU5A-3P	-0.3333333333333333
RNU5A-4P	-0.33333333333333326
RNU5A-5P	0.0
RNU5A-6P	-0.3333333333333333
RNU5A-7P	0.0
RNU5A-8P	1.7706248100744804
RNU5B-1	1.4406426982957874
RNU5B-2P	0.0
RNU5B-3P	0.0
RNU5B-4P	0.0
RNU5B-6P	0.0
RNU5D-1	2.896083436377726
RNU5D-2P	0.0
RNU5E-1	0.0
RNU5E-10P	-0.47167916642628127
RNU5E-3P	0.3333333333333333
RNU5E-4P	1.8306176987765579
RNU5E-5P	0.0
RNU5E-6P	0.0
RNU5E-7P	0.0
RNU5E-8P	0.0
RNU5E-9P	0.0
RNU5F-1	2.029827336295664
RNU5F-2P	0.0
RNU5F-3P	0.0
RNU5F-4P	0.0
RNU5F-6P	0.0
RNU5F-7P	0.0
RNU5F-8P	0.0
RNU6-1	1.6356301985361725
RNU6-1000P	0.0
RNU6-1001P	0.0
RNU6-1003P	0.0
RNU6-1004P	0.0
RNU6-1005P	0.5283208335737186
RNU6-1006P	0.5283208335737187
RNU6-1007P	0.0
RNU6-1008P	-0.3333333333333333
RNU6-1009P	0.0
RNU6-100P	-0.3333333333333333
RNU6-1010P	0.0
RNU6-1011P	0.0
RNU6-1012P	0.0
RNU6-1013P	0.0
RNU6-1014P	0.0
RNU6-1015P	0.0
RNU6-1016P	-0.7739760316291205
RNU6-1017P	0.0
RNU6-1018P	0.0
RNU6-1019P	0.0
RNU6-101P	0.0
RNU6-1020P	-0.3333333333333333
RNU6-1021P	0.0
RNU6-1022P	0.0
RNU6-1023P	0.0
RNU6-1024P	0.3333333333333333
RNU6-1025P	0.3333333333333333
RNU6-1026P	0.3333333333333333
RNU6-1027P	0.0
RNU6-1028P	0.0
RNU6-1029P	0.0
RNU6-102P	0.0
RNU6-1031P	0.0
RNU6-1032P	0.0
RNU6-1034P	0.0
RNU6-1035P	0.0
RNU6-1036P	0.0
RNU6-1037P	0.0
RNU6-1038P	0.0
RNU6-1039P	0.0
RNU6-103P	0.0
RNU6-1040P	0.0
RNU6-1041P	0.0
RNU6-1042P	0.0
RNU6-1043P	0.0
RNU6-1044P	0.0
RNU6-1045P	0.06421502598079865
RNU6-1046P	0.0
RNU6-1047P	0.0
RNU6-1048P	-0.33333333333333326
RNU6-1049P	0.0
RNU6-104P	0.0
RNU6-1050P	-0.5283208335737187
RNU6-1051P	0.0
RNU6-1052P	0.0
RNU6-1053P	0.6666666666666666
RNU6-1054P	0.6666666666666666
RNU6-1055P	0.0
RNU6-1056P	0.0
RNU6-1057P	0.0
RNU6-1059P	0.0
RNU6-105P	0.0
RNU6-1060P	0.0
RNU6-1061P	0.0
RNU6-1062P	1.0
RNU6-1064P	0.0
RNU6-1065P	0.0
RNU6-1066P	0.0
RNU6-1067P	0.0
RNU6-1068P	0.0
RNU6-1069P	0.0
RNU6-106P	-0.5283208335737187
RNU6-1071P	0.0
RNU6-1072P	0.0
RNU6-1073P	0.0
RNU6-1074P	0.0
RNU6-1075P	0.0
RNU6-1077P	0.0
RNU6-1078P	0.0
RNU6-1079P	0.1383458330929479
RNU6-107P	0.0
RNU6-1080P	0.0
RNU6-1081P	0.0
RNU6-1082P	0.0
RNU6-1083P	0.0
RNU6-1084P	0.0
RNU6-1085P	0.0
RNU6-1086P	0.0
RNU6-1087P	0.0
RNU6-1088P	0.861654166907052
RNU6-1089P	0.0
RNU6-108P	0.0
RNU6-1090P	0.0
RNU6-1091P	0.5283208335737187
RNU6-1092P	0.0
RNU6-1093P	0.3333333333333333
RNU6-1094P	0.0
RNU6-1095P	0.0
RNU6-1096P	0.0
RNU6-1097P	0.0
RNU6-1098P	-0.861654166907052
RNU6-1099P	0.1383458330929479
RNU6-109P	0.0
RNU6-10P	0.0
RNU6-1101P	0.0
RNU6-1102P	0.0
RNU6-1103P	0.0
RNU6-1104P	0.0
RNU6-1105P	0.0
RNU6-1106P	-0.861654166907052
RNU6-1107P	0.3333333333333333
RNU6-1108P	0.0
RNU6-1109P	0.0
RNU6-110P	0.0
RNU6-1110P	0.0
RNU6-1111P	0.0
RNU6-1112P	0.0
RNU6-1113P	0.0
RNU6-1114P	0.0
RNU6-1115P	0.0
RNU6-1116P	0.0
RNU6-1117P	0.0
RNU6-1119P	0.0
RNU6-111P	0.0
RNU6-1120P	0.0
RNU6-1121P	0.6666666666666666
RNU6-1122P	0.0
RNU6-1123P	0.0
RNU6-1124P	0.0
RNU6-1125P	0.0
RNU6-1126P	0.0
RNU6-1127P	0.0
RNU6-1128P	0.0
RNU6-1129P	0.0
RNU6-112P	0.0
RNU6-1130P	0.0
RNU6-1131P	0.0
RNU6-1132P	0.0
RNU6-1133P	0.0
RNU6-1134P	0.0
RNU6-1135P	0.0
RNU6-1136P	-0.3333333333333333
RNU6-1137P	0.0
RNU6-1138P	0.0
RNU6-113P	0.0
RNU6-1140P	0.0
RNU6-1141P	0.3333333333333333
RNU6-1143P	0.3022968652028395
RNU6-1144P	0.0
RNU6-1145P	0.0
RNU6-1146P	0.0
RNU6-1147P	0.0
RNU6-1148P	0.0
RNU6-1149P	0.0
RNU6-114P	0.0
RNU6-1150P	0.0
RNU6-1151P	0.0
RNU6-1152P	0.0
RNU6-1153P	0.6666666666666666
RNU6-1154P	0.0
RNU6-1155P	0.0
RNU6-1156P	-0.3333333333333333
RNU6-1157P	0.2826656355183166
RNU6-1158P	0.0
RNU6-1159P	0.0
RNU6-115P	0.0
RNU6-1160P	0.0
RNU6-1161P	0.0
RNU6-1162P	0.0
RNU6-1163P	0.0
RNU6-1164P	-0.3333333333333333
RNU6-1165P	-0.3333333333333333
RNU6-1167P	0.0
RNU6-1168P	0.0
RNU6-1169P	0.0
RNU6-116P	0.0
RNU6-1170P	1.0
RNU6-1171P	0.0
RNU6-1172P	0.0
RNU6-1174P	0.0
RNU6-1175P	0.0
RNU6-1176P	0.0
RNU6-1177P	0.0
RNU6-1178P	0.5283208335737187
RNU6-1179P	0.0
RNU6-117P	0.0
RNU6-1180P	0.0
RNU6-1181P	0.0
RNU6-1183P	0.0
RNU6-1184P	0.0
RNU6-1186P	0.0
RNU6-1187P	0.0
RNU6-1188P	0.3333333333333333
RNU6-1189P	-0.19498750024038541
RNU6-118P	0.3022968652028395
RNU6-1190P	0.0
RNU6-1191P	0.0
RNU6-1192P	0.0
RNU6-1193P	0.0
RNU6-1194P	0.0
RNU6-1195P	0.0
RNU6-1196P	0.0
RNU6-1197P	0.0
RNU6-1198P	0.0
RNU6-1199P	0.0
RNU6-119P	0.0
RNU6-11P	0.0
RNU6-1200P	0.0
RNU6-1201P	-0.5283208335737187
RNU6-1203P	0.0
RNU6-1204P	0.0
RNU6-1205P	0.3333333333333333
RNU6-1206P	0.33333333333333326
RNU6-1207P	0.0
RNU6-1208P	0.0
RNU6-1209P	0.0
RNU6-120P	0.0
RNU6-1210P	0.0
RNU6-1211P	0.0
RNU6-1212P	-0.6666666666666666
RNU6-1213P	0.0
RNU6-1214P	0.5283208335737187
RNU6-1215P	0.3333333333333333
RNU6-1216P	0.0
RNU6-1218P	0.0
RNU6-1219P	0.0
RNU6-121P	0.0
RNU6-1220P	0.0
RNU6-1222P	0.5283208335737187
RNU6-1223P	0.0
RNU6-1224P	0.0
RNU6-1225P	0.0
RNU6-1226P	0.0
RNU6-1227P	0.0
RNU6-1228P	0.0
RNU6-1229P	0.0
RNU6-122P	0.0
RNU6-1230P	0.0
RNU6-1231P	0.0
RNU6-1232P	0.0
RNU6-1233P	0.0
RNU6-1234P	0.0
RNU6-1235P	0.0
RNU6-1236P	0.0
RNU6-1237P	0.0
RNU6-1238P	0.19498750024038541
RNU6-1239P	0.0
RNU6-123P	0.3333333333333333
RNU6-1240P	0.0
RNU6-1241P	0.0
RNU6-1242P	-0.6666666666666666
RNU6-1243P	0.0
RNU6-1244P	0.0
RNU6-1245P	0.0
RNU6-1246P	0.0
RNU6-1247P	0.0
RNU6-1248P	0.0
RNU6-1249P	0.0
RNU6-1250P	0.0
RNU6-1251P	-0.19498750024038541
RNU6-1252P	0.0
RNU6-1254P	-0.3333333333333333
RNU6-1255P	0.5283208335737186
RNU6-1256P	0.0
RNU6-1257P	0.3333333333333333
RNU6-1258P	0.0
RNU6-125P	0.19498750024038541
RNU6-1260P	-0.9357849740192011
RNU6-1261P	0.0
RNU6-1262P	0.3333333333333333
RNU6-1263P	0.3333333333333333
RNU6-1264P	0.0
RNU6-1265P	0.0
RNU6-1266P	0.0
RNU6-1267P	0.0
RNU6-1268P	0.0
RNU6-1269P	0.0
RNU6-126P	-0.10730936496245391
RNU6-1270P	0.0
RNU6-1271P	0.0
RNU6-1272P	0.0
RNU6-1273P	0.0
RNU6-1274P	0.0
RNU6-1275P	0.0
RNU6-1276P	0.0
RNU6-1277P	0.0
RNU6-1278P	0.5283208335737187
RNU6-1279P	0.0
RNU6-127P	0.0
RNU6-1280P	0.3333333333333333
RNU6-1281P	0.0
RNU6-1282P	1.1949875002403854
RNU6-1283P	0.3333333333333333
RNU6-1284P	0.0
RNU6-1285P	1.1949875002403854
RNU6-1286P	0.0
RNU6-1287P	0.0
RNU6-1288P	0.0
RNU6-1289P	0.3333333333333333
RNU6-128P	0.0
RNU6-1290P	0.0
RNU6-1291P	0.0
RNU6-1292P	0.0
RNU6-1293P	0.0
RNU6-1294P	0.0
RNU6-1296P	0.0
RNU6-1297P	0.0
RNU6-1298P	0.0
RNU6-1299P	-0.3333333333333333
RNU6-129P	0.0
RNU6-12P	0.0
RNU6-1300P	0.0
RNU6-1301P	0.3333333333333333
RNU6-1303P	0.0
RNU6-1304P	0.0
RNU6-1305P	-0.3333333333333333
RNU6-1306P	0.0
RNU6-1307P	0.0
RNU6-1308P	0.0
RNU6-1309P	0.0
RNU6-130P	0.1383458330929479
RNU6-1310P	0.0
RNU6-1311P	0.0
RNU6-1312P	0.0
RNU6-1313P	0.0
RNU6-1314P	0.0
RNU6-1315P	0.0
RNU6-1316P	0.0
RNU6-1317P	0.0
RNU6-1318P	-0.19498750024038541
RNU6-1319P	0.0
RNU6-131P	0.0
RNU6-1320P	0.0
RNU6-1321P	0.0
RNU6-1322P	0.3333333333333333
RNU6-1323P	0.0
RNU6-1324P	0.0
RNU6-1325P	0.0
RNU6-1326P	0.0
RNU6-1327P	0.0
RNU6-1328P	0.0
RNU6-1329P	0.0
RNU6-132P	0.0
RNU6-1330P	0.0
RNU6-1331P	0.0
RNU6-1332P	0.0
RNU6-1333P	0.3333333333333333
RNU6-1334P	0.0
RNU6-1335P	0.0
RNU6-1336P	0.0
RNU6-1337P	0.0
RNU6-1338P	0.0
RNU6-1339P	0.0
RNU6-133P	0.0
RNU6-1340P	-0.3333333333333333
RNU6-135P	-0.6666666666666667
RNU6-136P	-0.3333333333333333
RNU6-137P	0.3333333333333333
RNU6-138P	0.0
RNU6-139P	0.0
RNU6-13P	0.0
RNU6-140P	0.0
RNU6-141P	0.0
RNU6-142P	0.0
RNU6-143P	0.0
RNU6-144P	0.0
RNU6-145P	0.0
RNU6-146P	0.0
RNU6-147P	0.0
RNU6-148P	0.0
RNU6-14P	0.0
RNU6-150P	0.0
RNU6-151P	-0.6666666666666666
RNU6-152P	0.0
RNU6-153P	0.0
RNU6-154P	0.0
RNU6-155P	0.0
RNU6-156P	0.0
RNU6-157P	0.0
RNU6-158P	0.0
RNU6-159P	0.0
RNU6-15P	0.0
RNU6-160P	0.0
RNU6-161P	0.0
RNU6-162P	0.0
RNU6-163P	0.0
RNU6-164P	0.0
RNU6-165P	0.0
RNU6-166P	0.0
RNU6-167P	0.0
RNU6-168P	0.0
RNU6-169P	0.0
RNU6-16P	0.0
RNU6-170P	0.0
RNU6-171P	0.0
RNU6-172P	0.0
RNU6-173P	0.0
RNU6-174P	0.0
RNU6-175P	0.0
RNU6-176P	0.0
RNU6-177P	0.0
RNU6-178P	0.0
RNU6-179P	0.0
RNU6-17P	0.0
RNU6-180P	0.0
RNU6-181P	0.0
RNU6-182P	0.3333333333333333
RNU6-183P	0.0
RNU6-184P	0.0
RNU6-185P	0.0
RNU6-187P	0.0
RNU6-188P	0.0
RNU6-189P	0.0
RNU6-18P	0.0
RNU6-190P	-0.7739760316291208
RNU6-191P	0.0
RNU6-192P	0.0
RNU6-193P	0.0
RNU6-194P	-0.861654166907052
RNU6-195P	-0.3333333333333333
RNU6-196P	0.5283208335737187
RNU6-197P	0.0
RNU6-198P	0.3333333333333333
RNU6-199P	-0.861654166907052
RNU6-19P	0.0
RNU6-2	0.8381910576099192
RNU6-200P	0.0
RNU6-201P	0.0
RNU6-202P	0.0
RNU6-203P	0.0
RNU6-204P	0.0
RNU6-205P	0.0
RNU6-206P	0.0
RNU6-207P	0.0
RNU6-208P	1.0
RNU6-209P	0.0
RNU6-20P	0.0
RNU6-210P	0.0
RNU6-211P	0.0
RNU6-212P	0.0
RNU6-213P	0.0
RNU6-214P	0.3333333333333333
RNU6-215P	0.0
RNU6-216P	-1.584962500721156
RNU6-217P	0.0
RNU6-218P	0.0
RNU6-219P	0.0
RNU6-21P	0.0
RNU6-220P	0.0
RNU6-221P	0.0
RNU6-222P	0.0
RNU6-223P	0.5283208335737187
RNU6-224P	0.0
RNU6-225P	0.0
RNU6-226P	0.0
RNU6-227P	-0.3333333333333333
RNU6-228P	0.0
RNU6-229P	0.0
RNU6-22P	0.0
RNU6-230P	0.0
RNU6-231P	0.0
RNU6-232P	0.0
RNU6-233P	0.0
RNU6-234P	-0.6666666666666666
RNU6-235P	0.0
RNU6-236P	-0.3333333333333333
RNU6-237P	0.0
RNU6-238P	0.6666666666666666
RNU6-239P	0.0
RNU6-23P	0.0
RNU6-240P	0.0
RNU6-241P	-0.5283208335737187
RNU6-242P	0.0
RNU6-243P	0.0
RNU6-244P	0.0
RNU6-245P	0.0
RNU6-246P	0.0
RNU6-247P	0.0
RNU6-248P	0.0
RNU6-249P	0.3333333333333333
RNU6-24P	0.0
RNU6-250P	0.0
RNU6-251P	-0.3333333333333333
RNU6-252P	0.0
RNU6-253P	0.0
RNU6-254P	0.0
RNU6-255P	0.0
RNU6-256P	0.0
RNU6-257P	0.0
RNU6-258P	0.0
RNU6-259P	0.0
RNU6-25P	0.0
RNU6-260P	-0.3333333333333333
RNU6-261P	0.0
RNU6-262P	0.3333333333333333
RNU6-263P	0.0
RNU6-264P	0.3333333333333333
RNU6-266P	0.0
RNU6-267P	0.0
RNU6-268P	0.0
RNU6-269P	0.0
RNU6-26P	1.3333333333333333
RNU6-270P	0.0
RNU6-271P	0.0
RNU6-272P	0.0
RNU6-273P	0.0
RNU6-274P	0.0
RNU6-275P	0.0
RNU6-276P	0.0
RNU6-277P	0.0
RNU6-278P	0.0
RNU6-279P	0.0
RNU6-27P	0.0
RNU6-280P	0.0
RNU6-281P	0.0
RNU6-282P	0.0
RNU6-283P	0.0
RNU6-284P	0.0
RNU6-285P	0.3333333333333333
RNU6-287P	0.0
RNU6-288P	0.3333333333333333
RNU6-289P	0.0
RNU6-28P	0.19498750024038541
RNU6-291P	0.6666666666666666
RNU6-293P	0.0
RNU6-294P	0.0
RNU6-295P	0.0
RNU6-296P	0.0
RNU6-297P	0.0
RNU6-298P	0.5283208335737186
RNU6-299P	-0.6666666666666666
RNU6-29P	0.0
RNU6-300P	0.0
RNU6-301P	0.0
RNU6-302P	0.1383458330929479
RNU6-303P	0.0
RNU6-304P	0.3333333333333333
RNU6-306P	0.0
RNU6-307P	0.19498750024038541
RNU6-308P	0.3333333333333333
RNU6-309P	0.0
RNU6-30P	0.0
RNU6-310P	0.0
RNU6-311P	0.0
RNU6-312P	-0.3333333333333333
RNU6-313P	0.3333333333333333
RNU6-314P	0.5283208335737187
RNU6-315P	0.3333333333333333
RNU6-316P	0.0
RNU6-317P	0.0
RNU6-318P	0.0
RNU6-319P	0.0
RNU6-31P	0.0
RNU6-320P	0.0
RNU6-321P	0.0
RNU6-322P	0.0
RNU6-323P	0.0
RNU6-324P	0.0
RNU6-325P	0.0
RNU6-326P	0.0
RNU6-327P	0.0
RNU6-328P	0.0
RNU6-329P	0.0
RNU6-32P	0.0
RNU6-330P	0.0
RNU6-331P	0.0
RNU6-332P	0.0
RNU6-333P	0.0
RNU6-334P	0.0
RNU6-335P	0.19498750024038541
RNU6-336P	0.0
RNU6-337P	-0.6666666666666666
RNU6-338P	0.0
RNU6-339P	0.0
RNU6-33P	-0.1383458330929479
RNU6-340P	0.0
RNU6-341P	1.107309364962454
RNU6-342P	0.0
RNU6-343P	0.0
RNU6-344P	-0.3333333333333333
RNU6-345P	0.0
RNU6-346P	0.0
RNU6-347P	0.0
RNU6-348P	0.0
RNU6-349P	0.0
RNU6-34P	0.0
RNU6-351P	0.0
RNU6-352P	0.0
RNU6-353P	0.0
RNU6-354P	0.0
RNU6-356P	0.0
RNU6-358P	0.0
RNU6-359P	0.0
RNU6-35P	0.0
RNU6-360P	0.5283208335737187
RNU6-361P	0.0
RNU6-362P	0.0
RNU6-363P	0.0
RNU6-364P	0.0
RNU6-365P	0.0
RNU6-366P	0.0
RNU6-367P	0.0
RNU6-368P	0.0
RNU6-369P	0.0
RNU6-36P	0.0
RNU6-370P	0.0
RNU6-371P	0.0
RNU6-373P	0.0
RNU6-374P	0.0
RNU6-375P	-0.5283208335737187
RNU6-376P	0.0
RNU6-377P	0.0
RNU6-378P	0.6666666666666666
RNU6-379P	0.861654166907052
RNU6-37P	0.0
RNU6-380P	0.0
RNU6-381P	0.0
RNU6-382P	0.0
RNU6-383P	0.0
RNU6-384P	0.0
RNU6-386P	0.0
RNU6-387P	0.0
RNU6-388P	0.0
RNU6-389P	0.0
RNU6-38P	0.0
RNU6-390P	0.0
RNU6-391P	0.0
RNU6-392P	0.0
RNU6-393P	0.0
RNU6-394P	0.0
RNU6-395P	0.0
RNU6-396P	0.0
RNU6-397P	0.0
RNU6-398P	0.0
RNU6-399P	0.0
RNU6-39P	0.3333333333333333
RNU6-3P	-0.7233083338141042
RNU6-400P	0.0
RNU6-401P	0.0
RNU6-402P	-0.44064269829578745
RNU6-403P	0.0
RNU6-405P	0.0
RNU6-406P	0.0
RNU6-407P	-0.6666666666666666
RNU6-408P	0.0
RNU6-409P	0.0
RNU6-40P	0.0
RNU6-410P	0.0
RNU6-411P	0.0
RNU6-412P	0.0
RNU6-413P	0.0
RNU6-414P	0.0
RNU6-415P	-0.5283208335737186
RNU6-416P	0.0
RNU6-417P	0.0
RNU6-418P	0.0
RNU6-419P	0.0
RNU6-41P	0.0
RNU6-420P	0.0
RNU6-421P	0.0
RNU6-422P	0.0
RNU6-424P	0.0
RNU6-425P	0.861654166907052
RNU6-426P	0.0
RNU6-428P	0.0
RNU6-429P	0.0
RNU6-42P	0.0
RNU6-430P	0.0
RNU6-431P	0.19498750024038541
RNU6-432P	0.0
RNU6-433P	0.3333333333333333
RNU6-434P	0.0
RNU6-435P	0.0
RNU6-436P	0.0
RNU6-437P	0.3333333333333333
RNU6-438P	0.0
RNU6-439P	0.0
RNU6-43P	0.0
RNU6-440P	0.0
RNU6-441P	0.0
RNU6-442P	0.0
RNU6-444P	0.3333333333333333
RNU6-445P	0.0
RNU6-446P	0.0
RNU6-448P	0.0
RNU6-449P	0.0
RNU6-44P	0.0
RNU6-450P	-0.5283208335737187
RNU6-451P	0.0
RNU6-452P	0.0
RNU6-453P	0.0
RNU6-454P	0.0
RNU6-455P	0.5283208335737187
RNU6-456P	0.0
RNU6-457P	0.0
RNU6-45P	0.0
RNU6-460P	-0.3333333333333333
RNU6-461P	0.0
RNU6-462P	0.0
RNU6-463P	0.0
RNU6-464P	0.0
RNU6-465P	0.0
RNU6-466P	0.19498750024038541
RNU6-467P	0.0
RNU6-468P	0.3333333333333333
RNU6-469P	-0.19498750024038541
RNU6-46P	0.0
RNU6-470P	0.0
RNU6-471P	0.0
RNU6-472P	0.0
RNU6-473P	0.0
RNU6-474P	0.0
RNU6-475P	0.0
RNU6-476P	0.44064269829578745
RNU6-477P	0.0
RNU6-478P	0.0
RNU6-479P	-0.3333333333333333
RNU6-47P	0.0
RNU6-480P	0.0
RNU6-481P	0.3333333333333333
RNU6-482P	0.0
RNU6-483P	0.3333333333333333
RNU6-484P	0.3333333333333333
RNU6-485P	0.0
RNU6-486P	0.0
RNU6-487P	0.0
RNU6-488P	0.0
RNU6-489P	0.0
RNU6-48P	0.0
RNU6-490P	-0.47167916642628127
RNU6-491P	0.0
RNU6-492P	0.0
RNU6-493P	0.0
RNU6-494P	0.0
RNU6-495P	0.0
RNU6-496P	0.0
RNU6-497P	0.0
RNU6-498P	0.0
RNU6-499P	0.0
RNU6-49P	0.0
RNU6-4P	1.138345833092948
RNU6-500P	0.0
RNU6-501P	0.0
RNU6-502P	0.0
RNU6-503P	0.0
RNU6-504P	0.0
RNU6-505P	0.0
RNU6-506P	0.0
RNU6-507P	0.0
RNU6-508P	0.0
RNU6-509P	-0.3333333333333333
RNU6-510P	0.3333333333333333
RNU6-511P	0.0
RNU6-512P	0.0
RNU6-513P	0.0
RNU6-514P	0.5283208335737187
RNU6-516P	0.1383458330929479
RNU6-517P	0.5283208335737187
RNU6-518P	0.0
RNU6-519P	0.0
RNU6-520P	0.0
RNU6-521P	0.0
RNU6-522P	-0.5283208335737187
RNU6-523P	0.0
RNU6-524P	0.0
RNU6-525P	0.0
RNU6-526P	0.0
RNU6-527P	-0.3333333333333333
RNU6-528P	0.0
RNU6-529P	0.0
RNU6-530P	0.0
RNU6-531P	-0.6666666666666666
RNU6-532P	0.0
RNU6-533P	0.0
RNU6-534P	0.3333333333333333
RNU6-535P	0.0
RNU6-536P	0.0
RNU6-537P	0.3333333333333333
RNU6-538P	0.0
RNU6-539P	-0.6666666666666666
RNU6-53P	0.0
RNU6-540P	-0.3333333333333333
RNU6-541P	0.47167916642628127
RNU6-542P	0.0
RNU6-543P	0.0
RNU6-544P	0.0
RNU6-545P	0.0
RNU6-546P	0.0
RNU6-547P	0.0
RNU6-548P	0.1383458330929479
RNU6-549P	0.0
RNU6-54P	0.0
RNU6-550P	0.0
RNU6-551P	0.0
RNU6-552P	0.0
RNU6-553P	0.0
RNU6-554P	0.0
RNU6-555P	0.0
RNU6-556P	0.0
RNU6-557P	0.0
RNU6-558P	0.0
RNU6-559P	0.0
RNU6-55P	0.0
RNU6-560P	0.0
RNU6-561P	0.0
RNU6-562P	0.0
RNU6-563P	0.0
RNU6-564P	0.0
RNU6-565P	0.0
RNU6-566P	0.0
RNU6-567P	0.0
RNU6-56P	0.0
RNU6-570P	-0.3333333333333333
RNU6-571P	0.3333333333333333
RNU6-572P	0.0
RNU6-573P	0.0
RNU6-574P	-0.3333333333333333
RNU6-575P	0.0
RNU6-576P	0.0
RNU6-577P	0.0
RNU6-578P	0.0
RNU6-579P	0.0
RNU6-57P	-0.3333333333333333
RNU6-580P	0.0
RNU6-581P	0.0
RNU6-582P	0.0
RNU6-583P	0.2826656355183166
RNU6-584P	0.0
RNU6-586P	0.0
RNU6-587P	0.0
RNU6-588P	0.0
RNU6-589P	0.0
RNU6-58P	0.0
RNU6-590P	0.0
RNU6-591P	0.0
RNU6-592P	0.0
RNU6-593P	0.8050124997596145
RNU6-595P	-0.3333333333333333
RNU6-596P	0.0
RNU6-597P	0.0
RNU6-598P	0.0
RNU6-599P	-0.3333333333333333
RNU6-59P	0.0
RNU6-5P	0.5283208335737186
RNU6-600P	0.0
RNU6-601P	0.861654166907052
RNU6-602P	0.0
RNU6-603P	0.0
RNU6-604P	0.0
RNU6-605P	0.0
RNU6-606P	0.0
RNU6-607P	0.0
RNU6-608P	0.6666666666666666
RNU6-609P	0.0
RNU6-60P	0.0
RNU6-610P	0.0
RNU6-611P	0.4210114686112646
RNU6-612P	0.0
RNU6-613P	-0.3333333333333333
RNU6-614P	0.0
RNU6-615P	0.3333333333333333
RNU6-616P	0.0
RNU6-617P	0.0
RNU6-618P	0.0
RNU6-619P	0.0
RNU6-61P	0.0
RNU6-620P	0.0
RNU6-621P	0.0
RNU6-622P	0.0
RNU6-623P	-0.138345833092948
RNU6-624P	0.0
RNU6-625P	-0.5283208335737187
RNU6-626P	-0.5283208335737187
RNU6-627P	0.0
RNU6-628P	0.6666666666666666
RNU6-629P	0.0
RNU6-62P	0.0
RNU6-630P	0.0
RNU6-631P	0.0
RNU6-632P	0.0
RNU6-633P	0.0
RNU6-634P	0.0
RNU6-635P	0.0
RNU6-636P	0.0
RNU6-637P	0.0
RNU6-638P	1.0566416671474375
RNU6-639P	0.0
RNU6-63P	0.0
RNU6-640P	0.6666666666666666
RNU6-641P	0.0
RNU6-642P	0.3333333333333333
RNU6-643P	0.0
RNU6-644P	0.0
RNU6-645P	0.8616541669070521
RNU6-646P	-0.3333333333333333
RNU6-647P	0.3333333333333333
RNU6-648P	0.0
RNU6-649P	0.0
RNU6-64P	0.0
RNU6-650P	0.0
RNU6-651P	0.0
RNU6-652P	0.0
RNU6-653P	0.0
RNU6-654P	0.0
RNU6-655P	0.0
RNU6-656P	0.0
RNU6-657P	0.0
RNU6-658P	0.5283208335737187
RNU6-659P	0.0
RNU6-65P	0.0
RNU6-660P	0.0
RNU6-661P	0.0
RNU6-662P	-0.3333333333333333
RNU6-663P	0.0
RNU6-664P	0.0
RNU6-665P	0.0
RNU6-666P	0.0
RNU6-667P	0.0
RNU6-668P	0.0
RNU6-669P	0.0
RNU6-66P	0.0
RNU6-670P	0.0
RNU6-672P	-0.3333333333333333
RNU6-673P	0.0
RNU6-674P	0.0
RNU6-675P	0.0
RNU6-677P	0.0
RNU6-678P	0.3333333333333333
RNU6-679P	0.0
RNU6-67P	0.0
RNU6-680P	0.3333333333333333
RNU6-681P	-0.3333333333333333
RNU6-682P	0.3333333333333333
RNU6-684P	0.0
RNU6-685P	0.0
RNU6-686P	0.0
RNU6-687P	0.0
RNU6-689P	0.0
RNU6-68P	0.0
RNU6-690P	0.0
RNU6-692P	0.0
RNU6-693P	0.0
RNU6-694P	0.0
RNU6-695P	0.0
RNU6-696P	0.0
RNU6-697P	-0.3333333333333333
RNU6-698P	0.0
RNU6-699P	0.0
RNU6-6P	0.19498750024038541
RNU6-7	0.1693823012234421
RNU6-700P	0.0
RNU6-701P	0.0
RNU6-702P	0.0
RNU6-703P	0.3333333333333333
RNU6-704P	0.0
RNU6-705P	0.0
RNU6-706P	0.0
RNU6-707P	0.0
RNU6-708P	0.0
RNU6-709P	0.0
RNU6-70P	0.0
RNU6-710P	0.0
RNU6-711P	0.0
RNU6-712P	0.0
RNU6-713P	0.0
RNU6-714P	0.0
RNU6-715P	0.0
RNU6-716P	0.0
RNU6-717P	0.0
RNU6-718P	0.0
RNU6-719P	0.0
RNU6-71P	0.0
RNU6-720P	0.6666666666666666
RNU6-721P	0.0
RNU6-722P	1.5283208335737186
RNU6-723P	0.3333333333333333
RNU6-724P	-0.3333333333333333
RNU6-725P	0.0
RNU6-726P	0.0
RNU6-727P	0.0
RNU6-728P	0.0
RNU6-729P	0.0
RNU6-730P	0.0
RNU6-731P	0.0
RNU6-732P	-0.3333333333333333
RNU6-733P	0.0
RNU6-735P	0.0
RNU6-737P	0.0
RNU6-738P	0.0
RNU6-739P	0.0
RNU6-73P	0.0
RNU6-740P	0.0
RNU6-741P	0.0
RNU6-742P	-0.3333333333333333
RNU6-743P	0.0
RNU6-744P	0.0
RNU6-745P	0.0
RNU6-746P	0.0
RNU6-747P	0.0
RNU6-748P	0.0
RNU6-749P	0.0
RNU6-74P	-0.3333333333333333
RNU6-750P	-0.3333333333333333
RNU6-751P	0.0
RNU6-752P	0.0
RNU6-753P	0.0
RNU6-754P	0.0
RNU6-755P	0.0
RNU6-756P	0.0
RNU6-757P	0.3333333333333333
RNU6-758P	0.0
RNU6-759P	0.33333333333333326
RNU6-75P	0.0
RNU6-760P	0.0
RNU6-761P	0.0
RNU6-762P	0.5789885313887352
RNU6-763P	0.0
RNU6-764P	0.0
RNU6-765P	0.0
RNU6-766P	0.861654166907052
RNU6-767P	0.6666666666666666
RNU6-768P	0.0
RNU6-769P	-0.3333333333333333
RNU6-76P	0.0
RNU6-770P	-0.861654166907052
RNU6-771P	0.0
RNU6-772P	0.0
RNU6-774P	0.0
RNU6-775P	0.0
RNU6-776P	0.0
RNU6-777P	0.0
RNU6-778P	0.0
RNU6-77P	0.0
RNU6-780P	0.33333333333333326
RNU6-781P	-0.19498750024038536
RNU6-782P	0.0
RNU6-783P	0.0
RNU6-784P	0.3333333333333333
RNU6-786P	-1.0566416671474375
RNU6-787P	0.0
RNU6-788P	0.0
RNU6-789P	-0.3333333333333333
RNU6-78P	0.0
RNU6-790P	-0.3333333333333333
RNU6-792P	0.0
RNU6-793P	0.0
RNU6-794P	0.0
RNU6-795P	0.0
RNU6-796P	0.0
RNU6-797P	0.0
RNU6-798P	0.0
RNU6-799P	0.0
RNU6-79P	0.3333333333333333
RNU6-8	0.24565519805540248
RNU6-800P	0.0
RNU6-801P	0.0
RNU6-803P	0.0
RNU6-804P	0.0
RNU6-805P	0.3333333333333333
RNU6-806P	0.0
RNU6-807P	0.3333333333333333
RNU6-808P	0.0
RNU6-809P	0.0
RNU6-80P	-0.5283208335737187
RNU6-810P	0.0
RNU6-811P	0.0
RNU6-812P	0.0
RNU6-813P	0.0
RNU6-815P	0.0
RNU6-816P	0.0
RNU6-817P	0.5283208335737186
RNU6-818P	0.0
RNU6-819P	0.0
RNU6-81P	0.0
RNU6-820P	0.3333333333333333
RNU6-821P	0.0
RNU6-822P	0.0
RNU6-823P	-0.3333333333333333
RNU6-824P	0.6666666666666666
RNU6-826P	0.5789885313887352
RNU6-827P	0.0
RNU6-828P	-0.7233083338141042
RNU6-829P	0.0
RNU6-82P	-0.3333333333333333
RNU6-830P	0.0
RNU6-831P	0.0
RNU6-832P	0.0
RNU6-833P	0.0
RNU6-834P	0.0
RNU6-835P	0.0
RNU6-836P	-0.19498750024038541
RNU6-837P	0.0
RNU6-838P	0.0
RNU6-839P	0.0
RNU6-83P	0.0
RNU6-840P	0.0
RNU6-841P	0.0
RNU6-842P	0.0
RNU6-843P	0.0
RNU6-844P	0.0
RNU6-845P	0.0
RNU6-847P	0.0
RNU6-848P	0.0
RNU6-849P	0.0
RNU6-84P	0.0
RNU6-850P	0.5283208335737186
RNU6-851P	0.3333333333333333
RNU6-853P	0.3333333333333333
RNU6-854P	0.3333333333333333
RNU6-855P	0.0
RNU6-856P	0.5283208335737187
RNU6-857P	0.0
RNU6-858P	0.0
RNU6-859P	0.0
RNU6-85P	0.3333333333333333
RNU6-861P	0.0
RNU6-862P	-0.3333333333333333
RNU6-863P	-0.5283208335737187
RNU6-864P	0.0
RNU6-865P	0.0
RNU6-866P	0.3333333333333333
RNU6-867P	0.0
RNU6-869P	0.0
RNU6-86P	0.0
RNU6-871P	0.0
RNU6-873P	0.0
RNU6-874P	-0.19498750024038541
RNU6-875P	0.0
RNU6-876P	-1.0
RNU6-877P	0.0
RNU6-878P	0.3333333333333333
RNU6-879P	0.0
RNU6-87P	0.3333333333333333
RNU6-880P	0.0
RNU6-881P	-0.5283208335737187
RNU6-882P	0.19498750024038541
RNU6-883P	0.0
RNU6-884P	-0.3333333333333333
RNU6-885P	0.0
RNU6-886P	-0.6666666666666667
RNU6-887P	0.0
RNU6-888P	0.0
RNU6-889P	0.0
RNU6-88P	0.3333333333333333
RNU6-890P	0.861654166907052
RNU6-891P	0.0
RNU6-892P	0.0
RNU6-893P	0.0
RNU6-894P	0.0
RNU6-895P	0.0
RNU6-896P	0.0
RNU6-897P	0.0
RNU6-898P	-0.5283208335737187
RNU6-899P	0.0
RNU6-89P	0.0
RNU6-9	1.7974391409262531
RNU6-900P	0.0
RNU6-901P	0.0
RNU6-902P	0.6666666666666666
RNU6-903P	0.0
RNU6-904P	0.0
RNU6-905P	0.0
RNU6-906P	0.0
RNU6-907P	0.0
RNU6-908P	0.0
RNU6-909P	0.0
RNU6-90P	0.3333333333333333
RNU6-910P	0.0
RNU6-911P	0.0
RNU6-912P	0.0
RNU6-913P	0.0
RNU6-914P	0.0
RNU6-915P	0.3333333333333333
RNU6-916P	0.0
RNU6-917P	0.0
RNU6-918P	0.0
RNU6-919P	0.0
RNU6-91P	0.0
RNU6-920P	1.1949875002403854
RNU6-921P	0.0
RNU6-922P	0.0
RNU6-923P	0.0
RNU6-924P	0.0
RNU6-925P	0.47167916642628127
RNU6-926P	0.0
RNU6-927P	0.0
RNU6-928P	0.0
RNU6-929P	0.0
RNU6-92P	0.0
RNU6-930P	0.050667697815016455
RNU6-931P	0.0
RNU6-932P	0.0
RNU6-933P	0.0
RNU6-934P	0.0
RNU6-935P	0.0
RNU6-936P	0.0
RNU6-937P	0.6666666666666666
RNU6-938P	0.0
RNU6-939P	0.0
RNU6-940P	0.0
RNU6-941P	0.0
RNU6-942P	-0.2691183073525347
RNU6-943P	0.0
RNU6-944P	-0.3333333333333333
RNU6-945P	0.0
RNU6-946P	0.0
RNU6-947P	0.0
RNU6-948P	0.0
RNU6-949P	0.0
RNU6-94P	0.47167916642628127
RNU6-950P	0.0
RNU6-951P	0.0
RNU6-952P	0.0
RNU6-953P	0.0
RNU6-954P	0.0
RNU6-955P	0.0
RNU6-956P	0.0
RNU6-957P	0.0
RNU6-958P	0.3333333333333333
RNU6-959P	0.0
RNU6-95P	0.0
RNU6-960P	-0.3333333333333333
RNU6-961P	0.0
RNU6-964P	0.5283208335737187
RNU6-965P	0.0
RNU6-966P	0.0
RNU6-967P	0.0
RNU6-968P	0.0
RNU6-969P	0.861654166907052
RNU6-970P	0.0
RNU6-971P	0.0
RNU6-972P	0.0
RNU6-973P	0.0
RNU6-974P	0.0
RNU6-975P	-1.0
RNU6-976P	0.0
RNU6-977P	0.0
RNU6-978P	0.0
RNU6-979P	0.0
RNU6-97P	0.1383458330929479
RNU6-980P	0.0
RNU6-982P	0.0
RNU6-983P	0.0
RNU6-984P	0.0
RNU6-985P	0.0
RNU6-986P	-0.3333333333333333
RNU6-987P	0.0
RNU6-988P	-0.5283208335737187
RNU6-989P	0.0
RNU6-98P	0.0
RNU6-990P	0.0
RNU6-991P	0.0
RNU6-992P	0.0
RNU6-993P	0.0
RNU6-994P	0.0
RNU6-995P	0.0
RNU6-996P	0.0
RNU6-997P	0.0
RNU6-998P	0.0
RNU6-999P	-0.19498750024038541
RNU6-99P	0.0
RNU6ATAC	-1.1828122082320143
RNU6ATAC10P	-0.5283208335737187
RNU6ATAC11P	0.0
RNU6ATAC12P	0.0
RNU6ATAC13P	0.0
RNU6ATAC14P	0.0
RNU6ATAC15P	0.0
RNU6ATAC16P	0.10730936496245413
RNU6ATAC17P	0.0
RNU6ATAC18P	0.3333333333333333
RNU6ATAC19P	0.0
RNU6ATAC20P	0.0
RNU6ATAC21P	0.0
RNU6ATAC22P	0.0
RNU6ATAC23P	0.0
RNU6ATAC24P	0.0
RNU6ATAC25P	0.0
RNU6ATAC26P	0.0
RNU6ATAC27P	-0.7739760316291208
RNU6ATAC28P	0.0
RNU6ATAC29P	0.0
RNU6ATAC2P	0.0
RNU6ATAC30P	0.0
RNU6ATAC31P	0.0
RNU6ATAC32P	0.0
RNU6ATAC33P	0.0
RNU6ATAC34P	-0.3333333333333333
RNU6ATAC35P	0.0
RNU6ATAC36P	0.0
RNU6ATAC37P	0.0
RNU6ATAC38P	0.0
RNU6ATAC39P	0.0
RNU6ATAC3P	0.6666666666666666
RNU6ATAC40P	0.0
RNU6ATAC41P	0.0
RNU6ATAC42P	0.0
RNU6ATAC4P	0.0
RNU6ATAC5P	0.0
RNU6ATAC6P	0.0
RNU6ATAC7P	0.0
RNU6ATAC8P	0.3333333333333333
RNU6ATAC9P	0.3333333333333333
RNU6V	0.0
RNU7-1	0.0
RNU7-102P	0.0
RNU7-103P	0.0
RNU7-104P	0.0
RNU7-105P	0.0
RNU7-106P	0.0
RNU7-107P	0.0
RNU7-10P	0.0
RNU7-110P	0.0
RNU7-111P	0.0
RNU7-113P	0.0
RNU7-115P	0.3333333333333333
RNU7-116P	0.0
RNU7-119P	0.0
RNU7-11P	0.5283208335737187
RNU7-120P	0.0
RNU7-121P	0.0
RNU7-123P	0.0
RNU7-124P	-0.6666666666666666
RNU7-125P	0.0
RNU7-126P	0.0
RNU7-127P	0.0
RNU7-128P	0.0
RNU7-129P	0.0
RNU7-12P	0.0
RNU7-130P	0.3333333333333333
RNU7-133P	0.0
RNU7-134P	0.0
RNU7-136P	0.0
RNU7-137P	0.0
RNU7-138P	0.0
RNU7-13P	0.0
RNU7-140P	-0.3333333333333333
RNU7-141P	0.0
RNU7-143P	0.3333333333333333
RNU7-144P	0.0
RNU7-147P	0.0
RNU7-148P	0.0
RNU7-149P	0.0
RNU7-14P	0.0
RNU7-151P	0.0
RNU7-152P	0.0
RNU7-153P	0.0
RNU7-154P	0.3333333333333333
RNU7-155P	0.0
RNU7-156P	0.0
RNU7-157P	0.0
RNU7-159P	-0.3333333333333333
RNU7-160P	0.861654166907052
RNU7-161P	0.0
RNU7-164P	0.0
RNU7-165P	0.0
RNU7-167P	0.0
RNU7-169P	0.0
RNU7-170P	0.0
RNU7-171P	0.0
RNU7-172P	-0.3333333333333333
RNU7-173P	0.0
RNU7-174P	0.0
RNU7-175P	0.0
RNU7-176P	0.0
RNU7-179P	0.0
RNU7-180P	0.1383458330929479
RNU7-181P	0.0
RNU7-182P	0.0
RNU7-183P	0.0
RNU7-185P	0.0
RNU7-186P	0.0
RNU7-187P	0.0
RNU7-188P	0.0
RNU7-18P	1.0
RNU7-190P	0.0
RNU7-192P	0.0
RNU7-193P	0.0
RNU7-194P	0.0
RNU7-195P	0.0
RNU7-196P	-0.3333333333333333
RNU7-197P	0.0
RNU7-19P	-0.3333333333333333
RNU7-200P	0.0
RNU7-20P	0.0
RNU7-21P	0.0
RNU7-22P	0.0
RNU7-23P	0.3333333333333333
RNU7-24P	0.0
RNU7-25P	0.0
RNU7-26P	0.6666666666666666
RNU7-27P	0.0
RNU7-28P	0.0
RNU7-2P	0.0
RNU7-30P	0.0
RNU7-34P	0.0
RNU7-35P	0.0
RNU7-38P	0.0
RNU7-3P	1.3333333333333333
RNU7-40P	0.0
RNU7-41P	0.0
RNU7-42P	0.0
RNU7-43P	0.0
RNU7-45P	0.0
RNU7-46P	0.0
RNU7-47P	0.0
RNU7-48P	0.6666666666666666
RNU7-49P	0.6666666666666666
RNU7-4P	0.0
RNU7-50P	0.3333333333333333
RNU7-51P	0.0
RNU7-52P	0.0
RNU7-53P	0.0
RNU7-54P	0.0
RNU7-55P	0.0
RNU7-56P	0.0
RNU7-57P	0.0
RNU7-59P	0.0
RNU7-60P	0.0
RNU7-61P	0.0
RNU7-63P	0.6666666666666667
RNU7-65P	0.0
RNU7-66P	0.0
RNU7-67P	0.0
RNU7-68P	0.0
RNU7-69P	0.0
RNU7-6P	0.0
RNU7-70P	-0.6666666666666666
RNU7-71P	0.3333333333333333
RNU7-73P	0.0
RNU7-74P	0.0
RNU7-75P	0.7233083338141041
RNU7-79P	0.0
RNU7-7P	0.0
RNU7-80P	0.0
RNU7-81P	0.0
RNU7-82P	0.0
RNU7-84P	0.5283208335737187
RNU7-87P	0.0
RNU7-88P	0.0
RNU7-8P	0.0
RNU7-90P	0.3333333333333333
RNU7-92P	0.0
RNU7-93P	0.0
RNU7-94P	0.0
RNU7-95P	0.0
RNU7-96P	-0.5283208335737187
RNU7-97P	0.0
RNU7-99P	0.0
RNVU1-1	0.0
RNVU1-14	0.0
RNVU1-15	2.555111972395059
RNVU1-17	0.0
RNVU1-18	0.861654166907052
RNVU1-19	2.569119710693627
RNVU1-2	2.5937865711748866
RNVU1-21	0.0
RNVU1-22	1.1949875002403854
RNVU1-23	0.0
RNVU1-24	1.0566416671474375
RNVU1-26	1.1949875002403854
RNVU1-27	1.3299821117786923
RNVU1-28	0.30116133138842294
RNVU1-2A	1.7974391409262531
RNVU1-3	1.7974391409262536
RNVU1-30	3.4726175049619656
RNVU1-31	0.06440041897276316
RNVU1-32	-0.5283208335737186
RNVU1-33	-0.5283208335737187
RNVU1-34	1.46410580759292
RNVU1-4	1.0
RNVU1-6	0.5678644704351328
RNVU1-7	0.11193244907745203
RNVU1-8	2.6356301985361728
RNY1	-0.022660139755153352
RNY1P1	0.0
RNY1P10	0.0
RNY1P11	0.0
RNY1P12	1.1949875002403854
RNY1P13	0.0
RNY1P14	0.6666666666666666
RNY1P15	0.3333333333333333
RNY1P16	-0.3333333333333333
RNY1P2	0.0
RNY1P3	0.0
RNY1P4	0.0
RNY1P5	0.0
RNY1P6	0.0
RNY1P7	0.0
RNY1P8	0.0
RNY1P9	-0.3333333333333333
RNY3	1.5283208335737186
RNY3P1	0.3333333333333333
RNY3P10	0.0
RNY3P11	0.0
RNY3P12	0.3333333333333333
RNY3P13	-0.5283208335737187
RNY3P14	0.3333333333333333
RNY3P15	0.0
RNY3P16	0.0
RNY3P2	-0.3333333333333333
RNY3P3	0.0
RNY3P4	0.0
RNY3P5	0.0
RNY3P7	0.0
RNY3P8	0.0
RNY3P9	0.0
RNY4	0.0
RNY4P10	0.24565519805540204
RNY4P13	0.0
RNY4P14	0.0
RNY4P16	0.0
RNY4P17	-0.5283208335737187
RNY4P18	0.0
RNY4P19	0.0
RNY4P20	0.0
RNY4P23	0.0
RNY4P24	0.0
RNY4P25	0.5283208335737187
RNY4P27	0.0
RNY4P28	0.0
RNY4P29	0.0
RNY4P3	-0.3333333333333333
RNY4P30	0.0
RNY4P34	0.8616541669070521
RNY4P36	0.0
RNY4P37	0.0
RNY4P6	-0.19498750024038541
RNY4P7	-0.5789885313887354
RNY4P9	0.0
RO60	0.16459520219108903
ROBO1	-0.024468435696810786
ROBO2	0.0
ROBO2P1	0.0
ROBO3	-0.24565519805540215
ROBO4	-0.5283208335737187
ROCK1	0.02555973272245371
ROCK1P1	-0.19498750024038541
ROCK2	0.33444507384125544
ROCR	0.0
ROGDI	1.19824784050458
ROM1	-1.453298648362128
ROMO1	0.1276253453673295
ROPN1	0.0
ROPN1B	0.0
ROPN1L	1.6666666666666667
ROPN1L-AS1	0.0
ROR1	-0.7317348032968898
ROR1-AS1	-0.19498750024038541
ROR2	0.0
RORA	-0.4952144339270106
RORA-AS1	0.0
RORA-AS2	0.0
RORA-AS3	0.0
RORA-AS4	0.0
RORB	0.0
RORB-AS1	0.0
RORC	-1.6461998184452862
ROS1	-0.5868446884348701
ROSSALIND	0.0
RP1	0.0
RP1L1	0.6666666666666667
RP2	-0.12155094901580643
RP9	0.04801545653890127
RP9P	0.07982197823179593
RPA1	0.3859563279557472
RPA2	0.44183233518371523
RPA2P1	0.0
RPA2P2	0.0
RPA2P3	0.0
RPA3	0.5155943686145097
RPA3P1	0.0
RPA3P2	0.0
RPA4	0.0
RPAIN	0.05817270424759702
RPAP1	0.43767404130622545
RPAP2	0.16505374436669218
RPAP2P1	-0.7233083338141041
RPAP3	0.7538395842087571
RPAP3-DT	0.3899750004807707
RPE	0.18561901210726894
RPE65	0.3333333333333333
RPEL1	0.0
RPEP1	0.3333333333333333
RPEP2	0.0
RPEP3	0.1383458330929479
RPEP4	-0.5283208335737187
RPEP5	0.0
RPEP6	0.0
RPF1	0.4620194774356934
RPF2	-0.11703276218294345
RPF2P1	0.0
RPF2P2	0.0
RPGR	-0.00024038908121859492
RPGRIP1	-0.08767813527793122
RPGRIP1L	0.47888131848940674
RPH3A	0.0
RPH3AL	-0.884828535068543
RPH3AL-AS1	0.0
RPH3AL-AS2	0.0
RPH3AL-AS3	0.1383458330929479
RPIA	-0.7125615914925092
RPIAP1	0.0
RPL10	0.24281047109549192
RPL10A	0.12946972336518492
RPL10AP1	0.4716791664262814
RPL10AP11	0.0
RPL10AP12	0.0
RPL10AP13	0.861654166907052
RPL10AP2	0.0
RPL10AP3	0.0
RPL10AP4	-0.3333333333333333
RPL10AP5	0.0
RPL10AP6	-0.2826656355183166
RPL10AP7	0.0
RPL10AP9	0.0
RPL10L	0.0
RPL10P1	0.0
RPL10P10	0.0
RPL10P11	0.0
RPL10P12	0.5283208335737186
RPL10P13	0.0
RPL10P14	-0.3333333333333333
RPL10P15	0.0
RPL10P16	1.5283208335737186
RPL10P17	0.0
RPL10P18	0.0
RPL10P19	0.0
RPL10P2	0.0
RPL10P3	-0.3333333333333333
RPL10P4	0.0
RPL10P5	0.0
RPL10P6	1.0566416671474375
RPL10P7	0.0
RPL10P8	0.0
RPL10P9	0.861654166907052
RPL11	0.10729597125861545
RPL11P1	-0.3333333333333333
RPL11P2	0.0
RPL11P3	1.0
RPL11P4	-0.19498750024038536
RPL11P5	0.0
RPL12	0.6014418486611852
RPL12P1	0.0
RPL12P10	0.3333333333333333
RPL12P11	-0.5283208335737187
RPL12P12	1.5283208335737188
RPL12P13	-0.5283208335737187
RPL12P14	-0.2456551980554018
RPL12P15	0.0
RPL12P16	0.0
RPL12P17	0.0
RPL12P18	0.0
RPL12P19	0.0
RPL12P2	0.0
RPL12P20	0.0
RPL12P21	0.0
RPL12P22	0.0
RPL12P23	0.0
RPL12P24	0.0
RPL12P25	0.0
RPL12P26	0.0
RPL12P27	0.0
RPL12P28	0.0
RPL12P29	0.3333333333333333
RPL12P3	0.0
RPL12P30	0.0
RPL12P31	0.0
RPL12P32	0.0
RPL12P33	0.0
RPL12P34	0.0
RPL12P35	0.3333333333333333
RPL12P36	0.0
RPL12P37	0.0
RPL12P38	0.0
RPL12P39	0.0
RPL12P4	0.19498750024038547
RPL12P40	0.0
RPL12P41	0.0
RPL12P42	0.1383458330929479
RPL12P43	0.0
RPL12P44	0.0
RPL12P45	0.0
RPL12P46	0.0
RPL12P47	0.0
RPL12P48	0.0
RPL12P49	-0.3333333333333333
RPL12P5	0.0
RPL12P50	0.0
RPL12P6	-0.5283208335737187
RPL12P7	0.0
RPL12P8	-0.3333333333333333
RPL12P9	0.0
RPL13	0.46249776522898856
RPL13A	-0.03129311702820914
RPL13AP	0.0
RPL13AP10	0.0
RPL13AP11	0.0
RPL13AP12	-0.5283208335737186
RPL13AP13	0.0
RPL13AP14	0.0
RPL13AP15	0.5150538308877279
RPL13AP16	0.6666666666666666
RPL13AP17	-0.6666666666666666
RPL13AP18	0.3333333333333333
RPL13AP19	0.0
RPL13AP2	0.0
RPL13AP20	0.19498750024038536
RPL13AP21	0.0
RPL13AP22	0.6666666666666666
RPL13AP23	0.0
RPL13AP24	0.0
RPL13AP25	0.278833755905707
RPL13AP26	0.0
RPL13AP27	0.0
RPL13AP3	0.6666666666666666
RPL13AP5	-0.38400103114835016
RPL13AP6	0.0
RPL13AP7	-0.9123218647220687
RPL13AP8	0.0
RPL13AP9	1.1949875002403854
RPL13P	0.0
RPL13P10	0.0
RPL13P11	0.0
RPL13P12	0.11562593214137529
RPL13P14	0.0
RPL13P2	0.3333333333333333
RPL13P4	0.3333333333333333
RPL13P5	-0.138345833092948
RPL13P6	-0.740797473778816
RPL13P7	0.0
RPL13P8	0.5283208335737186
RPL14	-0.08482012391620408
RPL14P1	0.056641667147437236
RPL14P2	0.0
RPL14P3	0.8616541669070521
RPL14P4	0.0
RPL14P5	0.0
RPL14P6	0.0
RPL15	0.4342868832209579
RPL15P1	0.0
RPL15P11	0.0
RPL15P12	0.5283208335737187
RPL15P13	0.0
RPL15P14	0.44064269829578745
RPL15P15	0.0
RPL15P16	0.861654166907052
RPL15P17	0.0
RPL15P18	0.5283208335737187
RPL15P19	-0.3333333333333333
RPL15P2	0.1383458330929479
RPL15P20	-0.3333333333333333
RPL15P21	0.0
RPL15P22	-0.4406426982957875
RPL15P3	0.138345833092948
RPL15P4	0.3333333333333333
RPL15P5	-0.19498750024038541
RPL15P6	0.0
RPL15P7	1.3333333333333333
RPL15P8	-0.47167916642628127
RPL15P9	0.0
RPL17	-0.24419571788521122
RPL17-C18orf32	0.0
RPL17P1	0.0
RPL17P10	0.5283208335737186
RPL17P11	0.0
RPL17P12	0.0
RPL17P13	0.0
RPL17P14	0.0
RPL17P15	0.0
RPL17P16	0.0
RPL17P17	0.0
RPL17P18	0.602451640685868
RPL17P19	0.0
RPL17P2	0.0
RPL17P20	0.0
RPL17P21	0.0
RPL17P22	-1.1949875002403854
RPL17P23	-0.3333333333333333
RPL17P24	0.0
RPL17P25	0.8616541669070521
RPL17P26	0.0
RPL17P27	0.0
RPL17P28	0.6666666666666667
RPL17P29	0.0
RPL17P3	0.0
RPL17P30	0.0
RPL17P31	0.0
RPL17P32	0.0
RPL17P33	0.0
RPL17P34	0.0
RPL17P35	0.0
RPL17P36	0.4210114686112645
RPL17P37	0.0
RPL17P38	-0.5283208335737187
RPL17P39	0.7739760316291205
RPL17P4	0.0
RPL17P40	-0.5283208335737186
RPL17P41	0.0
RPL17P43	-0.19498750024038541
RPL17P44	0.0
RPL17P45	0.0
RPL17P46	0.0
RPL17P47	1.9182958340544893
RPL17P48	-0.3333333333333333
RPL17P49	0.0
RPL17P5	-0.3333333333333333
RPL17P50	-0.05066769781501668
RPL17P51	0.0
RPL17P52	0.5283208335737186
RPL17P6	0.4406426982957876
RPL17P7	0.33333333333333326
RPL17P8	0.0
RPL17P9	-0.19498750024038536
RPL18	0.3508167350433862
RPL18A	0.10225586808500076
RPL18AP1	1.0
RPL18AP10	0.0
RPL18AP11	0.0
RPL18AP12	0.7739760316291208
RPL18AP13	0.1383458330929479
RPL18AP14	0.0
RPL18AP15	0.0
RPL18AP16	0.3333333333333333
RPL18AP17	0.0
RPL18AP2	0.3333333333333333
RPL18AP3	-0.03317855785030477
RPL18AP4	0.0
RPL18AP5	0.3333333333333333
RPL18AP6	1.5283208335737184
RPL18AP7	-0.6666666666666667
RPL18AP8	0.0
RPL18AP9	-0.3333333333333333
RPL18P1	0.0
RPL18P10	0.33333333333333337
RPL18P11	0.0
RPL18P12	0.0
RPL18P13	0.5283208335737187
RPL18P2	0.0
RPL18P3	0.3333333333333333
RPL18P4	0.0
RPL18P5	0.0
RPL18P8	0.0
RPL19	-0.05538454002053861
RPL19P1	0.0
RPL19P11	0.0
RPL19P13	0.0
RPL19P14	0.3333333333333333
RPL19P15	0.0
RPL19P16	0.3333333333333333
RPL19P17	0.0
RPL19P18	0.0
RPL19P19	0.0
RPL19P2	0.3333333333333333
RPL19P20	0.0
RPL19P21	0.3333333333333333
RPL19P3	0.0
RPL19P4	0.0
RPL19P5	0.5283208335737187
RPL19P6	0.6666666666666666
RPL19P7	0.0
RPL19P8	0.3333333333333333
RPL19P9	0.0
RPL21	-0.5560537816847173
RPL21P1	0.5283208335737187
RPL21P10	0.0
RPL21P100	1.0
RPL21P101	0.0
RPL21P102	0.0
RPL21P103	0.0
RPL21P104	0.0
RPL21P105	-0.3333333333333333
RPL21P106	-0.3333333333333333
RPL21P107	0.0
RPL21P108	0.0
RPL21P109	0.0
RPL21P11	0.0
RPL21P110	0.6666666666666666
RPL21P111	0.0
RPL21P112	0.0
RPL21P113	0.0
RPL21P114	0.0
RPL21P115	1.3022968652028395
RPL21P116	1.0
RPL21P117	0.0
RPL21P118	0.33333333333333326
RPL21P119	0.3333333333333333
RPL21P12	0.0
RPL21P120	0.0
RPL21P121	-0.49514227572341385
RPL21P122	-0.6666666666666666
RPL21P123	0.0
RPL21P124	-0.3333333333333333
RPL21P125	0.861654166907052
RPL21P126	0.0
RPL21P127	0.0
RPL21P128	-0.47167916642628127
RPL21P129	0.0
RPL21P13	0.0
RPL21P130	0.0
RPL21P131	0.0
RPL21P132	-0.19498750024038541
RPL21P133	0.0
RPL21P134	0.0
RPL21P135	0.0
RPL21P136	0.5283208335737186
RPL21P137	-0.19498750024038541
RPL21P14	-1.584962500721156
RPL21P15	0.3333333333333333
RPL21P16	-0.19498750024038536
RPL21P17	0.0
RPL21P18	0.0
RPL21P19	-0.3333333333333333
RPL21P2	0.6666666666666666
RPL21P20	0.3333333333333333
RPL21P21	0.5283208335737186
RPL21P22	0.0
RPL21P23	0.5283208335737187
RPL21P24	0.0
RPL21P25	0.0
RPL21P26	0.0
RPL21P27	-0.3333333333333333
RPL21P28	-1.2516291673878228
RPL21P29	-0.3333333333333333
RPL21P3	-0.8616541669070521
RPL21P30	0.861654166907052
RPL21P31	-0.5283208335737187
RPL21P32	-0.6666666666666666
RPL21P33	0.0
RPL21P34	0.0
RPL21P35	0.0
RPL21P36	0.0
RPL21P37	0.0
RPL21P38	0.0
RPL21P39	0.0
RPL21P4	-0.3333333333333333
RPL21P40	-0.5283208335737187
RPL21P41	0.0
RPL21P42	0.0
RPL21P43	-0.5283208335737186
RPL21P44	0.0
RPL21P45	0.0
RPL21P46	-0.19498750024038541
RPL21P47	0.0
RPL21P48	-0.1383458330929479
RPL21P49	0.19498750024038536
RPL21P5	0.26911830735253495
RPL21P50	-0.1383458330929479
RPL21P51	0.0
RPL21P52	0.7739760316291208
RPL21P53	-1.0566416671474375
RPL21P54	0.0
RPL21P55	-0.3333333333333333
RPL21P56	0.0
RPL21P57	-0.3333333333333333
RPL21P58	0.0
RPL21P59	0.5283208335737187
RPL21P6	0.0
RPL21P60	0.3333333333333333
RPL21P61	0.0
RPL21P62	0.0
RPL21P63	0.0
RPL21P64	0.0
RPL21P65	-0.3333333333333333
RPL21P66	0.0
RPL21P67	0.0
RPL21P68	0.0
RPL21P69	0.0
RPL21P7	0.0
RPL21P70	0.0
RPL21P71	0.0
RPL21P72	0.0
RPL21P73	-0.3333333333333333
RPL21P74	0.3333333333333333
RPL21P75	0.3333333333333333
RPL21P76	0.0
RPL21P77	0.0
RPL21P78	0.0
RPL21P79	0.0
RPL21P8	0.5283208335737186
RPL21P80	0.8616541669070521
RPL21P81	0.0
RPL21P82	-0.3333333333333333
RPL21P83	0.0
RPL21P84	0.0
RPL21P85	0.0
RPL21P86	0.3333333333333333
RPL21P87	0.5283208335737187
RPL21P88	0.0
RPL21P89	-0.19498750024038541
RPL21P9	0.0
RPL21P90	0.0
RPL21P91	0.0
RPL21P92	-0.3333333333333333
RPL21P93	-0.3333333333333333
RPL21P94	0.0
RPL21P95	-1.2691183073525347
RPL21P96	0.0
RPL21P97	0.0
RPL21P98	-0.3333333333333333
RPL21P99	0.0
RPL22	-0.2541361169453209
RPL22L1	-1.059243725108172
RPL22P1	0.0
RPL22P10	0.0
RPL22P11	0.0
RPL22P12	0.5593573017042125
RPL22P13	0.0
RPL22P14	0.0
RPL22P16	0.0
RPL22P17	0.0
RPL22P18	0.0
RPL22P19	0.0
RPL22P2	-0.1383458330929479
RPL22P20	0.0
RPL22P21	0.3333333333333333
RPL22P22	0.0
RPL22P23	0.0
RPL22P24	-0.3333333333333333
RPL22P3	-0.7739760316291205
RPL22P4	0.0
RPL22P5	0.0
RPL22P6	0.0
RPL22P7	0.0
RPL22P8	0.0
RPL23	-0.004322913837349063
RPL23A	0.0004254494645632434
RPL23AP1	0.0
RPL23AP10	0.0
RPL23AP11	0.0
RPL23AP12	0.0
RPL23AP14	0.3333333333333333
RPL23AP15	0.0
RPL23AP16	0.0
RPL23AP17	-0.861654166907052
RPL23AP18	0.19498750024038536
RPL23AP19	0.0
RPL23AP2	0.8050124997596145
RPL23AP20	-0.3333333333333333
RPL23AP21	0.0
RPL23AP22	0.0
RPL23AP23	0.0
RPL23AP24	0.0
RPL23AP25	0.0
RPL23AP26	0.0
RPL23AP27	0.0
RPL23AP28	0.0
RPL23AP29	0.0
RPL23AP3	0.0
RPL23AP30	0.6666666666666666
RPL23AP31	0.0
RPL23AP32	0.3333333333333333
RPL23AP33	0.0
RPL23AP34	0.0
RPL23AP35	-0.3333333333333333
RPL23AP36	0.3333333333333333
RPL23AP37	-0.3333333333333333
RPL23AP38	0.0
RPL23AP39	0.0
RPL23AP4	0.0
RPL23AP40	0.3333333333333333
RPL23AP41	0.0
RPL23AP42	1.0566416671474372
RPL23AP43	0.3333333333333333
RPL23AP44	0.0
RPL23AP45	0.0
RPL23AP46	0.0
RPL23AP47	0.0
RPL23AP48	0.0
RPL23AP49	0.0
RPL23AP5	0.8812853965915748
RPL23AP50	1.4406426982957872
RPL23AP51	-0.9689635318695059
RPL23AP52	-1.2691183073525347
RPL23AP53	0.7456797324336166
RPL23AP54	0.0
RPL23AP55	0.0
RPL23AP56	0.0
RPL23AP57	0.5283208335737186
RPL23AP58	-0.5283208335737187
RPL23AP59	0.0
RPL23AP6	-0.3333333333333333
RPL23AP60	0.0
RPL23AP61	0.0
RPL23AP62	0.0
RPL23AP63	0.0
RPL23AP64	0.11203262267450542
RPL23AP65	0.0
RPL23AP66	-0.3333333333333333
RPL23AP67	0.0
RPL23AP68	0.0
RPL23AP69	0.6666666666666666
RPL23AP7	-0.03228717975086326
RPL23AP70	-0.5283208335737187
RPL23AP71	0.0
RPL23AP72	-0.3333333333333333
RPL23AP73	0.0
RPL23AP74	0.0
RPL23AP75	0.0
RPL23AP76	0.0
RPL23AP77	0.0
RPL23AP78	0.0
RPL23AP79	-0.4136693665012654
RPL23AP8	-0.861654166907052
RPL23AP80	0.0
RPL23AP81	0.0
RPL23AP82	-0.1307724742595866
RPL23AP83	0.0
RPL23AP84	0.0
RPL23AP85	0.0
RPL23AP86	-0.7233083338141042
RPL23AP87	0.6666666666666666
RPL23AP88	0.0
RPL23AP89	0.0
RPL23AP90	-0.19498750024038541
RPL23AP91	0.0
RPL23AP92	0.3333333333333333
RPL23AP93	0.0
RPL23AP94	0.0
RPL23AP95	-0.5283208335737187
RPL23AP96	0.0
RPL23AP97	0.3333333333333333
RPL23P10	0.0
RPL23P11	0.0
RPL23P2	0.0
RPL23P3	0.0
RPL23P4	0.0
RPL23P5	0.0
RPL23P6	0.3333333333333333
RPL23P7	0.0
RPL23P8	0.7097610056483219
RPL24	0.20331737005844452
RPL24P2	1.107309364962454
RPL24P3	0.0
RPL24P4	-0.24565519805540204
RPL24P5	0.3333333333333333
RPL24P6	0.0
RPL24P7	0.3333333333333333
RPL24P8	1.1949875002403854
RPL24P9	0.0
RPL26	0.10823421656511556
RPL26L1	0.22921873081096855
RPL26L1-AS1	1.46410580759292
RPL26P10	0.22602396837087912
RPL26P11	0.0
RPL26P12	0.5283208335737187
RPL26P13	0.0
RPL26P15	0.0
RPL26P16	0.0
RPL26P18	0.0
RPL26P19	0.8616541669070521
RPL26P2	0.0
RPL26P20	0.0
RPL26P22	0.0
RPL26P23	0.0
RPL26P24	0.0
RPL26P25	0.0
RPL26P26	0.0
RPL26P27	0.6666666666666666
RPL26P28	0.0
RPL26P29	-0.1383458330929479
RPL26P3	0.0
RPL26P30	0.5283208335737187
RPL26P31	0.0
RPL26P32	0.19498750024038541
RPL26P33	0.0
RPL26P34	0.0
RPL26P35	0.861654166907052
RPL26P36	0.6666666666666666
RPL26P37	0.0
RPL26P4	-0.5283208335737187
RPL26P5	0.0
RPL26P6	0.19498750024038541
RPL26P8	0.0
RPL26P9	0.0
RPL27	0.09150460156477713
RPL27A	-0.2370463361196773
RPL27AP	0.0
RPL27AP2	0.0
RPL27AP3	0.0
RPL27AP4	0.0
RPL27AP5	-0.3333333333333333
RPL27AP6	0.6841558066313786
RPL27AP7	0.0
RPL27AP8	0.0
RPL27AP9	0.0
RPL27P1	0.1383458330929479
RPL27P10	0.0
RPL27P11	0.0
RPL27P12	0.5283208335737186
RPL27P2	0.0
RPL27P3	-0.3333333333333333
RPL27P4	0.0
RPL27P5	0.0
RPL27P6	-0.861654166907052
RPL27P7	0.0
RPL27P8	-1.0
RPL27P9	0.0
RPL28	0.5748726618945792
RPL28P1	0.0
RPL28P2	0.3333333333333333
RPL28P5	0.0
RPL28P6	-0.5283208335737187
RPL29	-0.20810749606555135
RPL29P1	0.0
RPL29P11	0.8284756090567471
RPL29P12	0.8616541669070521
RPL29P13	0.0
RPL29P14	0.23808183922204051
RPL29P15	-0.6666666666666666
RPL29P16	0.3333333333333333
RPL29P17	0.0
RPL29P18	0.0
RPL29P19	0.0
RPL29P2	0.0
RPL29P20	-0.6666666666666666
RPL29P21	0.9689635318695062
RPL29P22	0.0
RPL29P23	0.0
RPL29P24	0.47167916642628127
RPL29P25	0.0
RPL29P26	0.0
RPL29P27	0.0
RPL29P28	0.0
RPL29P29	0.0
RPL29P3	0.0
RPL29P30	0.0
RPL29P31	0.0
RPL29P32	0.0
RPL29P33	-0.5283208335737187
RPL29P34	0.0
RPL29P35	0.0
RPL29P4	-1.3481313731194844
RPL29P5	0.3333333333333333
RPL29P6	0.0
RPL29P7	0.0
RPL29P8	0.0
RPL29P9	0.3333333333333333
RPL3	0.03876629778824103
RPL30	-0.39411228800715215
RPL30-AS1	-0.3455086253417048
RPL30P1	0.0
RPL30P10	0.0
RPL30P11	0.0
RPL30P12	0.0
RPL30P13	0.0
RPL30P14	0.0
RPL30P15	0.0
RPL30P16	0.0
RPL30P2	0.1383458330929479
RPL30P3	0.0
RPL30P4	-1.1073093649624541
RPL30P5	0.0
RPL30P6	0.0
RPL30P7	0.0
RPL30P9	0.0
RPL31	0.148446524492849
RPL31P1	0.0
RPL31P10	0.861654166907052
RPL31P11	0.0
RPL31P12	0.0
RPL31P13	0.0
RPL31P14	0.0
RPL31P15	0.0
RPL31P16	0.0
RPL31P17	0.0
RPL31P18	0.5283208335737187
RPL31P19	-0.3333333333333333
RPL31P2	0.7739760316291205
RPL31P20	-0.1383458330929479
RPL31P21	0.0
RPL31P22	0.3333333333333333
RPL31P23	0.0
RPL31P24	0.0
RPL31P25	0.0
RPL31P26	0.0
RPL31P27	0.0
RPL31P28	0.0
RPL31P29	0.0
RPL31P3	0.0
RPL31P30	0.0
RPL31P31	0.0
RPL31P32	0.0
RPL31P33	0.0
RPL31P34	0.0
RPL31P35	0.0
RPL31P36	0.0
RPL31P37	0.0
RPL31P38	0.0
RPL31P39	0.0
RPL31P4	1.4406426982957872
RPL31P40	0.0
RPL31P41	0.0
RPL31P42	0.0
RPL31P43	0.0
RPL31P44	0.3333333333333333
RPL31P45	0.0
RPL31P46	-0.31370210364881057
RPL31P47	0.0
RPL31P48	0.0
RPL31P49	0.6666666666666666
RPL31P5	0.0
RPL31P50	0.3333333333333333
RPL31P51	0.0
RPL31P52	-0.2456551980554018
RPL31P53	0.0
RPL31P54	0.0
RPL31P55	0.0
RPL31P56	0.0
RPL31P57	0.0
RPL31P58	0.861654166907052
RPL31P59	0.0
RPL31P6	0.0
RPL31P60	0.0
RPL31P61	0.0
RPL31P62	-0.3333333333333333
RPL31P63	0.0
RPL31P64	0.0
RPL31P7	0.0
RPL31P8	-0.6666666666666666
RPL31P9	0.0
RPL32	0.18583111758328386
RPL32P1	0.0
RPL32P10	0.0
RPL32P11	0.6666666666666667
RPL32P12	0.0
RPL32P13	0.0
RPL32P14	0.0
RPL32P15	0.0
RPL32P16	0.861654166907052
RPL32P17	0.0
RPL32P18	0.050667697815016455
RPL32P19	0.0
RPL32P2	0.5283208335737186
RPL32P20	0.0
RPL32P21	0.0
RPL32P22	-0.3333333333333333
RPL32P23	0.0
RPL32P24	0.0
RPL32P25	0.0
RPL32P26	-0.3333333333333333
RPL32P27	0.0
RPL32P28	0.0
RPL32P29	0.0
RPL32P3	0.5558082203043764
RPL32P30	0.0
RPL32P31	0.0
RPL32P32	-0.9689635318695062
RPL32P33	0.0
RPL32P34	-0.3333333333333333
RPL32P35	0.0
RPL32P36	0.0
RPL32P37	0.0
RPL32P4	0.0
RPL32P5	0.0
RPL32P6	-0.5283208335737187
RPL32P7	0.0
RPL32P8	0.0
RPL32P9	0.0
RPL34	-0.31262998663765273
RPL34-DT	-0.5283208335737186
RPL34P1	0.0
RPL34P10	0.5283208335737187
RPL34P11	-0.3333333333333333
RPL34P12	0.0
RPL34P13	-0.3333333333333333
RPL34P14	0.0
RPL34P16	0.0
RPL34P17	0.0
RPL34P18	0.5283208335737187
RPL34P19	0.3333333333333333
RPL34P20	-0.5283208335737186
RPL34P21	0.0
RPL34P22	0.0
RPL34P23	0.0
RPL34P24	-0.47167916642628127
RPL34P26	0.3333333333333333
RPL34P27	0.0
RPL34P28	0.33333333333333337
RPL34P29	0.0
RPL34P3	0.0
RPL34P30	0.0
RPL34P31	0.3333333333333333
RPL34P32	0.3333333333333333
RPL34P33	0.0
RPL34P34	-0.3333333333333333
RPL34P35	-0.5283208335737187
RPL34P36	0.0
RPL34P4	0.0
RPL34P5	1.1949875002403854
RPL34P6	0.3333333333333333
RPL34P7	0.0
RPL34P8	0.0
RPL34P9	0.0
RPL35	0.05602064783365002
RPL35A	-0.03063252311909892
RPL35AP	0.0
RPL35AP10	-0.19498750024038541
RPL35AP11	0.0
RPL35AP12	0.0
RPL35AP13	0.5283208335737187
RPL35AP14	0.0
RPL35AP15	0.0
RPL35AP16	0.33333333333333326
RPL35AP17	-0.3333333333333333
RPL35AP18	0.0
RPL35AP19	0.0
RPL35AP2	0.6666666666666666
RPL35AP20	0.33333333333333337
RPL35AP21	0.0
RPL35AP22	0.0
RPL35AP23	-0.3333333333333333
RPL35AP24	-1.0
RPL35AP26	0.0
RPL35AP27	-0.44064269829578745
RPL35AP28	0.0
RPL35AP29	0.3333333333333333
RPL35AP3	0.0
RPL35AP30	0.0
RPL35AP31	0.0
RPL35AP32	-0.1383458330929479
RPL35AP33	0.0
RPL35AP34	0.0
RPL35AP35	0.0
RPL35AP36	0.0
RPL35AP37	0.0
RPL35AP38	0.19498750024038541
RPL35AP4	0.0
RPL35AP5	-0.861654166907052
RPL35AP6	0.0
RPL35AP7	0.0
RPL35AP8	0.0
RPL35AP9	0.0
RPL35P1	1.0
RPL35P10	0.0
RPL35P2	0.0
RPL35P3	0.0
RPL35P4	0.0
RPL35P5	0.9182958340544893
RPL35P6	0.0
RPL35P8	0.0
RPL35P9	0.0
RPL36	0.475051781854015
RPL36A	0.20428949909701277
RPL36A-HNRNPH2	0.0
RPL36AL	0.480484402759485
RPL36AP1	0.0
RPL36AP10	0.0
RPL36AP11	0.19498750024038541
RPL36AP12	0.0
RPL36AP13	0.861654166907052
RPL36AP14	0.0
RPL36AP15	-0.19498750024038536
RPL36AP16	-0.33333333333333326
RPL36AP17	0.0
RPL36AP18	0.0
RPL36AP19	0.0
RPL36AP2	0.0
RPL36AP20	0.0
RPL36AP21	0.0
RPL36AP23	0.0
RPL36AP24	-0.3333333333333333
RPL36AP25	0.0
RPL36AP26	0.0
RPL36AP27	-0.3333333333333333
RPL36AP28	0.0
RPL36AP29	-0.3333333333333333
RPL36AP30	-0.47167916642628127
RPL36AP31	0.0
RPL36AP32	0.861654166907052
RPL36AP33	1.0
RPL36AP34	0.0
RPL36AP35	0.0
RPL36AP36	0.0
RPL36AP37	-0.4074641404454826
RPL36AP38	0.0
RPL36AP39	0.0
RPL36AP4	0.0
RPL36AP40	0.0
RPL36AP41	0.3333333333333333
RPL36AP43	0.33333333333333337
RPL36AP44	-0.3333333333333333
RPL36AP45	0.0
RPL36AP46	0.3333333333333333
RPL36AP47	0.0
RPL36AP48	0.3333333333333333
RPL36AP49	0.3333333333333333
RPL36AP5	0.0
RPL36AP50	0.0
RPL36AP51	0.0
RPL36AP52	-0.3333333333333333
RPL36AP53	0.0
RPL36AP54	0.5283208335737187
RPL36AP55	0.0
RPL36AP6	0.0
RPL36AP7	0.3333333333333333
RPL36AP8	1.1863224307294038
RPL36AP9	-0.3333333333333333
RPL36P1	0.0
RPL36P10	0.0
RPL36P11	0.0
RPL36P12	-0.3333333333333333
RPL36P13	0.0
RPL36P14	-0.3333333333333333
RPL36P15	0.0
RPL36P16	0.0
RPL36P17	0.0
RPL36P18	0.0
RPL36P19	0.0
RPL36P2	0.0
RPL36P20	0.0
RPL36P3	0.0
RPL36P4	0.0
RPL36P5	0.0
RPL36P6	0.0
RPL36P7	0.0
RPL36P8	0.0
RPL36P9	-0.5283208335737187
RPL37	-0.02930730071981813
RPL37A	-0.12836083233075612
RPL37A-DT	-0.30229686520283927
RPL37AP1	0.0
RPL37AP2	0.0
RPL37AP3	0.0
RPL37AP4	0.0
RPL37AP6	0.0
RPL37AP8	0.0
RPL37AP9	0.3333333333333333
RPL37P1	0.0
RPL37P10	0.0
RPL37P11	0.0
RPL37P12	1.6356301985361725
RPL37P13	0.0
RPL37P14	0.0
RPL37P15	0.0
RPL37P17	-0.6666666666666666
RPL37P18	0.5283208335737187
RPL37P19	0.0
RPL37P2	-0.861654166907052
RPL37P20	0.0
RPL37P21	0.0
RPL37P23	-0.19498750024038541
RPL37P24	0.0
RPL37P25	0.0
RPL37P3	0.0
RPL37P4	0.0
RPL37P5	0.0
RPL37P6	-0.3333333333333333
RPL37P7	0.0
RPL37P9	0.0
RPL38	0.13398027855746086
RPL38P1	0.0
RPL38P2	0.0
RPL38P3	0.0
RPL38P4	0.0
RPL38P5	-0.5283208335737187
RPL38P6	0.0
RPL39	-0.1139957411857857
RPL39L	-0.6666666666666666
RPL39P	0.0
RPL39P14	-0.19498750024038541
RPL39P15	0.3333333333333333
RPL39P16	-0.6356301985361725
RPL39P17	-0.3333333333333333
RPL39P18	-0.6666666666666666
RPL39P25	0.0
RPL39P26	0.0
RPL39P28	0.0
RPL39P29	0.0
RPL39P3	-0.4074641404454826
RPL39P31	0.0
RPL39P33	0.0
RPL39P34	0.0
RPL39P36	0.7739760316291207
RPL39P38	0.0
RPL39P39	0.0
RPL39P40	0.9123218647220688
RPL39P41	0.0
RPL39P5	-0.3333333333333333
RPL39P6	0.6666666666666667
RPL3L	2.209785540026536
RPL3P1	1.3333333333333333
RPL3P10	0.0
RPL3P11	0.0
RPL3P12	-0.5283208335737187
RPL3P13	0.0
RPL3P2	-0.19498750024038536
RPL3P3	0.0
RPL3P4	-0.6161579697943993
RPL3P5	0.0
RPL3P6	0.7739760316291208
RPL3P7	0.3333333333333333
RPL3P8	0.0
RPL3P9	0.0
RPL4	0.11997630883606192
RPL41	0.3425229789827533
RPL41P1	-0.2546068756444919
RPL41P2	1.4406426982957874
RPL41P5	0.5283208335737187
RPL4P1	0.0
RPL4P2	0.6666666666666666
RPL4P3	-0.7739760316291209
RPL4P4	0.5050580568547649
RPL4P5	-0.8616541669070521
RPL4P6	0.8050124997596145
RPL4P7	0.0
RPL5	-0.030861495304634445
RPL5P1	0.6666666666666666
RPL5P10	0.0
RPL5P11	0.0
RPL5P12	0.3333333333333333
RPL5P13	0.0
RPL5P14	0.0
RPL5P15	0.0
RPL5P16	0.0
RPL5P17	0.33333333333333337
RPL5P18	-0.4210114686112645
RPL5P19	0.0
RPL5P2	0.0
RPL5P20	0.0
RPL5P21	0.0
RPL5P22	0.0
RPL5P23	0.4716791664262814
RPL5P24	0.0
RPL5P25	0.0
RPL5P26	-0.3333333333333333
RPL5P27	0.0
RPL5P28	0.0
RPL5P29	0.0
RPL5P3	0.5283208335737187
RPL5P30	0.3333333333333333
RPL5P31	0.0
RPL5P32	0.0
RPL5P33	0.0
RPL5P34	0.9816194819358468
RPL5P35	0.0
RPL5P4	0.5593573017042126
RPL5P5	0.6666666666666666
RPL5P6	0.0
RPL5P7	0.0
RPL5P8	0.0
RPL5P9	-0.3333333333333333
RPL6	-0.09302119997063052
RPL6P1	0.0
RPL6P10	-0.3333333333333335
RPL6P11	0.0
RPL6P12	0.0
RPL6P13	0.0
RPL6P14	0.0
RPL6P15	0.0
RPL6P16	0.0
RPL6P17	0.0
RPL6P18	0.0
RPL6P19	1.1383458330929481
RPL6P2	-0.19498750024038541
RPL6P20	1.5283208335737186
RPL6P21	0.0
RPL6P22	0.0
RPL6P23	0.0
RPL6P24	-0.3333333333333333
RPL6P25	0.0
RPL6P26	-0.4210114686112645
RPL6P27	0.6666666666666665
RPL6P28	0.0
RPL6P29	0.0
RPL6P3	0.3333333333333333
RPL6P30	0.0
RPL6P31	0.0
RPL6P32	0.0
RPL6P4	0.0
RPL6P5	0.0
RPL6P6	1.352964563017856
RPL6P7	0.0
RPL6P8	0.0
RPL6P9	0.6666666666666666
RPL7	0.004318603047849479
RPL7A	0.1253005712373092
RPL7AP10	1.8481068387412698
RPL7AP11	-0.6159989688516498
RPL7AP12	0.0
RPL7AP13	0.0
RPL7AP14	0.0
RPL7AP15	0.0
RPL7AP16	1.107309364962454
RPL7AP17	0.0
RPL7AP18	0.0
RPL7AP19	0.3333333333333333
RPL7AP2	1.2097855400265367
RPL7AP20	0.0
RPL7AP21	-0.861654166907052
RPL7AP22	0.2592025262211841
RPL7AP23	-0.49728436544322463
RPL7AP24	0.6666666666666666
RPL7AP25	0.0
RPL7AP26	0.0
RPL7AP27	0.0
RPL7AP28	0.0
RPL7AP29	0.3333333333333333
RPL7AP3	0.0
RPL7AP30	-0.33333333333333337
RPL7AP31	0.0
RPL7AP32	-0.861654166907052
RPL7AP33	0.0
RPL7AP34	-3.043952320202931
RPL7AP35	-0.5283208335737187
RPL7AP36	0.0
RPL7AP37	0.0
RPL7AP38	0.0
RPL7AP39	0.19498750024038541
RPL7AP4	0.3333333333333333
RPL7AP40	0.0
RPL7AP41	0.0
RPL7AP42	0.0
RPL7AP43	0.38997500048077083
RPL7AP44	0.0
RPL7AP45	0.5789885313887351
RPL7AP46	0.0
RPL7AP47	0.0
RPL7AP48	0.861654166907052
RPL7AP49	0.0
RPL7AP5	0.0
RPL7AP50	-0.33333333333333326
RPL7AP51	0.0
RPL7AP52	0.0
RPL7AP53	0.0
RPL7AP54	0.0
RPL7AP55	0.0
RPL7AP56	0.0
RPL7AP57	0.0
RPL7AP58	0.0
RPL7AP6	-0.633488108816362
RPL7AP60	0.861654166907052
RPL7AP61	0.0
RPL7AP62	0.0
RPL7AP63	0.0
RPL7AP64	0.6666666666666666
RPL7AP65	-0.03103646813049421
RPL7AP66	-0.33333333333333337
RPL7AP67	0.0
RPL7AP69	0.0
RPL7AP7	0.0
RPL7AP70	0.3333333333333333
RPL7AP71	0.0
RPL7AP72	0.0
RPL7AP73	0.0
RPL7AP74	0.0
RPL7AP75	-0.861654166907052
RPL7AP76	0.0
RPL7AP77	-0.3333333333333333
RPL7AP78	0.0
RPL7AP79	0.0
RPL7AP8	-0.3333333333333333
RPL7AP80	0.0
RPL7AP81	0.0
RPL7AP82	-0.3333333333333333
RPL7AP83	0.0
RPL7AP9	0.0
RPL7L1	-0.2636364869668295
RPL7L1P1	0.0
RPL7L1P10	0.0
RPL7L1P11	-0.3333333333333333
RPL7L1P12	0.0
RPL7L1P13	0.0
RPL7L1P14	0.0
RPL7L1P15	0.0
RPL7L1P16	-0.33333333333333337
RPL7L1P17	0.0
RPL7L1P18	0.0
RPL7L1P19	0.0
RPL7L1P2	0.19498750024038541
RPL7L1P20	0.0
RPL7L1P21	0.0
RPL7L1P22	0.0
RPL7L1P3	-0.8948327247573566
RPL7L1P4	0.0
RPL7L1P5	0.0
RPL7L1P7	0.0
RPL7L1P8	-0.6666666666666666
RPL7L1P9	0.6666666666666666
RPL7P1	0.47167916642628127
RPL7P10	-0.3333333333333333
RPL7P11	0.6666666666666667
RPL7P12	0.0
RPL7P13	0.0
RPL7P14	0.6666666666666666
RPL7P15	-0.3333333333333333
RPL7P16	-0.33333333333333337
RPL7P17	0.7739760316291209
RPL7P18	0.0
RPL7P19	0.3333333333333333
RPL7P2	0.0
RPL7P20	0.0
RPL7P21	-0.5283208335737187
RPL7P22	0.0
RPL7P23	0.3333333333333333
RPL7P24	0.861654166907052
RPL7P25	1.7097610056483223
RPL7P26	0.6666666666666667
RPL7P27	0.0
RPL7P28	0.0
RPL7P29	0.0
RPL7P3	0.0
RPL7P30	0.0
RPL7P31	-0.6666666666666666
RPL7P32	1.0
RPL7P33	0.0
RPL7P34	0.0
RPL7P35	0.0
RPL7P36	0.0
RPL7P37	0.0
RPL7P38	0.0
RPL7P39	0.0
RPL7P4	0.0
RPL7P40	0.0
RPL7P41	0.3333333333333333
RPL7P42	-0.6666666666666666
RPL7P43	0.0
RPL7P44	0.6666666666666666
RPL7P45	0.0
RPL7P46	0.3333333333333333
RPL7P47	-0.3333333333333333
RPL7P48	0.0
RPL7P49	0.0
RPL7P5	0.0
RPL7P50	0.0
RPL7P51	0.0
RPL7P52	0.0
RPL7P53	0.0
RPL7P54	0.0
RPL7P55	0.0
RPL7P56	0.0
RPL7P57	1.4972843654432246
RPL7P58	0.0
RPL7P59	-0.3333333333333333
RPL7P6	-0.3333333333333333
RPL7P60	0.0
RPL7P61	0.0
RPL7P7	-0.4406426982957875
RPL7P8	0.0
RPL7P9	-0.13834583309294812
RPL8	0.5236933195981788
RPL8P1	0.0
RPL8P2	0.0
RPL8P3	0.0
RPL8P4	0.0
RPL8P5	0.3333333333333333
RPL9	0.03675780746703161
RPL9P10	0.0
RPL9P11	-0.686297896351189
RPL9P12	0.5283208335737187
RPL9P13	0.0
RPL9P14	0.0
RPL9P15	0.0
RPL9P16	0.0
RPL9P17	0.0
RPL9P18	0.3333333333333333
RPL9P19	0.0
RPL9P2	0.0
RPL9P20	0.0
RPL9P21	-0.3333333333333333
RPL9P22	0.0
RPL9P24	0.0
RPL9P25	0.0
RPL9P26	0.0
RPL9P27	0.0
RPL9P28	0.0
RPL9P29	0.6666666666666666
RPL9P3	0.0
RPL9P30	0.3333333333333333
RPL9P31	0.0
RPL9P32	1.4406426982957874
RPL9P33	0.0
RPL9P5	0.0
RPL9P6	0.0
RPL9P7	0.0
RPLP0	0.3544991303537568
RPLP0P1	-0.3333333333333333
RPLP0P10	0.0
RPLP0P11	0.0
RPLP0P12	0.0
RPLP0P2	0.19498750024038541
RPLP0P3	0.0
RPLP0P4	0.0
RPLP0P5	0.3333333333333333
RPLP0P6	1.15649509443374
RPLP0P7	0.0
RPLP0P8	0.0
RPLP0P9	1.2380818392220407
RPLP1	0.4199881143657489
RPLP1P10	0.0
RPLP1P11	0.0
RPLP1P13	1.3333333333333333
RPLP1P3	0.0
RPLP1P5	0.0
RPLP1P6	0.0
RPLP1P9	0.0
RPLP2	-0.03457839983384048
RPLP2P1	0.0
RPLP2P4	0.0
RPN1	-0.24858295070046665
RPN2	0.17702084250935712
RPP14	-0.3230959886012599
RPP21	0.4824863256570735
RPP25	-1.1949875002403854
RPP25L	0.3632515509194434
RPP30	0.05614083877911469
RPP38	-0.48030537703481624
RPP38-DT	1.1949875002403854
RPP40	-0.33931416566719363
RPP40P1	0.0
RPP40P2	0.0
RPPH1	0.0
RPPH1-2P	0.0
RPPH1-3P	0.0
RPRD1A	0.366878717392094
RPRD1B	-0.08992355754416081
RPRD2	-0.43513905039023637
RPRM	0.0
RPRML	0.0
RPS10	0.05776953094826531
RPS10-NUDT3	0.0
RPS10P1	-0.3333333333333333
RPS10P10	0.0
RPS10P11	0.0
RPS10P12	0.0
RPS10P13	-1.3899750004807707
RPS10P14	0.0
RPS10P15	-0.19498750024038536
RPS10P16	-0.5283208335737186
RPS10P18	-0.19498750024038541
RPS10P2	0.0
RPS10P20	0.0
RPS10P21	0.0
RPS10P22	0.0
RPS10P23	0.19498750024038541
RPS10P24	0.0
RPS10P26	-1.0
RPS10P27	0.0
RPS10P28	0.0
RPS10P29	-1.5283208335737186
RPS10P3	0.602451640685868
RPS10P30	0.0
RPS10P31	0.0
RPS10P4	0.3333333333333333
RPS10P5	0.0
RPS10P6	0.5283208335737187
RPS10P7	0.19498750024038541
RPS10P8	0.0
RPS10P9	0.19498750024038541
RPS11	-0.1973801252631926
RPS11P1	0.0
RPS11P2	0.0
RPS11P4	0.0
RPS11P5	1.0566416671474375
RPS11P7	0.0
RPS12	0.07702153488659924
RPS12P10	-0.3333333333333333
RPS12P12	0.5283208335737186
RPS12P13	-0.5283208335737187
RPS12P14	0.0
RPS12P15	0.0
RPS12P16	0.0
RPS12P17	1.3899750004807707
RPS12P18	0.0
RPS12P2	0.0
RPS12P20	-0.3333333333333333
RPS12P21	0.0
RPS12P23	0.0
RPS12P24	0.0
RPS12P25	0.0
RPS12P26	0.6666666666666666
RPS12P27	0.3333333333333333
RPS12P28	0.0
RPS12P29	-0.1383458330929479
RPS12P3	0.5593573017042126
RPS12P31	0.5283208335737187
RPS12P32	-0.138345833092948
RPS12P4	0.0
RPS12P5	0.0
RPS12P6	0.5283208335737187
RPS12P7	0.3333333333333333
RPS12P9	0.3333333333333333
RPS13	-0.050627217543361525
RPS13P1	0.0
RPS13P2	0.5223468642412978
RPS13P3	-1.1949875002403854
RPS13P4	0.3333333333333333
RPS13P5	0.3333333333333333
RPS13P6	0.0
RPS13P7	0.0
RPS13P8	-1.0
RPS14	-0.03799823008469971
RPS14P1	-0.10131387200117548
RPS14P10	0.0
RPS14P4	-0.19498750024038541
RPS14P5	0.0
RPS14P6	0.0
RPS14P7	0.0
RPS14P8	-0.5283208335737187
RPS15	0.2815904163964582
RPS15A	-0.0678702984591073
RPS15AP1	0.278833755905707
RPS15AP10	0.5283208335737187
RPS15AP11	-0.19498750024038514
RPS15AP12	-2.107309364962454
RPS15AP13	-0.3333333333333333
RPS15AP14	0.0
RPS15AP15	0.6666666666666666
RPS15AP16	0.0
RPS15AP17	-0.3333333333333333
RPS15AP18	0.0
RPS15AP19	-0.8616541669070521
RPS15AP20	0.0
RPS15AP21	0.0
RPS15AP22	0.0
RPS15AP23	0.0
RPS15AP24	0.0
RPS15AP25	0.0
RPS15AP26	0.0
RPS15AP27	-0.3333333333333333
RPS15AP28	0.0
RPS15AP29	-0.5283208335737187
RPS15AP3	0.0
RPS15AP30	-0.3333333333333333
RPS15AP31	-0.3333333333333333
RPS15AP32	0.0
RPS15AP34	0.0
RPS15AP35	0.0
RPS15AP36	0.0
RPS15AP37	0.0
RPS15AP38	0.5925358595545174
RPS15AP39	0.0
RPS15AP4	-1.0
RPS15AP40	0.0
RPS15AP5	0.0
RPS15AP6	0.0
RPS15AP7	0.0
RPS15AP8	0.0
RPS15AP9	0.0
RPS15P1	0.0
RPS15P2	0.33333333333333337
RPS15P4	0.8616541669070521
RPS15P5	0.0
RPS15P6	0.0
RPS15P7	-0.33333333333333326
RPS15P8	0.0
RPS15P9	0.0
RPS16	0.17530388535855934
RPS16P1	0.0
RPS16P2	0.0
RPS16P3	0.0
RPS16P4	0.0
RPS16P5	0.44064269829578717
RPS16P6	0.0
RPS16P7	0.3333333333333333
RPS16P8	0.0
RPS16P9	0.0
RPS17	-0.11098787243312724
RPS17P1	0.0
RPS17P10	0.0
RPS17P11	0.0
RPS17P12	0.0
RPS17P13	0.0
RPS17P14	0.0
RPS17P15	0.0
RPS17P16	-1.1814401720746035
RPS17P17	0.0
RPS17P2	0.0
RPS17P3	0.0
RPS17P5	0.8616541669070521
RPS17P6	-0.3333333333333333
RPS17P7	0.0
RPS17P8	0.0
RPS17P9	0.0
RPS18	0.16242814001148176
RPS18P1	0.0
RPS18P10	0.0
RPS18P11	0.0
RPS18P12	0.1383458330929479
RPS18P13	0.0
RPS18P14	0.5283208335737187
RPS18P2	-0.19498750024038541
RPS18P3	0.0
RPS18P4	0.0
RPS18P5	0.35679644263046617
RPS18P6	0.0
RPS18P7	0.0
RPS18P8	0.0
RPS18P9	0.15314387287909925
RPS19	-0.12051294564307824
RPS19BP1	-0.5196803471447273
RPS19P1	0.1383458330929479
RPS19P2	0.0
RPS19P3	-0.10730936496245413
RPS19P5	0.0
RPS19P6	0.0
RPS19P7	0.0
RPS2	0.5097077407024866
RPS20	0.1639935361486451
RPS20P1	0.0
RPS20P10	0.0
RPS20P12	0.0
RPS20P13	0.0
RPS20P14	-0.861654166907052
RPS20P15	0.19498750024038536
RPS20P17	-0.19498750024038536
RPS20P2	-0.3333333333333333
RPS20P20	0.0
RPS20P21	0.0
RPS20P22	0.8441650269423402
RPS20P23	0.0
RPS20P24	0.0
RPS20P25	0.0
RPS20P28	0.0
RPS20P29	0.6666666666666666
RPS20P30	0.0
RPS20P31	-0.6666666666666666
RPS20P32	0.0
RPS20P33	0.19498750024038536
RPS20P4	1.1949875002403854
RPS20P5	0.0
RPS20P6	-0.5283208335737187
RPS20P9	0.0
RPS21	-0.0374146323866551
RPS21-DT	0.6109974939799931
RPS21P1	0.0
RPS21P2	0.0
RPS21P4	0.0
RPS21P5	0.0
RPS21P6	0.0
RPS21P7	0.0
RPS21P8	0.0
RPS23	-0.16429598895890862
RPS23P1	0.0
RPS23P10	0.0
RPS23P2	0.0
RPS23P3	0.0
RPS23P4	0.0
RPS23P5	0.0
RPS23P6	0.0
RPS23P7	0.0
RPS23P8	-0.22602396837087912
RPS23P9	0.0
RPS24	0.029949447292224818
RPS24P1	0.0
RPS24P10	0.0
RPS24P12	-0.7739760316291209
RPS24P13	0.0
RPS24P14	0.0
RPS24P16	1.4406426982957872
RPS24P17	0.0
RPS24P18	0.0
RPS24P19	-0.9123218647220686
RPS24P21	0.0
RPS24P4	0.0
RPS24P5	-0.19498750024038536
RPS24P6	0.0
RPS24P7	0.0
RPS24P8	1.107309364962454
RPS24P9	0.0
RPS25	-0.177008074606972
RPS25P10	0.0
RPS25P3	0.0
RPS25P4	0.0
RPS25P5	0.3333333333333333
RPS25P7	-0.3333333333333333
RPS25P9	0.5283208335737187
RPS26	0.42488210011265437
RPS26P11	0.0
RPS26P12	0.0
RPS26P13	0.0
RPS26P15	0.0
RPS26P18	0.5283208335737187
RPS26P19	0.0
RPS26P2	0.0
RPS26P20	-0.3333333333333333
RPS26P21	0.0
RPS26P22	0.3333333333333333
RPS26P23	0.0
RPS26P24	0.0
RPS26P27	0.0
RPS26P28	0.0
RPS26P29	0.0
RPS26P3	0.0
RPS26P30	0.0
RPS26P31	0.3333333333333333
RPS26P34	0.0
RPS26P35	0.0
RPS26P38	0.0
RPS26P39	0.3333333333333333
RPS26P4	0.0
RPS26P40	0.0
RPS26P41	0.5283208335737187
RPS26P42	0.5283208335737186
RPS26P43	0.0
RPS26P45	0.0
RPS26P46	0.0
RPS26P47	0.0
RPS26P48	0.0
RPS26P49	0.0
RPS26P5	0.0
RPS26P52	0.6666666666666667
RPS26P54	0.0
RPS26P55	0.0
RPS26P56	0.0
RPS26P57	0.0
RPS26P58	0.0
RPS26P59	-0.5283208335737187
RPS26P6	0.0
RPS26P8	0.0
RPS26P9	0.0
RPS27	0.2054788543102699
RPS27A	-0.478751391583943
RPS27AP1	0.0
RPS27AP10	0.33333333333333326
RPS27AP11	0.0
RPS27AP12	0.9123218647220687
RPS27AP13	0.3333333333333333
RPS27AP14	0.0
RPS27AP15	0.0
RPS27AP16	-0.3333333333333333
RPS27AP17	0.0
RPS27AP18	0.0
RPS27AP19	0.0
RPS27AP2	0.0
RPS27AP20	0.0
RPS27AP3	-0.2456551980554018
RPS27AP4	0.0
RPS27AP5	0.3333333333333333
RPS27AP6	0.0
RPS27AP7	0.6666666666666666
RPS27AP8	-0.38997500048077083
RPS27AP9	0.0
RPS27L	-0.3515240857185251
RPS27P1	0.0
RPS27P10	0.0
RPS27P11	0.0
RPS27P12	0.0
RPS27P13	0.5283208335737187
RPS27P14	0.0
RPS27P15	-0.3333333333333333
RPS27P16	0.0
RPS27P17	0.6666666666666666
RPS27P18	0.0
RPS27P19	0.33333333333333326
RPS27P2	0.6666666666666666
RPS27P20	0.0
RPS27P21	0.0
RPS27P22	0.0
RPS27P23	0.0
RPS27P24	0.0
RPS27P25	0.0
RPS27P26	0.0
RPS27P27	0.0
RPS27P28	0.0
RPS27P29	0.0
RPS27P3	0.4716791664262814
RPS27P30	0.3333333333333333
RPS27P4	-0.3333333333333333
RPS27P5	0.0
RPS27P6	0.3333333333333333
RPS27P7	1.0
RPS27P8	-0.5283208335737187
RPS27P9	-0.3333333333333333
RPS28	0.5637480336637495
RPS28P1	0.0
RPS28P2	0.0
RPS28P4	-0.19498750024038536
RPS28P5	0.5283208335737187
RPS28P7	-0.26134461594099534
RPS28P8	0.0
RPS29	-0.24230859989076414
RPS29P1	0.0
RPS29P10	0.0
RPS29P11	0.0
RPS29P12	0.0
RPS29P13	0.0
RPS29P14	0.1383458330929479
RPS29P15	0.0
RPS29P16	0.9999999999999999
RPS29P17	-1.0
RPS29P19	-0.3333333333333333
RPS29P2	0.0
RPS29P20	0.0
RPS29P21	-0.24565519805540204
RPS29P22	0.3333333333333333
RPS29P23	0.0
RPS29P24	0.0
RPS29P25	0.0
RPS29P26	0.0
RPS29P27	0.0
RPS29P28	0.0
RPS29P29	0.0
RPS29P3	0.0
RPS29P30	0.0
RPS29P31	0.0
RPS29P32	0.0
RPS29P33	0.0
RPS29P4	0.0
RPS29P5	0.3333333333333333
RPS29P6	0.0
RPS29P7	0.0
RPS29P8	0.0
RPS29P9	0.0
RPS2P1	0.0
RPS2P10	0.0
RPS2P11	0.6666666666666666
RPS2P13	0.0
RPS2P14	0.3333333333333333
RPS2P15	0.24565519805540226
RPS2P16	1.019631229684523
RPS2P17	0.8616541669070521
RPS2P18	0.0
RPS2P19	0.0
RPS2P2	0.0
RPS2P20	-0.13834583309294768
RPS2P21	0.0
RPS2P23	1.0
RPS2P24	0.0
RPS2P25	0.0
RPS2P28	0.0
RPS2P29	0.6334881088163618
RPS2P3	0.861654166907052
RPS2P30	0.0
RPS2P31	-0.5283208335737187
RPS2P32	1.1774983602756735
RPS2P33	-0.3333333333333333
RPS2P34	0.0
RPS2P35	0.33333333333333337
RPS2P36	-0.3333333333333333
RPS2P37	-0.3333333333333333
RPS2P38	0.0
RPS2P39	1.3899750004807707
RPS2P4	0.0
RPS2P40	0.3899750004807707
RPS2P41	0.0
RPS2P42	0.0
RPS2P44	-0.19498750024038536
RPS2P45	0.0
RPS2P46	0.6199407806505803
RPS2P47	-0.6356301985361729
RPS2P48	0.0
RPS2P49	0.6666666666666666
RPS2P5	0.5201428704287085
RPS2P50	1.4096062301652932
RPS2P51	-0.5283208335737186
RPS2P52	0.0
RPS2P53	0.22602396837087957
RPS2P54	0.0
RPS2P55	0.8616541669070521
RPS2P6	-0.3333333333333333
RPS2P7	-1.0
RPS2P8	0.5593573017042125
RPS3	0.15096216176253385
RPS3A	-0.015621681186715364
RPS3AP1	0.0
RPS3AP10	-0.861654166907052
RPS3AP11	0.3333333333333333
RPS3AP12	0.0
RPS3AP13	0.0
RPS3AP14	0.0
RPS3AP15	0.0
RPS3AP16	-0.3333333333333333
RPS3AP17	0.0
RPS3AP18	0.0
RPS3AP19	0.0
RPS3AP2	-0.3333333333333333
RPS3AP20	0.6666666666666666
RPS3AP21	-0.44064269829578717
RPS3AP22	0.0
RPS3AP23	0.0
RPS3AP24	0.6666666666666666
RPS3AP25	0.3333333333333333
RPS3AP26	0.6323963981387415
RPS3AP27	-0.3333333333333333
RPS3AP28	-0.12085669312823599
RPS3AP29	0.0
RPS3AP3	-0.3899750004807707
RPS3AP30	0.0
RPS3AP31	0.0
RPS3AP32	0.0
RPS3AP33	0.0
RPS3AP34	0.861654166907052
RPS3AP35	0.0
RPS3AP36	0.0
RPS3AP37	0.5283208335737187
RPS3AP38	0.1383458330929479
RPS3AP39	0.0
RPS3AP4	0.0
RPS3AP40	0.0
RPS3AP41	0.0
RPS3AP42	0.0
RPS3AP43	0.0
RPS3AP44	0.33333333333333337
RPS3AP46	-2.1692648800662324
RPS3AP47	-0.5789885313887353
RPS3AP48	0.0
RPS3AP49	0.0
RPS3AP5	0.22602396837087912
RPS3AP50	0.0
RPS3AP51	0.3333333333333333
RPS3AP52	0.0
RPS3AP53	0.0
RPS3AP54	0.602451640685868
RPS3AP55	0.0
RPS3AP6	-0.49791754308171887
RPS3AP7	-0.3333333333333333
RPS3AP8	0.0
RPS3AP9	0.0
RPS3P1	0.0
RPS3P2	0.24565519805540204
RPS3P3	0.0
RPS3P4	0.19498750024038536
RPS3P5	0.0
RPS3P6	0.0
RPS3P7	0.0
RPS4X	0.24998344948647855
RPS4XP1	0.0
RPS4XP10	0.0
RPS4XP11	0.0
RPS4XP12	0.0
RPS4XP13	0.0
RPS4XP14	0.33333333333333337
RPS4XP15	0.0
RPS4XP16	0.1383458330929479
RPS4XP17	0.3333333333333333
RPS4XP18	0.0
RPS4XP19	0.0
RPS4XP2	0.0
RPS4XP20	0.0
RPS4XP21	0.0
RPS4XP22	0.3333333333333333
RPS4XP23	0.0
RPS4XP3	0.0
RPS4XP4	0.0
RPS4XP5	1.0
RPS4XP6	-0.861654166907052
RPS4XP7	0.0
RPS4XP8	0.3333333333333333
RPS4XP9	0.0
RPS4Y1	0.013737471724065031
RPS4Y1P1	0.0
RPS4Y2	0.0
RPS5	0.27953859358072997
RPS5P2	0.861654166907052
RPS5P3	-0.3333333333333333
RPS5P4	0.0
RPS5P5	0.5283208335737187
RPS5P6	0.0
RPS5P7	0.0
RPS5P8	0.0
RPS6	0.1211665964865567
RPS6KA1	-0.024835626353130635
RPS6KA2	0.6666666666666666
RPS6KA2-AS1	0.0
RPS6KA2-IT1	0.0
RPS6KA3	-0.5802895629307123
RPS6KA4	-0.6052888073043734
RPS6KA5	-0.1383458330929479
RPS6KA6	0.0
RPS6KB1	0.6715954412719984
RPS6KB2	0.9168173773535626
RPS6KB2-AS1	0.0
RPS6KC1	0.045427453243881644
RPS6KL1	0.5725334230997579
RPS6P1	-1.0
RPS6P10	-0.3333333333333333
RPS6P11	-0.3333333333333333
RPS6P12	0.0
RPS6P14	0.0
RPS6P15	0.0
RPS6P16	-0.6666666666666666
RPS6P17	0.0
RPS6P19	0.0
RPS6P2	0.0
RPS6P20	0.0
RPS6P21	0.0
RPS6P22	0.0
RPS6P23	0.0
RPS6P24	0.0
RPS6P25	1.4406426982957874
RPS6P26	0.0
RPS6P3	0.0
RPS6P4	0.0
RPS6P5	0.0
RPS6P7	0.0
RPS6P8	0.0
RPS6P9	0.0
RPS7	-0.25298828063681356
RPS7P1	-1.5614993914240234
RPS7P10	0.19498750024038536
RPS7P11	0.00991578113135061
RPS7P12	0.0
RPS7P13	0.0
RPS7P14	0.0
RPS7P15	0.3333333333333333
RPS7P2	0.0
RPS7P3	0.3333333333333333
RPS7P4	-0.6666666666666666
RPS7P5	0.0
RPS7P6	0.0
RPS7P7	0.3333333333333333
RPS7P8	0.3333333333333333
RPS7P9	0.0
RPS8	0.22655973141149488
RPS8P1	0.8791433068717638
RPS8P10	-0.3333333333333333
RPS8P11	0.3333333333333333
RPS8P3	0.0
RPS8P4	-1.6248230393053806
RPS8P5	0.0
RPS8P6	0.0
RPS8P7	0.3333333333333333
RPS8P8	-0.138345833092948
RPS8P9	0.6666666666666667
RPS9	0.15852314437036874
RPS9P1	0.0
RPS9P2	-0.19498750024038541
RPS9P3	0.3333333333333333
RPS9P4	-0.24565519805540204
RPSA	-0.07243370643143088
RPSAP1	0.0
RPSAP10	0.0
RPSAP11	0.0
RPSAP12	0.33333333333333337
RPSAP13	-0.5283208335737187
RPSAP14	0.0
RPSAP15	0.10730936496245413
RPSAP16	-0.3333333333333333
RPSAP17	0.3333333333333333
RPSAP18	0.5283208335737187
RPSAP19	-0.6666666666666666
RPSAP2	0.0
RPSAP20	0.0
RPSAP21	-0.3333333333333333
RPSAP22	0.0
RPSAP23	0.0
RPSAP24	0.0
RPSAP25	0.0
RPSAP26	0.0
RPSAP27	0.0
RPSAP28	0.0
RPSAP29	0.0
RPSAP3	0.3333333333333333
RPSAP31	0.0
RPSAP32	0.0
RPSAP33	0.3333333333333333
RPSAP34	0.0
RPSAP35	0.0
RPSAP36	0.7739760316291205
RPSAP37	0.0
RPSAP38	0.0
RPSAP39	-0.3333333333333333
RPSAP4	0.0
RPSAP40	0.0
RPSAP41	0.0
RPSAP42	0.0
RPSAP43	0.0
RPSAP44	0.0
RPSAP45	0.0
RPSAP46	0.3333333333333333
RPSAP47	0.8050124997596146
RPSAP48	0.0
RPSAP49	0.0
RPSAP5	0.0
RPSAP50	0.0
RPSAP51	0.0
RPSAP52	0.09213781187833092
RPSAP53	-0.3333333333333333
RPSAP54	-0.5283208335737187
RPSAP55	0.0
RPSAP56	0.0
RPSAP57	0.0
RPSAP59	0.0
RPSAP6	-0.5849625007211561
RPSAP60	0.0
RPSAP61	0.0
RPSAP62	0.0
RPSAP63	0.0
RPSAP64	0.0
RPSAP65	0.0
RPSAP66	-0.3333333333333333
RPSAP67	0.0
RPSAP68	0.0
RPSAP69	-0.3333333333333333
RPSAP7	0.0
RPSAP70	0.0
RPSAP71	0.0
RPSAP72	0.0
RPSAP73	0.0
RPSAP74	0.0
RPSAP75	0.0
RPSAP76	0.0
RPSAP8	0.0
RPSAP9	-1.1360863222159272
RPTN	0.0
RPTOR	-0.35954826708912346
RPUSD1	0.19898275622520156
RPUSD2	0.08744687855457034
RPUSD3	0.32041394651504884
RPUSD4	-0.13894717642473609
RRAD	0.861654166907052
RRAGA	0.5559576505229131
RRAGAP1	0.0
RRAGB	0.630425801867565
RRAGC	0.7898749456395535
RRAGC-DT	0.8481068387412702
RRAGD	0.0
RRAS	1.2807834478046027
RRAS2	0.8648167216913629
RRAS2P1	0.0
RRAS2P2	-0.3333333333333333
RRBP1	-0.048510939631601246
RRBP1P1	0.0
RRBP1P2	0.0
RREB1	-0.5998858652142385
RRH	1.107309364962454
RRM1	-0.014294998710830953
RRM1-AS1	-0.3333333333333333
RRM2	0.984007359288924
RRM2B	0.6925507989782798
RRM2P2	0.0
RRM2P3	0.33333333333333326
RRM2P4	0.0
RRN3	0.27642424069063054
RRN3P1	0.3333333333333333
RRN3P2	0.0
RRN3P3	-0.3418340212508624
RRN3P4	0.0
RRP1	0.27546331724994433
RRP12	0.3359576145904297
RRP15	-0.9259003059048423
RRP1B	0.31487886996625214
RRP36	0.27209191608615146
RRP7A	-0.09151645923747509
RRP7BP	-0.07080277758794296
RRP8	0.0466590108861773
RRP9	0.0864223518511329
RRS1	-0.7832375287405773
RRS1-DT	0.8616541669070521
RS1	-0.3333333333333333
RSAD1	-0.012518585349726052
RSAD2	-0.5283208335737187
RSBN1	0.47294364387469034
RSBN1L	-0.1391714098570178
RSC1A1	0.0
RSF1	-0.010336367254227596
RSF1-IT1	1.584962500721156
RSF1-IT2	0.47167916642628127
RSKR	0.9182958340544896
RSL1D1	-0.23099186170030528
RSL1D1-DT	0.545809973538431
RSL24D1	0.08048671869975088
RSL24D1P1	0.0
RSL24D1P11	1.0
RSL24D1P2	0.0
RSL24D1P3	0.0
RSL24D1P4	0.0
RSL24D1P5	0.0
RSL24D1P6	0.9123218647220687
RSL24D1P8	0.6666666666666666
RSL24D1P9	0.0
RSPH1	0.0
RSPH1-DT	0.0
RSPH10B	-0.6666666666666666
RSPH10B2	0.0
RSPH14	0.3333333333333333
RSPH3	1.0091602454740354
RSPH4A	-1.0566416671474372
RSPH6A	0.3333333333333333
RSPH9	-0.21582786175973823
RSPO1	0.0
RSPO2	-0.3333333333333333
RSPO3	0.0
RSPO4	0.0
RSPRY1	-0.007790718945281938
RSRC1	0.21606970151688998
RSRC2	0.5323752478790889
RSRP1	1.424976766387176
RSU1	0.5345377233941182
RSU1P1	0.3333333333333333
RSU1P2	0.0
RSU1P3	0.0
RTBDN	0.0
RTBDN-AS1	0.0
RTCA	-0.2599904685193657
RTCA-AS1	0.0
RTCB	0.27368478368566507
RTEL1	0.7505129223319882
RTEL1-TNFRSF6B	0.8616541669070519
RTEL1P1	0.3333333333333333
RTF1	0.5557872129088874
RTF2	0.16811382224190474
RTKN	-0.1405574307778359
RTKN2	-0.3166805287470469
RTL1	0.0
RTL10	0.6696624360868952
RTL3	0.0
RTL4	0.0
RTL5	0.3333333333333333
RTL6	0.0
RTL8A	0.0
RTL8B	0.0
RTL8C	1.2196202047965632
RTL9	0.3333333333333333
RTN1	0.0
RTN2	-0.2691183073525345
RTN3	1.102317657478741
RTN3P1	0.3333333333333333
RTN4	0.6901241917035357
RTN4IP1	-0.28282463646106537
RTN4IP1P1	0.0
RTN4R	-0.24565519805540215
RTN4RL1	0.0
RTN4RL1-AS1	-0.5283208335737187
RTN4RL1-AS2	-0.7543448019445982
RTN4RL2	-1.723308333814104
RTP1	0.0
RTP2	0.0
RTP3	0.0
RTP4	0.0
RTP5	0.0
RTRAF	-0.007230836049918032
RTRAFP1	-1.0
RTRAFP2	0.0
RTTN	0.27641666402167253
RUBCN	0.7224533780716573
RUBCNL	0.3333333333333333
RUFY1	0.5282748783587223
RUFY1-AS1	0.5283208335737188
RUFY2	0.24841960032189725
RUFY3	-0.48773053623184115
RUFY4	0.0
RUMY1	-0.265767085797894
RUMY2	-0.02913191773236168
RUMY3	-0.1579770627774708
RUMY4	0.5433501300832315
RUNDC1	-0.45359300795290736
RUNDC3A	0.0
RUNDC3A-AS1	0.0
RUNDC3B	1.551783942870851
RUNX1	0.30584594660267506
RUNX1-AS1	-0.09376203679667228
RUNX1-AS2	0.0
RUNX1T1	0.3333333333333333
RUNX2	-0.5283208335737187
RUNX2-AS1	0.0
RUNX3	0.0
RUNX3-AS1	0.0
RUSC1	-0.06503560665371833
RUSC1-AS1	0.1985365816402216
RUSC2	-0.014882406860182051
RUSF1	0.8640057527517016
RUSF1-DT	0.0
RUVBL1	-0.2314087412873178
RUVBL1-AS1	0.0
RUVBL2	-0.15449398530980574
RUVBL2P1	0.0
RWDD1	0.028594901097033443
RWDD2A	-0.15986488598566773
RWDD2B	0.7619206335109432
RWDD3	-0.5147735054079372
RWDD3-DT	0.19498750024038536
RWDD4	-0.6394547348439499
RWDD4P1	-0.3899750004807707
RWDD4P2	-1.2604532378415536
RXFP1	0.0
RXFP1-AS1	0.0
RXFP2	0.0
RXFP3	0.0
RXFP4	-1.1307724742595866
RXRA	-0.4445062517602896
RXRB	0.5816781984008497
RXRG	-0.3333333333333333
RXYLT1	0.3300135934550452
RXYLT1-AS1	0.0
RYBP	0.877454871094999
RYK	0.040296022170593915
RYKP1	1.0566416671474372
RYR1	0.0
RYR2	0.0
RYR3	-1.181440172074604
RYR3-AS1	0.3333333333333333
RYR3-DT	0.0
S100A1	-2.31112093565657
S100A10	0.2839208499532768
S100A11	-0.8491625984341638
S100A11P1	0.0
S100A11P10	0.0
S100A11P2	0.0
S100A11P5	0.0
S100A11P6	0.0
S100A11P7	0.0
S100A11P8	0.0
S100A11P9	0.0
S100A12	0.0
S100A13	-0.04513370870264044
S100A14	-0.6259147499830007
S100A15A	0.0
S100A16	-0.7482664711825011
S100A2	-0.861654166907052
S100A3	-1.5283208335737188
S100A4	-0.3678839273410488
S100A5	-0.3333333333333333
S100A6	-0.522509302461712
S100A7	0.0
S100A7A	0.0
S100A7L2	0.0
S100A7P1	0.0
S100A8	0.0
S100A9	2.043094338981655
S100B	0.0
S100G	0.0
S100P	-0.284744214126901
S100PBP	0.0
S100Z	0.0
S1PR1	0.0
S1PR1-DT	0.0
S1PR2	-0.7233083338141042
S1PR3	-0.3333333333333333
S1PR4	0.0
S1PR5	0.0
SAA1	0.0
SAA2	0.3333333333333333
SAA2-SAA4	0.0
SAA3P	0.0
SAA4	-1.0
SAAL1	-0.33217358553607657
SAC3D1	-0.10824953798324533
SACK1A	0.0
SACK1A-AS1	0.0
SACK1B	0.0
SACK1C	-0.08767813527793122
SACK1D	0.2972507197116556
SACK1E	0.6666666666666666
SACK1F	0.0
SACK1G	-0.14386121122806017
SACK1H	-1.5307806770289178
SACM1L	0.031006328960806684
SACS	0.10954066928526451
SACS-AS1	0.0
SAE1	0.3739721087813077
SAE1P1	0.0
SAFB	-0.21852150190102293
SAFB2	-0.020581744494048593
SAG	-0.3333333333333333
SAGE1	0.0
SAGE2P	0.0
SAGE3P	0.0
SAGE4P	0.0
SALL1	-1.0857814643124781
SALL1P1	-0.3333333333333333
SALL2	-1.5326841667205335
SALL3	0.0
SALL4	-1.7429395634986269
SALL4P1	0.0
SALL4P2	0.0
SALL4P3	0.0
SALL4P4	0.0
SALL4P5	0.0
SALL4P6	0.0
SALL4P7	0.0
SALRNA1	1.723308333814104
SALRNA2	0.0
SALRNA3	-0.3333333333333333
SAMD1	-0.12021665448167429
SAMD10	-2.2526299967749974
SAMD11	0.0
SAMD11P1	0.0
SAMD12	0.3333333333333333
SAMD12-AS1	0.0
SAMD13	-1.0
SAMD14	-0.3333333333333333
SAMD15	-0.7974391409262533
SAMD3	0.3333333333333333
SAMD4A	0.23128777511256882
SAMD4A-AS1	0.6666666666666666
SAMD4B	0.31299195945631997
SAMD5	0.3333333333333333
SAMD7	0.0
SAMD8	0.37012951044731857
SAMD9	-2.2858208975368175
SAMD9L	0.3333333333333333
SAMHD1	1.1179974912366077
SAMM50	-0.19720984472723213
SAMM50P1	-0.3333333333333333
SAMMSON	0.0
SAMSN1	0.3333333333333333
SAMSN1-AS1	0.0
SAMTOR	0.7292901252392063
SANBR	0.15456735200517624
SAP130	0.38015008346815193
SAP18	0.43063588448258816
SAP18P1	0.0
SAP18P2	0.0
SAP18P3	0.0
SAP25	0.0
SAP30	0.3940833021933381
SAP30-DT	-0.08767813527793122
SAP30BP	-0.043094338981656044
SAP30BP-AS1	-0.9689635318695062
SAP30L	0.2188475752700505
SAP30L-AS1	-0.01963122968452291
SAP30P1	0.5283208335737186
SAPCD1	0.0
SAPCD1-AS1	0.0
SAPCD2	-0.5276470874140156
SAPCD2P1	0.0
SAPCD2P2	0.0
SAPCD2P3	-0.5283208335737186
SAPCD2P4	0.0
SAR1A	0.10798298866863476
SAR1AP1	0.5283208335737187
SAR1AP2	0.0
SAR1AP3	0.3333333333333333
SAR1AP4	0.0
SAR1B	0.053018322139102736
SARAF	0.8424547834979101
SARDH	-0.931794093463842
SARM1	0.20853482840616744
SARNP	1.2691183073525345
SARS1	0.09694787885978329
SARS2	-1.0566416671474375
SART1	-0.09336930639757846
SART3	-0.33568491917798315
SASH1	-0.07147310381175398
SASH3	0.3333333333333333
SASS6	-0.2832036598851131
SAT1	1.42925142989525
SAT1-DT	0.2592025262211841
SAT2	0.34247800832155395
SATB1	0.3333333333333333
SATB1-AS1	0.0
SATB2	0.04215939839794469
SATB2-AS1	-0.1383458330929479
SATL1	0.0
SAV1	0.7933802039025917
SAXO1	0.0
SAXO2	0.0
SAXO3	0.6666666666666666
SAXO4	0.5283208335737187
SAXO5	0.0
SAXO6	0.3103040287098917
SAYSD1	0.9620622489955499
SBDS	0.2746918935988507
SBDSP1	0.028460680788956694
SBF1	0.3529955154810551
SBF1P1	0.0
SBF1P2	0.0
SBF2	0.4680049072787069
SBF2-AS1	-0.18064987058702098
SBK1	1.302296865202839
SBK2	0.0
SBK3	-0.3333333333333333
SBNO1	0.5362120263364307
SBNO1-AS1	0.5147735054079372
SBNO2	-0.8158469200287612
SBSN	0.0
SBSPON	0.28266563551831636
SC4MOP	0.0
SC5D	0.04720693275808685
SCAANT1	0.7974391409262533
SCAF1	0.19607921091800495
SCAF11	0.16040364947705754
SCAF4	0.28914614213820666
SCAF8	-0.22668408974695975
SCAI	0.26499751313408026
SCAMP1	-0.020585794492025578
SCAMP1-AS1	-0.2741539381492708
SCAMP2	0.5306289284931518
SCAMP3	0.11408768220253052
SCAMP4	0.8993356183953951
SCAMP5	-0.6656304174998517
SCAND1	0.7328117947301989
SCAND2P	0.6409440464925136
SCAND3	0.9280904363148545
SCAND3P1	0.19498750024038541
SCAP	0.46248288862591824
SCAPER	-0.4349515271761404
SCARA3	-1.5479520632582415
SCARA5	0.0
SCARB1	0.40375283451443167
SCARB2	0.4828633769180284
SCARF1	0.3333333333333333
SCARF2	-0.7376645744447319
SCARNA1	0.39122571210114065
SCARNA10	0.0
SCARNA11	0.19498750024038541
SCARNA12	0.0
SCARNA13	-0.2721759601740841
SCARNA14	1.0
SCARNA15	0.0
SCARNA16	0.0
SCARNA17	0.0
SCARNA18	-0.7875233597949027
SCARNA18B	-0.1383458330929479
SCARNA2	0.0
SCARNA20	0.47167916642628127
SCARNA21	-0.01838051806415386
SCARNA21B	0.6666666666666666
SCARNA22	0.7251847236250661
SCARNA23	-0.3022968652028395
SCARNA3	0.4210114686112646
SCARNA4	0.0
SCARNA5	0.017140400427313907
SCARNA6	-0.33570545501755866
SCARNA7	0.4867490299346411
SCARNA8	0.10730936496245391
SCARNA9	1.0
SCART1	-0.33333333333333326
SCAT1	-1.7739760316291209
SCAT2	1.2146187299249083
SCAT8	0.0
SCCPDH	-0.3930154638036205
SCD	0.8631370125351303
SCD-DT	0.7974391409262533
SCD5	0.6666666666666666
SCDAL	-0.33333333333333337
SCDP1	1.3022968652028393
SCEL	0.0
SCEL-AS1	0.0
SCFD1	0.21010236073221478
SCFD2	-0.18818978407027487
SCFD2-AS1	0.8616541669070521
SCG2	0.0
SCG3	0.0
SCG3-AS1	0.0
SCG5	-0.5283208335737186
SCG5-AS1	0.0
SCGB1A1	0.0
SCGB1B2P	0.0
SCGB1C1	0.0
SCGB1C2	0.0
SCGB1D1	0.0
SCGB1D2	0.0
SCGB1D4	0.0
SCGB1D5P	0.0
SCGB2A1	0.0
SCGB2A2	0.0
SCGB2B2	0.0
SCGB2B3P	0.0
SCGB3A1	0.0
SCGB3A2	0.0
SCGN	-1.5283208335737186
SCHIP1	0.0
SCHLAP1	0.0
SCIMP	0.3333333333333333
SCIN	0.0
SCIRT	1.291489705972047
SCLT1	0.39601986217669616
SCLY	0.16140702147494768
SCMH1	-0.17799826774963723
SCMH1-DT	-0.6666666666666666
SCML1	-0.9424055553840693
SCML2	-0.11971093874835148
SCML2P1	0.0
SCML2P2	0.5283208335737187
SCML4	0.0
SCN10A	0.0
SCN11A	0.0
SCN1A	-3.2409358437231823
SCN1A-AS1	-1.255851304666543
SCN1B	-0.7826411011401024
SCN2A	0.0
SCN2B	-0.3333333333333333
SCN3A	0.6666666666666666
SCN3B	0.19498750024038536
SCN4A	0.3333333333333333
SCN4B	-1.3333333333333333
SCN5A	0.3333333333333333
SCN7A	0.3333333333333333
SCN8A	0.9151423909714675
SCN9A	0.8208593458715363
SCNM1	0.03335429267665724
SCNN1A	-0.9357849740192012
SCNN1B	0.3333333333333333
SCNN1D	-0.4210114686112645
SCNN1G	0.3333333333333333
SCO1	-0.6328749816990928
SCO2	0.0
SCOC	0.13478853712733319
SCOC-AS1	0.38997500048077083
SCOCP1	-0.1383458330929479
SCP2	-0.37940946498835704
SCP2D1	0.0
SCP2D1-AS1	0.0
SCPEP1	1.2518604241111837
SCPPPQ1	0.3333333333333333
SCRG1	1.6356301985361728
SCRIB	-0.0458574083831822
SCRN1	0.17677238253348904
SCRN2	-0.9831246423100097
SCRN3	0.48973382791490305
SCRT1	0.861654166907052
SCRT2	0.0
SCT	0.3333333333333333
SCTR	-1.584962500721156
SCTR-AS1	0.0
SCUBE1	0.0
SCUBE1-AS1	0.0
SCUBE1-AS2	0.0
SCUBE2	0.6666666666666666
SCUBE3	0.360889219223278
SCUBE3-AS1	0.6741226043428181
SCX	0.6666666666666667
SCYGR1	0.0
SCYGR10	0.0
SCYGR2	0.0
SCYGR3	0.0
SCYGR4	0.0
SCYGR5	0.0
SCYGR6	0.0
SCYGR7	0.0
SCYGR8	0.0
SCYGR9	0.0
SCYL1	-0.23018676083684753
SCYL2	0.848309666224897
SCYL2P1	0.17152439094325267
SCYL3	0.5103917133889624
SDAD1	0.22070040615383757
SDAD1-AS1	-0.861654166907052
SDAD1P1	1.3333333333333335
SDAD1P2	0.3333333333333333
SDAD1P3	0.0
SDAD1P4	0.0
SDC1	-1.1515962830762216
SDC2	-0.16121358483516346
SDC3	-0.24565519805540248
SDC4	0.9121599411536714
SDC4P	0.0
SDCBP	1.208847937880793
SDCBP2	1.064215025980799
SDCBP2-AS1	0.3275884875278816
SDCBP2P1	0.0
SDCBPP1	0.0
SDCBPP2	0.0
SDCBPP3	0.3333333333333333
SDCCAG8	1.135422615378797
SDE2	-0.34159065442193537
SDF2	0.8065891336879272
SDF2L1	-0.5172846279854655
SDF4	-0.8227844379370994
SDHA	0.31536626496572406
SDHAF1	0.11251231459384314
SDHAF2	-0.33263435305480726
SDHAF3	-0.032815711775558754
SDHAF4	0.4841707348991693
SDHAP1	0.6271656072694247
SDHAP2	0.4784533877775381
SDHAP3	-1.1828122082320145
SDHAP4	0.4601156860844755
SDHB	-0.18055899124381725
SDHBP1	0.0
SDHC	0.2694430433933004
SDHCP1	0.0
SDHCP2	0.0
SDHCP3	1.1073093649624541
SDHCP4	0.0
SDHCP5	0.1383458330929479
SDHD	-0.16844676410471493
SDHDP1	0.0
SDHDP2	-0.3333333333333333
SDHDP3	0.0
SDHDP4	0.0
SDHDP5	0.0
SDHDP6	0.0
SDK1	0.0
SDK1-AS1	0.0
SDK2	0.3333333333333333
SDK2-AS1	0.0
SDR16C5	0.0
SDR16C6P	0.0
SDR39U1	0.6428262342062263
SDR42E1	0.3333333333333333
SDR42E1P1	0.0
SDR42E1P2	0.0
SDR42E1P3	0.0
SDR42E1P4	0.0
SDR42E1P5	0.0
SDR42E2	-1.0876781352779312
SDR9C7	0.0
SDS	-0.19498750024038541
SDSL	0.0
SEBOX	0.0
SEC11A	-0.0144425933176624
SEC11B	0.0
SEC11C	-0.811345980875612
SEC13	-0.4744330357527424
SEC13P1	0.0
SEC14L1	0.18599182353218247
SEC14L1P1	-0.5283208335737186
SEC14L2	-0.673531450278956
SEC14L3	0.0
SEC14L4	0.0
SEC14L5	1.861654166907052
SEC14L6	-2.7097610056483217
SEC16A	0.11651462574405613
SEC16B	-0.9689635318695062
SEC1P	0.0
SEC22A	0.8209302102424036
SEC22B	-0.028061905487398953
SEC22B2P	-0.3333333333333333
SEC22B3P	0.0
SEC22B4P	1.4210114686112647
SEC22C	-0.011465147815879817
SEC23A	-0.20979432314664237
SEC23A-AS1	-0.3333333333333333
SEC23B	0.29470451461033775
SEC23IP	0.09699548779491174
SEC24A	0.04618067315269592
SEC24AP1	0.0
SEC24B	0.641262707654878
SEC24B-AS1	0.08767813527793145
SEC24C	0.49661988945081603
SEC24D	-0.2618795712074675
SEC31A	-0.1342247838442443
SEC31B	1.107309364962454
SEC61A1	-0.007904261647844635
SEC61A2	0.30211363092858523
SEC61B	-0.14784415679088347
SEC61G	-0.5628333682765225
SEC61G-DT	-1.4406426982957872
SEC61GP1	0.0
SEC62	-0.3479272306759711
SEC62-AS1	0.0
SEC63	-0.20089067749240463
SEC63P1	0.3333333333333333
SEC63P2	0.0
SECISBP2	0.7010557782316384
SECISBP2L	0.4844993537263669
SECTM1	-2.4459565462521278
SEH1L	0.0714795506387027
SEL1L	0.5297453075886533
SEL1L2	0.0
SEL1L3	1.2272746799912488
SELE	-0.5283208335737187
SELENBP1	-0.1537311232703722
SELENOF	0.007661879389628368
SELENOH	0.006286342417105573
SELENOI	-0.050659317110131497
SELENOK	-0.13830163084585134
SELENOKP1	0.0
SELENOKP2	0.6666666666666666
SELENOKP3	0.0
SELENOM	-0.3239952079434678
SELENON	-0.3519632527320935
SELENOO	0.43644625127502046
SELENOO-AS1	0.6356301985361725
SELENOOLP	0.0
SELENOP	-0.33188562278402856
SELENOS	-0.015416367779074847
SELENOT	0.6489258973180991
SELENOTP1	-0.1383458330929479
SELENOTP2	0.0
SELENOV	0.0
SELENOW	0.41066277614022084
SELENOWP1	0.0
SELL	0.0
SELP	0.0
SELPLG	-0.3333333333333333
SEM1	-0.04320996509569852
SEM1P1	0.0
SEMA3A	-0.5283208335737186
SEMA3B	-0.5632812235462286
SEMA3B-AS1	0.2826656355183168
SEMA3C	0.6666666666666666
SEMA3D	0.0
SEMA3E	0.0
SEMA3F	0.13597687092819477
SEMA3F-AS1	0.21247664020509704
SEMA3G	-0.3086664728520736
SEMA4A	0.0
SEMA4B	0.3624876137501132
SEMA4C	-0.8636914283078507
SEMA4D	0.7739760316291211
SEMA4F	1.735219737725175
SEMA4G	-0.36288245246939255
SEMA5A	0.0
SEMA5A-AS1	0.0
SEMA5A-AS2	0.0
SEMA5B	0.0
SEMA6A	-0.4458767721306067
SEMA6A-AS1	-0.1383458330929479
SEMA6A-AS2	-0.6666666666666666
SEMA6B	-1.3785109659300323
SEMA6C	0.7739760316291204
SEMA6D	0.0
SEMA7A	0.23746145583416833
SEMG1	0.0
SEMG2	0.0
SENCR	0.0
SENP1	-0.8474899068452899
SENP2	0.2964497186192716
SENP3	-0.5635192088202174
SENP3-EIF4A1	0.3333333333333333
SENP5	0.24213208163104927
SENP6	-0.14632702447810075
SENP7	-0.3687608901095123
SENP8	1.3192360927611868
SEPHS1	-0.7902160485020584
SEPHS1P1	-0.3333333333333333
SEPHS1P2	0.0
SEPHS1P4	-0.3333333333333333
SEPHS1P6	0.3333333333333333
SEPHS1P7	0.0
SEPHS2	-0.08134691676340466
SEPHS2P1	0.0
SEPSECS	-0.7698810572086616
SEPSECS-DT	-0.08236428732159062
SEPTIN1	0.24565519805540204
SEPTIN10	0.732296785861287
SEPTIN10P1	0.0
SEPTIN11	0.25435547867810904
SEPTIN12	0.0
SEPTIN14	0.0
SEPTIN14P1	0.0
SEPTIN14P12	0.968963531869506
SEPTIN14P17	0.0
SEPTIN14P19	0.0
SEPTIN14P2	0.0
SEPTIN14P21	0.0
SEPTIN14P23	0.0
SEPTIN14P24	0.0
SEPTIN14P3	0.0
SEPTIN14P4	0.0
SEPTIN14P5	0.0
SEPTIN14P6	0.0
SEPTIN14P8	0.0
SEPTIN2	0.18029476097855124
SEPTIN2P1	0.0
SEPTIN3	0.0
SEPTIN4	0.9999999999999999
SEPTIN4-AS1	0.0
SEPTIN5	0.0
SEPTIN6	-0.5031371559046587
SEPTIN7	0.27212184633736225
SEPTIN7-DT	1.4096062301652938
SEPTIN7P1	-0.3333333333333333
SEPTIN7P10	0.0
SEPTIN7P11	0.0
SEPTIN7P12	1.0566416671474375
SEPTIN7P13	0.05773090509207357
SEPTIN7P14	0.37534134228807225
SEPTIN7P15	0.0
SEPTIN7P2	0.14880055672939285
SEPTIN7P3	0.0
SEPTIN7P4	0.0
SEPTIN7P5	0.0
SEPTIN7P6	0.7739760316291208
SEPTIN7P7	0.0
SEPTIN7P8	0.0
SEPTIN7P9	-1.0
SEPTIN8	-0.15004240378240308
SEPTIN9	-0.09421912855279935
SEPTIN9-DT	0.05664166714743746
SERAC1	0.6928527395412098
SERBP1	-0.2620334726625071
SERBP1P1	0.5283208335737186
SERBP1P2	0.0
SERBP1P3	0.0
SERBP1P4	0.0
SERBP1P5	-0.33333333333333326
SERBP1P6	0.3333333333333333
SERF1A	0.0
SERF1AP1	0.0
SERF1B	-0.1383458330929479
SERF2	-0.5634852098561565
SERGEF	-0.6651912982220223
SERHL	-0.5283208335737187
SERHL2	-0.5497197377324667
SERINC1	0.5305913035369514
SERINC2	0.28917015643732835
SERINC3	0.6074138219998542
SERINC4	0.0
SERINC5	1.137154731268767
SERP1	-0.31442584913029314
SERP2	0.3333333333333333
SERPINA1	0.6187715781169736
SERPINA10	-1.440516602331181
SERPINA11	-1.8411873186856709
SERPINA12	-0.5283208335737186
SERPINA13P	0.0
SERPINA15P	0.0
SERPINA2	0.0
SERPINA3	-1.409209689900865
SERPINA4	-1.3115549924773573
SERPINA5	-0.5686191431723628
SERPINA6	-1.923954468059236
SERPINA7	-2.881912178238278
SERPINA7P1	0.0
SERPINA9	0.3333333333333333
SERPINB1	1.8054625631223011
SERPINB10	0.0
SERPINB11	0.0
SERPINB12	0.0
SERPINB13	0.0
SERPINB2	0.6666666666666667
SERPINB3	0.0
SERPINB4	0.0
SERPINB5	0.0
SERPINB6	-0.050929187581720825
SERPINB7	0.0
SERPINB8	0.44064269829578784
SERPINB8P1	0.0
SERPINB9	2.721590328302531
SERPINB9P1	-0.3333333333333333
SERPINC1	-1.1193644173535064
SERPIND1	-1.8816492294717024
SERPINE1	0.08029453312501822
SERPINE2	-0.9486360542756662
SERPINE3	1.2691183073525347
SERPINE4P	0.0
SERPINF1	-0.3345484476098797
SERPINF2	-0.41780040847025823
SERPING1	0.3333333333333333
SERPINH1	-1.2880376797369921
SERPINH1P1	-0.3333333333333333
SERPINI1	1.0836816013183856
SERPINI2	0.0
SERTAD1	2.543868353290875
SERTAD2	0.7134516584467212
SERTAD2-AS1	0.9999999999999998
SERTAD3	0.314437682975778
SERTAD3-AS1	0.6666666666666667
SERTAD4	0.0
SERTAD4-AS1	0.0
SERTAD4BP	0.0
SERTM1	0.0
SERTM2	0.0
SESN1	0.2022666652848546
SESN2	0.5285627341557628
SESN3	1.9246910142574976
SESTD1	0.2752614933537334
SET	-0.2903991123430032
SETBP1	-0.27735178756197554
SETBP1-DT	-0.19498750024038536
SETD1A	0.030826972005654873
SETD1B	0.1886232732418538
SETD2	0.26765955500398597
SETD3	-0.06979959557106774
SETD4	0.2577404543824784
SETD4-AS1	0.0
SETD5	-0.21227195905837526
SETD6	0.7581332416015911
SETD6P1	0.0
SETD7	-0.5593573017042125
SETD9	-0.29374921684906763
SETDB1	-0.04384633029511065
SETDB2	0.45781946517581495
SETMAR	-0.40175603217961253
SETP1	0.0
SETP10	-0.6666666666666666
SETP11	0.0
SETP12	0.0
SETP14	0.0
SETP15	0.0
SETP16	0.0
SETP17	-0.3333333333333333
SETP2	0.3333333333333333
SETP20	0.3333333333333333
SETP21	-0.44064269829578717
SETP22	0.0
SETP3	0.7233083338141042
SETP4	0.0
SETP5	0.0
SETP6	0.19498750024038541
SETP7	0.0
SETP8	0.0
SETP9	0.0
SETSIP	0.3333333333333333
SETX	0.30474782690002034
SEZ6	-0.5283208335737186
SEZ6L	0.0
SEZ6L-AS1	0.0
SEZ6L2	-0.485978736774733
SF1	0.16889813228285622
SF1-DT	-0.3899750004807707
SF3A1	0.1937033917418507
SF3A2	0.48446397757498794
SF3A2P1	0.0
SF3A3	-0.280876307979276
SF3A3P1	0.35296456301785617
SF3A3P2	0.3333333333333333
SF3B1	0.08005078341054173
SF3B2	0.05104036987598182
SF3B3	-0.19570506162650503
SF3B4	0.012175292008371308
SF3B4P1	0.0
SF3B5	0.3833495298770231
SF3B6	0.4519397559360918
SFI1	-0.25706239915550366
SFMBT1	0.02539244621888148
SFMBT2	1.1949875002403854
SFN	0.35200549565840245
SFPQ	0.2781696771047031
SFPQP1	0.0
SFR1	1.300596574638552
SFR1P1	0.0
SFR1P2	0.0
SFRP1	0.0
SFRP2	0.0
SFRP4	-0.271858476287524
SFRP5	-0.33333333333333304
SFSWAP	0.4197329573524975
SFSWAP-AS1	0.19498750024038536
SFT2D1	0.1746004110280177
SFT2D2	-0.34137839544453463
SFT2D3	0.0
SFTA1P	0.0
SFTA2	0.0
SFTA3	0.0
SFTPA1	0.0
SFTPA2	0.0
SFTPA3P	0.0
SFTPB	0.3333333333333333
SFTPC	0.0
SFTPD	0.0
SFTPD-AS1	0.0
SFXN1	-0.24255661551206842
SFXN2	-0.18111772239470358
SFXN3	0.5421463788991048
SFXN4	-0.794284768071094
SFXN4P1	-0.3333333333333333
SFXN5	0.7972382276852281
SGCA	-0.5283208335737187
SGCB	0.6117897660757334
SGCD	0.0
SGCE	-0.05902031038388156
SGCEP1	0.0
SGCG	0.3333333333333333
SGCZ	0.0
SGF29	0.24526246765630777
SGIP1	-0.5283208335737187
SGK1	-0.05933276732599868
SGK2	-2.424440396484682
SGK3	0.1789679480608335
SGMS1	0.13872315625625387
SGMS1-AS1	1.3098702240362012
SGMS2	0.23518837028765738
SGO1	-0.43346497777923965
SGO1-AS1	-0.3333333333333333
SGO1P1	0.0
SGO1P2	0.0
SGO2	0.3407715286291788
SGPL1	0.11330848080063483
SGPP1	0.4121670920741707
SGPP2	0.33333333333333326
SGSH	0.4028969731007406
SGSM1	0.0
SGSM2	0.17587644188506868
SGSM2-AS1	-0.47167916642628116
SGSM3	0.0
SGSM3-AS1	-0.5789885313887352
SGTA	0.3070541177880619
SGTB	0.5097165989043884
SH2B1	0.3118449269010073
SH2B2	0.6901297759637992
SH2B3	-0.41461840422242346
SH2D1A	0.0
SH2D1B	0.0
SH2D2A	-2.0566416671474372
SH2D3A	-0.13440402129401807
SH2D3C	0.3333333333333333
SH2D4A	-1.5843522201223514
SH2D4B	0.0
SH2D5	-1.8908084473238322
SH2D6	0.0
SH2D7	0.0
SH3BGR	-0.19498750024038541
SH3BGRL	-0.1341326170242878
SH3BGRL2	-0.3492132596207016
SH3BGRL3	0.5196341744267379
SH3BP1	0.1788664930532522
SH3BP2	-0.6932401989520702
SH3BP4	-0.1017966342254315
SH3BP5	0.08767813527793122
SH3BP5-AS1	0.6558595074358746
SH3BP5L	0.3960431989399673
SH3D19	-0.30031416197941585
SH3D19-AS1	-0.9689635318695059
SH3GL1	0.23133527425202072
SH3GL1-AS1	0.19498750024038536
SH3GL1P1	0.36562051308419674
SH3GL1P2	1.8616541669070519
SH3GL1P3	0.0
SH3GL2	-0.19498750024038541
SH3GL3	0.0
SH3GLB1	0.1446971255886762
SH3GLB2	1.751412025488725
SH3KBP1	-0.010133341924574601
SH3PXD2A	-0.4514258611836022
SH3PXD2A-AS1	0.12085669312823599
SH3PXD2B	0.48248632565707394
SH3RF1	0.24888661569778137
SH3RF1-AS1	0.7739760316291207
SH3RF2	-0.8468024524350959
SH3RF3	0.0
SH3RF3-AS1	0.0
SH3TC1	0.15330031855111326
SH3TC2	-1.773976031629121
SH3TC2-DT	0.0
SH3YL1	-1.345508625341704
SHANK1	0.0
SHANK2	-0.7635137260143701
SHANK2-AS1	-1.3333333333333333
SHANK2-AS3	-0.2826656355183166
SHANK3	-1.6502692373795753
SHARPIN	0.47334589067869803
SHB	0.6608428522288534
SHBG	0.9123218647220687
SHC1	0.33355563473238803
SHC1P1	0.0
SHC1P2	0.0
SHC2	0.6977031347971605
SHC3	-1.7286221817704448
SHC4	-0.3333333333333333
SHCBP1	-0.6688978446318172
SHCBP1L	0.0
SHD	0.0
SHE	0.0
SHF	-0.22098833757414305
SHFL	-1.2046851374138283
SHH	-2.333333333333333
SHISA2	0.0
SHISA3	0.0
SHISA4	0.5283208335737186
SHISA5	-0.597285761452838
SHISA5P1	-0.3333333333333333
SHISA5P2	0.0
SHISA6	0.0
SHISA7	0.0
SHISA8	0.0
SHISA9	0.3333333333333333
SHISAL1	0.0
SHISAL2A	0.0
SHISAL2B	0.0
SHKBP1	0.17270250865496983
SHLD1	-1.8198105395457653
SHLD2	-0.6539665117788998
SHLD2P1	-1.3899750004807707
SHLD2P2	-0.3333333333333333
SHLD2P3	-2.5249696120190777
SHLD3	-0.22727467999124862
SHMT1	-0.28799761211140673
SHMT1P1	0.0
SHMT2	-0.899055179708653
SHOC1	0.4716791664262814
SHOC2	0.8817808572150536
SHOX	0.0
SHOX2	0.0
SHPK	0.12983413572390212
SHPRH	-0.10085979856346405
SHQ1	-0.18438340730342162
SHQ1P1	0.0
SHROOM1	-0.5915117785511992
SHROOM2	-0.3791678412499788
SHROOM2P1	0.0
SHROOM3	-0.3333333333333333
SHROOM3-AS1	0.0
SHROOM4	-0.861654166907052
SHTN1	-0.1260548194613449
SI	0.0
SIAE	0.9856437593693714
SIAH1	0.17667923795684448
SIAH1P1	0.0
SIAH2	-0.024726570763425215
SIAH2-AS1	0.01612100718713272
SIAH3	0.0
SIDT1	0.0
SIDT1-AS1	0.0
SIDT2	0.3408273086864124
SIGIRR	-1.0
SIGLEC1	-0.3333333333333333
SIGLEC10	-0.3333333333333333
SIGLEC10-AS1	0.0
SIGLEC10-AS2	0.3333333333333333
SIGLEC11	0.0
SIGLEC12	0.0
SIGLEC14	0.0
SIGLEC15	-0.3333333333333333
SIGLEC16	0.0
SIGLEC17P	0.0
SIGLEC18P	0.0
SIGLEC20P	0.0
SIGLEC21P	0.0
SIGLEC22P	0.0
SIGLEC24P	0.0
SIGLEC27P	0.0
SIGLEC29P	0.0
SIGLEC30P	0.0
SIGLEC31P	0.0
SIGLEC5	0.0
SIGLEC6	0.0
SIGLEC7	0.0
SIGLEC8	0.0
SIGLEC9	0.0
SIGLECL1	0.0
SIGMAR1	0.1526776994929575
SIK1	-0.050667697815016455
SIK2	0.5981616923310717
SIK3	0.4175573196308191
SIKE1	0.1945846974672154
SIL1	0.5299211623283249
SILC1	0.0
SIM1	0.0
SIM1-AS1	0.0
SIM2	-0.12085669312823599
SIMALR	0.0
SIMC1	-0.7160836528613137
SIMC1P1	-0.3333333333333333
SIN3A	0.5507818099800161
SIN3B	-0.005518495131751955
SINHCAF	-0.6021295966794096
SINHCAFP1	-0.861654166907052
SINHCAFP2	-0.5283208335737187
SINHCAFP3	0.0
SIPA1	1.3491410277984928
SIPA1L1	-0.4001220383354829
SIPA1L1-AS1	-0.3333333333333333
SIPA1L2	0.861654166907052
SIPA1L3	-0.28010481003564625
SIRAL1	1.0678918293504491
SIRAL2	-0.14485771016475812
SIRLNT	0.0
SIRPA	-1.4805605170673743
SIRPAP1	0.0
SIRPB1	0.3333333333333333
SIRPB2	0.0
SIRPB3P	0.0
SIRPD	0.0
SIRPG	0.0
SIRPG-AS1	0.0
SIRT1	0.47227473004257536
SIRT2	1.2019512266063481
SIRT3	0.24333761117481423
SIRT4	0.9581563726387137
SIRT5	-0.060357361623685435
SIRT6	0.24194167885366813
SIRT7	0.7070027670571823
SIT1	0.3333333333333333
SIVA1	0.35350896238611806
SIX1	0.31584066151946644
SIX2	0.0
SIX3	0.0
SIX3-AS1	0.0
SIX4	0.5433233023610304
SIX5	-0.3899750004807707
SIX6	0.3333333333333333
SKA1	-0.01980173936069818
SKA2	0.746043459667983
SKA2P1	0.0
SKA3	0.2972210471383159
SKAP1	0.0
SKAP1-AS1	0.0
SKAP1-AS2	0.0
SKAP2	0.3888629794225995
SKI	0.9617413174402865
SKIC2	0.6315831894057569
SKIC3	0.26494232652725813
SKIC8	0.3039055060167497
SKIDA1	-0.04918572947128608
SKIL	0.2450287620179985
SKINT1L	0.0
SKOR1	-0.5283208335737187
SKOR1-AS1	-0.3333333333333333
SKOR2	0.3333333333333333
SKP1	0.8919421154781704
SKP1P1	0.0
SKP1P2	0.0
SKP1P3	0.0
SKP1P4	0.0
SKP1P5	0.6666666666666666
SKP2	-0.5645769072757485
SKP2P1	0.0
SLA	0.0
SLA2	-0.5332030922285194
SLAIN1	0.6850477868167166
SLAIN2	0.2840526209766967
SLAMF1	0.0
SLAMF6	0.0
SLAMF6P1	0.0
SLAMF7	0.0
SLAMF8	0.0
SLAMF9	0.0
SLBP	0.627161794276951
SLC10A1	0.7407974737788161
SLC10A2	0.0
SLC10A3	0.5756350298791961
SLC10A4	0.0
SLC10A5	-0.02745398985249148
SLC10A5P1	0.0
SLC10A6	0.0
SLC10A7	-0.7091942641979507
SLC11A1	-0.24565519805540204
SLC11A2	-0.5954843321505185
SLC12A1	0.3333333333333333
SLC12A2	0.7555514024492576
SLC12A2-DT	-0.4343563558786814
SLC12A3	0.0
SLC12A4	0.7338328525711777
SLC12A5	-0.05066769781501668
SLC12A5-AS1	0.3333333333333333
SLC12A6	0.7080329755302435
SLC12A7	-1.1081797694479674
SLC12A8	-2.0430943389816556
SLC12A9	0.5374840322140919
SLC12A9-AS1	-0.2826656355183166
SLC13A1	0.0
SLC13A2	0.0
SLC13A3	0.07172269818951182
SLC13A4	1.6862978963511894
SLC13A5	-0.7317286837905366
SLC14A1	0.0
SLC14A2	0.0
SLC14A2-AS1	0.0
SLC15A1	0.0
SLC15A2	1.4074641404454824
SLC15A3	-2.325759974499972
SLC15A4	0.15178155370468627
SLC15A5	0.0
SLC16A1	0.23963936333138136
SLC16A1-AS1	-0.35675403349891077
SLC16A10	-0.023467374489854365
SLC16A11	-1.3022968652028395
SLC16A12	-0.3333333333333333
SLC16A12-AS1	0.0
SLC16A13	-0.16341461448933892
SLC16A14	0.0
SLC16A14P1	0.0
SLC16A1P1	0.0
SLC16A2	0.5789885313887354
SLC16A3	0.5725936835260814
SLC16A4	0.5821575599701942
SLC16A5	0.054499577427626456
SLC16A6	-1.2048673303870099
SLC16A6P1	-0.40746414044548274
SLC16A7	-1.7739760316291207
SLC16A8	0.19498750024038541
SLC16A9	0.0
SLC17A1	0.0
SLC17A2	-4.42537480175808
SLC17A3	0.0
SLC17A4	0.0
SLC17A5	-0.11224145385668649
SLC17A6	0.0
SLC17A6-DT	0.0
SLC17A7	0.0
SLC17A8	-0.05664166714743746
SLC17A9	-1.299506669666994
SLC18A1	0.0
SLC18A2	0.5283208335737187
SLC18A2-AS1	0.0
SLC18A3	0.0
SLC18B1	-2.107637138470745
SLC19A1	-1.088292118591692
SLC19A2	-0.21279253322645886
SLC19A3	-0.5789885313887353
SLC19A4P	0.0
SLC1A1	0.0
SLC1A2	-2.668922535744185
SLC1A2-AS1	0.0
SLC1A2-AS2	0.0
SLC1A3	0.0
SLC1A3-AS1	0.0
SLC1A4	-0.5670463057651922
SLC1A5	-0.6523675665025452
SLC1A6	0.0
SLC1A7	-0.3333333333333333
SLC20A1	0.07047090445820992
SLC20A1-DT	1.4505584794271384
SLC20A1P1	0.0
SLC20A1P2	0.0
SLC20A1P3	0.0
SLC20A2	-0.09385346356306723
SLC22A1	1.0
SLC22A10	-0.3333333333333333
SLC22A11	-1.0234631092971325
SLC22A12	0.0
SLC22A13	0.0
SLC22A14	0.0
SLC22A15	0.0
SLC22A16	0.0
SLC22A17	0.9493323021849831
SLC22A2	0.0
SLC22A20P	-0.3333333333333333
SLC22A23	-0.1591874795930952
SLC22A24	0.0
SLC22A25	-0.3333333333333333
SLC22A3	-2.362554698683886
SLC22A31	-0.6151979545377708
SLC22A4	-0.6666666666666665
SLC22A5	-0.8569852142424264
SLC22A6	0.0
SLC22A7	-2.7010959361373406
SLC22A8	0.0
SLC22A9	-1.7739760316291207
SLC23A1	-0.7051590724733119
SLC23A2	1.4021894132621
SLC23A3	0.33333333333333304
SLC23A4P	0.0
SLC24A1	-0.20138347220787267
SLC24A2	0.0
SLC24A3	0.0
SLC24A3-AS1	0.0
SLC24A3-AS2	0.0
SLC24A4	0.0
SLC24A5	0.0
SLC25A1	0.8448188270409256
SLC25A10	-0.05274938613993552
SLC25A11	0.4423993755064757
SLC25A12	0.20104536432607034
SLC25A13	-0.28247467001337156
SLC25A14	-0.1864758028713398
SLC25A14P1	1.6356301985361728
SLC25A15	-0.8505545432300492
SLC25A15P1	0.0
SLC25A15P2	0.0
SLC25A15P3	0.0
SLC25A15P4	0.0
SLC25A15P5	0.0
SLC25A16	0.43301827753025357
SLC25A17	0.0014740422001251474
SLC25A18	-0.19498750024038536
SLC25A18P1	0.0
SLC25A19	0.3055572054670348
SLC25A1P1	0.0
SLC25A1P2	0.0
SLC25A1P3	0.0
SLC25A1P4	0.0
SLC25A1P5	-0.3333333333333333
SLC25A2	1.019631229684523
SLC25A20	-0.6329167356731951
SLC25A20P1	0.0
SLC25A21	-0.8540808080736906
SLC25A21-AS1	0.401380238926742
SLC25A21-AS2	0.3333333333333333
SLC25A22	0.4479848004057869
SLC25A23	-0.29574216767887584
SLC25A24	-0.35318975541108966
SLC25A24P1	0.0
SLC25A24P2	0.0
SLC25A25	0.5275607086742902
SLC25A25-AS1	-1.1458017707690997
SLC25A26	-0.41088691893009166
SLC25A27	0.5283208335737187
SLC25A28	0.47120800989501177
SLC25A28-DT	-0.7543448019445979
SLC25A29	-0.26722723788080405
SLC25A29-AS1	0.0
SLC25A3	0.2261139559346752
SLC25A30	-0.5725632164972687
SLC25A30-AS1	1.0
SLC25A31	0.0
SLC25A32	0.276691666185896
SLC25A33	-0.7172711387756676
SLC25A34	0.0
SLC25A34-AS1	0.0
SLC25A35	1.1531438728790993
SLC25A36	0.23618304614191743
SLC25A36P1	0.0
SLC25A37	0.34562018095295777
SLC25A38	-0.10219212054829274
SLC25A38P1	0.0
SLC25A39	0.38135082404047793
SLC25A39P1	0.07413080711214937
SLC25A39P2	0.0
SLC25A3P1	0.0
SLC25A3P2	0.3333333333333333
SLC25A3P3	0.0
SLC25A4	0.7567785359253243
SLC25A40	0.0697039529768313
SLC25A41	-0.6666666666666666
SLC25A42	0.4606532861917074
SLC25A43	-0.6760656306102177
SLC25A44	0.3337103606728835
SLC25A45	0.2914897059720474
SLC25A46	0.2079071530685681
SLC25A47	-1.3899750004807707
SLC25A47P1	0.0
SLC25A48	-0.6666666666666667
SLC25A48-AS1	0.0
SLC25A5	0.36547369487215775
SLC25A5-AS1	1.4824863256570737
SLC25A51	0.5514801344414124
SLC25A51P1	0.0
SLC25A51P2	0.0
SLC25A51P3	0.0
SLC25A51P4	0.3333333333333333
SLC25A52	0.0
SLC25A53	0.8050124997596148
SLC25A53P1	0.0
SLC25A5P1	0.0
SLC25A5P2	0.0
SLC25A5P3	0.0
SLC25A5P4	0.0
SLC25A5P5	0.0
SLC25A5P6	0.0
SLC25A5P7	0.0
SLC25A5P8	0.19498750024038541
SLC25A5P9	0.0
SLC25A6	0.0
SLC25A6P1	0.0
SLC25A6P2	-0.5283208335737187
SLC25A6P3	0.0
SLC25A6P4	0.0
SLC25A6P5	0.0
SLC25A6P6	0.0
SLC26A1	-0.7212073922372957
SLC26A10P	0.3333333333333333
SLC26A11	0.13701185624044987
SLC26A2	0.8090697340114774
SLC26A3	0.0
SLC26A4	0.3333333333333333
SLC26A4-AS1	0.0
SLC26A5	-1.1949875002403854
SLC26A5-AS1	-1.1949875002403854
SLC26A6	0.8634495382650789
SLC26A7	0.0
SLC26A8	0.0
SLC26A9	0.0
SLC27A1	0.36162963252883795
SLC27A2	-1.1118805839925683
SLC27A3	-0.861654166907052
SLC27A4	0.125089612035012
SLC27A5	-0.7306504359241042
SLC27A6	0.0
SLC28A1	-0.3333333333333333
SLC28A2	1.0566416671474375
SLC28A2-AS1	0.861654166907052
SLC28A3	0.0
SLC28A3-AS1	0.0
SLC29A1	-0.06700462668683649
SLC29A2	0.37159448241661686
SLC29A3	-0.2579176699706984
SLC29A4	-1.2172454886967303
SLC29A4P1	0.0
SLC29A4P2	0.0
SLC2A1	0.018055923865732737
SLC2A1-DT	1.107309364962454
SLC2A10	-0.02548605461377207
SLC2A11	-0.00882407045373057
SLC2A12	0.3333333333333333
SLC2A13	1.253631417908533
SLC2A13P1	0.0
SLC2A14	-2.3704576063624
SLC2A2	-3.759024619701035
SLC2A3	0.758541207020242
SLC2A3P1	0.0
SLC2A3P2	0.0
SLC2A3P4	1.904748505888707
SLC2A4	-1.282665635518317
SLC2A4RG	0.6773491252772033
SLC2A5	0.0
SLC2A6	0.20207201437095268
SLC2A7	-0.5283208335737187
SLC2A8	0.3150045450005381
SLC2A9	-1.4549547366793187
SLC2A9-AS1	-0.36651189118363803
SLC2AXP1	0.0
SLC30A1	0.2960941366455643
SLC30A10	-3.4114347431932033
SLC30A2	-0.7739760316291208
SLC30A3	0.6666666666666666
SLC30A4	1.0
SLC30A4-AS1	-0.3333333333333333
SLC30A5	0.521855942610979
SLC30A6	0.40717796343242796
SLC30A6-DT	1.8715699480384025
SLC30A6P1	0.0
SLC30A7	-0.4042106816067337
SLC30A8	0.0
SLC30A9	0.8592479181978501
SLC31A1	-0.6268086700782494
SLC31A1P1	0.0
SLC31A2	1.2691183073525347
SLC32A1	0.0
SLC33A1	-0.27169547371094005
SLC33A2	0.439362861620328
SLC34A1	-0.9357849740192014
SLC34A2	0.0
SLC34A3	-0.38400103114835016
SLC35A1	0.799446262377467
SLC35A2	-0.027269203807643194
SLC35A3	0.2866153701863432
SLC35A4	-0.1383458330929479
SLC35A5	0.8436932717332652
SLC35B1	-0.09690351857319879
SLC35B2	0.6946199482011846
SLC35B3	0.4289775578437194
SLC35B4	-0.4342194219508926
SLC35C1	-1.1744842878201922
SLC35C2P1	0.0
SLC35D1	-0.12202774028926466
SLC35D2	0.4398787611264572
SLC35D2-HSD17B3	-0.3333333333333333
SLC35D3	0.0
SLC35D4	0.23210786988961996
SLC35E1	-0.1830019504251581
SLC35E1P1	-0.861654166907052
SLC35E2A	1.7699517541955954
SLC35E2B	-0.23877808713135895
SLC35E3	-0.06190834340914808
SLC35E4	-0.33333333333333337
SLC35F1	1.6666666666666667
SLC35F2	-0.6699004670640969
SLC35F3	0.0
SLC35F3-AS1	0.0
SLC35F4	0.0
SLC35F4-AS1	0.0
SLC35F5	0.20951659941927403
SLC35F6	0.4218479816355343
SLC35G1	-1.2663781384175459
SLC35G2	0.36651189118363803
SLC35G3	0.0
SLC35G4	0.0
SLC35G5	-0.3333333333333333
SLC35G6	0.3333333333333333
SLC35H1	0.7405686605591502
SLC36A1	0.486198989052828
SLC36A2	0.0
SLC36A3	0.0
SLC36A4	-0.29400018152658536
SLC37A1	-0.7739760316291208
SLC37A2	-1.5821461352389097
SLC37A3	0.6100998545327458
SLC37A4	0.15385041333690008
SLC38A1	-1.7200894648000844
SLC38A10	0.31066331423174987
SLC38A11	-2.2691183073525343
SLC38A12	0.7021367510242618
SLC38A2	0.747104842813382
SLC38A2-AS1	0.5989054672037524
SLC38A3	0.5456078729483735
SLC38A4	0.05664166714743746
SLC38A4-AS1	0.38783291076095994
SLC38A5	-2.917995178623025
SLC38A6	-0.27093305901227627
SLC38A7	0.2999497452744384
SLC38A8	-0.3333333333333333
SLC38A9	0.47939015494212356
SLC39A1	0.7173343644816832
SLC39A10	0.04177880306530124
SLC39A11	-0.3942064944170012
SLC39A12	0.0
SLC39A12-AS1	0.3333333333333333
SLC39A13	0.4679910640130611
SLC39A13-AS1	-0.5283208335737186
SLC39A14	-1.1196180896028913
SLC39A1P1	0.0
SLC39A2	0.0
SLC39A3	0.3012567633208736
SLC39A4	-0.6631360156164838
SLC39A5	-1.5237205932511149
SLC39A6	-0.22310819295339623
SLC39A7	-0.24424096397063444
SLC39A8	-0.8284756090567476
SLC39A9	0.33215239242798056
SLC3A1	0.4716791664262814
SLC3A2	-0.02216138912783805
SLC40A1	1.6832510117323665
SLC41A1	-0.9581563726387134
SLC41A2	1.5286486070820091
SLC41A3	-0.21247664020509838
SLC43A1	-0.6963687615090928
SLC43A2	1.7681856368792612
SLC43A3	-0.5283208335737187
SLC44A1	0.798646909939233
SLC44A2	2.006941882740016
SLC44A3	-0.422262180231634
SLC44A3-AS1	-0.4210114686112645
SLC44A3P1	0.0
SLC44A4	-3.5492027748786104
SLC44A5	-0.6280568397028112
SLC45A1	0.0
SLC45A2	0.5283208335737187
SLC45A3	-0.30733249599957535
SLC45A4	0.3333333333333333
SLC45A4-AS1	0.0
SLC45A4-AS2	0.0
SLC46A1	0.4016762674660761
SLC46A2	0.0
SLC46A2-AS1	-0.3333333333333333
SLC46A3	0.3333333333333333
SLC47A1	-0.5819941678574292
SLC47A1P1	-0.861654166907052
SLC47A1P2	0.0
SLC47A2	-0.7173343644816832
SLC48A1	0.1406412949546949
SLC49A3	1.019631229684523
SLC49A4	0.8868369926437616
SLC4A1	0.3333333333333333
SLC4A10	0.0
SLC4A11	0.7470026998345984
SLC4A1AP	-0.39366051736509355
SLC4A1APP1	0.0
SLC4A1APP2	0.0
SLC4A2	-0.38057313694784867
SLC4A3	0.0
SLC4A4	-0.5283208335737187
SLC4A5	0.5283208335737187
SLC4A7	-0.08466189032624527
SLC4A8	0.33333333333333337
SLC4A8-AS1	0.0
SLC4A9	0.1383458330929479
SLC50A1	0.8099084345008905
SLC51A	0.33333333333333304
SLC51B	-1.3149528152691796
SLC52A1	0.0
SLC52A2	-0.5762868481763839
SLC52A3	0.0
SLC5A1	0.0
SLC5A10	0.0
SLC5A11	-1.2026078195099896
SLC5A12	0.0
SLC5A2	0.44064269829578717
SLC5A3	0.5275108263322963
SLC5A4	-0.5283208335737187
SLC5A4-AS1	-0.5283208335737187
SLC5A4P1	0.0
SLC5A5	0.0
SLC5A6	-0.7945176245869918
SLC5A7	0.0
SLC5A8	0.0
SLC5A9	-3.202163112436747
SLC60A1	0.7097610056483217
SLC60A2	0.8453814883714728
SLC60A2-DT	0.0
SLC60A2P1	0.0
SLC61A1	-0.8271217974676022
SLC66A1	1.0007878642824615
SLC66A1LP	0.0
SLC66A2	0.31236321463977035
SLC66A2P1	0.0
SLC66A2P2	-0.3333333333333333
SLC66A3	1.6475718546026958
SLC67A1	0.7196788950998592
SLC67A1-AS	-0.7308816926474655
SLC67A2	-0.5994553796101165
SLC68A1	0.6380900419913722
SLC68A2P	-0.8616541669070521
SLC6A1	0.3333333333333333
SLC6A1-AS1	0.0
SLC6A10P	0.0
SLC6A11	-2.564393562524523
SLC6A12	-2.167500113509728
SLC6A12-AS1	0.0
SLC6A13	0.0
SLC6A14	-1.0107144955450735
SLC6A14P1	0.0
SLC6A14P2	0.0
SLC6A14P3	0.0
SLC6A15	0.0
SLC6A16	-0.6666666666666666
SLC6A17	0.0
SLC6A17-AS1	0.0
SLC6A18	0.3333333333333333
SLC6A19	-0.3333333333333333
SLC6A2	-0.19498750024038541
SLC6A20	0.0
SLC6A21P	0.0
SLC6A3	0.3333333333333333
SLC6A4	-1.226312882976723
SLC6A5	0.0
SLC6A6	0.16569994657331666
SLC6A6P1	0.0
SLC6A7	0.0
SLC6A8	0.6962870091586559
SLC6A9	-3.15040370394411
SLC71A1	-0.32712810727755093
SLC71A1-AS1	0.5283208335737187
SLC71A2	0.36822940551567385
SLC71A3P	0.8756771890444561
SLC75A1	-0.09413324356690822
SLC7A1	-0.7254210381701736
SLC7A10	-0.3333333333333333
SLC7A10-AS1	0.0
SLC7A11	-3.055387946016152
SLC7A11-AS1	-2.0291542804167797
SLC7A13	0.0
SLC7A14	-0.3333333333333333
SLC7A14-AS1	0.0
SLC7A15P	0.0
SLC7A2	-0.5417443984826775
SLC7A2-IT1	0.861654166907052
SLC7A3	0.0
SLC7A4	0.0
SLC7A5	0.17035818895774035
SLC7A5-AS1	0.19498750024038536
SLC7A5P1	0.0
SLC7A5P2	0.0
SLC7A6	0.11117071208660789
SLC7A6OS	0.0750280057809043
SLC7A7	-0.47398563773954416
SLC7A8	-0.3333333333333333
SLC7A9	-2.1307724742595866
SLC8A1	0.0
SLC8A1-AS1	0.0
SLC8A2	0.0
SLC8A3	-1.6666666666666667
SLC8B1	0.8882996656075743
SLC9A1	0.9427076396580958
SLC9A2	-0.861654166907052
SLC9A3	0.47167916642628127
SLC9A3-AS1	1.019631229684523
SLC9A3-OT1	0.0
SLC9A3P1	0.0
SLC9A3P2	0.0
SLC9A3P3	0.0
SLC9A3R1-AS1	-0.3333333333333333
SLC9A4	0.0
SLC9A5	-0.5283208335737186
SLC9A6	0.29956156683970026
SLC9A7	-0.09008080389708084
SLC9A7P1	0.3333333333333333
SLC9A8	-0.10241140324810871
SLC9A9	0.0
SLC9A9-AS1	0.0
SLC9A9-AS2	0.0
SLC9B1	0.1383458330929479
SLC9B1P1	0.0
SLC9B1P2	0.0
SLC9B1P3	0.0
SLC9B1P4	0.0
SLC9B1P5	0.0
SLC9B2	-0.5289766727187848
SLC9C1	0.0
SLC9C2	0.0
SLC9D1	0.0062552009643495055
SLCO1A2	0.0
SLCO1B1	0.0
SLCO1B3	0.0
SLCO1B3-SLCO1B7	0.0
SLCO1B7	0.0
SLCO1C1	0.0
SLCO2A1	0.3333333333333333
SLCO2B1	-2.048003666863166
SLCO3A1	0.3333333333333333
SLCO4A1	-1.3910588349915702
SLCO4A1-AS1	-1.4716791664262816
SLCO4A1-AS2	0.0
SLCO4C1	0.19690652973113565
SLCO5A1	-0.5283208335737187
SLCO5A1-AS1	0.0
SLCO6A1	0.5283208335737187
SLEAR	0.0
SLF1	0.33476350077888384
SLF2	0.16474771098237362
SLFN11	0.0
SLFN12	0.0
SLFN12L	0.0
SLFN13	0.0
SLFN14	0.0
SLFN5	0.47167916642628127
SLFNL1	-0.46301409691530004
SLFNL1-AS1	0.3435294399444748
SLIRP	-0.45396790250983177
SLIRP-OT1	0.0
SLIRPP1	0.0
SLIRPP2	0.0
SLIT1	-0.05664166714743746
SLIT1-AS1	0.0
SLIT2	1.5147735054079368
SLIT2-IT1	0.0
SLIT3	0.0
SLIT3-AS1	0.0
SLIT3-AS2	0.0
SLITRK1	0.0
SLITRK2	0.0
SLITRK3	0.0
SLITRK4	0.0
SLITRK5	0.0
SLITRK6	0.0
SLK	0.30877529663646985
SLMAP	0.19526155407016788
SLN	0.0
SLPI	0.0
SLTM	-0.16514076223115026
SLU7	0.04375500062648552
SLURP1	-0.3333333333333333
SLURP2	0.0
SLURP2-AS1	-3.209785540026536
SLX1A	-0.3333333333333333
SLX1A-SULT1A3	0.0
SLX1B	0.0
SLX1B-SULT1A4	0.0
SLX4	1.3846728701776505
SLX4IP	0.022558803848387043
SLX9	0.352900652014112
SMAD1	-0.5980995897440522
SMAD1-AS1	0.0
SMAD1-AS2	0.0
SMAD2	0.17538211743376309
SMAD3	-0.15482496599252826
SMAD3-AS1	-0.33333333333333326
SMAD3-DT	-1.0591793951840622
SMAD4	0.0028836447579818625
SMAD5	0.3219453465365536
SMAD5-AS1	-1.1949875002403854
SMAD6	-0.2282452117978826
SMAD7	-0.19939944262595066
SMAD9	-1.6057643863712405
SMAD9-IT1	-1.0566416671474375
SMAGP	0.15972261223285322
SMAP1	0.17226366602652554
SMAP2	0.5346285362381273
SMARCA1	0.257519006016512
SMARCA2	-0.686853189408259
SMARCA2-AS1	0.0
SMARCA4	-0.49220482112233555
SMARCA5	0.11766574225044213
SMARCA5-AS1	0.19498750024038536
SMARCAD1	-0.3774075154960421
SMARCAD1-DT	0.0
SMARCAL1	-1.0837467387163349
SMARCAL1-AS1	0.0
SMARCB1	0.13834583309294768
SMARCC1	-0.3043112236498251
SMARCC2	0.15555663560416377
SMARCD1	0.23520298337744983
SMARCD2	-0.6033780029857017
SMARCD3	-0.643203557369534
SMARCE1	-0.49887710786578765
SMARCE1P1	-0.19498750024038536
SMARCE1P2	0.0
SMARCE1P3	0.0
SMARCE1P4	0.0
SMARCE1P5	0.0
SMARCE1P6	0.0
SMARCE1P7	0.0
SMASR	0.0
SMBD1P	0.0
SMC1A	-0.012705392667701432
SMC1B	-0.3899750004807707
SMC2	-0.5769290251388624
SMC2-DT	0.1579770627774706
SMC3	-0.13546448675404754
SMC3P1	0.1383458330929479
SMC4	0.35573811492095864
SMC4P1	0.0
SMC5	0.49587512918277277
SMC6	0.17378694999391442
SMCHD1	0.2894915297894496
SMCO1	0.0
SMCO2	0.0
SMCO3	0.861654166907052
SMCO4	-0.046467685555138694
SMCO4P1	0.0
SMCP	0.0
SMCR2	0.0
SMCR5	-1.1949875002403854
SMCR8	0.1851099314740452
SMDT1	0.6892625263864032
SMG1	0.06937687152580452
SMG1-DT	-0.9123218647220687
SMG1P1	0.13834583309294768
SMG1P2	0.12331653658343456
SMG1P3	0.9184426370404601
SMG1P4	-1.3022968652028395
SMG1P5	0.4986524982208045
SMG1P6	-0.7125011745833121
SMG1P7	0.5668132393803642
SMG5	0.34153668236049306
SMG6	0.6646520834692993
SMG6-AS1	0.0
SMG6-IT1	0.0
SMG7	0.13039785886512423
SMG7-AS1	-0.8840255655265641
SMG8	-0.0538045005289316
SMG9	0.6071874462766074
SMILR	0.0
SMIM1	-0.8008898794298807
SMIM10	0.0
SMIM10L1	0.28937785127289484
SMIM10L2A	0.0
SMIM10L2B	0.0
SMIM10L2B-AS1	0.0
SMIM10L3	0.0
SMIM11	0.0
SMIM11P1	0.0
SMIM11P2	0.47167916642628127
SMIM12	0.5120648323432331
SMIM12P1	0.0
SMIM13	-0.5888264714896172
SMIM14	1.851304636219143
SMIM14-DT	1.4716791664262816
SMIM15	-0.6471945263286143
SMIM15-AS1	-1.0
SMIM15P1	0.0
SMIM15P2	0.0
SMIM17	0.9123218647220686
SMIM18	1.1307724742595866
SMIM19	0.6143262772627756
SMIM2	0.0
SMIM2-AS1	0.0
SMIM20	0.1972767661960697
SMIM21	0.0
SMIM22	0.3333333333333333
SMIM23	0.0
SMIM24	-0.7175747535629009
SMIM26	-0.1694730282017236
SMIM28	0.0
SMIM29	2.2866790042472154
SMIM29-AS1	0.1383458330929479
SMIM3	-0.8225351833609995
SMIM30	0.21760052259827667
SMIM31	0.0
SMIM32	0.08767813527793122
SMIM33	0.0
SMIM34	0.0
SMIM35	0.0
SMIM36	0.0
SMIM38	-1.3022968652028395
SMIM39	0.0
SMIM41	0.0
SMIM41-AS1	-0.861654166907052
SMIM43	0.0
SMIM44	0.0
SMIM45	0.0
SMIM47	-0.6666666666666666
SMIM48	0.3751769606946196
SMIM5	0.8284756090567471
SMIM7	0.7059922164993253
SMIM7P1	0.0
SMIM8	0.15754166361059596
SMIM9	0.0
SMKR1	0.0
SMLR1	-1.7923687241808635
SMN1	-0.4406426982957874
SMN1-AS1	0.0
SMN2	0.09650220573166202
SMN2-AS1	0.0
SMNDC1	-0.06325815234785104
SMNP	0.0
SMO	-0.6229349907162538
SMOC1	-1.2087253368079445
SMOC2	0.0
SMOX	0.0020204270547274916
SMPD1	0.6265685887607635
SMPD2	-0.5486913383415142
SMPD3	1.0889288468983007
SMPD4	-0.04788085907225614
SMPD4BP	0.26248234780119084
SMPD4P1	0.0
SMPD4P2	0.0
SMPD5	-0.6666666666666666
SMPDL3A	-0.015768571592785108
SMPDL3B	0.0
SMPX	-1.3481313731194846
SMR3A	0.0
SMR3B	0.0
SMS	-0.44430904145809347
SMSP1	0.0
SMTN	0.027487386730657093
SMTNL1	-0.9999999999999999
SMTNL2	-1.2604253663010443
SMU1	-0.09045238899818209
SMU1P1	0.19498750024038541
SMUG1	0.7972311697402921
SMUG1P1	0.0
SMURF1	-0.1175054715735957
SMURF2	0.4795343827262144
SMURF2P1	2.043094338981655
SMYD1	0.3333333333333333
SMYD2	-0.173784728962187
SMYD3	0.29443206445081405
SMYD3-AS1	0.33333333333333337
SMYD3-IT1	0.3333333333333333
SMYD4	-0.14445348415661918
SMYD5	-0.5815609586248174
SNAI1	0.7642605830759486
SNAI1P1	0.0
SNAI2	-0.3333333333333333
SNAI3	1.861654166907052
SNAI3-AS1	1.3244860708491686
SNAP23	0.6196196727737862
SNAP23P1	0.7739760316291208
SNAP25	-1.968963531869506
SNAP25-AS1	-1.5283208335737186
SNAP29	0.30366499798041824
SNAP47	0.6195744377160031
SNAP47-AS1	-0.861654166907052
SNAP91	0.0
SNAPC1	-0.17790928243132154
SNAPC2	1.1482616142242996
SNAPC3	0.046040581169130235
SNAPC4	-0.011246019551164999
SNAPC5	-0.09951786217118386
SNAPC5P1	0.0
SNAPIN	1.07294089161054
SNCA	-0.5283208335737187
SNCA-AS1	0.0
SNCAIP	0.0
SNCAIP-AS1	0.0
SNCAIP-AS2	0.0
SNCAIP-AS3	0.0
SNCB	0.0
SNCG	0.0
SND1	0.051122051041824434
SND1-DT	-0.44064269829578745
SND1-IT1	0.2219608320349078
SNED1	0.3791678412499784
SNED1-AS1	0.0
SNF8	0.3177035414491991
SNF8P1	0.0
SNHG1	0.30651259074456405
SNHG10	-0.35999429204317046
SNHG11	0.127492652679579
SNHG12	0.15865820657260343
SNHG14	-0.8227665761638008
SNHG15	0.6666666666666666
SNHG16	-0.574558390331056
SNHG17	-0.5010267839176432
SNHG18	0.0
SNHG19	0.42837343288789764
SNHG20	-0.7827058729560754
SNHG21	1.107309364962454
SNHG22	0.1383458330929479
SNHG25	-1.968963531869506
SNHG26	-1.4220219112548826
SNHG27	0.0
SNHG28	0.0
SNHG29	-0.17126137581147116
SNHG3	-0.42898124211138455
SNHG30	-0.022371398619512206
SNHG31	-1.8306176987765579
SNHG32	-0.6270039879276368
SNHG33	0.6385005737662217
SNHG4	-0.8832806855347908
SNHG5	-0.04780471697473665
SNHG6	-0.13470681371885274
SNHG7	-0.09566966131777122
SNHG8	-0.7437110956812276
SNHG9	0.0
SNIP1	0.36303582461132766
SNN	1.1241653272886722
SNORA1	0.0
SNORA10	0.0
SNORA108	0.0
SNORA10B	0.3333333333333333
SNORA11	-0.5283208335737186
SNORA11B	-1.107309364962454
SNORA11C	0.0
SNORA11D	0.0
SNORA11E	0.0
SNORA11F	-0.5283208335737188
SNORA11G	0.0
SNORA12	0.1551525917777692
SNORA13	-0.5418681617395009
SNORA14A	1.245655198055402
SNORA14B	-0.5978497075108584
SNORA15	0.0
SNORA15B-1	0.0
SNORA15B-2	-0.6666666666666666
SNORA16A	0.0
SNORA16B	0.19498750024038536
SNORA17A	0.0
SNORA17B	0.0
SNORA18	0.0
SNORA19	-0.6666666666666666
SNORA1B	0.3333333333333333
SNORA20	1.107309364962454
SNORA20B	0.0
SNORA21	0.0
SNORA21B	0.0
SNORA22	0.27768317497393724
SNORA22B	-0.8508470076762602
SNORA22C	0.6633154451120253
SNORA23	-0.3560738304028961
SNORA24	0.0
SNORA24B	-0.36436980146382747
SNORA25	0.0
SNORA25B	0.0
SNORA26	-1.5283208335737186
SNORA27	0.0
SNORA28	0.5094596574515968
SNORA29	0.0
SNORA2A	0.33333333333333337
SNORA2B	0.18418034100959324
SNORA2C	-0.6666666666666666
SNORA30	0.0
SNORA30B	0.3333333333333333
SNORA31	0.0
SNORA31B	0.0
SNORA32	0.0
SNORA33	-0.23062590154588936
SNORA35	0.0
SNORA35B	0.0
SNORA36A	0.0
SNORA36B	0.0
SNORA36C	-0.3333333333333333
SNORA37	1.1307724742595866
SNORA38	-0.1406412949546949
SNORA38B	-0.3461031189658259
SNORA3A	0.0
SNORA3B	-1.1814401720746033
SNORA3C	0.0
SNORA4	0.0
SNORA40	0.0
SNORA40B	0.4972843654432244
SNORA40C	0.0
SNORA41	0.0
SNORA41B	0.0
SNORA44	0.0
SNORA46	0.8616541669070519
SNORA47	-0.26380445939619435
SNORA48	0.0
SNORA48B	0.0
SNORA49	0.36990004641380025
SNORA50A	0.0
SNORA50B	0.0
SNORA50C	0.0
SNORA50D	0.0
SNORA51	0.0
SNORA52	0.0
SNORA53	-0.07424532035163889
SNORA54	-0.4406426982957874
SNORA55	0.2456551980554018
SNORA56	0.0
SNORA57	0.0
SNORA58	-1.0566416671474372
SNORA58B	0.0
SNORA59A	0.3333333333333333
SNORA59B	0.0038318796126093346
SNORA5A	-0.4972843654432255
SNORA5B	0.0
SNORA5C	0.0
SNORA6	0.0
SNORA60	-0.33333333333333326
SNORA61	0.0
SNORA62	0.0
SNORA63	0.0
SNORA63B	0.0
SNORA63C	-0.5283208335737187
SNORA63D	0.2076434503067257
SNORA63E	0.0
SNORA64	0.0
SNORA65	-0.34324911446468365
SNORA66	1.325759974499972
SNORA67	0.0
SNORA68	0.0
SNORA68B	0.1383458330929479
SNORA69	-0.3333333333333333
SNORA70	0.0
SNORA70B	0.0
SNORA70C	0.0
SNORA70D	0.7233083338141042
SNORA70E	0.0
SNORA70F	-0.3333333333333333
SNORA70G	0.9357849740192014
SNORA70H	0.0
SNORA70I	-0.5283208335737187
SNORA70J	0.0
SNORA71A	0.012610691175245492
SNORA71B	-0.19498750024038536
SNORA71C	0.17892456905682064
SNORA71D	-0.813146873965354
SNORA71E	0.0
SNORA72	0.0
SNORA73	0.0
SNORA73A	0.0
SNORA73B	-0.04324142955110233
SNORA74	-0.491310396110804
SNORA74A	-0.8030440224021351
SNORA74B	0.0014819683437305997
SNORA74C-1	-0.3333333333333333
SNORA74D	-0.8772611191580513
SNORA75	-0.2628319649354294
SNORA75B	0.0
SNORA77	0.0
SNORA77B	0.0
SNORA78	0.0
SNORA79	0.861654166907052
SNORA79B	-0.4958066530065617
SNORA7A	0.0
SNORA7B	-0.10944143490936309
SNORA8	0.0
SNORA80A	0.6666666666666667
SNORA80B	-0.2866074473172464
SNORA80C	-0.8616541669070521
SNORA80D	0.19514087238232047
SNORA80E	-0.6666666666666667
SNORA81	0.0
SNORA84	-0.6666666666666666
SNORA9	0.0
SNORA9B	0.0
SNORC	-1.9642966519691587
SNORD10	0.0
SNORD100	-0.45019914590621113
SNORD101	-0.06913323562032536
SNORD102	0.0
SNORD104	-0.7368556619798858
SNORD105	0.0
SNORD105B	0.4210114686112649
SNORD107	0.0
SNORD108	0.0
SNORD109A	0.0
SNORD109B	0.0
SNORD11	-0.5789885313887353
SNORD110	0.0
SNORD111	0.1383458330929479
SNORD111B	0.12085669312823599
SNORD112	0.0
SNORD113-1	0.0
SNORD113-2	0.0
SNORD113-3	0.0
SNORD113-4	0.0
SNORD113-5	0.0
SNORD113-6	0.0
SNORD113-7	0.0
SNORD113-8	0.0
SNORD113-9	0.0
SNORD114-1	0.0
SNORD114-10	0.0
SNORD114-11	0.0
SNORD114-12	0.0
SNORD114-13	0.0
SNORD114-14	0.0
SNORD114-15	0.0
SNORD114-16	0.0
SNORD114-17	0.0
SNORD114-18	0.0
SNORD114-19	0.0
SNORD114-2	0.0
SNORD114-20	0.0
SNORD114-21	0.0
SNORD114-22	0.0
SNORD114-23	0.0
SNORD114-24	0.0
SNORD114-25	0.0
SNORD114-26	0.0
SNORD114-27	0.0
SNORD114-28	0.0
SNORD114-29	0.0
SNORD114-3	0.3333333333333333
SNORD114-30	0.0
SNORD114-31	0.0
SNORD114-4	0.0
SNORD114-5	0.0
SNORD114-6	0.0
SNORD114-7	0.0
SNORD114-9	0.0
SNORD115-1	0.0
SNORD115-10	0.0
SNORD115-11	0.0
SNORD115-12	0.0
SNORD115-13	0.0
SNORD115-14	0.3333333333333333
SNORD115-15	0.0
SNORD115-16	0.0
SNORD115-17	0.0
SNORD115-18	0.0
SNORD115-19	0.0
SNORD115-2	0.0
SNORD115-20	0.0
SNORD115-21	0.0
SNORD115-22	0.0
SNORD115-23	0.0
SNORD115-24	0.0
SNORD115-25	0.0
SNORD115-26	0.0
SNORD115-27	0.0
SNORD115-28	0.0
SNORD115-29	0.0
SNORD115-3	0.0
SNORD115-30	0.0
SNORD115-31	0.0
SNORD115-32	0.0
SNORD115-33	0.0
SNORD115-34	0.0
SNORD115-35	0.0
SNORD115-36	0.0
SNORD115-37	0.0
SNORD115-38	0.0
SNORD115-39	0.0
SNORD115-4	0.6666666666666666
SNORD115-40	0.0
SNORD115-41	0.0
SNORD115-42	0.3333333333333333
SNORD115-43	0.0
SNORD115-44	0.0
SNORD115-45	0.0
SNORD115-46	0.0
SNORD115-47	0.0
SNORD115-48	0.0
SNORD115-5	0.0
SNORD115-6	0.0
SNORD115-7	0.0
SNORD115-8	0.0
SNORD115-9	0.0
SNORD116-1	-0.33333333333333326
SNORD116-10	0.5283208335737187
SNORD116-11	-1.0
SNORD116-12	-0.19498750024038541
SNORD116-13	-1.2529631442403217
SNORD116-14	-0.6491775267019546
SNORD116-15	0.3333333333333333
SNORD116-16	0.3333333333333333
SNORD116-17	-0.19498750024038541
SNORD116-18	-1.5048577242765857
SNORD116-19	-1.1444840396591145
SNORD116-2	-0.6666666666666666
SNORD116-20	0.0
SNORD116-21	0.0
SNORD116-22	0.0
SNORD116-23	-0.3333333333333333
SNORD116-24	-0.33333333333333337
SNORD116-25	-0.19498750024038536
SNORD116-26	0.0
SNORD116-27	0.0
SNORD116-28	0.0
SNORD116-29	0.0
SNORD116-3	0.0
SNORD116-30	-0.19498750024038541
SNORD116-4	0.0
SNORD116-5	0.0
SNORD116-6	-2.251629167387823
SNORD116-7	-1.0430943389816552
SNORD116-8	-0.19498750024038541
SNORD116-9	-0.3333333333333333
SNORD117	-0.19498750024038536
SNORD118	0.0
SNORD11B	0.2826656355183168
SNORD12	0.0
SNORD121A	-0.3333333333333333
SNORD121B	0.0
SNORD123	0.0
SNORD124	0.0
SNORD125	0.0
SNORD126	-0.5283208335737186
SNORD127	0.5283208335737187
SNORD12B	-0.45541837539752184
SNORD12C	-0.2048355921117233
SNORD13	0.0
SNORD138	0.0
SNORD13D	0.6666666666666666
SNORD13E	-0.5283208335737187
SNORD13P1	0.0
SNORD13P3	0.0
SNORD14	-0.3333333333333333
SNORD14A	-0.49728436544322463
SNORD14B	0.0
SNORD14C	0.0
SNORD14D	0.0
SNORD14E	0.942962694535749
SNORD15A	0.0
SNORD15B	-0.21116754206409993
SNORD16	0.0
SNORD17	0.04828552470714165
SNORD18A	0.0
SNORD18B	0.0
SNORD18C	0.0
SNORD19	-0.08767813527793122
SNORD19B	0.0
SNORD19C	-1.5668132393803644
SNORD1A	0.0
SNORD1B	-0.24565519805540215
SNORD1C	0.0
SNORD2	0.0
SNORD20	-0.2826656355183166
SNORD21	0.0
SNORD22	0.0
SNORD23	0.0
SNORD24	0.0
SNORD25	0.0
SNORD26	0.0
SNORD27	0.0
SNORD28	0.0
SNORD28B	0.0
SNORD29	0.0
SNORD30	0.0
SNORD31B	0.0
SNORD32A	0.0
SNORD32B	0.0
SNORD33	0.0
SNORD34	0.0
SNORD35A	0.0
SNORD35B	0.0
SNORD36A	0.0
SNORD36B	0.0
SNORD36C	0.0
SNORD37	0.3333333333333333
SNORD38A	0.0
SNORD38B	0.0
SNORD38C	-0.19498750024038541
SNORD38D	-0.1383458330929479
SNORD3A	-0.07748946787792477
SNORD3B-1	2.6261775180228497
SNORD3B-2	0.5283208335737187
SNORD3C	-0.7799500009615414
SNORD3D	0.0
SNORD3E	0.0
SNORD3G	0.0
SNORD3H	0.0
SNORD3J	0.0
SNORD3P1	0.0
SNORD41	0.0
SNORD42A	0.0
SNORD42B	0.0
SNORD43	0.0
SNORD45A	0.0
SNORD45B	0.0
SNORD45C	0.0
SNORD46	-1.1844389580348964
SNORD48	0.0
SNORD49A	0.0
SNORD49B	0.0
SNORD4A	0.0
SNORD4B	0.0
SNORD5	0.0
SNORD50B	0.0
SNORD51	0.0
SNORD52	0.0
SNORD53	0.47167916642628127
SNORD53B	-1.7739760316291207
SNORD54	0.0
SNORD55	0.0
SNORD56	0.0
SNORD56B	0.0
SNORD57	0.0
SNORD58A	0.0
SNORD58B	0.0
SNORD58C	0.0
SNORD59A	0.861654166907052
SNORD6	-0.9406672326740022
SNORD60	0.0
SNORD61	0.0
SNORD62A	0.3333333333333333
SNORD62B	-0.3333333333333333
SNORD63	0.0
SNORD63B	0.0
SNORD64	0.0
SNORD65	0.0
SNORD65B	0.0
SNORD65C	0.0
SNORD66	-0.5283208335737187
SNORD67	0.1443198024253689
SNORD68	0.0
SNORD69	-0.19498750024038536
SNORD7	0.5283208335737187
SNORD70	-0.6334881088163622
SNORD70B	0.0
SNORD71	1.3899750004807707
SNORD72	-1.4134381097779032
SNORD73A	0.0
SNORD73B	0.33333333333333337
SNORD74B	0.0
SNORD77B	0.0
SNORD8	0.0
SNORD82	-0.3333333333333333
SNORD83A	0.19498750024038536
SNORD83B	0.0
SNORD84	0.0
SNORD86	0.0
SNORD87	0.0
SNORD88A	-0.5283208335737186
SNORD88B	0.0
SNORD88C	0.0
SNORD89	0.305037034137829
SNORD9	-0.7233083338141041
SNORD90	0.0
SNORD91A	-0.5283208335737186
SNORD91B	-0.6159989688516498
SNORD92	-0.19498750024038536
SNORD93	-1.9581563726387134
SNORD94	-0.6787274454355487
SNORD95	0.0
SNORD96A	0.0
SNORD96B	0.0
SNORD97	0.0
SNORD98	0.3333333333333333
SNORD99	-0.6862978963511892
SNPH	2.6356301985361728
SNRK	0.18464169764454397
SNRK-AS1	0.6666666666666667
SNRNP200	0.041200503141595846
SNRNP25	0.3987274369090672
SNRNP27	0.31240474544382124
SNRNP35	-0.7528582525476986
SNRNP40	-0.3303041464181957
SNRNP40P1	0.0
SNRNP48	0.4032310418010656
SNRNP70	0.26226597461721557
SNRPA	0.13643508446835106
SNRPA1	0.16454395586918835
SNRPA1-DT	1.2334799060470307
SNRPA1P1	0.0
SNRPA1P2	-0.3333333333333333
SNRPB	-0.31454276007563564
SNRPB2	0.02783623530929802
SNRPB2P1	0.0
SNRPBP1	0.0
SNRPC	-0.1837820488324926
SNRPCP1	0.0
SNRPCP10	0.0
SNRPCP11	0.0
SNRPCP13	0.0
SNRPCP14	-0.3333333333333333
SNRPCP15	0.0
SNRPCP16	0.6666666666666666
SNRPCP17	0.0
SNRPCP18	0.0
SNRPCP19	-0.3333333333333333
SNRPCP2	0.0
SNRPCP20	0.0
SNRPCP3	0.3333333333333333
SNRPCP4	-0.3333333333333333
SNRPCP5	0.0
SNRPCP6	0.0
SNRPCP7	0.3333333333333333
SNRPCP8	0.0
SNRPCP9	0.0
SNRPD1	-0.5836005376374578
SNRPD2	0.4790655214710533
SNRPD2P1	0.0
SNRPD2P2	0.0
SNRPD3	-0.19919914791518156
SNRPE	-0.7891112205144317
SNRPEP10	0.0
SNRPEP11	0.0
SNRPEP2	0.0
SNRPEP3	0.0
SNRPEP4	0.3333333333333333
SNRPEP5	0.0
SNRPEP6	0.0
SNRPEP7	0.3333333333333333
SNRPEP8	0.0
SNRPEP9	-0.3333333333333333
SNRPF	-0.40403779312873045
SNRPF-DT	0.0
SNRPFP1	0.19498750024038541
SNRPFP2	-0.5283208335737187
SNRPFP3	0.0
SNRPFP4	0.0
SNRPG	0.2469711476839631
SNRPGP1	0.0
SNRPGP10	0.26596486426951227
SNRPGP11	0.0
SNRPGP12	0.0
SNRPGP13	0.3333333333333333
SNRPGP14	0.8616541669070521
SNRPGP15	0.30229686520283927
SNRPGP16	0.0
SNRPGP17	0.0
SNRPGP18	1.4406426982957872
SNRPGP19	0.0
SNRPGP2	0.13943754377056816
SNRPGP20	0.0
SNRPGP3	-0.5283208335737187
SNRPGP4	1.5479520632582415
SNRPGP5	0.0
SNRPGP6	0.0
SNRPGP7	0.3333333333333333
SNRPGP8	0.0
SNRPGP9	0.0
SNRPN	0.32575997449997196
SNRPNP2	0.0
SNTA1	0.7388802553262872
SNTB1	-0.4363448747409855
SNTB1-AS1	-1.46410580759292
SNTB1-AS2	0.00991578113135061
SNTB2	0.2649963628561389
SNTG1	0.0
SNTG2	0.0
SNTG2-AS1	0.0
SNTN	0.0
SNU13	0.12828232096059367
SNUPN	-0.3158441933686218
SNURF	0.0
SNURFL	0.0
SNW1	-0.14959790781623372
SNX1	0.36023868486080524
SNX10	0.3230550935029797
SNX10-AS1	-0.1383458330929479
SNX11	0.8500751000515177
SNX12	0.5819988873407134
SNX13	-0.3676535350964203
SNX14	0.19321739033922913
SNX15	0.08170416594551044
SNX16	0.6515118773486037
SNX17	0.47442734169196044
SNX18	-0.16501420455843085
SNX18P10	0.0
SNX18P12	0.0
SNX18P13	0.0
SNX18P14	0.0
SNX18P1Y	0.0
SNX18P2	0.0
SNX18P23	0.0
SNX18P24	0.0
SNX18P25	0.0
SNX18P26	0.0
SNX18P27	0.0
SNX18P3	-0.8481068387412701
SNX18P4	0.0
SNX18P5	-1.1949875002403854
SNX18P7	0.0
SNX18P8	0.0
SNX18P9	0.0
SNX19	1.0
SNX19P1	0.0
SNX19P2	0.0
SNX19P3	0.0
SNX19P4	0.0
SNX2	0.4230580356336011
SNX20	0.0
SNX21	0.22833043968414302
SNX22	-0.16225831437674731
SNX24	0.4907515368416755
SNX25	0.866533143654701
SNX25P1	-1.1307724742595866
SNX27	-0.3850528752251634
SNX29	0.9053313424004381
SNX29-AS1	1.107309364962454
SNX29-AS2	0.33333333333333337
SNX29-AS3	0.3333333333333333
SNX29P1	0.0
SNX29P2	0.0
SNX2P1	-0.031036468130493988
SNX2P2	0.0
SNX3	0.18832429464515776
SNX30	0.3157232582876466
SNX30-DT	0.7739760316291209
SNX31	0.0
SNX32	-0.8050124997596146
SNX33	0.16471450742585514
SNX33P1	0.0
SNX3P1X	0.0
SNX3P1Y	0.0
SNX4	0.18652341172080167
SNX5	0.5536283975109377
SNX5P1	0.8616541669070521
SNX5P2	0.3333333333333333
SNX6	0.24005951964107908
SNX6P1	-0.6666666666666666
SNX7	0.4613112054712083
SNX7-DT	0.4210114686112646
SNX8	-0.14439239633402234
SNX9	-0.25208608755206185
SNX9-AS1	0.3333333333333333
SOAT1	0.7511235391894511
SOAT2	-2.2908268549408954
SOBP	0.16498145536027575
SOCAR	0.5283208335737187
SOCS1	0.5977348112381904
SOCS2	-1.0
SOCS2-AS1	-0.3333333333333333
SOCS2P1	0.0
SOCS2P2	0.0
SOCS3	-1.1639510321098911
SOCS3-DT	0.0
SOCS4	0.03600899257128276
SOCS5	-0.5624585611458217
SOCS5P1	0.0
SOCS5P2	0.0
SOCS5P3	0.0
SOCS5P4	0.5283208335737186
SOCS5P5	0.0
SOCS6	-0.2874610452221429
SOCS6P1	0.0
SOCS7	0.5979028662879271
SOD1	0.29069829398008906
SOD1-DT	-0.4406426982957875
SOD1P1	0.0
SOD1P2	0.0
SOD1P3	0.0
SOD2-OT1	0.3333333333333333
SOD2P1	0.0
SOD3	0.0
SOFU1	0.0
SOHLH1	0.0
SOHLH2	0.3333333333333333
SON	0.3014828505847582
SORBS1	0.261492751791935
SORBS2	-2.3288263268918996
SORBS2-AS1	-1.1949875002403854
SORBS2-AS2	0.0
SORBS3	-1.8751969140196643
SORCS1	0.0
SORCS2	0.0
SORCS3	-0.6666666666666666
SORCS3-AS1	0.0
SORD	-0.6631385882851681
SORD-AS1	-1.107309364962454
SORD2P	-0.3299821117786932
SORL1	-0.7030900589674953
SORL1-AS1	-0.4406426982957875
SORT1	0.39350104258236307
SOS1	0.2830694714093447
SOS1-IT1	0.44930776780676895
SOS2	0.4142079499703861
SOST	0.0
SOSTDC1	0.0
SOWAHA	-1.6356301985361734
SOWAHB	0.9269832662498878
SOWAHC	-0.06303006770926345
SOWAHCP2	0.0
SOWAHCP5	0.0
SOWAHD	-1.1949875002403854
SOX1	0.3333333333333333
SOX1-OT	0.0
SOX10	0.5283208335737187
SOX11	0.0
SOX12	-0.8572438103460618
SOX13	0.36097597762461486
SOX14	0.0
SOX15	1.260453237841553
SOX17	0.0
SOX18	0.15356005494485192
SOX2	-0.19498750024038541
SOX2-OT	0.0
SOX21	0.0
SOX21-AS1	0.0
SOX3	0.0
SOX30	0.0
SOX4	-0.605191809620858
SOX5	0.020589236399949584
SOX5-AS1	0.0
SOX5P1	0.0
SOX6	-2.10092194593349
SOX7	0.0
SOX7-AS1	0.6666666666666666
SOX8	1.6024516406858678
SOX9	0.11345850706104521
SOX9-AS1	-0.8616541669070519
SP1	-0.1335773145316379
SP100	-0.6222520716904851
SP110	-0.623923646364398
SP140	-0.10730936496245413
SP140L	0.2397470313630139
SP2	-0.051242591304837326
SP2-AS1	0.43729147674114666
SP3	0.08487242114521898
SP3P	0.0
SP4	0.6951116483389201
SP5	0.8477074039654973
SP6	0.4406426982957875
SP7	0.0
SP8	-0.6666666666666666
SP9	0.0
SPA17	0.8306176987765581
SPA17P1	0.0
SPAAR	0.0
SPACA1	0.0
SPACA3	0.0
SPACA4	-0.3333333333333333
SPACA5	0.5283208335737187
SPACA5B	0.0
SPACA6	-0.2456551980554018
SPACA6-AS1	-0.4210114686112647
SPACA7	0.0
SPACA7BP	0.0
SPACA9	0.19498750024038541
SPACDR	0.5283208335737187
SPADH	0.0
SPAG1	0.6281742608600211
SPAG11A	0.0
SPAG11B	0.0
SPAG16	-0.008132968484347636
SPAG16-DT	0.6666666666666666
SPAG17	-0.24565519805540204
SPAG4	-0.28835680663796337
SPAG5	-0.6438631215928297
SPAG5-AS1	-0.031036468130493988
SPAG6	0.3333333333333333
SPAG7	0.29925819499553263
SPAG8	0.0
SPAG9	0.8677286632010466
SPAM1	0.0
SPANXA1	0.0
SPANXA2	0.0
SPANXA2-OT1	0.0
SPANXB1	0.0
SPANXC	0.0
SPANXD	0.0
SPANXN1	0.5283208335737187
SPANXN2	0.0
SPANXN3	0.0
SPANXN4	0.0
SPANXN5	0.0
SPARC	-0.7233083338141038
SPARCL1	-1.0
SPART	-1.3638999447122706
SPART-AS1	-0.3333333333333333
SPAST	0.3013704105212254
SPATA1	0.056641667147437236
SPATA12	-1.3899750004807707
SPATA13	0.02100326584193324
SPATA13-AS1	-0.6666666666666666
SPATA16	-0.5283208335737187
SPATA17	-0.19498750024038541
SPATA17-AS1	0.0
SPATA18	-1.3925127285173957
SPATA19	0.0
SPATA2	0.4137504828625893
SPATA20	0.057317412381253874
SPATA20P1	0.0
SPATA21	-0.32575997449997196
SPATA22	0.3333333333333333
SPATA24	0.24082200815703025
SPATA25	-1.2088130455657717
SPATA2L	0.9687766663738726
SPATA2P1	0.0
SPATA3	0.0
SPATA3-AS1	-1.0
SPATA31A1	0.0
SPATA31A3	0.0
SPATA31A5	0.0
SPATA31A6	0.0
SPATA31A7	0.0
SPATA31B1P	0.0
SPATA31B2P	0.0
SPATA31C1	0.0
SPATA31C2	0.0
SPATA31D1	0.0
SPATA31D2P	0.0
SPATA31D3	0.0
SPATA31D4	0.0
SPATA31D5P	0.0
SPATA31E1	0.0
SPATA31E2P	0.0
SPATA31E3P	0.0
SPATA31F1	0.3333333333333333
SPATA31F2P	0.0
SPATA31F3	0.0
SPATA31G1	0.5283208335737187
SPATA31H1	-0.05589550974876989
SPATA31J1	0.3333333333333333
SPATA32	0.3333333333333333
SPATA33	0.3407450728249062
SPATA4	0.0
SPATA41	-0.5283208335737187
SPATA42	0.0
SPATA45	0.5283208335737187
SPATA46	0.49514227572341407
SPATA6	0.020642583047734142
SPATA6L	-0.24082200815703048
SPATA7	1.551900303321546
SPATA8	0.0
SPATA8-AS1	0.0
SPATA9	0.3333333333333333
SPATC1	0.0
SPATC1L	1.9689635318695062
SPATS1	0.0
SPATS2	0.19929689821684615
SPATS2L	0.5528716648418808
SPC24	0.30832860020165853
SPC25	-0.745520731490867
SPCS1	0.2286397117493557
SPCS2	-0.5125028605378814
SPCS2P1	0.3333333333333333
SPCS2P2	0.0
SPCS2P3	0.0
SPCS2P4	-0.3333333333333333
SPCS3	-0.30762629663945873
SPCS3-AS1	0.0
SPDEF	0.3333333333333333
SPDL1	0.18888588237217796
SPDYA	1.4270953701300058
SPDYC	0.0
SPDYE1	0.7875233597949025
SPDYE10	0.0
SPDYE11	0.0
SPDYE12	0.138345833092948
SPDYE13	0.0
SPDYE14	0.0
SPDYE15	0.0
SPDYE16	1.6590933078333054
SPDYE17	-0.3333333333333333
SPDYE18	0.4210114686112646
SPDYE19P	0.0
SPDYE2	0.35679644263046595
SPDYE20P	0.19498750024038541
SPDYE21	-1.0741308071121494
SPDYE22P	0.8616541669070521
SPDYE2B	0.0
SPDYE3	0.4298355390649946
SPDYE4	0.0
SPDYE5	0.5371449040274494
SPDYE6	-0.9047485058887077
SPDYE7P	0.0
SPDYE8	0.0
SPDYE9	0.0
SPECC1	0.45402763679876035
SPECC1-DT	0.0
SPECC1L	0.8521579627835578
SPECC1L-ADORA2A	0.0
SPECC1P1	0.0
SPECC1P2	0.0
SPEF1	-0.861654166907052
SPEF2	0.8124684374357662
SPEG	0.5283208335737187
SPEGNB	0.0
SPEM1	0.0
SPEM2	0.0
SPEM3	0.0
SPEN	-0.03743494684486848
SPEN-AS1	-0.5543216709074761
SPESP1	0.3333333333333333
SPG11	0.7912737084645487
SPG21	-0.24482043663125008
SPG7	0.6073549171657611
SPHK1	0.5009661011448632
SPHK2	0.12167200558172997
SPHKAP	0.0
SPI1	0.0
SPIB	0.0
SPIC	0.0
SPICE1	0.8333578677115474
SPICE1-CFAP44	-0.861654166907052
SPICP1	0.0
SPICP2	0.0
SPICP3	-0.6666666666666666
SPICP4	0.0
SPICP5	0.0
SPIDR	0.13747868832501187
SPIN1	0.18507463655307355
SPIN2A	0.6666666666666666
SPIN2B	1.4333005961857874
SPIN2P1	0.0
SPIN3	0.5052414367950737
SPIN4	-0.01748913996471213
SPIN4-AS1	0.0
SPINDOC	0.1883340807419822
SPINK1	-1.2580679242710486
SPINK13	0.3333333333333333
SPINK14	0.0
SPINK2	0.0
SPINK4	-0.6666666666666667
SPINK5	-0.3333333333333333
SPINK6	0.0
SPINK7	0.0
SPINK8	0.0
SPINK9	0.3333333333333333
SPINT1	-0.6666666666666666
SPINT1-AS1	0.0
SPINT2	0.0
SPINT3	0.0
SPINT4	0.3333333333333333
SPINT5P	0.0
SPIRE1	-0.09294562488392444
SPIRE2	1.1767943448929579
SPMAP1	0.0
SPMAP2	0.0
SPMAP2L	0.0
SPMIP1	-0.7739760316291207
SPMIP10	0.0
SPMIP11	0.0
SPMIP2	-0.861654166907052
SPMIP3	0.0
SPMIP3P1	-0.19498750024038536
SPMIP4	0.7761569802513777
SPMIP5	0.0
SPMIP6	0.3333333333333333
SPMIP7	0.3333333333333333
SPMIP8	0.0
SPMIP9	-0.3333333333333333
SPN	-0.3333333333333333
SPNS1	0.056641667147437236
SPNS2	-0.47167916642628127
SPNS2-AS1	0.0
SPNS3	-0.5283208335737187
SPO11	0.0
SPOCD1	0.3333333333333333
SPOCK1	-0.7739760316291207
SPOCK2	-1.8925079675133731
SPOCK3	0.0
SPON1	0.8381910576099192
SPON1-AS1	0.0
SPON2	-1.1549699754349163
SPON2-AS1	-0.6666666666666667
SPOP	0.34888188991006874
SPOPL	-0.27896981969434265
SPOPL-DT	-0.7233083338141038
SPOPLP1	0.0
SPOPLP2	0.0
SPOPLP3	0.5283208335737187
SPOUT1	1.4415006795170626
SPP1	-1.7842591863558273
SPP2	0.0
SPPL2A	0.2504879070551862
SPPL2B	1.636063896157899
SPPL2C	0.0
SPPL3	0.23527890055113154
SPR	-1.7674701501418744
SPRED1	0.30860342902044824
SPRED2	-0.10283799075012823
SPRED3	0.47167916642628127
SPRING1	-0.07469819613331197
SPRING1P1	0.0
SPRING1P2	-0.3333333333333333
SPRING1P3	0.0
SPRN	0.3333333333333333
SPRR1A	0.0
SPRR1B	0.0
SPRR2A	0.0
SPRR2B	0.0
SPRR2C	0.0
SPRR2D	0.0
SPRR2E	0.0
SPRR2F	0.0
SPRR2G	0.0
SPRR3	0.3333333333333333
SPRR4	0.0
SPRR5	0.0
SPRTN	0.1560763114296151
SPRY1	0.565602635852172
SPRY2	-0.21754001433695258
SPRY3	0.0
SPRY4	0.6085813824668165
SPRYD3	0.7890411885571806
SPRYD4	-0.8463631508122633
SPRYD7	0.19675713736874112
SPRYD7P1	0.0
SPSB1	0.18418034100959346
SPSB2	1.2872675686933266
SPSB3	0.5283208335737186
SPSB4	0.0
SPTA1	0.0
SPTAN1	1.1710157446047251
SPTB	0.0
SPTBN1	-0.1786923184886895
SPTBN1-AS1	-0.5283208335737187
SPTBN1-AS2	0.9493323021849831
SPTBN2	-0.8941726033812767
SPTBN4	0.5283208335737187
SPTBN5	-1.0
SPTLC1	0.3211741993148056
SPTLC1P1	1.3899750004807707
SPTLC1P2	0.0
SPTLC1P3	0.0
SPTLC1P4	0.0
SPTLC1P5	0.0
SPTLC2	0.6844824118743134
SPTLC3	-1.7934339995677524
SPTSSA	0.788789003226138
SPTSSB	0.0
SPTY2D1	0.2955824008957686
SPX	0.0
SPZ1	0.0
SQLE	0.5738068419132709
SQLE-DT	-0.3333333333333333
SQOR	-0.5690549388776551
SQSTM1	1.8736068679592552
SQSTM1P1	0.0
SRA1	0.4440438288688924
SRARP	-1.4972843654432246
SRBD1	0.47198314555739973
SRC	-1.0532237945297043
SRCAP	0.045834507916644895
SRCAP-AS1	0.7564868916644087
SRCIN1	-0.5186053850205465
SRD5A1	0.9350388166205361
SRD5A1P1	0.0
SRD5A2	0.0
SRD5A2P1	0.0
SRD5A3	0.8923771424492841
SRD5A3-AS1	0.35679644263046617
SRD5A3P1	0.0
SREBF1	0.760302167342819
SREBF2	-0.2750247670518515
SREBF2-AS1	0.22199969093735383
SREK1	0.14702557986013254
SREK1IP1	-0.9461856049073445
SREK1IP1P1	0.0
SREK1IP1P2	0.0
SRF	0.21521680914008723
SRFBP1	-0.11444101828480946
SRGAP1	0.4159758378145284
SRGAP2	0.37002798621657096
SRGAP2-AS1	-0.19498750024038541
SRGAP2B	0.8692275257404134
SRGAP2C	0.3701024709954357
SRGAP2D	-0.1443198024253689
SRGAP3	-0.6666666666666667
SRGAP3-AS1	0.0
SRGAP3-AS2	0.0
SRGAP3-AS3	0.0
SRGAP3-AS4	0.0
SRGN	0.3333333333333333
SRGNP1	0.0
SRI	0.3333333333333333
SRI-AS1	0.0
SRIP1	0.0
SRIP2	0.0
SRIP3	0.0
SRL	0.3333333333333333
SRM	-0.1393323340045649
SRMP1	0.0
SRMP2	1.2691183073525347
SRMP3	0.6666666666666666
SRMS	0.0
SRP14	-0.14055807527943465
SRP14-DT	1.1307724742595864
SRP14P1	0.0
SRP14P2	-0.5283208335737187
SRP14P3	0.8616541669070521
SRP14P4	0.0
SRP14P5	0.19498750024038536
SRP19	0.11580948906040955
SRP54	0.43106892012536235
SRP54-AS1	-0.4086054007781188
SRP68	0.5076063817711916
SRP68P1	0.0
SRP68P2	0.0
SRP68P3	0.0
SRP72	-0.030446552338618815
SRP72P1	0.0
SRP72P2	0.9433583328525628
SRP9	0.0394415005543749
SRP9P1	0.38400103114834994
SRPK1	0.016360887599660145
SRPK2	0.4493077678067694
SRPK2-AS1	0.0
SRPK2P1	0.0
SRPK3	0.3333333333333333
SRPRA	0.012201187017410575
SRPRB	-0.04438446833314913
SRPX	0.19498750024038541
SRPX2	0.6666666666666666
SRR	0.4643861330727108
SRRD	0.0980877234202353
SRRM1	0.0018807155255933239
SRRM1P1	0.0
SRRM1P2	0.0
SRRM1P3	-0.3333333333333333
SRRM2	0.6477351410415491
SRRM2-AS1	0.46181034573117286
SRRM3	-2.1307724742595866
SRRM4	0.0
SRRM4-AS1	0.0
SRRM5	0.3333333333333333
SRRT	0.13303198513660597
SRSF1	-0.2455589497913735
SRSF10	-0.13979224870550944
SRSF10P1	0.0
SRSF10P2	-0.3333333333333333
SRSF11	0.33946892200754153
SRSF12	1.602451640685868
SRSF1P1	0.0
SRSF2	0.4248782072755759
SRSF2P1	0.0
SRSF3	0.12261481727361812
SRSF3P1	0.0
SRSF3P2	0.0
SRSF3P4	0.0
SRSF3P5	0.0
SRSF3P6	0.0
SRSF4	0.027157444141202802
SRSF5	0.7819956371242123
SRSF6	0.18298384610412732
SRSF6P1	0.0
SRSF6P2	-0.3333333333333333
SRSF7	0.20181340158844563
SRSF8	-0.556500373899496
SRSF8BP	0.0
SRSF8CP	0.0
SRSF9	0.005764381903973437
SRSF9P1	0.0
SRXN1	2.4165507313043486
SRXN1P1	0.0
SRXN1P2	0.0
SRY	-1.245655198055402
SS18	0.32057655543415375
SS18L1	0.19778470913783242
SS18L2	-0.41730781146227613
SS18L2P1	0.0
SS18L2P2	0.0
SSB	-0.3128186369106345
SSBL2P	0.0
SSBL3P	0.0
SSBL4P	0.3333333333333333
SSBL5P	0.0
SSBL6P	0.0
SSBP1	-0.29837993203500446
SSBP1P1	0.0
SSBP1P2	-0.6666666666666666
SSBP1P3	0.0
SSBP1P4	0.0
SSBP2	0.0
SSBP3	0.5730184654361454
SSBP3-AS1	0.1383458330929479
SSBP3-AS2	0.0
SSBP3P1	0.0
SSBP3P2	0.0
SSBP3P3	0.0
SSBP3P4	0.0
SSBP3P5	0.0
SSBP3P6	0.0
SSBP4	-0.5313731728195492
SSC4D	-1.2074186201748294
SSC5D	-0.3333333333333333
SSH1	0.4002575843427385
SSH2	0.8095996069080122
SSH2-AS1	0.0
SSH3	0.5866136703849802
SSMEM1	0.0
SSNA1	0.4545863552634639
SSPN	0.0
SSPN-AS1	0.0
SSPOP	-2.6590933078333054
SSR1	-0.170751145779656
SSR1P1	0.0
SSR1P2	0.0
SSR2	0.1997465860487928
SSR3	-0.8047125392401995
SSR4	0.10565320031135084
SSR4P1	0.6159989688516498
SSRP1	-0.8226685074646785
SST	0.0
SSTR1	0.0
SSTR2	0.5283208335737186
SSTR3	-1.1949875002403854
SSTR4	0.0
SSTR5	-2.623454906527802
SSTR5-AS1	-1.584962500721156
SSU72	0.2127270022119374
SSU72-AS1	1.2321569386460491
SSU72L1	0.0
SSU72L2	0.0
SSU72L3	0.0
SSU72L4	0.0
SSU72L5	0.0
SSU72L6	0.0
SSU72P1	0.0
SSU72P6	0.0
SSUH2	-2.73921660118491
SSX1	0.0
SSX11P	0.0
SSX13P	0.0
SSX14P	0.0
SSX15P	0.0
SSX18P	0.0
SSX19P	0.0
SSX2	0.0
SSX20P	0.0
SSX21P	0.0
SSX2B	0.0
SSX2IP	-0.37826104984365294
SSX2IPP1	0.0
SSX3	0.0
SSX4	0.0
SSX4B	0.0
SSX5	0.0
SSX6P	0.0
SSX7	0.0
SSX8P	0.0
SSX9P	0.0
SSXP10	0.0
ST13	0.0628759170201576
ST13P10	-0.3333333333333333
ST13P11	0.0
ST13P12	0.0
ST13P13	0.0
ST13P14	0.0
ST13P15	0.5283208335737186
ST13P16	0.0
ST13P17	0.0
ST13P18	-0.3333333333333333
ST13P19	-0.19498750024038541
ST13P2	0.0
ST13P20	0.0
ST13P21	0.0
ST13P3	0.3333333333333333
ST13P4	-0.861654166907052
ST13P5	-0.3333333333333333
ST13P6	-0.6666666666666666
ST13P7	0.0
ST13P9	0.0
ST14	0.1383458330929479
ST18	0.0
ST18-AS1	0.0
ST18-AS2	0.0
ST18-AS3	0.0
ST20	-0.33333333333333337
ST20-AS1	-0.02346310929713269
ST20-MTHFS	0.0
ST3GAL1	-1.6054290364678767
ST3GAL1-DT	-0.4406426982957874
ST3GAL1P1	-1.0
ST3GAL2	0.20206407734627785
ST3GAL3	0.9970222917433311
ST3GAL3-AS1	0.6666666666666666
ST3GAL4	-0.6411817032045226
ST3GAL5	0.8616541669070521
ST3GAL5-AS1	0.0
ST3GAL6	0.18890971511471477
ST3GAL6-AS1	0.1383458330929479
ST6GAL1	-2.1415966453274153
ST6GAL2	0.3333333333333333
ST6GAL2-IT1	0.0
ST6GALNAC1	-0.3333333333333333
ST6GALNAC2	-0.5283208335737187
ST6GALNAC2P1	0.0
ST6GALNAC3	0.0
ST6GALNAC4	-0.25872520772347407
ST6GALNAC4P1	-0.3333333333333333
ST6GALNAC5	0.0
ST6GALNAC6	0.38400103114834994
ST7	-0.666528994030374
ST7-AS1	0.06147485704580902
ST7-AS2	0.892690635037546
ST7-OT4	-0.8616541669070521
ST7L	0.20769920986930934
ST8SIA1	0.0
ST8SIA2	0.0
ST8SIA3	-0.3333333333333333
ST8SIA4	0.0
ST8SIA5	0.3333333333333333
ST8SIA5-DT	0.3333333333333333
ST8SIA6	0.0
ST8SIA6-AS1	0.0
STAB1	0.6666666666666666
STAB2	0.19498750024038536
STAB2-AS1	0.7739760316291205
STAC	0.0
STAC2	0.861654166907052
STAC3	0.3333333333333333
STAG1	-0.17123089615931608
STAG1-DT	0.33333333333333304
STAG2	-0.8715276993591212
STAG2-AS1	-1.0566416671474375
STAG3	-0.05938183608242653
STAG3L1	0.0
STAG3L2	1.5537292490931494
STAG3L3	0.91829583405449
STAG3L4	0.8816520747236831
STAG3L5P	1.1560301032477844
STAG3L5P-PVRIG2P-PILRB	0.6666666666666666
STAM	-0.04541469156117195
STAM-AS2	-0.6666666666666666
STAM-DT	0.8225016397243268
STAM2	0.8729398251459006
STAMBP	0.17080903480894705
STAMBPL1	-1.2964911808437032
STAP1	0.0
STAP2	-1.9321555353049567
STAR	-0.05066769781501668
STARD10	-0.2843200445985321
STARD13	0.2594775610282021
STARD13-AS	0.2665214363007502
STARD13-IT1	1.3764276723149889
STARD3	0.8800346849712044
STARD3NL	0.23897674809450375
STARD4	0.2882079175254093
STARD4-AS1	-1.2834745479831629
STARD5	1.0891601036216623
STARD6	0.0
STARD7	0.21281972887705436
STARD7-AS1	0.5969194705089693
STARD8	1.3899750004807707
STARD9	0.5269737784997637
STARP1	0.0
STAT1	0.7034461784441195
STAT2	-0.0038916321022099964
STAT3	0.7860542401990571
STAT4	0.3333333333333333
STAT4-AS1	0.10730936496245413
STAT5A	-0.1383458330929479
STAT5B	0.15392686409565393
STAT6	-0.05508019729527813
STATH	0.0
STAU1	0.5251259775021442
STAU2	0.23421143331638916
STAU2-AS1	0.0
STAU2P1	0.0
STBD1	0.25920252622118367
STBD1P1	0.0
STC1	0.0
STC2	-1.6362794600282697
STEAP1	-0.4160874651069486
STEAP1B	0.5283208335737187
STEAP1B-AS1	0.0
STEAP2	-0.6968675162603022
STEAP2-AS1	-0.1383458330929479
STEAP3	-2.2881996246306935
STEAP3-AS1	-0.6998452245169713
STEAP4	0.0
STEEP1	0.0726668840730964
STH	0.0
STIL	0.1748776613659908
STIM1	0.15815789922038093
STIM1-AS1	-0.3333333333333333
STIM2	1.1261944372483095
STIM2-AS1	0.602451640685868
STIMATE	-0.033178557850304546
STIMATE-MUSTN1	-0.38997500048077083
STING1	-0.968963531869506
STIP1	-0.10267828084901787
STIP1P3	-0.3333333333333333
STK10	-0.4360407651207767
STK11	0.049161851379283306
STK11IP	-0.08531499368249129
STK16	0.37150946267546203
STK16P1	-0.33333333333333326
STK17A	0.774159389638374
STK17B	1.037486633038724
STK24	0.6695856999754684
STK24-AS1	-0.723308333814104
STK24P1	0.0
STK25	0.37094089971349753
STK25P1	0.0
STK26	-0.029513923662991104
STK3	0.5951454611508433
STK31	0.3333333333333333
STK32A	0.0
STK32A-AS1	0.0
STK32B	0.0
STK32C	0.7522630092277218
STK33	-0.17279829459405516
STK33P1	0.0
STK35	0.45295094392015756
STK36	0.061822871785611966
STK38	0.3929675325205242
STK38L	1.2614756492908246
STK39	-0.039734144873366795
STK4	0.49659994155260456
STK4-DT	-0.10730936496245413
STK40	0.518220269726342
STKLD1	1.571415172555374
STMN1	0.10239385236610055
STMN1P1	0.6666666666666666
STMN1P2	0.0
STMN2	0.0
STMN3	-0.2400720725020964
STMN3P1	0.5283208335737187
STMN4	0.3333333333333333
STMND1	0.0
STMP1	0.8649601129544253
STMP1P2	0.0
STN1	0.5603595512436419
STOM	0.23308052358320808
STOML1	1.3420207655287322
STOML2	-0.5731413680166142
STOML3	0.0
STON1	0.5283208335737187
STON1-GTF2A1L	0.0
STON2	0.5104710108148072
STOX1	1.4496109577736718
STOX2	0.3333333333333333
STPG1	-0.11558352300982078
STPG2	-0.19498750024038541
STPG2-AS1	0.0
STPG3	1.1949875002403854
STPG3-AS1	0.138345833092948
STPG4	1.723308333814104
STRA6	0.0
STRA6LP	0.0
STRA8	0.5283208335737187
STRADA	1.0779688031178285
STRADB	0.0366604708387257
STRADBP1	0.0
STRAP	0.01702438301927689
STRBP	0.2365866133739738
STRC	0.0
STRCP1	0.0
STRIP1	0.5605088692469273
STRIP2	0.6787245375178292
STRIT1	0.0
STRN	0.8688845817570767
STRN3	-0.09173399548103411
STRN4	0.16638627781326498
STS	0.3560782452508171
STSP1	0.0
STT3A	-0.3906875352604118
STT3B	0.1283945823830397
STUB1	1.2309326019374423
STUB1-DT	0.5283208335737187
STUB1P1	0.0
STUM	0.0
STX10	-0.6215329579640256
STX11	0.0
STX12	1.3933592392677339
STX16	0.6832729223326641
STX16-NPEPL1	0.8050124997596149
STX17	0.709811116792058
STX18	-0.5233958641064005
STX18-AS1	-0.47765313575870305
STX18-IT1	0.3333333333333333
STX18P1	0.0
STX19	1.1949875002403854
STX1A	0.5479520632582411
STX1B	-0.9493323021849835
STX2	0.598580223141175
STX3	0.622709522506649
STX4	-0.9985016609273627
STX5	0.5781281387758925
STX5-DT	0.1383458330929479
STX6	0.3917256446030697
STX7	1.3082000638873241
STX8	0.513294609514265
STX8P1	0.0
STXBP1	1.9182958340544896
STXBP2	-0.3759922731481131
STXBP3	0.6347414990506657
STXBP4	-0.21088374252616848
STXBP5	-0.2577691470766412
STXBP5-AS1	0.5283208335737186
STXBP5L	-0.054499577427626456
STXBP6	-0.5261230878150487
STYK1	0.0
STYX	0.24298862057143467
STYXL1	0.5927536501628516
STYXL2	0.0
SUB1	-0.2163617840212222
SUB1P1	-0.6666666666666666
SUB1P2	0.0
SUB1P3	-0.3333333333333333
SUB1P4	-1.0
SUCLA2	-0.0898166209558422
SUCLA2-AS1	-0.24565519805540215
SUCLA2P1	0.0
SUCLA2P2	0.0
SUCLA2P3	0.861654166907052
SUCLG1	-0.11995277312117203
SUCLG2	-0.24317740687015643
SUCLG2-DT	-1.0430943389816556
SUCLG2P2	0.19498750024038541
SUCLG2P4	0.0
SUCNR1	0.0
SUCO	0.28984863066527833
SUDS3	-0.31100212198160726
SUDS3P1	0.3333333333333333
SUFU	0.5471820096958417
SUGCT	-0.04812996977839212
SUGCT-AS1	0.3333333333333333
SUGP1	0.24933370552607492
SUGP2	0.5203505305912506
SUGT1	0.012153100066747413
SUGT1-DT	-0.02346310929713269
SUGT1P1	0.0
SUGT1P2	0.5283208335737188
SUGT1P3	0.8616541669070521
SUGT1P4	0.0
SUGT1P4-STRA6LP	1.1949875002403854
SUGT1P4-STRA6LP-CCDC180	0.0
SULF1	0.0
SULF2	0.0027372610172697875
SULT1A1	-0.09935571936618182
SULT1A2	0.05229361783945663
SULT1A3	0.0
SULT1A4	0.0
SULT1B1	-1.602451640685868
SULT1C2	-2.740797473778816
SULT1C2P2	0.0
SULT1C3	0.0
SULT1C4	-0.5925358595545176
SULT1C5P	0.0
SULT1D1P	0.0
SULT1D1P2	0.0
SULT1E1	-2.584962500721156
SULT2A1	-4.418488480656199
SULT2B1	0.0
SULT4A1	0.0
SULT6B1	0.0
SULT6B2P	0.0
SUMF1	-0.34171349357182823
SUMF2	0.5558440560916402
SUMO1	0.18534931386454012
SUMO1P1	0.0
SUMO1P2	0.0
SUMO1P3	0.33333333333333337
SUMO1P4	0.0
SUMO2	0.03528671287730489
SUMO2P1	1.1949875002403854
SUMO2P10	0.0
SUMO2P12	0.0
SUMO2P13	0.0
SUMO2P14	0.44064269829578717
SUMO2P15	0.0
SUMO2P16	0.3333333333333333
SUMO2P17	0.6666666666666666
SUMO2P18	0.0
SUMO2P19	1.3333333333333333
SUMO2P2	0.0
SUMO2P20	-1.0
SUMO2P21	0.3333333333333333
SUMO2P3	0.0
SUMO2P4	0.0
SUMO2P5	0.3333333333333333
SUMO2P6	0.3333333333333333
SUMO2P7	0.0
SUMO2P8	0.3333333333333333
SUMO3	0.1065323419808033
SUMO4	0.0
SUN1	0.9860067317117771
SUN2	0.4427837676540687
SUN3	0.0
SUN5	0.0
SUNO1	0.0
SUOX	0.17894937112261466
SUPT16H	0.028516266578556326
SUPT16HP1	-0.5458099735384305
SUPT20H	0.10956993648549407
SUPT20HL1	0.0
SUPT20HL2	0.0
SUPT3H	-0.03820366467100467
SUPT4H1	0.6666666666666667
SUPT4H1P1	-1.7974391409262531
SUPT4H1P2	0.0
SUPT5H	-0.03495482145058304
SUPT6H	0.2877555027202918
SUPT7L	0.2379285000966478
SUPV3L1	-0.22617720912299433
SURF1	0.7151505299123571
SURF2	0.604528958589706
SURF4	-0.14694512059991638
SURF6	0.12333307817772976
SURF6P1	-0.3333333333333333
SUSD1	-0.2512522186755701
SUSD2	-1.4554407380819387
SUSD2P1	0.0
SUSD2P2	0.0
SUSD3	-2.187414141407024
SUSD4	0.3333333333333333
SUSD5	0.0
SUSD6	0.5821851534999372
SUV39H1	-0.4163131919826695
SUV39H2	-0.004459676600399476
SUV39H2-DT	1.5581481698693822
SUZ12	0.19869135558370132
SUZ12P1	0.6417372920853461
SV2A	-0.22602396837087912
SV2B	0.0
SV2C	-0.3333333333333333
SV2C-AS1	0.0
SV2C-AS2	0.0
SVBP	0.37939909797333815
SVEP1	0.3333333333333333
SVIL	-0.23178822989981285
SVIL-AS1	0.518356572342829
SVIL2P	0.0
SVIP	0.8248181207062544
SVOP	0.0
SVOPL	1.0
SWAP70	0.6285396605014162
SWI5	0.8773596064596827
SWINGN	0.0
SWSAP1	0.631028265361163
SWT1	0.7731180504078456
SYAP1	0.4993376498456241
SYBU	-0.630514210425027
SYBU-AS1	-0.5283208335737187
SYCE1	0.3333333333333333
SYCE1L	0.0
SYCE2	0.0
SYCE3	0.0
SYCN	0.0
SYCP1	0.0
SYCP2	0.3333333333333333
SYCP2L	0.6666666666666666
SYCP3	-0.7928372077512438
SYDE1	-0.7870481637612139
SYDE2	0.4052945807738544
SYF2	0.6078098949718909
SYF2P1	0.0
SYF2P2	0.0
SYK	-0.2691183073525347
SYMPK	-0.05858264399091784
SYMPK-AS1	-0.2826656355183168
SYN1	0.1383458330929479
SYN2	0.3333333333333333
SYN3	-0.7428838039360435
SYN3-AS1	-0.3333333333333333
SYNAGE	0.0
SYNC	-1.5283208335737184
SYNCRIP	-0.6120564939788693
SYNCRIPP1	0.3333333333333333
SYNDIG1	0.0
SYNDIG1L	0.0
SYNE1	-1.8717825937844998
SYNE1-AS1	0.0
SYNE1-AS2	0.0
SYNE2	0.6529274806363112
SYNE3	-0.5125858742265308
SYNE3-AS1	0.2516291673878228
SYNE4	-0.3811638645298441
SYNGAP1	-0.48522649459206324
SYNGAP1-AS1	0.0
SYNGR1	0.3333333333333333
SYNGR2	0.24111964435037248
SYNGR2P1	0.0
SYNGR3	-0.041843627361286106
SYNGR4	0.0
SYNJ1	0.8731466653425359
SYNJ2	0.2768771322812178
SYNJ2-IT1	0.6666666666666666
SYNJ2BP	0.2587388866932745
SYNJ2BP-COX16	0.0
SYNM	0.22071012041453875
SYNM-AS1	0.0
SYNM-AS2	0.0
SYNPO	-0.0653067366584188
SYNPO2	-0.3333333333333333
SYNPO2L	0.0
SYNPO2L-AS1	0.0
SYNPR	0.0
SYNPR-AS1	0.0
SYNRG	0.6539166440045321
SYP	1.233479906047031
SYP-AS1	0.0
SYPL1	0.18979752598420063
SYPL1P1	0.0
SYPL1P2	0.6100249995192293
SYPL2	-0.19498750024038536
SYS1	0.8133608762417239
SYS1-DBNDD2	0.0
SYT1	0.0
SYT1-AS1	0.0
SYT10	0.0
SYT11	1.584962500721156
SYT12	0.3333333333333333
SYT13	-0.861654166907052
SYT13-AS1	0.0
SYT14	0.0
SYT14P1	0.0
SYT15	-1.4406426982957874
SYT15-AS1	-1.7739760316291207
SYT15B	-0.3333333333333333
SYT16	0.0
SYT17	0.3333333333333333
SYT2	-0.3333333333333333
SYT2-AS1	-0.3333333333333333
SYT3	0.0
SYT4	0.0
SYT5	0.0
SYT6	0.0
SYT7	0.861654166907052
SYT8	-0.7739760316291208
SYT9	0.3333333333333333
SYT9-AS1	-0.3333333333333333
SYTL1	-1.0701889953132193
SYTL2	0.5283208335737187
SYTL3	0.861654166907052
SYTL4	0.4406426982957874
SYTL5	0.3333333333333333
SYVN1	0.14998240900299997
SZRD1	0.18493216117754407
SZRD1P1	-0.14826161422429873
SZT2	0.7171536289241693
SZT2-AS1	0.0
TAAR1	0.0
TAAR2	0.0
TAAR3P	0.0
TAAR4P	0.0
TAAR5	0.0
TAAR6	0.3333333333333333
TAAR7P	0.0
TAAR8	0.0
TAAR9	0.0
TAB1	-0.3083882556924702
TAB2	0.007370054003231985
TAB2-AS1	0.0
TAB3	-0.28538911315760096
TAB3-AS1	0.0
TAB3-AS2	0.0
TAB3P1	0.0
TAC1	0.0
TAC3	0.0
TAC4	0.7739760316291208
TAC4-AS1	0.19498750024038541
TACC1	-0.8874741590556745
TACC1P1	0.0
TACC2	-0.7898749456395526
TACC3	0.22069732494985494
TACO1	-0.7222405674213279
TACR1	0.7097610056483226
TACR1-AS1	1.5283208335737186
TACR2	0.0
TACR3	0.3333333333333333
TACR3-AS1	0.0
TACSTD2	0.0
TADA1	-0.6239648730092746
TADA2A	0.2209857948268814
TADA2B	0.11830668529200317
TADA3	0.08034756273516575
TAF1	-0.275178312707542
TAF10	0.6919829510777662
TAF11	-0.06264431686435845
TAF11L10	0.0
TAF11L11	0.0
TAF11L12	0.0
TAF11L13	0.0
TAF11L14	0.0
TAF11L2	0.0
TAF11L3	0.0
TAF11L4	0.0
TAF11L5	0.0
TAF11L6	0.0
TAF11L7	0.0
TAF11L8	0.0
TAF11L9	0.0
TAF12	1.160690381518135
TAF12-DT	-0.031036468130493766
TAF13	0.37071605083206105
TAF13P2	0.0
TAF15	0.4991392153558829
TAF1A	-0.7953749357878674
TAF1A-AS1	-0.5283208335737184
TAF1B	0.1171211568303514
TAF1C	0.33119837601119695
TAF1D	-0.3307303397946164
TAF1L	0.0
TAF2	0.5962980272012057
TAF3	0.6914138844623352
TAF4	0.39422032978992405
TAF4B	0.09876561998851319
TAF5	0.9141220510582126
TAF5L	0.14976741904654034
TAF5LP1	0.0
TAF6	0.20024327219315818
TAF6L	0.2597470952828971
TAF7	0.7279643912680331
TAF7L	0.0
TAF8	0.3337373185486854
TAF9	0.4543301742479553
TAF9B	-0.007249358300644104
TAF9BP1	0.7407974737788161
TAF9BP2	0.0
TAF9P1	0.0
TAF9P2	0.0
TAF9P3	0.5283208335737186
TAFA1	0.0
TAFA2	0.4385006085759766
TAFA3	0.0
TAFA4	0.6666666666666666
TAFA5	-2.340678993212687
TAFA5-AS1	0.0
TAFAZZIN	0.5283208335737184
TAGAP	0.3333333333333333
TAGAP-AS1	0.8616541669070521
TAGLN	-0.21991693611289964
TAGLN2	-0.6799687011025908
TAGLN2P1	0.4716791664262814
TAGLN2P2	0.0
TAGLN3	0.19498750024038536
TAL1	0.3333333333333333
TAL2	0.0
TALDO1	0.5847983213372068
TAMALIN	-1.9163127452774276
TAMM41	-0.27439329640642907
TANAR	0.0
TANC1	0.37334003187199993
TANC2	2.3899750004807707
TANGO2	1.4899551300065
TANGO2-AS1	0.6774738258974589
TANGO6	-0.5674000586685102
TANK	-0.1514628160013869
TANK-AS1	0.0
TAOK1	0.10387106576609906
TAOK2	0.8979167626997508
TAOK3	0.7543090824557712
TAP1	-0.7257737046635588
TAP2	-1.3857749882208923
TAPBP	-0.5623166291044441
TAPBPL	-0.30897884593675906
TAPT1	0.12746731797122646
TAPT1-AS1	0.47292987804665065
TARBP1	-0.05340495883228691
TARBP2	0.1798613150740822
TARDBP	0.13451995750617485
TARDBPP1	0.0
TARDBPP2	0.0
TARDBPP4	0.0
TARID	0.0
TARM1	0.0
TARP	0.0
TARS1	-0.45603637283610965
TARS1-DT	1.031036468130494
TARS2	0.18174473088589949
TARS2P1	0.0
TARS3	0.35099000451275497
TAS1R1	-2.599760540507307
TAS1R2	0.0
TAS1R3	0.4972843654432244
TAS2R1	0.0
TAS2R10	0.19498750024038536
TAS2R12P	0.19498750024038536
TAS2R13	1.107309364962454
TAS2R14	0.08767813527793145
TAS2R15P	-0.05664166714743746
TAS2R16	0.0
TAS2R18P	0.6531193385008847
TAS2R19	1.3076107131591799
TAS2R2	0.0
TAS2R20	0.8616541669070517
TAS2R3	0.9123218647220687
TAS2R30	0.14431980242536868
TAS2R31	1.1261705410845773
TAS2R38	0.0
TAS2R39	0.0
TAS2R4	1.3333333333333335
TAS2R40	0.0
TAS2R41	0.0
TAS2R42	0.0
TAS2R43	-1.1949875002403854
TAS2R46	0.22602396837087957
TAS2R5	0.47167916642628127
TAS2R50	0.19498750024038541
TAS2R60	0.0
TAS2R62P	0.0
TAS2R63P	-0.30229686520283927
TAS2R64P	-0.011287817288761826
TAS2R6P	0.0
TAS2R7	0.0
TAS2R8	0.0
TAS2R9	0.0
TASL	0.0
TASOR	0.20953520105569723
TASOR2	0.019492853563706447
TASP1	0.17336225901953828
TAT	-3.043094338981656
TAT-AS1	0.0
TATDN1	0.48406692969942977
TATDN1P1	0.6666666666666666
TATDN2	-0.7105604706825659
TATDN2P1	0.0
TATDN2P2	-0.422262180231634
TATDN2P3	0.0
TATDN3	0.16669120104488178
TAX1BP1	0.6145059740431353
TAX1BP1-AS1	0.6666666666666666
TAX1BP3	1.7636468008012254
TBATA	0.0
TBC1D1	-0.07259438936128504
TBC1D10A	1.481972270720938
TBC1D10B	0.47543842840240735
TBC1D10C	-2.4791351041024328
TBC1D12	0.8110460364616179
TBC1D13	0.10726574408646883
TBC1D14	0.07145782026336178
TBC1D15	-0.1286093621207245
TBC1D16	0.5173211994250035
TBC1D17	0.5323451110072437
TBC1D19	0.9847321034622909
TBC1D2	0.4228707601183008
TBC1D20	0.4984500573224402
TBC1D21	0.0
TBC1D22A	0.09746650993879769
TBC1D22A-AS1	-0.3333333333333333
TBC1D22B	0.16996112797554908
TBC1D23	0.0968565759623008
TBC1D24	0.7033278235289968
TBC1D25	0.31370210364881057
TBC1D26	0.0
TBC1D27P	0.0
TBC1D28	0.0
TBC1D29P	0.0
TBC1D2B	0.8854740556185527
TBC1D3	0.0
TBC1D30	0.3333333333333333
TBC1D31	0.2159125254132972
TBC1D32	-0.3643698014638268
TBC1D3B	0.0
TBC1D3C	0.0
TBC1D3D	0.0
TBC1D3E	0.0
TBC1D3F	-0.6666666666666666
TBC1D3G	0.0
TBC1D3H	0.0
TBC1D3I	0.0
TBC1D3JP	0.0
TBC1D3K	0.0
TBC1D3L	-0.7233083338141041
TBC1D3P1	0.0
TBC1D3P1-DHX40P1	0.0
TBC1D3P2	0.0
TBC1D3P3	0.0
TBC1D3P4	0.0
TBC1D3P5	0.0
TBC1D3P6	0.0
TBC1D3P7	0.0
TBC1D4	-0.002401659719154736
TBC1D5	-0.2564253863745032
TBC1D7	1.1935379345801254
TBC1D8	0.5598596315869901
TBC1D8-AS1	-0.6666666666666665
TBC1D8B	-0.21041243506671226
TBC1D9	-0.8447108128536369
TBC1D9-AS1	0.0
TBC1D9B	0.008542425709112678
TBCA	-0.7739760316291218
TBCAP1	0.0
TBCAP2	0.0
TBCAP3	-0.3333333333333333
TBCB	-0.17241918232029896
TBCC	0.677890007963212
TBCCD1	0.8990720004355257
TBCD	0.46268505589260656
TBCE	0.7984949006191475
TBCEL	0.470703479163765
TBCEL-TECTA	-0.1383458330929479
TBCK	0.129052218337959
TBILA	0.0
TBK1	0.398226114601826
TBKBP1	-2.376427672314989
TBL1X	-0.7644513063210923
TBL1XR1	-0.8130641786652735
TBL1XR1-AS1	-1.2516291673878228
TBL1Y	-1.3257599744999726
TBL1YP1	0.0
TBL2	-0.044976526695368335
TBL3	0.5484690261120972
TBP	0.4446669757293127
TBPL1	0.7708369524373229
TBPL1P1	0.0
TBPL2	0.0
TBR1	0.0
TBRG1	0.46250475111355893
TBRG4	0.0626947527688273
TBX1	0.0
TBX10	-1.723308333814104
TBX15	-1.0
TBX18	0.0
TBX18-AS1	0.0
TBX19	0.5789885313887353
TBX2	-1.4228217898826188
TBX2-AS1	-1.3278957816214647
TBX20	0.0
TBX21	0.0
TBX22	0.0
TBX3	0.27260795621852907
TBX3-AS1	-2.107309364962454
TBX4	-2.7799500009615414
TBX5	0.0
TBX5-AS1	0.0
TBX6	-0.19498750024038536
TBXA2R	0.0
TBXAS1	-0.935784974019201
TBXT	0.0
TC2N	0.0
TCAF1	0.2372140646346379
TCAF1P1	0.21247664020509704
TCAF2	0.19498750024038541
TCAF2C	0.0
TCAF2P1	0.0
TCAIM	0.5264148741894106
TCAM1P	0.0
TCAP	0.6666666666666666
TCEA1	-0.03940781030673435
TCEA1P1	0.0
TCEA1P2	0.2826656355183168
TCEA1P3	0.0
TCEA1P4	1.3022968652028395
TCEA2	-1.0106383933589207
TCEA3	-1.777654539099795
TCEAL1	-1.5348049544624431
TCEAL2	0.0
TCEAL3	0.9689635318695059
TCEAL3-AS1	0.5283208335737187
TCEAL4	0.09621232082051634
TCEAL4P1	0.0
TCEAL5	0.0
TCEAL6	0.0
TCEAL7	0.0
TCEAL8	-0.5257913199486088
TCEAL8P1	0.0
TCEAL9	0.05368274434935216
TCEAL9P1	0.0
TCEANC	0.3899750004807707
TCEANC2	-0.5659601287309393
TCERG1	-0.9426740032103522
TCERG1L	0.0
TCERG1L-AS1	0.0
TCERG1P1	0.0
TCERG1P2	0.0
TCF12	-0.5120044524185863
TCF12-DT	-0.5283208335737187
TCF15	0.0
TCF19	0.8047946936604946
TCF20	-0.24654271301206787
TCF21	0.0
TCF23	-0.3333333333333333
TCF24	0.3333333333333333
TCF25	0.9434251161600793
TCF3	-0.5183002757993078
TCF3P1	0.7233083338141042
TCF4	0.0
TCF4-AS1	0.0
TCF4-AS2	0.0
TCF7	-0.3451252703506986
TCF7L1	0.6666666666666666
TCF7L1-IT1	0.0
TCF7L2	-0.9095659927275346
TCFL5	0.8786929429394563
TCHH	0.0
TCHHL1	0.0
TCHP	-0.012491568472888126
TCIM	-1.3682766577401413
TCIRG1	-0.25825977283757684
TCL1A	0.0
TCL1B	0.0
TCN1	0.0
TCN2	0.7233083338141041
TCOF1	-1.351910554430912
TCP1	-0.08412040833486678
TCP10L	-0.5283208335737187
TCP10L2	-1.245655198055402
TCP10L3	-0.7233083338141041
TCP11	0.3333333333333333
TCP11L1	-0.3469266735364256
TCP11L2	0.35082247329804517
TCP11X1	0.0
TCP11X2	0.0
TCP11X3P	0.0
TCP1P1	0.3333333333333333
TCP1P2	0.0
TCP1P3	0.6666666666666667
TCTA	1.1486637198487024
TCTN1	0.39010991375054704
TCTN2	-0.8589139979720621
TCTN3	0.51027358862473
TDG	0.04291582075391798
TDGP1	0.0
TDH	-0.3333333333333333
TDH-AS1	0.0
TDO2	0.0
TDP1	0.2983087143025527
TDP2	-0.2757365139376411
TDRD1	0.3333333333333333
TDRD10	-0.5283208335737187
TDRD12	-1.0566416671474375
TDRD15	-0.3333333333333335
TDRD3	-0.3826995463297109
TDRD5	0.0
TDRD6	0.0
TDRD6-AS1	0.3333333333333333
TDRD7	0.4757750453474978
TDRD9	0.3333333333333333
TDRG1	0.0
TDRKH	1.3670895469251225
TDRKH-AS1	-0.4210114686112646
TDRP	-0.19858510087014558
TEAD1	0.2628280100640623
TEAD1-AS1	0.5283208335737187
TEAD2	-2.358047154250835
TEAD2-AS1	-0.3333333333333333
TEAD3	-0.07573786393632442
TEAD4	-0.16692961705461773
TEC	-1.723308333814104
TECPR1	0.09754695597303975
TECPR2	0.8477347097556569
TECR	0.963764580185833
TECRL	0.0
TECRP1	0.3333333333333333
TECRP2	-0.3333333333333333
TECTA	-0.19498750024038536
TECTB	-2.0937620367966723
TEDC1	-0.18967365228404454
TEDC2	0.1656409115888282
TEDC2-AS1	0.6666666666666667
TEDDM1	0.0
TEDDM2P	0.0
TEDDM3P	0.0
TEF	0.9401931489439201
TEFM	-0.3928296826552504
TEK	0.0
TEKT1	0.0
TEKT2	-0.9357849740192014
TEKT3	0.0
TEKT4	0.0
TEKT4P2	0.6179949921315164
TEKT4P3	0.0
TEKT5	0.0
TEKTIP1	-0.24565519805540204
TEKTL1	0.0
TELO2	0.17868430008006975
TEN1	0.0
TEN1-CDK3	0.1383458330929479
TENM1	0.5283208335737187
TENM2	0.3333333333333333
TENM2-AS1	0.0
TENM2-AS2	0.0
TENM2-AS3	0.0
TENM2-AS4	0.0
TENM3	0.0
TENM3-AS1	0.0
TENM4	0.3333333333333333
TENM4-AS1	0.0
TENT2	0.43614703304452274
TENT4A	0.3998112999340293
TENT4B	0.48915058042095527
TENT5A	0.6420665344551155
TENT5B	1.2516291673878228
TENT5C	1.5283208335737188
TENT5C-DT	0.0
TENT5D	0.0
TEP1	0.707794138501761
TEPSIN	0.6580015971556845
TEPSIN-AS1	0.5467013516378718
TERB1	0.5283208335737187
TERB2	0.0
TERC	-0.5283208335737187
TERF1	0.4281856355517082
TERF1P1	0.0
TERF1P2	0.0
TERF1P3	0.0
TERF1P4	0.6666666666666666
TERF1P5	0.0
TERF1P6	0.0
TERF1P7	-0.861654166907052
TERF2	0.19883635172172287
TERF2IP	0.653711760315212
TERF2IPP1	0.0
TERLR1	-0.3333333333333333
TERT	-0.022151257463476348
TES	0.1959422666972408
TESC	-0.47297971309312725
TESC-AS1	0.1383458330929479
TESHL	0.0
TESK1	0.7535091834077403
TESK2	0.9733869308987559
TESMIN	-0.3333333333333333
TESPA1	0.0
TET1	-0.59705740785071
TET1P1	0.0
TET2	0.1711262134251923
TET2-AS1	0.5283208335737187
TET3	-0.7281771115425064
TEX10	0.008655977522320057
TEX101	0.0
TEX101P1	0.0
TEX11	0.0
TEX12	0.3333333333333333
TEX12-AS1	0.0
TEX13A	0.0
TEX13B	0.0
TEX13C	0.0
TEX13D	0.0
TEX14	1.1949875002403854
TEX14BP	0.3333333333333333
TEX15	-1.1186251422702327
TEX19	0.968963531869506
TEX2	0.5689085088122283
TEX21P	1.031036468130494
TEX22	0.47167916642628127
TEX26	0.0
TEX26-AS1	0.0
TEX26-AS2	0.0
TEX261	0.6178691504156681
TEX264	0.19339532292693917
TEX28	0.0
TEX28P1	0.0
TEX28P2	0.0
TEX28P3	0.0
TEX29	0.0
TEX30	0.3333333333333333
TEX35	-0.6666666666666666
TEX36	0.0
TEX36-AS1	0.0
TEX38	0.5283208335737187
TEX41	0.0
TEX44	0.0
TEX46	0.0
TEX47	0.0
TEX48	0.0
TEX50	0.0
TEX51	0.0
TEX52	-0.19498750024038541
TEX53	0.0
TEX54	0.3333333333333333
TEX55	0.0
TEX56P	0.7642605830759484
TEX9	-0.21667665246497636
TF	0.39283873681814363
TFAM	-0.06712577913859086
TFAMP1	0.0
TFAMP2	0.0
TFAP2A	0.0
TFAP2A-AS2	0.0
TFAP2B	0.0
TFAP2C	0.0
TFAP2D	0.3333333333333333
TFAP2E	-0.861654166907052
TFAP2E-AS1	-0.3333333333333333
TFAP4	-1.428822968852201
TFB1M	-0.6374162871272224
TFB2M	-0.6410945372133865
TFB2MP1	-0.138345833092948
TFCP2	0.2623347515525598
TFCP2L1	0.6666666666666666
TFDP1	-0.5566038407572549
TFDP1P1	0.0
TFDP1P2	0.0
TFDP1P3	0.0
TFDP2	-0.3166933929400084
TFDP3	0.0
TFE3	0.5401761968531309
TFEB	-0.29725424218818386
TFEB-AS1	0.3333333333333333
TFEC	0.0
TFF1	0.0
TFF2	0.0
TFF3	-0.043211760138865074
TFG	-0.3439422906935796
TFGP1	0.0
TFIP11	0.28084592306873546
TFIP11-DT	0.7778079112417304
TFPI	-1.215289709861123
TFPI2	0.6666666666666667
TFPI2-DT	0.0
TFPT	0.6356301985361725
TFR2	-0.5933511720080116
TFRC	-0.27144455067671913
TG	0.0
TGDS	0.17893698264875635
TGFA	-0.745467419773397
TGFA-IT1	-0.6666666666666666
TGFB1	2.230897063479018
TGFB1I1	-1.0665574482787876
TGFB2	-0.3333333333333333
TGFB2-AS1	0.0
TGFB2-OT1	0.0
TGFB3	-0.7739760316291205
TGFB3-AS1	0.0
TGFBI	0.16470046146137562
TGFBR1	0.11417318144154365
TGFBR1P1	0.0
TGFBR2	-0.30850653688373164
TGFBR3	-1.1489264604687222
TGFBR3L	-2.163951032109891
TGFBRAP1	-0.8776933222646655
TGFBRAP1-AS1	-0.6024516406858682
TGIF1	-0.10566751811961872
TGIF1P1	0.0
TGIF2	-0.4764444905485048
TGIF2-RAB5IF	0.0
TGIF2LX	0.0
TGIF2LY	0.0
TGIF2P1	0.0
TGILR	-2.15040370394411
TGM1	-1.083846255665322
TGM2	-0.552115711319308
TGM3	0.0
TGM4	0.0
TGM5	0.0
TGM6	0.0
TGM7	0.0
TGOLN2	-0.24421530657347112
TGS1	0.1309603167123008
TH	0.0
TH2LCRR	-0.19498750024038536
THA1P	-0.3333333333333333
THADA	0.4822284433710049
THAP1	0.26884394756114727
THAP10	1.1307724742595866
THAP11	0.032744827631984386
THAP12	0.32687176163146603
THAP12P1	0.0
THAP12P10	0.6666666666666666
THAP12P2	0.0
THAP12P3	0.0
THAP12P4	0.0
THAP12P5	0.0
THAP12P6	0.0
THAP12P7	1.3022968652028393
THAP12P8	0.0
THAP12P9	0.0
THAP2	-0.57855313222186
THAP3	0.48616051318356046
THAP3P1	0.0
THAP4	-0.1373753012863146
THAP5	0.06137671149793533
THAP5P1	0.0
THAP5P2	-0.5175136743429263
THAP6	0.5976000328533813
THAP7	0.2977916338875888
THAP7-AS1	1.1715243909432531
THAP8	1.725450423533915
THAP9	0.6738983570331056
THAP9-AS1	0.6630343920572184
THBD	0.0
THBS1	0.22800606676282698
THBS1-AS1	0.0
THBS1-IT1	0.7407974737788159
THBS2	-0.07413080711214937
THBS2-AS1	0.0
THBS3	1.4406426982957874
THBS3-AS1	0.0
THBS4	-0.6666666666666666
THBS4-AS1	0.3333333333333333
THEM4	-0.249033770229647
THEM5	0.0
THEM6	0.6153390520239901
THEM7P	0.0
THEMIS	0.0
THEMIS2	1.8726591859830397
THEMIS3P	0.0
THG1L	0.0741308071121507
THNSL1	0.7923565496932747
THNSL2	0.0
THOC1	0.19570839798311468
THOC1-DT	0.33732421388869227
THOC2	-0.0747156854022002
THOC3	-0.009449425999542349
THOC3-AS1	0.0
THOC5	-0.4615220921877903
THOC6	1.0378871800613831
THOC7	-0.2925994966575871
THOC7-AS1	0.1579770627774708
THOP1	0.14501776821837353
THPO	-0.6901297759637997
THRA	-0.7940824814848906
THRAP3	-0.14088762693570978
THRAP3P1	0.0
THRAP3P2	0.0
THRAP3P3	-0.3333333333333333
THRB	-0.3501470487334366
THRB-AS1	-0.5925358595545176
THRB-IT1	-0.30987022403620057
THRIL	0.0
THRSP	1.1949875002403854
THSD1	-0.5283208335737187
THSD1P1	0.0
THSD4	0.0
THSD4-AS1	0.0
THSD7A	-0.5283208335737186
THSD7B	0.0
THSD8	0.0
THTPA	-0.5828204110013453
THUMPD1	-0.07778494956464677
THUMPD1P1	0.0
THUMPD2	-0.45181008177801196
THUMPD3	0.6033414656278735
THUMPD3-AS1	0.8000005275509192
THUMPD3P1	0.7233083338141042
THY1	-1.1073093649624541
THY1-AS1	0.0
THYN1	-0.5295715451940879
TIA1	-0.11376251635332935
TIAL1	0.010392770280581942
TIAL1P1	0.0
TIALD	-0.7739760316291205
TIAM1	0.3333333333333333
TIAM1-AS1	0.0
TIAM2	-1.103062994352228
TICAM1	-0.8984621634716015
TICAM2	0.0
TICAM2-AS1	0.3899750004807707
TICRR	0.004188354902598945
TIE1	-0.5283208335737187
TIFA	-0.7118271753882413
TIFAB	0.0
TIFAB-AS1	0.0
TIGAR	-1.214618729924908
TIGD1	0.3169687371048333
TIGD2	0.6612717291427428
TIGD3	0.8255017106654123
TIGD4	-1.3022968652028393
TIGD5	-0.07835922698918818
TIGD6	1.0755028432695606
TIGD7	-0.19498750024038536
TIGIT	0.0
TILAM	0.0
TILRLS	-0.3333333333333333
TIMCC	-0.8340451544984022
TIMD4	0.0
TIMELESS	0.6584535511151826
TIMM10	-0.1759209759655036
TIMM10B	0.1991321598202651
TIMM13	-0.3584960894244613
TIMM17A	0.12662211951102265
TIMM17B	0.33605689899663815
TIMM17BP1	0.0
TIMM21	-1.0058995326250564
TIMM22	0.9056193402392108
TIMM23	0.06958023855424855
TIMM23B	-0.3481313731194846
TIMM23B-AGAP6	1.6356301985361728
TIMM29	0.3899750004807707
TIMM44	-0.3870609212777101
TIMM50	-0.09497372640765356
TIMM8A	-0.678647046951041
TIMM8AP1	-0.19498750024038536
TIMM8B	0.25665987908394783
TIMM8BP1	0.0
TIMM8BP2	-0.3333333333333333
TIMM9	0.27300796668037286
TIMM9P1	-0.3333333333333333
TIMM9P2	0.19498750024038547
TIMM9P3	0.0
TIMMDC1	0.8023557163718023
TIMMDC1-DT	-1.1307724742595866
TIMP1	1.2351159896628454
TIMP2	0.5789885313887351
TIMP3	0.5262291017037946
TIMP4	0.0
TINAG	0.0
TINAG-AS1	0.0
TINAGL1	-1.7448825897660267
TINCR	1.0566416671474375
TINF2	0.9573658832111258
TIPARP	0.8032682831692002
TIPE1	-0.20614554989246603
TIPE2	0.4406426982957875
TIPE3	0.27480336207911105
TIPIN	-0.5952917315490511
TIPINP1	0.0
TIPINP2	0.0
TIPRL	-0.21731185252569674
TIRAP	0.06225617053524246
TIRAP-AS1	0.6666666666666665
TJAP1	0.27608232942656485
TJAP1P1	0.6666666666666666
TJP1	0.29046431053389465
TJP2	0.28474568307722503
TJP3	-1.0370104374629143
TK1	1.203877672045432
TK2	-0.13143259563566634
TKFC	-1.5505314279016362
TKT	0.0491129463357467
TKTL1	0.3333333333333333
TKTL2	0.3333333333333333
TLCD1	0.8710171277143184
TLCD2	0.24948707766801226
TLCD3A	-0.7486123794033839
TLCD3B	0.0
TLCD4	-0.13957760190271618
TLCD4-RWDD3	0.861654166907052
TLCD5	1.2370136322880763
TLDC2	-0.49131039611080407
TLE1	0.5213649556691085
TLE1-DT	0.0
TLE1P1	0.0
TLE2	0.3333333333333333
TLE3	-0.8637924467615283
TLE4	1.0209051333353258
TLE5	-1.6858492819519508
TLE6	0.0
TLE7	0.3333333333333333
TLK1	-0.2839013492953697
TLK1P1	0.0
TLK2	0.426056357753569
TLK2P1	-0.6666666666666666
TLK2P2	-0.686297896351189
TLL1	0.0
TLL2	1.0566416671474375
TLN1	0.11627204322325735
TLN2	0.588792745512527
TLNRD1	-0.030065936323859788
TLR1	0.0
TLR10	0.0
TLR12P	0.3333333333333333
TLR2	-1.1949875002403854
TLR3	-0.3333333333333333
TLR4	-2.163951032109891
TLR5	0.0
TLR6	0.3333333333333335
TLR7	0.0
TLR8	0.0
TLR8-AS1	0.0
TLR9	0.5283208335737187
TLX1	-0.3333333333333333
TLX1NB	0.0
TLX2	-0.10730936496245391
TLX3	0.0
TM2D1	0.36011185284570413
TM2D2	0.3171801177732956
TM2D3	0.21288153005957877
TM4SF1	-0.7231060510364209
TM4SF1-AS1	-1.1024761750640821
TM4SF18	0.0
TM4SF18-AS1	0.0
TM4SF19	-0.6100249995192293
TM4SF19-AS1	0.0
TM4SF19-DYNLT2B	0.0
TM4SF20	0.0
TM4SF4	-0.6666666666666666
TM4SF5	0.0827958766231296
TM6SF1	0.0
TM6SF2	0.7739760316291209
TM7SF2	1.594328369446143
TM7SF3	-0.6090065633235016
TM7SF3-AS1	1.245655198055402
TM9SF1	-0.8709561657636802
TM9SF2	-0.1633685232389226
TM9SF3	0.21566901063304655
TM9SF4	-0.01641264132894804
TM9SF5P	-0.19498750024038547
TMA16	-0.04658935496678307
TMA16P1	0.0
TMA16P2	0.19498750024038541
TMA7	-0.03103646813049421
TMA7B	0.0
TMBIM1	0.10004232749262876
TMBIM4	-0.07724829921044485
TMBIM6	0.3145409067450604
TMBIM7P	0.0
TMC1	0.0
TMC2	0.0
TMC3	0.33333333333333337
TMC4	-0.7739760316291205
TMC5	-0.2766916661858958
TMC5-AS1	0.0
TMC6	-0.042301860049636986
TMC7	-1.8057122382671036
TMC8	-0.19498750024038541
TMCC1	-0.47910480652189236
TMCC1-DT	0.49954387632024577
TMCC1P1	0.0
TMCC2	1.2691183073525347
TMCC2-AS1	0.0
TMCC3	-0.5283208335737187
TMCO1	0.46565014966067686
TMCO1-AS1	-0.7739760316291205
TMCO2	0.0
TMCO4	-1.1761651830207085
TMCO5A	0.3333333333333333
TMCO5B	0.0
TMCO6	-0.004179351120609631
TMDD1	0.3333333333333333
TMED1	-0.11887360435117422
TMED10	0.005723215677910787
TMED10P1	0.0
TMED10P2	0.0
TMED11P	0.0
TMED2	0.1355759064990636
TMED2-DT	0.1404100382313329
TMED2P1	-0.3333333333333333
TMED3	-0.6067646592550346
TMED4	0.41871857882170893
TMED5	-0.24777077049832563
TMED6	0.1073093649624548
TMED7	0.1229251962993203
TMED7-TICAM2	0.0
TMED8	0.2959957260708945
TMED9	0.14355994857675825
TMEFF1	-0.3333333333333333
TMEFF2	-0.47167916642628127
TMEM100	0.0
TMEM101	-0.7356079853646635
TMEM102	-1.4406426982957874
TMEM105	-1.5283208335737186
TMEM106A	-0.4784438770094859
TMEM106B	0.799565534651359
TMEM106C	0.35441695762213854
TMEM107	1.3285977327097669
TMEM108	0.0
TMEM108-AS1	0.0
TMEM109	-2.144319802425369
TMEM109-DT	-0.3333333333333333
TMEM11	-0.22389037779919008
TMEM11-DT	-0.050667697815016455
TMEM114	0.0
TMEM115	0.4974690371644357
TMEM116	0.9196639668320685
TMEM117	-0.8444537680779822
TMEM119	0.0
TMEM120A	0.061785867528271865
TMEM120B	0.6165091204079536
TMEM121	-2.9795331517786185
TMEM121B	0.0
TMEM123	-0.2841180751250949
TMEM123-DT	-0.4074641404454826
TMEM125	0.0
TMEM126A	-1.058013703304848
TMEM126B	-0.256074829275156
TMEM127	0.5484225698719909
TMEM128	0.5613392254452023
TMEM129	0.20892093709568638
TMEM130	-0.3333333333333333
TMEM131	0.14048078512198714
TMEM131L	0.27314258478606
TMEM132A	0.04494040016213141
TMEM132B	0.0
TMEM132C	0.0
TMEM132D	0.0
TMEM132D-AS1	-0.17535627055586245
TMEM132D-AS2	0.0
TMEM132E	0.0
TMEM132E-DT	0.0
TMEM134	0.6873459861528257
TMEM135	-0.3135851664641045
TMEM138	0.04447641906907762
TMEM139	0.44064269829578717
TMEM139-AS1	-0.19498750024038541
TMEM140	0.4618103457311733
TMEM141	-0.18380812864816054
TMEM143	-0.9031428337894498
TMEM144	-1.5967464103197813
TMEM145	0.33333333333333326
TMEM147	-0.27756523290560686
TMEM147-AS1	0.09122721667776723
TMEM14A	0.09650220573166202
TMEM14B	-0.07707108944346341
TMEM14B-DT	0.33333333333333337
TMEM14C	0.4020490503640266
TMEM14DP	0.0
TMEM14EP	0.9581563726387141
TMEM150A	0.630999109227858
TMEM150B	-1.0
TMEM150C	0.5283208335737186
TMEM151A	0.7739760316291208
TMEM151B	0.3333333333333333
TMEM154	0.0
TMEM154-AS1	0.0
TMEM156	0.3333333333333333
TMEM158	-0.6666666666666667
TMEM160	-0.042669929892984015
TMEM161A	-0.08615363769817819
TMEM161B	0.5963860484847885
TMEM161B-DT	-0.38386439289001784
TMEM161BP1	0.0
TMEM163	-1.0506676978150165
TMEM164	-0.9517960809946384
TMEM165	0.14421877821458207
TMEM167A	-0.009214372729308806
TMEM167AP1	0.0
TMEM167AP2	0.0
TMEM167B	-0.04010485107436068
TMEM167B-DT	0.9493323021849832
TMEM168	-0.8165501992815711
TMEM169	2.1801539411120463
TMEM17	0.3333333333333333
TMEM170A	0.44661310273892063
TMEM170B	0.6183778589768156
TMEM171	0.0
TMEM174	0.0
TMEM175	1.8876550042408096
TMEM176A	0.0
TMEM176B	0.0
TMEM177	0.14873900688810515
TMEM178A	-0.3333333333333333
TMEM178B	0.0
TMEM179	0.3333333333333333
TMEM179B	1.0410289169936862
TMEM18	0.8276491810359285
TMEM18-DT	-0.6666666666666666
TMEM181	0.3005921069530242
TMEM182	0.036870487416040376
TMEM183A	0.5498447806766977
TMEM183AP1	0.0
TMEM183AP2	-0.3333333333333333
TMEM183AP3	0.3333333333333333
TMEM183AP4	0.0
TMEM183AP5	0.0
TMEM183AP6	0.0
TMEM183BP	-0.3333333333333333
TMEM184A	-1.2866565160736756
TMEM184B	0.9238298231668658
TMEM184B-AS1	0.0
TMEM184C	0.3514364555362297
TMEM184C-DT	0.3333333333333333
TMEM184CP1	0.0
TMEM185A	0.8372996795104783
TMEM185AP1	0.0
TMEM185B	0.03317855785030499
TMEM186	-0.39427274637516074
TMEM187	0.8071545894794259
TMEM19	-0.05398394768859838
TMEM190	0.0
TMEM191A	1.1593490989348814
TMEM191B	1.8109864690920352
TMEM191C	1.2456551980554018
TMEM192	-0.05468177040080935
TMEM196	0.0
TMEM198	0.0755763980534283
TMEM198B	0.4360407651207776
TMEM200A	0.0
TMEM200B	0.22602396837087912
TMEM200C	0.0
TMEM201	0.3601783351258083
TMEM202	0.0
TMEM202-AS1	-0.8481068387412696
TMEM203	0.5630511939240783
TMEM204	0.0
TMEM205	0.3027130472685924
TMEM207	0.0
TMEM208	0.2832902419708212
TMEM209	-0.14915299232374135
TMEM210	0.0
TMEM212	-1.3022968652028395
TMEM212-AS1	0.0
TMEM212-IT1	-0.3333333333333333
TMEM213	0.0
TMEM214	0.10483995262248413
TMEM215	0.0
TMEM216	0.015052640522863925
TMEM217	0.7407974737788161
TMEM217B	0.0
TMEM218	0.22846061979564425
TMEM219	-0.6066608434617846
TMEM220	-2.5714151725553736
TMEM220-AS1	-0.3333333333333333
TMEM221	-0.3333333333333333
TMEM222	-0.46258491496181353
TMEM223	-0.13174206665200927
TMEM225	0.0
TMEM225B	0.0
TMEM229A	0.0
TMEM229B	-1.2146187299249083
TMEM229BP1	0.0
TMEM230	0.29271439527577847
TMEM230P1	0.0
TMEM230P2	0.0
TMEM231	-1.3764276723149884
TMEM231P1	-0.3333333333333333
TMEM232	1.1949875002403854
TMEM233	0.0
TMEM234	0.5259576919782796
TMEM235	0.0
TMEM236	-0.3333333333333333
TMEM237	-0.3291446743063551
TMEM238	0.0
TMEM238L	0.0
TMEM239	0.0
TMEM240	-0.3333333333333333
TMEM242	0.9271343565328927
TMEM242-DT	0.33333333333333337
TMEM243	-0.2930708738339769
TMEM244	0.0
TMEM245	0.03138580792630741
TMEM246-AS1	0.0
TMEM247	0.0
TMEM248	-0.24679802191231914
TMEM248P1	0.0
TMEM25	-0.218830662355896
TMEM250	0.3849728050300012
TMEM252	0.0
TMEM252-DT	0.0
TMEM253	-0.19498750024038541
TMEM254	-1.3417896342944937
TMEM254-AS1	0.0
TMEM255A	-1.1073093649624546
TMEM255B	0.0
TMEM256	0.44129653707354954
TMEM256-PLSCR3	0.0
TMEM256P1	0.0
TMEM256P2	0.0
TMEM258	-0.15533164280288236
TMEM258P1	0.0
TMEM259	0.3956067977689992
TMEM26	0.0
TMEM26-AS1	0.0
TMEM260	0.4572996838618515
TMEM263	-0.3050854119983697
TMEM263-DT	0.1383458330929479
TMEM265	0.0
TMEM266	0.6666666666666665
TMEM267	-0.7270854912660987
TMEM268	-1.4753086051405266
TMEM269	0.861654166907052
TMEM270	0.0
TMEM271	0.0
TMEM272	-0.6666666666666667
TMEM273	0.0
TMEM274P	0.138345833092948
TMEM275	0.0
TMEM277P	0.0
TMEM278	-0.6208321587500216
TMEM30A-DT	-0.4210114686112645
TMEM30BP1	0.0
TMEM30CP	0.0
TMEM31	0.0
TMEM33	-0.3464527076489041
TMEM35A	0.0
TMEM35B	0.0
TMEM37	-0.6758779385450122
TMEM38A	-1.0331785578503045
TMEM38B	0.8753533288185373
TMEM38BP1	0.0
TMEM39A	-0.5786916999812579
TMEM39B	0.5741553414903642
TMEM40	-0.3333333333333333
TMEM41A	-0.11164115964882182
TMEM41A-DT	1.3899750004807707
TMEM41B	0.2689617715735899
TMEM42	0.48000867082214427
TMEM43	-0.044543793618324834
TMEM44	-0.25485668518693627
TMEM44-AS1	0.806384535917025
TMEM44-AS2	0.5283208335737188
TMEM45A	-0.7933847677079413
TMEM45B	0.20547294926079473
TMEM47	0.0
TMEM50A	1.0239611998446971
TMEM50B	0.5191545323733733
TMEM51	-0.369117510003548
TMEM51-AS1	-0.9924266411666387
TMEM51-AS2	-0.9999999999999998
TMEM52	0.6774738258974589
TMEM52B	0.0
TMEM53	0.053995727339223976
TMEM54	0.5283208335737187
TMEM59	0.21755558218596782
TMEM59L	0.8481068387412702
TMEM60	0.038032655917935365
TMEM61	0.0
TMEM62	-0.19073686443743654
TMEM63A	0.06365224259654223
TMEM63B	0.4956330518982597
TMEM63C	-0.861654166907052
TMEM64	-0.47289233889815563
TMEM65	0.12723147036555815
TMEM67	-0.730227853869704
TMEM68	0.15637268691221706
TMEM69	0.38009891288053854
TMEM69P1	0.0
TMEM69P2	0.0
TMEM70	0.11129136931431471
TMEM71	0.0
TMEM72	0.0
TMEM72-AS1	0.0
TMEM74	0.6666666666666666
TMEM74B	-0.6356301985361729
TMEM78	0.0
TMEM79	0.6159989688516498
TMEM80	0.4810466396975137
TMEM81	0.602451640685868
TMEM82	0.0
TMEM86A	0.0
TMEM86B	-1.0566416671474372
TMEM87A	0.6354257151910634
TMEM87B	0.3339278269574555
TMEM88	0.3333333333333333
TMEM89	-1.0566416671474375
TMEM8B	0.6666666666666667
TMEM9	-0.26560849806923237
TMEM91	-0.10730936496245391
TMEM92	0.0
TMEM92-AS1	0.0
TMEM94	-0.8804483235395582
TMEM95	1.0566416671474375
TMEM97	-0.5933085286766708
TMEM97P1	0.0
TMEM97P2	0.0
TMEM98	-0.5950751861771799
TMEM98P1	0.0
TMEM98P2	0.0
TMEM9B	0.6542744224701025
TMEM9B-AS1	0.9581563726387139
TMF1	0.1795236847705901
TMF1P1	0.0
TMIE	0.0
TMIGD1	-0.5283208335737187
TMIGD2	0.0
TMIGD3	0.0
TMLHE	-0.06600889644065866
TMLHE-AS1	-0.19498750024038541
TMLHEP1	0.0
TMOD1	0.3333333333333333
TMOD1-AS1	0.0
TMOD2	0.0
TMOD3	0.3058375559800526
TMOD4	0.0
TMPO	-0.4867516805914178
TMPO-AS1	-0.35746949850934984
TMPOP1	0.0
TMPOP2	-1.107309364962454
TMPPE	-0.28436629050292606
TMPRSS11A	0.0
TMPRSS11B	0.0
TMPRSS11BNL	0.0
TMPRSS11CP	-0.7233083338141042
TMPRSS11D	-0.6666666666666666
TMPRSS11E	0.3333333333333333
TMPRSS11F	0.0
TMPRSS11GP	0.0
TMPRSS12	0.0
TMPRSS13	0.0
TMPRSS15	0.0
TMPRSS2	-0.6666666666666666
TMPRSS3	-1.7799500009615414
TMPRSS4	0.0
TMPRSS5	-0.6666666666666666
TMPRSS6	0.19498750024038536
TMPRSS6-AS1	0.3333333333333333
TMPRSS7	0.0
TMPRSS9	-0.33196520055575496
TMSB10	0.8620794341380424
TMSB10P1	0.0
TMSB10P2	0.0
TMSB15A	0.3333333333333333
TMSB15B	0.0
TMSB15B-AS1	0.0
TMSB15C	0.0
TMSB4X	-1.1949875002403851
TMSB4XP1	0.0
TMSB4XP2	0.0
TMSB4XP3	0.0
TMSB4XP4	1.6356301985361725
TMSB4XP6	0.0
TMSB4XP8	0.3333333333333333
TMSB4Y	0.3333333333333333
TMT1A	-0.5032249822918526
TMT1AP1	0.0
TMT1B	1.1531068013274037
TMTC1	-1.5232852027769823
TMTC2	-0.10730936496245413
TMTC3	0.3488884844846716
TMTC4	-0.885562346432125
TMUB1	-0.9175198225327925
TMUB2	0.039329236087933594
TMX1	-0.14889878412595436
TMX1P1	0.1518931612587302
TMX1P2	0.0
TMX2	-1.0020978264451736
TMX2P1	0.3601185602817498
TMX3	-0.3735185902941769
TMX4	0.7290606349754682
TMX4-AS1	0.8812853965915748
TNC	0.0
TNF	0.0
TNFAIP1	0.87249902000422
TNFAIP2	0.19498750024038536
TNFAIP3	-1.1115535366279898
TNFAIP6	0.0
TNFAIP8	0.5391279928045112
TNFRSF10A	-0.7702625124273883
TNFRSF10A-AS1	-1.4406426982957874
TNFRSF10A-DT	0.10730936496245391
TNFRSF10B	0.8225316477680815
TNFRSF10B-AS1	2.974937501201927
TNFRSF10C	0.0
TNFRSF10D	-0.3207967113506882
TNFRSF11A	-0.17696194265512055
TNFRSF11B	-0.3333333333333333
TNFRSF12A	1.5824187228204822
TNFRSF13B	0.3333333333333333
TNFRSF13C	0.5283208335737187
TNFRSF14	-1.9924266411666387
TNFRSF14-AS1	-0.9689635318695059
TNFRSF17	0.0
TNFRSF18	0.3333333333333333
TNFRSF19	-0.7306617882171853
TNFRSF1A	0.39564061704787257
TNFRSF1B	-0.19498750024038541
TNFRSF21	-0.15045157044383473
TNFRSF25	-1.3899750004807707
TNFRSF4	0.3333333333333333
TNFRSF6B	0.0
TNFRSF8	0.0
TNFRSF9	0.3333333333333333
TNFSF10	-1.3899750004807707
TNFSF11	0.0
TNFSF12	-1.3333333333333333
TNFSF12-TNFSF13	0.0
TNFSF13	0.0
TNFSF13B	-0.3333333333333333
TNFSF14	-1.4716791664262816
TNFSF15	0.0
TNFSF18	0.0
TNFSF4	-1.6590933078333054
TNFSF8	0.3333333333333333
TNFSF9	0.3333333333333335
TNIK	0.0
TNIP1	-0.0519930244053981
TNIP2	0.458503045030735
TNIP2P1	0.0
TNIP3	0.3333333333333333
TNK1	-0.08848704774277749
TNK2	1.1347633548149454
TNK2-AS1	0.3333333333333333
TNKS	0.20406565727045223
TNKS2	0.4456063697522552
TNKS2-DT	1.1949875002403854
TNMD	-0.3333333333333333
TNN	0.0
TNNC1	-0.3476895739639616
TNNC2	0.8616541669070521
TNNI1	-1.0256051990169432
TNNI2	0.3333333333333333
TNNI3	-0.5283208335737186
TNNI3K	0.0
TNNT1	-0.6666666666666666
TNNT2	0.0
TNNT3	0.0
TNP1	0.0
TNP2	0.0
TNPO1	0.3066932946768759
TNPO1-DT	0.0
TNPO1P1	0.19498750024038536
TNPO1P2	0.0
TNPO1P3	0.0
TNPO2	-0.5493216033106227
TNPO3	-0.04840818693799598
TNPO3P1	0.0
TNPO3P2	0.0
TNR	0.0
TNR-IT1	0.0
TNRC18	0.014730920930813518
TNRC18-AS1	-0.02346310929713269
TNRC18P1	-1.6051918096208573
TNRC18P2	0.0
TNRC18P3	0.0
TNRC6A	0.20575659214646969
TNRC6B	0.034797341172404295
TNRC6B-DT	1.5283208335737186
TNRC6C	0.3466844165068119
TNS1	-1.8597719791933376
TNS1-AS1	0.0
TNS2	-0.6096293612024146
TNS2-AS1	0.041843627361286106
TNS3	-0.8224066868321103
TNS4	-1.8333578677115474
TNXA	-1.0
TNXB	0.7974391409262531
TOB1	0.2895962243753747
TOB1-AS1	0.22602396837087935
TOB2	0.4971578822714715
TOB2P1	1.9505830138053528
TOE1	-1.337991390491247
TOGARAM1	0.3540448358286552
TOGARAM2	0.0
TOLLIP	0.5505256635673099
TOLLIP-DT	-0.08767813527793122
TOM1	1.1944510826198318
TOM1L1	-0.5557718164871748
TOM1L2	1.1045691960274646
TOM1L2-AS1	1.5283208335737186
TOMM20	-0.34522937996433534
TOMM20L	-0.7233083338141038
TOMM20L-DT	-1.0566416671474375
TOMM20P1	0.0
TOMM20P2	0.0
TOMM20P3	0.0
TOMM20P4	0.0
TOMM22	-0.24796631772807576
TOMM22-DT	0.47656142508108257
TOMM22P1	0.0
TOMM22P2	0.0
TOMM22P3	0.0
TOMM22P4	0.0
TOMM22P5	0.0
TOMM22P6	0.0
TOMM34	0.433192428839285
TOMM40	-0.18592900342175867
TOMM40L	-1.2958060488502143
TOMM40P1	-0.6356301985361728
TOMM40P2	-0.7739760316291207
TOMM40P3	0.0
TOMM40P4	-0.8715699480384025
TOMM5	0.3094929008728946
TOMM5P1	0.0
TOMM6	0.0
TOMM6P1	0.0
TOMM6P2	0.0
TOMM6P3	0.0
TOMM6P4	0.0
TOMM7	-0.36904469955899977
TOMM70	0.1411937878434113
TOMT	0.0
TONSL	0.4095895793581015
TONSL-AS1	-2.321928094887362
TOP1	-0.5197032930553602
TOP1MT	-0.6173671016292288
TOP1P1	0.0
TOP2A	-0.10063842887765517
TOP2B	-0.11612747890981545
TOP3A	0.18603230927810266
TOP3B	0.19498750024038536
TOP3BP1	0.3333333333333333
TOP6BL	0.09864429545147324
TOPAZ1	0.6666666666666666
TOPBP1	-0.03633509891437203
TOPORS	0.5412685314837118
TOPORSLP	-0.3333333333333333
TOR1A	-0.3898694419341213
TOR1AIP1	0.18917366513088307
TOR1AIP2	0.6383558242630976
TOR1B	1.3581917190560713
TOR1BP1	0.0
TOR2A	0.9563464407056119
TOR3A	-0.8381002305407126
TOR4A	-0.6952041635478823
TOX	0.0
TOX-DT	0.0
TOX2	0.0
TOX3	-0.5307930539415047
TOX4	0.42170409164023237
TOX4P1	0.0
TP53	-0.6785891685241232
TP53AIP1	0.0
TP53BP1	-0.3128664851119529
TP53BP2	0.1358622938385059
TP53I11	0.0
TP53I13	0.6009423120401953
TP53I3	1.2752897534969723
TP53INP1	1.5111216546126345
TP53INP2	0.6632688692655133
TP53RK	-0.20546000507565143
TP53RK-DT	-1.1814401720746033
TP53TG1	-0.35679644263046617
TP53TG3	0.0
TP53TG3B	0.0
TP53TG3C	0.0
TP53TG3D	0.0
TP53TG3E	0.0
TP53TG3F	0.0
TP53TG3GP	0.0
TP53TG3HP	0.0
TP53TG5	-0.01600717162098153
TP63	0.0053138479563408225
TP73	-0.7330237823672765
TP73-AS2	-0.19498750024038536
TP73-AS3	-0.3333333333333333
TPBG	0.7233083338141041
TPBGL	0.0
TPBGL-AS1	0.0
TPCN1	0.638601624194524
TPCN2	-0.16210497092941623
TPD52	-0.31300827534540065
TPD52L1	0.33333333333333326
TPD52L2	-0.007790077955466046
TPD52L3	0.0
TPGS1	0.4595038744179094
TPGS2	0.25133808652014267
TPH1	1.560608013324582
TPH2	0.0
TPI1	0.11892928337574027
TPI1P1	0.5789885313887353
TPI1P2	1.0566416671474372
TPI1P3	0.138345833092948
TPI1P4	0.0
TPK1	0.138345833092948
TPM1	0.09516668706637343
TPM1-AS	-0.19498750024038541
TPM2	0.2456551980554018
TPM3	-0.08628118920639949
TPM3P1	-0.9689635318695062
TPM3P2	0.0
TPM3P3	0.0
TPM3P4	0.0
TPM3P5	0.0
TPM3P6	-0.138345833092948
TPM3P7	0.19498750024038536
TPM3P8	0.0
TPM3P9	-0.9864526718342184
TPM4	-0.17471196769289143
TPM4P1	0.0
TPM4P2	0.3333333333333333
TPM4P3	0.0
TPMT	0.032714008782686044
TPMTP1	0.0
TPMTP2	-0.08767813527793122
TPMTP3	0.0
TPMTP4	0.0
TPO	0.3333333333333333
TPP1	0.382121666070665
TPP2	-0.015162823029037042
TPPP	0.4284674062874161
TPPP2	-2.107309364962454
TPPP3	0.3333333333333333
TPR	0.18914363521876076
TPRA1	0.4433306765101612
TPRG1	0.5283208335737187
TPRG1-AS1	0.0
TPRG1-AS2	0.0
TPRG1L	-0.21724753537203512
TPRG1LP1	-0.6666666666666666
TPRKB	0.6784312547920113
TPRKBP1	0.0
TPRKBP2	1.2691183073525347
TPRN	0.7010990445464502
TPRX1	0.0
TPRX1P1	0.0
TPRX2	0.0
TPRXL	0.3333333333333333
TPSAB1	0.0
TPSB2	0.3333333333333333
TPSD1	0.0
TPSG1	0.0
TPSP1	0.0
TPSP2	0.0
TPST1	0.5347625453308869
TPST2	0.26207695924364405
TPST2P1	0.0
TPT1	0.3602269308173405
TPT1-AS1	1.1135377105753168
TPT1P1	0.0
TPT1P10	-0.22602396837087924
TPT1P11	0.0
TPT1P12	0.0
TPT1P13	0.0
TPT1P14	0.0
TPT1P2	0.0
TPT1P3	0.0
TPT1P4	0.5283208335737186
TPT1P5	0.0
TPT1P6	0.3333333333333333
TPT1P7	0.0
TPT1P8	0.0
TPT1P9	0.05664166714743746
TPTE	0.0
TPTE2	0.5283208335737187
TPTE2-AS1	0.3333333333333333
TPTE2P1	-0.3333333333333333
TPTE2P2	0.0
TPTE2P3	-0.6666666666666666
TPTE2P4	0.0
TPTE2P5	-0.5849625007211561
TPTE2P6	0.0
TPTE2P7	0.0
TPTEP1	0.0
TPTEP2	1.2494870776680118
TPTEP2-CSNK1E	0.3333333333333333
TPX2	-0.11459936784466862
TRA2A	0.02755848914685366
TRA2B	0.26559892661953555
TRABD	-0.10670597925347991
TRABD-AS1	1.719957112259463
TRABD2A	1.9047485058887075
TRABD2B	0.0
TRABD2B-AS1	0.0
TRAC	0.0
TRADD	0.9074396060672676
TRAF1	0.0
TRAF2	0.6871335148880471
TRAF3	-0.7988348189309198
TRAF3IP2	-0.42835357072126534
TRAF3IP2-AS1	-0.4855655503053522
TRAF3IP3	0.6666666666666666
TRAF4	0.41243122968878243
TRAF5	-0.861654166907052
TRAF6	0.24361264598183308
TRAF6P1	0.0
TRAF7	0.055438877760967564
TRAFD1	1.3294801055097842
TRAIP	0.3625689413698234
TRAJ1	0.0
TRAJ10	0.0
TRAJ11	0.0
TRAJ12	0.0
TRAJ13	0.0
TRAJ14	0.0
TRAJ16	0.0
TRAJ17	0.0
TRAJ18	0.0
TRAJ19	0.0
TRAJ2	0.0
TRAJ20	0.0
TRAJ21	0.0
TRAJ22	0.0
TRAJ23	0.3333333333333333
TRAJ24	0.0
TRAJ25	0.0
TRAJ26	0.0
TRAJ27	0.0
TRAJ28	0.0
TRAJ29	0.0
TRAJ3	0.0
TRAJ30	0.0
TRAJ31	0.0
TRAJ32	0.0
TRAJ33	0.0
TRAJ34	0.0
TRAJ35	0.0
TRAJ36	0.0
TRAJ37	0.0
TRAJ38	0.0
TRAJ39	0.0
TRAJ4	0.0
TRAJ40	0.0
TRAJ41	0.0
TRAJ42	0.0
TRAJ43	0.0
TRAJ44	0.0
TRAJ45	0.0
TRAJ46	0.0
TRAJ47	0.0
TRAJ48	0.0
TRAJ49	0.0
TRAJ5	0.0
TRAJ50	0.0
TRAJ51	0.0
TRAJ52	0.0
TRAJ53	0.0
TRAJ54	0.0
TRAJ55	0.0
TRAJ56	0.0
TRAJ57	0.3333333333333333
TRAJ58	0.0
TRAJ59	0.0
TRAJ6	0.0
TRAJ60	0.0
TRAJ61	0.0
TRAJ7	0.0
TRAJ8	0.0
TRAJ9	0.0
TRAK1	-0.10371804544682295
TRAK2	0.6150979681591089
TRAM1	0.11260700036411286
TRAM1L1	1.0566416671474375
TRAM2	0.18299039229112957
TRAM2-AS1	0.1590165767278524
TRANK1	0.3333333333333333
TRAP1	0.017858067525124532
TRAPPC1	1.1358081050563236
TRAPPC10	0.5754652753177849
TRAPPC11	0.8498394912111822
TRAPPC12	0.3342153428297241
TRAPPC12-AS1	-0.6666666666666667
TRAPPC13	-0.11968709786918996
TRAPPC13P1	0.19498750024038541
TRAPPC14	0.9206134209350783
TRAPPC2	0.14286664990663533
TRAPPC2B	0.24565519805540115
TRAPPC2L	0.03784162238432387
TRAPPC2LP1	-0.3333333333333333
TRAPPC2P10	0.0
TRAPPC2P2	0.0
TRAPPC2P3	0.0
TRAPPC2P4	0.0
TRAPPC2P5	0.0
TRAPPC2P7	0.0
TRAPPC2P8	0.0
TRAPPC2P9	0.0
TRAPPC3	0.2702614175907385
TRAPPC3L	0.0
TRAPPC4	0.8149458875323372
TRAPPC5	0.31370210364881057
TRAPPC6A	1.9222376458534196
TRAPPC6B	0.8608810182727318
TRAPPC8	0.20379781836424726
TRAPPC9	0.8034693912025972
TRARG1	0.0
TRAT1	0.0
TRAV1-1	0.0
TRAV1-2	0.0
TRAV10	0.0
TRAV11	0.0
TRAV12-1	0.0
TRAV12-2	0.0
TRAV12-3	0.0
TRAV13-1	0.0
TRAV13-2	0.0
TRAV14DV4	-0.3333333333333333
TRAV15	0.0
TRAV16	0.0
TRAV17	0.0
TRAV18	0.0
TRAV19	0.0
TRAV2	0.0
TRAV20	0.0
TRAV21	0.0
TRAV22	0.3333333333333333
TRAV23DV6	0.0
TRAV24	0.0
TRAV25	0.0
TRAV26-1	0.0
TRAV26-2	0.0
TRAV27	0.0
TRAV28	0.0
TRAV29DV5	0.0
TRAV3	0.0
TRAV30	0.0
TRAV31	0.0
TRAV32	0.0
TRAV33	0.0
TRAV34	0.0
TRAV35	0.0
TRAV36DV7	0.0
TRAV37	0.0
TRAV38-1	0.0
TRAV38-2DV8	0.0
TRAV39	0.0
TRAV4	0.0
TRAV40	0.0
TRAV41	0.0
TRAV5	0.0
TRAV6	0.0
TRAV7	0.0
TRAV8-1	0.0
TRAV8-2	0.0
TRAV8-3	0.0
TRAV8-4	0.0
TRAV8-5	0.0
TRAV8-6	0.0
TRAV8-7	0.0
TRAV9-1	0.0
TRAV9-2	0.0
TRBC1	0.0
TRBC2	0.0
TRBD1	0.0
TRBJ1-1	0.0
TRBJ1-2	0.0
TRBJ1-3	0.0
TRBJ1-4	0.0
TRBJ1-5	0.0
TRBJ1-6	0.0
TRBJ2-1	0.0
TRBJ2-2	0.0
TRBJ2-2P	0.0
TRBJ2-3	0.0
TRBJ2-4	0.0
TRBJ2-5	0.0
TRBJ2-6	0.0
TRBJ2-7	0.0
TRBV1	0.0
TRBV10-1	0.0
TRBV10-2	0.0
TRBV10-3	0.0
TRBV11-1	0.0
TRBV11-2	0.0
TRBV11-3	0.0
TRBV12-1	0.0
TRBV12-2	0.0
TRBV12-3	0.0
TRBV12-4	0.0
TRBV12-5	0.0
TRBV13	0.0
TRBV14	0.0
TRBV15	0.0
TRBV16	0.0
TRBV17	0.0
TRBV18	0.0
TRBV19	0.0
TRBV2	0.0
TRBV20-1	0.0
TRBV20OR9-2	0.0
TRBV21-1	0.0
TRBV21OR9-2	0.0
TRBV22-1	0.0
TRBV22OR9-2	0.0
TRBV23-1	0.0
TRBV23OR9-2	0.0
TRBV24-1	0.0
TRBV24OR9-2	0.0
TRBV25-1	0.0
TRBV25OR9-2	0.0
TRBV26	0.0
TRBV26OR9-2	0.0
TRBV27	0.0
TRBV28	0.0
TRBV29-1	0.0
TRBV29OR9-2	0.0
TRBV3-1	0.0
TRBV30	0.0
TRBV4-1	0.0
TRBV4-2	0.0
TRBV5-1	0.0
TRBV5-2	0.0
TRBV5-3	0.0
TRBV5-4	0.0
TRBV5-5	0.0
TRBV5-6	0.0
TRBV5-7	0.0
TRBV6-1	0.0
TRBV6-3	0.0
TRBV6-4	0.0
TRBV6-5	0.0
TRBV6-6	0.0
TRBV6-7	0.0
TRBV6-8	0.0
TRBV7-1	0.0
TRBV7-2	0.0
TRBV7-3	0.0
TRBV7-4	0.0
TRBV7-5	0.0
TRBV7-6	0.0
TRBV7-7	0.0
TRBV7-9	0.0
TRBV8-1	0.0
TRBV8-2	0.0
TRBV9	0.0
TRBVA	0.0
TRBVB	0.0
TRCG1P	0.0
TRCR1	0.8578222872944421
TRD-AS1	0.0
TRDC	0.0
TRDD1	0.0
TRDD2	0.0
TRDD3	0.0
TRDJ1	0.0
TRDJ2	0.0
TRDJ3	0.0
TRDJ4	0.0
TRDMT1	0.19782466685889055
TRDN	0.0
TRDN-AS1	0.0
TRDV1	0.0
TRDV2	0.0
TRDV3	0.0
TREH	-0.945500422572374
TREHP1	1.5283208335737186
TREM1	0.0
TREM2	0.0
TREML1	0.0
TREML2	0.0
TREML3P	0.0
TREML4	0.0
TREML5P	0.0
TRERF1	0.0
TRERNA1	0.0
TREX1	0.0
TREX2	0.19498750024038541
TRG-AS1	0.0
TRGC2	0.0
TRGJ1	0.0
TRGJ2	0.0
TRGJP	0.0
TRGJP1	0.0
TRGJP2	0.0
TRGV1	0.0
TRGV10	0.0
TRGV11	0.0
TRGV2	0.0
TRGV3	0.0
TRGV4	0.0
TRGV5	0.0
TRGV5P	0.0
TRGV6	0.0
TRGV7	0.0
TRGV8	0.0
TRGV9	0.0
TRGVA	0.0
TRGVB	0.0
TRH	0.0
TRHDE	0.0
TRHDE-AS1	0.0
TRHR	0.0
TRIAP1	-0.3373229932586099
TRIAP1P1	0.0
TRIB1	1.5645499832036993
TRIB1AL	-0.6666666666666667
TRIB2	-1.382280462776424
TRIB3	-1.4630400081068524
TRIDDENT	0.5283208335737187
TRIL	0.8050124997596146
TRIM10	-0.11842889727793171
TRIM11	0.8753470150891829
TRIM11-AS1	0.0
TRIM13	0.17757270354331212
TRIM14	-0.7696041983657009
TRIM15	-0.1977478013957059
TRIM16	0.054831345876082516
TRIM16L	-0.481394614979453
TRIM17	0.8914815032027157
TRIM2	0.09190880436674664
TRIM21	-1.6531193385008853
TRIM22	-2.943240911695353
TRIM23	0.8311896834405843
TRIM24	0.5884502414088626
TRIM25	-0.15660519348369029
TRIM26	0.2970245169312813
TRIM26BP	0.0
TRIM27	-0.06944021612899398
TRIM28	0.7293075864482006
TRIM29	-1.0566416671474375
TRIM3	0.5232048454625731
TRIM31	-0.6666666666666667
TRIM31-AS1	-0.3333333333333333
TRIM32	-0.304530155548707
TRIM33	0.24471092975966524
TRIM34	0.0
TRIM35	0.12705569749327328
TRIM36	1.3196714919280619
TRIM36-IT1	0.6666666666666666
TRIM37	1.038480670840376
TRIM38	-1.6049893687224932
TRIM39	0.30056111124608265
TRIM39-RPP21	0.0
TRIM4	0.6904101014435895
TRIM40	0.0
TRIM41	0.4677270471963517
TRIM41-AS1	0.0
TRIM42	0.0
TRIM43	0.0
TRIM43B	0.0
TRIM43CP	0.0
TRIM44	-0.37363604005459905
TRIM45	-0.19498750024038625
TRIM46	-1.5283208335737186
TRIM47	-1.0251652187968991
TRIM48	0.0
TRIM49	0.0
TRIM49B	0.0
TRIM49C	0.0
TRIM49D1	0.0
TRIM49D2	0.0
TRIM5	-0.17826955374391584
TRIM50	-2.0566416671474377
TRIM51	0.0
TRIM51BP	0.0
TRIM51CP	0.0
TRIM51DP	0.0
TRIM51EP	0.0
TRIM51FP	0.0
TRIM51G	0.0
TRIM51HP	0.0
TRIM51JP	0.0
TRIM52	0.8108003269000612
TRIM52-AS1	-0.842136772788681
TRIM53AP	0.0
TRIM53BP	0.0
TRIM53CP	0.0
TRIM54	0.3333333333333333
TRIM55	0.0
TRIM56	-0.4364268911020739
TRIM58	0.0
TRIM59	0.5725334230997596
TRIM59-IFT80	0.0
TRIM6	0.3333333333333333
TRIM6-TRIM34	0.0
TRIM60	0.0
TRIM60P10Y	0.0
TRIM60P11Y	0.0
TRIM60P12Y	0.0
TRIM60P13	0.0
TRIM60P14	0.0
TRIM60P15	0.0
TRIM60P16	0.0
TRIM60P17	0.0
TRIM60P18	0.0
TRIM60P19	0.0
TRIM60P1Y	0.0
TRIM60P2Y	0.0
TRIM60P3Y	0.0
TRIM60P4Y	0.0
TRIM60P5Y	0.0
TRIM60P6Y	0.0
TRIM60P7Y	0.0
TRIM60P8Y	0.0
TRIM60P9Y	0.0
TRIM61	0.0
TRIM62	1.0826425044811951
TRIM63	0.0
TRIM64	0.0
TRIM64B	0.0
TRIM64C	0.0
TRIM64DP	0.0
TRIM64EP	0.0
TRIM64FP	0.0
TRIM64GP	0.0
TRIM64HP	0.0
TRIM64JP	0.0
TRIM65	-0.08463396812148094
TRIM66	0.8821067964832086
TRIM67	0.3333333333333333
TRIM67-AS1	0.0
TRIM68	0.0
TRIM69	0.37034377079624825
TRIM7	0.6666666666666666
TRIM7-AS1	0.0
TRIM7-AS2	0.6666666666666666
TRIM71	-0.07265453350295203
TRIM72	0.0
TRIM73	0.0
TRIM74	-0.7739760316291208
TRIM75	0.0
TRIM77	0.0
TRIM77BP	0.3333333333333333
TRIM8	-0.21209407564001914
TRIM8-DT	0.0
TRIM80P	-0.7233083338141042
TRIM9	0.5283208335737187
TRIML1	0.0
TRIML2	0.0
TRIO	0.04641320302194085
TRIOBP	0.19494224134929095
TRIP10	-0.20677597038564688
TRIP10-AS1	-0.138345833092948
TRIP11	-0.5900824918260863
TRIP12	0.018680827752380225
TRIP13	-0.31384283129494417
TRIP4	0.186288705960151
TRIP6	0.0
TRIQK	-0.29549628448118437
TRIQK-AS1	0.0
TRIR	0.2547922833426952
TRIT1	0.24655165514594657
TRMO	0.3019163072719042
TRMT1	-0.8118406404479765
TRMT10A	-0.4490740383504246
TRMT10B	-0.03197480666617869
TRMT10BP1	0.0
TRMT10C	-0.45103020572596453
TRMT11	-1.0233287594099583
TRMT112	0.2773471115352919
TRMT112P1	0.0
TRMT112P2	0.0
TRMT112P3	0.0
TRMT112P4	0.0
TRMT112P5	0.0
TRMT112P6	-0.3333333333333333
TRMT112P7	0.0
TRMT112P8	0.0
TRMT13	-0.23873063732155764
TRMT1L	0.7804962730609395
TRMT1P1	0.0
TRMT2A	-0.24173329387334697
TRMT2B	-0.30677965397467943
TRMT2B-AS1	0.0
TRMT44	0.1273496957749778
TRMT5	-0.1421777127055579
TRMT6	-0.46549145297393046
TRMT61A	-0.1606144776510252
TRMT61A-DT	-0.9638475437583609
TRMT61B	0.21384867636250782
TRMT9B	0.0
TRMU	-0.43749040359793323
TRNAU1AP	-0.047403863678399105
TRNP1	1.8812194526211705
TRNT1	-0.06644672216882253
TRNT1P1	0.0
TRNT1P2	0.861654166907052
TRO	0.7699517541955956
TROAP	0.25968529533886464
TROAP-AS1	0.0
TRPA1	0.0
TRPA2P	0.0
TRPC1	1.1976606496857594
TRPC2	0.0
TRPC3	0.0
TRPC4	0.0
TRPC4AP	0.5580086290641955
TRPC5	0.0
TRPC5OS	0.0
TRPC6	0.0
TRPC6P1	0.0
TRPC6P10	0.0
TRPC6P2	0.19498750024038536
TRPC6P3	0.0
TRPC6P4	0.0
TRPC6P5	0.0
TRPC6P6	0.0
TRPC6P7	0.0
TRPC6P8	0.0
TRPC6P9	0.0
TRPC7	0.3333333333333333
TRPC7-AS1	0.0
TRPC7-AS2	0.0
TRPM1	0.0
TRPM1-AS1	0.0
TRPM2	-0.861654166907052
TRPM2-AS	0.0
TRPM3	0.3333333333333333
TRPM4	-1.5431188733598697
TRPM5	-0.6666666666666666
TRPM6	0.0
TRPM7	0.16134455124617908
TRPM8	-0.3333333333333333
TRPS1	-0.3333333333333333
TRPS1-AS1	0.0
TRPT1	0.015822061203759397
TRPV1	0.09251132517630234
TRPV2	-1.2748094784721817
TRPV3	0.6666666666666667
TRPV4	-1.7974391409262531
TRPV5	0.0
TRPV6	0.0
TRRAP	-0.09635741395718966
TRUB1	-0.5115401391852217
TRUB2	-0.041429874510604314
TSACC	-0.1579770627774706
TSBP1	0.0
TSC1	0.4479161939909364
TSC2	0.17616518302070805
TSC22D1	0.33422471143277477
TSC22D1-AS1	-0.1383458330929479
TSC22D2	0.9319530944065919
TSC22D3	-1.69227186568361
TSC22D4	0.36964479051772114
TSEN15	-0.01903761655949232
TSEN15P1	0.0
TSEN15P2	0.19498750024038536
TSEN15P3	0.0
TSEN2	-0.29713972894869123
TSEN2P1	0.0
TSEN34	0.3015179506140182
TSEN54	0.03016351131596906
TSFM	-0.47167916642628127
TSG101	0.9003863865293003
TSGA10	1.3355668131773184
TSGA10IP	0.0
TSGA13	0.3333333333333333
TSHB	0.0
TSHR	0.14431980242536868
TSHR-AS1	-1.4406426982957872
TSHZ1	-0.39102156965762624
TSHZ2	-0.34977590412118875
TSHZ2-AS1	-0.5789885313887352
TSHZ3	0.0
TSHZ3-AS1	0.0
TSIX	0.0
TSKS	0.3333333333333333
TSKU	0.1303981477561349
TSKU-AS1	-0.33333333333333326
TSLIG1	0.5519713725475874
TSLIG2	0.35795001049921105
TSLIG3A	-0.17413860365649647
TSLIG3B	-0.017395296985203146
TSLIG3C	-1.0189581738056384
TSLP	0.0
TSN	-0.24989723849716228
TSNARE1	-0.5306162954354652
TSNAX	0.431602528910763
TSNAX-DISC1	0.5283208335737187
TSNAX-DT	-0.013547328165781636
TSNAXIP1	-0.6666666666666666
TSPAN1	-2.2691183073525343
TSPAN10	-0.7173343644816832
TSPAN11	0.0
TSPAN12	-0.16926488006623241
TSPAN13	0.9637159530209232
TSPAN14	-0.33712689856375366
TSPAN14-AS1	0.0
TSPAN15	0.0
TSPAN16	0.0
TSPAN16-AS1	0.0
TSPAN17	0.3379200742748081
TSPAN18	0.0
TSPAN18-AS1	0.0
TSPAN19	0.0
TSPAN2	0.0
TSPAN3	0.9346096663615153
TSPAN31	0.6586515086777829
TSPAN32	-2.599760540507307
TSPAN33	0.607320059941932
TSPAN4	-0.7101978322558917
TSPAN5	1.3022968652028393
TSPAN5-DT	0.0
TSPAN6	-0.4874280572905736
TSPAN7	-0.49514227572341407
TSPAN8	0.04644556053629678
TSPAN9	0.1493262132291422
TSPAN9-IT1	0.0
TSPEAR	-0.3703437707962478
TSPEAR-AS1	-0.7097610056483221
TSPO	-3.061441460167643
TSPO2	-0.19498750024038541
TSPOAP1	-0.6666666666666666
TSPOAP1-AS1	0.07901306576694989
TSPY1	0.0
TSPY10	0.0
TSPY11P	0.0
TSPY12P	0.0
TSPY13P	0.0
TSPY14P	0.0
TSPY15P	0.0
TSPY16P	0.0
TSPY17P	0.0
TSPY18P	0.0
TSPY19P	0.0
TSPY2	0.0
TSPY20P	0.0
TSPY21P	0.0
TSPY22P	0.0
TSPY23P	0.0
TSPY24P	0.0
TSPY25P	0.0
TSPY3	0.0
TSPY4	0.0
TSPY5P	0.0
TSPY6P	0.0
TSPY7P	0.0
TSPY8	0.0
TSPY9	0.0
TSPYL1	0.527641705594597
TSPYL2	0.551586083025656
TSPYL4	0.5641708136607004
TSPYL5	0.0
TSPYL6	0.3333333333333333
TSR1	-0.5421463788991048
TSR2	0.2174462832869697
TSR3	0.41064042235384335
TSSC2	0.0
TSSC4	-0.6369108873009708
TSSK1A	0.0
TSSK1B	0.0
TSSK2	0.0
TSSK3	1.0
TSSK4	-0.08264250448119537
TSSK5P	0.861654166907052
TSSK6	-0.8050124997596149
TST	2.271052381216866
TSTD1	-0.3333333333333333
TSTD2	0.06483794061337811
TSTD3P	-0.2012738426574905
TTBK1	-1.4074641404454824
TTBK2	1.1365864645209989
TTBK2-AS1	0.0
TTC1	-0.0768709760471391
TTC12	1.090692524070512
TTC12-DT	-0.3333333333333333
TTC13	-0.053283651755911876
TTC14	0.6886038785987241
TTC14-DT	0.0
TTC16	0.3333333333333333
TTC17	-0.035543909168655574
TTC19	0.5704734256858046
TTC21A	0.861654166907052
TTC21B	0.3125515682375912
TTC21B-AS1	0.5654412032229543
TTC22	0.0
TTC23	0.3355142819555912
TTC23-AS1	0.33333333333333337
TTC23L	-0.1383458330929479
TTC23L-AS1	-0.19498750024038536
TTC24	-0.5283208335737187
TTC27	-1.217736842694304
TTC28	-0.029544253458526626
TTC28-AS1	0.6191318681857334
TTC29	0.0
TTC29-AS1	0.0
TTC3	0.5300885004715639
TTC3-AS1	-0.19498750024038514
TTC31	0.6400465663758297
TTC32	0.21676188035123545
TTC32-DT	0.6666666666666667
TTC33	-0.8733213496721657
TTC34	0.537144904027449
TTC36	-0.3899750004807705
TTC36-AS1	-0.33333333333333337
TTC38	-0.037660635589446656
TTC39A	0.2456551980554018
TTC39A-AS1	0.5283208335737187
TTC39B	-1.655164192983329
TTC39C	-1.2228904244498855
TTC39C-AS1	-1.5283208335737186
TTC39CP1	0.0
TTC39DP	0.0
TTC3P1	1.2049032813717364
TTC4	1.120856693128236
TTC41P	0.44064269829578717
TTC4P1	0.0
TTC5	-0.014526184635739625
TTC6	-0.6095081823314281
TTC7A	0.9633514774464391
TTC7B	-0.10730936496245391
TTC7B-AS1	0.0
TTC7B-AS2	0.0
TTC7B-AS3	0.0
TTC8	0.49705988551784586
TTC9	0.5283208335737186
TTC9-DT	0.0
TTC9B	0.0
TTC9C	0.137826275855919
TTF1	0.10377847531917173
TTF2	-0.16365994606676004
TTI1	-0.2094157028858019
TTI2	0.485274371375116
TTK	0.48844826004231656
TTL	0.36147675828451753
TTLL1	0.49131039611080407
TTLL1-AS1	0.0
TTLL10	0.0
TTLL10-AS1	0.3333333333333333
TTLL11	0.49514227572341407
TTLL12	-0.41415306719172307
TTLL13	-0.5283208335737186
TTLL2	0.3333333333333333
TTLL3	1.4722902190459322
TTLL4	0.03785765375861594
TTLL5	-0.25124349221520426
TTLL6	-0.3333333333333333
TTLL7	-0.8050124997596148
TTLL7-IT1	0.0
TTLL8	0.0
TTLL9	0.33333333333333326
TTN	0.5064040225444257
TTN-AS1	0.9567882398611349
TTPA	-1.8481068387412702
TTPAL	1.2303319463566575
TTR	0.13946355325726145
TTTY1	0.0
TTTY10	-0.6666666666666667
TTTY11	0.0
TTTY12	0.0
TTTY13	0.0
TTTY14	-0.3333333333333333
TTTY17A	0.0
TTTY17B	0.0
TTTY17C	0.0
TTTY18	0.0
TTTY19	0.0
TTTY1B	0.0
TTTY2	0.0
TTTY20	0.0
TTTY22	0.0
TTTY23	0.0
TTTY23B	0.0
TTTY25P	0.0
TTTY2B	0.0
TTTY3	0.0
TTTY3B	0.0
TTTY4	0.0
TTTY4B	0.0
TTTY4C	0.0
TTTY5	0.0
TTTY6	0.0
TTTY6B	0.0
TTTY7	0.0
TTTY7B	0.0
TTTY8	0.0
TTTY8B	0.0
TTTY9B	0.0
TTYH1	-0.5078539853523378
TTYH2	-0.17535627055586245
TTYH3	-0.2078466758226245
TUB	-1.2060043566684548
TUB-AS1	0.0
TUBA1A	-0.19515503145509427
TUBA1B	-0.366936138668267
TUBA1B-AS1	-0.33333333333333326
TUBA1C	-0.37878424267077193
TUBA1C-AS1	0.0
TUBA3C	0.0
TUBA3D	-0.6666666666666667
TUBA3E	0.0
TUBA3GP	0.0
TUBA4A	-0.04583450791664534
TUBA4B	0.0
TUBA5P	0.0910061648021383
TUBA8	0.3333333333333333
TUBAL3	0.0
TUBAP1	0.0
TUBAP10	0.0
TUBAP11	0.0
TUBAP12	0.0
TUBAP13	0.19498750024038541
TUBAP14	0.0
TUBAP15	0.0
TUBAP2	-0.19498750024038536
TUBAP4	0.0
TUBAP6	0.0
TUBAP7	0.0
TUBAP8	0.0
TUBAP9	0.0
TUBB	-0.5983397791016856
TUBB1	-2.4689880662477206
TUBB1P1	0.0
TUBB1P2	0.0
TUBB2A	0.7410157959993735
TUBB2B	0.1383458330929479
TUBB2BP1	0.3333333333333333
TUBB3	0.8016612782049735
TUBB3P1	0.0
TUBB3P2	0.0
TUBB4A	0.3333333333333333
TUBB4AP1	0.0
TUBB4B	0.9314726723046913
TUBB4BP1	0.0
TUBB4BP2	0.5283208335737186
TUBB4BP3	0.0
TUBB4BP4	0.0
TUBB4BP5	0.0
TUBB4BP6	0.0
TUBB4BP7	0.0
TUBB4BP8	0.0
TUBB6	1.4531700932118836
TUBB6P1	0.0
TUBB7P	0.0
TUBB8	0.0
TUBB8B	0.0
TUBB8P1	-1.6590933078333054
TUBB8P10	0.0
TUBB8P11	0.0
TUBB8P2	-0.6356301985361725
TUBB8P3	0.3333333333333333
TUBB8P4	0.0
TUBB8P5	0.0
TUBB8P6	0.0
TUBB8P7	0.3333333333333333
TUBB8P8	0.0
TUBB8P9	0.0
TUBBP1	-0.4406426982957874
TUBBP10	0.0
TUBBP11	0.0
TUBBP2	0.3333333333333333
TUBBP3	0.0
TUBBP5	-2.125656486148441
TUBBP6	0.3333333333333333
TUBBP8	0.0
TUBBP9	0.0
TUBD1	-0.3283234803687156
TUBE1	0.21158596271894492
TUBG1	0.10806021019938328
TUBG1P	1.5479520632582413
TUBG2	1.0884481888403315
TUBGCP2	0.42168032001251277
TUBGCP3	-0.12180890938987421
TUBGCP4	-0.03131647500278856
TUBGCP5	0.798174037255313
TUBGCP6	0.8768859043149302
TUFM	0.07665693583355182
TUFMP1	-0.3333333333333333
TUFT1	1.912321864722069
TUG1	0.6782166413880617
TULP1	-0.19498750024038541
TULP2	0.5283208335737187
TULP3	0.7039207684846787
TULP3P1	0.0
TULP4	0.009292058052276175
TUNAR	0.0
TUSC1	0.0
TUSC2	0.39492304830509894
TUSC2P1	0.0
TUSC2P2	0.0
TUSC3	0.050667697815016455
TUSC7	0.0
TUSC8	-1.7974391409262533
TUT1	0.47535767389695494
TUT4	0.39806477287425235
TUT7	0.2519171197817762
TVP23A	0.19498750024038536
TVP23B	-0.19973882813379884
TVP23BP1	0.0
TVP23BP2	0.0
TVP23BP3	0.0
TVP23C	0.9100042778414799
TVP23C-CDRT4	0.0
TVP23CP1	0.0
TVP23CP2	0.0
TVP23CP3	0.0
TWF1	0.4470687619262783
TWF1P1	0.19498750024038541
TWF1P2	0.0
TWF2	0.3430979915345267
TWF2-DT	0.08767813527793145
TWIST1	0.0
TWIST2	-0.3840010311483497
TWNK	-0.5124084109131406
TWSG1	0.036321981160424954
TWSG1-DT	0.861654166907052
TXK	0.0
TXLNA	0.469824590744258
TXLNB	0.3333333333333333
TXLNG	-0.02352920761995847
TXLNGY	0.2045438894866436
TXN	0.24507967329370217
TXN2	0.6602331002483863
TXN2P1	0.1383458330929479
TXNDC11	0.23029556047415944
TXNDC11-AS1	-0.48689338827818496
TXNDC12	0.46027930863101396
TXNDC12-AS1	-0.02346310929713269
TXNDC15	-1.3113149735435012
TXNDC16	1.3922822485071569
TXNDC17	0.3519519819284014
TXNDC2	-0.3333333333333333
TXNDC5	-0.33680453612629613
TXNDC8	0.0
TXNDC9	0.36493707268542863
TXNIP	3.0526833809728187
TXNL1	0.07975888907491147
TXNL1P1	0.0
TXNL4A	0.09849066842515874
TXNL4AP1	0.0
TXNL4B	0.5806971739623359
TXNP1	0.0
TXNP2	0.0
TXNP3	0.0
TXNP4	0.0
TXNP5	0.0
TXNP6	0.5479520632582415
TXNP7	0.0
TXNRD1	1.359939342702651
TXNRD1-AS1	0.0
TXNRD2	-1.0117616302676193
TXNRD3	0.7711175466877265
TYK2	0.45595363116018817
TYMP	0.43955098761816735
TYMS	-0.1449910966847341
TYMSOS	-1.2509690460117429
TYMSP1	0.0
TYMSP2	0.0
TYR	0.3333333333333333
TYRL	0.3333333333333333
TYRO3	-1.4962893828089205
TYRO3P	1.1962382118607546
TYROBP	0.0
TYRP1	-0.3333333333333333
TYSND1	0.6766813716144169
TYW1	0.011601289703952133
TYW1B	1.1420672291483136
TYW2	-0.2181678113247445
TYW3	-1.1141874835848604
TYW5	0.7180601878848805
TZMP1	0.33930730266575404
U2	0.0
U2AF1	-0.18144017207460328
U2AF1L4	-0.8616541669070521
U2AF2	0.014315945825882359
U2SURP	-0.2591395325710586
U2SURP-AS1	0.0
U2SURPP1	0.3333333333333333
U3	0.0
U4	0.2766916661858959
U6	0.09650220573166167
U7	0.0
U8	0.0
UACA	0.7909840326372768
UAP1	-0.20662451663839576
UAP1-DT	0.4406426982957875
UAP1L1	-0.22602396837087868
UBA1	0.3654680787183384
UBA2	0.09297205976734801
UBA3	0.24696438534443033
UBA5	-0.056815851851392374
UBA52	0.3000682427088659
UBA52P3	0.0
UBA52P4	0.0
UBA52P5	0.0
UBA52P6	0.0
UBA52P7	0.0
UBA52P8	0.33333333333333326
UBA52P9	0.0
UBA5P1	0.0
UBA6	0.28354798735628073
UBA6-DT	-0.44148013576812417
UBA7	-1.0859937260358357
UBAC1	0.1205558496107848
UBAC2	0.1154455071800724
UBAC2-AS1	0.10247617506408258
UBALD1	-0.6208135477727561
UBALD2	0.33902450445298005
UBAP1	0.18294152559936894
UBAP1L	-1.0000000000000002
UBAP2	0.41577863828788963
UBAP2L	0.030543491821855895
UBASH3A	0.0
UBASH3B	-0.4280046971231801
UBB	0.0618518843853586
UBB-AS1	0.0
UBBP1	0.3333333333333333
UBBP2	0.0
UBBP3	0.0
UBBP4	0.0
UBBP5	0.0
UBC	0.3385322850170063
UBD	0.0
UBDP1	0.0
UBE2A	0.8518102526895923
UBE2B	0.4152936350803369
UBE2C	-0.37358428224935114
UBE2CP1	-0.6666666666666667
UBE2CP2	-0.3333333333333333
UBE2CP3	0.0
UBE2CP4	0.0
UBE2CP5	-0.05066769781501668
UBE2D1	0.8395084538671043
UBE2D2	-0.08011969167632671
UBE2D3	0.02549959190558404
UBE2D3-AS1	0.35679644263046617
UBE2D3P1	-0.3333333333333333
UBE2D3P2	0.861654166907052
UBE2D3P3	0.3333333333333333
UBE2D3P4	0.0
UBE2D3P5	0.0
UBE2D4	0.9524169718181978
UBE2D4P1	0.0
UBE2D4P2	0.0
UBE2D4P3	0.0
UBE2E1	-0.8455954982217433
UBE2E1-AS1	0.0
UBE2E2	0.8050124997596145
UBE2E2-DT	0.0
UBE2E3	-0.13301137109670957
UBE2E3-DT	0.3333333333333333
UBE2E4P	0.3333333333333333
UBE2F	0.26383142238277113
UBE2F-SCLY	0.47167916642628127
UBE2FP1	0.0
UBE2FP2	0.0
UBE2FP3	-0.19498750024038536
UBE2G1	0.4970613038785414
UBE2G2	0.17692553517309584
UBE2H	0.809269579318582
UBE2H-DT	0.0
UBE2HP1	0.0
UBE2I	0.18205258356166532
UBE2I-AS1	-0.6666666666666666
UBE2J1	-0.18589595767159572
UBE2J2	0.18056549505439623
UBE2K	-0.45102627767557646
UBE2L2	0.0
UBE2L3	-0.0481878008887513
UBE2L3P1	0.0
UBE2L3P2	0.0
UBE2L3P3	0.0
UBE2L4	-0.5283208335737187
UBE2L5	0.0
UBE2L6	-1.7254504235339159
UBE2M	-0.443218485637324
UBE2MP1	0.0
UBE2N	0.006267929820875651
UBE2NL	-0.3333333333333333
UBE2NP1	0.0
UBE2O	0.12786893959331547
UBE2Q1	-0.39403050609359624
UBE2Q1-AS1	0.10730936496245413
UBE2Q2	-0.2590849884153812
UBE2Q2P1	-0.633488108816362
UBE2Q2P10	0.0
UBE2Q2P11	0.0
UBE2Q2P12	0.0
UBE2Q2P13	0.5789885313887353
UBE2Q2P2	0.8840255655265645
UBE2Q2P4Y	0.0
UBE2Q2P5Y	0.0
UBE2Q2P6	0.0
UBE2Q2P7	0.3333333333333333
UBE2Q2P8	0.0
UBE2Q2P9	0.0
UBE2QL1	0.0
UBE2R2	-0.4471780553953808
UBE2R2-AS1	0.2826656355183166
UBE2S	0.41549267995358896
UBE2SP1	0.5223468642412981
UBE2SP2	0.861654166907052
UBE2T	0.14919598849103366
UBE2U	0.0
UBE2V1	0.5069440544338137
UBE2V1P1	1.5283208335737186
UBE2V1P10	0.0
UBE2V1P11	0.0
UBE2V1P12	0.0
UBE2V1P13	-0.3333333333333333
UBE2V1P14	0.0
UBE2V1P15	0.0
UBE2V1P16	0.0
UBE2V1P2	0.0
UBE2V1P3	0.0
UBE2V1P4	0.0
UBE2V1P5	0.0
UBE2V1P6	0.0
UBE2V1P7	0.0
UBE2V1P8	0.0
UBE2V1P9	0.3333333333333333
UBE2V2	0.7308409368232969
UBE2V2P1	0.0
UBE2V2P2	0.0
UBE2V2P3	0.3333333333333333
UBE2V2P4	1.5283208335737186
UBE2W	0.10030918658665389
UBE2WP1	0.0
UBE2Z	0.7410170041632238
UBE3A	0.18518452788689288
UBE3AP2	0.0
UBE3B	0.228026671304705
UBE3C	0.3297361580653284
UBE3D	0.09618983264697611
UBE4A	0.36962244925163645
UBE4B	0.2869646335231302
UBFD1	0.08874115797714488
UBFD1P1	0.0
UBIAD1	-0.0646686197875006
UBL3	0.3941715569589608
UBL4A	-0.8698573226883859
UBL4B	0.0
UBL5	0.21884200816095056
UBL5P1	0.0
UBL5P2	0.8616541669070521
UBL5P3	0.0
UBL5P4	0.0
UBL7	0.8167264351330328
UBL7-DT	1.242284759399639
UBLCP1	0.925501144115553
UBN1	0.7306710373375847
UBN2	0.00815830197853984
UBOX5	0.7248398585065212
UBOX5-AS1	0.37642767231498864
UBP1	0.03978391534806125
UBQLN1	0.2863243993787936
UBQLN1-AS1	0.13834583309294812
UBQLN1P1	0.0
UBQLN2	0.3423271596396429
UBQLN3	0.0
UBQLN4	-0.6597654725796325
UBQLN4P1	-0.861654166907052
UBQLN4P2	0.0
UBQLNL	-0.5283208335737187
UBR1	-0.09411699727556222
UBR2	0.4120776799001664
UBR3	0.93479547045815
UBR4	0.43536172248604643
UBR5	0.11536104937315184
UBR5-DT	1.9074886748236972
UBR7	0.40700207137609823
UBTD1	1.1104110361172381
UBTD2	0.20081050477892415
UBTD2P1	0.0
UBTF	-0.5496303529939839
UBTFL1	0.0
UBTFL10	0.0
UBTFL11	0.0
UBTFL2	0.0
UBTFL3	0.0
UBTFL5	0.0
UBTFL6	0.0
UBTFL7	0.0
UBTFL8	0.0
UBTFL9	0.0
UBXN1	0.3009788761709018
UBXN10	0.723308333814104
UBXN11	-1.072355516579608
UBXN2A	0.6596977349769189
UBXN2AP1	0.0
UBXN2B	0.25238883979359894
UBXN4	0.03625313534602803
UBXN6	0.2049542436291656
UBXN7	0.39541521125029533
UBXN7-AS1	-0.6666666666666666
UBXN8	-0.9451510594280847
UCA1-AS1	0.0
UCHL1	0.0
UCHL1-DT	0.0
UCHL3	1.6491775267019548
UCHL5	-0.22053819462900215
UCK1	-0.06907442092607319
UCK2	-0.43313148196263285
UCKL1	0.13664394514156353
UCKL1-AS1	-0.07834000988806578
UCMA	0.0
UCN	1.7233083338141038
UCN2	0.6666666666666666
UCN3	0.0
UCP1	0.0
UCP2	1.1734740828421488
UCP3	-0.5283208335737186
UEVLD	0.8121220029064515
UFC1	-1.5251837736602054
UFC1P1	0.0
UFD1	0.39376749944158007
UFD1-AS1	0.856820977008681
UFD1P1	0.0
UFL1	0.3317075188680061
UFL1-AS1	0.861654166907052
UFM1	0.09992217777977963
UFM1P1	0.0
UFM1P2	0.0
UFM1P3	0.0
UFSP1	0.44064269829578695
UFSP2	-0.9028014562811624
UGCG	1.0229777022244146
UGDH	0.9385628260252101
UGDH-AS1	1.2456551980554018
UGGT1	-0.5433572352585561
UGGT2	0.5700313666007073
UGP2	-0.22449244926526113
UGT1A1	-0.3899750004807707
UGT1A10	-0.33333333333333337
UGT1A11P	-0.19498750024038536
UGT1A12P	-0.5283208335737187
UGT1A13P	0.5283208335737186
UGT1A2P	0.0
UGT1A4	0.7739760316291209
UGT1A6	0.0
UGT1A7	-0.6666666666666667
UGT1A8	0.1383458330929479
UGT1A9	-1.1949875002403854
UGT2A1	0.0
UGT2A2	0.0
UGT2A3	-2.0460906000574064
UGT2A3P7	0.0
UGT2B10	-3.549303217379194
UGT2B11	-0.6666666666666667
UGT2B11-AS1	0.0
UGT2B15	0.0
UGT2B17	0.0
UGT2B24P	0.0
UGT2B25P	0.0
UGT2B26P	-0.861654166907052
UGT2B27P	-1.7161306132975571
UGT2B28	0.0
UGT2B29P	0.0
UGT2B4	-4.3824016416474105
UGT2B7	-2.1658730710748815
UGT3A1	0.0
UGT3A2	0.0
UGT8	0.0
UHMK1	0.010442016546594601
UHRF1	-0.46481395141810644
UHRF2	0.08546958609625221
UHRF2-AS1	0.9123218647220687
UHRF2P1	0.3333333333333333
UICLM	-2.3974309381569223
UIMC1	0.16905633114862528
ULBP1	0.0
ULBP2	0.0
ULBP3	-0.3899750004807707
ULK1	1.0017436879290074
ULK2	0.5283208335737184
ULK3	0.29997328341842255
ULK4	-0.5360774266813344
ULK4P1	0.0
ULK4P2	0.0
ULK4P3	-0.3333333333333333
UMAD1	0.3241419735116615
UMLILO	0.0
UMOD	0.0
UMODL1	0.0
UMODL1-AS1	0.0
UMPS	-0.3703772399962153
UNC119	1.148674762266496
UNC119B	0.6459672922550999
UNC13A	0.0
UNC13B	0.6517954857423263
UNC13C	0.0
UNC13D	-0.8853963145706842
UNC45A	0.4845001024154518
UNC45B	0.0
UNC50	0.1784165086029379
UNC5A	0.3333333333333333
UNC5B	1.1949875002403854
UNC5B-AS1	0.0
UNC5C	0.0
UNC5C-AS1	0.0
UNC5CL	-2.9001465727136977
UNC5D	0.0
UNC79	1.107309364962454
UNC80	0.3333333333333333
UNC93A	-2.788774071415272
UNC93B1	-0.6998452245169715
UNC93B2	0.0
UNC93B3	0.0
UNC93B4	0.0
UNC93B5	0.0
UNC93B6	0.0
UNC93B7	0.0
UNC93B8	0.0
UNCX	0.0
UNG	-0.4886508556243161
UNGP1	0.0
UNGP3	0.0
UNK	0.12278879033129719
UNKL	-0.5155548188973702
UNKL-AS1	0.3333333333333333
UOX	0.0
UPB1	-2.1949875002403854
UPF1	0.32102589585831964
UPF2	0.15502302376525012
UPF3A	-0.04156746264864797
UPF3AP1	0.0
UPF3AP2	0.0
UPF3AP3	0.0
UPF3B	0.37916784124997793
UPK1A	-0.3333333333333333
UPK1A-AS1	0.3333333333333333
UPK1B	0.3333333333333333
UPK2	0.5283208335737187
UPK3A	-3.320643986388826
UPK3B	-0.1383458330929479
UPK3BL1	0.0
UPK3BL2	0.0
UPK3BL3P	1.4406426982957874
UPK3BP1	-0.24565519805540204
UPP1	0.7114616606329305
UPP2	0.0
UPRT	-0.5690727502573849
UQCC1	-0.13668274289741156
UQCC2	0.29672154944129137
UQCC3	0.06561777628310583
UQCC4	0.14043216325017482
UQCC5	0.5981122577984488
UQCC6	-0.3738260754771989
UQCR10	-0.5601461895388198
UQCR10P1	0.0
UQCR11	-0.1925037420536544
UQCRB	-0.22598270902145146
UQCRB-AS1	0.0
UQCRBP1	0.0
UQCRBP2	-0.3333333333333333
UQCRBP3	0.0
UQCRC1	-0.022265605552432177
UQCRC2	-0.05896920175142384
UQCRC2P1	0.0
UQCRFS1	0.017914253424990534
UQCRFS1-DT	0.0
UQCRFS1P1	-0.04583450791664534
UQCRFS1P2	0.0
UQCRFS1P3	0.0
UQCRH	0.11376662372905066
UQCRHL	-0.15581956582187217
UQCRHP1	0.0
UQCRHP2	0.0
UQCRHP3	0.0
UQCRHP4	0.0
UQCRQ	-0.1483020495203311
URAD	0.0
URAHP	1.6590933078333054
URB1	-0.0001860130925690484
URB1-AS1	1.284147603862047
URB2	0.03134342804101653
URGCP	0.07099790777806625
URGCP-MRPS24	0.0
URI1	0.10896658040171303
URM1	0.01400927672133001
UROC1	0.0
UROD	-1.467400217004248
UROS	1.147581177822186
USB1	0.3831899377567529
USE1	0.22328379943588983
USF1	-0.030483647806409664
USF1P1	-0.6666666666666666
USF2	-0.6171711174322425
USF3	0.06093255828186983
USH1C	0.6666666666666666
USH1G	0.0
USH2A	-1.3899750004807705
USH2A-AS1	0.0
USH2A-AS2	0.0
USHBP1	-0.6666666666666665
USO1	0.31634382539594164
USP1	0.03939829164829867
USP10	0.16819621004145535
USP10P3	0.0
USP11	0.5295026636519937
USP12	0.09210030905757893
USP12-AS1	0.0
USP12P1	0.0
USP12P2	0.0
USP12PX	0.0
USP12PY	0.0
USP13	-0.4963704926731225
USP14	0.37001165726302165
USP15	0.3446439500952412
USP16	0.3642035169766631
USP17L1	0.0
USP17L10	0.0
USP17L11	0.0
USP17L12	0.0
USP17L13	0.0
USP17L14P	0.0
USP17L15	0.0
USP17L16P	0.0
USP17L17	0.0
USP17L18	0.0
USP17L19	0.0
USP17L2	0.0
USP17L20	0.0
USP17L21	0.0
USP17L22	0.0
USP17L23	0.0
USP17L24	0.0
USP17L25	0.0
USP17L26	0.0
USP17L27	0.0
USP17L28	0.0
USP17L29	0.0
USP17L3	0.0
USP17L30	0.0
USP17L4	0.0
USP17L5	0.0
USP17L6P	0.0
USP17L7	0.0
USP17L8	0.0
USP17L9P	0.0
USP18	-1.0394307443423312
USP19	0.44379984637136793
USP2	-1.2042701618914249
USP2-AS1	-0.6007672314437733
USP20	1.8831186623073668
USP21	-0.7690937729743208
USP21P1	0.0
USP21P2	0.0
USP22	0.11875073028837946
USP24	-0.8019860749453391
USP24P1	0.0
USP25	0.4928237786963354
USP26	0.0
USP27X	-0.1106605865170942
USP27X-DT	-1.0051604758144048
USP28	0.388222760076145
USP29	0.0
USP3	-0.3314094413965192
USP3-AS1	0.34550862534170435
USP30	-0.632017422677631
USP30-AS1	0.3333333333333333
USP31	0.27656626757750224
USP32	0.12011525376662124
USP32P1	0.0
USP32P2	0.0
USP32P3	0.3333333333333333
USP32P4	0.0
USP33	0.37082663513126324
USP34	0.025835523872423494
USP34-DT	0.2716940946940718
USP35	1.0470666667179316
USP36	-0.14811423656461553
USP37	0.5410194370966934
USP37P1	0.0
USP38	0.29455832988206776
USP38-DT	0.5283208335737187
USP39	0.38358796180303045
USP4	0.4605416063944725
USP40	0.18942631115547215
USP41P	-1.0566416671474375
USP42	-0.08508568508069203
USP43	-1.6765824477980171
USP44	0.33333333333333337
USP45	0.9303014670923355
USP46	-0.6884435613352222
USP46-DT	-1.0769848116132907
USP47	0.5281188907846222
USP48	0.3690888127518832
USP49	-0.6495527089484816
USP5	0.0004695509049659208
USP50	0.3333333333333333
USP51	0.0
USP53	1.0432303588798781
USP54	0.20458695507704228
USP6	0.1383458330929479
USP6NL	-0.3490971451081677
USP6NL-AS1	0.0
USP7	-0.401154697924504
USP7-AS1	0.4074641404454826
USP8	0.48220240537908854
USP8P1	0.0
USP8P2	0.0
USP9X	0.2242275229946209
USP9Y	0.11692421841471212
USP9YP1	0.0
USP9YP10	0.0
USP9YP11	0.0
USP9YP12	0.0
USP9YP13	0.0
USP9YP14	0.0
USP9YP15	0.0
USP9YP16	0.0
USP9YP17	0.0
USP9YP18	0.0
USP9YP19	0.0
USP9YP2	0.0
USP9YP20	0.0
USP9YP21	0.0
USP9YP22	0.0
USP9YP23	0.0
USP9YP24	0.0
USP9YP25	0.0
USP9YP26	0.0
USP9YP27	0.0
USP9YP28	0.0
USP9YP29	0.0
USP9YP3	0.0
USP9YP30	0.0
USP9YP31	0.0
USP9YP32	0.0
USP9YP33	0.0
USP9YP34	0.0
USP9YP35	0.0
USP9YP36	0.0
USP9YP4	0.0
USP9YP5	0.0
USP9YP6	0.0
USP9YP7	0.0
USP9YP8	0.0
USP9YP9	0.0
USPL1	-0.13702286569196698
UST	-0.5283208335737187
UST-AS1	0.0
UST-AS2	0.0
UTF1	0.0
UTP11	0.005467637003688353
UTP14A	-0.7665668227422175
UTP14C	0.0
UTP15	-0.3993261320870012
UTP18	-0.4051565040961478
UTP20	-0.38791920040472583
UTP23	0.3034241179973245
UTP25	-1.4675559898930013
UTP3	-0.33164442255105975
UTP4	-0.02024616543305946
UTP6	0.03479150641696194
UTRN	-0.6851360529232835
UTS2	0.0
UTS2B	-0.5789885313887354
UTS2R	0.0
UTY	0.3022968652028395
UVRAG	-0.05194160146581961
UVSSA	0.05443255793800983
UXS1	0.195501400852077
UXT	0.19746199707737588
UXT-AS1	0.8616541669070521
VAC14	0.3491234986540981
VAC14-AS1	0.3742855825951781
VAC14-AS2	-0.3333333333333335
VAMP1	1.5627501030443924
VAMP1-AS1	-0.21247664020509727
VAMP2	0.14346182120409345
VAMP3	0.37804499513620726
VAMP4	0.2883568066379638
VAMP5	0.9564275570669349
VAMP7	0.0
VAMP8	-0.935201774314752
VAMP9P	0.0
VANGL1	-0.10263498303578711
VANGL2	-0.5283208335737187
VAPA	0.2455737686885815
VAPB	0.010592843212778646
VARS1	-0.5152547988188765
VARS2	-0.39550993631317954
VASH1	1.8540808080736908
VASH1-DT	0.0
VASH2	-0.578988531388736
VASN	0.6930190837887924
VASP	0.6329613142835235
VAT1	0.7085023366799641
VAT1L	0.3333333333333333
VAV1	0.0
VAV2	0.46591840837186016
VAV3	-4.3761413380719585
VAV3-AS1	0.0
VAX1	0.0
VAX2	1.2142259995258144
VBP1	-0.24612470463399827
VCAM1	0.0
VCAN	-1.684066345493187
VCAN-AS1	0.0
VCF1	0.333358795877853
VCF2	0.087678135277931
VCL	1.079289861839917
VCP	0.44841155568871116
VCPIP1	0.1282516208834723
VCPKMT	0.01326162203528769
VCX	0.0
VCX2	0.0
VCX3A	0.0
VCX3B	0.0
VCY	0.0
VCY1B	0.0
VDAC1	-0.2544798090979121
VDAC1P1	0.0
VDAC1P10	0.0
VDAC1P11	0.0
VDAC1P12	0.0
VDAC1P13	-0.6666666666666667
VDAC1P2	-0.3333333333333333
VDAC1P3	0.0
VDAC1P4	0.0
VDAC1P5	0.0
VDAC1P6	0.0
VDAC1P7	0.0
VDAC1P8	-1.0188223172196769
VDAC1P9	0.0
VDAC2	-0.20293761251817344
VDAC2P1	0.0
VDAC2P2	0.0
VDAC2P3	0.0
VDAC2P4	0.0
VDAC2P5	0.0
VDAC3	0.3073424236086426
VDAC3P1	0.0
VDR	-1.3333333333333333
VEGFA	-0.2900843350964495
VEGFB	-0.9550234733046308
VEGFC	0.0
VEGFD	0.5283208335737186
VENTX	-0.3333333333333333
VENTXP1	0.0
VENTXP2	0.0
VENTXP3	0.0
VENTXP4	0.0
VENTXP5	0.0
VENTXP6	0.0
VENTXP7	0.0
VEPH1	0.0
VESTAR	0.9357849740192012
VEZF1	0.314039287205393
VEZF1P1	0.0
VEZT	0.7904637057090351
VEZTP1	1.1949875002403854
VGF	1.968963531869506
VGLL1	0.0
VGLL2	0.0
VGLL3	0.0
VGLL4	0.13021361499045803
VHL	0.3381981582056124
VHLL	0.3333333333333333
VHRT	0.0
VIL1	0.042996264056576194
VILL	-0.8840255655265641
VILMIR	0.0
VIM	-0.5283208335737187
VIM-AS1	0.0
VIM2P	0.1383458330929479
VINAC1P	0.0
VIP	0.0
VIPAS39	0.7046010267937568
VIPR1	0.3333333333333333
VIPR1-AS1	-0.6666666666666666
VIPR2	0.0
VIRMA	-0.017249920591322798
VIRMA-DT	0.0
VIT	0.0
VKORC1	-0.6187948973492237
VKORC1L1	-0.16368915811076512
VKORC1P1	0.0
VLDLR	-0.861654166907052
VLDLR-AS1	-0.3333333333333333
VMA12	0.40087638883833954
VMA21	0.11611768016643609
VMA22	-0.8145191797629652
VMAC	0.9032794720477808
VMO1	0.38997500048077083
VMP1	1.299443344661663
VN1R1	0.1618089423900806
VN1R103P	0.5283208335737187
VN1R104P	0.0
VN1R105P	0.0
VN1R106P	0.0
VN1R107P	0.3333333333333333
VN1R108P	0.0
VN1R10P	0.0
VN1R110P	0.0
VN1R11P	0.0
VN1R12P	0.0
VN1R13P	0.0
VN1R17P	0.0
VN1R18P	0.0
VN1R2	0.0
VN1R20P	0.0
VN1R21P	0.0
VN1R25P	0.0
VN1R28P	0.0
VN1R3	0.0
VN1R30P	0.0
VN1R31P	0.0
VN1R32P	0.0
VN1R33P	0.0
VN1R34P	0.0
VN1R35P	0.0
VN1R36P	0.0
VN1R37P	0.0
VN1R38P	0.0
VN1R4	0.0
VN1R40P	0.0
VN1R42P	-0.1383458330929479
VN1R46P	0.0
VN1R48P	0.0
VN1R5	0.0
VN1R51P	0.0
VN1R53P	0.0
VN1R54P	0.0
VN1R57P	0.0
VN1R60P	0.0
VN1R64P	0.0
VN1R65P	0.0
VN1R66P	0.0
VN1R67P	0.0
VN1R68P	0.0
VN1R69P	0.0
VN1R6P	0.0
VN1R70P	0.0
VN1R71P	0.0
VN1R74P	0.0
VN1R76P	0.0
VN1R78P	-0.3333333333333333
VN1R79P	0.0
VN1R7P	0.0
VN1R80P	-0.19498750024038541
VN1R81P	-0.25920252622118367
VN1R82P	0.0
VN1R83P	-0.7974391409262533
VN1R84P	0.19498750024038541
VN1R85P	0.0
VN1R87P	0.0
VN1R88P	0.0
VN1R8P	0.0
VN1R90P	0.0
VN1R91P	0.0
VN1R92P	0.0
VN1R93P	0.0
VN1R95P	0.0
VN1R96P	0.0
VN1R99P	0.0
VN1R9P	0.0
VN2R10P	0.0
VN2R17P	0.3333333333333333
VN2R19P	0.3333333333333333
VN2R1P	0.0
VN2R3P	0.0
VN2R9P	0.0
VNN1	-1.1949875002403854
VNN2	-0.5283208335737187
VNN3P	0.6666666666666666
VOPP1	-0.818680941063973
VOPP1-DT	0.0
VOPP2P	0.0
VPREB1	0.0
VPREB3	-0.3333333333333333
VPS11	0.15058351769880574
VPS13A	0.04547764358775375
VPS13A-AS1	0.861654166907052
VPS13B	-0.11756230387434297
VPS13B-DT	0.5283208335737186
VPS13C	0.5822933502806942
VPS13C-DT	0.0
VPS13D	0.2893216945667332
VPS16	1.0139153964788203
VPS18	0.5976670223033196
VPS25	0.3919748625827193
VPS25P1	0.0
VPS26A	0.43536454642535993
VPS26AP1	0.0
VPS26B	0.6467716648969812
VPS26BP1	0.6666666666666666
VPS26C	0.11229711420919664
VPS26CP1	0.0
VPS28	0.5763653027123681
VPS29	0.5084012823079807
VPS33A	-0.7386617309915549
VPS33B	0.46071863505355326
VPS33B-DT	0.0
VPS35	0.35451680405480523
VPS35L	-0.852016602935306
VPS35P1	-0.3333333333333333
VPS36	0.30231793618982206
VPS37A	0.2994791305746416
VPS37B	-0.37916784124997793
VPS37C	-0.17302435713972208
VPS37D	-1.2691183073525345
VPS39	1.0338180105082913
VPS39-DT	0.031036468130493766
VPS41	0.0511768543972142
VPS45	0.11210483586422004
VPS4A	0.21646623011871124
VPS4B	0.3659247003648156
VPS50	0.15924095550223694
VPS51	0.2433011855030962
VPS51P1	0.0
VPS51P10	0.0
VPS51P11	0.0
VPS51P12	0.0
VPS51P13	0.0
VPS51P14	0.0
VPS51P15	0.0
VPS51P16	0.0
VPS51P17	0.0
VPS51P18	0.0
VPS51P19	0.0
VPS51P2	0.0
VPS51P3	0.0
VPS51P4	0.0
VPS51P5	0.0
VPS51P6	0.0
VPS51P7	0.0
VPS51P8	0.0
VPS51P9	0.0
VPS52	-1.305134031821345
VPS53	-0.1753562705558629
VPS53-AS1	0.5283208335737187
VPS54	0.15910644342174862
VPS72	-0.14808482381399823
VPS8	0.9861103715892314
VPS9D1	0.9235516060072619
VPS9D1-AS1	0.0
VRK1	0.1349819963677623
VRK2	-0.6806750289228063
VRK3	0.6175932656920757
VRTN	0.0
VSIG1	0.0
VSIG10	-0.04106200981345154
VSIG10L	-0.4501991459062107
VSIG10L-AS1	-0.19498750024038536
VSIG10L2	0.0
VSIG2	0.6666666666666665
VSIG4	0.0
VSIG8	0.0
VSIR	1.5283208335737186
VSNL1	-1.3183662888909682
VSTM1	0.0
VSTM2A	0.0
VSTM2A-OT1	0.0
VSTM2B	0.0
VSTM2B-DT	0.0
VSTM2L	-0.3333333333333333
VSTM4	0.0
VSTM5	0.19498750024038536
VSX1	0.3333333333333333
VSX2	0.0
VTA1	0.24387334054006615
VTA1P1	-0.3333333333333333
VTA1P2	0.0
VTCN1	0.0
VTCN1P1	0.0
VTI1A	0.8363837079791736
VTI1B	0.23945829022737275
VTI1BP1	0.0
VTI1BP2	0.5283208335737187
VTI1BP3	0.0
VTI1BP4	0.3333333333333333
VTN	-0.2604229402610123
VTRNA1-1	1.968963531869506
VTRNA1-2	0.8306176987765579
VTRNA1-3	-0.07745762489192742
VTRNA2-1	0.0
VTRNA2-2P	0.0
VTRNA3-1P	0.0
VWA1	0.8743220509084066
VWA2	0.0
VWA3A	0.5283208335737187
VWA3B	0.0
VWA5A	0.5048577242765862
VWA5B1	0.3333333333333333
VWA5B1-AS1	0.0
VWA5B2	2.107309364962454
VWA7	-0.2456551980554018
VWA8	-0.40247621479708595
VWA8-AS1	0.6666666666666666
VWA8P1	0.0
VWC2	0.0
VWC2L	0.0
VWC2L-IT1	0.0
VWCE	-0.804358660981852
VWDE	0.3333333333333333
VWF	0.3333333333333333
VWFP1	0.0
VXN	0.0
Vault	0.0
WAC	0.26108240364809987
WAC-AS1	0.689523917521842
WAKMAR2	-0.5925358595545172
WAPL	-0.17105753133151946
WAPL-DT	1.4231535583310762
WARS1	-0.07129439258829784
WARS1-AS1	0.0
WARS1P1	0.0
WARS2	-0.188896109750754
WARS2-AS1	0.9658100887864847
WARS2-IT1	0.3840010311483497
WARS2P1	0.0
WAS	0.0
WASF1	0.35544657750351405
WASF1P1	0.0
WASF2	-0.1875920864129128
WASF3	0.37108992819491426
WASF3-AS1	-0.19498750024038541
WASF4P	0.3333333333333333
WASF5P	0.0
WASH2P	0.14431980242536868
WASH3P	-0.19982069013875714
WASH4P	-0.10730936496245413
WASH5P	-0.5283208335737186
WASH6P	0.0
WASH7P	0.0
WASH8P	-0.7082790373045915
WASH9P	-0.12617054108457681
WASHC1	0.010807159230791896
WASHC2A	-0.010664077305619024
WASHC2C	-0.1497355464191621
WASHC2FP	0.1383458330929479
WASHC3	-0.7407974737788168
WASHC3P1	0.0
WASHC4	1.281083158933951
WASHC5	0.24783614667765974
WASHC5-AS1	-0.5283208335737187
WASIR1	0.0
WASIR2	0.0
WASL	0.5915245061913055
WASL-DT	1.1624645351280343
WBP1	0.9689635318695058
WBP11	-0.22135167411850087
WBP11P1	0.0
WBP11P2	0.0
WBP11P3	0.0
WBP1L	1.35002649805014
WBP1LP1	0.0
WBP1LP10	0.0
WBP1LP11	0.0
WBP1LP12	0.0
WBP1LP2	0.6666666666666666
WBP1LP3	0.0
WBP1LP4	0.0
WBP1LP5	0.0
WBP1LP6	0.0
WBP1LP7	0.0
WBP1LP8	0.0
WBP1P1	0.3333333333333333
WBP1P2	0.0
WBP2	0.5620276404720208
WBP2NL	0.0
WBP2P1	0.0
WBP4	0.12120714489114626
WDCP	0.5401737161136255
WDFY1	0.13897969285505418
WDFY2	-0.25187713148638746
WDFY3	0.054203482608913056
WDFY3-AS1	0.0
WDFY3-AS2	0.05066769781501712
WDFY4	0.0
WDHD1	-0.16791954998083192
WDPCP	0.2247924738516316
WDR1	-0.01595930093675335
WDR11	0.6694743348433931
WDR11-DT	0.0
WDR12	-1.1066817778325824
WDR12P1	0.7429395634986269
WDR12P2	0.44064269829578717
WDR12P3	0.0
WDR13	1.0462466336795098
WDR17	0.3333333333333333
WDR18	0.13850902686232835
WDR19	0.9662076598749731
WDR20	0.07713068245673593
WDR24	0.7618007396207496
WDR25	0.9564719633966186
WDR26	1.3897803729922797
WDR27	0.7659808384933093
WDR3	-0.4264398298070944
WDR31	0.84810683874127
WDR33	0.25080860547568307
WDR35	-0.6206370285598988
WDR35-DT	1.2691183073525345
WDR36	-0.19435145852910374
WDR37	0.5605841171608485
WDR38	0.84810683874127
WDR4	-0.6360598945240641
WDR41	0.4953235399988358
WDR43	-0.4379565233181726
WDR44	0.875895521118383
WDR45	-0.34778533604643425
WDR45B	0.24224571384871574
WDR45BP1	-0.24565519805540204
WDR45P1	0.0
WDR46	-0.3340410354119001
WDR47	1.4714954753591627
WDR48	0.10098962911444875
WDR49	0.3333333333333333
WDR4P1	0.0
WDR4P2	0.0
WDR5	0.13183432782166093
WDR5-DT	-0.5283208335737187
WDR53	0.02098642795929795
WDR53P1	0.0
WDR54	0.4541900264615695
WDR55	0.15348995026500312
WDR59	-0.204961909943143
WDR5B	0.6458263051473141
WDR5B-DT	0.20232960235038533
WDR6	-0.03313570907121388
WDR62	0.06251071818291543
WDR64	0.0
WDR7	1.1820498045420003
WDR7-AS1	0.0
WDR7-OT1	0.0
WDR70	0.4717667044967797
WDR70P1	0.0
WDR72	-1.5283208335737188
WDR73	-0.1627406152942692
WDR74	-0.46797253354173307
WDR75	-0.7721900650639304
WDR76	-0.5196557640627373
WDR77	0.14852240925097426
WDR77P1	0.0
WDR81	0.10277416338379552
WDR81-AS1	0.0
WDR82	0.016511324465799504
WDR82P1	0.0
WDR82P2	0.0
WDR83	-0.04583450791664534
WDR83OS	0.0
WDR86	0.6666666666666666
WDR86-AS1	0.0
WDR87	0.0
WDR87BP	0.0
WDR88	1.0067828817972675
WDR89	0.022717957586387172
WDR90	0.07640649826272838
WDR91	1.2960916391470558
WDR93	0.0
WDR95P	0.0
WDR97	2.1307724742595866
WDSUB1	-0.002221243427003472
WDTC1	0.42109554909875246
WDTC1-DT	0.0
WEE1	0.0011107925644591177
WEE1P1	0.0
WEE1P2	0.0
WEE2	0.0
WEE2-AS1	0.0
WEE2P1	0.3333333333333333
WFDC1	0.0
WFDC10A	0.0
WFDC10B	0.0
WFDC11	0.0
WFDC12	0.0
WFDC13	0.0
WFDC2	0.0
WFDC21P	0.33333333333333337
WFDC3	0.6666666666666666
WFDC5	0.0
WFDC6	0.0
WFDC8	0.0
WFDC9	0.0
WFIKKN1	-0.8124684374357662
WFIKKN2	-0.6666666666666666
WFS1	0.06593742705157801
WHAMM	1.094238923898498
WHAMMP1	0.3882102339242657
WHAMMP2	-0.2645163741775245
WHAMMP3	-0.3236957693615876
WHAMMP4	0.5283208335737186
WHR1	1.029947230185857
WHR1B	-1.0
WHRN	0.5409767836400587
WHSC1L2P	0.0
WIF1	0.0
WIPF1	0.0
WIPF1-AS1	0.0
WIPF2	0.43904830485582025
WIPF3	-0.5283208335737186
WIPI1	-0.12440577452807311
WIPI2	0.73996575862179
WIZ	-0.5832519093213948
WIZP1	0.0
WLS	0.0
WNK1	0.43259068765119935
WNK2	-0.5763378235919383
WNK3	0.13834583309294812
WNK4	0.35063736288082303
WNT1	0.0
WNT10A	-0.3333333333333333
WNT10B	0.3333333333333333
WNT11	-0.5050580568547649
WNT16	0.3333333333333333
WNT2	0.0
WNT2B	0.723308333814104
WNT3	-1.4595038744179099
WNT3A	0.0
WNT4	0.6666666666666666
WNT5A	-0.3333333333333333
WNT5A-AS1	0.0
WNT5B	0.3333333333333333
WNT6	0.0
WNT7A	0.0
WNT7B	-0.1383458330929479
WNT8A	-0.861654166907052
WNT8B	0.0
WNT9A	0.3333333333333333
WNT9B	0.0
WRAP53	-0.010247841143702807
WRAP73	-0.11119973379271997
WRN	0.1366973748355802
WRN-AS1	-0.5283208335737186
WRNIP1	0.3979909004272528
WSB1	0.8510567574562531
WSB2	-0.4096437905450898
WSCD1	0.8491985494188912
WSCD2	0.0
WSPAR	0.0
WT1	-0.7357618429820794
WT1-AS	0.3333333333333333
WTAP	0.18730541582668003
WTAPP1	-0.1307724742595866
WTAPP2	-0.33333333333333337
WTIP	0.966427476700253
WWC1	-0.6248230393053804
WWC2	0.42966144837814024
WWC2-AS1	-0.19498750024038536
WWC2-AS2	0.487368584311874
WWC3	0.9749375012019272
WWC3-AS1	0.0
WWOX	0.34836262984284616
WWOX-AS1	-0.5283208335737187
WWOX-AS2	-0.861654166907052
WWP1	-0.1793091733260921
WWP1-AS1	-1.5714151725553744
WWP1P1	-0.6666666666666666
WWP2	-0.28106945657103477
WWTR1	-0.7082626193303305
WWTR1-AS1	0.5283208335737186
WWTR1-IT1	-0.9357849740192014
XAB2	0.42505896074178473
XACT	0.0
XAF1	-1.9924266411666387
XAGE-4	0.0
XAGE1A	0.0
XAGE1B	0.0
XAGE2	0.0
XAGE3	0.0
XAGE5	0.0
XBP1	-0.3251789814372419
XBP1P1	0.7739760316291205
XCL1	0.10730936496245391
XCL2	0.861654166907052
XCR1	0.3333333333333333
XDH	0.0
XG	0.0
XGY1	0.0
XIAP	-0.445414043860171
XIAP-AS1	0.22602396837087957
XIAPP1	0.0
XIAPP2	0.4358095083974156
XIAPP3	0.3333333333333333
XIRP1	0.0
XIRP2	0.06421502598079876
XIRP2-AS1	0.0
XIST	0.6666666666666666
XK	0.0
XKR3	0.0
XKR4	0.3333333333333333
XKR4-AS1	0.0
XKR5	0.0
XKR6	0.0
XKR7	0.0
XKR8	-0.1058098484661576
XKR9	1.107309364962454
XKRX	0.0
XKRY	0.0
XKRYP1	0.0
XKRYP2	0.0
XKRYP3	0.0
XKRYP4	0.0
XKRYP5	0.0
XKRYP6	0.0
XKRYP7	0.0
XNDC1N	-0.7775251130289571
XPA	0.37559059926297245
XPC	0.4926824322682153
XPC-AS1	-0.05554995646981764
XPNPEP1	-0.07441699688410619
XPNPEP2	-2.3022968652028393
XPNPEP3	0.4532474897683283
XPO1	-0.05980241887264093
XPO4	-0.1995695578749377
XPO5	-0.13245762677046002
XPO6	0.47486685286565233
XPO7	-0.19310842459207578
XPOT	-0.848638422022324
XPOTP1	0.19498750024038541
XPOTP2	-0.19498750024038541
XPOTP3	-0.861654166907052
XPR1	0.9601195560366271
XRCC1	-0.43495152717614083
XRCC2	-0.0013370788929991662
XRCC3	0.30238850852793053
XRCC4	-0.36690462158273274
XRCC5	-0.9346316092583038
XRCC6	-0.10893879189104538
XRCC6P1	0.5283208335737187
XRCC6P2	-0.3333333333333333
XRCC6P3	0.0
XRCC6P4	-0.3333333333333333
XRCC6P5	0.0
XRN1	0.22111811718549923
XRN2	0.12170407040143694
XRRA1	0.12377204061650904
XTBD1	-0.0590569994634933
XTBD1P3	0.0
XXYLT1	0.1858515486964869
XXYLT1-AS1	0.0
XXYLT1-AS2	-0.861654166907052
XYLB	-0.4859935279567926
XYLT1	0.0
XYLT2	0.08879780597456932
YAE1	-0.06952887393714047
YAE1-DT	-0.6666666666666666
YAF2	-0.16195539545414128
YAP1	-0.7220809617618382
YAP1-DT	-0.5426770742043479
YAP1P1	0.0
YAP1P2	0.0
YAP1P3	0.0
YARS1	-0.49896411225857484
YARS2	-0.6665485151925994
YBEY	0.7875419126139844
YBX1	-0.5000355831861434
YBX1P1	0.0
YBX1P10	0.3333333333333333
YBX1P2	0.0
YBX1P3	0.0
YBX1P4	0.19498750024038541
YBX1P5	0.0
YBX1P6	0.0
YBX1P7	0.0
YBX1P8	0.0
YBX1P9	0.0
YBX2	0.19498750024038536
YBX2P1	0.0
YBX2P2	0.0
YBX3	-0.07940921318470018
YBX3P1	0.3333333333333333
YDJC	-0.4623707245247788
YEATS2	0.7099500194453743
YEATS2-AS1	0.9123218647220686
YEATS4	0.6369422218601963
YES1	0.3669202331438459
YES1P1	-0.6666666666666666
YIF1A	0.02061706595352497
YIF1B	0.26976547198293055
YIPF1	0.4441917796956245
YIPF2	0.18316466151829047
YIPF3	0.3707132709120602
YIPF4	0.28451043612445126
YIPF5	0.10297974232738216
YIPF6	0.026336016120021455
YIPF7	0.0
YJEFN3	0.33333333333333326
YJU2	0.3328192783971975
YJU2B	0.8154034769246543
YKT6	0.60319474510265
YKT6P1	0.0
YLPM1	0.34970422275366
YME1L1	0.142418418757579
YME1L1P1	0.0
YOD1	-0.10398562150066937
YPEL1	2.071439706933589
YPEL2	0.7475444045913573
YPEL3	0.33688241473316927
YPEL3-DT	-1.3022968652028393
YPEL4	-0.19498750024038536
YPEL5	1.170071469161189
YPEL5P1	0.0
YPEL5P2	0.0
YPEL5P3	0.0
YPEL5P4	0.0
YRDC	-0.27456799775100116
YRDCP1	0.19498750024038536
YRDCP2	0.19498750024038536
YRDCP3	0.0
YTHDC1	0.20946633399588865
YTHDC2	0.04273994985406837
YTHDF1	0.2827704830863187
YTHDF1P1	0.0
YTHDF2	-0.8500592706893935
YTHDF2P1	-0.861654166907052
YTHDF3	0.28420540560589025
YTHDF3-DT	0.3589385323502765
YTHDF3P1	0.0
YWHAB	0.20628556156751543
YWHABP1	0.0
YWHABP2	1.0
YWHAE	0.23175704590969026
YWHAEP1	0.0
YWHAEP2	0.0
YWHAEP3	0.0
YWHAEP4	0.0
YWHAEP5	-0.1383458330929479
YWHAEP7	0.0
YWHAG	0.23357214466570753
YWHAH	0.5330101170990105
YWHAH-AS1	-0.5283208335737186
YWHAQ	0.27574121946450525
YWHAQP1	0.0
YWHAQP10	0.0
YWHAQP4	0.6666666666666666
YWHAQP5	0.7233083338141041
YWHAQP6	-0.33333333333333326
YWHAQP7	0.0
YWHAQP8	-0.3333333333333333
YWHAQP9	0.0
YWHAZ	0.2922524580445973
YWHAZP1	0.0
YWHAZP10	0.0
YWHAZP2	0.3333333333333333
YWHAZP3	0.3333333333333333
YWHAZP4	-0.5283208335737187
YWHAZP5	0.0
YWHAZP6	0.0
YWHAZP7	0.0
YWHAZP8	0.0
YY1	-0.21142565994640883
YY1-DT	0.0
YY1AP1	0.5921320503573888
YY1P1	0.0
YY1P2	0.0
YY2	0.33333333333333337
Y_RNA	0.02301249945997999
ZACN	1.3899750004807705
ZACNP1	0.0
ZAN	0.0
ZAP70	-0.3333333333333333
ZAR1	0.0
ZAR1L	-0.19498750024038541
ZBBX	0.0
ZBED1	0.0
ZBED10P	-0.7520765256079986
ZBED11	-0.332262289801605
ZBED1P1	0.0
ZBED2	0.0
ZBED3	-1.4176602470566233
ZBED3-AS1	-0.24440448643503254
ZBED4	0.2621066060435524
ZBED5	0.39161792127155515
ZBED5-AS1	0.41028466669488095
ZBED6	-0.1383458330929479
ZBED8	0.5434827734013972
ZBED8L	0.37264266180439076
ZBED9-AS1	0.861654166907052
ZBP1	0.0
ZBTB1	-0.09949610251456775
ZBTB10	0.2657035972471631
ZBTB11	0.8271683394224896
ZBTB11-AS1	-0.12479850492716626
ZBTB12	-1.2976949320278286
ZBTB12BP	1.0741308071121494
ZBTB14	-0.30009652903610196
ZBTB16	-0.7739760316291205
ZBTB17	0.17164285340153373
ZBTB18	-0.9493323021849835
ZBTB2	-1.2242770029157102
ZBTB20	-0.31518407199254117
ZBTB20-AS1	-0.6666666666666666
ZBTB20-AS2	0.0
ZBTB20-AS3	0.0
ZBTB20-AS4	0.0
ZBTB20-AS5	0.05066769781501668
ZBTB21	0.533469578309572
ZBTB22	0.49833093462008016
ZBTB24	-0.8330775422317576
ZBTB24-DT	0.0
ZBTB25	0.7876582730646788
ZBTB26	-0.03683869460501388
ZBTB2P1	0.0
ZBTB3	0.9224310744983955
ZBTB32	-0.6356301985361728
ZBTB33	-0.41307064748085676
ZBTB34	0.11871052369426138
ZBTB35	0.05047011233764742
ZBTB37	0.12115328492845912
ZBTB38	-1.269769211127989
ZBTB39	-0.057713315114784614
ZBTB4	-0.24497064513274314
ZBTB40	-0.0037336660361022567
ZBTB40-IT1	-0.19498750024038536
ZBTB41	0.41371915934202086
ZBTB42	0.7381063736002558
ZBTB43	-0.007694537704346693
ZBTB44	0.11235436314846581
ZBTB44-DT	0.0
ZBTB45	-0.26654462833118364
ZBTB45P1	0.0
ZBTB45P2	0.0
ZBTB46	0.7476655508657499
ZBTB46-AS1	0.0
ZBTB46-AS2	0.0
ZBTB47	-0.8840255655265641
ZBTB47-AS1	0.16669120104488044
ZBTB48	0.7159662317041047
ZBTB49	0.6590933078333054
ZBTB5	0.24771131676194713
ZBTB6	-0.3155892777268381
ZBTB7A	0.6475898780266354
ZBTB7B	-1.4716791664262816
ZBTB7C	0.3333333333333333
ZBTB7C-AS2	0.0
ZBTB8A	-1.5923046028311556
ZBTB8B	-0.8616541669070521
ZBTB8OSP1	0.0
ZBTB8OSP2	0.0
ZBTB9	0.0
ZC2HC1A	0.616604584612154
ZC2HC1B	0.0
ZC2HC1C	0.3899750004807707
ZC3H10	2.1645632264621546
ZC3H11A	0.3703437707962478
ZC3H11B	-0.861654166907052
ZC3H11C	0.0
ZC3H11D	0.0
ZC3H12A	1.272723148314955
ZC3H12B	-0.07815508454567466
ZC3H12C	-0.013065723605647506
ZC3H12D	-1.62482303930538
ZC3H13	-0.11186767726147906
ZC3H14	0.47083480874103145
ZC3H15	0.04107620961057279
ZC3H18	0.15783783520891248
ZC3H3	-0.22999212182150064
ZC3H4	-0.1759829649438629
ZC3H6	2.828525923634396
ZC3H7A	-0.26725137625232254
ZC3H7B	-0.6796059389176357
ZC3H8	-0.2587462658957227
ZC3HAV1	0.03334336234463198
ZC3HAV1L	-0.7253495297936183
ZC3HC1	-0.5692049234779306
ZC4H2	0.20030134819672618
ZCCHC10	-0.5225615030964406
ZCCHC10P1	0.0
ZCCHC10P2	0.0
ZCCHC12	1.2691183073525347
ZCCHC13	0.0
ZCCHC14	0.7225883684225778
ZCCHC17	0.5582874223782959
ZCCHC18	0.0
ZCCHC2	0.5789157590063505
ZCCHC24	1.081710448543829
ZCCHC3	-0.8872063129869936
ZCCHC4	-0.6262101864102352
ZCCHC7	-0.11871460340842432
ZCCHC8	-0.3365477692944836
ZCCHC9	0.2682136328052147
ZCRB1	0.5677763233910644
ZCRB1P1	0.0
ZCWPW1	0.5382366147050692
ZCWPW2	0.44064269829578745
ZDBF2	0.6534555135211892
ZDHHC1	-0.19498750024038541
ZDHHC11	1.1949875002403854
ZDHHC11B	0.0
ZDHHC12	1.3538354243377375
ZDHHC12-DT	1.7000455570951507
ZDHHC13	0.6193396664302533
ZDHHC14	0.24521979888852696
ZDHHC15	0.0
ZDHHC16	0.8123542977163405
ZDHHC17	0.5018215773345922
ZDHHC18	0.394158252292546
ZDHHC19	0.0
ZDHHC1P1	0.0
ZDHHC2	-0.4591035736743505
ZDHHC20	0.03442122052088514
ZDHHC20-IT1	0.3333333333333333
ZDHHC20P1	0.0
ZDHHC20P2	0.0
ZDHHC20P3	0.0
ZDHHC20P4	0.0
ZDHHC21	0.3044303379853197
ZDHHC22	0.0
ZDHHC23	-0.6920989000468545
ZDHHC24	0.3378275504485444
ZDHHC3	0.6548977104213476
ZDHHC4	0.7873153916822506
ZDHHC4P1	0.0
ZDHHC5	-2.0706128139202917e-05
ZDHHC6	0.28306854074025445
ZDHHC7	0.19974235670696316
ZDHHC8	0.6602970590174317
ZDHHC8BP	0.0
ZDHHC9	-0.1596534448579039
ZEB1	0.47639998693321317
ZEB1-AS1	1.0181260693103584
ZEB2	0.3333333333333333
ZEB2-AS1	0.0
ZEB2P1	0.0
ZER1	1.4084866073802509
ZFAND1	-0.11889783768268014
ZFAND2A	-0.4326759035349923
ZFAND2A-DT	-0.08521829182273244
ZFAND2AP1	0.0
ZFAND2AP2	-0.3333333333333333
ZFAND2B	1.1489361138328498
ZFAND3	0.18195134723334316
ZFAND3-DT	1.3333333333333335
ZFAND4	1.111141244575065
ZFAND5	0.5731706590608718
ZFAND6	0.45123780364682986
ZFAND6P1	0.0
ZFAS1	0.35808382220141866
ZFAT	-0.04134708798112463
ZFAT-AS1	0.0
ZFC3H1	0.5642863740367483
ZFHX2	1.3947747935009764
ZFHX2-AS1	1.5283208335737188
ZFHX3	-0.4626276960738185
ZFHX3-AS1	0.8009882223260893
ZFHX3-AS2	0.0
ZFHX3-AS3	0.0
ZFHX4	-0.5283208335737186
ZFP1	0.28587275493205855
ZFP14	0.4083613391142382
ZFP14-AS1	-0.5283208335737186
ZFP2	-1.4406426982957872
ZFP28	0.0
ZFP28-DT	0.0
ZFP3	0.0
ZFP3-DT	0.0
ZFP30	0.20222941075477152
ZFP36	2.8114558672229717
ZFP36L1	-0.5664969629158474
ZFP36L2	0.4596286119270534
ZFP37	-1.3058459466026757
ZFP41	0.6100249995192293
ZFP42	0.0
ZFP57	0.0
ZFP62	-0.25078199153547764
ZFP64	-0.7381688644517448
ZFP64P1	0.0
ZFP69	-0.15443088929535342
ZFP69B	-1.193931740547491
ZFP69B-DT	0.0
ZFP82	0.054346205285689564
ZFP90	0.6101458159405881
ZFP91	-0.7701701158683258
ZFP91-CNTF	0.0
ZFP91P1	-0.5283208335737187
ZFP92	0.0
ZFPL1	0.4309272497426151
ZFPM1	0.36888188348540485
ZFPM1-AS1	-0.9999999999999999
ZFPM2	0.0
ZFPM2-AS1	-0.1531438728790988
ZFR	-0.06393575453286715
ZFR2	0.0
ZFRP1	0.0
ZFTA	-0.695992281243047
ZFTRAF1	0.5151991599123962
ZFX	-0.39253024407336756
ZFX-AS1	-1.1949875002403854
ZFY	-0.3969955389900477
ZFY-AS1	-0.19498750024038541
ZFYVE1	2.555808220304377
ZFYVE16	0.5039960538390398
ZFYVE19	0.034426557310471395
ZFYVE21	0.14133333471574439
ZFYVE26	0.3611435110849577
ZFYVE27	0.6741869342669293
ZFYVE28	0.6666666666666666
ZFYVE9	0.43371537263185544
ZFYVE9P1	0.0
ZFYVE9P2	0.0
ZG16	-0.3333333333333333
ZG16B	-0.33333333333333326
ZGLP1	-1.1949875002403854
ZGPAT	0.8364233831356938
ZGRF1	0.06339154664743418
ZHX1	-0.42578554533440993
ZHX1-C8orf76	0.1383458330929479
ZHX2	-1.5255525201437958
ZHX2-AS1	-0.5283208335737186
ZHX3	0.783891812760471
ZIC1	0.0
ZIC2	0.0
ZIC3	0.0
ZIC4	0.0
ZIC4-AS1	0.0
ZIC5	0.3333333333333333
ZIK1	0.5878544172719913
ZIK1P1	0.0
ZIM2	-0.9385251429541914
ZIM2-AS1	0.5606080133245817
ZIM3	0.0
ZKSCAN1	0.3475533484546336
ZKSCAN2	0.9236986400656093
ZKSCAN2-DT	0.2593418968487242
ZKSCAN3	0.5705620619059495
ZKSCAN4	-0.6025016257891052
ZKSCAN5	0.617162935439902
ZKSCAN7	-0.11016336946359573
ZKSCAN7-AS1	0.0
ZKSCAN7P1	0.0
ZKSCAN8	0.18609126818912003
ZKSCAN8P1	1.6356301985361728
ZKSCAN8P2	0.0
ZMAT1	0.19498750024038541
ZMAT2	0.3914914430599339
ZMAT3	-0.8803695870828214
ZMAT4	0.0
ZMAT5	0.11222129200366293
ZMIZ1	0.6743429639558212
ZMIZ1-AS1	-0.9508142705287144
ZMIZ2	0.9689597952710987
ZMPSTE24	-0.47501228812590846
ZMPSTE24-DT	-0.2456551980554018
ZMYM1	1.0168320244868063
ZMYM2	-0.10561632527166331
ZMYM3	-0.46164298652194713
ZMYM4	-0.25122006625982163
ZMYM4-AS1	0.0
ZMYM5	0.6872510032674759
ZMYM6	0.5032520521773272
ZMYND10	-0.19498750024038541
ZMYND10-AS1	0.0
ZMYND11	-0.5821297899403106
ZMYND12	1.0
ZMYND15	-0.6666666666666667
ZMYND19	0.07125291654683874
ZMYND19P1	0.4406426982957875
ZMYND8	-0.7794915615933782
ZNF10	0.7781039397810652
ZNF100	0.3914187378848766
ZNF101	-0.17857095497398667
ZNF101P1	0.0
ZNF101P2	0.3333333333333333
ZNF106	0.022545985060697937
ZNF107	0.1946090120410071
ZNF112	0.1861634297866548
ZNF114	-1.3811509300270401
ZNF114-AS1	0.0
ZNF114P1	0.0
ZNF117	2.8992069911354355
ZNF12	0.17152439094325267
ZNF121	-0.10981256675623818
ZNF123P	0.0
ZNF124	0.24562380415511775
ZNF132	-0.13834583309294812
ZNF132-DT	-0.33333333333333326
ZNF133	-1.2182972373955825
ZNF133-AS1	0.0
ZNF134	0.5859826020116223
ZNF135	0.0
ZNF136	0.11569082870461145
ZNF137P	0.033178557850304546
ZNF138	0.37826956522395694
ZNF14	0.8475569263349056
ZNF140	0.25557097918675264
ZNF141	0.0
ZNF142	-0.15078170400065805
ZNF143	0.5713115418369559
ZNF143-AS1	-0.027204588517883543
ZNF146	0.2047740157298339
ZNF148	-0.11412885393739014
ZNF154	1.1073093649624537
ZNF155	-0.8851172762041846
ZNF157	0.0
ZNF16	0.03849240580664581
ZNF160	-0.1719171213423456
ZNF165	-2.0566416671474377
ZNF169	-1.162666923611356
ZNF17	0.623923646364398
ZNF174	0.19991802490084343
ZNF175	-0.26934956407589583
ZNF177	0.0
ZNF18	0.8034131102586741
ZNF180	0.6390394960943828
ZNF181	0.20979914644205788
ZNF182	0.10664651393130242
ZNF184	0.5692772461031668
ZNF185	-0.5701644609350054
ZNF189	-0.11824188338317576
ZNF19	0.0665214972940622
ZNF195	-0.174129839050166
ZNF197	0.29266982520712936
ZNF2	0.1129563603841186
ZNF20	0.33333333333333326
ZNF200	0.4663653184699399
ZNF202	-0.17124253198414596
ZNF204P	0.0
ZNF205	0.2410532648803918
ZNF207	0.3054227586121918
ZNF208	0.3333333333333333
ZNF209P	0.0
ZNF211	0.9019908448411513
ZNF212	0.03333192999224055
ZNF213	0.7467714431112369
ZNF213-AS1	0.6481332640528343
ZNF214	-1.7963474302486329
ZNF215	0.0
ZNF217	-0.028887530745507206
ZNF217-AS1	0.03254162850465825
ZNF219	-1.4223866328677124
ZNF22	-0.8616541669070521
ZNF22-AS1	-1.4074641404454828
ZNF221	0.5789885313887351
ZNF222	0.8231617611004065
ZNF222-DT	0.0
ZNF223	-0.4864772062124325
ZNF224	0.8001793098612433
ZNF225	-0.09513407295408305
ZNF225-AS1	0.3333333333333333
ZNF226	0.7142156872289291
ZNF227	0.009234309596616974
ZNF229	0.0
ZNF23	0.3197860051675514
ZNF230	0.31851210151674714
ZNF230-DT	0.7173343644816832
ZNF232	-0.12398959246231911
ZNF232-AS1	-0.44064269829578717
ZNF233	0.39540626959432146
ZNF234	-0.5209879219797573
ZNF235	0.9326923694898648
ZNF236	0.11308186370181161
ZNF236-DT	0.276691666185896
ZNF239	0.0
ZNF24	-0.37191815248060145
ZNF248	0.025328951013053214
ZNF248-AS1	0.5283208335737187
ZNF24TR	0.0
ZNF25	0.8812853965915748
ZNF25-DT	0.0
ZNF250	0.7315998900271135
ZNF251	0.44115951548358723
ZNF252P	0.3819751836054346
ZNF252P-AS1	0.44064269829578717
ZNF253	0.06366850149739811
ZNF254	-0.45067395721130943
ZNF256	-0.05348822406441567
ZNF257	-0.33333333333333337
ZNF26	0.6751339577060289
ZNF260	0.1588807756626398
ZNF263	-0.5433501300832311
ZNF264	0.7482381276161316
ZNF266	0.4759843682849558
ZNF267	-0.1539132929246021
ZNF268	0.09251251410468608
ZNF271P	-0.13850827131336185
ZNF273	0.5390630427258891
ZNF274	0.5674263448796566
ZNF275	-0.4521083299916837
ZNF276	0.4412046850545188
ZNF276-AS1	0.0
ZNF277	0.4873531381668954
ZNF277-AS1	0.3333333333333333
ZNF28	0.8125035253820698
ZNF280A	0.6391792799360099
ZNF280B	0.4676879733962611
ZNF280C	1.1326770246577187
ZNF280D	-0.40215029248914114
ZNF281	0.37614900182106936
ZNF282	-0.10587831678290005
ZNF283	0.03571628588692999
ZNF284	0.6618334767682952
ZNF285	0.33333333333333326
ZNF285BP	0.3333333333333333
ZNF285CP	0.0
ZNF285DP	0.0
ZNF286A	0.19199123916463368
ZNF286A-TBC1D26	0.0
ZNF286B	-0.7246764665916832
ZNF287	0.0
ZNF292	0.15553744722654006
ZNF295-AS1	-0.47167916642628127
ZNF296	-0.8383913901880982
ZNF299P	0.0
ZNF29P	0.0
ZNF3	-0.5116056349186344
ZNF30	0.733504440425246
ZNF30-AS1	0.0
ZNF300	-2.1328232165867864
ZNF300P1	0.0
ZNF302	-0.3333333333333333
ZNF304	0.43211699941234727
ZNF311	0.3333333333333333
ZNF316	0.43210125984958214
ZNF317	0.271858476287524
ZNF317P1	0.0
ZNF318	0.45129736522023567
ZNF319	-0.19163627868574507
ZNF32	-1.2476048899542977
ZNF32-AS1	-0.6666666666666666
ZNF32-AS2	0.0
ZNF320	0.0
ZNF321P	0.7085102940279526
ZNF322	0.43784237468096077
ZNF322P1	0.0
ZNF324	1.045834507916645
ZNF324B	0.22602396837087912
ZNF326	-0.3509183499222024
ZNF329	0.3656192119505448
ZNF331	-0.4757822135992358
ZNF333	1.5332670032322628
ZNF334	0.5661040542541063
ZNF335	0.4516983196075204
ZNF337	0.3098702240362008
ZNF337-AS1	1.0407988771199093
ZNF33A	-0.46052093157591845
ZNF33B	0.4728401129880666
ZNF33BP1	0.6666666666666666
ZNF33CP	0.0
ZNF34	0.4074641404454824
ZNF341	0.21247664020509704
ZNF341-AS1	0.0
ZNF343	-0.30380881069099885
ZNF345	0.41738202989701945
ZNF346	0.11437800426275757
ZNF346-IT1	-1.2914897059720474
ZNF347	1.4065136256359558
ZNF35	0.5283208335737187
ZNF350	0.5961652982687622
ZNF350-AS1	-0.5283208335737187
ZNF354A	-0.32252617410254114
ZNF354B	-0.3624876137501145
ZNF354C	0.0
ZNF355P	0.0
ZNF358	-0.4641058075929201
ZNF362	-0.5756356408855394
ZNF365	0.0
ZNF366	0.0
ZNF367	-0.011392371772696919
ZNF37A	-0.5063803588371583
ZNF37BP	-0.18701769571408633
ZNF37CP	0.0
ZNF382	0.8380851008998897
ZNF383	-0.3864647779833801
ZNF384	0.09947072347229202
ZNF385A	1.4406426982957874
ZNF385B	1.1949875002403854
ZNF385C	-2.3715944824166177
ZNF385D	0.0
ZNF385D-AS1	0.0
ZNF385D-AS2	0.0
ZNF391	-0.2631443380201137
ZNF394	0.3168850730903836
ZNF395	-1.4284285473849696
ZNF396	-1.1307724742595866
ZNF397	0.6301342940352006
ZNF398	0.24313255712319037
ZNF402P	-0.5283208335737187
ZNF404	1.681464706452818
ZNF407	-0.03286207324068435
ZNF407-AS1	-0.7198720925183082
ZNF408	0.18314989945510174
ZNF41	0.08277045983461662
ZNF410	0.5650484728238601
ZNF414	0.12843005196159707
ZNF415	-0.3333333333333333
ZNF415P1	0.0
ZNF416	0.3038962547037789
ZNF417	0.37782832477425643
ZNF418	0.138345833092948
ZNF419	0.11516552200858854
ZNF420	0.6628347870540559
ZNF423	0.0
ZNF425	0.35296456301785617
ZNF426	0.48838578547951883
ZNF426-DT	-1.0566416671474372
ZNF428	0.25819117285797155
ZNF429	0.992793319298749
ZNF43	0.1429029231983785
ZNF430	0.41766024705662375
ZNF431	0.7479069769256528
ZNF432	-0.6813249307369773
ZNF433	1.5602956402398975
ZNF433-AS1	1.2051836068515258
ZNF436	0.28142674924371924
ZNF436-AS1	0.2604532378415536
ZNF438	0.3630016686862483
ZNF439	0.5005118832423383
ZNF44	0.23149856242793465
ZNF440	0.28357999080482355
ZNF441	0.7044296095394147
ZNF442	0.9533507817157556
ZNF443	-0.19338971303612418
ZNF444	-1.4067025395402162
ZNF444P1	0.0
ZNF445	0.5608244439521775
ZNF446	0.06764668622342507
ZNF449	1.0536081993281847
ZNF45	0.6800523754906607
ZNF45-AS1	0.6666666666666667
ZNF451	0.07156059607285314
ZNF451-AS1	0.13479675169311278
ZNF454	0.6666666666666666
ZNF454-DT	0.0
ZNF460	-0.20954386338112396
ZNF460-AS1	1.4096062301652936
ZNF461	0.7711388650106148
ZNF462	0.0
ZNF467	0.0
ZNF468	0.4858170848363521
ZNF469	0.0
ZNF470	0.0
ZNF470-DT	0.0
ZNF471	0.3333333333333333
ZNF473	0.18427613127106657
ZNF473-AS1	-1.3899750004807707
ZNF473CR	0.0
ZNF474	0.0
ZNF474-AS1	0.0
ZNF475	0.0
ZNF479	0.0
ZNF48	-0.11477068328930873
ZNF480	0.119822470796902
ZNF483	0.9502136993365289
ZNF484	-0.39058878275549347
ZNF485	-0.5849625007211561
ZNF486	0.31376687546478266
ZNF487	0.21953984748215483
ZNF488	-0.3333333333333333
ZNF490	0.07698481161329074
ZNF491	1.8232229826872701
ZNF492	0.0
ZNF493	0.6084524140997427
ZNF496	0.2001568651590615
ZNF497	0.3899750004807707
ZNF497-AS1	0.7233083338141041
ZNF497-AS2	0.0
ZNF500	-0.7503762840736559
ZNF501	-0.2879406245722107
ZNF502	0.0
ZNF503	0.09076223969066444
ZNF503-AS1	0.0
ZNF503-AS2	-0.42725698947179414
ZNF506	-0.3935240818806074
ZNF507	-0.31857589293624944
ZNF510	0.735232330986868
ZNF511	-0.18699642992447352
ZNF511-PRAP1	0.0
ZNF512	0.2555374408971973
ZNF512B	-0.10528346999819505
ZNF513	0.9196639668320681
ZNF514	0.05507114602817076
ZNF516	0.024091462557993104
ZNF516-AS1	0.4566498699167685
ZNF516-DT	0.19498750024038536
ZNF517	-0.5588643253955743
ZNF518A	0.2857369964494971
ZNF518B	0.44064269829578745
ZNF519	0.29378516783379327
ZNF519-AS1	0.5283208335737187
ZNF519P1	0.0
ZNF519P2	0.0
ZNF519P3	0.0
ZNF519P4	0.0
ZNF521	0.0
ZNF524	-0.9345342623988322
ZNF525	0.3288000587125195
ZNF526	-0.2194452290171256
ZNF527	1.0553732617084455
ZNF528	0.743819388345849
ZNF528-AS1	-0.38400103114834994
ZNF529	0.8327497687234668
ZNF529-AS1	0.14915299232374002
ZNF530	0.1901543103420149
ZNF532	0.0
ZNF534	-0.3333333333333333
ZNF536	0.0
ZNF536-AS1	0.0
ZNF540	2.071439706933589
ZNF541	0.0
ZNF542P	0.4805071402598431
ZNF543	0.4399157579982429
ZNF544	0.3741423425337267
ZNF546	-0.17572872314731836
ZNF547	0.7739760316291207
ZNF548	-0.22668408974695886
ZNF549	0.3726392326579946
ZNF550	0.15587400543030938
ZNF551	-0.4727708771039021
ZNF552	0.5643946340460966
ZNF554	1.323695769361588
ZNF555	0.35605144116936316
ZNF555-AS1	-0.3333333333333333
ZNF556	0.16978351204829334
ZNF557	0.6254158639809448
ZNF558	0.3383514485740964
ZNF559	0.8124684374357645
ZNF559-ZNF177	0.0
ZNF560	0.3333333333333333
ZNF561	0.019842408566769443
ZNF561-AS1	0.37642767231498864
ZNF562	-0.13236413516434364
ZNF563	-0.1533751296024608
ZNF564	-0.2592025262211839
ZNF565	-0.17152439094325267
ZNF566	0.7952421704034256
ZNF566-AS1	-0.5283208335737186
ZNF567	0.8251243875021057
ZNF567-DT	0.7543448019445982
ZNF568	0.4210114686112645
ZNF569	0.2616399280278081
ZNF56P	0.2788337559057068
ZNF57	-0.48647720621243185
ZNF570	-0.009235643056614506
ZNF571	0.18082911945495272
ZNF571-AS1	0.5283208335737187
ZNF572	0.2132323391124391
ZNF573	-1.3883693283815126
ZNF574	0.067022320914913
ZNF575	-0.19498750024038536
ZNF576	-0.7133100870481583
ZNF577	-0.577184999444281
ZNF578	-0.3333333333333333
ZNF579	-0.7097610056483217
ZNF580	-0.5232852027769823
ZNF581	-0.2235256626984219
ZNF582	-0.3899750004807705
ZNF582-DT	0.19498750024038541
ZNF583	-0.031036468130493766
ZNF584	-0.414920078121634
ZNF584-DT	0.33902450445298005
ZNF585A	0.526973778499765
ZNF585B	0.11828090578669936
ZNF586	0.6723753533422863
ZNF587	0.19064232407535098
ZNF587B	-0.8659566615001797
ZNF587P1	-0.33333333333333337
ZNF589	0.5962037839913998
ZNF592	0.3874245076254752
ZNF593	0.0
ZNF593OS	0.6666666666666666
ZNF594	0.7213104874487435
ZNF594-DT	0.6666666666666666
ZNF595	0.0
ZNF596	0.7618007396207496
ZNF597	0.39963468947135894
ZNF598	0.3930699115378431
ZNF599	0.2780637023433057
ZNF600	-0.0799812522531127
ZNF602P	-0.19498750024038536
ZNF603P	-0.3333333333333333
ZNF605	-0.1035227442409381
ZNF606	0.15646802520703051
ZNF606-AS1	-0.9037867088741836
ZNF607	0.3101530222489757
ZNF608	-0.9536347967781129
ZNF609	0.05308078187301124
ZNF610	0.723308333814104
ZNF611	0.30357755396763686
ZNF613	0.4005691956551134
ZNF614	-0.3946607338328434
ZNF615	0.5241040488194981
ZNF616	-0.020570538525507942
ZNF618	0.3333333333333333
ZNF619	0.2497247343800213
ZNF619P1	0.0
ZNF620	0.18833136149618745
ZNF621	-0.2828359745100828
ZNF622	-0.24135194441535912
ZNF622P1	0.0
ZNF623	0.5579519957452073
ZNF624	-0.31007055661438
ZNF625	-0.5789885313887353
ZNF625-ZNF20	0.0
ZNF626	0.4810172918161477
ZNF627	0.9855478769352066
ZNF628	0.6666666666666665
ZNF628-DT	-0.33333333333333326
ZNF629	-0.5853239425622707
ZNF630	0.0
ZNF630-AS1	0.0
ZNF638	0.015511684075952381
ZNF639	-0.100584828940395
ZNF641	0.09578791173184431
ZNF644	-0.1640367467249657
ZNF646	0.11717011221996909
ZNF646P1	0.0
ZNF648	0.3333333333333333
ZNF649	-0.2973342492336304
ZNF649-AS1	-0.1383458330929479
ZNF652	-0.2186240661021479
ZNF652-AS1	0.19498750024038541
ZNF652P1	0.0
ZNF653	-0.29148970597204693
ZNF654	0.7291199100625105
ZNF655	0.6028760215120137
ZNF658	0.8338338633427709
ZNF658B	0.3333333333333333
ZNF66	1.5497981244387184
ZNF660	-0.4765899143196535
ZNF662	0.0
ZNF663P	0.0
ZNF664	-0.0494455231880675
ZNF665	-0.19498750024038536
ZNF667	0.0
ZNF667-AS1	0.0
ZNF668	-0.37182573913997885
ZNF669	-0.5885115821209923
ZNF670	-0.4958884331220803
ZNF670-ZNF695	-0.19498750024038514
ZNF671	-0.4406426982957875
ZNF672	0.34388995942641465
ZNF674	0.23171513949052658
ZNF674-AS1	-0.4417623689924257
ZNF675	0.6646878978337929
ZNF676	0.0
ZNF677	0.0
ZNF678	0.38743179690356566
ZNF679	0.0
ZNF680	0.5896567245819622
ZNF680P1	0.0
ZNF681	0.0
ZNF682	0.15672635115710154
ZNF683	0.0
ZNF684	0.2021271614520206
ZNF687	0.6361253869961256
ZNF687-AS1	0.10730936496245413
ZNF688	-0.35339826063958224
ZNF689	-1.266644290439224
ZNF69	0.029199394948166812
ZNF691	0.4423271075378823
ZNF691-DT	-0.723308333814104
ZNF692	-0.13755553160536582
ZNF692-DT	0.0
ZNF695	-0.013547328165781636
ZNF696	-0.015768571592785996
ZNF697	0.4804792699816103
ZNF699	1.3840010311483506
ZNF7	0.21628930348448616
ZNF70	0.963492501905896
ZNF700	-0.4578915692837491
ZNF701	1.237429664543038
ZNF702P	0.0
ZNF703	-0.14204933592977298
ZNF704	-0.41269625952723743
ZNF705A	0.0
ZNF705B	0.0
ZNF705CP	0.0
ZNF705D	0.0
ZNF705EP	-1.1949875002403854
ZNF705G	0.0
ZNF706	0.6652136957299222
ZNF707	1.2579987750370578
ZNF708	0.08784178458009073
ZNF709	0.02346310929713269
ZNF70P1	0.0
ZNF71	0.14580177076909884
ZNF710	-0.7678232853406151
ZNF710-AS1	-0.694962965862171
ZNF711	-1.3333333333333335
ZNF713	0.47913510410243276
ZNF714	-0.08811619134908888
ZNF716	0.0
ZNF717	0.0
ZNF718	0.0
ZNF721	-0.0019088703423193465
ZNF722	0.0
ZNF723	0.0
ZNF724	0.22160526947012382
ZNF725P	0.0
ZNF726	0.0
ZNF727	0.0
ZNF728	0.0
ZNF729	0.0
ZNF72BP	0.0
ZNF730	0.0
ZNF731P	0.8853096740251001
ZNF732	0.0
ZNF733P	0.0
ZNF734P	0.0
ZNF735	0.0
ZNF736	0.0
ZNF736P10Y	0.0
ZNF736P11Y	0.0
ZNF736P12Y	0.0
ZNF736P1Y	0.0
ZNF736P2Y	0.0
ZNF736P3Y	0.0
ZNF736P4Y	0.0
ZNF736P5Y	0.0
ZNF736P6Y	0.0
ZNF736P7Y	0.0
ZNF736P8Y	0.0
ZNF736P9Y	0.0
ZNF737	0.6052805450282293
ZNF738	0.6987559865723343
ZNF74	0.016073353267611168
ZNF740	0.1998201909360633
ZNF746	0.40946447678270115
ZNF747	0.5095067635538948
ZNF747-DT	-0.5925358595545176
ZNF749	-0.24196416702720747
ZNF750	0.8616541669070521
ZNF75A	0.0
ZNF75BP	1.0
ZNF75D	-0.050030080667755605
ZNF76	0.8218496955860708
ZNF761	0.2885781026461771
ZNF763	-0.5283208335737186
ZNF764	0.1988683500886772
ZNF765	0.6548017395700221
ZNF766	0.44720936619268414
ZNF767P	0.277351787561976
ZNF768	-0.12600807865386
ZNF77	-0.23191843619486807
ZNF770	-0.3542105610807269
ZNF771	-0.12588437722789436
ZNF772	0.2441405246520505
ZNF773	0.33906976334407357
ZNF774	-0.13834583309294812
ZNF775	1.207441009408361
ZNF775-AS1	0.0
ZNF776	0.27923027662166344
ZNF777	-0.3918832609179015
ZNF778	0.38779405185851434
ZNF778-DT	1.1874141414070243
ZNF780A	0.17626106545487463
ZNF780B	0.2377928124761901
ZNF781	0.47167916642628116
ZNF782	0.964835623717561
ZNF783	-0.8273838983791277
ZNF784	0.7915476372284274
ZNF785	-0.19498750024038536
ZNF786	0.21396318960199778
ZNF787	-0.020451575546605483
ZNF788P	-0.8306176987765583
ZNF789	0.5922352041230532
ZNF79	0.8607627888076097
ZNF790	0.13303198513660774
ZNF790-AS1	0.861654166907052
ZNF791	0.30971122309345134
ZNF792	-2.1828267261370993
ZNF793	0.861654166907052
ZNF793-AS1	0.0
ZNF799	0.4906522075063995
ZNF8	0.22909543753788864
ZNF8-DT	0.8381910576099192
ZNF8-ERVK3-1	1.7407974737788159
ZNF80	0.0
ZNF800	0.4316612457429425
ZNF804A	-0.3333333333333333
ZNF804B	0.0
ZNF805	0.10887129700000653
ZNF807P	0.0
ZNF808	-0.0873025801265026
ZNF81	0.328314797463805
ZNF812P	0.6666666666666666
ZNF813	-0.07878296239068305
ZNF814	0.6117272752242435
ZNF815P	-1.3899750004807707
ZNF816	0.24509241467114684
ZNF816-ZNF321P	0.0
ZNF818P	1.5563858760458613
ZNF821	0.4406426982957874
ZNF823	0.6057119809500628
ZNF826P	0.0
ZNF827	-0.771193584057948
ZNF829	0.018861176122123346
ZNF83	0.34515662898898025
ZNF830	0.2653788358390532
ZNF831	0.5283208335737187
ZNF833P	1.2184506095375178
ZNF835	0.0
ZNF836	0.22602396837087912
ZNF837	1.9837615716556571
ZNF839	-0.751747930892813
ZNF839P1	0.0
ZNF84	0.7142128080479084
ZNF84-DT	0.5283208335737187
ZNF840P	1.0
ZNF841	0.31731199213212413
ZNF843	0.0
ZNF844	1.2925493428612165
ZNF845	0.6042324554993801
ZNF846	0.7051590724733119
ZNF847P	0.0
ZNF849P	0.3333333333333333
ZNF85	0.25689605490792067
ZNF850	0.5904695033710761
ZNF850-DT	-1.0566416671474375
ZNF852	0.5821011529151807
ZNF853	-1.1537187663689195
ZNF859P	0.0
ZNF860	-0.42017585007440683
ZNF861P	0.0
ZNF862	1.0741308071121491
ZNF863P	0.0
ZNF865	-0.035523888066014475
ZNF875	0.3662110476661873
ZNF876P	0.0
ZNF877P	0.0
ZNF878	0.3963446081300055
ZNF879	0.5656630394850897
ZNF880	-0.3333333333333333
ZNF883	-1.3899750004807707
ZNF885P	0.0
ZNF886P	0.0
ZNF887P	-0.4210114686112645
ZNF888	-0.12481495123783137
ZNF888-AS1	0.8616541669070521
ZNF890P	-0.6666666666666666
ZNF891	0.24639675309357223
ZNF892	1.1949875002403854
ZNF90	1.0260008373337577
ZNF90P1	-0.19498750024038541
ZNF90P2	0.0
ZNF90P3	0.0
ZNF91	0.58777998545321
ZNF92	0.30079881243344175
ZNF92P1Y	0.0
ZNF92P2	0.0
ZNF93	1.1307724742595866
ZNF962P	0.0
ZNF965P	0.0
ZNF969P	0.0
ZNF970P	0.0
ZNF971P	0.0
ZNF98	0.0
ZNF99	0.3333333333333333
ZNFX1	-0.16090870576785932
ZNG1A	0.3521364334518875
ZNG1B	0.20665923819274123
ZNG1C	-0.3333333333333335
ZNG1DP	0.0
ZNG1E	0.10070653793572681
ZNG1F	0.4951422757234143
ZNHIT1	-0.07388793596854182
ZNHIT1P1	0.0
ZNHIT2	0.1425679703716689
ZNHIT3	0.2873694718461417
ZNHIT6	-0.574788519128858
ZNNT1	0.30229686520283927
ZNRD2	0.5310882086411253
ZNRD2-DT	0.9816194819358466
ZNRF1	-0.28705963071612217
ZNRF2	0.013392093710685948
ZNRF2P1	0.5768464416689247
ZNRF2P2	-1.1949875002403854
ZNRF2P3	0.0
ZNRF3	0.4985172700745082
ZNRF3-AS1	0.5048577242765862
ZNRF3-IT1	0.9816194819358468
ZNRF4	0.0
ZP1	0.0
ZP2	0.0
ZP3	0.0
ZP3P1	0.0
ZP3P2	0.0
ZP3RP	0.6666666666666666
ZP4	0.0
ZPBP	0.0
ZPBP2	0.0
ZPLD1	0.0
ZPLD2P	-1.9222867146098486
ZPR1	-0.21629701966064907
ZPR1P1	-0.3333333333333333
ZRANB1	0.42467780159435087
ZRANB2	0.2528313884105877
ZRANB2-AS1	-0.6666666666666667
ZRANB2-DT	0.0
ZRANB3	0.02035730116284107
ZRSR2	-0.22727467999124862
ZRSR2P1	0.0
ZSCAN1	0.0
ZSCAN10	-0.6666666666666666
ZSCAN12	-0.5227373785138703
ZSCAN12P1	-0.6666666666666666
ZSCAN16	0.24746551932675676
ZSCAN16-AS1	0.578988531388736
ZSCAN18	0.0
ZSCAN2	-0.1050523789699751
ZSCAN20	-0.4676548889927563
ZSCAN21	0.05895925402802593
ZSCAN22	0.8370207846775353
ZSCAN23	-0.3185352935471819
ZSCAN25	0.2993263100314518
ZSCAN26	0.2260878793746226
ZSCAN29	0.21094805817248208
ZSCAN30	0.623138630063286
ZSCAN31	-0.12545862630324756
ZSCAN32	1.5382366147050694
ZSCAN4	0.0
ZSCAN5A	-0.14011059964945272
ZSCAN5A-AS1	0.33333333333333337
ZSCAN5B	0.0
ZSCAN5C	-0.3333333333333333
ZSCAN5DP	0.861654166907052
ZSCAN9	-0.16033309043942
ZSWIM1	0.5612104768181796
ZSWIM2	0.0
ZSWIM3	0.039620269607473446
ZSWIM4	0.861654166907052
ZSWIM5	1.0201002441743823
ZSWIM5P1	0.0
ZSWIM5P2	0.0
ZSWIM5P3	0.0
ZSWIM6	2.751015063442974
ZSWIM7	0.2516291673878226
ZSWIM8	0.7436600421095427
ZSWIM8-AS1	0.0
ZSWIM9	-1.1269405946469768
ZUP1	0.40192266531053367
ZW10	-0.06190413433050779
ZWILCH	0.025646437137876177
ZWINT	-0.10575359920840732
ZXDA	0.3333333333333333
ZXDB	-0.18888489968177513
ZXDC	0.9902961813126749
ZYG11A	0.3333333333333333
ZYG11AP1	0.0
ZYG11B	1.2989810653252967
ZYX	0.14420337624226587
ZYXP1	0.0
ZZEF1	0.4216617991030214
ZZZ3	0.015200820588988861
hsa-mir-1253	0.0
hsa-mir-423	0.0
snoZ196	0.0
