gene	value
A1BG	0.4277053196791609
A2M	-0.9925385792031172
A2M-AS1	-0.2606741431054207
AACS	-0.016031987263859016
AADAC	0.03397638544943282
AADACP1	0.6260338765305562
AAK1	-0.027204357515747013
AAR2	0.3404269107196378
AARS	0.05696627386780406
AARS2	-0.1364450022474193
AASDHPPT	0.011981235494156195
AASS	0.2220540976649339
AATBC	-0.3069010935375993
AATF	0.5177545154778516
ABALON	-0.09764890080276079
ABCA1	-0.311683170497286
ABCA10	1.2721713288803755
ABCA11P	0.008985335153885998
ABCA3	0.4553307751159563
ABCA4	-0.15281945537977748
ABCA5	0.5799359737380039
ABCA7	0.3993697190228316
ABCA9	1.5006855332091977
ABCB1	0.03555786720706422
ABCB10	-0.49631988302117236
ABCB6	-0.3361554349197533
ABCC1	0.042349667648506006
ABCC10	0.1772053140672316
ABCC2	-0.36719240212632087
ABCC3	0.4795945278717708
ABCC5	0.18454050378805764
ABCC6	0.017239505848663406
ABCC6P1	0.06878536918704814
ABCC6P2	0.05181013229616882
ABCD1	0.49745438456616853
ABCD2	-0.21226208402512237
ABCD3	0.049528860446161005
ABCF2	-0.11798210582931823
ABCF3	0.018517967943989078
ABCG2	-1.2005906226798573
ABHD12	-0.08609508163472412
ABHD13	0.055517172071009924
ABHD14A	0.1975621636265421
ABHD15	0.25729290458432263
ABHD16B	0.1856757254572674
ABHD17A	0.5737740381120942
ABHD17B	0.06529234635715842
ABHD17C	-0.19843404371187745
ABHD18	-0.03315569805892782
ABHD3	-0.06797256258381434
ABHD4	0.281779433797511
ABHD5	0.1443337863694083
ABHD6	0.35997544193951914
ABHD8	0.2605258131856303
ABL1	0.10098529368048403
ABLIM2	0.45699327637658627
ABRACL	0.0084898474005346
ABRAXAS1	0.15771378590625407
ABRAXAS2	-0.085586778524263
ABT1	0.044635774117602445
ABTB2	-0.18590977194812908
ACAA2	0.2764060210561734
ACACB	-0.18604474918042246
ACAD8	0.15285677144675436
ACAD9	0.6145686414041771
ACADL	-0.007016638260857633
ACADSB	-0.026451828605822847
ACAP1	0.45125392277227805
ACAP2	0.0924766636766634
ACAP3	0.38720781114258074
ACAT1	0.002107958823917677
ACAT2	-0.13206320256082194
ACBD3	-0.3504095768556148
ACBD4	0.23453430967610078
ACBD6	0.07354068836410033
ACBD7	0.7782730696967257
ACE2	0.4149923885275708
ACER2	-0.024136536594463465
ACIN1	0.05745691918132856
ACKR2	-0.19271692826908993
ACKR3	1.7419039702015018
ACO2	-0.1043327057035679
ACOT1	0.1296376623659512
ACOT12	0.3086476886323757
ACOT2	0.25729496509177263
ACOT4	0.24064824887588276
ACOT6	-0.04337880137622996
ACOT7	0.23734599747267815
ACOT8	0.058137518894965545
ACOX2	-0.045302594758882986
ACOX3	0.6682324040530361
ACP4	-0.19682867908012192
ACP6	0.24469263538019792
ACSL4	-0.539775899119411
ACSS3	-0.43751799608777464
ACTA1	2.114320506779874
ACTB	0.1175862041243878
ACTG1P20	0.3850437381880041
ACTN4	0.18337992055207497
ACTR10	0.3414588110076817
ACTR1A	0.2518594288912057
ACTR1B	-0.20142023223552208
ACTR5	0.053039407894081236
ACTR8	-0.01626295818047918
ACTRT3	-0.06119623851875744
ACVR1	0.201098544397317
ACVR2B	0.10840595270353504
ACVR2B-AS1	0.41708445557174656
ACYP2	0.22797008535673235
ADA	-0.09654756497047945
ADAL	-0.14250579391205553
ADAM10	-0.1920145151172843
ADAM11	0.9130603262203327
ADAM17	0.022931055053078353
ADAM19	-0.23663967551264076
ADAM1A	-0.31252411049227025
ADAM21	0.153767858369676
ADAM23	0.08509047858634045
ADAMTS1	-0.1764245158508757
ADAMTS10	2.1180227906140097
ADAMTS12	-0.12221927091083362
ADAMTS16	0.9556403397739692
ADAMTS19	-0.23103901087931966
ADAMTS3	-0.29823403304340346
ADAMTS4	0.8990819241675632
ADAMTS6	0.6969882342900782
ADAMTS9	-0.08459743343631843
ADAMTSL4-AS1	-0.14226441264969703
ADAMTSL5	0.6416059286564906
ADAP1	-0.17092618770990065
ADAP2	0.5928995284073442
ADAT2	-0.2713427121888383
ADAT3	0.4444981799050076
ADCK2	0.32320533113556493
ADCK5	0.17476570257546342
ADCY1	0.5530020332857459
ADCY10P1	0.0940537656712932
ADCY3	0.025376604459629526
ADCY6	-0.4022577110749239
ADCY7	0.46693261238047334
ADCY9	-0.641791487440134
ADD1	-0.03315058423417483
ADGRA2	0.7554811442948131
ADGRA3	-0.040394897237535865
ADGRD1	0.49606668010266475
ADGRF2	-0.39471236262309795
ADGRL3	0.8891995172263059
ADH1A	-0.543049280705139
ADH5	0.05247429755412103
ADHFE1	-0.17865191476786535
ADI1	-0.17713032086654934
ADIPOR2	-0.24685058176281682
ADIRF	0.766653954832015
ADM	0.39268787910753034
ADM2	0.30994088090049754
ADM5	0.12419918742888658
ADNP2	0.02063615726024448
ADO	0.0674497884015004
ADORA2A	-1.4976854106984263
ADORA2A-AS1	-0.7932661121743392
ADORA2B	0.016647371324743254
ADPRHL2	0.12532361019313587
ADPRM	-0.20938059338417325
ADRA2C	0.6185544750068734
ADRB1	0.6810513321063238
ADRB2	1.2929708452015345
ADSS	-0.5189000585667598
AEBP1	0.45406746041386414
AEBP2	-0.44034960815865887
AEN	-0.41328150723077073
AES	-0.3905616700032004
AFDN	-0.26721714469469404
AFDN-DT	-0.39309697174237446
AFF1	-0.02474736762953267
AFF1-AS1	-0.27032160060314814
AFF4	0.06668629499998158
AFG1L	0.24311868672189973
AFG3L2	-0.1189972612357888
AFM	-0.20751093456953118
AFMID	-0.18336253845470196
AFP	-0.5700282220930033
AGAP12P	-0.06266996896902466
AGAP3	0.027440417573174614
AGAP4	-0.00030869853925441504
AGAP5	-0.2424271459695584
AGAP6	-0.07632688382015118
AGAP7P	-0.4439018681788549
AGAP9	-0.17397235373503506
AGBL2	0.17198605832010472
AGBL3	-0.23347665128792494
AGFG2	-0.6719273574591114
AGGF1	0.07410744850879958
AGK	-0.15126355928563484
AGL	-0.06444558128448463
AGMAT	-0.2409723116338771
AGMO	0.05828517322530047
AGO4	0.42837418257230997
AGPAT3	-0.12671277067088793
AGPAT4	0.9628089247564628
AGPAT5	-0.2826019802689457
AGPS	-0.07500349569627396
AGRN	-0.3106831258532359
AGT	-0.7086661579741849
AGTR1	-1.2046774777795053
AGXT	-1.08308317697163
AHCTF1	-0.543777372793997
AHCTF1P1	-0.5695078870870205
AHDC1	0.12247178101012413
AHNAK	-0.7383762505991864
AHNAK2	2.2110073136244712
AHR	-0.017382454021579896
AHSA1	-0.061548060599346144
AHSA2P	0.16139281573233788
AIDA	0.08796677990665547
AIMP2	-0.2512825139362631
AJM1	-0.13685600693033795
AJUBA	0.3303952191979378
AK1	0.3203043383810531
AK3	-0.08826415340592186
AK7	0.13764897253069064
AK9	0.38788376702127003
AKAP10	-0.08627580445524163
AKAP11	-0.060498079433047636
AKAP5	0.23874512087958788
AKAP6	0.6888295234849235
AKAP7	0.6839429112601909
AKAP8	-0.050981080166653925
AKAP8L	-0.18477243386483044
AKIRIN2	-0.04864385551965711
AKR1B10	1.2851041362230315
AKR1C1	1.1781588311237217
AKR7A2	0.09924254812869027
AKT1	0.1688789955935439
AKT1S1	-0.2803179591387992
ALB	-0.4419177073774385
ALCAM	-0.4275849842333357
ALDH1A1	-0.11882798971598785
ALDH1B1	0.06321300781268935
ALDH9A1	-0.15580930879736066
ALDOA	0.30651775804425085
ALDOC	-0.653600283352993
ALG1	-0.32987194054223323
ALG10	-0.2249067400238154
ALG10B	-0.3386871078262992
ALG11	-0.12397585079206097
ALG12	-0.083612095243077
ALG2	-0.0012390421778207816
ALG3	-0.35438981961278726
ALG6	0.026702066887536624
ALKAL1	0.43487467876878316
ALKBH1	-0.15833964010451318
ALKBH3	-0.3500133104210823
ALKBH3-AS1	0.16768543164506422
ALKBH4	-0.1745807962503143
ALKBH5	-0.011537102041337732
ALKBH7	0.025445482509884876
ALMS1	0.1308443572115765
ALMS1-IT1	-0.3479358553903169
ALOX12	-0.10386786917951607
ALOX12-AS1	0.24254173990923356
ALPK2	0.09936932859464287
ALPK3	-0.7205365656319618
ALS2	-0.08088420926086393
ALX1	-0.6013421704948971
ALX3	0.16148120829482648
ALYREF	-0.15381763867749498
AMBP	-0.06978439976949158
AMD1	-0.2222027326204179
AMDHD1	-0.5628571055071108
AMDHD2	0.058342514563251235
AMER1	-0.2611322092428914
AMFR	0.20458353509896465
AMH	0.41919231864232076
AMIGO1	0.25364858597236095
AMIGO3	0.18732110204708086
AMMECR1L	-0.05752437551723277
AMN	0.17487068688709329
AMOT	-0.4602125609392256
AMPD2	-0.21093492887886578
AMY2B	0.524337251889194
AMZ2P1	0.16175198604968877
ANAPC1	-0.09129810821845652
ANAPC11	0.2460141319779403
ANAPC13	0.08612267036898746
ANAPC16	-0.42613230740041175
ANAPC2	0.18272547694592145
ANAPC5	-0.1530918629431799
ANAPC7	-0.26933185474517884
ANGEL1	-0.07970264528460991
ANGEL2	-0.6627897143357644
ANGPTL1	1.4983631903413133
ANGPTL2	0.9485282110867428
ANGPTL3	-1.3484437009385344
ANGPTL8	-1.1586095758008614
ANK2	-0.11832071692041257
ANK3	-0.25597444951085535
ANKAR	-0.029749546651228087
ANKDD1A	0.1276217032344129
ANKDD1B	0.5012572023640276
ANKH	0.17986960946669672
ANKHD1	0.11150051867990474
ANKIB1	0.14783037808365407
ANKLE2	-0.05315604154789799
ANKMY2	-0.05541421538788249
ANKRA2	0.29303737021037346
ANKRD1	-0.13548069500680526
ANKRD10	0.23206059918648814
ANKRD11	0.22507916761525504
ANKRD13A	-0.0596578415537774
ANKRD13B	0.8036850132610285
ANKRD13C	-0.17639196295579662
ANKRD13D	-0.1775304777425939
ANKRD18A	0.15115069103658385
ANKRD18B	-0.06802745804398347
ANKRD19P	-0.2099874244177551
ANKRD20A5P	0.19054971292907918
ANKRD23	0.34825301763643735
ANKRD27	-0.06345833644921317
ANKRD28	-0.018313073473873676
ANKRD31	-0.28663505188224114
ANKRD33B	-0.6235276625486854
ANKRD36	0.3963153997879134
ANKRD36B	0.4379859024206745
ANKRD36BP1	-0.1959834091670789
ANKRD36C	0.12284889871363802
ANKRD37	0.7538695674261633
ANKRD39	0.08436010851443321
ANKRD40	0.012502377815138743
ANKRD44	0.21048439144719389
ANKRD45	0.5079302771437888
ANKRD46	0.14424401497180606
ANKRD49	0.11242468711326481
ANKRD50	0.01479915773667706
ANKRD52	-0.12049483356968693
ANKRD61	-0.11183360104722118
ANKRD9	0.2688185191274526
ANKS1A	0.23248205042587955
ANKS1B	-0.6217698746655391
ANKS4B	-0.2994438521236056
ANKS6	0.047210800012801535
ANO7	-0.09250396911019632
ANO8	0.4067704522507869
ANO9	0.847387238198305
ANOS1	1.3561055768353563
ANP32A	-0.34332988368393913
ANP32A-IT1	-0.7233452724731899
ANP32B	0.006762945703853163
ANPEP	0.23125358110329852
ANXA1	-0.8494580575043362
ANXA10	-0.18705087770583617
ANXA2P2	-0.05995191530112187
ANXA2R	0.2963403171927821
ANXA3	-0.019376012128793363
ANXA4	0.03202128237891433
ANXA5	0.06499840333874118
ANXA9	-0.21212948389263886
AOX1	-0.4838392881883373
AP1S1	0.030130845635566672
AP3D1	-0.27476955819723425
AP3S1	0.0410869743263218
AP4M1	0.16531942393919596
AP5B1	-0.11785658801127852
AP5M1	-0.14552796505074994
AP5Z1	0.3549345132846389
APBA1	-0.27986789954520797
APBA3	-0.032265928273273126
APBB1IP	0.6244573376408393
APC	-0.05915811844130525
APC2	0.4311096381616979
APCS	0.4074579466452275
APEH	-0.07885556478918421
APELA	-1.582727690953187
APIP	-0.4084783921574342
APLF	0.2425383162452892
APMAP	0.15658295635991593
APOA2	-0.3936346885174782
APOA4	0.8440601188731152
APOB	-0.7748983524883979
APOBEC2	0.30322260308917715
APOBEC3F	0.2671332229041252
APOBR	0.47598186905017004
APOC1	-0.012659725723422888
APOC3	-0.010435140308501012
APOE	0.07943732946709936
APOH	-0.5192641792522705
APOL6	0.40118016822932745
APOOL	0.03205948372408329
APOPT1	0.12244000168405478
APPL1	0.0408129508829882
APTR	-0.1149496614490646
AQP10	0.07715477150261796
AQP11	0.0582390373203201
AQP3	0.6464931924762665
AQP4-AS1	-0.7719315306671084
AQP7	0.1758277075140131
AQR	-0.24145430065033935
ARAP1	-0.13560764369250755
ARAP2	-0.17157348848382448
ARCN1	-0.013570079137437574
AREG	0.12933657995324666
AREL1	0.09658942837806528
ARF3	-0.21880042398769817
ARF4	-0.1239960880719817
ARF5	0.1368473074660459
ARF6	0.04585076399927335
ARFGAP1	-0.003472233196546881
ARFGEF1	0.1978767500406562
ARFGEF2	-0.10133707360062338
ARFGEF3	-0.5018754273633901
ARG2	0.05265465567448757
ARGLU1	0.12754299217665377
ARHGAP1	-0.4372806036730026
ARHGAP10	0.16980524965183008
ARHGAP11B	-0.10299122935008143
ARHGAP17	0.1687347896453706
ARHGAP18	-0.6024677066719066
ARHGAP21	0.03923419598517608
ARHGAP23	0.5391450469933496
ARHGAP27P1	0.9948620158703991
ARHGAP27P1-BPTFP1-KPNA2P3	0.6135925841940066
ARHGAP29	-0.17766497684014215
ARHGAP32	0.0676741893830668
ARHGAP33	0.7560828765885614
ARHGAP35	-0.03803179358599085
ARHGAP40	-0.06138056990872087
ARHGAP42	0.08680038625917597
ARHGAP44	0.01809429341570823
ARHGAP45	0.10437707998037382
ARHGAP5-AS1	0.06686277580252842
ARHGDIB	-0.2181679095663691
ARHGEF1	0.31201244942362116
ARHGEF16	0.3270275552245794
ARHGEF17	0.11528350623826977
ARHGEF18	0.1844625121760486
ARHGEF19	0.4109468314550373
ARHGEF26-AS1	-0.07810265511096004
ARHGEF28	-0.08047565424455305
ARHGEF34P	-0.09992769008113545
ARHGEF35	0.18630321302569097
ARHGEF37	0.5282682558432232
ARHGEF38	-1.1120650620143424
ARHGEF39	-0.012191803936837609
ARHGEF5	0.12348017871316408
ARID1A	-0.0215027941342516
ARID2	-0.07589024617556106
ARID3A	-0.3863995513720271
ARID5A	0.3541114064938542
ARID5B	-0.09464543943556825
ARIH1	-0.18512520999520632
ARIH2OS	0.15510610403523906
ARL10	0.32057798196723697
ARL14	-0.263109869094321
ARL14EP	-0.2506999233884448
ARL15	0.018771494388877485
ARL16	-0.012522453160595859
ARL17A	0.04729843090911601
ARL2BP	0.2349190762858928
ARL3	0.2625969425443033
ARL4D	0.08958527349526424
ARL5B	0.02245072925911451
ARL6IP4	0.06882145241047466
ARL6IP5	0.2789117331357831
ARL6IP6	0.056324256322715094
ARL8B	0.15442906040414872
ARMC5	0.15305106856056305
ARMC7	-0.027389128112421446
ARMC9	0.837812433151214
ARMCX5-GPRASP2	0.06345449614753962
ARMH3	0.18161398337254653
ARMH4	0.7922699833229228
ARPC1B	-0.08002705316678327
ARPC5L	-0.04028310379161937
ARRDC2	0.41096953293732463
ARRDC3	-0.3848531974031584
ARRDC3-AS1	-0.027105911296946505
ARRDC4	-0.36165074619588067
ARSB	-0.766268959643229
ARSI	1.217100034140452
ARSJ	-0.14543070385729973
ARSK	-0.1352255893067218
ART4	-1.1364203038941052
ARV1	-0.4044173978908798
ARVCF	0.3047125890058595
ASAH2B	-0.33689541674609336
ASB1	-0.042905507066352655
ASB16	0.23768726669019102
ASB16-AS1	0.20797791128691223
ASB7	-0.31773209980122363
ASB8	-0.13615654991300108
ASCC3	-0.132876891055564
ASCL1	1.1154945502607623
ASF1A	-0.04309968651495044
ASF1B	0.09889284887988214
ASGR1	-0.352371650022568
ASH1L	-0.19788267176059637
ASH1L-AS1	-0.18125244149525388
ASNA1	-0.016074653766297686
ASNSD1	-0.0894693715099919
ASPHD2	0.3940155277579862
ASPM	-0.2667836725863655
ASPRV1	0.18002023890910168
ASPSCR1	0.04612984585079882
ASXL1	0.028688915705206597
ASXL2	-0.14100449692611594
ASXL3	-0.055612327547872376
ATAD1	-0.23120749103570848
ATAD2	-0.23034116033266994
ATAD3A	-0.2747789817251811
ATAD3B	-0.19128233703439879
ATAD3C	0.13351081747715332
ATAD5	-0.07933493022316274
ATF1	-0.40500142874730205
ATF4	0.050406987555613014
ATF5	0.011223228307694288
ATF6	0.11943753815375402
ATG14	0.10934136851654941
ATG16L2	0.5878887313611769
ATG2A	-0.2761808996274002
ATG2B	0.08943463628299497
ATG3	-0.21133245030554804
ATG4B	-0.13242530358452242
ATIC	-0.30401715514994976
ATL2	-0.2649484139245417
ATL3	-0.2864809640488737
ATM	-0.024944912934456553
ATMIN	0.6684811116499634
ATOH8	-0.6255054502429074
ATOX1	0.06002747056553748
ATP10B	0.7536539847714949
ATP10D	-0.4897124553192489
ATP11A	-0.2530412529525994
ATP11B	-0.2913882437740343
ATP13A1	-0.08271458029351741
ATP13A3	-0.27187788212937924
ATP1A1	0.031322172465082954
ATP1B1	-0.0696332842878773
ATP1B3	-0.048257933806848285
ATP2A2	-0.3323453350528691
ATP2B1-AS1	-0.059988515735220904
ATP5F1B	-0.3062099549400097
ATP5F1D	-0.04880832413134106
ATP5IF1	-0.06722641842529953
ATP5MC3	-0.049965847546286746
ATP5MD	0.06304845621691157
ATP5ME	0.5640763810896074
ATP5PB	-0.10340671852927663
ATP5PO	-0.12510290358613751
ATP6AP1	0.09123024755766185
ATP6AP1L	-0.14261187033007383
ATP6AP2	0.03456454760276628
ATP6V0A2	-0.36662929731578053
ATP6V0B	-0.019234045195199112
ATP6V0D1	0.0357959957202425
ATP6V0E1	0.1667203183184256
ATP6V0E2-AS1	0.438675730220639
ATP6V1A	-0.26218117546458686
ATP6V1B1	0.14036272254894433
ATP6V1B2	0.042363732490533046
ATP6V1C1	-0.04315701502479641
ATP6V1D	0.133042281311333
ATP6V1E2	0.7349360407880865
ATP6V1FNB	0.17062474038806075
ATP6V1G1	0.14135157118296604
ATP8B1	0.10965408776398355
ATP8B2	-0.009217551757224385
ATP9A	0.2655886714075715
ATPAF2	0.2318886538204339
ATR	-0.29829193150466704
ATRN	0.003714104397786855
ATRNL1	1.0458496284816494
ATXN1L	0.29470652577397605
ATXN2L	0.0010633260819337131
ATXN7L1	-0.05721086182258128
ATXN7L2	0.13901222132245472
ATXN7L3B	-0.16141668961502376
AUNIP	0.5559533704023627
AURKAIP1	0.12345697223514573
AURKAP1	0.12502950359303888
AURKB	0.0141156725118039
AVEN	-0.3897802870543803
AVIL	0.030240169411822393
AVL9	0.006855407554075654
AVPI1	-0.6500289915685347
AVPR2	0.20826643876923878
AXIN2	0.11402799540979469
AZGP1	1.0378804295731259
B2M	-0.3588578645727267
B3GALNT2	-0.3406722112949421
B3GALT1	0.004490223199105969
B3GALT2	0.27185324955900114
B3GALT6	0.04714609747102916
B3GAT3	-0.18901667997282257
B3GLCT	0.09040733689551494
B3GNT10	-0.3408205161451563
B3GNT2	0.0018449908120130587
B3GNT3	1.7658243359087544
B3GNT4	0.22925547578721872
B3GNT5	0.5906155299729337
B3GNT8	0.22427012037833016
B3GNT9	0.31350648481438625
B3GNTL1	-0.4761049055375648
B4GALNT1	0.5439955169646211
B4GALNT3	1.2695194699989738
B4GALNT4	0.17230739101090364
B4GALT1	-0.06331655181010376
B4GALT2	0.11826699564549115
B4GALT5	0.3879122054645574
B4GALT6	-0.3290162602668296
B4GALT7	0.16464966568418138
B4GAT1	-0.6315416608222115
B9D2	0.241136967136085
BACE1-AS	-0.33462095209925025
BACH1	-0.16163565640942146
BAG2	-0.3952638291868764
BAG3	-0.1776315238333508
BAHCC1	0.3472289322150246
BAIAP2	-0.06983006696956862
BAIAP2-DT	0.019242393089580645
BAIAP2L1	0.05495718583416931
BAIAP2L2	0.08361408718169194
BAK1	0.15807674986883313
BAMBI	0.15833342996103905
BAP1	0.1751832077305009
BATF3	0.9089916853238114
BAX	-0.1183783401746803
BAZ1B	-0.07160779024204444
BAZ2B	-0.19632860122843576
BBC3	0.5813411897655612
BBOF1	0.8503550728750877
BBOX1	-1.3790359231948779
BBOX1-AS1	0.37296899014721463
BBS1	-0.028582821856739216
BBS10	-0.30344181363919986
BBS2	0.19147525750339334
BBS5	0.42542259618457434
BBS7	0.1605367201847372
BCAM	0.15822268185682287
BCAN	-0.2351454577411194
BCAP31	0.012290952678983391
BCAR1	0.553234044233978
BCAS2	0.2743106763980867
BCAT2	0.39347040309893844
BCCIP	0.36282987888981166
BCDIN3D	-0.036851015594570935
BCKDHB	-0.1762035579126593
BCL10	0.24504647396014878
BCL11A	0.5030128725516763
BCL3	0.26309370743241445
BCL6	0.3590707776047535
BCL9	-0.20201145012001476
BCL9L	-0.10958495010053682
BCLAF3	0.1211753390654291
BCRP2	-0.4315563250781276
BDH1	0.2128692711438802
BDH2	0.4158202070494541
BDP1	0.35251215891061616
BEND3	-0.08771907752348795
BEND3P3	0.5965613892074639
BEND6	-0.019851749752413106
BEND7	0.06736307680471398
BEST4	-0.09111020490297861
BET1	0.08464836574580659
BEX1	-0.43587528632938355
BFAR	0.348465784499953
BFSP1	-0.1337505875367473
BGN	-0.16196466381193275
BHLHA15	-0.9028401701499407
BHLHE40	0.6940218748257259
BHLHE41	0.3593136992926933
BHMT	0.06009733867276612
BICC1	0.35722319004787906
BICD1	-0.39184941554139385
BICD2	0.025649552889410288
BICDL1	-0.4774422431560792
BICDL2	1.5056292550191346
BICRA	0.1697307551828997
BICRAL	0.10482488257201972
BIK	1.1606440059143965
BIN3	0.2912210568980331
BIRC3	-0.3621429063645971
BIRC6	-0.299744122898324
BIVM	-0.21256475062843272
BLMH	-0.15242558957565766
BLOC1S3	0.031594488337188587
BLOC1S4	0.05614094807476899
BLOC1S6	-0.0293527286260864
BLVRB	0.3973714145861891
BLZF1	-0.12570184500974868
BMF	0.6556782552160523
BMI1	0.019649207871268892
BMP2	-0.5874862084317183
BMP2K	0.21306692277277373
BMP6	1.2073031699300265
BMP8A	0.47353308364998536
BMP8B	0.9899668401271517
BMPR1A	-0.041995650249790906
BMPR1B	-0.6031961527120551
BMPR2	0.4908927928079123
BMS1	-0.13970533118925754
BMS1P1	-0.260373931703211
BMS1P2	-0.26555754207307203
BMS1P20	0.014886128555521516
BMS1P22	0.2514236732891546
BMS1P4	-0.21269146096733493
BMT2	0.3399590949125879
BNIP2	-0.18085389027904952
BNIP3	0.15213238623642944
BNIP3L	0.6631051336585241
BOD1	-0.19595559099192394
BOD1L1	-0.009956435889339588
BOK	0.8898995370750384
BOLA1	-0.1734123270638923
BOP1	-0.24808990819762133
BORCS5	-0.01147543114358962
BORCS6	-0.035127253449043216
BORCS7	0.03587833558714326
BORCS8	0.007836326107373726
BPTF	0.4225312331934745
BRAF	0.014172455209040535
BRAP	-0.19574843917558926
BRAT1	0.08497022811033084
BRCA2	-0.09157776454672995
BRD1	0.33707946012133805
BRD2	0.07508124975137731
BRD3	0.17764403446162458
BRD4	-0.03143021662368195
BRD9	-0.20817865406888147
BRF1	0.5402961052865525
BRF2	0.01651784968254777
BRI3	0.09240252255654813
BRI3BP	-0.2884815609943274
BRICD5	0.21982855332875895
BRIP1	0.2542451765168465
BRIX1	-0.28974950973398084
BRK1	0.2671320867558791
BRMS1L	0.013333888882280931
BROX	0.12128345761284764
BRPF3	0.09016255590645006
BRSK1	0.7275194700386334
BRWD1	0.2334021434113014
BRWD1-AS2	0.10475010830019826
BRWD3	-0.04882733889050783
BSDC1	0.3292017284969808
BSG	0.558933901534377
BSN	0.24344471680242918
BST1	0.013521311513548184
BTAF1	-0.15943538423568349
BTBD19	0.09670141948839994
BTBD2	0.0175437074869782
BTBD6	0.38254087703871154
BTBD8	-0.3157983879695494
BTG1	0.06810613050500525
BTG2	0.2424702238798
BTN2A1	-0.1128525621047145
BTN2A2	0.21160329322253224
BTN2A3P	0.3945011388168247
BUB1B	-0.08373339185591533
BUB3	0.11617765345028452
BUD13	0.13726013869473386
BUD31	0.04779004445532653
BYSL	-0.23083658747146174
C10orf67	1.5115673082067054
C10orf88	-0.05333462518369014
C10orf95	-0.26290154657493714
C11orf1	-0.27673006606035067
C11orf24	-0.3598348297792979
C11orf58	-0.2977548097957641
C11orf71	-0.17516433075275417
C11orf80	0.34801148265656234
C11orf94	0.39486944810445124
C11orf95	-0.14270346881399654
C12orf10	-0.34527474194341323
C12orf29	-0.3410955668669571
C12orf45	-0.2609583270536078
C12orf49	-0.3180986335434497
C12orf60	-0.02912717025259326
C12orf66	-0.10961210485135808
C12orf73	-0.29266642467646253
C12orf75	-0.35252963231623635
C12orf76	-0.1611799197886512
C14orf119	0.139460308254459
C14orf28	0.217596379642381
C15orf39	-0.23632773757668346
C15orf40	-0.28205602614446246
C15orf41	-0.5633315435878563
C15orf56	0.2606083143597595
C15orf61	0.021163926303477965
C15orf62	0.164957717627765
C15orf65	0.282803224062369
C16orf58	-0.028196906928973142
C16orf70	0.014353332527993423
C16orf71	0.5399658370144915
C16orf72	0.12501787277156318
C16orf86	0.29319179186346656
C16orf87	-0.021435102001077233
C16orf91	0.0005199773336119762
C17orf100	0.313576454436447
C17orf107	0.34363653553334306
C17orf51	-0.07674311130009581
C17orf67	0.18773654642061333
C17orf75	0.24734404541160782
C17orf82	0.45324408165821817
C17orf97	0.1350465785272501
C18orf65	-0.6485682238011896
C19orf18	0.721741524334178
C19orf24	-0.30856452471806506
C19orf25	-0.022160213578318988
C19orf44	0.10942907827408677
C19orf48	0.158582712715301
C19orf53	-0.10143000419047876
C19orf54	0.033587308513610026
C19orf57	0.9324989831429407
C19orf71	0.1569080953813966
C19orf73	0.19985830338766153
C1GALT1	-0.1699338482264645
C1QBP	-0.3665351926781897
C1QL1	0.47880899908953545
C1QL4	0.41567408168466446
C1QTNF12	0.5039907805225985
C1QTNF2	2.0593698376458756
C1QTNF6	-0.2520698223685338
C1R	0.15354718775485843
C1RL-AS1	-0.2215446853769354
C1orf112	-0.00648004307502692
C1orf115	-0.16700164180051136
C1orf123	-0.08946266152441673
C1orf159	0.06542663179332386
C1orf174	-0.030465583072759372
C1orf198	-0.45588132200614284
C1orf21	1.863671600317383
C1orf216	0.27941727694537555
C1orf220	0.17159314564603179
C1orf226	-0.4318603624401476
C1orf229	0.23225706192981965
C1orf53	-0.2886306139245507
C1orf56	0.11661469048805984
C1orf74	-0.5329106359120015
C20orf144	-0.04709073449858048
C20orf194	0.5063355260579367
C21orf58	0.30442270573076735
C22orf39	-0.06301592467082351
C22orf46	0.38111700051333397
C2CD2	-0.5937070919479206
C2CD3	0.07215411378481829
C2CD4A	0.47231573010798034
C2CD4C	1.3064473320241867
C2CD4D-AS1	-0.307840930911798
C2orf16	-1.2347471792403888
C2orf27A	0.5635661481191137
C2orf42	-0.010287891917323932
C2orf48	-0.21726662483555748
C2orf68	0.03539997818194607
C2orf69	0.05224500130632048
C2orf72	0.1463989660410716
C2orf76	-0.01463861174739911
C2orf92	0.0980132246938874
C3	-0.29168451143866925
C3orf38	0.023186539268612805
C3orf62	-0.020911162017765328
C3orf67	0.383385939142459
C3orf70	1.0531304422944041
C3orf80	-1.082401807796109
C4BPA	-1.3201989944608146
C4orf19	0.7720678731444814
C4orf46	0.25574120234940034
C4orf47	0.0597363891630911
C5	-1.2523363510976746
C5orf15	0.1455819245773986
C5orf34	-0.3129234957357916
C5orf46	1.2492163973379575
C5orf49	0.7790022953941498
C5orf51	-0.015832807098748347
C5orf63	-0.025255987527891044
C5orf66	0.19524808108293756
C6orf132	0.6408393288291272
C6orf141	0.07654632884707624
C6orf163	0.051272153812200294
C6orf226	-0.03699609437808071
C6orf47	0.23133043037089296
C6orf62	0.31658543242277126
C7	0.3867037812529901
C7orf31	0.33731129465062004
C7orf43	-0.17903251171076962
C8A	-0.6365354135971995
C8G	-0.04486100531152104
C8orf33	0.07715532679172554
C8orf37	0.05953087734142137
C8orf44	-0.2801032548435938
C8orf48	0.4905037571535589
C8orf76	0.1420019893066624
C8orf82	0.03584190772864648
C8orf88	-0.30615750904600114
C9orf16	0.178647663308789
C9orf3	0.11775376802457949
C9orf40	0.124701112028899
C9orf64	-0.24990588306362183
C9orf66	-0.011292478265662709
C9orf78	0.12598080823281776
C9orf85	0.028389697952456938
CA11	0.6991415531278307
CA13	0.8423685825567198
CA14	0.36483342994783596
CA5B	0.3642078423580921
CA5BP1	-0.06624430190448827
CA9	0.10126913932635073
CAB39	0.13438306380060627
CABLES1	0.32940593765988835
CABLES2	0.28259375711616386
CACNA1H	0.060763897034839864
CACNA2D1	1.9027799963750793
CACNB1	0.27858232061383603
CACNG4	1.6966242956881468
CACTIN	-0.007173473225593696
CACTIN-AS1	0.6387724518449382
CACUL1	-0.16781999819594517
CACYBP	-2.0157139790644152e-05
CADM4	0.9952657348434997
CAHM	-0.1346001136340811
CALCB	0.6324866217582787
CALD1	-0.5838059344854751
CALM1	0.0506831576353175
CALM2	-0.15687327118611805
CALM3	0.06601847865704968
CALR	-0.010452466801458726
CAMK1	0.2511681677837041
CAMK2D	-0.6612116141398863
CAMK2N1	0.4352394121898975
CAMK2N2	0.38508362975763566
CAMKMT	0.013717447101594615
CAMLG	0.214726490020964
CAMSAP1	0.1588510730452608
CAMTA1	0.3930447486802091
CAND1	-0.276249075973233
CAP2	-0.12063800236385802
CAPN1	-0.08340962037711064
CAPN10	0.24307378696969817
CAPN10-DT	-0.34361750139335845
CAPN12	0.48963444662472044
CAPN15	-0.1645263812341673
CAPN2	-0.010201840184556055
CAPN5	0.6146411220338992
CAPN7	-0.09258589935910688
CAPN8	0.9667610828290192
CAPRIN1	-0.35998988790071706
CAPZA1	-0.027009712598439428
CAPZA2	-0.16896794648661384
CAPZB	-0.11553097860679795
CARD10	0.08544717452220851
CARD8-AS1	0.4227536355068615
CARHSP1	0.3789692137567062
CARM1	0.14791784470753555
CARMIL3	0.46977285360756404
CARNMT1	-0.40606403255469914
CARS2	0.11447394538969746
CASC10	0.5608990400899434
CASC15	0.4512231940714364
CASC19	-0.4892670369006069
CASC3	0.11609760840860694
CASD1	-0.25753195409763396
CASKIN1	0.20505443020270597
CASKIN2	0.08740974241525823
CASTOR1	0.37830017491420875
CASTOR2	-0.1146467462893126
CASTOR3	0.7746120496443134
CASZ1	0.41367516533217596
CAT	-0.35588472983985664
CATSPER3	0.009157541116358914
CATSPERG	2.512967441986614
CAVIN1	-0.49262178467369644
CAVIN2	-0.07394341475807842
CAVIN4	0.7826936927402044
CBARP	0.1222999230397761
CBL	-0.05859024583080785
CBLB	-0.06166564909513195
CBLN2	0.38553706384819453
CBLN3	0.07213342094182273
CBR4	0.06372338887550466
CBWD2	0.09843848572474023
CBWD6	-0.14820421575687348
CBX1	-0.03737022381307842
CBX2	0.3262042419522482
CBX3	0.21318492241885645
CBX3P2	0.2702260874204754
CBX4	0.3058093580599852
CBX5	-0.6063576206059293
CBX7	0.6040898166257915
CBX8	0.11213347783656324
CC2D1A	0.3862183171501883
CC2D1B	0.18870670350521657
CC2D2A	0.028391640694319875
CC2D2B	-0.2790882719452936
CCAR2	0.10087170934133383
CCAT1	-0.4542413455549479
CCDC102A	0.11121827341091794
CCDC106	0.03663643452870691
CCDC114	1.0999234971770542
CCDC115	0.5463242997033753
CCDC120	0.6753040548891738
CCDC122	0.41764591512793636
CCDC126	0.3577200788525685
CCDC127	0.041264452841693
CCDC130	0.2693211599769638
CCDC134	-0.5544593246367429
CCDC137	-0.1322502289353107
CCDC14	0.6611250788769016
CCDC141	-2.206546970260725
CCDC142	0.05304750409477421
CCDC144B	0.07417343507418117
CCDC144CP	-0.258458368036675
CCDC146	0.9338682788203707
CCDC15	0.15020300977511036
CCDC150	0.17861206257984286
CCDC152	-0.2245476566966027
CCDC154	0.33897196294883614
CCDC157	0.446822690592136
CCDC159	0.48778443366298685
CCDC162P	-0.08179897526176205
CCDC167	0.13540065409484292
CCDC170	0.039206478049144344
CCDC171	0.46009261414391256
CCDC173	0.5417858388846355
CCDC174	0.32519895397054377
CCDC18	0.09745867188617696
CCDC18-AS1	-0.29331286392138356
CCDC183	0.31867792337053924
CCDC183-AS1	0.29066537683011306
CCDC185	0.5715773747035655
CCDC186	0.15756402495680444
CCDC191	0.6397764197829763
CCDC192	0.9963605484308409
CCDC22	0.21590861153866037
CCDC24	0.4322192059926451
CCDC28A	-0.010627181221954274
CCDC30	0.7595963856709531
CCDC32	0.15935530084371274
CCDC34	-0.0632472009731666
CCDC38	-0.5795048375944849
CCDC39	0.18832054944550514
CCDC43	-0.004413548027084602
CCDC47	0.05971826904995403
CCDC50	0.1459087218214643
CCDC57	0.31180751658749717
CCDC6	0.04275761253104715
CCDC61	0.022874023211469918
CCDC69	-0.10311334087056778
CCDC7	0.23705059513806725
CCDC71	0.06181883467041782
CCDC71L	0.8207839029122233
CCDC73	-0.36095605924488616
CCDC78	0.17105091193343958
CCDC80	-1.0655437096718585
CCDC82	0.2529357146357887
CCDC84	-0.014701842517645058
CCDC85A	-0.8861789576154688
CCDC85B	-0.629134668803303
CCDC85C	0.06692225190382217
CCDC86	-0.8170472774889497
CCDC87	0.20912499327409373
CCDC88B	0.14348265609257238
CCDC88C	-0.31551822383960637
CCDC9	0.14028949315239458
CCDC90B	0.5200432245683957
CCDC91	0.03331697398102573
CCDC93	0.26254916687571583
CCDC96	0.8288838739888615
CCDC97	0.04400953131793539
CCDC9B	0.08029708344515996
CCEPR	-0.14551464377105106
CCNA2	-0.11850065595009074
CCNB1	0.06785420092826833
CCNB1IP1	0.2860882455609022
CCNB2	-0.06666839017215498
CCNB3	-0.8251779253951639
CCND1	-1.3458514680770888
CCND2	0.23103413866145583
CCNE1	0.08408669779915456
CCNE2	0.10386559781510574
CCNF	0.06728077053053028
CCNG2	0.625105040052718
CCNI	0.16772627174433463
CCNK	-0.06696284858626456
CCNL1	0.2365095348953261
CCNL2	0.2712161805892874
CCNT2-AS1	0.2902605094649786
CCR1	-0.017288600131276866
CCR10	0.2991036122179813
CCS	0.08143366659237561
CCSAP	-0.22842010127930656
CCSER1	0.15740155815687373
CCT3	-0.6131255979345092
CCT6A	-0.18224737181334527
CCT6P1	-0.041773292433589404
CCT6P3	0.137888507304746
CCT8	0.10717483468785582
CCZ1	0.29212110365363575
CCZ1B	0.1681866871264983
CCZ1P-OR7E38P	-0.23117698397966713
CD207	-0.18656469653976337
CD24	0.48929062327323036
CD27-AS1	-0.3720440391796598
CD276	-0.13458544956672824
CD2AP	-0.07724073372995122
CD2BP2	0.6965707896326858
CD320	0.4427991036275043
CD63	-0.16094140165367277
CD7	-0.7259990788554047
CDAN1	-0.12236948595305908
CDC123	-0.18775582180887085
CDC14A	-0.14986792955395334
CDC20	-0.09434941500531036
CDC23	0.1165050676849777
CDC26	-0.17177371821726428
CDC34	0.0019740912321823956
CDC37	0.0655468514299109
CDC37L1	0.009164951584324399
CDC40	-0.1537422400958759
CDC42BPB	0.5507879848461998
CDC42BPG	0.08956630369942253
CDC42EP1	-0.181831801111894
CDC42EP2	-0.18285210556316578
CDC42EP4	0.3567478279370615
CDC5L	0.06935551428305242
CDC6	-0.11796666291652436
CDC73	-0.145780354134188
CDCA4	0.14792020081751334
CDCA5	-0.2590199057395406
CDH2	0.12455437387574886
CDH24	0.47013481152283365
CDH6	0.6742080967282282
CDK1	-0.29390697522732223
CDK14	-0.12042411509844708
CDK16	0.008823555166517227
CDK17	-0.4707967302707594
CDK2AP1	-0.16789114373832703
CDK2AP2	-0.1696081468965831
CDK4	-0.23831782768225285
CDK5R1	0.22981449293433265
CDK7	0.22528981815385762
CDK8	0.2157764552594159
CDK9	-0.0726790786704381
CDKAL1	0.30855857856059377
CDKL1	-0.08891288380161377
CDKL2	1.2765889860143824
CDKN1B	0.011791972384952665
CDKN2A	-0.18708720919884803
CDKN2AIPNL	-0.11382488679579517
CDKN2C	-0.07869005915008964
CDNF	-0.5397075781388705
CDO1	0.29347057581663316
CDPF1	-0.2407033416324289
CDR2	0.06735119914155518
CDR2L	0.5164375483234451
CDRT15	0.38269951280786696
CDRT15P1	0.10656135410432688
CDS1	0.039090143745236894
CDS2	0.38417618971066325
CDT1	0.17821189607953514
CDX2	-2.2991434622142735
CDYL	-0.021291795390959933
CEACAM16	0.4307854186899167
CEBPA-DT	-0.26386453295885737
CEBPD	0.411265000814236
CEBPG	0.06367506491526509
CEBPZ	-0.30883508127224246
CEL	0.24798960888718247
CELA3A	0.7760353193997496
CELF1	-0.482155840136695
CELSR1	-0.3301201940011964
CELSR2	0.3013544627484128
CELSR3	0.9381478520325963
CEMP1	-0.019850328782645477
CENPB	0.2513613896731144
CENPBD1	0.18687653499863632
CENPBD1P1	-0.06238690434341443
CENPC	0.27989116262985725
CENPF	0.030663850333802145
CENPH	-0.06690220377525158
CENPI	0.12451357182636613
CENPJ	0.12366097581939028
CENPQ	0.02771563313026082
CENPT	0.32962219063996123
CENPV	-0.21475582889545208
CENPW	-0.07354612245365555
CEP104	-0.003142791963886893
CEP126	0.015439796693256458
CEP128	0.3820382342004205
CEP135	0.10130998220939791
CEP170B	0.11728803326129444
CEP170P1	0.10234316091230378
CEP19	0.09489318209667008
CEP192	0.05369915310578932
CEP250	0.2654908010098671
CEP290	-0.20839105869587637
CEP295	-0.06532939139715932
CEP350	-0.12322364098116978
CEP41	0.381194871707768
CEP44	0.1460333037972763
CEP63	-0.10826753705569558
CEP68	0.20059651220261365
CEP72	-0.10294436203524704
CEP89	0.7228837570617204
CER1	-0.019679622709904088
CERK	-0.1768447593259994
CERS4	0.37659843707301643
CETN2	-0.19656467048393012
CFAP126	-0.28236463472399365
CFAP157	0.2277638265863482
CFAP20	-0.04048134380197066
CFAP410	0.2794025604478869
CFAP43	0.7487664737686601
CFAP44	0.2905753230524155
CFAP45	-0.4076265095300551
CFAP70	1.0031569292365465
CFAP97	-0.35428734508965043
CFDP1	0.3786553485071442
CFI	0.20394658642168473
CFL1	-0.18540642019546283
CFLAR	0.3251241650022405
CFTR	-0.04198453741292463
CGGBP1	0.4357245032398245
CGN	-0.042044950872929476
CGRRF1	0.041490250486993396
CH17-340M24.3	-0.07443030510083526
CHAC2	-0.32054222302758006
CHAD	-0.08490623744008907
CHADL	0.25608809188999215
CHAF1A	0.020621994301617264
CHAF1B	-0.02509101247455714
CHCHD1	0.07549372432905521
CHCHD2	-0.027804284139805624
CHCHD6	-0.00265442285565598
CHD1	-0.28344807997501853
CHD2	-0.1507328456591761
CHD5	1.2720314236162396
CHD6	0.23956897806640054
CHD7	-0.20652211932466003
CHD8	-0.0065967765572239045
CHDH	0.3577393057702398
CHERP	-0.2200143418788123
CHIC2	0.16971787063216315
CHKA	-0.3426641132401955
CHKB-DT	0.5381026247436531
CHM	0.05167759823421392
CHML	-0.38057491149612765
CHMP1B	0.3288489178298617
CHMP1B2P	0.17688309338174601
CHMP2A	-0.1445528205828226
CHMP4A	-0.022109757361295834
CHMP4B	0.1875820205599048
CHMP4C	-0.003767681158884706
CHMP6	0.2894636813788001
CHODL	-1.9277496063234403
CHP1	-0.3057257474211088
CHPF	-0.0985569513229243
CHPF2	0.18499540564744876
CHPT1	-0.4625674691882651
CHRM3	0.5934272713967585
CHRM4	0.47638838218754476
CHRNA5	0.22111428233352637
CHRNB1	0.35694489390973505
CHST10	0.16663424665321536
CHST13	-0.4641445281145087
CHST14	0.11416252867046062
CHST3	-0.0992514546527472
CHST6	0.6629931528784803
CHST7	0.39978595281313023
CHSY1	0.09040069507485349
CHSY3	-0.1304580456519151
CHTF18	0.3078289617223531
CHUK	-0.23106098879088854
CIAO1	0.1339887237270343
CIAO2A	-0.35847286183391525
CIC	0.040242751803782895
CIDECP1	0.22129604173288175
CILP2	0.9567435766940191
CINP	-0.1369796444762379
CIP2A	-0.06696109310171572
CIPC	-0.0395760123195501
CIR1	0.25418483846840534
CIRBP-AS1	0.4212219988559074
CISD1	-0.25868185955658785
CISD2	-0.04154674311736528
CISD3	0.30640441909761496
CITED2	0.603603694667497
CITED4	1.2043695046612237
CKAP4	-0.23252389599968826
CKB	-0.2530913884872463
CKM	-1.2548836401161805
CKMT2-AS1	0.3773314319698269
CKS2	0.010957772419327938
CLASP2	-0.00171365144669533
CLBA1	0.5221105355911559
CLCF1	0.5206379193482107
CLDN1	0.12263293112869178
CLDN11	0.4934613796801588
CLDN15	0.04742350523770966
CLDN16	-0.11662888540325422
CLDN23	0.6167311779144313
CLDN3	-0.05699847526552482
CLDN9	0.2833802633686098
CLDND2	0.7335424551723011
CLEC16A	0.8783152507772662
CLEC18B	1.4746684823467486
CLHC1	-0.2785100971122816
CLIC3	0.7381560652492909
CLIC4	0.11665137978886797
CLK1	0.39093579724957683
CLK2P1	-0.2595373879630296
CLK4	0.0745413961629966
CLMN	0.13087440823709073
CLN5	0.04370208704424794
CLN6	-0.3628988361459351
CLN8	0.03428694152251088
CLPP	-0.07571153184199897
CLPTM1L	-0.11099289264550549
CLSTN3	0.21598458300068568
CLTB	0.8358103498210032
CLTRN	0.06443790279852113
CLUAP1	0.22754025274243705
CLUH	-0.11096477468856492
CLUHP3	0.13072159450292542
CLVS2	1.3775832204105698
CMAS	-0.19593833992918963
CMBL	0.596683692111891
CMC1	0.039113360724759794
CMC2	-0.07862724800661258
CMC4	0.7394191958233245
CMIP	0.3499016018500649
CMTM4	0.09069627062857233
CMTM6	-0.12139825483968636
CMTM8	-0.25332783289737026
CMTR1	0.27117984159980235
CMYA5	-0.2798431204830476
CNDP2	0.22481588011425035
CNFN	1.14956420153694
CNGA1	0.5499325799196679
CNIH1	-0.29622848068077356
CNIH3	-0.18184767640569355
CNIH4	0.21723239000632422
CNKSR3	-0.012307006323597491
CNN2	0.8865891667302823
CNNM1	-0.8477401462262968
CNNM4	0.41100219927386306
CNOT11	0.13624256902598653
CNOT3	0.08766268632544172
CNOT6	0.022177532747976514
CNOT7	-0.010756033687389532
CNOT8	-0.6212987133574761
CNOT9	0.26495459575401137
CNP	0.255781574406309
CNPPD1	0.13093059490622938
CNPY2	0.3648432084417603
CNPY3	0.20143404600582393
CNPY4	-0.20363993349712484
CNST	-0.2885789972124968
CNTD1	0.31203682498603946
CNTD2	0.5670141425282829
CNTLN	-0.14724373142032476
CNTN3	-0.7391083209053888
CNTNAP1	0.2069018240404672
CNTNAP5	0.3022436381872584
CNTRL	0.24432957279482093
COA1	0.18903318523659784
COA3	0.18986643168112582
COA4	-0.27749977793801595
COA5	0.07222485964232828
COA7	-0.3015442964710937
COCH	0.30794716408786593
COG1	-0.003265973514072762
COG3	0.00782135257641059
COG5	-0.29801743600973163
COG7	-0.06210436344944714
COG8	-0.15553199271267637
COIL	-0.133657191700582
COL12A1	1.183857462725542
COL14A1	-0.7961556983342408
COL18A1	0.041762452527931426
COL18A1-AS2	-0.24155382079618626
COL19A1	-0.8628351561574603
COL1A1	3.0237679153658235
COL1A2	0.9794511016169638
COL21A1	-0.200742683755597
COL24A1	1.023597735085223
COL27A1	0.2761927785603824
COL4A1	-0.7815663278197253
COL4A3	1.4531706181929684
COL4A4	2.1739132641356487
COL6A1	0.025532711680722908
COL9A2	0.5966158168796092
COL9A3	0.8455758664125028
COLEC12	0.5106387550414504
COLGALT1	0.09894064784405732
COMMD1	0.31145290403924974
COMMD2	0.28141780791511906
COMMD3	0.08885908944878107
COMMD4	0.3451592773843153
COMMD8	-0.3480228997049286
COMTD1	0.09728883556891166
COPG1	-0.07998788054957195
COPG2	0.05378888769945522
COPG2IT1	0.15599112973717055
COPRS	0.10936573352000067
COPS5	0.027230236311334366
COPS6	-0.09249671351683553
COPS9	0.37606771517277915
COPZ2	0.7502448951335756
COQ10B	-0.06861450003134628
COQ2	0.10951716088624774
COQ3	-0.37165125948162014
COQ4	0.25715371167993695
COQ5	0.050595340495721786
COQ7	0.19057889567787
COQ8A	-0.6738403086319948
COQ9	0.19784245712899118
CORO6	1.3189834607567419
COTL1	0.25617797402513
COX10	-0.008272222721478428
COX10-AS1	0.16394830936808624
COX11	-0.1803209149391396
COX15	-0.07175394767155296
COX17	-0.18515942847384004
COX19	0.07118687674861057
COX4I1	0.1798904607983891
COX5A	-0.44279979421970683
COX5B	0.28888615953036023
COX6A1	-0.08730772015523147
COX6B1	0.00843834304116342
COX6B2	0.645485246938946
COX6C	0.005380266303689041
COX7A2L	-0.04746962107959618
COX7B	0.07058429998035987
COX7C	0.0902232670392884
COX8A	-0.18604899002763275
CP	-0.6042715299325434
CPA2	0.4687272160336211
CPD	-0.3581936331855342
CPE	0.40816250373262175
CPLANE1	0.29329634892011036
CPLANE2	0.1306878512258458
CPLX1	0.08413609067642724
CPN1	-0.7447426441603922
CPNE2	0.7076435062718627
CPNE3	0.031057669837919022
CPNE8	-0.6176728592299146
CPOX	-0.25831075378236346
CPPED1	0.2143289499030585
CPQ	0.23801365644582528
CPSF1	0.2894971989320112
CPSF2	-0.13683480618964694
CPSF3	-0.14158821979224268
CPSF4L	-0.04873405396851549
CPT1A	0.7499295262956824
CPT2	-0.18267038206926056
CPTP	0.1900334204161931
CRACR2A	-0.8731622114168567
CRACR2B	0.44407878026025926
CRADD	-0.4400930287720799
CRAMP1	0.1264245083374318
CRB3	0.15658517463543076
CREB3	-0.07379886618251152
CREB3L1	-0.5951391334757292
CREB3L2	-0.29163166736067847
CREB5	1.1213768856372108
CREBL2	0.0736789028677114
CREBRF	0.1926503986293353
CREBZF	-0.15955672150247624
CREG1	-0.1541840635333438
CREG2	0.4860723036140504
CRELD1	0.10627925821775452
CRELD2	0.011382870782545407
CRIM1	-0.23439897200410087
CRIM1-DT	0.09806330074632408
CRIP1	1.3512382584053575
CRIP2	1.1073135820515612
CRIPAK	0.20029253675507963
CRIPT	0.32495634178836674
CRISPLD2	1.2948186997211897
CRKL	-0.38107918247035677
CRLF1	0.7425674499501049
CRLS1	-0.24143211529174557
CROCC	0.79394727994148
CROCCP2	0.036925225014099894
CROCCP3	0.2519201807816742
CROT	-0.22027925132231907
CRSP8P	0.0672089152194073
CRTAP	0.06935751197757334
CRTC2	0.050806571356826424
CRY1	0.0009314714522021816
CRYBG1	-2.0418770427778927
CRYBG2	0.16056387004529693
CRYBG3	-0.15918762795819053
CRYGS	0.14853062993308042
CRYL1	0.4228421031530365
CRYM	0.391339188296433
CRYZL1	-0.1641636814399412
CRYZL2P	-0.09905833328136104
CS	-0.274532566665564
CSAD	0.1517678149951287
CSDC2	1.3073463922679203
CSGALNACT2	0.1545107690547205
CSK	-0.4562344828505207
CSKMT	-0.7108144564424448
CSNK1E	0.2827686470625035
CSNK1G1	0.05738715328961863
CSNK1G2	0.12200540104103652
CSNK1G2-AS1	-0.11522560328053899
CSNK2A2	-0.0515023036853508
CSNK2A3	-0.17494844023205935
CSPG4	0.5489580816189119
CSPP1	0.2641050884064642
CSRNP1	0.14142882877122176
CST3	-0.2044907397457738
CSTB	-0.13766282723377365
CSTF1	0.7524018977721405
CSTF2T	0.2007356364053292
CSTF3	-0.18472040337589757
CTAGE15	-0.1100560206126815
CTAGE8	-0.024447052311767692
CTAGE9	-0.2734379508002269
CTBP1	0.2424583095180255
CTBP1-AS	0.20680530231282113
CTBP1-DT	0.1725604433505632
CTBS	0.07616195178622931
CTC-338M12.4	-0.08460080631930378
CTCF	-0.0656239081373533
CTD-2297D10.2	0.6527894378518999
CTD-3080P12.3	-0.04598678376132703
CTDNEP1	0.08932317405431078
CTDSP2	-0.031068278323862053
CTDSPL2	-0.17574011515626253
CTGF	0.566618670781498
CTHRC1	0.4167463572926575
CTNNA1	0.9867367255251043
CTNNB1	0.3047806975832632
CTNS	-0.530584402739954
CTPS2	0.09585578382696092
CTR9	-0.31890051635025785
CTRL	0.07927253311509919
CTSC	-0.26312080172176966
CTSD	0.13847976865269374
CTSF	0.7472500370362387
CTSH	0.5887521634227113
CTSK	0.41550882019699165
CTSO	0.12297436114250271
CTSZ	0.20404071611327623
CTTN	-0.05205430596808114
CTTNBP2	0.09061395901744795
CTTNBP2NL	0.3774059140450374
CTU1	-0.1641630791787838
CTXN1	0.48985194210737326
CUBN	-0.2496862164248954
CUEDC2	0.30519357227113275
CUL1	-0.02082634323896393
CUL5	-0.10735878179884484
CUL9	0.2802809319890631
CUTALP	-0.10131653294849219
CUTC	-0.144093091040026
CUX2	-0.4024193526704396
CWC15	0.13113434316400951
CWC22	-0.15163326736434524
CWC27	-0.04834343654385043
CWF19L2	-0.25550122266103514
CXADR	-0.4786011898138338
CXCL10	-1.0031764876375826
CXCL12	0.8994262496149026
CXCL16	-0.43200999140121965
CXCL2	-0.32783690059363124
CXCL3	0.029161287236707523
CXCL5	-1.3403668670707898
CXCL6	-0.14122927574871813
CXCL8	0.18706694647444877
CXXC4	0.7901760426374538
CXorf38	-0.24326433389283153
CXorf40B	0.10120221343496638
CYB5B	-0.3457087422922891
CYB5D1	-0.10687593166522635
CYB5R1	0.04925124596646935
CYB5R4	0.13662427112409414
CYB5RL	0.26125193589321416
CYBA	0.20714038590187922
CYBC1	0.563760039382204
CYC1	-0.09247723237343752
CYCS	-0.04781820340029519
CYGB	0.37946758992036944
CYHR1	0.5816905098144263
CYP1A1	-0.3369425721903978
CYP1B1	0.932540007810942
CYP20A1	0.020824809743118067
CYP26B1	-0.08044482819792442
CYP27A1	0.5633885007526
CYP27B1	-0.33849413037347054
CYP27C1	1.8865938805997664
CYP2B6	0.3490980916786586
CYP2C9	0.031317453811896545
CYP2J2	-0.17844939991177444
CYP2R1	-0.07672936284925136
CYP2U1	0.4316370117073731
CYP2W1	0.40436388873158347
CYP3A7	1.1597133963788555
CYP4V2	0.1302032702468221
CYP51A1	-0.30026877491490334
CYP7B1	-0.17600338160646078
CYR61	0.7837259703036965
CYSRT1	0.835777561461581
CYSTM1	0.05445796497366473
CYTH3	0.54095911929062
DAB1	-0.9059177430929277
DAB2IP	-0.019227797731733
DAD1	0.046038074810777374
DAGLA	-0.05849608822327834
DAGLB	0.5289727500268397
DANCR	-0.226478591409915
DAND5	1.1445548708748976
DAPK1	-0.3493453827569555
DAPK2	0.3870690195511308
DAPK3	0.20598514177671667
DARS2	-0.1572683387071372
DAZAP1	-0.27615852233743876
DAZAP2	0.1206785985952834
DBF4	-0.2858514154644549
DBF4B	0.12084749673815898
DBH	-0.23054180796652401
DBH-AS1	-0.4136924225294205
DBI	0.7097559817654129
DBIL5P	-0.23486300903850355
DBN1	0.03245115060812864
DBP	0.007483352488333317
DBR1	-0.3070423939056166
DBT	0.03824179455698662
DCAF10	-0.32648194980889444
DCAF12	-0.024576223035310818
DCAF12L2	0.09951652780586961
DCAF13	-0.23277250970608332
DCAF15	0.0050206421454142
DCAF16	0.2612467842639852
DCAF4L1	-0.12657212023118225
DCAF5	-0.027708541380746077
DCAF7	0.04287089218862139
DCBLD1	-0.06691345472114918
DCBLD2	-0.04818128657032794
DCDC2B	0.7388097707574284
DCHS1	1.576786450777389
DCHS2	0.19071611534280208
DCK	0.17489334310803883
DCLRE1B	0.18931290609401685
DCLRE1C	0.27747209072518864
DCP1B	0.03390286379360141
DCPS	-0.05748381299793692
DCST2	1.0774328110445996
DCTN6	0.09171543887125111
DCUN1D2	0.12804981926715353
DCUN1D3	-0.011851545719570922
DCUN1D5	-0.2384951948023133
DDA1	0.1066093483368924
DDAH1	-0.26748540588169334
DDB1	-0.29577146900180207
DDB2	0.2587177304248782
DDI2	-0.33520653039760706
DDIAS	-0.3102245913276853
DDIT4	0.0334684398914078
DDIT4L	-0.7192147024673519
DDN	-0.3971994015983946
DDOST	-0.024180789740871234
DDRGK1	-0.11145051475974377
DDX1	-0.13258013098860655
DDX10	-0.16541003955355826
DDX11-AS1	-0.2426752183686367
DDX11L2	-0.3082985894662018
DDX12P	-0.14389016862414117
DDX18	-0.22477438031305397
DDX19A	-0.010024064981973169
DDX20	-0.07928381793779682
DDX23	-0.1720514430117781
DDX24	-0.013108996656347571
DDX27	0.03520502553805471
DDX28	0.1252766505357581
DDX31	-0.36641784668523414
DDX3X	0.2263403461275253
DDX41	-0.12947058152556146
DDX43	0.2446206766572807
DDX47	0.22549507848819328
DDX5	0.22084028374450515
DDX50	-0.015261609237471774
DDX51	-0.1907753451047327
DDX55	-0.30674871980185614
DDX58	0.044206587128001296
DDX59	-0.046742826081529465
DDX60	0.20295564681842437
DDX60L	0.10622929795399605
DECR1	0.0798889622101937
DECR2	0.5568958813692775
DEF6	0.4807609284575127
DEF8	0.2908708738465533
DEFB1	0.2935746845871714
DEGS1	0.024227634583429136
DELE1	-0.20213788197005478
DENND1A	0.07444553453587677
DENND1B	0.06634064451140453
DENND2A	1.4962124922866753
DENND3	0.38350073559464715
DENND4B	-0.11030162280140043
DENND5B	0.27199233755836305
DENND6A	0.2759010023464983
DENND6B	1.0077224774887195
DENR	-0.31216500769965894
DEPDC1	0.2409947007557114
DEPDC1B	0.45256003235041353
DEPDC4	-0.7169395842106847
DEPP1	0.4222164350696076
DESI1	-0.33590758786679054
DEXI	-0.039931375107131295
DFFA	0.08403364219244391
DGAT1	0.2939466705475553
DGCR11	-0.1180011878518128
DGCR6	-0.34841396287869353
DGCR6L	0.08792035668205855
DGKE	0.20792085626095647
DGKQ	0.23852243299600673
DGKZ	-0.10156585675571872
DGUOK	-0.26678337549849296
DHCR24	-0.326245186810425
DHDH	0.6748689976644116
DHODH	-0.20482704172520005
DHRS11	0.8540166064813488
DHRS13	0.10413820016956432
DHRS3	0.4854271234848557
DHRS4L2	0.11896445524534238
DHRS7	-0.03640969665631211
DHRS7B	0.06089200725528343
DHRSX	0.881786836753546
DHTKD1	0.3860665205438485
DHX15	-0.06561404066570375
DHX29	-0.09167999999930565
DHX32	0.09078472273485616
DHX34	-0.1036801729503054
DHX37	-0.39591944475760155
DHX38	0.016198389907649435
DHX57	-0.07610420776779137
DHX8	0.11351716897399688
DIABLO	-0.1742014669907257
DIAPH2	0.3755730798483832
DICER1-AS1	0.10349686125558222
DIMT1	-0.24651976912207552
DIO3	2.7700138918323325
DIP2B	-0.29190332128286656
DIP2C	0.332488553351423
DIPK1A	0.08518559956322314
DIPK1B	0.24276892562756025
DIPK2A	0.29151613533092213
DIRAS1	1.1993871066514759
DIRC2	-0.08384672429548079
DIS3L2	0.934874539206541
DISP1	0.2724074776348777
DISP2	0.5794323385195392
DISP3	0.5236551322528697
DKFZP434K028	-0.9542298048664963
DKFZP586I1420	0.19498350623904415
DKK1	-0.3598271132295876
DLAT	-0.4470091321850216
DLC1	0.11408760160042197
DLEU1	0.0019245137720993455
DLEU2	-0.3947415615187131
DLG4	0.37844829953115644
DLG5	0.5510958362443636
DLGAP1-AS1	0.3381624684613165
DLGAP1-AS2	0.8797592551798101
DLGAP3	0.6949302436454525
DLGAP4	-0.12486903518238446
DLGAP4-AS1	0.6931678482195651
DLL4	-0.02385294420188
DLST	-0.018885192105307258
DLSTP1	-0.038926638253184986
DLX2	0.31813501217327467
DLX4	0.33871922843898705
DLX5	-0.7990681100354955
DLX6	-0.22484169729168801
DLX6-AS1	-0.21913255185928238
DMAC1	-0.042785048098668454
DMGDH	0.2807145337551602
DMPK	0.3923288896137871
DMRTA1	0.10854668909334642
DMRTA2	0.7816885347959484
DMTF1	0.32948505736645206
DMWD	0.27840544969041403
DNAH1	0.4235365389533463
DNAH11	0.2682997892205208
DNAH14	0.2755930085890874
DNAH17	0.5622564144503
DNAH5	0.4336584813306579
DNAH6	0.1881660660921769
DNAH7	1.3477115529102703
DNAJA1	-0.1090223568845956
DNAJA2	0.0523306279797735
DNAJB1	0.09046032405974902
DNAJB11	-0.03936606409490917
DNAJB12	-0.1190657770820911
DNAJB2	0.25458703216037737
DNAJB6	0.2209047217193616
DNAJB9	-0.06720017100167297
DNAJC1	0.03383707487677512
DNAJC11	-0.11542072273698967
DNAJC12	0.21972386097790642
DNAJC13	-0.054119153951958765
DNAJC14	-0.1559098225221165
DNAJC16	-0.12547134355293776
DNAJC17	-0.10769211636192821
DNAJC18	0.3642153805724355
DNAJC22	-0.47163176786321737
DNAJC24	-0.2682482975700431
DNAJC3	-0.06887264538911975
DNAJC3-DT	-0.30638995349882636
DNAJC30	0.013937502980216898
DNAJC5	-0.021004701068878084
DNAJC8	0.0565813449468866
DNAJC9	0.3447064748828703
DNAJC9-AS1	-0.13646484900929723
DNAL4	0.28783520670923224
DNASE1	0.10435258986962737
DNASE1L1	0.0630448720431982
DNASE2	0.28703696136899826
DND1	0.15572246743739004
DNER	1.5118060781681442
DNHD1	-0.4247862097517343
DNM1P35	-0.26332327070088635
DNM1P41	0.3807478014054344
DNM1P46	-0.5744221145255017
DNMBP	-0.32123952552911916
DNMT3A	-0.03067509743185237
DNPEP	0.2088433999500765
DNTTIP1	0.05025705481885723
DNTTIP2	-0.07731557867949412
DOC2B	1.4793754193822841
DOCK11	0.29736543561426654
DOCK4	-0.49660447275050146
DOCK5	-0.03359161363459151
DOCK6	0.25274598688697036
DOCK9-DT	1.1206017165023605
DOHH	-0.21641298768556583
DOK1	0.0978625177045167
DOK4	-0.119124532544717
DOK6	-0.05815562002754593
DOLK	0.0793386510269869
DONSON	-0.18296245340290263
DOP1B	-0.1353949057134658
DOT1L	-0.2780848612794804
DPAGT1	-0.09070286162152996
DPCD	0.44296563263465494
DPF2	-0.3388937456868293
DPH1	0.13195248663674075
DPH2	-0.11817489841589257
DPH3P1	0.19566303575862065
DPH6	-0.17382893223601803
DPH6-DT	-0.42514103831426375
DPH7	0.14555742593493282
DPM2	-0.06048409456760595
DPP4	-0.7784017087571193
DPP7	0.0895303242505463
DPP9	0.05697250887782612
DPP9-AS1	0.050782497775340385
DPY19L1	0.12847291697395757
DPY19L1P1	0.029607237335040004
DPY19L1P2	0.42008212966812186
DPY19L4	0.21436456486507893
DPY30	0.008328069410763028
DPYD	-0.3902007577511113
DPYSL2	-0.030532498350981374
DQX1	0.33390946430345236
DR1	-0.10931964433933938
DRAM1	-0.30986420104609547
DRAM2	0.02563136614890471
DRAP1	-0.24725761563869586
DRD4	0.061831084627665955
DRG1	-0.1957004934113762
DRG2	0.1884833738672702
DSCC1	0.030209375186570853
DSCR9	-0.6007914230206395
DSEL	-0.312567002533398
DSG2	0.28769890167814527
DSP	0.31811962601654553
DST	0.2298143599492155
DSTNP2	-0.08668630026159097
DTD1	0.23633676751293464
DTD2	0.184189563468812
DTX2P1-UPK3BP1-PMS2P11	-0.012455530978654927
DTX3	-0.0660949591997233
DTX3L	-0.05347571682818142
DTX4	-0.43142404873818796
DUBR	0.6107409922454723
DUS1L	0.05596712586688035
DUS3L	-0.2859490504176847
DUSP1	1.0915518351012086
DUSP10	0.5887646155092696
DUSP11	0.1134459348215362
DUSP12	-0.2247887472058494
DUSP14	-0.007592206547685443
DUSP16	-0.19259424319725937
DUSP23	-0.06140023131778438
DUSP28	0.06499252453217608
DUSP3	0.027369026637271254
DUSP4	0.6742309449981194
DUSP5	0.3017007916201173
DUSP5P1	0.013049235156017858
DUSP6	-0.2865053775666624
DUSP7	-0.17140095805316413
DUSP8	0.3625861664950465
DUSP9	-0.7039914933597409
DUT	0.2043175876989114
DUXAP10	0.15628274677205312
DUXAP8	0.20333799751402815
DUXAP9	0.3578887765719747
DVL1	0.08089510866989702
DVL2	0.1647396886770922
DVL3	0.12358500897198166
DXO	0.2807508797000562
DYM	0.20529952749212832
DYNC1H1	-0.05945411424719893
DYNC1LI1	-0.03814371430736596
DYNLL2	0.017924696632164228
DYNLRB1	0.7924567839184014
DYNLT3	0.18228538447569598
DYRK1A	-0.522330896835244
DZANK1	0.6313665018009194
DZIP1L	-0.8783065549082867
DZIP3	0.0787612598480143
E2F1	0.44705184864305636
E2F2	0.6365992400436902
E2F3	0.34440494482800643
E2F4	0.005839742923734015
E2F7	0.12351500288214012
E2F8	0.05458494535963432
EAF1	-0.020440965809911837
EAF2	0.08347541596272512
EAPP	0.126228178782962
EBAG9	-0.07466587554746429
EBF4	1.4717921275152888
EBLN2	-0.034701474134499755
EBLN3P	0.08248451061168005
EBP	-0.23995832645944848
ECE1	0.13283256772950436
ECH1	0.22984203934973735
ECHDC2	-0.06524312200524429
ECHDC3	0.05684611073939205
ECHS1	0.047177742605224005
ECPAS	-0.041947181611909024
ECT2	-0.1171274311556516
EDC4	0.14113793589552426
EDEM1	0.19198490873993812
EDEM3	-0.41744420083922673
EDF1	0.11508567973382533
EDNRB	-1.948976427756879
EEA1	-0.4726964219686547
EEF1A1	-0.13400993402103012
EEF1A2	1.1214220682844678
EEF1AKMT1	-0.5062614465678621
EEF1AKMT4	-0.19415739271115795
EEF1B2	0.24815645048142887
EEF1E1	-0.23223347733861566
EEF1G	-0.1761963340164172
EEF2	-0.06034639390809815
EEF2K	-0.2033816378377722
EEFSEC	0.1453068093175629
EEPD1	0.361154406048005
EFCAB12	0.7398184960228411
EFCAB13	-0.3690105528399119
EFCAB14	0.1487855006745038
EFCAB7	0.21042516340910078
EFHB	0.684169244771804
EFHC1	0.12263651516851048
EFHD2	0.3158072177867002
EFNA2	0.41791600328313994
EFNA3	0.8900785155067905
EFNA5	-0.12961093521364742
EFNB1	0.2705538678524597
EFNB2	0.3378771139346073
EFNB3	1.0898347608537873
EFR3A	-0.08999924997962339
EFR3B	0.7969113822591067
EGFEM1P	-0.6790519761866625
EGFR	-0.1827683485567455
EGFR-AS1	-0.3185350149358719
EGLN1	-0.4136924459207991
EGLN2	0.9965485628151278
EGLN3	0.2980538470680725
EGR1	1.4601233727081642
EHBP1L1	0.0864816683759555
EHD2	0.7250227735284991
EHD3	-0.13217556084251791
EHD4	-0.07850178261019813
EHMT1	0.13894128541891426
EID1	-0.15764173776958046
EID2	-0.1781720195309191
EID2B	-0.05691059544150434
EIF1	0.26391394550831304
EIF1AX	-0.09575349059574023
EIF1B	0.09068800306442348
EIF2A	-0.11002832081003255
EIF2AK3	0.14641170791262503
EIF2AK4	-0.09210428827371864
EIF2B1	-0.20174651217380113
EIF2B2	-0.07150553823734729
EIF2B5	0.07633613506558046
EIF2D	-0.21184051862368758
EIF2S1	-0.16320022337926954
EIF2S3	-0.023400899187737245
EIF3A	-0.05861604312246982
EIF3B	0.07256536991078377
EIF3D	-0.23143743506794578
EIF3E	-0.1110907142796762
EIF3F	-0.29306333031032583
EIF3G	0.006508175461991783
EIF3H	-0.03667756211387019
EIF3I	-0.08712796710985504
EIF3M	-0.2898784121775444
EIF4A2	-0.026346577476196842
EIF4A3	0.105621235562535
EIF4E2	-0.22854458622587037
EIF4EBP1	0.23349136928930303
EIF4EBP2	-0.026888576946429765
EIF4G1	-0.039363785494678005
EIF4G2	0.32204250026061354
EIF4H	-0.2545641349833696
EIF5	0.06575443452272722
EIF5A	-0.20955787736757614
EIF5A2	-0.061784176710901306
EIF5AL1	-0.41972091279692414
EIF5B	-0.15770403053505433
EIPR1	-0.16717534262205191
ELAC1	-0.045889793792299294
ELAVL1	-0.042115797745395867
ELDR	0.5059190602391044
ELF2	0.14349421885759117
ELFN1	1.7645455321481367
ELK3	-0.15238955677746358
ELK4	0.5252784680508524
ELL	-0.0952140142352933
ELL2	-0.37884346538920166
ELL3	0.12588121987000234
ELMO3	0.07750222776361593
ELMOD2	-0.052693160833298336
ELMOD3	0.6308869257485004
ELMSAN1	0.4116452222601388
ELOA	-0.30081209459976144
ELOB	0.37962480719395053
ELOF1	0.003997227335758247
ELOVL2	0.10626737951874343
ELOVL3	0.9836709218315736
ELOVL4	0.4817734494056354
ELOVL5	-0.37742411896973227
ELP1	-0.06639379168037074
ELP5	0.057250420887141384
ELP6	-0.03653419750388398
EMB	0.8829371083830382
EMBP1	0.41395464461442044
EMC2	-0.2641868132317917
EMC3	0.1294016635248454
EMC3-AS1	0.37763040490239685
EMC7	-0.20374963123996004
EMC9	-0.2236576160662258
EMD	0.22057317006366617
EME2	0.1269637843527427
EMG1	-0.5159414095883177
EMILIN1	0.2022663021975606
EMILIN2	-0.06005682855591932
EML5	0.3953545479055629
EML6	0.17291943757238837
EMP2	2.564564443761522
EMX1	0.2624521388421641
ENAM	-0.2569767358357944
ENDOD1	1.2409955206773389
ENDOG	0.09176668709757507
ENDOV	-0.0013025771596475444
ENGASE	0.04413015406075971
ENHO	0.7411444687299711
ENKD1	0.2569642474521494
ENO1	-0.0909762507063272
ENO2	1.169826209745751
ENO4	0.2524859994607902
ENPP1	-0.4318215922717421
ENPP4	0.04275914464823849
ENSA	-0.1964974734726086
ENTPD5	-0.14869805810106929
ENTPD7	-0.24609870422378588
ENTR1	-0.18812443041694982
EP300	-0.2241555571693894
EP300-AS1	0.37088609334530664
EP400	-0.11113497909912162
EP400P1	-0.40549698386328936
EPAS1	-0.26834353677342637
EPB41L2	-0.11427335992693344
EPB41L4A	0.4803422004891993
EPB41L4A-AS1	-0.03336793439516139
EPB41L4B	0.041088779535481734
EPC2	0.14098959069895844
EPCAM	0.04556739645032515
EPG5	-0.07268065668550339
EPHA1	-0.15114739342819217
EPHA10	1.1153753302372538
EPHA2	-0.3042614772675716
EPHA3	-2.159406304786075
EPHA5-AS1	-1.7873006239905822
EPHB4	0.07764478912959571
EPHX1	0.5619296340919004
EPHX4	-0.3021493983018133
EPM2A	0.3890760422240134
EPM2AIP1	0.10276137530338936
EPN1	-0.009641202658370318
EPOP	0.02775581036190511
EPPK1	0.20954691815507953
EPRS	-0.24741480446584063
EPS15	-0.03850559639439233
EPS15L1	-0.01574070680890305
EPS8	-0.24488085905735346
EPS8L2	0.22168394799497904
ERBB3	0.21061322139225203
ERCC1	-0.08892879229785144
ERCC2	-0.03422483931088305
ERCC4	-0.19115855394460723
ERCC5	0.255422690699993
ERCC6	-0.07816015105771168
ERCC6L	-0.04487815006009299
ERCC6L2	-0.10074152821439952
EREG	0.519941189782843
ERF	-0.06920942782713091
ERFE	0.9999145063914163
ERG28	-0.4107027270338097
ERGIC1	0.09068805903172095
ERGIC2	-0.15802504688193952
ERH	-0.13748906613212686
ERI1	0.01566262530962348
ERI2	-0.019195011528587713
ERICH1	0.37838981909322067
ERICH5	0.5871154226276287
ERLIN2	0.09009479855268321
ERMP1	-0.49541121931083953
ERN1	-0.27420480272602976
ERO1A	-0.13007618934243936
ERO1B	0.15399520108722253
ERP29	-0.03231005694525013
ERP44	-0.10145673446515424
ERRFI1	-0.054800143288209924
ERV3-1	0.5857713295852225
ERVK13-1	0.19194577852239902
ESAM	0.5016086470397121
ESCO1	0.054558143010013715
ESCO2	0.04736834130633749
ESD	-0.09240231257955589
ESPL1	-0.04899225797339746
ESPN	-0.0067234910762863365
ESPNP	0.24859194515137428
ESRP2	-0.02523252812920518
ESRRA	-0.044182262680697804
ESYT2	0.20686255152942934
ESYT3	0.016408084460170613
ETAA1	0.28225033765198404
ETFB	0.8656485209801708
ETFRF1	-0.23296277809646337
ETHE1	0.5409056447072578
ETNK1	-0.4673250635527699
ETV3	-0.0711322311047402
ETV4	0.3192940453086952
ETV5	-0.5855962518266296
ETV6	0.3432058868018384
EVA1A	-0.45686819620680597
EVA1B	0.24892912748630058
EVL	0.32269674890241795
EWSR1	-0.043405982873838234
EXD3	1.0643957675540734
EXO5	0.13265501222101506
EXOC3	0.14854938080278046
EXOC3-AS1	0.15846917203031596
EXOC3L1	0.20853937707518888
EXOC3L4	-0.02641490828162496
EXOC4	0.14314128608716548
EXOC5	0.08065676540822864
EXOC6B	0.30647570246431144
EXOC7	0.20264039212525065
EXOC8	-0.27829091157849106
EXOSC1	-0.11398253528829905
EXOSC2	-0.37185445855547394
EXOSC4	-0.23602308749675238
EXOSC5	-0.09961858289128145
EXOSC6	-0.025308591430798444
EXOSC7	-0.36135501847914986
EXOSC8	-0.20157258328258187
EXOSC9	-0.11618399201972451
EXT1	-0.16886806569690904
EXTL3	0.2866029737997735
EZH1	0.24557399829851612
F11	0.2433473036663294
F11R	-0.23380335862301926
F12	0.0962411365347382
F13B	-0.5072547485556034
F2RL1	0.1875442754464407
F5	-0.8421855655707331
F7	0.07237706699499791
F8A1	0.45031729974137935
FAAH	0.6554402034230096
FAAH2	0.3416452933523213
FAAP20	-0.08523506306806183
FABP1	-0.7047897006506272
FABP3	0.311611644280231
FABP5	-0.35353632611023844
FADD	-0.3174980457596668
FADS1	-0.47752964189300595
FADS3	0.5487928507870681
FAF1	0.1078723124127734
FAF2	0.05187177543368726
FAH	-0.5075871318520431
FAHD1	0.2221580862686503
FAHD2A	0.1448540189838896
FAHD2B	0.763298044230575
FAHD2CP	0.19321888822719746
FAM102A	0.47775089524620995
FAM102B	0.46932482459622094
FAM110B	0.21556377136431326
FAM110C	0.09780963525048847
FAM111A	-0.09037327107053716
FAM111A-DT	-0.33534278575615684
FAM114A1	0.07118471179215291
FAM117A	-0.14550259645961727
FAM117B	0.2705208784035138
FAM118B	0.12951081648694007
FAM120AOS	0.18500728368574215
FAM120C	-0.3771512891210764
FAM122A	0.016045417084633584
FAM122C	0.27297596389659917
FAM126A	0.0005746602200575879
FAM126B	0.1460470323425902
FAM129A	0.4532203857943542
FAM131A	0.24219900021294016
FAM131C	1.232553251608341
FAM133DP	0.007066789227681447
FAM136A	-0.13942349879348104
FAM13A	-0.25223445256505306
FAM13A-AS1	0.24635176063022124
FAM149B1	0.08972747340079312
FAM151B	0.12881824052028268
FAM155B	-0.18910411332434673
FAM157A	1.3328586237960367
FAM157C	-0.6009757001608067
FAM160A1	-0.07016136782565852
FAM160B1	0.2715122586125771
FAM160B2	0.45831481410163377
FAM161B	0.39333513007451915
FAM162A	-0.16883125373000674
FAM167B	1.3080701797191863
FAM168B	-0.01288044897460594
FAM171A1	0.5903841227358182
FAM171A2	0.6285438283137985
FAM171B	-0.3168717206116014
FAM174A	0.2151869644160227
FAM174B	0.06652831576849749
FAM184A	-0.16948298245628957
FAM184B	0.2783661290536896
FAM192A	0.07720195931289187
FAM193B	0.040449865157386355
FAM199X	-0.04574656882956596
FAM19A2	0.4848371334388184
FAM200A	-0.10786877338788159
FAM200B	0.18975230328647008
FAM201A	0.3027650214373754
FAM206A	0.023068831674516233
FAM208A	-0.10183370355686616
FAM208B	-0.30932201489460187
FAM20A	0.37262788659390633
FAM20B	-0.1968419165580464
FAM20C	0.4011165314233791
FAM210B	0.5290533833436495
FAM216A	-0.7331416391428731
FAM219B	-0.06884616931601428
FAM21EP	-0.015591280434911425
FAM220A	0.28289976893416213
FAM222A	0.23482879450391358
FAM225A	0.39127394230566903
FAM227B	0.08420402845624375
FAM229A	0.7566066832335778
FAM229B	0.5359410476709345
FAM230I	-0.5142892905433136
FAM234B	-0.4548213865398516
FAM241A	-0.010127376116671805
FAM241B	0.40682908501572257
FAM32A	0.19386702001790024
FAM43A	0.21772236441093806
FAM45BP	0.1814309987057694
FAM50A	0.26724795928407374
FAM50B	-0.04812088952007798
FAM53B	0.2042550986955689
FAM66C	0.45347637344029845
FAM72A	-0.1887132893136414
FAM72B	-0.091091698017161
FAM72C	-0.3991810597759926
FAM72D	-0.2556850584655299
FAM76B	0.2272616610418341
FAM78A	0.01750739959653469
FAM81A	1.0124731387648302
FAM83B	-0.29703548235654065
FAM83D	-0.010067275891916694
FAM83G	0.01300682259285324
FAM83H	0.05636134643364432
FAM83H-AS1	0.1534156643312632
FAM84B	0.519214738837702
FAM86B3P	0.6257087315984506
FAM86C2P	-0.5791632010107213
FAM86DP	-0.2054045202378223
FAM86EP	-0.04493431860942465
FAM86FP	-0.17716493448008608
FAM86HP	-0.16734986520601902
FAM89A	-0.7310705542216835
FAM8A1	0.16378605026929538
FAM91A1	-0.28899479322714594
FAM92A	-0.20783934835622553
FAM95C	0.31916773146507715
FAM98B	-0.23436501891205896
FAM98C	0.16415001897390358
FAN1	-0.07526747912839671
FANCA	-0.1984745810743056
FANCC	-0.18834863216809916
FANCD2	0.15221875638276217
FANCE	-0.05839827311875023
FANCF	-0.34558044605923843
FANCG	-0.033588380108889204
FANCI	-0.1847693388195557
FANK1	1.2587793069845525
FAR1	0.23343052196185798
FARP1	0.11833933966234111
FARP2	1.1179401393527102
FARS2	0.2625634882950294
FARSA	-0.19200264837434666
FASN	-0.59791424576572
FASTKD3	-0.23300104893021523
FASTKD5	-0.03376753853761727
FAT1	0.09568894209121837
FAT3	0.06204458364964971
FAU	-0.29541744114222723
FAXC	0.9229985566820913
FAXDC2	-0.44464542506962346
FBF1	0.25066046944041087
FBH1	-0.1967308197541051
FBL	-0.20288058328771097
FBLIM1	0.21453026613358928
FBLN1	-0.010310636474532231
FBLN5	-0.35690106004849387
FBN1	-1.2052143586151658
FBN2	-0.2941749726825993
FBN3	0.31806122280334836
FBRS	0.23141671523835772
FBRSL1	-0.06860385636204835
FBXL12	-0.06692158506357115
FBXL14	-0.08006953590010912
FBXL15	0.14925353462914615
FBXL16	0.8695239890525825
FBXL17	0.3157747028488709
FBXL18	-0.15379667806029307
FBXL19	-0.2582285973556515
FBXL19-AS1	0.5201746564492122
FBXL22	-0.22987024875469775
FBXL3	0.0002620221104558951
FBXL8	0.39522827666338634
FBXO10	-0.08277417561734346
FBXO11	-0.14216393578016628
FBXO2	-0.08883049751092553
FBXO22	-0.2651537479191335
FBXO27	0.10341755481021986
FBXO3	0.08235499105586186
FBXO30	0.17150513762699227
FBXO31	-0.06245425864685972
FBXO33	0.12910453326765126
FBXO34	0.38922873422394266
FBXO36	0.26464055697053723
FBXO38	-0.01285138731941693
FBXO41	0.19518483771091333
FBXO42	0.22622939454338198
FBXO45	-0.1413004589884368
FBXO46	0.06912568200683467
FBXO48	0.47709377688987376
FBXO5	-0.21131849268987546
FBXO6	-0.008592382286011002
FBXO7	-0.22445854177312707
FBXO8	0.1227243477961677
FBXO9	0.0619567126111944
FBXW2	-0.15988480580310238
FBXW4	0.18948525197264132
FBXW4P1	-0.26656832838481526
FBXW5	-0.007456827143095701
FBXW7	-0.11199063990205316
FBXW9	0.23294466340925268
FCER1G	0.12542275225730526
FCF1	-0.014492476140160804
FCGBP	-1.4363475239704613
FCHSD1	0.37243753504788657
FCHSD2	-0.18233042125103882
FDFT1	0.20917158384093648
FDPS	-0.6276858775007792
FDX1	-0.018179960271568874
FDX2	0.015555301860920245
FEM1A	-0.11738961995047603
FEM1B	-0.13690664330388636
FEM1C	0.4998760493131469
FEN1	-0.22851515295117242
FER1L4	0.4496072952960799
FER1L5	0.4173397597219912
FERMT1	1.5192749351230024
FGA	0.3551049388785916
FGD1	0.5394761555384342
FGD5	0.9452574498837021
FGD5-AS1	0.829802750679832
FGD6	-0.2417404913967367
FGF11	0.8082755746048318
FGF12	0.3396237498080503
FGF14-AS2	0.34135542897096594
FGF18	-0.42365635412189784
FGF19	-1.0404224881048134
FGF2	0.4447893212174572
FGF21	0.6934047126733773
FGF7P3	-0.11193077137930452
FGFBP3	-0.18227922578052524
FGFR3	0.26943578828650416
FGG	-0.8909877686364993
FH	-0.3317007411025914
FHAD1	1.435809260865808
FHDC1	-0.37462617750941707
FHOD1	-0.05347044302141235
FICD	-0.04526432301083139
FIG4	0.06576031595340037
FIGN	-0.20434463931598223
FIGNL1	-0.059427010802838076
FIGNL2	-0.08991404412949233
FIRRE	-0.3634610139496779
FIS1	-0.16915094941922248
FITM2	0.23056859340510538
FIZ1	0.05800757472172258
FJX1	0.2962967794569882
FKBP10	-0.42134701565068067
FKBP11	-0.3892899025663299
FKBP15	-0.011037164637511587
FKBP3	0.16761859087660191
FKBP4	-0.3554845130147566
FKBP5	-0.2160797130276917
FLAD1	0.19433281434875838
FLCN	0.3843072993388441
FLJ20021	-0.30023059938402596
FLJ32255	0.47088446058423505
FLJ37453	0.5494064225134676
FLJ42627	0.41134065678555576
FLJ46906	0.24843745450997767
FLNB	0.3432037110291528
FLOT1	-0.028886881911432738
FLOT2	0.04864900522063653
FLRT1	-0.3219284778089784
FLRT2	0.8205844709600338
FLRT3	0.2910795098875223
FLVCR1	-0.1519586077902737
FMNL1	0.9391300297233003
FMNL2	-0.11408771470906753
FMO4	0.19676176760226172
FMO5	0.15360752107886189
FN3K	0.06824609547628491
FNBP1	0.03993138301568422
FNBP1L	0.5066068348814508
FNBP4	-0.1935456093495942
FNDC10	0.9275847911553927
FNDC3A	0.5191964570799743
FNDC4	0.2747657813898332
FNDC8	-0.11286214419712781
FNIP2	-0.27574121175688404
FOCAD	-0.30365765166650593
FOLH1B	-0.3066275499024713
FOS	2.504988905795303
FOSL2	0.8309804798943148
FOXA1	-0.14358864386811732
FOXA3	-0.13199306283534895
FOXC1	0.5149042688964327
FOXD2	0.16310745816417072
FOXD2-AS1	0.576293809341589
FOXD4	0.3435981317338377
FOXD4L1	0.4594407991434304
FOXE1	1.8223423690742782
FOXJ1	0.646241878673905
FOXJ2	0.10847640324485486
FOXJ3	-0.24112026540697418
FOXK1	0.0876073954747687
FOXK2	-0.05590287249272663
FOXN2	-0.2722773526864959
FOXN3-AS1	0.07515339843727897
FOXO1	-0.03582794281395163
FOXO3B	0.21397516006269957
FOXQ1	0.016173893705327735
FOXRED2	0.05324429176602896
FPGT	0.013545116962281778
FRA10AC1	0.16032043020346354
FRAS1	-0.24695250769253363
FRAT1	0.12771721192627883
FRAT2	-0.08818783322441082
FREM1	-1.4045727621504747
FREM2	-0.5644578448135533
FRG1	-1.0160609904752596
FRG1BP	0.26486268363969856
FRG1CP	-0.07667500887396006
FRG1HP	0.08270726283103347
FRK	-0.41932448610245654
FRMD4A	0.15761523596666382
FRMD4B	0.7775386932617563
FRMD6-AS1	-0.07982733110991314
FRMPD1	-0.7483495433147822
FRRS1	-0.14331923063329643
FRRS1L	-1.154939393937048
FRS3	0.19680692251638554
FRY	-0.40831615428213297
FRYL	0.1201413041996151
FRZB	-0.9235076822655504
FSCN1	1.3581991629103296
FSD1	0.8104562973829492
FSIP1	0.44814897542469057
FSTL1	0.8441312867662445
FSTL3	1.040869078424362
FTH1	-0.2077398429564834
FTL	-0.3496235976924602
FTO	0.2748713798256084
FTSJ3	-0.10885511479824483
FTX	0.5625263233128366
FUBP1	0.2673752711447017
FUBP3	0.03431141120928505
FUCA1	0.27716805672963307
FUCA2	-0.20549106558269958
FUK	0.07639247572953956
FUNDC1	-0.10467494250706366
FUNDC2	-0.0055180643349777014
FUOM	0.25277682143811697
FURIN	-0.2205211035668242
FUT1	0.14988139126721922
FUT10	-0.10452034810148891
FUT4	0.10819736713311379
FUT9	-0.006269173799918981
FXR2	0.11194235287211907
FYB2	-0.40819684427787584
FYCO1	0.07616461206185576
FZD1	0.5701346326343275
FZD2	0.7656292073749613
FZD4	-0.18806436408578087
FZD5	0.15664700125178843
FZD7	0.24493114039959085
FZD8	-0.023109178699187716
FZD9	0.24833981428882357
FZR1	-0.02753281835452892
GABARAP	0.27727153560791074
GABARAPL1	0.9123643750538992
GABARAPL2	0.1172264393110165
GABPB1-AS1	-0.45083293122754453
GABPB1-IT1	-0.13918526834186284
GABPB2	0.260258857320244
GABRA3	0.20156224413518675
GABRB1	-0.7799326634680508
GAD1	1.162488471084655
GADD45B	0.7513201967081926
GADD45G	0.8711970781441982
GADD45GIP1	-0.0619903246609681
GAK	-0.08926341086760736
GAL3ST1	0.03471019085211058
GAL3ST3	-1.1941055226899668
GAL3ST4	0.9304603150313753
GALK1	0.2688634147462938
GALM	-0.003381117726304339
GALNS	0.42165027064875815
GALNT1	0.10396871357520965
GALNT10	0.44867709396269895
GALNT11	0.04170821766215882
GALNT12	0.2934065922445188
GALNT13	-0.6111124162373103
GALNT16	1.868957379265562
GALNT3	0.28619272840419896
GALNT4	0.07164559046367724
GALNT6	1.8284639150805924
GALNT7	-0.2984254332464884
GALR2	0.8714948119815005
GALT	-0.34248282490909787
GAMT	-0.008766219248558471
GAN	-0.1278673744952874
GANC	0.07895547988592178
GAPDH	-0.3981864402580588
GAPDHS	0.03015499441037406
GAR1	0.001736111186402045
GAREM2	0.4421378684875732
GARS	0.0005309825489185904
GARS-DT	0.11417655595281495
GART	-0.419154615415116
GAS5	-0.42104595585530813
GAS5-AS1	0.022842369445706723
GAS8-AS1	0.8097186955136078
GATA2	-0.34320014876020233
GATA2-AS1	-0.1522364458866523
GATA4	-0.5053081259034466
GATA6	-0.12644511660084934
GATA6-AS1	-0.12832385152345127
GATAD1	-0.25532501510824934
GATAD2A	-0.02643309480758349
GATAD2B	0.08240039673791877
GATB	-0.00650432899191955
GATD1	0.09708133297813504
GATM	0.39431318318878894
GBA2	0.015226005237305884
GBAP1	-0.06705175105661088
GBAT2	0.19814197236230413
GBE1	-0.2794956013339691
GBP1	1.5068499229209646
GBP2	0.5937803439184717
GCA	-0.019714980875574106
GCC1	0.17224790576594273
GCFC2	0.05386813751511177
GCGR	1.8742052418108115
GCH1	-0.225307630971336
GCHFR	-0.04629320840904949
GCKR	-0.04990569615833662
GCN1	-0.3635858516929389
GCNA	-0.11718433302777953
GCNT2	-0.3217498453166292
GCNT3	0.17592487436115078
GCNT4	0.42149888590545714
GCNT7	0.35622684403345595
GCSHP3	0.10071856899759801
GDAP2	-0.20189759078681213
GDE1	0.10680801636917359
GDF11	-0.2955667216877238
GDF15	0.616039752714193
GDF7	0.23911864600429178
GDI1	0.25328101835677774
GDNF-AS1	-0.8598777504838164
GDPD1	-0.3169477326974368
GDPD3	-0.36986715576743157
GDPD5	0.8478459886377268
GDPGP1	0.07035482540051552
GEMIN4	-0.21887813045610738
GEMIN6	-0.23227756772941888
GEMIN8P4	-0.1370407676866483
GEN1	-0.22327668463541217
GET4	-0.10681103120446966
GFER	0.05731983845159938
GFOD2	0.1874477787905917
GFRA3	1.7411057078390981
GGA1	0.0589555067126617
GGA2	0.030967768561808384
GGH	-0.007773838297047142
GGN	0.13513833051540347
GGNBP2	-0.31545761402502936
GGPS1	-0.18932521692921922
GGT7	0.1919159913208146
GHITM	-0.020698827643366613
GHR	-1.0581140438497298
GID4	-0.06828476416236295
GID8	0.09355576302613944
GIGYF1	0.3009428831073899
GIHCG	0.08395790655667046
GINM1	0.2558942316814843
GINS1	0.1794006128696628
GINS2	0.11369169468857265
GINS4	0.350462106879073
GIPC2	-0.19732639380468697
GIT2	-0.043268627142280636
GJA1	0.762830845198291
GJB2	0.32487469246505274
GJC2	-0.4260566552557723
GJC3	0.8943037487806336
GJD3	0.13779448092171176
GK5	0.38382251629376407
GLA	0.1012265665264298
GLCCI1	-1.2200839536702643
GLCE	0.08790606289849734
GLDC	-0.7125268753272094
GLDN	1.606902927431383
GLE1	-0.15790552568986538
GLI4	0.3164121646451985
GLIPR1	-0.030197814555852798
GLIPR2	0.4906698375655605
GLIS2	0.47989381348179494
GLIS3	-0.1005748108965916
GLMN	0.11480162662174109
GLMP	-0.08411625606487005
GLO1	0.2465696959901038
GLOD4	0.1033188150692288
GLP2R	0.5238890446293314
GLRX3	-0.0882770757466318
GLRX5	-0.10773735009753249
GLS	-0.5537057926758377
GLTP	-0.039513350933883196
GLTPD2	-0.4800291866615298
GLUD1	-0.37801439916979174
GLUD1P3	0.35268588076197993
GLUD2	-0.6306726374706741
GLUL	0.007516149365396352
GLYCTK-AS1	0.6557822529101829
GMCL1	-0.06813301547023798
GMDS	0.13028671337162478
GMDS-DT	0.3181561902252943
GMEB2	0.0021066373122327064
GMFB	-0.09598283907112037
GMNN	0.09120343805911091
GMPPA	0.306988177573841
GMPR2	-0.22934934389273653
GMPS	-0.1750521073334994
GNA11	0.08295182013435376
GNA13	0.3566062359892852
GNAI1	-0.41503987213634286
GNAI2	0.1533612258745114
GNAI3	0.16666113847581698
GNAQ	-0.09757407452611844
GNAS	-0.06417920777983177
GNAS-AS1	-0.08047346043273507
GNAT2	0.3992623693359554
GNAZ	1.1926742371401073
GNB1L	-0.108065910366264
GNB2	0.19559152012839753
GNB4	0.46183734848033264
GNG12	0.4014270090389962
GNG13	0.08387110027134392
GNG3	-0.465065962110109
GNG5	0.07080231682495786
GNG7	0.6537202137944469
GNL1	0.0790284284082392
GNL2	-0.17707342558074934
GNMT	0.4683156370526538
GNPDA1	0.2206535705992092
GNPNAT1	-0.26151026767379815
GNPTAB	0.026292193452233548
GNPTG	0.14674826677340658
GNS	-0.08437991291813329
GOLGA1	0.043061682033367354
GOLGA2	-0.02460864822232356
GOLGA2P5	-0.4301087114743858
GOLGA2P7	0.4281477126287272
GOLGA3	-0.8455510545166387
GOLGA5	0.16533739061369168
GOLGA7B	1.420940712195755
GOLGA8A	0.14369653795782256
GOLGA8B	0.3469133169770382
GOLPH3	-0.01270870826141568
GOLPH3L	-0.001309411381257064
GOLT1A	-0.628572066463672
GOLT1B	-0.13588079101061457
GORAB-AS1	-0.08269137891936129
GORASP2	-0.18115146991651043
GOSR2	-0.13289906602947266
GOT1	-0.5860507065401697
GP1BA	0.39145950487777137
GPAA1	0.08531604473356325
GPALPP1	0.06333976207799541
GPAT4	0.27918292935528655
GPATCH1	0.12613355804857473
GPATCH2	-0.21939137497591155
GPATCH3	-0.011226359783198525
GPBP1L1	0.12275547729661973
GPC1	0.035026614533627765
GPC2	0.5409752552016069
GPC4	0.9659743809378529
GPC5	-0.19816549819032758
GPC6	0.2446207089028647
GPCPD1	0.039429609651029374
GPD1L	-0.7432134457785962
GPD2	-0.17860368413442274
GPI	0.0408467376657522
GPKOW	-0.07148818864874151
GPLD1	0.003136571498565388
GPM6B	0.1643883982083829
GPN2	-0.06189554402347408
GPR107	0.3138702979024224
GPR108	0.10854305129926178
GPR119	-1.0627009027488423
GPR135	0.053832717324475254
GPR137B	0.6457480786083316
GPR137C	0.09110189551293946
GPR143	-0.18781025673100693
GPR153	0.7844745842129353
GPR157	0.926085672888989
GPR160	-0.20156187016503146
GPR35	-1.278562222913089
GPR37	-0.08446382680054487
GPR39	0.04477725040586833
GPR75	-0.07782124018779069
GPR83	1.350343739918388
GPR89B	0.05229456958631307
GPRC5A	0.796616901159791
GPRC5C	0.04249469564294284
GPRC5D	-0.35316960660065977
GPRC5D-AS1	0.029400191411557586
GPRIN1	0.5106751155445437
GPRIN2	0.8183110797061013
GPRIN3	0.3214345554542075
GPS1	0.33177356676664127
GPS2	0.3012653687621878
GPSM1	0.6138426936207981
GPSM2	0.2521339528373616
GPT	0.017223067102303702
GPT2	0.19541687022255516
GPX3	0.11238344256544508
GPX4	0.2614205278846069
GPX7	0.3676133757898148
GRAMD1A	0.2972031069561929
GRAMD1C	0.6067400705244066
GRAMD2A	-0.8749535206531651
GRAMD4	0.25843946808533325
GRB10	0.0674584449603266
GRB14	0.07031932844448185
GREB1	-0.36826085033243494
GREB1L	0.17430765208349053
GRHL1	-0.3902882407472337
GRHL2	-0.6635343014148845
GRHPR	-0.005675972311591337
GRID2IP	1.376394884615762
GRIN2D	0.852706514392461
GRIN3A	0.007997099819165854
GRIN3B	1.1188546069958751
GRIPAP1	0.16584930297249034
GRK2	-0.2667399935376791
GRK3	-0.8071473914908891
GRK5	0.04641184087920891
GRN	0.37863465143048636
GRPEL1	-0.23571277204369068
GRPEL2	0.11490705610479512
GRSF1	-0.1351605573130783
GRTP1	-0.2161937217531298
GRWD1	-0.15112188221210943
GS1-124K5.11	0.10614567403033481
GSAP	-0.0898038050524601
GSE1	-0.13058434866523783
GSK3A	0.10885469270618575
GSKIP	0.12378144007949832
GSPT1	0.3560565788841772
GSPT2	0.11044418412051016
GSS	0.09612063689400951
GSTA4	-0.004508489330794063
GSTM4	0.875591238740526
GSTO1	-0.40605537713883066
GTDC1	0.11848533238481451
GTF2A2	-0.3900526205264665
GTF2B	0.303458464988541
GTF2E1	-0.07439077364191427
GTF2E2	0.12070230387885417
GTF2F1	0.057502848208042856
GTF2F2	0.1202305519708391
GTF2H2B	-0.32300839302280693
GTF2H4	0.0054474889983122665
GTF2H5	-0.061886410577301376
GTF2IP1	0.02671496531896711
GTF2IP20	0.33522927878543785
GTF2IRD2	0.26585827368203985
GTF2IRD2B	-0.0008260318952313384
GTF3A	-0.16236451772299887
GTF3C3	-0.038443968467755774
GTF3C6	-0.21921730861485855
GTPBP1	-0.14163387673492522
GTPBP4	-0.22841759789827876
GTPBP6	-0.4612400305256772
GTSE1	-0.03402899520760183
GUCA1B	0.2935047396698627
GUCA2A	-0.6563216462964392
GUF1	-0.1728383091282586
GUK1	-0.2868721858222756
GUSBP1	0.3212880872270434
GUSBP11	0.6180177616953131
GUSBP2	0.017015957678745863
GUSBP3	-0.011713189096534737
GUSBP4	0.059953147541683904
GUSBP5	0.23832724214644152
GUSBP9	-0.01791865701147488
GVINP1	-0.09250685163258732
GVQW2	0.7090362812009472
GVQW3	0.06934176771221523
GXYLT2	-0.8483137378021519
GZMA	1.6589170355602119
H1F0	0.3701074050810389
H1FX	0.2474654326827741
H1FX-AS1	0.46221147460893164
H2AFV	0.3169663830057754
H2AFX	-0.01389470352873623
H2AFY	0.02244645448251381
H2AFY2	0.6064899151621024
H2AFZ	0.05331896525468416
H3F3AP4	0.054022769750982746
H3F3B	0.09109798516282552
H6PD	0.14094776083746252
HAAO	-0.07976204713912871
HABP4	-0.10503273583692874
HACD1	-0.468128362860309
HACD2	0.06633857581139768
HACD3	-0.16550822271638133
HADHA	0.035920488329407974
HARBI1	-0.1696036291035088
HAS2	0.40380142497601534
HASPIN	-0.02874922301354932
HAUS5	0.2568558666977312
HAUS7	-0.08358682528345884
HBEGF	0.18752462027048633
HBQ1	0.2931010855764793
HBS1L	-0.15168538816408095
HCAR2	-1.932130493435839
HCAR3	-1.2100642223994176
HCFC1	-0.12518061912152234
HCFC2	-0.3556299266738572
HCG18	-0.3410895434465959
HCG4B	0.16323417411627705
HCN1	-0.3002378501758991
HCN2	-0.13179548460986013
HDAC1	0.12895133295912764
HDAC2-AS2	0.5602859739592887
HDAC3	0.17469918440908927
HDAC4	0.03445572352444426
HDAC6	0.36002700218632544
HDDC2	-0.03633055235747662
HDGF	-0.0774287860816969
HDGFL3	0.08071568021978326
HDHD2	-0.2895644871464329
HDHD3	0.21371896118007783
HEATR1	-0.5631845861377816
HEATR3	-0.4122071843532096
HEATR5A	0.11454599118087838
HEATR5B	-0.15098933816382143
HEATR6	-0.03492618408606507
HEBP1	-0.22423420548834017
HEBP2	0.07304981883838124
HECA	0.9500299568619415
HECTD1	-0.06762236180622239
HECTD2	0.0526864932095199
HECTD3	0.1361018459631662
HECTD4	-0.14859535265469948
HEG1	-0.6649654772081437
HEIH	-0.04708855222855135
HELB	-0.1605719713997411
HELZ	-0.08877093671206637
HELZ2	0.38148777380741095
HEPHL1	-0.01819445558289212
HERC1	-0.26748728883153117
HERC2	-0.13784057847628972
HERC2P2	-0.18795315944766067
HERC2P3	-0.09256508031801491
HERC2P9	0.06147229039508728
HERC4	0.33160594416963507
HERC5	0.9042032581463633
HERPUD2	0.32927774112680375
HES1	0.305503232878106
HES2	2.4848989905641012
HEXA	-0.16901032295111396
HEXB	0.11476430871624466
HEXD	0.441787126282275
HEXIM1	-0.12464413265571928
HEYL	0.3231167982558456
HGD	-0.29169182195684584
HGH1	-0.31496692906682
HGS	0.2001740103858518
HGSNAT	0.4860584915364834
HHEX	-0.13259845841535434
HIBADH	0.07697344714229537
HIC2	-0.5178964800645325
HID1	0.3581085599695193
HIF1A-AS1	-0.2441876424900613
HIF1AN	0.011452781876044149
HIGD2A	0.06947626052316913
HINT1	0.030929040668512986
HINT2	-0.27000366342324167
HINT3	0.08007882598090177
HIP1R	0.026246110232246878
HIRA	-0.14628642639458977
HIRIP3	0.10679200015792656
HIST1H1B	0.06502995420207425
HIST1H1C	-0.04440116083812651
HIST1H1E	0.11131229504270301
HIST1H2AC	-0.2295722088961316
HIST1H2AE	-0.03717082388056259
HIST1H2AG	0.10187652461232144
HIST1H2AK	-0.018387681463717165
HIST1H2AL	-0.15280832791220567
HIST1H2AM	-0.0977485055233287
HIST1H2BC	-0.2759830518165516
HIST1H2BD	-0.349356366540734
HIST1H2BG	-0.06554275632750173
HIST1H2BH	0.6031433595253666
HIST1H2BJ	-0.267175284728534
HIST1H2BK	-0.1430245952017195
HIST1H2BN	0.004256620971668124
HIST1H2BO	0.17446432417192037
HIST1H3A	0.09486253789195853
HIST1H3B	-0.2922654119816235
HIST1H3C	-0.06625622754023563
HIST1H3D	0.13447380310253987
HIST1H3E	0.1143181951905814
HIST1H3H	-0.01904104268292217
HIST1H4A	0.2837491850187823
HIST1H4C	0.32796816663350814
HIST1H4E	0.38654539176916636
HIST1H4H	0.2047958267001282
HIST1H4I	0.11496084489403602
HIST2H2AC	0.04152877393957688
HIST2H2BC	-0.4290229180762517
HIST2H2BE	-0.22743404609581575
HIST3H2A	-0.35565784067318384
HIST4H4	-0.06288454249903275
HIVEP1	0.11920897089913396
HIVEP2	-0.005257752627676027
HJURP	0.7200576911051262
HK2	-1.113793663685522
HKDC1	0.821609032249941
HKR1	0.0578065919151598
HLA-B	0.31933989711393806
HLA-E	0.18801057614776395
HLA-F-AS1	-0.4386789563363518
HLA-H	0.9832076564563299
HLA-L	0.8767583535469208
HLCS	-0.48282436097286796
HLF	-0.2749379888616179
HLTF	0.07838599604721708
HLX	0.32512082104627504
HM13	-0.06504713942944562
HM13-AS1	0.32926038866040974
HMCN1	-0.8620270997682282
HMG20B	0.2678897185073206
HMGA1	-0.4117022061114377
HMGA2	-1.1893208362926506
HMGB1	0.07874892354542995
HMGN1	-0.07052787293647089
HMGN2	0.15543652396670993
HMGN3-AS1	0.1330356174207461
HMGN4	0.355696937584681
HMGN5	0.009067426044865101
HMGXB3	-0.09194761464121637
HMOX1	0.08046317203801134
HMSD	0.15639555886816803
HMX3	0.5648340693911935
HNF1A-AS1	-0.11105011024089784
HNF4G	-0.07413843485023186
HNMT	-0.15212663393318815
HNRNPA0	0.2638081955633895
HNRNPA1	-0.2780826176182658
HNRNPA1P10	-0.1464772113281212
HNRNPA1P33	-1.2192383649027823
HNRNPA2B1	-0.06511574711107038
HNRNPA3	0.06907986833254043
HNRNPAB	0.15137605678315547
HNRNPDL	0.13638701774760076
HNRNPF	0.06994045428715578
HNRNPL	-0.024630594180384158
HNRNPUL1	0.18766462019824637
HNRNPUL2	-0.32484064184235617
HOMER3	0.7020095624571239
HOMEZ	-0.11234750571828922
HOOK1	-0.08640373323402528
HOOK3	0.6310211978629674
HORMAD2	0.14086192819696208
HOTAIRM1	0.12102793440946202
HOXA-AS2	-0.5095593217559005
HOXA2	-0.0875673986899983
HOXA3	-0.16418960602504162
HOXA4	-0.03679303513465326
HOXA5	0.4221918860369236
HOXA6	0.3631817339549115
HOXA7	0.3386977960953401
HOXD1	-1.949166239439111
HP1BP3	0.19129470477721977
HPCAL1	-0.03094633531485469
HPDL	0.8391489764602009
HPF1	0.06586425844319166
HPN	0.2921127434973596
HPN-AS1	-0.012147335080458177
HPRT1	-0.1871170311172543
HPS1	-0.005055127592237252
HPS3	-0.08405185251889602
HPS6	0.14241317228925165
HPX	-0.8051065889652449
HRAT92	1.0900036901992771
HRG	1.157685975918393
HS1BP3	0.1953928042237294
HS1BP3-IT1	0.03391729230742779
HS2ST1	-0.42268975674901643
HS3ST1	-0.06952975090807634
HS3ST3A1	-0.1595411065335286
HS3ST3B1	-0.4691411651871773
HS3ST5	0.2919262541186818
HS6ST1	0.26051723305329677
HSBP1	0.12451832469152446
HSBP1L1	-0.1284696489719659
HSCB	-0.2737092929006115
HSD11B2	-0.013701067459249039
HSD17B1	0.10168948718369197
HSD17B11	0.27184962231812815
HSD17B12	-0.765626074333988
HSD17B14	0.7886170603016014
HSD17B2	0.15062364986787635
HSD17B6	-0.07509494072281431
HSD17B7	-0.3703712376816508
HSD17B7P2	-0.07957688793487616
HSD3B7	-0.09781473284538578
HSF1	0.00840918386872147
HSF2BP	-0.02408652521178034
HSP90AA1	0.16105724668709076
HSP90B1	-0.27671613580122223
HSPA13	-0.22872273965451484
HSPA14	-0.13153990793235515
HSPA1A	-0.007275653139316773
HSPA1B	0.3975621818681443
HSPA2	0.03291818697503057
HSPA4	-0.2512011103395153
HSPA5	-0.0961742486109518
HSPA6	-0.059162281257912674
HSPA8	-0.09770853598809293
HSPA9	-0.12183977206095697
HSPB1	0.3211734684953491
HSPB6	-0.03980491486600801
HSPB7	1.0051275552198309
HSPB8	-0.777912873625727
HSPB9	-0.16356199639165148
HSPBAP1	-0.034143216697571255
HSPE1	-0.035314759578144006
HTATSF1P2	0.8732454406022105
HTR7P1	-0.048726773479014884
HTRA1	1.103704014116878
HTT	-0.062429146811570746
HULC	-0.15572229449513486
HUNK	0.621989096105577
HUS1	0.24160958678375355
HUS1B	-0.3141159884344771
HUWE1	-0.04100323409258788
HYAL1	0.20806671150981737
HYAL2	0.18555253304438324
IAH1	-0.19954042819811857
IARS2	-0.3043394277545959
IBA57	-0.005466356522968674
ICAM1	-0.06945583139728573
ICAM3	0.07537738514360548
ICAM5	0.57950601487547
ICE1	0.11551005700662387
ICE2	-0.6759229166064884
ICMT	0.01093940387252701
ID2	0.05173673426890968
ID2-AS1	0.22992587815825205
ID3	-0.741423313671504
ID4	-1.1418625878901567
IDE	-0.15898183989808334
IDH1-AS1	0.26040248818323075
IDH3A	-0.4578328473634983
IDH3B	0.10885099612118321
IDI1	-0.5162811722323082
IDI2	0.04018988590651418
IER2	0.7855391784443118
IER3	0.4710665900271671
IER3IP1	0.15068373008106573
IER5	0.1395608067656111
IER5L	-0.03115658586807335
IFFO2	-0.1298495310310006
IFI30	0.15648904288736176
IFI35	0.32742759279547595
IFIH1	0.2176832662106225
IFIT2	0.6117851955235767
IFIT5	0.8564953992733848
IFITM10	-0.0186146105481102
IFITM2	0.03227013681483726
IFNAR1	-0.06063110048450593
IFNGR1	-0.05088232652585667
IFNGR2	-0.32779278981483273
IFRD2	-0.29266948209916155
IFT140	0.25579869206243266
IFT172	0.35388814645402
IFT20	-0.5637723727772657
IFT43	0.4864834441815269
IGBP1	0.23739263067983085
IGDCC3	-1.1048616438344077
IGDCC4	0.05069671302904144
IGF2	-0.19439020864943224
IGF2BP1	-0.36859100707555825
IGF2BP3	0.25610017442875677
IGF2R	0.06879151043016396
IGFALS	0.7186796634624217
IGFBP1	1.5277363184030484
IGFBP2	1.9581846751737697
IGFBP4	0.40955967820799843
IGFBP6	0.8597050484089235
IGFBP7	0.9686499935024424
IGFBPL1	0.6735268370694052
IGFLR1	0.2325893052633452
IGHMBP2	-0.3258005218734841
IGIP	0.1616887785830845
IGSF10	0.6749057353846362
IGSF22	0.5998144704218089
IGSF6	-0.04992832235446043
IHH	-0.39383455504396103
IK	0.09908596493310018
IKBIP	-0.20836297895743794
IKZF4	0.02387837308506935
IL10RB	-0.07377227867754055
IL10RB-DT	0.27109219207326607
IL12A	0.12122668649361801
IL13RA1	-0.08349970132040685
IL17D	-0.12567119777803715
IL17RB	0.40574755808216256
IL17RD	0.7740000089110204
IL1A	0.339997003707476
IL1RAPL1	-0.1645659850558281
IL1RAPL2	-1.150065780857589
IL20RB	-0.07569453524842329
IL22RA1	0.5889020463167993
IL23A	0.7208870002433159
IL27RA	0.475324958311103
ILF3-DT	0.16747353208256843
ILK	-0.09462599205095579
ILKAP	0.025764076106250755
ILVBL	-0.06620795300817583
IMP3	-0.35576594013722307
IMP4	-0.22130765825524534
IMPA1	0.6119492640069293
IMPA2	-0.09986001689767043
IMPACT	-0.2577859828019058
IMPAD1	-0.10243444188425777
IMPDH2	-0.1379655419741086
IMPG2	0.30222372043799695
INAFM2	-0.14280587639918974
INAVA	-0.00586292621704132
INE1	0.1364162086711369
INF2	-0.05796010301461063
ING1	0.3915269485109354
ING2	0.305293458115373
ING3	0.05195910318423547
ING5	-0.15669785220163224
INHA	1.2188739759143017
INHBA	0.23283634096535666
INHBB	-1.8676068618148625
INHBC	0.2992262188826511
INHBE	0.4639555771628663
INIP	0.07729993092933185
INO80D	-0.12336831675131776
INPP5A	0.10192244882271684
INPP5B	0.03436686303607095
INPP5E	0.21187314381366829
INPP5F	-0.15897239014110376
INPPL1	0.16050827661936928
INSIG2	0.1889341858034319
INTS1	0.13276053952979172
INTS10	-0.21306024983081073
INTS11	0.05924796230737339
INTS13	-0.4820246330866693
INTS3	-0.1992070338955152
INTS4	-0.11136174542710453
INTS4P2	-0.2377819566691377
INTS5	-0.32236194087309045
INTS6	-0.08621365861295072
INTU	0.08728183256570787
IPMK	-0.06430245491728481
IPO13	0.13849870075404525
IPO5	-0.21430168563270868
IPO7	-0.38399993620013273
IPO8	-0.3688806970154186
IPO9	-0.13727439228119565
IPP	0.0669490497329086
IPPK	-0.12886282726325682
IPW	0.42575496344481056
IQCB1	0.29262088615344073
IQCD	0.8033653650693209
IQGAP1	0.12699083020643442
IQGAP2	-0.32433041935629614
IQGAP3	0.278363240339095
IQSEC1	0.20886448477462416
IRAK1BP1	0.24321994963136184
IRAK2	0.19473968722868662
IREB2	-0.32047808816530843
IRF1	0.4165168693089001
IRF2	-0.07440805153583874
IRF2BP1	0.04998832301258638
IRF2BPL	0.5919082438544017
IRF8	2.2883346228925228
IRF9	0.3628021316528365
IRGQ	0.3306874209016293
IRS1	0.09719064939402067
IRS2	0.676907298950236
IRX3	-0.7588649824463283
ISCA1	0.10308719731080451
ISG15	0.192330479312246
ISG20L2	-0.2116453514641119
ISL1	-0.8798250376151882
ISL2	-0.17913416661108172
ISM1	-0.8885209797134839
ISOC1	-0.014472198011969972
ISX	-1.0544468186380676
ITFG2	0.15063474971403057
ITGA1	-0.44180139622644177
ITGA2B	1.26375284068473
ITGA3	1.4192159413502354
ITGA4	0.7431253086802636
ITGA5	-0.02500014598294875
ITGAE	0.17562902866321561
ITGB1	0.40585050616916574
ITGB1BP1	-0.42706875451957904
ITGB3	-0.9267852788488407
ITGB5	0.006900566293971622
ITGB8	2.518300725395248
ITIH2	-0.445952328923493
ITM2B	-0.14218797672390338
ITPKA	-0.364934778627541
ITPKC	0.1313111189197249
ITPR1-DT	-0.29347144091027744
ITPR2	-0.6193126373177185
ITPR3	0.4244760528232616
ITPRID2	0.14555779239449684
ITPRIPL2	0.4299203009513892
ITSN1	-0.3182892025408641
IVNS1ABP	-0.0073774894075144815
IWS1	-0.11991150960685104
IZUMO1	0.9070148160878104
JAG1	-0.09252057153292892
JAGN1	0.06528235268532256
JAK1	0.38489119538650307
JAK2	-0.036240279888587246
JARID2	0.32704950046096837
JAZF1	1.0134469136591084
JCAD	-0.776277699580548
JKAMP	0.7339260384626485
JMJD1C	0.7189790107187042
JMJD1C-AS1	0.24591960785048927
JMJD6	0.35472363474114177
JMJD7	-0.017034781829379675
JMJD8	-0.14497448484544417
JMY	0.31024084865752233
JOSD1	0.15755484367848993
JPT2	0.07351645047184974
JPX	0.03674103713552679
JRK	-0.15656342545718083
JSRP1	0.8138873683136163
JTB	-0.06041999938600551
JUN	0.6428285361540826
JUNB	0.9957884146893274
JUP	0.47745207935180956
KAAG1	0.4548213103059182
KALRN	1.7616176252469942
KANK1	-0.01296474599126185
KANK2	-0.005035407238542788
KANK3	0.029177807801449074
KANK4	-0.569180926759759
KANSL1	0.28212175006839857
KANSL1-AS1	0.08719584105492562
KANSL2	-0.2093539823845374
KANTR	-0.1926238743408457
KAT2A	-0.06442230273045357
KAT2B	0.2669945210448894
KAT6A	-0.06953411718324265
KAT6B	-0.24488093484304407
KATNAL2	0.8111429981829072
KATNB1	-0.14524251035795555
KATNBL1	0.05999188448583581
KATNBL1P6	-0.02667493073534466
KAZALD1	-0.4712234305512726
KBTBD11	0.4636627793158916
KBTBD2	0.08990829021681801
KBTBD6	-0.35616483461356196
KBTBD7	-0.2038471220842153
KBTBD8	-0.05427642302749014
KCMF1	-0.025602136959411936
KCNAB3	0.3390177102519174
KCNC3	-0.38082694552867125
KCND1	0.11637356839699109
KCND2	-0.03636152447352359
KCNE2	-0.5264846562539147
KCNG2	0.19615633402793575
KCNH4	1.4525563650944633
KCNJ10	0.8778258997793282
KCNJ11	0.028876359086330794
KCNJ14	-0.06094138954889328
KCNJ5	-2.4292159319099293
KCNJ8	-0.6554240899128811
KCNK6	1.5766299198200555
KCNK9	0.18309708485702547
KCNMB4	0.07200614210305645
KCNQ1OT1	0.09139244427078896
KCTD1	0.10717494968242036
KCTD11	0.5051145245349504
KCTD15	-0.04016672409843425
KCTD16	0.2110151954627293
KCTD17	-0.09437229811314829
KCTD18	0.15870299785226738
KCTD20	0.07475655375325152
KCTD21	-0.11348611727343272
KCTD3	-0.20835168398268245
KCTD5	0.03510527227165472
KCTD7	0.11960637458019985
KCTD8	0.02939068675647949
KCTD9	-0.11108983278010243
KDELC1	0.09546929076137545
KDELC2	-0.19221105966725371
KDELR1	0.08341945520983263
KDELR2	0.10793081593337739
KDELR3	0.24674072067009245
KDF1	0.19655266386186288
KDM1B	0.018523922938309845
KDM2A	-0.2931749359893354
KDM3B	0.015867014005496394
KDM4A	0.07264876695470779
KDM4A-AS1	0.05386592664648493
KDM4B	0.27505069288283224
KDM4D	0.09913399477107987
KDM5A	-0.08821441392210261
KDM6B	0.16626939105200833
KDM7A	0.15247524663254186
KDM7A-DT	0.1367734489733623
KDSR	0.22564760393629246
KHDC4	-0.0860153023750474
KHDRBS1	0.2787193653546476
KHDRBS2	-0.5571514395293087
KHDRBS3	0.4138104538663194
KHSRP	-0.11578111774019106
KIAA0100	-0.028315160478342705
KIAA0319L	0.0019244403511260444
KIAA0355	0.11094607436096648
KIAA0513	-0.02632093944450098
KIAA0556	0.12821441004657608
KIAA0586	0.18794099698161837
KIAA0753	0.19131754552843638
KIAA0754	-0.035456960384788516
KIAA0895L	0.6359774843099189
KIAA1107	-0.004673454558089318
KIAA1109	0.3476835923753683
KIAA1143	-0.024502313932075914
KIAA1147	-0.18189700142790155
KIAA1211	0.4246595418152488
KIAA1211L	0.6704265405151668
KIAA1217	0.08583019833376948
KIAA1328	0.41807361045689406
KIAA1522	0.20418796000380102
KIAA1551	-0.2719591401422399
KIAA1614	0.5959742835487836
KIAA1656	0.5588656237197815
KIAA1671	0.08498342763486733
KIAA1841	0.6123981726853005
KIAA2013	0.09339157888564564
KIAA2026	-0.09883865053122154
KIDINS220	0.20108172212893294
KIF11	0.09725677553209255
KIF12	0.6369093644388721
KIF13A	-0.18883540628541162
KIF13B	0.05145099506985762
KIF14	-0.017229436911601503
KIF15	0.19275709381303407
KIF18A	-0.12037047964980196
KIF18B	-0.41689242486603284
KIF1B	0.22757314350890745
KIF1BP	0.09253835559962642
KIF1C	0.22896198774275156
KIF20A	0.07960564454686647
KIF24	0.34549368863668484
KIF26B	0.511818419936402
KIF3B	0.12886762800035445
KIF3C	1.112062201812071
KIF4A	0.1349124309354055
KIF4B	-0.3169499477797344
KIF5A	-0.01611220165600491
KIF5B	-0.0423845017661284
KIF5C	0.6493549326858092
KIF7	-0.12471065406985282
KIF9-AS1	0.009631173438041873
KIFC1	0.38114128534324276
KIFC2	0.6554644884411944
KIN	0.3012513938647796
KIRREL1	0.6589103431413119
KISS1	-0.91197053214364
KISS1R	0.38378510374112107
KL	0.3576252511037734
KLB	-0.24942323190844284
KLC1	-0.11820019791465652
KLC2	0.2157192294771333
KLC3	0.31269678214890284
KLF1	0.6204306619015516
KLF12	0.6778234240328445
KLF13	-0.03383624365238891
KLF15	-0.37611688137310484
KLF16	-0.1781747281112942
KLF2	0.6295702751709902
KLF3	0.09216960418155473
KLF3-AS1	-0.16043026323300325
KLF5	-0.2467386666449478
KLF9	0.1701686120380579
KLHDC10	0.001767133694134948
KLHDC2	0.10975471195552
KLHDC7A	0.06337300197505691
KLHDC7B	0.678291845527113
KLHDC8B	0.29410845311042344
KLHL11	0.0247322316240961
KLHL15	0.26469149875406384
KLHL17	0.2152842392754417
KLHL18	-0.13856165101778029
KLHL20	-0.1386584517082845
KLHL21	-0.053506374893781405
KLHL23	0.24818519703317943
KLHL24	0.812850000816284
KLHL25	0.20164613957182453
KLHL26	0.45371787923192297
KLHL29	-0.34984917901280177
KLHL31	0.35259477446183496
KLHL34	-0.11794134592038974
KLHL35	0.03840587751886693
KLHL36	0.4863579942183893
KLHL42	-0.01822079035867752
KLHL7	0.40902980652163023
KLHL7-DT	0.8238090602601305
KLHL9	-0.023628455735416054
KLKB1	0.3183638906368418
KLLN	0.15319529517363284
KLRA1P	-0.27109877689143724
KLRG1	-0.04365672918006158
KMO	0.04161587955707935
KMT2B	-0.13659611220239576
KMT2C	-0.19564857983253603
KMT2D	-0.4249752517925742
KMT2E-AS1	0.07373205002127259
KMT5A	-0.19139236713522578
KMT5C	0.3378335935059953
KNDC1	1.1314864261803899
KNG1	0.042729935012725484
KNOP1	-0.04754171205544555
KNTC1	-0.12899134531359913
KPNA1	0.3695954787122
KPNA2	0.10990587074287994
KPNA3	0.0021599264974110355
KPNA4	-0.16418467852969254
KPNA5	0.11436624319416389
KPNA6	0.06107959236570082
KPNB1	-0.2768971777959459
KPTN	0.6270472034122561
KRBA2	0.1625034782477428
KREMEN1	0.4647725560355287
KRI1	-0.045517790065188635
KRR1	-0.3507108059920556
KRT10	0.1521960046446953
KRT15	-0.07864506255884463
KRT19	-0.3446203751629042
KRT222	-1.0462175274657262
KRT23	-0.23437619522346376
KRT7	1.1156298143709056
KRTCAP2	-0.0725258829722879
KSR1	0.21256111232566344
KSR2	0.5367559397624624
KTN1-AS1	0.09711679275536023
KXD1	0.18709114597324739
L2HGDH	-0.24644309763794414
L3HYPDH	-0.274884053912972
L3MBTL2	-0.10683683217244333
L3MBTL4	0.3958442755565006
LACTB	-0.4121279164911744
LACTB2	0.15266537984785522
LAD1	-0.1788214136750721
LAG3	0.24831818808838335
LAGE3	0.3498534664630162
LAMA5	-0.07567947967505617
LAMB1	-0.02949771413381086
LAMB2	0.20837769228248604
LAMC1	-0.2798985559394973
LAMC2	0.8992047527359763
LAMP1	0.1152534893022743
LAMP2	0.6427990966973303
LAMP3	0.5188472290260862
LAMTOR1	-0.18265617560653435
LAMTOR4	-0.004970261072584137
LAMTOR5	0.26109895555787155
LANCL2	0.2377201357163683
LAP3	-0.03853395393083403
LAPTM4A	0.06376516635175733
LAPTM4B	-0.14211133022267308
LAPTM5	1.0607831790729978
LARP1	-0.23877866466337316
LARP1B	0.1886153942900881
LARP4B	-0.17827835212485965
LARP6	0.38987432940376054
LARS2	-0.11177277165778676
LATS2	-0.12983678028304269
LBHD1	-0.6250569208521779
LBX2-AS1	0.04606571202001408
LCA5L	0.23536526545548675
LCAL1	0.6462776484712931
LCAT	0.7715728793926488
LCMT2	-0.2892929643359574
LCN10	-0.12048864001405768
LCN12	0.8060732198719167
LCOR	-0.1341888674467171
LCORL	0.354233785610754
LCP1	0.22905411455260216
LDB1	-0.021454868837277985
LDHA	0.4997427349468335
LDLRAD2	0.0849360873519922
LDLRAP1	0.5313884948684819
LDOC1	0.014262748972052819
LEAP2	0.3358566076192231
LECT2	0.25350006021109506
LEFTY1	1.4728599646131442
LEKR1	0.05608946831966888
LEMD2	0.48875817506574437
LENG1	0.14778785428071917
LENG8	0.6380378567250067
LENG8-AS1	-0.03930807423958482
LEPROTL1	0.7401283177681734
LETM1	-0.10920352449489101
LETM2	0.2594699957750435
LGALS1	0.3756247382097344
LGALS2	0.14474788036262165
LGALS3BP	0.24161867507376744
LGALSL	-0.3295686185171851
LGI2	0.279625896195574
LGR4	-0.516414685479405
LHB	0.08866502061851644
LHFPL2	-0.291920540679115
LHFPL3	0.823415703976289
LHFPL3-AS2	0.8596952100681432
LHFPL4	-0.10011967999346938
LHX4	-0.570355074717781
LHX4-AS1	-0.33248402731633453
LIG1	0.5731130725222298
LIG3	-0.06819875578798396
LIMD1	-0.1485017737457639
LIMD2	0.10395116571692053
LIMK2	0.1450946742332606
LIN28A	0.15413631704234465
LIN28B	-0.9126361513703394
LIN37	0.3436821232290761
LIN52	-0.029553850611053534
LIN7A	-0.7091680991594771
LIN7C	-0.38316226801550357
LINC00115	0.1850610740132903
LINC00174	-0.008844209209612153
LINC00261	-0.21121957177214412
LINC00265	0.11312724119639572
LINC00294	0.026889102861874292
LINC00312	1.4315400008256294
LINC00324	0.4483756960137639
LINC00337	0.4301164181516621
LINC00342	1.0569223389174325
LINC00346	0.5055772881219784
LINC00397	0.16425635623091628
LINC00449	-0.00964390231605039
LINC00467	-0.47925996002338733
LINC00471	0.22892202216967705
LINC00476	0.04838987604968015
LINC00479	0.31071996740067753
LINC00482	0.28298522918571045
LINC00513	-0.6447167097838893
LINC00514	0.05314251992316521
LINC00525	0.612055455626765
LINC00571	0.12733119779640445
LINC00598	0.049202787819116356
LINC00622	0.42877410554567863
LINC00623	0.13884591977414829
LINC00628	0.1563159740789004
LINC00630	0.08346975698625236
LINC00638	0.1986569914720584
LINC00641	0.2115443535847623
LINC00649	0.0465244076074649
LINC00654	0.2804147724399568
LINC00662	0.12163267242329745
LINC00663	0.2515924246112071
LINC00665	0.08326507998596178
LINC00667	-0.0530739045005153
LINC00672	0.32740104668656267
LINC00673	0.6340829799269958
LINC00674	0.43334200789360366
LINC00680	0.5624523836962445
LINC00852	0.28362758528258913
LINC00857	-0.25643998661881895
LINC00862	-0.3355237366380561
LINC00863	0.15807300423205728
LINC00869	0.29943753467694645
LINC00870	-0.516394554807635
LINC00884	0.2795700014151232
LINC00886	0.5238420602119276
LINC00893	0.6239767275115984
LINC00894	-0.2468869495413637
LINC00909	0.018624853213354164
LINC00910	-0.03695036520511019
LINC00921	0.7930505738272688
LINC00926	-0.2944814772855193
LINC00938	-0.11394357301521296
LINC00941	-1.3267960153892524
LINC00957	-0.030132840224708524
LINC00963	0.295809316777774
LINC00982	0.24805142138313707
LINC00987	0.08713334191890665
LINC00992	0.33615048632329314
LINC00997	0.29375982288613756
LINC00999	0.5545892275847075
LINC01000	0.09566901013666929
LINC01001	0.4065091836980974
LINC01002	0.4756467083081355
LINC01003	0.07633695931733708
LINC01004	0.1826462696938438
LINC01006	-0.03936564885957594
LINC01012	0.5173127803797466
LINC01023	0.40249088369031494
LINC01061	-0.031762624415415
LINC01089	0.036638698667109004
LINC01091	0.39541933184043776
LINC01096	-0.23048226304365693
LINC01101	0.25729813885958697
LINC01119	0.27869676096977436
LINC01121	0.4038241389057662
LINC01122	0.6474173037664408
LINC01124	0.6334027289081439
LINC01126	0.4972702854598947
LINC01128	0.32734671557090866
LINC01134	-0.4297192530545799
LINC01137	0.7243608417128025
LINC01138	-0.05716385253128564
LINC01139	0.4819748528695853
LINC01144	1.0684049597362868
LINC01184	-0.08793180487780194
LINC01197	-0.1363624651864921
LINC01232	-0.02313155662988109
LINC01252	0.5055603343812947
LINC01268	0.3231343617673881
LINC01270	-0.17744262146530598
LINC01278	0.05037261314387731
LINC01279	-0.6160665029649399
LINC01291	0.3276066935748445
LINC01311	0.12774143705480512
LINC01336	0.6633634961373911
LINC01342	0.19927948241967286
LINC01347	0.2890682233050015
LINC01355	-0.23352321589210456
LINC01372	-0.46471018302500466
LINC01389	-0.020918712091463565
LINC01410	0.09162286861245761
LINC01424	-0.2865311029679596
LINC01465	-0.0608069663530193
LINC01515	0.4022229451411725
LINC01521	0.3197111918122326
LINC01530	0.3827996310889432
LINC01535	-0.25330083346904253
LINC01547	0.19129418484894378
LINC01560	0.39933443221664167
LINC01594	0.46661167107981605
LINC01635	0.44218481072656246
LINC01659	-0.6226562842829351
LINC01671	-0.2656720681385023
LINC01687	-0.4046725057132221
LINC01816	-0.3614506333833525
LINC01843	-0.13765932015848925
LINC01909	-0.28816526787613883
LINC01963	0.26049300264183994
LINC02015	-0.1585946956916917
LINC02035	0.24442340136140306
LINC02067	-0.08384695788930596
LINC02119	-1.478937638000843
LINC02159	1.5695609699033688
LINC02210	0.21057672591783394
LINC02249	0.20419906234710217
LINC02367	-0.4236642197414362
LINC02381	-1.1312962491703864
LINC02421	-0.8644918283303342
LINC02453	0.5437776654566564
LINC02532	0.6058836332597508
LINC02585	0.5878957852965327
LINC02615	1.1366048170245207
LINGO1	-0.7461658554031136
LINS1	-0.548189996343428
LIPC	-0.4338798123954888
LIPE	0.8112491350992452
LIPH	0.42764729397342816
LIPT2	0.47921731764689524
LIX1L	-0.38136748694706757
LLGL1	0.3361705137542357
LLGL2	0.2855136915941707
LLPH	-0.24589490476928333
LLPH-DT	-1.3677897829505692
LMAN1	-0.2913233875522785
LMAN2	-0.04602849809042553
LMBR1	-0.15973817015978664
LMBR1L	0.651987796688819
LMBRD1	0.06488952833611705
LMBRD2	0.031050639591159168
LMCD1	1.6863420613260898
LMCD1-AS1	0.4793770003330673
LMF2	0.17818435364799523
LMNA	0.12220405040525639
LMNB1	0.04661189475704841
LMNB2	-0.07720704105593601
LMNTD2	0.47726423366517823
LMO4	0.7777687316589201
LMO7	0.10281906607076863
LMTK2	-0.16006659431742243
LNP1	-0.23221280309550174
LNPEP	0.4856494451291966
LNX1	-0.23871013069054303
LNX2	-0.1437399314490495
LOC100049716	-0.21614560870515698
LOC100128288	-0.12810871375253496
LOC100128361	0.7075175846297093
LOC100128386	0.4667493271520873
LOC100128398	0.08042573191721569
LOC100128531	0.13153617430327635
LOC100128770	1.5421997950077833
LOC100129034	0.2566840011589351
LOC100129434	-0.6507203359289244
LOC100129534	0.49373741155764383
LOC100129917	0.26093543310137157
LOC100130357	-0.2788077208647808
LOC100130449	0.025104891011678898
LOC100130691	0.4096211717579248
LOC100130744	0.538277532417482
LOC100130872	0.9445973634817781
LOC100130987	0.4075816250665061
LOC100130992	0.6137619477585923
LOC100131257	0.31123249917873075
LOC100132057	0.11396432600351858
LOC100132356	-0.04646384451490526
LOC100133091	-0.048748278469894046
LOC100133315	-0.11450424950362015
LOC100133331	0.05757466863774052
LOC100134317	0.19620298589181573
LOC100134368	0.4223730949319582
LOC100134868	0.17017324022655123
LOC100190986	-0.25331129084829707
LOC100233156	-0.08989469346874479
LOC100270804	-0.06559284648079178
LOC100272217	0.05579532244796859
LOC100287015	0.20041960235673661
LOC100287042	0.24172348729887005
LOC100288069	0.18614537223467398
LOC100288123	-0.011702787500006195
LOC100288162	0.4835413912635671
LOC100288748	0.35557110977294615
LOC100288846	0.5401901575889392
LOC100289230	-0.07695521626918644
LOC100289495	0.015451962957145238
LOC100289511	-0.042204028758823675
LOC100289561	0.14043905421483371
LOC100289580	-0.38869493885817574
LOC100335030	-0.7943623303956944
LOC100419583	-0.04949845405360387
LOC100499489	0.5235944605762697
LOC100505549	-0.1118764330558637
LOC100505715	0.13085449599627452
LOC100505912	-0.7498434964282155
LOC100505942	0.30146398039853306
LOC100506023	-0.4873882083005405
LOC100506071	0.01555270257885466
LOC100506083	0.07931878123774583
LOC100506100	0.08096367550440853
LOC100506124	-0.22690602463362453
LOC100506142	0.6664187356110816
LOC100506178	0.9720944987745144
LOC100506302	-0.3147559309336274
LOC100506472	-0.373173694862043
LOC100506548	-0.0020709078681919735
LOC100506606	-0.8053015140278879
LOC100506639	0.04652635161637342
LOC100506730	-0.017836865813877445
LOC100506747	0.8186671409092718
LOC100506804	0.31111396310324935
LOC100506985	0.5971207892494248
LOC100507002	1.1340493540686656
LOC100507006	-0.9302783259860425
LOC100507053	-0.4125353453101397
LOC100507071	-0.5689726793327852
LOC100507283	0.5559457790845728
LOC100507373	0.17679914359244364
LOC100507412	0.08626499255844422
LOC100507472	-0.158737473206906
LOC100507506	0.6871219885969491
LOC100507634	0.14175344371219722
LOC100652768	1.1164084983869573
LOC100996437	-0.402939928251997
LOC100996447	0.2296203309373368
LOC101927021	-0.4295051265020833
LOC101927045	0.2940879303896038
LOC101927124	0.6493688215590017
LOC101927365	-0.11099445620056736
LOC101927391	0.638543291635568
LOC101927415	-0.573350855528806
LOC101927550	-0.23384211364375052
LOC101927604	-0.4517406452751329
LOC101927630	0.5500787942913146
LOC101927746	-0.24172110467271146
LOC101927759	1.324160981093171
LOC101927770	0.36261899445189005
LOC101927851	0.044081857965564186
LOC101928020	-0.2292269754936731
LOC101928068	0.3803507233155794
LOC101928069	-0.04164570113119126
LOC101928103	0.6079553759900795
LOC101928222	-0.13424511681650575
LOC101928295	-0.15412384715107885
LOC101928303	-0.5343822630997908
LOC101928445	0.14163782288215776
LOC101928673	-0.09622859647500048
LOC101928841	0.7992623943303407
LOC101929128	0.051366923111553664
LOC101929140	0.07825605023271942
LOC101929231	-0.0058692918836835695
LOC101929479	0.03670533616477423
LOC101929633	-0.8210951569013343
LOC101929709	0.11224281209661235
LOC101929715	-0.31603266416154074
LOC101929767	0.19876326999795513
LOC101930010	0.3415744313461113
LOC101930370	-0.5548784261776332
LOC102546294	-0.2361961523024485
LOC102606465	-0.15404324779063217
LOC102723672	-0.01579680090452129
LOC102723703	0.6098677298809543
LOC102724084	0.5135842915375557
LOC102724450	0.3200939053206717
LOC102724814	0.48017271295316144
LOC103171574	0.18169251202281878
LOC103344931	0.36163916459737155
LOC103611081	0.08984009766696754
LOC105274304	0.1452607911987429
LOC105370333	0.10315985124090243
LOC105373383	0.5845535336236969
LOC105378683	0.6305370620124098
LOC105747689	0.08394711926235754
LOC106660606	0.4522964316213791
LOC106699570	0.38946627190875116
LOC145783	-0.54099786107991
LOC148709	0.2219568675514454
LOC150776	0.09810878865484174
LOC153684	-0.11534573619246924
LOC155060	0.19891250622823442
LOC171391	0.5576967425522721
LOC202181	0.18896225080230078
LOC220729	0.05256176444687455
LOC221946	-0.20284601214717313
LOC257396	-0.45568788062609755
LOC283194	0.09045723407577988
LOC283335	-0.3586623863251934
LOC283683	-0.1646775678018706
LOC283788	0.5931016328701149
LOC283922	-0.01037941025795952
LOC284009	-0.46422908369462945
LOC284412	-0.17355598420861185
LOC284454	0.897628107740549
LOC285074	0.06147753706242565
LOC286437	-0.4179653754557342
LOC339803	0.09652885440308268
LOC339862	0.5013285521173372
LOC388282	0.44800332473520976
LOC388780	-0.08532619267952946
LOC389247	0.1655898583139761
LOC389641	-0.017912534664266122
LOC389765	0.31000973181369496
LOC389831	-0.01870440396129691
LOC389834	-0.034805858275945845
LOC389906	0.12332291208829371
LOC399815	0.002882959817013475
LOC400684	-0.4163428566699974
LOC403323	-0.14191667129454189
LOC440028	-0.527209921275579
LOC440300	0.1568355811312787
LOC440434	0.03822059431156788
LOC440982	-0.022586290881011717
LOC441086	-0.334013003287267
LOC441155	-0.1928454951755132
LOC441242	0.11035443120021116
LOC441666	0.03838777082072653
LOC554206	0.39895863062586967
LOC642361	-0.03658844908133574
LOC642366	-1.3480051762596594
LOC642846	-0.16781186215730592
LOC642852	0.11346970886301655
LOC644656	-0.32817092644155066
LOC645513	-0.14575371940384674
LOC646471	0.24368842902405197
LOC646762	0.7504483631526266
LOC646903	0.25251859166574375
LOC648987	-0.0870821485917963
LOC650226	-0.21296870075249164
LOC652276	0.1734276133820769
LOC653160	-0.1771509429882272
LOC653653	0.18886501891719165
LOC653712	0.2167195856244981
LOC654841	-0.25131084418007354
LOC727896	-0.2328154995463514
LOC728024	-0.015498753858572911
LOC728392	0.00639595487181932
LOC728485	-0.27170342668708614
LOC728554	-0.10531437390600606
LOC728613	0.15056319661877726
LOC728673	0.5046940446062314
LOC728743	0.0814282731014977
LOC728752	0.42506100859314344
LOC729218	0.055185891505951545
LOC729603	0.3023027831148566
LOC729683	0.9773212719515496
LOC729737	0.4159272518799888
LOC729867	-0.22410586868908489
LOC729970	-0.15405657634517667
LOC730183	-0.0003329317559903622
LOC730202	-0.09309670942299153
LOC90246	0.0393778628146233
LOC93622	-0.05813133800408821
LOH12CR2	-0.02325583110860041
LONP2	0.032922297490583396
LONRF1	0.2887158216439074
LONRF2	1.1196948692815196
LOX	-1.057061006039011
LOXL1	1.2404384349352509
LOXL2	2.8485407709669617
LOXL4	0.30047504551802984
LPAR2	0.2331441990087555
LPAR3	-0.1802472395184389
LPCAT1	-0.05194676618318983
LPCAT3	-0.3286437745159265
LPCAT4	0.2653248202482228
LPGAT1	-0.12301998183729701
LPIN2	-0.16223486886427185
LPP-AS2	0.21675311803921327
LRCH1	-0.1508527829747477
LRCH3	-0.1046471834495506
LRCH4	0.08898938273344825
LRFN1	-0.4873040577079242
LRFN3	0.19755898058103938
LRFN4	-0.06113537158019522
LRG1	0.16578783698712662
LRIF1	0.09839832311155661
LRIG1	-0.04309027812349164
LRIG3	0.16985758585675992
LRIT3	-0.06965839391353335
LRMDA	0.40005115482694675
LRP1	-0.23376170387942175
LRP10	0.18488967657653443
LRP11	0.16311721508656252
LRP1B	-0.26133005500800444
LRP2	0.6760193762467539
LRP2BP	-0.08171338508999426
LRP3	0.15432633135980556
LRP4	-0.015471960980366184
LRP5L	-0.4777384564892193
LRP6	-0.4174989469506887
LRPAP1	0.09567997462347755
LRPPRC	-0.1519046988357351
LRRC1	0.05447383873219991
LRRC14	0.2950120869802766
LRRC19	0.07194924682659343
LRRC2	-0.14793212713501314
LRRC26	0.8070355638480633
LRRC3	0.42382996184350974
LRRC37A3	0.5579179492063733
LRRC37A4P	0.15138126633376014
LRRC37A6P	-0.000456758903016663
LRRC37B	0.2490436012669548
LRRC40	-0.07355051250514943
LRRC41	-0.04159508328701911
LRRC45	0.29244874686542843
LRRC46	0.4251563381498755
LRRC47	0.06000098472973647
LRRC56	0.3729103813692092
LRRC57	0.11262077737089982
LRRC58	-0.12641770686152753
LRRC59	0.004616374231416032
LRRC61	-0.2214454243014723
LRRC7	0.25311349949836526
LRRC70	0.17591869975437513
LRRC75B	1.093263949882871
LRRC8C	0.9328392894335442
LRRC8D	0.0731456901301919
LRRC9	0.3515028419706354
LRRCC1	0.22756345433453617
LRRFIP1	-0.15257496301173123
LRRIQ1	1.0542385964259258
LRRIQ3	0.058566828148886696
LRRIQ4	-0.07631238772853566
LRRK1	-0.27704991761056696
LRRK2	-0.33374591886800165
LRRN1	0.7861454505071039
LRRN4	-0.08612683950109412
LSAMP	-0.33498667692520634
LSG1	-0.01967902038410685
LSM10	-0.03601853653721676
LSM11	0.04039746777721298
LSM12	-0.15956329419609006
LSM14B	-0.014973038599798372
LSM2	0.31196790535636687
LSM3	0.020022188728180623
LSM5	0.7655002465402254
LSM6	-0.06145479097509998
LSM7	0.03817457635589161
LSM8	-0.05791677909401827
LSP1P4	0.003649326959802579
LSP1P5	-0.28275824845603204
LTB4R	0.28467229652120896
LTBP1	0.1383723035745561
LTBP2	0.9608826914884876
LTBR	-0.0326076018477961
LTC4S	0.42101325055874117
LTN1	-0.2697345450207935
LTO1	-0.2414562379554388
LTV1	-0.26824393970889915
LUC7L	0.09201874641190777
LUC7L2	0.11233342047209982
LUC7L3	0.08453375841517285
LUM	-1.1491524980898795
LURAP1L	0.1976183330883785
LY6G5B	0.9377105614821555
LYG1	0.2670859031618993
LYL1	0.6924538193712082
LYPD1	1.7164497450280667
LYPLA2	0.007702399097963664
LYPLAL1-DT	-0.5871836424903032
LYRM4	-0.01858848868599372
LYRM9	-0.22282189807187436
LYSMD1	-0.18437748810658317
LYST	-0.5960099375351251
LYZ	-1.0772747167960146
LZTR1	0.05590059403364567
LZTS2	0.16247850599805247
LZTS3	0.19642793788080137
M6PR	-0.1109250673049873
MAB21L3	-0.05271636572547678
MAB21L4	0.03485187442459381
MACF1	-0.15276577017855075
MACO1	0.2745740412506965
MACROD1	0.3225547717548114
MACROD2	0.3695174879231877
MAD2L1	-0.00010204835840177395
MAD2L1BP	0.45773832583492124
MAF	0.5752345152499307
MAF1	0.2105673735148974
MAFA	0.6456511556205311
MAFB	1.02922155685085
MAFG	0.6638014282896867
MAFG-DT	0.1947222977255958
MAFIP	0.018921517200278792
MAFK	0.31376209099359453
MAGEA3	-1.402386166774546
MAGEE1	0.39729235981461386
MAGEF1	-0.010003076256499988
MAGOH	-0.0033537519085191647
MAGOH2P	-0.5699020245605277
MAGOHB	-0.021205300577704644
MAGT1	-0.03791936543821617
MAIP1	-0.14137665544209987
MAK16	-0.1986391024534342
MAL2	-0.2930694798492697
MALAT1	-0.45821459872673653
MALSU1	0.009621866869677476
MAMDC4	0.17562328864655363
MAML1	-0.061890370113750315
MAML2	0.5503241789319122
MAML3	0.06283258900118494
MAN1A1	-0.7233045217760949
MAN1A2	-0.018186329769999787
MAN1B1-DT	0.023111998080437957
MAN2A1	0.2266228859731534
MAN2A2	0.021664661215669234
MANBA	-0.28016808237144186
MANBAL	-0.09364521874774434
MANEA	-0.274825731551835
MANF	0.12342790576100882
MANSC1	-0.21730084183169662
MAOB	-0.01536782034637163
MAP1A	0.5104665337242937
MAP1B	2.2121517597225044
MAP1LC3B	0.21218432326108072
MAP1LC3B2	0.2805097695257981
MAP2	0.2551560322259201
MAP2K1	-0.22498933630741647
MAP2K2	-0.22388206847673597
MAP2K6	0.09395845919281687
MAP2K7	0.18865241809350852
MAP3K1	0.15622447533105088
MAP3K10	0.5358716183402414
MAP3K11	-0.38388929470342514
MAP3K13	0.16298490464945914
MAP3K14	0.6418890532978585
MAP3K15	0.002610154037736123
MAP3K2	0.2817304746869702
MAP3K20	-0.13869525171954766
MAP3K20-AS1	0.1934061627527135
MAP3K21	0.06166194418302062
MAP3K5	-0.2101079872837297
MAP4	0.02795011967072769
MAP4K3-DT	-0.11964809849734603
MAP4K4	0.4305771379953285
MAP6D1	0.13062357419907533
MAP9	0.11647998042988039
MAPK1	-0.07287241033622305
MAPK11	1.037990140680229
MAPK14	0.42386939790491107
MAPK1IP1L	0.016084919163384725
MAPK6	-0.3471388913541871
MAPK8	0.7221662276775502
MAPK8IP1	0.25264103590292386
MAPK8IP2	1.171593915972276
MAPKAPK2	-0.3306328405729735
MAPKAPK5-AS1	-0.06858668690277447
MAPRE1	-0.06743676794638898
MARCKS	0.06425539888881104
MARCKSL1	0.007849862998551504
MARK1	-0.06746205021386764
MARK2	-0.5990749770491837
MARS	-0.21131492548731767
MARS2	-0.3060096498407834
MARVELD3	0.20260494866542
MASP1	-0.2565857843036041
MASP2	0.3569693968461154
MAST1	0.5233018593521441
MAST2	0.3106068297007969
MAST3	0.423798340818621
MAT1A	-0.7060445310992338
MAT2A	0.03481430758928461
MATN3	-0.4952958174964399
MAU2	0.13676907958527185
MAZ	-0.045470732325230134
MB21D2	0.2029367325770819
MBD1	0.11644294114847265
MBD2	0.019287558772608904
MBD3	-0.510863995718787
MBD4	0.10839877274224685
MBD5	0.11449927395125403
MBD6	-0.17003909194460043
MBLAC1	0.10122616190699674
MBLAC2	-0.1545013637604642
MBNL3	-0.7457031020624121
MBOAT2	1.5034948020422203
MBP	-0.025697941567483618
MBTD1	0.14523808106252734
MBTPS1	0.20271254848801323
MBTPS2	-0.2571896740551738
MC1R	1.101989521953247
MCAM	0.7138994664606599
MCAT	-0.3846777190015134
MCC	-1.1489638762771146
MCCC1	0.19195294739428004
MCCC2	-0.13123910817335016
MCEE	-0.41341034782040875
MCF2L-AS1	0.035873437050458534
MCF2L2	1.0593822903904098
MCIDAS	-0.38908222957232574
MCM3AP	-0.3028998365143547
MCM5	-0.03761695536673937
MCM6	0.057440320184092286
MCM7	-0.02672763473626949
MCM8-AS1	-0.02025926297484304
MCM9	0.14592481424693204
MCMDC2	-0.1396888991667793
MCOLN1	0.08744031683737319
MCOLN2	-0.4295911518145008
MCPH1	0.2623385687580253
MCPH1-AS1	0.13638689519132985
MCRIP1	0.5846095013114025
MCRIP2	0.03091663167627523
MCRS1	-0.11108077072104905
MCTS1	0.18567121456999214
MCTS2P	-0.0006695540556389545
MCUB	0.4646150873058854
MCUR1	0.1442724923603036
MDC1	0.0021511393025850367
MDGA1	1.093518826768329
MDH2	-0.10723891209560898
MDN1	-0.4590928565115391
ME1	-0.3456867194444406
MEA1	0.013970348670656385
MEAK7	0.2805598889316787
MECOM	-0.9911067603119745
MECP2	-0.0418051590396491
MED1	-0.10814492252150654
MED10	0.07991340847359485
MED12	-0.034754422910655336
MED12L	0.7361611887568205
MED13	0.020580193791789547
MED13L	-0.34317878556590387
MED14	-0.10909030321485425
MED14OS	-0.2797145653421609
MED16	-0.14609197302418497
MED17	0.11680708016327745
MED22	0.07328135391119162
MED23	0.14163343376966964
MED25	0.2097733002736195
MED26	0.028928018725971505
MED28	0.014280048528815037
MED31	0.16174458593204122
MED9	0.28293276514813925
MEDAG	0.2852759439227386
MEF2D	0.1155482606995446
MEGF6	2.755925951389927
MEGF9	0.2379705921484483
MEIOC	-0.393487865450199
MEIS1	0.1404917772464369
MEIS2	-0.42997925491754563
MELTF	1.0638514129013776
MELTF-AS1	0.7765511388000377
MEOX2	-0.17757088950080124
MEP1A	-1.4368109570655423
MEPCE	-0.08942060497908866
MERTK	0.5106230896836479
MESD	-0.10329010040882469
MESP1	0.07850192692917535
METAP1	-0.18055813696655942
METAP1D	-0.18307318005582562
METRN	-0.15163513775351145
METRNL	0.6571919205808179
METTL14	-0.05918777393428343
METTL16	-0.1362743119648817
METTL18	-0.08657727780162894
METTL21A	0.2655927217562035
METTL22	0.07867036821100104
METTL24	-0.30831091145560574
METTL25	-0.1321567459879356
METTL2A	-0.03198063600373757
METTL2B	-0.26027083265949713
METTL3	-0.20761015056321241
METTL6	-0.10506815787402424
METTL7A	-0.3681331968063164
METTL7B	-0.6065615948101231
METTL8	-0.3680691053290186
MEX3A	0.04778987978404903
MEX3B	0.7757851756114809
MEX3C	0.3345225090220296
MFAP1	-0.18833179728794391
MFGE8	0.4989683267986069
MFHAS1	-7.462843545891218e-05
MFN1	0.13938595762300565
MFSD10	0.06537461124965516
MFSD13A	0.2626281071790766
MFSD14A	-0.1578493616294967
MFSD14B	-0.05312975943627585
MFSD3	0.11500696112133424
MFSD4A	0.2743123523305764
MFSD4B	-0.154114813778242
MFSD6	0.4175637585044205
MFSD8	0.15561797101287222
MFSD9	-0.13459252948145028
MGA	-0.5171273906721523
MGARP	0.9459917244044174
MGAT1	0.5288795520337257
MGAT2	-0.17814949725356133
MGAT4A	-0.27588188435764227
MGAT4B	0.11799601222129219
MGAT5	-0.2492544255337945
MGC12916	0.2072196492125311
MGC16275	0.0994524371621317
MGC27345	-0.2442736172920945
MGC70870	-0.5958047290364403
MGME1	0.19048674683501865
MGMT	0.255405853818198
MGST3	0.3585409450009145
MIA2	-0.2837253341260011
MIA3	-0.03703917238231469
MIATNB	-0.1769312223511239
MIB1	0.19336876472024223
MICAL3	0.13093248156376003
MICALL1	-0.01422852597035984
MICALL2	0.8729061357287407
MICU2	0.08229009956999267
MICU3	-0.1939127563396572
MID1IP1	-0.6841372673057884
MID1IP1-AS1	-0.4780583583549394
MIDN	0.11420063894046706
MIEN1	0.13307014784617266
MIER2	-0.010466352553517133
MIGA2	0.2741231525684755
MIIP	0.01418261201768356
MINAR1	0.19883780341871704
MINDY1	0.15349166842784578
MINDY3	-0.10954401012704373
MINOS1	0.4939507071242102
MIOS	-0.2514419057280266
MIPEP	0.2859151961800661
MIPEPP3	0.5188439480520528
MIR100HG	-0.7478042082838892
MIR1247	1.323335955041953
MIR1268A	-0.10501524959639319
MIR1281	-0.20479201029599903
MIR17HG	-0.09269074457975801
MIR1914	0.04151886042338804
MIR194-2HG	-0.15784884395965193
MIR200A	0.41675396967396683
MIR200B	0.5912777481766756
MIR210HG	0.6470198077133391
MIR23B	1.2888502817862217
MIR25	0.2588267753896112
MIR27B	0.8072090109982812
MIR3064	0.27322940620841507
MIR3142HG	-0.11296062934305695
MIR3176	-0.626872566209145
MIR3189	0.27125314438966397
MIR324	0.07155228161967875
MIR34AHG	0.7098307227033351
MIR3646	-0.048116102435141084
MIR3654	-0.16504905798807457
MIR3685	0.2182879532576969
MIR3916	-0.4061609109733415
MIR3934	0.7793548006612974
MIR4258	-0.3204451433157147
MIR429	0.687659179706138
MIR4292	-0.07361908088588187
MIR4426	-0.09501828225903353
MIR4435-2HG	-0.296704322368619
MIR4442	0.05021768079808009
MIR4453HG	-0.049917146807861634
MIR4458HG	0.37944049409234326
MIR4479	0.4195887483468774
MIR4482	0.11498851841827484
MIR4517	0.000975951479849968
MIR4523	-0.28452419413206487
MIR4645	0.23673597489852627
MIR4653	0.040649951656305916
MIR4691	-0.10849794494837939
MIR4712	-0.20197256373748207
MIR4785	0.10320976555644235
MIR483	-0.16886652976333671
MIR503HG	-0.08512192691542486
MIR5047	0.3698559431669022
MIR548AR	-0.152411556228353
MIR5587	-0.315450863516201
MIR570HG	0.35874650299555455
MIR589	-0.05784485713434151
MIR590	0.5533086713538831
MIR600HG	-0.17418268380206836
MIR614	0.8221655452521524
MIR635	0.03339820889758638
MIR637	0.3718372837100139
MIR641	0.1025692562327678
MIR647	0.019959091326518408
MIR6753	-0.023094264751909233
MIR7-1	0.17437315093178185
MIR7161	-0.6084024552169991
MIR924HG	0.6074304930469383
MIS12	0.29079708007770577
MIS18A	0.013520681454605388
MIS18BP1	0.12113205299648389
MISP	1.1585465028209514
MITD1	0.11512345373581301
MKI67	-0.10856424122972275
MKLN1-AS	-0.31078375261960023
MKNK2	-0.04457067788107416
MKRN2OS	-0.06798036261071116
MLANA	-0.2818112771384609
MLF2	0.05464656475425267
MLLT1	-0.018991948752375087
MLLT11	0.3288111765699666
MLLT6	0.31713810153308053
MLNR	-0.3812208023316801
MLXIP	-0.0854193799569467
MLYCD	0.05106175027373716
MMAA	-0.2062080212334485
MMACHC	-0.14488647417515566
MMADHC	-0.046855677718973254
MMD	-0.5835325951202144
MMGT1	0.07662601895551457
MMP14	0.35664376791993746
MMP15	0.32970919303979507
MMP16	-1.1831689471555316
MMP17	0.2731508515161827
MMP23A	0.9423039447239048
MMP23B	0.28698616920642595
MMP24	0.7537779841511929
MMP25	0.5426767588454493
MMP25-AS1	0.6779017978632518
MMS22L	-0.02814309409435367
MN1	1.294577813297895
MNS1	0.27021562192053006
MNT	0.36996172951549067
MNX1	-0.12716752044886448
MNX1-AS1	-0.3535268527004707
MOB3A	0.18461213057556947
MOB3B	0.895868070625105
MOCOS	-0.06915610913871095
MOCS2	0.5976151523865258
MOCS3	0.025864362268026575
MOGS	-0.4120217328774318
MON1A	-0.14511429982550927
MON1B	0.10664414363026253
MORC2	-0.3436088998908402
MORC2-AS1	-0.05164234426674241
MORC3	-0.11951146409056701
MORF4L2-AS1	-0.44812996781194814
MORN1	0.4187008368503955
MORN2	0.34633318585042616
MOSMO	0.11726926901770085
MOV10	0.10099685566027716
MOXD1	0.8385182257780244
MPC1	-0.5835518277267244
MPHOSPH10	-0.5648978109253759
MPHOSPH6	-0.07921804747723105
MPHOSPH8	0.11955702881198249
MPHOSPH9	0.03278842809394522
MPL	-0.5816718201095932
MPLKIP	0.10634590851662296
MPP7	0.025837518644948432
MPPED2	0.01182190063048516
MPST	-0.41208777667888663
MPV17	-0.12914445447477707
MPV17L2	-0.06000475869454647
MPZL2	-0.7065117844161382
MRC2	1.8837333917194432
MREG	-0.10941769197708062
MRFAP1L1	0.2689606393185109
MRGBP	-0.047948858295448815
MRI1	0.033999467324884236
MRM1	-0.7009896839488583
MRM2	-0.05961007348564973
MRM3	0.3191356467939541
MROH6	0.3772394333474862
MRPL1	0.08957521992495643
MRPL12	-0.22958874386922723
MRPL13	-0.016681036078788125
MRPL14	-0.08420390410219447
MRPL15	-0.041022089555329266
MRPL16	-0.49032882927077015
MRPL17	-0.32603591573523616
MRPL18	-0.039927440004158044
MRPL19	-0.13821768816191238
MRPL2	-0.7476164525466491
MRPL20	-0.10606770546446498
MRPL20-AS1	-0.12948635812197207
MRPL23	-0.07201754962276752
MRPL23-AS1	0.11667535127738438
MRPL27	-0.08995539979692513
MRPL28	-0.0026211546989864942
MRPL3	-0.2606394916701742
MRPL30	-0.222253947348646
MRPL32	0.0200763274826512
MRPL34	-0.030168026087352473
MRPL35	0.06566624339972993
MRPL36	-0.191740200984019
MRPL37	-0.10549485027445371
MRPL38	0.05195668192676983
MRPL4	-0.0592916067650302
MRPL40	-0.19390022699488885
MRPL41	0.06194539914988617
MRPL44	-0.01150045490934204
MRPL45P2	0.05067970654635534
MRPL46	-0.32268342658102345
MRPL48	-0.23471521786382077
MRPL50	-0.12135329834950337
MRPL51	-0.17026025624059216
MRPL52	0.1550905698148135
MRPL53	-0.0724820373262185
MRPL54	-0.10551643922356391
MRPL57	0.07540121041377645
MRPS10	-0.05218654082919372
MRPS15	0.011461817020608223
MRPS16	-0.005764907504051564
MRPS17	-0.033054007219220694
MRPS18B	-0.14223141879666068
MRPS21	0.14082909694399603
MRPS22	-0.06627216125072177
MRPS23	-0.11558246289684071
MRPS25	0.09245794218611803
MRPS26	-0.060370506821910475
MRPS28	0.09623529809649689
MRPS30	-0.16160161046785326
MRPS31	0.027220656656981923
MRPS36	0.01688144586502993
MRPS5	-0.11918943938822757
MRPS6	-0.3092054648328144
MRPS7	-0.17173203034455486
MRPS9	-0.15062077219006387
MRS2	0.05723887942441763
MRTO4	-0.2733343829945598
MSANTD1	-0.12129464471546747
MSANTD2	-0.059426733392765385
MSANTD3	-0.07504018656455003
MSANTD4	0.14302613068794034
MSH3	0.15411461459399423
MSH4	-0.10929001748647593
MSI1	-0.32323164201373267
MSI2	0.08901863367579477
MSL1	0.004510767248032899
MSL2	0.01137302877389157
MSL3	0.38247274577845447
MSL3P1	-0.1955215447413421
MSMO1	-0.29764928742875796
MSMP	-0.019346842087925253
MSN	0.46490276853992185
MSRB1	0.0033099981937132483
MSRB2	0.21093936296426996
MSS51	-0.11298714253935271
MST1	-0.297668295281043
MST1L	-0.2928601100184962
MST1P2	-0.18311831481820917
MSTO2P	-0.05069311529193232
MSX1	0.033864467427429545
MT1X	0.28878554828916014
MT2A	0.5138164651068449
MTA2	-0.29195792983959556
MTA3	0.07760978916099015
MTAP	-0.32008661908736524
MTBP	0.015324363249873407
MTCL1	-0.17530696208609164
MTCP1	0.1317303035253512
MTDH	0.05483924200937551
MTERF4	-0.15259748421362396
MTF1	-0.04599243989860469
MTFMT	-0.33826305205085827
MTFR2	0.02021869838270529
MTG1	-0.04743053912929174
MTG2	-0.2561679057424753
MTHFD1	-0.019546922982721426
MTHFD2L	0.09173316123163788
MTHFR	-0.019146794497219233
MTIF2	0.11311315679026857
MTLN	0.2996184274855356
MTM1	-0.2993582465385227
MTMR1	0.01899163841065654
MTMR10	-0.15832348858922796
MTMR4	0.09551470525452288
MTMR6	0.13548458582662626
MTMR7	0.0007886101775183008
MTMR8	-0.12563968272167614
MTMR9	0.009402018598742679
MTMR9LP	1.1738840963483832
MTOR	-0.12817394526472814
MTPAP	-0.17915376110131742
MTREX	-0.14107146317265773
MTRF1	0.01090591829862575
MTSS1L	0.16163954636839595
MTURN	0.8386970495620929
MUC13	0.788449466475865
MUL1	0.1481453593002673
MUM1	0.2435479483557308
MUS81	-0.029046671391998125
MUT	0.18949752584547142
MVB12B	-0.3459094225569981
MVD	-0.3712592226669127
MXD3	0.5672047137092129
MXD4	-0.037227406370274
MXI1	0.6202239426622529
MXRA7	-0.01700436084244661
MXRA8	0.322740369435516
MYBPC3	-1.7677677815336161
MYC	-0.2818105231763264
MYCBP2	-0.12859291843057896
MYCL	0.5947682074171752
MYDGF	-0.2503935900645802
MYH3	-0.16944855624451227
MYH7B	0.26314645507682943
MYH9	0.23116423649217221
MYL5	0.3624808009954532
MYL6	0.6225436840682699
MYLIP	0.3746993448125213
MYLK2	0.0917262426211698
MYLK4	0.47919054881189993
MYO10	-1.8535214960707451
MYO15B	1.125886483505965
MYO19	0.16876765364350588
MYO1D	-0.009736693176766842
MYO1E	-0.2162589248630047
MYO1F	0.47284663311983843
MYO5B	0.08223235954174779
MYO5C	-0.05502984941906597
MYO6	0.3438821645117751
MYO9A	-0.9951671368054598
MYORG	-0.0763975451437906
MYPOP	-0.02237248533899905
MYRF	-0.34811498522108497
MYRFL	0.7503951043879589
MYSM1	-0.01780211260395248
MZF1-AS1	-0.1373761855925606
MZT1	-0.17745115572267878
MZT2A	-0.0137363493489282
MZT2B	0.3115733274607919
N4BP1	0.06272898024743156
N4BP2	-0.022475390179940824
N4BP2L2	0.03819620633983245
N4BP2L2-IT2	-0.48520524483290295
N4BP3	0.6946335482309682
N6AMT1	-0.10716808768053099
NAA15	-0.31482380350952166
NAA16	-0.047728206761830094
NAA20	0.1154743065793351
NAA25	-0.5224828452260404
NAA30	-0.06991505529534514
NAA35	-0.12057494958855486
NAA38	0.04339926715005493
NAAA	-0.4717185479095072
NAALADL1	0.07262283911448808
NAALADL2	0.7120331358040648
NAB1	-0.022698366100552647
NAB2	-0.36901495602062706
NABP2	-0.25038733114677925
NACA	-0.3619765985751693
NACAD	1.4425969146869906
NACC1	-0.10073893221085051
NACC2	-0.15452731298431122
NADK	-0.18593685852373687
NADK2	-0.37852045678292434
NADSYN1	-0.23540766957031245
NAF1	-0.1715977898185823
NAGA	0.25977267959127914
NAGK	0.4454604254040504
NAGLU	-0.08537270061686986
NAGPA	-0.046348389155970615
NAGS	0.1494659323149512
NAIF1	0.10244677234874544
NAMPT	-0.20220518791854047
NANOS1	0.010844295596244002
NANOS3	0.8177136976267869
NANP	0.02875528360672064
NANS	0.16761189046842517
NAP1L1	-0.37860353643040145
NAP1L3	0.1530559949384993
NAP1L4	-0.28259868444294334
NAP1L5	0.005904944963740277
NAPG	0.07383255268441236
NAPSA	0.4743621137630374
NAPSB	0.2443968749035461
NARF	0.15385353678340286
NARS	-0.02272866907794935
NARS2	-0.028822727576634843
NAT14	0.12295732916328905
NAT8	-0.9951513601079549
NAT8L	0.04560521130669315
NATD1	0.6940326728787625
NAXD	0.04129101662307599
NAXE	-0.14809063174418569
NBEA	0.27088703306425277
NBEAL1	-0.21733619693647466
NBEAL2	0.08550948454664109
NBPF1	0.8038382889383531
NBPF12	0.2599103953561581
NBPF13P	-0.059184507072755466
NBPF14	-0.012203253458901386
NBPF15	0.1533369168286467
NBPF20	-0.01274634292538579
NBPF25P	0.09720346324445961
NBPF3	0.5435153905528378
NBR1	-0.0976316705727478
NBR2	0.2137012550953381
NCAM2	-0.12173706824541508
NCAPD2	-0.18822089905091133
NCAPD3	-0.1370546581962504
NCAPG2	-0.050899453798037175
NCAPH2	0.07886769410210004
NCBP1	-0.03710109600353029
NCBP2	0.04592482234398343
NCBP3	0.1615247085331868
NCKAP5	0.2713905371574241
NCKAP5L	-0.1041622388094865
NCL	-0.25554241603795536
NCLN	-0.2127012328709288
NCMAP	1.1711153289684542
NCOA2	-0.20589153466056764
NCOA5	0.0437028690954433
NCOA6	0.03338256652752403
NCOR1	-0.0864099041349089
NCR3LG1	-0.033944694402955555
NDC80	0.27648997074512494
NDFIP1	-0.023138129250345862
NDNF	-0.7754354819628362
NDRG4	0.20708021842268032
NDST1-AS1	0.241322823852808
NDST2	0.30577788181908794
NDST3	0.24141291324654368
NDUFA1	0.18228778171900295
NDUFA10	0.19229836127765765
NDUFA11	-0.11218122727613755
NDUFA13	0.242233343630315
NDUFA4	0.032552310541880125
NDUFA4L2	0.48870862759386524
NDUFA6	0.24910179973157565
NDUFA7	-0.11457807118703656
NDUFA8	-0.026884918969291682
NDUFA9	-0.13066535722876704
NDUFAB1	-0.2602959491271788
NDUFAF2	-0.07843179284607782
NDUFAF3	0.0584538803506609
NDUFAF4	-0.17427640198986527
NDUFAF6	-0.0353378184552664
NDUFAF8	0.010615090891747059
NDUFB1	0.2745480764313717
NDUFB10	0.003949687240321964
NDUFB2	0.08073841312673213
NDUFB2-AS1	0.2636364172008485
NDUFB4	0.03710791912322797
NDUFB7	0.05777992547499089
NDUFS3	-0.2997049051210219
NDUFS4	0.1331570140543885
NDUFS6	-0.07511807341368115
NDUFS7	0.0764834967703294
NDUFS8	-0.18450669450724977
NDUFV1	-0.31220375736806716
NDUFV2	-0.19287424916440266
NDUFV3	-0.282655899600857
NEAT1	-0.17212587115460565
NEBL	0.037860032814065914
NECAB1	-0.1170712061095256
NECTIN1	0.19579656290421976
NECTIN2	-0.1742006304955641
NECTIN3	-0.857066244780774
NEDD4	0.27231031128971805
NEDD8	0.1457511265929039
NEDD9	0.7422834457113949
NEGR1	0.21287023986188425
NEIL1	0.29161490837609527
NEIL3	-0.02141931670649644
NEK2	-0.31637712941181384
NEK7	-0.11757758586415523
NEK8	-0.02327360294458991
NEK9	0.07044326740689666
NELFA	-0.10315102020054212
NELFB	0.06038025130272828
NELFCD	-0.004818599378664246
NELFE	0.26110776887573683
NEMP1	-0.06962069891097844
NEMP2	-0.19475724003164174
NES	0.4841600568376512
NET1	-0.02682669796281889
NEU1	-0.05363756542335274
NEU3	-0.20586081446087778
NEURL1	0.3003556787406847
NFATC2IP	0.1010329017968612
NFE2L1	0.15674120968938965
NFE2L3	0.26758117958074745
NFKBIA	0.0957357687539
NFKBIB	0.01011685323881828
NFKBID	-0.031608901201287676
NFKBIE	-0.22892162272473815
NFKBIZ	0.6800784603127221
NFRKB	-0.13900388855072654
NFX1	-0.2790053715529863
NFYB	-0.05824625073423029
NFYC-AS1	-0.09475018936548851
NGEF	-0.2754882618005494
NGRN	-0.16924321939546338
NHEJ1	-0.026695631108184514
NHLRC1	-0.5956655802161035
NHLRC2	-0.1861152102725292
NHSL1	-0.8317429171610229
NICN1	0.45456435921655025
NID1	-0.586994512076684
NID2	-1.002578571090087
NIF3L1	-0.10305700912266147
NIFK	-0.21568949059694198
NIN	0.18722578376624988
NINJ1	0.2258018918420479
NINJ2	-0.43149510367874644
NINL	0.45499012950414475
NIPAL1	0.14249511734669973
NIPAL2	0.16574466629981455
NIPAL3	0.23045576849856886
NIPBL	-0.40695191126383934
NIPBL-DT	0.2919830127269245
NIPSNAP3A	0.12551466182028115
NISCH	0.32646540048771877
NIT1	-0.09899687654752931
NIT2	0.14118515194356362
NKAIN1	1.7772276691286204
NKAP	0.27000771466946016
NKAPP1	0.31467395930500297
NKD1	-0.3327392873656727
NKIRAS1	0.18576547165004786
NKPD1	-0.3604897368742992
NKTR	-0.02388759554128672
NKX3-2	-0.11238301595958067
NLGN1	0.14718693243609016
NLGN2	0.3149121103324415
NLK	0.07941911387490119
NLN	-0.10159080523373643
NLRP9	-0.23465935066925558
NMD3	-0.1993143786530922
NME3	0.13773655291984355
NME4	0.0009434148605884651
NME9	0.1834598973880519
NMI	0.2723542761949984
NMNAT1	-0.0846512833074442
NMNAT3	0.16864866217232022
NMT1	-0.0764166248952689
NMT2	0.20195270295800505
NNT-AS1	0.3126575133711169
NOA1	-0.06003112902613328
NOC2L	-0.14202745542096995
NOC3L	-0.4479455086505677
NOC4L	-0.21113512600186102
NOCT	0.1796830415363342
NOD1	0.9113134227591231
NODAL	0.10685859252754248
NOL12	-0.1248917347494789
NOL6	-0.26638042415916363
NOL7	-0.14502407819433305
NOL9	-0.21630590383595738
NOM1	-0.23460138363777716
NOMO1	-0.18840568293436988
NOP10	-0.17672500187910334
NOP14	-0.4617195198573323
NOP14-AS1	0.15255961769255588
NOP16	0.7134093275995119
NOP53	0.1887256307707128
NOP58	-0.3859468545065896
NORAD	0.20684434231200033
NOTCH1	0.548285320433223
NOTCH2	-0.07505446978049157
NOTCH2NLA	-0.3155736457682514
NOTCH3	1.409736275160415
NOTUM	0.23680330216178902
NOV	1.032575382519965
NOXRED1	0.21092233654082637
NPAS1	0.09543910533319622
NPAS2	-0.2312553667695525
NPAT	0.07118143973894409
NPB	0.11610680536083517
NPC1	-0.26907606854594057
NPC2	0.188574121307294
NPDC1	0.9693799502431681
NPEPPS	-0.056589475465194106
NPFF	0.1580285954796783
NPHP3	0.02132283113314548
NPIPA1	0.3789515544533253
NPIPB11	-0.10289399577940772
NPIPB13	-0.2584401453056877
NPIPB3	0.23355289653486633
NPIPB4	-0.1011747320277463
NPIPB5	-0.010606202376447271
NPLOC4	-0.02524177161832064
NPM1	-0.10374483600763984
NPM2	0.5404964086375181
NPM3	0.003953117802534933
NPPA	-0.13893411190264704
NPPB	-0.9064635517150101
NPR1	0.24712716081303565
NPR2	-0.46171190742049983
NPRL2	-0.02107432392937536
NPTN-IT1	-0.6188288605087231
NPTXR	0.11544914683598106
NPW	0.09333223252232425
NPY1R	2.1871327313570146
NR0B2	0.4436773988068907
NR1D1	-0.12287818994860977
NR1H2	0.10261376526814958
NR2C1	-0.6627667195703548
NR2F1	-0.14479244553123394
NR2F2	-0.025990304936628128
NR2F6	0.17881976360059681
NR4A2	0.46122262277181747
NR5A2	0.12229060504831102
NRARP	0.9955995531225899
NRAS	0.06168210540177732
NRAV	0.4132839340260066
NRBP1	0.01977892192071984
NRBP2	0.584246708277262
NRDE2	0.07889921355023155
NRIP1	-0.35477429372228375
NRIP2	-0.19846219138438093
NRIP3	0.903011176197829
NRK	1.484663783574735
NRL	0.1918883982686017
NRROS	0.8203694617471071
NRSN2	-0.07103391858474062
NRSN2-AS1	-0.05664040998637798
NRTN	0.6444639747484828
NSD2	0.1819111470312702
NSD3	0.37088132185143063
NSFP1	-0.03196959628464624
NSMAF	0.3606299537703932
NSMCE1	-0.08265331239395479
NSMCE2	0.2689517520984346
NSMCE3	0.3020610785295994
NSMF	0.3825458957543546
NSUN3	-0.011722591484973677
NSUN5P2	-0.2534906877747698
NSUN6	0.010728819961252078
NSUN7	0.27071245574742253
NT5C2	0.02231240093141773
NT5DC1	-0.22906169734314918
NT5DC2	0.0829192783861048
NT5DC3	-0.6025656302894218
NT5M	0.6953290997132133
NTHL1	-0.20059291057110862
NTN1	0.40467350099461363
NTN3	0.7730240305539797
NTN4	0.22482286194998036
NTPCR	-0.3192115842023897
NUAK1	0.5046531392770124
NUAK2	0.1850411777678591
NUBP2	0.3035467647034875
NUCB1	0.18907778929493801
NUCB2	-0.11558068638860863
NUCKS1	-0.14311778859720015
NUDC	0.017585556420583792
NUDCD2	0.14317262989647084
NUDCD3	0.149284102623656
NUDT14	0.271252265427818
NUDT15	-0.16512493337970469
NUDT16	-0.025569685715330248
NUDT17	-0.2445162624591095
NUDT18	0.5373198084459432
NUDT19	0.29915308930301165
NUDT21	-0.13016425812704657
NUDT3	-0.25742208685877177
NUDT5	-0.09024589443566189
NUFIP1	-0.02459078533928505
NUFIP2	-0.28774398330266493
NUP107	-0.16597550982688603
NUP133	-0.2812177922086363
NUP160	-0.32839972241630466
NUP188	0.0943433188284386
NUP205	-0.2362187928889634
NUP210	-0.05459968213563826
NUP214	-0.10423215334645697
NUP37	-0.4241457527637875
NUP43	-0.06679410299696542
NUP50	-0.3783733665077489
NUP50-DT	-0.1189305889133383
NUP88	-0.05777767795285094
NUP93	0.01791151635006738
NUPL2	-0.049766327376730146
NUS1	-0.20457017699786295
NUTF2	0.020037522275991648
NUTM2A	0.18205071525493688
NUTM2A-AS1	-0.08902851115483656
NUTM2B-AS1	-0.25638254760862456
NUTM2G	-0.31094796785013346
NWD2	1.4673695198041268
NXF1	-0.07874806171627036
NXNL2	0.626440271068085
NXPH2	-0.5821163564679708
NXPH4	1.5180879362200352
NXT1	0.0060919000298760295
NYAP1	0.05670439210462508
NYNRIN	1.5754139507901117
OAF	-0.2781751519695632
OARD1	0.09449379972714667
OAS3	-0.17477365975508974
OBSCN	-0.062413894799581815
OBSCN-AS1	0.03648285434933829
OBSL1	0.15524981825334372
OCEL1	0.15032072674031216
OCLM	-0.44080363574203707
OCLNP1	0.5052725939619696
ODAM	0.4171093818586531
ODF2L	1.1841549560414606
ODF3B	0.18306050409639374
ODF3L2	0.4430362005526143
OFD1	0.2291249026926101
OGFOD1	-0.11416923122702638
OGFOD2	-0.29224908485033074
OGFR	0.020397983321418955
OGFR-AS1	0.17202236106815771
OGFRL1	0.07022847059746073
OGFRP1	-0.6284402569944874
OIP5-AS1	-0.327508090854181
OLFM2	0.07841212450513302
OLFML2A	1.453546669646276
OLIG3	-0.7590663232906025
OLMALINC	0.27943771048291266
OMA1	-0.3534512375396952
ONECUT1	0.008967384600424566
ONECUT2	0.008087136472157752
ONECUT3	0.9131446456327788
OPA3	0.30038283769861573
OPHN1	0.6456924288400301
OPLAH	0.36678517574993297
OPN3	-0.28173645215298926
OR7E14P	0.22345469026283116
ORAI1	-0.04076932565940705
ORAI3	0.1446755472632688
ORC2	-0.16216292431475487
ORC4	-0.033377591788567695
ORC5	-0.16549839402920252
ORM1	-0.4238739231120281
ORM2	-0.2302953675377033
ORMDL1	0.5295152135902135
ORMDL2	-0.21880763513097357
ORMDL3	-0.08559558348220886
OSBP	-0.33123193667517015
OSBPL11	-0.13294268558973243
OSBPL1A	-0.023829796185725005
OSBPL3	0.07957334211744405
OSBPL7	0.47949229940257787
OSER1	0.1586774028102429
OSGEP	0.1607106717224509
OSGEPL1	-0.11683304981655684
OSGIN1	-0.09899755677188882
OSGIN2	0.4575625314946983
OSMR	-0.6137227904107809
OSR1	-0.42718845972884933
OST4	0.022330550291996154
OSTF1	-0.001352791942687226
OSTM1	0.16846094165221004
OTOGL	-0.1966237024246893
OTUD1	0.9829959608487773
OTUD3	0.045771890864823916
OTUD4	-0.15870162888899841
OTUD5	0.20152233165016353
OTUD6B-AS1	0.15904898939502354
OTUD7B	-0.45460764012800947
OTULIN	0.09579958138137545
OTULINL	0.3103622637797976
OVCA2	0.08965996920509989
OVGP1	0.24343373784472444
OVOL2	0.13222760991306126
OXA1L	-0.10940423533529486
OXCT1	1.766083794679794
OXCT2	0.048680692496248845
OXCT2P1	-0.40544942834797437
OXER1	0.2247541078888302
OXLD1	-0.20606181872029827
OXNAD1	0.003578975990573774
OXR1	0.4922216046032233
OXSR1	0.01463421468179682
OXTR	2.3016111247402646
P2RX5-TAX1BP3	0.3059240427224985
P2RY1	-0.6811209296668341
P2RY11	-0.12029675666462802
P3H2	-0.4362959770645789
P3H3	-0.07633017901506456
P3H4	-0.36011511158602705
P4HA2-AS1	0.5694366421594097
P4HB	-0.1960201966166082
PA2G4	-0.38870662123558564
PA2G4P4	-0.3590672744308794
PABPC1	-0.27984594347982483
PABPC1L	0.1926098013373867
PABPC3	-0.20383992110187332
PABPC4-AS1	-0.0471965775401082
PABPC4L	-0.10881804568359499
PABPC5	0.844669047518614
PABPN1	-0.041461909818668374
PACRG-AS1	-0.07981222729021775
PACS1	-0.06883406885708343
PACS2	0.12450024566549756
PAFAH1B1	0.11903228947792499
PAFAH2	0.0634555029564714
PAG1	-0.834403316572554
PAGR1	0.0737172924018985
PAH	-0.33772351408004564
PAIP1	0.2854040379504146
PAK1IP1	-0.25679241771739747
PAK2	-0.08430977826782637
PALB2	0.04775488690907892
PALLD	0.3617425114664883
PALM	0.5520451542729541
PALM3	0.3421058367748664
PALMD	-0.4698729135785973
PAN3	0.08402758328772464
PAN3-AS1	0.32371282908401433
PANK1	-0.018985842366516348
PANK2	0.18285216432862983
PANK3	-0.06918543128865551
PANK4	0.8971467597384186
PANO1	-0.026379687154851617
PANX1	0.15881990385069322
PAPLN	0.5536588817453385
PAPOLG	-0.15255100415602385
PAPSS1	0.07798630013556096
PAQR3	-0.07884490106753184
PAQR6	0.2908324519154597
PAQR7	0.3405114400238789
PAQR8	-0.34849152667383
PAQR9	-0.4411182289523623
PAQR9-AS1	-0.4821596891189106
PARD6B	-0.01009060436291076
PARD6G	0.14378607248642794
PARGP1	0.2430707810509709
PARM1	-0.21682256153496038
PARP1	-0.43567024392492026
PARP14	0.18950302002855857
PARP4	0.03826293798998037
PARP9	0.09758352307514784
PARPBP	-0.2671377108257067
PARS2	-0.15025137050204407
PARTICL	0.34126338014071145
PARVA	-0.12272773506659895
PASK	0.11261849896983955
PATJ	0.16725590526528045
PATL1	-0.12655953378927176
PATZ1	-0.14664151197747355
PAWR	-0.16044773106669652
PAX9	0.21924305974573954
PAXBP1	-0.6397622490822616
PAXBP1-AS1	-0.30247084622162657
PAXIP1	-0.14266260249980167
PAXIP1-AS1	-0.13383290939368386
PAXIP1-AS2	-0.003405552742433926
PAXX	-0.06226753311506883
PBLD	-0.059041325492878105
PBRM1	0.08844769991999879
PBX2	0.1292621617251335
PCAT14	-0.4106556868212645
PCBD2	0.02660538545006208
PCBP1	0.0605132533514432
PCBP1-AS1	0.05607394401122434
PCBP4	0.424221152996902
PCDH17	-0.4650632126007208
PCDH20	-0.9372064582345212
PCDH7	-0.9542752286160998
PCDHA2	0.5861810548870459
PCDHB10	0.5189496253069086
PCDHB11	0.02066738880913377
PCDHB12	-0.1946854753710503
PCDHB13	0.47238417737837857
PCDHB14	0.36208622500712906
PCDHB16	0.21073850658722826
PCDHB17P	0.14007204241176163
PCDHB18P	-0.5747800935954537
PCDHB19P	0.044329484113461604
PCDHB2	0.4170388845653612
PCDHB3	0.31961228943743025
PCDHB4	0.39165032899848296
PCDHB7	0.4539514834276215
PCDHB9	0.27365849727066394
PCED1A	0.17172513418830615
PCF11	-0.08129713740757794
PCF11-AS1	-0.19378959953548192
PCGF1	-0.003564592149082557
PCGF2	0.20175873174844128
PCIF1	0.1600635063838407
PCK2	0.281685478160675
PCMTD1	0.7113777116185904
PCNP	-0.04832291951928358
PCNT	0.03541006721370987
PCNX2	0.10825598868276476
PCNX3	-0.3305685829360563
PCNX4	-0.15768128480543364
PCOLCE	0.5986183993422398
PCOLCE2	-1.1319405928520538
PCSK1N	1.2252323546679547
PCSK4	1.1311507955530264
PCSK5	2.4612634735855705
PCSK7	0.0020939498775565113
PCSK9	-0.7770334307622155
PCYOX1	0.016260258075564415
PDAP1	-0.08406846277629754
PDCD11	-0.3097251128206864
PDCD2L	-0.43589559544212975
PDCD4-AS1	0.05667809047004235
PDCD5	0.05715953350896008
PDCD6	-0.18206880203653464
PDCD6IP	0.3887516533163029
PDCD6IPP2	0.04362178621272772
PDCD7	-0.36121115320898234
PDCL	0.18547944325904364
PDCL3	0.05911340110945673
PDCL3P4	0.08715244394188115
PDE11A	-0.4195383926611558
PDE12	-0.16931664381443756
PDE3A	-1.9028467632126638
PDE3B	-0.6771456836891225
PDE4A	0.19512290116184428
PDE4B	-1.477390633871836
PDE4D	-0.055180000871786206
PDE4DIP	-0.09927412327220342
PDE5A	0.8018714670064546
PDE7A	0.21786141353099397
PDE8A	-0.04204557372227802
PDF	-0.13903173895048226
PDGFA	0.44696345189956954
PDGFB	1.932442141228202
PDGFRA	0.3476117253569102
PDGFRB	-1.0030375839066599
PDGFRL	-0.25609910857793494
PDIA2	0.8743446778621884
PDIA3	-0.3142601004776955
PDIA3P1	-0.2976269352806806
PDIA4	-0.10360251679837074
PDK3	0.5054541530002528
PDK4	0.3453982290608084
PDLIM1	0.01635229784330683
PDLIM2	0.6029844986617805
PDLIM7	0.7871917250418985
PDP2	-0.4540229769174733
PDPR	0.09978851404148603
PDRG1	-0.010556467288498794
PDS5A	0.04544658995104989
PDS5B	0.014894742959470797
PDSS1	-0.3228022357436071
PDSS2	-0.13884374645863318
PDXDC1	0.2663432196980815
PDXDC2P-NPIPB14P	0.34895384589296263
PDXK	-0.0657286138108395
PDXP	-0.32286134108395714
PDZD11	0.1796623474861745
PDZD2	-0.003911043497096145
PDZD7	1.1711803568503203
PDZD8	-0.07082858199346465
PDZK1P1	-0.08953856717620923
PEAK1	-0.024464758208039505
PEAK3	-0.32790969823378546
PEBP1	-0.3344163427795914
PECAM1	0.4743611234204299
PECR	-0.3945087981233044
PELI1	-0.5250622533298319
PELI2	-0.03341721360527217
PELO	-0.058486049797588535
PELP1	-0.1883456544440456
PER1	0.5769289259203267
PER2	0.5494354165096436
PERP	0.23363214157914758
PET100	0.17528471638630672
PEX12	-0.29840525158612596
PEX13	-0.08442672952697805
PEX14	0.14869304078581624
PEX3	-0.13600595806513738
PEX7	-0.1890593710541122
PFAS	-0.27520730713192254
PFDN1	-0.04251026333787422
PFDN2	-0.232992711653079
PFDN4	-0.028956873745825007
PFDN5	0.14654518520805038
PFKFB2	0.052996779694332474
PFN1	-0.11692400654781565
PFN2	0.08886488999697306
PGAM1	-0.26253630401581285
PGAM2	-0.15080032475562355
PGAM4	-0.06879381310599886
PGAM5	-0.4995549701461135
PGAP1	-0.3093327093809739
PGAP2	-0.3657394721908611
PGBD2	0.44590889640913645
PGBD4	-0.26541695429727774
PGBD5	0.016263627428989125
PGC	0.07988534430121996
PGGHG	0.20092290715368577
PGGT1B	0.008876883268821523
PGK1	-0.10149868193308009
PGLS	0.20456706965806504
PGM1	0.06593944803201035
PGM2	-0.15225521903870742
PGM2L1	1.0369642433413997
PGM3	-0.23591091122148322
PGM5P2	-0.5616434013582579
PGP	-0.12176731454568834
PGRMC2	0.1415770680964954
PHACTR4	0.06689336409990698
PHAX	0.02517348304703315
PHC1	0.28570705792010553
PHC2	0.2767691040581668
PHETA1	0.8922138425424575
PHF12	0.07727280680958248
PHF13	-0.11113072622079923
PHF14	0.07016883905302418
PHF2	0.2948501875529246
PHF20	0.13002212942797442
PHF20L1	0.2153660655130647
PHF3	-0.12193256171567413
PHF5A	-0.3052187581599046
PHF7	0.6448938059812819
PHGDH	0.2699836125023847
PHIP	-0.05662209929908801
PHKA2	-0.18808048279801515
PHKA2-AS1	-0.611820076523617
PHKG2	0.146072575536754
PHLDA1	-0.34445803201107594
PHLDA2	0.04201253308276698
PHLDB3	0.5212692950518303
PHLPP1	0.09117660216824852
PHPT1	0.10593695104688727
PHTF1	0.32533012089039204
PHYHIPL	-0.10798646088998742
PI4K2A	0.0906535997628275
PI4K2B	-0.06885120712969162
PI4KA	-0.08972955610465316
PI4KAP1	-0.18985368823299975
PI4KAP2	-0.20641640673764172
PIAS1	-0.4738010713067471
PIAS2	0.18612808830699024
PIAS3	0.04696747252126876
PIAS4	0.015820106332141037
PIBF1	0.042588672864181554
PIEZO1	0.1741678504372759
PIEZO2	0.4459825473236565
PIGB	-0.03557526626122165
PIGH	0.13289722311706598
PIGK	-0.04547196660345243
PIGL	0.21058833252475928
PIGM	-0.1022998492648668
PIGO	-0.26687067042752943
PIGQ	0.17837329627208343
PIGS	-0.1405785875640122
PIGU	0.13312263368236898
PIGW	-0.2455298066316005
PIGZ	0.3567241660067948
PIH1D1	0.085032432974943
PIK3AP1	0.30980072459025365
PIK3C2A	-0.3904452557337139
PIK3C2B	-0.2633976344553952
PIK3CA	0.20235963849234118
PIK3CB	-0.0718494686626947
PIK3CD	1.7840058205043272
PIK3IP1-AS1	-0.5980716619056552
PIK3R1	-0.12294113103439042
PIK3R4	-0.1823102140526025
PIKFYVE	0.025241391412920144
PILRB	-0.025162245272714934
PIM2	0.04724369857852739
PIM3	-0.19619038558248736
PIMREG	0.3503007758131522
PIN4P1	0.3196140782144341
PINK1	0.5762091172892267
PINK1-AS	0.045683879423496165
PIP4K2A	-0.07085691673983341
PIP4K2B	-0.47838674282087457
PIP4P2	-0.46033859353302464
PIP5K1C	0.132556936238601
PIPOX	0.7227170603297899
PIPSL	-0.5088830963628652
PISD	-0.21588742353152313
PITHD1	-0.07422490099983214
PITPNA	0.1749012846847302
PITPNA-AS1	0.08209977300111548
PITRM1-AS1	0.7746086845055995
PITX1	0.27477559361502557
PITX3	0.23301719249453612
PIWIL4	0.5554858869708323
PJA2	0.3667404422341347
PJVK	0.2304885983637983
PKD1L1	1.2059887637520976
PKD1P1	0.33210856759511653
PKD1P6-NPIPP1	0.31197064353032555
PKD2	0.25331287858244167
PKDCC	-0.6039697889526439
PKHD1	0.832925058929411
PKHD1L1	0.10890480489803833
PKN1	-0.09625439004765379
PKN2	-0.019676007328228273
PLA2G12A	-0.06558788308686037
PLA2G12B	-0.1340601442644287
PLA2G15	0.09435562854670909
PLA2G16	0.1513658630151391
PLA2G3	-0.13391233975682848
PLA2G4B	-0.21417186146645495
PLAA	0.02927029726301633
PLAC8L1	0.20299016352797716
PLAGL1	-0.5585815411512773
PLAGL2	-0.11024900275488658
PLBD1	-1.0085124589469752
PLCD3	-0.03718778971993775
PLCD4	-0.039755965096733625
PLCG2	0.39533712783464336
PLCXD1	-0.1627060217637446
PLCXD3	1.0766040103170238
PLD5	-1.5617198245861985
PLD6	0.06933981623664831
PLEC	0.6874769564230081
PLEK2	0.9729509654818274
PLEKHA2	0.29011221106569796
PLEKHA3	0.20421733591182445
PLEKHA5	-0.6929800078357791
PLEKHA6	0.139493146753618
PLEKHA7	-0.02293710099655133
PLEKHA8	0.06051713112699808
PLEKHA8P1	0.2559426105988738
PLEKHD1	1.60108126311837
PLEKHF1	0.08695685507049777
PLEKHF2	0.08498540998786197
PLEKHG1	0.46860285302451743
PLEKHG2	0.34742011737827383
PLEKHG3	0.15595527311876722
PLEKHG4B	0.9724442813470375
PLEKHH1	-0.06196536943824427
PLEKHH2	-0.5711923086396622
PLEKHH3	-0.9025176750497579
PLEKHJ1	-0.11219587160688604
PLEKHM1P1	0.38259652104874675
PLEKHM2	0.07527281030370858
PLEKHM3	0.38044596609978143
PLEKHO1	0.03588709933914869
PLGRKT	-0.0947708452069369
PLIN4	0.11603643144012477
PLIN5	1.149210149369865
PLK1	-0.13208705676222898
PLK3	0.4452161093342175
PLLP	0.5342472010295047
PLOD3	-0.28808877884203277
PLPBP	-0.05745457894935235
PLPP3	-0.14521998926308477
PLPP5	0.5388367148435771
PLPP6	-0.12392048866132566
PLSCR1	-0.008371486597509303
PLXNA1	-0.4579856890564633
PLXNA2	-0.7773334474542004
PLXNA3	0.7540610435361028
PLXNB1	0.16725756509305523
PLXNB2	-0.0539895178742551
PLXNB3	0.5987709618258834
PLXNC1	-0.23635718229280211
PLXND1	0.22587305226764443
PM20D2	-0.09425241185887145
PML	0.7463883701112386
PMM1	0.37841112167203406
PMM2	-0.15495605477131136
PMPCB	-0.024393228623990737
PMS2CL	0.22805911180098448
PMS2P1	-0.14772269568265983
PMS2P3	-0.025212245319334414
PMS2P9	-0.08925061385264277
PMVK	0.14912314730527232
PNKD	0.27163586349252533
PNKP	0.00478979577327987
PNMA1	0.17005795796256606
PNMA6A	0.14737003151789718
PNN	-0.24400503457949796
PNO1	-0.28076937610971076
PNP	-0.20602609824645857
PNPLA2	0.29635688375294933
PNPLA3	-0.3284802208023274
PNPLA6	0.024272479326153285
PNPO	-0.0767541700355645
PNPT1	-0.14645853240475226
PNRC1	0.023018804627540135
PNRC2	-0.09583724660501503
PODXL2	0.9879457871720998
POFUT1	-0.14618750797668323
POFUT2	-0.06710384844020556
POGK	0.0342624098331501
POLA1	0.16446313253063494
POLA2	-0.3351224789423233
POLB	0.10328516146123423
POLD2	-0.17874762012989498
POLE	-0.08276393268637339
POLE4	-0.04259442630443111
POLG2	-0.05135057446115354
POLI	0.20692070642396665
POLK	0.10039876539472736
POLN	0.5083772857363269
POLQ	0.1217935129766552
POLR1A	-0.2678229278879769
POLR1C	-0.11122124335261319
POLR1D	0.09148467308866426
POLR2A	-0.10170227566652645
POLR2C	-0.05884360192673643
POLR2D	-0.17301632924998067
POLR2E	-0.7164102090162112
POLR2G	-0.4011384067796868
POLR2H	-0.2092170161835507
POLR2I	0.13228728223827968
POLR2J	0.07394013737279792
POLR2J2	0.9261412670219662
POLR2J3	0.26293063140107975
POLR2J4	0.24420395215213908
POLR2K	0.13947322574073073
POLR2L	-0.13494457678861238
POLR3A	-0.26438131911163865
POLR3D	-0.25600406646616847
POLR3G	-0.6027522019130616
POLR3GL	-0.036020248328338056
POLR3K	-0.39501496347329734
POLRMT	-0.20888409214069714
POM121	-0.14304415016755812
POM121C	-0.1771490272601497
POM121L1P	0.19573621899232396
POMGNT2	0.059162865315569135
POMP	-0.02552615908019895
POMT2	0.4357257098070946
PON3	-0.6328148507085727
POP4	0.13580005736694423
POP5	-0.5695972547792376
POP7	-0.10517763667479763
POR	-0.3070618178126834
POU2AF1	-0.4795273665012947
POU3F2	-0.7429329564159746
POU4F1	0.28746745973969556
POU6F1	0.04804885703976369
PP2D1	0.8556514157456077
PP7080	0.069072581172545
PPA1	-0.18193482495601998
PPAN	0.1548448074727351
PPARD	0.50626891006692
PPARG	0.2656809182473383
PPARGC1A	0.04306741434668737
PPAT	-0.5359128951856471
PPDPF	0.37264748822571203
PPFIBP2	0.22572764533703626
PPHLN1	-0.4324455188294558
PPIA	0.5343678453539038
PPIB	-0.431807096516196
PPIC	-0.07825922879919478
PPID	-0.10063388247648497
PPIF	-0.10105567295246942
PPIG	-0.07869254215566546
PPIH	-0.08624135865843563
PPIL1	-0.1433124659052245
PPIL2	0.05110856429131383
PPIL4	-0.03331436843126756
PPL	-0.22213600591117277
PPM1A	0.005579850423689248
PPM1B	-0.1580298763880652
PPM1D	0.14815399162152687
PPM1F	-0.30870536909160684
PPM1G	-0.07235194741587847
PPM1H	-0.9726345472094451
PPM1K	-0.8327833604266912
PPM1L	-0.06390074756009412
PPM1N	0.4247004673281891
PPP1CC	-0.3089505415760394
PPP1R11	0.05014894221516286
PPP1R12B	-0.19401406005201238
PPP1R13B	0.17583428540817359
PPP1R14B	-0.2670753747892034
PPP1R15A	0.8578067804827478
PPP1R15B	0.07073549926874012
PPP1R16A	0.2683122379460974
PPP1R1A	-2.753882453196783
PPP1R26	0.40898992009523205
PPP1R26-AS1	0.8391974632807275
PPP1R35	-0.10680301301447948
PPP1R36	0.0874961741129261
PPP1R37	0.14713020886968753
PPP1R3C	-0.4462713732337491
PPP1R3D	-0.10589605970496674
PPP1R3E	0.24018356651827322
PPP1R3F	0.43076452169714674
PPP1R3G	1.386699672349208
PPP1R9B	0.3031808854672988
PPP2CA	0.015315335253560214
PPP2CB	0.04790595009788312
PPP2R2A	-0.15432043103941595
PPP2R3A	1.3959204906215925
PPP2R3B	0.4007097350005435
PPP2R5A	-0.3957471819079137
PPP2R5B	-0.06927905438725546
PPP3R1	-0.19039886708279585
PPP4R1-AS1	0.24879090873595722
PPP4R1L	0.15518030132391836
PPP4R3A	-0.027210895267202773
PPP4R4	-0.1272090304005289
PPP6R1	-0.053534005748109514
PPP6R2	0.01809887339830807
PPP6R3	-0.3450153788281791
PPT1	-0.14846967459338112
PPTC7	-0.422277809889696
PQLC2	0.4138248541643268
PRADC1	0.07046046926399008
PRAF2	0.39179055376525973
PRAG1	0.3884313144708811
PRC1	-0.2497939903806552
PRC1-AS1	-0.39037850292399146
PRCC	-0.19044070242971411
PRDM11	-0.36814964965378216
PRDM4	0.21435028952716895
PRDX2	0.2912910916301348
PRDX4	-0.17030845502439718
PRDX6	-0.3788644496259703
PREB	-0.18725190258268665
PREP	-0.18547569829688015
PREPL	0.3112003700812118
PRICKLE2	-0.5633285472682634
PRICKLE4	0.7424411237369091
PRIM1	-0.1008845586728242
PRIM2	0.06115259246521276
PRKAA2	0.08653458040017803
PRKAB1	0.03797249430106309
PRKACA	0.24278992860713133
PRKAG1	0.06128420438211135
PRKAR1A	0.875172541182692
PRKAR2A	-0.2384543085638713
PRKAR2B	1.394411261161835
PRKCA	-0.2007049031332535
PRKCE	0.2718957889689726
PRKCH	0.2722378322912
PRKCI	0.04043703813946209
PRKCZ	0.11146746770918892
PRKD1	0.03264169672302408
PRKD2	0.033390532469410594
PRKD3	-0.08271890097649592
PRKG1-AS1	-0.18180723039883384
PRKRA	0.23567539790362346
PRKRA-AS1	0.55273257205888
PRKRIP1	-0.19827203761250178
PRKX	0.21797732186868224
PRKXP1	-0.0539889642953022
PRMT2	0.008407421596928089
PRMT6	-0.21050929292072063
PROB1	0.5302824218750861
PROC	-0.13849281684634462
PRODH2	-1.2044087212435977
PROM1	-0.29113355454457546
PRORSD1P	0.18522874619945373
PROSER1	-0.08441836807319358
PROSER2	-0.11989531160630662
PROSER2-AS1	0.16319707354507962
PROSER3	0.1888381330219815
PROX1	-0.14320311564382404
PROX1-AS1	0.10704431441054219
PROX2	0.171239856237849
PRPF18	0.2292955450176386
PRPF19	-0.3841666484655022
PRPF3	-0.08984590455259589
PRPF31	-0.20281824466118792
PRPF38A	-0.12525805949898494
PRPF39	-0.12152167617628429
PRPF40A	-0.010859975857907322
PRPF4B	0.03544122866197874
PRPF6	0.04712403143160948
PRPF8	-0.6674696325682188
PRPS1	-0.24916271737570694
PRPSAP1	0.17041347593369682
PRR11	0.05879603123883648
PRR12	-0.1606661200908519
PRR14	0.1277740666652889
PRR14L	-0.25832556600865786
PRR15	1.11270452388078
PRR15L	0.22764260037944917
PRR18	-0.3911690337618272
PRR19	0.3091593352677324
PRR22	-0.06736997322138549
PRR36	0.43904524583629634
PRRC1	0.10223419004990131
PRRC2B	0.12526851046150167
PRRC2C	-0.3283260064692346
PRRG4	-0.051980422742776256
PRRT3	0.35086854581190474
PRRT3-AS1	0.26365798488158676
PRSS12	0.01337290445582262
PRSS16	0.05170132728735943
PRSS22	1.0158641856777586
PRSS23	0.8070927537047008
PRSS27	0.429586871014231
PRSS53	0.17047096482309332
PRSS8	1.2431037213944185
PRTG	-1.036436808337223
PRXL2A	0.03516348492692378
PRXL2C	0.1788204606134185
PSAP	0.15651024200807484
PSD3	-0.062134697623023705
PSD4	0.14998308762964374
PSKH1	0.17871723078759683
PSMA1	-0.27596292132529054
PSMA2	-0.05392942057174199
PSMA3-AS1	0.33077595812908456
PSMA7	0.10600728706564055
PSMB1	0.004903714623782918
PSMB10	-0.10816515977815566
PSMB4	-0.10795460086981112
PSMB5	-0.2481493817318401
PSMB7	0.07816171182814458
PSMC1	0.07945564008513983
PSMC2	-0.053415480491240785
PSMC3	-0.2668516308668325
PSMC3IP	0.5987450492535187
PSMC5	0.03466671264568877
PSMC6	-0.08255872804109732
PSMD14	0.029299277166820126
PSMD2	-0.027982008941718206
PSMD3	0.09941672913105037
PSMD4	-0.06297460239994734
PSMD6	0.2778472782357042
PSMD6-AS2	-0.3673050505842439
PSMD7	-0.021740468814991587
PSMD8	0.05747555699624485
PSME2	0.18827437371857503
PSME4	-0.029736174412896332
PSMG3	0.08387790657545846
PSMG4	0.08897448889365878
PSPC1	-0.06384438234916079
PSPH	-0.005495666691222034
PSPN	0.5834965331822701
PSTK	0.2969205803016437
PSTPIP2	-0.059821487472217605
PTAR1	-0.2511227405255436
PTCD3	-0.09147761728722692
PTCH1	0.05550547021833996
PTCHD4	0.592167557369212
PTDSS2	-0.0409312855069377
PTF1A	0.40160065763997643
PTGDR2	-1.152983330922269
PTGDS	0.41213689643265594
PTGER1	0.32574351257685885
PTGER2	-1.0777628502136172
PTGER3	2.310948992659606
PTGER4	0.6165957186148274
PTGES2	0.0643283003865256
PTGES3	-0.07018987471801097
PTGFRN	0.2472047351873865
PTGS2	0.6654748145832627
PTMS	-0.2751643052505557
PTOV1-AS1	0.15235898158744554
PTOV1-AS2	0.2352475381034722
PTP4A1	0.08232442550039565
PTP4A2	-0.1701504965963041
PTPN11	-0.3083936717181057
PTPN14	-0.3575618789607633
PTPN18	-0.2824292966652422
PTPN21	0.03878796716434785
PTPN4	-0.06640966535950188
PTPN6	-0.11908075705300902
PTPN9	0.03803991007749907
PTPRA	0.2616152550297479
PTPRCAP	0.15343309958436357
PTPRD	-0.14866344582215163
PTPRF	-0.16908075926627264
PTPRG	0.05578959730921529
PTPRH	0.7933896992629257
PTPRJ	0.005589659076085773
PTRH1	0.21020794912540763
PTRH2	-0.038129521946916434
PTRHD1	-0.11462396373690975
PTS	0.0619552453771659
PTX3	-0.86935037771228
PUM3	-0.40377788098224965
PURA	-0.027175572550263816
PURB	0.14999035484705203
PURG	-0.07363042234612172
PURPL	0.21568188159969992
PUS1	-0.2913347008573446
PUS10	-0.4121074118287229
PUS3	-0.4303965541186776
PUS7	-0.4675560459965924
PUS7L	0.010658626550785755
PUSL1	-0.07721985509227913
PVR	0.17275730683234558
PVRIG	0.01407809384472447
PVT1	-0.44269777568785607
PWAR5	0.12822796845709927
PWARSN	0.11523566781489514
PWP2	-0.4748729191745724
PWWP2A	0.14226106708227526
PWWP2B	0.11702493433196448
PXDC1	1.0251556947008593
PXMP2	0.14675698918991742
PXN-AS1	-0.3376051065630996
PYCR2	0.18590127938779544
PYCR3	0.02089847334423256
PYGB	0.07182085597689536
PYGO1	1.0320913396309672
PYGO2	0.08317116690254522
PYM1	-0.05679569748226676
PYROXD1	-0.13501511128096766
PYROXD2	0.49131226294484787
QKI	0.17393065491755033
QPCT	1.2466855506763301
QPCTL	-0.05318201518133092
QPRT	-0.10755953269374174
QRFP	0.31392382260365403
QRICH2	0.37412845917744475
QRSL1	-0.18122161014988425
QSER1	-0.35416147392325126
QSOX1	-0.44611027615877274
QSOX2	-0.17395156303827264
QTRT1	-0.0787962805464879
R3HDM2	0.16129675286210077
R3HDM4	0.09852662898660558
R3HDML	1.632230772844509
RAB10	-0.061783022558586254
RAB11B	0.27876944968834483
RAB11B-AS1	0.6894390072122585
RAB11FIP1	0.47316207690337375
RAB11FIP2	0.1597392352113305
RAB11FIP3	0.18449095028205065
RAB11FIP4	0.5469682777433169
RAB11FIP5	0.33323652776232304
RAB12	-0.062179530250671355
RAB14	-0.003997399777120769
RAB17	0.111459495663349
RAB19	0.33410587829677096
RAB1A	0.026515214476359628
RAB1B	-0.36682870779702004
RAB20	1.2597899072264456
RAB21	-0.26288628672977143
RAB22A	0.32974390881724425
RAB27B	0.07838591342328938
RAB30-AS1	-0.11264774694455149
RAB31	0.06900912749645549
RAB32	0.4641279300950245
RAB33B	0.2862226204820866
RAB36	-0.24407137006662483
RAB3A	-0.11849696766877216
RAB3B	-0.46424369144878774
RAB3D	0.14430667190545776
RAB3GAP2	-0.27473821697339673
RAB40A	-0.13916974906536206
RAB40B	0.38865871851901
RAB6B	0.9346507413865313
RAB7A	-0.07721935403198188
RAB8A	0.045142159161423834
RAB8B	-0.6788285836876797
RAB9B	1.804361705327508
RABAC1	0.4735353356785339
RABEP2	0.171264865043824
RABGAP1	0.13498754625543263
RABGAP1L	0.06330638924522614
RABGEF1	0.18081313708333457
RABGGTA	0.07181779602514116
RABIF	0.08916269373842667
RABL3	0.012291408580948904
RABL6	-0.21922212645427974
RAC1	0.11540669558555638
RACK1	-0.04935968536415647
RAD18	0.1549029625022813
RAD21	-0.015481526806365054
RAD23B	-0.0911827824594722
RAD50	0.04166713504849895
RAD51-AS1	0.23214925939952424
RAD51AP2	-0.4614981114230088
RAD51B	0.6922452871116489
RAD54L	0.23307083059680478
RAD54L2	-0.047015143278592575
RAD9A	-0.09654760224019654
RAET1K	0.04383678118898793
RAF1	0.1704312442249245
RAG1	0.2305953172855566
RAI1	0.003714709212182754
RALA	0.08448269787071272
RALB	0.04418543465567826
RALBP1	0.11917426896303329
RALGAPA1	1.1896045988931998
RALGAPA1P1	0.0179931611086257
RALGAPA2	0.10227502086745943
RALGDS	0.5849049175894714
RALGPS1	0.7798529148403714
RAMAC	5.514852828181205e-05
RAMP2	0.3261965144722452
RAMP2-AS1	0.07499315485619196
RAN	0.11036506293649762
RANBP1	-0.1492614333978466
RANBP10	0.08488066990374765
RANBP17	-0.0669956854016256
RANBP2	-0.12323708761002905
RANBP6	-0.018043131184563244
RANBP9	0.33939350399293033
RANGAP1	-0.12047332633870944
RAP1GAP	0.6659079426497758
RAP2A	0.22017472007518535
RAP2B	-0.07438370765907276
RAPGEF2	-0.18767976445031387
RAPGEF4	-0.004136140151252743
RAPGEF5	-0.2842820973645148
RAPGEFL1	-0.4825992755382451
RAPH1	0.020057126490068633
RARA-AS1	0.4783434707858776
RARRES1	-0.1628520740505448
RARRES2	-0.20007987275637795
RARS	-0.17369875899813536
RARS2	0.2311213244429391
RASA1	0.060575881995990954
RASA3	0.8258015982111444
RASA4B	1.580301498321567
RASA4CP	0.6489077749481909
RASAL2	-0.21295329022120946
RASAL2-AS1	0.23461241443962244
RASEF	0.33900464161821464
RASGRF2	0.28364338523316857
RASIP1	0.5968514237981113
RASL10A	1.1029727110902394
RASL10B	-0.4855405890857023
RASL11A	-0.8529781011870243
RASL11B	0.7491930661586244
RASSF1	0.4301576652419117
RASSF10	0.306321177917523
RASSF4	0.08795750051770135
RASSF9	-1.2782298938468561
RAVER1	-0.14119792628577876
RAVER2	0.4776579572365076
RB1	0.24171068027150744
RBBP6	0.4265116231186532
RBBP7	0.008015255204116833
RBBP9	0.23671543396755368
RBCK1	0.2610418224783402
RBL1	0.2336748634860486
RBL2	0.22461088755161907
RBM11	0.4808665990868062
RBM12B	0.009099748366969251
RBM12B-AS1	-0.13201794190306204
RBM14	-0.02177561019969687
RBM15	-0.11011916108094555
RBM15-AS1	-0.2979125066319397
RBM15B	0.0645475420827113
RBM17	-0.36288976649554305
RBM19	-0.37764860031511516
RBM22	0.02933161673203699
RBM25	-0.22913454497216978
RBM26-AS1	-0.43487218458704646
RBM27	-0.2074304613765925
RBM28	-0.15914128301612385
RBM3	0.349505250064162
RBM33	-0.11045520433448885
RBM4	-0.3033032962538966
RBM41	0.08154736424336395
RBM42	0.02396493932462196
RBM43	0.15051835938872138
RBM44	0.6727058481922166
RBM45	0.036108554011789806
RBM47	-0.18154565721171423
RBM48	-0.08511101331097493
RBM4B	0.04152567908140714
RBM5-AS1	0.09150479028710246
RBM6	0.0076617576343336324
RBM8A	0.07654938070066475
RBMS2	-0.047638714478158484
RBMX	-0.028735833848066328
RBMX2	-0.07133500237004231
RBP1	0.7298302964069237
RBP4	-0.4663436919766717
RBP5	0.10803952888100721
RBP7	1.3758279448121016
RBPMS	0.16183803690950294
RBPMS-AS1	0.0777443405676288
RBPMS2	-0.009415683935874775
RBX1	-0.08113495690307815
RC3H2	0.09452449393011708
RCAN1	0.014116781866403638
RCBTB1	0.11831732799461037
RCC1L	-0.14615067283983052
RCN1	-0.3053670016090626
RCN3	0.48139841545589857
RCOR1	0.03269638407855879
RCOR2	0.4952948851701393
RDH10	-0.23434133362556153
RDH10-AS1	-0.4247610746111157
RDH12	0.4677339685478188
RDH14	0.030804214186049172
RDH16	-0.19881304537394717
RECQL4	0.1936460448810262
RECQL5	0.19122582224508378
REEP3	0.31209654266703524
REEP5	-0.1806289236383165
REEP6	0.682782146963917
RELB	0.3533428790692268
RELCH	0.04474882008656156
RELL1	0.5370057507569275
REM2	1.665088460420181
REP15	0.3251867535001103
REPIN1	-0.13093570385689723
RER1	0.03276140524613602
REST	-0.053974152041805556
RETREG2	0.2305400785505043
RETSAT	-0.04537025389070237
REX1BD	0.2869874522330087
REXO1	-0.07622054167285874
REXO2	-0.08870816522169367
RFC3	0.14788090892287364
RFC4	-0.0036002209459775614
RFK	0.04073126721746956
RFLNB	0.753006477924302
RFNG	0.22328126797995917
RFT1	-0.32677435101262287
RFTN1	-0.1601646883594321
RFTN2	-1.078295056856212
RFWD3	0.012568042391580825
RFX1	0.12014007259719506
RFX3-AS1	-0.030511699162680372
RFX6	-0.5801646247047532
RFX7	-0.33701207235064246
RFXANK	-0.06723544092195155
RFXAP	0.1285455246671896
RGCC	0.08276546264252316
RGL4	0.5709230821293225
RGMB	-0.16781319252307014
RGMB-AS1	-0.13641504614004507
RGP1	-0.005275447210769002
RGPD3	0.39153757868323114
RGPD4	-0.06381891602237522
RGS12	0.23956558947931228
RGS14	0.19341299417908875
RGS19	-0.05952054242981575
RGS2	-0.6329692100690085
RGS3	0.103142775039617
RGS9BP	0.032849035375743796
RHBDD3	-0.1593086350041455
RHBDF1	0.31985018581887914
RHBDF2	0.17362093363655973
RHBDL3	0.8666264548181646
RHEB	-0.1339639177226113
RHOB	0.6661401236422977
RHOBTB2	0.45663416852528993
RHOBTB3	-0.004430277989460052
RHOC	0.22213019267053902
RHOD	0.06323152224330775
RHOF	-0.44009102458248517
RHOG	-0.08730671921033739
RHOQ	0.23663538250586402
RHOT2	0.09434380223457683
RHOU	-0.38022033832917845
RHOV	-0.0561877366763337
RHPN1	0.6094994632943527
RHPN1-AS1	0.003921808631464074
RHPN2	0.2587410366278302
RIC8B	-0.11394275211020499
RIDA	-0.11303409454728364
RIF1	-0.3326830965054599
RILP	-0.3649719736988417
RILPL1	-0.00948472130125566
RIMBP3	0.06911474466116019
RIMKLA	0.44104308554505467
RIMKLB	0.5518711360436122
RIMS3	1.5217569835198055
RIN1	-0.4880160294159164
RIN3	-0.02622286386550332
RING1	0.3243500851258938
RINT1	-0.25209600367943263
RIOK1	-0.1911258787616923
RIOK2	0.08148970863581351
RIOK3	0.029261128946307835
RIOX1	-0.035120039712221995
RIPK2	0.1747549877625154
RIPK4	0.13525970995558367
RIPOR1	0.36819127580012134
RLF	0.02398022091674079
RMI1	-0.0030856250509332384
RMI2	0.23839779712234765
RMND1	0.03669625300198387
RMND5A	-0.13346511164483665
RMRP	0.06181218053187765
RN7SK	0.2754821855979932
RN7SL1	0.14989794833423797
RN7SL2	0.09473343093756892
RNA18SN5	-1.4186490728867591
RNA28SN5	-0.23307928076402007
RNA45SN5	-0.12393418955515756
RNASEH2A	0.3511239249938516
RNASEH2B	0.1821854245831549
RNASEH2C	-0.4744247101522463
RNASEK	0.4719698060154065
RNASET2	0.21928447540133167
RND1	0.8495069901158034
RND2	-0.8137456727763532
RNF10	-0.09397996099841333
RNF103	0.25373749556623304
RNF11	0.19473779968174298
RNF113A	0.07746684800765458
RNF114	-0.05783351953480409
RNF115	-0.23807203296083657
RNF122	0.5316712251889406
RNF123	-0.0201861976230866
RNF125	-0.005214440197825354
RNF126	-0.12639782209910333
RNF128	-0.030253680882515788
RNF138	0.10847224940946454
RNF139	0.26868367071058685
RNF139-AS1	0.10132027884909078
RNF141	-0.15418455488368465
RNF144A	0.5636169726305758
RNF144B	-1.032850598784976
RNF145	-0.48987773363397613
RNF146	0.1386390250095335
RNF149	0.07325564210765734
RNF150	1.2070765773499712
RNF152	-0.0503305560477898
RNF157	0.25634827782243974
RNF157-AS1	0.2946788159191187
RNF166	-0.3075904350204812
RNF167	0.0711039685192123
RNF168	0.06981103276444856
RNF169	-0.02472426735567268
RNF180	1.3178240946543252
RNF181	0.12330288461190442
RNF187	-0.17389295901871815
RNF2	-0.08658242076745637
RNF20	0.13981314927255095
RNF207	-0.05342004372067066
RNF208	0.077870613634059
RNF212B	0.18369832650671247
RNF213	0.10320278002397387
RNF215	0.26235700421507957
RNF217	0.3873238207816696
RNF219	0.16231657531390997
RNF220	0.20196072171396384
RNF223	1.8342392102052172
RNF224	0.840444309172264
RNF25	0.07735600296363998
RNF26	0.008036095165415702
RNF31	0.27965272195750757
RNF32	-0.6742724004304521
RNF43	-0.15666139594252826
RNF44	0.13465865439590008
RNF5	0.4544331106978148
RNF5P1	0.37704228372478266
RNFT1	0.2739400277953976
RNFT2	-0.3451084720310367
RNMT	0.14136880987711287
RNPC3	0.04454686770169225
RNPEP	-0.06382167333928379
RNPEPL1	0.1816812670830945
RNPS1	0.17031452275827608
RNU2-1	0.3697111447246155
ROBO3	-1.8494857767029207
ROCK1	0.019248094140690064
ROCK1P1	0.5924882089148951
ROCK2	-0.33015341341222815
ROM1	0.1146237057081061
ROMO1	0.1565318108402547
ROR1	0.6988095710800524
RP2	0.007500486406648577
RP9	0.2700993541296475
RP9P	0.22288943380097415
RPA1	0.046838477864447725
RPA3	0.010219955923760793
RPAP1	-0.4332852902922326
RPAP2	0.014440587148840223
RPF1	-0.09203278920272862
RPGR	-0.08193002677829941
RPGRIP1	0.09955608355928547
RPIA	-0.09269117494520085
RPL10A	-0.0482486379317999
RPL12	-0.15274296260607034
RPL13	0.3844264298964313
RPL13AP5	0.2937814266543839
RPL13P5	-0.02929208653448301
RPL15	-0.1125667427088608
RPL18A	-0.059804415326277116
RPL19	-0.03155017647251679
RPL21	-0.1254495069121182
RPL21P28	-0.014615688877838373
RPL22	-0.06127290405866592
RPL22L1	-0.152787598001197
RPL23	0.09162308644488704
RPL23A	-0.12403289832998787
RPL23AP53	0.35984976405539637
RPL23AP64	-0.020706684101543527
RPL23AP82	0.2865934578972431
RPL24	-0.08198672065649326
RPL27	-0.016296133843060723
RPL27A	-0.3049368612914485
RPL28	0.3070414245029931
RPL29	-0.0439051374620405
RPL30	0.014707255857421053
RPL31	-0.18926751687283572
RPL32P3	0.021472021097386218
RPL35	-0.012285408162033384
RPL36A	0.14597316193069698
RPL36AL	-0.1042292038086563
RPL37	0.1270236331294381
RPL37A	0.06853327650652119
RPL39	0.222830366838485
RPL39L	0.16345585361111148
RPL4	-0.33376592420398055
RPL5	-0.0899184704511038
RPL6	-0.13423385556084266
RPL7	0.04625429944550774
RPL7A	-0.02949979219492249
RPL7L1	-0.15017118783152572
RPL9	0.0022422649012989737
RPLP1	-0.19181219404324779
RPLP2	-0.13158182834901577
RPN1	-0.0688078410768016
RPP25	0.21362553708312326
RPP30	-0.002530298535497799
RPRD1A	0.04380805022380052
RPRD1B	-0.13183234817884681
RPS10	0.21151655348883214
RPS11	0.04421314311271729
RPS12	-0.168972811306503
RPS13	-0.36261513075628216
RPS15	-0.018279979571742988
RPS15A	0.044986526056600695
RPS16	-0.05463624498188313
RPS18	0.09277688007734763
RPS18P9	-0.34759002134568195
RPS19	-0.07797514463626687
RPS19BP1	0.07524415769929593
RPS2	-0.2911077105530948
RPS20	0.15889779796120695
RPS21	0.05964924283997508
RPS23	-0.020043823255569748
RPS24	-0.6171947049782851
RPS25	0.016632310978391907
RPS26	-0.30930626744862444
RPS27	0.0035528963414561687
RPS27L	-0.41443189332963737
RPS28	-0.03336462272464491
RPS29	-0.10743602967908883
RPS2P32	-0.38697164524341643
RPS3A	-0.14483395742648586
RPS4X	0.010925869314129422
RPS5	-0.09991075414540074
RPS6	-0.026469585191748024
RPS6KA3	-0.40000126071341935
RPS6KA5	0.9044863095620235
RPS6KA6	0.06931121668207751
RPS6KB2	-0.34622659571633996
RPS6KL1	0.10299715897048056
RPS7	-0.06672444615281403
RPS8	0.018458046950541984
RPS9	-0.08208497366746137
RPSAP9	-0.30180910686842477
RPTOR	-0.08544348196638074
RPUSD1	0.05228433824889933
RRAGA	-0.034237898357689645
RRAGD	0.3330978073604447
RRAS	0.4013431667590943
RRAS2	-0.4935614731711162
RRH	-0.2765050745114821
RRM1	0.06656958031969573
RRN3P1	0.1897335090228136
RRN3P2	-0.06318700859602222
RRN3P3	0.062128279943720166
RRNAD1	-0.16064067282391115
RRP1	-0.3746338923680437
RRP15	-0.22845252854293463
RRP1B	-0.36200069407973867
RRP36	-0.05366504074474765
RRP7A	-0.24586784902309855
RRP7BP	-0.29407207308896854
RRP8	-0.38224506717322804
RRP9	-0.2704146007004393
RRS1	-0.33251239060170157
RSAD1	-0.039469473543458644
RSAD2	1.4450113308055788
RSBN1L	-0.29737909239253923
RSC1A1	-0.38571482818286906
RSF1	-0.15513068289261867
RSL1D1	-0.3472479806383513
RSL24D1	-0.37269752774409426
RSPH3	0.25332842686931833
RSRP1	0.005555650373086252
RTCB	-0.14886909822742922
RTF1	-0.03589537379957708
RTKN	0.183938711842921
RTKN2	0.13965023178232494
RTL1	3.0298549399059658
RTL10	-0.15158127163883606
RTL6	0.10188916590500607
RTL8A	0.17162622224771873
RTL8B	0.06138781894629464
RTL8C	0.41690244244587316
RTN1	0.2024504082773273
RTN4IP1	-0.11042649073097976
RTN4R	-0.09708421733313255
RTN4RL1	1.0426669749143267
RTN4RL2	-0.2644238737420892
RTRAF	-0.02790246212186709
RTTN	0.03082819748451371
RUFY1	0.07997625665071384
RUFY2	0.09187285230359477
RUFY3	-0.17452195962332873
RUNDC1	0.019076165996164463
RUSC2	-0.15918622976592056
RUVBL1	-0.15804689765375013
RUVBL2	-0.017336685126391416
RWDD2A	-0.11144370219609989
RWDD2B	-0.547962730017499
RXRA	-0.22732819149913208
RXYLT1	0.2795325104024302
RYBP	0.1354316138475511
RYR2	-0.43468088658515347
S100A1	0.18239381609824035
S100A10	0.5777219898375678
S100A11	1.194443718835629
S100A14	0.022319075433388846
S100A2	0.6059904577475801
S100A6	0.858130795708858
S100P	0.06368122066462645
S1PR1	0.4142586122874392
S1PR2	0.21093141655634184
S1PR3	-0.2061456366282668
SAAL1	-0.2422246795967853
SAC3D1	-0.1260898323311892
SACM1L	-0.20084971001441954
SAFB2	-0.05226922208714058
SALL2	-0.1168077231201794
SALL4	-0.4091085468127087
SAMD1	0.11027865090595501
SAMD10	0.0929805640246748
SAMD11	-0.05224975723909253
SAMD15	1.0381040898540017
SAMD4B	0.1525184374541677
SAMHD1	0.15748441418822967
SAMM50	0.12347880203121875
SAP18	0.14762955310715764
SAP25	0.5781143240261337
SAP30	0.17149877114063727
SAP30L-AS1	0.018294106030877888
SAPCD2	0.16745144003560153
SARM1	0.5308655902890935
SARS	-0.023406789194446276
SARS2	0.390870394707302
SART1	-0.2801208748806099
SART3	-0.37442790055500197
SASH1	0.08190008680251992
SAT1	0.19116289074679083
SATB2	0.5077213700445573
SAV1	0.25281543251580807
SAXO2	-0.2622017097801792
SAYSD1	0.1809941309077221
SBDS	-0.13214592970975492
SBF1	-0.04242639028357775
SBF2	-0.19163742983719168
SBF2-AS1	0.21444561166802245
SBK1	0.8248286118426362
SBK2	1.512931623781188
SBK3	0.7677984505812447
SBNO2	-0.07547660176423143
SBSPON	0.39209859850330897
SCAF1	-0.04794437675145424
SCAF11	-0.26651132554965606
SCAMP1-AS1	0.18238192846381285
SCAMP2	-0.163026054193681
SCAMP4	0.09474156866560968
SCAND1	0.12644752361345546
SCAND2P	-0.746410321286439
SCAP	-0.035824431634065235
SCARA3	-0.01266405614823185
SCARB1	-0.5435245106992799
SCARB2	0.3164553712085221
SCARNA12	-0.34609632429343407
SCARNA17	0.21784324978135583
SCARNA2	-0.201499897207158
SCARNA27	-0.9180457782657419
SCARNA9	0.01846247778415666
SCART1	0.8329660048593612
SCCPDH	-0.1764286814674776
SCD	-0.46409759860571853
SCFD2	0.05767435177196667
SCGN	-1.7313333305923946
SCLT1	-0.10364181451937471
SCML2	-0.3762637445648096
SCN1B	0.44696330787040095
SCN2B	-0.05048711418773033
SCN9A	-0.14920536882068447
SCNN1A	-1.3664227967287685
SCNN1D	1.0278149316754122
SCO1	-0.2086135720494422
SCOC	-0.13843778465154033
SCP2	-0.35370462327980956
SCPEP1	-0.004347305564517789
SCTR	1.5408335438704985
SCX	0.6093204920869275
SCYL2	-0.4716179100542619
SCYL3	-0.00832636723639979
SDC2	-0.1898469174525923
SDC3	0.7020265386381475
SDC4	0.44358256766095927
SDCCAG8	-0.551579828678137
SDE2	-0.1548717578194374
SDF2	0.16750750079148347
SDF2L1	-0.3017099320567862
SDHAF1	-0.12146571484916446
SDHAF2	-0.2018056330449589
SDHAF3	-0.08742829459392354
SDHAF4	0.0065678994829792
SDHAP1	0.009690268507808852
SDHAP2	0.06299926828587132
SDHAP3	0.10970077526037425
SDHB	0.06363163378098768
SDR39U1	-0.0006589003406203275
SEC13	0.43084760279929135
SEC14L1P1	-0.34518085133627263
SEC16A	0.10854792153841153
SEC16B	-0.4137743028961971
SEC22A	-0.010836845386195115
SEC22B	-0.0020505366897980437
SEC22C	-0.1100070918590772
SEC23A	-0.01995068442397052
SEC23IP	-0.12019278614026696
SEC24A	-0.17836789419054888
SEC24D	-0.49454045391024426
SEC31B	0.3308518316711009
SEC61A1	-0.09839155585530168
SEC61B	-0.013467780471086321
SEC62	-0.16038434570312443
SEC63	-0.22498117346806978
SECTM1	0.8350696352198597
SEH1L	-0.23655287754119492
SEL1L	-0.0720932187289769
SEL1L3	0.16244688016135855
SELENOH	-0.4863323133140822
SELENOI	-0.5783624669548386
SELENOK	0.1293203144921513
SELENOM	0.08050562982694043
SELENOO	0.010971976279600781
SELENOS	-0.1747005357594551
SELENOT	-0.024688861456517053
SELENOW	0.12795497558412894
SEM1	0.09121416622078016
SEMA3A	-0.5119681460300534
SEMA3B-AS1	0.2768554832139163
SEMA3C	-0.526618723774293
SEMA3D	-1.3709940500305375
SEMA3F	0.2926687142744324
SEMA3G	1.7579219051249027
SEMA4C	0.11418110943067461
SEMA4D	-0.11008645031549413
SEMA4G	-0.29834304494518094
SEMA5A	-1.2173078101057788
SEMA6A-AS1	0.7932328247061964
SEMA6B	0.034855500123644134
SENP2	0.07460882202306962
SENP3	0.04693176201339
SENP6	-0.33265899293630774
SEPHS2	0.20342548357722734
SEPSECS	-0.04277306403677095
SEPSECS-AS1	0.09425402206554878
SEPT5-GP1BB	0.956300254516159
SEPT7P2	0.08909222171698339
SERAC1	0.13184408193360575
SERF2	-0.17756515035266984
SERINC1	0.22951709108993867
SERINC2	0.36974463030365845
SERINC3	0.016392411823973774
SERINC5	-0.15058907505951602
SERP1	-0.15572574127492445
SERPINA3	1.0272968073355822
SERPINA5	0.3075194128574239
SERPINA6	0.2166411270253885
SERPINA7	0.40493632540861
SERPINB1	0.3577938500712028
SERPINB6	0.22536035803841603
SERPINB9	0.24187509516460093
SERPINB9P1	0.25646956904605567
SERPIND1	-0.45000774484588835
SERPINE1	0.5415547448978835
SERPINF1	0.3145883061930128
SERTAD1	0.09871054772172627
SERTAD2	0.3794994669689773
SERTAD3	0.17576447609425472
SESN1	-0.10124770201138356
SESN2	0.09189913925609172
SESN3	-1.259639641696681
SESTD1	0.23383016227326792
SET	-0.24562450005794867
SETBP1	-0.008079158463690561
SETD1A	-0.07437701295132548
SETD1B	-0.15440355469488765
SETD2	-0.09476321139054456
SETD3	-0.04535423404313477
SETD5	0.10663910102801166
SETD7	-0.06291426034164527
SETD9	0.22567528007161108
SETDB2	0.3973990475577618
SETMAR	0.516424731616302
SETSIP	-0.23145994677673176
SETX	-0.0962439135409161
SF1	-0.13108208659978926
SF3A1	-0.042615498087291925
SF3A2	0.09740765160333087
SF3A3	-0.0718122337554794
SF3B1	0.24514622255730867
SF3B2	-0.34390819444370635
SF3B3	-0.1771879559759384
SF3B4	-0.12997917153041882
SF3B5	0.010969904584519519
SF3B6	-0.10636758381692957
SFMBT1	0.060057760185618925
SFN	0.3960866621804353
SFPQ	0.05992474368049727
SFRP4	2.1298397723995146
SFRP5	0.9242952972924177
SFT2D2	-0.19569786537081768
SFT2D3	-0.04568769052994437
SFXN1	-0.16541818856709867
SFXN2	-0.3222980146596264
SFXN3	0.5770025100718934
SFXN5	-0.20979455639764666
SGCB	0.8392754047458064
SGF29	0.1826528897832036
SGK2	-0.5106937778778251
SGK3	0.5457711583781863
SGK494	-0.4739894480794735
SGMS1	-0.06647051728386977
SGMS1-AS1	0.43308575374462865
SGMS2	-0.008848251063136914
SGPL1	0.4568692784626398
SGPP1	0.19873990499782135
SGSH	-0.0678731944368316
SGSM3	0.6113874600715463
SGTA	-0.10345095911904956
SGTB	0.027374188820926015
SH2B1	0.6266370669897423
SH2B2	0.4402711830727126
SH2B3	-0.5237412221753561
SH2D3A	0.32644973732309523
SH2D5	-0.34748148485709107
SH2D6	0.4925567418860477
SH3BGRL	0.422501368055606
SH3BGRL2	-0.12467485140619505
SH3BGRL3	0.023882307340180375
SH3BP1	-0.14903022832984192
SH3BP4	0.4365310754178262
SH3BP5	0.539423179116326
SH3BP5-AS1	0.20735037007331059
SH3BP5L	-0.2545066109000915
SH3GL1P1	0.4546799625629414
SH3KBP1	0.0384160123016386
SH3PXD2A	-0.5484556547784187
SH3PXD2B	0.8369545057108612
SH3RF1	0.16563719356982354
SH3RF2	0.09863142859828411
SH3RF3	-1.6808552236484977
SH3RF3-AS1	-1.4441280206391833
SH3TC1	-0.40382374618639716
SHANK2	-0.7309531920176173
SHANK3	0.1389911026914623
SHB	-0.38251663020561466
SHC2	0.3794896634817748
SHC3	-0.47780451410322167
SHCBP1	0.016768135081372648
SHF	0.2813596904907101
SHH	-0.047604874492294336
SHISA8	1.100034342430347
SHKBP1	0.13111424225590707
SHLD2	-0.051854005934451664
SHLD2P1	0.2541686063770392
SHLD2P3	-0.6779922372529512
SHPK	-0.1009411087480423
SHQ1	-0.10347312264969677
SHROOM1	-0.18542671073128636
SHROOM2	-0.22608028453057116
SHROOM3	0.25801606126546606
SIAH1	-0.01794249173145257
SIAH2	0.2277840159621789
SIDT2	0.3278247243679502
SIGIRR	0.6770385359442201
SIK1	0.4163268519067005
SIK2	0.028794882637215302
SIM1	-1.4423094871211957
SIM2	0.20897043951176375
SIN3B	0.28828646421987925
SIPA1	-0.5251763499354887
SIPA1L2	0.28506903338630707
SIPA1L3	-0.08821612650899091
SIRT1	0.0954790834072008
SIRT2	0.3060613775291947
SIRT4	-0.02880067466887626
SIRT5	-0.06028880985837848
SIRT7	0.18904353352919934
SIVA1	0.5086860149431538
SIX1	0.03262486695325961
SIX2	0.5644641200966172
SIX4	0.15111289320772148
SIX5	0.011065363701861841
SKAP2	0.2398700393173514
SKI	0.03446818896053472
SKIDA1	0.3754042671139177
SKIV2L	0.9708472700752444
SLAIN1	-0.2806917423696489
SLAIN2	0.07706528677594804
SLC10A4	0.6575070714299862
SLC10A5	0.022630947004687485
SLC11A2	0.3491503592844376
SLC12A7	0.2083814092791476
SLC12A9	-0.07379729794298928
SLC15A1	0.3814118178048549
SLC15A4	0.0054081760278110735
SLC16A10	-0.42223596242024986
SLC16A11	0.3315258842349613
SLC16A12	-0.007602801804971193
SLC16A13	-0.0543413992918369
SLC16A2	0.18170028238050584
SLC16A3	0.5722561510642885
SLC16A8	-0.3642179504910401
SLC16A9	0.18706796141028104
SLC17A1	-0.5100702909214836
SLC17A5	-0.38702386374404885
SLC17A9	-0.9345097098522648
SLC18A2	0.007347918226773054
SLC18B1	-0.08930325226312519
SLC19A2	-0.3864804691842467
SLC19A3	-0.35764995313408754
SLC1A1	0.5622614750888251
SLC1A4	0.09101340035612271
SLC1A5	0.19298481482123542
SLC20A1	0.2471734530345806
SLC20A2	0.3224565839093847
SLC22A15	-0.6626852919549471
SLC22A3	0.13793147731661293
SLC22A31	-0.23407018065138585
SLC22A9	-0.6142061194519188
SLC24A1	-0.24753769583690044
SLC25A15	-0.5246881351399431
SLC25A16	0.1463841647750863
SLC25A20	0.003124261252621885
SLC25A21	-0.5175704327672648
SLC25A23	-0.22376490940224425
SLC25A25	-0.31164575323988997
SLC25A25-AS1	0.08341767167494041
SLC25A28	0.22079548391017223
SLC25A29	0.08423673929227604
SLC25A3	-0.01826493068398305
SLC25A33	-0.30144986739559343
SLC25A34	0.29629983893037526
SLC25A35	0.3733660405545094
SLC25A37	-0.019763891267930767
SLC25A38	-0.18780497439819666
SLC25A4	-0.013601670998768967
SLC25A40	-0.06449506993164444
SLC25A41	0.19543521440930522
SLC25A42	-0.1659615207503542
SLC25A43	0.4645261303527217
SLC25A44	-0.17144369037767238
SLC25A5	3.5769295544163526e-05
SLC25A5-AS1	0.14393194350175165
SLC25A51	-0.049681843998714115
SLC25A53	0.4955564215567452
SLC25A6	-0.05652020330595153
SLC26A1	0.1908488580909955
SLC26A10	0.48908962623456675
SLC26A2	0.4661119116737895
SLC26A6	0.3987477583698906
SLC27A1	0.6256302581103084
SLC27A4	0.21861919439352295
SLC27A5	0.21027297268631306
SLC28A2	0.9264212618888237
SLC2A1	0.04645295194720944
SLC2A12	0.8301295650413043
SLC2A13	-0.2562518119270196
SLC2A3	-0.38084134719064755
SLC2A4	0.10469232390169037
SLC2A4RG	0.052396603498634065
SLC30A1	0.008241368470229382
SLC30A3	1.545285744863365
SLC30A4	2.1868484324805326
SLC30A5	-0.09069265655354464
SLC30A7	-0.5133562771774787
SLC30A9	-0.015480474480289885
SLC31A1	-0.27716110436708696
SLC31A2	0.2629422603523266
SLC33A1	-0.16737349009147628
SLC35A4	0.0515032919857914
SLC35A5	-0.024443807839240606
SLC35B4	-0.08060782923590537
SLC35C1	-0.06380478949677659
SLC35C2	0.5956890066181852
SLC35D1	-0.38243244824668743
SLC35D2	0.07334099938738214
SLC35E1	-0.01913779812109695
SLC35E2A	-0.14873984414819752
SLC35E2B	-0.021663367792575272
SLC35E3	-0.09736589109572602
SLC35E4	0.6271822787920995
SLC35F1	1.9729255864934707
SLC35F2	-0.23360015527598055
SLC35F5	0.26735231555215844
SLC35F6	0.01762799026821682
SLC36A1	0.12759027497131115
SLC37A1	0.12173117557392743
SLC37A4	0.259226973981848
SLC38A1	-0.15069305709679304
SLC38A10	0.19037833926536507
SLC38A2	-0.40700251127928766
SLC38A3	0.26900487773258597
SLC38A5	1.2918033369946977
SLC38A7	0.25872740018887663
SLC39A1	0.038696336020563216
SLC39A14	0.2018563886866045
SLC39A3	-0.0664025938109516
SLC39A6	0.10605444845047618
SLC39A8	-0.12592089725358946
SLC3A2	0.1004342229151085
SLC40A1	-0.38355068896779443
SLC41A1	0.08031997055454276
SLC41A2	-0.11142928272220232
SLC43A1	-0.5050251814923228
SLC44A1	-0.019133429274655
SLC44A3-AS1	0.3391611054079524
SLC45A3	-0.032985191035497685
SLC45A4	-0.2208804726565745
SLC46A1	0.4074101402925545
SLC47A1	-0.32344871640911954
SLC48A1	-0.13847380539719278
SLC4A11	-0.20633011796454737
SLC4A1AP	-0.1283260595375726
SLC4A2	-0.2540106764302741
SLC4A5	0.0433342288264118
SLC4A7	-0.24845291969539618
SLC51A	0.5203121422269219
SLC51B	-0.7306259072117292
SLC52A2	0.1945226832725706
SLC5A12	0.16944843049314207
SLC5A3	-0.40082622964152126
SLC5A6	-0.2868448942848931
SLC6A11	0.02295947427962819
SLC6A14	-1.6176511514483343
SLC6A15	-0.15854489502044533
SLC6A16	0.4771888376523572
SLC6A19	-0.3786338389682067
SLC6A6	-0.1594114590464315
SLC7A1	-0.0620480883710357
SLC7A10	0.488010263957781
SLC7A11	-0.08760382533353628
SLC7A2	-0.8209603177168028
SLC7A5	-0.03382186368703266
SLC7A5P1	-0.4873945603230805
SLC7A5P2	-0.2605419277355936
SLC7A6OS	-0.11394470206351404
SLC8B1	0.5412001310775478
SLC9A1	0.44301065093509173
SLC9A3-AS1	0.5897020417570351
SLC9A3R1	-0.023595714559840886
SLC9A5	0.2874901710389812
SLC9A7P1	-0.32248873277278856
SLCO1B1	0.7722065993591869
SLCO1B3	-0.9065363959576898
SLCO2A1	0.834290486445977
SLCO4C1	-0.2971039608683217
SLF1	-0.007495048086866518
SLF2	-0.04528225312597911
SLFN5	0.19825897601446663
SLFNL1-AS1	0.08973169791712765
SLITRK5	0.176570147067463
SLMAP	0.3234691846690243
SLU7	0.07553958937665328
SLX4	-0.05895689094272427
SLX4IP	-0.12997763950806807
SMA4	-0.0251518691797874
SMAD3	0.4179806546215765
SMAD4	0.06655012128572135
SMAD5-AS1	0.30334257154526556
SMAP2	0.07184640605284986
SMARCA1	-0.1793571133273555
SMARCA4	0.4111655441808386
SMARCA5	-0.12843195097668492
SMARCC1	0.06628743552285155
SMARCC2	-0.2267136572940962
SMARCD2	-0.06910564218237258
SMARCE1	0.20951541063450918
SMC3	-0.05608626654871074
SMC4	-0.08647103746105289
SMC5	0.03526950117049843
SMC5-AS1	-0.009373326341412191
SMCHD1	-0.0903340348633872
SMCO2	-0.13169443080598953
SMCO4	-0.3106430168598342
SMCR8	0.056186412286615806
SMG1	-0.19409698654776975
SMG1P1	-0.0930933725758516
SMG1P2	-0.2782208458019526
SMG1P3	-0.0014914624632362816
SMG1P7	-0.020013229788926612
SMG5	-0.01754650351664111
SMG6	0.26520711584747225
SMG7-AS1	-0.22430932362654854
SMG8	0.020003944460912138
SMG9	0.02876623519165733
SMIM10	-0.010224034765641932
SMIM10L1	0.006345267277891864
SMIM12	0.7534140622469852
SMIM13	0.13961545159298527
SMIM15	-0.03922411164941142
SMIM17	0.2815585678757304
SMIM19	0.22186500696009936
SMIM20	-0.16556350780492668
SMIM26	0.13343257105043538
SMIM3	0.27506323469932337
SMIM32	0.2753836288839393
SMIM4	0.12193633735240006
SMIM5	-0.4693087231362134
SMIM6	0.23398018967268452
SMIM7	0.012226740261017
SMKR1	0.8475096834824809
SMLR1	-0.41965098669036216
SMNDC1	-0.07570510719927537
SMO	-0.14552154587779942
SMPD2	0.11150500748247438
SMPD3	-0.21221253708880639
SMPDL3B	0.5282508632237595
SMU1	-0.022843725102063672
SMURF2	0.2754090295112892
SMURF2P1-LRRC37BP1	0.4393547149164192
SMYD2	0.4191984697743907
SMYD4	0.02768001292315425
SMYD5	-0.1571463431499449
SNAI1	0.006229147276835878
SNAI2	0.13488840760002363
SNAI3	0.3197345075834588
SNAI3-AS1	-0.15030799972468545
SNAP25	0.4255129187503126
SNAP25-AS1	0.44696856942099616
SNAP29	0.0003279051615727724
SNAP47	-0.36907295839357346
SNAPC1	0.3258670047287602
SNAPC3	-0.21758319082881794
SNAPC4	-0.06382216059960388
SNAPC5	-0.30881155671746185
SNCG	0.6206384677437877
SND1	-0.23813697878527051
SNED1	-0.1258583534314761
SNHG1	-0.4801281377890181
SNHG11	0.2247483699608841
SNHG12	-0.048768495723860106
SNHG15	-0.15439636320824235
SNHG19	-0.2970146251836354
SNHG20	-0.16667005503803267
SNHG3	-0.23199540757026593
SNHG4	-0.5709939249761122
SNHG5	-0.007016339119442883
SNHG6	0.07016148426412006
SNHG9	0.2874521914873993
SNIP1	0.23519465881750445
SNN	0.5058163125616231
SNORA104	0.11583160691790706
SNORA16A	-0.032233677287214046
SNORA18	-0.595737816746738
SNORA25	-0.34306239730657273
SNORA26	-0.49545156491129516
SNORA32	-0.1586695020273492
SNORA33	0.07801191862836498
SNORA3A	-0.4867466294413383
SNORA40	-0.32530108859531115
SNORA48	0.3218874162085563
SNORA51	-0.3168070735390751
SNORA52	0.2592272048919124
SNORA55	-0.09546188815759926
SNORA5B	0.030207384454286945
SNORA5C	0.2170791719432259
SNORA61	-0.15758481064843277
SNORA62	-0.5421751164089321
SNORA68	0.17112294840290954
SNORA70	0.12583340894020356
SNORA71A	-0.21636257859860386
SNORA71B	0.12616676107020153
SNORA71C	-0.5518252221440978
SNORA73A	-0.29702468937165705
SNORA73B	-0.6814553987339984
SNORA8	-0.4010457150717901
SNORA9	0.06832810085741858
SNORA92	0.026414639321970412
SNORC	0.05490912963317607
SNORD10	-0.12467496033074266
SNORD101	-0.14093630375183386
SNORD102	-0.8553886775667638
SNORD110	0.04803974277821066
SNORD116-13	-0.09890284885325551
SNORD116-14	0.43219524026692024
SNORD116-2	-0.375454518187631
SNORD116-20	0.39550866936432794
SNORD116-21	0.4395569465390019
SNORD116-22	0.03852856679287475
SNORD116-23	0.12220111242826226
SNORD116-24	0.5212164059639166
SNORD116-28	0.8557299003473999
SNORD116-4	0.13299794297095602
SNORD133	-0.310533668425208
SNORD134	-0.8094521859273265
SNORD14A	-0.6617945918273915
SNORD14B	-0.2986832837993929
SNORD17	-0.30425318339693774
SNORD1C	-0.32340043647025984
SNORD23	-0.039983282451034885
SNORD25	-0.28264824621317386
SNORD28	-0.30707140739931704
SNORD31	-0.3917467657508409
SNORD35B	0.14001155919293318
SNORD38B	-0.03134374328531919
SNORD3A	-0.0915147830229679
SNORD3D	-0.14863727196130982
SNORD43	-0.3850577252647924
SNORD45A	0.23194797788119592
SNORD45B	-0.052072173969883284
SNORD45C	0.08580969690122942
SNORD4A	0.0914489690717466
SNORD5	-0.8687642215714533
SNORD55	0.30653731709131904
SNORD58C	0.7369300681283184
SNORD74	-0.4610259121648106
SNORD80	-0.5771057066240064
SNORD83A	-0.737323447360287
SNORD89	0.13976222319524645
SNORD94	0.09814342971724788
SNORD95	0.35770297331350775
SNORD96A	-0.059268194003930574
SNRNP200	0.030421235759359178
SNRNP25	-0.055301527190039224
SNRNP40	-0.20512354176529168
SNRNP48	0.19473221842017718
SNRPA	-0.01614910149973703
SNRPA1	-0.31723437997644677
SNRPF	-0.33824381943212956
SNTA1	0.5632925552447352
SNTB1	-0.5512059789808887
SNTB2	-0.042189390469705934
SNW1	0.012921804755832156
SNX13	0.13461106138399437
SNX18	0.8401986450829797
SNX19	-0.07934923799451354
SNX24	0.08563498054736485
SNX27	0.007953891482581632
SNX29	0.22835128627480028
SNX30	0.5314191481083403
SNX33	-0.10703182899612784
SNX8	0.3287045777087947
SNX9	0.16796301049298368
SOAT2	0.5887464077749276
SOBP	-0.4364432656218149
SOCS1	0.21992252949410052
SOCS3	0.754850376337985
SOCS6	0.19986565442978854
SOCS7	0.19804645556215839
SOD1	-0.0029412653828169155
SOD2	0.033188336898860804
SOD2-OT1	-0.020779674612370513
SOD3	0.21044235700686675
SOGA1	0.46246846690197607
SOGA3	0.17161004309607364
SON	-0.21667533057505306
SORBS3	0.2447108782292342
SORL1	0.30242034397609086
SORT1	0.11064753625287604
SOS1	-0.020449192682454154
SOS2	0.21953428500129135
SOSTDC1	-0.810443075387433
SOWAHA	0.2797738092594795
SOWAHB	0.6223969742925792
SOWAHC	-0.06375359875876363
SOX12	-0.10719484165881887
SOX13	-0.6676553766990452
SOX15	0.18107156828301374
SOX18	-0.19047300942717982
SOX2	-1.6286024657758453
SOX4	0.5199849717339342
SOX6	-0.8757372342205834
SOX7	-0.05805843821278822
SOX9	-0.16224122765506976
SOX9-AS1	-0.3118851033216039
SP100	1.1797607818070879
SP2	0.18302395406353344
SP2-AS1	-0.2188451331596326
SP3	-0.08574651880552508
SP4	0.018403507100417826
SP5	0.059355022169151006
SPA17	0.1707718815005812
SPACA6	-0.0896112324908267
SPACA6P-AS	0.0016897068872001597
SPAG16	0.3900830622789204
SPAG5	0.12463965071048655
SPAG7	0.09546698763479355
SPAG9	0.11164556887192267
SPATA1	0.23808075108415805
SPATA17	-0.17942399129501885
SPATA24	0.6249638032426348
SPATA25	0.43037505859576974
SPATA2L	0.21593139194926536
SPATA33	0.6760583657899502
SPATA5	0.11267619411667873
SPATA6L	-0.21205497838493992
SPATS2L	0.006293989060922378
SPC24	0.1868038577810478
SPC25	-0.07505754424556788
SPCS1	-0.0804667853087837
SPCS2	-0.007977932155860401
SPCS3	-0.20113877988395945
SPDL1	-0.08251452262193126
SPDYE1	-0.2339039664632585
SPDYE3	-0.09670696649625299
SPDYE5	-0.35448510645826925
SPDYE6	-0.10023835422638205
SPEF1	0.992363632938793
SPEF2	0.48931459926244614
SPEN	-0.17240281057310636
SPG11	-0.22408605306577023
SPG7	0.11507578069392999
SPHK1	-0.08483937723212787
SPHK2	0.19528027851517393
SPICE1	0.2649263957058752
SPIN1	0.29917481443242977
SPIN3	-0.047650811904900614
SPIN4	-0.0724335847113684
SPINDOC	-0.2618705320880039
SPINK1	-0.20786343027769583
SPIRE2	0.2634926339360355
SPNS2	0.9820264240009604
SPON1	-0.1298260237186888
SPON2	0.9627253137278378
SPOPL	0.13414428454940008
SPOUT1	-0.08514459847645739
SPPL2A	-0.20380911971146354
SPPL3	-0.07265348268587424
SPR	-0.0008180048660300088
SPRED1	-0.21879564897311
SPRED2	-0.3473627747568875
SPRN	0.06655305351806362
SPRY1	-0.5590440881113246
SPRY2	-0.11805749767427631
SPRY4-AS1	-0.0148600005507733
SPRY4-IT1	0.5130955352286342
SPRYD3	0.023312336579129678
SPRYD4	-0.1418935415444773
SPSB1	0.5988305040421142
SPSB3	0.366179806345059
SPSB4	0.06549389544567319
SPTB	-0.23728205805357838
SPTBN1	0.0020116883884533365
SPTBN2	-0.0045886776652990235
SPTBN5	0.9096759067547291
SPTLC2	0.2369662552652132
SPTLC3	-1.4736284423770551
SPTSSA	-0.0789528750679569
SPTSSB	-0.39951857485238396
SPTY2D1	-0.21148478551994998
SPX	-0.3822070581236785
SQLE	-0.2863433457665918
SQSTM1	0.4667206746405599
SRARP	-1.8309948755541212
SRBD1	-0.0951921121857886
SRCAP	-0.09959891534407905
SRCIN1	0.4932347087361326
SRD5A1	0.09061386657274095
SRD5A3	0.08750234366849519
SREBF2	-0.49176990707916035
SREK1	0.13770019718948756
SREK1IP1	-0.14396348192893083
SRF	0.21217916053581476
SRFBP1	-0.16747348915644622
SRGAP1	0.22001974383161738
SRGAP2	-0.06827013758465128
SRGAP2B	-0.09001603797521973
SRGAP2C	0.29461568848278574
SRGAP2D	-0.07628800007159864
SRM	-0.3902563011677067
SRP19	-0.21263465254210345
SRP72	-0.04961381774305673
SRP9	-0.2882483772874389
SRPRB	-0.30879578974851185
SRPX2	0.05876720383608314
SRRD	-0.1540928575256144
SRRM2	-0.08298837142402782
SRRM5	0.18906355249000173
SRSF10	0.02248884623316627
SRSF12	-0.0024901500220213535
SRSF2	0.11653960104082728
SRSF3	0.3669242146208642
SRSF4	-0.0054030707543866185
SRSF6	0.14130132702717013
SRSF8	0.3830756359340288
SRSF9	-0.3573867880141659
SRXN1	-0.054642412775953275
SS18L2	0.014959100311628504
SSBP3-AS1	0.11067275126687459
SSC4D	0.2534988585403628
SSH1	-0.3314644171079122
SSH3	-0.14810961248081522
SSNA1	0.12192295320605329
SSPO	0.004469517067977602
SSR2	-0.1194867076380639
SSR4	-0.1376469475897184
SSR4P1	0.15196945753422542
SSRP1	-0.44166609785097943
SSSCA1-AS1	-0.19805799398252066
SSTR1	0.2828725793066571
SSTR2	-0.23203373954792283
SSTR5-AS1	1.5588197834702182
SSU72	-0.06380443920335566
ST13P4	-0.2382586415437551
ST14	0.28090103830388014
ST20	-0.34878680059551925
ST20-AS1	-0.31073935349972137
ST3GAL2	0.19172342463263803
ST3GAL6-AS1	0.018683684842016213
ST6GALNAC2	1.808577080160477
ST6GALNAC3	-0.2643168033143133
ST7	0.46291946209468904
ST7-AS1	0.8508301352442476
ST8SIA4	0.6963978039170229
STAB2	-0.9132050610888292
STAG1	0.04896644045746523
STAG3L1	-0.42396579930501677
STAG3L2	-0.20853954756100368
STAG3L3	-0.22884191025593026
STAG3L5P-PVRIG2P-PILRB	-0.14080405643913796
STAM2	0.19624881628042168
STAMBP	0.35411865584626057
STAP2	-0.019241832997412
STARD10	-0.19905768831947857
STARD13	-0.11763531507689073
STARD3NL	0.3805373348339991
STARD4-AS1	0.11006243472894894
STARD5	-0.18686802958283621
STARD7	-0.03184317146971072
STARD7-AS1	0.32939121228859713
STARD9	1.1934693599142454
STAT1	-0.11297870891698647
STAT5B	0.10138912038867698
STAU2	-0.05744932098407762
STBD1	0.5348549361199018
STC2	-0.11596178144855696
STEAP1	-0.03799018114923758
STIM2	0.11718475416586616
STIMATE	0.12805414032407558
STIP1	0.11230516887840958
STK10	0.294995769880118
STK11	0.0187195801211697
STK11IP	0.2742813222940397
STK17A	0.10995813842959201
STK17B	0.834728594999401
STK3	-0.25568603927881917
STK32C	1.084947783076637
STK35	-0.037535165778198376
STK38L	-0.0785420987058032
STK39	0.3899198631869023
STK4	-0.024789817174934115
STMND1	1.2817740082622255
STMP1	0.061564956733285214
STN1	0.04161564945082574
STON2	-0.03525557348964359
STRAP	-0.3162066625741611
STRIP2	0.3785849962353156
STRN	-0.0033036176025555974
STS	0.010305690544271329
STT3B	-0.3297880536369382
STX11	0.5796443371650182
STX12	0.02897772983537905
STX17	0.06454089787648876
STX18	0.13179403082405194
STX18-AS1	-0.031202263937862185
STX1B	0.23997998779295093
STX3	-0.20228354970774198
STX6	-0.10063143364027072
STX7	0.1896504775255572
STX8	-0.08510397499181854
STXBP3	0.19843404824110333
STXBP4	-0.28341719691660394
STXBP6	0.4318222988366065
STYK1	1.0266764926037557
STYX	-0.12159096074021214
SUB1	0.19078582669278887
SUCLA2	-0.08343120009581284
SUCLG1	0.03866280348115225
SUCLG2	-0.323447006788502
SUCLG2-AS1	0.044481418412664286
SUCNR1	1.8550415249459042
SUDS3	-0.1284878975778181
SUFU	0.3049350428845399
SUGP1	0.11089003921557161
SUGP2	0.042362301967517446
SUGT1P1	0.4260377768954515
SUGT1P4-STRA6LP	0.1655609675382279
SULT1A2	0.7510818737125247
SULT1C2	-0.46179770917452423
SULT1C4	0.7431682782631981
SULT1E1	1.065634029186565
SULT2A1	-0.059352901018803195
SUN1	0.2901205211046691
SUPT16H	-0.10268289527349861
SUPT20H	0.08316402028962866
SUPT6H	-0.11212008639611248
SUPT7L	0.059388551740859
SUSD2	0.6674256501437865
SUSD4	0.4326053973075865
SUSD5	1.0320363256009668
SUSD6	0.2996013646423261
SUZ12	-0.02491591224255174
SUZ12P1	0.009791214300807205
SV2A	0.255992388067936
SVBP	0.5272827426275262
SVIL	0.4188897494794168
SVIP	-0.39125612353413874
SWI5	0.15306290610147943
SWSAP1	0.08437204057476144
SYCE1L	1.0815659668895397
SYCE2	0.5801843441650001
SYCP2	-1.0165128760051911
SYCP2L	0.46394668278647533
SYDE2	-0.3952641075976402
SYMPK	0.006603942589669565
SYNE3	-0.10441209387090833
SYNGAP1	0.43245871587772156
SYNGR1	0.5901027289804142
SYNGR2	-0.10963487415657358
SYNGR3	0.39304195478897164
SYNJ2	0.049324988290138094
SYNJ2BP	-0.06451942703271385
SYNM	-0.41737251546303966
SYNPO	0.46626700438719304
SYNPO2	-1.1840187429737807
SYP	0.17099919905687644
SYPL2	-0.6821458583264839
SYS1	0.11631034293887277
SYT10	2.5118262970840566
SYT11	0.26836885563295976
SYT16	1.0175171378022194
SZT2	0.1989913338488556
TAB1	-0.19831277537860004
TAB2	0.12662901045042885
TAB3	-0.17617566008095586
TACC2	0.1818032663138136
TACC3	0.13761658372725094
TACO1	0.01112522912878866
TACSTD2	1.2300143337073706
TADA1	-0.09498767341891323
TADA2B	-0.06402800911326878
TADA3	0.45425483088690966
TAF10	-0.3199798665686373
TAF11	0.010748963603646189
TAF13	-0.13891248397141887
TAF1B	-0.22618858812833054
TAF1C	0.21552188579751252
TAF1D	-0.2407228054279047
TAF2	-0.0083229302647716
TAF3	-0.01966832177221356
TAF4	-0.27079182396966317
TAF5	-0.15545186405297073
TAF5L	-0.3799557703126153
TAF6	-0.12613201575519017
TAF6L	-0.18128293355161418
TAF7	0.060537654181612055
TAF8	0.10529274731812155
TAF9B	0.10872267788342338
TAGLN2	0.5177291966040984
TAL2	0.634515084577751
TALDO1	0.015707578328699512
TANC2	0.9080790119756834
TANGO6	-0.05892677805934099
TANK	0.6954574902678257
TAOK1	0.1800609760288152
TAOK2	0.055938307315472
TAOK3	-0.2243756906629466
TAPBPL	-0.0641139643404327
TAPT1	0.07356375500891765
TARBP1	-0.36966029582142923
TARBP2	-0.11928754859361046
TARDBP	-0.09533724772542396
TARSL2	-0.3539019009246829
TAS1R3	-0.2198117286261012
TAS2R5	-0.08478052778072165
TASP1	-0.026231562826166233
TAT	0.65553366124275
TATDN2	0.09156031975600953
TBC1D10B	0.07940653944498344
TBC1D12	0.07977135505340449
TBC1D13	0.52622008703608
TBC1D16	0.2563092970988272
TBC1D20	0.23776066523161798
TBC1D25	0.028956747028720642
TBC1D30	-0.676367891642335
TBC1D8	0.3417920695291121
TBC1D8B	-0.22130484125329364
TBC1D9	0.35252007970951826
TBC1D9B	0.2526663452030862
TBCA	0.554900893137007
TBCB	0.11818805280068645
TBCC	0.18488508133616222
TBCD	0.3262905952697652
TBK1	-0.2718974463915611
TBKBP1	-0.050140561727921806
TBL1XR1	-0.02729517591776176
TBL2	-0.16911231434063279
TBL3	-0.07592286167080253
TBPL1	-0.022242575312534818
TBRG1	0.6803368644049756
TBX15	0.2515055816256906
TBX19	0.1722722794347895
TBX2	-0.39726955138849984
TBX2-AS1	-0.3529492656078945
TBX4	0.02905608480739552
TBX6	-0.013659536914358839
TCEA2	0.1459037446641469
TCEA3	0.6688909239169236
TCEANC2	0.1032155007164075
TCF25	0.04046867146199329
TCF3	0.10974515922413897
TCF7	0.00926833220219514
TCF7L1	0.3383647461749879
TCFL5	0.09044863187311503
TCIM	1.1057847876743097
TCIRG1	0.09668456795171831
TCOF1	-0.27178309455410954
TCP1	0.5460862509042781
TCP11L2	0.8259898107179233
TCTA	-0.2166195702884588
TCTEX1D2	0.36995585864468605
TCTEX1D4	0.8372943833539934
TDG	-0.17555202900327593
TDP2	0.11982115421185657
TDRP	0.11437659121777166
TEAD1	-0.16637491603047128
TEAD2	0.11856123011664943
TEAD3	0.05924346391231694
TEAD4	-0.5858683978778894
TEC	0.46907534876205537
TECPR1	-0.09022271174413632
TECPR2	0.27819848640820233
TECTA	0.18894550272468225
TEDC1	0.38567506575248345
TEDC2	-0.021873422938670117
TEFM	0.08062582841084698
TEKT4P2	-0.03659161814451428
TELO2	0.06799891919290602
TENM4	-0.19671082716365884
TENT5A	-0.03726546585816859
TENT5B	0.47858004322750247
TENT5C	-0.9632697881328225
TEP1	-0.07771371276083183
TEPSIN	0.293844626648486
TERC	-0.1611192178790315
TERF2	-0.0904537117706452
TERF2IP	-0.13580459067662876
TES	0.2723503410543886
TESC-AS1	-0.21520213703072244
TESK1	0.29635867150769535
TESK2	0.20850019506074657
TESMIN	-0.37742550099212213
TET1	-0.038744715892542914
TET2	0.08380708480533006
TET3	0.006484267316621661
TEX22	-0.28843224475253937
TEX261	0.12072018799518514
TF	-0.36579469970754097
TFAP2A	1.2994825317285845
TFAP2A-AS1	1.327142760173666
TFAP2E	-0.16580912926880265
TFAP4	-0.44189707051201044
TFB1M	-0.2953041846035349
TFB2M	-0.4465721063763963
TFCP2L1	0.5534301761481157
TFDP1	-0.27211187337495346
TFF3	-0.021805883863020625
TFPI	0.23910533362312325
TFPT	-0.3404812852354262
TFR2	0.3636103198614893
TGFB1	0.05503933285775808
TGFB3	0.30784864697390235
TGFBI	0.3041985407014698
TGFBR3L	0.38901635149668046
TGIF1	0.7100879967728853
TGM1	0.0530988303298372
TGM2	0.5584704879596316
THAP10	0.05279679844028262
THAP11	0.04304681239906927
THAP2	-0.4781401192659862
THAP4	-0.10654207613901079
THAP6	-0.20705090324534092
THAP8	-0.06802602691745019
THBS1	0.5578274569660042
THBS2	0.1321926115908849
THBS4	-1.3259500511410782
THEM4	-0.1623711078716772
THEM5	-0.05581802693200899
THEM6	-0.05715880112521177
THNSL1	-0.6564557468870715
THOC1	0.1277938311141522
THOC2	-0.07782167232018189
THOC3	-0.03771080471667876
THOP1	0.00043559510166879534
THRA	0.5100956086036805
THRAP3	-0.009897130616159266
THRIL	-0.21437442655955685
THSD4	0.37699578867880446
THSD7A	-0.10419063677238505
THSD7B	1.7787036076364382
THUMPD1	0.01650948600421165
THUMPD3	0.05726767737462346
THUMPD3-AS1	0.47435538404366984
TIAF1	0.2523394756366688
TIAM2	0.3938382421822384
TICAM1	0.037825804546394615
TIFA	-0.10201055210503629
TIGAR	-0.03311563918518701
TIGD1	0.07829236605056789
TIGD2	-0.22958301546068327
TIGD3	-0.16800034207029713
TIGD5	0.12212851777444866
TIGD7	0.14997282897179787
TIMELESS	-0.12248742705078541
TIMM10	-0.3953692360970411
TIMM10B	-0.20477103698451415
TIMM13	-0.16387574763175028
TIMM17A	-0.21886519874327703
TIMM21	-0.1789437327807999
TIMM22	0.29218443154082463
TIMM29	0.05578126338142031
TIMM44	-0.0349378177124251
TIMM50	-0.08756626619752605
TIMM8A	-0.24876434532771707
TIMM8B	0.08333493079011411
TIMMDC1	0.027311229763474998
TIMP1	0.6705615780284084
TIMP2	0.759797129730444
TIMP3	-1.5968155752938564
TIMP4	0.9066135270840201
TINCR	0.25485356118077984
TIPRL	-0.11687311265604006
TIRAP	-0.014998677091679902
TJP2	-0.10286648483585026
TK1	0.005938804225761096
TKFC	-0.5975020364078123
TKT	-0.5518719876692071
TLCD1	-0.15279979114534958
TLCD2	0.3619369379472732
TLK1	-0.016803055890042273
TLL1	0.44436128525329543
TLL2	0.7445240547342751
TLN1	-0.1229780168805048
TLN2	-0.8755897934542327
TLNRD1	-0.0176701312891705
TLR1	0.5617681324671464
TLR2	0.8905701736427405
TLR3	0.09441994397451259
TLR5	0.49479862586718415
TLR6	0.2497614273910762
TLX3	-0.35747823310282767
TM2D1	0.11348969274403586
TM4SF1	1.2799924028285892
TM4SF4	0.20778554590728504
TM4SF5	-0.2737933561748944
TM6SF2	0.487204381139978
TM7SF3	-0.3839592643941714
TM9SF1	-0.15999750426285164
TM9SF2	0.07084241243142486
TM9SF3	-0.045923012431192234
TM9SF4	-0.10220946525915675
TMA16	-0.2831661648245749
TMA7	0.1079730381806181
TMBIM1	-0.08486591168166413
TMBIM6	-0.36898693903047564
TMC6	-0.5890991264959156
TMC8	-0.7198256659162552
TMCC1	0.12729139525340472
TMCC1-AS1	-0.21536017291356035
TMCC2	0.5576996048085539
TMCO1-AS1	-0.46907883222525015
TMCO3	-0.0041059192793477806
TMCO4	0.26513841643986247
TMED1	0.0072906749295476025
TMED10	-0.1948886646497643
TMED10P1	0.18219054832156267
TMED2	-0.11028288927946939
TMED3	-0.44424910550491026
TMED6	-0.030451741207415672
TMED7	-0.045219450232046654
TMED8	-0.10105576106312686
TMED9	-0.056155244033826435
TMEFF1	0.7268900807274687
TMEM102	0.33428418535772586
TMEM104	0.12806713414478743
TMEM105	0.4670150669541857
TMEM109	-0.36407173698610684
TMEM11	0.7854391829736189
TMEM115	0.0879793415577863
TMEM120B	-0.28134558477619276
TMEM121	1.1995584143753169
TMEM123	0.057268480433637414
TMEM128	-0.030166982864293423
TMEM129	-0.1252777848160469
TMEM131	-0.02464938958232743
TMEM140	-0.0381509147445831
TMEM141	-0.12230696682973718
TMEM144	-0.41198236727675575
TMEM145	0.21627849421525358
TMEM147-AS1	-0.044710429703771926
TMEM14A	-0.02391595932884094
TMEM150A	-0.47180874640879455
TMEM150C	1.0889662526591075
TMEM151A	0.8598442468341938
TMEM151B	1.5933455322268584
TMEM154	0.029549851120367787
TMEM158	-0.25905725871085616
TMEM160	0.21678464178450874
TMEM161A	-0.14779577081908934
TMEM161B	0.3077469362036718
TMEM161B-AS1	0.21837815511819292
TMEM164	-0.7527048788302775
TMEM167A	-0.15917952778836852
TMEM167B	0.10945055553682259
TMEM17	0.005562240685888398
TMEM170B	-0.17255051159067936
TMEM178A	-0.553417231906081
TMEM179B	-0.17754345770567337
TMEM18	0.18924942706287595
TMEM181	-0.09480582478321775
TMEM182	-0.28989012844223083
TMEM183A	-0.18247403317875222
TMEM183B	-0.19619661430175572
TMEM184A	0.02167315896193589
TMEM184C	0.030781963660750478
TMEM185B	0.04844147343420513
TMEM186	-0.0709470440517066
TMEM187	0.30981888807180313
TMEM19	-0.02414060722606859
TMEM190	0.20695254637744398
TMEM191A	0.03596077930823771
TMEM191B	-0.3207465947667987
TMEM191C	-0.7088672617176339
TMEM192	-0.2634441547520545
TMEM199	0.05111030502895275
TMEM200B	0.3175382929174324
TMEM201	-0.3080456063045336
TMEM203	-0.0417937385802043
TMEM208	-0.04861184914057137
TMEM217	0.6260438186473607
TMEM220	-0.4108556092886215
TMEM220-AS1	-0.5082272045715155
TMEM221	1.1692101425998924
TMEM223	-0.2701780009152541
TMEM232	0.5263092447503039
TMEM238	0.2863595768070537
TMEM240	0.34245410589966285
TMEM241	-0.009254802262926631
TMEM242	0.02207858799742546
TMEM243	0.21640821747771222
TMEM245	0.04444477776144584
TMEM248	0.07734434988408978
TMEM250	0.23566481669465134
TMEM253	0.5215358913461894
TMEM256	0.19510476247543673
TMEM258	-0.20718217928725036
TMEM259	0.1677518436422103
TMEM260	-0.10355946596344179
TMEM263	-0.10181975519319764
TMEM265	-0.02529802458425312
TMEM266	-0.4043883318671284
TMEM267	-0.09305581021695541
TMEM268	0.2592574648342483
TMEM33	-0.23327676317744306
TMEM35A	2.322810482878767
TMEM35B	-0.07320270341637958
TMEM37	0.304883452494237
TMEM38A	0.24339367818741398
TMEM38B	0.004677339471219177
TMEM39B	-0.029752154605284353
TMEM41A	0.05424551008033074
TMEM41B	-0.4207405838890308
TMEM42	-0.3020504238887618
TMEM43	0.14868370038967083
TMEM44	0.3773330571055613
TMEM45A	0.2684345828848196
TMEM45B	0.06656256355159584
TMEM50A	0.25921260777271815
TMEM51-AS1	0.6597358893650753
TMEM52	0.3543930250299985
TMEM54	1.5292295828268547
TMEM56	0.20866305124646267
TMEM56-RWDD3	0.02480375847817262
TMEM59L	0.19244174350882348
TMEM60	0.09752151527232211
TMEM62	-0.18694435269351128
TMEM63A	0.24007785992321917
TMEM63B	0.12272488851612096
TMEM65	0.7268345550924797
TMEM69	-0.29032209815737
TMEM74	0.07167242061169965
TMEM80	0.21387940857316456
TMEM81	-0.17272684833474417
TMEM86A	0.7168623348413239
TMEM86B	-0.682828109453701
TMEM87A	-0.38185857633479703
TMEM87B	0.8361966513250207
TMEM88	0.6047417477922123
TMEM88B	0.8988181502840518
TMEM8A	0.10975022670195855
TMEM94	0.25935641328440706
TMEM97	-0.3948544962611207
TMEM9B-AS1	0.25256883057944224
TMF1	-0.09511721399118223
TMOD3	-0.21889944654068838
TMOD4	-0.5924729638755251
TMPO	-0.05521015973448051
TMPO-AS1	0.2904288963882724
TMPPE	-0.1183729085945826
TMPRSS9	-0.060113366455065265
TMSB10	0.38446161277396307
TMSB4X	0.3212788108401803
TMTC2	-0.9883487900804635
TMTC3	-0.26419627867804873
TMUB1	-0.08219198283696949
TMUB2	0.8544588043974097
TMX1	-0.14760568540210528
TMX3	-0.18721178980552633
TMX4	-0.0017402931598384797
TNFAIP1	0.19547163875273998
TNFAIP2	0.42931172265310025
TNFAIP8L1	-0.3905094659304531
TNFRSF10A	0.1970937925956422
TNFRSF10D	0.20358655339743237
TNFRSF11B	-1.5816579191398534
TNFRSF12A	0.12274964963219137
TNFRSF13C	0.3015886422091758
TNFRSF1A	-0.19979263569943395
TNFRSF21	-0.04733376103841369
TNFRSF25	0.90635558413139
TNFRSF9	1.69882074815115
TNFSF9	0.544612588883894
TNK2	-0.005287519670658103
TNKS	0.08266569116695166
TNKS1BP1	-0.47822704189070997
TNKS2	0.29075314711017963
TNNC1	-0.2100825410142546
TNNI1	0.3080234035442748
TNPO2	-0.2930650574301694
TNRC18	-0.024660079409890123
TNRC6A	-0.13526930680270155
TNRC6B	-0.28165793581625564
TNRC6C-AS1	-0.48859315399178804
TNS3	0.047155392188380496
TOB2	-0.34547832528237077
TOB2P1	0.6714210251738106
TOE1	-0.09116225884749429
TOLLIP	0.010888315324451447
TOLLIP-AS1	0.2770591560245319
TOM1L1	0.06559522913370142
TOMM20	-0.5468521789178684
TOMM22	-0.3451539738860667
TOMM34	-0.27532919103330666
TOMM6	-0.19122812711547255
TOMM7	0.031082020944959154
TOMM70	-0.21950814956542875
TONSL	-0.09629905420233165
TONSL-AS1	0.32739845181363725
TOP1	-0.22459538516794808
TOP1P1	0.026980704911307996
TOP2A	0.1965857101492423
TOP2B	0.21268060392036858
TOP3A	0.11921048775033594
TOP3B	-0.05317749870551314
TOPBP1	0.024349281070880302
TOR1A	0.13831829737976342
TOR1AIP2	-0.1144373235151841
TOR3A	-0.3063464068555106
TOR4A	-0.13645655133151902
TOX	0.869784869808274
TOX3	-0.1572756786843188
TP53I13	0.41552945668596397
TP53I3	0.4437613175951176
TP53INP2	0.5557797076397799
TP53RK	-0.025983151763995238
TP53TG1	0.3769111000428298
TP53TG5	0.005582801974629792
TP73-AS1	0.02874074524025305
TPCN2	-0.2801668333125562
TPGS1	0.2351527188904159
TPI1	-0.15276903826003974
TPI1P2	0.2195680735976695
TPM1	0.16386975792941438
TPM3	0.042986861317558134
TPM3P9	0.08222078593019333
TPM4	0.10992861202003645
TPMT	-0.09143206528720071
TPP1	-0.3173438024853885
TPP2	0.006330973654788963
TPPP	0.027616873252946483
TPR	-0.14995925120777898
TPRG1L	0.09874908886956923
TPRKB	0.1343936362398912
TPRN	0.21472218086038186
TPSG1	0.2119461646218168
TPST1	0.38951826254246225
TPT1-AS1	0.5700667219905711
TPX2	0.041111910625271975
TRA2B	0.31589615730431797
TRABD	-0.21860188523385382
TRABD2A	0.11088583964875909
TRABD2B	-1.9813564909244148
TRADD	0.43093183601269125
TRAF2	0.06700473768040904
TRAF3IP2-AS1	-0.25967506377235594
TRAF4	0.11941489582844333
TRAF7	-0.16798274561073612
TRAFD1	0.19217882849757562
TRAIP	0.32610543645919243
TRAK1	0.17494410342323174
TRAK2	0.47850162352224324
TRAM1	0.672929830202162
TRAM1L1	0.22589427227493353
TRAM2	-0.078368828090297
TRANK1	1.5277723760292425
TRAPPC10	-0.11125184730061743
TRAPPC12	-0.17277098533880686
TRAPPC13	0.3615865845023336
TRAPPC2L	-0.18783396761272808
TRAPPC4	-0.17672027487092734
TRAPPC8	-0.04479623973341518
TRDMT1	-0.05242051852916685
TRDN	-0.5016610188161743
TREX2	0.3142204699023532
TRHDE	0.21151583987442768
TRHDE-AS1	0.0840498248061694
TRIAP1	-0.2307716605150789
TRIB1	0.45257278854497063
TRIB3	0.1553287226583091
TRIL	-0.1407598818988114
TRIM11	-0.3149978738207686
TRIM14	-0.15428980773862655
TRIM16	0.13913632645283514
TRIM16L	0.3389152120770609
TRIM21	0.1229115357370345
TRIM23	0.04235620149932018
TRIM25	-0.050392866394249225
TRIM27	0.008574674950335037
TRIM28	0.002606814035596372
TRIM37	0.09665270457490038
TRIM41	0.00821492555990666
TRIM44	-0.30570084412465093
TRIM47	0.8231939082825228
TRIM52	0.11573210570367065
TRIM56	-0.07256394047572456
TRIM59	-0.3831482824318533
TRIM62	0.34949790234278666
TRIM66	-0.3737713008542647
TRIM68	-0.38385046373456344
TRIM71	-0.7127089636804884
TRIM8	0.2392260354119271
TRIO	0.15642894533393692
TRIOBP	-0.36041009412044067
TRIP10	-0.5385677137696274
TRIP11	0.17254269342202377
TRIP13	0.07123822998880769
TRIP4	-0.03706435471522429
TRIP6	-0.28134114680675015
TRIR	0.04038486057860613
TRMO	0.1246946078387543
TRMT10C	-0.06411457561861145
TRMT11	-0.20023539148921632
TRMT12	0.053100088335232165
TRMT13	-0.16932536011052246
TRMT1L	-0.3026740114038442
TRMT44	-0.07558450837204145
TRMT5	-0.13773892930115217
TRMT61A	-0.17010398316310926
TRMT61B	0.11314736887389643
TRNP1	-0.2800350038642332
TROAP	-0.052394591352096676
TRUB1	-0.13412200113424166
TRUB2	0.09624792777089652
TSACC	-0.15591502220357345
TSC2	0.08273671361529411
TSC22D1	0.20790064417444087
TSC22D1-AS1	-0.010672017699453917
TSC22D3	0.3226177010036606
TSEN2	-0.3306055667245076
TSEN54	0.06919894245204272
TSG101	-0.15690677974325418
TSGA10IP	-0.5636812234622974
TSHZ1	0.10086208637318972
TSHZ2	1.294365174805756
TSNARE1	0.5959526644570476
TSNAX	-0.2961676177835937
TSPAN1	1.5213892294564888
TSPAN12	-0.0551409502721949
TSPAN13	-0.4427723472883285
TSPAN14	0.5262253209892691
TSPAN15	0.6060751825914501
TSPAN31	-0.3063620110568763
TSPAN33	0.2172615354155072
TSPAN4	-0.5690397022163607
TSPAN5	-0.14716733068332566
TSPAN6	0.43927769170339204
TSPAN7	0.22210102814602184
TSPAN8	-0.3560871783148176
TSPEAR-AS1	0.011318930676711414
TSPY26P	-0.018791036607320954
TSPYL1	-0.26366487458691257
TSPYL2	-0.7483085137303238
TSPYL4	0.5821853977492681
TSR1	-0.2943371905142671
TSR2	0.15072727665697006
TSR3	0.039302266139001674
TSSC4	0.2179208872210836
TSSK3	1.3432343646950642
TSSK6	-0.02529594158777204
TST	-0.07753450169289922
TSTD2	0.31810010143667
TSTD3	0.22017234944753206
TTBK2	0.05798184352366498
TTC12	0.2697810331371553
TTC14	-0.007838682625846971
TTC17	-0.3383747113339366
TTC21B	-0.44431567425642804
TTC28	-0.011121091677675388
TTC28-AS1	-0.13708709344252146
TTC3	-0.34713236948974835
TTC30A	0.7533973600441897
TTC30B	0.3719102462438464
TTC32	0.3166717906805485
TTC33	0.1323155927132964
TTC37	-0.04666026023967618
TTC38	-0.10495056636932176
TTC39C	0.35009909389841454
TTC39C-AS1	0.838613600271094
TTC3P1	0.09507970701612933
TTC41P	-0.4923337361582729
TTC5	0.10676967896930556
TTC6	-0.05945060860732365
TTC7B	-0.3948458401147912
TTC9	0.5927242983848959
TTC9C	-0.35687112040634794
TTF1	0.13170681483147728
TTF2	0.17033172944434227
TTL	0.3972637875003473
TTLL11	0.4485221260093035
TTLL12	-0.46615977598411806
TTLL3	0.591254241444366
TTLL4	-0.08385158096931189
TTLL5	0.1238257280230366
TTLL7	0.5529045768945959
TTPA	-0.0904539705568741
TTR	-0.38343551883440696
TTYH3	0.057771763451832214
TUBA1B	-0.18201932039387714
TUBA3D	-0.6118708119809342
TUBB1	-0.558536643893278
TUBB2B	0.9455332950388184
TUBB4B	0.024573841361100968
TUBBP5	0.4052980773193924
TUBE1	-0.15886819978088074
TUBG1	-0.05591782873245599
TUBG2	0.2564408390158066
TUBGCP2	0.296229806174479
TUBGCP3	-0.2710942283815263
TUBGCP5	-0.2843929679673529
TUBGCP6	0.10418308412877764
TUFM	-0.07964504082152501
TUG1	-0.13215742022215382
TULP3	-0.11272108599953778
TULP4	0.16399037820019657
TUSC2	-0.013154591259436188
TUT1	-0.4870603657283823
TVP23A	0.42614401432266025
TVP23B	0.023889167383562615
TVP23C	0.10006083558498613
TWF2	0.36390452705528187
TWISTNB	-0.09877940722196854
TWSG1	0.27134850920254916
TXLNA	0.033949308905421915
TXLNG	-0.09501739308296608
TXN2	-0.2574445405544301
TXNDC12	-0.01444870100098683
TXNDC15	0.07681440842127696
TXNDC17	0.28912139293147554
TXNDC5	-0.10271431097021111
TXNDC9	-0.02630076836443429
TXNIP	-1.1550913038674158
TXNRD2	0.09357252955763284
TYK2	0.16339708644518325
TYMS	0.01570739676251165
TYMSOS	0.31774003659487526
TYRO3	-0.40601468659002204
TYRP1	-0.17186736144422543
TYSND1	0.444499780727333
TYW1	0.019442391935751147
TYW1B	0.0699464359574744
U2AF1L4	0.39473266592695966
U2SURP	-0.2028691135475844
UAP1	-0.30062882801628366
UAP1L1	0.21543821304772148
UBA1	0.34531486283535173
UBA2	-0.16076884182449724
UBA5	-0.22664929434381342
UBA52	0.3408313247728394
UBA6	0.022142118315205295
UBA6-AS1	0.10742911882254091
UBA7	0.26300995799193494
UBAC1	0.22336796397849845
UBALD1	0.2809001041395627
UBALD2	0.10908779251688383
UBAP1L	-0.5553072162686035
UBAP2L	-0.2979063149830523
UBASH3B	0.6397743757872805
UBC	0.07265618888084102
UBD	0.7627910590655471
UBE2B	0.14312046273183654
UBE2C	-0.04744460530009986
UBE2D3	0.22941153161376526
UBE2D4	0.15605495322241403
UBE2E1-AS1	0.3187218573470778
UBE2E2	0.18049388799218313
UBE2E3	0.0015338872019570182
UBE2E4P	-0.17030989300469956
UBE2G1	-0.09786645842163999
UBE2G2	-0.37620310966375214
UBE2I	0.31686140884315295
UBE2J1	-0.023933015927543266
UBE2L3	0.41192106010373
UBE2L6	0.5986688094810599
UBE2M	-0.06871285604535071
UBE2MP1	-0.0713684178575118
UBE2N	-0.27541903564006187
UBE2O	-0.156434834124763
UBE2Q1	-0.10713299973557877
UBE2Q2L	0.19674151067570733
UBE2Q2P1	0.1898362991511835
UBE2Q2P2	0.39189646879885887
UBE2R2	-0.029335025925870895
UBE2S	-0.011161249675022411
UBE2V2	-0.11893304241152602
UBE2Z	0.12972655504394393
UBE3C	-0.05513470515081398
UBFD1	0.17657751500302865
UBIAD1	-0.13102875700473682
UBL3	-0.17415978546478073
UBL4A	-0.02340744856759791
UBLCP1	-0.06686843655008357
UBN1	-0.010728457811763015
UBN2	-0.09216297012689978
UBQLN2	0.20966879366143676
UBR1	-0.2577239338652495
UBR2	0.005019366536419767
UBR3	0.02453098583377855
UBR4	-0.21073085294508953
UBR5-AS1	0.1406249449311483
UBTD1	0.03711568935967868
UBTD2	0.3585327499597968
UBTF	0.5166682590855176
UBXN2A	0.0022672480920835625
UBXN2B	0.12896720403051543
UBXN4	0.29567217026817616
UBXN7	0.18357364673735965
UCA1	-1.781823647799495
UCHL1	1.3445754487228863
UCK2	-0.34786803191706994
UCKL1	0.1049434685467503
UCKL1-AS1	0.02814468007892268
UCN3	-0.4934681898477771
UCP1	0.5012255500497971
UFC1	-0.11452285511678717
UFL1	0.024721553581614764
UFM1	0.5480905436880912
UFSP1	-0.20898320607253895
UGCG	0.3069632870489656
UGDH-AS1	0.22872335150437406
UGGT2	0.14417444251106026
UGP2	-0.006008039895221362
UGT1A1	1.3778043004426126
UGT1A6	1.0310316865422435
UGT1A9	1.3879401202273793
UGT2B11	1.1870509789912917
UGT2B15	1.2678545995616481
UGT2B7	0.2924369212720572
UGT3A1	1.6888618143920042
UGT8	0.5313593614557339
UHRF1BP1	0.13082232325587473
UHRF1BP1L	-0.6139329241319729
ULK1	0.5722077320404511
ULK2	0.5748347765657948
ULK4	0.2222390630619948
UNC119B	-0.28123665187656677
UNC13B	0.2492685507620438
UNC13C	-0.05782536507345615
UNC13D	0.5138505280370205
UNC45A	-0.20489750795297912
UNC50	0.025195174404013976
UNC5CL	0.26966747889989584
UNC93B1	-0.05958543432793206
UNG	-0.41092211176880955
UNK	0.17684616367734396
UNKL	0.09032664474823138
UPB1	-1.0206265584557652
UPF3A	-0.0021160781802302964
UPK1A-AS1	-1.3859512629565625
UPK1B	0.19024125472387254
UQCC2	0.005018210018133296
UQCC3	-0.5102195790165744
UQCR11	0.0002618115207209115
UQCRC1	0.07718216140821621
UQCRC2	0.0907832862337532
UQCRFS1	-0.012624848878394879
UQCRHL	0.11739311803910102
UQCRQ	0.2823259922541812
URAHP	0.4088480838546129
URB1	-0.5270932683349852
URB1-AS1	-0.10090937939446887
URM1	-0.12129212891327157
UROS	-0.0961337379264684
USB1	0.45948452885905944
USE1	-0.1079403685512883
USF3	-0.09827481027484808
USP1	-0.17069427687617456
USP11	0.06956570247806848
USP12	-0.14907910498002508
USP13	-0.002417341253917904
USP15	-0.4090525845584807
USP18	-0.5494110678577888
USP22	0.09889762455440732
USP24	-0.0824227448868946
USP27X	-0.06234264098569087
USP3-AS1	0.309153561041982
USP31	0.050889369977425325
USP32	0.05198089743766143
USP32P1	0.10493792900726451
USP32P2	0.1884942793949671
USP34	-0.040621774205928496
USP35	0.31995294692138554
USP36	-0.13931158285724354
USP37	0.03450464574871859
USP40	-0.03870491357834105
USP42	0.13868190785314738
USP45	-0.06733235661343162
USP46-AS1	0.17284114815140894
USP48	0.14585459461633565
USP49	0.3828984046081061
USP53	-0.15066363771450053
USP54	0.10233194291602477
USP6NL	-0.22960320717505445
USPL1	-0.08863292012201818
UTP11	-0.19215691305334115
UTP14C	-0.08360166888283072
UTP18	-0.23511218096316
UTP20	-0.5156105407038236
UTP23	-0.15712677498489303
UTP25	-0.3694206666084776
UTP3	-0.11937637125146239
UTP4	-0.10980810790073559
UTP6	-0.12260757136666545
UTRN	-0.016544683173242092
UTS2R	2.491814764756948
UVRAG	0.17253466218496083
VAC14	0.09013850643423105
VAC14-AS1	-0.06025006956396073
VAMP2	0.49542289277973683
VAMP3	0.0885407718481197
VAMP5	-0.4644803676632474
VAMP8	0.1666312070451852
VANGL2	0.5832262548929759
VARS	-0.37594799656355615
VARS2	0.7020904395777512
VASH1	0.8346413433432232
VASN	0.1423454341329613
VASP	-0.008124306461551711
VAT1	0.4205463443785371
VAV2	-0.0902204238614761
VAX2	0.0016985570575656084
VCL	-0.34466958948753845
VCP	-0.07134094703800287
VCPIP1	0.006034818588612545
VDAC1	0.6909923345146067
VEGFA	-0.03739698920689216
VEGFC	-1.1072839947559716
VEZF1	0.21084254345614983
VGF	0.8141294918635085
VGLL3	-0.10254629991191067
VGLL4	0.2160580848214506
VHL	-0.11351010795614158
VIL1	-0.019465315817278395
VILL	0.02113738124361042
VIM	-0.11339881568013865
VIRMA	-0.006559457342133257
VLDLR-AS1	-0.1718097553737974
VMA21	-0.057281226285684994
VMAC	0.4007495277554147
VMP1	0.038515505793676574
VN1R1	0.1336855840513853
VOPP1	0.7216336023455816
VPS13A	-0.046747654610766354
VPS16	0.040104291775516554
VPS18	-0.07113302943166655
VPS25	0.02034648276526152
VPS26B	-0.001079412295588611
VPS26C	0.021565588353109177
VPS33A	-0.43831393003442987
VPS35	0.20696823705745881
VPS37B	-0.009621910144449686
VPS37C	-0.2716441962744378
VPS37D	0.34304422482118513
VPS4A	0.00605619611604169
VPS4B	0.21103695789744403
VPS53	0.13465339486954786
VPS9D1	0.6356128155813003
VPS9D1-AS1	-0.20648732646258772
VRK1	0.050649260660936335
VRK2	0.7792513075425211
VRK3	-0.048168313514642236
VSIG10	-0.046136962487492106
VSIG10L	0.5803198678415544
VSIR	-0.6060049957674911
VSNL1	-0.6695689835670171
VTI1A	0.18083345818023577
VTI1B	0.11187504129091863
VTN	-0.31356524219708515
VWA1	0.024775026885520468
VWA5B2	-0.3405743788700901
VWA7	0.24464163392873228
VWA8	-0.2285685997182405
VWCE	-0.2829304653878735
VWDE	-0.11515978940920579
VXN	-0.06396026901640317
WAC	0.3103965965365405
WAC-AS1	0.12958965869607653
WAPL	0.2273430024091745
WARS2-AS1	0.4467737705083814
WASF2	0.04391926817817016
WASH2P	0.14808888138822507
WASH3P	0.051945423436913885
WASH5P	0.3248161216308305
WASH7P	0.0489253211952736
WASH8P	0.1874071432051858
WASHC1	0.015816742846731735
WASHC5	0.05001824926761067
WASIR2	-0.36880174099175633
WASL	-0.19302685168281464
WBP1	0.27998065264746685
WBP11	-0.2332767067982937
WBP2	0.10976868570901921
WBP4	0.2684900796654732
WDFY1	-0.14783471763391187
WDFY2	-0.09194942373453419
WDFY3	0.16168400873407496
WDFY3-AS2	0.3223061684740478
WDPCP	0.12327759380849779
WDR1	0.2708364843523512
WDR11	0.12746241855552576
WDR12	-0.24060442134481885
WDR13	0.4032430241864575
WDR18	-0.19911104859213324
WDR20	0.19271739021321865
WDR24	-0.028886002737919192
WDR27	-0.05329949507831522
WDR3	-0.479283450901109
WDR33	-0.08198385535701691
WDR34	0.28079602125906966
WDR36	-0.24377845205921833
WDR37	-0.07205381176822989
WDR4	-0.5469021424698339
WDR41	0.1625090075615203
WDR43	-0.42015009785925006
WDR45B	0.11974096866605954
WDR53	-0.057107155921586106
WDR54	0.7324163183507695
WDR55	-0.13898513813389357
WDR59	-0.10390767674861756
WDR5B	-0.17408243124673461
WDR6	0.20937588646508942
WDR60	0.3119407613982359
WDR66	-0.008255036340611976
WDR70	0.20690627149067264
WDR74	-0.16937838410502648
WDR78	0.6944661972655055
WDR81	-0.045943530419459755
WDR82	-0.04360435738710411
WDR83OS	0.2681734714759987
WDR88	0.44336098481580555
WDR90	0.2999564780452788
WDR91	0.10605077019466513
WDR92	-0.12427250774152476
WDR97	0.6350534966010648
WEE1	0.2064790660149618
WFDC21P	0.12063283804273084
WFIKKN1	0.3465148942848755
WHAMM	-0.14081675234645985
WHAMMP1	-0.625813136107523
WHAMMP2	-0.7563482673843533
WHAMMP3	-0.5719141579834179
WIF1	0.5624392166289849
WIPF2	0.13530754999329808
WIPF3	2.4643252029299614
WIPI1	-0.03428869072699836
WIZ	0.00977491136648645
WNK1	-0.08807040860079107
WNK2	0.42863860648207597
WNK4	-0.13657752170663606
WNT10A	2.37753638011457
WNT10B	0.3705374308866345
WNT11	2.830983575110735
WNT3	0.3410123085402619
WNT4	0.5206735800953322
WNT7B	0.5548133209299189
WRAP53	-0.02186125222546753
WRAP73	0.18337441465058113
WRN	-0.21511843773852846
WSB1	0.13601775163848728
WSCD1	-0.0880767998491967
WTIP	-0.1366603621567979
WWC2	0.13640584916783371
WWC2-AS2	0.6681201366548399
WWC3	-0.07262175800686421
WWP1	0.3042194400359506
WWP2	-0.12716797160071547
XAB2	0.001005711916389096
XCL1	0.2454721254726504
XCL2	-0.06512605151504625
XDH	1.8223915786594271
XK	1.281922265112923
XKR6	-0.21043963605175264
XKR8	-0.0866801502713157
XPNPEP3	-0.09807783617104304
XPO1	-0.11644017459317535
XPO4	-0.35203518474160234
XPO5	-0.24914144946271666
XPO7	-0.037390077161905566
XPOT	-0.3546930163129405
XRCC1	0.2827495174861472
XRCC2	-0.31409777440309483
XRCC5	-0.010505968066595095
XRCC6	0.17839622573266212
XRN2	-0.08864484209609502
XXYLT1	-0.20700329107321735
XYLB	-0.1389380501631008
YAE1	-0.24632247325573875
YAF2	-0.6147277465199075
YARS	-0.0034969019725412664
YARS2	-0.25489768718004946
YBX1	-0.2977573254102861
YBX2	0.24022491356519948
YBX3	-0.10588254549549081
YDJC	-0.3506118296109637
YEATS2	-0.046432041276215585
YES1	0.1286024444167051
YIF1A	0.188521120179435
YIPF2	-0.023376283056482094
YIPF3	0.1629216211176967
YIPF4	-0.058516474440225785
YJEFN3	0.21185022504960616
YJU2	-0.10221267077889706
YKT6	0.12071300417086395
YLPM1	0.019255791087062768
YPEL2	0.5700395688436934
YPEL3	0.2435780089367281
YRDC	-0.1515327103603239
YTHDC2	-0.08177139550831036
YTHDF1	-0.11628159064722254
YTHDF3-AS1	0.35779734131300645
YWHAG	-0.14126486810657024
YWHAH	-0.04608516309888966
YWHAQ	-0.020880086709983203
YWHAZ	0.6894688651078305
YY1	-0.06127160127866116
YY2	0.07949518238167963
ZADH2	0.1329732456586985
ZBED3	0.14902912044744632
ZBED3-AS1	0.18887689821030218
ZBED4	-0.005054316196753561
ZBED5-AS1	0.18375586441474168
ZBED6	-0.2594789700427951
ZBED6CL	-0.17022012135444076
ZBED9	0.0556671914015876
ZBTB1	0.2188131653361145
ZBTB10	0.3573568885618861
ZBTB11	-0.3828262980355115
ZBTB11-AS1	0.06991903859436022
ZBTB12	-0.13519210555110783
ZBTB2	-0.2637154707808129
ZBTB24	-0.11305321311520977
ZBTB25	-0.011716175017307595
ZBTB3	-0.22614091118800506
ZBTB34	0.17890080605967462
ZBTB37	-0.24578287814682476
ZBTB38	-0.21159687235385238
ZBTB39	-0.18876127739194004
ZBTB41	-0.2442764292150974
ZBTB42	0.5953371797038978
ZBTB44	0.06362493825441717
ZBTB46	0.257050480360153
ZBTB47	-0.00653988155903118
ZBTB49	0.11767114009718327
ZBTB5	0.005870694274691779
ZBTB6	0.07456495849718081
ZBTB7B	-0.06612254572864806
ZBTB9	0.00799034451344216
ZC2HC1A	0.73484282170116
ZC2HC1C	0.15496085442238838
ZC3H11A	-0.13379138361680276
ZC3H12A	0.6211177159712937
ZC3H12B	0.42682032903905975
ZC3H12C	0.08412287553005449
ZC3H13	0.001951537907725509
ZC3H15	-0.18903774835969056
ZC3H3	0.011902043411383012
ZC3H4	-0.03276846082767548
ZC3H6	-0.09319861636267035
ZC3H7A	-0.07694513185977225
ZC3H7B	-0.08453710763992817
ZC3H8	0.1264413400751918
ZC3HAV1	-0.1603727198888203
ZC3HAV1L	-0.128324330121818
ZCCHC14	-0.07166537828725605
ZCCHC18	0.8438751137023153
ZCCHC2	-0.11863297457523725
ZCCHC24	-0.13634065834237852
ZCCHC3	-0.05706024230986806
ZCCHC4	-0.33982724750096693
ZCCHC8	-0.16442367089316345
ZCCHC9	0.019838296685465107
ZCRB1	-0.20111839558411138
ZCWPW2	0.1496840753588713
ZDHHC1	1.3470068670680622
ZDHHC11	-0.2773494521039206
ZDHHC17	-0.07905869531615295
ZDHHC18	0.20687893268798518
ZDHHC2	0.1313148510309956
ZDHHC21	0.08178360957312947
ZDHHC23	0.060585303282723046
ZDHHC24	-0.3587940458546486
ZDHHC5	-0.2657208930301227
ZDHHC7	0.012880855660328816
ZDHHC8	1.0724279376125598
ZDHHC8P1	-0.794084559244677
ZEB1-AS1	-0.052784120102641996
ZER1	0.45775973091824795
ZFAND2A	-0.4465764001639627
ZFAND3	0.08416023772923253
ZFC3H1	-0.2769347539175957
ZFHX2	0.4869449775525432
ZFHX3	-0.15872291526750715
ZFHX4	-0.3194744672975043
ZFHX4-AS1	-0.8948510622872412
ZFP1	0.21508534583946126
ZFP28	0.07241746120292758
ZFP30	0.10197135684393999
ZFP36	0.4330671071082044
ZFP36L2	-0.4563281961062984
ZFP41	0.23191991681194324
ZFP64	0.0380836815156087
ZFP69	0.18221472833004837
ZFP69B	0.2037038602347172
ZFP82	-0.06568562001857359
ZFPL1	-0.3112171702422808
ZFPM1	0.0556098784074619
ZFR	-0.11885744810814458
ZFYVE19	-0.030051683524006556
ZFYVE26	0.07388947956162895
ZG16	-0.4747906710306311
ZGLP1	0.08392010807509287
ZGRF1	0.1892036001594546
ZHX2	0.31892906112195263
ZHX3	-0.237833146906552
ZIC1	-0.18589194556761424
ZIC2	-0.17031781446665395
ZIC4	-0.1381413286114741
ZIC5	-1.2486030091961888
ZIK1	0.34022557631663997
ZIM2-AS1	0.21894318188415296
ZKSCAN2	0.27330813936569864
ZKSCAN4	0.012511839842623829
ZMAT2	0.1619739214124314
ZMIZ1	0.2448969342312255
ZMIZ2	0.3636079548087987
ZMPSTE24	-0.06109422534515474
ZMYM3	-0.05072826479983217
ZMYM4	0.05383188861935917
ZMYM5	0.011994191354237849
ZMYM6	0.14249393067696392
ZMYND19	-0.11829344904623351
ZNF10	0.2213982061945874
ZNF100	0.38211085818475077
ZNF106	-0.17589120098208344
ZNF117	0.4395635597219032
ZNF124	-0.307055078090277
ZNF132	0.14132135454781825
ZNF134	0.1502094645529457
ZNF135	-0.004782280727830379
ZNF136	0.20837426482251153
ZNF137P	0.20814604129105074
ZNF14	0.12067416028547218
ZNF141	-0.21401705114925296
ZNF148	0.12713693107911173
ZNF165	0.48271641326247927
ZNF17	0.12657150519919913
ZNF174	-0.10269652188773337
ZNF175	0.17834468925231306
ZNF18	-0.11741950380324218
ZNF184	0.4964491493426735
ZNF19	0.241436028622374
ZNF197	0.012503893210755734
ZNF197-AS1	0.5931412795248008
ZNF205	-0.3064472455665248
ZNF212	-0.030450999284170166
ZNF213-AS1	-0.18659206802984452
ZNF214	0.014423490972372388
ZNF215	-0.2746126999193752
ZNF217	0.002004906603191081
ZNF219	0.13968694913365765
ZNF223	0.12320206738698936
ZNF224	0.20797391067312532
ZNF225	-0.17621279548425495
ZNF229	0.31196040229372324
ZNF23	0.1564313442699965
ZNF230	-0.04715918659565421
ZNF232	-0.029691893160223692
ZNF235	0.06418890761565965
ZNF236-DT	0.027885790609076366
ZNF239	-0.2845283864736077
ZNF24	-0.13886304518928494
ZNF25	0.11983492000078488
ZNF251	0.5240644539843018
ZNF252P	0.07672792118386873
ZNF253	0.09251377477258593
ZNF254	0.07170284656733728
ZNF256	0.20933233969660137
ZNF263	0.07408917080392996
ZNF264	0.03545778969062141
ZNF275	0.10222287304106548
ZNF276	-0.293531881516075
ZNF277	-0.03033329591729217
ZNF280C	-0.16853665652539895
ZNF284	-0.1316180014905841
ZNF286B	0.2043273763540654
ZNF287	0.2663334899772347
ZNF292	0.17116961656723095
ZNF296	-0.30415908939989666
ZNF316	0.07702224939493796
ZNF318	0.18127551627290028
ZNF319	0.18272820153451708
ZNF32-AS2	0.6075289180893493
ZNF320	0.03352576090558834
ZNF324	0.19575925190904453
ZNF324B	0.04220684400132235
ZNF326	0.20650987742827187
ZNF329	0.1588953810445899
ZNF333	-0.14178779357525162
ZNF335	-0.013449460429376892
ZNF337	0.4350889547594252
ZNF337-AS1	-0.011790461501469451
ZNF35	0.016178274449051955
ZNF350	0.35613028528514956
ZNF354A	0.5293728771978223
ZNF354B	0.049694431229017955
ZNF354C	0.20915509785269837
ZNF358	0.41230636824843714
ZNF362	0.4575945073944112
ZNF367	0.3843084975605118
ZNF37BP	0.4490719762588915
ZNF383	-0.11300864550459488
ZNF384	-0.18541880770212504
ZNF385B	0.5452211523027741
ZNF385C	0.47826019533357655
ZNF391	0.2511686865921514
ZNF394	0.04359741207276269
ZNF395	0.45181915799368877
ZNF396	0.23396734086335513
ZNF397	-0.0904353428284157
ZNF404	0.9200870261759198
ZNF407	-0.02644999653794855
ZNF414	0.14450413700972442
ZNF416	0.14709785507749285
ZNF420	-0.036044782423995336
ZNF425	-0.3614441061177409
ZNF428	0.36045388764744857
ZNF429	-0.1805082633775532
ZNF431	0.05064768273933318
ZNF432	0.3335336261885393
ZNF436-AS1	0.22321922020004514
ZNF439	1.0775539126924754
ZNF440	0.03514964555467959
ZNF441	0.5205010696036556
ZNF442	0.3359603335826389
ZNF443	-0.004642457956670398
ZNF445	-0.010303485293577275
ZNF446	0.28799422520334605
ZNF449	-0.22049537632481098
ZNF45	0.008677045235010006
ZNF451	-0.015877793119122074
ZNF451-AS1	-0.5131336930398436
ZNF460	0.07668401653936385
ZNF467	-0.721586395532535
ZNF470	0.3254386395934512
ZNF471	0.4782097101570395
ZNF48	0.8614218921418648
ZNF483	-0.07682461140233432
ZNF485	-0.27430298384896545
ZNF486	0.19002340887280056
ZNF490	-0.04116704399086579
ZNF491	0.5406656211670877
ZNF492	0.20265051836632075
ZNF493	-0.21099667942304068
ZNF496	-0.21453160344811817
ZNF500	0.040259376280396
ZNF503	-0.12755566947336927
ZNF503-AS2	-0.2577024350861379
ZNF506	0.43880378301859535
ZNF512B	0.09938309386929767
ZNF516	0.03897696203106804
ZNF517	0.5306278021682806
ZNF518B	0.4193140845106482
ZNF519	0.12701244093553843
ZNF524	0.14888339456321553
ZNF527	0.23237806566607144
ZNF528	0.24917514222691395
ZNF528-AS1	0.7762942270774298
ZNF529	-0.019594287361081708
ZNF529-AS1	0.07990140566402104
ZNF530	0.0125079183913952
ZNF532	0.002986442620163565
ZNF543	0.1222121913529648
ZNF544	-0.1150641296552477
ZNF547	0.25777177618134184
ZNF550	-0.08735017179371818
ZNF552	-0.017916833717322334
ZNF554	0.016882646903617626
ZNF558	0.19273238029463657
ZNF560	0.6478216233012888
ZNF561	0.02971610962679616
ZNF561-AS1	0.5895202486861804
ZNF563	0.5497523611333577
ZNF564	0.019160978793039796
ZNF569	0.1746608521869195
ZNF57	0.2079609210877731
ZNF571-AS1	0.8158065637678464
ZNF572	0.36877415294734783
ZNF574	-0.10497383765083512
ZNF575	0.2638831014823593
ZNF578	0.17541151868035776
ZNF579	-0.04989597729161943
ZNF581	-0.15543871570933465
ZNF582	0.033157123583546166
ZNF585B	0.27381315576246124
ZNF587B	-0.34742796905210493
ZNF589	0.15362172358248305
ZNF592	-0.23131558069689362
ZNF593	-0.05738508327173886
ZNF594	0.04428943022728582
ZNF597	0.2244764780593167
ZNF598	0.07314303792964072
ZNF599	0.04429230668827522
ZNF600	0.1711319525831101
ZNF606	0.06562932355894358
ZNF607	-0.0017782449437069303
ZNF608	0.13696771255090834
ZNF609	-0.26733981164997633
ZNF614	0.08567861622594464
ZNF616	-0.22629981021036016
ZNF618	0.621218483133843
ZNF622	-0.09617478999575013
ZNF623	-0.08221361034953745
ZNF624	0.05369579047834261
ZNF625-ZNF20	0.06279248044332464
ZNF626	-0.003141978468256923
ZNF628	0.09505061805143367
ZNF629	0.1305805236954729
ZNF639	0.07203954687613479
ZNF644	0.01841341736593005
ZNF646	0.11473821282545238
ZNF649	0.0683371265587347
ZNF652	0.0899132642729481
ZNF653	0.09187637140236227
ZNF654	0.03293951514978488
ZNF660	0.10981715808027959
ZNF665	0.4543122841904448
ZNF668	0.25938728774796616
ZNF671	-0.6374433361477823
ZNF672	-0.43363320181714204
ZNF674-AS1	-0.013554331398348385
ZNF675	0.14428885224882304
ZNF676	0.06907946139525478
ZNF680	0.38811883852852214
ZNF681	0.05138864651420594
ZNF684	0.08536690307577599
ZNF687	-0.051950557149576415
ZNF688	0.3327001486924397
ZNF689	0.10439784456631518
ZNF69	0.5606994230671019
ZNF692	-0.3953238945548363
ZNF695	-0.32056972484854285
ZNF696	-0.2010391279372321
ZNF697	0.5669136949916549
ZNF699	0.3941466336650956
ZNF7	-0.050060528651863834
ZNF70	-0.04942389120225421
ZNF703	-1.0610405569087105
ZNF704	-0.26856269382282516
ZNF706	0.3271050261026902
ZNF709	0.3314403768305234
ZNF71	0.3177908280639512
ZNF710	-0.25375633890064453
ZNF711	0.2909840967275681
ZNF713	0.506834394082027
ZNF714	-0.036695651238260574
ZNF717	0.0025264813584247037
ZNF718	0.3033257186191096
ZNF720	-0.060855083615997785
ZNF721	-0.20230810179533876
ZNF726	0.2958980444655839
ZNF727	1.486320957890679
ZNF730	0.42900614056008113
ZNF736	0.1470641534161885
ZNF737	0.1665067660689159
ZNF740	-0.11001839711807104
ZNF749	-0.04169252288256331
ZNF75D	0.05142749480247355
ZNF763	1.5059663055609722
ZNF765	0.10988366594811971
ZNF766	-0.02036396451514122
ZNF767P	0.16909335207840037
ZNF768	0.04400752721788237
ZNF77	-0.14542157612396966
ZNF770	-0.30395286792053167
ZNF773	0.36030568466700963
ZNF774	0.05174842588293194
ZNF775	0.00903045939753877
ZNF776	0.18578395031897266
ZNF777	-0.010842978257733726
ZNF780A	-0.34232663214942693
ZNF780B	-0.1356672966382213
ZNF781	0.5510587030918916
ZNF782	-0.0029077794138121504
ZNF783	0.23864694676098974
ZNF784	0.3231509128559562
ZNF785	0.31894407867027263
ZNF786	-0.12731727337581322
ZNF787	-0.24332376150631418
ZNF789	-0.04705612344950749
ZNF791	-0.025312744037401025
ZNF792	-0.23120171887603203
ZNF793	0.3735472109320064
ZNF793-AS1	1.2771399476398004
ZNF799	-0.018298043508096384
ZNF8	-0.044453362884040004
ZNF800	0.025589857176809616
ZNF804A	-0.7208102023983494
ZNF808	0.20291391619333865
ZNF81	0.11389289523195689
ZNF813	0.22636948612933772
ZNF814	-0.07763420904511698
ZNF815P	0.5378444027589779
ZNF818P	0.5993409113138966
ZNF83	0.19891139475952313
ZNF830	0.04164448402470455
ZNF833P	0.8382128651117822
ZNF835	-0.19076854128868703
ZNF836	0.25915049029893744
ZNF841	0.08362584355467995
ZNF845	-0.06520648282377639
ZNF846	0.4319139828300935
ZNF852	0.028734705664552607
ZNF853	0.4471286264007288
ZNF860	0.021518765335430956
ZNF862	-0.11069145586364382
ZNF865	0.08060044909747255
ZNF876P	0.5188064783766628
ZNF879	0.10811107674686893
ZNF880	0.062415968112338405
ZNF883	0.006686829177057874
ZNF888	0.3820817008233224
ZNF890P	-0.020764264000878718
ZNF891	-0.1638779294839834
ZNF90	0.4930381837046034
ZNF93	0.41059368744778446
ZNFX1	-0.18759123100308717
ZNHIT1	0.08653575038903938
ZNHIT2	-0.34237338196293265
ZNRD1ASP	0.22069992558850826
ZNRF1	0.16278549752440874
ZNRF2	0.18819500654369747
ZNRF2P1	0.21221946147930248
ZNRF3	-0.02591245395932429
ZPLD1	-0.209335905338758
ZRANB1	0.07557610192213104
ZRANB2	0.0044807922827012625
ZRANB2-AS1	-0.22144602233632682
ZRSR2	0.14092574189405038
ZSCAN12	-0.38353901285120173
ZSCAN12P1	0.2505035956775368
ZSCAN16	0.2785471576898706
ZSCAN2	-0.2402750366677351
ZSCAN20	0.04640858450791985
ZSCAN21	-0.04316654016136656
ZSCAN22	-0.21458862831486858
ZSCAN23	0.31000811595162947
ZSCAN25	0.017713608438945094
ZSCAN29	-0.1783557993221372
ZSCAN5A	-0.28842649789522046
ZSCAN9	0.32659051446105813
ZSWIM1	-0.08219679094812271
ZSWIM4	0.7836764375092464
ZSWIM5	-0.21504853745294206
ZSWIM6	0.3075798330957724
ZSWIM9	0.20052334385920112
ZUP1	0.08973260145487494
ZW10	0.34895697319633
ZXDA	0.3631440056654922
ZXDB	0.5364694536435417
ZXDC	0.06862370839795506
ZYG11A	0.36403607968426366
ZYG11B	0.10557135432167986
ZZEF1	0.06855034129385995
ZZZ3	-0.048120127607719
