gene	value
A1BG	0.7879475693088477
A1BG-AS1	0.6908104414887712
A1CF	0.0
A2M	1.3472889537324806
A2M-AS1	-0.6130128468288307
A2ML1	0.7953818334683729
A2MP1	-0.2142171583463834
A3GALT2	0.5104424026219874
A4GALT	0.44186601346556653
A4GNT	0.19373423455987895
AAAS	-0.4218649902808682
AACS	0.3646349851665942
AACSP1	-0.4404155707959591
AADAC	0.0
AADACL2	0.349563106173343
AADACL2-AS1	2.2879650805201286
AAED1	0.13080888361486487
AAGAB	0.005967751818031886
AAK1	0.643832288522427
AAMDC	-0.2440022453847801
AAMP	0.18612975194463566
AANAT	0.3387886028282904
AAR2	-0.41779430907100235
AARD	0.19373423455987895
AARS	-0.04862948385574839
AARS2	0.005069316893651532
AASDH	0.05146844309846266
AASDHPPT	0.0871862834127608
AASS	0.349563106173343
AATF	-0.8566629075815886
ABALON	-0.46008837804680425
ABAT	0.004791406940833021
ABCA1	0.7733182213489013
ABCA10	-0.27953627434731465
ABCA11P	-0.3955288969378019
ABCA12	0.8016580953351888
ABCA13	-0.3618969512171711
ABCA17P	1.5778687926646922
ABCA2	0.005343925574976538
ABCA3	0.6136136847378864
ABCA4	0.44186601346556653
ABCA5	-0.3850145694376545
ABCA7	0.9894156336022073
ABCA9	0.349563106173343
ABCB1	0.3314522078833348
ABCB10	-0.5757292617897107
ABCB10P1	1.7324385155352626
ABCB11	3.878005467869857
ABCB4	0.349563106173343
ABCB5	-0.4404155707959591
ABCB6	0.09105158728411666
ABCB7	0.16893941276681623
ABCB8	-0.13540559598246737
ABCB9	-0.8878568467140573
ABCC1	4.727142054082465
ABCC10	0.04421530011608432
ABCC11	-0.4915010393336505
ABCC2	-0.07996526782129632
ABCC4	-0.15661267335449125
ABCC5	-0.1992569719196986
ABCC6	3.8079992661705493
ABCC9	-0.21556688776277966
ABCD1	0.7125424382468779
ABCD1P4	0.19373423455987895
ABCD2	-0.8773311708816354
ABCD3	-0.07711573487272716
ABCD4	0.05706082546304181
ABCE1	0.07540034679966823
ABCF1	0.14257023319818884
ABCF2	0.0940588292827389
ABCF2P2	0.349563106173343
ABCF3	0.0291208714335891
ABCG1	0.7435752866587428
ABCG2	0.26191756706765723
ABCG5	0.19373423455987895
ABHD1	0.44186601346556653
ABHD10	0.00015225686375863745
ABHD11	-0.050305523413121556
ABHD11-AS1	-0.745461077985218
ABHD12	-0.2560225640847662
ABHD12B	-1.2324344121795567
ABHD13	-0.09684679540503893
ABHD14A-ACY1	0.6778119121164357
ABHD14B	0.058034619295403544
ABHD15	0.07244430248821843
ABHD16A	0.3492714965391954
ABHD17A	-0.10534786351132652
ABHD17AP1	-0.9215055331534452
ABHD17AP5	0.0
ABHD17AP6	-0.2142171583463834
ABHD17B	-0.15220916681815488
ABHD17C	-1.4125794847795454
ABHD18	-0.29124383764090744
ABHD2	0.4432464291506175
ABHD3	-0.2728904974939095
ABHD4	0.22324687752749117
ABHD5	0.09403112216200782
ABHD6	0.27139782767452303
ABHD8	0.026382584914335316
ABI1	0.13281558396051452
ABI1P1	0.0
ABI2	-0.2508750175484078
ABI3	-0.6992013402765209
ABI3BP	-1.4977081160461985
ABL1	-0.22105003735704898
ABL2	-0.06315072991697335
ABLIM1	-0.6825154341767234
ABLIM2	0.44186601346556653
ABLIM3	0.0
ABR	0.14579240849175434
ABRACL	0.3342016028549253
ABT1	0.07090000553801978
ABT1P1	0.19373423455987895
ABTB1	0.4758225453581977
ABTB2	0.13248406667601387
ACAA1	0.020115882587210976
ACAA2	-0.6663827405266808
ACACA	-0.4783312613175852
ACACB	-0.5579141209513683
ACAD10	-0.3126341601179874
ACAD8	-0.08588738324692358
ACAD9	-0.09475886410724144
ACADM	0.07979401305208711
ACADS	-0.4022866848927116
ACADSB	-0.5260811795490117
ACADVL	0.41114873518050743
ACAN	-0.2142171583463834
ACAP1	-0.0313115016531853
ACAP2	-0.021568520961073645
ACAP3	-0.14453695590505689
ACAT1	-0.001420059574865462
ACAT2	0.4281508589973946
ACBD3	-0.06493027999091083
ACBD4	-1.2494634584118645
ACBD5	0.5086355333957346
ACBD6	-0.2768449373063486
ACBD7-DCLRE1CP1	-0.2142171583463834
ACCS	-0.3618969512171711
ACCSL	-0.4404155707959591
ACD	0.42201717311336395
ACE	1.6374691341530154
ACE2	-0.3850145694376545
ACER1	0.19373423455987895
ACER2	0.32811456707499875
ACER3	0.007183755851508877
ACIN1	0.07049201441164143
ACKR2	1.0422193307634808
ACKR4	-1.0473143555253364
ACLY	-0.5129145875793863
ACMSD	0.28115644224300285
ACO1	0.6985978989256036
ACO2	0.014854702928674968
ACOT11	0.7835232069213198
ACOT12	0.9882255152343687
ACOT13	0.9440154206362781
ACOT7	0.10489883781771958
ACOT8	-0.20989810574739032
ACOT9	0.3360747973116194
ACOX1	-0.041824240123997214
ACOX2	2.4621715980993097
ACOX3	0.36332946403899946
ACOXL	-0.02048292378650446
ACOXL-AS1	0.8080454910257227
ACP1	0.04421301196984828
ACP2	0.11132628406326184
ACP5	0.543297340733222
ACP6	0.10296099073364484
ACP7	0.7435752866587428
ACPP	0.7576912706034795
ACPT	0.3314522078833348
ACR	0.07719254613206206
ACRBP	-0.10516899745340957
ACRV1	0.6773040925336479
ACSBG1	0.05336989369785028
ACSBG2	0.6356002480254456
ACSF2	0.08440619267941685
ACSF3	-0.22144881670519379
ACSL1	0.8288691622721416
ACSL3	0.061203608505062235
ACSL4	0.2110280793928947
ACSL5	-0.23426284888737214
ACSL6	0.0
ACSM1	-0.30242757182744384
ACSM2B	-0.3850145694376545
ACSM3	-0.026166489303360407
ACSM5	0.0
ACSM6	0.44186601346556653
ACSS1	0.03842430855943846
ACSS2	-0.23020281572234857
ACSS3	-0.1839005455987881
ACTA1	-1.043636066613244
ACTA2	1.5378070997357542
ACTA2-AS1	-0.9605947751258062
ACTB	0.5661445205376268
ACTBP11	-0.03850498219138543
ACTBP14	0.0
ACTBP8	0.0
ACTBP9	-0.2142171583463834
ACTG1	0.3606944798132048
ACTG1P10	0.3314522078833348
ACTG1P17	0.9447399123981803
ACTG1P24	0.0
ACTG1P9	0.19373423455987895
ACTG2	-0.2142171583463834
ACTL6A	-0.06616546640855603
ACTL7B	0.0
ACTL8	4.432039494005324
ACTN1	0.4305700611553327
ACTN1-AS1	1.5175180931146388
ACTN2	-0.3618969512171711
ACTN3	0.19373423455987895
ACTN4	0.17447007585142593
ACTR10	-0.24714793457414785
ACTR1A	-0.24681098881992014
ACTR1B	0.23854494091689027
ACTR2	0.19953485259651238
ACTR3	0.4756049300209142
ACTR3B	0.667141058252037
ACTR3BP4	-0.2142171583463834
ACTR3C	0.9712241417779259
ACTR5	-0.5986406028076914
ACTR6	-0.3928570336789292
ACTR8	0.21320349369532998
ACTRT3	-0.4018893606354408
ACVR1	2.932291562905103
ACVR1B	-0.43426755329609
ACVR1C	2.728720962756178
ACVR2A	-0.10306534940410028
ACVR2B	-0.33854180261452527
ACVR2B-AS1	0.8892370734818298
ACVRL1	-1.3204750427520038
ACY3	-2.470951284495594
ACYP1	-0.23343453798566927
ACYP2	0.7598767091861012
ADA	-0.8077649009968422
ADAD2	0.0
ADAM10	0.25838019031094106
ADAM11	-0.6796026567710927
ADAM12	-0.10896336291262432
ADAM15	0.20530232895364087
ADAM17	0.4174057837894214
ADAM18	0.11723504953695138
ADAM19	-0.6663827405266808
ADAM1A	-0.42251630303650956
ADAM20	-1.0107811285020092
ADAM20P1	0.7277168398465319
ADAM22	0.014214563275162462
ADAM23	2.76190384316301
ADAM29	-0.2142171583463834
ADAM32	0.43758748706123707
ADAM5	0.44186601346556653
ADAM8	-0.1541737501100009
ADAM9	0.4780690119628481
ADAMTS1	0.4427001047608492
ADAMTS10	-2.1547934242834295
ADAMTS12	0.19373423455987895
ADAMTS13	-0.03778395046530836
ADAMTS14	0.16882913274328848
ADAMTS17	1.7103147734953468
ADAMTS19	0.19373423455987895
ADAMTS2	0.19373423455987895
ADAMTS20	-0.8208382956304883
ADAMTS3	0.44186601346556653
ADAMTS4	0.93753161599898
ADAMTS5	0.06058018359359174
ADAMTS6	-0.4041774838984411
ADAMTS7	-0.1636393136534009
ADAMTS9	0.44186601346556653
ADAMTS9-AS2	0.0
ADAMTSL1	0.7914291196389095
ADAMTSL2	0.349563106173343
ADAMTSL3	0.5430374796112027
ADAMTSL4	0.8104364182923014
ADAMTSL4-AS1	-0.5104783489153566
ADAMTSL5	0.5090057393107799
ADAP1	0.4378164050390012
ADAP2	0.22442490377712931
ADAR	0.16142976844209755
ADARB1	0.5224241836298198
ADARB2	-0.6782073224219649
ADARB2-AS1	0.44186601346556653
ADAT1	0.06344098996733472
ADAT2	-0.22720818261905684
ADCK1	0.6597246263500702
ADCK2	-0.5344998117091286
ADCK5	0.21585429710578996
ADCY1	1.7440913116439454
ADCY10	1.535195276468062
ADCY10P1	-1.1690784114984387
ADCY2	0.0
ADCY3	-0.20560589795464423
ADCY4	-1.2277720326659265
ADCY5	-0.2142171583463834
ADCY6	0.19373423455987895
ADCY7	0.31621114364634373
ADCY8	0.0
ADCY9	-0.05886813153873405
ADCYAP1R1	0.056851444027912035
ADD1	0.10056385426192804
ADD2	-2.210359099126669
ADD3	-0.40206611920788227
ADD3-AS1	-0.8791507592265853
ADGB	-0.16635013216931205
ADGRA2	-1.4151065986167408
ADGRA3	-0.07727533890695071
ADGRB1	-0.6203806488570365
ADGRB2	1.07186533727072
ADGRB3	-1.267815898121595
ADGRE1	1.3936765800144864
ADGRE2	0.6796739042219127
ADGRE3	0.5997620605809248
ADGRE4P	3.7767842726173146
ADGRE5	0.6475455340956433
ADGRF1	0.0
ADGRF3	-0.39419676239714185
ADGRF4	0.349563106173343
ADGRF5	0.3314522078833348
ADGRG1	0.5498410520988639
ADGRG3	0.8453965842110622
ADGRG5	-0.2275483243262748
ADGRG6	-0.6815523635014706
ADGRG7	-0.5992317277840379
ADGRL1	-0.45038321996732833
ADGRL2	0.8495957145307118
ADGRL3	-0.655798740754407
ADGRV1	0.6146306209638404
ADH5	0.0700213319490306
ADH5P4	-0.3085270575193207
ADHFE1	0.2866684614464994
ADI1	0.6679955007841105
ADIPOR1	-0.25329218200544723
ADIPOR2	-0.28250314462159487
ADK	0.0314061219441637
ADM	0.22050852431894352
ADM2	-0.44052197704897633
ADM5	-0.39227667950618983
ADNP	-0.3655536247120743
ADNP-AS1	0.05536124234577411
ADNP2	-0.26353445427189826
ADO	-0.1819273138686217
ADORA2A-AS1	0.44186601346556653
ADORA2B	-2.6536885938167094
ADPGK	0.10422983595272584
ADPGK-AS1	0.42825286633817017
ADPRH	0.5498410520988639
ADPRHL1	0.9992604343392237
ADPRHL2	0.2821238415997396
ADPRM	0.06357708627418024
ADRA1D	0.0
ADRA2A	0.0
ADRA2C	0.49638229936676703
ADRB1	-1.1087670471538518
ADRB2	0.9522815707040113
ADRM1	-0.07385752470494467
ADSL	-0.25755193560655343
ADSS	-0.4335113872533807
ADSSL1	1.1874483018741309
ADTRP	3.0115119843471176
AEBP1	0.349563106173343
AEBP2	-0.4015760145690468
AEN	0.008620272385028827
AES	0.06699435621091432
AFAP1	0.11723504953695138
AFAP1-AS1	-0.5160954324109795
AFAP1L1	-0.46089849458246357
AFDN	-0.1832506542534169
AFDN-AS1	-0.24668133623608016
AFF1	-0.14055075522892047
AFF2	0.06855920468199805
AFF3	-0.8102816530057583
AFF4	0.21968421928037607
AFG3L1P	-0.3351171354979048
AFG3L2	0.22035947190137684
AFMID	-0.37061003854030083
AFTPH	0.04718882708622374
AGA	0.28732422019849935
AGAP1	-0.2755890881347497
AGAP10P	-0.6450715232958348
AGAP11	0.2965590619644438
AGAP12P	-0.37203987928287274
AGAP13P	-0.2326462130842586
AGAP2	-0.2794765455036572
AGAP3	0.16802641735303148
AGAP4	-0.12207990464049878
AGAP5	0.1265982075320924
AGAP6	-0.3150692142539455
AGAP7P	0.0022790609830281028
AGAP9	-0.1841020466115708
AGBL1	-0.10896336291262432
AGBL2	-0.2658042170363637
AGBL3	-0.20122983527618743
AGBL4	0.5631894344015034
AGBL5	0.09511782392151069
AGBL5-AS1	0.349563106173343
AGER	0.055004301392481914
AGFG1	-0.06960798189383866
AGFG2	-0.19467497255352217
AGGF1	-0.0429083749694712
AGGF1P1	-0.6663827405266808
AGGF1P2	-0.2142171583463834
AGK	0.048799943909994425
AGL	0.19717869825120005
AGMAT	0.1737360322687831
AGMO	-0.47264850596680186
AGO1	0.14355161596383148
AGO2	0.33594233927455
AGO3	-0.12541651691899247
AGO4	0.07521625690261047
AGPAT1	0.26049839136864783
AGPAT2	0.15149822559704518
AGPAT3	0.42493251829854906
AGPAT4	-0.7331659040610847
AGPAT5	-0.19663390857605734
AGPS	-0.026975123692318803
AGR2	-0.5960644946593749
AGRN	1.2386052032175998
AGTPBP1	0.035664004071700006
AGTR1	0.0
AGTRAP	0.6405800464725786
AGXT2	-0.07621141430164913
AHCTF1	-0.20586694017874763
AHCTF1P1	-0.8236297165395636
AHCY	-0.7084664041016193
AHCYL1	0.24045572192743414
AHCYL2	0.3034049519960682
AHDC1	-0.07066962158652323
AHI1	0.21070073300422898
AHNAK	0.03359177971570659
AHNAK2	-0.07025346710916647
AHR	-0.04072215160195114
AHRR	-0.13424637650929672
AHSA1	0.3412556813006784
AHSA2	-0.12762561890712476
AIDA	-0.27140168814281473
AIF1	-0.14931558893080243
AIFM1	0.21744332783952736
AIFM2	-0.4005487418562561
AIFM3	0.11723504953695138
AIG1	0.3972157846192559
AIM1	0.20105279085252015
AIM1L	0.08624156444102127
AIM2	2.325266437406182
AIMP1	0.04259141377178466
AIMP2	0.2056099503244564
AIP	-0.08067845634567838
AIPL1	-0.2142171583463834
AJUBA	-0.5677567216613593
AK1	0.10923864231418001
AK2	0.160809979398854
AK2P1	0.3855449022345414
AK2P2	0.349563106173343
AK3	0.33772927111721174
AK3P6	-0.4404155707959591
AK4	-0.2678248631824829
AK4P3	-0.6660012864545768
AK4P4	-0.5992317277840379
AK5	-0.020231173841543715
AK6	0.16542062721500805
AK7	0.31992332150271974
AK8	0.10824364453003321
AK9	0.7919295494497014
AKAP1	-0.3725754121052205
AKAP10	0.2522677625957144
AKAP11	0.003880042677021578
AKAP12	-1.379803349467758
AKAP13	0.37270310314667654
AKAP14	0.6314977845303942
AKAP3	0.6865415664393222
AKAP5	-1.3072004327238353
AKAP6	-1.5104188647855445
AKAP7	-0.4066208388038566
AKAP8	-0.02790134344004791
AKAP8L	0.008671531700317203
AKAP9	0.20812393518638572
AKIP1	0.2335556718125371
AKIRIN1	0.1209997478637721
AKIRIN2	0.40819131945454323
AKNA	0.029300367544935924
AKNAD1	0.349563106173343
AKR1A1	0.2978203831491193
AKR1B1	0.44186601346556653
AKR1C1	0.1952868834426429
AKR1C2	-0.26461228677604015
AKR1C3	-0.006423915651581069
AKR1C7P	1.4186680237522085
AKR1C8P	0.33290265055294216
AKR1D1P1	-0.3850145694376545
AKR7A2	0.14261638465260518
AKR7A3	0.35430867070096284
AKR7L	0.17215436688789243
AKT1	0.2836144913743812
AKT1S1	0.08472396635046664
AKT2	-0.2294796413788287
AKT3	-0.5764842044566221
AKTIP	0.006974298841109672
ALAD	-0.5461836578668127
ALAS1	0.8313355955023294
ALAS2	-0.8195007936242337
ALB	-0.19128033487777554
ALCAM	0.008762340928916146
ALDH16A1	0.11788056486370113
ALDH18A1	-0.2716993325383825
ALDH1A2	2.223276537345778
ALDH1A3	-1.205324369047506
ALDH1B1	0.02343095810302742
ALDH1L1	1.2171316530414469
ALDH1L1-AS1	-0.19128033487777554
ALDH1L1-AS2	0.19373423455987895
ALDH1L2	-0.6872193967568272
ALDH2	-0.5204756710144931
ALDH3A1	0.6130994722132966
ALDH3A2	-0.01860967577353989
ALDH3B1	0.576736517572427
ALDH4A1	-0.008984368271500287
ALDH5A1	0.06493730358225847
ALDH6A1	0.5047500512101895
ALDH7A1	0.19373423455987895
ALDH8A1	0.8799511292483326
ALDH9A1	0.09290997947915791
ALDOA	0.2763644911892964
ALDOB	0.0
ALDOC	-0.44896792520050255
ALG1	-0.4058275871554873
ALG10	-0.5484287663784553
ALG10B	-0.5571762817204995
ALG11	-0.27180398950669016
ALG12	-0.34546574037913125
ALG13	0.10209411919345257
ALG14	-0.5090947468806846
ALG1L	-0.7483584910147159
ALG1L10P	0.3479624516945341
ALG1L12P	-0.4404155707959591
ALG1L13P	0.20011425211873224
ALG1L2	-0.564851632824972
ALG1L5P	0.9882255152343687
ALG1L6P	-0.3179887631157421
ALG1L7P	-0.31192557657604614
ALG1L8P	0.22416730478912136
ALG1L9P	-0.4568809680995214
ALG2	0.561600153800919
ALG3	-0.04219577395024032
ALG5	0.05110030920576314
ALG6	-0.25723274859790024
ALG8	0.08769992880797872
ALG9	-0.0763837241898706
ALK	-0.5992317277840379
ALKBH1	-0.21611737696073519
ALKBH2	-0.45989645632985265
ALKBH3	0.16079919959060973
ALKBH3-AS1	0.1353459478269596
ALKBH4	-0.26392599014510143
ALKBH5	0.10284561757788602
ALKBH6	-0.42254247180324533
ALKBH7	0.08912569853907204
ALKBH8	-0.30227754455241573
ALMS1	0.051955215617976336
ALMS1P1	0.6992978844240578
ALOX12	1.022262649372106
ALOX12-AS1	0.13082934627948895
ALOX12B	-0.34879992728163156
ALOX12P1	-0.6660012864545768
ALOX12P2	-0.9935928568909056
ALOX15	2.0029442768752084
ALOX15B	0.349563106173343
ALOX15P1	0.06396345432816108
ALOX5	2.9321669105687027
ALOX5AP	2.1104952803011763
ALOXE3	-0.7507606972269734
ALPK1	-0.24454155243569442
ALPK3	1.838092018505519
ALPP	0.0
ALS2	0.14698156005253793
ALS2CR11	-0.24668133623608016
ALS2CR12	-0.12451569417475472
ALX3	-0.03545146326431148
ALX4	-0.4404155707959591
ALYREF	-0.4573806642676175
AMBRA1	-0.10945577081552216
AMD1	-0.006599191163648044
AMDHD1	-0.4404923577528801
AMDHD2	-1.0511428512317975
AMER1	0.2904333890397979
AMER3	0.7914291196389095
AMFR	0.34604137763512277
AMH	-0.1360898835313864
AMHR2	0.4383844631355048
AMIGO1	-0.5685509128423227
AMIGO2	0.3398366061144742
AMIGO3	0.5513307954049269
AMMECR1	0.09120606714191482
AMMECR1L	-0.06328782717678472
AMN	0.0
AMN1	0.10449607956914342
AMOTL1	-0.5397781342394659
AMPD1	-0.02048292378650446
AMPD2	0.22973835763002626
AMPD3	-0.20160064379292741
AMPH	-0.293423198262291
AMT	-0.19111267424751244
AMY2B	-1.6815753094593449
AMZ1	-0.37813954217754553
AMZ2	-0.40464285878647566
AMZ2P1	-0.5167881466750321
ANAPC1	0.08850097052481232
ANAPC10	-0.02181648124426694
ANAPC11	0.01689666036252646
ANAPC13	0.1547072666127427
ANAPC15	0.09518456410247822
ANAPC16	-0.26596576260878635
ANAPC1P1	-0.39692335691686065
ANAPC2	-0.4656044766369174
ANAPC4	0.11342977395221254
ANAPC5	-0.42270668647968535
ANAPC7	-0.3493527020203775
ANGEL1	0.33386619767768266
ANGEL2	-0.44999401838524555
ANGPT1	0.18519977735587823
ANGPT2	0.0
ANGPT4	0.6681953250146608
ANGPTL1	0.30629837379748975
ANGPTL2	0.46824859837990174
ANGPTL4	0.5293581283123594
ANGPTL6	-1.2464170218864465
ANHX	-0.4404155707959591
ANK1	-0.7928331590016238
ANK2	-0.3713499937862599
ANK3	0.6926230259767513
ANKAR	0.5116532906678888
ANKDD1A	0.11301438137345521
ANKDD1B	-0.06134998198036623
ANKEF1	-1.744210952247573
ANKFN1	-0.5471925517803289
ANKFY1	-0.09789026638203957
ANKH	-0.012296014853372839
ANKHD1-EIF4EBP3	0.003009085907543785
ANKIB1	-0.027927990861469354
ANKLE1	0.03550723927137511
ANKLE2	-0.5935580764112292
ANKMY1	0.19536462120872322
ANKMY2	0.07895707863197998
ANKRA2	-0.006571627345373088
ANKRD10	-0.06517349872309097
ANKRD11	0.0253025914403473
ANKRD12	-0.18173881175948203
ANKRD13A	-0.19314047285791247
ANKRD13B	-0.2232250976104364
ANKRD13C	-0.12352721375931885
ANKRD13D	-0.1432896240368784
ANKRD16	0.1409108743657317
ANKRD17	0.0663975284106808
ANKRD18A	-0.4391725702266509
ANKRD18B	0.5197887425825289
ANKRD18CP	0.6565599178171606
ANKRD18DP	-0.683319075681526
ANKRD19P	0.3855449022345414
ANKRD2	0.19373423455987895
ANKRD20A1	-0.5175555329577098
ANKRD20A11P	-0.24966862161069486
ANKRD20A14P	0.0
ANKRD20A18P	-0.0975370370256865
ANKRD20A19P	-0.09085246462261609
ANKRD20A2	-0.3618969512171711
ANKRD20A20P	-0.09614393929911191
ANKRD20A3	-0.39268162638299414
ANKRD20A4	-0.5296328119331988
ANKRD20A5P	0.7818753191045218
ANKRD20A8P	-0.5960644946593749
ANKRD22	0.6438321445551942
ANKRD23	-0.6501269314926352
ANKRD24	-0.9674075309499504
ANKRD26	-0.01341514498000329
ANKRD26P1	-0.14326874369346643
ANKRD26P3	-0.2142171583463834
ANKRD27	-0.20979680946929058
ANKRD28	0.20349949106303278
ANKRD29	1.134993480724955
ANKRD30B	1.0537402272492022
ANKRD30BL	-0.6113803937955282
ANKRD31	2.0279704504311646
ANKRD33B	-0.9931527936322588
ANKRD34A	0.029740552826700295
ANKRD35	-0.7433308944641244
ANKRD36	-0.00854942971964956
ANKRD36B	-0.10708793893187885
ANKRD36BP1	0.349563106173343
ANKRD36BP2	-0.4527494158397872
ANKRD36C	-0.14343688221255313
ANKRD37	0.6947582421201783
ANKRD39	-0.06759597276067719
ANKRD40	-0.4620182356803557
ANKRD42	0.02184077980219712
ANKRD44	0.3491819021858831
ANKRD45	0.8555182104192915
ANKRD46	0.22743064118222733
ANKRD49	-0.4283648704650336
ANKRD50	0.0528742322515523
ANKRD52	-0.2785120119172042
ANKRD54	0.059262713111316145
ANKRD55	0.16187280613412103
ANKRD57P1	0.6590550084360783
ANKRD6	1.2538236775154865
ANKRD61	-0.19533924744600362
ANKRD62	-0.3618969512171711
ANKRD62P1	0.0
ANKRD62P1-PARP4P3	0.7740083568879853
ANKRD63	0.7675062563536548
ANKRD7	0.6681953250146608
ANKRD9	-0.0032137166020085317
ANKS1A	0.1882049227525755
ANKS1B	-1.4064645207842736
ANKS3	-0.5261018699338056
ANKS6	0.7021331655761323
ANKZF1	-0.1089183777919569
ANLN	0.20765437313144375
ANO10	0.2895853462003881
ANO2	-0.05143429106756592
ANO4	0.22764885511918312
ANO5	0.22764885511918312
ANO6	-0.2972805911545784
ANO8	-0.14214353001730018
ANO9	-2.123433158302637
ANP32A	-0.0827931736973806
ANP32AP1	0.349563106173343
ANP32B	0.014551118627167625
ANP32BP3	0.0
ANP32E	0.06917503464742225
ANPEP	1.8273017150754338
ANTXR1	0.32131345293519686
ANTXR2	0.19108002538913382
ANTXRL	-1.0231149735458374
ANTXRLP1	-0.2142171583463834
ANXA1	2.7723079068954206
ANXA11	-0.30449019563137725
ANXA2	1.8859523966063758
ANXA2P2	0.0
ANXA3	1.0532509025333008
ANXA4	0.830133267917029
ANXA5	0.3906769628267668
ANXA6	0.38461798882487486
ANXA7	0.0857746039271845
ANXA8	0.3314522078833348
ANXA9	-0.5062900111694013
AOAH	-0.18338538011904237
AOC1	-1.3487917155990865
AOC2	-1.003012854566383
AOC3	-0.345143293084174
AOC4P	0.349563106173343
AOX1	0.4383844631355048
AOX3P-AOX2P	0.32908018238683856
AP1AR	-0.33646703968869396
AP1B1	0.06364590823788063
AP1G1	-0.07261128948877626
AP1G2	-0.6846960007028073
AP1M1	0.05488835366539924
AP1S1	0.2760573303981477
AP1S2	0.9731306163969684
AP1S3	-0.01049661190800677
AP2A1	-0.027249082561970894
AP2A2	0.28585865963830415
AP2B1	-0.7457590355093728
AP2M1	0.36253199527888036
AP2S1	0.062252394921863186
AP3B1	0.12828559658176886
AP3B2	0.6816303772691645
AP3D1	0.3715303079790164
AP3M1	0.021741724621882952
AP3M2	-0.7005108620744291
AP3S1	0.08495718004341413
AP4B1	0.14874606634321452
AP4B1-AS1	-0.3785856685573732
AP4E1	0.20397441538920802
AP4M1	0.08647337345449024
AP4S1	-0.36694901020746507
AP5B1	0.6280631555537131
AP5M1	-0.2979242062626284
AP5S1	-0.020274541917453703
AP5Z1	0.00024688569298270124
APAF1	-0.3376033391371127
APBA1	-0.34067696141682724
APBA2	0.6403307852478655
APBA3	0.09527059546354444
APBB1	-0.897154850257496
APBB1IP	0.8481275990082473
APBB2	-0.29308297838813857
APBB3	-0.32863884628211437
APC	0.3593182751408506
APC2	0.7282297087371956
APCDD1L	0.19373423455987895
APCDD1L-AS1	-0.44002363945055967
APEH	0.1235879373419575
APEX1	-0.612229914923617
APEX2	0.05511616465676994
APH1A	0.027573283542123406
APH1B	0.613543778004443
API5	-0.18658343867345017
API5P1	-0.26376962964972606
APIP	-0.08972196413665756
APITD1-CORT	-1.735523732268423
APLF	0.5338195005554649
APLN	0.2708737192051762
APLP1	1.5183910544137122
APLP2	0.45152118940628583
APMAP	-0.2237750587195162
APOA1	-0.26044060090689436
APOA1-AS	-1.5785260796826792
APOA2	0.8648969350536347
APOA5	0.0
APOBEC2	0.5498410520988639
APOBEC3A	1.142757500496594
APOBEC3B	0.20926099694172962
APOBEC3B-AS1	0.0
APOBEC3C	-0.09187287521914556
APOBEC3D	-0.41799259823406754
APOBEC3F	-0.16089946132751276
APOBEC3G	-0.5512308810050115
APOBEC3H	-1.8183715995195018
APOBR	0.6796871274781946
APOC4-APOC2	-0.2142171583463834
APOE	0.656413484103594
APOL1	1.3238453034318578
APOL2	0.3489422206706436
APOL3	0.8461391872432712
APOL4	0.44186601346556653
APOL6	0.06300494631545206
APOLD1	0.682966043384817
APOM	0.9333550946873386
APOO	-0.03730869239347001
APOOL	-0.06164101985780235
APOPT1	0.13726322783981537
APP	0.25107425893609125
APPBP2	-0.26191342952776075
APPL1	0.035673348007495775
APPL2	-0.23395818562412707
APRT	0.3018530519096281
APTR	0.02304904681104425
APTX	-0.10525554333721843
AQP1	-0.18384962686589468
AQP11	0.41096181811025057
AQP3	-0.3007286829155644
AQP4-AS1	1.3264106895142167
AQP7P1	0.6219718824541498
AQP7P2	0.19373423455987895
AQP7P3	0.0
AQP8	0.0
AQP9	1.1044203524098597
AQR	0.1451420153462255
AR	1.9036391436784736
ARAF	0.07381394832188448
ARAP1	0.2864361875265402
ARAP2	0.15167149952595516
ARAP3	2.8679792684947287
ARCN1	0.4031610056907038
AREG	1.260348772682323
AREL1	0.0009709134941449094
ARF1	-0.09615227538696303
ARF3	-0.27100559918783773
ARF4	0.7096427047424072
ARF4P2	-0.2142171583463834
ARF4P4	0.44186601346556653
ARF5	-0.006690816261514243
ARF6	-0.2903031868193544
ARFGAP1	-0.3113389736578718
ARFGAP2	0.0822012216097292
ARFGAP3	0.7944308697261224
ARFGEF1	0.2000437560050461
ARFGEF2	-0.2376320661942639
ARFGEF3	0.13091739223089327
ARFIP1	0.010758184708985041
ARFIP2	0.2473753857485903
ARFRP1	-0.2464515364786095
ARG1	-0.02048292378650446
ARG2	0.6591749930198416
ARGFXP1	0.026406700694075802
ARGLU1	-0.18517083251673583
ARHGAP1	0.3352476989354134
ARHGAP10	-0.06415679407409414
ARHGAP11A	-0.06294562655714664
ARHGAP11B	0.02670510405574511
ARHGAP12	-0.1743644068412138
ARHGAP15	0.28577284323025687
ARHGAP17	0.18698686112165852
ARHGAP18	-0.5571671427360698
ARHGAP19-SLIT1	-0.3541628862747541
ARHGAP21	-0.6663827405266808
ARHGAP22	-1.028262222477906
ARHGAP23	-1.7984120991225163
ARHGAP24	0.19344152037012385
ARHGAP25	0.9174228489807223
ARHGAP26	0.13393677763013478
ARHGAP27	-0.7256922372682126
ARHGAP27P1-BPTFP1-KPNA2P3	-0.7651570494597353
ARHGAP28	-0.2142171583463834
ARHGAP29	0.004384117653049691
ARHGAP30	0.3342585542044709
ARHGAP31	1.164618047957819
ARHGAP31-AS1	1.0289210906458774
ARHGAP32	0.0
ARHGAP33	-0.46846452110816195
ARHGAP35	0.222936000769975
ARHGAP39	-0.05873723535438735
ARHGAP4	0.12616407823388442
ARHGAP40	-0.2142171583463834
ARHGAP42	0.0
ARHGAP44	-0.9343952811821454
ARHGAP45	0.337897598514143
ARHGAP5	-1.7644001121746005
ARHGAP5-AS1	-2.281501283217808
ARHGAP6	0.0
ARHGAP9	0.5296511243450386
ARHGDIA	-0.17590160076888672
ARHGDIB	0.17531910773343107
ARHGEF1	0.30805933222517545
ARHGEF10	0.9169221469477051
ARHGEF10L	0.6356002480254456
ARHGEF11	0.1309191205900433
ARHGEF12	-0.3850145694376545
ARHGEF16	0.5818470785761469
ARHGEF17	-0.05835321131585047
ARHGEF18	-0.29726173716743354
ARHGEF19	0.22124463063288413
ARHGEF2	0.37843697033880375
ARHGEF25	0.22568463919351256
ARHGEF26	-0.5616803236741417
ARHGEF26-AS1	-0.8473628061035363
ARHGEF28	1.9548376083766428
ARHGEF3	1.156578771151096
ARHGEF3-AS1	0.0
ARHGEF33	-0.2731433929032123
ARHGEF37	1.1523523854046127
ARHGEF39	-0.009152790145128264
ARHGEF40	0.7415901831354743
ARHGEF5	-0.3850145694376545
ARHGEF6	0.2783537440786432
ARHGEF7	0.01567014050477411
ARHGEF7-AS1	0.0
ARHGEF9	-0.09764305536904949
ARID1A	0.026409953252748863
ARID1B	0.09396277601749325
ARID2	-0.15448526109924465
ARID3A	0.20049673512915334
ARID3B	0.4754276174443248
ARID3C	0.047137861922065705
ARID4A	-0.37009389363869616
ARID4B	-0.2873113321471905
ARID5A	0.30911892918997363
ARID5B	0.7801179133048706
ARIH1	0.19653975871042206
ARIH2	-0.04506003235363565
ARIH2OS	0.5581851825906972
ARL1	-0.2073961124904251
ARL10	0.19373423455987895
ARL11	-0.04685398261416118
ARL13A	0.5737304109624642
ARL13B	-0.4712737802161797
ARL14EP	-0.2631455360082686
ARL14EPL	-0.3850145694376545
ARL15	0.18475979715456603
ARL16	-0.3116395558639855
ARL17A	-0.7795045746971816
ARL17B	-1.216382766538322
ARL2-SNX15	0.3933279085654685
ARL2BP	0.23599693832298207
ARL2BPP10	0.21474749114327035
ARL2BPP9	0.19373423455987895
ARL3	-0.21673601506815032
ARL4A	-0.037221600407928435
ARL4D	-0.7559658249417751
ARL5A	-0.05390812490051289
ARL5AP4	0.7142845560961861
ARL5B	-0.05976042150190608
ARL5C	-0.8313906738193506
ARL6	-0.15236018211425417
ARL6IP1	0.8461263820839644
ARL6IP4	-0.11714439793025022
ARL6IP5	-0.04536533238587381
ARL6IP6	-0.08376085653452492
ARL8A	0.08499061167569444
ARL8B	0.09870021739877899
ARL9	-0.38424428598752414
ARMC1	0.06263738497326976
ARMC10	0.11140054636380725
ARMC10P1	0.13192311637791931
ARMC12	-0.9025771933803155
ARMC2	-0.44725570610929655
ARMC2-AS1	0.22416730478912136
ARMC4	0.44186601346556653
ARMC4P1	1.271406270811375
ARMC5	0.4282791264232726
ARMC6	-0.030022163431212334
ARMC7	-0.2878910329487576
ARMC8	-0.16910685553627758
ARMC9	-0.19370410771007496
ARMCX3	0.39908949050033193
ARMCX4	0.6356002480254456
ARMCX5	0.4765932831423878
ARMCX5-GPRASP2	0.15670949662552047
ARMCX6	-0.7046569708376218
ARMT1	0.14046488233765508
ARNT	0.36680888197984984
ARNT2	0.5258110275502085
ARNTL	-5.363513437376786
ARNTL2	-0.5980551575523894
ARNTL2-AS1	-1.969176580319965
ARPC1A	-0.08296913374980797
ARPC1B	0.6024935046179252
ARPC2	0.331637225052555
ARPC3	-0.13516055151633388
ARPC3P3	-0.22931249914891616
ARPC4-TTLL3	-0.4254328308776958
ARPC5	0.13247857402767238
ARPC5L	-0.265257039373342
ARPP19	-0.05957989079556114
ARPP21	-0.1524041201864499
ARR3	0.43646335674461784
ARRB1	1.593933764279182
ARRB2	0.37582091503320214
ARRDC1	-0.4410708894808444
ARRDC1-AS1	-0.3686861506861465
ARRDC2	0.20150110493595896
ARRDC3	-0.7854541638533155
ARRDC3-AS1	1.10935053970028
ARRDC4	0.19037126741108068
ARSA	0.34803371182398024
ARSB	0.8431445705876559
ARSD	0.19373423455987895
ARSG	-0.04469686935691719
ARSK	0.28125355134758134
ART2BP	0.44186601346556653
ART3	1.0030863534366903
ARTN	0.8023150755307857
ARV1	-0.18278140706740587
ARVCF	-0.06525059176506876
AS-PTPRE	0.5524629658920754
ASAH1	0.32310242162755287
ASAH2	-0.9265057471599729
ASAH2B	-0.5011166931734881
ASAP1	0.31302041862546126
ASAP2	0.543297340733222
ASAP3	-0.90283423572149
ASB1	-0.2802872582292135
ASB12	-0.11214792245732408
ASB13	0.6684001555812404
ASB14	-0.19387863561090768
ASB15	0.44186601346556653
ASB16	0.06857638915642078
ASB16-AS1	-0.6078532467396096
ASB18	0.0
ASB2	1.7584448901445553
ASB3	0.15819248258010266
ASB4	1.6824553547091696
ASB6	-0.3671088174616788
ASB7	0.010146125259300476
ASB8	-0.5668650378869131
ASCC1	-0.23602715001712227
ASCC2	0.03636360746896372
ASCC3	0.01289743181877867
ASCL1	-0.6663827405266808
ASCL2	0.7435752866587428
ASCL3	-0.16816271665729213
ASCL5	-0.10896336291262432
ASF1A	-0.03553008356953491
ASF1B	0.15694979744426263
ASGR1	1.1168167594511216
ASGR2	2.8700169292617033
ASH1L	-0.13178281289547833
ASH1L-AS1	0.5720446776865069
ASH2L	0.38736940040234735
ASIC1	-0.842615330578063
ASIC2	0.1353459478269596
ASIC3	-0.4561221904771955
ASIC4	-0.6663827405266808
ASIP	-0.2142171583463834
ASL	0.16410170181400296
ASNA1	0.058647243634439405
ASNS	-0.5411411101818846
ASNSD1	-0.08774903168137449
ASPG	-0.3618969512171711
ASPH	0.4528923567773617
ASPHD1	1.0882575652360167
ASPHD2	0.030226138198585772
ASPM	-0.26895267413346957
ASPN	0.0
ASPRV1	0.6275096208188087
ASPSCR1	-0.35438833694154326
ASRGL1	-0.012544130164030776
ASS1	-0.34517325466156734
ASS1P12	0.19373423455987895
ASTE1	-0.22741677880169675
ASTL	0.6908104414887712
ASTN1	0.44186601346556653
ASTN2	-0.32855016734710585
ASXL1	-0.3897085709422168
ASXL2	0.08031330528924308
ASXL3	0.22764885511918312
ATAD1	-0.41030406027934596
ATAD2	-0.026533837741920863
ATAD2B	0.1329328158917491
ATAD3A	0.02276499974324686
ATAD3B	-0.09920851198052105
ATAD3C	0.37727859156400356
ATAD5	-1.0568895393031443
ATAT1	0.2210536396116929
ATCAY	0.25058567858779107
ATE1	-0.3306079923045324
ATE1-AS1	0.4993877089398806
ATF1	-0.234504256281598
ATF2	-0.07611666977567388
ATF3	0.05757592143146262
ATF4	-0.15021489667237198
ATF4P4	0.46679815571029437
ATF5	-0.7211006673830731
ATF6	0.1863461601018166
ATF6B	0.2927497058669193
ATF7	-0.21320137341340129
ATF7IP	-0.373297280892416
ATF7IP2	-0.6274152697025634
ATG10	0.7151163713217743
ATG101	-0.09657463944864553
ATG12	0.3110327955702097
ATG13	-0.038826845423924894
ATG14	-0.7893103446501417
ATG16L1	0.09419429785501521
ATG16L2	-0.30497189694181515
ATG2A	0.41606455344979665
ATG2B	0.2804316848461603
ATG3	0.19624338702736566
ATG4A	0.11455875301304985
ATG4B	0.0358940700663144
ATG4C	-0.1739932855176889
ATG4D	0.1726839398586577
ATG5	0.24796048664292059
ATG7	0.16769709038031877
ATG9A	0.3016306357173075
ATG9B	-0.3143650402403857
ATIC	0.2888346839193474
ATL1	-0.3302049332140613
ATL2	-0.0776992717093723
ATL3	-0.14748053675198491
ATM	0.05649653555304468
ATMIN	0.13753822529069737
ATN1	-0.07182250884232211
ATOH1	-0.7084431203312107
ATOH8	0.4383844631355048
ATOX1	0.18512080983725276
ATP10B	-0.4404155707959591
ATP10D	0.6326179475979092
ATP11A	-0.044059751174906125
ATP11B	0.17648694190392433
ATP11C	0.007297007359419183
ATP12A	-0.5960644946593749
ATP13A1	0.11376760754539283
ATP13A2	0.1827068074410665
ATP13A3	-0.1520560104785762
ATP13A4	-0.7243002653569994
ATP13A5	0.44186601346556653
ATP1A1	0.1550258069472079
ATP1A1-AS1	0.503224786514096
ATP1A2	0.0
ATP1A3	0.349563106173343
ATP1A4	0.8235443489071383
ATP1B1	0.26631437664111957
ATP1B3	0.018118704644578543
ATP23	0.39797411185345766
ATP2A1	0.0967517860402296
ATP2A1-AS1	1.5697539120845123
ATP2A2	-0.14549896558845532
ATP2A3	0.2381802413898768
ATP2B1	-0.0349074943644041
ATP2B1-AS1	0.7238216699376538
ATP2B2	0.662969559865148
ATP2B3	0.8812932599821988
ATP2B4	-0.3344628160319125
ATP2C1	-0.06916758591910366
ATP5A1	0.10528339706363177
ATP5A1P3	0.05336989369785028
ATP5B	-0.1594365382064744
ATP5C1	-0.009875210464858952
ATP5C1P1	-0.02048292378650446
ATP5D	0.47367724312381476
ATP5EP2	0.577211961292526
ATP5F1	0.0582031208743885
ATP5F1P5	0.11723504953695138
ATP5G1	-0.269449097738816
ATP5G1P4	0.19373423455987895
ATP5G1P8	0.19373423455987895
ATP5G2	-0.34511943414630153
ATP5G2P1	0.5591010630025178
ATP5G2P3	0.0
ATP5G2P4	0.0
ATP5G3	0.12053342612630757
ATP5H	-0.16467305250425035
ATP5I	0.26034209437743705
ATP5J	0.3815413077783809
ATP5J2-PTCD1	0.12346176214135474
ATP5J2P4	0.6681953250146608
ATP5L	0.041490701921718554
ATP5LP1	-0.05197789679949416
ATP5O	0.3279038244825241
ATP5S	-0.7362097827554948
ATP5SL	-0.02531810906980958
ATP6	-0.1556734972205387
ATP6AP1	0.640825059016521
ATP6AP1L	0.05949074099493412
ATP6AP2	0.45283061585818274
ATP6V0A1	-1.0623199522113147
ATP6V0A2	0.0740264394147907
ATP6V0B	0.4992472992036703
ATP6V0C	-0.17451091003110797
ATP6V0D1	0.6162253232975079
ATP6V0E1	0.05914966538004229
ATP6V0E1P3	-0.02048292378650446
ATP6V0E2	-0.12131469050525734
ATP6V0E2-AS1	0.3400816648191318
ATP6V1A	-0.0003863162113688645
ATP6V1B1	-0.4404155707959591
ATP6V1B1-AS1	-1.9715522700616284
ATP6V1B2	0.11147982994258676
ATP6V1C1	0.15985967973252713
ATP6V1C2	0.22601223168175633
ATP6V1D	0.15794018088475248
ATP6V1E1	-0.0023546507429959007
ATP6V1E1P1	0.0
ATP6V1E2	0.04803292762033884
ATP6V1F	0.22058079343594628
ATP6V1G1	-0.36199031664310155
ATP6V1G2-DDX39B	0.19373423455987895
ATP6V1H	0.32987563820091204
ATP7A	0.23213879414698546
ATP7B	0.18095207706586702
ATP8	-0.1608267086427464
ATP8A1	1.1696897724570832
ATP8A2	-0.3424976411407341
ATP8A2P3	0.19373423455987895
ATP8B1	-0.11520596045395703
ATP8B2	-0.25118925567928363
ATP8B3	0.15018735675792794
ATP8B4	1.3633497981001668
ATP8B5P	-1.3282253375721376
ATP9A	-0.2142171583463834
ATP9B	-0.0044770419895208136
ATPAF1	-0.23175938284746955
ATPAF2	0.0934661374009087
ATPIF1	0.41091595456702024
ATR	-0.01118897617160819
ATRAID	0.23500003240251743
ATRIP	-0.03970235065687078
ATRN	0.17628401700578067
ATRNL1	0.0014504426696074213
ATRX	-0.02951330869571933
ATXN1	0.6951792209712409
ATXN10	0.23017388417711437
ATXN1L	-0.22075876230267255
ATXN2	-0.25006913224545535
ATXN2L	-0.24905687010494404
ATXN3	-0.24015502125063293
ATXN7	-0.10276904255250408
ATXN7L1	-0.020511404565127123
ATXN7L2	-0.060581876856153016
ATXN7L3	-0.8988209395119799
ATXN7L3B	-0.17290963258063208
AUH	-0.038202058777809356
AUNIP	-0.14138292500654082
AUP1	0.18963180358731613
AURKA	-0.28708089866532305
AURKAIP1	-0.04017273619079198
AURKB	-0.3353451404639838
AURKBPS1	0.0
AUTS2	-0.6968274838605171
AVEN	-0.02550348234308686
AVIL	-0.5378340590990622
AVL9	-0.2250366315333352
AVPI1	-0.350900712673087
AVPR1B	-0.16816271665729213
AVPR2	0.349563106173343
AXDND1	-0.19878721941562727
AXIN1	-0.3266881393199341
AXIN2	1.1404537822982292
AXL	0.1094254813029048
AZI2	0.1735601390951267
AZIN1	0.06226196418304042
AZIN1-AS1	1.8338912311203908
AZIN2	1.0114891832115198
AZU1	0.2681029163520421
B2M	0.6542414745255005
B3GALNT2	-0.2625684328466562
B3GALT4	1.0731124069124909
B3GALT6	0.20490664294762873
B3GAT2	0.577211961292526
B3GAT3	0.0958786260617277
B3GLCT	0.2918656926536123
B3GNT2	0.23372330464970226
B3GNT3	0.0
B3GNT4	-0.42681355653239117
B3GNT5	0.7794792820408052
B3GNT7	-1.4511448166949508
B3GNT8	0.4517331899280044
B3GNT9	1.5104476051955391
B3GNTL1	-0.085632794852188
B4GALNT1	-0.04421442832195499
B4GALNT3	0.8793328286489093
B4GALNT4	0.0
B4GALT1	0.3416472089453215
B4GALT1-AS1	0.7109953386291825
B4GALT2	0.2901112952990168
B4GALT3	0.18419653855563745
B4GALT4	0.08107515658266884
B4GALT4-AS1	-0.4747209515768012
B4GALT5	-0.28855769763141836
B4GALT6	-0.8534792535535392
B4GALT7	-0.07078296294026032
B4GAT1	0.13524728921631546
B9D1	0.2461760408982796
B9D2	0.35519526448271943
BAALC	-0.4404155707959591
BAALC-AS1	0.49773419279270503
BAALC-AS2	0.349563106173343
BAAT	-0.5436759250639691
BABAM1	0.11355877287340732
BACE1	0.9055205572838902
BACE1-AS	-0.9170210949969118
BACE2	-0.2142171583463834
BACH1	0.374797882197603
BACH1-IT2	-0.3231805212590077
BACH2	5.440862581216357
BAD	0.06164096860151069
BAG1	0.18039156093143838
BAG2	0.43063250731752767
BAG3	0.9610788299346713
BAG4	-0.1496927021457335
BAG5	-0.11152270668437936
BAG6	0.20548728893397517
BAGE2	0.5498410520988639
BAHCC1	-0.8130644039011798
BAHD1	-0.13130184482335494
BAIAP2	1.1766123394755867
BAIAP2-AS1	-0.76673040174005
BAIAP2L1	-1.2506972238017173
BAIAP2L2	0.018217472082039166
BAIAP3	-0.2828378769273284
BAK1	0.2284489949329469
BAK1P1	-0.39976376314758755
BAMBI	0.49332766095391634
BANCR	0.0
BANF1	0.10147688592767068
BANF1P2	0.5863404714397903
BANF1P3	-0.057318288306452914
BANF1P4	-0.2142171583463834
BANK1	0.0352254505905103
BANP	0.013100192369199348
BAP1	-0.12671837893126714
BARD1	-0.05071446022883386
BARHL2	0.44186601346556653
BARX1	0.6356002480254456
BASP1	0.6960331310234764
BATF	-0.02559158469789402
BATF2	-0.46089849458246357
BATF3	-0.39463892410278056
BAX	0.0015446305563795448
BAZ1A	-0.16800691587996397
BAZ1B	-0.03751272246570281
BAZ2A	-0.1866259112278339
BAZ2B	0.44593046901748323
BBC3	-0.31521481366979476
BBIP1	-0.43584071400036706
BBOF1	0.5690165138084256
BBOX1	4.271197706288104
BBOX1-AS1	0.3314522078833348
BBS1	-0.142477871502539
BBS10	-0.07539271679221216
BBS12	0.07872138264060613
BBS2	-0.1449661326535523
BBS4	-0.11156137335248673
BBS5	0.027085986871730583
BBS7	0.055016279783997035
BBS9	-0.4291674272323931
BBX	-0.06327446272094583
BCAN	1.30158437999546
BCAP29	0.05479117314468951
BCAP31	0.4081797649996872
BCAR3	0.01580567815904832
BCAR4	-0.9473694575436031
BCAS1	-0.3850145694376545
BCAS2	0.0512562647086483
BCAS2P1	0.6810153140566778
BCAS3	-0.6600184978627439
BCAS4	-0.8292025325848372
BCAT1	-0.4840040504818379
BCAT2	-0.05609841029458451
BCCIP	-0.3293941777629783
BCDIN3D	0.14479299845373195
BCDIN3D-AS1	-0.38481072947994877
BCHE	0.19373423455987895
BCKDHA	0.6427531374086062
BCKDHB	0.09636291472756575
BCKDK	0.07189142892399225
BCL10	0.08079230781421387
BCL11A	-0.5442793779706427
BCL11B	-0.3949624919916419
BCL2	-0.05538119254320151
BCL2A1	2.4929754331006015
BCL2L1	-0.4234205868672376
BCL2L10	-0.19128033487777554
BCL2L11	-0.018123512912687545
BCL2L12	0.46639490922409266
BCL2L13	0.24956469495358746
BCL2L15	-0.36052502189512303
BCL2L2-PABPN1	-0.54135913364117
BCL3	2.0913618401430925
BCL6	0.9321258405194044
BCL7A	-0.4221045326021322
BCL7B	-0.012831881707002779
BCL7C	0.03630996970952527
BCL9	-0.03628504750461037
BCL9L	-0.05348978725592257
BCLAF1	0.06329271016436167
BCLAF1P1	-0.3085270575193207
BCO2	-0.7160034553196404
BCOR	0.15177285468806545
BCORL1	0.23203496577717786
BCR	-0.11772321132565011
BCRP1	0.23292231602969005
BCRP2	0.4103983956032198
BCRP3	-0.43340833725550043
BCRP5	0.349563106173343
BCRP6	0.8619295595745399
BCRP7	0.46679815571029437
BCS1L	-0.22666945584882647
BCYRN1	1.545455672205056
BCYRN1P1	0.44186601346556653
BDH1	-0.11229452843896404
BDH2	-0.3114978980769365
BDH2P1	0.3271617117586292
BDKRB2	0.3315850914112749
BDNF	0.5989428250376767
BDNF-AS	1.595917878190083
BDP1	0.08061581166791854
BECN1	-0.9784743365567596
BEGAIN	-0.3634453701332281
BEND3	0.030920388626936912
BEND3P1	-0.24650138848603192
BEND3P3	0.19373423455987895
BEND6	0.07519710351094666
BEST1	1.3953432705425453
BEST3	-0.08210941991886544
BEST4	-0.2142171583463834
BET1	0.19771742301944073
BET1L	0.05119560213305796
BEX1	0.5125542211406255
BEX3	-0.7422447325563372
BEX4	-0.7497954197488319
BFAR	-0.5919950668470371
BFSP1	-1.3622782893328056
BFSP2	-1.551288782501598
BFSP2-AS1	0.41204857523322413
BHLHB9	0.7011427113359145
BHLHE40	1.0893718223581246
BHLHE40-AS1	1.0422734248259338
BHLHE41	0.23463988766598654
BHMG1	-1.0005799151236168
BICC1	0.14079645811255398
BICD1	-0.3623644522105991
BICD2	0.06735334074474153
BICDL1	-1.3920575505759096
BICDL2	0.0
BID	0.283417740081072
BIK	-0.5690479915930382
BIN1	0.9735886468204575
BIN2	0.9327046354613291
BIN3	0.14737812511471837
BIRC2	0.14599584716714276
BIRC3	0.07721571653038417
BIRC5	-0.07379592504465116
BIRC6	0.17888244478510984
BIVM	-0.2232329374579134
BIVM-ERCC5	0.025053220850767666
BLACAT1	-0.3975284054447392
BLACE	-0.11918740874929235
BLCAP	-0.04973889605987658
BLM	-0.023356223661652464
BLMH	0.012726108060617136
BLNK	0.16482648266120942
BLOC1S1-RDH5	-1.1946660536578018
BLOC1S2	-0.1404150512138287
BLOC1S3	0.06730290630614455
BLOC1S4	0.26702852485591677
BLOC1S5-TXNDC5	-0.6671366994672931
BLOC1S6	0.08523431626562683
BLVRA	-0.0914659706785983
BLVRB	0.04382927299374906
BLZF1	0.25917491699363104
BLZF2P	-0.016199636379540583
BMF	0.47439527036294926
BMP1	0.8541387374422511
BMP10	-1.57679018974031
BMP2K	0.23310668321225236
BMP4	-0.19128033487777554
BMP5	0.44186601346556653
BMP6	1.139927701893808
BMP8A	-0.9170016948148276
BMP8B	-0.6249184307375666
BMPER	-0.3618969512171711
BMPR1A	-0.3940780474560679
BMPR1APS1	-0.2142171583463834
BMPR1B	-0.10172687094217459
BMPR2	0.19350118815888884
BMS1	-0.09220396292822386
BMS1P10	-0.09705241957585375
BMS1P15	-0.3663709608132102
BMS1P16	0.13922283978568206
BMS1P17	0.03600478106907534
BMS1P18	-1.5432215136265082
BMS1P22	-0.4880485857408989
BMS1P4	-0.08409595996646857
BMS1P5	-0.1875094471036194
BMS1P6	-0.3856226283423023
BMS1P7	0.1653645190026447
BMS1P8	-0.8500012415414111
BMT2	0.35733537796498105
BMX	0.349563106173343
BNC2	-0.21624826600683772
BNIP1	-0.10807902382831003
BNIP2	-0.0743570365425672
BNIP3	-0.4940064983084529
BNIP3L	0.09159756316928025
BNIP3P1	0.884764462072827
BNIP3P12	-0.2142171583463834
BNIPL	-0.21625137191016286
BOC	0.586920381733978
BOD1	-0.1358322830816956
BOD1L1	-0.05157738502888698
BOK	-0.2142171583463834
BOK-AS1	-0.3186094631307652
BOLA2-SMG1P6	-1.3147458607825193
BOLA3	0.2108130041461802
BOLA3-AS1	-1.1032884881323777
BOP1	0.32557013194929496
BORA	-0.009248103414815745
BORCS5	-0.32927695673804447
BORCS6	0.3004959802351692
BORCS7-ASMT	0.24131460742970745
BORCS8-MEF2B	-0.19394496709906583
BPGM	-0.20792139708147062
BPHL	0.8090606802781188
BPI	1.8408489829911043
BPIFA4P	0.0
BPIFC	0.3314522078833348
BPNT1	-0.3840301458369435
BPTF	-0.3925452059415768
BRAF	-0.0013116285919423376
BRAP	-0.31870174015109853
BRAT1	0.2986781567007526
BRCA1	-0.9985796595346539
BRCA2	0.34878551327928875
BRCAT107	0.3314522078833348
BRCAT54	0.9772901603646584
BRCC3	0.15869117862433235
BRD1	-0.08270425790759717
BRD2	0.1307691445257717
BRD3	-0.24251978173457545
BRD4	-0.12483688788767644
BRD7	0.01970478904163464
BRD7P2	1.3162651465709443
BRD7P5	-0.4404155707959591
BRD8	-0.002726933742987825
BRD9	-0.29213241955977054
BRE	-0.018951614994968224
BRE-AS1	-0.16474685405854506
BREA2	0.33000911257937826
BRF1	0.04226864003033093
BRF2	0.13073207958839994
BRI3	0.11796101624873323
BRI3BP	-0.6043156178640174
BRI3P1	0.6481603759454431
BRICD5	0.03864902264514214
BRINP1	0.0
BRINP2	-0.4404155707959591
BRINP3	0.5293581283123594
BRIP1	-0.5166664737856408
BRIX1	0.153985001119878
BRK1	-0.0024769384227596447
BRMS1	-0.19734042014325048
BRMS1L	-0.23345447475094616
BROX	-0.1397098582560421
BRPF1	-0.07716512407499998
BRPF3	0.34738894821107635
BRSK1	-0.33840207037739756
BRWD1	0.6819546987866616
BRWD1-AS1	0.9502162428137908
BRWD1-IT2	0.06725120113899319
BRWD3	0.05368635691259627
BSDC1	0.16906523369950044
BSG	0.567087320584676
BSN	-0.4362760994877055
BSN-AS2	0.04487591252251821
BSPRY	-1.3408322547486349
BST1	0.0721857499536851
BST2	0.5480747081927877
BTAF1	-0.665916927531363
BTBD1	0.04049349265853763
BTBD10	-0.17580317388080502
BTBD11	-1.6640077263463562
BTBD18	0.543297340733222
BTBD19	1.9428016773997483
BTBD2	0.942039671961731
BTBD3	-0.18310567009559264
BTBD6	0.004629319793666653
BTBD7	-0.04855723287106528
BTBD8	0.4539545515752108
BTBD9	-0.24253276908404686
BTC	1.2385929042267072
BTD	-0.10394471112361536
BTF3	0.05579017715120216
BTF3L4	0.07318321754864954
BTF3L4P1	-0.2142171583463834
BTF3L4P3	-0.4404155707959591
BTF3P10	0.0014504426696074213
BTF3P5	-0.24821817894108744
BTF3P7	0.349563106173343
BTG1	0.24179270978815381
BTG1P1	-0.5261552426443672
BTG2	1.2168812511643567
BTG3	0.18075859629562707
BTG4	0.0
BTK	0.3787913376671579
BTLA	-0.2806178062271685
BTN1A1	0.349563106173343
BTN1A1P1	-0.4747209515768012
BTN2A1	0.20930491444437926
BTN2A2	-0.23639479100819827
BTN2A3P	-0.08350238624177919
BTN3A1	0.5992129552614465
BTN3A2	0.20004974059678915
BTN3A3	0.5343899326287769
BTNL8	0.5134771825063804
BTNL9	0.2686344864141921
BTRC	-0.39440496186104923
BUB1	0.17844469189055268
BUB1B	0.15681360171720193
BUB1B-PAK6	-0.36283661913622645
BUB3	-0.3240611499280597
BUD13	-0.21879473485242507
BUD13P1	0.3314522078833348
BUD31	0.010450745453637111
BVES	0.4539781666682774
BYSL	0.1596483557029238
BZW1	0.22996620896533138
BZW1P1	-0.02048292378650446
BZW1P2	-0.274959772430444
BZW2	0.12946988588739394
C10orf10	-0.10896336291262432
C10orf105	-0.10479167704347858
C10orf11	0.3161280550708616
C10orf111	-0.04939067568517397
C10orf128	-0.06927547486359886
C10orf131	-0.2460015666850892
C10orf25	0.07962761913826988
C10orf55	-0.6390457791822659
C10orf71	0.0
C10orf76	-0.40094931561932334
C10orf88	-0.4905917817646852
C10orf91	-0.6292893609486043
C10orf95	0.051272237793787756
C11orf1	-0.06441413743000979
C11orf21	-0.23208166550909404
C11orf24	0.3412324963836042
C11orf42	-0.2544451592576715
C11orf44	0.19373423455987895
C11orf49	-0.09624700564187094
C11orf54	0.008188306808618151
C11orf57	-0.22373666488640964
C11orf58	-0.08937811470847024
C11orf63	0.8878336569639362
C11orf65	-0.25258787967941565
C11orf68	-0.02569564449544348
C11orf70	0.349563106173343
C11orf71	0.7779758761639108
C11orf72	-0.03825626070618782
C11orf74	-0.57783465407047
C11orf80	-0.16164677142877082
C11orf84	-0.07220450560226865
C11orf91	-0.24966862161069486
C11orf94	-0.060908780581506505
C11orf95	-0.22630677290007384
C11orf96	-0.01933907150681735
C11orf97	0.1353459478269596
C12orf10	-0.14218901823733532
C12orf29	-0.40074307291565603
C12orf4	-0.45524473794294984
C12orf40	-0.13488106638054842
C12orf42	-1.1873270914507845
C12orf43	-0.4920720057083674
C12orf45	-0.4382587469898631
C12orf49	-0.2822813544614178
C12orf50	0.4539781666682774
C12orf54	-0.4404155707959591
C12orf56	-0.8576630754044565
C12orf57	-0.08603983136930182
C12orf60	-0.3685506326235384
C12orf65	-0.398053612470207
C12orf66	-0.23373702558366993
C12orf73	-0.45047256094818344
C12orf75	-1.6466429346325064
C12orf76	-0.2320907712657787
C14orf1	0.4335005025887053
C14orf119	0.010961256628693405
C14orf159	0.2137287833903141
C14orf166	-0.2656341326511651
C14orf178	-0.7368350473770948
C14orf180	0.0
C14orf2	-0.05186184819271311
C14orf28	-0.22810089565877156
C14orf37	0.32908018238683856
C14orf79	-0.14101653942171843
C14orf80	-0.20714339656334513
C14orf93	-0.4502641905934661
C15orf39	0.14046220675291465
C15orf40	-0.04874681699172534
C15orf41	-0.43432384305139493
C15orf48	0.708828789838603
C15orf52	1.0693657065247417
C15orf53	-0.02048292378650446
C15orf57	0.20580363176696892
C15orf61	0.1106320725460801
C15orf62	0.8831587888594261
C15orf65	0.17206045672050863
C16orf45	2.4153781660795137
C16orf46	-0.2114324329920585
C16orf52	-0.12508266409149194
C16orf54	0.27428317786098333
C16orf58	0.5276815711883547
C16orf59	-0.674120891185936
C16orf62	0.2412221134860566
C16orf70	-0.0003122920253382233
C16orf71	-0.07666818589434732
C16orf72	-0.5251523286796012
C16orf74	-0.06739308985604442
C16orf86	0.41434890570310756
C16orf87	0.07265400001134559
C16orf89	-0.19128033487777554
C16orf91	0.05703722881401063
C16orf95	0.4529060960732947
C16orf96	-0.37230645391852557
C17orf100	-0.09484553731381418
C17orf107	0.0764875119183337
C17orf47	0.19373423455987895
C17orf51	0.4475200280872338
C17orf53	-0.871314681288772
C17orf58	-0.0954040664309419
C17orf62	-0.30152137407648283
C17orf64	-0.12816001933857546
C17orf67	-0.15154569302272947
C17orf74	-0.3850145694376545
C17orf75	-1.1609004127578277
C17orf78	0.7733182213489013
C17orf80	-0.38275000728112474
C17orf82	-0.2142171583463834
C17orf97	0.4729262486444359
C17orf98	-0.6085782874532513
C17orf99	-1.6280519600419912
C18orf21	-0.09910461470905041
C18orf25	-0.21547545192726147
C18orf54	-0.20658729084063765
C18orf61	-0.5960644946593749
C18orf65	0.8089081636885549
C18orf8	0.15252662560609842
C19orf12	-0.052435397433431064
C19orf24	0.4358617631413848
C19orf25	-0.23308256471736222
C19orf35	0.7893980119784552
C19orf38	-0.6336516823234213
C19orf43	-0.08040914392915965
C19orf44	-0.610634659957694
C19orf47	-0.2201200933536711
C19orf48	-0.2622490236124744
C19orf53	0.02196394478230168
C19orf54	0.4993154340005743
C19orf57	0.1544924022957126
C19orf60	0.021618154161751946
C19orf66	0.40922292111708103
C19orf67	-0.8254301402336136
C19orf68	-0.1896587300553847
C19orf70	-0.18936478973491688
C19orf71	-0.4145764457785788
C19orf73	1.4568072899087223
C19orf84	0.0
C1D	-0.10278001299687389
C1DP1	-0.37850148304431297
C1GALT1	-0.18948555651850363
C1GALT1C1	0.5017196748563819
C1GALT1P1	-0.8219579155880479
C1QBP	-0.020955976410368393
C1QL3	0.6670761016358153
C1QL4	0.349563106173343
C1QTNF3-AMACR	-0.4500227245660291
C1QTNF4	-1.6347536891045813
C1QTNF6	-0.16067552469702884
C1QTNF7	0.44186601346556653
C1QTNF9B-AS1	1.424432191367166
C1R	0.46631970830855596
C1RL	1.0897913189835569
C1RL-AS1	0.1696702061549189
C1S	-0.9168882048636458
C1orf101	-0.49098909613922936
C1orf105	0.49056311792309737
C1orf106	-0.01109799801422895
C1orf109	-0.0644369347035525
C1orf112	-0.02956215444436161
C1orf115	-0.3850145694376545
C1orf116	0.23825183354396307
C1orf122	0.33388992698410735
C1orf123	0.11797345892335187
C1orf127	0.0027525774765813082
C1orf131	-0.11726820114714265
C1orf132	-0.19978679563821355
C1orf145	-0.06537799949138545
C1orf159	0.08030663981871822
C1orf162	0.21244124259489183
C1orf167	0.32558127762399214
C1orf174	0.26210221992413985
C1orf185	0.44186601346556653
C1orf186	-0.16248331307233244
C1orf189	-0.08379533869303657
C1orf198	0.0908992735530667
C1orf204	0.8866901405367607
C1orf21	-0.7299794986459691
C1orf216	-0.005751059547989712
C1orf220	-0.3844759858715081
C1orf226	2.472063369500791
C1orf228	0.13620283028741298
C1orf229	-0.09085246462261609
C1orf234	0.11868549220655877
C1orf27	-0.2632896880686655
C1orf35	-0.5997988564415042
C1orf43	0.30973309792755366
C1orf50	0.4747799326583735
C1orf52	0.13363288264974926
C1orf53	-0.7350940273447177
C1orf54	-0.6403797473743502
C1orf56	-0.6085782874532513
C1orf61	-0.2142171583463834
C1orf74	-0.35113141118360325
C1orf87	0.349563106173343
C2	0.031051942674139354
C20orf194	0.335728896885338
C20orf196	0.26708140858422524
C20orf197	-1.0665419097176088
C20orf202	-0.3562727071372054
C20orf203	-0.997668879541435
C20orf27	0.18118055286666213
C20orf85	-0.3850145694376545
C20orf96	-0.11630157896051685
C21orf2	0.06041836666850653
C21orf33	0.2799212620357441
C21orf58	0.11799741318755963
C21orf59	0.3162791777024605
C21orf62	1.232505922331274
C21orf62-AS1	0.2815150990581783
C21orf91	0.48365932758927777
C21orf91-OT1	-0.6576572739270183
C22orf23	0.01946218677037903
C22orf24	-0.35863682864769997
C22orf34	-0.9596427010205009
C22orf39	-0.23456367790181787
C22orf46	0.3813015407338174
C2CD2	-0.13176737953874706
C2CD2L	0.3459084483402375
C2CD3	-0.14093972774236363
C2CD5	-0.38131992940295234
C2orf15	-0.7459550993802821
C2orf16	-0.6663827405266808
C2orf27A	-0.7154863381713579
C2orf27B	0.06509248071779328
C2orf42	-0.08400464225177018
C2orf48	-0.30830810924950214
C2orf49	-0.05207331362289125
C2orf50	0.6356002480254456
C2orf61	-0.421675927047223
C2orf66	0.9005604662485807
C2orf68	0.01344438528999703
C2orf69	-0.06614814930760815
C2orf70	0.0
C2orf72	0.10894647665669477
C2orf73	0.7435752866587428
C2orf74	-0.4956731824187388
C2orf76	0.31759176576930415
C2orf80	0.056851444027912035
C2orf81	0.1943541622156868
C2orf82	0.3920758464808243
C2orf88	1.5688323244438904
C3	2.1950313942090087
C3AR1	2.0783297192906662
C3orf14	0.0
C3orf18	0.17137155077945465
C3orf20	-0.31399025296970073
C3orf22	0.1343817393273733
C3orf33	-0.1381010957516562
C3orf35	-0.9140504848723414
C3orf38	-0.04620176001668952
C3orf49	0.24780136101646022
C3orf52	0.19373423455987895
C3orf58	-0.07307087385079214
C3orf62	0.11149913874832507
C3orf67	0.6681953250146608
C3orf67-AS1	-0.053562361554319704
C3orf70	-0.3982479493892561
C3orf80	0.3405901247633185
C4A	0.6454519772694783
C4B	-0.4404155707959591
C4orf17	-0.47264850596680186
C4orf19	1.6546775865127783
C4orf22	-0.741456176724292
C4orf26	-1.2393789519022107
C4orf3	0.3965551207196878
C4orf32	0.019214487048888174
C4orf33	-0.25216641476018964
C4orf36	-0.4736999411867
C4orf45	0.9087950682753794
C4orf46	-0.20055662684619158
C4orf47	1.2965905312873753
C4orf48	1.5352422726722579
C4orf51	-0.19128033487777554
C5	0.25580353376774756
C5AR1	1.3890276902998187
C5AR2	1.4729955688188858
C5orf15	0.04972875901635376
C5orf17	-0.2669843122725363
C5orf22	0.17797347655613116
C5orf24	0.027958823970633873
C5orf30	-0.06778084884807534
C5orf34	0.18286472959320932
C5orf42	0.5809145408914281
C5orf51	0.12323269100759582
C5orf56	-0.47797782909476183
C5orf58	0.29965730145282254
C5orf60	0.0
C5orf63	-0.6374879141973215
C5orf64	-0.3618969512171711
C5orf66	0.3983197593760277
C5orf67	0.543297340733222
C6orf1	0.30025712486840295
C6orf10	0.19373423455987895
C6orf106	0.06676182069801051
C6orf120	0.13696237701182845
C6orf136	0.13415182332217412
C6orf163	-1.2079647301117862
C6orf201	0.44594867927600146
C6orf203	0.17458532947451033
C6orf222	0.0
C6orf223	0.6075700770524604
C6orf226	1.0064239850088925
C6orf47	0.08193634653827431
C6orf48	-0.3441059393936463
C6orf52	0.6902022908371199
C6orf58	0.07002683182602831
C6orf62	0.1831757061191066
C6orf89	0.12339737168808185
C6orf99	0.37303376333636606
C7	-0.3618969512171711
C7orf13	0.4992007950503963
C7orf25	-0.010258298272333377
C7orf26	-0.1698545617738656
C7orf31	-0.5112560877049193
C7orf34	0.0
C7orf43	0.07779298964763992
C7orf49	-0.008274705111734448
C7orf50	-0.034937745611259174
C7orf61	0.44782407001380875
C7orf72	0.0
C7orf73	0.09563660168537425
C7orf76	0.93753161599898
C8B	-0.4404155707959591
C8G	0.0947459468293963
C8orf33	-0.10398047375819175
C8orf34	-0.21647758230506148
C8orf34-AS1	0.349563106173343
C8orf37	-0.1416351197952972
C8orf37-AS1	-0.44886617849449584
C8orf44-SGK3	-0.0771146135303189
C8orf46	0.349563106173343
C8orf58	0.5692357323590151
C8orf59	-0.18638621497584928
C8orf76	-0.4529061833637984
C8orf82	0.4207301295048538
C8orf88	-0.49634995784677494
C9	0.44186601346556653
C9orf116	-0.3906939103121796
C9orf131	-0.03545146326431148
C9orf139	-0.7835272604938801
C9orf142	-0.20077913552560567
C9orf152	0.4383844631355048
C9orf153	-1.1427165809268405
C9orf16	0.2956932545471833
C9orf163	0.09559271890256316
C9orf172	0.3314522078833348
C9orf24	0.4383844631355048
C9orf3	-0.03261320146801694
C9orf40	0.5435029053943161
C9orf41-AS1	0.28316072043466445
C9orf43	0.24156726396661066
C9orf47	0.0
C9orf50	0.0
C9orf64	-0.03044474333383629
C9orf66	1.3990232816461607
C9orf69	-0.1049692235791646
C9orf72	-0.1072109491889357
C9orf78	-0.41230355008424624
C9orf84	-0.10479167704347858
C9orf85	-0.1449194467217314
CA1	-0.3850145694376545
CA10	-0.16816271665729213
CA11	-1.1714940639953433
CA13	0.6518816614751417
CA14	0.19373423455987895
CA2	1.0421358280296609
CA3	0.6084067625329783
CA3-AS1	0.33806534563077006
CA4	-0.35669983032179564
CA5AP1	1.606841035622357
CA5B	-0.10793921099326109
CA5BP1	0.4666511460052547
CA6	0.0
CA8	-0.11367806910478961
CA9	0.38116644268020583
CAAP1	0.06062636144968714
CAB39	0.10373696506914243
CAB39L	0.20205584436265678
CABIN1	-0.0179422176733528
CABLES1	1.4326186784312718
CABLES2	0.5935416921154708
CABP1	-0.7469115206548255
CABP4	0.4383844631355048
CABP7	0.8080454910257227
CABYR	1.7745913673898597
CACFD1	0.09465923983875468
CACHD1	-0.14883561958841884
CACNA1A	-0.4714140523376198
CACNA1B	0.19188307464947274
CACNA1C	-0.3721361640456
CACNA1C-AS1	0.6810153140566778
CACNA1C-AS2	0.7435752866587428
CACNA1D	0.8950418614287969
CACNA1E	-0.21647758230506148
CACNA1F	-0.3618969512171711
CACNA1G	0.9851633541987885
CACNA1I	0.19373423455987895
CACNA1S	0.349563106173343
CACNA2D1	0.0006497382646486471
CACNA2D2	0.349563106173343
CACNA2D3	0.07348845868652099
CACNA2D4	0.17168325591732092
CACNB1	0.24578267401483256
CACNB2	-1.1152375319235075
CACNB3	-0.2662246087248539
CACNB4	-0.4608993581533838
CACNG2	-0.2142171583463834
CACNG3	0.0
CACNG4	-0.4747209515768012
CACNG8	0.19373423455987895
CACTIN	0.32076936506299525
CACUL1	-0.4137374209805724
CACYBP	0.10812413215990269
CACYBPP2	-0.10896336291262432
CAD	-0.2088762510785127
CADM2	-0.08614643547985423
CADM4	0.7192939522752051
CADPS	0.4260506180916766
CADPS2	-1.1539780776614115
CAGE1	0.8736832978941327
CAHM	0.6986687103089693
CALB2	0.349563106173343
CALCB	-0.2142171583463834
CALCOCO1	-0.192343102594009
CALCOCO2	-0.21271449746858018
CALCRL	-1.3082854210347417
CALD1	-0.39268162638299414
CALHM2	0.01461198767634908
CALHM3	0.349563106173343
CALM1	0.2608240543887579
CALM2	0.08496811422972605
CALM2P2	-0.5660406884784045
CALM3	0.19423505237052652
CALML4	-0.4946084423486088
CALML6	0.5498410520988639
CALN1	-0.28238255744858476
CALR	-0.14203711400774566
CALR3	-0.8125420769644363
CALR4P	0.7450257293283502
CALU	0.18166481581143756
CALY	-0.3850145694376545
CAMK1	1.5116638953959356
CAMK1D	-0.23518143622999066
CAMK1G	-0.3618969512171711
CAMK2A	0.4383844631355048
CAMK2B	-2.325948732722978
CAMK2G	0.04965044012706166
CAMK2N1	-0.3850145694376545
CAMK2N2	0.38470378862998356
CAMK4	-0.735697451244941
CAMKK1	0.33398617969951516
CAMKK2	-0.4026631930908984
CAMKMT	-0.3586575413607873
CAMKV	-0.9252068359312005
CAMLG	0.026680118958820387
CAMP	0.6319857399282949
CAMSAP1	-0.34341854430106267
CAMSAP2	-0.24324554107856056
CAMSAP3	-0.19128033487777554
CAMTA1	0.2150969850123836
CAMTA2	0.04352432081976154
CAND1	-0.3556942221226027
CAND1.11	0.34152600395177957
CAND2	-0.05143429106756592
CANT1	-0.2294093175274039
CANX	0.16479042898436447
CAP1	0.5238436425944535
CAP2	1.0063842869698696
CAPG	1.127416079315898
CAPN1	0.27420639924746126
CAPN10	-0.09813375798611101
CAPN10-AS1	0.38185730469710677
CAPN11	-1.8600775714739786
CAPN12	-0.2624717085673486
CAPN13	-1.064678977391476
CAPN14	-1.428845186219614
CAPN15	-0.4818284657376033
CAPN2	0.13712447282024876
CAPN3	0.28090942476783365
CAPN5	0.6637934378219237
CAPN7	0.14872255056067019
CAPN8	0.0
CAPNS1	0.26509036628307925
CAPRIN1	0.02532220549433184
CAPRIN2	-0.8015324928445304
CAPS	-0.6738782928754738
CAPS2	-0.26565760319108733
CAPSL	0.4114212701317302
CAPZA1	0.2176893301559364
CAPZA1P	-0.2142171583463834
CAPZA2	0.09300578992725939
CAPZB	0.31478771715643283
CARD10	1.5637501194332701
CARD16	0.10993078429332925
CARD19	0.35802248137727677
CARD6	0.9127271317444912
CARD8	0.02919118844678792
CARD8-AS1	0.01860784896041423
CARD9	-0.13841469838602016
CARF	-0.062203512300024855
CARHSP1	-0.6140641020016862
CARM1	0.11322503480739066
CARM1P1	0.3314522078833348
CARMIL1	2.3379508975722825
CARMIL2	-0.8203191575213342
CARMIL3	-0.688046193012358
CARMN	-0.03545146326431148
CARNMT1	0.003046043202630244
CARNS1	1.636771848154551
CARS	0.026358410699058865
CARS2	0.0034890399361220403
CASC1	-0.7703582210584607
CASC10	-0.05873723535438735
CASC11	0.20611818666701787
CASC15	-0.20180159543362342
CASC17	-0.19128033487777554
CASC18	-0.2142171583463834
CASC19	0.0
CASC2	-0.7202993557551505
CASC21	1.5220036600208007
CASC3	-0.9319997893402405
CASC4	0.09070058621644961
CASC8	0.8498974343201535
CASC9	-0.2142171583463834
CASD1	-0.03013729153883915
CASK	0.08648363485517585
CASKIN1	-0.4542632592958653
CASKIN2	-0.8940925504315893
CASP1	-0.06577365045102468
CASP10	0.37864698385366324
CASP16P	0.349563106173343
CASP1P2	0.19373423455987895
CASP2	-0.012340013938576533
CASP3	0.1349033446033161
CASP4	0.0736893132370966
CASP5	-0.02048292378650446
CASP6	0.026261486450554372
CASP7	-0.17879248030408945
CASP8	-0.03163591705200197
CASP8AP2	-0.133219258038217
CASP9	0.5275432798008781
CASQ1	0.44186601346556653
CASR	0.0
CASS4	0.781686668296385
CAST	0.08424810359189827
CASZ1	-0.05226108396557905
CAT	0.18527080196469115
CATIP	0.349563106173343
CATIP-AS1	1.5383025137767177
CATIP-AS2	1.139649370500989
CATSPER1	1.6098867102898153
CATSPER2	-0.44232604679146004
CATSPER2P1	-0.42360936433917473
CATSPER3	0.021947000392883886
CATSPER4	0.6908104414887712
CATSPERB	0.0
CATSPERD	0.1353459478269596
CATSPERG	-0.5669392010876151
CAV1	-0.8541942000246195
CAV2	-0.3850145694376545
CBARP	0.5482043615721506
CBFA2T2	-0.19409347896088924
CBFA2T3	0.12191465598042406
CBFB	0.09269651815087698
CBL	0.08561215913065467
CBLB	-0.07941822146180222
CBLL1	-0.15629803400492648
CBLN3	0.003713518191085896
CBR1	0.5148916958157947
CBR3-AS1	1.099876592913092
CBR4	-0.09118402036090067
CBS	-0.2583910138823775
CBWD1	0.10850537720553532
CBWD2	-0.04309949375632982
CBWD3	-0.40262348589832797
CBWD4P	-0.5388573811625363
CBWD5	0.06375606183125448
CBWD6	-0.13621125606938111
CBX1	-0.45046252768781514
CBX1P1	-0.15463970284049644
CBX1P3	0.19373423455987895
CBX2	-0.1501183930836838
CBX3	-0.0450081798562465
CBX3P2	0.12496472228585898
CBX3P4	0.7733182213489013
CBX3P9	-0.37230625716847787
CBX4	-0.17660434236939437
CBX5	0.5073655055469111
CBX6	-0.14060966747976877
CBX7	0.19568151165932957
CBX8	0.07385401539050918
CBY1	0.2532047148849461
CBY3	0.0
CC2D1A	-0.18671973402808106
CC2D1B	0.15635598605564027
CC2D2A	0.11697290621505552
CC2D2B	0.5860229204355574
CCAR1	-0.1491664486845803
CCAR2	0.1462146839956393
CCBE1	-0.40612438428310305
CCDC102A	-0.010748634550040492
CCDC102B	-0.2752653035054067
CCDC103	-1.1159793624795036
CCDC106	-0.04301995407791637
CCDC107	0.01910188640782362
CCDC112	-0.17693971238158568
CCDC113	-0.10914816686741347
CCDC114	1.0713924991881367
CCDC115	-0.002208644693116213
CCDC116	0.8223211132080726
CCDC117	0.06548204315887673
CCDC12	-0.11189865492072393
CCDC121	-0.2310751118662111
CCDC122	0.7602964873095788
CCDC124	0.058029599404354926
CCDC125	0.039324305833643436
CCDC126	0.10124955298921456
CCDC127	0.12610837623338433
CCDC129	0.19373423455987895
CCDC13	0.9656991636376406
CCDC13-AS1	0.5826624715781203
CCDC130	-0.07925032160164491
CCDC134	0.08198413536104887
CCDC136	-0.6451339989705378
CCDC137	-0.39906623558188414
CCDC138	-0.012465567339074113
CCDC14	-0.31912925716742535
CCDC141	-0.9352189098180408
CCDC142	-0.4179547601402591
CCDC144A	0.19733501088486538
CCDC144B	0.11723504953695138
CCDC144CP	0.7009512426374542
CCDC146	-0.5998127393197086
CCDC148	1.1741926563513898
CCDC149	-0.5169337699103833
CCDC15	-0.7152320882219696
CCDC150	-0.193348615641721
CCDC151	0.9065591788372218
CCDC153	-0.6326613684241604
CCDC154	1.3846640867640716
CCDC157	-0.0480663917967874
CCDC158	-0.2142171583463834
CCDC159	-0.10461459337374279
CCDC162P	-0.3850145694376545
CCDC163	0.28266658047310056
CCDC167	0.14442495002312405
CCDC168	-0.04952533635800194
CCDC169-SOHLH2	0.14656922675447248
CCDC17	-0.4556775014795664
CCDC170	0.44713280025458335
CCDC171	-3.908645178718473e-05
CCDC172	0.44186601346556653
CCDC173	-0.9866367779897791
CCDC174	-0.04833028477921175
CCDC175	0.6681953250146608
CCDC178	0.2737032968082745
CCDC18	0.2578177015509784
CCDC18-AS1	0.16532211291015386
CCDC180	-0.04540615797565639
CCDC181	-0.7486451194585797
CCDC183	0.5043153522326556
CCDC183-AS1	-0.7390903636693165
CCDC186	-0.22517383058213625
CCDC189	0.40259159711329673
CCDC191	-0.15536782796972926
CCDC192	0.23604490668832334
CCDC22	0.2821962047376836
CCDC24	0.07746476570378391
CCDC25	0.2908696486029392
CCDC26	-0.4532808726288229
CCDC27	0.0
CCDC28A	-0.05907709647427417
CCDC28B	-1.0617485414414523
CCDC30	0.014761756919661195
CCDC33	0.0
CCDC34	0.01740648412918766
CCDC36	-0.31681963435333776
CCDC38	0.08024503147323969
CCDC39	0.2423407497949417
CCDC40	-0.018177716705795266
CCDC43	-0.8798066285919344
CCDC47	-0.3496816662256865
CCDC50	0.05980211534217794
CCDC51	-0.12328271755725595
CCDC57	-0.6228159910514943
CCDC58	-0.05563236356090506
CCDC58P5	0.6356002480254456
CCDC59	-0.27482866026250186
CCDC6	-0.3909611059087741
CCDC61	0.060130669758289734
CCDC62	-0.06813731798077782
CCDC63	0.0
CCDC65	-1.600297860279515
CCDC66	-0.000678737345197078
CCDC68	0.012371792417795291
CCDC69	-0.11758185993021897
CCDC7	-0.43942808248943166
CCDC71	0.09216570545002511
CCDC71L	0.5310692354577577
CCDC73	-0.0008589237686793538
CCDC74A	0.46792810211243774
CCDC74B	0.06575164616516749
CCDC77	-0.28766856205057145
CCDC78	-0.47639562705199223
CCDC80	0.5299631768402381
CCDC81	-0.5536762876779266
CCDC82	-0.14309796206475767
CCDC83	-0.5660406884784045
CCDC84	-0.6787227152167494
CCDC85A	0.19373423455987895
CCDC85B	0.3120690958266499
CCDC85C	-0.13935657066926932
CCDC86	0.25405384144375986
CCDC87	-0.46834670833449676
CCDC88A	0.12730277309707105
CCDC88B	0.762598947908347
CCDC88C	0.06651990973681343
CCDC89	-0.8102816530057583
CCDC9	0.17541262968019478
CCDC90B	0.17349872262536437
CCDC91	-0.3179621016324852
CCDC92	1.1661117711307911
CCDC93	-0.14970219115194539
CCDC94	0.048089405081457315
CCDC97	-0.24563995851053022
CCER2	-0.20395182163011727
CCHCR1	-0.37502138171452515
CCIN	0.349563106173343
CCL18	0.0
CCL2	2.782162361618814
CCL20	1.5309191441578873
CCL22	1.9714357538296394
CCL23	1.0407844254242438
CCL24	0.3314522078833348
CCL26	0.6681953250146608
CCL27	-0.38831968950989104
CCL3	1.9943486057424729
CCL3L1	0.7226196663272526
CCL3P1	0.349563106173343
CCL4	1.6735487004977403
CCL5	0.6440249701809417
CCM2	0.20476805493247863
CCM2L	0.19373423455987895
CCNA1	2.3600497455399942
CCNA2	-0.10033364519203403
CCNB1	0.4113270697185243
CCNB1IP1	-0.38694636536256155
CCNB2	0.2888991628988897
CCNB3	-0.18742068293679015
CCNC	-0.14917384361828212
CCND1	4.985463311039058
CCND2	-2.0754433698660364
CCND2-AS1	-1.4441850172622535
CCND3	0.29696012319610254
CCNDBP1	0.4947922763977797
CCNE1	0.0756584287283335
CCNE2	0.34808007379036177
CCNF	-0.14077553239933316
CCNG1	0.2700144450860993
CCNG2	0.8204356801798944
CCNH	0.26981464559516155
CCNI	0.0374730564125052
CCNI2	0.3314522078833348
CCNJ	-0.20166762641722435
CCNJL	4.527610011009546
CCNK	0.04445443087186973
CCNL1	-0.2977733744550459
CCNL2	-0.10642034885727725
CCNO	-0.3113962488983333
CCNT1	-0.5194276322229161
CCNT2	-0.05440713327515567
CCNT2-AS1	-0.44124873998022274
CCNY	-0.0007796089155505115
CCNYL1	0.5035376951571102
CCP110	-0.1491279234780265
CCR1	1.114187207726272
CCR10	-0.5992317277840379
CCR2	-0.0010530166973845567
CCR3	1.1628521795640088
CCR4	0.10288176993726289
CCR5	1.4004935811641417
CCR6	0.5493090153768061
CCR7	-3.4401882086259663
CCR8	1.7060754001641203
CCRL2	0.7407787908499301
CCS	0.0376250153147879
CCSAP	-0.2792200232159736
CCSER1	-0.21322588257234987
CCSER2	-0.31957256103461873
CCT2	-0.2547069134791826
CCT3	0.1033200517458912
CCT4	0.1525325973488023
CCT5	0.08320803425041312
CCT6A	-0.020733987151963618
CCT6B	0.23258356525905377
CCT6P1	-0.40397708972883883
CCT6P2	0.19373423455987895
CCT6P3	-0.31122838525150076
CCT7	0.03579084432314872
CCT8	0.31647171053018397
CCZ1	0.2670570852318601
CCZ1B	0.13268646831414088
CD101	1.3364560259663905
CD109	-0.19128033487777554
CD14	1.1228813275222442
CD151	0.6081680050276752
CD160	-0.03329413368433065
CD163	1.5004599209989369
CD163L1	-2.546016148519165
CD164	-0.07415805964070366
CD180	1.9957295072650105
CD1A	0.3314522078833348
CD1B	0.3314522078833348
CD1C	0.43983490580511225
CD1D	0.208354144562656
CD2	-2.321272447307178
CD200R1	-0.09085246462261609
CD200R1L	0.3314522078833348
CD209	-0.02048292378650446
CD22	0.19373423455987895
CD226	-0.7895064632426236
CD244	0.0794495538484643
CD247	-0.42238476079828047
CD24P2	0.3314522078833348
CD27	-1.348183764707715
CD27-AS1	-0.5226100002853933
CD274	0.08033910502259412
CD28	0.349563106173343
CD2AP	-0.7296903685327258
CD2BP2	-0.15195143361564512
CD300A	0.9746503447630719
CD300C	1.8434676100287266
CD300E	2.601601984441221
CD300LB	0.8424953493116298
CD300LD	-0.3618969512171711
CD300LF	0.7930315213841199
CD300LG	0.3314522078833348
CD320	-0.5270182196328808
CD33	0.027369683956735003
CD34	0.5727329643595382
CD36	-0.5946140519897674
CD37	-0.9120153940312274
CD38	1.1823584962726044
CD3D	-2.199856899542415
CD3E	-0.7469115206548255
CD3EAP	-0.3299807566019908
CD3G	0.19373423455987895
CD4	0.4879318557142778
CD40	-2.0886754222331456
CD44	-0.3303993570216299
CD46	-0.15812124066194144
CD47	-0.23292587758230532
CD48	0.06811982436875752
CD5	0.3314522078833348
CD52	1.3385065458064123
CD53	0.7654193996899981
CD55	0.5209578731894187
CD58	0.7083751236183549
CD59	-0.1692086159682269
CD5L	-1.1259954429494545
CD6	0.6908104414887712
CD63	1.0105380305653
CD68	0.4164137366701395
CD69	0.25033192957819317
CD70	0.5426854409666558
CD72	-0.3889865002900823
CD74	-3.149704989687191
CD79A	-1.5988839430887403
CD79B	0.0
CD80	-0.29986022528890377
CD81	0.4594366028261927
CD81-AS1	0.11615630428369395
CD82	2.225651645675619
CD83	0.0877544421301586
CD84	0.3043090242608084
CD86	0.4148383982694339
CD8A	0.4928761470118157
CD9	-0.2960720119212541
CD93	-0.5046310938512766
CD96	0.4962210135119376
CD99L2	0.5256472541045021
CDA	-0.053562361554319704
CDADC1	0.0765760933223909
CDAN1	0.131267186762269
CDC123	0.16273053877148058
CDC14A	0.28162753035208254
CDC14B	0.937445791238291
CDC16	-0.08735087470400948
CDC20	0.37489457717902575
CDC20B	-2.0617555096092386
CDC20P1	0.3428543281170695
CDC23	-0.05011158417278949
CDC25A	0.05365875076701698
CDC25B	0.42725210535020075
CDC25C	0.44011148972886716
CDC26	-0.4867002977753323
CDC26P1	-0.13104763198039926
CDC27	-0.2149658046635512
CDC34	0.23185500360950506
CDC37	0.3179485510516269
CDC37L1	-0.08319520897149424
CDC37L1-AS1	0.25392557735801
CDC40	-0.0933071719381644
CDC42	0.20136993714887375
CDC42BPA	-0.17053184424472434
CDC42BPB	0.04994399348993794
CDC42BPG	0.5372628628247824
CDC42EP2	0.3786722918493348
CDC42EP3	0.7414474409475673
CDC42EP4	0.8083199982030385
CDC42P4	-0.3618969512171711
CDC42P6	0.0746799921271144
CDC42SE1	0.5194535485020015
CDC42SE2	-0.11177152892046394
CDC45	-0.04509661605238868
CDC5L	0.02496241132947752
CDC6	-0.7920068845008164
CDC7	-0.08540806162386438
CDC73	-0.3982639912331276
CDCA2	0.3113491221660869
CDCA3	-0.18785348978238758
CDCA4	0.06440175743291832
CDCA5	-0.30556470353064924
CDCA7	-0.20239635224905683
CDCA7L	-0.16374196494992788
CDCA8	0.10612935823492187
CDCP1	1.9074331900553063
CDCP2	-0.17726976428817065
CDH1	0.7733182213489013
CDH11	-0.47264850596680186
CDH12	0.5285731473856812
CDH13	1.1854413001243094
CDH18	-0.4404155707959591
CDH19	0.0
CDH2	0.0
CDH20	0.0
CDH22	-0.053562361554319704
CDH23	-0.8841351134107185
CDH24	-0.049032363752194996
CDH26	-0.41019442715215426
CDH3	-0.5960644946593749
CDH4	-0.5310367926997213
CDH6	0.44186601346556653
CDH7	0.0
CDH8	-0.2142171583463834
CDHR2	-0.47159230905701977
CDHR3	0.8963394367524788
CDHR4	-0.6199023690681811
CDIP1	-0.08517026466633659
CDIPT	0.33913113368191183
CDIPT-AS1	0.6232664029816175
CDK1	-0.3466358807693357
CDK10	-0.18311605338570125
CDK11A	-0.12117863033252796
CDK11B	0.04271087513735239
CDK12	-0.763200895869014
CDK13	-0.0386831124805429
CDK14	0.046858837071294346
CDK15	1.5646642282121421
CDK16	0.15312336788225878
CDK17	-0.3626999411324725
CDK18	0.01964579013538259
CDK19	0.38571917546890333
CDK2	-0.43053585667383487
CDK20	0.3401744032986125
CDK2AP1	-0.17505420734415544
CDK2AP2	0.3763474394952748
CDK2AP2P1	0.11723504953695138
CDK2AP2P3	0.349563106173343
CDK4	-0.32044442458290945
CDK5	0.0061622682483175595
CDK5R1	-1.2201685332835588
CDK5RAP1	-0.3451438681757111
CDK5RAP2	-0.3861595767315258
CDK5RAP3	-0.14381815030554712
CDK6	1.2197300737179155
CDK7	0.039201749260941554
CDK8	0.004209486915268457
CDK8P2	0.0
CDK9	-0.22089130560111592
CDKAL1	-0.10195257319108997
CDKL1	-0.5043588097288438
CDKL2	0.2946924376119253
CDKL3	0.17091092617900383
CDKL4	-0.1380052985260063
CDKL5	-0.1575473834495722
CDKN1A	2.1628306232823173
CDKN1B	-0.2343422678131546
CDKN1C	0.19373423455987895
CDKN2A	-0.04455629341269152
CDKN2A-AS1	0.3314522078833348
CDKN2AIP	0.11782627567506587
CDKN2AIPNL	0.18986770123582986
CDKN2B	0.5439661516241827
CDKN2B-AS1	0.03074643645352282
CDKN2C	-0.14280349728801056
CDKN2D	0.5326803817387304
CDKN3	0.16353920479318518
CDNF	-1.0720035682183053
CDO1	0.543297340733222
CDON	-0.07920834592052906
CDPF1	-0.05542495121088997
CDR2	0.3971346616685132
CDR2L	0.25735637628918795
CDRT1	0.8605436492679974
CDS1	-0.5239825518402643
CDS2	-0.06593039146481416
CDT1	0.05670889435493365
CDV3	-0.020474861797513455
CDX2	0.5642331002878853
CDYL	0.12947236025008735
CDYL2	-0.628525665361785
CEACAM1	-0.2142171583463834
CEACAM18	0.543297340733222
CEACAM19	0.17700916253863253
CEACAM21	-1.4124424735991485
CEACAM22P	0.19373423455987895
CEACAM3	0.8214779261822723
CEACAM4	0.44186601346556653
CEACAM5	-0.4404155707959591
CEACAM6	2.3513662812765688
CEACAM8	0.19373423455987895
CEBPA	-0.4203563725990378
CEBPA-AS1	-0.5438405889028157
CEBPB	0.3177146444098451
CEBPB-AS1	-0.3466829711429509
CEBPD	1.0022606566576853
CEBPE	0.10378618760004166
CEBPG	-0.1714817161305504
CEBPZ	-0.0169693538845479
CEBPZOS	-0.2401113198864664
CECR1	-2.9547912602434376
CECR2	-0.6471424164668758
CECR5	-0.3610323628586034
CECR5-AS1	0.22764885511918312
CECR6	-0.4166581795726416
CECR7	-0.3212752009677402
CEL	0.1780715385617464
CELA1	1.5433001889828706
CELA2A	0.349563106173343
CELF1	-0.26086779181178343
CELF2	0.03827498994627376
CELF2-AS1	0.2669208448612683
CELF3	-0.957274894145046
CELF4	0.7707795037371667
CELF5	-0.5274881055029541
CELF6	-0.9507228406125794
CELSR1	-0.8006267350699812
CELSR2	0.1565766391334371
CELSR3	0.3553485004073629
CELSR3-AS1	1.3296037274476094
CEMIP	-1.2724204604208862
CEMP1	0.0
CENPA	-0.018686233903459026
CENPB	-0.06028741648683322
CENPBD1	-0.20857715146180844
CENPBD1P1	-0.1164563889131287
CENPC	0.0763831297932267
CENPCP1	0.0
CENPE	0.007773589487134913
CENPF	-0.26142901089720105
CENPH	-0.02700984589922939
CENPI	-0.11843489059677559
CENPJ	-0.23587322842563374
CENPK	-0.2142156970836595
CENPL	0.18867807819612636
CENPM	-0.11654330718327444
CENPN	-0.03488090381808462
CENPO	-0.09933491305685038
CENPP	-0.04049283770479306
CENPQ	-0.020461397009690074
CENPT	-0.08140332126904859
CENPU	-0.07835381656135532
CENPV	-0.19153599073167094
CENPW	-0.16551795836209848
CENPX	-0.07465572192810477
CEP104	0.06417136396107814
CEP112	0.6000609228889684
CEP120	0.029453183411373374
CEP126	0.027201908322242452
CEP128	0.026300741979261133
CEP131	-0.5308189619151946
CEP135	0.047874158366674635
CEP152	-0.23882330689207798
CEP162	-0.3028064442393088
CEP164	-0.2539352028116255
CEP170	-0.4472174398654012
CEP170B	0.5189431922973016
CEP170P1	-0.3528385772544129
CEP19	0.35130131263930053
CEP192	0.002931577737403046
CEP250	-0.31116846044851165
CEP290	-0.6744385046077603
CEP295	0.010191861282699222
CEP350	0.44655872520714013
CEP41	0.03864649809437459
CEP44	-0.07174272231253376
CEP55	-0.15212954414894675
CEP57	-0.07675924082550445
CEP57L1	0.07362805565665553
CEP57L1P1	-0.2142171583463834
CEP63	0.1509559719563267
CEP68	-0.33310299205129823
CEP70	-2.252340537562928
CEP72	-0.1446401012043026
CEP76	0.0011668336720198624
CEP78	-0.2732445256848841
CEP83	-0.43884188264931545
CEP83-AS1	0.17931862744922977
CEP85	0.003895044840914963
CEP85L	-0.07371150853225128
CEP89	0.14698322310271905
CEP95	-0.3353226586183986
CEP97	-0.16192144774537276
CEPT1	0.04166171617161929
CERCAM	0.36266682892214774
CERK	-0.058818577014079665
CERKL	-0.23979577130275143
CERNA1	1.4207370419399021
CERS2	0.3278293190822765
CERS3	-0.2754956891502609
CERS5	-0.2617872074114196
CERS6	-0.09127323027512446
CERS6-AS1	0.3962972816269046
CES2	0.1879470106404284
CES3	-3.207193633094299
CETN2	0.11965790853110114
CETN3	-0.14234021406615227
CETN4P	0.5302395632056895
CETP	0.1353459478269596
CFAP100	0.0
CFAP126	-0.028501703714517213
CFAP157	0.7914291196389095
CFAP20	0.2652753510426731
CFAP206	0.12647556129643478
CFAP221	0.0
CFAP36	-0.312702609437137
CFAP43	-0.47264850596680186
CFAP44	-0.46800200867716235
CFAP44-AS1	-1.2011639898849906
CFAP45	0.07440641857819763
CFAP46	-0.012333845043828062
CFAP47	0.44186601346556653
CFAP52	-0.6546327291423425
CFAP53	-0.8868202600606523
CFAP54	-0.03044474333383629
CFAP57	-0.4773420971839366
CFAP58	0.6640012105597592
CFAP58-AS1	-0.3850145694376545
CFAP61	-0.6903553375844196
CFAP65	0.0
CFAP69	-0.05041117829029407
CFAP70	0.3644251207243361
CFAP73	-0.9215054398770607
CFAP74	0.16252712835765037
CFAP77	-0.24668133623608016
CFAP97	0.18972860192175212
CFAP99	0.7733182213489013
CFB	0.10712612699934587
CFD	0.28640494928509064
CFDP1	-0.13378543396092368
CFH	-0.780145878959837
CFHR1	-2.6545441600318824
CFHR3	0.3314522078833348
CFI	0.44186601346556653
CFL1	0.22230438509096118
CFL1P1	-0.8067087178760959
CFL1P6	0.32891349027160016
CFL2	-0.09504024653925391
CFLAR	0.340310447722473
CFLAR-AS1	1.3231592734477653
CFP	0.6257371147394402
CGGBP1	-0.2459916151645256
CGN	-0.23071865810681658
CGNL1	1.6880708304530758
CGREF1	-2.039771366110627
CGRRF1	-0.5945854756081399
CH17-340M24.3	1.0965620671475018
CHAC1	-0.31359735487318474
CHAC2	-0.3392022863364321
CHAD	0.1353459478269596
CHADL	0.2851800637910715
CHAF1A	-0.16684589237804737
CHAF1B	0.21838057357183516
CHAMP1	-0.1805646928254756
CHAT	0.5447477834028294
CHCHD1	0.34399176337655213
CHCHD10	-0.07624583312666466
CHCHD2	0.06552273166829181
CHCHD2P2	1.0130239935143606
CHCHD2P6	0.4930320708483771
CHCHD2P9	0.11263322094504957
CHCHD3	-0.026014449213183966
CHCHD3P3	-0.4404155707959591
CHCHD4	0.4131334195131888
CHCHD5	0.07612166136577514
CHCHD6	-0.2003091960875043
CHCHD7	-0.008101285669470215
CHD1	0.039101485421115356
CHD1L	0.3766086673062823
CHD2	0.28990962176230006
CHD3	0.3089023646196871
CHD4	-0.17892402577181699
CHD5	-0.14632057032368184
CHD6	-0.3148942644333239
CHD7	0.08547517336598887
CHD8	-0.38419195202126843
CHD9	0.09933067607185642
CHDH	-0.9876635102815259
CHEK1	-0.14042259803986745
CHEK2	5.066343873494361e-05
CHERP	0.023142744851408992
CHFR	-2.0308177351231
CHGB	0.28554701004547667
CHI3L1	1.9902467472731917
CHIC1	-0.2142171583463834
CHIC2	0.3370869574907571
CHID1	0.023235800491947955
CHKA	-0.07018667316240723
CHKB-AS1	0.8910317222617294
CHKB-CPT1B	0.40239122934363447
CHL1	-0.3618969512171711
CHM	0.09447918955854107
CHMP1A	0.09224075821288835
CHMP2A	-0.3372590297285374
CHMP2B	-0.0881419350456536
CHMP4A	-0.15440776300821568
CHMP4B	-0.1405861751947377
CHMP5	0.22239635317534656
CHMP6	-0.4480087501226562
CHMP7	0.112121213843837
CHN1	-0.16717127384937225
CHN2	-0.8023125220131302
CHODL	0.27266047266523574
CHODL-AS1	-0.09085246462261609
CHORDC1	0.09411820658318071
CHP1	0.2874300539452683
CHP2	0.19373423455987895
CHPF	1.4745053334573441
CHPF2	0.371783679071628
CHPT1	-0.1884365647649595
CHRAC1	0.16212633539566923
CHRD	-0.4404155707959591
CHRDL1	-0.2142171583463834
CHRDL2	0.0
CHRFAM7A	0.6558568450516873
CHRM1	0.349563106173343
CHRM3	0.32857390393212915
CHRM3-AS2	0.06602186168605328
CHRM4	-0.16816271665729213
CHRM5	0.9308233310811607
CHRNA10	-0.41667256328611124
CHRNA3	1.221070187089816
CHRNA5	0.16214448584701557
CHRNA6	1.8964055867038878
CHRNA7	0.7713905275334683
CHRNA9	-0.4083042616587349
CHRNB1	-0.0192084254984195
CHRNB3	-0.6663827405266808
CHRNE	-0.6546327291423425
CHRNG	-0.02048292378650446
CHST10	-0.2577054202982687
CHST11	-0.2649613750565525
CHST12	-0.17163512500961264
CHST13	0.17003717846595645
CHST14	0.021648853658718714
CHST2	-0.031647221387818725
CHST3	-0.3850145694376545
CHST4	-0.6575577085358066
CHST5	0.35830085609906903
CHST6	-0.15736571431847135
CHST7	-0.24364431760772653
CHST8	-0.6663827405266808
CHST9	0.3314522078833348
CHSY1	0.20786885469780714
CHSY3	1.795280645693286
CHTF18	-0.7487034450600412
CHTF8	0.17836579062429792
CHTF8P1	-0.02048292378650446
CHTOP	0.318279326209181
CHUK	-0.48898951695024984
CHURC1-FNTB	-0.2632293205022336
CIAO1	-0.05451777844576
CIAPIN1	0.28132414065128586
CIAPIN1P	-0.36044650854756366
CIART	-0.2554581116060861
CIB1	0.40002517460586695
CIB2	-0.8828603228317422
CIB3	-0.24324888608115747
CIB4	0.349563106173343
CIC	0.042712514854136074
CICP14	-0.874609714367901
CICP9	0.0
CIDEB	-0.0471399522159075
CIDEC	0.44186601346556653
CIDECP	0.048146235906248336
CIITA	-0.18923897138166335
CILP	0.26583046776745145
CILP2	0.4721300828233893
CINP	0.12824406421253798
CIPC	0.2119981227044292
CIR1	0.07224667292540055
CIRBP	0.04702921602539867
CIRBP-AS1	0.6698730066056462
CISD1	-0.45379138462857327
CISD1P1	0.6356002480254456
CISD2	0.17675982857576322
CISD3	-0.6314301787793593
CISH	-0.2872072413060893
CISTR	0.5096113911706678
CIT	-0.4805710423360807
CITED1	-0.06342244305059985
CITED2	0.9025394323923592
CITED4	1.8942701347408026
CIZ1	-0.18838399313939647
CKAP2	0.05018503974639543
CKAP2L	0.004189686746553178
CKAP4	0.7914291196389095
CKAP5	-0.055464637010489426
CKB	0.07911004861577098
CKLF-CMTM1	-0.2142171583463834
CKM	1.592005569046455
CKMT1B	-0.6427558591576535
CKMT2	-0.9622430843301775
CKMT2-AS1	0.19051635283159118
CKS1B	0.3599586588552395
CKS1BP2	-0.09085246462261609
CKS1BP3	0.2737032968082745
CKS1BP6	0.0014504426696074213
CKS2	0.07284004263238053
CLASP1	0.16213628023108484
CLASP2	0.03422851712372221
CLASRP	-0.15727308867596967
CLC	5.9706862459936225
CLCA1	-0.6663827405266808
CLCA2	0.3921610205749938
CLCC1	-0.057976966562954146
CLCF1	-0.22930020167906484
CLCN1	0.0
CLCN2	0.4502544816698446
CLCN3	-0.17946196165403094
CLCN5	-0.1305922272345299
CLCN6	0.1131268368802445
CLCN7	-0.717007369360875
CLCP2	-1.508826929166962
CLDN1	2.264323341891249
CLDN10	0.19373423455987895
CLDN10-AS1	-0.24668133623608016
CLDN11	-0.4219832908079687
CLDN12	0.1003705329486273
CLDN15	-0.5379965414839614
CLDN16	0.7914291196389095
CLDN18	0.7155677129198814
CLDN20	0.349563106173343
CLDN22	0.0
CLDN4	0.3356238937524805
CLDN6	-0.5960644946593749
CLDN7	-1.4008662297319265
CLDN9	0.1582827712955675
CLDND1	0.07133962232879298
CLDND2	1.0630816197686452
CLEC12A	0.2309493727940879
CLEC12B	-0.22996911151954347
CLEC16A	-0.4177647390885699
CLEC17A	0.0
CLEC18A	0.3314522078833348
CLEC18B	0.44186601346556653
CLEC18C	-0.3850145694376545
CLEC1A	0.44186601346556653
CLEC1B	0.3314522078833348
CLEC2B	1.2454106204129927
CLEC2D	-0.7410521724390042
CLEC3A	0.19373423455987895
CLEC3B	0.5017334993588598
CLEC4A	0.012106322694847904
CLEC4D	1.9665437940643027
CLEC4E	1.1228813275222442
CLEC4GP1	0.4765932831423878
CLEC4M	-0.2142171583463834
CLEC5A	2.110033202732099
CLEC7A	2.872889350992405
CLECL1	3.006290114341919
CLGN	0.31397019508943913
CLHC1	-0.441394059844777
CLIC1	0.39807262721848424
CLIC2	0.12702655976078514
CLIC3	0.349563106173343
CLIC4	0.32636584689801396
CLIC5	-0.6218651415425968
CLINT1	0.262247429450305
CLIP1	-0.07872134236897566
CLIP2	1.0170725632784983
CLIP3	0.1660595123681201
CLIP4	0.349563106173343
CLK1	0.3643062142276108
CLK2	-0.15397140052859015
CLK2P1	-0.5960644946593749
CLK3	0.32667635115276106
CLK4	0.06118149442906606
CLLU1OS	-0.8254301402336136
CLMN	0.6579462340221935
CLMP	0.19373423455987895
CLN3	0.6121662935658403
CLN5	-0.2029031891677917
CLN6	-0.23235706698771708
CLN8	-0.07651238033361274
CLNS1A	0.04033536882235467
CLOCK	0.12714552941427115
CLP1	-0.00779722234059399
CLPB	-0.1523198845410736
CLPP	0.1864783530691927
CLPSL2	-0.7825429748823938
CLPTM1	0.2972490848736893
CLPTM1L	0.10940604228264483
CLPX	0.10339524685739043
CLRN1-AS1	-0.3231805212590077
CLSPN	0.02066084653251643
CLSTN1	-0.23878755163009835
CLSTN2	0.21612932818609887
CLSTN3	0.0962441275862762
CLTA	0.14031567777946385
CLTB	0.353493693809531
CLTC	-0.04033432663213432
CLTCL1	0.16466759798109543
CLU	2.204377517232225
CLUAP1	-0.4274556423693454
CLUH	0.21713198662151
CLUL1	0.11723504953695138
CLVS1	0.03636852024140769
CLYBL	0.9863614465373161
CMA1	0.0
CMAHP	1.6634889210094537
CMAS	-0.2888911224620436
CMBL	-0.5485104979964582
CMC1	0.04265220892343713
CMC2	0.25290238476345195
CMC4	0.49261231358485524
CMIP	0.005836522799217647
CMPK1	-0.6837007803825053
CMPK2	-4.134782886260333
CMSS1	-0.09897566426391613
CMTM2	0.6498665681103533
CMTM3	0.06985060535134657
CMTM4	0.5720680968737835
CMTM6	0.12812013634176367
CMTM7	-0.0005355968766425079
CMTM8	-1.0296962319496181
CMTR1	-0.003137110087862993
CMTR2	0.28612686916984664
CMYA5	0.07400867911450604
CNBD1	-0.2142171583463834
CNBD2	0.05971636674863445
CNBP	0.05793431437005481
CNDP1	-0.025400705805918022
CNDP2	0.21127780645172756
CNEP1R1	-0.2129711252049873
CNGA1	0.790933970364573
CNGA4	-0.40549749322415896
CNGB1	-0.02048292378650446
CNIH1	-0.40698647497620577
CNIH2	0.36680030246092366
CNIH3	0.18051754760218053
CNIH4	-0.08416856867303579
CNKSR1	-1.4598528217015656
CNKSR2	0.013887092432916859
CNKSR3	0.07996906224839545
CNN1	-0.4404155707959591
CNN2	0.44642704642346054
CNN2P6	-0.10896336291262432
CNN3	-0.7920024272648638
CNNM1	0.0014504426696074213
CNNM2	-0.3795396258163253
CNNM3	0.061690920000961214
CNNM4	-0.0326971740197699
CNOT1	0.10171249149777672
CNOT10	0.11294651357127528
CNOT11	0.04432557431042916
CNOT2	-0.32004082188700167
CNOT3	0.2322124262541312
CNOT4	-0.18912159687852537
CNOT6	0.016982659722019733
CNOT6L	-0.16811149420850136
CNOT6LP1	0.5887881500733595
CNOT7	-0.19199345349973385
CNOT8	0.16735674930171385
CNOT9	-0.06344078861356373
CNP	-0.5925765536368957
CNPPD1	0.235241360303025
CNPY2	-0.16920262281382925
CNPY3-GNMT	-0.2499447137312698
CNPY4	-0.20195934530560322
CNR2	-0.14326874369346643
CNRIP1	-0.70749487039682
CNST	-0.44379415083349727
CNTD1	-1.1172897674324282
CNTD2	0.7838735535408976
CNTFR	-0.2142171583463834
CNTLN	0.005832399155542234
CNTN1	0.4491714722637469
CNTN3	-0.3850145694376545
CNTN4	0.036499419340926265
CNTN4-AS1	-0.1405717129764723
CNTN4-AS2	0.19373423455987895
CNTN5	0.3167081680621083
CNTNAP1	-2.003887835733251
CNTNAP2	-0.37166618713501487
CNTNAP3	1.7085366920020362
CNTNAP3B	3.5470307113857045
CNTNAP3P1	0.38830365191124677
CNTNAP3P2	3.242956238896448
CNTNAP4	-1.6538411332398315
CNTNAP5	-0.09085246462261609
CNTRL	-0.22173143219299618
CNTROB	0.1734534863385626
COA1	-0.3522886104481806
COA3	-0.7533878496394628
COA4	0.086166320610916
COA5	0.12115384859118272
COA6	0.0691845331335994
COA7	-0.09782907212557213
COASY	-0.7958683628645211
COBL	0.0
COCH	-1.750979387363695
COG1	-0.20759062539060658
COG2	-0.4026319250715762
COG3	0.3750489130340142
COG4	0.4017254250058464
COG5	0.15084141646996763
COG6	0.16786618976485101
COG7	0.037768137185539175
COG8	-0.1280513395655838
COIL	-0.3663041898426229
COILP1	-0.9565110032069386
COL11A1	0.0
COL11A2	-0.6803732070240915
COL12A1	0.6908104414887712
COL13A1	-0.2142171583463834
COL14A1	0.11723504953695138
COL15A1	-0.051696556068297816
COL16A1	0.0
COL17A1	0.19373423455987895
COL18A1	0.10950651645443665
COL19A1	-0.02048292378650446
COL1A1	0.19373423455987895
COL20A1	1.1710410323556153
COL21A1	-0.4708603141297954
COL22A1	-0.6663827405266808
COL23A1	0.16539910379498224
COL24A1	0.4647565647674078
COL25A1	-0.5992317277840379
COL26A1	0.19373423455987895
COL27A1	-0.1608472646485331
COL28A1	-0.6316959056737347
COL2A1	-4.118439207600753
COL4A1	0.37511723083884974
COL4A2	-0.9151365223727602
COL4A3	0.9851633541987885
COL4A3BP	0.022508121821756433
COL4A4	-0.03545146326431148
COL5A1	0.543297340733222
COL5A2	-1.389311542078847
COL6A2	-0.5960644946593749
COL6A3	0.19373423455987895
COL6A4P1	0.19373423455987895
COL6A4P2	0.7456307778562291
COL6A5	-0.8102816530057583
COL6A6	0.1353459478269596
COL7A1	0.21826292738642739
COL8A1	0.543297340733222
COL8A2	-0.3850145694376545
COL9A1	0.0
COL9A2	0.7292617769829857
COL9A3	-0.3039350532060503
COLCA1	0.19373423455987895
COLEC11	0.0
COLEC12	0.3314522078833348
COLGALT1	0.10365834167438592
COLGALT2	-0.3091280476630338
COLQ	-0.5860349898221848
COMMD1	-0.004281108522913968
COMMD10	0.1733083284265735
COMMD2	-0.16368517833678986
COMMD3-BMI1	0.5169861139876293
COMMD4	-0.10069663621054303
COMMD5	0.2375011015927857
COMMD6	-0.06520045445132716
COMMD7	-0.11942511350326868
COMMD8	0.2554416291115551
COMMD9	-0.25701159890040515
COMT	0.23367347220234613
COMTD1	0.5373646880052938
COPA	0.4767381882294295
COPB1	0.28065502907529094
COPB2	0.24766861106569316
COPE	0.5011867868563176
COPG1	0.5926261705319149
COPG2	-0.03615861456324865
COPRS	-0.829212923870692
COPS2	0.16645069687372605
COPS3	0.14004108244749247
COPS4	-0.005266445832594613
COPS5	0.2369692909834935
COPS6	-0.1108941421715599
COPS7A	-0.021576797003413972
COPS7B	-0.16197284813610757
COPS8	-0.1601020937475539
COPS9	0.1769249742338701
COPZ1	-0.047450610656305514
COPZ2	0.5498410520988639
COQ10A	-0.11196888981850961
COQ10B	0.27838918922152267
COQ2	0.2604984422539989
COQ3	-0.34720870854465247
COQ4	-0.3830037051171846
COQ5	-0.24013100773004759
COQ6	-0.0192380739677942
COQ7	0.34347393812712745
COQ8A	-0.34480058815461057
COQ8B	-0.14312992014475867
COQ9	0.2349134183614794
CORIN	-0.41733169821675986
CORO1A	0.4545304238862222
CORO1B	0.3022204580512957
CORO1C	-0.18947161755221664
CORO2A	-0.40802536050152405
CORO2B	0.3314522078833348
CORO6	0.7101425377731517
CORO7-PAM16	-0.7073848231169486
COTL1	0.44782768880800283
COX1	0.127836369807671
COX10	0.17295881468769103
COX10-AS1	-0.05440015875821658
COX11	-0.33124799251813464
COX14	-0.2084311362284943
COX15	-0.42413824043678616
COX17	0.01664939538530774
COX17P1	-0.7173617026158273
COX18	0.08158535006460532
COX19	-0.07099649573252087
COX2	0.04994478696587379
COX20	0.040047753277073994
COX20P2	-0.7551235266991245
COX3	-0.05024039551627624
COX4I1	0.0195699237398248
COX5A	0.15180193050954927
COX5AP1	-0.05593438705081588
COX5B	0.1223566472040396
COX5BP2	0.349563106173343
COX5BP7	-0.6663827405266808
COX6A1	-0.04369978854410306
COX6A1P2	0.6997764100488455
COX6B1	0.1619063887398422
COX6B1P5	-0.20429518218786136
COX6B2	-0.4404155707959591
COX6C	0.13924521372795517
COX7A2	0.18986260254427734
COX7A2L	0.012718399394781699
COX7B	0.12968945790980513
COX7C	0.0670085951730961
COX7CP1	-0.6165474184458793
COX8A	0.37539010275910734
CP	1.1158737086135226
CPA3	1.4881693233376894
CPA6	2.572672482030526
CPAMD8	0.3314522078833348
CPB1	0.44186601346556653
CPB2	0.6810153140566778
CPB2-AS1	0.17191234669592603
CPD	0.3925912281954549
CPE	0.0
CPEB1	0.44186601346556653
CPEB1-AS1	0.0
CPEB2	1.2764477352171433
CPEB2-AS1	0.5393736234225269
CPEB3	-0.5300422956123017
CPEB4	0.437571979437104
CPED1	-0.06444576392854029
CPHL1P	0.6356002480254456
CPLX1	0.0
CPLX2	1.7901584867927547
CPLX3	0.19373423455987895
CPLX4	0.9917070655644306
CPM	0.17332734801711425
CPN1	-0.5992317277840379
CPN2	0.44186601346556653
CPNE1	-0.24645731615825994
CPNE2	0.4046871631867557
CPNE3	0.2810187488170335
CPNE4	0.1582827712955675
CPNE5	0.9139551782558337
CPNE7	0.7534598826693915
CPNE8	-0.8195007936242337
CPNE9	-0.21731158248961968
CPO	-0.3284917314617175
CPOX	-0.4277921645130931
CPPED1	0.056851444027912035
CPQ	0.35514121623002737
CPS1	-0.04825848133579491
CPSF1	0.1981189268656447
CPSF1P1	-0.3404101284408465
CPSF2	0.08486266318928948
CPSF3	0.09540969498478269
CPSF4	-0.33865059548180376
CPSF4L	1.895249779816743
CPSF6	-0.31685509810487744
CPSF7	-0.09004973278293882
CPT1A	-3.6396462828281866
CPT1C	0.44186601346556653
CPT2	0.5587121087386322
CPTP	0.45360989169081734
CPVL	-0.2142171583463834
CPXM1	-0.14642575011664105
CR1	3.201167551632202
CR1L	0.9901937829789255
CR2	-0.4404155707959591
CRABP2	1.85211192965883
CRACR2A	-0.14720176700583032
CRACR2B	0.13473786096617157
CRADD	-0.13249195335183295
CRAMP1	-0.46549524022591804
CRAT	-0.2755890881347497
CRB1	-0.10839138981228658
CRB2	-0.5485104979964582
CRB3	-0.16816271665729213
CRBN	0.009725802774585901
CRCP	-0.1937458313072149
CREB1	-0.09151609099700053
CREB3	0.2217077541207999
CREB3L1	-0.15906426548317532
CREB3L2	0.6929286206909726
CREB3L4	-0.132492670198185
CREB5	-5.67056706899578
CREBBP	-0.3302168843542752
CREBL2	-0.24627233373850466
CREBRF	0.20125795134501434
CREBZF	-0.36714478899326153
CREG1	0.08832876751882424
CREG2	-0.03545146326431148
CRELD1	-0.24534948210956298
CRELD2	-0.400036170276838
CREM	0.6340455781265693
CRHBP	-0.2142171583463834
CRHR1-IT1-CRHR1	-0.5605550099844228
CRHR2	-0.5660406884784045
CRIM1	1.6432529756478758
CRIP1	0.00838221762595559
CRIP1P2	-0.2142171583463834
CRIP2	0.3314522078833348
CRIP3	-0.7081950906966621
CRIPAK	-0.3511356663905296
CRIPT	0.3004961587517343
CRISP3	0.0
CRISPLD2	0.11868549220655877
CRK	0.33387661638850297
CRKL	-0.21255744403279664
CRLF1	-0.3574890158534021
CRLF3	-0.9824218676697303
CRLS1	0.036800940131008986
CRNDE	-0.15315346752909775
CRNKL1	-0.35086145741446906
CROCC	-0.031865895613510276
CROCCP2	-0.26940595409185875
CROCCP3	0.24733386978717853
CROCCP4	0.577211961292526
CROT	-0.3080853446657059
CRSP8P	0.44186601346556653
CRTAC1	-0.3850145694376545
CRTAM	0.349563106173343
CRTAP	0.03301907009158356
CRTC1	-0.06840059353454286
CRTC2	-0.217016316226335
CRTC3	0.14883238196584792
CRTC3-AS1	0.8583811109288466
CRX	-0.25169972927114925
CRY1	-0.10886165199587161
CRY2	0.28762947450170984
CRYBA4	-0.2142171583463834
CRYBB1	-0.1340431287733157
CRYBB2	0.0
CRYBB2P1	-0.049036110012918854
CRYBB3	0.19373423455987895
CRYBG3	-0.038343510302537354
CRYGN	0.6356002480254456
CRYGS	-0.43287344660171545
CRYL1	1.01762435224446
CRYM	-0.05593438705081588
CRYM-AS1	0.04532713776489938
CRYZ	-0.04414202824603031
CRYZL1	0.4408438728468731
CRYZP1	0.14079645811255398
CS	-0.4103766217482665
CSAD	-0.59654337564315
CSDC2	0.44186601346556653
CSDE1	0.08530850957572866
CSE1L	-0.27466175581542274
CSE1L-AS1	0.8802504766010714
CSF1	0.9969358840089079
CSF1R	0.8003494290657063
CSF2RB	3.324436579938844
CSF3	-0.4404155707959591
CSF3R	-0.3149480057382359
CSGALNACT1	-0.3850145694376545
CSGALNACT2	0.14183822631641796
CSK	0.4345808278485652
CSMD1	0.25645149596101047
CSMD2	0.2960007446190233
CSMD3	-0.3618969512171711
CSN1S1	0.31911836283950673
CSNK1A1	0.1721956666666884
CSNK1A1P1	-0.3618969512171711
CSNK1D	-0.029846171616686235
CSNK1G1	-0.21585270262095335
CSNK1G2	0.14857800543180488
CSNK1G3	-0.03798680077020933
CSNK2A1	0.08030461117017929
CSNK2A2	-0.15206259198728844
CSNK2B	0.26197620898073737
CSPG4	0.0
CSPG4P11	0.4383844631355048
CSPG5	-0.37953826322406137
CSPP1	0.07949166861551404
CSRNP1	0.8761520575899446
CSRNP2	-0.0535304022304679
CSRP1	-0.0373025078667073
CSRP2	0.0
CSRP3	-0.4404155707959591
CST3	1.3306888745739274
CST7	-0.3395950713801925
CSTA	-0.037322827431843564
CSTB	0.6545679950786152
CSTF1	-0.4146317380645641
CSTF2	0.1272492050726992
CSTF2T	-4.70915732963708
CSTF3	-0.3088242721512504
CSTF3-AS1	-0.39074517839581624
CT45A11P	-0.5992317277840379
CT55	0.4911600398914332
CTAGE1	0.0
CTAGE11P	-0.46089849458246357
CTAGE3P	0.16482648266120942
CTAGE7P	0.0
CTAGE9	0.0
CTB-178M22.2	-0.02048292378650446
CTBP1	0.15468272267229466
CTBP1-AS	0.3019935844784791
CTBP1-AS2	-0.15668475593023423
CTBP2	-0.3519794407756045
CTBP2P1	0.3314522078833348
CTBP2P4	-0.15736571431847135
CTBS	0.4837034733054697
CTC-338M12.4	0.5362741741265946
CTC1	-0.0768781417824993
CTCF	-0.15661971924489038
CTD-2201I18.1	0.0515006590624576
CTDNEP1	0.13192221832984252
CTDP1	0.07430987391225585
CTDSP1	0.0710226478682312
CTDSP2	-0.2258119778431773
CTDSPL	0.1582827712955675
CTDSPL2	-0.20495661629878192
CTF1	-0.02233408369691059
CTH	-0.16399804372276172
CTHRC1	0.19373423455987895
CTIF	-0.15026911035182522
CTNNA1	0.2975898879069141
CTNNA1P1	-0.3850145694376545
CTNNA2	-0.5960644946593749
CTNNA3	0.1417615286063605
CTNNAL1	-0.4046468036416151
CTNNB1	0.32528160593439637
CTNNBIP1	-0.11207994844261737
CTNNBL1	-0.322054278015802
CTNND2	0.0
CTNS	0.3503377205584366
CTPS1	0.054492906856657086
CTPS2	0.4998930684935914
CTR9	0.13714028565959957
CTRC	0.30484140125124515
CTRL	-0.693163239178257
CTSA	-0.13435295420461735
CTSB	0.37643331806024705
CTSC	0.41805097824169835
CTSD	1.0146990775745923
CTSE	-0.16487670757282125
CTSF	-0.1921567175149228
CTSG	-0.6852526449045442
CTSH	2.143488358570447
CTSK	0.634743476155478
CTSO	0.9981260294199155
CTSS	0.6957918100282185
CTSV	0.6458249195942214
CTSW	-0.6456231250657432
CTSZ	0.2555767295402198
CTTN	0.04317063070265448
CTTNBP2NL	-1.2564286638427928
CTU1	-0.31201766007706055
CTU2	0.12903444328132707
CTXN1	0.1812130644005432
CTXN2	0.5498410520988639
CUBN	-0.08071565969903727
CUEDC1	1.2561497443633876
CUEDC2	0.0832173037242665
CUL1	0.19000817723122232
CUL2	0.25179319651054755
CUL3	0.09949905438394069
CUL4A	0.029375457354351653
CUL4B	0.3044425436056688
CUL5	-0.05134400423194663
CUL7	0.6141551005368022
CUL9	-0.389335171152112
CUTA	0.42540773264124354
CUTC	-0.43584705443735317
CUX1	-0.09852941957468353
CUX2	0.4186880935013291
CWC15	-0.20278792426120162
CWC22	0.063173796533178
CWC25	-1.0445343006928827
CWC27	-0.0259413489743352
CWF19L1	-0.8786115453853416
CWF19L2	-0.2290049899275708
CX3CR1	-0.3101995905390016
CXADR	-0.011902442815657999
CXCL10	2.46544440101633
CXCL11	0.4767641938562086
CXCL13	0.20190581229632354
CXCL14	0.039535753366070625
CXCL16	-0.03384326239056146
CXCL2	0.6498825134281949
CXCL3	0.5692053037502562
CXCL5	0.0
CXCL6	1.0238539417989467
CXCL8	3.6629741109184533
CXCL9	-0.02048292378650446
CXCR1	0.0
CXCR2	-0.17902761396614508
CXCR3	0.7580802528258519
CXCR4	0.7909221788402707
CXCR5	0.349563106173343
CXXC1	0.17478199413061724
CXXC4	-0.21632943457815657
CXXC5	-1.0295887902059606
CXorf21	1.1206141305140491
CXorf23	-0.4075648350099197
CXorf36	0.19373423455987895
CXorf38	0.6712308729426457
CXorf40A	-0.13879877560712828
CXorf40B	-0.09617647032521681
CXorf56	-0.10020345329638936
CXorf58	-0.43049677666894515
CXorf65	-0.7105711471581904
CYB561	1.3995093935710452
CYB561A3	0.4741752021642327
CYB561D1	-0.24795950894385754
CYB561D2	-0.09620472215890885
CYB5A	-8.934897574559411
CYB5B	-0.03795193996632662
CYB5D1	-0.05077498774551614
CYB5D2	0.3753586913502689
CYB5R1	-0.3624815235361494
CYB5R2	0.349563106173343
CYB5R3	0.1595344658574369
CYB5R4	0.1412331247384131
CYB5RL	-0.359567860465031
CYBA	0.6105041471165915
CYBB	3.262880208694921
CYBRD1	0.034089420672104964
CYC1	0.28696651994380495
CYCS	0.056813539197593244
CYCSP20	0.0
CYCSP55	0.0
CYFIP1	-0.2828677702597613
CYFIP2	-0.3061635016870188
CYGB	0.44186601346556653
CYHR1	0.19668888915310223
CYLD	0.3593913184544739
CYP11A1	0.8753741337235516
CYP17A1	3.3914289407783165
CYP19A1	1.4234209877789081
CYP1A1	-1.2845371923960878
CYP1B1	0.0
CYP1B1-AS1	0.349563106173343
CYP20A1	-0.00642994048087786
CYP21A1P	0.1094254813029048
CYP24A1	-0.3850145694376545
CYP26A1	-0.26039973062171573
CYP26C1	-0.3231805212590077
CYP27A1	0.1186265202403618
CYP27B1	-0.7953109218924546
CYP2A6	-0.4404155707959591
CYP2A7	-0.03545146326431148
CYP2AB1P	-0.2142171583463834
CYP2B6	0.0
CYP2B7P	1.1469343020656275
CYP2C18	0.1543629843908061
CYP2C9	-0.6546327291423425
CYP2D6	0.349563106173343
CYP2D7	-0.6097327563232589
CYP2D8P	-1.0023589234866326
CYP2E1	-0.44264066056132734
CYP2F1	0.0
CYP2F2P	0.0
CYP2G1P	-0.3652954702738963
CYP2R1	0.12777864597184596
CYP2T1P	-0.564590245808797
CYP2U1	0.13949328207983225
CYP39A1	-0.5960644946593749
CYP3A4	0.349563106173343
CYP3A43	-1.0718802337508397
CYP3A5	1.051479803290524
CYP3AP2	0.349563106173343
CYP46A1	-0.5960644946593749
CYP4F11	-1.033717951970617
CYP4F2	-0.6663827405266808
CYP4F23P	0.11723504953695138
CYP4F26P	0.0010332768935352732
CYP4F3	1.5302431204704723
CYP4F35P	0.6810153140566778
CYP4V2	1.1277641916133891
CYP4X1	0.7733182213489013
CYP4Z1	0.0
CYP4Z2P	0.11723504953695138
CYP51A1	0.6118454803827333
CYP51A1-AS1	-0.06464492738402305
CYP51A1P1	0.15540539599295933
CYP51A1P2	-0.40549749322415896
CYR61	0.3424520175650825
CYS1	0.5498410520988639
CYSLTR1	0.11932381002631054
CYSLTR2	2.86640983010172
CYSRT1	-0.7346891419022271
CYSTM1	0.15834774196262558
CYTB	0.1479237214608986
CYTH1	0.14304734147007636
CYTH2	-0.0894376763155087
CYTH3	0.22413986182590406
CYTH4	1.773418036714375
CYTIP	1.8157465908542214
CYTOR	0.3859764226737141
CYYR1-AS1	1.3320375368983557
D2HGDH	-0.4441695701520558
DAAM1	-0.8187772292942928
DAAM2	-0.4404155707959591
DAB1	-0.7752700350280548
DAB2	2.0664431450767347
DAB2IP	-0.6416909834581599
DACH1	0.3191952202129258
DACH2	0.543297340733222
DACT1	-0.6868656643131853
DACT3	-0.9309950273027208
DACT3-AS1	-0.10896336291262432
DAD1	-0.1486038315093854
DAG1	-0.018683618924178802
DAGLA	0.0
DAGLB	0.15607396696121967
DALRD3	-0.13445278253841053
DANCR	0.4030009857767247
DAND5	-0.03384326239056146
DANT2	-0.4404155707959591
DAOA-AS1	-0.19128033487777554
DAP	0.4409884053343731
DAP3	0.15788816553300222
DAP3P1	1.4549738860353585
DAP3P2	-0.5394797024407851
DAPK2	2.2966945228699798
DAPK3	0.2655306495158207
DAPL1	0.0
DAPP1	-0.3777344570704608
DARS	0.010562996297256433
DARS-AS1	-0.08930163965554527
DARS2	-0.19017057162508166
DAW1	0.9676770410157749
DAXX	0.06492682940316996
DAZ1	0.349563106173343
DAZAP1	-0.13792122886777314
DAZAP2	-0.07361545656164381
DAZAP2P1	0.7637659348388111
DBF4	0.1997768467327088
DBF4B	-1.1151832040026175
DBI	0.5430489155213927
DBIL5P	-0.165723337579597
DBIL5P2	0.30629837379748975
DBIP2	0.349563106173343
DBN1	0.21996482301413778
DBNDD1	0.2831054791607599
DBNL	0.055940664957494945
DBP	-0.0435832021587359
DBR1	-0.08036486151516797
DBT	-0.23122893227807317
DBX2	-0.3618969512171711
DCAF1	-0.18404141650047556
DCAF10	0.5923018758179079
DCAF11	-0.2693181059843397
DCAF12	0.1420887955804364
DCAF13	0.30573001431573843
DCAF13P1	0.3356238937524805
DCAF15	0.2925676689450043
DCAF16	-0.2831037627581967
DCAF17	-0.14326393896788225
DCAF4	-0.32285771221603454
DCAF4L1	-0.6367711413316464
DCAF5	0.3640328114217759
DCAF6	0.06369434920173944
DCAF7	-0.3432242183915637
DCAF8	-0.1256507028600442
DCAKD	-0.813350665003318
DCBLD1	-0.3105021378276547
DCBLD2	-0.36100761351769606
DCC	-0.12765622534289972
DCD	0.349563106173343
DCDC1	0.22561774745872887
DCDC2	-1.1041416837735083
DCDC2B	-0.08255993100180736
DCDC5	-0.2142171583463834
DCHS1	0.4350090171786096
DCHS2	-0.2142171583463834
DCK	-0.15903388866219892
DCLK1	1.380528461022489
DCLK2	-0.3237688895387585
DCLK3	0.349563106173343
DCLRE1A	-0.4914182923590822
DCLRE1B	-0.08377777872760817
DCLRE1C	0.041060223127951545
DCN	0.19373423455987895
DCP1A	-0.21183015764369628
DCP1B	-0.14568166296300866
DCP2	0.013756271170601408
DCPS	0.01568688791999584
DCST1	1.1667173986955481
DCST1-AS1	0.8937532535957429
DCST2	1.2257735932782852
DCSTAMP	0.0
DCT	-0.11146864236059706
DCTD	0.0857219320863365
DCTN1	-0.07911057129200927
DCTN1-AS1	0.23786510936375377
DCTN2	-0.21627382580215126
DCTN3	0.01067920264819655
DCTN4	0.327067084187215
DCTN5	0.117789880521741
DCTN6	0.4440264106625236
DCTPP1	0.1514677421477657
DCUN1D1	-0.09946511572322692
DCUN1D2	0.027099750148041224
DCUN1D3	0.3207341027751518
DCUN1D4	-0.3444610729291888
DCUN1D5	-0.13742602101026868
DCX	-0.2142171583463834
DCXR	0.030697727846144218
DDA1	0.11808543207286348
DDAH1	-0.008448673824323905
DDAH2	0.5308242531663856
DDB1	0.12022928476209138
DDB2	-0.2516325303155931
DDC	-1.3000446248033417
DDHD1	-0.46347357975855985
DDHD2	0.16967751102756878
DDI2	-0.16113271892604342
DDIAS	-0.1249501455295956
DDIT3	-0.4799529522742425
DDIT4	-0.48153804501963826
DDN	-0.13252400409098897
DDO	0.349563106173343
DDOST	0.39574920295802585
DDR1	0.540594627693971
DDR2	-0.12846109303080766
DDRGK1	0.15683413040861893
DDT	0.1108247275536911
DDTL	-0.27541912110963906
DDX1	0.007078675751779784
DDX10	-0.0811178508400765
DDX11	-0.5645771553912162
DDX11-AS1	0.43574530460088123
DDX11L1	-0.2345884805950697
DDX11L10	0.349563106173343
DDX11L2	-0.6840240101206825
DDX11L8	0.0
DDX12P	-0.7505388216868312
DDX17	-0.07670595329094354
DDX18	-0.16032624444424393
DDX19A	0.1617036356950976
DDX19B	-0.08433427101590318
DDX20	0.2366656186371312
DDX21	-0.37511548089300106
DDX23	-0.24977081864974515
DDX24	-0.06896816742099432
DDX25	-0.4404155707959591
DDX26B-AS1	0.22074140458120906
DDX27	-0.2331361520460682
DDX28	-0.0901278852369174
DDX31	-0.20349398806835417
DDX39A	0.04214547578647654
DDX39B-AS1	0.1353459478269596
DDX39BP1	0.19373423455987895
DDX39BP2	-0.02048292378650446
DDX3P1	-0.2142171583463834
DDX3X	0.14309199823660457
DDX3Y	0.19373423455987895
DDX4	-0.6663827405266808
DDX41	0.02167078428918323
DDX42	-0.40463188348809886
DDX43	0.19373423455987895
DDX46	-0.20605363994272174
DDX47	-0.23525138874908968
DDX49	0.10651815952117794
DDX5	-0.3326495117726349
DDX50	-0.34037492053205476
DDX51	-0.4154983469941982
DDX52	-0.808713921430245
DDX54	-0.22246757019068752
DDX55	-0.4820086346080217
DDX55P1	0.35200121055000033
DDX56	0.10677297362076565
DDX58	0.18375957703455725
DDX59	-0.07533361407026895
DDX6	-0.3079637285163166
DDX60	0.1976170754737927
DDX60L	0.5596025227660277
DEAF1	0.09664401283319712
DEC1	0.16482648266120942
DECR1	0.3808367119502396
DECR2	0.060387120176719655
DEDD	0.1714692470583632
DEDD2	0.10503218201778175
DEF6	-0.01737469034346617
DEF8	0.2427903284098214
DEFA4	0.6356002480254456
DEFB116	0.44186601346556653
DEFB122	0.0
DEFB125	0.0
DEFB132	0.349563106173343
DEGS1	-0.24615102228688457
DEGS2	0.10715800104697304
DEK	-0.089366791681595
DENND1A	-0.38378279797050396
DENND1B	-0.46157510301345894
DENND1C	0.37226762512255007
DENND2A	-0.46089849458246357
DENND2C	-0.16816271665729213
DENND2D	-0.37573676776304543
DENND3	-0.07210388988389127
DENND4A	0.11557296924923754
DENND4B	-0.01508923314167454
DENND4C	0.04627488566997329
DENND5A	0.07770795570611888
DENND5B	-0.2991753802991184
DENND5B-AS1	-0.065951996564654
DENND6A	-0.0004869872121471275
DENND6B	-0.37713840227006923
DENR	-0.44939047321802406
DEPDC1	0.24382375369771836
DEPDC1-AS1	0.10732608271097721
DEPDC1B	-0.010463939422201918
DEPDC4	-0.5032029081894658
DEPDC5	0.13621516013274082
DEPDC7	-0.10555947116162656
DEPTOR	-0.19451153194900694
DERA	-0.06429357850244344
DERL1	0.31675044454193113
DERL2	0.23525677782486198
DERL3	0.11272872216781771
DESI1	-0.012860983357759537
DESI2	-0.14575755602262142
DET1	-0.05939574877672005
DEUP1	0.3314522078833348
DEXI	-0.39677998031573836
DFFA	-0.032425819425670355
DFFB	-0.17618037295621036
DFNA5	-0.39734841448148245
DFNB59	-0.7157214737432307
DGAT1	0.6658072652801375
DGAT2	0.06024851940100451
DGAT2L6	0.19373423455987895
DGAT2L7P	-0.012333845043828062
DGCR14	-0.2709395480352974
DGCR2	0.041004725218090954
DGCR5	2.081914041830009
DGCR6	0.3378551727415724
DGCR6L	0.08203443627030715
DGCR8	-0.16977678781844574
DGKA	-0.30870295469344455
DGKB	-0.24668133623608016
DGKD	0.028410864659127455
DGKE	-0.30080908895750014
DGKG	-0.29404065650238387
DGKH	0.008379073482819521
DGKI	-0.6750040513910287
DGKK	-1.2656144683107187
DGKQ	0.40859932279084443
DGKZ	0.16102941797615955
DGKZP1	-0.3850145694376545
DGUOK	0.3287428391011975
DGUOK-AS1	0.2883412898586757
DHCR24	0.3513050648342553
DHCR7	0.5852040923355943
DHDDS	0.31721322203232205
DHDH	1.2198594706400994
DHFR	-0.10539527733774001
DHFR2	-0.06654362587185947
DHFRP1	0.22523287667848102
DHFRP2	0.0
DHH	-0.3231805212590077
DHODH	0.03621638960106388
DHPS	-0.03963806262179048
DHRS1	0.32743104636523235
DHRS11	-0.6856210258741227
DHRS12	0.7595984804135378
DHRS13	0.07175148454060132
DHRS2	1.0213197123691047
DHRS3	0.8367460090862471
DHRS4	-0.22422121369195835
DHRS4-AS1	-0.6444422525992533
DHRS4L1	-0.4985114054855737
DHRS4L2	0.19234572148829443
DHRS7	-0.3319850347811091
DHRS7B	0.8202369714150644
DHRS9	2.6006364213112176
DHTKD1	0.33831837756377325
DHX15	0.11260969611854144
DHX16	-0.06335504175483564
DHX29	0.19520616563359283
DHX30	0.025521183794019464
DHX32	-0.2616638939523046
DHX33	0.06338845740191168
DHX34	-0.08797346488169566
DHX35	-0.4893729685746617
DHX36	-0.006312858918009923
DHX37	-0.19883040470189783
DHX38	0.01481368575738351
DHX40	-0.49199285469051546
DHX57	-0.1392517124863648
DHX58	-0.9240101734228325
DHX8	-0.7435149620085539
DHX9	0.07550436729142618
DHX9P1	0.0
DIABLO	-0.29487806317554544
DIAPH1	0.02450526488514626
DIAPH2	0.33212191546851955
DIAPH2-AS1	0.1353459478269596
DIAPH3	0.06314364754429036
DIAPH3-AS1	0.6501961654144958
DIAPH3-AS2	-0.2142171583463834
DICER1	-0.05034296269462857
DICER1-AS1	0.7660392940425287
DIDO1	-0.35578733865081347
DIEXF	-0.34946373227853655
DIMT1	0.206224188706722
DIO1	0.05336989369785028
DIO2	1.1190691772344143
DIO2-AS1	0.19373423455987895
DIP2A	0.5818239528086515
DIP2B	-0.2666113319833059
DIP2C	-0.3850145694376545
DIRAS1	0.0
DIRC2	0.30104243461643954
DIRC3-AS1	-0.2821327995003916
DIS3	0.0013466971700228925
DIS3L	0.15169382318006797
DIS3L2	-0.21851176738854505
DISC1FP1	-2.2778414189657967
DISP1	-0.6017596894380555
DISP2	0.5451890249558815
DISP3	0.13327505965895892
DIXDC1	-0.3722792085583535
DKC1	0.07371451037291621
DKFZP434A062	0.349563106173343
DKFZP434I0714	-0.12015271182744502
DKFZP434L187	0.9507455147838637
DKFZP586I1420	-0.8963573391630675
DKFZp451B082	0.19373423455987895
DKFZp686K1684	0.0
DKK1	-0.8541942000246195
DKK2	-0.35508275261069855
DLAT	0.06499599319301375
DLC1	0.7914291196389095
DLD	0.053593982094117365
DLEC1	1.0535928351511838
DLEU1	-0.13379486234687477
DLEU2	0.05647441441347212
DLEU7	0.6934931082178188
DLEU7-AS1	0.9166873663330954
DLG1	-0.15727565708382052
DLG1-AS1	-0.19128033487777554
DLG2	-0.18719042166245092
DLG3	1.452281849374168
DLG4	0.1003208706440013
DLG5	-0.49309090316962667
DLG5-AS1	-0.22451672706111425
DLGAP1	0.6700036144389321
DLGAP1-AS1	1.1828402028721579
DLGAP1-AS2	2.164781140083895
DLGAP1-AS5	-0.2142171583463834
DLGAP2	0.22764885511918312
DLGAP3	0.19373423455987895
DLGAP4	-0.11155819879239637
DLGAP4-AS1	1.7400806793918737
DLGAP5	-0.07520679478300885
DLK1	-0.2142171583463834
DLK2	-0.7694911457470821
DLL3	0.4722324676050329
DLL4	-0.14409305424772612
DLST	0.008174530972878458
DLSTP1	0.9996475328979956
DLX1	-0.21746437545521502
DLX2	0.6249768586415101
DLX2-AS1	0.8768636974194552
DLX4	0.2446803834153961
DLX5	0.19373423455987895
DLX6	0.0
DLX6-AS1	-0.3850145694376545
DMAP1	-0.24581895939886067
DMBT1	0.9917070655644306
DMC1	-0.4195202981105055
DMD	0.1353459478269596
DMGDH	0.35856071722108834
DMKN	0.44186601346556653
DMP1	-0.24668133623608016
DMPK	0.2453687016201842
DMRT1	0.5293581283123594
DMRTA1	1.1422480795140628
DMTF1	-0.08790049788728282
DMTN	0.7792041736242494
DMWD	-0.5234806586361138
DMXL1	0.16339583413999392
DMXL2	0.7697852928427977
DNA2	-0.4392680811956833
DNAAF1	-1.8702947013708273
DNAAF2	-0.38000618560095845
DNAAF3	-3.4441557961960774
DNAAF5	0.09154233272927748
DNAH1	-0.12443697082269267
DNAH10	0.7087298162203732
DNAH11	-0.025568052625267512
DNAH12	0.4275009029272967
DNAH14	-0.5603753192351348
DNAH17	0.38899378745033086
DNAH2	0.7091875418838296
DNAH3	0.2844946516089515
DNAH5	0.44087768918623965
DNAH6	1.7207267258684549
DNAH7	-0.17140048242501305
DNAH8	-0.16816271665729213
DNAH9	-0.24668133623608016
DNAI1	-0.2821327995003916
DNAJA1	0.4236100937173397
DNAJA1P3	0.0
DNAJA2	0.18352261274903725
DNAJA3	-0.3989438395654421
DNAJA4	-0.5898952286083472
DNAJB1	0.1901545777135336
DNAJB11	0.06334979152406639
DNAJB12	-0.31455740822670997
DNAJB13	-0.244697293253354
DNAJB14	-0.22919710411441407
DNAJB2	0.9739183226073882
DNAJB4	0.39317390438890776
DNAJB5	-0.06895284653054201
DNAJB5-AS1	-0.7405911943591986
DNAJB6	0.16166250252314818
DNAJB7	-0.3618969512171711
DNAJB8	-0.3850145694376545
DNAJB8-AS1	0.19373423455987895
DNAJB9	0.7728564541855238
DNAJC1	0.6916494738269847
DNAJC10	0.0851673548605234
DNAJC11	-0.02792659833236044
DNAJC12	0.2510087838165216
DNAJC13	0.24501097017970785
DNAJC14	-0.6033526025037688
DNAJC16	-0.10663895027993853
DNAJC17	-0.02976513703638517
DNAJC18	-0.20994356303886264
DNAJC19	-0.22482066029309955
DNAJC19P5	0.25443423963079637
DNAJC19P9	-0.3231805212590077
DNAJC2	0.1439939329747233
DNAJC21	0.1291173720866734
DNAJC22	0.6022202068930944
DNAJC24	-0.42455321268915824
DNAJC25-GNG10	-0.5639095840310282
DNAJC27	-0.12536109325212763
DNAJC27-AS1	0.8025190199367693
DNAJC28	0.38374185633686286
DNAJC3	0.4139863953723619
DNAJC3-AS1	0.4807651220681226
DNAJC30	0.14718245373700256
DNAJC4	0.5994040851991835
DNAJC5	-0.27549799498415517
DNAJC5B	2.160901182408345
DNAJC6	0.40464395922237095
DNAJC7	-0.8343449363581286
DNAJC8	0.08087669608679526
DNAJC8P1	0.19373423455987895
DNAJC9	-0.039993446232006846
DNAJC9-AS1	0.37194608897678805
DNAL1	-0.28575629298515715
DNAL4	-0.0327578386745806
DNASE1	0.24237536711645546
DNASE1L1	0.43318403601937217
DNASE1L2	-1.0812874149736877
DNASE2	0.48283759194774056
DNASE2B	0.721565218712511
DND1	0.15533143127276006
DND1P1	0.0
DND1P2	0.1094254813029048
DNER	0.3314522078833348
DNHD1	-0.04551371511310798
DNLZ	-0.18559789073370236
DNM1	-0.3815490589272237
DNM1L	-0.12273154229666083
DNM1P17	-0.8023125220131302
DNM1P19	0.19373423455987895
DNM1P29	0.0
DNM1P35	-0.9729847751269842
DNM1P39	0.3314522078833348
DNM1P41	-1.2506972238017173
DNM1P46	0.2193592617483917
DNM1P47	0.19373423455987895
DNM2	0.20151698275264174
DNM3	0.06236134592893361
DNMBP	-0.43459647175976457
DNMBP-AS1	0.38299263232741065
DNMT1	-0.096247226079619
DNMT3A	0.7858295433747635
DNMT3B	-0.45011146945181935
DNMT3L	0.0
DNPEP	0.3021589436362522
DNPH1	0.7848189046311278
DNTT	0.349563106173343
DNTTIP1	-0.07494941042923742
DNTTIP2	0.028323802232339546
DOC2A	-0.18954650412855756
DOC2B	0.0
DOC2GP	-0.041689660098582104
DOCK1	-0.5960644946593749
DOCK10	1.6552538190705723
DOCK11	0.36954456068926866
DOCK2	0.15401386676781392
DOCK3	0.04451759898408403
DOCK4	0.18096701243567725
DOCK5	1.1817808579967553
DOCK6	-0.009287941296318714
DOCK7	0.28751024573761974
DOCK8	0.40278223426406967
DOCK9	2.5549584841393504
DOHH	0.1611680911189417
DOK1	0.10394067956388753
DOK2	0.3505676944563971
DOK3	0.1263669035121744
DOK4	-0.47069502748669034
DOK5	-0.4404155707959591
DOK6	0.46824859837990174
DOK7	1.021007524454695
DOLK	-0.3540106962769798
DOLPP1	-0.5965743483688772
DONSON	0.3961008552884966
DOPEY1	-0.0820678139401263
DOPEY2	0.5478805684582593
DOT1L	-0.050036903165787905
DPAGT1	0.20215278671822112
DPCD	-0.08387973027895157
DPEP2	0.0829222925611095
DPF1	-1.8308770619293364
DPF2	0.1432592911842665
DPF3	-4.082229783967286
DPH1	0.1288745769130717
DPH2	0.03756551818301013
DPH3	0.07672550150623536
DPH3P1	-0.3618969512171711
DPH5	-0.3216483019528589
DPH6	0.06892552880346692
DPH6-AS1	0.9222278406346933
DPH7	-0.35753475583392635
DPM1	-0.36315598194044796
DPM2	0.015228770211020759
DPM3	1.379142827988642
DPP10	0.3314522078833348
DPP3	0.032705214887627676
DPP3P2	0.349563106173343
DPP6	0.9851633541987885
DPP7	-0.13756096664363682
DPP8	-0.15193570867006123
DPP9	-0.04757096939607486
DPP9-AS1	-0.20361417992160347
DPPA4	0.0
DPRXP6	-0.2142171583463834
DPY19L1	0.024410920349779985
DPY19L1P1	-0.03488320854660021
DPY19L1P2	0.6889573183232018
DPY19L2	-0.5046205132426191
DPY19L2P1	-0.26461228677604015
DPY19L2P2	-0.8392372369839833
DPY19L2P3	-0.0039932677014391516
DPY19L2P4	-0.2342267150600037
DPY19L3	0.14785706157835854
DPY19L4	-0.001460192462703347
DPY30	-0.06883905935873891
DPYD	1.3952667724938088
DPYD-AS1	0.7620778551556855
DPYS	0.19373423455987895
DPYSL2	-0.10731091014707062
DPYSL4	-0.2142171583463834
DPYSL5	-0.7202391696722128
DQX1	-1.0831998934252838
DR1	-0.07775296255259256
DRAIC	0.3314522078833348
DRAM1	2.2715472187272088
DRAM2	0.013955493382145079
DRAP1	-0.15587708790003063
DRAXIN	1.2180363771135247
DRC1	0.5311305787586719
DRC3	-0.16833739870006026
DRC7	1.1865765139670006
DRD4	-1.4892382298693996
DRD5P1	-0.4404155707959591
DRG1	0.030230501004689714
DRG2	-0.04697342109357905
DRICH1	-1.280016089571542
DROSHA	0.10370404366894448
DRP2	-0.15962041455184472
DSC1	0.5478099444384097
DSC2	1.2377151684046614
DSC3	-0.5531772860949465
DSCAM	0.11723504953695138
DSCAML1	0.5498410520988639
DSCAS	-0.4178695075488892
DSCC1	-0.1790117159995983
DSCR3	0.5010038943994726
DSCR9	0.6197544190224384
DSE	0.43735149740283763
DSEL	-0.03545146326431148
DSG2	0.7026179116884173
DSG2-AS1	1.04790940090842
DSG3	0.46679815571029437
DSG4	-0.6663827405266808
DSN1	-0.21136605537304298
DSP	3.135260881171429
DSPA2D	1.1874483018741309
DSPP	-0.3850145694376545
DST	0.11715456993702311
DSTN	-0.5197320448211986
DSTNP2	-0.3086312209763715
DSTNP3	-0.6900841924066539
DSTYK	-0.22010516617794806
DTD1	0.14047167690425155
DTD2	-0.29898480826740403
DTL	-0.35113700359323907
DTNA	-0.2849389310682635
DTNB	0.18494195277153214
DTNBP1	0.08038284564517184
DTWD1	0.03889245272780606
DTWD2	-0.3134853757024949
DTX2	-0.04208209733856183
DTX2P1	-0.4145911689623123
DTX2P1-UPK3BP1-PMS2P11	-0.2858469715903347
DTX3	-0.2142171583463834
DTX3L	0.44285497641666893
DTX4	-0.22124912600559554
DTYMK	-0.1812802381712686
DUBR	-0.07713578875822957
DUOXA1	-0.30504550718925894
DUS1L	-0.24579973123239895
DUS2	-0.14947856201206022
DUS3L	-0.006602473279617271
DUS4L	0.01435475441062728
DUSP1	1.4497720266729703
DUSP10	0.08049434608489037
DUSP11	0.13374141431420838
DUSP12	0.26672375419846617
DUSP14	-0.7756294961375421
DUSP15	-0.3850145694376545
DUSP16	0.08557969358667883
DUSP18	-0.21609885649417482
DUSP19	-0.2198591648597743
DUSP2	0.18998378480519662
DUSP22	0.3935141547116796
DUSP23	0.11185972092869267
DUSP27	0.6420070658868837
DUSP28	0.04153430039173145
DUSP3	-0.5280108397653471
DUSP4	1.169372786273473
DUSP5	-0.268535190017297
DUSP6	0.2630797979292332
DUSP7	-0.0034912897892880324
DUSP8	-0.5960644946593749
DUSP8P5	0.06975565636503944
DUT	0.007083180653408405
DUTP6	1.3288239247159046
DUX4L50	0.2048986987111543
DUXA	0.0
DUXAP10	-0.31967528231507103
DUXAP8	-0.12370941740959829
DVL1	0.3188355804383498
DVL2	0.1547786127137023
DVL3	0.20256992350967984
DXO	0.36279919680985095
DYDC1	-0.3618969512171711
DYDC2	-0.2142171583463834
DYM	-0.022613768170879567
DYNC1H1	0.27728949153623006
DYNC1I1	0.3002111079891785
DYNC1I2	0.1701099872060734
DYNC1I2P1	0.0764875119183337
DYNC1LI1	0.19072344001032526
DYNC1LI2	0.18224109315934456
DYNC2H1	-0.4003683129752815
DYNC2LI1	-0.07279796290872476
DYNLL1	0.19659745164310038
DYNLL1P4	-0.402330260099496
DYNLL1P7	0.19373423455987895
DYNLL2	-0.2991971704266856
DYNLRB1	-0.16193527459478219
DYNLT1	0.797872122266952
DYNLT3	-0.3850145694376545
DYNLT3P2	-1.0569629892418384
DYRK1A	0.34260658435627
DYRK1B	-0.726246658646426
DYRK2	-0.7486836406251225
DYRK3	-0.24755300523153423
DYRK4	-0.3501063556046642
DYSF	-1.6075106044723513
DYX1C1	-0.3850145694376545
DYX1C1-CCPG1	0.32908018238683856
DZANK1	-0.9301223253863844
DZIP1	-0.17748002424985754
DZIP1L	-0.27608951435538565
DZIP3	0.4023083648719332
E2F1	-0.604711005778821
E2F2	0.0068329156736020025
E2F3	0.04396377690443565
E2F3P1	-0.3505294925878977
E2F4	0.0746351814940045
E2F5	0.7145439401187588
E2F6	-0.006618054931484707
E2F6P2	0.11723504953695138
E2F6P4	-0.5960644946593749
E2F7	-0.5255356925652883
E2F8	0.0033852836406893516
E4F1	-0.5839369041007236
EAF1	-0.03949239710960839
EAF2	-0.1572465387106483
EAPP	-0.11788916200745447
EARS2	-0.19406764336875426
EBAG9	0.08526778361800957
EBF1	0.19373423455987895
EBF3	-0.5660406884784045
EBF4	1.7888384087537417
EBLN3P	-0.16360185760231438
EBNA1BP2	0.1675713947389319
EBP	0.2632709411818688
EBPL	-0.24480693433059564
ECD	0.23456711982899492
ECE1	0.307936618769471
ECE2	0.1894995291891597
ECH1	0.29882330162460846
ECHDC1	0.015808669901407058
ECHDC2	-1.7162872578873976
ECHS1	-0.07573387625627248
ECI1	-0.20227832547660185
ECI2	0.08190376940538435
ECM1	-0.3514588517000803
ECM2	0.12594481706383132
ECRP	1.257607473788691
ECSCR	0.05713890177312808
ECSIT	-0.40997504792733075
ECT2	0.07146514062220533
ECT2L	-0.21244199897718818
EDA	0.3314522078833348
EDARADD	0.35668316893917185
EDC3	-0.14788152075279015
EDC4	-0.060674746927652734
EDEM1	0.150742846283892
EDEM2	0.21523068105874366
EDEM3	0.03946492432525517
EDF1	-0.1574422831367155
EDIL3	0.1782735041788266
EDN1	2.629426294131911
EDNRA	0.0
EDNRB	-0.5531772860949465
EDNRB-AS1	-0.09469172815310944
EDRF1	-0.6079208796035651
EDRF1-AS1	-2.3883199367439323
EEA1	-0.34268145414658413
EED	-0.203726823115149
EEF1A1	0.060657872675221824
EEF1A1P1	-0.6316959056737347
EEF1A1P11	1.3183206023880625
EEF1A1P12	0.0014504426696074213
EEF1A1P13	-0.045835561051075224
EEF1A1P18	-0.6663827405266808
EEF1A1P23	0.9788020968641262
EEF1A1P24	1.77947629162924
EEF1A1P30	-0.7569840527425211
EEF1A1P39	-0.4404155707959591
EEF1A1P43	-0.02048292378650446
EEF1A1P5	0.6473077844191586
EEF1A1P6	0.32729959352665894
EEF1A1P7	-0.012333845043828062
EEF1A1P9	0.19373423455987895
EEF1A2	-0.5960644946593749
EEF1AKMT1	0.16881540900848968
EEF1B2	-0.19223206617681576
EEF1B2P1	0.44186601346556653
EEF1B2P2	0.3314522078833348
EEF1B2P3	-0.057197522953135405
EEF1B2P6	-0.20426442794615085
EEF1D	-0.37254362448722134
EEF1DP1	-0.3850145694376545
EEF1DP2	0.13150385502407147
EEF1DP3	2.02537674117551
EEF1DP4	-0.6698791050395383
EEF1DP8	0.349563106173343
EEF1E1-BLOC1S5	-0.38083429283480097
EEF1E1P1	0.6304622861315283
EEF1G	-0.2446100345553024
EEF1GP3	0.0
EEF1GP7	0.0
EEF2	0.04169084823761793
EEF2K	-0.03127362122652677
EEF2KMT	-0.35745777947127877
EEFSEC	0.07433246086020162
EEPD1	0.4454341201959471
EFCAB10	0.07002683182602831
EFCAB11	-0.2577949035167215
EFCAB12	-1.1097611250760204
EFCAB13	-0.09808602739781414
EFCAB14	-0.0514475755018271
EFCAB14-AS1	0.22552555641379657
EFCAB2	-0.42473291110556843
EFCAB3	0.03140624754717747
EFCAB5	0.7593601997259736
EFCAB6	0.33290265055294216
EFCAB7	-0.4450988803619733
EFCC1	0.4372540016866928
EFEMP2	-0.3549328299396035
EFHB	1.0538627818211044
EFHC1	-0.30495467204133675
EFHC2	-0.5871618695543135
EFHD1	0.6810153140566778
EFHD2	0.12433206572019628
EFL1	0.05182440759717011
EFNA2	0.8923626298037821
EFNA3	0.25775623146903204
EFNA4	0.29830821657618767
EFNA5	-0.6512108478376906
EFNB1	0.11401749781782389
EFNB2	0.4057985832160629
EFNB3	0.10288176993726289
EFR3A	0.3074868116668821
EFR3B	1.2845501766357363
EFS	0.0
EFTUD1P1	0.0
EFTUD2	-0.8460485784659504
EGF	0.9302494596020018
EGFEM1P	0.1921973918548716
EGFL6	0.3314522078833348
EGFL7	1.8263351858713093
EGFLAM	-0.2142171583463834
EGFR	-0.3850145694376545
EGLN1	-0.28564925192249646
EGOT	1.8627377960474565
EGR1	1.0751455501289655
EGR2	0.7373946395934046
EGR3	0.9735332270934935
EGR4	-0.4404155707959591
EHBP1	0.1323467030192802
EHBP1L1	-0.03674167425511499
EHD1	0.6054718202754561
EHD2	-0.2142171583463834
EHD3	-0.16816271665729213
EHD4	0.39364374575918326
EHD4-AS1	0.0
EHHADH	-0.5715093021491291
EHHADH-AS1	-0.19128033487777554
EHMT1	-0.38010416702035954
EHMT2	0.043711554096173444
EI24	-0.10064543649962587
EI24P2	0.19373423455987895
EID1	0.4753179465905575
EID2	0.20213763703677934
EID2B	0.24070488562083803
EIF1	-0.758149656047534
EIF1AD	-0.0247968337689759
EIF1AX	-0.121932046145794
EIF1AXP1	-0.40501890857216694
EIF1B	0.26789204391582366
EIF1B-AS1	0.04295816290661669
EIF1P6	0.8812932599821988
EIF2A	0.010591153787590457
EIF2AK1	0.0008545678047067184
EIF2AK2	-0.3111919715811293
EIF2AK3	0.19515801209381145
EIF2AK4	0.18743354722339767
EIF2B1	-0.4700095165222766
EIF2B2	0.2743270300673295
EIF2B3	0.1042127591165194
EIF2B4	0.0559404263945833
EIF2B5	0.0717521397592975
EIF2D	-0.45991067836281374
EIF2S1	0.07217731136121763
EIF2S2	-0.35371299126328815
EIF2S2P3	0.2704491102589066
EIF2S2P4	0.45418281897803325
EIF2S3	0.12609973673080077
EIF3A	-0.36402068616239447
EIF3B	0.02967686871561348
EIF3C	-0.08982546531382418
EIF3CL	-0.15951697852211044
EIF3D	0.0914581943431454
EIF3E	0.09005781637889676
EIF3EP1	-0.4070351202487945
EIF3F	-0.34370873238170496
EIF3FP1	0.44186601346556653
EIF3FP3	-0.06445369144968893
EIF3G	-0.12961640494971682
EIF3H	0.12488789380701526
EIF3I	-0.0002505530397893807
EIF3J	0.14629605286339142
EIF3J-AS1	0.4225305604798537
EIF3K	-0.11506448088853816
EIF3KP1	0.30629837379748975
EIF3L	-0.050761559061895056
EIF3LP2	0.38825312374894516
EIF3LP3	1.2499115044912892
EIF3M	-0.06585175326404702
EIF4A1P10	-0.23202304488262881
EIF4A1P2	-0.07516863092052173
EIF4A1P4	-0.5960644946593749
EIF4A1P5	0.6824657567262851
EIF4A1P7	-0.6546327291423425
EIF4A1P9	0.19373423455987895
EIF4A2	-0.16501611219562484
EIF4A2P4	-0.4404155707959591
EIF4A3	-0.14541659356519432
EIF4B	-0.3953093671052219
EIF4BP2	0.19373423455987895
EIF4BP3	0.28363532086824184
EIF4BP5	0.1353459478269596
EIF4BP7	-0.5620748801038955
EIF4BP8	0.3510135488429504
EIF4BP9	0.3314522078833348
EIF4E	-0.13447246353540088
EIF4E2	0.1199625882987192
EIF4E3	0.32447894182443093
EIF4EBP1	0.1511893534745692
EIF4EBP2	-0.035333343543682005
EIF4ENIF1	-0.026588225545243205
EIF4EP2	-0.43034608629213844
EIF4G1	0.14167816639795205
EIF4G2	0.14201624269959368
EIF4G3	0.29403431622491105
EIF4H	-0.029337505969577293
EIF4HP1	0.32589967481257887
EIF5	0.10395098938254144
EIF5A	0.2274631052571774
EIF5A2	-0.11866020095760454
EIF5AL1	0.4498257133730732
EIF5AP4	-0.2433454866790412
EIF5B	0.012725806378291793
EIF6	-0.03004419781417056
ELAC1	0.3074580579517523
ELAC2	0.19819550107616024
ELANE	-0.7197718973932258
ELAVL1	0.04102780473924206
ELAVL2	0.44186601346556653
ELAVL3	0.4383844631355048
ELAVL4	-0.4404155707959591
ELDR	0.0
ELF1	-0.07445729511905697
ELF2	-0.03735059830847476
ELF2P1	-0.47490177802314815
ELF3	1.6799375740118254
ELF4	0.721493754851906
ELFN1	-0.7469115206548255
ELFN1-AS1	1.9215701461257726
ELFN2	0.6779767386539386
ELK1	0.11948692464813604
ELK3	-0.11788226132674318
ELK4	-0.5492653383539405
ELL	0.07068164826243617
ELL2	0.2991299542504091
ELL3	-0.2454303518164549
ELMO1	0.0173715350152861
ELMO1-AS1	0.39951071515879955
ELMO2	-0.1136215314896738
ELMO3	0.16184374406217117
ELMOD1	-1.3983770166725051
ELMOD2	-0.23840341040528834
ELMOD3	-0.3816284624775008
ELMSAN1	0.19330557395970338
ELN	0.0
ELOA	0.048654315941279336
ELOA-AS1	-0.0739047053123576
ELOB	-0.0826590767516393
ELOC	0.07327466839214125
ELOCP2	-0.7853610701014004
ELOCP27	0.19373423455987895
ELOF1	-0.08168615904723708
ELOVL1	0.24651997236829715
ELOVL2	1.0155964244280309
ELOVL2-AS1	1.1030229888427345
ELOVL3	0.0
ELOVL4	0.26139787928092684
ELOVL5	0.042538662503117664
ELOVL6	0.12396885237081534
ELOVL7	0.0018657597188793673
ELP2	0.09109769165609016
ELP3	0.2391081227469698
ELP4	0.08898549506120723
ELP5	-0.06237921949148273
ELP6	-0.08456083798207104
EMB	0.15640089877455488
EMBP1	0.038982841806289636
EMC1	-0.010539563742398173
EMC10	-0.7335977107229628
EMC2	0.14548868226117406
EMC3	0.06825005682350138
EMC3-AS1	0.5841864214652066
EMC4	0.10924835400058797
EMC6	0.16620505037261424
EMC7	0.16028198998555787
EMC8	0.03626524538360165
EMC9	-0.2095580469256424
EMCN	-0.2142171583463834
EMD	0.44093074060318393
EME1	-0.2248729262051885
EME2	-0.48402159478894813
EMG1	-0.4202098481223331
EMID1	-0.025446058222641454
EMILIN1	-0.05132481478446316
EMILIN2	0.9518377853866795
EML1	0.44186601346556653
EML2	0.19270553355243258
EML2-AS1	1.4821482918596933
EML3	-0.21672825344020197
EML4	0.21201528025532745
EML5	1.296360275095755
EML6	0.3573341574806381
EMP1	1.6484263421088556
EMP2	0.7914291196389095
EMP3	0.38315756499304854
EMSY	-0.18106960367812341
EMX2	-0.6316959056737347
EMX2OS	0.1582827712955675
EN1	0.0
ENAH	0.7261134411564569
ENC1	1.4091450527529332
ENDOD1	-0.23239579289303158
ENDOG	-0.2135119107451473
ENDOU	-0.3050696229689995
ENDOV	0.5492003703540274
ENG	-0.12427897439255986
ENGASE	-0.1880667200233237
ENHO	0.056851444027912035
ENKD1	0.22654788589014796
ENO1	0.15417489866466738
ENO1-AS1	1.0894673315596213
ENO1P1	0.25058567858779107
ENO2	-0.6294212107429846
ENO3	0.4091498987431992
ENO4	-0.02048292378650446
ENOPH1	-0.27778361533600204
ENOSF1	-0.1423377479789174
ENOX1	0.6578687963868951
ENOX2	0.08542601502816005
ENPP1	0.9851633541987885
ENPP2	0.3314522078833348
ENPP3	-1.626192863570093
ENPP4	-1.448572869421488
ENPP7P1	-0.14208632799109744
ENPP7P10	0.19373423455987895
ENPP7P2	0.468863634986147
ENPP7P4	0.8863572605366304
ENPP7P5	-0.3618969512171711
ENPP7P6	0.6681953250146608
ENPP7P7	0.43646335674461784
ENSA	-0.0006244677911322327
ENTHD1	-0.24650138848603192
ENTPD1	1.2093585422283306
ENTPD1-AS1	-0.5201265210493204
ENTPD2	0.44186601346556653
ENTPD3	0.349563106173343
ENTPD3-AS1	0.05485797121056368
ENTPD4	-0.008556851430954637
ENTPD5	0.16672319591116658
ENTPD6	-0.2655564079503332
ENTPD7	-0.10459759534024826
ENY2	0.4041182567714685
EOGT	0.010220719720354765
EOMES	0.2749264203749915
EP300	0.0957571810593052
EP300-AS1	-0.13298839346759328
EP400	-0.385129424370664
EP400NL	-0.40222602692885623
EPAS1	3.454891631770401
EPB41	0.20913974492755827
EPB41L1	2.2312779867871533
EPB41L2	0.22764885511918312
EPB41L3	-1.3082854210347417
EPB41L4A	-0.7053854183229138
EPB41L4A-AS1	-0.17360929777718326
EPB41L4B	0.3898925983669681
EPB41L5	0.4921058259004152
EPC1	0.2973163556912244
EPC2	-0.011788183958053366
EPDR1	0.24796834587199257
EPG5	0.31177144145417834
EPGN	-0.1476823601328492
EPHA1	-0.3325071400573343
EPHA1-AS1	-0.2370222103016495
EPHA10	-0.9510552579160589
EPHA2	-0.3850145694376545
EPHA3	-0.3050696229689995
EPHA5	-0.10896336291262432
EPHA6	-0.5559129939017993
EPHA7	-0.4404155707959591
EPHA8	-0.2142171583463834
EPHB1	-0.8682221950027287
EPHB2	1.3163271643792736
EPHB4	-0.4747057372083865
EPHB6	0.13017569450315492
EPHX1	0.16727858650132177
EPHX3	0.4114212701317302
EPHX4	-0.05715050514449693
EPM2A	0.023425564003360932
EPM2AIP1	-0.19979992392639723
EPN1	0.06605975755866922
EPN2	-4.144152834755889
EPO	0.7879475693088477
EPOP	-0.6860371599718365
EPOR	0.051401311210209855
EPPK1	-0.2142171583463834
EPRS	-0.38216472597288487
EPS15	-0.08001060768908275
EPS15L1	0.056894509139088
EPS8	1.1103206806993597
EPS8L1	0.05210720258016899
EPS8L2	-0.13192181585168505
EPS8L3	0.9851633541987885
EPSTI1	-0.7670369069997403
EPX	4.762026550122607
EQTN	0.349563106173343
ERAL1	0.16201530778241136
ERAP1	0.442062972386875
ERAP2	0.2112611670123048
ERAS	0.6908104414887712
ERBB2	-1.07088608476431
ERBB3	-0.2080204562053538
ERBB4	-1.1229045888688474
ERBIN	0.08392177984266347
ERC1	-0.9371375957238364
ERC2	-0.2683843716785339
ERCC1	0.21299337642994232
ERCC2	0.17821934409988316
ERCC3	-0.06860257016599114
ERCC4	-0.4625627958860665
ERCC6	0.17868914838809857
ERCC6L	0.056446834269216595
ERCC6L2	-0.006767810685682107
ERCC8	0.0445500196390185
EREG	-0.5960644946593749
ERF	0.13948216534035396
ERFE	1.660092926841286
ERG	0.030094076054016483
ERGIC1	-0.12613589686558058
ERGIC2	-0.38916716943796636
ERGIC3	-0.30819440582465774
ERH	0.1335715544187579
ERI1	0.21910683655573493
ERI2	0.07638070598699542
ERI3	0.028642608370237355
ERICH1	0.10008055585636022
ERICH2	3.7345315833568
ERICH3	0.0
ERICH4	0.349563106173343
ERICH6	0.9689887181816401
ERICH6-AS1	0.08063446408560804
ERLEC1	0.42201663966684144
ERLEC1P1	0.19859844526937032
ERLIN1	-0.33250323922232106
ERLIN2	0.1543050266157966
ERMAP	0.21177666806931938
ERMARD	0.06651940929145006
ERMN	1.887020609452168
ERMP1	0.16717689023558258
ERN1	0.4198470975091464
ERO1A	-0.4547484827601611
ERO1B	-0.23027955896327335
ERP27	-0.13681919984162505
ERP29	-0.15895212716845997
ERP44	0.41347903608029846
ERRFI1	-1.3831488184058738
ERVFRD-1	0.3896631732484379
ERVFRD-3	-0.28756034596071345
ERVH48-1	-0.46089849458246357
ERVK13-1	-0.7667250898634297
ERVMER34-1	-0.5282833131311209
ERVW-1	0.19373423455987895
ESAM	0.34644722043480103
ESCO1	0.22749573288949598
ESCO2	-0.07550797567780876
ESD	-0.14663166341657785
ESF1	-0.15315829577217777
ESM1	-0.3850145694376545
ESPL1	-0.474656041974864
ESPN	-0.3774478762552788
ESPNP	-0.8314155117904917
ESR1	0.19373423455987895
ESR2	0.7337444990876567
ESRG	-0.3652954702738963
ESRP2	0.0
ESRRA	0.09703256852233366
ESRRAP2	0.19373423455987895
ESRRB	-0.7235450578713634
ESRRG	0.44186601346556653
ESYT1	-0.2535760684909576
ESYT2	-0.045358008440052444
ESYT3	-1.5436003400306493
ETAA1	-0.08364190895702883
ETF1	0.17984805173188256
ETFA	0.06956003978760705
ETFB	0.32657305317234453
ETFBKMT	-0.5970005022644176
ETFDH	-0.1036495054419575
ETFRF1	-0.35847489598581816
ETHE1	0.37972958353656594
ETNK1	-0.41371965048282533
ETNK2	0.0
ETS1	-0.3630851721726778
ETS2	0.2838232721393812
ETV1	-0.043575791123799945
ETV2	0.020389529111292326
ETV3	0.07065386515864347
ETV4	-0.9439780285000285
ETV5	0.09107203641609019
ETV6	-0.3234804178283852
ETV7	0.31911836283950673
EVA1A	0.0
EVA1B	0.01603607373216631
EVA1C	-0.47264850596680186
EVI2A	-0.2656950773594584
EVI2B	-0.7687027770410282
EVI5	0.2855199886915827
EVI5L	1.11996460597857
EVL	0.8497136337623932
EVPL	0.0
EVPLL	0.349563106173343
EWSR1	0.1967924645422645
EXD1	0.8592680475941403
EXD2	-0.3049547420050942
EXD3	-0.06773619713385326
EXO1	-0.874170274457196
EXO5	0.9917070655644306
EXOC1	0.21410340471216216
EXOC2	0.14287134032843873
EXOC3	0.050146986978564456
EXOC3-AS1	0.3750922579610645
EXOC4	0.1278994836409435
EXOC5	-0.38593384528501495
EXOC6	-0.45245235741696455
EXOC6B	0.15296036567391447
EXOC7	-0.1236434536875457
EXOC8	-0.49517036959871064
EXOG	-0.20967900436963482
EXOGP1	0.349563106173343
EXOSC1	-0.426313737775029
EXOSC10	0.09202250396159428
EXOSC2	-0.3647872775419376
EXOSC3	0.0920626995601097
EXOSC4	0.6216081370253814
EXOSC5	0.17269233218250157
EXOSC6	0.05479778545307212
EXOSC7	-0.035230081853509176
EXOSC8	0.1443507563478974
EXOSC9	-0.11213973174567826
EXPH5	0.7955140841923347
EXT1	0.6356002480254456
EXT2	0.025749446979940416
EXTL1	0.3314522078833348
EXTL2	0.07139106729870193
EXTL3	-0.05446869069108118
EXTL3-AS1	-1.0693350035665687
EYA1	0.18476468453249684
EYA2	0.136796390496567
EYA3	0.32999167140411245
EYA4	-0.395897971811875
EYS	0.22539448018134944
EZH1	-0.9355616409673395
EZH2	-0.16123984679877168
EZR	0.05578681331451385
EZR-AS1	0.178059459236944
F10	0.0
F10-AS1	0.19373423455987895
F11-AS1	0.349563106173343
F11R	0.1595087759871756
F12	0.21001782343443587
F13A1	-0.8007894793637504
F13B	-0.0020311076604543343
F2	-0.6546327291423425
F2R	1.044432080531342
F2RL2	-0.4404155707959591
F2RL3	0.349563106173343
F3	0.9908621772927608
F5	2.0815390867024828
F8	0.4919951812276473
F8A1	0.12341878200843048
FA2H	0.0
FAAH	-0.7706714327944146
FAAH2	-1.2724661513055793
FAAHP1	0.4496250535373115
FAAP100	-0.4754684095527235
FAAP20	0.1972970866654009
FAAP24	-0.04162141648964646
FABP3	-0.3161941144646606
FABP5	0.13291109695030023
FABP5P1	-0.2142171583463834
FABP5P11	0.11723504953695138
FABP5P2	-0.16671227398768462
FABP5P3	0.9917070655644306
FABP5P7	0.8029831304068771
FABP6	-0.3850145694376545
FADD	0.0877269178613691
FADS1	0.4071784577865163
FADS2	0.7779294870297786
FADS3	0.9219677860853412
FAF1	-0.0659576769161152
FAF2	0.11271172277893982
FAH	0.29621446502155635
FAHD1	-0.19095591697375802
FAHD2A	-0.16153744222541278
FAHD2B	0.3234685752881994
FAHD2CP	0.8167380481200084
FALEC	0.2724484886775349
FAM102A	-0.31679009714786144
FAM102B	0.41360045846167104
FAM103A1	0.0752878148013707
FAM104A	-0.23390085554365925
FAM104B	0.10746015220111005
FAM105A	0.2885766300091106
FAM107B	0.13909905179498772
FAM109A	0.3563303285678181
FAM109B	0.025053220850767666
FAM110A	0.5426209080532658
FAM110B	0.09370947370322913
FAM110D	0.041357737126930694
FAM111A	0.029222884730558008
FAM114A1	1.3254981249609623
FAM114A2	0.043084337248474824
FAM117A	0.305939025978045
FAM117B	0.051587036903455896
FAM118A	-0.285490244324464
FAM118B	0.14289163723409892
FAM120A	-0.09371319926162336
FAM120AOS	-0.3636163873202314
FAM120B	0.05780879299928543
FAM120C	0.2932949559463047
FAM122B	-0.3025296751692146
FAM122C	0.41624278026445793
FAM124A	0.3900632793066876
FAM124B	0.0
FAM126A	-0.05108732355838619
FAM126B	-0.3311286758794001
FAM127B	0.3037652684782328
FAM129A	-0.4579221820208481
FAM129B	0.8085670187103444
FAM129C	1.742927471204113
FAM131A	0.3593876255209405
FAM131B	-0.08512976615430867
FAM132A	-0.636513278794681
FAM133B	-0.2512779445920934
FAM133DP	-0.22139798112170195
FAM134A	-0.04742522327444476
FAM134B	1.0725802781418068
FAM134C	-0.8284488830258034
FAM135A	-0.08902329871528458
FAM135B	0.8214779261822723
FAM136A	0.1425955215063972
FAM136BP	-0.2142171583463834
FAM13A	0.03429994008970105
FAM13A-AS1	-0.4620786110149684
FAM13B	0.12212868144494671
FAM13C	0.19373423455987895
FAM149B1	0.15228060803207732
FAM150B	0.0
FAM151A	-0.10896336291262432
FAM151B	-0.009910732838946501
FAM153C	-0.3850145694376545
FAM155A	0.44186601346556653
FAM156A	-0.8504963517715605
FAM156B	-0.06577367191744266
FAM157A	0.533684564993008
FAM157B	0.5657610399862208
FAM157C	0.41209846358033
FAM159A	-0.7750996706675719
FAM160A1	0.8492243935890181
FAM160A2	-0.17514877977779797
FAM160B1	-0.3086662541290881
FAM160B2	0.5284278701466816
FAM161A	-0.2171106636298905
FAM161B	0.06271143617694008
FAM162A	0.0755908459026493
FAM166A	0.4336068444195911
FAM166B	-0.1670638789242651
FAM167A	-0.40549749322415896
FAM167A-AS1	-0.3835641267680471
FAM167B	-0.3618969512171711
FAM168A	-0.08648387691400572
FAM168B	-0.08759119569454654
FAM169A	0.4293147936011449
FAM169B	-0.2142171583463834
FAM170A	-0.28098671701692224
FAM171A1	-0.9215054398770607
FAM171A2	-0.8287516732964177
FAM171B	0.03555932923905836
FAM172A	0.04866627740443619
FAM172BP	0.0
FAM173A	0.017174356026886883
FAM173B	0.19711065761340585
FAM174A	0.5122293538842335
FAM174B	1.6937254774667738
FAM175A	-0.0917378716818682
FAM175B	-0.32032899728132236
FAM177A1	0.10249879933456363
FAM177A1P1	0.4383844631355048
FAM177B	1.2175616304471946
FAM178B	0.44186601346556653
FAM179A	0.5811368398842216
FAM179B	-0.5430195212197884
FAM180A	0.0
FAM180B	-0.7587866073352822
FAM182A	1.3830569345727421
FAM182B	0.19373423455987895
FAM183BP	0.349563106173343
FAM184A	0.11723504953695138
FAM184B	-0.1472778692075596
FAM185A	-0.020211158972852417
FAM185BP	-0.027968512845621518
FAM186A	-0.2142171583463834
FAM186B	-0.1787134162765538
FAM188A	0.19221400113891463
FAM189A1	0.2936163548857589
FAM189B	0.1030647309124113
FAM192A	-0.3019759234406827
FAM192BP	0.07213083035528589
FAM193A	-0.04175789010582065
FAM193B	-0.25157980052936324
FAM196A	0.6681953250146608
FAM196B	0.543297340733222
FAM198A	-0.10636805899433899
FAM198B	0.17817486496384904
FAM199X	-0.03498513542877468
FAM19A1	0.0010859907673010927
FAM19A2	-0.270529067195878
FAM19A3	-1.4523167747101815
FAM19A4	0.11723504953695138
FAM19A5	0.19373423455987895
FAM200A	-0.007552455466943719
FAM200B	0.6348881640151909
FAM201A	-0.6500858672010512
FAM204A	-0.2922226419567888
FAM206A	-0.11503409204204829
FAM207A	0.37513955074255634
FAM207BP	-0.2142171583463834
FAM208A	0.07076365114063776
FAM208B	0.1871724407984825
FAM209A	0.16870146863224633
FAM209B	-0.533266174180937
FAM20A	-0.5660406884784045
FAM20B	-0.03806730565299077
FAM20C	1.8638581541103152
FAM210A	-0.01930212122288566
FAM210B	-1.0799841210139332
FAM212A	-0.515801297143426
FAM212B	0.7108280105637199
FAM212B-AS1	1.1326764549543378
FAM213A	0.0
FAM213AP2	0.0
FAM213B	0.07334335338069486
FAM214A	0.028141672362551162
FAM214B	0.7349563735783748
FAM215A	-0.10896336291262432
FAM216A	-0.09015114734943452
FAM217B	-0.7540357074024087
FAM219A	0.4633048399762849
FAM219B	-0.06927615306324242
FAM21EP	1.1397325967896468
FAM220A	0.18176855483997834
FAM221A	-0.2491447859387541
FAM221B	-0.8805998988730642
FAM222A	0.14660318022628438
FAM222A-AS1	-0.8447529717892763
FAM222B	0.13866560615499246
FAM223A	1.1875916337796883
FAM225A	-0.23501045854229652
FAM225B	-0.5870124707879674
FAM227A	-0.1478753293736208
FAM227B	-0.2633141458706456
FAM228A	0.3492136839013501
FAM228B	-0.032616450636258065
FAM229A	0.32908018238683856
FAM229B	-0.9765794429114534
FAM230B	-0.2142171583463834
FAM231D	0.16865121035473774
FAM234A	0.041684627535611085
FAM234B	-0.891458655717237
FAM26D	0.44186601346556653
FAM27B	0.5264806524103363
FAM27E2	-0.836158228903856
FAM27E3	-0.7859062767589489
FAM30A	-0.9579614458765461
FAM32A	0.06303446301773974
FAM35A	-0.4081588635859692
FAM35BP	-0.4475214562262383
FAM35DP	-0.09908516555090374
FAM3A	0.3538218546471681
FAM3C	-0.07607658220302582
FAM3C2	0.3476897863215489
FAM3D-AS1	-0.2142171583463834
FAM41C	0.4901580334643043
FAM43A	-0.08355575914190894
FAM45A	0.08023765787169879
FAM45BP	0.2798668063823282
FAM46A	0.29246692456820433
FAM46B	-1.5649845147742782
FAM46C	-0.2296661689852968
FAM47E	1.5125404221034722
FAM47E-STBD1	0.9384556451244466
FAM49A	0.18140038951605092
FAM49B	0.25796619659215914
FAM50A	0.5532863819732512
FAM53A	0.07629331995797806
FAM53B	-0.26258476853895907
FAM53B-AS1	0.21491051945551798
FAM53C	0.20468433879912062
FAM57A	-0.006311832219269675
FAM57B	0.026382584914335316
FAM58A	0.38338159130797855
FAM60A	-0.3330307430903794
FAM60BP	0.04482913138682121
FAM60CP	-0.31023645309889436
FAM60DP	0.25058567858779107
FAM63A	0.258359481454729
FAM63B	-0.0447318558411105
FAM64A	0.9225288099119968
FAM65A	0.5590187275182448
FAM65B	3.504315415844794
FAM65C	-0.4404155707959591
FAM66A	0.0
FAM66B	0.4295321684217384
FAM66C	-0.5667647926325525
FAM66D	0.8679243389702602
FAM69A	0.08974278051462292
FAM69B	-1.3668593917266065
FAM71D	-0.9853416626450017
FAM71E1	-2.1917107303183303
FAM71F1	0.0
FAM71F2	-0.1802559926596996
FAM72A	-0.467813738410749
FAM72B	-0.11066062315738634
FAM72C	0.08657657698873322
FAM72D	-0.05316778833984159
FAM74A7	-0.3850145694376545
FAM76A	0.03806923666374473
FAM76B	-0.22689103048388048
FAM78A	-0.1771423162001362
FAM78B	-2.014895249778608
FAM81A	0.26313351564505894
FAM83A	-0.12308539979345878
FAM83C-AS1	1.0456452309713937
FAM83D	-0.3444076284395212
FAM83E	0.2328770723160012
FAM83G	0.1237074063068615
FAM83H	0.14761849001591631
FAM83H-AS1	-0.3956672100834937
FAM84B	-1.785658851023943
FAM86B1	0.4779711380119873
FAM86B2	0.8906737465569812
FAM86B3P	0.22923628327337786
FAM86C1	0.09805224418129654
FAM86C2P	0.21990407782956822
FAM86DP	0.01078966408400106
FAM86EP	0.033969666520815345
FAM86FP	0.8178122500827536
FAM86GP	0.9062660397541964
FAM86HP	0.5320340092192017
FAM86JP	0.5482423492697412
FAM86KP	0.349563106173343
FAM86LP	0.543297340733222
FAM87B	0.44186601346556653
FAM89A	0.1510681336159303
FAM89B	0.1682305895284344
FAM8A1	0.3023094691923678
FAM90A1	0.7037461618274632
FAM91A1	0.22399568341424114
FAM91A2P	0.349563106173343
FAM91A3P	0.34819639409810255
FAM92A	-1.2046427821126262
FAM92A1P2	0.0
FAM95B1	-0.3618969512171711
FAM95C	-0.9779360255658949
FAM96A	0.27382089011905464
FAM96AP2	-0.5584972721854555
FAM96B	0.20790099628520053
FAM98A	0.40790577564829533
FAM98B	-0.2619911191974609
FAM98C	-0.30689125689639773
FAM9C	0.9377663039433839
FAN1	-0.3127039640690281
FANCA	-0.06625053468222397
FANCB	-0.08573940348849796
FANCC	-0.037122425452983165
FANCD2	-0.0972876946111807
FANCD2OS	-0.26526130652562596
FANCE	0.15550791198915093
FANCF	-1.5407582060636775
FANCG	-0.13937288354683908
FANCI	0.04434219042850884
FANCL	-0.005683611615221906
FANCM	-0.42897275922373623
FANK1	-0.5529536545300253
FAP	-0.02048292378650446
FAR1	-0.4521411147678762
FAR2	-0.1462463280566162
FAR2P1	-1.9326645476867927
FARP1	0.5299837729571795
FARP2	-0.26661438958910644
FARS2	-0.10022688931802648
FARSA	0.027393234814560685
FARSB	0.0025861390981347654
FAS	-0.4355459933968362
FAS-AS1	-0.03044474333383629
FASN	0.15505362592475969
FASTK	-0.0018204470744027645
FASTKD1	-0.0434855875206992
FASTKD2	0.07955254809455958
FASTKD3	-0.07323520659708649
FAT1	0.29647134574048195
FAT2	1.0763553437233127
FAT3	-0.16671227398768462
FAT4	-0.8179452135657339
FAU	-0.32924908251047036
FAUP1	0.19373423455987895
FAXC	0.17725372668952633
FAXDC2	-0.44027579012298546
FBF1	-0.32229957259441555
FBL	-0.25092098139363017
FBLIM1	-0.37793804746032666
FBLL1	-0.016199636379540583
FBLN1	-0.4836113762663463
FBLN7	0.3981553811552796
FBN1	-0.2085315024951626
FBN2	0.6216492606340225
FBN3	0.5258110275502085
FBP1	2.466669212427663
FBP2	0.3314522078833348
FBRS	0.30422751555695093
FBRSL1	-0.4010196853192092
FBXL12	-0.016813508650898257
FBXL13	0.6534495949305814
FBXL14	-0.30659124055222087
FBXL15	-0.10015025232723218
FBXL16	-0.7538877495634688
FBXL17	0.24028754077234105
FBXL18	-0.13874608073754402
FBXL19	0.2811045914384174
FBXL19-AS1	0.03559090922558372
FBXL2	-0.22615613667909473
FBXL20	-1.0347106288802141
FBXL22	1.2410541731762212
FBXL3	-0.007441138493277322
FBXL4	-0.47021902847634856
FBXL5	0.15960205253263027
FBXL6	0.49465741662268137
FBXL7	0.5498410520988639
FBXL8	0.09961011219523463
FBXO10	0.20879999651605097
FBXO11	0.2191630317561497
FBXO15	-0.402330260099496
FBXO16	-0.11681210233517358
FBXO18	0.009514312161032379
FBXO2	0.1968138763750109
FBXO21	-0.43645080794605917
FBXO22	-0.23520141355252733
FBXO22-AS1	0.3785205690815774
FBXO24	1.0215070090312626
FBXO25	0.10742506553414088
FBXO28	-0.4210078095145846
FBXO3	-0.3088617854625184
FBXO30	0.32259705166962505
FBXO31	-0.028620949851875466
FBXO32	1.471171114115101
FBXO33	-0.382359669201378
FBXO34	-0.35174076631601814
FBXO36	-0.12959073285722233
FBXO38	0.010679315541779033
FBXO4	0.33261862871021464
FBXO41	0.0879021565973197
FBXO42	0.17063186841472167
FBXO43	0.20882050886705006
FBXO44	0.11723504953695138
FBXO45	-0.06878934808648474
FBXO46	0.06681720603182306
FBXO48	-0.29265318542223806
FBXO5	-0.022095979331531623
FBXO6	0.40768344924626554
FBXO7	0.0638086527684596
FBXO8	0.029042701717781227
FBXO9	0.12013586761487005
FBXW10	0.7435752866587428
FBXW11	0.13462659000760446
FBXW11P1	1.411770611673404
FBXW12	0.2527360122431701
FBXW2	-0.6691892024574315
FBXW4	0.14278653660803542
FBXW5	0.12745136752665687
FBXW7	-0.049732839442938825
FBXW7-AS1	-0.4404155707959591
FBXW8	0.09940852153857271
FBXW9	0.023406515229742908
FCAR	1.8502219229215502
FCER1A	2.276981538116612
FCER1G	0.481790155889696
FCER2	1.0756520796490723
FCF1	-0.12638875370524616
FCF1P11	-0.2142171583463834
FCF1P2	0.21895944536714662
FCF1P5	-0.8023125220131302
FCF1P6	-0.16816271665729213
FCF1P8	0.0
FCGBP	0.3299660422314028
FCGR1A	0.8214558340091553
FCGR1B	1.754409979194504
FCGR1CP	0.4435678040843669
FCGR2A	1.7462361659279546
FCGR2B	3.5486977096958685
FCGR2C	2.038160513846696
FCGR3A	0.44186601346556653
FCGR3B	-0.10664448453089159
FCGRT	0.48967777898225506
FCHO1	0.04687136389510371
FCHO2	0.1720506816764127
FCHSD1	-0.32066137143850426
FCHSD2	-0.1610616839980583
FCMR	0.8094026925499828
FCRL1	0.24796025398541488
FCRL2	0.543297340733222
FCRL3	-0.6663827405266808
FCRL4	0.19373423455987895
FCRL6	0.32908018238683856
FCRLA	1.6393980495172302
FCRLB	2.267705803781441
FDFT1	0.5121151198334299
FDPS	0.1891858874183363
FDPSP2	0.9851633541987885
FDPSP4	0.5498410520988639
FDPSP7	0.19373423455987895
FDX1	-0.08877485522288886
FDX1L	-0.05414220710793316
FDXACB1	0.0025350459945396864
FDXR	-0.6616789383785386
FECH	0.12722074302100417
FEM1A	-0.012724589517967289
FEM1AP4	-0.7291661108344728
FEM1B	-0.12655433696365748
FEM1C	0.03858145542921321
FEN1	0.015487258556012407
FER	-0.5084752727496511
FER1L4	0.19373423455987895
FER1L6	1.1708198839409956
FER1L6-AS2	1.3320375368983557
FERMT1	0.056851444027912035
FERMT2	3.6213808283892988
FERMT3	0.6569567118972319
FERP1	1.130946413947023
FES	0.7679919816570386
FEV	1.2469195382607678
FEZ1	-1.2045153630618881
FEZ2	0.15642315156607722
FFAR2	1.645292672419283
FGB	1.152930134065607
FGD1	0.4053243879057602
FGD2	1.961913421208355
FGD3	0.5176290060686064
FGD4	-0.0723509245877052
FGD5	0.0
FGD5-AS1	0.07445597022285178
FGD6	-0.8506628369078673
FGF11	0.4900544031338594
FGF12	0.9086641691758608
FGF13	0.22764885511918312
FGF14	-0.7626493495963216
FGF14-AS2	-0.07058707209821757
FGF17	0.7898492558661308
FGF18	0.9026619153216894
FGF2	-0.7039448177974048
FGF23	0.056851444027912035
FGF5	-0.17011070024317032
FGF6	-0.4747209515768012
FGF7	0.2793096390641766
FGF7P3	1.1957790874919985
FGF7P6	1.69421168404741
FGF7P8	1.2380715605462587
FGF8	-0.05945070293447596
FGF9	0.7490487322558486
FGFBP3	-1.2041136707737028
FGFR1	0.020898836826750866
FGFR1OP	0.07868969816043148
FGFR1OP2	-0.39721949408710344
FGFR4	0.4447687975097354
FGFRL1	0.1906722657795603
FGGY	0.4650059693348183
FGL2	0.6994848260354514
FGR	2.784708880319335
FH	-0.3933698807694608
FHAD1	-1.11310376575851
FHDC1	0.013903564067957674
FHIT	-0.2077683327060127
FHL1	-0.24322337864742272
FHL2	1.2298135827744143
FHL3	0.8892392853665747
FHOD1	0.12976051030701363
FHOD3	0.8510341538894417
FIBCD1	-0.9583172418775159
FIBP	0.11061334658101174
FICD	0.4654165655226743
FIG4	0.39998921524453834
FIGNL1	-0.20119853130627163
FIGNL2	0.0
FILIP1	0.3314522078833348
FILIP1L	1.370587077940466
FIP1L1	0.0065329430683469525
FIRRE	-0.4088892441811094
FIS1	0.04753694225380123
FITM1	0.5139244940479972
FITM2	-0.2747415283766479
FIZ1	-0.3538571769967298
FJX1	0.19622476610399087
FKBP10	-0.16741469740253168
FKBP11	-0.4932039555704275
FKBP14	0.6606772135491514
FKBP15	-0.278557875787234
FKBP1A-SDCBP2	-0.10005653614680199
FKBP1AP1	0.44087768918623965
FKBP1B	0.7914291196389095
FKBP1C	-0.08500266081909968
FKBP2	0.36985133351670463
FKBP3	-0.13457379919493384
FKBP4	-0.12043226793809936
FKBP4P1	0.349563106173343
FKBP5	-0.5474199887072224
FKBP7	0.6142687683512911
FKBP8	0.30199329765705585
FKBP9	-0.45908220987135984
FKBP9P1	0.5000326083573687
FKBPL	-0.09615691726175868
FKRP	-0.14777794515484644
FKTN	-0.11886880713762515
FLAD1	0.02429152567929016
FLCN	0.13689807575278934
FLI1	-0.07239856959935054
FLII	0.37068598768373917
FLJ12825	-0.4437518047920417
FLJ13224	0.93753161599898
FLJ20021	0.6109527917948592
FLJ21408	0.3803578793408362
FLJ23867	-0.6681833991563986
FLJ27354	0.3607040234235406
FLJ30679	-0.03044474333383629
FLJ31104	-0.39553582999350234
FLJ31356	0.7977980234300248
FLJ32255	0.6877247790022665
FLJ33534	-0.3850145694376545
FLJ37035	-0.4754580889351576
FLJ37201	-0.9006635362707094
FLJ37453	0.7451618811268244
FLJ38576	-0.6095312964987689
FLJ40288	0.44186601346556653
FLJ41200	0.0
FLJ41278	-1.3484688281291182
FLJ42102	1.1326764549543378
FLJ42351	1.2545215584713036
FLJ42627	-0.021919082803343315
FLJ42969	-0.5960644946593749
FLJ44635	1.7894279068511345
FLJ45513	-1.1525309692463481
FLJ46906	-0.1119453441803735
FLNA	1.1228470815636094
FLNB	0.21254983925444648
FLNB-AS1	0.06996882359531309
FLNC	0.9917070655644306
FLOT1	1.0117626184861646
FLOT2	0.34526276507771847
FLRT1	1.0242093871429137
FLRT2	-0.6679865124451938
FLT1	0.10153282410127162
FLT1P1	-0.4939779323502788
FLT3	-1.1592380842912733
FLT3LG	-0.03362708537034109
FLT4	-0.24062145813543445
FLVCR1	-0.3893824262987806
FLVCR1-AS1	0.49042344165064566
FLVCR2	0.3207680023188644
FLYWCH1	-0.39724567675495503
FLYWCH2	-0.5556927702560506
FMN1	-1.883348424659819
FMN2	-0.10896336291262432
FMNL1	-0.34648364796778
FMNL2	0.28680314262824247
FMNL3	0.061861003413635096
FMO1	-0.2142171583463834
FMO3	0.0
FMO4	0.403858927915449
FMO5	0.9444773746905479
FMO6P	-0.2142171583463834
FMO9P	0.0
FMR1	0.07926824138218258
FMR1-AS1	0.5405390996717611
FMR1NB	-0.02048292378650446
FN1	5.089559361125903
FN3K	-0.6875444257263892
FN3KRP	-0.2902966617048506
FNBP1	-0.2825077609340294
FNBP1L	-0.06637694196025556
FNBP4	-0.11027621416938516
FNDC10	-0.009789121351649221
FNDC11	-0.3850145694376545
FNDC3A	0.2804523416190019
FNDC3B	0.19054663170522979
FNDC3CP	0.5498410520988639
FNDC5	0.349563106173343
FNDC7	1.8870188066000833
FNDC8	-0.9192450159183825
FNIP1	0.005753187764280909
FNIP2	-0.17450050373499337
FNTA	0.34704168223273335
FOCAD	0.18417182993355752
FOCAD-AS1	-0.41400887010188325
FOLH1	0.0
FOLR2	0.19561058519719232
FOPNL	4.793825249879642
FOS	1.2004346513993394
FOSB	0.7780966630115431
FOSL1	0.010573306601290966
FOSL2	0.663893193055543
FOXA1	-1.1621051831377793
FOXA3	-0.2142171583463834
FOXC1	0.6428994319581989
FOXD1	1.1294847411141742
FOXD2	0.4295021715744811
FOXD4	0.4103436373803646
FOXD4L1	1.3291993110826383
FOXD4L5	-0.3408617147654276
FOXD4L6	-1.0804036642102572
FOXE1	-1.3983770166725051
FOXE3	-0.3850145694376545
FOXG1-AS1	0.3314522078833348
FOXH1	-0.9492206174540093
FOXJ2	0.0519513903629214
FOXJ3	0.00913714903048124
FOXK1	-0.30754461897778107
FOXK2	-0.29812989334968343
FOXL2	0.0
FOXL2NB	0.5498410520988639
FOXM1	-0.32127189391041
FOXN2	-0.31656958431671356
FOXN3	0.14624701659514194
FOXN3-AS1	-0.6719588307648268
FOXN4	-0.0722394657475478
FOXO1	0.7578264931523444
FOXO3	-0.09767784966162729
FOXO4	-0.011310600103266566
FOXO6	-0.7918485358161034
FOXP1	-0.32054833132595384
FOXP1-AS1	-0.6869169592819908
FOXP2	-0.7422447325563372
FOXP3	-0.8901223067931989
FOXP4	0.25166396112491185
FOXP4-AS1	0.13452424852179234
FOXR1	0.0
FOXRED1	-0.06219057766799807
FOXRED2	-0.5149343870402525
FPGS	-0.1553575529486455
FPGT-TNNI3K	-0.2483786027326378
FPR1	0.12033724127207779
FPR2	0.48127678429979603
FPR3	-1.1041416837735083
FRA10AC1	-0.33846211360326883
FRAS1	0.12542783318433282
FRAT1	-0.02721731635377722
FRAT2	-0.04553673732634067
FREM1	0.22764885511918312
FREM2	0.0
FRG1	-0.1640868229355661
FRG1BP	-0.6868418892851809
FRG1HP	0.2924020413111954
FRG1JP	-0.033277597793575975
FRG2	0.5258110275502085
FRG2B	0.44186601346556653
FRG2C	-0.03545146326431148
FRG2KP	-1.7267514127298564
FRK	0.11110716669136633
FRMD3	-0.381797606131018
FRMD4A	-0.4156064157617646
FRMD4B	-2.851676175931921
FRMD5	0.37381138531961056
FRMD6	0.7278734340754582
FRMD6-AS1	-0.3618969512171711
FRMD7	0.19373423455987895
FRMD8	0.044133800336194184
FRMPD1	0.0
FRRS1	0.08567304649376606
FRRS1L	0.6810153140566778
FRS2	-0.47733190600448516
FRS3	0.17407031536965434
FRY	2.6187619857715756
FRY-AS1	1.8559982107309476
FRYL	0.21815469590322856
FSCN1	-0.09411714697544227
FSCN2	0.11723504953695138
FSCN3	0.1353459478269596
FSD1	0.19373423455987895
FSD1L	-0.5314999478814428
FSD2	-0.3618969512171711
FSIP1	-0.9794826448026606
FSIP2-AS1	-1.2028279294048103
FST	0.40987454136750845
FSTL1	1.4585124352368934
FSTL3	-0.17651252658158878
FSTL4	0.3314522078833348
FSTL5	-6.188437452809341
FTCD	1.6921091736835
FTCDNL1	0.06577113017132064
FTH1	0.649050902597752
FTH1P1	0.3314522078833348
FTH1P10	0.8812932599821988
FTH1P11	0.93753161599898
FTH1P20	0.9005178207760645
FTH1P5	0.19373423455987895
FTH1P7	0.0
FTH1P8	0.9712241417779259
FTL	0.3936336988824074
FTLP2	0.349563106173343
FTLP3	0.05336989369785028
FTLP5	-0.3850145694376545
FTLP6	0.0
FTO	0.0670387587986152
FTSJ1	0.26584500900541563
FTSJ3	-0.38463408512092734
FTX	0.18909040023117818
FUBP1	0.00957208047590008
FUBP3	-0.43600366889999265
FUCA1	-1.715179730075738
FUCA2	-0.6546327291423425
FUK	-0.22835121996503815
FUNDC1	0.24392993822528908
FUNDC2	0.358549867273652
FUNDC2P1	0.8152079697557983
FUOM	-0.2921810645567531
FURIN	1.2478075338902581
FUS	0.08053069980273797
FUT1	-0.23313803792546228
FUT10	-0.2880215762970195
FUT11	0.04354630796864356
FUT2	-0.2142171583463834
FUT4	-0.3969585314190667
FUT5	-0.2142171583463834
FUT6	0.0
FUT7	-1.0701491032307118
FUT8	0.23770212307844218
FUT8-AS1	1.010876803305448
FUT9	-0.3618969512171711
FUZ	-0.6869730021535405
FXN	0.005230761959472474
FXR1	0.07014047117349698
FXYD1	0.6356002480254456
FXYD5	0.5304768064472807
FYB	0.9180121288373186
FYCO1	-0.08966733963904616
FYN	-0.2684686381393
FYTTD1	-0.0004142003416465201
FZD1	-0.12969154536207128
FZD2	-0.7549644560499411
FZD3	-0.6544129443482047
FZD4	0.17078485578919178
FZD5	-0.033318683842250785
FZD6	-0.3618969512171711
FZD7	0.2198548306266126
FZD8	-0.7489426283152798
FZR1	0.5017084451976555
G2E3	-0.16291620365061554
G3BP1	-0.06537946689946494
G3BP2	0.052903893167419724
G6PC	-0.6546327291423425
G6PC3	-0.27719798738866075
G6PD	1.2508590564648863
GAA	1.707212454695802
GAB1	-0.11135422723405064
GAB2	0.2816558565093956
GAB3	0.3733902541343994
GAB4	0.19373423455987895
GABARAP	0.2821636225107582
GABARAPL1	0.9078725095361264
GABARAPL2	0.16376944652512826
GABBR1	-0.886359324106571
GABBR2	0.19373423455987895
GABPA	0.13654719047224617
GABPAP	0.0
GABPB1	-0.19669249698861258
GABPB1-AS1	0.4986215970178032
GABPB2	-0.1217546072324538
GABRA4	0.543297340733222
GABRA6	0.19373423455987895
GABRB1	0.19373423455987895
GABRB2	-0.030782492501235215
GABRB3	0.0
GABRG3	0.3360394642562641
GABRQ	0.349563106173343
GABRR1	0.0
GABRR2	-0.010846502732920094
GABRR3	0.5591010630025178
GACAT2	-0.2142171583463834
GAD1	1.0823330717591984
GADD45A	-0.6749522764618554
GADD45B	0.04752866739351447
GADD45G	0.349563106173343
GADD45GIP1	-0.13937363805524683
GADL1	-0.7905574155395187
GAGE10	0.0
GAK	0.0895306269883811
GAL	1.2198449767177664
GAL3ST1	0.0
GAL3ST2	-0.11654168842781687
GAL3ST4	0.04857209648333338
GALC	0.16623592396956144
GALE	0.5966757043276019
GALK1	0.07358462602839655
GALK2	0.22243403680513651
GALM	0.5435714773131863
GALNS	0.29240909107095003
GALNT1	0.030190247019922012
GALNT10	0.5859577711386201
GALNT11	-0.18486954235869213
GALNT12	0.6816063347970713
GALNT13	0.22764885511918312
GALNT14	-1.2187831192771394
GALNT15	1.1799811898477226
GALNT16	0.9921047419778656
GALNT18	0.0
GALNT2	-0.05407817207388099
GALNT3	-0.47577188217359456
GALNT5	0.44186601346556653
GALNT6	-0.33071252179895794
GALNT7	0.24457280823722982
GALNT8	-1.257809160984614
GALNTL5	0.0
GALNTL6	-0.2142171583463834
GALP	-0.2142171583463834
GALR1	0.1582827712955675
GALR2	-0.010883402374220696
GALR3	0.4929560894389737
GALT	0.3597445190116222
GAMT	0.3619968660443762
GAN	-0.4076366850094484
GANAB	0.28340699870304675
GANC	0.2675447231981547
GAPDH	-0.19425919135488456
GAPDHP1	-0.8819232062456166
GAPDHP2	0.0
GAPDHP20	0.0
GAPDHP21	-0.4404155707959591
GAPDHP22	0.8009950023957679
GAPDHP26	0.0
GAPDHP35	-0.5893859654598033
GAPDHP38	-0.4404155707959591
GAPDHP40	0.44186601346556653
GAPDHP49	0.3510135488429504
GAPDHP63	0.19373423455987895
GAPDHP65	-0.5992317277840379
GAPDHP70	0.19373423455987895
GAPDHP73	0.19373423455987895
GAPDHP75	0.19373423455987895
GAPDHS	0.2688543350819416
GAPLINC	-0.30602361111785326
GAPT	0.9795797967400937
GAPVD1	-0.28207826237606604
GAR1	-0.00730312610755135
GAREM1	0.4427939645540149
GAREM2	0.4902036040526805
GARNL3	0.0598984336588817
GARS	-0.12928219212998648
GART	0.4343692618271575
GAS1	-0.41302716740804435
GAS2	0.0
GAS2L1	-0.29543058298819114
GAS2L1P2	0.5193963087650277
GAS2L2	0.0
GAS2L3	-1.0513973099643354
GAS5	-0.05506275471750577
GAS5-AS1	-0.3473707108008446
GAS6	1.3033009347682554
GAS6-AS1	0.988773832326892
GAS6-AS2	0.5258110275502085
GAS7	1.6076904023925076
GAS8	0.3018387149482553
GATA1	3.2593272558528135
GATA2	0.8429677997799381
GATA2-AS1	0.2852182739446256
GATA3	-0.6663827405266808
GATA4	0.0
GATA6	2.3015102415759614
GATA6-AS1	1.3492291163714905
GATAD1	-0.10083763177674854
GATAD2A	-0.16685402950185235
GATAD2B	-0.06661094388668332
GATB	-0.040777241932978825
GATC	-0.4563289608889338
GATM	-0.12142268583900062
GATS	1.1871258938851081
GATSL2	0.6119689721887314
GATSL3	0.44998456964060685
GBA	-0.05442361504939264
GBA2	-0.15644499486771046
GBA3	-0.4404155707959591
GBAP1	-0.4447132465977415
GBAS	0.04654682016909106
GBAT2	0.7509486395499314
GBE1	0.15496986779085375
GBF1	-0.360977734683944
GBGT1	-0.4941422134770548
GBP1	0.35026815025617886
GBP1P1	0.7571378825310614
GBP2	1.3122222041313698
GBP3	0.2246928152037695
GBP4	0.6603656981549351
GBP5	1.5866105811149684
GBP6	0.5293581283123594
GBP7	0.349563106173343
GBX1	0.3810623553863132
GC	0.0
GCA	-1.0848546818708318
GCAT	-0.024878430200679702
GCATP1	-0.08922295489124465
GCC1	-0.10619754826561056
GCC2	-0.01515757730751588
GCC2-AS1	-0.43525087704118537
GCDH	-0.304329941537981
GCFC2	0.1794573646072486
GCH1	-0.18164035130404255
GCHFR	0.4148590985555458
GCKR	0.3314522078833348
GCLC	0.18321351822757492
GCLM	0.15408693326170564
GCM1	0.012812375161452394
GCM2	0.24225501626661927
GCN1	-0.20084351974394288
GCNA	-0.5623973247685798
GCNT1	0.052215066204265526
GCNT1P4	0.6356002480254456
GCNT2	0.36404815040011584
GCNT3	0.19373423455987895
GCNT4	0.0
GCNT7	-0.5344382731932535
GCOM1	-0.3618969512171711
GCOM2	-1.206030095207482
GCSAM	-1.132850430030628
GCSAML	1.6968520599058234
GCSH	-0.13018973653283616
GCSHP3	-0.24448730600520552
GCSHP5	0.20224430518464942
GDAP1	-0.6465023760683808
GDAP1L1	-0.06958194694567288
GDAP2	0.23060540956005582
GDE1	0.16085505838207936
GDF11	0.09865172333497796
GDF15	-0.03545146326431148
GDF3	-0.3850145694376545
GDF5	-0.1674511418831709
GDF6	-0.4025901212215153
GDF7	0.4004158051139577
GDF9	0.9965695676809734
GDI1	0.25124614161975956
GDI2	0.23442406592498166
GDI2P2	-1.1641362907982338
GDNF-AS1	-0.7422447325563372
GDPD1	-1.0044596684412088
GDPD2	1.022262649372106
GDPD3	-0.36251686633953906
GDPD4	-0.4404155707959591
GDPD5	-0.38465718288530315
GDPGP1	-0.22686107773192798
GEM	-0.3850145694376545
GEMIN2	-0.3441903136275748
GEMIN4	-0.00922502435909145
GEMIN5	0.04315931660930872
GEMIN6	-0.12459662222627088
GEMIN7	0.005403911419479712
GEMIN8	0.027450291142223193
GEMIN8P4	-0.6827343741691161
GEN1	-0.03973879197592112
GET4	-0.09547958176091242
GFER	-0.5449237846836308
GFI1	0.24978975743968768
GFI1B	1.0569301603499464
GFM1	-0.0947886392563575
GFM2	0.01717988260169001
GFOD1	-0.06166027399543239
GFOD2	0.42918548933735323
GFPT1	0.14244858265810123
GFPT2	0.9814219427467075
GFRA1	0.349563106173343
GFRA2	0.0
GFRA3	-0.24668133623608016
GGA1	0.1557653491269111
GGA2	0.13628284100256138
GGA3	-0.33811790131015407
GGACT	-0.16287453173599253
GGCT	-0.21971596974109175
GGCX	0.19973899871973622
GGH	0.5964757095783924
GGN	-0.2142171583463834
GGNBP1	-0.6722179007303088
GGNBP2	-0.5705952474664464
GGPS1	-0.063701729196735
GGT1	-0.11517554568864874
GGT3P	-0.3850145694376545
GGT5	1.2813650552151374
GGT7	-1.2670396748722013
GGT8P	-0.6868656643131853
GGTA1P	-0.6014921517427159
GGTA2P	-0.8944244246603269
GGTLC4P	0.5498410520988639
GHDC	-1.241400959517109
GHET1	-0.1454976174011029
GHITM	-0.2537288721665334
GHR	0.6681953250146608
GHRHR	0.0
GHRL	0.48359576936161863
GHRLOS	-0.25322571996231513
GID4	-0.016084549308386542
GID8	-0.49073959249326293
GIF	-0.2142171583463834
GIGYF1	0.04858729883097368
GIGYF2	0.1329796528070908
GIMAP2	-0.6787399912263297
GIMAP4	-5.878667239495534
GIMAP6	-5.851529888918838
GIMAP8	-1.141103692103482
GIN1	-0.13613678745080549
GINM1	0.08300780246768902
GINS1	-0.6145832591775893
GINS2	-0.014977821973578997
GINS3	-0.14799023021087976
GINS4	0.0008152269511718657
GIPC1	-0.18421859755379089
GIPC2	0.20327318047938636
GIPR	0.5908592864508204
GIT1	0.06617076852032966
GIT2	-0.09276718139750706
GJA1	0.0
GJA3	-0.21963797099511773
GJB2	-1.8391153142399401
GJB3	0.0
GJB6	0.44186601346556653
GJB7	-0.4945566709204956
GJC1	-3.3940658024543224
GJC2	1.7641241595727488
GJC3	0.0
GJD3	-0.550617312843046
GJD4	0.4383844631355048
GK	0.2956719704327817
GK4P	-0.2142171583463834
GK5	-0.1436088444257262
GKAP1	0.1708628978061375
GLA	0.39914623880898326
GLB1	0.3092958681597384
GLB1L	-0.28551682623999586
GLB1L3	0.0
GLCCI1	-0.15641430163517
GLCE	-0.2785985403284208
GLDC	-0.6107022083827962
GLDN	-0.14373501569520164
GLE1	-0.20779608563084295
GLG1	0.34636427717669527
GLI1	-1.0930195448759363
GLI2	-0.2142171583463834
GLI3	0.1353459478269596
GLI4	0.425243346531218
GLIDR	0.7440859963348041
GLIPR1	0.3068932750973392
GLIPR1L1	-0.2142171583463834
GLIPR1L2	-0.9711390316320646
GLIPR2	0.970460625088867
GLIS1	-1.3575373971096107
GLIS2	0.46136409051556626
GLIS2-AS1	0.3353643809075319
GLIS3	1.3814619773038297
GLMN	0.05892983976197641
GLMP	0.020036118245746692
GLO1	0.5452183571094977
GLOD4	0.13908692434543113
GLRA1	-0.5660406884784045
GLRA2	-0.26858950118977387
GLRA4	0.19373423455987895
GLRB	-0.22445587712983173
GLRX	0.40850675429228467
GLRX2	-0.1717611673767152
GLRX3	-0.22259085916857657
GLRX5	0.05299754136846957
GLS	-0.144511253567444
GLS2	1.1981585018548988
GLT8D1	0.24551116762080483
GLT8D2	2.417164014741365
GLTP	-0.3287689581009001
GLTPP1	-0.36210549289871086
GLTSCR1	-0.17103284207394331
GLTSCR1L	0.14070615658297214
GLTSCR2	-0.5197072067906863
GLTSCR2-AS1	0.19373423455987895
GLUD1	-0.2923554586440851
GLUD1P3	0.14093082766505738
GLUD1P7	0.7749493785750613
GLUD2	0.5498410520988639
GLUL	1.1060201319307978
GLYAT	-0.3618969512171711
GLYATL1P2	0.349563106173343
GLYATL3	-0.6546327291423425
GLYCTK	-0.3083565758875588
GLYR1	-0.3644565302667431
GM2A	0.13634698634562348
GMCL1	-0.032805303830144794
GMCL1P1	0.19373423455987895
GMDS	-0.012912374581606656
GMDS-AS1	0.43453179391925634
GMEB1	0.11800873435491965
GMEB2	-0.20883668390441557
GMFB	-0.29766352531932405
GMFG	0.11174861716752815
GMIP	0.45376427900031047
GMNC	0.7733182213489013
GMNN	0.0016681061695855703
GMPPA	0.4705448813372488
GMPPB	0.024543476073347392
GMPR	0.47995074878154576
GMPR2	-0.33569712340066005
GMPS	-0.05566107112473517
GMPSP1	0.9352647209660918
GNA11	0.2514536048833813
GNA12	-0.2123140715977403
GNA13	-0.4837090403175104
GNA14	0.10268160012382843
GNA14-AS1	-0.4160641645493215
GNA15	-0.08324523845127096
GNAI1	-0.3499190490884425
GNAI2	0.27102796633175963
GNAI3	0.15309181471940292
GNAL	-1.2551762185839568
GNAO1	1.3705415643180916
GNAQ	-0.013672593049346204
GNAQP1	0.44186601346556653
GNAS	-0.05806105139089901
GNAS-AS1	-0.23169643508522952
GNAT1	0.19373423455987895
GNAT2	-0.07009544415994773
GNAT3	0.19373423455987895
GNAZ	1.0566218925454471
GNB1	0.18060489293960558
GNB1L	0.04634532151416337
GNB2	0.21052963673547076
GNB3	-0.8121949345299502
GNB4	-0.4532189767652959
GNB5	0.018576871749102608
GNE	-0.556575805151672
GNG12-AS1	0.8812932599821988
GNG13	1.1089421151013819
GNG2	1.259311608132501
GNG3	0.349563106173343
GNG4	-0.3504781830968353
GNG5	0.4729763637469322
GNG7	-0.4939779323502788
GNGT1	0.44186601346556653
GNGT2	-1.4293703314374682
GNL1	-0.15181831995874084
GNL2	0.17946351992000054
GNL3	0.0024364631400093373
GNL3L	-0.026965653535681255
GNLY	0.034188644381507594
GNPAT	-0.25449590813953016
GNPDA1	-0.08791001285597133
GNPDA2	0.25103923975460063
GNPNAT1	-0.23240982365288687
GNPTAB	-0.24729250632070077
GNPTG	-0.9926415157733981
GNRH1	0.22393998916264302
GNRH2	-0.4973645730525744
GNRHR	0.19373423455987895
GNRHR2	0.5476100763656193
GNS	0.38840931311406557
GOLGA1	-0.2095972467796745
GOLGA2	-0.07763488456183332
GOLGA2P10	-1.6149143051766846
GOLGA2P11	-0.6526265960124498
GOLGA2P5	-0.8411271657877846
GOLGA2P6	0.8753741337235516
GOLGA2P7	-0.8415637118843309
GOLGA2P8	-0.8819842690254962
GOLGA3	-0.3862593591175809
GOLGA4	0.11348906277869197
GOLGA5	0.3406569633987804
GOLGA6B	0.19373423455987895
GOLGA6C	-0.26327669312649693
GOLGA6D	-0.4747209515768012
GOLGA6L10	-0.3474117840331088
GOLGA6L3	-0.12432059275489671
GOLGA6L4	0.028189408014172468
GOLGA6L5P	-0.03020289360765105
GOLGA6L7P	0.19373423455987895
GOLGA6L9	-1.3889952494770248
GOLGA7	0.22064882109532924
GOLGA7B	-1.5520078917602285
GOLGA8A	-0.4328561509298794
GOLGA8B	-0.8101389570840603
GOLGA8CP	0.19373423455987895
GOLGA8DP	-0.18946775038979558
GOLGA8EP	0.6356002480254456
GOLGA8F	2.5699093427766946
GOLGA8G	2.323403818047712
GOLGA8H	0.34208745202030766
GOLGA8IP	0.1094254813029048
GOLGA8J	0.0014504426696074213
GOLGA8K	-0.067536134344089
GOLGA8M	0.0
GOLGA8N	-0.27793136562755993
GOLGA8O	-0.21309209991603462
GOLGA8R	1.5806537558407356
GOLGA8S	0.0
GOLGA8T	-0.2821327995003916
GOLGB1	0.1997406463113105
GOLIM4	-0.048015457932031325
GOLM1	0.007689194140022337
GOLPH3	0.19914139609662485
GOLPH3L	0.1553893981434431
GOLT1B	-0.15546801589839632
GON4L	0.11145361603743886
GON7	0.41509952460801713
GOPC	0.10076297566065939
GORAB	0.09759033052957378
GORASP1	0.09712451694197455
GORASP2	0.24107115188470551
GOSR1	0.11388502985567328
GOSR2	-0.24640851644134187
GOT1	-0.40083922375745296
GOT2	0.03848452964852811
GOT2P4	0.0
GP2	-0.3618969512171711
GP5	-0.02048292378650446
GP6	-1.103681682194449
GPA33	-0.6876373673073637
GPAA1	0.339559100873732
GPALPP1	-0.20678888142170315
GPAM	-0.5264307133020747
GPANK1	0.04322325502928237
GPAT2	0.19373423455987895
GPAT3	0.23383203147012566
GPAT4	-0.23291652901428606
GPATCH1	-0.2836980432451739
GPATCH11	-0.1983298184727076
GPATCH2	-0.5759055543512765
GPATCH2L	0.25437438163915793
GPATCH3	0.0970760048944701
GPATCH4	0.07931657880746101
GPATCH8	-0.705193085522728
GPBAR1	-0.4669481411055981
GPBP1	-0.027632960419657238
GPBP1L1	0.03976759872412572
GPC1	0.7624992204797838
GPC2	-0.9355012355367096
GPC5	0.9180518124334793
GPC5-AS2	0.9882255152343687
GPC6	0.018739643748735935
GPCPD1	-0.42879556189586054
GPD1	-0.6291580888088604
GPD1L	-0.08793170495786029
GPD2	0.22606334328891542
GPHN	-0.7601120073122498
GPI	0.32455534858617696
GPKOW	0.23188684858544661
GPLD1	0.2088491012485516
GPM6A	0.987492542143553
GPM6B	-0.3098944689155918
GPN1	0.2246049224905864
GPN2	-0.012925305476382931
GPN3	-0.19779119439427362
GPN3P1	0.19373423455987895
GPNMB	1.0689533662853226
GPR1-AS	-0.2142171583463834
GPR107	-0.2303924182862005
GPR108	0.26438346434695603
GPR12	-0.3850145694376545
GPR132	1.9016711905507746
GPR135	0.35883072702041763
GPR137	0.022227979083567995
GPR137B	0.05038099840175647
GPR137C	0.5280434715897213
GPR141	0.4179952508571354
GPR143	0.0
GPR146	1.1410227680683618
GPR149	-0.3618969512171711
GPR153	1.277727870421021
GPR155	0.19591423002434283
GPR156	1.20138463040657
GPR157	0.6152293195734901
GPR158	-0.19128033487777554
GPR160	-0.5443184133406263
GPR161	-0.05220037027322366
GPR162	-0.02215907296563202
GPR166P	-1.039647298579997
GPR173	-1.2045153630618881
GPR174	0.3833267171820989
GPR179	-0.19128033487777554
GPR18	0.9381447040101107
GPR180	-0.12293721945625435
GPR183	0.6298712526879662
GPR19	-0.3679682448062085
GPR20	0.28318075557700634
GPR25	-0.4404155707959591
GPR26	0.6681953250146608
GPR27	-0.275009701868985
GPR3	-0.00983643343632945
GPR34	2.1482696520745415
GPR35	1.0766689716170865
GPR37	0.0
GPR4	0.19373423455987895
GPR45	0.0
GPR55	-0.1312201692348376
GPR62	0.349563106173343
GPR63	-0.7596645004764175
GPR65	0.5825196540388529
GPR68	0.7503502231298496
GPR75-ASB3	-0.25326596035532134
GPR79	-0.2142171583463834
GPR82	1.950936934056018
GPR83	-1.4640156196861431
GPR84	-0.6134058648482927
GPR85	0.13810450563919474
GPR88	0.7435752866587428
GPR89A	0.22036648148230498
GPR89B	0.5769364001271748
GPRC5A	-0.6604599654647406
GPRC5C	1.4471000639046845
GPRC5D	0.44186601346556653
GPRIN1	1.0609575517498842
GPRIN3	-0.4759814252205796
GPS1	-0.36355879937243607
GPS2	-0.10563717904418013
GPS2P1	0.6963200807788141
GPS2P2	0.44186601346556653
GPSM1	2.522047849573073
GPSM2	0.2521463022190389
GPSM3	0.17573195021734023
GPT	1.1854413001243094
GPT2	-0.4041601028243882
GPX1	0.24167638300180272
GPX1P1	0.8035412728416205
GPX3	-0.3618969512171711
GPX4	0.2382493136745616
GPX7	0.2960007446190233
GPX8	-1.2624472351860556
GRAMD1A	-0.16368416357170013
GRAMD1B	-0.5032819224826426
GRAMD1C	-0.566845080225411
GRAMD2	-0.16816271665729213
GRAMD4	-0.41528213115112145
GRAP	-1.2227367062042682
GRAP2	-0.2142171583463834
GRAPL	1.5787621427447416
GRASP	-0.371599821746726
GRB10	0.0041810812649885065
GRB14	-0.38119959098638034
GRB2	-0.2924971539914125
GRB7	-0.19128033487777554
GREB1	2.469731742983046
GREB1L	0.11723504953695138
GREM2	-0.2142171583463834
GRHL1	0.3272372855705452
GRHL3	0.8208298555432332
GRHPR	0.15328583855557731
GRIA1	0.0
GRIA2	0.19373423455987895
GRIA4	-0.24966862161069486
GRID1	-0.5960644946593749
GRID2	1.4354932784217656
GRID2IP	0.44186601346556653
GRIK1	0.14289781774638266
GRIK1-AS1	-0.16078158502720363
GRIK1-AS2	0.09516886379522971
GRIK2	-0.06662067994575593
GRIK3	-1.0513973099643354
GRIK4	-0.2142171583463834
GRIK5	-1.2198404214150298
GRIN2A	0.19373423455987895
GRIN2B	-0.5992317277840379
GRIN2C	-0.6196030500327241
GRIN2D	0.25694269351200916
GRIN3A	0.1582827712955675
GRIN3B	0.3314522078833348
GRINA	1.1108694585344834
GRIP1	-1.0625222451227296
GRIPAP1	-0.18622141148884808
GRK1	-0.1251578454034582
GRK2	0.1081112910777744
GRK3	-0.09796166319321742
GRK4	0.31339135706872945
GRK5	0.07857672740858312
GRK6	0.20110364113178392
GRK7	-0.06766812018577362
GRM1	-0.044492338538431486
GRM2	0.19373423455987895
GRM3	-0.3714519735653361
GRM4	0.7435752866587428
GRM5	0.9996475328979956
GRM7	0.8235443489071383
GRM7-AS3	-0.8699009578992369
GRM8	0.44186601346556653
GRN	-0.15767529470036834
GRPEL1	0.1552496627205624
GRPEL2	-0.050703141111531735
GRPEL2-AS1	0.9489378563914128
GRPR	-0.1210413992517505
GRSF1	-0.134724939082556
GRWD1	0.06849262762037789
GS1-124K5.11	0.07624792568224592
GS1-124K5.4	1.6657580672254597
GS1-24F4.2	-0.3618969512171711
GS1-259H13.2	-0.1587126360321527
GS1-279B7.1	-0.8699969204482842
GSAP	0.2818335425362166
GSDMA	0.19373423455987895
GSDMB	-1.2043857301052032
GSDMD	-0.033751700393714223
GSE1	-0.056868522881444505
GSG1	-0.8007611498754976
GSG1L	-0.5655734161994173
GSG2	-0.10996705261905326
GSK3A	0.06432416887839132
GSK3B	-0.17282755936461136
GSKIP	0.095470529182208
GSN	0.6127343436068733
GSPT1	-0.36261934181893274
GSR	0.21630907480799166
GSS	-0.3256375875452022
GSTA3	0.0
GSTA4	0.2675298278644167
GSTA9P	0.19373423455987895
GSTCD	-0.2627783995972077
GSTK1	0.3989151783559226
GSTM1	-0.3618969512171711
GSTM2	0.8480225237459544
GSTM4	0.31758000845703993
GSTM5	0.1333389559462459
GSTO1	-0.160018707305273
GSTO2	-0.023751515588590344
GSTP1	0.3593836017803156
GSTT1-AS1	-0.1251629992921648
GSTTP1	0.0
GSTZ1	0.050690251501356975
GTDC1	-0.05073147142204526
GTF2A1	-0.20591018623311896
GTF2A2	0.3024520578141683
GTF2B	0.16166822244390033
GTF2E1	0.031819642159119255
GTF2E2	-0.026242797751644176
GTF2F1	0.0832318802525851
GTF2F2	-0.11276951195517881
GTF2H1	0.07498127997146753
GTF2H2	0.787012035971614
GTF2H2B	-0.26816951839417946
GTF2H2C	0.16784117585260105
GTF2H3	-0.4031555869380945
GTF2H4	-0.12410391914369079
GTF2H5	-0.2515788998511663
GTF2I	-0.11280050325185798
GTF2IP1	-0.45845882124431814
GTF2IP12	-0.18562169610371537
GTF2IP14	-0.633559529873118
GTF2IP20	-0.22500936706950814
GTF2IP23	0.39163185606918827
GTF2IP4	0.8166204075828567
GTF2IP5	-0.4488513347248493
GTF2IP7	-1.0960702736550907
GTF2IP9	0.9276937132298846
GTF2IRD1	-0.7469115206548255
GTF2IRD1P1	-0.044387571303543094
GTF2IRD2	1.493433949613304
GTF2IRD2B	0.05901456885237
GTF2IRD2P1	0.5591010630025178
GTF3A	0.18162896107301307
GTF3C1	0.07821059085233273
GTF3C2	0.02271158604616197
GTF3C2-AS1	0.2737032968082745
GTF3C3	0.07331251033256159
GTF3C4	-0.38390963083601726
GTF3C5	-0.5670621947376269
GTF3C6	0.2720710200912695
GTPBP1	0.21325959901247948
GTPBP10	-0.2030693279600353
GTPBP2	-0.2517614404558728
GTPBP3	-0.3357748406781216
GTPBP4	0.03918008469959311
GTPBP8	0.12868531214852652
GTSE1	0.03248504963760723
GTSE1-AS1	-0.17973048778556944
GTSF1	0.018576185970948345
GUCA1B	-0.7564227535451238
GUCA1C	0.44186601346556653
GUCD1	-0.005167624432994344
GUCY1A2	-0.2670486657176987
GUCY1A3	0.5498410520988639
GUCY1B2	-0.6663827405266808
GUCY2D	-0.2755556776969206
GUCY2F	0.034108096282729594
GUF1	0.39411906990618206
GUK1	-0.1326355059774844
GULP1	0.0
GUSB	0.28687453116224937
GUSBP1	0.018083312034336885
GUSBP11	-0.3769748051344255
GUSBP2	0.08038799219462067
GUSBP3	0.09278467651224886
GUSBP4	-0.2540858730984459
GUSBP9	0.27614240593951367
GVINP1	0.45265093870956985
GVINP2	1.0756520796490723
GVQW2	-0.23541912550772626
GXYLT1	-0.31209587733666844
GXYLT1P3	-0.3605868684755642
GXYLT1P4	-0.4747209515768012
GXYLT1P5	-0.2142171583463834
GXYLT1P6	-0.5992317277840379
GXYLT2	0.302692643775039
GYG1	0.6801904568794139
GYG1P1	-0.2142171583463834
GYG2	0.19373423455987895
GYPA	-0.3231805212590077
GYPC	-0.1356160099642434
GYS1	0.08960976723869507
GYS2	-1.2714506780442443
GZF1	-0.3182789383687208
GZMA	-0.3101025521539196
GZMB	-0.6546327291423425
GZMH	-0.9518748278137763
GZMM	-0.2142171583463834
H19	0.0014504426696074213
H1F0	-0.7422447325563372
H1FX	-0.008074484427273987
H1FX-AS1	0.6200055135168179
H2AFV	-0.224065940796649
H2AFVP1	1.9280645086588886
H2AFX	-0.09429331121245532
H2AFY	0.05715506191406128
H2AFY2	-3.156122513707461
H2AFZ	0.018795576996907926
H2AFZP2	0.44186601346556653
H2AFZP3	-0.3618969512171711
H2BFM	-0.3850145694376545
H2BFS	-0.3618969512171711
H3F3A	-0.08825272906426918
H3F3AP4	0.09529165461210809
H3F3AP6	-0.2559969712111121
H3F3B	-0.37129843134390583
H3F3C	0.0764875119183337
H6PD	0.625214925197886
HAAO	-1.1070137118246333
HABP2	0.0
HABP4	1.3669646141041394
HACD1	1.3379606589785378
HACD2	-0.20216146571642923
HACD3	-0.04557413838013069
HACD4	0.3227970789336849
HACE1	-0.0976699474674465
HACL1	-0.18440694299848026
HADH	0.05239528209000355
HADHA	0.06983299917883912
HADHB	-0.011243144192590648
HAGH	-0.524441474562221
HAGHL	0.2278475125925894
HAGLR	0.1358486434835644
HAGLROS	-0.04061155592130472
HAL	-0.35857623476542244
HAMP	-0.46089849458246357
HAND2-AS1	-0.3618969512171711
HAO2	-0.2142171583463834
HAP1	-0.2142171583463834
HAPLN2	-0.8254301402336136
HAPLN4	-0.8385665476858675
HARBI1	-0.20543382511036867
HARS	0.022706926617981793
HARS2	0.0483170948087146
HAS2	0.1887158415248098
HAS2-AS1	-0.42960136066233456
HAS3	0.5624498237653519
HAT1	0.14101055237900084
HAUS1	0.014559074311566889
HAUS2	-0.026408630756220575
HAUS4	-0.32077799986670286
HAUS5	-0.4924378437079735
HAUS6	-0.07138196128425811
HAUS6P1	0.9086641691758608
HAUS6P2	0.44186601346556653
HAUS6P3	0.6611569753771681
HAUS7	0.1306119249993145
HAUS8	-0.10547695123484324
HAVCR1	0.0
HAVCR2	0.8680641681782977
HAX1	-0.07412595204163352
HBEGF	0.7167612330531421
HBP1	0.4239152451727932
HBS1L	0.1467201437342993
HCAR2	0.406414550201255
HCAR3	1.1228813275222442
HCCS	0.14496561643199257
HCFC1	0.00016073151321727153
HCFC1-AS1	0.3314522078833348
HCFC1R1	-0.5777112719103616
HCFC2	-0.35827716108844765
HCG11	-0.9579614458765461
HCG14	-0.10896336291262432
HCG16	0.0
HCG17	1.069825359995784
HCG18	0.1316414626482434
HCG20	1.3408742349473
HCG2040054	-0.4032369340188924
HCG21	0.349563106173343
HCG25	0.2515884798333565
HCG26	0.543297340733222
HCG27	0.4028265495409542
HCG4B	-0.12926633894908046
HCG4P4	-0.9579614458765461
HCG4P5	1.4032721842330127
HCG4P7	-0.5015562578654715
HCG9	0.0
HCK	3.397020620710371
HCLS1	0.1474412219165675
HCN1	-0.2142171583463834
HCN2	-0.2366903315831248
HCN3	-0.20080499331574142
HCN4	-0.6663827405266808
HCP5	0.4681600298962092
HCP5B	0.0
HCRT	-0.2142171583463834
HCRTR2	0.4383844631355048
HCST	0.3931417617154196
HDAC1	0.09317600267440262
HDAC10	-0.014029266230628501
HDAC2	0.2841157118925022
HDAC3	0.2933328422494359
HDAC4	0.5541926292292807
HDAC5	-0.6647104204596195
HDAC6	0.11343246986482569
HDAC7	-0.1968601948914337
HDAC8	-0.07884389151505466
HDAC9	-0.1776480788957162
HDC	1.8529621432213563
HDDC2	0.12377695394099497
HDDC3	-0.1489750220889432
HDGF	0.240905985919861
HDGFP1	-1.3001510918104149
HDGFRP2	0.21743103056710744
HDGFRP3	-0.3453762381007124
HDHD2	0.04350162364932508
HDHD3	-1.501895647896704
HDLBP	0.3463430779272372
HDX	-0.24668133623608016
HEATR1	-0.3611303651569404
HEATR3	0.11644857901220718
HEATR4	0.349563106173343
HEATR5A	-0.12255782351603273
HEATR5B	0.04398036422199425
HEATR6	-0.31476233647740237
HEATR9	-0.48992846272110824
HEBP1	-0.18788323565508058
HEBP2	0.21708209946296364
HECA	0.3493014515468662
HECTD1	-0.14154626976979579
HECTD2	-1.5651199931383282
HECTD2-AS1	-0.1251578454034582
HECTD3	0.31844645944937255
HECTD4	-0.10753291137294241
HECW1	-0.24668133623608016
HECW2	0.14232646290001316
HEG1	1.2799890935930751
HELB	-0.5720154848869843
HELLS	-0.5682896374459929
HELQ	0.022486780132126682
HELZ	-0.38099677742334137
HELZ2	1.2195008266718474
HEMK1	-0.24962152606784827
HENMT1	0.47625002210844336
HEPACAM	0.6810153140566778
HEPACAM2	0.9934213319706329
HEPH	0.4592777840979634
HEPHL1	-0.3850145694376545
HERC1	0.08985776023776637
HERC2	0.10379052975834924
HERC2P10	0.04562840012472957
HERC2P2	-0.026371272426805703
HERC2P3	-0.6107036783584707
HERC2P7	-0.2566062746897231
HERC2P9	-0.3405380635568509
HERC3	-0.031886998142443446
HERC4	0.09215074251465438
HERC5	0.10337470707967533
HERC6	0.23733191054278358
HERPUD1	0.37292655081356507
HERPUD2	0.2022652798051734
HES1	1.4669238529171373
HES4	0.349563106173343
HES6	-0.08622581400634033
HES7	0.8708135199261609
HESX1	1.916091248961992
HEXA	0.32308614787243073
HEXA-AS1	0.2946924376119253
HEXB	1.411310288521074
HEXDC	-0.36499273625815576
HEXIM1	-0.33442959493575586
HEXIM2	-1.0177900719863233
HEY1	-0.4502932506147108
HEY2	0.0
HFM1	0.25428293676215574
HGD	-0.16314858048230185
HGF	0.4737805461253348
HGH1	0.4932025292467621
HGS	-0.1760583918420533
HGSNAT	0.925475271634812
HHAT	0.5563216921487344
HHATL	-0.3618969512171711
HHEX	-0.3641688827631331
HHIP	-0.6085782874532513
HHIP-AS1	-1.120905525322763
HHIPL1	0.543297340733222
HHIPL2	-0.007272372442380881
HHLA2	0.2462860590762297
HHLA3	0.9227711857335317
HIBADH	0.19754403790082975
HIBCH	-0.1430249420040859
HIC1	1.4678824224254148
HIC2	0.09295841544001604
HID1	0.8330218076758702
HIF1A	0.1673052256043448
HIF1A-AS1	-0.09085246462261609
HIF1AN	-0.5924026046966624
HIGD1A	0.1260650271740964
HIGD1AP1	0.1270556561712226
HIGD1AP7	-0.24650138848603192
HIGD1AP8	0.22764885511918312
HIGD1C	0.0
HIGD2A	0.31661479388021974
HIGD2B	-0.3850145694376545
HIKESHI	-0.007101466795598199
HILPDA	0.10847446147533901
HINFP	-0.2117845493880477
HINT1	0.167672822754394
HINT2	0.34828918481422644
HINT3	0.10026172919616982
HIP1	0.4779225768806379
HIP1R	-0.2116590951552162
HIPK1	-0.12843101610491914
HIPK1-AS1	0.5787379174145986
HIPK2	-0.014383953890622081
HIPK3	-0.07734949911170119
HIPK4	-0.3618969512171711
HIPSTR	0.021377998113046637
HIRA	-0.12766681593974383
HIRIP3	-0.18246199969753363
HIST1H1C	1.4254842719652618
HIST1H1D	-0.2445328044867332
HIST1H1E	0.02577224585252358
HIST1H1PS1	0.2015338910305624
HIST1H1PS2	0.0
HIST1H2AB	1.4334657259321477
HIST1H2AC	1.4575958532832378
HIST1H2AE	0.5757392308148042
HIST1H2AG	0.30315395179123206
HIST1H2AH	-0.403390349740008
HIST1H2AI	0.182417095761084
HIST1H2AJ	-0.2142171583463834
HIST1H2AK	0.6525579131186141
HIST1H2AL	-0.8023125220131302
HIST1H2AM	0.6866883589548869
HIST1H2APS5	0.0
HIST1H2BB	-0.7196430363695256
HIST1H2BC	0.8008733712359959
HIST1H2BD	1.4659095245728047
HIST1H2BE	-0.3850145694376545
HIST1H2BF	0.07884845485150871
HIST1H2BG	0.4246939310524178
HIST1H2BJ	1.375870031658863
HIST1H2BK	1.1122412430746884
HIST1H2BL	-0.3087173745324572
HIST1H2BN	0.7146231687330777
HIST1H2BO	0.2822339131088585
HIST1H3A	0.16967287712548074
HIST1H3B	0.06139856345581407
HIST1H3C	0.616204547466817
HIST1H3D	0.2612948421653316
HIST1H3H	0.7129613097515173
HIST1H3I	1.0000247573325214
HIST1H3J	0.5380728056859454
HIST1H3PS1	-0.9151365223727602
HIST1H4A	-1.4090570217320515
HIST1H4B	-0.1242747823897612
HIST1H4C	-0.2708208376644512
HIST1H4D	0.4675314574387741
HIST1H4E	0.05004211435896089
HIST1H4H	0.12859219980566827
HIST1H4I	0.16986135002284541
HIST1H4J	0.18140038951605092
HIST1H4K	1.0774842058383653
HIST1H4L	0.6049202217373499
HIST2H2AA3	0.0
HIST2H2AB	-0.054483944381208405
HIST2H2AC	0.2777985257268383
HIST2H2BA	0.3314522078833348
HIST2H2BC	0.9149777462778925
HIST2H2BD	-0.2142171583463834
HIST2H2BE	1.0789373929288981
HIST2H2BF	0.7071358018879348
HIST2H3D	-0.2142171583463834
HIST3H2A	0.3001879065738784
HIST3H2BB	-0.8769023329515142
HIST4H4	-0.9217083816360713
HIVEP1	0.9704494895309974
HIVEP2	-0.029629759155570312
HIVEP3	0.4571120934829267
HJURP	0.05199503082790358
HK1	-0.16807849408638376
HK2	-0.34793972068436574
HK2P1	0.020895831683297672
HK3	1.5937218087744873
HKDC1	0.4383844631355048
HKR1	-1.5017453371696536
HLA-B	1.455511313799076
HLA-C	0.8632923100573731
HLA-DMA	0.2886796914597256
HLA-DMB	-0.24966862161069486
HLA-DOB	-0.6806532559340877
HLA-DPA1	0.0
HLA-DRA	-0.3850145694376545
HLA-E	0.468646884225949
HLA-F-AS1	0.0
HLA-H	-0.2142171583463834
HLA-J	0.3303639329412076
HLA-K	0.19373423455987895
HLA-L	0.0
HLA-W	-0.4404155707959591
HLA-X	0.22416730478912136
HLCS	0.5533144164718671
HLF	-0.8877436145689863
HLTF	-0.29076133488837463
HLX	-0.4038815509871245
HLX-AS1	0.02783147319076429
HM13	0.05209152316818688
HM13-AS1	1.7459460007603387
HMBOX1	0.14217174030706126
HMBS	0.03857500389991664
HMCES	0.0625803807083063
HMCN1	0.8815972289481641
HMCN2	0.6146329634603411
HMG20A	-0.052397862579667276
HMG20B	0.3867459484769338
HMGA1	0.08867662298066037
HMGA1P1	0.11723504953695138
HMGA1P2	0.1740864935648634
HMGA1P3	0.45095177016471855
HMGA1P4	0.3733152220369569
HMGA2	-1.7808371418175888
HMGB1	0.12757323448739477
HMGB1P1	1.3105004876377535
HMGB1P10	-0.20055743405826787
HMGB1P14	0.14049897009546908
HMGB1P20	0.8802504766010714
HMGB1P34	-0.3618969512171711
HMGB1P37	0.5478099444384097
HMGB1P4	-0.012333845043828062
HMGB1P40	0.0
HMGB1P42	-0.2142171583463834
HMGB1P44	-0.4747209515768012
HMGB1P49	0.349563106173343
HMGB1P5	0.2058102267041182
HMGB1P6	0.14121790494505415
HMGB1P8	-0.6130128468288307
HMGB1P9	-0.19128033487777554
HMGB2	0.06713242464328317
HMGB3	0.09989943484734631
HMGB3P11	0.19373423455987895
HMGB3P22	-0.053562361554319704
HMGB3P24	0.5498410520988639
HMGB3P28	0.074263023042892
HMGB3P5	0.0
HMGB3P8	0.0
HMGCL	0.8709838897543349
HMGCLL1	1.022262649372106
HMGCR	0.4509001086897655
HMGCS1	0.6683456038771958
HMGN1	0.5091970680494597
HMGN1P13	0.3314522078833348
HMGN1P21	0.3558799088454253
HMGN1P30	0.0
HMGN1P36	0.23084440328284295
HMGN1P37	0.7169360925244366
HMGN1P38	0.7966718328159206
HMGN2	0.052534642749103355
HMGN2P1	0.7435752866587428
HMGN2P11	0.0
HMGN2P13	-0.02048292378650446
HMGN2P15	1.017758431188004
HMGN2P17	0.4423963462624535
HMGN2P2	-0.2185405198527165
HMGN2P20	-0.2142171583463834
HMGN2P24	0.19373423455987895
HMGN2P3	0.06413960199413404
HMGN2P36	-0.2142171583463834
HMGN2P4	-0.44561722016573135
HMGN2P40	0.19373423455987895
HMGN2P41	0.05380265819730745
HMGN2P46	-0.582043820895944
HMGN2P5	0.7809308582094348
HMGN2P6	0.10581002263250738
HMGN2P7	0.20266947029976157
HMGN2P8	0.13139373377561836
HMGN3	-0.05937588651105585
HMGN3-AS1	1.102218997002999
HMGN4	0.1775757079789262
HMGN5	0.35816102098954694
HMGXB3	0.08537776015274545
HMGXB4	-0.2875271190416644
HMMR	0.4708530741250847
HMMR-AS1	1.3430748046255117
HMOX1	3.95713283107868
HMOX2	-0.31422190091164026
HMP19	0.1353459478269596
HMX3	-0.12765622534289972
HN1	-0.796915473744626
HN1L	-0.47324684165167596
HNF1A	-0.5783306562232998
HNF4A	-0.6257665590643547
HNMT	1.9681094605635776
HNRNPA0	-0.10936422065353568
HNRNPA1	-0.15661647285504188
HNRNPA1L2	-0.3847694874047054
HNRNPA1P10	-0.08739337690817273
HNRNPA1P12	0.25149931577915297
HNRNPA1P14	0.0014504426696074213
HNRNPA1P15	0.7879475693088477
HNRNPA1P20	-0.4404155707959591
HNRNPA1P21	1.8612703194390123
HNRNPA1P22	-0.4404155707959591
HNRNPA1P24	-0.02048292378650446
HNRNPA1P25	-0.5343500658373932
HNRNPA1P27	0.0
HNRNPA1P28	-0.2142171583463834
HNRNPA1P35	-0.5690049523991139
HNRNPA1P37	0.19373423455987895
HNRNPA1P38	0.3314522078833348
HNRNPA1P39	1.07656383257062
HNRNPA1P4	-0.14289557352641502
HNRNPA1P40	0.19373423455987895
HNRNPA1P41	0.19373423455987895
HNRNPA1P43	0.19373423455987895
HNRNPA1P44	0.5690101510117502
HNRNPA1P48	0.009921882952449224
HNRNPA1P50	-0.6662500991429265
HNRNPA1P51	0.6681953250146608
HNRNPA1P52	-0.46105769399887064
HNRNPA1P53	-1.0849126370057174
HNRNPA1P54	0.29859726977210005
HNRNPA1P55	0.3314522078833348
HNRNPA1P56	0.19373423455987895
HNRNPA1P61	-0.2142171583463834
HNRNPA1P66	0.8619295595745399
HNRNPA1P67	0.46679815571029437
HNRNPA1P8	-0.9747486875934335
HNRNPA1P9	0.22764885511918312
HNRNPA2B1	-0.009390795475795244
HNRNPA3	-0.1622773840420617
HNRNPA3P1	0.49627869054454427
HNRNPA3P10	-0.4921257613313226
HNRNPA3P12	-0.05986146887993815
HNRNPA3P13	0.5669071224696902
HNRNPA3P15	-0.2142171583463834
HNRNPA3P2	-0.03545146326431148
HNRNPA3P3	0.6670761016358153
HNRNPA3P5	-0.7775443860953519
HNRNPA3P6	0.9375433711062584
HNRNPAB	0.12498492826060037
HNRNPC	-0.0505275040747204
HNRNPCP2	-0.3363993426489138
HNRNPCP4	0.349563106173343
HNRNPD	-0.12532084331733984
HNRNPDL	-0.1948386172967531
HNRNPDP1	-0.2142171583463834
HNRNPF	0.0712719721019539
HNRNPH1	-0.2077469543646675
HNRNPH3	-0.4153074686706617
HNRNPK	0.06679952370288511
HNRNPKP1	0.19373423455987895
HNRNPKP2	0.7879475693088477
HNRNPKP3	0.3314522078833348
HNRNPKP4	-0.37230645391852557
HNRNPL	0.10665154039920566
HNRNPLL	0.3028123727562697
HNRNPLP1	-0.6179838438449536
HNRNPLP2	-0.5448840598227689
HNRNPM	-0.011345706668924649
HNRNPR	0.07543379901363245
HNRNPRP1	0.8812932599821988
HNRNPRP3	-0.3172368406071753
HNRNPU	-0.17214383093155838
HNRNPUL1	-0.043756914478318976
HNRNPUL2	-0.40495568470187226
HNRNPUL2-BSCL2	-0.4071905907570974
HNRNPUP1	0.17725372668952633
HOGA1	-0.6663827405266808
HOMER1	-0.35734292439689597
HOMER2	1.376510018579502
HOMER3	1.5156610016707468
HOMEZ	0.8432073475737525
HOOK1	0.9917070655644306
HOOK2	-0.3971180408566468
HOOK3	-0.09368229766364422
HORMAD1	0.2115060415483203
HORMAD2	-0.16816271665729213
HORMAD2-AS1	-1.0079341603613146
HOST2	1.1228813275222442
HOTAIR	-0.9742883880603526
HOTAIRM1	0.6696432567905815
HOTTIP	0.6135162699847108
HOXA-AS2	-0.47264850596680186
HOXA-AS3	-0.9818504253675193
HOXA1	0.401743487687682
HOXA10-AS	-0.5310367926997213
HOXA10-HOXA9	0.4829097695326058
HOXA11	0.6258422055827282
HOXA11-AS	0.6376574248994862
HOXA13	0.07501288000880546
HOXA2	0.034158977856980854
HOXA3	0.28692088467476307
HOXA4	-0.32487510637445993
HOXA5	-0.19257557787460478
HOXA6	0.03675961214754375
HOXA7	-1.2860228460746246
HOXB3	-0.3850145694376545
HOXB6	-1.027770428595308
HOXB7	-0.3618969512171711
HOXB8	-0.4747209515768012
HOXB9	-1.6809080862413501
HOXC-AS1	-0.31141297367862864
HOXC10	3.0640507755474573
HOXC11	0.8812633775053094
HOXC13	0.5258110275502085
HOXC13-AS	1.1854413001243094
HOXC4	-0.6095425816227458
HOXC8	1.0245586770871533
HOXC9	0.6565895223808731
HOXD-AS2	-0.7469115206548255
HOXD10	-0.4538404154969109
HOXD11	0.3762295254545487
HOXD12	-0.11226435351535335
HOXD13	0.14784220012112037
HOXD4	-0.2142171583463834
HOXD8	-0.5010906919946811
HOXD9	-0.19128033487777554
HP	1.7564005563464105
HP09053	0.3602649934685478
HP1BP3	0.13967506072048508
HPCA	0.48850999140120555
HPCAL1	0.8264153385903956
HPCAL4	-0.5960644946593749
HPD	-0.6658514132782654
HPDL	0.16364796899516598
HPF1	0.11563359777760773
HPGD	0.23425474770081856
HPGDS	-0.8182742203112774
HPRT1	-0.05161786182662098
HPS1	-0.13049721399787373
HPS3	0.35776665757918025
HPS4	-0.2362081227311652
HPS5	0.20395131314587722
HPS6	-0.2659513002229037
HPSE	-1.7175129304496926
HPSE2	-0.10896336291262432
HPX	-0.1444148261769358
HR	0.0
HRAS	0.1768009820178431
HRASLS	0.19373423455987895
HRASLS5	0.47040947716238923
HRAT5	0.3233838276238048
HRAT56	0.44186601346556653
HRAT92	0.7141680098031784
HRH1	0.1661882251637019
HRH2	0.1816177397728458
HRH4	1.3999865654219201
HRK	0.22416730478912136
HS1BP3	0.11929086787128007
HS1BP3-IT1	0.7879475693088477
HS2ST1	-0.18850931480080213
HS3ST3A1	-0.4404155707959591
HS3ST3B1	0.02080876049657565
HS3ST4	-0.7422447325563372
HS6ST1	0.06357457733798277
HS6ST1P1	0.1587715886355232
HS6ST3	1.1167202858139555
HSBP1	0.4138269273627486
HSBP1L1	0.0945679507901509
HSCB	0.19731533058262585
HSD11B1L	-0.1317181790206421
HSD11B2	0.33940194195353435
HSD17B1	0.1343817393273733
HSD17B10	0.19043631139328454
HSD17B11	0.07888029857199541
HSD17B12	-0.5787141629357144
HSD17B13	0.8329267095025079
HSD17B14	-1.468185999391267
HSD17B1P1	-0.010883402374220696
HSD17B3	0.349563106173343
HSD17B4	0.3984567361969553
HSD17B6	0.03161689595690831
HSD17B7	0.43220033636751687
HSD17B7P2	0.39330106534191245
HSD17B8	-0.1854836126186603
HSD3B2	0.19373423455987895
HSD3B7	0.5235513262402032
HSD3BP2	0.056851444027912035
HSD3BP4	0.6810153140566778
HSD3BP5	-0.3850145694376545
HSDL1	0.12604295423344425
HSDL2	-0.07371846836642604
HSF1	0.31196147170147803
HSF2	-0.04507813989373588
HSF2BP	0.36713084298788345
HSF4	-0.5371551648285071
HSF5	0.35856071722108834
HSH2D	0.11341244133009631
HSP90AA1	0.17321219671606514
HSP90AA2P	1.350168044904263
HSP90AA3P	0.32908018238683856
HSP90AA6P	0.543297340733222
HSP90AB1	0.03265850190236819
HSP90AB2P	-0.3447845214621985
HSP90AB3P	0.3462006872523169
HSP90B1	0.09648563492322282
HSPA12A	-0.10896336291262432
HSPA12B	0.44186601346556653
HSPA13	0.4970768098422056
HSPA14	0.015242221054034388
HSPA1A	0.06635061869160541
HSPA1B	0.4968522049591009
HSPA1L	0.9151433104825668
HSPA2	-2.2197330014470946
HSPA4	0.2375250554695878
HSPA4L	0.11672684315358595
HSPA5	0.0012458589530286446
HSPA6	1.6630019873097135
HSPA7	2.4734225893680986
HSPA8	0.2429506378490025
HSPA8P1	0.0
HSPA8P11	0.6305818549903764
HSPA8P14	0.0
HSPA8P20	1.7673641384265288
HSPA8P5	0.4383844631355048
HSPA8P8	0.459582278454997
HSPA9	0.07592991526845339
HSPA9P1	0.0
HSPB1	1.119516866286336
HSPB11	0.00295837808949706
HSPB1P1	0.07568523804228011
HSPB1P2	0.5293581283123594
HSPB6	1.4419471964997448
HSPBAP1	0.17677539249980345
HSPBP1	-0.04645308613709709
HSPD1	-0.1309662294297862
HSPD1P1	0.08762967312496217
HSPD1P10	-0.4008798174298883
HSPD1P12	0.44186601346556653
HSPD1P4	1.352096628966168
HSPD1P5	0.19373423455987895
HSPD1P6	0.3314522078833348
HSPD1P8	-0.2142171583463834
HSPE1-MOB4	0.2171140787102357
HSPE1P2	0.31995443023985315
HSPE1P4	0.1333148401665052
HSPE1P7	0.19373423455987895
HSPG2	0.9623102715281511
HSPH1	0.3870309098574083
HTATIP2	0.08860685825718662
HTATSF1	0.06309533436844461
HTATSF1P2	0.5988082447907317
HTR1F	0.07996906224839545
HTR2B	0.44186601346556653
HTR2C	0.349563106173343
HTR4	0.11723504953695138
HTR5A	-0.4404155707959591
HTR7	0.5742035771633818
HTR7P1	-0.17638508424926513
HTRA1	-0.4747209515768012
HTRA2	-0.06455573895960853
HTRA4	0.11723504953695138
HTT	-0.0007686784845297723
HTT-AS	0.0
HUNK	-0.2142171583463834
HUS1	0.15149597329101105
HUWE1	0.19050328426972207
HVCN1	0.3053655023713695
HYAL1	0.4591029519144263
HYAL2	0.08248537243580234
HYAL3	0.5791687317911478
HYAL4	0.19373423455987895
HYDIN	2.6197021680053303
HYI	-1.0450861192571497
HYKK	-0.0445652429299499
HYLS1	-0.02046053256803404
HYOU1	0.5841880800534778
IAH1	-0.08562209203738758
IAPP	0.056851444027912035
IARS	-0.03705158468376801
IARS2	-0.24833150945675797
IBA57	-0.7618763271488582
IBA57-AS1	-1.5592374422751698
IBTK	-0.0031720050488210916
ICA1	-0.007424859776772763
ICA1L	-0.06929776907341711
ICAM1	1.4957130365965035
ICAM2	0.07321306879679312
ICAM3	-0.27275958087319907
ICAM4	0.23619608000147352
ICAM5	-0.2755890881347497
ICE1	-0.07149078707732848
ICE2	-0.09928726852898073
ICK	-0.025476467135179703
ICMT	0.045291146106741564
ICOSLG	-0.059894440198753784
ID1	0.3087291646067465
ID2	0.7633422312638718
ID2-AS1	0.7264896790558042
ID2B	0.0005303327968869676
ID3	1.0140197656097718
IDE	-0.049754149106018275
IDH1	0.6258046935340253
IDH1-AS1	0.654454679351423
IDH2	0.8598128004856012
IDH3A	0.4048603077984847
IDH3B	-0.040406655673841385
IDH3G	0.2003503369491213
IDI1	0.556934857857275
IDI2	-0.0020311076604543343
IDI2-AS1	0.45326801603230393
IDNK	-0.0002781254357575591
IDO1	-0.28976612086188525
IDS	0.5405240025412965
IDUA	-0.11134090382404693
IER2	0.09644596742550071
IER3	3.1739708512987512
IER3IP1	0.0068566798877558455
IER5	0.13620863470684164
IER5L	0.6782690819714006
IFFO1	-0.592124444673864
IFFO2	0.053333105019063964
IFI16	-0.26283534004914877
IFI27	0.08812782378783934
IFI27L1	0.07868203662176221
IFI27L2	-0.47304013925563915
IFI30	0.07804730393486103
IFI35	-1.0370374243485951
IFI44	-1.0100287639255574
IFI44L	-0.2142171583463834
IFI6	0.5698429566006382
IFIH1	0.31318964353648404
IFIT1	0.11139067121065338
IFIT2	1.3624677964921252
IFIT3	0.9118630579257756
IFIT5	1.0295662957808176
IFITM1	0.26186834887315236
IFITM10	1.4810833077768626
IFITM2	0.2626290046985691
IFITM3	-0.17847672056307662
IFITM4P	0.349563106173343
IFNA5	0.19373423455987895
IFNAR1	0.328466238513613
IFNAR2	0.5424888461025148
IFNB1	0.5498410520988639
IFNG-AS1	0.0
IFNGR1	0.5094711144545911
IFNGR2	0.6814856959878206
IFNL3P1	-0.3618969512171711
IFNLR1	-0.2142171583463834
IFRD1	0.33502586251983324
IFRD2	-0.0007568360719307776
IFT122	-0.08004365016952164
IFT140	-0.4029691251234402
IFT172	-0.3477191681241738
IFT20	0.3114393682000305
IFT22	0.009800752403725355
IFT27	0.8903983036521792
IFT43	-0.38093723806873925
IFT46	-0.9346866686040398
IFT52	-0.35153380064983963
IFT57	0.08189433225842713
IFT74	0.36415836019870085
IFT74-AS1	1.1121935311678333
IFT80	-0.45958529042673213
IFT81	-0.5291007128960761
IFT88	-0.06768934029200047
IGBP1	0.03376729030640924
IGDCC4	-1.3353059040700648
IGF1R	-0.29432061841278845
IGF2BP1	-0.5068761940006254
IGF2BP2	-1.720490481491656
IGF2BP3	0.09738897111583711
IGF2R	0.19593822079229106
IGFBP2	-4.635072766760193
IGFBP4	-1.1980887366926094
IGFBP6	0.5457196082002569
IGFBP7	0.7781480938697669
IGFBP7-AS1	0.48436021220221326
IGFBPL1	-4.2222985462126275
IGFLR1	-0.013791446746365565
IGH	-0.046751280084742275
IGHMBP2	-0.005969125933551922
IGIP	0.3072444694881531
IGK	0.349563106173343
IGKC	0.0
IGKJ1	0.0
IGKV1OR2-118	0.6810153140566778
IGKV2-24	0.19373423455987895
IGL	-0.7699132871369967
IGLL1	-3.8032473736237957
IGLL3P	0.672140102190247
IGSF10	-0.2815088116985578
IGSF11	0.44186601346556653
IGSF21	-0.2142171583463834
IGSF23	0.349563106173343
IGSF3	0.09933903270499478
IGSF8	-0.1286735289673384
IGSF9	1.1326764549543378
IGSF9B	-5.0477148070689095
IHH	0.0
IK	0.06385528716992717
IKBIP	-0.26112272288087013
IKBKAP	-0.28301240261858496
IKBKB	0.12913574693200758
IKBKE	-0.3869677896538697
IKBKG	0.29337681138431826
IKBKGP1	0.7435752866587428
IKZF1	0.20277547349025227
IKZF2	-0.09762003092884264
IKZF3	1.5352870443695261
IKZF4	-0.6904062603459744
IKZF5	-0.4077089765730211
IL10	1.2679573855955857
IL10RA	2.231667536439326
IL10RB	0.7915392964524557
IL10RB-AS1	1.1911430396403677
IL11	-0.1608472646485331
IL11RA	-0.6917763388038116
IL12A	0.4507364642932785
IL12A-AS1	0.1353459478269596
IL12B	1.129194904624276
IL12RB1	0.06100244958594048
IL12RB2	-1.7298512996104247
IL13RA1	0.48202800787178735
IL15	-0.38097101415475
IL15RA	1.3863756544850334
IL16	0.4142118391589129
IL17B	0.5498410520988639
IL17C	0.0
IL17D	1.0472245221481744
IL17F	-0.2142171583463834
IL17RA	-0.22308347487314606
IL17RB	0.6505421558762368
IL17RC	-1.1181123957578025
IL17RD	0.5272614702198157
IL17RE	-0.10353806695844225
IL17REL	-0.2142171583463834
IL18	-0.8166239556484705
IL18BP	-0.7563671955542448
IL18R1	0.02922419328614012
IL18RAP	0.06622760320510857
IL19	1.2080779635304628
IL1A	0.02793841353264126
IL1B	1.3876115084175595
IL1R1	0.46679815571029437
IL1R2	0.19373423455987895
IL1RAP	0.47843508217901665
IL1RAPL1	-0.47264850596680186
IL1RAPL2	0.03636852024140769
IL1RL1	2.7565989464884124
IL1RL2	0.7733182213489013
IL1RN	1.123724176482448
IL20RA	0.0
IL20RB	-0.28664978569760713
IL21-AS1	0.44186601346556653
IL21R	-0.6743090834730395
IL22RA2	2.0098411302470294
IL23A	-0.1612251699644034
IL23R	-3.8964706484720466
IL27	-0.2142171583463834
IL27RA	0.010285207663944362
IL2RA	0.5856080128616662
IL2RB	0.7983331520647838
IL2RG	-0.280003052497543
IL31RA	1.0787066977861315
IL32	1.1215710350704433
IL33	0.6681953250146608
IL34	0.1883417772951279
IL36A	0.19373423455987895
IL36G	-0.10896336291262432
IL37	0.543297340733222
IL4	2.3011722007503823
IL4I1	0.14089487040896342
IL4R	0.3494224055334012
IL5	-0.6316959056737347
IL5RA	2.7725610777697565
IL6R	-0.042827390470437265
IL6ST	-0.0028986702547539878
IL7R	0.4040894969884037
IL9RP3	-0.794764346621236
ILDR1	0.44186601346556653
ILDR2	-1.3072680605583589
ILF2	0.15542746724405632
ILF3	-0.013849927120057615
ILF3-AS1	0.37238724043686755
ILK	0.4403229775740165
ILKAP	0.022966274876061732
ILVBL	-0.02529329595984109
IMMP1L	0.0010676872895967193
IMMP1LP1	-0.6663827405266808
IMMP2L	-0.018338600546471184
IMMT	0.020851126497712258
IMP3	0.20506060265639903
IMP4	-0.015004618973293304
IMPA1	-0.1226527750377322
IMPA1P1	0.0
IMPA2	0.1589111592296284
IMPACT	0.10182538773717198
IMPAD1	0.16285125957797675
IMPDH1	0.09666119099064119
IMPDH1P10	-0.4404155707959591
IMPDH1P5	-1.6643744349729088
IMPDH1P6	0.0
IMPDH1P8	-0.5505969220262106
IMPDH2	-0.31089539994825266
IMPG1	0.349563106173343
IMPG2	0.07075581323262181
INA	0.0
INAFM1	-0.040537749909697496
INAFM2	0.20385113168268987
INCA1	0.5590505348402163
INCENP	-0.02534495651368296
INE2	-0.4404155707959591
INF2	0.15369341771225464
ING1	0.17097022204524492
ING2	0.16595196234617937
ING3	0.16193092759136007
ING4	0.1689330634610826
ING5	-0.3621444504948297
INHA	-0.3850145694376545
INHBA	1.1129851872250973
INHBA-AS1	0.19373423455987895
INHBB	0.0014504426696074213
INHBC	-1.6891529220210875
INHBE	-2.2173438046636553
INIP	-0.46146758462118775
INMT-FAM188B	0.349563106173343
INO80	0.018300869320977853
INO80B-WBP1	0.018032729382440493
INO80C	0.016796716871382955
INO80D	-0.30535439634144623
INO80E	0.0867733329273328
INPP1	0.34824797668707674
INPP4A	0.22496655519032238
INPP4B	-0.669007277070798
INPP5A	-0.3905630222701628
INPP5B	0.006083287214709188
INPP5D	0.3062418583089386
INPP5E	-0.28543693182347774
INPP5F	-0.2858611905488351
INPP5J	-0.18512828387001434
INPP5K	0.02296687742077097
INPPL1	0.26040293003677917
INSC	-0.02048292378650446
INSIG1	0.6466615175752928
INSIG2	0.02098903913859118
INSM2	0.02458742674318204
INSR	0.09235432897511409
INTS1	0.1321678345687598
INTS10	0.1370753591891649
INTS11	0.22425539412122397
INTS12	-0.06262854057951195
INTS13	-0.21973869035472937
INTS14	0.04453962703162517
INTS2	-0.6777455771338889
INTS3	0.1493972761057325
INTS4	-0.025931241806366856
INTS4P2	0.6006658950177308
INTS5	0.0276980996755114
INTS6	0.011547523151723027
INTS6-AS1	0.313788281326171
INTS6L	-0.0781955788561568
INTS6P1	0.0
INTS7	-0.21604197777171663
INTS8	0.15611952639850912
INTS9	0.14603474677311645
INTU	-0.5271798794470213
INVS	0.012791482101519591
IP6K1	0.12625391028796784
IP6K2	0.22227165030155227
IPCEF1	1.4222768020902268
IPMK	-0.19346356647170815
IPO11	0.24099243979838292
IPO13	0.26894141869421695
IPO4	-0.1712587820011393
IPO5	-0.1609758694686647
IPO5P1	-0.2142171583463834
IPO7	-0.1728000293100962
IPO8	-0.11370615803264172
IPO9	-0.3362004561583234
IPO9-AS1	0.14042506652636577
IPP	-0.13607760605511654
IPPK	-0.021824388225434532
IPW	-0.7836802695679621
IQCA1L	0.1353459478269596
IQCB1	-0.0682534963178103
IQCB2P	0.349563106173343
IQCC	-0.32786951388304075
IQCD	-1.5997661004162835
IQCE	0.04753428498845658
IQCF4	-0.2142171583463834
IQCG	-0.13394237389519859
IQCH	0.5237272377149846
IQCH-AS1	-0.0025712924208791677
IQCK	0.41013758343484863
IQGAP1	0.2687287699945813
IQGAP2	0.49691172592321387
IQGAP3	0.07387197404402812
IQSEC1	2.7089535413288655
IQSEC2	0.8014018715120652
IQSEC3	0.44186601346556653
IQSEC3P2	0.33053062505644604
IQUB	0.3591953923339033
IRAIN	0.3012607080152969
IRAK1	0.06865085794545145
IRAK1BP1	-0.273349260150459
IRAK2	1.1644740155592048
IRAK3	0.020506491456840692
IRAK4	-0.48407572098196106
IREB2	0.016207002644261337
IRF1	0.21172548198853036
IRF2	0.412300737617306
IRF2BP1	0.04166521833999326
IRF2BP2	0.05201889932390813
IRF2BPL	1.1245633781958233
IRF3	-0.03224301119120376
IRF4	0.31670301417340174
IRF5	-0.5227352913587833
IRF6	-0.5485104979964582
IRF7	1.251314480667821
IRF9	-0.32981684581221415
IRGM	-0.003919161047794439
IRGQ	-0.005564291120091269
IRS1	0.16917479472687091
IRS2	0.6233261881192806
IRS3P	-0.2142171583463834
IRX3	0.2091254037685104
IRX5	-0.06743764096372296
ISCA1	0.18253824798078
ISCA1P1	0.4383844631355048
ISCA1P4	0.1353459478269596
ISCA1P5	-0.2142171583463834
ISCA1P6	0.4136925896059527
ISCA2	-0.19331681315867488
ISCU	-0.23535482966050836
ISG15	0.9582450237189981
ISG20	0.6099980474281135
ISG20L2	-0.07485246746676566
ISL2	0.007458127923138491
ISM1	0.22777975421870172
ISM1-AS1	-0.401214205817195
ISM2	-0.5960644946593749
ISOC1	0.16946411796075012
ISOC2	0.22059091599347447
ISPD	-0.13148650318827748
IST1	0.11953549270081965
ISX-AS1	-3.2677906070089087
ISY1-RAB43	-0.5561960316642256
ISYNA1	1.690339910643237
ITCH	-0.7357839470172696
ITFG1	0.22675651417669584
ITFG1-AS1	0.45649858699556345
ITFG2	-0.29111696549085053
ITGA1	0.4438365203380821
ITGA10	-0.49256731229675843
ITGA11	1.7186983502812154
ITGA2	0.3341767364446193
ITGA2B	0.048836509002777806
ITGA3	-0.7422447325563372
ITGA4	0.09678065797952762
ITGA5	-0.039297050253779275
ITGA6	-0.13971220119830718
ITGA7	-1.0082367396519025
ITGA8	-0.6546327291423425
ITGA9	0.8802504766010714
ITGAD	-0.4404155707959591
ITGAE	0.06764481362716168
ITGAL	0.36269904290122845
ITGAM	0.5413785696161142
ITGAV	0.3165447978179685
ITGAX	1.5998566384063864
ITGB1	0.4897422781514482
ITGB1BP1	-0.03969672928343826
ITGB1BP2	-0.4630345684155639
ITGB2	1.4929338434063908
ITGB2-AS1	1.595830342800451
ITGB3	-1.5589702543289061
ITGB3BP	-0.14760522250197639
ITGB4	0.34799543216061846
ITGB5	0.1582827712955675
ITGB6	0.0
ITGB7	1.2210317068392529
ITGB8	0.9921047419778656
ITGBL1	-0.3618969512171711
ITIH1	-0.28045111411193013
ITIH3	0.0
ITIH4	0.6071041981673337
ITIH4-AS1	0.19373423455987895
ITIH6	-0.4404155707959591
ITK	-1.3983770166725051
ITLN1	0.0
ITLN2	-0.4404155707959591
ITM2A	-0.5755620723771955
ITM2B	0.7811588878767282
ITM2C	-0.33032622123698907
ITPA	0.35238689080868113
ITPK1	0.506886677792588
ITPK1-AS1	0.7435752866587428
ITPKA	0.42545623368534535
ITPKB	-0.20909770198551847
ITPKC	0.2904926734954145
ITPR1	0.021566303675960796
ITPR1-AS1	0.39596910640667304
ITPR2	-0.21478064233428285
ITPR3	-0.1554519311438991
ITPRIP	-0.27637321972444795
ITPRIPL2	1.7378789647131243
ITSN1	0.48557997379541185
ITSN2	0.14280685679653082
IVD	-0.025146323841971352
IVNS1ABP	-0.26949405576527496
IWS1	0.053197093292356
IZUMO1	-0.39734841448148245
IZUMO4	0.4890922095340198
JADE1	-0.1190598262413598
JADE2	0.1816703347627584
JADE3	0.018124099122873716
JAG1	0.5378497820598138
JAG2	1.5348800948173502
JAGN1	0.14938458431450208
JAK1	0.008064211797496057
JAK2	0.1826330630272821
JAK3	0.5258110275502085
JAKMIP2	0.4383844631355048
JAKMIP2-AS1	0.19373423455987895
JAKMIP3	-1.3423162577487697
JAM2	1.2870981425881127
JAM3	0.25058567858779107
JAML	0.9851633541987885
JARID2	-0.2534314471584054
JARID2-AS1	-0.03044474333383629
JAZF1	0.6925032059615859
JAZF1-AS1	0.15649884718576335
JCHAIN	0.349563106173343
JDP2	-0.12108125149088167
JHDM1D-AS1	0.9188585499253108
JKAMP	-0.15985315624130791
JMJD1C	-0.20589758306110006
JMJD1C-AS1	-0.15736571431847135
JMJD4	-0.6609944210663201
JMJD6	0.046980336065409745
JMJD7-PLA2G4B	0.10090427554258019
JMJD8	-0.2041836568206694
JMY	-0.17966233431719125
JOSD1	0.2703269717216159
JOSD2	1.0838959129225398
JPH1	-0.7745997021700903
JPH2	1.1071120650756228
JPH3	0.44186601346556653
JPH4	0.19373423455987895
JPX	-0.36340212496491375
JRK	-0.18322321869456637
JRKL	-0.16452852208508162
JRKL-AS1	0.44186601346556653
JSRP1	0.44186601346556653
JTB	0.17242169089193027
JUN	-0.08139483791129987
JUNB	0.565494425178338
JUND	0.10754619974995094
JUP	-0.8366487350461131
KALRN	0.8561394258963537
KANK1	0.5295425590349616
KANK2	0.11635634735673506
KANK3	0.1353459478269596
KANSL1	-1.010043604511674
KANSL1-AS1	0.6009732786421029
KANSL1L	-0.28747391694654034
KANSL2	-0.37512389098977295
KANSL3	0.08308691343705732
KANTR	-0.533407811245592
KARS	0.03887273103787514
KAT14	-0.1905653206475364
KAT2A	-0.9075911949662423
KAT2B	0.534433377798325
KAT5	-0.009993453364124605
KAT6A	-0.5264781746189549
KAT6B	0.07546405822656688
KAT7	-0.22357759793049148
KAT8	-0.11842165145277761
KATNA1	0.14674726369249314
KATNAL1	0.2658932633429707
KATNAL2	1.44468809371062
KATNB1	0.05939015994622565
KATNBL1	0.20303863403393407
KAZALD1	-0.7284562694147985
KAZN	0.44186601346556653
KBTBD11	0.2169646772396039
KBTBD12	-0.3850145694376545
KBTBD13	0.44186601346556653
KBTBD2	0.12075479834896719
KBTBD3	0.033180403434582395
KBTBD4	-0.28350208306476965
KBTBD6	0.002424253390682196
KBTBD7	-1.1847950844243877
KBTBD8	-0.42789467254322666
KCCAT198	0.5673473185698256
KCCAT333	-0.4404155707959591
KCMF1	0.19414239098623653
KCNA1	0.19373423455987895
KCNA6	-1.5619048036754375
KCNA7	0.44186601346556653
KCNAB1	-0.3266039407261465
KCNAB1-AS2	0.0
KCNAB2	-0.010813529751553475
KCNAB3	-0.2353729064564778
KCNB1	0.5498410520988639
KCNB2	0.0
KCNC1	-0.24668133623608016
KCNC4	0.12223276264399363
KCNC4-AS1	1.517732459757361
KCND1	-0.18901806740152738
KCND2	0.0
KCND3	-0.24668133623608016
KCNE1	-0.3064955296033762
KCNE2	0.02871283329370722
KCNE3	4.144083658451681
KCNE4	-0.5977812851144304
KCNE5	0.6478237119184835
KCNG2	0.6182317755881219
KCNG3	0.9917070655644306
KCNH1	0.0
KCNH2	-0.6235046273843642
KCNH3	0.349563106173343
KCNH4	-0.26333995729683046
KCNH6	-0.4404155707959591
KCNH7	0.11723504953695138
KCNH8	-2.3893778555055865
KCNIP2	-1.0479954676572296
KCNIP2-AS1	0.5667094744753887
KCNIP4	-0.7399580132117103
KCNJ11	-0.445859869727105
KCNJ12	0.349563106173343
KCNJ13	0.19373423455987895
KCNJ14	-0.49642172932559525
KCNJ15	2.3760150344198063
KCNJ3	-0.02048292378650446
KCNJ6	-0.6546327291423425
KCNJ9	-0.3850145694376545
KCNK1	-0.3850145694376545
KCNK10	-0.5992317277840379
KCNK12	-0.37067606349886983
KCNK13	-0.19707046855596155
KCNK15-AS1	-2.141379264506196
KCNK2	0.0
KCNK5	0.19017976309328688
KCNK6	1.2986170568928772
KCNK7	-0.42135105787895094
KCNK9	-1.2031432271388005
KCNMA1	0.5258110275502085
KCNMB1	-0.3850145694376545
KCNMB2	0.07996906224839545
KCNMB2-AS1	0.08020218916852251
KCNMB3	-0.6375946241693677
KCNMB4	0.16852285291035152
KCNN1	0.42138308967906213
KCNN2	-0.09402778655762223
KCNN3	-0.054483944381208405
KCNN4	-3.244006200932352
KCNQ1	-0.42798495503259115
KCNQ1OT1	0.39210204115428393
KCNQ4	-0.19883225235923607
KCNQ5	0.0035995799087658042
KCNRG	-0.7330139032862282
KCNS1	0.0
KCNT2	-0.47264850596680186
KCNU1	0.349563106173343
KCNV2	0.3855449022345414
KCP	0.8881454523736367
KCTD1	0.5394759650581671
KCTD10	-0.12207452599466961
KCTD11	-0.8458137112562811
KCTD12	-0.15562050978147823
KCTD13	0.248167276503926
KCTD15	0.3687627836999656
KCTD16	0.5131722043168967
KCTD17	1.014676888344146
KCTD18	0.282013259048286
KCTD2	-0.31392203937651075
KCTD20	0.20374952691857828
KCTD21	0.28538274874448
KCTD21-AS1	0.9093476410841612
KCTD3	-0.27405101599535264
KCTD4	0.19373423455987895
KCTD5	-0.220980781921579
KCTD6	-0.05395710286975053
KCTD7	0.1849397936071835
KCTD9	0.39494072285250326
KDELC1	0.14165523718131823
KDELC2	0.16799509017688052
KDELR1	0.38926667815838556
KDELR2	0.5923201668601568
KDELR3	2.1575686014377604
KDM1A	0.06569016048150189
KDM1B	0.03476301401413728
KDM2A	0.1367784882763985
KDM2B	-0.4315583720361449
KDM3A	0.21952033882790545
KDM3B	0.037790041375313166
KDM4A	0.1407720993903414
KDM4A-AS1	0.6219564722198587
KDM4B	0.5347326573867281
KDM4C	0.2562549576610671
KDM4D	0.11413718031414888
KDM5A	-0.2050923152177333
KDM5B	-0.05480041273259317
KDM5C	0.15359700034027135
KDM5D	0.349563106173343
KDM6A	-0.005773467224594597
KDM6B	0.927465628754998
KDM7A	0.08463681456553473
KDM8	-0.39344986819563665
KDR	0.19373423455987895
KDSR	-0.08336042918545061
KEAP1	0.20181022118211978
KEL	0.31995443023985315
KERA	1.1311393052940886
KHDC1	0.19427088948632587
KHDC1L	-0.7463464263478166
KHDRBS1	-0.1140132049842908
KHDRBS2	0.19373423455987895
KHDRBS3	-0.3297649858537808
KHK	0.1392483433015732
KHNYN	-0.32281792368775974
KHSRP	0.023281999014605148
KIAA0040	-2.310620180068775
KIAA0100	0.13188225486407568
KIAA0141	-0.17345015925540075
KIAA0232	-0.10002209427181263
KIAA0319	1.679051481548547
KIAA0319L	0.10008138814602496
KIAA0355	0.1296950710848357
KIAA0368	-0.2218613941348071
KIAA0391	-0.2368681263525616
KIAA0430	3.901634542339993
KIAA0513	0.8683408240899535
KIAA0556	-0.10452727184187083
KIAA0586	-0.23708462125753904
KIAA0753	-0.09358574236711092
KIAA0825	-0.19649033064868338
KIAA0895	0.09557833010390304
KIAA0895L	-0.38120366472652023
KIAA0907	-0.07155082213216524
KIAA0922	-0.09843559810951064
KIAA0930	-0.2015038068877537
KIAA1024	-0.03487301838300816
KIAA1107	-0.08408032918574726
KIAA1109	0.22454156721183693
KIAA1143	-0.3059167257207349
KIAA1147	-0.02032087111965808
KIAA1161	0.36675797989767833
KIAA1191	-0.01960757695722215
KIAA1210	-0.3850145694376545
KIAA1211	0.06027691667882351
KIAA1211L	0.6097824732476589
KIAA1217	-0.4880485857408989
KIAA1257	0.15306916971729745
KIAA1324	1.2141729880424326
KIAA1324L	2.1209880504363605
KIAA1328	-0.46051294413598143
KIAA1429	-0.052211097099590376
KIAA1456	0.0
KIAA1462	1.8965652031946996
KIAA1468	-0.018838350993755526
KIAA1522	1.3507819204012357
KIAA1524	0.106983227717242
KIAA1549	0.29906716797317046
KIAA1549L	0.5498410520988639
KIAA1551	0.10563627290713384
KIAA1586	0.1172131693538816
KIAA1614	-0.5195769827410412
KIAA1644	0.0
KIAA1656	-0.9591628403436188
KIAA1671	-1.3675474651153738
KIAA1683	0.6520725489696402
KIAA1755	1.4838420106198358
KIAA1841	0.19233032888059487
KIAA1958	-0.7873682702316032
KIAA2012	0.14151500291259822
KIAA2013	0.15280251280510448
KIAA2022	0.5447256270158034
KIAA2026	0.152240097257204
KIDINS220	0.12667359391265443
KIF11	-0.4060019997317408
KIF13A	2.567031103002919
KIF13B	0.3702192717600319
KIF14	-0.33200570161920595
KIF15	-0.1519804589007805
KIF16B	-0.19128033487777554
KIF17	-1.199294926062495
KIF18A	0.12560724146571367
KIF18B	-1.0755195973406018
KIF19	0.0
KIF1B	0.2708959468495653
KIF1BP	-0.23634352190532937
KIF1C	0.5349291273036947
KIF20A	0.24834200621083014
KIF20B	-0.3541184396710193
KIF21A	-0.3223864455408645
KIF21B	-0.19954694484347435
KIF22	0.21509870464206138
KIF23	0.1141515998077356
KIF24	-0.24163726653258166
KIF26A	-0.2142171583463834
KIF26B	0.7261394450665328
KIF27	-0.10072452616566707
KIF28P	-0.36841563954019174
KIF2A	0.031966769625270786
KIF2C	0.17957017632413752
KIF3A	-0.6482672303364865
KIF3B	-0.5519080535999432
KIF3C	0.2229293716292471
KIF4A	0.2939236656570614
KIF4B	0.2137402120513574
KIF5A	-0.3850145694376545
KIF5B	0.2071839153832702
KIF5C	-1.6181851908757796
KIF6	0.07996906224839545
KIF7	1.3074475710602043
KIF9	0.06453856643594058
KIF9-AS1	0.14992570480013612
KIFAP3	0.1498992501071399
KIFC1	0.05130646148672646
KIFC2	-0.2878151245523508
KIFC3	1.5462283719417975
KIN	0.0823070543144091
KIRREL	0.9882255152343687
KIRREL2	-1.227729033049226
KIRREL3	0.07745790945445696
KIRREL3-AS3	0.349563106173343
KIT	1.5531469800801454
KITLG	-0.27203764991077684
KIZ	-0.3739830282371379
KIZ-AS1	-0.0020311076604543343
KL	2.72976235935377
KLB	-0.6663827405266808
KLC1	0.0755877372056375
KLC2	0.1745440245626657
KLC3	-0.6866428150127477
KLC4	0.06418960172221055
KLF1	0.3806518807503805
KLF10	0.37746249483865846
KLF11	-0.032824584600968265
KLF12	-0.2753564496493439
KLF13	0.037551572019882684
KLF15	1.2703762364043063
KLF16	-0.17784289396878705
KLF17	-0.5960644946593749
KLF2	0.22602164104186873
KLF3	0.34050937684328986
KLF3-AS1	-0.18805995543337217
KLF4	1.5980601510482342
KLF5	-0.10143842599666542
KLF6	-0.3168388357235479
KLF7	-0.6607681434159396
KLF8	-0.03044474333383629
KLF9	-2.2283977595518802
KLHDC1	0.07236633357335798
KLHDC10	-0.016678920169869826
KLHDC2	0.11402510151132894
KLHDC3	-0.018647651805631327
KLHDC4	-0.2190971856609547
KLHDC7B	1.2032727015694835
KLHDC8B	-1.1526128995686906
KLHDC9	0.11465585388813326
KLHL1	0.14079645811255398
KLHL10	-0.3850145694376545
KLHL11	-0.9475746442454334
KLHL12	-0.7274602393343166
KLHL13	1.0758836023621408
KLHL14	0.7996870974107538
KLHL15	-0.1337187444223744
KLHL17	0.08167282875853843
KLHL18	0.27373767514105296
KLHL2	0.26530614863988333
KLHL20	0.061108576790129376
KLHL21	0.09918638974155769
KLHL22	0.7013218849327254
KLHL24	0.46222470597342813
KLHL25	-0.13510332250414425
KLHL26	-0.31914631868609344
KLHL28	-0.23500877128837416
KLHL29	0.0
KLHL2P1	0.47252291322247153
KLHL3	-0.09085246462261609
KLHL30	0.5498410520988639
KLHL31	0.359185061392175
KLHL32	0.9917012593657826
KLHL33	0.349563106173343
KLHL34	0.0
KLHL35	0.49283540429739947
KLHL36	-0.2489805334204238
KLHL4	1.632657079069932
KLHL41	0.7645638812399413
KLHL42	-0.4027279047965706
KLHL5	0.4350938020459072
KLHL6	-0.6950652417706333
KLHL6-AS1	0.0
KLHL7	0.07181880389957662
KLHL7-AS1	-0.5409177465980459
KLHL8	-0.0019684029039837014
KLHL9	0.44074020971823913
KLK1	-0.6000417090731086
KLK10	0.44186601346556653
KLK14	0.09104008840941957
KLKB1	1.8886658712313953
KLKP1	0.0
KLLN	-0.628737527272917
KLRA1P	-0.7297634456874382
KLRB1	1.411770611673404
KLRC1	-0.4404155707959591
KLRC2	0.6718302135116532
KLRC3	-2.2629576612365785
KLRC4-KLRK1	-0.05615018465477628
KLRF1	0.2963561433751226
KLRG1	-0.14607928101149525
KMO	1.080966545153363
KMT2A	0.06266831797517014
KMT2B	0.0230421984603435
KMT2C	0.025645915541302244
KMT2D	-0.27727154004950805
KMT2E	-0.10013927432305181
KMT2E-AS1	-0.10656359500508827
KMT5A	-0.31068031339686897
KMT5B	0.1290169654705693
KMT5C	0.4170770850449257
KNCN	0.6681953250146608
KNG1	0.349563106173343
KNL1	0.20461565128912085
KNOP1	-0.161401712150969
KNSTRN	0.0870894681271821
KNTC1	-0.5185125427159747
KPNA1	0.08984896068648851
KPNA2	-0.033622389395501884
KPNA2P1	0.19373423455987895
KPNA3	-0.018304151416160153
KPNA4	0.20738073722456463
KPNA5	0.11830925926230584
KPNA6	-0.13030528981821732
KPNA7	-0.2142171583463834
KPNB1	-0.37173741402895644
KPTN	-0.5534445284268461
KRAS	-0.5851300157009742
KRASP1	-0.22451672706111425
KRBA2	-1.0648841770567714
KRBOX4	-0.007452150541569225
KRCC1	1.5634240264356727
KREMEN1	1.5725597745278899
KREMEN2	0.7467345680748858
KRI1	0.22307022308843472
KRIT1	-0.21808604731429604
KRR1	-0.4821256853464586
KRR1P1	-0.4404155707959591
KRT10	-0.23977507915177299
KRT16P6	0.0
KRT17P2	-0.4404155707959591
KRT17P3	0.6681953250146608
KRT17P5	-0.3850145694376545
KRT18	1.2301766436681731
KRT18P12	0.5498410520988639
KRT18P19	0.349563106173343
KRT18P37	-0.5992317277840379
KRT18P4	-0.30278241540213424
KRT18P52	0.6810153140566778
KRT18P55	0.11868549220655877
KRT18P59	0.7192854009880683
KRT18P7	0.19373423455987895
KRT19	0.0
KRT2	0.0
KRT223P	-0.3850145694376545
KRT5	0.0
KRT7	0.09398726050913142
KRT78	0.042486491323629805
KRT8	2.085468391443647
KRT80	-2.096444251572964
KRT81	-0.005507779223201892
KRT82	0.19373423455987895
KRT86	-0.11616023435571288
KRT87P	-0.5960644946593749
KRT8P10	-0.4404155707959591
KRT8P12	1.1927128783423662
KRTAP5-10	-0.05593438705081588
KRTAP5-7	0.0
KRTAP5-8	-0.5992317277840379
KRTAP5-9	0.020299782961385793
KRTCAP2	0.3167494310868193
KRTCAP3	-0.6459907547205395
KSR1	0.8348008644316014
KSR2	0.349563106173343
KTN1	-0.30661062369055436
KTN1-AS1	-0.4763359550089845
KXD1	-0.016364572810488198
KY	0.6293565036207622
KYAT1	-0.2910799177718255
KYAT3	0.5245863720855901
KYNU	-1.0818420532981714
L1CAM	-0.5960644946593749
L1TD1	0.349563106173343
L2HGDH	-0.47937967926081626
L3HYPDH	-0.2256726014636392
L3MBTL1	0.31159386920382504
L3MBTL2	-0.037315084791490705
L3MBTL3	0.0760312075662899
L3MBTL4	0.5258110275502085
LACC1	0.7664268005911357
LACE1	0.06501742818123013
LACTB	0.7243419059888971
LACTB2	0.5248880768398898
LACTB2-AS1	0.5490012525631793
LAG3	0.6694282787641934
LAGE3	0.2377045287277042
LAGE3P1	-0.005225765149512673
LAIR1	0.7437982684475664
LAIR2	0.5385041783108973
LALBA	-0.4404155707959591
LAMA2	-0.11061292077803886
LAMA3	0.19373423455987895
LAMA4	0.3314522078833348
LAMA5	0.4042958573228468
LAMB1	1.0155964244280309
LAMB2	0.19110880995750268
LAMB2P1	0.448696521826482
LAMB3	1.1430194520383354
LAMB4	-0.2142171583463834
LAMC1	0.32861753308983666
LAMC2	0.44186601346556653
LAMC3	-0.4747209515768012
LAMP1	0.07247337906179574
LAMP2	0.1465445096024247
LAMP3	0.4765932831423878
LAMP5	1.5468701714177442
LAMP5-AS1	1.491004832440844
LAMTOR1	0.1905566485757504
LAMTOR2	0.6028721537270698
LAMTOR3	-0.029484599248696952
LAMTOR4	0.026491428036463205
LAMTOR5	0.18412961940462047
LAMTOR5-AS1	0.622053285137806
LANCL1	-0.37392282463810034
LANCL1-AS1	-0.437101770339698
LANCL2	-0.0030727860720816125
LANCL3	0.0
LAP3	0.05076173702369147
LAPTM4A	0.31650186159915705
LAPTM4B	-0.7556432325694364
LAPTM5	0.8560865332505863
LARGE1	-0.3050696229689995
LARP1	-0.30393625363163856
LARP1B	0.2316998332199809
LARP4	-0.3592867060084046
LARP4B	0.044095983273690464
LARP7	-0.12812636434137126
LARS	0.01030491277894896
LARS2	-0.052001965525724
LARS2-AS1	-0.3698815644057012
LAS1L	0.0874627324042816
LASP1	-0.5225298388674489
LAT	0.3989609707864661
LAT2	-0.5592605711019001
LATS1	-0.1854264908132368
LATS2	0.07163359952497572
LAX1	-0.21880440349375463
LBH	-0.4397247917828644
LBHD1	-0.2646802833311579
LBP	-0.4931010859000864
LBR	-0.26975721525294993
LBX1-AS1	0.349563106173343
LBX2	-0.4404155707959591
LBX2-AS1	-0.12926633894908046
LCA5	-2.7077903462740647
LCA5L	0.33126258980712553
LCAT	2.3064700473033533
LCK	-1.2169656841331384
LCLAT1	-0.2650519729344847
LCMT1	0.09509244638534753
LCMT1-AS1	0.36940099923155767
LCN12	-0.7346891419022271
LCOR	-0.4805295722365077
LCORL	-0.055913339299049625
LCP1	0.4691400050902672
LCP2	0.6463045443241153
LCT	-0.6223416309902898
LCTL	-0.7126636203044008
LDAH	0.07493164186979939
LDB1	-0.2296003097328807
LDB3	-0.49524506715828576
LDHA	0.02948277261937804
LDHAL6A	-0.19970964021002402
LDHAL6B	0.0
LDHAP1	-0.3850145694376545
LDHAP2	-0.3850145694376545
LDHAP3	-0.1608472646485331
LDHAP4	-0.24677814619583316
LDHAP5	0.19373423455987895
LDHAP7	1.1030229888427345
LDHB	-0.35340534157377945
LDHC	1.6920497272145358
LDLR	0.46068722027558984
LDLRAD1	-0.3850145694376545
LDLRAD3	0.23005034770600474
LDLRAD4	0.8179293801096259
LDLRAP1	-0.0917247030173538
LDOC1L	-0.4027688901925597
LEAP2	-0.04525248990227304
LEF1	0.37119849947961825
LEF1-AS1	0.8459282779247825
LEFTY1	0.7879475693088477
LEKR1	-0.21775770829991137
LEMD2	0.24116076909190554
LEMD3	-0.4497977868945462
LENEP	-0.5660406884784045
LENG1	-0.16488811184812135
LENG8	-0.20713296381690327
LENG8-AS1	-0.06426416467763563
LENG9	-0.12407904618484444
LEO1	0.05724899371706016
LEPR	0.9023480413303329
LEPROTL1	0.27330699164904715
LETM1	-0.055364229411113186
LETM2	-0.15424586859969303
LETMD1	-0.4694457755371815
LEXM	-0.4404155707959591
LFNG	1.9212966101445783
LGALS1	1.9680286629244677
LGALS12	0.49108814047627014
LGALS17A	0.6356002480254456
LGALS3	-0.4404155707959591
LGALS3BP	-0.7361610412652149
LGALS4	-0.7276286168283231
LGALS8	-0.23244547849320973
LGALS8-AS1	1.3611915631594953
LGALS9	0.5820923281400461
LGALS9B	-0.01907406293757874
LGALS9C	-0.7237688614239517
LGALS9DP	-0.2142171583463834
LGALSL	-0.14867536165272188
LGI2	1.6455319959790402
LGI4	0.19536462497953455
LGMN	-0.842745830895455
LGR4	0.6953670544811716
LGR5	0.349563106173343
LGR6	0.0
LGSN	0.19373423455987895
LHB	0.0
LHCGR	-0.2142171583463834
LHFP	-0.8264020543429158
LHFPL2	-0.5284862275373672
LHFPL3	0.462845941658953
LHFPL3-AS2	0.30315971586278373
LHFPL4	0.0
LHFPL5	0.22764885511918312
LHPP	0.6911399167564527
LHX2	0.2729731699886806
LHX3	0.349563106173343
LHX4	0.17587183056630096
LHX4-AS1	-0.18722510229532308
LHX6	0.168833079588957
LHX9	-1.2147915861136904
LIAS	-0.03219997366663563
LIF	1.4447346656885953
LIG1	-0.06047508684774172
LIG3	-0.8955278955746415
LIG4	0.36131868515800925
LILRA1	0.3932370402878691
LILRA2	-0.03358658384528468
LILRB1	0.4145977806843457
LILRB2	1.481903668258092
LILRB3	1.132583796774988
LIMA1	0.30646801057404005
LIMD1	-0.20015777223951048
LIMD1-AS1	-0.14024613978827194
LIMD2	0.08076278066709364
LIME1	-0.9551550891280174
LIMK1	0.4578532518569425
LIMK2	-0.43176041699103784
LIMS1	0.1920888169193713
LIMS2	-0.2142171583463834
LIN28B	1.2180363771135247
LIN37	-0.03895873090645452
LIN52	-0.1543102778073031
LIN54	0.008397112861146638
LIN7A	-0.02822984768114445
LIN7B	-0.2845788279157544
LIN7C	-0.08171548713714394
LIN9	-0.33355842925043966
LINC-PINT	0.194239494365398
LINC00032	0.7435752866587428
LINC00094	-0.8496829660068332
LINC00114	0.0014504426696074213
LINC00115	0.24843626862340162
LINC00116	0.482454347916236
LINC00158	0.08870989067093227
LINC00159	0.38167833544157176
LINC00167	0.4295321684217384
LINC00173	0.349563106173343
LINC00174	0.5172878568231951
LINC00176	-0.6991954005151975
LINC00202-1	0.7405651247199622
LINC00211	-0.3618969512171711
LINC00222	0.22666053083985627
LINC00239	0.43407849477842175
LINC00240	0.6035162221949122
LINC00242	0.19373423455987895
LINC00243	1.1488649440246974
LINC00264	-0.7469115206548255
LINC00265	0.011709235828583964
LINC00266-1	-0.4553245223208664
LINC00266-3	1.1882299216927312
LINC00268-2P	-0.02048292378650446
LINC00271	0.874031479776221
LINC00272	0.19373423455987895
LINC00276	-0.2142171583463834
LINC00282	1.6564208402490295
LINC00294	-0.2766814644015838
LINC00297	0.44186601346556653
LINC00298	0.8235443489071383
LINC00299	0.35155424350677045
LINC00304	0.14079645811255398
LINC00310	0.6497667501640141
LINC00313	1.3672735101919569
LINC00324	-0.2177009471284137
LINC00327	-0.4583147178521205
LINC00333	-0.9296450029640022
LINC00336	0.3314522078833348
LINC00337	0.04193195303816055
LINC00339	-0.47552501371507727
LINC00342	-0.6368592531678026
LINC00343	0.19373423455987895
LINC00346	0.0
LINC00347	-0.8102816530057583
LINC00355	-0.038117536005030095
LINC00358	-0.3850145694376545
LINC00365	0.747937320344414
LINC00371	-0.46089849458246357
LINC00374	-0.2524714699142663
LINC00377	-0.31681963435333776
LINC00378	0.0
LINC00379	0.19373423455987895
LINC00382	0.8753741337235516
LINC00383	-0.3850145694376545
LINC00390	0.4208305198402573
LINC00392	-0.19128033487777554
LINC00398	1.4841955400419349
LINC00399	0.6810153140566778
LINC00400	-0.3618969512171711
LINC00403	-0.10896336291262432
LINC00412	0.7969308649156976
LINC00423	-0.46089849458246357
LINC00426	-0.033947663074355816
LINC00428	-0.2142171583463834
LINC00431	-0.32418847235105286
LINC00434	-0.2932123212241957
LINC00441	-1.1604628347216785
LINC00443	0.18723078204124555
LINC00448	0.0
LINC00449	-0.18772390131652372
LINC00452	0.7914291196389095
LINC00457	-0.3618969512171711
LINC00460	0.18723030427595866
LINC00461	0.16326776613415328
LINC00466	-1.5664123142790594
LINC00467	0.2902150938465038
LINC00469	-0.2142171583463834
LINC00470	0.19373423455987895
LINC00471	0.46562505002111987
LINC00475	-0.3850145694376545
LINC00476	1.6676992861911204
LINC00479	0.349563106173343
LINC00483	-0.5960644946593749
LINC00484	0.5941735351577586
LINC00486	0.5512914947684715
LINC00493	-0.15271058152626793
LINC00499	-0.334930532643346
LINC00501	0.19373423455987895
LINC00504	-0.007286595317810729
LINC00506	-0.6280734181782957
LINC00508	-0.44221543573755945
LINC00511	-0.5011940697749577
LINC00513	0.294166108768799
LINC00514	-1.0364800654553339
LINC00515	-0.21996815687297788
LINC00518	0.5216080087953199
LINC00519	0.0
LINC00526	-2.6301474625958026
LINC00528	0.530174133473797
LINC00535	0.0
LINC00539	-0.017014317450514405
LINC00544	-0.3618969512171711
LINC00545	0.02870146329606804
LINC00550	-0.2142171583463834
LINC00551	-0.21977972580555516
LINC00558	0.3314522078833348
LINC00559	0.0
LINC00562	-0.36779396327253
LINC00563	-0.6782073224219649
LINC00565	0.8679243389702602
LINC00571	1.7797021599363436
LINC00574	-0.6083983397032031
LINC00575	0.0
LINC00578	0.08223215403552009
LINC00582	-0.8576630754044565
LINC00587	0.0
LINC00589	0.0
LINC00593	0.349563106173343
LINC00595	0.0
LINC00598	0.4238310988877432
LINC00607	1.3231592734477653
LINC00609	0.0
LINC00616	0.3356238937524805
LINC00618	-0.5707689519538497
LINC00622	0.782038187912361
LINC00624	0.2960007446190233
LINC00629	1.3508349992281827
LINC00630	-0.10141522575019124
LINC00632	0.19373423455987895
LINC00634	0.6278576291103133
LINC00635	-0.3850145694376545
LINC00636	-0.4747209515768012
LINC00638	1.4475660339403302
LINC00639	-0.8102816530057583
LINC00640	-0.4619298518906654
LINC00641	-0.5598772789884663
LINC00649	1.4448937794992895
LINC00652	-1.4391038436569579
LINC00654	-0.19053496963510475
LINC00658	0.0
LINC00659	-1.0937165162336722
LINC00662	-0.11025444148268804
LINC00663	-1.3651270627513425
LINC00665	-0.3472643776871741
LINC00667	-4.689442240570009
LINC00672	-0.7404382725836385
LINC00673	-1.0364800654553339
LINC00674	-0.7906961328831124
LINC00676	0.349563106173343
LINC00677	0.543297340733222
LINC00680-GUSBP4	-0.23788348818388094
LINC00683	0.30956069721887314
LINC00693	-0.02048292378650446
LINC00694	0.2465098113158074
LINC00696	-0.4747209515768012
LINC00702	0.349563106173343
LINC00704	0.44186601346556653
LINC00824	-0.661516063900576
LINC00853	0.6220781855256687
LINC00854	0.0
LINC00856	-0.3850145694376545
LINC00857	0.19373423455987895
LINC00861	0.19110880995750268
LINC00862	-0.8851313471720388
LINC00863	-0.10388491434167335
LINC00867	-0.997462943718086
LINC00868	0.0
LINC00869	0.642291793081391
LINC00871	0.4765932831423878
LINC00877	1.681750313294753
LINC00880	-0.1251578454034582
LINC00881	0.0014504426696074213
LINC00882	0.34863908626315476
LINC00884	-0.2044435042420103
LINC00885	0.0
LINC00886	-0.4727149205679222
LINC00887	0.44186601346556653
LINC00888	0.24106168531185723
LINC00893	-0.9934987017056778
LINC00894	-0.0732742333309142
LINC00896	-0.33524127728017916
LINC00899	0.0
LINC00907	-0.8788850775479369
LINC00908	-0.03545146326431148
LINC00909	0.0361248610116256
LINC00910	-0.6600511941826457
LINC00911	0.7220571305874524
LINC00920	-0.29749093587790076
LINC00921	0.07999947669458773
LINC00922	-0.2142171583463834
LINC00923	-1.6987426599126132
LINC00924	0.056851444027912035
LINC00926	0.39076009464196915
LINC00927	0.349563106173343
LINC00928	-0.3850145694376545
LINC00933	0.295466653924249
LINC00935	-0.2142171583463834
LINC00937	0.5498410520988639
LINC00938	0.3024899937703509
LINC00940	0.19373423455987895
LINC00941	1.0511759214724492
LINC00942	0.349563106173343
LINC00945	1.1644740155592048
LINC00957	0.0
LINC00959	-0.18439967923395706
LINC00960	0.0
LINC00963	0.6198857231043711
LINC00968	0.5849124082896706
LINC00969	-0.20532256141803096
LINC00970	-0.4880485857408989
LINC00971	-0.2142171583463834
LINC00972	-0.2142171583463834
LINC00977	-0.16107966407727137
LINC00987	0.6714802594365032
LINC00989	-0.3618969512171711
LINC00992	0.349563106173343
LINC00996	0.0
LINC00997	0.38228035739085353
LINC00998	-0.24665993970447886
LINC00999	0.3072163461349371
LINC01000	-0.060311205831979464
LINC01001	0.349563106173343
LINC01002	0.16684519703992984
LINC01003	0.7780414350874159
LINC01004	0.07123755582310931
LINC01006	0.2814683594853764
LINC01010	0.44186601346556653
LINC01011	0.3299786646782539
LINC01012	-0.21650329988535955
LINC01019	-0.3850145694376545
LINC01022	-0.2142171583463834
LINC01023	0.6558614799708329
LINC01024	-1.0266894899698973
LINC01028	-0.2142171583463834
LINC01031	-0.21506012948912256
LINC01032	-1.1592446631203628
LINC01033	1.2707585277020368
LINC01037	0.349563106173343
LINC01039	-0.2142171583463834
LINC01046	0.0
LINC01049	0.19373423455987895
LINC01054	-0.4404155707959591
LINC01057	0.20045536962671595
LINC01058	0.49627869054454427
LINC01060	0.0
LINC01061	-0.10747344196792685
LINC01063	0.35009343897022993
LINC01065	0.44186601346556653
LINC01068	0.6426298356372135
LINC01072	0.5369008620372395
LINC01087	0.0
LINC01088	-0.6587481765435665
LINC01089	0.0032764363860433576
LINC01090	0.0
LINC01091	-0.3180707320594074
LINC01094	1.5887930214758483
LINC01095	-0.3618969512171711
LINC01096	0.8247663697302818
LINC01097	0.19373423455987895
LINC01106	-0.6998528979144849
LINC01107	-0.3618969512171711
LINC01108	-0.2142171583463834
LINC01116	-0.6546327291423425
LINC01117	-0.8102816530057583
LINC01118	0.42138308967906213
LINC01119	2.339492767397869
LINC01121	0.6681953250146608
LINC01123	0.042194678508304495
LINC01125	0.9611381289603003
LINC01126	1.0965570215965876
LINC01128	0.28271494895911786
LINC01132	0.5286813522709775
LINC01134	-0.22105039475810995
LINC01135	-0.6432753300234118
LINC01136	0.19373423455987895
LINC01137	0.4683514187199367
LINC01138	0.729953499756177
LINC01140	0.6142165250421057
LINC01144	-0.19313067495348823
LINC01146	-0.3850145694376545
LINC01149	-0.5992317277840379
LINC01152	0.44186601346556653
LINC01160	0.6073233750707348
LINC01162	0.0
LINC01164	0.0
LINC01169	-0.46937422671574236
LINC01170	0.349563106173343
LINC01176	-0.46738861490027794
LINC01179	0.349563106173343
LINC01182	0.9996475328979956
LINC01184	-0.08221749008278234
LINC01185	-0.24668133623608016
LINC01187	-0.4404155707959591
LINC01191	0.878908870248934
LINC01192	-0.012333845043828062
LINC01193	0.349563106173343
LINC01197	0.44186601346556653
LINC01202	0.6908104414887712
LINC01204	0.3314522078833348
LINC01207	0.0
LINC01209	-0.2142171583463834
LINC01214	-0.012333845043828062
LINC01215	-0.43947434131152896
LINC01220	0.577211961292526
LINC01221	0.0
LINC01222	-1.3907171834751244
LINC01225	0.0
LINC01226	-0.4404155707959591
LINC01229	0.19373423455987895
LINC01232	-0.496328266261334
LINC01234	-0.8102816530057583
LINC01237	-0.5882941394876351
LINC01239	3.5544084205948305
LINC01250	0.6594606081997767
LINC01251	-0.31195295772723297
LINC01252	0.6082210206829868
LINC01258	-0.2142171583463834
LINC01260	0.349563106173343
LINC01262	1.1854413001243094
LINC01264	0.4383844631355048
LINC01266	0.19373423455987895
LINC01268	0.35250677867128166
LINC01270	0.7200870759976712
LINC01272	1.3651389075971432
LINC01276	-0.16816271665729213
LINC01277	0.5356231617898752
LINC01278	0.134478781873554
LINC01288	0.19373423455987895
LINC01291	0.056851444027912035
LINC01296	-0.31823002158165536
LINC01297	0.0
LINC01298	-0.4404155707959591
LINC01301	1.1556211418974678
LINC01305	0.4150748140912288
LINC01311	0.07062268301220076
LINC01314	-0.4404155707959591
LINC01317	-1.257982408100045
LINC01322	0.4383844631355048
LINC01324	0.0
LINC01337	-0.9920144722088482
LINC01340	0.5293581283123594
LINC01341	0.17509053980328204
LINC01344	-0.9579614458765461
LINC01347	0.03643891317565018
LINC01350	-0.4747209515768012
LINC01353	0.6069659065150014
LINC01354	0.0
LINC01355	-0.8623602612305792
LINC01356	-0.6546327291423425
LINC01358	1.4773592225280971
LINC01363	-0.4404155707959591
LINC01366	-0.007626740562632683
LINC01372	-0.5402345843366319
LINC01376	0.3314522078833348
LINC01389	0.3789722600654635
LINC01391	0.0
LINC01393	-0.33704669409717836
LINC01396	-0.6663827405266808
LINC01397	-0.15119533809324603
LINC01399	-1.9981277229827468
LINC01402	0.2918447242233717
LINC01410	-0.3428780699019338
LINC01412	-0.02048292378650446
LINC01413	-0.8558372820655302
LINC01415	0.19373423455987895
LINC01416	0.6681953250146608
LINC01419	0.3314522078833348
LINC01422	-0.5992317277840379
LINC01424	-0.19627624973928004
LINC01425	0.6681953250146608
LINC01426	0.3699487986114962
LINC01428	0.44186601346556653
LINC01429	-0.3850145694376545
LINC01431	0.5724556830624554
LINC01433	0.7220194077578407
LINC01435	0.0
LINC01441	0.19373423455987895
LINC01447	-0.4404155707959591
LINC01448	-0.8254301402336136
LINC01461	-0.39362513045589465
LINC01465	0.002194038560084155
LINC01470	-0.4747209515768012
LINC01471	-0.2142171583463834
LINC01473	0.031023211787649885
LINC01476	0.19373423455987895
LINC01477	0.5498410520988639
LINC01478	-0.24668133623608016
LINC01480	0.349563106173343
LINC01481	0.23689394904804573
LINC01482	-0.19128033487777554
LINC01483	0.0
LINC01492	0.19373423455987895
LINC01495	0.0
LINC01496	0.19373423455987895
LINC01498	-0.3050696229689995
LINC01499	-0.2142171583463834
LINC01500	-0.19128033487777554
LINC01501	0.7914291196389095
LINC01503	1.6178660317324933
LINC01504	1.2949224460551028
LINC01505	0.19373423455987895
LINC01506	0.0
LINC01507	-0.3618969512171711
LINC01508	-0.3850145694376545
LINC01512	-0.05296201040170212
LINC01515	-1.1270799962439888
LINC01520	0.349563106173343
LINC01521	-0.3536915879805598
LINC01526	0.349563106173343
LINC01530	0.6356002480254456
LINC01532	0.19373423455987895
LINC01534	0.8441526590837203
LINC01535	0.11723504953695138
LINC01537	0.349563106173343
LINC01541	0.6681953250146608
LINC01543	0.4882599800565659
LINC01544	-0.4404155707959591
LINC01545	1.6378334089494724
LINC01547	0.4477310715967433
LINC01551	-0.3618969512171711
LINC01554	-0.0761853680875102
LINC01555	0.0
LINC01556	0.44186601346556653
LINC01559	-0.022743347745182496
LINC01560	0.11536147441605493
LINC01565	-0.2142171583463834
LINC01569	-0.2703306480033736
LINC01572	-0.045393350452513914
LINC01578	0.17135137974766934
LINC01585	-0.008472608844061869
LINC01588	0.6365646977293906
LINC01589	-1.341742259050469
LINC01590	-0.10342410665788782
LINC01594	0.19373423455987895
LINC01599	-0.46551336007249144
LINC01600	-0.1873669481620306
LINC01602	-2.7558635298853984
LINC01607	0.0
LINC01618	-1.2615670194396391
LINC01619	-1.0118109224362426
LINC01620	-0.8254301402336136
LINC01622	0.0
LINC01623	-0.9872443834039556
LINC01625	0.0
LINC01629	0.5997620605809248
LINC01630	0.7914291196389095
LINC01634	0.0
LINC01635	-1.3946546259745016
LINC01637	-0.3850145694376545
LINC01655	0.0
LINC01659	0.349563106173343
LINC01664	0.3314522078833348
LINC01671	0.0
LINC01684	1.1001587712153285
LINC01686	-0.4690462530972124
LINC01692	0.19373423455987895
LINC01695	-0.9935928568909056
LINC01697	0.9493251667542678
LINC01700	0.19188307464947274
LINC01711	0.44186601346556653
LINC01714	-0.3850145694376545
LINC01719	-0.6316959056737347
LINC01720	-0.24668133623608016
LINC01721	0.0
LINC01722	0.30882866530832565
LINC01725	0.19373423455987895
LINC01726	0.19373423455987895
LINC01727	0.0
LINC01728	0.5498410520988639
LINC01730	-0.2958511938860273
LINC01732	0.056851444027912035
LINC01743	0.9882255152343687
LINC01752	-0.526470728643141
LINC01762	0.6533671841552255
LINC01771	-0.06044663662832406
LINC01775	-0.3618969512171711
LINC01783	-0.45661520717549964
LINC01792	0.0
LINC01796	0.6612167872813186
LINC01798	-0.2142171583463834
LINC01800	-0.7899539501617499
LINC01814	-0.42613156079585757
LINC01816	0.8679166315572433
LINC01819	0.0
LINC01822	-0.4404155707959591
LINC01835	0.349563106173343
LINC01841	0.3167081680621083
LINC01844	0.349563106173343
LINC01848	0.0
LINC01857	0.0
LINC01869	-0.2142171583463834
LINC01873	-0.13932546287515768
LINC01881	0.09158699839823292
LINC01899	0.0
LINC01907	1.0620776694429908
LINC01909	0.765742433032985
LINC01915	0.0
LINC01919	0.0
LINC01924	0.19373423455987895
LINC01931	0.056851444027912035
LINC01932	0.35856071722108834
LINC01933	-1.2774971490270888
LINC01934	-1.3653256157716684
LINC01935	0.0
LINC01950	-0.24668133623608016
LINC01962	0.0
LINC01963	-1.302069542791359
LINC01968	2.1628170957168367
LINC01970	-1.0821120138291664
LINC01976	-0.3975284054447392
LINC01979	0.349563106173343
LINC01983	0.0
LINC01990	-1.655872240900286
LINC01993	0.8812932599821988
LINC01999	-0.4404155707959591
LINC02001	-0.7078415055368685
LINC02012	0.758138346192661
LINC02015	0.0
LINC02026	-0.3850145694376545
LINC02028	0.15509518565559155
LINC02035	-0.09354854257045808
LINC02036	-2.3550151238680184
LINC02037	0.6356002480254456
LINC02043	-0.06607622100248012
LINC02044	0.349563106173343
LINC02049	0.4383844631355048
LINC02056	0.0
LINC02060	1.120744504971516
LINC02067	-0.9004082859291933
LINC02071	-0.5960644946593749
LINC02072	-0.4404155707959591
LINC02076	1.2022447411700257
LINC02079	0.19373423455987895
LINC02080	-0.5960644946593749
LINC02081	0.3624325134514734
LINC02085	1.270534708010471
LINC02099	0.3924753377803927
LINC02102	0.9382810247451363
LINC02108	0.5393451266818806
LINC02109	-0.24668133623608016
LINC02110	0.0
LINC02112	-0.48884814234634244
LINC02133	0.2015056988925048
LINC02141	-0.5992317277840379
LINC02143	0.3314522078833348
LINC02145	-1.2177679189161363
LINC02147	-0.3896578481350057
LINC02148	0.44186601346556653
LINC02150	0.5313352608703981
LINC02158	1.3379879990687833
LINCR-0001	-0.18923916992645884
LINCR-0002	-0.3618969512171711
LINGO1	0.6356002480254456
LINGO2	0.5136559028766796
LINGO3	1.2483397045543874
LINS1	-0.17114121537188964
LIPA	-0.14360173827149403
LIPC	0.33829988821494217
LIPC-AS1	1.0050202296114383
LIPE-AS1	0.1883417772951279
LIPH	0.9996475328979956
LIPI	-0.12330067232970321
LIPM	0.3314522078833348
LIPN	-1.600490141233521
LIPT1	0.1270198691451352
LIPT2	0.6247347031241732
LITAF	-0.32663495215010485
LIX1	-0.6663827405266808
LIX1L	0.02314901798904323
LKAAEAR1	-0.9011341176283743
LL22NC01-81G9.3	-0.2142171583463834
LLGL1	0.2746725812511501
LLGL2	0.8162624232532663
LLPH	-0.2976582132418457
LLPH-AS1	-0.2959010979875405
LMAN1	0.3428447700444508
LMAN2	0.3644908380337384
LMAN2L	-0.06092931846489513
LMBR1	-0.06934017153255745
LMBR1L	-0.2889450318706235
LMBRD1	0.15885801319697102
LMBRD2	0.17000096545833188
LMCD1-AS1	-0.19128033487777554
LMF1	-0.25063547252071494
LMF2	0.020192702011176067
LMLN	0.23898296941549013
LMLN-AS1	-1.4754743831536459
LMNA	1.1399075915537882
LMNB1	-0.003106301704709935
LMNB2	0.3039580987174766
LMNTD1	-1.2656144683107187
LMNTD2	0.04005087968629395
LMO1	-0.6546327291423425
LMO2	0.040668941152249616
LMO3	-0.5531772860949465
LMO4	0.19059079601633044
LMO7	0.18381800365269285
LMO7-AS1	-0.5671683450735845
LMO7DN	0.19373423455987895
LMOD1	-0.711293168525228
LMOD2	0.3314522078833348
LMOD3	0.19373423455987895
LMTK2	-0.1726825426655907
LMTK3	-0.25045069176501045
LMX1B	0.0
LNP1	0.6173013011531889
LNPEP	0.042817266178605706
LNPK	0.16373984574260625
LNX1	-0.5903579071214324
LNX2	-0.27678206549786033
LOC100037267	0.19373423455987895
LOC100049716	-0.2957121227643933
LOC100101246	0.0
LOC100101247	0.19373423455987895
LOC100101478	-0.47606794955343656
LOC100113375	0.349563106173343
LOC100113397	0.19373423455987895
LOC100127892	-0.2142171583463834
LOC100127917	0.0
LOC100128006	-0.3850145694376545
LOC100128007	0.349563106173343
LOC100128048	0.5149276251759878
LOC100128076	0.0
LOC100128086	0.4295321684217384
LOC100128093	0.0
LOC100128108	-0.697142542130063
LOC100128164	-0.2070928728081045
LOC100128288	0.5193963087650277
LOC100128317	0.0
LOC100128355	0.19373423455987895
LOC100128361	-0.25470832439181645
LOC100128494	1.450168266830823
LOC100128548	0.19373423455987895
LOC100128568	0.176836689307855
LOC100128601	-0.03499983707515408
LOC100128676	0.056851444027912035
LOC100128721	0.0
LOC100128770	0.0
LOC100128775	-0.3850145694376545
LOC100128885	0.19373423455987895
LOC100129034	-0.23567092838364445
LOC100129046	-1.6037983741912871
LOC100129052	0.5498410520988639
LOC100129055	1.4130117538639975
LOC100129083	0.7717075499187087
LOC100129085	0.19373423455987895
LOC100129118	0.14079645811255398
LOC100129137	-1.0364800654553339
LOC100129148	-0.2206524100996745
LOC100129203	0.021703651480563302
LOC100129216	0.11723504953695138
LOC100129295	0.349563106173343
LOC100129316	-1.2168492081057163
LOC100129352	0.0
LOC100129375	-0.3850145694376545
LOC100129381	0.0
LOC100129434	-0.3297450918963767
LOC100129478	-0.2142171583463834
LOC100129483	0.349563106173343
LOC100129492	-0.5151658495787347
LOC100129554	0.3314522078833348
LOC100129577	-0.2142171583463834
LOC100129620	0.19373423455987895
LOC100129636	0.056851444027912035
LOC100129697	0.32908018238683856
LOC100129728	0.0
LOC100129734	1.0155964244280309
LOC100129844	0.8486992534403779
LOC100129917	0.4590587408931661
LOC100129931	-0.19049759811904687
LOC100129940	0.6810153140566778
LOC100129997	-0.2363413089563985
LOC100130035	0.349563106173343
LOC100130049	-0.09085246462261609
LOC100130102	-0.6085782874532513
LOC100130111	0.0
LOC100130114	0.0
LOC100130172	0.2774973734025705
LOC100130176	-0.2142171583463834
LOC100130180	0.19373423455987895
LOC100130370	0.5293581283123594
LOC100130394	-0.42135105787895094
LOC100130417	0.49035956428589705
LOC100130451	0.0
LOC100130452	0.31159386920382504
LOC100130476	1.3251870997122253
LOC100130520	1.8389976893320543
LOC100130531	-0.7214022878128813
LOC100130548	-0.3618969512171711
LOC100130550	-0.3050696229689995
LOC100130571	0.038138596841676975
LOC100130612	-0.28098671701692224
LOC100130649	-0.24668133623608016
LOC100130691	0.6765029203386623
LOC100130705	-0.11383807113792166
LOC100130744	0.354199850600434
LOC100130760	0.349563106173343
LOC100130766	0.0
LOC100130950	0.9851633541987885
LOC100130987	-0.12524378023462202
LOC100130990	-0.2142171583463834
LOC100131047	-0.2142171583463834
LOC100131127	0.19373423455987895
LOC100131159	1.1090039331545807
LOC100131257	0.4260506180916766
LOC100131289	0.0947459468293963
LOC100131294	-0.2142171583463834
LOC100131303	0.3314522078833348
LOC100131347	-0.1562363537776008
LOC100131465	-0.022743347745182496
LOC100131471	0.7048071388459594
LOC100131533	0.349563106173343
LOC100131556	-0.07871619564016463
LOC100131597	-0.4404155707959591
LOC100131626	0.46213339349200755
LOC100131635	-0.19128033487777554
LOC100131655	0.8148787073743655
LOC100131689	0.0
LOC100131779	0.44186601346556653
LOC100131832	0.7378667580845897
LOC100131884	0.5933609397727948
LOC100132057	0.7462107003203804
LOC100132077	-0.6154085570035859
LOC100132215	0.22016066858311856
LOC100132223	-0.3618969512171711
LOC100132249	0.20098914897335618
LOC100132570	-0.5701518241035728
LOC100132571	-0.15723481521895277
LOC100132686	0.056851444027912035
LOC100132735	0.7615084397581957
LOC100132824	0.22416730478912136
LOC100132972	1.0696931264141902
LOC100133050	0.7996870974107538
LOC100133073	0.0
LOC100133091	-0.07263828146627382
LOC100133127	0.3314522078833348
LOC100133177	0.0
LOC100133225	0.5498410520988639
LOC100133244	-0.47264850596680186
LOC100133252	0.0
LOC100133286	0.47284723803449835
LOC100133315	-0.416654581784206
LOC100133331	0.006287705356500695
LOC100133669	0.19373423455987895
LOC100134368	-0.6934399959527418
LOC100134868	0.48782689698432335
LOC100147773	-0.37253540964565124
LOC100190986	-0.6282881421550348
LOC100216356	-0.705027857571999
LOC100240735	0.349563106173343
LOC100268168	-0.19623439064261627
LOC100270804	0.061620613989612494
LOC100272217	0.20220557330135058
LOC100286945	0.0014504426696074213
LOC100286962	0.349563106173343
LOC100287015	-0.42319761265671696
LOC100287042	0.09798422393534212
LOC100287072	-1.3983770166725051
LOC100287148	0.0
LOC100287275	0.44186601346556653
LOC100287402	0.776877237809793
LOC100287425	-1.0513973099643354
LOC100287430	-0.20361417992160347
LOC100287497	-0.4129163286528481
LOC100287523	0.6232664029816175
LOC100287825	-0.47129575718000716
LOC100287846	0.31159386920382504
LOC100287896	0.5012160856938799
LOC100287944	-0.20293821858269556
LOC100288069	0.30198959143280657
LOC100288073	-0.15939682197892557
LOC100288123	-0.28098671701692224
LOC100288151	0.5591010630025178
LOC100288152	1.652376702682473
LOC100288181	-0.9978435089921498
LOC100288203	-0.6614203347801548
LOC100288254	0.0
LOC100288367	-0.3618969512171711
LOC100288533	0.543297340733222
LOC100288558	0.6810153140566778
LOC100288637	-0.10907106246108889
LOC100288666	-0.3850145694376545
LOC100288683	-0.2142171583463834
LOC100288771	-0.2142171583463834
LOC100288778	-0.3355127331324521
LOC100288788	-0.22451672706111425
LOC100288798	0.23245644052703973
LOC100288842	0.3711014446091303
LOC100288846	0.020314720443320944
LOC100288866	0.9986115438433187
LOC100288911	0.5498410520988639
LOC100288914	-0.3850145694376545
LOC100289230	0.5163371257192346
LOC100289333	-0.9885542246319456
LOC100289360	0.29859726977210005
LOC100289361	0.7001823385030428
LOC100289442	-0.2142171583463834
LOC100289473	1.240501472661278
LOC100289479	0.2219068808304432
LOC100289495	1.361267743489622
LOC100289511	0.7546766296289664
LOC100289518	0.3448830815299764
LOC100289580	-0.1528781768691133
LOC100294145	-0.7136355208534884
LOC100294362	0.0045618959663871195
LOC100301990	0.0
LOC100302291	-0.3850145694376545
LOC100313942	-0.2142171583463834
LOC100328982	0.19373423455987895
LOC100379224	0.39190755972905666
LOC100379290	0.4383844631355048
LOC100418723	0.0
LOC100418734	-0.3850145694376545
LOC100418822	-0.03545146326431148
LOC100418961	0.27882764244604047
LOC100419052	1.5075389331409035
LOC100419170	0.3116755339051438
LOC100419293	0.0
LOC100419458	0.0
LOC100419515	-1.0839573481887617
LOC100419553	0.19373423455987895
LOC100419572	-0.2677795199007031
LOC100419579	-0.4404155707959591
LOC100419583	0.7438301926613864
LOC100419622	-0.24098101458808485
LOC100419639	0.0
LOC100419668	-1.2195600266216273
LOC100419673	-0.3892483421008279
LOC100419686	-0.4404155707959591
LOC100419715	0.7343851451919092
LOC100419752	0.209485974556485
LOC100419773	0.03636852024140769
LOC100419798	2.254556950253287
LOC100419799	-0.19910157621641578
LOC100419824	-0.03545146326431148
LOC100419831	0.08986466879136112
LOC100419835	0.19373423455987895
LOC100419848	-0.9671876504818564
LOC100419861	0.5498410520988639
LOC100419862	-0.018230744039994806
LOC100419878	-0.4404155707959591
LOC100419924	0.0
LOC100420002	1.1584838021051898
LOC100420054	0.0
LOC100420067	-0.2142171583463834
LOC100420114	-0.4404155707959591
LOC100420177	0.1353459478269596
LOC100420311	-0.7270012200830283
LOC100420351	-0.3850145694376545
LOC100420413	-0.4404155707959591
LOC100420489	-0.4404155707959591
LOC100420494	-0.2142171583463834
LOC100420547	0.6810153140566778
LOC100420580	-0.2846948652516901
LOC100420587	2.128049237038951
LOC100420679	-0.3850145694376545
LOC100420758	-0.09945851842443154
LOC100420818	-0.40549749322415896
LOC100420839	0.3314522078833348
LOC100420848	0.7912141442031224
LOC100420850	-0.4618315983120811
LOC100420851	0.0
LOC100420869	-0.2142171583463834
LOC100420889	0.3314522078833348
LOC100420890	0.19373423455987895
LOC100420930	0.0
LOC100420958	-1.5458305894948925
LOC100420966	-0.9368582485854158
LOC100420981	-0.790569256488185
LOC100421006	-0.02048292378650446
LOC100421031	-0.6085782874532513
LOC100421130	0.041998191985528344
LOC100421169	0.602358181497807
LOC100421171	-0.8023125220131302
LOC100421173	0.0
LOC100421306	-0.02048292378650446
LOC100421332	-0.3618969512171711
LOC100421419	0.971960089405323
LOC100421490	0.11723504953695138
LOC100421622	0.0
LOC100421646	0.44186601346556653
LOC100421669	0.0
LOC100421690	0.11723504953695138
LOC100421693	-0.2142171583463834
LOC100421787	-0.2142171583463834
LOC100421788	-0.2142171583463834
LOC100421868	0.8547245178218088
LOC100422022	0.0
LOC100422274	0.0
LOC100422296	0.2835625045875083
LOC100422368	0.031309615154778925
LOC100422438	-0.2793563265972666
LOC100422473	0.44186601346556653
LOC100422479	0.0
LOC100422510	0.8812932599821988
LOC100422556	-0.548900433935239
LOC100422564	0.0
LOC100422737	0.0
LOC100462988	-0.2142171583463834
LOC100499399	0.19373423455987895
LOC100499484-C9ORF174	0.2383954306278655
LOC100499489	-0.4688863912541441
LOC100505478	0.0
LOC100505524	0.0
LOC100505549	-0.3683924034293069
LOC100505585	0.7710992958138767
LOC100505622	-0.3850145694376545
LOC100505635	-0.4404155707959591
LOC100505658	0.0
LOC100505715	-1.2810997193074627
LOC100505736	0.7435752866587428
LOC100505771	0.34377098296468755
LOC100505841	-1.102237002085849
LOC100505912	0.24393318210864834
LOC100505918	-0.8023125220131302
LOC100505921	0.3612002100089209
LOC100505938	-0.07619517369158402
LOC100505942	0.3185039875702458
LOC100505984	0.45649858699556345
LOC100506022	-0.22308870873388642
LOC100506023	0.16105563009733892
LOC100506055	0.1747074955569543
LOC100506071	-1.314096962326591
LOC100506076	-1.5024935901702143
LOC100506082	0.8614349213026888
LOC100506083	0.23788242400198323
LOC100506098	1.2453792410625848
LOC100506100	0.5414748622482408
LOC100506113	0.6681953250146608
LOC100506123	-1.7818471371419067
LOC100506124	-0.13150199540260665
LOC100506127	-0.16083298375662913
LOC100506136	-0.3639306400352851
LOC100506142	-0.2445397490899488
LOC100506178	0.6908104414887712
LOC100506207	0.09623703729368005
LOC100506258	-0.6047976454528512
LOC100506302	0.4311828696427771
LOC100506321	-0.15518700893957638
LOC100506393	-0.402330260099496
LOC100506403	-0.4404155707959591
LOC100506476	-1.0569629892418384
LOC100506498	0.6908104414887712
LOC100506548	0.18694379591419974
LOC100506551	-0.5264371637390214
LOC100506569	1.1975534533270205
LOC100506603	-0.02299302101750289
LOC100506606	-0.7428108872415233
LOC100506639	0.13543934595894314
LOC100506675	-0.15768003152387017
LOC100506688	-0.4404155707959591
LOC100506691	-1.0829261285290699
LOC100506700	-0.2142171583463834
LOC100506730	0.28550132633929515
LOC100506746	-0.12844551142363514
LOC100506747	0.08894255751640034
LOC100506797	-0.3618969512171711
LOC100506801	0.8753741337235516
LOC100506804	0.3502258150660502
LOC100506844	0.1927678484069837
LOC100506869	0.349563106173343
LOC100506895	0.22764885511918312
LOC100506985	0.3314522078833348
LOC100506990	0.6414030615890578
LOC100507002	-0.4747209515768012
LOC100507006	0.9028343133120766
LOC100507053	0.42886047528820104
LOC100507065	0.44186601346556653
LOC100507071	0.32908018238683856
LOC100507144	0.09157871370473336
LOC100507250	-0.17008725353934118
LOC100507283	0.5195835246164806
LOC100507291	0.4908061376999644
LOC100507346	0.44186601346556653
LOC100507373	0.3779035044817771
LOC100507387	0.19373423455987895
LOC100507389	0.7914291196389095
LOC100507422	0.0
LOC100507424	-0.5825912071535129
LOC100507437	-0.7414835841175789
LOC100507477	-0.2142171583463834
LOC100507487	-0.7071909645688916
LOC100507506	1.350189064692446
LOC100507507	1.270199189029256
LOC100507534	-0.2142171583463834
LOC100507547	0.8271212028403943
LOC100507557	0.5836775483794838
LOC100507564	1.1875916337796883
LOC100507599	-0.16399650264692145
LOC100507600	-1.0878576195765937
LOC100507634	-0.15665526842058064
LOC100507639	0.7016573160778563
LOC100507642	0.5655093510646498
LOC100507670	0.7432549214398017
LOC100526841	-0.4404155707959591
LOC100528061	0.5729897472610788
LOC100533641	-0.2731143477685527
LOC100533707	-0.3618969512171711
LOC100533845	2.117096080582959
LOC100533853	-0.3850145694376545
LOC100630919	0.3314522078833348
LOC100630923	-0.44214773885583014
LOC100652758	0.12914920499066707
LOC100652768	0.8965119909396901
LOC100652813	0.349563106173343
LOC100652840	-0.4886662273346851
LOC100652999	-0.015341541765897304
LOC100653395	0.007534643642378658
LOC100884169	-0.2467156118391629
LOC100887080	-0.4030139789560385
LOC100996251	0.3446737228723511
LOC100996255	0.5734620353345701
LOC100996263	-0.4747209515768012
LOC100996325	0.26996116203817877
LOC100996338	-0.04622344256051103
LOC100996351	-1.301871585458638
LOC100996361	0.1353459478269596
LOC100996385	0.0
LOC100996419	0.5012470221696868
LOC100996437	0.043298394839146326
LOC100996447	0.577211961292526
LOC100996455	0.06896359723062295
LOC100996583	0.056851444027912035
LOC100996634	0.9917070655644306
LOC100996654	0.40065318214675033
LOC100996693	0.5498410520988639
LOC100996694	0.19373423455987895
LOC100996842	0.5682250723861344
LOC101027084	-0.5632338495196971
LOC101059915	-0.7469115206548255
LOC101060091	0.6014083605182154
LOC101060498	0.08894255751640034
LOC101060553	1.286620288018355
LOC101180897	0.4383844631355048
LOC101232810	-0.8366157274008583
LOC101409255	0.0
LOC101409256	-1.163410957537236
LOC101559451	0.4098998588861189
LOC101593348	-0.45897934281412933
LOC101926889	-0.23207045764838363
LOC101926897	0.3314522078833348
LOC101926898	-0.5193293766916485
LOC101926911	0.5958059952564656
LOC101926913	3.3537059442317356
LOC101926933	-0.48941801050530254
LOC101926935	1.0273094654846182
LOC101926941	0.4995301066109958
LOC101926942	-0.6546327291423425
LOC101926943	-0.2445468486402289
LOC101926944	1.6311675872299212
LOC101926948	-0.19128033487777554
LOC101926960	2.43040135629801
LOC101926963	0.4804136631811602
LOC101926964	-0.16816271665729213
LOC101927009	0.3314522078833348
LOC101927021	0.6255927786188522
LOC101927027	-0.22208614742994115
LOC101927040	-0.16816271665729213
LOC101927043	0.543297340733222
LOC101927045	-0.5332597489654853
LOC101927051	0.9116954693948656
LOC101927056	-0.053562361554319704
LOC101927066	-0.9473694575436031
LOC101927069	0.8845446760486503
LOC101927070	2.2637233630547113
LOC101927078	0.22416730478912136
LOC101927079	-0.8195007936242337
LOC101927087	0.22747479786077474
LOC101927100	-0.4346430796031413
LOC101927120	0.349563106173343
LOC101927124	-1.2578603254136196
LOC101927131	-0.4404155707959591
LOC101927143	0.19373423455987895
LOC101927151	-0.14507557782639502
LOC101927153	-0.34075528762134866
LOC101927157	0.6245132354443039
LOC101927164	0.5874282155370967
LOC101927166	0.0
LOC101927178	-0.09326604148038387
LOC101927179	0.2791056453649956
LOC101927181	-0.562634081597853
LOC101927189	-1.6186034125681674
LOC101927196	-1.312726519855799
LOC101927204	-0.08215802939198102
LOC101927211	0.37063467103353087
LOC101927237	0.7839953552575064
LOC101927243	0.19373423455987895
LOC101927257	0.349563106173343
LOC101927267	0.557040852195372
LOC101927272	0.7435752866587428
LOC101927278	0.4211560239378178
LOC101927284	-0.5663671153988403
LOC101927286	0.25058567858779107
LOC101927296	0.19373423455987895
LOC101927310	-0.3850145694376545
LOC101927314	-0.9341622604273838
LOC101927322	2.0958333082255183
LOC101927354	0.7954098918559265
LOC101927356	0.0740997073341374
LOC101927365	0.12097292874916121
LOC101927374	-0.36769246445629733
LOC101927379	-0.24668133623608016
LOC101927391	-0.7462323335240986
LOC101927402	0.76449402858294
LOC101927415	0.370691267029295
LOC101927419	-0.2142171583463834
LOC101927420	0.9901910748851854
LOC101927421	-0.2142171583463834
LOC101927437	0.4890235636233038
LOC101927446	0.31911836283950673
LOC101927447	0.0
LOC101927460	-0.4404155707959591
LOC101927468	0.44186601346556653
LOC101927476	1.017758431188004
LOC101927478	-0.24668133623608016
LOC101927482	-0.24668133623608016
LOC101927495	0.0
LOC101927497	0.8172323200397871
LOC101927550	-0.6859304199046168
LOC101927571	0.8056882577325721
LOC101927572	-0.5349414236001095
LOC101927575	0.6681953250146608
LOC101927588	2.039679623630039
LOC101927592	-0.3850145694376545
LOC101927596	0.0
LOC101927604	0.9211252548626181
LOC101927620	-0.24499965084761866
LOC101927623	-0.3618969512171711
LOC101927630	0.3843543299040336
LOC101927635	1.0357924934563205
LOC101927636	-0.2142171583463834
LOC101927653	0.0
LOC101927668	0.6838649097322667
LOC101927686	0.0
LOC101927697	0.349563106173343
LOC101927708	0.24291862164245137
LOC101927730	-0.08801331843529736
LOC101927740	0.349563106173343
LOC101927751	0.20394379799992368
LOC101927752	0.28950485180948826
LOC101927755	0.48704838071133905
LOC101927759	0.23136311843300472
LOC101927762	0.349563106173343
LOC101927765	1.0525108714426734
LOC101927768	-0.1760782517550048
LOC101927770	0.13758989265886257
LOC101927780	1.1496031126797888
LOC101927787	3.0782359548719658
LOC101927793	0.9851633541987885
LOC101927795	0.2582824126411456
LOC101927811	0.22764885511918312
LOC101927814	-0.4404155707959591
LOC101927817	0.7733182213489013
LOC101927827	0.349563106173343
LOC101927829	0.19373423455987895
LOC101927830	-1.6482331658942
LOC101927849	0.349563106173343
LOC101927851	0.7500629643712884
LOC101927854	0.19373423455987895
LOC101927859	0.0
LOC101927865	0.20327318047938636
LOC101927870	0.44186601346556653
LOC101927877	-0.6546327291423425
LOC101927884	0.19373423455987895
LOC101927895	0.11721439463700012
LOC101927905	-0.07987613417844841
LOC101927914	0.0
LOC101927919	0.3701387684424873
LOC101927932	0.3757305203428478
LOC101927948	0.0
LOC101927950	0.19373423455987895
LOC101927954	0.8679166315572433
LOC101927960	2.5415953655556844
LOC101927964	0.44186601346556653
LOC101927967	-0.4747209515768012
LOC101927969	0.19373423455987895
LOC101927974	0.5600760523524748
LOC101927989	-0.3268084639282174
LOC101928002	0.5268168328628693
LOC101928008	0.011359007291663836
LOC101928012	0.349563106173343
LOC101928020	-0.9412110727183896
LOC101928021	-0.4708603141297954
LOC101928034	2.242044066971981
LOC101928035	0.0
LOC101928042	0.48572524968158604
LOC101928052	0.0
LOC101928053	-0.8871294371183174
LOC101928058	-0.2142171583463834
LOC101928063	0.37840948455231427
LOC101928068	-0.631233633890155
LOC101928069	1.2142287409710963
LOC101928098	0.7879475693088477
LOC101928100	-1.0662888156697914
LOC101928103	0.607132562638629
LOC101928105	-1.2174730327551517
LOC101928111	0.9149777462778925
LOC101928118	0.11723504953695138
LOC101928120	-0.051618913803576305
LOC101928126	1.5019051741711147
LOC101928132	-0.8023125220131302
LOC101928135	0.0
LOC101928137	0.48850999140120555
LOC101928140	0.5258110275502085
LOC101928143	0.35256247417855624
LOC101928149	-0.5992317277840379
LOC101928150	0.5182425928857894
LOC101928160	0.6072607678358889
LOC101928163	0.543297340733222
LOC101928166	-0.2472719008346056
LOC101928191	-1.1154043651244554
LOC101928201	0.19373423455987895
LOC101928222	1.7901786128149773
LOC101928238	0.0
LOC101928253	0.349563106173343
LOC101928269	-0.3850145694376545
LOC101928272	0.28318075557700634
LOC101928273	0.0
LOC101928279	-0.010728940303767587
LOC101928280	-0.2142171583463834
LOC101928283	0.1353459478269596
LOC101928303	-0.053562361554319704
LOC101928306	0.19373423455987895
LOC101928307	-0.4404155707959591
LOC101928323	-0.11523847553894484
LOC101928324	-0.5608507758610091
LOC101928336	0.19373423455987895
LOC101928371	0.23915655934187963
LOC101928372	0.44186601346556653
LOC101928386	-0.2969036486853156
LOC101928402	0.44723327464040885
LOC101928403	0.059698985283185735
LOC101928404	0.0
LOC101928414	-0.2872829987209553
LOC101928424	-0.28074671128855266
LOC101928429	1.1583123095168624
LOC101928433	0.7172116748908666
LOC101928436	-1.2623528952192555
LOC101928437	0.19373423455987895
LOC101928438	0.09602943036209499
LOC101928445	0.9891962616087124
LOC101928461	0.8608319280900822
LOC101928464	0.7819520018334583
LOC101928504	0.5013473562833366
LOC101928505	0.0
LOC101928509	0.14434355887470496
LOC101928516	0.19373423455987895
LOC101928517	0.657762280447626
LOC101928519	0.44186601346556653
LOC101928525	0.055863119748585155
LOC101928535	-0.2142171583463834
LOC101928540	0.349563106173343
LOC101928580	0.0
LOC101928583	-0.3618969512171711
LOC101928595	0.6685265443054228
LOC101928597	-0.2142171583463834
LOC101928617	0.5017462856761534
LOC101928650	-0.03242768501632298
LOC101928651	-0.46089849458246357
LOC101928659	0.08223215403552009
LOC101928682	0.1353459478269596
LOC101928696	0.1353459478269596
LOC101928725	-0.6723615929312816
LOC101928728	0.8094881237005644
LOC101928730	0.349563106173343
LOC101928737	-0.31545500989061337
LOC101928739	0.0
LOC101928767	0.19810501824155224
LOC101928782	-0.2142171583463834
LOC101928797	0.6810153140566778
LOC101928809	0.10091521288042404
LOC101928823	0.19373423455987895
LOC101928837	-0.5174399883399339
LOC101928841	0.9184592966079543
LOC101928844	0.349563106173343
LOC101928858	0.0
LOC101928861	-0.5992317277840379
LOC101928865	-0.20674457524850842
LOC101928882	-0.2142171583463834
LOC101928885	0.349563106173343
LOC101928887	0.19373423455987895
LOC101928894	0.349563106173343
LOC101928896	-0.2142171583463834
LOC101928902	0.19373423455987895
LOC101928907	0.19373423455987895
LOC101928911	0.0
LOC101928936	-0.05142178334562819
LOC101928942	0.44186601346556653
LOC101928943	0.6748821611029876
LOC101928977	0.5621541267456309
LOC101928978	0.0
LOC101929002	0.0
LOC101929006	0.0
LOC101929054	0.3065560605766269
LOC101929057	-0.17024525035555627
LOC101929064	0.3314522078833348
LOC101929066	1.173506564324847
LOC101929076	-0.2142171583463834
LOC101929089	0.5117913468207718
LOC101929095	1.855446217386299
LOC101929099	0.45305686460214645
LOC101929128	-0.2895376167839956
LOC101929134	0.18976349481310062
LOC101929140	0.25156258100606266
LOC101929147	-0.12980908524558465
LOC101929151	0.7203789503451864
LOC101929154	0.19373423455987895
LOC101929159	0.0
LOC101929162	-0.19629367504276818
LOC101929163	-0.301054641607724
LOC101929188	0.5236495997382064
LOC101929199	0.6670761016358153
LOC101929210	-0.07666818589434732
LOC101929224	-0.017325757273173537
LOC101929227	-0.8254301402336136
LOC101929229	0.30289985474076453
LOC101929231	0.21854520655807752
LOC101929234	0.5346019758700442
LOC101929241	0.543297340733222
LOC101929243	0.3495896564201564
LOC101929295	0.44186601346556653
LOC101929297	0.19373423455987895
LOC101929340	0.19373423455987895
LOC101929352	0.6908104414887712
LOC101929372	0.08495081939730287
LOC101929380	0.0
LOC101929412	-0.8023125220131302
LOC101929415	0.0
LOC101929427	-0.6540797477711559
LOC101929431	-1.1591582074476015
LOC101929439	0.7441803351866214
LOC101929445	0.33707433642208806
LOC101929452	0.19373423455987895
LOC101929457	0.349563106173343
LOC101929464	-0.22616122563870755
LOC101929468	0.2181699581794181
LOC101929512	-0.10089832664232201
LOC101929516	-0.004508680760530126
LOC101929523	0.7463314040801166
LOC101929524	0.9934213319706329
LOC101929529	0.349563106173343
LOC101929532	0.3314522078833348
LOC101929536	0.14980028837132942
LOC101929541	1.094679289236155
LOC101929544	0.7425730215591839
LOC101929549	-0.6546327291423425
LOC101929551	0.38167833544157176
LOC101929552	0.19373423455987895
LOC101929555	-1.8214268440479813
LOC101929574	0.16660207496345603
LOC101929577	-0.7714709910081092
LOC101929579	-0.5960644946593749
LOC101929592	0.1094254813029048
LOC101929595	0.5009697357707239
LOC101929626	-0.8434771534114369
LOC101929634	0.1353459478269596
LOC101929657	0.7043730373610896
LOC101929679	0.18140038951605092
LOC101929680	0.07996906224839545
LOC101929698	-0.6546327291423425
LOC101929705	1.1326449763952153
LOC101929709	-0.17917359578480152
LOC101929710	-0.8720884622976011
LOC101929715	1.8031448656530515
LOC101929718	-0.9192450159183825
LOC101929719	1.4543657290323717
LOC101929741	0.15733970348470283
LOC101929748	1.5264839961337402
LOC101929762	-0.9770680840052859
LOC101929767	-1.025192868865985
LOC101929882	-0.5410573650577959
LOC101929897	-0.46071854683241525
LOC101930010	0.42138308967906213
LOC101930085	0.33770504984859695
LOC101930114	1.3069202237326443
LOC101930370	0.40760665582946576
LOC101930452	0.8496280444981759
LOC102030688	0.0
LOC102031319	0.44186601346556653
LOC102467081	-0.2142171583463834
LOC102467225	0.6681953250146608
LOC102467226	-0.39048694455131017
LOC102546229	0.0
LOC102546294	-0.3196845912845838
LOC102546299	-0.4404155707959591
LOC102606465	1.0565576893076463
LOC102723322	0.31911836283950673
LOC102723335	-0.4747209515768012
LOC102723354	0.35856071722108834
LOC102723385	1.6006820998065217
LOC102723427	0.4383844631355048
LOC102723439	-0.3810697922620684
LOC102723493	0.1353459478269596
LOC102723517	-0.4747209515768012
LOC102723526	-0.3614740687977456
LOC102723557	0.3309872147778292
LOC102723566	-1.324331012774424
LOC102723582	0.24693737249502146
LOC102723640	0.2960007446190233
LOC102723665	0.060403667331692557
LOC102723672	0.18842544353780966
LOC102723692	0.349563106173343
LOC102723701	1.298175239637526
LOC102723703	0.2439552293210956
LOC102723704	0.12333981610478695
LOC102723727	0.9851633541987885
LOC102723729	0.10093361450441218
LOC102723753	-0.4404155707959591
LOC102723766	1.5759312749907164
LOC102723778	0.19373423455987895
LOC102723809	0.2545642615512844
LOC102723824	1.2054653521796868
LOC102723831	0.19373423455987895
LOC102723885	0.04011597701457914
LOC102723886	-0.22451672706111425
LOC102723895	-0.3850145694376545
LOC102724009	-1.5516459150340687
LOC102724020	0.0
LOC102724025	0.19373423455987895
LOC102724050	0.05533411300822255
LOC102724064	-0.509376534397529
LOC102724084	0.3314522078833348
LOC102724094	0.2527360122431701
LOC102724096	0.5498410520988639
LOC102724156	-0.9467113306699739
LOC102724297	1.882090287502369
LOC102724301	-1.8011660931847
LOC102724323	-0.03545146326431148
LOC102724345	-1.1137356637332505
LOC102724360	1.3035660892488838
LOC102724404	-0.9524603994057583
LOC102724434	0.0
LOC102724437	-0.4404155707959591
LOC102724450	0.7285647556550963
LOC102724467	-0.05460032901878087
LOC102724511	0.6681953250146608
LOC102724532	-0.48284453002820005
LOC102724552	0.31911836283950673
LOC102724580	0.19373423455987895
LOC102724589	-0.7634498056146393
LOC102724593	0.0
LOC102724596	0.7728643531085782
LOC102724601	-0.03044474333383629
LOC102724623	0.0
LOC102724691	-0.18755728599320176
LOC102724708	0.746156118585465
LOC102724814	-0.8200650015778166
LOC102724874	-0.3850145694376545
LOC102724908	3.043163297921498
LOC102724919	0.7344989644877633
LOC102724927	-0.27304839627735134
LOC102724957	-0.5992317277840379
LOC102725022	1.7164456673265873
LOC102725191	0.09486434992080062
LOC102725254	0.3314522078833348
LOC102929163	-1.196259492777722
LOC103047893	0.22416730478912136
LOC103344931	-0.35955088301734595
LOC103689914	0.5233023511363164
LOC103908605	1.426575057020426
LOC104968399	0.3288772613940587
LOC105274304	-0.4207955047743672
LOC105369192	1.5717001143524576
LOC105369332	-0.21624826600683772
LOC105369340	1.2068325490996936
LOC105369431	0.0764875119183337
LOC105369438	-0.3036200409589984
LOC105369632	0.4982974049232646
LOC105369635	0.3314522078833348
LOC105369691	0.349563106173343
LOC105369723	0.0
LOC105369747	0.3314522078833348
LOC105369781	-1.1621051831377793
LOC105369785	0.4383844631355048
LOC105369921	0.0
LOC105370177	1.1340883907697972
LOC105370203	0.30032154645849296
LOC105370306	0.0
LOC105370489	-0.3231805212590077
LOC105370526	0.3745443408605058
LOC105370622	0.0
LOC105370802	0.5103507843737387
LOC105370888	-0.05249474752711514
LOC105370941	-0.20424369217483918
LOC105370943	-0.5083353367647918
LOC105371038	-1.063782091832594
LOC105371046	0.21736700130422393
LOC105371049	-0.2142171583463834
LOC105371083	0.4448395936131673
LOC105371267	0.07996906224839545
LOC105371335	0.19373423455987895
LOC105371430	0.349563106173343
LOC105371433	-0.5080813343967638
LOC105371592	0.8976107956582879
LOC105371730	0.7599849655034752
LOC105371795	-0.2142171583463834
LOC105371814	-1.0474537025545572
LOC105371849	-0.2785517241491431
LOC105371925	0.13904351374850954
LOC105371998	0.6633242291119172
LOC105372069	0.543297340733222
LOC105372273	-0.4404155707959591
LOC105372383	0.44186601346556653
LOC105372397	0.0
LOC105372419	-0.03384326239056146
LOC105372440	0.5953164333031182
LOC105372476	0.09521308592262301
LOC105372480	0.389342783019897
LOC105372483	-1.0079742909362674
LOC105372493	0.25694730134316934
LOC105372582	0.636429516391597
LOC105372653	-1.1182421661420086
LOC105372672	-0.4404155707959591
LOC105372795	0.5362588242499076
LOC105372833	-0.6663827405266808
LOC105373021	-0.012333845043828062
LOC105373031	0.07793795458794117
LOC105373185	-0.2142171583463834
LOC105373378	0.19373423455987895
LOC105373383	1.3492106390713385
LOC105373562	0.9334851073741286
LOC105373656	-0.08163403553964388
LOC105373805	0.6468069797544675
LOC105374060	-0.03545146326431148
LOC105374205	0.0
LOC105374297	-0.3618969512171711
LOC105374313	0.44186601346556653
LOC105374366	0.548117949806131
LOC105374428	0.19373423455987895
LOC105374546	0.6329748234230692
LOC105374693	-0.2142171583463834
LOC105374952	-0.08606299875695278
LOC105374972	0.44186601346556653
LOC105374988	0.06857638915642078
LOC105375218	1.6565410658219228
LOC105375304	-1.0046561758761692
LOC105375429	-0.19128033487777554
LOC105375504	0.0
LOC105375545	0.2577371433976272
LOC105375713	0.3314522078833348
LOC105375744	0.6810153140566778
LOC105376114	-0.048761384892944015
LOC105376271	-0.3618969512171711
LOC105376306	0.09340159357013755
LOC105376351	0.0
LOC105376360	0.8845446760486503
LOC105376554	0.19373423455987895
LOC105376575	-0.20337205907657285
LOC105376671	0.46679815571029437
LOC105376736	-0.094666460118348
LOC105376805	1.3911911802198345
LOC105376975	0.9553705771231342
LOC105377102	-0.570118285224253
LOC105377143	0.349563106173343
LOC105377213	0.0
LOC105377267	1.3441725914806484
LOC105377348	0.011926375116757981
LOC105377448	0.1893658798922373
LOC105377621	0.1757448882410131
LOC105377623	0.30427425050047674
LOC105377763	-0.724563420792383
LOC105377975	0.44186601346556653
LOC105378385	-0.8364356577814984
LOC105378663	0.8832967939726124
LOC105378683	-0.7347820446264688
LOC105378828	0.8058043594039046
LOC105378853	-0.8025493982310894
LOC105379143	-0.08362352013927454
LOC105379176	-0.7517192220702777
LOC105379183	0.19373423455987895
LOC105379252	0.0
LOC105379393	0.3314522078833348
LOC105447645	0.225388431160505
LOC105616981	0.27614240593951367
LOC105747689	-0.03585378555772056
LOC106660606	-0.27827848967847935
LOC106699570	-0.05142178334562819
LOC107001062	0.0
LOC107133515	0.16419368874495266
LOC107985033	-0.3850145694376545
LOC108783645	0.6908104414887712
LOC108783654	-0.8702618436714689
LOC115110	1.4417630409803266
LOC143666	-0.27994141675617157
LOC145694	0.9556119016466134
LOC145783	-0.5200828840547453
LOC145845	-0.4404155707959591
LOC146253	0.6681953250146608
LOC148413	0.013859071636707299
LOC148430	-0.17156123571401738
LOC148696	0.0
LOC149684	0.35856071722108834
LOC149844	-0.3053903391631576
LOC149935	0.5498410520988639
LOC150417	0.3314522078833348
LOC150776	-0.4012731750809966
LOC150935	0.0
LOC151174	0.349563106173343
LOC151457	1.0756520796490723
LOC151484	0.0
LOC152594	-0.4404155707959591
LOC152845	0.0
LOC153684	-0.047502976872343616
LOC154761	0.07923319362593517
LOC155060	-0.05889092283506869
LOC158434	0.19373423455987895
LOC158435	0.29962751648555885
LOC158948	0.0
LOC171391	0.41183227698501934
LOC202181	-0.027912646338901226
LOC220077	0.349563106173343
LOC220729	0.03578558540679211
LOC221946	-0.4404155707959591
LOC246784	0.19373423455987895
LOC254028	-0.4404155707959591
LOC254896	0.6275906004034679
LOC255308	0.27896996513979033
LOC256374	-0.8770512116762972
LOC256880	1.1555466379052932
LOC257396	0.6409802637214472
LOC260422	-0.10566915325209258
LOC283028	0.1915007755537128
LOC283045	0.0
LOC283140	-0.06004482580320314
LOC283194	-1.6419962447569507
LOC283335	0.015279598660491445
LOC283440	0.6237949759807244
LOC283575	0.9851633541987885
LOC283683	0.44186601346556653
LOC283856	-0.3618969512171711
LOC283922	-0.11735145800338387
LOC284009	-0.7889954626935394
LOC284023	0.1350234557227008
LOC284241	0.37086843838586425
LOC284412	1.3927098268374536
LOC284441	0.5249265813211943
LOC284454	0.8615184310114952
LOC284581	-1.0513973099643354
LOC284685	-0.40324531347764936
LOC284865	-0.3618969512171711
LOC284930	0.1094254813029048
LOC285074	-0.19630701347218604
LOC285442	0.1116048046586009
LOC285591	0.9710878134833509
LOC285626	0.5557397697776816
LOC285696	1.6007836742817
LOC285697	-0.34034508237471695
LOC285819	-0.2385912664101577
LOC285847	0.19373423455987895
LOC286059	-0.24668133623608016
LOC286178	1.1118339038445002
LOC286359	-0.02048292378650446
LOC317727	-0.2142171583463834
LOC338694	0.0
LOC338797	0.0
LOC339166	-0.2142171583463834
LOC339298	0.44186601346556653
LOC339352	-0.6085782874532513
LOC339529	-0.2142171583463834
LOC339539	0.3133625652334925
LOC339803	-0.9038671749900828
LOC339862	-0.5295799268433568
LOC339874	-0.7442009955129052
LOC339975	0.349563106173343
LOC340512	0.3314522078833348
LOC341056	-0.2142171583463834
LOC343052	-0.2142171583463834
LOC344382	0.0
LOC344967	0.5495188303533436
LOC349160	-0.5960644946593749
LOC374443	-0.014772732574057201
LOC387820	0.0
LOC388104	0.349563106173343
LOC388248	0.0
LOC388282	0.0
LOC388692	0.6971537804783399
LOC388734	0.0764875119183337
LOC388780	1.3758723680745621
LOC388813	0.0
LOC388955	0.9030502275109493
LOC388996	0.44186601346556653
LOC389247	0.5097452068375565
LOC389473	0.19036386966617513
LOC389641	0.2278038811076044
LOC389765	0.011841101745795335
LOC389842	-0.475108239842875
LOC389906	-0.3817422578662928
LOC390029	0.19373423455987895
LOC390332	-0.3850145694376545
LOC390617	0.24291862164245137
LOC390739	0.0
LOC390791	0.6681953250146608
LOC390806	0.0
LOC390876	0.3356238937524805
LOC390877	0.0
LOC390933	-0.8874449962706183
LOC391136	0.349563106173343
LOC391322	0.30340125871470813
LOC391334	-0.02048292378650446
LOC391448	0.0
LOC391532	0.0
LOC391566	-0.09085246462261609
LOC391587	-0.2142171583463834
LOC392266	0.5498410520988639
LOC392352	0.19373423455987895
LOC392485	-0.3850145694376545
LOC392489	-0.059778975830051984
LOC399715	0.3513159364951908
LOC400002	-0.45122838579420876
LOC400043	-0.3618969512171711
LOC400061	0.19373423455987895
LOC400347	0.5498410520988639
LOC400446	0.0035763881046175783
LOC400464	-0.3901586031897244
LOC400541	-0.29510611308075063
LOC400655	0.0
LOC400684	-0.051884317297701266
LOC400706	-0.2142171583463834
LOC400710	-2.3215466307231623
LOC400750	-0.9579614458765461
LOC400794	0.31159386920382504
LOC400867	1.0383843748029704
LOC400927	0.1653645190026447
LOC400927-CSNK1E	0.26336400832579354
LOC400958	1.224940855392413
LOC401127	-0.07433214361439777
LOC401218	0.3314522078833348
LOC401320	-0.4184661557864988
LOC401324	0.5258110275502085
LOC401554	0.0
LOC401585	0.5996362739120786
LOC401677	-0.6546327291423425
LOC402213	-0.3850145694376545
LOC402230	-0.2142171583463834
LOC402644	0.0
LOC403312	0.0
LOC403323	0.206854966483478
LOC407835	0.0
LOC414300	0.5604350897225081
LOC439933	0.19373423455987895
LOC440028	-0.3375264464741612
LOC440040	0.0
LOC440173	0.0
LOC440300	-1.154815039378251
LOC440434	-0.6992289026299199
LOC440514	-2.261667501489399
LOC440600	0.3008617336012289
LOC440700	-0.2515645303522871
LOC440792	-0.2124045738584034
LOC440896	0.5382465689948739
LOC440934	2.5482600140235228
LOC441081	-0.13771598553051057
LOC441155	-0.7232534477232876
LOC441204	0.23334913821001146
LOC441228	0.0
LOC441242	-0.43156299005957344
LOC441454	-0.01745958898819122
LOC441488	-0.3618969512171711
LOC441666	-0.21276671567677596
LOC441711	0.349563106173343
LOC441904	-1.2046427821126262
LOC441914	0.19373423455987895
LOC442028	0.6356002480254456
LOC442113	-0.02048292378650446
LOC442132	0.5498410520988639
LOC442155	-0.18497726797878933
LOC442244	-0.4404155707959591
LOC442272	0.0
LOC442292	0.0
LOC442517	0.0
LOC442603	0.0
LOC442727	0.16491988164569815
LOC494141	1.168370642305992
LOC51145	-0.053562361554319704
LOC550113	0.14668102400229432
LOC553103	-0.3364070444176086
LOC553939	0.14809011264402372
LOC554206	-0.30312798222136683
LOC606724	-0.22798524271384668
LOC613266	0.19373423455987895
LOC641378	0.0
LOC642355	0.0
LOC642361	0.2603402193118587
LOC642474	0.30629837379748975
LOC642496	1.3267917258922692
LOC642502	0.6283642953920818
LOC642590	0.19373423455987895
LOC642846	-0.6695077830446099
LOC642852	0.5954990815880246
LOC642929	0.19373423455987895
LOC642969	-0.7075060900809196
LOC643015	0.1921973918548716
LOC643058	0.4067323174170976
LOC643072	0.4770905950160458
LOC643167	-0.8805998988730642
LOC643201	-0.8555249674211101
LOC643339	0.6870443774036543
LOC643373	-0.29803047227215007
LOC643387	1.0219483447015085
LOC643406	0.175511678610917
LOC643542	-0.02048292378650446
LOC643576	-0.9007331385972404
LOC643630	1.6534813674827755
LOC643634	-0.0733110933321135
LOC643711	-0.19128033487777554
LOC643733	0.5498410520988639
LOC643770	-0.5376538659478667
LOC643802	1.5851240138285512
LOC644006	-1.0477541558767902
LOC644145	0.0
LOC644169	-0.5081474155085366
LOC644261	-0.49900547299573317
LOC644285	-1.536952625057065
LOC644295	0.20899139319687077
LOC644422	0.19373423455987895
LOC644456	0.42138308967906213
LOC644462	-1.0510961423475134
LOC644525	-0.2142171583463834
LOC644563	-0.4747209515768012
LOC644656	-0.31724325734855263
LOC644794	0.4806118105634809
LOC644906	0.0
LOC644919	0.0
LOC645086	0.6356002480254456
LOC645135	-0.2142171583463834
LOC645139	0.15627593625014313
LOC645177	-0.395897971811875
LOC645324	-0.6663827405266808
LOC645357	0.25771904881823593
LOC645485	-0.427025455843841
LOC645513	-0.3082174765360497
LOC645749	0.07996906224839545
LOC645967	1.022262649372106
LOC645969	-0.4404155707959591
LOC646030	-1.5455479604649498
LOC646044	-0.9309950273027208
LOC646203	0.349563106173343
LOC646214	0.24334472390694728
LOC646347	-0.04939067568517397
LOC646471	-0.32728253443696254
LOC646548	0.349563106173343
LOC646555	-0.10896336291262432
LOC646616	-0.3850145694376545
LOC646626	-0.17746038082960736
LOC646644	1.1343310784580705
LOC646665	-1.9195046336013157
LOC646708	-0.24668133623608016
LOC646736	0.0
LOC646762	-0.19765303236118292
LOC646797	0.0
LOC646828	0.0
LOC646890	0.17135039246245776
LOC646903	0.5429935036267828
LOC646938	-0.0530270150481722
LOC647132	0.056851444027912035
LOC647145	-0.20361417992160347
LOC647150	0.5498410520988639
LOC647481	0.3492136839013501
LOC648774	-0.4404155707959591
LOC648987	0.2309941829436113
LOC649873	-0.2142171583463834
LOC650226	-0.2142171583463834
LOC650866	0.6356002480254456
LOC651644	0.4383844631355048
LOC652276	-0.46696721427162924
LOC653155	0.6356002480254456
LOC653160	0.10554413562222287
LOC653406	-0.6597906229516646
LOC653631	-0.8254301402336136
LOC653653	0.5432231402947432
LOC653698	-0.5960644946593749
LOC653712	-0.10325329665620231
LOC653786	0.32908018238683856
LOC654841	0.5044338902264824
LOC724084	-0.8837008917618235
LOC727751	-0.7684134138679497
LOC727919	-0.14452669969982368
LOC727930	0.0
LOC727993	1.2114926657478828
LOC728024	-0.3373025581398422
LOC728084	1.0267560422357493
LOC728138	0.5758973286753158
LOC728175	-0.737882795683234
LOC728376	0.19373423455987895
LOC728392	0.0
LOC728417	0.10381846010477425
LOC728424	-0.2142171583463834
LOC728470	-0.4376894429873186
LOC728485	-2.4407319006485935
LOC728488	-0.6546327291423425
LOC728506	0.44186601346556653
LOC728519	0.19644708618368956
LOC728533	0.11723504953695138
LOC728554	-0.021250574022360524
LOC728613	0.06224417161891571
LOC728673	0.6617754718024962
LOC728715	-0.2787235311818499
LOC728730	-0.5205549957203122
LOC728739	0.2971181490319399
LOC728743	-0.2532356777471083
LOC728752	-0.34458659768267186
LOC728825	-0.484473087862086
LOC728989	0.1740864935648634
LOC729057	0.44186601346556653
LOC729080	0.7914291196389095
LOC729086	-0.5992317277840379
LOC729218	-0.06403191829245891
LOC729224	0.6298101143472594
LOC729296	-0.05875141587932475
LOC729317	0.4339494517667406
LOC729496	-0.4154593127714907
LOC729557	-0.22451672706111425
LOC729609	-0.3975284054447392
LOC729652	-1.1488983210402135
LOC729674	-0.02048292378650446
LOC729683	-0.09382373831229085
LOC729732	0.31660694775657916
LOC729737	0.34919639210101394
LOC729739	0.0
LOC729835	0.0
LOC729839	-0.6512007273301625
LOC729867	-0.549929712149648
LOC729930	0.7609843763050732
LOC729945	0.0
LOC729973	-0.3050696229689995
LOC730069	0.4096797755765551
LOC730098	0.9052988550176981
LOC730100	-0.5992317277840379
LOC730101	-0.0943530523712024
LOC730102	-0.29250505294338947
LOC730110	0.19373423455987895
LOC730183	0.6801902852876531
LOC730202	0.2827528216236712
LOC730234	-0.04227953561669118
LOC731157	0.6094580896602737
LOC731755	0.1582827712955675
LOC751837	-0.2142171583463834
LOC777650	0.19373423455987895
LOC791096	0.0
LOC81691	0.06502858757200691
LOC90246	1.088670172625657
LOC90784	-0.352943269795162
LOC91450	-0.10247065511264686
LOC93463	0.0
LOC93622	-0.19970990211603912
LOH12CR2	0.5725723723809706
LONP1	-0.21759473644334193
LONP2	-0.1279787112914068
LONRF1	0.2722958979436889
LONRF2	0.6783215715111819
LONRF3	0.2558866101703945
LOX	-0.4668727644329147
LOXHD1	0.11723504953695138
LOXL1-AS1	0.0
LOXL2	0.6182309275489715
LOXL3	0.8119523349387068
LOXL4	1.411770611673404
LPA	0.349563106173343
LPAL2	0.0732055406072023
LPAR1	0.5293581283123594
LPAR2	0.11257037636091027
LPAR3	0.44186601346556653
LPAR4	-0.13972668720426906
LPAR5	2.271871303107576
LPAR6	-0.47264850596680186
LPCAT1	-0.057794618196219005
LPCAT2	0.4680312051362385
LPCAT3	0.03935344622872705
LPCAT4	-0.27179008566988294
LPGAT1	-0.4692083016282087
LPIN1	0.0068108291748423255
LPIN2	0.04458018998859359
LPIN3	-0.46089849458246357
LPL	-6.413027066910902
LPO	-0.01869988060702621
LPP	-0.09746276002185894
LPP-AS2	0.247662616957129
LPXN	0.2699242362716454
LRAT	1.1089421151013819
LRBA	-0.07239155521879859
LRCH1	-0.12201764154620776
LRCH3	0.10996301764197547
LRCH4	0.19868886098453942
LRFN1	1.0854539621789452
LRFN3	-1.5060484282130218
LRFN4	0.20858730462689312
LRFN5	-0.20154959250887572
LRG1	3.294658592369212
LRGUK	-0.12952178104771805
LRIF1	-0.023308118737867645
LRIG1	-0.9034490475495844
LRIG2	0.015248945265541991
LRIG3	-1.3226968452597792
LRIT1	-0.2142171583463834
LRIT3	-0.5252383041714488
LRMP	-0.02752578307378073
LRP1	0.2782773382126731
LRP10	0.20672635430429054
LRP11	0.3408160407519425
LRP12	-1.586240667506385
LRP1B	0.0
LRP2	-0.2142171583463834
LRP2BP	0.7420146399893195
LRP3	0.27781670493304844
LRP4	-0.2393830661618317
LRP4-AS1	0.0225269168258162
LRP5	0.25166933131618485
LRP5L	-0.48411878294861843
LRP6	-0.39875488976411866
LRP8	0.03943269538974725
LRPAP1	0.4926468212957733
LRPPRC	-0.16542058899037926
LRR1	-0.11163870776811358
LRRC1	0.0056560287149540756
LRRC10B	0.8213713816432671
LRRC14	0.2316303126234871
LRRC15	0.19373423455987895
LRRC17	-0.32713367909079105
LRRC18	0.4006302439066145
LRRC2	0.0
LRRC2-AS1	-0.5946140519897674
LRRC20	-0.4968768230245235
LRRC23	-0.8108570074610633
LRRC24	-0.3829523092045808
LRRC25	1.184439907484497
LRRC26	1.0955221909079162
LRRC27	0.3564814018832898
LRRC28	-0.14540363829281766
LRRC29	0.5693329362101593
LRRC34	-0.11902177301720762
LRRC36	0.5258110275502085
LRRC37A	-0.8155759140918626
LRRC37A16P	-0.7062158534428522
LRRC37A17P	-0.5050535310773396
LRRC37A2	-0.5935432907792872
LRRC37A3	0.5037630487757099
LRRC37A4P	-0.8337706664733346
LRRC37A5P	0.4383844631355048
LRRC37A8P	-1.1649639533338458
LRRC37A9P	-0.8314155117904917
LRRC37B	-1.0931689384296588
LRRC38	0.0
LRRC39	0.029652878211757994
LRRC4	-0.2142171583463834
LRRC40	-0.16114103041174133
LRRC41	0.5985082926854144
LRRC42	0.18704641873850747
LRRC43	-2.3239799625447715
LRRC45	-0.2675060693858411
LRRC46	-1.456258748801846
LRRC47	0.12351483533347896
LRRC49	-2.349904043048706
LRRC4B	0.349563106173343
LRRC4C	-0.5471568214031025
LRRC56	0.3431768529620749
LRRC57	0.08864220618964147
LRRC58	-0.3181215314823582
LRRC59	-0.20640877952534709
LRRC6	-0.34077489856283005
LRRC63	0.2728977841055471
LRRC66	-0.7248268098048389
LRRC69	-0.252947686811793
LRRC7	1.0152121607421514
LRRC71	0.0
LRRC72	0.0
LRRC73	0.349563106173343
LRRC74B	-0.2142171583463834
LRRC75A	-0.31149636765315813
LRRC75A-AS1	-0.07083001715164272
LRRC8A	-0.15447993007503058
LRRC8B	-0.16870568293853516
LRRC8C	-0.09870013372348652
LRRC8D	-0.15303249045100387
LRRC9	-0.3850145694376545
LRRCC1	0.009104273601938218
LRRD1	0.14281233738071575
LRRFIP1	0.10951592844774005
LRRFIP2	-0.13154328039381724
LRRIQ3	-0.23070115785794432
LRRIQ4	-0.22430241583742472
LRRK1	0.23851963652518293
LRRK2	-0.43888500450758006
LRRN2	0.349563106173343
LRRN3	-0.2142171583463834
LRRN4CL	-1.041907722538675
LRRTM2	0.7607792650840844
LRRTM3	0.0
LRSAM1	-0.3422295119895047
LRTM1	-0.2142171583463834
LRTM2	0.39261666029351305
LRTOMT	0.01977315998737783
LRWD1	0.34209268435512996
LSAMP	-0.14326874369346643
LSG1	-0.07935183210701169
LSM1	0.1584343899397851
LSM10	0.4263964826132778
LSM11	-0.43188866474472754
LSM12	-0.8410709000115997
LSM12P1	-0.19312617720264025
LSM14A	-0.11304333803587774
LSM14B	-0.5947937127849112
LSM2	-0.05376054263669516
LSM3	-0.09816207532947274
LSM4	0.011568006229232708
LSM5	0.0268934155428866
LSM6	-0.06556694970334576
LSM7	0.25037263572197155
LSM8	-0.21423688086492554
LSMEM1	0.2494885827659168
LSMEM2	0.6810153140566778
LSP1	1.9682685661110453
LSR	0.06896359723062295
LSS	0.6479642556883078
LST1	1.1517028532633855
LTA	0.6810153140566778
LTA4H	-0.4500270596776961
LTB	0.5803991887941171
LTB4R	-0.34017472099486845
LTB4R2	-0.9441050118299295
LTBP1	4.930120370333908
LTBP2	0.4722260923432504
LTBP3	0.2615074726412221
LTBP4	-0.46819619749327046
LTBR	0.09923296624175393
LTC4S	0.6654446239338596
LTF	0.736982106446425
LTK	-0.41400887010188325
LTN1	0.038195293158425514
LTV1	-0.0887109373410393
LUADT1	0.006898270287781116
LUC7L	-0.399548594472634
LUC7L3	-0.32602845072395326
LUCAT1	1.2976388387032625
LUM	0.30344854038600033
LUNAR1	-0.9105547358987027
LURAP1L	-0.6663827405266808
LURAP1L-AS1	-0.3850145694376545
LUZP1	-0.2888792612809876
LUZP2	0.348951206406777
LVCAT1	-0.6546327291423425
LVCAT5	-0.09085246462261609
LVCAT8	-0.4770932985830987
LVRN	0.3705820037033165
LXN	-0.21048869559951466
LY6E	0.573980130797402
LY6G5B	-0.45816750122650074
LY6G5C	-0.13623775336742128
LY6G6C	0.543297340733222
LY6G6E	0.0
LY6G6F	0.19373423455987895
LY75-CD302	0.22416730478912136
LY86	-0.19128033487777554
LY86-AS1	1.227245859854877
LY9	-0.47264850596680186
LY96	0.3548899732800379
LYAR	0.012790807384414293
LYG1	-0.298417062259817
LYG2	-0.08352962277143505
LYL1	0.16704116470102903
LYN	0.48601720526380277
LYPD3	-0.6083983397032031
LYPD4	-0.4404155707959591
LYPD6B	1.6183770715339485
LYPLA1	0.22801644170869473
LYPLA1P3	1.141694637486085
LYPLA2	0.40334662666747256
LYPLA2P1	0.0
LYPLA2P2	0.349563106173343
LYPLAL1	-0.552468622644275
LYPLAL1-AS1	-0.9954053837769856
LYRM1	0.31080823578542294
LYRM2	-0.12260149857749703
LYRM4	-0.3548321025473662
LYRM4-AS1	0.6056801335479234
LYRM7	-0.3841125656350659
LYRM9	-0.5360971261265339
LYSMD1	-0.33422444036355614
LYSMD2	0.2761562041483394
LYSMD3	0.20532308925542253
LYSMD4	-0.5080272011581846
LYST	-0.8117110473215607
LYZ	1.8149144609239727
LYZL4	-0.6663827405266808
LZIC	-0.07468598331067255
LZTFL1	0.3141672975194627
LZTR1	-0.12182370385320418
LZTS2	-0.37314195323303867
LZTS3	0.16767182559120464
M1AP	-0.3610515500012297
M6PR	-0.21074359422948596
MAATS1	0.19373423455987895
MAB21L1	-0.3850145694376545
MAB21L3	-0.2512625019075907
MACC1	0.5997404867759624
MACF1	0.215399232606309
MACROD1	0.187027597867802
MACROD2	-0.8441489824159154
MACROD2-AS1	0.0
MAD1L1	0.07877012486901869
MAD2L1	0.07815044161442053
MAD2L1BP	0.35177179962899885
MAD2L2	0.15429981986599195
MADCAM1	-0.2142171583463834
MADD	0.16031724136094994
MAEA	0.19805906564863562
MAEL	0.40552952502427014
MAF	-0.3850145694376545
MAF1	0.28409353701453277
MAFF	0.3028175570530447
MAFG	-0.14505090392298392
MAFG-AS1	-0.5410024892410243
MAFK	-0.21183243833085363
MAFTRR	0.0
MAGEA6	-0.3850145694376545
MAGEA8-AS1	0.37699645750580624
MAGEB17	0.349563106173343
MAGEB2	-0.051696646342390906
MAGEB3	-0.2142171583463834
MAGED1	0.018245180007577133
MAGED2	0.7429073029109148
MAGEE1	0.7882657584106116
MAGEF1	0.4718568484476702
MAGEH1	2.601955414705844
MAGI1	-1.6820817045972936
MAGI2	0.5448474289146246
MAGI3	-0.004850031553217171
MAGIX	0.4234632597855117
MAGOH	-0.06791088176260729
MAGOH3P	0.6356002480254456
MAGOHB	-0.2288766179914976
MAGT1	0.21328298419474123
MAIP1	0.08415199512222316
MAK	0.4129862244004734
MAK16	0.17883944970465038
MALAT1	-0.43660188107165965
MALRD1	-0.4404155707959591
MALSU1	-0.12349246832324567
MALT1	0.056759450067200845
MAMDC2	0.3869953449041489
MAMDC2-AS1	-0.5062741758921873
MAMDC4	-0.1694221769163562
MAML1	0.1857958308800498
MAML2	1.4873902613941108
MAML3	-0.18301470763262984
MAMLD1	2.8791484614904066
MAMSTR	-0.13728208270303477
MAN1A2	0.07410742763832978
MAN1B1	-0.09582555379902757
MAN1B1-AS1	0.321188991256697
MAN1C1	0.18106413186034587
MAN2A1	-0.28622184932276973
MAN2A2	0.3398975263737043
MAN2B1	0.5200282959272062
MAN2B2	0.5309790886401871
MAN2C1	-0.051126189269810496
MANBA	0.23616057393304501
MANBAL	-0.15516624245267963
MANEA	-0.29580780049694333
MANEA-AS1	-0.4803982437642764
MANEAL	0.12935762038075893
MANF	0.2916064884563845
MANSC1	0.24130719062825268
MANSC4	-0.2142171583463834
MAOA	1.4896197660072967
MAP10	0.10403359354537578
MAP1A	-0.6321017758082399
MAP1B	0.0014504426696074213
MAP1LC3A	-0.8805998988730642
MAP1LC3B	0.9722138507535618
MAP1LC3B2	1.1752230254192282
MAP1LC3C	0.0
MAP1S	0.13040697107692978
MAP2	-1.7119779561009583
MAP2K1	0.2626015443543839
MAP2K2	0.010462403816342558
MAP2K3	0.6983391480793166
MAP2K4	0.004841847344657424
MAP2K5	0.23195225447062207
MAP2K6	-3.7449498729873856
MAP2K7	-0.13304079369009614
MAP3K1	-0.10572041399207599
MAP3K10	-0.02969088404462905
MAP3K11	0.38286560018421767
MAP3K12	-1.1540430168501814
MAP3K13	-0.1519470682026718
MAP3K14	-1.0945637727595292
MAP3K14-AS1	-0.5327234688694427
MAP3K15	0.05361774607835024
MAP3K2	-0.06880794663578982
MAP3K20-AS1	0.121092717419792
MAP3K21	-0.758449842473869
MAP3K3	-0.33073154191822596
MAP3K4	-0.15417977609945765
MAP3K5	0.1523918480448092
MAP3K6	1.2064756839893729
MAP3K7	0.12783716433732195
MAP3K7CL	0.7397557696916481
MAP3K8	1.3515346829862196
MAP3K9	0.2225852907324759
MAP4	0.04957228721832685
MAP4K1	-1.5376882410811312
MAP4K2	-0.06023010830392117
MAP4K3	0.0355797449040125
MAP4K4	0.16653281558305189
MAP4K5	-0.39664958581738574
MAP6	0.19373423455987895
MAP6D1	0.053433188001382526
MAP7	-1.2005692630885179
MAP7D1	0.23762132823706317
MAP7D2	-0.46710709282660323
MAP7D3	0.11939419263310214
MAPK1	-0.14086354591954553
MAPK10	0.6840673126618335
MAPK11	-0.6013665494727096
MAPK12	-0.2931426322144812
MAPK13	-0.3273368149563112
MAPK14	0.018084431200602324
MAPK1IP1L	-0.6063583028665036
MAPK3	0.4852154153774286
MAPK4	-0.3850145694376545
MAPK6	0.22729752110894452
MAPK6PS3	-0.03545146326431148
MAPK6PS4	0.6356002480254456
MAPK7	0.44657557981767315
MAPK8	-0.12832353933033147
MAPK8IP1	-0.12844828973070488
MAPK8IP1P1	-0.6868656643131853
MAPK8IP1P2	-0.27296290095546727
MAPK8IP2	2.0595915761947037
MAPK8IP3	-0.6427908642323397
MAPK9	0.018811736538204116
MAPKAP1	-0.4002591458120328
MAPKAPK2	-0.1219072025004504
MAPKAPK3	-0.12273576046990087
MAPKAPK5	-0.44576054994302083
MAPKAPK5-AS1	0.03810858039628329
MAPKBP1	-0.2929765379692082
MAPRE1	-0.37160700915755207
MAPRE2	-0.28509469993853287
MAPRE3	0.23376568356384553
MAPT	-1.3299106229905586
MAPT-AS1	0.0
MARC1	-1.0687482921990499
MARC2	-1.1195654388183272
MARCH1	-0.7096554877299617
MARCH10	-0.2142171583463834
MARCH2	-0.2872734381435613
MARCH3	0.23000082226013596
MARCH4	0.44186601346556653
MARCH5	-0.3020176541512747
MARCH6	-0.055806858516110225
MARCH7	0.07969758129642202
MARCH8	-0.23890408574590438
MARCH9	-0.532288924017621
MARCKS	0.18285059584338192
MARCKSL1	0.7005682431913147
MARCKSL1P2	0.543297340733222
MARK1	-3.7498237296978068
MARK2	0.00015832421528827467
MARK2P1	0.2959882800004152
MARK2P17	0.1353459478269596
MARK2P6	-0.2821327995003916
MARK3	0.10817127718668651
MARK3P3	0.349563106173343
MARK4	0.39751010600528414
MARS	-0.31780949494561916
MARS2	-0.13050061812660196
MARVELD1	-0.1537925157578286
MARVELD2	-1.2031432271388005
MARVELD3	0.0
MASP1	-0.4404155707959591
MASP2	-0.1528781768691133
MAST1	0.07099060429146498
MAST2	0.6083067906377
MAST3	0.013142676555061072
MAST4	2.2306213718432044
MASTL	0.10548800044570683
MAT2A	-0.14656453965633354
MAT2B	0.20809313250715178
MATK	0.0653882295847712
MATN1	0.7311255226941777
MATN1-AS1	0.6640637984687539
MATN2	0.3314522078833348
MATN4	0.7914291196389095
MATR3	-0.225075097654722
MAU2	-0.008939954063038158
MAVS	-0.2653292904326747
MAX	0.11667769937088046
MAZ	-0.049133290224453674
MB21D1	0.16288568215751908
MB21D2	0.8208913431033835
MBD1	0.10131313048881907
MBD2	-0.23748652240752222
MBD3	-0.14261262053191182
MBD4	0.1359337624015371
MBD5	0.030542038411009997
MBD6	-0.1650120099823642
MBIP	-0.4644772345386965
MBL3P	0.0
MBLAC1	1.0716520568447407
MBLAC2	0.5484014391761551
MBNL1	-0.12892281345341594
MBNL1-AS1	0.33132628615700055
MBNL2	0.644640572157722
MBNL3	0.17373719955103262
MBOAT1	-0.02302619901411518
MBOAT2	-0.8254301402336136
MBOAT4	0.0
MBOAT7	0.311506596224536
MBP	0.18789706301168607
MBTD1	-0.42526797479584744
MBTPS1	-0.004316781247970525
MBTPS2	0.19466566311381506
MC1R	0.46779058930343975
MCAM	0.05979698531145783
MCAT	-0.13141108975400329
MCC	2.2171047348235335
MCCC1	-0.001696979149050648
MCCC2	0.23526264844680078
MCCD1P2	0.0
MCEE	0.3715889481353081
MCEMP1	1.7468168870511969
MCF2	-0.20721496273316609
MCF2L	0.5299631768402381
MCF2L2	0.2990101608045821
MCFD2	0.2920408549281692
MCFD2P1	0.10133352634766868
MCHR1	0.19373423455987895
MCIDAS	-0.30441616054592835
MCL1	0.31302441434763395
MCM10	-0.15398566992013407
MCM2	0.2655144623882375
MCM3	-0.02662419931857407
MCM3AP	0.3261034272021863
MCM3AP-AS1	0.3994853638048781
MCM4	-0.05034350178604008
MCM5	0.28180096877526495
MCM6	0.09483298031997123
MCM7	0.06962749193202811
MCM8	-0.26109549102376484
MCM8-AS1	-0.863564308475834
MCM9	0.27143424289027074
MCMBP	-0.6106673532719089
MCMDC2	-0.5953711335502403
MCOLN1	0.45953016762024035
MCPH1	0.11548059217927786
MCPH1-AS1	0.45599272499792853
MCRIP1	-0.010760388502847107
MCRIP2	-0.3963629137772511
MCRS1	-0.5013526903839622
MCTP1	0.43723910346968786
MCTP2	-0.4394571926418678
MCTS1	-0.034518464257317305
MCU	-0.3158245796671686
MCUB	-0.03918957802338063
MCUR1	0.03303745674529246
MDC1	0.09632842584116652
MDC1-AS1	0.08733244992906819
MDFIC	0.09536122378617407
MDGA1	-0.4404155707959591
MDGA2	0.9873136878541675
MDH1	0.048491478653581055
MDH1B	-0.17608770289870979
MDH2	0.21334441877053756
MDK	0.3457709849992927
MDM1	-0.5911551270122626
MDM2	-0.4412798263081381
MDM4	-0.5707096646646548
MDN1	-0.06370672428123747
ME1	0.8842063995520011
ME2	0.33458319771924927
ME3	0.21216354323162268
MEA1	-0.07929811605066561
MEAF6	0.0672466852294118
MEAF6P1	0.19373423455987895
MECOM	-0.08627380661160133
MECP2	-0.008697648797845403
MECR	0.011992881738954964
MED1	-0.9737781919660318
MED10	0.24616415820915627
MED11	0.11087517584088147
MED12	0.31402144255214814
MED12L	-0.13229155691271988
MED13	-0.2683604541995468
MED13L	-0.10494112450382431
MED14	0.15293005441998453
MED14OS	0.9537722215447046
MED15	0.09044530939665307
MED16	0.1975938164790687
MED17	0.19599496363776936
MED18	0.05652032297210141
MED19	-0.15768360071042942
MED20	-0.007370653139064487
MED21	-0.3950747591797903
MED22	-0.5449941898637167
MED23	0.06611562358022205
MED24	-1.0234625461006477
MED25	0.11758760261313661
MED26	0.03980879120581271
MED27	-0.18227939000023063
MED28	-0.11590528288184032
MED28P7	-0.2142171583463834
MED29	-0.16692554570347617
MED30	0.2834061767108693
MED31	0.029520693998563274
MED4	-0.09535561276942062
MED4-AS1	0.5968213535857794
MED6	0.10468736963589009
MED7	0.277440788176909
MED8	0.07218458209376166
MED9	-0.04440345254746081
MEDAG	1.938415327458711
MEF2A	-0.14174098797993828
MEF2C	-0.2682577157259267
MEF2C-AS1	-0.04645588353471197
MEF2D	-0.04612614890216271
MEFV	-0.2142171583463834
MEGF10	0.1729502578563753
MEGF11	0.44186601346556653
MEGF6	-3.202331495276235
MEGF8	0.19907113590601
MEGF9	-0.04224645693420648
MEI1	0.6150122548195256
MEIG1	1.6154192863309116
MEIKIN	1.022262649372106
MEIOC	1.60942549549112
MEIS1	-0.3618969512171711
MEIS2	0.25902109182887756
MEIS3	1.7621533522504471
MELK	0.1212410158843582
MELTF	0.530956949705379
MELTF-AS1	-0.15158869846529344
MEMO1	0.11928896579093973
MEMO1P1	-0.7270761515809718
MEN1	-0.3935943002696227
MEP1B	-0.8611974502714571
MEPCE	0.16005814333233914
MERTK	0.17403560828392628
MESDC1	0.24693442203138716
MESDC2	0.011089734664800233
MESP1	-0.3850145694376545
MESP2	0.18140038951605092
MEST	0.0764875119183337
MET	-0.6604599654647406
METAP1	-0.14511208331609993
METAP1D	-0.04567404772237005
METAP2	-0.2927647274804954
METRN	-0.3899039803932638
METRNL	0.3918363027411207
METTL1	-0.36030206265247067
METTL10	-0.4773393490569795
METTL12	-0.1160925562621058
METTL13	-0.09386392791582665
METTL14	-0.17508453170245275
METTL15	-0.15570883719900763
METTL15P1	-0.3373453205656709
METTL16	-0.09013804773012168
METTL17	-0.4377658665134998
METTL18	-0.19106643320145622
METTL21A	0.1720744686602771
METTL21B	-0.6034908520687088
METTL21EP	-0.8093097227835737
METTL22	-0.689844060372149
METTL23	-0.10925599375945261
METTL24	-0.2142171583463834
METTL25	-0.2454238675087126
METTL26	-0.3891792519851158
METTL2A	-0.2851351193617546
METTL2B	-0.21146968664806565
METTL3	-0.29044454006693776
METTL4	-0.18504481793222993
METTL5	0.06064508157078308
METTL6	-0.13098769961920098
METTL7A	0.577999112079306
METTL7B	-2.064930079349608
METTL8	-0.17737878273670837
METTL9	-0.002624520928716123
MEX3A	0.4323078396007478
MEX3B	0.3926117491904151
MEX3C	0.0014741915324592014
MEX3D	0.10102779145166618
MFAP1	-0.1320289517009101
MFAP2	-0.4404155707959591
MFAP3	0.010823656263829307
MFAP4	-0.5388212680076165
MFF	-0.013369742004393004
MFHAS1	-0.04725807954408978
MFN1	0.27590795494724674
MFN2	0.12707920821512886
MFNG	0.29759132195107973
MFSD1	0.18858461627056577
MFSD10	0.47496711943517056
MFSD11	0.08056564908086727
MFSD12	0.09170666644860503
MFSD13A	-0.7922637874860854
MFSD13B	-0.03044474333383629
MFSD14A	0.1485124751760356
MFSD14B	-0.11691691030810247
MFSD14C	-0.2256090175911929
MFSD2A	0.3625566391694228
MFSD2B	-0.2142171583463834
MFSD3	0.670895908003807
MFSD4A	-0.5889378914320216
MFSD4B	-0.09791615913252727
MFSD4BP1	0.0
MFSD5	-0.1510607325982143
MFSD6	0.2246841494558236
MFSD6L	0.349563106173343
MFSD7	-0.4404155707959591
MFSD8	0.12921898328994352
MFSD9	0.2502475234425461
MGA	0.09373205447993449
MGAM	2.275456699200867
MGAM2	1.5421276438027802
MGARP	-0.5551357488585864
MGAT1	0.28283169539193764
MGAT2	-0.2871134360962202
MGAT3	0.19373423455987895
MGAT4A	0.2580542172932674
MGAT4B	0.15618317253888492
MGAT4C	-0.3618969512171711
MGAT4D	0.543297340733222
MGAT4EP	0.6810153140566778
MGAT5	-0.16686911043802866
MGC16275	0.31159386920382504
MGC27345	-0.15391115499667052
MGC27382	0.0
MGC72080	-0.27332916309079724
MGEA5	-0.2855056111176424
MGLL	0.00920948274135247
MGME1	-0.16388467130425255
MGMT	-0.7670369069997403
MGRN1	-0.28778981662395253
MGST1	0.0012100448822973675
MGST2	0.2820498244505849
MGST3	0.325940976489024
MIA	0.0
MIA-RAB4B	0.349563106173343
MIA2	-0.21460690274303929
MIA3	-0.04429662205724583
MIAT	-0.6085782874532513
MIATNB	-0.18596950746177665
MIB1	0.03555536212668642
MIB2	1.2068067120432637
MICA	-0.18217327809561645
MICAL1	0.04172530117103079
MICAL2	-0.9182616389257614
MICAL3	-0.08803898997249604
MICALCL	-0.10704250211848798
MICALL1	0.24149950928881836
MICALL2	-0.16579616280449194
MICB	0.21639438007877665
MICF	0.01916540416914214
MICU1	-0.27838049229061745
MICU2	0.07170038114652755
MICU3	0.5498410520988639
MID1	-0.8749609138763454
MID1IP1	0.3092163810678237
MID1IP1-AS1	-0.2846343493008914
MID2	0.0
MIDN	0.3628308058764276
MIEF1	0.01920210118684551
MIEF2	-0.052335304419404594
MIEN1	-0.566274545242365
MIER1	0.014573887037432343
MIER3	-0.1126121596780223
MIF	0.45655484683669556
MIF-AS1	0.12287595350700276
MIF4GD	-0.36109492440810165
MIGA1	-0.1024395006182317
MIGA2	-0.30642196339447914
MIIP	0.29912427851618517
MILR1	0.24675641664365067
MINCR	0.9546186608962124
MINK1	-0.05604219047571313
MINOS1-NBL1	0.3314522078833348
MINPP1	-0.3273437928630969
MIOS	-0.154049445192463
MIOX	0.07996906224839545
MIP	1.548723571377512
MIPEP	-0.34701450250536503
MIPEPP1	0.19373423455987895
MIPEPP3	-0.3029329037589523
MIPOL1	0.19373423455987895
MIR100HG	-0.372401878540666
MIR1208	0.0
MIR1257	0.0
MIR1273C	-0.4758670340602706
MIR1279	-0.70038903122949
MIR1281	-0.5953711335502403
MIR1282	0.45374303602404087
MIR1299	0.19373423455987895
MIR1302-3	0.19373423455987895
MIR1304	-0.7438736080974655
MIR137HG	0.0
MIR142	-0.7434488719984165
MIR155HG	0.2767236422446162
MIR17HG	0.10192715852134704
MIR181A1HG	-0.1539884314247031
MIR181A2HG	-0.42090410620256424
MIR193BHG	0.349563106173343
MIR194-2HG	0.7435752866587428
MIR197	-0.5992317277840379
MIR202HG	0.6356002480254456
MIR2052HG	-1.59268223596313
MIR210HG	-0.34481888044673736
MIR219A1	0.5773428603920447
MIR221	-0.07553122388865496
MIR222	0.0
MIR223	-0.20701628875104383
MIR22HG	1.9388444209996325
MIR23A	0.8091440811384443
MIR24-2	0.3314522078833348
MIR27A	0.0
MIR29A	-0.2142171583463834
MIR3074	0.19373423455987895
MIR3124	0.44186601346556653
MIR3142HG	0.349563106173343
MIR3143	-0.02048292378650446
MIR3149	0.0
MIR3159	0.0
MIR3168	0.0
MIR3195	0.0
MIR31HG	0.19373423455987895
MIR320A	0.543297340733222
MIR320D1	-0.19128033487777554
MIR325HG	0.543297340733222
MIR331	0.9437071505496533
MIR34AHG	0.349563106173343
MIR3661	0.0895896457398121
MIR3674	-0.2142171583463834
MIR3680-1	-0.2142171583463834
MIR3681HG	1.7060226022309226
MIR3685	0.1952799484310228
MIR378H	-0.4404155707959591
MIR378I	1.2693610483168412
MIR3911	0.28986759166533305
MIR3912	0.5498410520988639
MIR3916	-0.464256513955962
MIR3929	-0.4404155707959591
MIR3939	-0.02048292378650446
MIR3945HG	1.3473553404708292
MIR3975	0.349563106173343
MIR4271	0.6307170539092384
MIR4300HG	-0.10896336291262432
MIR4435-2HG	0.41470654610368385
MIR4442	0.10738456931700391
MIR4477A	0.8677997187533424
MIR4477B	0.4817766277430171
MIR4482	0.5236495997382064
MIR4496	-0.28098671701692224
MIR4500HG	0.349563106173343
MIR4502	0.543297340733222
MIR450A1	0.0
MIR450A2	0.6908104414887712
MIR450B	0.1353459478269596
MIR451A	-0.4404155707959591
MIR4662B	0.0
MIR4666A	0.0
MIR4682	-0.2142171583463834
MIR4697HG	-6.089434704210145
MIR4712	-0.008888908744791202
MIR4720	0.7708103254898193
MIR4737	0.9958562340563912
MIR4738	-0.8558748835674497
MIR4746	0.45958097496510125
MIR4754	0.19373423455987895
MIR4795	0.3314522078833348
MIR497HG	0.8748057715877577
MIR503HG	-0.07991142540000595
MIR5087	-0.4404155707959591
MIR5091	0.44186601346556653
MIR542	0.0
MIR548AG2	0.1353459478269596
MIR548XHG	-0.29986022528890377
MIR550A2	0.19373423455987895
MIR563	-0.18348067840709192
MIR5689HG	-0.07767009586635076
MIR5693	0.19373423455987895
MIR5695	0.0
MIR573	-0.11339528282373434
MIR588	0.19373423455987895
MIR600HG	-1.1511866951099448
MIR6080	-0.2142171583463834
MIR6087	-0.4266260956115726
MIR6090	-0.2142171583463834
MIR6129	-0.3850145694376545
MIR630	-0.12272175911181016
MIR631	-0.15594033790469353
MIR646HG	0.14451934451904336
MIR6503	0.0
MIR663AHG	0.21386773607439058
MIR762HG	0.5115501968881482
MIR769	-0.3850145694376545
MIR9-3HG	0.6810153140566778
MIR924HG	-0.2142171583463834
MIR99AHG	-0.12828352706546475
MIRLET7BHG	-0.4242326593127004
MIRLET7D	-0.413456852398955
MIRLET7DHG	-0.03044474333383629
MIRLET7F1	-0.13546492688961798
MIS12	-0.18530814502286752
MIS18A	0.2714070359849128
MIS18BP1	-0.3458875653419078
MISP	0.22764885511918312
MISP3	1.147315186612929
MITD1	-0.07333980952855867
MITF	-0.06734186038403855
MIXL1	-0.4404155707959591
MKI67	-0.22108922475491966
MKKS	-0.016550258934715956
MKL1	0.05247461209319937
MKL2	-0.5200341499971071
MKLN1	-0.011069416672956578
MKLN1-AS	-0.7354097793309755
MKNK1	0.1876021166428714
MKNK1-AS1	0.9373630868914442
MKNK2	0.033618770613715654
MKRN1	-0.0029894725388786014
MKRN2	0.19124549879674646
MKRN2OS	-0.4404155707959591
MKRN3	0.08999439731043601
MKRN4P	-0.2142171583463834
MKS1	-0.5141785699658659
MKX	-0.5992317277840379
MLANA	0.32908018238683856
MLC1	-0.0326376587593753
MLEC	-0.12590099046951586
MLF1	0.0
MLF2	0.13962558501313005
MLH1	-0.05291965257166176
MLH3	0.03464786280321697
MLIP	-0.03978741305560618
MLKL	-0.01891144913120435
MLLT1	-0.11794105339943961
MLLT10	0.11557737161016757
MLLT11	0.8768690878851686
MLLT3	-0.3021386768185401
MLLT6	-1.1111817657924572
MLNR	-0.6546327291423425
MLST8	-0.6070822998164385
MLX	-0.8175949508722855
MLXIP	-0.21433311775676067
MLYCD	0.16449201927185886
MMAA	-0.19361807546780785
MMAB	-0.1679481531923308
MMACHC	-0.08393278513875657
MMADHC	0.16640680930885843
MMD	0.075909634877803
MMD2	0.1353459478269596
MME	-0.6391808322044383
MMEL1	0.0
MMGT1	-0.048098171007758594
MMP1	0.8214779261822723
MMP10	0.44186601346556653
MMP11	0.7914291196389095
MMP14	-0.10670991812869879
MMP15	1.107147583061165
MMP19	0.964196069633684
MMP2	3.161608742221211
MMP21	1.013405318057038
MMP24	1.4268241686949685
MMP24-AS1	-0.42911658886351844
MMP25	0.31273057361600465
MMP25-AS1	-0.22715896062670282
MMP28	-0.5056618805474389
MMP7	-0.7841315700702045
MMP9	3.8499270453213157
MMRN1	-0.3862710592809455
MMRN2	0.7914291196389095
MMS19	-0.4031653076579911
MMS22L	-0.30160628016688307
MN1	-0.26070200870031446
MNAT1	-0.4792786951373884
MND1	-0.28248268982600777
MNDA	1.8970286399936391
MNS1	-0.46937743615783756
MNT	0.19918360870912188
MOAP1	0.1444671203717771
MOB1A	-0.05498456451676148
MOB1B	-0.22941336075522045
MOB2	0.1898521342039583
MOB3A	0.40931086342382095
MOB3B	2.362037722399782
MOB3C	0.8228534592390986
MOBP	-0.24668133623608016
MOCOS	-0.07059515678894179
MOCS2	0.15511886162701138
MOCS3	-0.7430745992422505
MOGAT1	0.4383844631355048
MOGAT3	-0.2142171583463834
MOGS	-0.13220644865920406
MOK	-0.3605053840785466
MON1A	-0.06232666387169683
MON1B	-0.020103651376222942
MON2	-0.3420098452486542
MORC1	0.19373423455987895
MORC2	-0.032111097700868285
MORC2-AS1	0.15716160838045745
MORC3	0.4777931413330947
MORC4	-0.7422447325563372
MORF4L1	0.13654063872262867
MORF4L1P1	0.5498410520988639
MORF4L1P4	-0.3850145694376545
MORF4L2	0.5657522865351261
MORF4L2-AS1	0.45645671373090657
MORN1	-0.13317315005609576
MORN2	0.018040277583541098
MORN3	-0.3522542356281839
MORN4	-0.06698861674031065
MORN5	-0.4747209515768012
MOSPD1	0.3713296379080937
MOSPD2	0.00932257287885463
MOSPD3	0.32520278198184727
MOV10	0.46768415012440023
MOV10L1	-0.7969543403514621
MOXD1	0.446191827019205
MPC1	0.3407391173391012
MPC2	0.2346156466427054
MPDU1	0.08952185348135089
MPEG1	0.0
MPG	-0.10644555001874778
MPHOSPH10	0.11673198725445388
MPHOSPH6	0.04660455326825996
MPHOSPH8	0.013261670188656538
MPHOSPH9	-0.5259647996325079
MPI	-0.020468805786720168
MPL	-0.6546327291423425
MPLKIP	0.15624474816749512
MPND	-0.33224826848197075
MPO	-0.35082660855804093
MPP1	0.17909950625952398
MPP2	-0.3850145694376545
MPP4	-0.5660406884784045
MPP5	0.004427620986287906
MPP6	-0.3966605969470951
MPP7	-0.8102816530057583
MPPE1	-0.2080103618437228
MPPED1	-1.754979470818839
MPPED2	0.44186601346556653
MPRIP	-0.08901787642244052
MPRIPP1	0.32040573398365835
MPST	0.026758442100588198
MPV17	0.10561801043531993
MPV17L	0.0
MPV17L2	0.2555332514869164
MPZ	0.5470942920746165
MPZL1	-0.11053565261534004
MPZL3	-0.23473278999597014
MR1	0.7518164563024996
MR1P1	0.3314522078833348
MRAP	0.7080451053013583
MRAP2	-0.8275702522154411
MRAS	0.6681953250146608
MRC1	-0.036963431656857004
MRC2	0.4132250990044781
MRE11	-0.29502684185702854
MREG	-0.41056900097609894
MRFAP1	0.061302078160043294
MRFAP1L1	-0.18267454503816793
MRGBP	-0.29042175979718543
MRGPRE	-0.02048292378650446
MRGPRG-AS1	-0.02048292378650446
MRGPRX3	0.6277790066868052
MRI1	-0.4628020419072634
MRLN	-0.21276671567677596
MRM1	-0.7073892906275088
MRM2	-0.19955939599545225
MRM3	0.08029872772071478
MRNIP	-0.22246100608928554
MRO	-0.6663827405266808
MROH1	0.39779183072864477
MROH2A	0.19373423455987895
MROH6	-1.4751197804152492
MROH7-TTC4	0.1094254813029048
MROH8	0.09135626440310496
MRPL1	-0.0064176886028270985
MRPL10	-0.310950514621533
MRPL11	-0.24332164334310313
MRPL12	-0.46716771867407125
MRPL13	0.1154526949247181
MRPL14	0.1725415424632022
MRPL15	0.16417097689980764
MRPL16	-0.20233094987519884
MRPL17	0.011596951233745045
MRPL18	0.15123877410519349
MRPL19	-0.011131130404992362
MRPL2	0.32419592003543585
MRPL20	-0.15030805921431423
MRPL21	-0.0951780038135297
MRPL22	0.13559438518637812
MRPL23	-0.23934426680282606
MRPL24	-0.05921608164836378
MRPL27	-0.18563471495615147
MRPL28	-0.3611663333762021
MRPL3	0.09842884439344957
MRPL30	-0.03237390208116331
MRPL30P1	0.0
MRPL32	0.13867720438149433
MRPL33	0.23748597002089866
MRPL34	0.5222275627386566
MRPL35	0.10366288919190225
MRPL36	0.19912224495174868
MRPL37	-0.008335314873965771
MRPL38	-0.1794972640864856
MRPL39	0.07271808068350616
MRPL4	0.037179410875952
MRPL40	-0.4419218850719293
MRPL40P1	-0.402330260099496
MRPL41	0.21328419438596669
MRPL42	-0.14580302961897296
MRPL42P2	-0.030782492501235215
MRPL42P6	-0.3850145694376545
MRPL43	-0.3787585660257129
MRPL44	0.009343282406067743
MRPL45	-1.0120185551081082
MRPL45P2	-0.4531443158076067
MRPL46	-0.055254681561567764
MRPL47	0.11753179917753265
MRPL48	0.0014259591891843115
MRPL49	-0.022539774596793904
MRPL50	0.2392098455073448
MRPL51	-0.3376415856120687
MRPL51P2	0.19373423455987895
MRPL52	-0.113138884270505
MRPL53	-0.230903089948983
MRPL54	0.15474313443323062
MRPL55	-0.026190067880730084
MRPL57	0.03746893578002819
MRPL58	-0.10030175171992006
MRPL9	-0.027664125119867933
MRPS10	0.2816504334147041
MRPS11	0.17224317360419406
MRPS12	0.15267478817153446
MRPS14	0.029219997494248418
MRPS15	-0.11210227571149645
MRPS15P1	0.19373423455987895
MRPS16	-0.05941553817832812
MRPS17	-0.16059329707463554
MRPS18A	0.13355672541147
MRPS18B	0.09972360448915119
MRPS18C	0.10744920785290724
MRPS2	-0.1598751122182307
MRPS21	0.4782718752733235
MRPS22	0.05013419851041334
MRPS23	-0.14085489928687878
MRPS25	-0.04524983915571035
MRPS26	0.15805201938108482
MRPS27	0.0036903041911280354
MRPS28	-0.07627073870609635
MRPS30	0.26745892256555237
MRPS31	0.04218400711985204
MRPS31P2	0.2841859819416964
MRPS31P5	-0.48066413111496153
MRPS33	0.02543861724900154
MRPS34	-0.3410697026865339
MRPS35	-0.28629437917050815
MRPS36	0.18464687490195786
MRPS5	-0.10767231611427519
MRPS6	0.9293449407883969
MRPS7	-0.43440442509428046
MRPS9	0.18978603652834458
MRRF	-0.5964291940115718
MRS2	0.2088536708545572
MRS2P2	0.19373423455987895
MRTO4	-0.11337829916391406
MRVI1	-0.12271589842476072
MRVI1-AS1	-0.42524423036585046
MS4A1	-0.3850145694376545
MS4A10	-0.5992317277840379
MS4A14	0.4539781666682774
MS4A2	0.690813877318627
MS4A3	0.19749095059528798
MS4A4A	-0.5248684388592793
MS4A5	0.19373423455987895
MS4A6A	0.21970085353610536
MS4A6E	-0.3307588467742003
MS4A7	-1.3966192600482819
MSANTD1	0.747242810184895
MSANTD2	-0.31306832450707045
MSANTD3	-1.082886625373852
MSANTD3-TMEFF1	0.32297724174285936
MSANTD4	-0.3453187839553884
MSC-AS1	0.0
MSH2	-0.0852016340706907
MSH3	0.0691931071376537
MSH4	-0.06217158168357617
MSH5-SAPCD1	-0.8233816119697313
MSH6	-0.08293463179089677
MSI1	0.1653645190026447
MSI2	-0.4946744607152205
MSL1	-0.8644342426141947
MSL2	-0.10846322664542107
MSL3	0.2240780018932913
MSLN	-0.19128033487777554
MSLNL	0.19373423455987895
MSMO1	0.5629751130115164
MSMP	-0.3093485120649184
MSN	0.10995110981084544
MSNP1	0.3107838879147544
MSRA	0.8482912855202205
MSRB1	0.025072643307616715
MSRB2	3.0109646760755533
MSRB3	0.129155199418987
MSS51	-0.5585739937476291
MST1	0.6451529271450247
MST1L	-0.06541299876560869
MST1P2	-0.04617614881627219
MST1R	0.24684426713570984
MSTN	-0.36899763811576936
MSTO1	0.10307613071607058
MSTO2P	-0.3495420019694153
MSX1	0.6605854841791116
MT1G	0.0
MT1X	0.5791423074051139
MT1XP1	0.44186601346556653
MT2A	0.5893599678843575
MT2P1	0.22416730478912136
MTA1	0.12337290008336943
MTA2	0.2681411675832557
MTA3	0.46953933446046037
MTAP	0.13182493251881056
MTATP6P1	-0.009206197630466484
MTATP6P27	-0.6546327291423425
MTBP	-0.12645352410568123
MTCH1	0.08690242523023528
MTCH2	-0.017057808071758274
MTCL1	1.067378009995093
MTCO1P12	-0.2315412533452159
MTCO1P2	0.19373423455987895
MTCO1P28	0.0
MTCO1P30	-0.4404155707959591
MTCO2P27	-0.4404155707959591
MTCO3P12	0.19373423455987895
MTCYBP28	-0.20437139602214877
MTDH	0.26080598891163476
MTERF1	0.013855362618887312
MTERF2	0.9672347298272408
MTERF3	0.12324027513229119
MTERF4	-0.13434880004316874
MTF1	-0.16560886979885403
MTF2	-0.03317397719404802
MTFMT	0.4493358910838765
MTFP1	0.04461563673684488
MTFR1	0.34343426082165074
MTFR1L	0.2673737554361857
MTFR2	0.048202786864369074
MTG1	-0.22858514978966404
MTG2	-0.3880364979469828
MTHFD1	-0.024032379655571035
MTHFD1L	0.06661877537303873
MTHFD2	-0.14263613465597302
MTHFD2L	0.10471923012625695
MTHFR	0.46604803999077227
MTHFSD	-0.019527865562881885
MTIF2	-0.09873481362804881
MTIF2P1	0.44186601346556653
MTIF3	0.002884756842183478
MTM1	0.10516304773446628
MTMR1	0.11303286697899928
MTMR10	0.14013324238313984
MTMR11	-0.7419344877150778
MTMR12	0.03535457756588478
MTMR14	0.16612546107544546
MTMR2	-0.07564088402480706
MTMR3	0.19249766223046727
MTMR4	-0.2941157540031334
MTMR6	-0.054695620758716146
MTMR7	-1.362567144065728
MTMR8	0.31199786027255616
MTMR9	0.22707778169846193
MTMR9LP	0.3314522078833348
MTND1P22	-0.4404155707959591
MTND1P23	-0.3618969512171711
MTND1P8	-0.3850145694376545
MTND2P28	-0.4698442989794007
MTND2P34	-0.19128033487777554
MTND2P40	0.349563106173343
MTND2P5	0.19373423455987895
MTND3P23	-0.5992317277840379
MTND4P12	-0.2669843122725363
MTND4P15	-0.19128033487777554
MTND4P9	0.6263285640171976
MTND5P15	-0.2142171583463834
MTND5P25	0.0
MTND5P8	0.349563106173343
MTND6P24	0.5498410520988639
MTO1	-0.20472376104692813
MTOR	0.1393508254596174
MTOR-AS1	-0.1375439861812895
MTPAP	0.07546460872948302
MTR	-0.328238037790884
MTRF1	-0.2905212282242431
MTRF1L	-0.0196034750591636
MTRNR2L4	0.7435752866587428
MTRNR2L8	-0.5992317277840379
MTRR	0.055829435191128596
MTSS1	1.317240147189118
MTSS1L	-0.09641766322009637
MTTP	-0.7273961061012837
MTURN	-0.3531914819390032
MTUS1	-0.2142171583463834
MTUS2	-0.018852533366848778
MTUS2-AS1	-0.26344974065548776
MTVR2	-0.37765298403892356
MTX1	0.16549612810735326
MTX1P1	0.44186601346556653
MTX2	0.09826464371439592
MUC1	-0.4639127282978581
MUC12	-0.19128033487777554
MUC13	0.19373423455987895
MUC19	-0.8058336047528902
MUC2	0.19373423455987895
MUC20	1.1654600933577817
MUC20P1	0.7476618855166832
MUC3A	-0.012333845043828062
MUC4	0.3314522078833348
MUL1	0.1786738409162396
MUM1	-0.004293907678542652
MURC	0.4455257089603162
MUS81	-0.07360416164809536
MUSK	0.349563106173343
MUT	0.12051824090165297
MUTYH	0.07638459193941394
MVB12A	-0.10070922111045366
MVB12B	0.40975626792330644
MVD	0.7647673110369695
MVK	0.32278869634592766
MVP	1.133057720943715
MX1	0.31559138182062085
MX2	0.6025132372908413
MXD1	0.40149436320902154
MXD3	-0.00038210010339323475
MXD4	0.13834552358650853
MXI1	-0.05325542764327018
MXRA7	0.748346871707005
MXRA8	0.7709461958524051
MYADM	0.2616553428695738
MYADML2	0.349563106173343
MYB	-0.1172004264396147
MYBBP1A	0.1376634759536568
MYBL1	1.4870399453246623
MYBL2	-0.29011428732903966
MYBPC2	0.19373423455987895
MYBPC3	1.0076097179891463
MYBPH	0.6567765329210845
MYC	-0.07639838410586286
MYCBP2	-0.05243219494283302
MYCBP2-AS1	-0.6132921860173273
MYCL	0.23477013934103752
MYD88	0.2117811127137994
MYDGF	0.6659840269633062
MYEF2	-0.1782114686589562
MYEOV	2.213220627933641
MYH10	-0.21979972459140384
MYH11	7.091048814650144
MYH13	0.0
MYH14	0.19373423455987895
MYH15	-0.3775482074904106
MYH16	0.4383844631355048
MYH3	-0.11097529623030589
MYH7B	-1.785361948040594
MYH9	0.25534627545723687
MYHAS	0.349563106173343
MYL10	0.349563106173343
MYL12A	0.6203047629248903
MYL12B	0.11743719203344583
MYL12BP1	-0.8248082144029647
MYL4	-0.3850145694376545
MYL5	0.831974224351411
MYL6	-0.08248486500293595
MYL6B	-0.3587353993141402
MYL9	-0.3850145694376545
MYLIP	0.4254168619901968
MYLK	0.16602620125620327
MYLK-AS1	0.06327992141170036
MYLK2	-1.3676133728231572
MYLK3	0.5484249145145761
MYLK4	1.5541867261354931
MYLPF	1.6439802392383198
MYNN	-0.0501600316796047
MYO10	2.6502782817986277
MYO15A	0.38720860799773865
MYO15B	0.6033625339339956
MYO16	1.442203681902646
MYO16-AS1	-0.11243461820907774
MYO18A	-0.26210378161056447
MYO18B	-1.141103692103482
MYO19	-1.168054120268943
MYO1A	-1.5136495269051082
MYO1B	-0.026630786568575537
MYO1C	0.6704296971980055
MYO1D	-0.6546327291423425
MYO1E	1.3305248258223599
MYO1F	0.22217702896680613
MYO1G	-0.3174593617515473
MYO1H	-0.402330260099496
MYO3A	-0.2142171583463834
MYO3B	3.0013361730821435
MYO5A	0.3258314508187574
MYO5B	0.22416730478912136
MYO5BP1	-0.2142171583463834
MYO5BP2	0.19373423455987895
MYO5C	0.15945398089498042
MYO6	-0.4404155707959591
MYO7A	1.040619798399256
MYO7B	-0.2142171583463834
MYO9A	0.16248659221237105
MYO9B	0.20750539584014227
MYOC	0.0
MYOCD	0.19373423455987895
MYOF	0.9769408241002804
MYOM1	0.5198971219984991
MYOM2	-1.420961318126846
MYOZ1	-1.2973574245315203
MYOZ2	-0.2142171583463834
MYOZ3	0.349563106173343
MYPN	0.0
MYPOP	0.1472101976588931
MYRF	0.06427813687899153
MYRFL	-0.8340361940354291
MYRIP	-2.43856374636647
MYSM1	-0.19176654567843698
MYT1	-1.115483683615953
MZB1	-0.2142171583463834
MZF1	-0.4297160985601973
MZF1-AS1	0.17649432352757088
MZT1	0.16623091174824367
MZT2A	0.010454385147175671
MZT2B	0.2133271067052256
N4BP1	0.04477767479301065
N4BP2	-0.22966329695257315
N4BP2L1	0.8490308125295201
N4BP2L2	-0.04905144512810011
N4BP3	-0.8027870002073132
N6AMT1	0.20359322851065453
NAA10	-0.04087344991613584
NAA15	-0.019097177935584853
NAA16	-0.4480156906990196
NAA20	-0.5925684724860218
NAA25	-0.3615637763891062
NAA30	-0.4045566600906998
NAA35	-0.039963827869501145
NAA38	0.3724892467674543
NAA40	-0.3693843469392064
NAA50	-0.23610878347200526
NAA60	-0.3827254216710454
NAAA	0.43371006413324054
NAALAD2	-0.5992317277840379
NAALADL1	0.1639140763330374
NAALADL2	2.8960591639500954
NAALADL2-AS3	-0.2142171583463834
NAB1	0.04283459645055565
NAB2	0.09357973001754871
NABP1	0.44119412006058667
NABP2	-0.7874712414110885
NACA	-0.2813755622547376
NACA3P	0.5914698730834242
NACAP1	0.42151398877858076
NACAP7	0.0
NACC1	-0.1694723029054277
NACC2	2.3277739777946933
NADK	0.11031216780906483
NADK2	-0.036438609455982984
NADSYN1	0.026414686571349932
NAE1	0.2777433368727209
NAF1	-0.1503600903132014
NAGA	-0.022036966387489088
NAGK	0.5004580636134577
NAGLU	-0.33427643315649114
NAGPA	-0.578199348306434
NAGPA-AS1	-1.100487510641156
NAGS	0.19373423455987895
NAIF1	-0.13292940747388826
NAIP	0.5305258629958729
NALCN	0.0
NALCN-AS1	0.543297340733222
NALT1	0.26543368542373813
NAMPT	0.768867109817668
NAMPTP1	0.6472155263394486
NANOG	-0.4404155707959591
NANOGNBP3	-0.31858288671147816
NANOGP8	0.0
NANOS1	0.49619445460184153
NANOS3	0.19373423455987895
NANP	-0.4239426043038925
NANS	0.4421835901854756
NAP1L1	-0.570433626624709
NAP1L1P1	-0.7469300584179968
NAP1L1P3	-0.8254301402336136
NAP1L4	-0.028877837520868255
NAP1L5	0.1242416988765278
NAPA	0.3704121611254667
NAPA-AS1	0.423671085795994
NAPB	-0.33120454802428156
NAPEPLD	-0.15865233350712593
NAPG	-0.034087402734202854
NAPRT	0.34115196852687557
NAPSA	-0.29793349688901016
NARF	-0.09289512106188624
NARFL	-0.45204555968397386
NARS	0.006612964507590746
NARS2	-0.19613434227341742
NASP	-0.10938923544794221
NASPP1	0.19518467722948646
NAT1	0.19399824297335488
NAT10	-0.13993996619410076
NAT14	0.07755736084529552
NAT8	0.19373423455987895
NAT8L	0.17655656340019554
NAT9	-0.5805342618794569
NATD1	2.801256764208824
NAV1	0.19843329735252135
NAV2	1.5361196639849208
NAV2-AS5	0.349563106173343
NAV3	0.0
NAXD	-0.03813770902863922
NAXE	0.04575489833064417
NBAS	0.2071798322281797
NBDY	0.32420304683074797
NBEA	-0.3011274378402842
NBEAL1	-0.047930369160760655
NBEAL2	-0.1515873345648
NBEAP1	-0.4404155707959591
NBEAP2	0.07474100930636896
NBEAP3	-0.6301485182546371
NBEAP5	0.6294617163741778
NBEAP6	-0.44970259857514083
NBN	-0.04865554412459261
NBPF1	0.08693762097439084
NBPF10	0.1945839596055805
NBPF11	0.008932448328851095
NBPF12	0.2423437090935412
NBPF13P	-0.6546327291423425
NBPF15	0.10082978445405288
NBPF18P	0.5498410520988639
NBPF21P	0.349563106173343
NBPF2P	-0.085870248442109
NBPF3	-0.11330119432843411
NBPF7	0.8812932599821988
NBPF9	0.06002221405213426
NBR1	-0.5899010046086932
NBR2	-0.8976548251063594
NCALD	-6.8589622144947
NCAM1	0.964196069633684
NCAM2	-0.8023125220131302
NCAN	0.6681953250146608
NCAPD2	-0.26816648446148506
NCAPD3	-0.31428874121110617
NCAPG	0.056963090771294134
NCAPG2	0.12477710581602253
NCAPH	-0.046199241921662804
NCAPH2	-0.12337630123026422
NCBP1	0.0008988666499316622
NCBP2	-0.11101117270488992
NCBP2-AS2	0.47100612680628284
NCBP3	0.011048570476400954
NCCRP1	0.0
NCDN	0.061025515315657586
NCEH1	-0.03715932809178746
NCF1	3.598485552128506
NCF1B	2.4729859227663455
NCF1C	2.8293583337668866
NCF2	2.509766131183499
NCF4	2.050824502136906
NCK1	-0.1767877536582958
NCK1-AS1	-0.20567592723683426
NCK2	0.3662980193507721
NCKAP1	-0.7422447325563372
NCKAP1L	0.10825139223926428
NCKAP5	0.3130443118734324
NCKAP5L	0.05216674916347941
NCKIPSD	-0.05444144633319681
NCL	0.02397498441262158
NCLN	0.12356635577564035
NCMAP	0.0
NCOA1	0.16619160384102294
NCOA2	0.08814123897341553
NCOA3	-0.26393456894576595
NCOA4P4	0.4295321684217384
NCOA5	-0.3012437888077315
NCOA6	-0.2658285388671757
NCOA7	-0.08611425640401471
NCOA7-AS1	0.19373423455987895
NCOR1	0.2046887567480713
NCOR2	0.02156308908244675
NCR3	0.8489961782221283
NCR3LG1	0.11926712872877232
NCS1	-0.48162165637287924
NCSTN	0.3447982716169662
ND1	-0.005828719750427425
ND2	-0.10759484067240521
ND3	0.022822144797205013
ND4	-0.006878954525564751
ND4L	0.043821733382550576
ND5	0.09856358519468067
ND6	-0.3111612093003959
NDC1	-0.008478986135109778
NDC80	0.18045768530643258
NDE1	5.067376238951056
NDEL1	0.20494849796025782
NDFIP1	0.1452790797341983
NDFIP2	0.35613563872331966
NDFIP2-AS1	0.5498410520988639
NDNF	0.08230356927962479
NDOR1	-0.6102972252245564
NDRG1	1.2582153153248097
NDRG2	0.2284530832158964
NDRG3	-0.02531369822052021
NDRG4	-0.7417048452744301
NDST1	0.24008320371094527
NDST1-AS1	0.46679815571029437
NDST2	0.2125961688077478
NDST3	0.4091554315901922
NDUFA1	0.30958375659145965
NDUFA10	-0.05260621265988874
NDUFA11	0.07764335465569516
NDUFA12	-0.26135118692941006
NDUFA13	0.036472510291179816
NDUFA2	0.3820538327680545
NDUFA3	0.15077727222485748
NDUFA3P4	-0.3850145694376545
NDUFA4	0.07665452501406023
NDUFA4L2	-0.7354381505961509
NDUFA5	-0.15336931042287993
NDUFA5P11	-0.2142171583463834
NDUFA5P12	-0.1251578454034582
NDUFA6	0.12361934685324627
NDUFA6-AS1	-0.6973340209325878
NDUFA7	0.11208258578735197
NDUFA8	0.10223181485793731
NDUFA9	-0.2801980849070844
NDUFAB1	0.08884142986381605
NDUFAF1	0.00826917926209525
NDUFAF2	0.10591168153638897
NDUFAF3	-0.13201437695430407
NDUFAF4	0.015707089759054327
NDUFAF5	0.044683716840008714
NDUFAF6	0.028818047255887436
NDUFAF7	-0.2025357064279394
NDUFAF8	-0.5120125865939498
NDUFB1	0.14138174148464167
NDUFB10	-0.2474118445168152
NDUFB11	0.1710801205595871
NDUFB2	0.2114070626563418
NDUFB2-AS1	0.3616627052024457
NDUFB3	-0.07509139953551802
NDUFB3P1	0.2737032968082745
NDUFB3P4	0.44186601346556653
NDUFB4	0.06684348292113995
NDUFB4P1	0.0
NDUFB4P8	0.0
NDUFB5	0.12644826152186361
NDUFB6	0.017724852278972136
NDUFB7	0.21998084315315758
NDUFB8	-0.31004501514120797
NDUFB9	0.31701547441311995
NDUFC1	0.09932497927773909
NDUFC2-KCTD14	-1.0600186208286833
NDUFS1	0.24628995398412457
NDUFS2	0.27822580606561864
NDUFS3	-0.14592794836980438
NDUFS4	0.28938832961314986
NDUFS5	0.2317232071874873
NDUFS6	0.09021622210862823
NDUFS7	0.15125963325687053
NDUFS8	0.1238955810360487
NDUFV1	-0.036014144774147994
NDUFV2	0.04203480196537335
NDUFV2-AS1	0.24844066509961138
NDUFV2P1	0.09739692382550613
NDUFV3	0.48437017454184783
NEAT1	-0.1550208195307281
NEB	0.49151046322993075
NEBL	-0.4490216245977746
NECAB3	-0.2790667233680102
NECAP1	-0.1397546178104605
NECAP2	0.20715954518420787
NECTIN1	-3.500928448223415
NECTIN2	0.6067720416108493
NECTIN3	-0.18707851370130957
NECTIN4	0.1333389559462459
NEDD1	-0.5148418443672611
NEDD4	-0.2509939483042878
NEDD4L	0.5049681435889042
NEDD8-MDP1	-0.34015998467652
NEDD9	0.5705700949590238
NEGR1	0.5659886758950616
NEIL1	-0.7839758124822518
NEIL2	0.13919482290174656
NEIL3	0.019621879753728422
NEK1	-0.05192689504231218
NEK10	-0.29522077872447783
NEK11	-0.41284734069483164
NEK2	-0.29388672303698016
NEK3	0.23711919657886504
NEK4	-0.044279132175551794
NEK5	-0.5755434338188672
NEK6	-0.38227947247124483
NEK7	-0.5386954269197943
NEK8	0.10742776278727462
NEK9	0.5500821867853052
NELFA	-0.022744028338330224
NELFB	-0.20541953873988916
NELFCD	-0.46448695056701084
NELFE	-0.17707962390208465
NELL1	-0.44757118192816703
NELL2	0.27820650041472383
NEMF	-0.3650748565669417
NEMP1	-0.49376967954863993
NEMP2	0.17767366818306307
NENF	-0.2453812453487778
NEO1	-0.9867337370004234
NEPNP	-0.7522348295468437
NEPRO	-0.16527775590364513
NES	0.49627869054454427
NET1	-0.022292113975487027
NETO2	0.10051662977408249
NEU1	0.6402341532418951
NEU3	-0.39722570611336216
NEU4	0.0
NEURL1	0.0
NEURL1-AS1	0.32908018238683856
NEURL1B	0.3314522078833348
NEURL2	-0.4362933532577955
NEURL4	-0.19278637705246915
NEUROD1	-0.6165474184458793
NEUROD2	0.22764885511918312
NEUROG2	0.1588546833338258
NEXN	-0.1053930694261922
NEXN-AS1	-1.1873270914507845
NF1	-0.8439237351580928
NF2	-0.15057968720378234
NFAM1	0.6285660033486344
NFASC	0.8619295595745399
NFAT5	0.1239054314350696
NFATC1	0.22311261464109577
NFATC2	-7.905650860224343
NFATC2IP	-0.041896067162189965
NFATC3	0.10514214851723303
NFATC4	-0.2142171583463834
NFE2	-0.49889969634850306
NFE2L1	-0.25229126762425125
NFE2L2	0.2567608420672869
NFE2L3	0.2096162914269044
NFE4	0.8659364533015799
NFIA	-0.38994253170308824
NFIA-AS1	0.0
NFIB	-0.4063250921901229
NFIC	0.23148568767554067
NFIL3	0.4503025433282133
NFIX	0.23516906075536426
NFKB1	0.3160162471706638
NFKB2	-0.0031447233466970204
NFKBIA	0.13432000642075437
NFKBIB	-0.4168201778359304
NFKBID	0.14149771601053107
NFKBIE	0.25100506617944696
NFKBIL1	-0.051584800984446844
NFKBIZ	-0.0671616001015991
NFRKB	0.025401112649865
NFS1	-0.4930380365358271
NFU1	0.2888439800373881
NFX1	0.07819283109311392
NFXL1	0.24287194996453287
NFYA	-0.04772920130266911
NFYB	-0.379017448605822
NFYC	0.20029244620558728
NFYC-AS1	-0.1982358646702549
NGDN	-0.504821676799514
NGF	-0.4404155707959591
NGFR	-0.8576630754044565
NGLY1	-0.02600193999131939
NGRN	0.10708741043820424
NHEJ1	-0.039144790867496226
NHLH1	-0.33934681711121306
NHLRC2	-0.4845989409316829
NHLRC3	0.12197723138795347
NHLRC4	-0.23427414704938965
NHP2	0.13147163503012393
NHP2P1	1.409367091305875
NHS	0.7378667580845897
NHSL1	-0.8180910524753973
NHSL2	2.3390371892971555
NICN1	-0.24354392607015996
NID2	-0.5785745252898251
NIF3L1	-0.023698072535484727
NIFK	-0.004789403259648495
NIFK-AS1	0.053729101405414426
NIFKP3	-0.23855074606399906
NIFKP6	0.0
NIM1K	0.800047928783227
NIN	-0.3732082774732248
NINJ1	0.24556082633880116
NINJ2	0.4762526528081965
NINL	1.3135158692820408
NIP7	0.021525859065036457
NIPA1	-2.0783539887236997
NIPA2	0.08561818995323378
NIPAL1	1.0055525875998428
NIPAL2	0.9375013503297369
NIPAL3	-0.1614531962065442
NIPAL4	-1.2506972238017173
NIPBL	0.09695896655758851
NIPBL-AS1	-0.07334977545411547
NIPSNAP1	0.5195281197904968
NIPSNAP3A	-0.03734919268246628
NIPSNAP3B	0.26747587855756194
NISCH	0.1294590192706888
NIT1	-0.051291693620111545
NIT2	-0.00034127864413413533
NKAIN1	0.6773643162579415
NKAIN2	-0.3078220233055926
NKAIN3	-0.053562361554319704
NKAP	-0.024675305457419583
NKAPL	-1.028279691743852
NKAPP1	-0.195109334715462
NKD1	1.1092780990092734
NKD2	-1.3001510918104149
NKG7	0.6374119481554281
NKIRAS1	-0.2502594108914078
NKIRAS2	-1.0094970177762388
NKRF	-0.010302739155193308
NKTR	-0.17521517888320837
NKX3-1	-0.3850145694376545
NKX3-2	0.9149777462778925
NLE1	-0.8956169781187935
NLGN1	-0.25899015823728677
NLGN2	-0.26404730392453235
NLGN3	-0.4211077954982114
NLGN4X	0.44186601346556653
NLGN4Y	0.0
NLK	-0.18730434267381213
NLN	0.10230573066983162
NLRC3	-0.9978333998579885
NLRC4	-0.1852156599317567
NLRC5	-0.3324697820395164
NLRP1	0.3396451588044691
NLRP11	-0.3925499603883065
NLRP12	-0.23031035215432283
NLRP14	-0.0328976852845031
NLRP2	-0.3850145694376545
NLRP3	0.06478503266609437
NLRP6	0.577211961292526
NLRX1	0.16748063762666376
NMB	0.5140735963359306
NMBR	-0.6518130785378826
NMD3	0.18945730420240103
NME1-NME2	-0.39451823871060476
NME2P1	-0.6085782874532513
NME3	-0.40974607521408046
NME4	-0.5606746939950273
NME6	0.02424074708252455
NME7	0.025918685773625327
NME8	0.2561512860248386
NME9	0.3426266090483936
NMI	0.42215687120597245
NMNAT1	0.15922166889365386
NMNAT2	-0.4758670340602706
NMNAT3	0.40552952502427014
NMRAL1	-0.7742952813355153
NMRAL2P	0.5462837417889477
NMRK1	0.8186085172226418
NMS	-4.264901603764484
NMT1	-0.8938277592980484
NMT2	1.1085792878791993
NMUR1	0.19373423455987895
NNAT	0.349563106173343
NNMT	0.0
NNT	-0.1889263863869619
NNT-AS1	0.3545774383113951
NOA1	-0.01715851148576597
NOB1	0.11254359170594519
NOC2L	0.13416977721557188
NOC2LP1	-0.3921701805698624
NOC2LP2	-0.15939682197892557
NOC3L	-0.40738776364529095
NOC4L	-0.0805747620001398
NOCT	0.19636080872003348
NOD1	-0.5336911236373814
NOD2	0.46679815571029437
NOG	0.014613706290510287
NOL10	0.0014792584656575514
NOL11	-0.265311243344879
NOL12	-0.04919376974008394
NOL3	0.3032618601779351
NOL4	0.19373423455987895
NOL4L	-0.8064109618421691
NOL6	-0.06730760365277888
NOL7	0.12153571950959297
NOL8	0.0508196448164302
NOL9	-0.2872242713929527
NOLC1	-0.2738142551237601
NOM1	-0.34140218233675057
NOMO1	2.201867874502179
NOMO2	2.9308890466113766
NOMO3	5.521564791231157
NONO	-0.0049883025110570856
NONOP1	-0.9847845657695622
NONOP2	0.6059892467125025
NOP10	0.31288186258704087
NOP14	0.016506218263032224
NOP14-AS1	-0.01833023682968271
NOP16	0.12127830579181698
NOP2	-0.11187166964170814
NOP56	-0.13174738544325315
NOP56P1	-0.2142171583463834
NOP58	0.056089774009455695
NOP9	-0.5127871630144742
NORAD	-0.13582475970744312
NOS1	-0.4404155707959591
NOS1AP	1.3890030612637907
NOS2P1	-0.7469115206548255
NOS3	-0.1283252587594994
NOSIP	0.18099017574070686
NOSTRIN	-1.4190052144395844
NOTCH1	-0.5599844902216127
NOTCH2	0.33967270237771885
NOTCH2NL	0.10319785037307128
NOTCH3	-0.5129563206519978
NOTCH4	0.18399188683035184
NOTUM	-0.782153133580441
NOVA1	-0.4404155707959591
NOVA2	-0.2142171583463834
NOX3	0.5293581283123594
NOX4	0.543297340733222
NOXA1	0.8742535029382009
NOXO1	0.19373423455987895
NOXRED1	0.8039903596419222
NPAS1	0.18953697492138843
NPAS2	-1.1036959355607987
NPAS3	0.3562697484386146
NPAS4	0.5258110275502085
NPAT	-0.3410412753249439
NPBWR2	0.22764885511918312
NPC1	0.3960769498555763
NPC1L1	0.7996870974107538
NPC2	0.11593640180849718
NPDC1	-0.6851687282887537
NPEPPS	-0.1187581812423506
NPFF	-0.6365941973633418
NPFFR1	-0.2142171583463834
NPHP1	-0.8912333137544195
NPHP3-ACAD11	-0.45124826997813194
NPHP3-AS1	0.18794410088169283
NPHP4	-0.3621943494324338
NPIPA1	-0.9805585081890369
NPIPA2	0.3592715266147947
NPIPA5	2.4121678861328855
NPIPA7	2.177246447120824
NPIPA8	1.2111083675424843
NPIPB10P	0.013348382302639461
NPIPB11	0.057977801809482976
NPIPB12	-0.5090711479037839
NPIPB13	0.03848317516791422
NPIPB15	-0.012611269290287552
NPIPB1P	-0.040054176509483175
NPIPB2	0.16022998093172536
NPIPB3	-0.3383906710800595
NPIPB4	-0.22365562042109133
NPIPB5	-0.2992788229083656
NPIPB6	0.10623585749810305
NPIPB7	-0.19128033487777554
NPIPB8	-0.39497895624704804
NPIPB9	-0.005780570685071762
NPIPP1	0.12397991205642356
NPL	0.7598341487671707
NPLOC4	-0.19003312805597972
NPM1	0.020095419091259004
NPM1P1	-0.053562361554319704
NPM1P13	-0.3618969512171711
NPM1P19	0.0
NPM1P2	0.19373423455987895
NPM1P21	0.1582827712955675
NPM1P22	0.0
NPM1P24	0.0764875119183337
NPM1P25	0.349563106173343
NPM1P29	0.543297340733222
NPM1P32	-0.3850145694376545
NPM1P33	-0.2142171583463834
NPM1P34	-0.2142171583463834
NPM1P35	-0.2142171583463834
NPM1P39	0.016797267518429138
NPM1P40	0.3314522078833348
NPM1P41	0.0
NPM1P46	0.8484074970747633
NPM1P49	-0.3085270575193207
NPM1P5	0.19373423455987895
NPM1P6	0.02203788327087164
NPM1P8	-0.2142171583463834
NPM1P9	0.13437236214321402
NPM2	0.2495583608014229
NPM3	-0.1662302457063376
NPNT	-0.20361417992160347
NPPA-AS1	0.10568732336820386
NPPB	0.349563106173343
NPPC	0.0
NPR1	0.349563106173343
NPR2	0.2046355120905332
NPR3	0.4781428028972512
NPRL2	-0.033045723204924826
NPRL3	-0.520807400677036
NPSR1	-0.8023125220131302
NPSR1-AS1	0.0
NPTN	-0.06427172945163484
NPTXR	2.0696629895949723
NPW	0.3356238937524805
NQO1	0.2174927585377251
NQO2	0.3713416121250477
NR0B2	0.19373423455987895
NR1D1	-0.49707131060069454
NR1D2	-0.22156873240617259
NR1H2	-0.1378712720606181
NR1H3	-0.02650278389984706
NR1I2	0.6059932605406777
NR1I3	0.21985562247572377
NR2C1	-0.601340830723462
NR2C2	-0.039005674674989166
NR2C2AP	-0.3356374494642207
NR2F1	0.4345781735158889
NR2F1-AS1	0.01699608586273582
NR2F2	-0.035654697943002134
NR2F2-AS1	0.0007769176328906724
NR2F6	0.39429088634091336
NR3C1	0.025702023791087214
NR3C2	0.04671584649705984
NR4A1	0.28819412425332036
NR4A2	0.3297043883729893
NR4A3	2.131908577374463
NR5A1	-0.4747209515768012
NR5A2	1.957694479998689
NR6A1	-0.19463652604550852
NRADDP	-0.2849389310682635
NRAP	0.19373423455987895
NRARP	-0.2463444207343608
NRAS	0.07393602959963097
NRAV	-0.47452632326302524
NRBF2	-0.009345061731915294
NRBF2P3	-0.40549749322415896
NRBF2P4	0.349563106173343
NRBP1	0.22882350205976465
NRCAM	1.1854737108458346
NRDC	0.20590484540502452
NRDE2	-0.21370146786637534
NREP	0.00044574327730906305
NRF1	-0.054571109625451086
NRG1	0.1094254813029048
NRG2	-0.4747209515768012
NRG3	0.4562219608937016
NRG4	0.26164005713090166
NRGN	0.1705517127991465
NRIP1	0.010557879041501295
NRIP2	-0.14466734813215543
NRIP3	0.20288629976037775
NRIR	-0.8541942000246195
NRL	-0.5182767816283174
NRM	-0.09179162472400115
NRN1	0.029857427598066977
NRN1L	-0.675019019648959
NRP1	0.21798375987163254
NRP2	0.543297340733222
NRROS	-0.033908497858149644
NRSN2	-0.056127310111934836
NRSN2-AS1	0.3956170624779398
NRTN	-0.7721856459424365
NRXN1	0.10288176993726289
NRXN2	-0.5980864599556843
NRXN3	0.9184592966079543
NSA2	-0.03173069434519249
NSD1	-0.021604414350715473
NSD2	-0.089043611484799
NSD3	-0.014375180461303927
NSDHL	0.5706662362019674
NSF	0.16494601563335465
NSFL1C	0.2612765766916034
NSFP1	0.4573915136868617
NSL1	-0.2813080215966455
NSMAF	0.28158921692112493
NSMCE1	-0.11584429643902894
NSMCE2	0.22899610344390453
NSMCE4A	-0.37384120831248424
NSMF	-0.4831938816623147
NSRP1	0.34423927586940195
NSUN2	0.026959960797659832
NSUN3	0.0032503874644476127
NSUN4	0.25404836793557095
NSUN5	0.3697185781384764
NSUN5P1	-0.12157990588573675
NSUN5P2	-0.25270722335787
NSUN6	0.0636747452760762
NSUN7	0.5737304109624642
NT5C	-0.38000934202175873
NT5C2	-0.30344559553694417
NT5C3A	-0.17715007749526457
NT5C3AP1	0.0
NT5DC1	0.11142877693273334
NT5DC2	-0.036963431656857004
NT5DC3	-0.4565770829785567
NT5E	0.40358303823862063
NT5M	0.6457823660472162
NTAN1	-0.41620272567037286
NTF3	0.349563106173343
NTHL1	-0.637769648022406
NTM	-0.2142171583463834
NTMT1	-0.2080632675125873
NTN1	1.2521018069679224
NTN4	-0.5960644946593749
NTN5	0.7159668284621934
NTNG1	-0.3618969512171711
NTNG2	-0.3613319346174002
NTPCR	-0.2342536340468353
NTRK1	1.4084773882974797
NTRK2	0.14434355887470496
NTRK3	0.19373423455987895
NTSR1	-1.742313676231507
NUAK1	-0.3850145694376545
NUAK2	-0.2142171583463834
NUB1	0.10290940464609122
NUBP1	-0.28453504809345276
NUBP2	-0.34768201270843946
NUBPL	-0.5759200216945697
NUCB1	0.45883647889039025
NUCB1-AS1	-0.06419685089099092
NUCB2	0.49935884002654163
NUCKS1	-0.24059002484016823
NUDC	0.13450792451007132
NUDCD1	0.12509483264666166
NUDCD2	0.3646609696731602
NUDCD3	0.021474505191529047
NUDT1	-0.2896139237860247
NUDT13	0.22267208478875755
NUDT14	-0.15636227360736843
NUDT15	0.24238218535204403
NUDT16	-0.3031890046976997
NUDT16L1	-0.38964600003751304
NUDT17	0.08101522967793606
NUDT18	1.0893554801914815
NUDT19	-0.2752324582998238
NUDT19P2	-0.5960644946593749
NUDT2	-0.13277240960967873
NUDT21	-0.08731300384382834
NUDT22	0.27532888999087746
NUDT4	-0.1399244536838644
NUDT5	-0.04319933867363801
NUDT6	0.21153757244105265
NUDT7	-0.29017875403120996
NUDT8	0.9080877164871106
NUDT9	-0.3492254560531549
NUDT9P1	0.8619295595745399
NUF2	0.0841950514824461
NUFIP1	-0.11625318881355362
NUFIP1P	-1.0364800654553339
NUFIP2	-0.027058603765709677
NUGGC	0.46679815571029437
NUMA1	0.024548405693357367
NUMB	0.40718354786062605
NUMBL	0.04780685903917714
NUP107	-0.423247114141553
NUP133	-0.2992853539895943
NUP153	0.027286551266042736
NUP155	0.17618651514759698
NUP160	0.024384822447897747
NUP188	-0.06478377369687394
NUP205	-0.12079779640568589
NUP210	0.2289124663335329
NUP210L	-0.14744440700070083
NUP210P1	0.0
NUP214	-0.351121518845531
NUP35	0.23258101458606717
NUP37	-0.30839973052731295
NUP43	-0.15567404360444925
NUP50	-0.18845384163805967
NUP50-AS1	0.3441284445613615
NUP50P1	0.4352975487740589
NUP50P2	0.5105220878172415
NUP54	-0.1581166070343496
NUP58	-0.07321393745405658
NUP62	0.3300011885486782
NUP62CL	0.0
NUP85	-0.38134002183381277
NUP88	0.07723037594101534
NUP93	0.14368284065667325
NUP98	-0.09038448036010927
NUPL2	-0.05276183181638494
NUS1	-0.19217225995826404
NUS1P1	0.1251215345122043
NUS1P3	-0.2142171583463834
NUSAP1	0.20068440039600688
NUTF2	0.06166557401005157
NUTF2P7	-0.2142171583463834
NUTF2P8	0.0
NUTM1	-0.24668133623608016
NUTM2A	-0.39459822169499637
NUTM2A-AS1	-0.30424128399281436
NUTM2B	0.27297710154131316
NUTM2B-AS1	-0.15872363028085879
NUTM2D	-0.47879330036945955
NUTM2E	0.3869143031559339
NUTM2G	1.2180363771135247
NUTM2HP	0.543297340733222
NVL	-0.27321000737468104
NWD1	0.5498410520988639
NXF1	0.20071983646424485
NXF3	0.7475897326988115
NXF5	1.5706497861348894
NXN	0.6795537046089293
NXNL2	0.6012125032505322
NXPE3	-0.2741375972480071
NXPH1	0.1353459478269596
NXPH3	1.1228813275222442
NXPH4	0.26653734933978734
NXT1	-0.19230982977934197
NXT2	-0.4082773685346517
NYAP1	-0.1918851866556065
NYAP2	1.8252105566595496
OAF	0.07995082465083492
OARD1	0.18515961398497893
OAS1	-1.1358005542912837
OAS2	0.14579400154431243
OAS3	-0.5910241791723347
OASL	0.7799358700907209
OAT	-0.8597355210144557
OAZ1	0.4006095326103143
OAZ2	0.20320192802568826
OAZ3	0.47625841174314854
OBSCN	-0.7813543328839891
OBSL1	-0.30218576976987244
OCA2	1.1065797881501656
OCEL1	0.8191983110854197
OCIAD1	-0.15213731392926633
OCIAD2	0.3389323644873343
OCLN	-0.6178251149878298
OCM	0.056851444027912035
OCRL	-0.06729460094662798
OCSTAMP	1.9740442144242174
ODC1	-0.0052947484176328885
ODF2	-0.32549452731976203
ODF2L	-0.2842140354056273
ODF3B	0.009715595139228816
ODF3L1	0.0
ODF3L2	0.0
OFD1	-0.016293059384226538
OGDH	0.18262964534777737
OGFOD1	0.10300889740667074
OGFOD1P1	0.6743811442008119
OGFOD2	-0.3380533872851288
OGFOD3	-0.4907834101697297
OGFR	0.01822665241490995
OGFR-AS1	0.6489119615980683
OGFRL1	0.09720702915210389
OGFRP1	-0.011476901191636024
OGG1	0.19779773208770024
OGN	0.2405997432607187
OGT	-0.11694565179976912
OIP5	0.08465355735459212
OIP5-AS1	0.03804568873106895
OIT3	0.4383844631355048
OLA1	0.041089147769577394
OLA1P1	0.5373785696250424
OLAH	0.349563106173343
OLFM1	0.0
OLFM2	-0.2142171583463834
OLFM3	0.9834478965184549
OLFM5P	0.8615073424026534
OLFML2A	0.7446828369329945
OLFML2B	1.52963024631735
OLFML3	-0.46089849458246357
OLIG1	2.8190677149072485
OLIG2	1.4682889507065626
OLMALINC	0.6631267028719883
OLR1	-0.6165474184458793
OMA1	-0.20690614898502346
OMG	1.078299036004724
ONECUT1	-1.391470828712018
ONECUT3	0.0
OOEP	0.543297340733222
OOSP1	0.32602806853762667
OPA1	-0.06473805691517498
OPA1-AS1	1.158328290303868
OPA3	0.0775925717296424
OPCML	1.48263490155944
OPHN1	0.8660944171782727
OPLAH	-0.6152327893144673
OPN1SW	-0.20361417992160347
OPN3	0.07613975053958377
OPRD1	0.19373423455987895
OPRK1	0.0
OPRL1	0.1749283899465075
OPRM1	0.5619887398966373
OPTN	0.5498410520988639
OR10AB1P	-2.144304347612666
OR13A1	1.3264106895142167
OR13C2	0.0
OR13C9	-0.2142171583463834
OR2AG1	-0.2142171583463834
OR2AG2	-0.7264761281062138
OR2AL1P	-0.6663827405266808
OR2B11	-0.2142171583463834
OR2B6	1.3000349581931336
OR2D2	-0.6663827405266808
OR2L13	1.1007875652464485
OR2T32P	0.38167833544157176
OR2T8	-0.8849766925258548
OR2W2P	0.44186601346556653
OR2W3	0.4280875214461677
OR2W6P	-0.22451672706111425
OR4N2	0.0
OR4T1P	-0.4404155707959591
OR51B5	-0.39268162638299414
OR51E2	0.44186601346556653
OR51L1	0.3314522078833348
OR51R1P	-0.02048292378650446
OR52K2	-0.13118138462719653
OR52K3P	0.3788300683652466
OR52N4	0.44186601346556653
OR52P1P	0.19373423455987895
OR52V1P	0.349563106173343
OR56A5	0.0
OR5AC4P	-0.4404155707959591
OR5BR1P	-0.6663827405266808
OR5P4P	0.0
OR6A2	0.0
OR6E1P	-0.3850145694376545
OR6K3	0.19373423455987895
OR7D2	0.38593162641475065
OR7E101P	-0.2142171583463834
OR7E109P	0.349563106173343
OR7E12P	0.0
OR7E154P	0.6670761016358153
OR7E156P	-0.4404155707959591
OR7E22P	-0.5992317277840379
OR7E29P	0.0
OR7E37P	0.8209944036132923
OR7E38P	-0.49189170722116726
OR7E47P	-1.106416857250536
OR7E7P	0.17597593679186918
OR7M1P	0.0751201005220627
OR8R1P	0.32908018238683856
OR9A3P	-0.3618969512171711
OR9A4	-0.3850145694376545
OR9N1P	-0.3850145694376545
OR9Q1	0.0
ORAI1	-0.2944501845436909
ORAI2	0.22233653744475568
ORAI3	0.4387098685498412
ORAOV1	-0.01468092804683252
ORC1	0.11333237586834422
ORC2	-0.18968199508335282
ORC3	-0.15529132177208282
ORC4	0.02593728638977666
ORC5	0.35667026004679414
ORC6	0.012069141732096611
ORMDL1	0.06890466352691504
ORMDL2	-0.7423862509311476
ORMDL3	-0.9196981081378048
OS9	-0.26912869850567844
OSBP	0.14864490494665716
OSBP2	-1.0872803135249367
OSBPL10	0.25627059036813327
OSBPL11	0.1968681053493757
OSBPL1A	0.15745880466414874
OSBPL2	-0.046127910797075344
OSBPL3	-0.12470669329471029
OSBPL5	0.466159189871302
OSBPL6	-0.38444672412219205
OSBPL7	-0.5097973861349434
OSBPL8	-0.40043704124018475
OSBPL9	0.16580910431871487
OSCAR	-0.038428196697389616
OSCP1	-0.18985768374388012
OSER1	-0.3185416458112389
OSER1-AS1	0.34602803228652235
OSGEP	-0.5111297441392448
OSGEPL1	-0.317219471801657
OSGEPL1-AS1	0.37234197314976125
OSGIN1	0.6170499385310717
OSGIN2	0.19720603299755624
OSM	0.8233413517697121
OSMR	0.0
OSR2	0.16253383373649832
OST4	0.15161799474088689
OSTC	0.29542741894214686
OSTCP1	0.0
OSTCP7	-0.9776771159515958
OSTF1	0.40094762627624014
OSTM1	0.11472627806142555
OSTN	-0.2142171583463834
OTC	0.6824657567262851
OTOA	-0.3850145694376545
OTOF	2.13040634465436
OTOG	-0.03545146326431148
OTP	0.0
OTUB1	0.04565462003308163
OTUB2	-4.202920032259886
OTUD1	0.9218707270122781
OTUD3	-0.4057782419654501
OTUD4	0.1988907086755134
OTUD4P1	-0.40929869088418425
OTUD5	0.10647328429145553
OTUD6B	0.3176170482416829
OTUD6B-AS1	0.05093907660629071
OTUD7A	0.5300644768472758
OTUD7B	-0.003511586588860638
OTULIN	-0.19265088679755493
OTX1	0.13271135724511307
OTX2	-0.4404155707959591
OTX2-AS1	0.349563106173343
OVAAL	-5.856962505252855
OVCH1	1.2411496270734963
OVCH1-AS1	-0.14326874369346643
OVGP1	-0.4613911856706743
OVOL2	0.543297340733222
OVOL3	0.9149777462778925
OXA1L	-0.1681405677636274
OXCT1	-0.2212212435447043
OXCT1-AS1	-0.3850890416863688
OXER1	0.08506765841362074
OXLD1	0.16792337959013537
OXNAD1	0.11852843958861925
OXR1	0.20312553260257182
OXSM	-0.061597773814058954
OXSR1	0.14404073059425038
OXTR	-1.2685339294277327
P2RX1	0.7552279611732882
P2RX4	-0.09625038452536838
P2RX5-TAX1BP3	0.884435230601671
P2RX6	-0.3850145694376545
P2RX7	0.17256089169542932
P2RY1	-0.3228573939285351
P2RY10	-0.021604481720155277
P2RY12	-0.3618969512171711
P2RY13	0.7435752866587428
P2RY14	1.94138271034488
P2RY2	0.1459954307251632
P2RY4	-0.16816271665729213
P2RY6	-0.00786389036287094
P3H1	0.5831146715080919
P3H2	-0.2142171583463834
P3H2-AS1	0.5498410520988639
P3H3	-0.02738413878692647
P3H4	-1.3571753184597126
P4HA1	0.6448136577810182
P4HA2	0.28318075557700634
P4HA3	0.1353459478269596
P4HB	0.10769379756147934
P4HTM	0.0016816702549107276
PA2G4	-0.3550874005965756
PA2G4P1	-0.02048292378650446
PA2G4P2	0.19373423455987895
PA2G4P5	0.170648984123267
PA2G4P6	-0.705027857571999
PAAF1	0.057850872255384544
PABPC1	-0.0520882007040111
PABPC1L	-0.7897059389645236
PABPC1P3	0.11497462557827332
PABPC1P4	0.6356002480254456
PABPC3	-1.2624472351860556
PABPC4	0.0924683132398254
PABPN1L	0.349563106173343
PACERR	-0.3618969512171711
PACRG	-1.6169124344116899
PACRGL	-0.40248206788155017
PACS1	0.48473576110070127
PACS2	0.20493554968767924
PACSIN1	0.6681953250146608
PACSIN2	-2.0747584674296604e-05
PACSIN3	0.47869949342002993
PADI2	-1.289853094378782
PADI4	0.44186601346556653
PAEP	-0.2142171583463834
PAF1	-0.05534710267873599
PAFAH1B1	-0.05951903192677577
PAFAH1B2	-0.0032170166863885186
PAFAH1B3	0.057073818815091215
PAFAH2	0.5152827178295052
PAG1	0.07071025094548311
PAGE2B	0.07101160697644049
PAGR1	-0.0698037306043986
PAH	-0.2142171583463834
PAICS	-0.1363558495409123
PAICSP1	-0.06273928445198784
PAICSP4	0.19373423455987895
PAIP1	0.12346461939301712
PAIP2	0.0589310767487774
PAIP2B	-0.4881150174123894
PAK1	-0.11937105409454318
PAK1IP1	0.02877467232583797
PAK2	0.07104022780238495
PAK3	-0.02048292378650446
PAK4	-0.07469076167514466
PAK5	-1.039647298579997
PALB2	-0.001319753195357265
PALD1	-0.6687706490286125
PALLD	-0.03545146326431148
PALM	1.8223770770840755
PALM2-AKAP2	-0.2142171583463834
PAM	0.24612339022316299
PAMR1	-0.2142171583463834
PAN2	-0.35903706377302846
PAN3	-0.1809792643266519
PAN3-AS1	0.5540398603780305
PANK1	-0.37701073853275346
PANK2	-0.07595955248139497
PANK3	-0.0460764103205662
PANK4	0.1749796729712365
PANO1	0.423678731489628
PANX1	-0.11818544479378446
PANX2	1.3441039244043775
PAOX	-0.9227983105185826
PAPD4	0.025590593293568276
PAPD5	-0.1181005538449238
PAPD7	-0.15426406129041048
PAPLN	0.0
PAPOLA	0.14021056279849553
PAPOLG	-0.0112950540119936
PAPPA	-0.2142171583463834
PAPPA-AS1	-0.4404155707959591
PAPPA2	1.054143444301142
PAPSS1	0.240986361062955
PAPSS2	-0.5992317277840379
PAQR3	-0.22869783602945049
PAQR4	-0.10865847799738759
PAQR5	-1.7347940988976838
PAQR6	0.44489294876748975
PAQR7	-0.6991694832198827
PAQR8	0.8354269788860842
PAQR9	-0.18308905658840513
PAQR9-AS1	0.38167833544157176
PARD3	0.15387795812551452
PARD3B	0.4496250535373115
PARD6A	-0.20265878177100483
PARD6B	-0.41993217361917434
PARD6G	-0.5117971968160617
PARD6G-AS1	-0.028375018939511776
PARG	-0.2748675056214154
PARGP1	-0.1608509365184574
PARK2	0.22666053083985627
PARK7	0.15582638665682325
PARL	-0.07319517320569524
PARM1	-0.24966862161069486
PARN	-0.43299733851760003
PARP1	-0.27783427930076243
PARP10	0.5368546760864596
PARP11	-0.8351600357310822
PARP12	0.5157734608821265
PARP14	-0.02370039094087595
PARP15	-0.2228705334265424
PARP16	0.17105543830885495
PARP2	-0.4760499347058307
PARP3	0.5158512656433736
PARP4	0.31988547943750767
PARP4P1	-0.4154593127714907
PARP4P2	1.4552713315226047
PARP6	-0.17881369660103452
PARP8	0.39846511226123127
PARP9	0.10236226337971743
PARPBP	-0.055185764603869814
PARS2	0.2324392019411965
PART1	0.0
PARTICL	-0.2506989835083284
PARVA	-0.5960644946593749
PARVB	0.12787220448317882
PARVG	0.3431163219343709
PASD1	-0.10574566519233253
PASK	-0.2707987104981342
PATE2	0.0
PATJ	-0.5992317277840379
PATL1	-0.14350266199397232
PATL2	0.47441821392607464
PATZ1	-0.030349932664227808
PAWR	-0.2142171583463834
PAWRP2	-0.3850145694376545
PAX2	1.8030719890693172
PAX3	0.0
PAX5	-0.20569802808341286
PAX6	-0.23073554192104595
PAX7	0.19373423455987895
PAX8	0.349563106173343
PAX8-AS1	-0.42131378522885043
PAXBP1	-0.02331277493080819
PAXBP1-AS1	0.6629710009813512
PAXIP1	-0.034323229818307155
PAXIP1-AS1	0.19439508729539234
PAXIP1-AS2	-0.19692097069677938
PBDC1	0.25227820951756286
PBK	0.4662080843822096
PBLD	0.1327683278293179
PBOV1	0.19373423455987895
PBRM1	-0.12427950061579018
PBX1	-0.3618969512171711
PBX2	-0.031227044992064634
PBX2P1	0.13503509086854182
PBX3	0.00677079799321767
PBX4	-0.6257665590643547
PBXIP1	-0.24109739213919212
PC	0.3885793170490861
PCA3	-0.2142171583463834
PCAT1	-0.3618969512171711
PCAT14	0.19373423455987895
PCAT18	0.44186601346556653
PCAT19	0.19373423455987895
PCAT2	-0.2142171583463834
PCAT29	-0.2142171583463834
PCAT4	0.0
PCAT5	-0.2142171583463834
PCAT6	1.097722695133944
PCAT7	-0.3718971898702535
PCBD1	0.17627621093892465
PCBD2	-0.12160810667624311
PCBP1	0.19794581359918695
PCBP1-AS1	0.14349304883710623
PCBP2	-0.3618150755937002
PCBP2P1	-0.9423749718410585
PCBP2P2	-0.16816271665729213
PCBP3	-1.5261182615411366
PCBP4	0.3722184827252768
PCCA	-0.045273508629926296
PCCB	-0.06857893622258793
PCDH11X	-0.02048292378650446
PCDH11Y	-0.19128033487777554
PCDH12	-1.1109805757856832
PCDH15	0.32908018238683856
PCDH19	0.349563106173343
PCDH20	-0.1086618562133248
PCDH7	0.06920887561140088
PCDH8	0.44186601346556653
PCDH9	-0.8067255452630402
PCDHB@	0.12415725813231915
PCED1A	-0.2674349618648648
PCED1B	0.48482747057517894
PCED1B-AS1	0.45899632695650894
PCF11	-0.06718758917624434
PCF11-AS1	-0.6078754923575875
PCGF1	0.2042287531897422
PCGF2	-1.1512345538756588
PCGF3	0.05320225643411547
PCGF5	-0.39653650545969654
PCGF6	-0.25803949416339833
PCGF7P	0.0
PCID2	-0.11752182169422554
PCIF1	-0.05799730410968351
PCK2	0.09015946636696626
PCLAF	-0.23187726425968513
PCLO	-0.5721434856472696
PCM1	0.09810492067735588
PCMT1	0.14540183876513701
PCMTD1	-0.0022910911303615222
PCMTD2	-0.351300355002067
PCNA	0.012466084054139515
PCNA-AS1	0.19733501088486538
PCNP	-0.14491196462232736
PCNPP5	-0.2142171583463834
PCNT	0.176715271507355
PCNX1	0.32628315214746983
PCNX2	-1.3067518081686629
PCNX3	0.08760311539145782
PCNX4	-0.4248996453666347
PCOLCE	-0.11724373750990136
PCOLCE-AS1	1.1311393052940886
PCOLCE2	0.4583558545576514
PCP2	0.4429609816212188
PCP4L1	0.4383844631355048
PCSK2	-0.8254301402336136
PCSK4	-0.04636103877253417
PCSK5	-0.5531772860949465
PCSK6	1.0706769625123727
PCSK6-AS1	0.7077744945377864
PCSK7	-0.10448679058702126
PCTP	0.5069765332166281
PCYOX1	0.3983523980245245
PCYOX1L	0.4857630757034439
PCYT1A	-0.025556277461003418
PCYT2	-0.05280706772741972
PDAP1	-0.14505451326268037
PDC	0.6908104414887712
PDCD10	0.060277226387372096
PDCD11	-0.4556679000927293
PDCD1LG2	0.44186601346556653
PDCD2	0.07486951213144089
PDCD2L	0.1689356598040508
PDCD4	-0.014694412751266483
PDCD4-AS1	0.024511859584294804
PDCD5	0.05793017490275432
PDCD6	0.25744933735283126
PDCD6IP	-0.057512458081625084
PDCD6IPP1	-0.6427558591576535
PDCD6IPP2	-0.1229624394920954
PDCD7	-0.024091210485003955
PDCL	-0.4017168201509218
PDCL3	0.029434276335727816
PDCL3P4	1.1228813275222442
PDDC1	-0.22626254421346204
PDE10A	0.19373423455987895
PDE11A	0.33290265055294216
PDE12	-0.1987842592962803
PDE1A	0.6518435163433254
PDE1B	-0.5846077327081929
PDE1C	0.19373423455987895
PDE2A	0.32227179694353536
PDE3A	-0.029887025504553577
PDE3B	-0.16744129336994718
PDE4A	-0.2710448158240508
PDE4B	1.1451177567118602
PDE4C	0.0
PDE4D	0.32496650264083016
PDE4DIP	0.28241103492330843
PDE4DIPP1	0.349563106173343
PDE5A	-0.3276086236495539
PDE6A	1.0807058462277874
PDE6C	0.5737304109624642
PDE6D	0.28399617963352775
PDE6G	-0.4490216245977746
PDE6H	0.1639140763330374
PDE7A	0.3887491440687878
PDE7B	0.2573954904109552
PDE8A	-0.06453003372143762
PDE8B	0.6886594976107809
PDE9A	2.304904363297638
PDGFA	0.6852797824954804
PDGFC	-0.4863589668384485
PDGFD	0.349563106173343
PDGFRA	1.162244963810753
PDGFRB	0.24228142864918
PDGFRL	-0.9608143981082999
PDHA1	0.1268276431706461
PDHB	0.27575818020426546
PDHX	0.005468944825253175
PDIA2	0.349563106173343
PDIA3	0.5503380021942235
PDIA3P1	0.3372541409790881
PDIA4	0.41317943339536
PDIA5	0.46530287612786125
PDIA6	0.48084675035145885
PDIK1L	-0.03521334937837928
PDK1	0.046295394635810894
PDK3	-0.07763071833571367
PDLIM2	0.6707234664118031
PDLIM5	0.1971503228128224
PDLIM7	0.4282695724766796
PDP1	-0.3879570698548269
PDP2	-0.10574263199702294
PDPK1	-0.4466483223825737
PDPK2P	-0.6318336477001383
PDPR	0.08641439362826908
PDRG1	-0.40595090506395337
PDS5A	0.062198492250354676
PDS5B	-0.02906214613628677
PDSS1	0.12387945795269673
PDSS2	0.04882187902512314
PDXDC1	-0.21606639255906757
PDXDC2P	0.8543668048802786
PDXK	0.4560005881903191
PDXP	-0.03805094325743852
PDZD11	-0.10919967702514555
PDZD2	0.6611569753771681
PDZD7	-1.452562056481348
PDZD8	-0.0968707510950324
PDZD9	-0.7517192220702777
PDZK1	-0.3068896248021371
PDZK1P1	0.19373423455987895
PDZRN3	0.19373423455987895
PDZRN4	0.5498410520988639
PEA15	0.3818005050524018
PEAK1	-0.024045971819679934
PEAR1	1.2062394942689922
PEBP1	-0.19114355938404515
PEBP1P2	-0.4404155707959591
PEBP4	0.22764885511918312
PECAM1	2.2555274574756403
PECR	-0.8004671996763078
PEF1	-0.11440324321818451
PEG10	-0.3886705041074183
PELI1	0.1681676474464009
PELI2	-1.9816124515369342
PELI3	-0.4535144264965245
PELP1	-0.05723175785211687
PEMT	0.39504580732488215
PENK	0.7914291196389095
PEPD	0.3030202600261731
PER1	0.3281605572565738
PER2	0.0132371211141038
PER3	-0.26651402722040096
PERM1	0.0
PERP	-0.9579614458765461
PES1	0.030190144163642074
PET100	0.0069045454480214374
PET117	-0.7929949421805866
PEX1	-0.3612181333360329
PEX10	0.25900554089305317
PEX11A	-0.24568929059280542
PEX11B	0.013260032725405324
PEX12	-0.6304228297601542
PEX13	0.006077069333141338
PEX14	-0.004172023499814159
PEX16	-0.1476227009457567
PEX19	0.10638489090251291
PEX2	0.22882135643675738
PEX26	-0.2966748373084709
PEX3	0.01604348094955732
PEX5	-0.23628580506421315
PEX5L	-1.335214741233326
PEX6	0.6088010585000561
PEX7	-0.006533472252284511
PFAS	-0.08337019350025976
PFDN1	0.024018732926800013
PFDN2	0.30065660060621546
PFDN4	-0.3441528568392638
PFDN5	-0.5265627033705051
PFDN6	-0.07199162907335932
PFKFB1	0.8943436874208417
PFKFB2	0.10982561643471334
PFKFB3	0.25781355020521346
PFKFB4	0.27473963036992455
PFKL	0.4097113835286734
PFKM	0.12282534176407722
PFKP	0.032954622252358234
PFN1	0.5393159015127171
PFN1P1	0.6088462357464249
PFN1P11	-0.5960644946593749
PFN1P6	-0.2142171583463834
PFN2	0.25153145671009725
PFN4	0.9818623456721827
PGAM1	-0.2891657660231317
PGAM1P2	-0.3850145694376545
PGAM1P5	-0.5153156686003858
PGAM1P8	0.5135045636575675
PGAM2	-0.3850145694376545
PGAM4	-0.28098671701692224
PGAM4P1	-0.6546327291423425
PGAM5	-0.35708283404274965
PGAP1	-0.2611898567539157
PGAP2	-0.646258050641908
PGAP3	-1.2588383026119176
PGBD1	-0.03704591013234193
PGBD2	-0.3437626420271478
PGBD4	-0.6434389152574269
PGBD4P6	0.0
PGBD5	0.044821220170252474
PGD	0.594170465473999
PGDP1	0.19373423455987895
PGF	0.009167900920670657
PGGHG	-0.07151722807099237
PGGT1B	0.09939963736161239
PGK1	0.22256577571323355
PGK1P2	0.19373423455987895
PGLS	0.1508762684943452
PGLYRP3	0.0
PGM1	0.40973883925935084
PGM2	0.20196982435151867
PGM2L1	-0.03649891276413264
PGM3	0.5130628616484447
PGM5	0.0
PGM5P2	0.30876498269817376
PGM5P4-AS1	-0.9579614458765461
PGP	-0.4987022138205184
PGPEP1	-0.14300815925154708
PGR	-0.4404155707959591
PGR-AS1	-0.2142171583463834
PGRMC1	0.5021695241998607
PGRMC2	0.0038973717609991354
PGS1	-0.48583161892876703
PHACTR1	0.47531852633087013
PHACTR2	0.1144987243269373
PHACTR3	0.2960007446190233
PHACTR4	-0.05981571692235299
PHAX	-0.015244471331270049
PHB	-0.2945188429111276
PHB2	-0.2279970074182458
PHBP10	-0.2142171583463834
PHBP7	-0.3850145694376545
PHBP9	-0.02048292378650446
PHC1	-0.7210905304084338
PHC1P1	-1.4395499015843454
PHC2	0.5134765123722413
PHC3	-0.27889564711186665
PHEX	-1.4575143650099716
PHF1	-0.022549740844960198
PHF10	-0.11288900893642939
PHF12	0.05961899957313044
PHF13	0.11369487460691374
PHF14	-0.08117494212608456
PHF19	-0.39079586187780535
PHF2	0.04520794190326072
PHF20	-0.2888676521962097
PHF20L1	0.1650729748018609
PHF21A	0.3775515917685528
PHF23	0.25657681759287065
PHF24	0.19373423455987895
PHF3	0.05533634238899232
PHF5A	-0.15325538948469664
PHF6	-0.10514293283261011
PHF7	0.44404632023416823
PHF8	0.29603360481888785
PHGDH	-0.008402916946105066
PHIP	0.072825610183477
PHKA1	0.1150180389197144
PHKA1-AS1	-0.3850145694376545
PHKA1P1	-0.2565590160548318
PHKA2	-0.10248394994625265
PHKA2-AS1	-0.0020311076604543343
PHKB	0.16002264906805586
PHKG1	0.5344326736846146
PHKG2	0.18469527932684038
PHLDA1	0.7775326042253408
PHLDA2	2.705655300118239
PHLDB1	-0.34019566558720804
PHLDB2	-0.20582011423607938
PHLDB3	-0.5009704973111777
PHLPP1	-0.035289358232168055
PHLPP2	0.08178313129251791
PHOSPHO1	0.0
PHOSPHO2-KLHL23	-0.23180898031839803
PHPT1	-0.09808860306512557
PHRF1	0.0159293999320127
PHTF1	0.8348319848175816
PHTF2	0.06722798791925833
PHYH	0.05820140797132378
PHYHD1	-0.4747209515768012
PHYHIP	0.07996906224839545
PHYKPL	0.03119703677883301
PI15	-0.02048292378650446
PI4K2A	-0.6750247558695186
PI4K2B	0.3765920968945853
PI4KA	0.003883240709923186
PI4KAP1	-0.2091104460808566
PI4KAP2	-0.12526772724523383
PI4KB	0.23733896956852263
PIANP	-0.27620345289101167
PIAS1	-0.03906988850351034
PIAS2	-0.0611729728037389
PIAS3	-0.07690442412824439
PIAS4	0.17456435133351356
PIBF1	0.13242387312800652
PICALM	0.4301363224793171
PICK1	0.04110879300805337
PID1	-0.6821101889580894
PIDD1	-0.08320430543208168
PIEZO1	0.25304548393524406
PIEZO2	0.32056880550911404
PIF1	0.021116407999102194
PIFO	-0.02048292378650446
PIGA	0.06618630219036348
PIGB	0.1183168564439594
PIGBOS1	0.03790447126024965
PIGC	0.026923351693886488
PIGCP1	0.7577849707544728
PIGF	0.04819704668284608
PIGG	-0.1552096927791986
PIGH	0.21471100979011304
PIGK	0.04159640407999987
PIGL	0.08742490315527629
PIGM	-0.07221587714139588
PIGN	-0.3278454502193142
PIGO	-0.1854817107501816
PIGP	0.21260776223625122
PIGPP4	0.0
PIGQ	-0.449763380913061
PIGR	-0.02048292378650446
PIGS	0.26155165228399824
PIGT	-0.027623116428891592
PIGU	-0.39266783929618043
PIGV	0.04918903890170512
PIGW	-1.1321300308890692
PIGX	0.032008628493258584
PIGZ	0.27093242515632987
PIH1D1	-0.18377291892574021
PIH1D2	-0.2656917633266076
PIH1D3	0.0
PIK3AP1	-0.5629193049517163
PIK3C2A	0.5403177535251942
PIK3C2B	-0.6410893228405046
PIK3C3	0.16670040656200946
PIK3CA	-0.01034382756746055
PIK3CB	0.033938599683768444
PIK3CD	0.3395141338981347
PIK3CD-AS1	0.5056388293366716
PIK3CG	0.7837015442650657
PIK3IP1	-0.01671451394006329
PIK3IP1-AS1	-0.334930532643346
PIK3R1	-0.14145989648957347
PIK3R2	0.17272820126975752
PIK3R3	-0.15165229263321933
PIK3R4	-0.08613382758413479
PIK3R5	1.8046779753504083
PIK3R6	1.463712830033224
PIKFYVE	0.10540741135196718
PILRA	0.6490148282283732
PIM1	0.9143149718495671
PIM2	0.19967375223942874
PIM3	0.2129612733113344
PIN1	-0.09520136351448549
PIN4	-0.01439340838241776
PINK1	0.89890811794859
PINK1-AS	-0.5694717251913906
PINLYP	-0.2773889530763499
PINX1	0.06910005595461044
PIP4K2A	0.10912769181695658
PIP4K2B	-0.9319089794356152
PIP4K2C	-0.1419454991328024
PIP5K1A	-0.003851211372877472
PIP5K1B	-0.10260988840504925
PIP5K1C	0.3840557035861245
PIP5KL1	1.0683642096468664
PIPOX	0.43194792379505276
PIPSL	-0.07782023888554468
PIR	0.5568406390438397
PISD	-0.10709909672036311
PITHD1	0.041040591333040055
PITPNA	0.3232991826111036
PITPNA-AS1	0.40070445930779997
PITPNB	-0.13117799414686537
PITPNC1	0.8154714184959744
PITPNM1	0.4450389651672939
PITPNM2	0.4000264612702775
PITPNM3	-0.3517612327226489
PITRM1	0.11098695100310607
PITRM1-AS1	-0.01456535466984299
PITX1	0.3320631072822424
PIWIL2	0.41467252797309934
PIWIL3	-0.16816271665729213
PIWIL4	0.5609059793335529
PJA1	1.6096578822726624
PJA2	0.22226276434316006
PKD1	-0.39437810442551946
PKD1L1	0.22056406773298032
PKD1L2	0.8753741337235516
PKD1L3	0.9507756094238753
PKD1P1	3.1299428902377944
PKD1P2	0.7338241121866971
PKD1P3	0.25897623874513354
PKD1P4	3.824592799802751
PKD1P5	0.45990263239277107
PKD1P6	-0.680476059633083
PKD1P6-NPIPP1	-1.193604123254169
PKD2	0.050653865693307765
PKD2L1	-0.7397995103545766
PKD2L2	0.2525785672199077
PKDREJ	0.19373423455987895
PKHD1	-0.3850145694376545
PKHD1L1	0.44186601346556653
PKIA	0.0
PKIB	0.43371174682719005
PKIG	-0.8538813713057336
PKLR	0.44186601346556653
PKM	0.4300881071727929
PKMP1	0.0
PKMP3	-0.058516417319160574
PKMYT1	-0.5060407077501363
PKN1	0.09423146270787264
PKN2	-0.04745892512184113
PKN2-AS1	-0.31764720171680105
PKN3	0.09602414439743256
PKNOX1	0.07205378735980084
PKNOX2	-0.3618969512171711
PKP2	-1.2787844717033856
PKP2P1	-0.4747209515768012
PKP3	-0.006961909734867655
PKP4	0.28893792868277757
PKP4-AS1	0.3865157045259977
PLA1A	0.0
PLA2G10	-0.2142171583463834
PLA2G12A	-0.3651793080555077
PLA2G12AP1	0.07688799309130845
PLA2G12B	0.052775576755928366
PLA2G15	-0.05019758918675432
PLA2G1B	0.1353459478269596
PLA2G2C	1.217882042048939
PLA2G2D	0.22764885511918312
PLA2G4A	-0.26014783999222146
PLA2G4C	-0.15736571431847135
PLA2G4D	0.0
PLA2G4E	0.44186601346556653
PLA2G4E-AS1	0.6298101143472594
PLA2G6	-0.2603461140995691
PLAA	0.32723426203924255
PLAC1	-0.631041362003478
PLAC8	0.3630650047976651
PLAC8L1	-0.4779120266383501
PLAC9	-0.2142171583463834
PLAG1	-0.746074570353775
PLAGL1	0.17753522754069095
PLAGL2	-0.4010327942698453
PLAT	0.0
PLAU	0.5186967279180994
PLAUR	0.6546480323857873
PLB1	-0.14606417896970125
PLBD1	0.19373423455987895
PLBD2	-0.05729868788007231
PLCB1	3.8807437300684584
PLCB2	0.5049488292489741
PLCB3	0.13806475727386847
PLCB4	0.22764885511918312
PLCD1	0.32804252610058704
PLCD3	-0.7003415237090636
PLCD4	-0.957399828398104
PLCE1	-0.16656253704169166
PLCG1	-0.48268115844226855
PLCG1-AS1	-0.06339884043100419
PLCG2	-0.0593892973162049
PLCH1	-1.306507427066892
PLCH2	-0.03285493811123469
PLCL1	1.008594031758368
PLCL2	0.04970786752303802
PLCXD2	0.2209249092137915
PLCXD3	0.663842211883695
PLD1	0.22123230928054305
PLD2	-2.0355919448660242
PLD3	0.5631386938188836
PLD4	-0.9972378301913915
PLD5	-0.16816271665729213
PLD6	0.13623758616081894
PLEC	0.48848380404153335
PLEK	0.843918452365978
PLEKHA1	-0.47177130752510976
PLEKHA2	0.16786134898786997
PLEKHA3	0.31644034355673334
PLEKHA3P1	-0.5992235227030795
PLEKHA4	-0.3122513053088243
PLEKHA5	0.0
PLEKHA6	-1.0718802337508397
PLEKHA7	0.27090982627942783
PLEKHA8	-0.14105692669599712
PLEKHA8P1	-0.05951190042252463
PLEKHB2	0.014922493104881696
PLEKHD1	-1.4391038436569579
PLEKHF1	-0.20668860994702865
PLEKHF2	0.03770057172690855
PLEKHG1	0.0
PLEKHG2	-0.14086374955161673
PLEKHG3	-0.02033947357510435
PLEKHG4	0.19229880126861687
PLEKHG5	0.3356238937524805
PLEKHG6	-0.2142171583463834
PLEKHH1	1.7501794768530818
PLEKHH3	-0.4155998991447465
PLEKHJ1	0.17677580110288815
PLEKHM1	-0.7033457963238448
PLEKHM1P1	-0.42949574177692096
PLEKHM2	0.36841272552829096
PLEKHM3	-0.5247505255885905
PLEKHN1	1.1292209939906095
PLEKHO1	0.4912482845530928
PLEKHO2	0.2917583364798748
PLEKHS1	-0.8597355210144557
PLET1	0.0
PLG	1.5706658352835543
PLGLB1	-0.13873805405861628
PLGLB2	0.6559243957170825
PLGRKT	0.10740765905398497
PLIN1	-1.3047544820312846
PLIN2	1.0073768110875712
PLIN3	0.32303406417209146
PLIN4	-0.2142171583463834
PLIN5	0.349563106173343
PLK1	0.4408335554464564
PLK2	0.30936369546349685
PLK3	0.5977444744917806
PLK4	-0.12360363785213302
PLLP	0.3356238937524805
PLOD1	0.7639647705630566
PLOD2	0.22777975421870172
PLOD3	0.9738766603306139
PLP2	0.9417398876902912
PLPP1	0.09743255921760507
PLPP3	-0.3850145694376545
PLPP5	1.0121700374199252
PLPP6	0.2918492370081429
PLPP7	0.11723504953695138
PLPPR1	0.543297340733222
PLPPR2	-0.088297757686016
PLPPR3	-0.0740379690180859
PLPPR4	-0.4404155707959591
PLRG1	0.0633321693311899
PLS1	-0.28884902189641615
PLS3	-0.5960644946593749
PLSCR1	0.00893251393152461
PLSCR2	1.2014515746301968
PLTP	-0.36831563451391647
PLVAP	0.0
PLXDC1	0.0537800249437792
PLXDC2	0.0
PLXNA1	0.326449355507771
PLXNA2	0.8561266480666752
PLXNA3	0.7638907749346746
PLXNA4	-0.15768003152387017
PLXNB1	-0.3181745314217199
PLXNB2	-1.2701454836858908
PLXNB3	0.06796482836212969
PLXNC1	0.10781204512524489
PLXND1	0.0923168942428223
PM20D2	-0.3725665480560494
PMAIP1	0.02824698365242284
PMCH	1.1914381669063492
PMEL	-0.3013960436226011
PMF1-BGLAP	0.3009515216901115
PMFBP1	-0.5727122817636809
PML	0.19015897653585867
PMM1	0.03848693266449388
PMM2	-0.2949849373733766
PMP22	0.0
PMPCA	-0.23609197510671187
PMPCB	-0.02557616940252494
PMS1	-0.012690851286086158
PMS2	-0.1375981914265445
PMS2CL	-0.24140060571941735
PMS2P1	0.12563129300773213
PMS2P10	0.33359278609202625
PMS2P11	-1.4839709713108076
PMS2P12	0.29724738094432035
PMS2P2	0.32832092985317196
PMS2P3	-0.05341191918795474
PMS2P4	-0.3694261660587923
PMS2P5	0.028020105349990665
PMS2P7	0.09288707094954773
PMS2P9	0.07694259959171124
PMVK	0.437590276910619
PNCK	0.6459376288686771
PNISR	-0.05771031939849891
PNKD	0.16198214834770042
PNKP	-0.031933303435678795
PNLDC1	0.9238037560347432
PNMA1	0.4275371903553662
PNMA2	-0.28098671701692224
PNMA3	0.08622660142184602
PNMA6A	0.07811227750979999
PNMT	-0.2142171583463834
PNN	-0.16614630392706253
PNO1	0.14918655356326482
PNOC	0.44186601346556653
PNP	-0.27286028516581773
PNPLA1	1.2108733033126367
PNPLA2	0.4318066127710374
PNPLA4	0.31024595532946364
PNPLA6	0.35970482069943444
PNPLA7	-0.668812141861733
PNPLA8	0.4295991752683008
PNPO	-0.4076618538749841
PNPT1	-0.0628762373899523
PNPT1P1	0.0
PNRC1	0.1549239955091135
PNRC2	-0.40167400461634095
PNRC2P1	-0.3050696229689995
POC1A	-0.15947965628193828
POC1B	-0.4127821321252707
POC5	0.06865812951887662
PODN	-0.2142171583463834
PODNL1	1.8651998341990745
PODXL	0.7386860689673309
PODXL2	-0.06922550695938412
POF1B	-0.24668133623608016
POFUT1	-0.5558972072846355
POFUT2	0.5957331569309243
POGK	0.0465735475565765
POGLUT1	0.1796414822572867
POGZ	-0.2174516155532764
POLA1	-0.06265733997122958
POLA2	0.1802093079833913
POLB	0.19179611068483204
POLD1	0.0011687800826969408
POLD2	0.09095441855254194
POLD3	-0.18032033892418475
POLD4	-0.20495197935012222
POLDIP2	0.09619324236488502
POLDIP3	-0.12094509768355977
POLE	-0.5132953329392205
POLE2	-0.49525310621063134
POLE3	-0.33958890499820527
POLE4	0.3101154201583203
POLG	0.1494030402353701
POLG2	-0.5936954241537382
POLH	-0.03318379273988725
POLI	-0.18468994584914533
POLK	-0.14975106220881962
POLL	-0.4542914411426935
POLM	0.3461767096082493
POLN	-0.5462932308737036
POLQ	-0.1856476694244904
POLR1A	-0.16402443834265412
POLR1B	-0.002691006181462896
POLR1C	0.0807902301978416
POLR1D	-0.059832511613857164
POLR1E	0.16386712086640642
POLR2A	0.24746321917576175
POLR2B	0.1132308395696402
POLR2C	0.2913943532766421
POLR2D	-0.07465695004399464
POLR2E	0.1280976611230713
POLR2F	0.10057949778832231
POLR2G	-0.08947345096211023
POLR2H	-0.09859484374489469
POLR2I	0.04436566342713988
POLR2J	-0.021331375004791653
POLR2J2	0.15647053517322718
POLR2J3	-0.13816358611999746
POLR2J4	-0.31999573296842243
POLR2K	0.13521643074590628
POLR2KP1	-0.23245605436523142
POLR2L	0.48754833343127935
POLR3A	-0.4254440661183736
POLR3B	-0.15361767836358275
POLR3C	0.09459809717145795
POLR3D	0.2409455204003379
POLR3E	0.004988241626296741
POLR3F	-0.5741053643251419
POLR3G	-0.10891257031322077
POLR3GL	0.05457401731458589
POLR3H	-0.12367071073259694
POLR3K	-0.4728618412190073
POLRMT	0.14381221143299427
POLRMTP1	-0.41413430891863134
POM121	-0.13191121997047084
POM121B	-0.1064572421970933
POM121C	-0.027025087337928966
POM121L11P	0.2062943624798766
POM121L6P	-0.02048292378650446
POM121L8P	-0.4404155707959591
POM121L9P	0.577211961292526
POMGNT1	0.0712519403437657
POMGNT2	0.3958471010800624
POMK	-0.11495934271433317
POMP	0.12400885330636946
POMT1	-0.4586124836781025
POMT2	0.08130039350742457
POMZP3	-0.09992211005818596
PON1	0.0
PON2	0.6301975913044968
POP1	-0.14244729835316328
POP3	0.5033926933191102
POP4	-0.10292874520175488
POP5	-0.38821613366898333
POP7	0.357719483978336
POPDC2	0.8470658216038167
POPDC3	3.675797953665361
POR	0.4028853884100432
PORCN	0.25016594719161933
POT1	-0.2985080141261349
POT1-AS1	0.4319808525301485
POTEC	0.0
POTEF	-0.2142171583463834
POTEG	0.19373423455987895
POU2AF1	-0.39268162638299414
POU2F1	-0.20479563088513686
POU2F2	-0.028821616297194375
POU2F3	0.7438112741320906
POU3F1	0.1353459478269596
POU4F1	-0.14954818395930936
POU4F3	0.28318075557700634
POU5F1	0.3314522078833348
POU5F1P6	-0.6417827112766914
POU6F1	0.04474106981335346
POU6F2	-0.8254301402336136
PP14571	0.349563106173343
PP2D1	0.5303218652755524
PP7080	0.16236926183671496
PPA1	-0.1889511706704461
PPA2	0.049923117889310475
PPARA	0.20232362621695543
PPARD	0.15901681462331396
PPARG	1.357104656691356
PPARGC1A	0.9732786717910793
PPARGC1B	-0.34453574483776706
PPAT	-0.17964340089582365
PPATP1	-0.2142171583463834
PPBP	0.0
PPCDC	-0.07945944892619039
PPCS	0.09747303455257317
PPEF2	0.7204966609369683
PPFIA1	0.06794955469050734
PPFIA2	0.349563106173343
PPFIA3	0.12552666718208716
PPFIA4	0.16668795936485692
PPFIBP1	-0.5254413317194047
PPFIBP2	-0.33177138157487995
PPHLN1	-0.35513146953458374
PPIA	-0.031057071480852017
PPIAP11	-0.15779808286714614
PPIAP16	0.543297340733222
PPIAP18	0.4107284122886177
PPIAP22	0.037312210851008665
PPIAP29	-0.31475569490631994
PPIAP3	-0.16816271665729213
PPIAP31	0.11500051709252279
PPIAP4	0.11723504953695138
PPIAP6	0.22416730478912136
PPIAP9	0.2946924376119253
PPIB	0.5743504773648063
PPIC	-0.3850145694376545
PPID	0.2189838045564816
PPIE	0.20847111163896948
PPIEL	-0.20261016458357872
PPIF	-0.09495571264975311
PPIG	0.04065358078260495
PPIH	0.3652884839319501
PPIL1	0.1577048921227533
PPIL1P1	0.19373423455987895
PPIL2	-0.24502313643194995
PPIL3	0.05283791460498577
PPIL4	0.29290145596214145
PPIL6	0.770248186327203
PPIP5K1	-0.24319675507631722
PPIP5K1P1	0.11905258441742639
PPIP5K2	0.36685327171089277
PPL	0.19373423455987895
PPM1A	-0.491142179940951
PPM1B	0.07250090684159005
PPM1D	-0.3506168451593048
PPM1E	-0.001075941666870861
PPM1F	0.22166572688191977
PPM1G	-0.06234740791018112
PPM1H	-0.24574325365394856
PPM1J	0.948700036202107
PPM1K	-0.2266528428039578
PPM1L	0.4109095815039687
PPM1M	0.5496756745767808
PPM1N	0.8538574554500189
PPME1	0.24422920810218152
PPOX	0.12076439860437382
PPP1CA	0.16793438090685342
PPP1CB	0.03180998923292222
PPP1CC	-0.47302639738922636
PPP1R10	-0.007447557438103658
PPP1R11	0.007514539669530862
PPP1R11P2	0.0
PPP1R12A	-0.3487395311889312
PPP1R12B	-0.4450137838805812
PPP1R12C	-0.17004599019031907
PPP1R13B	0.13710828675953657
PPP1R13L	-0.2650466986022959
PPP1R14B	0.15728867716503458
PPP1R14BP2	0.22764885511918312
PPP1R15A	0.5254591118826681
PPP1R15B	-0.5502808670260517
PPP1R16A	0.29852216105289386
PPP1R16B	0.06714062436061408
PPP1R18	0.47757410879496476
PPP1R1B	-0.6546327291423425
PPP1R1C	-0.8387678006342163
PPP1R2	0.06288382067674192
PPP1R21	-0.021314343083162157
PPP1R26	-0.0029172746553154383
PPP1R26-AS1	0.293817541646586
PPP1R27	-1.0455193212857061
PPP1R2P3	0.3314522078833348
PPP1R32	-0.661071140422139
PPP1R35	0.1652212288903936
PPP1R36	0.7238951586122774
PPP1R37	-0.43574657422974905
PPP1R3B	1.3982147868756538
PPP1R3C	0.44186601346556653
PPP1R3D	-0.9552517937591638
PPP1R3E	-0.3378156940098993
PPP1R3F	0.46274106083949995
PPP1R42	0.19373423455987895
PPP1R7	0.17259931452493937
PPP1R8	-0.06362266020896179
PPP1R9A	0.38720860799773865
PPP1R9B	0.05529807539576126
PPP2CA	0.12189170728595222
PPP2CB	-0.03812182071417247
PPP2CBP1	0.30437357913775154
PPP2R1A	0.12149283494910179
PPP2R1B	-0.032812881748650824
PPP2R2A	0.28268338094286527
PPP2R2D	-0.8859591347135591
PPP2R3A	0.40552952502427014
PPP2R3C	-0.1902195828422535
PPP2R5A	-0.4057617661888191
PPP2R5B	0.5783193569660767
PPP2R5C	0.3352932561262829
PPP2R5D	0.08599925822252885
PPP2R5E	-0.07980825512444767
PPP3CA	0.01086702830062869
PPP3CB	0.21587861064277014
PPP3CB-AS1	-0.02634729675976466
PPP3CC	0.08307312666248734
PPP3R1	-0.012308012925879908
PPP4C	0.15120379114143745
PPP4R1	0.03238764166311725
PPP4R1-AS1	0.027861287746678176
PPP4R1L	-1.4456891910826015
PPP4R2	-0.14728407585138825
PPP4R3A	0.265167500544937
PPP4R3B	0.17340501529311503
PPP4R4	0.22764885511918312
PPP5C	0.03557947756704927
PPP5D1	0.4540678724882916
PPP6C	-0.391867768398777
PPP6R1	0.10185513315978234
PPP6R2	-0.03482340751340729
PPP6R3	-0.11410309806174723
PPRC1	-0.3985037318977973
PPT1	0.1405026677763157
PPT2-EGFL8	-0.6289425335964722
PPTC7	-0.46629263998205595
PPWD1	-0.06314588377601282
PQBP1	-0.03272731616778657
PQLC1	0.06468425761859642
PQLC2	0.42496232290974234
PQLC2L	-0.4404155707959591
PQLC3	0.9532930854968651
PRADC1	-0.07276981906010427
PRAF2	0.7851568972903316
PRAG1	0.6942084726943296
PRAM1	-0.8012754104952045
PRAME	-1.6948784605555014
PRAMEF25	0.0
PRAMEF6	0.0
PRAMENP	-0.14326874369346643
PRAP1	0.19373423455987895
PRC1	0.2962621544929789
PRC1-AS1	0.1361457077928998
PRCAT47	0.24702851543430993
PRCC	0.023771826239894267
PRCP	0.3376608817151805
PRDM1	0.3987019610543614
PRDM10	-0.12093717570153828
PRDM11	0.22166578534603332
PRDM12	0.7398691268260889
PRDM13	-0.6129781681455837
PRDM15	-0.10126608672851134
PRDM16	0.0
PRDM2	0.05136291487948341
PRDM4	-0.27703824449149295
PRDM5	-0.04574215338943688
PRDM6	0.0
PRDM7	-0.8254301402336136
PRDM8	-0.1002224764561852
PRDX1	0.22476191294164494
PRDX2	0.0
PRDX3	-0.29188612783060464
PRDX4	0.28433698391216033
PRDX5	0.6036905352653328
PRDX6	0.21470209060197476
PREB	0.27500995100781545
PRELID1	0.07810645297442775
PRELID1P1	0.004605534133331757
PRELID1P4	0.26111084618237856
PRELID2	-0.7555126680942896
PRELID3A	0.10379803343873295
PREP	0.08381755847045014
PREPL	-0.16781710525611615
PREX1	-0.2067263009519209
PRF1	-1.8798202928943888
PRG2	2.3389321027582906
PRG3	2.824107759125135
PRG4	-1.4887569423620675
PRH1-PRR4	-0.9712918469115541
PRH2	-0.2846585298348132
PRICKLE1	-0.10833005454443789
PRICKLE2	0.6356002480254456
PRICKLE2-AS3	0.056851444027912035
PRICKLE3	0.2939506099229465
PRICKLE4	0.3067772715274515
PRIM1	-0.32883994160230223
PRIM2	-0.06225276489118414
PRIMPOL	0.022242997055034408
PRKAA1	0.07651691129013827
PRKAB1	-0.4134325717963332
PRKAB2	0.12961412477664958
PRKACA	0.07093226128920627
PRKACB	0.2672764647428618
PRKAG1	-0.3394536452017807
PRKAG2	0.1319279679057388
PRKAG2-AS1	0.7287623008876007
PRKAR1A	-0.2830271895218015
PRKAR1B	0.3174443634199626
PRKAR2A	-0.008309483706179677
PRKAR2A-AS1	-0.6976243479472686
PRKAR2B	1.1427214770110758
PRKCA	0.20258736936164112
PRKCA-AS1	0.6681953250146608
PRKCB	0.3445570744343893
PRKCD	0.39618604148988545
PRKCE	1.5123553960361589
PRKCG	0.44186601346556653
PRKCH	0.5498410520988639
PRKCI	-0.05122827104444383
PRKCQ	-0.07962158102532424
PRKCQ-AS1	-0.13341070701676827
PRKCSH	0.3507979516381443
PRKCZ	0.8435304379215283
PRKD1	-0.2142171583463834
PRKD2	-0.17355973668026614
PRKD3	-0.0494609063866136
PRKDC	-0.05638321499053234
PRKG1	-1.8028304207235741
PRKG2	0.0
PRKRA	-0.12232961285260657
PRKX	-0.10970940853886013
PRKXP1	-0.31720584089795967
PRKXP2	-0.6546327291423425
PRL	0.4383844631355048
PRLR	-0.1889075079576199
PRMT1	0.08964762239720869
PRMT1P1	0.19373423455987895
PRMT2	0.5999724392594263
PRMT3	0.13242791105027152
PRMT5	-0.3040105567856912
PRMT5-AS1	-0.5580455138028694
PRMT6	0.001502090321260141
PRMT7	0.05870030902498158
PRMT8	-0.24668133623608016
PRMT9	-0.04111449293514724
PRNCR1	-0.36261947581143483
PRNP	0.23931086988889838
PROB1	-0.07252937699455941
PROC	0.7395443545143285
PROCA1	-0.03967895341150829
PROCR	0.6996189475834891
PRODH	0.23913970378243965
PROK1	-0.47264850596680186
PROK2	-0.38145533673421017
PROKR1	-0.8254301402336136
PROKR2	0.0
PRORSD1P	0.726777214203572
PROS1	0.34817111749428253
PROS2P	-0.39734841448148245
PROSC	0.17444080968454578
PROSER1	-0.08311275734822843
PROSER2	0.19373423455987895
PROSER2-AS1	0.5498410520988639
PROSER3	-0.5160690729655597
PROX1-AS1	-0.4404155707959591
PROX2	-0.9317364260304684
PROZ	-0.3098944689155918
PRPF18	0.05884684004514007
PRPF19	-0.0880910346006587
PRPF3	-0.03646369749410283
PRPF31	-0.07282717365982627
PRPF38A	0.12616755973648885
PRPF38B	-0.1068650177462569
PRPF39	-0.3903429992539227
PRPF4	-0.312452534181034
PRPF40A	0.017364507313189392
PRPF40B	-0.719510895779341
PRPF4B	-0.041050767230560226
PRPF6	-0.3683465857064121
PRPF8	0.22200676377264372
PRPH	-0.5992317277840379
PRPH2	0.0
PRPS1	-0.3912639691403168
PRPS1L1	-0.3850145694376545
PRPS1P2	-0.3850145694376545
PRPS2	-0.01102441362682427
PRPSAP1	-0.11397423163091247
PRPSAP2	0.3103797703598268
PRR11	-0.21536672342139696
PRR12	-0.0414173777398954
PRR13	-0.19396153184978715
PRR13P3	-0.370856011248918
PRR13P5	0.5263030315953032
PRR13P7	0.44186601346556653
PRR14	0.07552820263236448
PRR14L	0.023772330856807855
PRR15	-0.2142171583463834
PRR16	-0.5000551262213748
PRR18	0.31911836283950673
PRR19	0.13758780749938548
PRR22	-1.3934746026191722
PRR25	-1.4187325214082716
PRR29	-0.2142171583463834
PRR29-AS1	0.349563106173343
PRR3	-0.092608365254776
PRR36	0.22764885511918312
PRR5-ARHGAP8	-0.8721027391022225
PRR5L	0.2398977309001542
PRR7	0.37810585261301455
PRR7-AS1	0.28876625883398876
PRRC1	0.2127267341145238
PRRC2A	0.14644681523910918
PRRC2B	-0.34255334075087873
PRRC2C	-0.06740316866755336
PRRG2	1.0819257509163327
PRRG4	0.4512481851962873
PRRT1	0.3505631766170607
PRRT2	-0.16671227398768462
PRRT3	-0.40131792427476753
PRRT3-AS1	-1.2855256515277946
PRRT4	-0.07339466502065939
PRRX1	0.5293581283123594
PRRX2	0.0
PRSS12	4.854562652587836
PRSS16	-0.020136542704658922
PRSS21	-0.3618969512171711
PRSS23	-0.02048292378650446
PRSS27	1.1503047094632308
PRSS35	0.31159386920382504
PRSS36	-0.723953374917762
PRSS37	0.44186601346556653
PRSS38	-0.3850145694376545
PRSS3P3	0.349563106173343
PRSS42	-0.3850145694376545
PRSS46	-0.2142171583463834
PRSS48	0.0
PRSS52P	0.0
PRSS53	-0.10055163099269748
PRSS54	0.0
PRSS57	0.35121526457269514
PRSS8	-0.3850145694376545
PRTG	0.390539989920347
PRTN3	-0.38068157340143216
PRUNE1	0.20356595168685843
PRUNE2	-0.5946219979119949
PRX	-1.411499879889539
PSAP	0.3410196073190477
PSAT1	-0.24806488120111325
PSAT1P1	-0.5992317277840379
PSCA	0.3314522078833348
PSD	-0.8023828609002
PSD2	0.7435752866587428
PSD4	0.17041062869546053
PSEN1	0.24241955484149535
PSEN2	0.1014819940189966
PSENEN	-0.0835823688571029
PSIP1	-0.2188617310344334
PSIP1P1	-0.4404155707959591
PSKH1	0.5452893031450543
PSMA1	-0.023529817623872518
PSMA2	0.04835961374057973
PSMA3	-0.25984608533437736
PSMA3-AS1	-0.36544258630906334
PSMA3P	-0.2142171583463834
PSMA4	0.31772123398968155
PSMA5	0.11534755298307964
PSMA6	-0.3074184121530408
PSMA6P1	-0.6231970985314056
PSMA6P2	0.19373423455987895
PSMA7	-0.3440664310275423
PSMA8	-0.3850145694376545
PSMB1	0.07619081750559609
PSMB10	0.5682324726125216
PSMB2	0.18540408868713598
PSMB3	-0.7429150034949199
PSMB4	0.15539068124549793
PSMB5	-0.06259764196144602
PSMB6	0.12989418885441317
PSMB7	-0.2879273455788347
PSMB8	0.4137332080877485
PSMB8-AS1	0.6195932019090593
PSMB9	-0.09037770354851471
PSMC1	0.1965369148785605
PSMC1P1	-0.012914667868662244
PSMC1P3	0.19373423455987895
PSMC1P9	-0.03748257092476592
PSMC2	0.1298433501222771
PSMC3	-0.07574104543533444
PSMC3IP	-1.3014117270632184
PSMC4	0.12927608984013084
PSMC5	-0.3850063495187541
PSMC6	-0.1832890036996595
PSMC6P1	-0.24152764652864311
PSMD1	-0.00249633790230952
PSMD10	0.2808701576621271
PSMD10P2	0.349563106173343
PSMD10P3	0.0
PSMD11	-0.7829353986479841
PSMD12	0.008447251601554129
PSMD13	0.036283083150129514
PSMD14	0.15815426686410738
PSMD2	0.3803501992372844
PSMD2P1	0.14079645811255398
PSMD3	-0.7234276159189275
PSMD4	0.24767147671089873
PSMD5	-9.505863500996433
PSMD5-AS1	-7.7155389633498865
PSMD6	0.014502686640796014
PSMD6-AS2	-0.7280745718080421
PSMD7	0.3127113247682658
PSMD8	0.21033272018863158
PSMD9	-0.06467412426260033
PSME1	-0.09411937747509214
PSME2	-0.10314889746378775
PSME2P2	-0.02048292378650446
PSME2P3	0.19373423455987895
PSME2P6	0.19373423455987895
PSME3	-0.8143239752994447
PSME4	0.5274352923061301
PSMF1	0.0419951019164877
PSMG1	-0.027754372553442153
PSMG2	-0.012327756671661305
PSMG3	-0.018603768970107737
PSMG3-AS1	0.6237153833886557
PSMG4	0.10015591788707034
PSPC1	-0.17804034565198634
PSPC1P1	0.46679815571029437
PSPH	0.02598340432627566
PSPN	0.9387129757192236
PSRC1	0.08512205549160079
PSTK	-0.24712238576323564
PSTPIP1	0.23344052780198066
PSTPIP2	-0.30942227366218944
PTAFR	2.103077299374867
PTAR1	-0.20698720322219089
PTBP1	0.11460042838720419
PTBP2	-0.13480739004479503
PTBP3	-0.33143061939422047
PTCD2	-0.1042110889308292
PTCD3	-0.17802174704079832
PTCH1	3.5531687650428863
PTCH2	-0.4929865547847747
PTCHD1	0.44186601346556653
PTCHD1-AS	-1.6228446314294012
PTCHD3P1	0.19373423455987895
PTCHD4	-0.3050696229689995
PTCSC3	-0.6663827405266808
PTDSS1	0.24788989590154742
PTDSS2	-0.0071947564515753015
PTEN	-0.5117669249555323
PTENP1	-0.6737363178112328
PTENP1-AS	-0.6933868026104157
PTER	0.6419024677131393
PTGDR2	-0.0008433897176467475
PTGER1	0.0014504426696074213
PTGER2	0.20761026643444325
PTGER3	1.010202865089992
PTGER4	0.5805905629257246
PTGER4P1	-0.02048292378650446
PTGER4P2-CDK2AP2P2	-0.06202116111469547
PTGES2	-0.4343261060274557
PTGES2-AS1	-0.4184987758364065
PTGES3	-0.11560131115311201
PTGES3L-AARSD1	-0.1608472646485331
PTGES3P1	0.6342858812703662
PTGFRN	-1.0458616203812223
PTGIS	0.19373423455987895
PTGR1	0.11584125784531274
PTGR2	0.22552182352559313
PTGS1	0.7580366244973948
PTH	0.0
PTH2R	0.10383709243005423
PTHLH	-0.7214022878128813
PTK2	0.19373423455987895
PTK2B	0.5678301344900909
PTK6	-0.3850145694376545
PTK7	-1.4866713870641801
PTMA	-0.05687073491449013
PTMAP2	0.008132216288807115
PTMAP4	0.22860355398295695
PTMAP5	-0.007665147313370646
PTMAP7	-0.014364952704282508
PTMS	0.8537793133316871
PTN	0.19373423455987895
PTOV1	0.13733470761541966
PTOV1-AS1	-0.21020395113034818
PTOV1-AS2	-0.6906008918891136
PTP4A1	-0.08192309422014432
PTP4A1P6	-0.053562361554319704
PTP4A2	-0.06673377770761668
PTP4A2P1	-0.6614373732898509
PTP4A2P2	0.349563106173343
PTP4A3	-0.3850145694376545
PTPA	-0.2828816601000472
PTPDC1	0.2874636623211453
PTPMT1	-0.08019205103440186
PTPN1	-0.20142999291682706
PTPN11	-0.39563808556320446
PTPN12	0.3028402855683723
PTPN13	-0.046499022728056616
PTPN14	-1.5140873649254774
PTPN18	0.5017497736904382
PTPN2	0.14605435306923198
PTPN21	2.3520754517774223
PTPN22	0.6127682906123013
PTPN23	0.4384521896581681
PTPN2P1	0.421288116259563
PTPN3	-0.07792777563540998
PTPN4	-0.14989677834273252
PTPN6	0.3929388865252399
PTPN7	0.04062122668057988
PTPN9	0.5399181710504735
PTPRA	0.04699377923433268
PTPRB	1.1789131973115086
PTPRC	0.26228501186114705
PTPRCAP	-0.29104141079477763
PTPRD	0.7147580838416714
PTPRE	0.6238878236332415
PTPRF	1.3397293362242326
PTPRG	-0.33433677448454624
PTPRG-AS1	-0.18092481425090035
PTPRH	-0.6198936613702593
PTPRJ	0.6668021494144298
PTPRK	0.6072607678358889
PTPRM	1.0625727250031038
PTPRN2	0.4423963462624535
PTPRO	0.6697520960982769
PTPRQ	0.32908018238683856
PTPRS	-0.395897971811875
PTPRT	0.8753741337235516
PTPRU	-0.6900841924066539
PTPRVP	-1.25035210822091
PTPRZ1	0.0
PTRH1	-0.2976583140155453
PTRH2	-0.09712646257275992
PTRHD1	0.15300725959143513
PTS	-0.008800415783163373
PTTG1	0.41802548634998615
PTTG1IP	0.4633953213191173
PTTG4P	0.3314522078833348
PTX3	-0.8589454672749957
PTX4	-0.15002276324667818
PUDP	0.11606283474970347
PUF60	0.3318420953188461
PUM1	-0.10850809181088472
PUM2	-0.10471741670345125
PUM3	0.11410779271021987
PURA	-0.2730073715353356
PURB	-0.032672144444754636
PURG	0.1740864935648634
PUS1	-0.40453649273424475
PUS10	-0.04155568144963517
PUS3	-0.0008878337317685947
PUS7	0.007314431272687827
PUS7L	-0.5319210438166149
PUSL1	0.019675167019251205
PVR	0.8228610533696745
PVRIG	0.7914291196389095
PVRL3-AS1	-1.9391934024358493
PVT1	-1.0986222336902758
PWAR1	-0.12926633894908046
PWAR5	0.214400731106962
PWARSN	-0.5863027464821968
PWP1	-0.09261641703860768
PWP2	0.3308249678275672
PWWP2A	0.06919853724306435
PWWP2B	-0.1387986920778852
PXDN	0.0
PXDNL	-0.3238026070248545
PXK	0.28581929302748676
PXMP2	-0.2022602661543278
PXMP4	-2.3323867629970563
PXN	-0.17515505794979092
PXN-AS1	-0.39815213245284387
PXT1	-0.46592737089996483
PXYLP1	-0.22911778166747698
PYCARD	0.2714412432833413
PYCARD-AS1	-0.7181594436222896
PYCR1	-0.13745398532605968
PYCR2	-0.021604557338214647
PYCRL	-0.40166948098703337
PYGB	-0.3050488223701535
PYGL	0.1406611050437192
PYGM	-0.2983076287248543
PYGO1	0.02692042211225676
PYGO2	0.13970302107327015
PYHIN1	-0.4538714240775761
PYM1	-0.09205620303761641
PYROXD1	-0.05473213122878029
PYROXD2	1.3336234566373877
PYY	1.1516742553644197
PYY2	0.7435752866587428
PZP	0.44186601346556653
QARS	0.027772894937411863
QDPR	-0.15386006113576656
QKI	-0.12767253753453112
QPCT	0.5194988238997293
QPCTL	0.16107251551676427
QPRT	-0.7631354451722148
QRFP	0.793116789822044
QRFPR	-0.5054838796372261
QRICH1	0.010200014135945068
QRICH2	0.5283200417983274
QRSL1	-0.020139010063330076
QSER1	0.05887070821291296
QSOX1	0.43880578341494925
QSOX2	-0.4809381918677733
QTRT1	-0.3183494766987156
QTRT2	-0.15468474932469434
R3HCC1	-0.10481306631697151
R3HCC1L	-0.45376841779773613
R3HDM1	0.1286547568915708
R3HDM2	-0.6453262117191017
R3HDM4	0.21133573433099606
RAB10	0.1063573685587631
RAB11A	0.05288594431403304
RAB11B	0.2249860738891698
RAB11B-AS1	0.05694479791779017
RAB11FIP1	0.15878960613076742
RAB11FIP1P1	0.19373423455987895
RAB11FIP2	-0.5512361894249853
RAB11FIP3	-0.7355530714456098
RAB11FIP4	-1.2449691898389972
RAB11FIP5	-0.38154757781700877
RAB12	-0.25324429433018025
RAB13	1.1404354950260827
RAB14	-0.1549442241043817
RAB15	-0.596234654201782
RAB17	0.20846457520621042
RAB18	0.26289877136449213
RAB1A	0.4258902207322084
RAB1B	0.13238192921753544
RAB20	0.5420911961589185
RAB21	-0.40478785079910296
RAB22A	-0.41212683495209035
RAB23	0.17909658371528714
RAB24	0.07262123054585601
RAB25	-0.870797322084405
RAB26	0.5462837417889477
RAB27A	0.4195941337178457
RAB27B	0.584064543537397
RAB28	0.02757449802333234
RAB28P5	0.5293581283123594
RAB29	-0.146008280900503
RAB2A	0.4303608254958142
RAB2B	-0.5252002394120954
RAB30	0.535629706064428
RAB30-AS1	-0.13165571500876894
RAB31	0.2309724173130654
RAB32	0.33559300109211065
RAB33A	0.4614812918393163
RAB33B	0.12067215070161552
RAB34	1.5018422133155935
RAB35	-0.1474135902515208
RAB37	1.2915282601419928
RAB38	1.3925821765864446
RAB39A	0.6739039854327484
RAB39B	-0.4404155707959591
RAB3A	0.006613178569786271
RAB3B	1.0712246553771037
RAB3C	0.3828894674434551
RAB3D	0.5254814931359313
RAB3GAP1	-0.13468584085420332
RAB3GAP2	-0.31094116577118314
RAB3IL1	1.5669356661465472
RAB3IP	-0.6924748240604188
RAB40A	0.19373423455987895
RAB40AL	-0.02048292378650446
RAB40B	-0.07168997538998578
RAB40C	-0.5343608141724427
RAB41	-0.6085782874532513
RAB42	-0.7718848880764742
RAB43P1	-0.31794225420546063
RAB44	-0.1166721244874811
RAB4A	-0.27411601512455874
RAB4B-EGLN2	0.31911836283950673
RAB5A	0.25504330956775334
RAB5B	-0.06544659766242233
RAB5C	-0.7359390841054676
RAB5CP2	0.19373423455987895
RAB6A	0.2535626090901175
RAB6B	-1.1092854090465725
RAB6C-AS1	0.0
RAB7A	0.11685390470603174
RAB8A	0.017389592751021254
RAB8B	0.22284839874327922
RAB9A	0.15564061323031275
RAB9B	0.11817887992221232
RABAC1	0.13877530400441085
RABEP1	0.03727226321706212
RABEP2	-0.1378002878469653
RABEPK	-0.36731361111544913
RABGAP1	-0.6690143088680163
RABGAP1L	-0.24340014079306016
RABGEF1	0.1491945019386396
RABGGTA	-0.2268432455704339
RABGGTB	-0.11335559014296948
RABIF	-0.15105294547796788
RABL2A	-0.2976117663811628
RABL2B	-0.22411543059880223
RABL3	0.03210478606436595
RABL6	-0.4410402040646151
RAC1	0.19484826703020275
RAC1P2	0.9549279652676395
RAC2	0.7109616961950422
RAC3	-0.015240174553735386
RACGAP1	-0.3463702402612707
RACK1	0.05432303908905567
RAD1	-0.05864232662912805
RAD17	-0.011036516491937931
RAD18	-0.11847250780646057
RAD21	0.11465084503016776
RAD21-AS1	-0.1685143215938728
RAD21L1	-0.8558748835674497
RAD23A	0.07949021996311245
RAD23B	-0.2880027401311196
RAD23BP1	0.7925097807004722
RAD50	0.2449998048261861
RAD51	0.21528764588516935
RAD51-AS1	0.30073100268962305
RAD51AP1	-0.505271486802517
RAD51B	-0.36739368435413144
RAD51C	-0.02721128904145864
RAD51L3-RFFL	-1.2072809315357338
RAD52	-0.7612402133605816
RAD54B	0.0009325673871227735
RAD54L	-0.11714553752723944
RAD54L2	-0.24057499519773629
RAD9A	-0.3168604817751035
RAD9B	0.05816254930563325
RADIL	0.0
RAE1	-0.29242433633175224
RAET1E	0.0
RAET1E-AS1	0.5988481599061841
RAET1K	-0.09625277107542374
RAF1	-0.09886812875748241
RAG1	-0.5992317277840379
RAG2	-0.04399756102796282
RAI1	0.12493989104291003
RAI14	0.19536462497953455
RALA	-0.12479310630427243
RALB	0.468052741890034
RALBP1	-0.010343943101334574
RALGAPA1	-0.5265547915750535
RALGAPA2	-0.41931937316070034
RALGAPB	-0.5065293522543435
RALGDS	-0.3149101436749575
RALGPS1	-0.13919353291229264
RALGPS2	-0.2904360676387956
RALY	-0.31671592532067905
RALY-AS1	-0.10056282685861095
RALYL	-0.02048292378650446
RAMP3	0.0
RAN	-0.18469551171859422
RANBP1	-0.06226304836160779
RANBP10	0.16495135032633534
RANBP17	0.44186601346556653
RANBP2	0.07249041534634948
RANBP3	0.06079596036879131
RANBP3L	0.1921973918548716
RANBP6	0.3046667094840618
RANBP9	0.20404091178749262
RANGAP1	0.0351419875429162
RANGRF	0.07504674601503503
RANP1	-0.3247078222336546
RANP3	-0.2936897660740252
RANP4	0.6144515361985209
RAP1A	0.17420657460246325
RAP1B	-0.22432205946453365
RAP1BL	-0.5184942249640043
RAP1BP1	-0.2142171583463834
RAP1GAP	-0.7430132817059001
RAP1GAP2	0.4698526670953953
RAP1GDS1	0.19107030757409582
RAP2A	0.34085732606489927
RAP2B	-0.06013129629359604
RAP2C	0.26547942601117747
RAP2C-AS1	0.666833354923484
RAPGEF1	-0.31493166600862565
RAPGEF2	-0.019297754871731243
RAPGEF3	-1.1378707918117255
RAPGEF4	-0.6151891615071126
RAPGEF4-AS1	-0.5847351919821109
RAPGEF5	0.349563106173343
RAPGEF6	0.03834207846949411
RAPGEFL1	-0.8688232712267068
RAPH1	-0.33820063835938985
RAPSN	0.4883691930608356
RARA	-0.9473802021442115
RARB	0.5430374796112027
RARG	0.9969788799411612
RARRES1	-0.16816271665729213
RARRES2	-0.5960644946593749
RARRES3	-0.07498790890271012
RARS	0.018389771549522038
RARS2	0.16017207235398168
RASA1	0.291211446555355
RASA2	-0.02423483515281255
RASA3	0.09937259809052001
RASA4	-0.6884147031232328
RASA4B	-0.5365246130973211
RASA4CP	-0.7229902259422123
RASA4DP	-0.6479087810839235
RASAL1	0.8725489335903023
RASAL2	0.09842397631716082
RASAL2-AS1	0.32094139354431217
RASAL3	0.08984173853080435
RASD2	0.8726067601718979
RASEF	0.7435752866587428
RASGEF1B	-0.09260938754872594
RASGEF1C	0.9151392173970248
RASGRF1	0.605576986631954
RASGRF2	-0.35626408571525037
RASGRF2-AS1	0.0
RASGRP1	-1.1351417338275236
RASGRP2	-0.13805496931218286
RASGRP3	3.867945186440228
RASGRP4	2.274503114539087
RASIP1	-0.7279220799195003
RASL10A	0.6356002480254456
RASL10B	1.5464249571032327
RASL11A	0.8607975560561165
RASL11B	-0.5154414242625331
RASL12	0.0
RASSF1	0.1427270143308199
RASSF1-AS1	-0.4003781279038494
RASSF2	0.37811127094619756
RASSF3	-0.31642552071803465
RASSF4	0.9375819891755857
RASSF5	0.060221272957985406
RASSF7	0.11164389785392004
RASSF8	-0.6505987963843562
RASSF8-AS1	-0.09556553078439922
RAVER1	0.1401782313005313
RAVER2	-0.13448378678343076
RB1	0.12915312309572258
RB1CC1	0.41177491951224354
RBAK-RBAKDN	-0.24411289020232374
RBBP4	0.03374523043736133
RBBP4P2	0.0
RBBP4P5	-0.2765014944629217
RBBP5	-0.45132736798183437
RBBP6	0.07562698286329095
RBBP7	0.11268913926988411
RBBP8	-0.048255309519252165
RBBP9	-0.7069709162579603
RBCK1	0.3341020983118739
RBFA	-0.23884733650757184
RBFADN	0.6145885885518734
RBFOX1	0.020514955586615646
RBFOX2	-0.06120144661205096
RBFOX3	0.44186601346556653
RBKS	0.835244070540595
RBL1	-0.1700151407320849
RBL2	0.06265699501194533
RBM10	0.10435326949934698
RBM11	-0.692635193010271
RBM12B	-1.0341312406609209
RBM12B-AS1	0.32891349027160016
RBM14-RBM4	-0.15031316580243548
RBM15	-0.0016916686448791296
RBM15B	-0.12739806180621116
RBM17	-0.08330127301035617
RBM17P4	-0.3618969512171711
RBM18	-0.3111361829196362
RBM19	-0.42981010978644996
RBM20	4.29857379008853
RBM22	0.1958814253517378
RBM23	-0.23594963920855783
RBM25	-0.13409156275294976
RBM26	0.0737808001092155
RBM26-AS1	0.268258850626367
RBM27	-0.022061967590635945
RBM28	-0.13442222413995175
RBM3	-0.23641949996942913
RBM33	-0.22217161852035083
RBM34	-0.2875618621650755
RBM38	0.03056874082729344
RBM39	-0.36609064158091265
RBM4	-0.2171705990515207
RBM41	0.08837165668708202
RBM42	-0.05068044810805894
RBM43	0.057643972887508
RBM44	0.04511832484226019
RBM45	0.04071762702149684
RBM47	1.5375154088242866
RBM48	-0.1668042831362726
RBM4B	-0.0930116784697752
RBM5	0.0767845497177273
RBM5-AS1	-0.07178795170560803
RBM6	-0.26670729815083405
RBM7	0.17488719744875425
RBM8A	0.02675906109832482
RBM8B	1.3312811159694704
RBMS1	0.4617685480756961
RBMS1P1	-0.26170192713729357
RBMS2	-0.6289712854282055
RBMS3	0.42368966382508266
RBMS3-AS3	-0.2142171583463834
RBMX	0.06297917662877595
RBMX2	0.2468370712103347
RBMX2P1	0.0
RBMXL2	-0.764056921443742
RBMXP2	0.7733182213489013
RBMXP4	-0.19128033487777554
RBP2	0.0
RBP5	-0.5485670957853361
RBP7	1.1228813275222442
RBPJ	0.13601271533230808
RBPMS	0.1353459478269596
RBPMS2	-0.2142171583463834
RBSN	-0.16347994456005033
RBX1	0.090116081947901
RC3H1	0.06015633962563349
RC3H2	-0.24532322509140414
RCAN1	0.2380706763811311
RCAN3	0.38815766458060885
RCAN3AS	-0.29746722488727484
RCBTB1	-0.1829216023966289
RCBTB2	1.3013867421052758
RCC1	0.0032022861985652185
RCC1L	0.1398141494825893
RCC2	-0.0021382983355877627
RCCD1	-0.15910777352311456
RCE1	-0.12943213820534716
RCHY1	0.2977768903130702
RCL1	-0.12841097018138825
RCN1	0.3404883389064217
RCN1P2	0.3504607245910165
RCN2	0.00843003455308633
RCN3	0.6810153140566778
RCOR1	0.1848924238736398
RCOR2	0.1451200097536134
RCOR3	-0.47730962868510574
RCSD1	1.6171184483386938
RCVRN	-0.8023125220131302
RDH10	0.056753646465311114
RDH10-AS1	-1.0916269708925315
RDH11	0.2758925807153787
RDH13	-0.34158797945919606
RDH16	-0.7008947082066936
RDM1	-0.9786573208544036
RDX	-0.07600490419004302
REC114	0.0
REC8	0.4076437566139193
RECK	1.476695090180196
RECQL	-0.42243887509617295
RECQL4	0.2145540314168315
RECQL5	-0.6602123035233358
REEP1	-0.9926379081549985
REEP2	-0.036955371633211165
REEP3	-0.2821831981367886
REEP4	0.2612967541374154
REEP5	0.2536228058922845
REEP6	0.7559912431580842
REG3G	-0.2142171583463834
REG4	-0.2142171583463834
REL	0.07737206293594134
RELA	0.3031871823035974
RELB	0.013743939663778626
RELL1	0.14325911814792747
RELL2	-0.13762513861373193
RELN	-0.03044474333383629
RELT	-0.1895061893654315
REM2	-0.3853639917096473
RENBP	1.0038547533622038
REP15	0.23503173393623333
REPIN1	0.15803845545284823
REPS1	0.10336467729369758
REPS2	1.532838018374201
RER1	0.10317833982391278
RERE	-0.05143968923322895
REREP3	0.0
REST	-0.10747506457545697
RET	-0.19553309402631847
RETN	-0.17454931927229023
RETSAT	0.12445309665064208
REV1	-0.2148444057139951
REV3L	-0.11504024166817572
REXO1	-0.06776581130398895
REXO2	0.19912098198827977
REXO4	-0.37875148782220514
RFC1	0.022002108424970857
RFC2	0.1311063820496159
RFC3	-0.11992703527131177
RFC4	-0.09736583743854688
RFC5	-0.5875134265340165
RFESD	-0.12614280404485445
RFK	-0.1127175150281321
RFLNB	0.46974949952847567
RFNG	-0.14041221354608524
RFPL1S	0.0
RFPL2	0.543297340733222
RFPL3S	-1.068157655240558
RFT1	0.11722220293178509
RFTN1	-0.10185450441479738
RFTN2	0.3314522078833348
RFWD2	0.1565435136015907
RFWD3	-0.025141982990215084
RFX1	0.020646768952410355
RFX2	-0.17411266091137723
RFX3	-0.10369251520219791
RFX3-AS1	0.9484599317247193
RFX4	0.6356002480254456
RFX5	-0.019230429871790022
RFX7	-0.19997329934756536
RFX8	0.21589030694109912
RFXANK	-0.06732864071262057
RFXAP	-0.19100172954163064
RGAG1	-1.367510705952491
RGAG4	1.9326264546321807
RGCC	0.2914393156199395
RGL1	-0.05729434741922912
RGL2	-0.012416894238201692
RGL4	-0.686975257442576
RGMB	-0.7343243179530994
RGMB-AS1	1.140519791868871
RGN	-0.12308539979345878
RGP1	-0.31643829423974523
RGPD1	-0.005435004221325368
RGPD2	0.03565935590575631
RGPD3	0.28411624279533254
RGPD4	0.1656131671183667
RGPD8	1.005969585866326
RGS1	0.03741177130426898
RGS10	-0.2918190906816456
RGS12	0.6653787108875262
RGS13	0.9683051672895431
RGS14	0.18380408956418925
RGS16	0.27840833729616143
RGS17	0.3510135488429504
RGS18	-0.17534364153700643
RGS19	-0.06759808022198932
RGS2	0.1717802750787012
RGS20	0.8812932599821988
RGS22	0.1921973918548716
RGS3	0.6141265142807133
RGS5	-0.18547122673518945
RGS6	0.49523590716341687
RGS7	0.8619295595745399
RGS8	1.0450769592622808
RGS9	0.349563106173343
RGS9BP	-0.323865266866437
RGSL1	0.349563106173343
RHAG	0.0
RHBDD1	-1.0076854489715483
RHBDD2	0.5658728570660756
RHBDD3	0.07185362083038704
RHBDF1	0.9522360511655235
RHBDF2	0.5753320778510451
RHBDL1	0.7142442430225664
RHBDL2	0.44186601346556653
RHBDL3	-0.4404155707959591
RHBG	0.3314522078833348
RHCE	1.1256114381450864
RHD	0.4383844631355048
RHEB	0.15630941725291336
RHEBL1	-0.5470012808040936
RHNO1	-0.34193743627317374
RHOA	-0.004850385061075713
RHOB	-0.3850145694376545
RHOBTB1	2.5737398713385415
RHOBTB2	0.19477487597169407
RHOBTB3	0.7576974053640271
RHOC	-0.5886604995597793
RHOD	0.349563106173343
RHOF	-0.40347638137274267
RHOG	0.2917873819027488
RHOH	0.08637087114609443
RHOJ	-0.3850145694376545
RHOQ	0.5912580146119364
RHOQP2	0.15564692960062088
RHOQP3	-0.8805998988730642
RHOT1	-0.8318318678697629
RHOT2	-0.004284367544165946
RHOU	0.4816558483107407
RHOV	0.11471572552479703
RHOXF1	-0.1113353884091205
RHOXF1-AS1	0.13592833812617933
RHOXF1P3	-1.4118849764974908
RHOXF2	-1.6541495841892813
RHOXF2B	0.037063674414303804
RHPN1	-0.332207440053109
RHPN1-AS1	0.11712298613305894
RHPN2	0.3510135488429504
RHPN2P1	0.19373423455987895
RIBC1	0.19409178620821654
RIC1	0.08617091950780242
RIC3	-1.033717951970617
RIC8A	0.24554194901855197
RIC8B	-0.4741844270780522
RICTOR	0.24578504075860863
RIDA	0.4808640391085497
RIF1	-0.03630826779111018
RILP	0.028139169367210615
RILPL1	0.8013745973020407
RILPL2	-0.0876484670371589
RIMBP2	-0.19128033487777554
RIMBP3	-1.0981539965128544
RIMBP3B	-0.1843991084898251
RIMBP3C	0.3369496339416851
RIMKLA	0.44186601346556653
RIMKLB	0.4451607339426049
RIMKLBP1	0.650199233647967
RIMS1	0.7733182213489013
RIMS2	0.349563106173343
RIMS3	-1.1670936498090647
RIMS4	0.0
RIN1	-0.3072799071306802
RIN2	0.543297340733222
RIN3	0.3636991515759487
RING1	-0.36964831142707055
RINL	0.02141869304838906
RINT1	0.026241826694519688
RIOK1	0.11049530157042398
RIOK2	0.1548281868782997
RIOK3	0.3824162486893101
RIOX1	0.349563106173343
RIOX2	-0.23475312281133398
RIPK1	0.5092816846305155
RIPK2	0.16553993169347336
RIPPLY3	-0.10896336291262432
RIT1	0.18952510048716675
RIT2	-0.2142171583463834
RITA1	-0.4059649890009922
RLF	0.21922239279802547
RLIM	-1.0289718043957237
RLIMP1	0.3314522078833348
RLN1	-0.2142171583463834
RMDN1	0.11713837135990524
RMDN2	1.0922650797055944
RMDN3	-0.10259635192383065
RMI1	-0.03771403490138425
RMI2	0.13051296395902234
RMND1	0.21408176036171156
RMND5A	-0.23739984456111962
RMND5B	-0.0026203698638997963
RMRP	0.5443621892910251
RMST	0.44186601346556653
RN7SK	0.28746987918345024
RN7SKP106	-0.026241980522959008
RN7SKP127	0.7435752866587428
RN7SKP160	0.3356238937524805
RN7SKP175	0.5530057611746737
RN7SKP181	0.0
RN7SKP198	0.6356002480254456
RN7SKP203	-0.2142171583463834
RN7SKP221	0.17753459818033834
RN7SKP23	-0.46089849458246357
RN7SKP232	0.349563106173343
RN7SKP249	0.0
RN7SKP37	0.349563106173343
RN7SKP80	-0.39755143363127
RN7SKP88	-0.3850145694376545
RN7SL1	-1.2725955150459054
RN7SL107P	0.0
RN7SL15P	0.0
RN7SL165P	-0.4404155707959591
RN7SL178P	0.0
RN7SL181P	-0.4747209515768012
RN7SL2	-1.202051698207507
RN7SL210P	0.0
RN7SL219P	-0.4404155707959591
RN7SL231P	0.0
RN7SL239P	0.0
RN7SL314P	0.0
RN7SL333P	-0.6196030500327241
RN7SL336P	0.3314522078833348
RN7SL361P	0.19373423455987895
RN7SL396P	-0.6663827405266808
RN7SL403P	-0.4404155707959591
RN7SL432P	-0.4747209515768012
RN7SL471P	-0.395897971811875
RN7SL472P	0.349563106173343
RN7SL484P	0.349563106173343
RN7SL493P	-0.8254301402336136
RN7SL498P	0.0
RN7SL4P	-1.4347241684060523
RN7SL597P	-0.4404155707959591
RN7SL5P	-0.4747209515768012
RN7SL605P	-0.14181830102385895
RN7SL652P	0.349563106173343
RN7SL664P	-0.2142171583463834
RN7SL697P	-0.2142171583463834
RN7SL712P	0.0
RN7SL737P	-0.7539759774913071
RN7SL753P	-0.4747209515768012
RN7SL767P	0.19373423455987895
RN7SL76P	0.19373423455987895
RN7SL77P	0.44186601346556653
RN7SL799P	0.349563106173343
RN7SL832P	0.9906932287277876
RN7SL97P	-0.2142171583463834
RNA18SP2	-0.7189804445331276
RNA5-8SP6	0.676709795016806
RNA5S9	1.1311393052940886
RNA5SP104	0.0
RNA5SP127	0.19373423455987895
RNA5SP136	-0.2142171583463834
RNA5SP149	0.0
RNA5SP162	0.12991305573833345
RNA5SP18	0.10288176993726289
RNA5SP201	0.3314522078833348
RNA5SP216	0.0
RNA5SP218	0.19373423455987895
RNA5SP221	-0.44221543573755945
RNA5SP226	0.5498410520988639
RNA5SP25	0.0
RNA5SP283	-0.21288660424397765
RNA5SP320	-0.6663827405266808
RNA5SP352	-0.8805998988730642
RNA5SP370	0.349563106173343
RNA5SP379	-0.2142171583463834
RNA5SP437	-0.02048292378650446
RNA5SP439	-0.4404155707959591
RNA5SP441	0.0
RNA5SP443	0.0
RNA5SP477	0.19373423455987895
RNA5SP494	0.349563106173343
RNA5SP496	-0.4404155707959591
RNA5SP514	0.3314522078833348
RNA5SP53	-0.4404155707959591
RNA5SP82	-0.5777578891195803
RNASE10	-0.2142171583463834
RNASE2	1.261728517468077
RNASE3	2.0951895521881507
RNASE4	1.4533306070702898
RNASE6	0.39126577509868987
RNASE7	0.0
RNASEH1	-0.006459436907062965
RNASEH1-AS1	-0.039481057648910856
RNASEH2A	-0.0060909386986800484
RNASEH2B	0.05579987360224514
RNASEH2B-AS1	0.765610099313315
RNASEH2C	0.13468662985377833
RNASEK-C17orf49	-0.2142171583463834
RNASEL	0.6949742837563644
RNASET2	0.6523581915224508
RND1	-0.6205868796317482
RND2	-0.22931612412773728
RND3	0.349563106173343
RNF10	-0.08728495247824064
RNF103-CHMP3	-0.11872226558929455
RNF11	0.35503132525795067
RNF111	0.09206834222578841
RNF112	-1.2195600266216273
RNF113A	0.2600855336265564
RNF114	-0.16914961421889707
RNF115	0.01961277572296538
RNF121	-0.006500752413565181
RNF122	0.08329924415240963
RNF123	-0.02902912674515612
RNF125	-0.1681308413343352
RNF126	0.2912515112470615
RNF126P1	-0.4404155707959591
RNF13	0.053759848893648154
RNF130	0.3349774495993678
RNF135	-0.49585277744090384
RNF138	-0.09736658998407854
RNF139	0.15859868350888995
RNF139-AS1	0.6676796182064084
RNF14	0.2819520778358626
RNF141	-0.09127373353682167
RNF144A	-5.431825131192229
RNF144A-AS1	-0.6868656643131853
RNF144B	-0.7750996706675719
RNF145	0.26702344536854206
RNF146	0.29970525159994565
RNF149	0.14149388301888877
RNF150	-1.0013566799124969
RNF151	0.577211961292526
RNF152	0.5498410520988639
RNF157	0.16932002326776718
RNF157-AS1	-0.7469115206548255
RNF165	1.0683549242227555
RNF166	0.7178132570857274
RNF167	0.04107856549970279
RNF168	-0.0064378500885702294
RNF169	-0.3052799753262381
RNF17	-0.2142171583463834
RNF170	0.118639276306725
RNF175	0.1582827712955675
RNF180	0.1094254813029048
RNF181	0.2507020292693092
RNF182	0.23953654550061731
RNF185	0.03322044558633941
RNF187	-0.4275146857941525
RNF19A	0.3552952094076254
RNF19B	0.6936444690686585
RNF2	-0.4947657915910142
RNF20	-0.07803726113835907
RNF207	-0.3744008137487693
RNF208	0.06695108793718996
RNF212B	1.4762408160403835
RNF213	0.15106990363673312
RNF214	-0.23982491883800705
RNF215	-0.31515417857986705
RNF216	0.0484015509411897
RNF216P1	-0.1552445558026765
RNF217	0.0
RNF217-AS1	0.6681953250146608
RNF219	-0.11251732354758559
RNF219-AS1	-0.017807405875977622
RNF220	0.04601381166929208
RNF222	-0.2142171583463834
RNF225	-0.2142171583463834
RNF24	0.5239779759569618
RNF25	0.18346320241774627
RNF26	-0.07825376707624265
RNF31	-0.28209239312846357
RNF32	0.4390059391563188
RNF34	-0.1816764612566324
RNF38	-0.08652095280385375
RNF39	-0.29793349688901016
RNF4	-0.0373951632545797
RNF40	0.07496735100396279
RNF41	-0.39899362977678265
RNF43	-0.48957748744060714
RNF44	0.21774799103993203
RNF5	0.32930008624686025
RNF5P1	0.49333600997825044
RNF6	0.004240721073458076
RNF7	0.26725571462303144
RNF8	-0.05123049325996121
RNFT1	-0.1374782750804151
RNFT1P3	-0.5485104979964582
RNFT2	-2.0885654269552965
RNGTT	0.10332311222624924
RNH1	0.11847855596802148
RNLS	-0.6546327291423425
RNMT	-0.08331057786886831
RNPC3	-0.10231440415339321
RNPEP	0.07908118557817545
RNPEPL1	0.3644580437382423
RNPS1	-0.36186923153850614
RNPS1P1	-0.3576047400431679
RNR1	0.5440691966600806
RNR2	0.6163597699581853
RNU1-1	0.6810153140566778
RNU1-114P	-0.2142171583463834
RNU1-120P	0.3314522078833348
RNU1-122P	1.2180363771135247
RNU1-2	0.349563106173343
RNU1-56P	0.19373423455987895
RNU1-59P	-0.4527494158397872
RNU1-92P	0.3314522078833348
RNU11	0.6335303598302033
RNU12	1.9071024602982962
RNU12-2P	-0.8805998988730642
RNU2-11P	0.8004267306866548
RNU2-17P	1.3784093051852195
RNU2-22P	0.9714180583508515
RNU2-24P	-0.2142171583463834
RNU2-2P	-0.6974707937901701
RNU2-59P	-0.47264850596680186
RNU2-63P	0.18140038951605092
RNU4-1	0.14764860729078366
RNU4-14P	-0.5992317277840379
RNU4-2	0.6971805139728007
RNU4-52P	0.0
RNU4-5P	-0.9590024195457062
RNU4-72P	-0.3850145694376545
RNU4-8P	0.16482648266120942
RNU4ATAC	1.3646877273093696
RNU5A-1	-0.02048292378650446
RNU5A-8P	0.13715853231493969
RNU5B-1	-0.3038602694208324
RNU5D-1	-0.1656027434053916
RNU5E-1	-0.2207747412322305
RNU5E-4P	0.5592319621020365
RNU5F-1	0.45467838862701915
RNU6-1	0.05336989369785028
RNU6-1048P	-0.2142171583463834
RNU6-1056P	0.349563106173343
RNU6-1136P	-0.02048292378650446
RNU6-11P	0.0
RNU6-1219P	-0.4404155707959591
RNU6-1238P	0.0
RNU6-1263P	-0.2142171583463834
RNU6-1266P	-0.2142171583463834
RNU6-131P	-0.4404155707959591
RNU6-1330P	-0.3753230900781658
RNU6-1337P	-0.19128033487777554
RNU6-181P	-0.37230645391852557
RNU6-2	0.23896326066368134
RNU6-242P	-0.03545146326431148
RNU6-327P	0.349563106173343
RNU6-36P	0.44186601346556653
RNU6-388P	-0.1251578454034582
RNU6-395P	-0.2142171583463834
RNU6-398P	-0.19128033487777554
RNU6-3P	0.1639140763330374
RNU6-40P	0.349563106173343
RNU6-45P	-0.6663827405266808
RNU6-481P	-0.4231263697168305
RNU6-50P	-0.9669205059082929
RNU6-513P	-1.465585596914731
RNU6-519P	0.44186601346556653
RNU6-529P	-0.2590151812799082
RNU6-531P	0.349563106173343
RNU6-534P	0.0
RNU6-598P	0.3314522078833348
RNU6-5P	-0.4146641051433241
RNU6-63P	0.349563106173343
RNU6-678P	-0.9341622604273838
RNU6-6P	0.8614349213026888
RNU6-7	-0.16816271665729213
RNU6-8	-0.8800291198491412
RNU6-80P	0.42212583163290995
RNU6-819P	0.0
RNU6-834P	-0.9332664347542651
RNU6-878P	0.8679166315572433
RNU6-891P	0.44186601346556653
RNU6-892P	-0.3850145694376545
RNU6-9	-0.3850145694376545
RNU6-900P	0.22076552036094943
RNU6-917P	0.6412466304914148
RNU6-925P	0.349563106173343
RNU6-945P	-0.3927750323476935
RNU6ATAC	-1.7767756877692797
RNU6ATAC4P	0.4385297794694839
RNU7-113P	-0.19128033487777554
RNU7-140P	0.5498410520988639
RNU7-171P	0.5763475966697466
RNU7-30P	0.0
RNU7-58P	-0.3618969512171711
RNU7-59P	-0.28098671701692224
RNU7-75P	-0.4404155707959591
RNVU1-1	-0.3618969512171711
RNVU1-14	0.9903699225185332
RNVU1-18	0.19373423455987895
RNVU1-7	0.7740083568879853
RNVU1-8	-0.13563160775482808
RNY1	-0.17300740827869854
RNY1P13	0.349563106173343
RNY1P6	-0.8377639852774414
RNY3	1.9832477432707274
RNY3P16	-0.5094098552226726
RNY4	0.19373423455987895
RNY4P11	-0.2142171583463834
RNY4P37	0.543297340733222
RNY5	0.3314522078833348
RNY5P1	1.0309521983063317
ROBO1	0.02227675708410004
ROBO2	1.210459376924483
ROBO3	-4.317531450817262
ROCK1	0.13637016170613236
ROCK1P1	-0.5606397812792601
ROCK2	0.09342257102669294
ROGDI	-0.2302667629886308
ROM1	0.03930214614169225
ROMO1	-0.031434914247780554
ROPN1B	-0.41747380082639723
ROPN1L	0.34613424769154655
ROPN1L-AS1	0.19373423455987895
ROR1	-0.6663827405266808
ROR1-AS1	0.349563106173343
ROR2	0.19373423455987895
RORA	0.8275418147996265
RORA-AS1	0.31434590250034766
RORA-AS2	-0.2142171583463834
RORC	0.4383844631355048
RP1L1	-1.272080041618739
RP2	0.26163205845625015
RP9	-0.22449713618133238
RP9P	0.174484634524406
RPA1	0.21072277958447927
RPA2	0.10533645357605614
RPA3	-0.23109861580048197
RPAIN	-0.20979272752077804
RPAP1	0.00696907127869828
RPAP2	0.043659793995210805
RPAP3	-0.32399985819383303
RPARP-AS1	-0.039914067013214094
RPE	0.20120788083953123
RPEL1	0.6748821611029876
RPF1	0.15968607668392742
RPF2	-0.029068275057055004
RPGR	0.29867074134407723
RPGRIP1	0.3689871217540237
RPGRIP1L	-0.08326802552534573
RPH3A	-0.4404155707959591
RPH3AL	0.03459106333687956
RPIA	-0.041090422102797675
RPIAP1	-0.2142171583463834
RPL10	-0.20180839834491238
RPL10A	-0.004592740643493798
RPL10AP2	-0.19128033487777554
RPL10AP4	0.349563106173343
RPL10AP6	-0.11233138319797309
RPL10AP8	0.1662858375743257
RPL10P1	0.11723504953695138
RPL10P13	0.19373423455987895
RPL10P14	0.0
RPL10P15	0.07996906224839545
RPL10P16	-0.07074194913740328
RPL10P7	0.0
RPL10P9	-0.1549057367134501
RPL11	-0.05319743440468372
RPL11P1	-0.7469115206548255
RPL11P4	0.349563106173343
RPL12	-0.295623277199061
RPL12P1	0.349563106173343
RPL12P10	0.10571065974435534
RPL12P12	0.0
RPL12P13	0.349563106173343
RPL12P14	0.44186601346556653
RPL12P17	-0.02048292378650446
RPL12P2	0.0
RPL12P27	0.22777975421870172
RPL12P35	-0.3850145694376545
RPL12P38	-0.15413593686972682
RPL12P4	-0.44313283520827174
RPL12P41	0.22764885511918312
RPL12P42	-0.7489426283152798
RPL12P47	-0.7417262387544704
RPL12P7	0.7914291196389095
RPL12P8	-0.4747209515768012
RPL13	-0.08675644693449236
RPL13A	-0.3662746801679386
RPL13AP13	0.6356002480254456
RPL13AP18	0.0
RPL13AP19	0.19373423455987895
RPL13AP20	0.19399719978322616
RPL13AP22	0.44186601346556653
RPL13AP25	-0.008599009266489155
RPL13AP3	-0.02048292378650446
RPL13AP5	-0.329913507107765
RPL13AP7	-0.3135657510568013
RPL13P12	0.11524764901488016
RPL13P5	0.03370779649319777
RPL13P8	0.04772214098887684
RPL14	0.03597771546690609
RPL14P1	0.1434790899063234
RPL15	-0.0258352002467781
RPL15P11	-0.6014921517427159
RPL15P2	-0.5122035225015672
RPL15P3	-0.43851822370664273
RPL15P5	-0.3850145694376545
RPL15P9	0.349563106173343
RPL17-C18orf32	-0.08900975529199684
RPL17P15	0.2405997432607187
RPL17P16	-0.02048292378650446
RPL17P18	-0.29647435530302424
RPL17P23	0.05336989369785028
RPL17P25	-0.4404155707959591
RPL17P33	-0.02048292378650446
RPL17P34	-0.7157734162118548
RPL17P36	-0.708179332760815
RPL17P38	-0.4747209515768012
RPL17P39	-0.2595726202616069
RPL17P40	0.5498410520988639
RPL17P41	0.0
RPL17P43	0.20729683043219738
RPL17P5	-0.21643370500612868
RPL17P50	0.7323637190379793
RPL17P6	-0.42413685200253326
RPL17P7	-0.1382663041100054
RPL17P9	-0.6546327291423425
RPL18	-0.3928869035736149
RPL18A	-0.11114332978741714
RPL18AP11	0.349563106173343
RPL18AP13	0.44186601346556653
RPL18AP15	0.0
RPL18AP16	-0.2142171583463834
RPL18AP5	0.0
RPL18AP6	0.4047178332617545
RPL18AP7	0.19373423455987895
RPL18P12	0.0
RPL19	-0.8746767630020802
RPL19P10	-0.46089849458246357
RPL19P11	0.0
RPL19P16	0.0
RPL19P20	-0.2142171583463834
RPL19P21	0.0
RPL19P3	-0.8597355210144557
RPL19P4	0.46679815571029437
RPL19P5	-0.4404155707959591
RPL19P9	-0.19719227977053722
RPL21	-0.3307316977849979
RPL21P1	-0.6546327291423425
RPL21P102	-0.2142171583463834
RPL21P11	-0.36436652441666073
RPL21P116	0.0
RPL21P118	-0.4560631225816216
RPL21P119	-0.1574428531850316
RPL21P12	0.0
RPL21P120	-0.3093536368475567
RPL21P122	0.349563106173343
RPL21P125	-0.8699969204482842
RPL21P128	0.8627894816490398
RPL21P134	-0.5101775687298193
RPL21P14	0.0
RPL21P16	-0.2836102181113249
RPL21P17	0.19373423455987895
RPL21P2	1.2401405729796333
RPL21P20	-0.2142171583463834
RPL21P28	-0.2468508262534943
RPL21P29	-0.3850145694376545
RPL21P3	-0.4427729298928892
RPL21P31	-0.2142171583463834
RPL21P32	-0.0020311076604543343
RPL21P33	-0.4404155707959591
RPL21P37	-0.5189528182295027
RPL21P38	0.19373423455987895
RPL21P39	-0.5897831803102139
RPL21P4	0.349563106173343
RPL21P44	0.10561577854027049
RPL21P45	0.1582827712955675
RPL21P46	-0.6491172272659316
RPL21P51	-0.4499317628211046
RPL21P52	0.19373423455987895
RPL21P53	-0.14597794825140964
RPL21P56	0.349563106173343
RPL21P58	0.349563106173343
RPL21P59	0.0
RPL21P61	0.0
RPL21P69	-0.02048292378650446
RPL21P7	-0.07165200420416196
RPL21P74	0.7914291196389095
RPL21P75	0.47446968672855094
RPL21P79	-0.2142171583463834
RPL21P80	-0.6215222374140899
RPL21P82	0.19373423455987895
RPL21P83	0.0
RPL21P87	1.055227228524316
RPL21P91	-0.2142171583463834
RPL21P93	-0.21798919368519165
RPL21P94	-0.5898952286083472
RPL21P95	-0.46089849458246357
RPL21P97	0.04998776314640141
RPL21P98	0.31835908013003467
RPL22	-0.22602507705517638
RPL22L1	-0.18809662255253912
RPL22P19	-0.2142171583463834
RPL22P2	0.0
RPL22P4	-0.02048292378650446
RPL22P5	0.1871054559335592
RPL23	-0.9159551585152403
RPL23A	0.018056147787614663
RPL23AP18	-0.2142171583463834
RPL23AP2	0.27146717627039907
RPL23AP20	-0.25994751371686187
RPL23AP21	0.18140038951605092
RPL23AP23	0.44186601346556653
RPL23AP3	0.6232664029816175
RPL23AP31	0.0
RPL23AP42	0.36082421063359327
RPL23AP43	-0.6663827405266808
RPL23AP45	1.1259831601006969
RPL23AP47	0.44186601346556653
RPL23AP49	-1.1425204539606808
RPL23AP51	-0.3850145694376545
RPL23AP53	-0.09463182982871388
RPL23AP65	0.0
RPL23AP67	0.04451759898408403
RPL23AP7	0.5304490265904835
RPL23AP79	-0.7616672380647664
RPL23AP8	0.44186601346556653
RPL23AP81	-0.3618969512171711
RPL23AP82	0.646854904980442
RPL23AP87	-0.548831968146767
RPL23AP88	0.25335459964581686
RPL23P2	-0.43237642964097134
RPL23P6	0.7996870974107538
RPL23P8	0.6356002480254456
RPL24	-0.019888960882498807
RPL24P2	-0.14297060046263144
RPL24P4	0.5055583500111362
RPL26	-0.0386119334925219
RPL26L1	-0.8342168270763501
RPL26P12	-0.2142171583463834
RPL26P19	0.12401699082224837
RPL26P32	0.27991491674190394
RPL26P36	0.22416730478912136
RPL26P4	-0.26344974065548776
RPL26P6	-0.15710352235869074
RPL27	-1.2237590844777646
RPL27A	-0.14418695736029008
RPL27AP2	0.0
RPL27AP6	-0.41378222862277436
RPL27P4	0.1353459478269596
RPL27P5	-0.5992317277840379
RPL27P8	0.0
RPL28	-0.2627287306601289
RPL28P1	0.19373423455987895
RPL29	-0.02406485138413217
RPL29P1	0.543297340733222
RPL29P11	0.019884413768436637
RPL29P12	0.4904077602852015
RPL29P16	0.1353459478269596
RPL29P17	-0.4404155707959591
RPL29P21	0.0
RPL29P26	0.7131801473457657
RPL29P30	0.0
RPL29P31	-0.2142171583463834
RPL29P33	-0.3618969512171711
RPL29P5	0.44186601346556653
RPL29P6	0.19373423455987895
RPL29P9	-0.2142171583463834
RPL3	-0.14785597590621435
RPL30	0.15114282873238416
RPL31	-0.02848081890794596
RPL31P10	0.19373423455987895
RPL31P15	1.2295721749281843
RPL31P17	-0.7469115206548255
RPL31P30	-0.12308539979345878
RPL31P4	0.3314522078833348
RPL31P46	0.24657184779204044
RPL31P49	0.5591010630025178
RPL31P51	-0.2142171583463834
RPL31P63	-0.2142171583463834
RPL32	0.12852256781697946
RPL32P18	0.0
RPL32P27	0.04668691214343679
RPL32P3	-0.1540332915303395
RPL34	-0.019109327269012155
RPL34-AS1	-0.20927483924770218
RPL34P1	-0.3850145694376545
RPL34P18	0.0
RPL34P22	1.4300915286999354
RPL34P27	0.19373423455987895
RPL34P5	0.201681427651617
RPL35	-0.2881419957361313
RPL35A	-0.1257445204392571
RPL35AP13	0.0
RPL35AP28	-0.5960644946593749
RPL35AP34	0.19373423455987895
RPL35AP4	0.5498410520988639
RPL35AP7	0.0
RPL35AP9	-0.2142171583463834
RPL35P2	-0.28098671701692224
RPL35P5	0.6821030009037019
RPL35P9	-0.2142171583463834
RPL36	-0.030462310444702823
RPL36A-HNRNPH2	-0.5579686705006868
RPL36AL	-0.33676982311336356
RPL36AP15	0.0
RPL36AP39	0.7733182213489013
RPL36AP54	-0.019313516770345984
RPL36AP7	-0.6663827405266808
RPL36AP8	0.3314522078833348
RPL36P14	0.44186601346556653
RPL36P7	-0.9935928568909056
RPL37	0.1440488473533037
RPL37A	-0.013230621677980281
RPL37AP1	-0.3231805212590077
RPL37AP5	0.42151398877858076
RPL37P2	0.3914351018562616
RPL37P20	-0.6663827405266808
RPL37P22	0.0
RPL37P23	0.2740984472291388
RPL38	-0.28587219459437563
RPL38P2	0.1353459478269596
RPL39	0.0362620785362342
RPL39L	0.27704331275290617
RPL39P10	0.349563106173343
RPL39P14	0.19373423455987895
RPL39P15	0.3901472886027695
RPL39P16	-0.24056107746988697
RPL39P18	-0.2142171583463834
RPL39P3	0.3383830292509753
RPL39P36	-0.2142171583463834
RPL39P40	0.0
RPL39P41	0.349563106173343
RPL39P5	0.0
RPL39P8	0.8753741337235516
RPL3L	0.0
RPL3P12	0.0
RPL3P2	-0.0769727695257374
RPL3P3	-0.2142171583463834
RPL3P4	-0.12730830708413254
RPL3P7	-0.24668133623608016
RPL4	0.0058192134441732435
RPL41	-0.5013658928511617
RPL41P1	-0.17730195682477534
RPL41P2	-0.6289889204816026
RPL4P2	0.19373423455987895
RPL4P3	1.4995203558956174
RPL4P4	0.24305040420183577
RPL4P5	0.7558900370271737
RPL5	-0.00821223351738709
RPL5P12	-0.6546327291423425
RPL5P18	0.6810153140566778
RPL5P23	0.19373423455987895
RPL5P24	0.19373423455987895
RPL5P29	0.3314522078833348
RPL5P34	-0.4695729429856439
RPL5P35	0.0
RPL5P5	0.19373423455987895
RPL6	-0.5343571931004885
RPL6P1	0.349563106173343
RPL6P10	-0.7643634385498146
RPL6P13	0.349563106173343
RPL6P19	-0.9561195991283982
RPL6P20	0.056851444027912035
RPL6P22	-0.3850145694376545
RPL6P24	-0.02048292378650446
RPL6P27	-0.31461075608806155
RPL6P4	-0.3850145694376545
RPL6P6	-0.6663827405266808
RPL6P8	0.0
RPL6P9	0.349563106173343
RPL7	0.16043523320909792
RPL7A	-0.6804093242133114
RPL7AP11	-0.8972749397214996
RPL7AP14	0.19373423455987895
RPL7AP18	-0.4404155707959591
RPL7AP30	-0.40110896145135344
RPL7AP31	-0.3868043015083522
RPL7AP32	0.349563106173343
RPL7AP40	0.0
RPL7AP45	0.4140520440318447
RPL7AP50	-0.48825567126078884
RPL7AP54	-1.200195771954372
RPL7AP6	-0.7201512652984707
RPL7AP62	-0.05593438705081588
RPL7AP65	-0.2142171583463834
RPL7AP70	0.05336989369785028
RPL7L1	0.07157133455729081
RPL7P1	0.2994552138353508
RPL7P16	0.19373423455987895
RPL7P17	0.6681953250146608
RPL7P19	1.3492106390713385
RPL7P21	0.17779957502482446
RPL7P23	0.2691086946459116
RPL7P26	-0.04622344256051103
RPL7P3	0.44186601346556653
RPL7P32	-0.5484951716425275
RPL7P4	-0.5531772860949465
RPL7P44	0.3314522078833348
RPL7P45	-1.583728004940901
RPL7P47	-1.0600186208286833
RPL7P50	-0.2142171583463834
RPL7P56	0.11723504953695138
RPL7P6	-0.4160668391467892
RPL7P8	0.3314522078833348
RPL7P9	-0.16276830987767
RPL8	0.1207458329249178
RPL8P5	0.5584323746869666
RPL9	-0.2895726088149786
RPL9P17	-0.2142171583463834
RPL9P25	-1.0080205782999063
RPL9P27	-0.6316959056737347
RPL9P28	0.6810153140566778
RPL9P29	-0.2142171583463834
RPL9P32	0.1353459478269596
RPL9P33	-0.3618969512171711
RPL9P5	-0.7624624456929332
RPL9P8	-2.462221180095126
RPLP0	-1.0538315648770862
RPLP0P11	0.3314522078833348
RPLP0P2	-0.8582656192198295
RPLP0P3	-0.02048292378650446
RPLP0P6	-1.5733341228210067
RPLP0P9	-0.8154385413892236
RPLP1	0.31836013673073893
RPLP1P1	-0.2142171583463834
RPLP1P11	0.07486151057020685
RPLP1P4	-0.012333845043828062
RPLP1P5	0.0
RPLP1P6	0.24258913127459047
RPLP2	0.1558569415858404
RPLP2P1	0.19373423455987895
RPLP2P3	0.3137089992371118
RPN1	0.27394223435289966
RPN2	0.03604804022928221
RPP14	-0.16804489265721578
RPP25L	0.601591654952486
RPP30	-0.618104142177998
RPP38	0.19436259274137946
RPP40	0.15400379959423383
RPPH1	0.4049085585789527
RPRD1A	0.019680437455869892
RPRD1B	-0.5631349668865795
RPRD2	0.12725845057207685
RPS10-NUDT3	0.12190606690388828
RPS10P1	0.18794410088169283
RPS10P13	-2.161140177172011
RPS10P15	0.12476932576777733
RPS10P17	0.1353459478269596
RPS10P21	0.349563106173343
RPS10P26	-0.1406310852449062
RPS10P28	-0.3850145694376545
RPS10P29	0.42138308967906213
RPS10P3	-0.6761364159332333
RPS10P4	-0.3850145694376545
RPS10P5	-1.3103165286951959
RPS10P7	0.43757670335712184
RPS10P9	0.19373423455987895
RPS11	0.042732095512743484
RPS11P2	0.11723504953695138
RPS11P5	0.34110211168869187
RPS12	-0.2343912231010492
RPS12P17	0.19373423455987895
RPS12P22	0.014038828284312466
RPS12P23	-0.4404155707959591
RPS12P29	0.056851444027912035
RPS12P3	-1.5325101198910538
RPS13	-0.15669559840435987
RPS13P2	0.11040376051896228
RPS13P8	0.0
RPS14	-0.09391930744827448
RPS14P1	-1.3078080455819285
RPS14P6	-0.8023125220131302
RPS14P8	-0.5757706829713992
RPS15	0.13163345382643854
RPS15A	0.3151614884754217
RPS15AP1	0.3168322467024858
RPS15AP11	-0.845913064020118
RPS15AP12	-0.04300702936232348
RPS15AP14	0.3822833839694505
RPS15AP19	0.2931271157648556
RPS15AP2	-0.4404155707959591
RPS15AP24	-0.02048292378650446
RPS15AP33	0.19373423455987895
RPS15AP36	1.6002479787901085
RPS15AP38	0.11723504953695138
RPS15P2	-0.2142171583463834
RPS15P3	0.40092780777396353
RPS15P4	0.3369584398772263
RPS16	-0.08954844710148535
RPS16P2	0.19373423455987895
RPS17	-0.35060564815966444
RPS17P16	-0.8102816530057583
RPS17P2	0.23825183354396307
RPS18	-0.15590741659997676
RPS18P12	-0.22334389307535996
RPS18P2	0.027998194953947397
RPS18P3	0.0
RPS18P4	0.44186601346556653
RPS18P5	0.03326217393995545
RPS18P7	-0.2142171583463834
RPS18P9	-0.6314587260845519
RPS19	-0.8665702420007815
RPS19BP1	0.03820027453140895
RPS19P1	0.0
RPS19P7	-0.6663827405266808
RPS2	-0.9532066398848116
RPS20	0.04278748026619006
RPS20P11	0.2686085992744296
RPS20P14	-0.6142952386993698
RPS20P2	-0.3618969512171711
RPS20P24	0.0
RPS20P26	0.0
RPS20P3	-0.28976612086188525
RPS20P35	-0.5531772860949465
RPS21	-0.44314408893796475
RPS23	0.03379946652341559
RPS23P8	0.8062930064490281
RPS24	-0.31772094869271683
RPS24P15	0.5590073448268758
RPS24P19	-0.01278693292803501
RPS24P6	0.0
RPS24P8	-0.7307999723878864
RPS25	-0.18274929260656592
RPS25P10	0.32908018238683856
RPS25P2	0.06823248547338179
RPS25P3	-0.3850145694376545
RPS25P6	0.001858776917411653
RPS25P9	-1.5343302243722272
RPS26	-0.4511621928930225
RPS26P10	0.1353459478269596
RPS26P17	0.19373423455987895
RPS26P25	0.30871977242953363
RPS26P3	-1.3312396626368859
RPS26P31	-0.16974716979042181
RPS26P32	0.19373423455987895
RPS26P39	0.19373423455987895
RPS26P45	-0.3850145694376545
RPS26P49	0.543297340733222
RPS26P58	-1.3624526343668921
RPS26P6	-0.11964769499392847
RPS26P8	-0.28098671701692224
RPS27	-0.5618296719460218
RPS27A	-0.6110999809002351
RPS27AP11	-0.03285493811123469
RPS27AP16	-0.5088025444338169
RPS27AP2	-0.3850145694376545
RPS27AP3	0.44186601346556653
RPS27AP5	-0.33143038577549877
RPS27AP6	0.19373423455987895
RPS27L	0.22093641386956797
RPS27P13	-0.6546327291423425
RPS27P17	0.5439174190931433
RPS27P21	0.0
RPS27P23	-0.2142171583463834
RPS27P25	-0.2142171583463834
RPS27P29	0.1353459478269596
RPS27P3	-0.7136651327697869
RPS27P4	-0.9248886586580449
RPS27P6	0.5498410520988639
RPS27P8	-1.1711290434256063
RPS27P9	0.20514322483700465
RPS28	-0.30407466337330114
RPS28P7	0.4824185011599109
RPS28P9	-0.9714282477159397
RPS29	-0.5852130198989745
RPS29P3	-0.6546327291423425
RPS29P8	0.0
RPS2P15	0.44186601346556653
RPS2P17	0.38167833544157176
RPS2P20	-0.47737900245281606
RPS2P26	-0.21624826600683772
RPS2P27	-1.2121824200072275
RPS2P32	0.382142187497859
RPS2P33	0.349563106173343
RPS2P37	-0.3850145694376545
RPS2P4	0.3510135488429504
RPS2P40	-0.4404155707959591
RPS2P46	-0.9378730713868402
RPS2P48	-0.02048292378650446
RPS2P5	-1.0869598555040803
RPS2P55	-0.887079775850464
RPS2P7	-0.5681553581820773
RPS2P8	-0.2142171583463834
RPS3	-0.7725177585621772
RPS3A	-0.13158000194287212
RPS3AP18	-0.5252807097530192
RPS3AP2	-0.6546327291423425
RPS3AP20	0.15879192022354305
RPS3AP21	0.5549444382646529
RPS3AP25	0.15934648978496574
RPS3AP36	0.0
RPS3AP47	0.5427565502490426
RPS3AP49	-0.2142171583463834
RPS3AP5	-0.03967911505124455
RPS3AP53	0.19373423455987895
RPS3AP6	0.18378211007062184
RPS3AP9	0.0
RPS3P3	0.056851444027912035
RPS3P5	-0.26941073501994905
RPS4X	0.02557720674161601
RPS4XP1	-0.6858145926423547
RPS4XP11	0.42138308967906213
RPS4XP15	0.0
RPS4XP16	0.18116919362411332
RPS4XP2	0.19373423455987895
RPS4XP22	0.529421197781732
RPS4XP5	-0.4404155707959591
RPS4XP6	0.11723504953695138
RPS4XP8	0.3314522078833348
RPS5	-0.35057335207069684
RPS5P4	0.056851444027912035
RPS5P5	-0.02048292378650446
RPS5P6	0.11723504953695138
RPS6	-0.1828886688079301
RPS6KA1	0.28394477816283725
RPS6KA2	0.48982450858086324
RPS6KA3	-1.1547251465749682
RPS6KA4	-0.26908396839878
RPS6KA5	0.6266981362819717
RPS6KA6	0.08178358627263993
RPS6KB1	-0.12944924693464444
RPS6KB2	-0.19867516216964098
RPS6KC1	0.1137110474546823
RPS6KL1	-0.980787405322129
RPS6P1	-0.845913064020118
RPS6P10	-0.02048292378650446
RPS6P26	-0.2142171583463834
RPS6P8	0.5498410520988639
RPS7	-0.23003423657199207
RPS7P1	-0.18397853049340718
RPS7P10	-0.08645310348870705
RPS7P11	0.8000960537660351
RPS7P14	-0.2142171583463834
RPS7P4	0.19373423455987895
RPS7P6	-0.3850145694376545
RPS8	-0.0016653464092009074
RPS8P10	0.32908018238683856
RPS8P3	0.19373423455987895
RPS8P7	0.349563106173343
RPS8P8	-0.05223496107815606
RPS8P9	0.0
RPS9	-0.1890701266953787
RPS9P1	-0.03545146326431148
RPS9P2	0.5475416977953049
RPS9P3	-0.3850145694376545
RPS9P4	-1.6429091518818892
RPSA	-0.9258535171445885
RPSAP11	-0.16816271665729213
RPSAP12	-0.2491962471287037
RPSAP15	-0.9159693312905042
RPSAP17	-0.25580209607418625
RPSAP18	-0.9829427696652728
RPSAP19	-0.06596874442114764
RPSAP22	0.25039487069281213
RPSAP26	-0.6228919650157136
RPSAP29	0.0
RPSAP3	-1.3983770166725051
RPSAP30	0.18794410088169283
RPSAP31	0.0
RPSAP4	0.12504110900412363
RPSAP41	-0.6675124098449516
RPSAP45	-0.3850145694376545
RPSAP46	-0.4404155707959591
RPSAP47	-0.019980252457217684
RPSAP49	-0.2142171583463834
RPSAP5	-0.40549749322415896
RPSAP52	-1.778874573743154
RPSAP53	-0.06122941849965935
RPSAP54	-1.1853327614526066
RPSAP58	-0.6970317268842923
RPSAP61	-0.7393332383528413
RPSAP67	-0.02048292378650446
RPSAP8	0.0
RPSAP9	-0.726147237440784
RPTOR	-0.2441420124756899
RPUSD1	-0.20833926497047361
RPUSD2	0.14920690953446858
RPUSD3	0.07015273195098892
RPUSD4	-0.21291563512146006
RRAD	0.35856071722108834
RRAGA	0.3493499580335211
RRAGB	-0.14880944112994499
RRAGC	0.23057415561915562
RRAGD	-0.3679435901091139
RRAS	-0.926763781618622
RRAS2	-0.5063117773941067
RRBP1	0.08651204764739617
RREB1	0.09402093862169458
RRH	-0.2121380119965357
RRM1	-0.043870976335991685
RRM2	0.0964788624638988
RRM2B	0.5317681942417654
RRN3	-0.3713446225509287
RRN3P1	-0.23445548489237744
RRN3P2	0.3420753576565714
RRN3P3	0.11828161086405942
RRNAD1	0.05059893858359743
RRP1	0.3947626093729504
RRP12	-0.19412488033601782
RRP15	-0.4904772010563647
RRP1B	0.09051937640786711
RRP36	0.1998515589880956
RRP7A	-0.1594580111494075
RRP7BP	-0.3060680963262534
RRP8	-0.08646571472403686
RRP9	-0.03430252353600238
RRS1	0.1484990990582009
RRS1-AS1	-0.10149237421915358
RSAD1	-0.47295397036017306
RSAD2	-0.3618969512171711
RSBN1	-0.032697207984842436
RSBN1L	-0.16763628370134143
RSC1A1	-0.00912032931579887
RSF1	0.01963149041550949
RSG1	0.22680592755427753
RSL1D1	-0.2841218627671598
RSL24D1	0.04523773442849688
RSL24D1P11	-0.8894371953937337
RSPH1	0.5592319621020365
RSPH10B2	-0.13976967079491343
RSPH14	0.0014504426696074213
RSPH3	0.4109246488775513
RSPH4A	-0.12366062333262073
RSPH6A	0.0
RSPH9	-0.2345884805950697
RSPO2	-0.8123127606662126
RSPO3	-0.2142171583463834
RSPO4	0.5863404714397903
RSPRY1	0.1078241837889582
RSRC1	0.04450682348781676
RSRC2	-0.16716587781844439
RSRP1	0.25685509907875215
RSU1	0.32259609259434363
RSU1P2	0.349563106173343
RTBDN	-0.02048292378650446
RTCA	0.30209927863818287
RTCA-AS1	0.4234479463544991
RTCB	-0.01810680158097
RTEL1-TNFRSF6B	-0.3002205503628965
RTF1	0.11352596098984513
RTFDC1	-0.27408174635090177
RTKN	-0.2677795199007031
RTKN2	-0.42898537754910926
RTN1	-1.1489080925316026
RTN2	0.5227757699837543
RTN3	-0.0006258275028372395
RTN3P1	-0.1608472646485331
RTN4	0.1250068196928762
RTN4IP1	0.005619810401205072
RTN4R	1.0656912585117646
RTN4RL2	0.4094974980943613
RTP1	0.0
RTP4	0.44186601346556653
RTTN	-0.12430456377104981
RUBCN	-0.17913625211744844
RUBCNL	1.23183019143179
RUFY1	0.41746348791396315
RUFY2	-0.527026247461297
RUFY3	0.1638267055946674
RUFY4	-0.6663827405266808
RUNDC1	-0.8408470533078312
RUNDC3A-AS1	-0.39711754037679636
RUNDC3B	1.7367243656591098
RUNX1	-0.3464691526094139
RUNX2	0.5545958281790551
RUNX3	-0.025919150467739627
RUSC1	0.09268882527068811
RUSC1-AS1	-0.03383247756451091
RUSC2	-0.2142171583463834
RUVBL1	-0.023528599915318082
RUVBL1-AS1	0.349563106173343
RUVBL2	-0.06255051820355106
RWDD1	-0.041506224381571144
RWDD2A	0.24617648647499646
RWDD2B	1.1089168335745967
RWDD3	-0.09827419372682122
RWDD4	0.29711951611021803
RWDD4P1	0.1353459478269596
RWDD4P2	-1.0405403543556124
RXFP1	0.0
RXFP2	0.056851444027912035
RXFP4	0.44186601346556653
RXRA	-0.2353959549878457
RXRB	0.014408843192411425
RYBP	0.29502753379423297
RYK	0.2163091261736021
RYR2	-0.06184816961006767
RYR3	-0.005417886842070674
S100A1	0.010058086775161401
S100A10	0.6789341208083925
S100A11	0.9248299961904536
S100A11P1	-0.5992317277840379
S100A12	0.6356002480254456
S100A13	0.16652621553416225
S100A14	0.349563106173343
S100A2	1.6829852685849256
S100A3	0.44186601346556653
S100A4	1.3473270916199542
S100A5	0.5069584941833597
S100A6	3.0740054666778462
S100A8	4.545243839438932
S100A9	3.810106877870094
S100B	1.116717349772353
S100P	-4.823620173765691
S100PBP	-0.10357069645633388
S100Z	-1.423703763882861
S1PR1	0.42138308967906213
S1PR2	0.22711431301658713
S1PR3	0.14694349651799143
S1PR4	0.3071472109500091
SAAL1	-0.02424258383262412
SAC3D1	0.03515481565036627
SACM1L	0.08684252767028156
SACS	-0.16271248330852295
SAE1	0.11664557324701441
SAFB	-0.022139699882814057
SAFB2	0.02633248889946671
SAG	-1.3212095408533164
SALL4	0.0
SAMD1	0.2438627078986677
SAMD10	-0.06423540530724736
SAMD11	1.326643110680978
SAMD12	0.44186601346556653
SAMD13	0.06529153601403248
SAMD14	0.529791324069987
SAMD15	-0.5448977916720672
SAMD3	-0.02048292378650446
SAMD4A	-0.3850145694376545
SAMD4B	0.08774610655557247
SAMD5	0.19373423455987895
SAMD8	0.021827497976676824
SAMD9	0.06124771594416423
SAMD9L	0.38622671959198396
SAMHD1	0.141056584543378
SAMM50	-0.11274352371730423
SAMSN1	0.014438860083025418
SAMSN1-AS1	0.543297340733222
SAP130	-0.038364430947677164
SAP18	0.15821008240942014
SAP25	0.0408392802006432
SAP30	0.27234332519980775
SAP30BP	-0.43207536176296557
SAP30L	-0.13477842849040655
SAP30L-AS1	-0.4708808823697499
SAPCD1-AS1	-0.03898623026882109
SAPCD2	-0.1347272883587607
SAR1A	-0.38147561051061096
SAR1B	-0.051456819977126145
SARAF	0.31609838487157127
SARDH	0.0
SARM1	0.18472529914461067
SARNP	-0.046178819662618054
SARS	0.04349501894472141
SARS2	-0.25434246486665124
SART1	-0.1124760810369132
SART3	-0.38008238242712267
SASH1	0.8753741337235516
SASH3	0.02200609780852325
SASS6	-0.19709018013843682
SAT1	1.4083802308866318
SATB1	-0.28675178777390187
SATB1-AS1	0.17113605558851486
SATB2	-0.040051283158737405
SATB2-AS1	-0.06184131826622541
SATL1	-1.4868555684487799
SAV1	-0.3355419706250622
SAXO1	-0.6085782874532513
SAXO2	-0.027930866548848243
SAYSD1	-0.20895696994884894
SBDS	0.20018977667762883
SBDSP1	-0.13914323594124411
SBF1	0.010497068663141818
SBF2	-0.3128084020534452
SBF2-AS1	0.04137446036914838
SBK1	1.8232577623357749
SBNO1	-0.0736630097197235
SBNO2	0.3187408028186125
SBSN	0.349563106173343
SC5D	0.3612208411993212
SCAF1	-0.023523347164275066
SCAF11	-0.29742846662276
SCAF4	0.2337758616052934
SCAF8	0.007953857886175086
SCAI	-0.6525073514606294
SCAMP1	0.04298671427818945
SCAMP1-AS1	0.4390775969783469
SCAMP2	0.17943079251840643
SCAMP3	0.3684991044437762
SCAMP4	0.2825643381748133
SCAMP5	0.31401011361128717
SCAND1	0.1436159989282082
SCAND2P	-0.10615635873560159
SCAP	0.039953779717935234
SCAPER	-0.4513967553938283
SCARA3	-0.3850145694376545
SCARB1	0.06798022821991445
SCARB2	0.23354651973004614
SCARF1	0.9696915758182982
SCARF2	0.6801449855750259
SCARNA2	1.2500180623227537
SCART1	-0.7920508339381636
SCCPDH	-0.12263408616465021
SCD	0.19508754964549446
SCD5	-0.267784939559915
SCDP1	0.29012981435968044
SCEL	-0.4404155707959591
SCFD1	-0.054061952035169725
SCFD2	-0.21962624485659887
SCG2	4.47603427043431
SCG3	0.22764885511918312
SCG5	-0.16427742981164428
SCGB1B2P	-0.6085782874532513
SCGN	1.022262649372106
SCHLAP1	0.0
SCIN	0.9851633541987885
SCLT1	-0.06318954816434008
SCMH1	-0.09907442693893209
SCML2	-0.47709432881641867
SCML4	-0.627617718974761
SCN10A	0.44186601346556653
SCN11A	0.1490836371772044
SCN1B	-0.07666818589434732
SCN2A	-0.3850145694376545
SCN2B	-0.2142171583463834
SCN3A	0.19373423455987895
SCN4A	-0.0734207002338294
SCN4B	0.0
SCN5A	-1.4132942611815063
SCN8A	-0.36285069640562195
SCN9A	0.0
SCNN1A	-0.871888994004853
SCNN1B	0.8619295595745399
SCNN1D	1.1518360912699555
SCO1	-0.044222044696660134
SCO2	0.18906749702020953
SCOC	0.017006216907171634
SCOC-AS1	-0.21785586540683965
SCOCP1	0.03728063695297923
SCP2	0.2209989417167577
SCPEP1	-0.43551687020993235
SCRG1	-0.5977812851144304
SCRIB	0.19380795964966957
SCRN1	1.7998329220428375
SCRN2	-0.12801130094790825
SCRN3	-0.08953097861949466
SCRT2	3.591023897354218
SCT	0.44186601346556653
SCUBE1	0.5493557827038869
SCUBE2	-0.5836843144894255
SCUBE3	0.964196069633684
SCX	0.44186601346556653
SCYL1	0.4772134977971447
SCYL2	-0.19190286285595626
SCYL3	0.469206633275018
SDAD1	0.002813484581658088
SDAD1P1	0.3020412325816584
SDC1	-0.6390048769544698
SDC2	1.157594022393095
SDC3	1.4770378178022996
SDC4	0.6753393234749181
SDCBP	0.757891446809694
SDCBP2-AS1	0.4043634063336041
SDCCAG3	-0.5083784339428146
SDCCAG3P1	-0.2142171583463834
SDCCAG8	-0.6495341717075398
SDE2	-0.5288325720896623
SDF2	0.14817983810301705
SDF2L1	0.0666110031803715
SDF4	0.3899465307438863
SDHA	0.19072466172534952
SDHAF1	0.29770369350051507
SDHAF2	0.07612035500231684
SDHAF3	0.23517081278961882
SDHAF4	0.5867570512735059
SDHAP1	-0.1496098518715785
SDHAP2	-0.06888129299052004
SDHAP3	0.6856692139733078
SDHB	0.1602733600076327
SDHC	0.12530600657627566
SDHD	-0.004336000943986562
SDHDP2	-0.41476666789893835
SDHDP3	-0.2142171583463834
SDHDP7	0.0
SDK1	0.1353459478269596
SDK2	0.349563106173343
SDR16C6P	0.0
SDR39U1	-0.5640577290626343
SDR42E1P5	0.19373423455987895
SDR9C7	-0.6663827405266808
SDS	0.3166911807031876
SDSL	0.09846266387672564
SEC11A	0.14643471747665693
SEC11C	0.23767125394937239
SEC13	0.31189017375039896
SEC14L1	0.042081089902218594
SEC14L2	0.0061960825593154745
SEC14L3	0.19373423455987895
SEC14L4	-0.2142171583463834
SEC14L5	0.349563106173343
SEC16A	-0.3406390974176574
SEC16B	-0.293291754709359
SEC1P	-0.527097925722892
SEC22A	-0.16145817208282054
SEC22C	-0.09241240590769628
SEC23A	0.007566766572614014
SEC23B	-0.019065326305948815
SEC23IP	-0.6947809099648303
SEC24A	0.4348052741353037
SEC24B	0.015450205736017963
SEC24B-AS1	0.11330052987746164
SEC24C	0.350434540330685
SEC24D	1.04861084019341
SEC31A	0.4739256724270504
SEC31B	-0.46994955128643845
SEC61A1	0.5141800856751786
SEC61A2	-0.3687811704487096
SEC61B	0.588954253878299
SEC61G	0.2743220875891126
SEC62	-0.03940326278557649
SEC63	0.3137643460392301
SEC63P1	0.5618034460550088
SECISBP2	-0.39098011614281525
SECISBP2L	-0.0732134768624686
SEH1L	0.0012283014167060458
SEL1L	-0.08001214165508763
SEL1L2	0.8628853639722963
SEL1L3	0.8798182558932126
SELENOF	0.20339588097623462
SELENOI	-0.25740639220964745
SELENOK	0.19058132563307595
SELENOM	0.8889367295958698
SELENON	-0.024770206863697908
SELENOO	-0.45206185385889874
SELENOP	0.5498410520988639
SELENOS	0.46861991512337475
SELENOT	0.1622197489101378
SELENOV	0.0
SELENOW	-1.3109010374582812
SELENOWP1	-0.2142171583463834
SELL	2.3667231117802086
SELP	1.4819897721719224
SELPLG	-0.030958796859865245
SEM1	0.0827161152600997
SEM1P1	-0.9982206105563097
SEMA3A	-0.7635947797095044
SEMA3B	0.6066924961267761
SEMA3C	1.589848168112304
SEMA3D	0.7425116941872887
SEMA3E	1.8076867123443274
SEMA3F	-1.4069886415929531
SEMA3F-AS1	-0.01826257392719577
SEMA3G	-0.02216626418999823
SEMA4A	0.1374508775395764
SEMA4B	-0.05735202019340413
SEMA4C	0.5428667604888417
SEMA4D	0.5170391464964439
SEMA4F	-0.833043021322931
SEMA4G	0.25039487069281213
SEMA5A	-0.19128033487777554
SEMA5B	0.0014504426696074213
SEMA6A	-0.8096514842201472
SEMA6A-AS1	-0.7024011225310813
SEMA6B	0.7441803351866214
SEMA6C	-0.8757575623781957
SEMA6D	-0.3618969512171711
SEMA7A	0.22602752743288423
SENCR	-0.04421588945717181
SENP1	-0.49932145960156227
SENP2	-0.16423404018002152
SENP3-EIF4A1	0.6558746699954296
SENP5	-0.03569620361901649
SENP6	0.10892171385143712
SENP7	-0.3563480074198804
SENP8	-0.1753220377314424
SEPHS1	-0.0563607696591788
SEPHS1P1	-0.2142171583463834
SEPHS1P2	-0.4404155707959591
SEPHS2	0.08703652008665053
SEPSECS	0.05052263257986134
SEPSECS-AS1	0.6419698772642697
SEPT1	-1.4780953087083093
SEPT11	0.343261304995373
SEPT12	0.19373423455987895
SEPT14	0.0
SEPT14P1	0.16482648266120942
SEPT14P10	-0.07219468197764023
SEPT14P11	0.5293581283123594
SEPT14P14	-0.04151693325837247
SEPT14P15	-0.25660048417648484
SEPT14P16	-0.05276715392615294
SEPT14P18	-0.35038647137008283
SEPT14P19	-0.017384649207890845
SEPT14P2	0.12594865905040464
SEPT14P22	0.22764885511918312
SEPT14P4	-0.3948345671192275
SEPT14P5	-0.8254301402336136
SEPT14P7	-0.15284171817341985
SEPT2	0.1243032880586199
SEPT3	1.3043073725860936
SEPT4	0.6660333182546879
SEPT4-AS1	-0.02048292378650446
SEPT5	-0.5000978916182932
SEPT6	-0.2215907919955864
SEPT7	-0.009175694311370108
SEPT7-AS1	0.29134218799477196
SEPT7P2	-0.44533389190729444
SEPT7P3	-0.21438615921780324
SEPT7P6	-0.3618969512171711
SEPT7P7	0.4383844631355048
SEPT7P9	-0.02288293632992655
SEPT8	-0.11407017386581764
SEPT9	-0.2052967541729238
SERAC1	0.26175192907574285
SERBP1	0.07314295903854351
SERBP1P1	-0.14698643176165316
SERBP1P3	-0.6447869668181079
SERBP1P5	0.1250463791122287
SERBP1P6	0.03309248253969699
SERF1A	-0.7661308999263834
SERF1B	-0.7538867383111629
SERF2	0.08412669562200836
SERF2-C15ORF63	-0.45638766271657705
SERGEF	-0.24686503712885433
SERHL	-0.12948444284420768
SERHL2	0.08919876412898331
SERINC1	0.3142457808401016
SERINC2	-0.07079552299201919
SERINC3	-0.2658320688430269
SERINC4	-0.15766049917842562
SERINC5	-0.3180436083786553
SERP1	0.27076965394112484
SERPINA1	2.5625517631093335
SERPINA11	0.349563106173343
SERPINA5	0.19373423455987895
SERPINB1	0.7878900263448863
SERPINB10	0.537966544904732
SERPINB13	-0.24668133623608016
SERPINB2	2.139214965341126
SERPINB5	0.0
SERPINB7	-0.8254301402336136
SERPINB8	0.07719029614234785
SERPINB9	-0.6652955511302574
SERPINB9P1	0.5293581283123594
SERPINC1	-0.2926687913232435
SERPIND1	-0.5660406884784045
SERPINE1	1.4879025828939694
SERPINE2	-0.2456016925082647
SERPINE3	-0.6316959056737347
SERPINF1	0.1353459478269596
SERPINF2	1.5784030710413641
SERPINH1	0.14079645811255398
SERPINI1	1.0863467209973559
SERPINI2	-0.33392449346424724
SERTAD1	0.6290183363247221
SERTAD2	0.010085940057502185
SERTAD3	0.5945283982490261
SERTM1	0.9081556973262059
SESN1	0.2906929866334469
SESN2	-0.4550516901131534
SESN3	0.324759527909535
SESTD1	-0.21998541939765914
SET	-0.38458389244278024
SETBP1	0.31911836283950673
SETD1A	0.020602081276130946
SETD1B	-0.19599583748173188
SETD2	0.0768032139009982
SETD3	-0.001056580949232
SETD4	0.3014052551822388
SETD5	-0.13472527779292065
SETD6	-0.24603505519905866
SETD7	0.12446221259632573
SETD9	0.21699723740652566
SETDB1	0.03572453723124269
SETDB2-PHF11	0.0
SETMAR	-0.0658448852504474
SETP14	-0.5196569821201624
SETP17	-0.3774478762552788
SETP2	1.129194904624276
SETP22	-0.37067606349886983
SETP7	0.44186601346556653
SETSIP	0.543297340733222
SETX	-0.2633304593601906
SEZ6	1.0152121607421514
SEZ6L	-0.2142171583463834
SEZ6L2	0.4383844631355048
SF1	0.027587513977232803
SF3A1	-0.03159114313812772
SF3A2	0.17702024102724856
SF3A3	0.030383854500943386
SF3A3P1	-0.4404155707959591
SF3A3P2	0.49523590716341687
SF3B1	-0.015889090393104155
SF3B2	0.014585125249892528
SF3B3	-0.0013870924360048775
SF3B4	0.004205466912608813
SF3B5	0.5270152872887195
SF3B6	0.19729390797441937
SFI1	-0.3295360212012355
SFMBT1	0.09345762479281738
SFMBT2	-0.2865028528691944
SFN	1.247528544273949
SFPQ	-0.10497842123453438
SFR1	-0.6447251675287138
SFR1P1	0.0
SFR1P2	-0.2142171583463834
SFSWAP	-0.5208548347052311
SFT2D1	0.2861402154248349
SFT2D2	0.3095037757244157
SFT2D3	0.08385272379590614
SFTA3	-0.2142171583463834
SFTPA2	0.1353459478269596
SFTPD	0.8181416921861896
SFXN1	-0.030636309101872428
SFXN2	-0.6189000876359945
SFXN3	-0.7722566509684299
SFXN4	-0.19036975027121628
SFXN5	0.2477445160427667
SGCA	0.44186601346556653
SGCB	0.18661740338306387
SGCD	-0.4404155707959591
SGCE	-0.4405530754827005
SGCG	-0.2142171583463834
SGCZ	0.1094254813029048
SGF29	0.15763343614574055
SGIP1	0.6356002480254456
SGK1	2.6604885284155984
SGK2	0.7914291196389095
SGK494	-0.9604470326083296
SGMS1	0.16325656204114658
SGMS1-AS1	-0.05950999297206705
SGMS2	0.6591420992369326
SGO1	-0.20690747959761246
SGO1-AS1	-0.2049198614530754
SGO2	0.1567291832689044
SGPL1	-0.8022034793770754
SGPP1	-0.7328220597595614
SGPP2	0.3676299202297636
SGSM1	0.0
SGSM2	-0.06721127170706076
SGSM3	0.24539647011485854
SGTA	0.1570270055336671
SGTB	0.22404407127207193
SH2B1	0.0774594465413827
SH2B2	0.9369351737557619
SH2B3	-0.6401379902661049
SH2D1A	0.7571378825310614
SH2D1B	0.6681953250146608
SH2D2A	-0.07992448627592452
SH2D3A	-0.32053977623953855
SH2D3C	-0.1943767702781063
SH2D4A	-3.0963371233739316
SH2D4B	0.07891335309865721
SH2D5	-0.09466572176971244
SH2D6	-0.056690871236847906
SH3BGRL	0.5080710678591167
SH3BGRL2	-3.4824932304843683
SH3BGRL3	0.7661995938854602
SH3BP1	0.7039914160197878
SH3BP2	0.033149083314429006
SH3BP5	-0.07271989792549771
SH3BP5-AS1	0.2308857780989273
SH3BP5L	-0.20072761481295487
SH3D19	0.543297340733222
SH3D21	-0.7718043530618122
SH3GL1	0.3939276740795652
SH3GL2	-0.6430466235401509
SH3GL3	0.19373423455987895
SH3GLB1	0.16380302908679845
SH3GLB2	-0.17119435342790545
SH3KBP1	0.4166436815413448
SH3PXD2A	0.06559234814983661
SH3PXD2B	-0.8470364095998155
SH3RF1	0.13407593930842943
SH3RF2	-0.09085246462261609
SH3RF3	-4.199518330415021
SH3TC1	1.1983400474443406
SH3YL1	-0.20576755704718153
SHANK1	-0.3850145694376545
SHANK2	-0.334930532643346
SHANK3	-0.053771981271836466
SHARPIN	0.491940482958344
SHB	0.14024036344973023
SHC1	0.2382341075532164
SHC1P2	-0.8254301402336136
SHC3	0.9510985680681152
SHC4	0.3046577862356452
SHCBP1	0.18886552552683078
SHCBP1L	0.0014504426696074213
SHD	-0.19128033487777554
SHF	-0.6064787790938446
SHH	0.11723504953695138
SHISA2	0.7094898873367295
SHISA4	-0.23435497431850782
SHISA5	0.1181196177678725
SHISA6	0.3314522078833348
SHISA7	0.4383844631355048
SHISA9	-0.208074146763515
SHKBP1	0.20972925127928477
SHMT1	-0.15358397060114015
SHMT2	-0.20743189908615278
SHOC2	-0.4287408333175726
SHOX2	0.19911766718654977
SHPK	0.1604697637736594
SHPRH	-0.26237171032674844
SHQ1	-0.02919427546667208
SHQ1P1	0.6703275177022668
SHROOM1	1.2343353936777026
SHROOM3	-0.40549749322415896
SHROOM4	0.3314522078833348
SHTN1	-0.5432340568939988
SI	0.0
SIAE	0.928088620178781
SIAH1	-0.0803050803111951
SIAH2	0.07215059459724671
SIAH3	0.44186601346556653
SIDT1	-0.2826447451949301
SIDT2	-0.05547057866645755
SIGIRR	-0.195791357708627
SIGLEC1	0.0014504426696074213
SIGLEC10	0.21277264926733608
SIGLEC12	0.15738414789171706
SIGLEC14	-1.2539623434843894
SIGLEC15	0.3314522078833348
SIGLEC17P	0.04295325650870119
SIGLEC20P	0.32908018238683856
SIGLEC22P	-0.17948485648131207
SIGLEC26P	0.543297340733222
SIGLEC5	-0.18259699435529342
SIGLEC6	0.9429322084618752
SIGLEC7	2.6780519781929386
SIGLEC8	2.0443865160561216
SIGLEC9	0.6711388956501967
SIGLECL1	0.8942369667673264
SIGMAR1	0.28071884797268076
SIK1	0.539265780442606
SIK2	0.08551337326973751
SIK3	-0.05906122919083501
SIKE1	-0.304050753727358
SIL1	0.6043224819599393
SIM1	-0.5960644946593749
SIMC1	0.15336997052583
SIN3A	-0.15913491198482177
SIN3B	-0.07884777281528699
SIPA1	0.5198313358229267
SIPA1L1	0.49178341572237105
SIPA1L2	0.27627779341915826
SIPA1L3	-0.0383798344399775
SIRPA	0.6191096066176556
SIRPB1	0.5922007348164708
SIRPB2	0.8754824006348416
SIRPD	0.8036968288189126
SIRPG	-0.4621124663784659
SIRT1	-0.1252386410959776
SIRT2	0.2961829559230651
SIRT3	0.2361124760316935
SIRT4	-0.10189956601845473
SIRT5	-0.18850209717607314
SIRT6	0.31687101042321775
SIRT7	-0.4089872911843564
SIT1	-0.7365966010151637
SIVA1	0.10435887522926102
SIX1	0.0
SIX3	-0.2142171583463834
SIX4	-0.7944161762053206
SIX5	1.1223665530181242
SKA1	0.29917630770219716
SKA2	-0.16205846780535005
SKA3	-0.09889424484216569
SKAP1	-0.4747209515768012
SKAP2	0.3770190486252307
SKI	0.17411697466907583
SKIDA1	0.2115022016572894
SKIL	0.42641755938360504
SKIV2L	0.057401225954080815
SKIV2L2	0.2323121262861978
SKOR1	-0.10768149587896403
SKP1	0.3077647352006352
SKP1P1	0.26306000526670936
SKP2	-0.07050717182209354
SLA	0.626451015778315
SLA2	-1.176849427198838
SLAIN1	-0.06693365531782369
SLAIN2	0.011008414772334163
SLAMF1	1.0237130920417135
SLAMF6	-0.42992768103584034
SLAMF7	0.08774182950639009
SLAMF8	1.5228613716981503
SLBP	-0.13850228335540393
SLC10A3	0.7280297869531207
SLC10A4	-0.33728753778221354
SLC10A5	-0.2210485849692334
SLC10A6	-0.0710783133219457
SLC10A7	0.08784078705692089
SLC11A1	-0.7672368932882152
SLC11A2	-0.34766519851150157
SLC12A1	-0.24668133623608016
SLC12A2	0.23288154046192844
SLC12A4	0.8272284979909568
SLC12A5	0.7246767240139946
SLC12A6	0.2344698072428386
SLC12A7	-0.2142171583463834
SLC12A8	0.5314367971937362
SLC12A9	-0.2734352794555548
SLC13A1	-0.6841548457972739
SLC13A3	0.4810578169102069
SLC13A4	1.5435694587382123
SLC14A1	1.9688424105767102
SLC14A2	0.4560678567104457
SLC15A2	-0.15224398670742367
SLC15A3	0.6945990701854843
SLC15A4	-0.38907626342619217
SLC16A1	-0.08390721164300352
SLC16A1-AS1	-0.27895165653187703
SLC16A10	-0.2537875722507019
SLC16A12	-0.46089849458246357
SLC16A13	0.3535893927704379
SLC16A14	-0.7722968594286037
SLC16A2	0.0
SLC16A3	0.04760413625501769
SLC16A4	0.29144666614743286
SLC16A5	0.1353459478269596
SLC16A6	0.019302802031763377
SLC16A6P1	-0.3850145694376545
SLC16A7	-0.7338441970797991
SLC16A9	-0.5090198796088723
SLC17A5	0.5075445945555259
SLC17A7	1.0912262466027292
SLC17A8	0.19373423455987895
SLC17A9	-0.3793436763936455
SLC18A1	-0.5960644946593749
SLC18A2	-0.37437755596100786
SLC18B1	0.06945686962491049
SLC19A1	0.2965524422343897
SLC19A2	0.1760853201656758
SLC1A1	3.954772474847815
SLC1A2	0.349563106173343
SLC1A3	0.25917487631312675
SLC1A4	0.1166115152360323
SLC1A5	-0.03843927348510867
SLC20A1	0.22180773715038526
SLC20A2	0.041535376119105294
SLC22A1	-0.42653238184515185
SLC22A13	0.9712241417779259
SLC22A14	-0.24087266294910548
SLC22A15	0.0978300963136185
SLC22A16	-3.662552128630346
SLC22A18	2.08493406996016
SLC22A18AS	1.3355423018276649
SLC22A20	-0.6696941402691641
SLC22A23	-0.8665280450684474
SLC22A25	0.0
SLC22A4	0.2998624823867422
SLC22A5	0.20560951591637266
SLC22A9	0.19373423455987895
SLC23A1	0.04250335387590831
SLC23A2	-0.009834599448186765
SLC23A3	0.42503655227231496
SLC24A1	0.03157951767366285
SLC24A2	-0.3850145694376545
SLC24A3	-0.12308539979345878
SLC24A4	0.5862095723402715
SLC24A5	-0.19128033487777554
SLC25A1	0.2925454146342581
SLC25A10	-0.46703197984769673
SLC25A11	0.18428028630728832
SLC25A12	-0.32216818639690104
SLC25A13	0.20079135332382947
SLC25A14	0.24041856505469816
SLC25A14P1	0.19373423455987895
SLC25A15	0.10911967637240672
SLC25A16	-0.5596324954383061
SLC25A17	-0.04390684713464843
SLC25A18	0.19373423455987895
SLC25A19	-0.35806859504958055
SLC25A2	-0.19128033487777554
SLC25A20	0.023097161183175174
SLC25A21	0.3314522078833348
SLC25A22	0.27236799438174764
SLC25A23	-0.39772234821777896
SLC25A24	0.504774112284565
SLC25A25	-0.38175594263415746
SLC25A25-AS1	-0.40611109470733275
SLC25A26	-0.1777962385998091
SLC25A27	-1.3991378856573575
SLC25A28	-0.5246346050231985
SLC25A29	-0.1381053858918051
SLC25A3	-0.5111906793978918
SLC25A30	-0.02942917194538275
SLC25A30-AS1	-1.6182061977177566
SLC25A31	0.19373423455987895
SLC25A32	0.14585375367210673
SLC25A33	0.08874601242412083
SLC25A34	1.3973874393437533
SLC25A35	-0.42136897159628717
SLC25A36	-0.3126460445335617
SLC25A37	0.016276824441389337
SLC25A38	0.09137721671208787
SLC25A38P1	0.32184277470768796
SLC25A39	-0.6287728643920154
SLC25A4	-0.19817278055902854
SLC25A40	0.3710030194454923
SLC25A41	1.4300915286999354
SLC25A42	-0.3085342588622524
SLC25A43	0.24622747296848324
SLC25A44	0.01994988770440642
SLC25A45	0.09361067501094844
SLC25A46	0.07606612375962918
SLC25A5	0.09466257673554246
SLC25A5-AS1	-0.6533734621224059
SLC25A51	-0.2300792722955496
SLC25A52	0.4539781666682774
SLC25A53	0.04201538794712967
SLC25A5P2	-0.2142171583463834
SLC25A5P5	0.19373423455987895
SLC25A6P5	-0.7199451020810006
SLC26A1	0.43887391096013406
SLC26A10	-2.8877448258756004
SLC26A2	0.028350689273766605
SLC26A3	-0.5974191432960578
SLC26A4	0.6965488092603298
SLC26A5	-0.3150323492396012
SLC26A6	0.3914201319437822
SLC26A7	-0.9475678255920243
SLC26A8	0.20729683043219738
SLC26A9	0.3314522078833348
SLC27A1	-0.15111049876126081
SLC27A2	0.1443342508218315
SLC27A3	0.979135211965616
SLC27A4	-0.181268762204569
SLC27A5	0.25734967008286436
SLC27A6	1.6564208402490295
SLC28A1	0.19373423455987895
SLC28A2	0.055863119748585155
SLC28A3	-0.30225504499568245
SLC29A1	-0.0019436501239642467
SLC29A2	-0.42114018675672327
SLC29A3	-0.01241362798886847
SLC29A4	-0.03044474333383629
SLC2A1	0.27756781790208684
SLC2A1-AS1	-0.5177796850615024
SLC2A11	0.6387373078253642
SLC2A12	-0.17156123571401738
SLC2A13	-0.6079513135708137
SLC2A14	0.7996870974107538
SLC2A3	0.740149761509306
SLC2A3P1	0.02059095685740786
SLC2A3P4	0.19373423455987895
SLC2A4	1.2663108615572058
SLC2A4RG	-0.4728433332292248
SLC2A5	0.68641191314964
SLC2A6	0.0
SLC2A9	-1.1534101234713825
SLC30A1	-0.36180240859143886
SLC30A10	-1.1294829970762787
SLC30A3	2.5388817468171503
SLC30A5	0.2512212741311064
SLC30A6	0.031246492777951218
SLC30A7	0.15419050754830188
SLC30A8	-0.3618969512171711
SLC30A9	0.2357984064033971
SLC31A1	-0.025969940735242503
SLC31A1P1	0.19373423455987895
SLC31A2	0.14079876144994063
SLC33A1	0.14119469635365967
SLC34A1	-0.4404155707959591
SLC35A1	-0.02844131379866255
SLC35A2	0.3751918285336746
SLC35A3	-0.2086805049336533
SLC35A4	0.18440703679227255
SLC35A5	0.17112936389042233
SLC35B1	-0.16890166700664722
SLC35B2	-0.1699956199792627
SLC35B3	0.43551768261568924
SLC35B4	-0.030862619636478072
SLC35C1	0.20483295308296512
SLC35C2	-0.21351079639855897
SLC35D1	0.12297227253801069
SLC35D2	1.9891391509991592
SLC35D3	0.7441803351866214
SLC35E1	-0.006213799181345792
SLC35E2	0.1692880361201894
SLC35E2B	0.1658558491363067
SLC35E3	-0.10385057036240397
SLC35E4	0.4681787100438055
SLC35F1	-0.46089849458246357
SLC35F2	0.0435150727399396
SLC35F3	1.9127105036336949
SLC35F4	0.3314522078833348
SLC35F5	-0.004156871504997994
SLC35F6	-0.17783390586070524
SLC35G1	-0.6337085467415733
SLC35G2	-0.5560603291839223
SLC36A1	0.08467596915434683
SLC36A2	0.349563106173343
SLC36A4	0.030930118507148663
SLC37A1	0.40111352044316817
SLC37A2	-0.5986013989639014
SLC37A3	-0.5960644946593749
SLC37A4	-0.49762961173873244
SLC38A1	-0.6502089330429239
SLC38A10	0.3346411644133198
SLC38A2	-0.09411050958647849
SLC38A3	0.19373423455987895
SLC38A5	0.2797537122993905
SLC38A6	-0.6154263093322179
SLC38A7	-0.1819477639270115
SLC38A9	0.0140471934777473
SLC39A1	0.08556642081656918
SLC39A10	-0.0004210767916106306
SLC39A11	0.08035631223923723
SLC39A12-AS1	0.0
SLC39A13	0.36064768056017993
SLC39A14	0.15268132487901376
SLC39A2	-0.9287497438367112
SLC39A3	-0.07112941542735918
SLC39A4	0.10279451270783468
SLC39A5	-0.005507779223201892
SLC39A6	0.04644015028201309
SLC39A7	0.24508574065981037
SLC39A8	0.12614555222317847
SLC39A9	-0.07784220898958871
SLC3A1	-0.38469423414857884
SLC3A2	-0.15946929000230803
SLC40A1	-3.51612089933075
SLC41A2	0.30324222053043215
SLC41A3	0.04311670058618233
SLC43A1	0.018631866416535914
SLC43A2	-0.09861643239519502
SLC43A3	0.1585698168993872
SLC44A1	0.2789228416901661
SLC44A2	-0.35563196277995157
SLC44A4	0.7435752866587428
SLC44A5	0.0
SLC45A2	0.6810153140566778
SLC45A3	0.9031160081204508
SLC45A4	0.5193121162437215
SLC46A1	0.19373423455987895
SLC46A2	0.0
SLC47A1	-0.7853926973415042
SLC47A2	0.349563106173343
SLC48A1	-0.2935449884179704
SLC4A1	-0.46089849458246357
SLC4A11	0.6913321104424028
SLC4A1AP	-0.03290525334579186
SLC4A1APP1	-0.02048292378650446
SLC4A2	0.37983977155183624
SLC4A3	1.0155964244280309
SLC4A4	0.349563106173343
SLC4A5	0.47657199292319863
SLC4A7	-0.15927385108638603
SLC4A8	0.1253915174357756
SLC50A1	0.6698288661533915
SLC51A	2.675959626661359
SLC52A2	0.4996235771201665
SLC5A1	-1.1493156549345727
SLC5A10	0.10959388410586146
SLC5A11	0.6356002480254456
SLC5A12	0.44186601346556653
SLC5A2	0.2793096390641766
SLC5A5	0.44186601346556653
SLC5A6	0.045881858120003116
SLC5A8	-0.3618969512171711
SLC6A1	0.0
SLC6A10P	0.0
SLC6A12	0.3314522078833348
SLC6A13	-1.0569629892418384
SLC6A15	-0.3618969512171711
SLC6A16	-0.4772614802197871
SLC6A18	0.19373423455987895
SLC6A2	0.19373423455987895
SLC6A20	-1.0364800654553339
SLC6A3	0.44186601346556653
SLC6A4	-0.44030615466027756
SLC6A6	0.19770043309090823
SLC6A7	0.22764885511918312
SLC6A8	1.625992178682786
SLC6A9	-0.07596666854733503
SLC7A1	-0.2275714735075205
SLC7A11	-0.05042689473157402
SLC7A11-AS1	-0.09250252916496571
SLC7A14	-0.2142171583463834
SLC7A2	-0.8033595806593201
SLC7A5	-0.07526832366718317
SLC7A5P2	0.11807673844550992
SLC7A6	-0.08986009420492458
SLC7A6OS	0.08368721766166409
SLC7A7	-2.0228416356262393
SLC7A8	-0.10000719713151662
SLC7A9	0.0
SLC8A1	0.0
SLC8A1-AS1	0.9917070655644306
SLC8A2	0.32908018238683856
SLC8A3	0.44186601346556653
SLC8B1	0.005808369829141569
SLC9A1	0.1679546696181209
SLC9A2	1.0255278550036628
SLC9A3	1.079114093400018
SLC9A3R1	0.1350712053933414
SLC9A3R2	0.6373886665666135
SLC9A4	-0.09525448059997821
SLC9A5	-0.5821499778000385
SLC9A6	-0.12266788650453364
SLC9A7	-0.8831392126996818
SLC9A8	-0.1483860661639227
SLC9A9	-0.7057925561298957
SLC9B1	0.3667746084777468
SLC9B1P5	0.4383844631355048
SLC9B2	-0.11019898183494803
SLC9C1	0.8214779261822723
SLC9C2	-1.5220267997887373
SLCO1A2	-0.3850145694376545
SLCO1C1	0.5498410520988639
SLCO2A1	-1.4187325214082716
SLCO3A1	-0.6820860876024374
SLCO4A1	-0.40219649865162665
SLCO4A1-AS1	-0.5491476909897295
SLCO4C1	1.012991412660842
SLCO5A1	0.047532260469679954
SLF1	0.01842628614726749
SLF2	-0.4586753368927887
SLFN11	-0.5276203630091008
SLFN12	-0.5559221180862126
SLFN12L	-0.24033212243500424
SLFN13	-1.1502066401755222
SLFN5	1.349030238479215
SLFNL1	-0.6120383985482759
SLFNL1-AS1	-0.09521004662876287
SLIRP	0.16457749923803888
SLIT1	0.0774336480483595
SLIT2	-3.1577658001821938
SLIT3	0.7914291196389095
SLITRK4	-0.6428581903319861
SLITRK6	-0.0020311076604543343
SLK	-0.45604716147198054
SLMAP	-0.07518819223366968
SLMO2-ATP5E	-0.5978063513702601
SLN	0.21016520976461628
SLTM	0.07164667749709608
SLU7	0.2125165496765522
SLX1A-SULT1A3	-1.451901776724905
SLX1B-SULT1A4	-0.3024367507578538
SLX4	-0.32439201837730103
SLX4IP	-0.15506278429085008
SMA4	-0.1653952833616792
SMA5	-0.1647980734992096
SMAD1	-0.16859138357757253
SMAD1-AS1	-0.2669843122725363
SMAD2	-0.11452811847840927
SMAD3	0.25087070212349083
SMAD4	-0.04535580781983839
SMAD5	-0.01605633940464024
SMAD5-AS1	0.5135045636575675
SMAD6	1.2231913577153355
SMAD7	0.13756086092235265
SMAD9	0.8613693977777253
SMAGP	-0.6539307606665461
SMAP1	-0.02673575811559914
SMAP2	0.0324554031640254
SMARCA1	0.349563106173343
SMARCA2	-0.005981854570158873
SMARCA4	0.07253698629102878
SMARCA5	0.02283651284106547
SMARCA5-AS1	-1.6980319343024612
SMARCAD1	0.10151089037223393
SMARCAL1	0.32025888957191917
SMARCB1	0.06151685432696752
SMARCC1	0.08069580063929571
SMARCC2	-0.1479950806364574
SMARCD1	-0.30594525950698426
SMARCD2	-0.3365272215229034
SMARCD3	-0.4851669761892783
SMARCE1	-0.9645539240327707
SMARCE1P5	-0.03545146326431148
SMC1A	-0.07771679737044401
SMC1B	-0.16816271665729213
SMC2	0.10024719897014833
SMC3	-0.4335432414794642
SMC4	0.0454497756656167
SMC5	-0.11303292421678535
SMC5-AS1	0.09993641586145818
SMC6	0.053553715882955544
SMCHD1	-0.05354507331222891
SMCO1	-0.2142171583463834
SMCO2	0.16059988831884464
SMCO4	0.09107634993633962
SMCR2	0.3890988595394136
SMCR8	0.24147392804335688
SMDT1	0.2645600157790522
SMG1	0.7962263304005077
SMG1P1	-0.4129410074173423
SMG1P2	-0.11700601054992621
SMG1P3	-0.06822343326972469
SMG1P4	0.20404809280790426
SMG1P5	-0.14322805489181434
SMG1P6	0.272536686069655
SMG1P7	-0.18762935967837446
SMG5	0.039487729904122304
SMG6	0.018130304374251338
SMG7	-0.4659342188642075
SMG7-AS1	0.6826768876688751
SMG8	-0.24403964066122086
SMG9	-0.05716235648557877
SMIM1	0.8035412728416205
SMIM10	0.00915840036659521
SMIM10L1	-0.21130964626874338
SMIM10L2A	-0.6546327291423425
SMIM10L2B	0.1170299417533065
SMIM11A	0.28601547435004093
SMIM12	0.1228151227003913
SMIM13	-0.10350430059730975
SMIM14	0.860071524023927
SMIM15	0.16822367476676803
SMIM15-AS1	0.12561224304046803
SMIM17	-0.997654011126337
SMIM19	0.9136217015754564
SMIM2	0.19373423455987895
SMIM2-AS1	0.9380461105648585
SMIM20	0.32685233790494017
SMIM24	-1.7653256856913488
SMIM3	0.8234759315193809
SMIM4	0.8769259249488899
SMIM5	-0.2142171583463834
SMIM6	-1.3340128433884564
SMIM7	-0.30755195345211916
SMIM8	-0.4498361750935018
SMIM9	-0.012333845043828062
SMKR1	-0.3783529662104369
SMN1	-0.21987297463496347
SMN2	-0.4370113403369329
SMNDC1	-0.19821624239635405
SMO	-0.26798379842132647
SMOC1	-0.6427558591576535
SMOX	0.717802124968709
SMPD1	0.4427659432380757
SMPD2	-0.1417219747780294
SMPD3	0.349563106173343
SMPD4	-0.10269069805114128
SMPD4P1	-0.4404155707959591
SMPDL3A	1.4167908573960313
SMPDL3B	-0.39198876171653385
SMS	0.10764599357496607
SMTN	0.19471974439151296
SMU1	-0.025800174179675395
SMUG1	-0.5863757455925782
SMURF1	0.037540519103281156
SMURF2	-0.19027109322856717
SMYD2	-0.3687627374072697
SMYD3	-0.4019195186684943
SMYD4	0.027112877827093484
SMYD5	0.07027836743504956
SNAI1	0.10591234846458697
SNAI3	1.014042749431765
SNAI3-AS1	0.5767703660355306
SNAP23	0.2652604869022852
SNAP23P1	-0.7469115206548255
SNAP25-AS1	-0.3618969512171711
SNAP29	0.08254385468866055
SNAP47	-0.5637162330245626
SNAP91	0.7914291196389095
SNAPC1	-0.05697177256053543
SNAPC2	0.08567499303119863
SNAPC3	0.05608114425430344
SNAPC4	-0.6139861428703934
SNAPC5	-0.1792867271406564
SNAPIN	0.016914391320151267
SNCA	0.6681953250146608
SNCAIP	-0.2142171583463834
SNCG	0.0
SND1	0.2907997116396963
SNED1	0.09423030831976553
SNF8	-0.5986633828125196
SNHG1	-0.3502052559381639
SNHG10	0.13855380824918306
SNHG11	-0.3856483270171571
SNHG12	-0.2598303712366228
SNHG15	-0.35572148167322837
SNHG16	-0.3950606372207375
SNHG17	-0.4061074763511243
SNHG19	-0.33130414324640256
SNHG21	0.4636739776196652
SNHG22	-0.2142171583463834
SNHG25	-0.2253613900195699
SNHG5	-0.2084045425205563
SNHG6	0.3865703286978146
SNHG7	-0.7137693975795809
SNHG8	-0.003093221100414212
SNHG9	0.46509175650571155
SNIP1	-0.11195853869723749
SNN	-0.7491687433769503
SNORA1	-0.44151254738234424
SNORA104	0.41443049910371776
SNORA18	-0.2239544101754456
SNORA25	-0.12048298504035682
SNORA32	-0.15441911313233359
SNORA40	0.09202255992648212
SNORA50C	0.6399588753443983
SNORA8	-0.1518643793344454
SNORD109A	-0.7956128487822038
SNORD115@	-1.1126935466085441
SNORD116-29	-0.2142171583463834
SNORD116-30	-0.2142171583463834
SNORD116@	-0.5272511413916536
SNORD13	0.40358303823862063
SNORD140	-0.6316959056737347
SNORD3A	1.9120942700450487
SNORD3B-2	-0.7469115206548255
SNORD5	-0.6665811273506117
SNORD6	-0.25432299285578974
SNORD89	0.8223571007487371
SNORD93	-1.267386864928569
SNPH	0.30315971586278373
SNRK	-0.09560707690924808
SNRK-AS1	0.40622615149810404
SNRNP200	0.022580406445364076
SNRNP25	-0.23282433724112117
SNRNP27	-0.03861651741953409
SNRNP35	-0.3212828008781674
SNRNP40	0.15747193246323477
SNRNP48	-0.06686531839946674
SNRNP70	-0.029724626745974092
SNRPA	0.10245840848998711
SNRPA1	0.19422066748180633
SNRPB	0.1363965275399348
SNRPB2	-0.3146079288371464
SNRPC	-0.031557976192823745
SNRPCP1	0.1353459478269596
SNRPCP3	0.3678497062539403
SNRPCP8	-0.4404155707959591
SNRPD1	-0.0547944941454972
SNRPD2	-0.06028759597807465
SNRPD3	-0.21959839949891702
SNRPE	-0.4644365258689689
SNRPEP2	0.46679815571029437
SNRPEP4	-0.03920385576050034
SNRPF	-0.3740867475637657
SNRPG	0.02044001963022346
SNRPGP1	0.3314522078833348
SNRPGP10	-0.11210094699487128
SNRPGP15	0.7733182213489013
SNTA1	-0.3752859262573036
SNTB1	0.26308101919840254
SNTB2	-0.23943861745495543
SNTG1	-0.2142171583463834
SNU13	0.01916356855289969
SNUPN	0.13513008399728044
SNW1	0.1666278329746973
SNX1	0.13280236143411628
SNX10	-0.11866511612971387
SNX11	-0.5195719020138707
SNX12	-0.10431170663192546
SNX13	-0.05118350117095183
SNX14	0.24593169643249269
SNX16	0.022060282927141017
SNX17	-0.12364013723977152
SNX18	0.3770600303282752
SNX18P3	-0.6362886946065327
SNX18P7	0.1520132141489956
SNX18P9	-1.3697961747639245
SNX2	0.22596049512166339
SNX20	0.9898077885017251
SNX21	-0.5220391816519758
SNX22	0.39225921108099504
SNX24	1.566079226599292
SNX25	0.2154460460920795
SNX27	0.12960212036920638
SNX29	-0.3928531049938515
SNX29P1	-0.24821817894108744
SNX29P2	-0.4929547989093699
SNX3	0.27151913491739776
SNX30	0.00891876338400266
SNX31	0.5997620605809248
SNX32	-0.914564142873338
SNX33	0.553648710681081
SNX4	-0.2588432925471924
SNX5	-0.31693847390138075
SNX5P1	0.349563106173343
SNX6	-0.15225854757095902
SNX7	0.0
SNX8	-0.055564208069755594
SNX9	0.06703259695495234
SOAT1	0.04207773167360074
SOAT2	0.0
SOBP	-0.28724840460822776
SOCS1	0.6356002480254456
SOCS2	-0.38803534720402766
SOCS2-AS1	-0.03701421404774674
SOCS3	1.7892007621175905
SOCS4	-0.3986646054689569
SOCS5	0.18339435964464101
SOCS5P4	0.5180359736839075
SOCS6	0.19978257087172757
SOCS7	-0.9768363106137787
SOD1	0.40604643743136926
SOD1P1	-0.3850145694376545
SOD2	0.034099728393261586
SOGA1	0.6036671199867598
SOGA3	-0.4747209515768012
SON	0.14183679586881404
SORBS1	0.0051480085911574935
SORBS2	0.44186601346556653
SORBS3	0.989479230017734
SORCS1	-0.1541984811938084
SORCS2	6.681255374116847
SORCS3	-0.7422447325563372
SORD	0.14758777667247536
SORD2P	0.06335638629589724
SORL1	-0.4572848375338765
SORT1	0.4098155418024083
SOS1	-0.005474444482681307
SOS2	0.03364484546058755
SOWAHB	0.19373423455987895
SOWAHD	-1.6814235736847363
SOX10	-0.5992317277840379
SOX12	0.1206619916498024
SOX13	-0.2813501270945715
SOX15	0.8939489720568143
SOX18	-0.6546327291423425
SOX2-OT	0.4304107108670556
SOX21	0.3314522078833348
SOX21-AS1	0.021872390807969433
SOX30	1.487372668097844
SOX4	0.8753612956797205
SOX5	0.20552205807271806
SOX6	0.08167841582769575
SOX7	0.6160177015588362
SP1	-0.24967767365501103
SP100	0.2869808249982704
SP110	0.2931032678111869
SP140	-0.6142764433069727
SP140L	0.49336189020294974
SP2	-0.20186589018534562
SP2-AS1	-0.45578307246367533
SP3	-0.04235495874644535
SP4	-0.021180056727445162
SP6	-0.9579614458765461
SP7	0.0
SP9	0.5498410520988639
SPA17	-0.1402111980675489
SPACA5	0.19373423455987895
SPACA6	0.7679560615180048
SPACA6P-AS	0.6836548303565632
SPACA9	-0.2413270554597462
SPAG1	0.5644305175568114
SPAG11A	-0.2142171583463834
SPAG16	-1.8440568616561972
SPAG17	0.32940236434194947
SPAG4	-0.18896960368688331
SPAG5	0.19491613516616368
SPAG5-AS1	-0.09992043806689122
SPAG6	0.0
SPAG7	0.34564683180818
SPAG8	-0.01731398776913995
SPAG9	-0.3729049819313861
SPAM1	0.5498410520988639
SPARC	1.1854413001243094
SPARCL1	-0.3718391816395382
SPAST	-0.07587325943334555
SPATA1	0.6632533847695643
SPATA12	0.0
SPATA13	-0.534228185709221
SPATA13-AS1	0.44186601346556653
SPATA16	-0.2142171583463834
SPATA17	-0.912294086502083
SPATA18	0.0
SPATA2	-0.40761633740958914
SPATA20	-0.5632766216122498
SPATA20P1	2.507860298757274
SPATA21	0.44186601346556653
SPATA22	-0.3850145694376545
SPATA24	-0.057410338479844114
SPATA25	-0.9138059682703545
SPATA2L	-0.31720796768688864
SPATA3-AS1	0.17712687148819128
SPATA32	0.31322661773204646
SPATA33	0.42718997719440477
SPATA4	-0.3618969512171711
SPATA41	0.8193545004731206
SPATA45	-0.402330260099496
SPATA5	-0.2524927942244162
SPATA5L1	0.15947606502910006
SPATA6	0.19373423455987895
SPATA6L	-0.033571276986940735
SPATA7	0.04421490720722332
SPATA9	0.2469510659260412
SPATC1L	4.340104565197259
SPATS1	0.0
SPATS2	0.08448941258789766
SPATS2L	0.2810712826652946
SPC24	-0.33485431385112285
SPC25	0.033981051443918275
SPCS1	0.14727071719522122
SPCS2	0.1448733774747648
SPCS2P2	0.0
SPCS2P4	-0.28045111411193013
SPCS3	0.08367747188090568
SPDEF	0.0
SPDL1	0.07130012102813765
SPDYA	-0.4129814942565373
SPDYE1	0.31123853490485964
SPDYE12P	-0.6085782874532513
SPDYE15P	-0.3850145694376545
SPDYE2	0.0
SPDYE3	0.19373423455987895
SPDYE5	-0.7116256498057778
SPDYE6	-0.38704567709810883
SPDYE7P	-0.8102816530057583
SPECC1	1.3704068112417653
SPECC1L-ADORA2A	1.5184817910814037
SPEF1	-1.1873270914507845
SPEF2	0.04635250733513985
SPEG	0.0
SPEM1	0.19373423455987895
SPEN	-0.12374727389987328
SPG11	0.22558031514317634
SPG20	0.24182924515341675
SPG20-AS1	0.3494735272970608
SPG21	0.23661810716068388
SPG7	-0.14850383302224301
SPHK1	0.1725813218685639
SPHK2	-0.380347103371129
SPHKAP	0.0
SPI1	0.324419085507774
SPIB	0.10288176993726289
SPICE1	-0.23907741409640693
SPIDR	-0.16514819213954723
SPIN1	-0.11626210610269005
SPIN2A	-0.2142171583463834
SPIN2B	0.15030703891780384
SPIN4	-0.22703335696776072
SPINK2	-0.01809460030993204
SPINK4	-0.03545146326431148
SPINK8	-0.15736571431847135
SPINT1	-0.07332660593004192
SPINT2	1.273953328654292
SPIRE1	0.4702464636781052
SPIRE2	-0.29986022528890377
SPN	0.13130585650490723
SPNS1	0.005033995557347737
SPNS2	-2.4858372705369307
SPNS3	-1.5020327136887657
SPOCD1	-0.6663827405266808
SPOCK1	-0.2142171583463834
SPOCK2	-0.5052665681086537
SPOCK3	0.349563106173343
SPON1	0.11723504953695138
SPON2	-0.7966872688037445
SPOP	-0.21656408057157606
SPOPL	0.21378357903788192
SPOUT1	-0.3750449972950669
SPP1	0.2306167658946663
SPPL2A	0.5853973807734079
SPPL2B	-0.08968407170456238
SPPL3	-0.24175609662967545
SPR	0.035198368136564184
SPRED1	-0.0443653075473005
SPRED2	0.046138998108162355
SPRED3	-0.9538367665966616
SPRN	0.43495856292759244
SPRTN	-0.3138750008590563
SPRY1	-0.05490637840757806
SPRY2	0.20983486851942956
SPRY3	-0.14119760100883583
SPRY4	3.1669799054212207
SPRYD3	0.16418993756292188
SPRYD4	-0.5623928036030508
SPRYD7	-0.03821811963305066
SPSB1	2.4704187403285465
SPSB2	-0.13936008120889198
SPSB3	0.10118540779301011
SPSB4	1.4300915286999354
SPTA1	0.376379002652099
SPTAN1	0.025575788596100324
SPTB	0.6032109457967143
SPTBN1	0.1315522207324733
SPTBN2	-0.30615210908875135
SPTBN4	-1.037468593201102
SPTBN5	-0.022743347745182496
SPTLC1	-0.20152521696287806
SPTLC1P4	0.349563106173343
SPTLC2	0.012880762931605005
SPTLC3	-0.4404155707959591
SPTSSA	-0.2523577754426327
SPTSSB	-0.4939779323502788
SPTY2D1	0.02223495717410806
SPTY2D1-AS1	0.7460507090440665
SPX	0.18591299322123855
SQLE	0.5839220881155818
SQRDL	0.2500306586967085
SQSTM1	0.9574563615761953
SRA1	0.46086882487424674
SRBD1	0.31613562719877386
SRC	-0.23644269384445593
SRCAP	0.24869934351589862
SRCIN1	-0.41778644586944136
SRD5A1	-0.07073286594649275
SRD5A2	1.2193565005879552
SRD5A3	-0.05569706199029767
SRD5A3-AS1	-0.38866342254329145
SREBF1	0.5352136857493122
SREBF2	0.12146188274779135
SREK1	-0.21641473895186358
SREK1IP1	-0.002133783310995341
SRF	0.16071103625965044
SRFBP1	-0.0923359953388303
SRGAP1	0.10385691386414786
SRGAP2	-0.33246147114071256
SRGAP2-AS1	0.29476960550846254
SRGAP2C	0.09405394745863305
SRGAP3	-1.067095250412517
SRGN	1.2219366660155728
SRI	0.2980168013500215
SRL	-0.2142171583463834
SRM	0.2155338903952142
SRP14	0.06978813165558861
SRP14-AS1	0.4850381533959869
SRP14P1	0.44186601346556653
SRP19	0.2175459850255237
SRP54	-0.04402890252690739
SRP68	-0.0400447584642869
SRP72	0.10607979353785701
SRP72P2	-0.6268119934509557
SRP9	-0.43192735267588134
SRP9P1	0.27400598497911677
SRPK1	0.10994536557736545
SRPK2	-0.20778803212207642
SRPRA	0.014857021525832792
SRPRB	0.16773405234867234
SRPX	0.8402800210139016
SRR	0.5410178158479724
SRRD	-0.16755964053259298
SRRM1	-0.013033949745308249
SRRM1P1	0.44186601346556653
SRRM2	-0.5380420666242998
SRRM2-AS1	0.12275045575592092
SRRM5	-0.15522292244510183
SRRT	-0.2864101383087494
SRSF1	-0.10078112339361134
SRSF10	-0.17794204676280678
SRSF10P1	0.6356002480254456
SRSF11	-0.14631511099307737
SRSF12	-0.3850145694376545
SRSF2	-0.25754348105254543
SRSF3	-0.04155774230826559
SRSF4	0.1807691979389343
SRSF5	0.14640842341985483
SRSF6	-0.2578518032991681
SRSF7	-0.10575364257439368
SRSF8	-0.012783341435172346
SRSF9	-0.2509432875182025
SRSF9P1	-0.7811325883141981
SRXN1	0.1926462621376661
SS18	-0.02800482562717299
SS18L1	-0.5678633513839273
SS18L2	0.05169803904482784
SSB	0.06669358966215633
SSBP1	0.020272604762133994
SSBP2	-0.018821630137622947
SSBP3	0.037974275248746636
SSBP3-AS1	0.9676770410157749
SSBP4	0.026865207232818378
SSC4D	-0.19455855859337223
SSC5D	0.14713920069295217
SSFA2	0.22534484130194876
SSH1	-0.10754718593255852
SSH2	-0.10778986869162566
SSH3	0.4987401961762252
SSMEM1	0.44186601346556653
SSNA1	0.06338008222861191
SSPN	1.6642179687192349
SSR1	0.49872535703517684
SSR2	0.5368119745239852
SSR3	0.4051328385273294
SSR4	0.5545378467962578
SSR4P1	0.9095971820368325
SSRP1	-0.11740001573359393
SSSCA1	0.08065306319099008
SSSCA1-AS1	0.9585729072501814
SSTR2	0.4383844631355048
SSTR3	0.06035385905791246
SSTR5	-0.3850145694376545
SSU72	-0.06134104274290131
SSUH2	-0.25407056228058167
SSX2IP	0.015082785413300215
ST13	0.07435340164933812
ST13P11	-0.2142171583463834
ST13P3	0.0
ST13P5	-0.7422447325563372
ST13P6	-0.6165474184458793
ST13P7	-0.0018857913264751502
ST14	-1.2660552400781642
ST18	3.110794685671202
ST20	0.5025131691786555
ST20-AS1	1.026778389105345
ST20-MTHFS	0.543297340733222
ST3GAL1	0.44546082812976984
ST3GAL2	0.6848742395597132
ST3GAL3	0.6055023065074945
ST3GAL4	-0.05501446175094671
ST3GAL4-AS1	0.5613115130091479
ST3GAL5	-0.07599380874290507
ST3GAL5-AS1	0.0
ST3GAL6	0.06112052757765696
ST3GAL6-AS1	0.1206132932149444
ST5	1.9482190125301897
ST6GAL1	0.014783099117771314
ST6GALNAC2	0.7914291196389095
ST6GALNAC3	0.19373423455987895
ST6GALNAC4	0.5367482855844461
ST6GALNAC4P1	-0.1251578454034582
ST6GALNAC6	-0.012267397303968863
ST7	0.0758083222344581
ST7-AS1	-0.2251792308865428
ST7-AS2	0.11247978526547153
ST7L	0.17796968197178487
ST8SIA1	-0.4747209515768012
ST8SIA4	0.18758617798921406
ST8SIA5	-0.11639586945423908
STAB1	-0.7469115206548255
STAB2	0.0
STAC	-0.1690906990250749
STAC2	0.0014504426696074213
STAC3	-0.21066758391522455
STAG1	-0.26684880136549793
STAG2	0.11900954145345999
STAG3	-0.6366862126528985
STAG3L1	-0.6409000901523974
STAG3L2	0.02891516832238139
STAG3L3	0.0018172024960945166
STAG3L4	0.1257383592009642
STAG3L5P-PVRIG2P-PILRB	-0.1304893750705638
STAM	0.28904338159687093
STAM-AS1	-1.3023228496930774
STAM2	-0.10109325460912189
STAMBP	-0.21270195425399763
STAMBPL1	-0.1747389474578096
STAP1	0.355903989540197
STAP2	0.06955955954704107
STAR	0.052782381238808185
STARD10	0.07687910367959283
STARD13	-0.26483375974563117
STARD3	-0.7365031141442095
STARD3NL	0.0012601305865427292
STARD4	0.24840700510415026
STARD4-AS1	-0.3911612523766337
STARD5	0.3221724127102714
STARD6	-0.014457306021555594
STARD7	-0.2576093047942063
STARD7-AS1	0.39162922168696745
STARD8	0.1471688427092328
STARD9	-0.18938021494849622
STAT1	0.3769047483804382
STAT2	0.07254721827403898
STAT3	-0.6253217849389792
STAT4	-1.0077584462950655
STAT5A	-1.9605747594717444
STAT5B	-1.0870304275507578
STAT6	-0.04855161502533889
STAU1	-0.12606099719420882
STAU2	-0.018610751603834075
STAU2-AS1	0.44186601346556653
STC1	0.19373423455987895
STC2	-1.0305565946009203
STEAP2	-0.41285152065534403
STEAP2-AS1	-0.22967128462531816
STEAP3	0.9936342184261449
STEAP3-AS1	0.42138308967906213
STIL	0.09568788093163683
STIM1	0.050098880629013465
STIM2	0.14723027762402552
STIP1	0.07258077545028385
STIP1P3	-1.028279691743852
STK10	0.1739898937425277
STK11	0.25498544240473464
STK11IP	-0.1878359137779153
STK16	-0.08379805657955686
STK17A	0.5968454473045313
STK17B	0.3444968610248651
STK19	-0.2535261278968459
STK24	0.052621456988305226
STK25	-0.05458729502156601
STK26	0.09560261664041647
STK3	-0.006992765777496857
STK32B	-0.3850145694376545
STK32C	0.048572752113589246
STK33	-0.5907332950333437
STK35	-0.06406924318491924
STK36	-0.40882947465005337
STK38	0.22875657677326444
STK38L	-0.47782558871173286
STK39	0.33247474797498455
STK4	-0.3280283235049204
STK4-AS1	-1.601975187108767
STK40	0.47542827518337205
STKLD1	0.23012562681640247
STMN1	0.16832719783609207
STMN3	-1.5050371527365893
STMN4	-0.2142171583463834
STN1	-0.08502926351185813
STOM	-0.42350487723209973
STOML1	-0.0054277548613939075
STOML2	-0.005568176719968676
STOML3	0.1353459478269596
STON1-GTF2A1L	0.024809155034194563
STON2	-0.46071854683241525
STOX1	0.8869782881079837
STOX2	1.509384341493071
STPG1	-0.6072491033452581
STPG2	0.03368732275990771
STPG2-AS1	-0.3850145694376545
STPG3-AS1	0.349563106173343
STRA8	-0.03545146326431148
STRADA	-0.4288551244622312
STRADB	0.450468485298849
STRAP	-0.1365675648592095
STRBP	-0.6336353722623436
STRC	-0.6299077570499365
STRCP1	0.0
STRIP1	0.3698177201084203
STRIP2	-0.12711552955011385
STRN	0.049724663981457695
STRN3	-0.3227018712362799
STRN4	0.10861279967850379
STS	0.3387056590170854
STT3A	0.4248526674724218
STT3A-AS1	-0.14123238605667954
STT3B	-0.26700369263107504
STUB1	-0.340578184029555
STX10	0.2222506722981521
STX11	0.7955165831503814
STX12	0.19630942261157358
STX16-NPEPL1	-1.1959725297654389
STX17	-0.03484134582758536
STX17-AS1	-0.0920967535023185
STX18	-0.038691749789176555
STX18-AS1	-0.30602560826198477
STX19	0.4383844631355048
STX1A	0.30201175213572196
STX1B	-0.3973081848679745
STX2	-0.5479006670747335
STX3	0.14394125611311281
STX4	0.39449048054258995
STX5	0.23786388006965176
STX6	0.07081210603405985
STX7	0.28552729980961367
STX8	0.04498276066338747
STXBP1	1.226765058266781
STXBP2	0.38857429666385457
STXBP3	0.06991856425202947
STXBP4	-0.18130798515634083
STXBP5	0.7140057735017908
STXBP5-AS1	1.097473977495615
STXBP5L	-1.9282805743002243
STXBP6	-2.393216631119081
STYK1	-1.0825285855111693
STYX	-0.3097322087039469
STYXL1	0.5164173774416927
SUB1	0.15101969889627753
SUB1P1	-0.2677795199007031
SUB1P3	-0.4404155707959591
SUCLA2	0.1675711015911503
SUCLA2P1	0.19373423455987895
SUCLG1	-0.11112274736139938
SUCLG2	-0.043538389685265244
SUCLG2-AS1	0.4760224761195091
SUCLG2P2	0.24623241752030234
SUCNR1	2.5349089140936325
SUCO	-0.213154180881288
SUDS3	-0.3231268307973849
SUDS3P1	-0.7964887056271521
SUFU	-0.29365052154360427
SUGCT	0.3165995050615513
SUGP1	-0.03532688122716898
SUGP2	-0.12817737431597997
SUGT1	0.20747506815035166
SUGT1P1	-0.42450705580948256
SULF1	0.5498410520988639
SULF2	0.19373423455987895
SULT1A1	0.6690746916980752
SULT1A2	0.0
SULT1B1	0.349563106173343
SULT1C4	-0.7469115206548255
SULT1D1P	0.1353459478269596
SULT1E1	0.0
SULT2B1	-0.46089849458246357
SULT6B1	-0.4404155707959591
SUMF1	0.23369145659080015
SUMF2	0.08668981400175291
SUMO1	-0.1364822314635763
SUMO1P1	0.31808630524095527
SUMO1P3	-0.42766092841938175
SUMO1P4	-0.23785696509289767
SUMO2	-0.26732985801675646
SUMO2P1	-0.5267794185771248
SUMO2P19	-0.2142171583463834
SUMO2P3	-0.2142171583463834
SUMO3	0.29078781407057974
SUN1	0.027851770596038605
SUN2	0.6062461618525283
SUN3	-1.0120407172286023
SUOX	-0.9905065692497819
SUPT16H	-0.278837330953543
SUPT16HP1	-0.6608022359390131
SUPT20H	-0.2417257427456203
SUPT3H	-0.01899523685330351
SUPT4H1	-0.43034936512131416
SUPT4H1P1	0.0
SUPT4H1P2	-0.2142171583463834
SUPT5H	0.13466283641399102
SUPT6H	0.2226938829168894
SUPT7L	0.018234380725461463
SUPV3L1	-0.3469330964430988
SURF1	-0.5474997687606802
SURF2	-0.48194038261091343
SURF4	0.1072952381493355
SURF6	-0.3002848568751446
SUSD1	0.17769930848089466
SUSD2	-0.1995845848163864
SUSD3	-0.2142171583463834
SUSD4	-0.2142171583463834
SUSD5	-0.22413527298901015
SUSD6	0.4522922479487095
SUV39H1	0.09555201632540644
SUV39H2	0.142011451543123
SUZ12	-1.082422815297452
SUZ12P1	-1.1852070647038992
SV2A	0.5785314064939271
SV2B	-0.3603014735864605
SV2C	0.349563106173343
SVBP	0.18380516562389992
SVEP1	-0.03545146326431148
SVIL	0.06753435363923899
SVIL-AS1	-0.09055870438318614
SVIP	-0.7186186022242467
SVOP	0.543297340733222
SVOPL	-0.34813198589538263
SWAP70	0.0926509530494215
SWI5	-0.5735143685161592
SWSAP1	0.19001312152773853
SWT1	-0.2394631273750516
SYAP1	-0.02556914399291088
SYCE1L	-0.019265478128470903
SYCE2	-0.2741785784019939
SYCE3	0.5161290365084584
SYCP2	-1.802258409428659
SYCP2L	-0.37452229496068057
SYCP3	-0.5381166372562385
SYDE2	-0.021644900122337773
SYF2	0.09911619392260462
SYK	0.47087671043197865
SYMPK	-0.19583847254109088
SYN1	0.5370852135586068
SYN2	0.9370496600966027
SYN3	0.2405997432607187
SYNC	0.10749762800651119
SYNCRIP	-0.027641456044843693
SYNE1	-0.5693904803193899
SYNE2	1.5689938499892855
SYNE3	-0.1469253965653774
SYNE4	-0.96869888392708
SYNGAP1	-0.7399720861318588
SYNGR1	0.5591992070369161
SYNGR2	0.003738253750062981
SYNGR4	0.8447990133367598
SYNJ1	0.5747724349987848
SYNJ2	0.18830518248921102
SYNPO	1.1278347254039163
SYNPO2	1.451649256565465
SYNPO2L	0.600148784761134
SYNPR	-0.2142171583463834
SYNRG	-1.0255364435788472
SYP	0.17191875129125478
SYP-AS1	-0.3618969512171711
SYPL1	0.14467655070101593
SYPL2	0.19373423455987895
SYS1	1.3231592734477653
SYS1-DBNDD2	-0.07894463330109502
SYT1	0.8625139748362946
SYT10	1.2180363771135247
SYT11	-0.004509875954648024
SYT14	-0.3618969512171711
SYT15	-0.8107638479759967
SYT2	-0.6316959056737347
SYT5	0.406414550201255
SYT7	1.438541832843074
SYT9	1.0214559971095536
SYTL1	-0.10253295477996005
SYTL2	0.3400337783436873
SYTL3	1.1639478762613704
SYTL4	0.6356002480254456
SYTL5	0.3314522078833348
SYVN1	0.4802656930348608
SZRD1	-0.020988792833060543
SZT2	-0.030435857180401982
TAAR6	0.5498410520988639
TAB1	-0.0415589935021039
TAB2	0.27946860878126323
TAB3	0.05284077349097416
TAB3-AS1	-0.3618969512171711
TAC3	0.0014504426696074213
TAC4	-0.4404155707959591
TACC1	0.14835397792199245
TACC3	0.13189257422730094
TACO1	-0.3623713568852569
TACR1	-0.5713156060832909
TACR2	-0.0734207002338294
TACSTD2	0.19373423455987895
TADA1	-0.22430348627904273
TADA2A	-1.1476522783755545
TADA2B	-0.016894237914081955
TADA3	0.274340860743564
TAF1	-0.01700800792038848
TAF10	-0.12672448269446512
TAF11	-0.05473302506324984
TAF12	0.4543038304783664
TAF13	0.4331276369079031
TAF15	-0.9845376201983651
TAF1A	-0.0553188109686058
TAF1A-AS1	-0.40284798643232733
TAF1B	0.4139043075202071
TAF1C	-0.011035375832960881
TAF1D	-0.13005252318875193
TAF1L	-0.4404155707959591
TAF2	0.18966866114295478
TAF3	-0.09887597362848766
TAF4	-0.5183017036894366
TAF4B	-0.17567718881619676
TAF5	-0.3832696008627483
TAF5L	-0.524280211492993
TAF6	-0.05696180826229558
TAF6L	-0.3210178619871993
TAF7	-1.041841318107032
TAF7L	-0.43550830006551156
TAF8	-0.03693292601025533
TAF9B	-0.3912997536603804
TAF9P3	-1.3600207202689738
TAGAP	0.28773421839600033
TAGLN	-0.5056931198460504
TAGLN2	0.3149108621956547
TAGLN2P1	-0.2142171583463834
TAGLN3	0.8080454910257227
TAL1	-0.2142171583463834
TAL2	-0.2485324961464862
TALAM1	0.032452962065571356
TALDO1	0.22613368394133104
TAMM41	-0.1963387028194905
TANC1	-0.3241916919363774
TANC2	-0.31027535787196214
TANGO2	0.20558977812420487
TANGO6	0.14416717421153002
TANK	0.36569647912707204
TAOK1	-0.05735371362270847
TAOK2	-0.11940693086282295
TAOK3	-0.2310218674517479
TAP1	0.0012955025192695757
TAP2	0.0033822339075868513
TAPBP	0.40661159399737024
TAPBPL	-0.24982993659994435
TAPT1	0.2025451092348618
TAPT1-AS1	0.33897705923145605
TARBP1	-0.19460587618143776
TARBP2	-0.33482517851411053
TARDBP	-0.0936975543990286
TARDBPP2	-0.025788474672642003
TARID	-0.19128033487777554
TARM1	-0.2142171583463834
TARS	0.2711002527606663
TARS2	0.1658873236664622
TARSL2	0.35858810604019453
TAS1R1	0.0
TAS1R2	0.4383844631355048
TAS2R1	-0.3618969512171711
TAS2R10	-0.6045863742575082
TAS2R3	-0.26965974152536976
TAS2R4	0.2203732607867983
TAS2R5	-0.45423351877709006
TAS2R6P	0.3368134323134018
TAS2R8	0.25039487069281213
TAS2R9	-0.2142171583463834
TASP1	-0.29719276544119566
TAT-AS1	0.19373423455987895
TATDN1	0.23406065679407284
TATDN1P1	-0.3850145694376545
TATDN2	-0.16026907340364538
TATDN2P2	0.8845446760486503
TATDN3	-0.6241708780463942
TAX1BP1	0.4173453045410316
TAZ	0.047688381832625026
TBC1D1	-0.12863072854078617
TBC1D10A	0.09011614606939844
TBC1D10B	0.1989057550613076
TBC1D10C	-0.2593399860897536
TBC1D12	-0.19128033487777554
TBC1D13	-0.3042444850355963
TBC1D14	-0.10997928197249074
TBC1D15	-0.37776169643168167
TBC1D16	1.9488700494017577
TBC1D17	0.05876704987468173
TBC1D19	-0.3557071454709133
TBC1D2	-0.22191635513412677
TBC1D20	-0.07870203585594737
TBC1D21	-0.2142171583463834
TBC1D22A	-0.15110955991709574
TBC1D22B	0.035528035828576776
TBC1D23	0.20782703050876705
TBC1D24	-0.4782875174073755
TBC1D25	0.07726151840244633
TBC1D26	0.4517177427095994
TBC1D29	0.6833492881413501
TBC1D2B	0.1616701816651176
TBC1D3	-0.14854533475614984
TBC1D30	-0.9758473746614351
TBC1D31	0.008259300959336358
TBC1D32	-0.244532081337268
TBC1D3B	0.0
TBC1D3L	-0.47873545558355346
TBC1D4	-0.1350056007594489
TBC1D5	-0.10802826323405768
TBC1D7-LOC100130357	0.18667026088040828
TBC1D8	0.11530236229904123
TBC1D8-AS1	0.5913348234317806
TBC1D9	-0.6044751368146981
TBC1D9B	0.09153610788252386
TBCA	0.1558237448804647
TBCAP1	0.6228489956776975
TBCB	-0.12459918456078789
TBCC	0.23167245432797579
TBCCD1	0.12952936648429692
TBCD	-0.27019283271293837
TBCE	-0.3117389000225508
TBCEL	-0.5907013528139515
TBCK	0.33087595139434356
TBK1	-0.14143578402852697
TBKBP1	0.1694862148491536
TBL1X	-0.20946716713435443
TBL1XR1	-0.18752337695412535
TBL2	0.03890329496489642
TBL3	-0.5296351662078038
TBP	0.02089589089416677
TBPL1	0.023729370793780902
TBR1	0.3249661458339526
TBRG1	-0.2211328974535487
TBRG4	0.06168851317048407
TBX1	-0.5992317277840379
TBX15	0.4956405572201481
TBX19	0.3365063450446364
TBX2	1.362970157533816
TBX2-AS1	0.599227534957238
TBX6	-0.277799619236724
TBXA2R	-0.46089849458246357
TBXAS1	2.6402528917594807
TC2N	-0.4404155707959591
TCAF1	0.9955007350420204
TCAF2	0.6301975913044968
TCAF2P1	0.0
TCAIM	0.1864980062274988
TCAM1P	-3.7037666699317087
TCAP	1.0317790581332233
TCEA1	0.05601562330314813
TCEA1P3	-0.2142171583463834
TCEA2	-0.13017679133013882
TCEA3	-1.2588633258592528
TCEAL3	0.44186601346556653
TCEAL8	-0.25142861274396466
TCEANC	-0.029248818851129954
TCEANC2	-0.009066244712419902
TCERG1	-0.22014370759744928
TCERG1L	-0.3618969512171711
TCF12	-0.04213221414091883
TCF19	0.06134407695268429
TCF20	-0.11153345636816603
TCF24	0.19373423455987895
TCF25	0.3526108772331753
TCF3	-0.03348238746810672
TCF4	-0.04145990833568902
TCF4-AS1	-0.2142171583463834
TCF7	0.04041591359719021
TCF7L1	-0.5042655055457115
TCF7L2	-0.7711366274712415
TCFL5	-0.4305795148277163
TCHH	0.6930900257851165
TCHP	-0.3194327184015062
TCIRG1	-0.06825035723128181
TCN1	2.569879320314924
TCN2	0.7303271756882248
TCOF1	0.061534758297407066
TCP1	0.06783008389482248
TCP10	-0.47264850596680186
TCP10L	0.5282968568226525
TCP11	-0.24668133623608016
TCP11L1	0.00023886471917400343
TCP11L2	0.3981903474528701
TCP11X2	-0.3850145694376545
TCP1P3	0.349563106173343
TCTA	-0.09964828991055796
TCTE1	-0.15137907355441182
TCTE3	0.0268627053345174
TCTEX1D2	0.287641617352552
TCTEX1D4	-0.6063802909275107
TCTN1	0.3542881493243897
TCTN2	-1.0608571640814617
TCTN3	-0.24098590375061058
TDG	-0.2620937021463057
TDGF1P7	-0.24966862161069486
TDGP1	-0.6670822979423114
TDH	-0.17095618718613892
TDP1	0.1901587409592338
TDP2	0.32670490152359655
TDRD12	-0.20361417992160347
TDRD3	-0.12715583003857844
TDRD5	0.7248084396931537
TDRD6	0.0
TDRD7	0.11013580372958742
TDRKH	-0.09346280769507054
TEAD1	-0.02048292378650446
TEAD2	-0.8254301402336136
TEAD3	0.3088912081319135
TEAD4	-0.8993876258590214
TEC	0.20262058895211776
TECPR1	-0.057120308076079596
TECPR2	0.35976798613551786
TECR	0.24395584717756336
TECRP1	-0.610415839133384
TECTA	0.2592128434314036
TEF	-0.1265303091054406
TEFM	-0.7772491110886914
TEKT2	-1.028279691743852
TEKT3	1.345683100079936
TEKT4P1	-0.3850145694376545
TEKT4P2	-0.29500326322349224
TEKT5	-0.2142171583463834
TELO2	-0.29457911789390323
TEN1-CDK3	-1.2388203538170286
TENM1	0.5310517879342163
TENM2	0.44186601346556653
TENM3	0.25058567858779107
TENM4	0.349563106173343
TEP1	-0.3103321943639674
TEPP	0.3314522078833348
TEPSIN	-0.4627309688289669
TERB1	-0.0734167698278958
TERC	-0.012333845043828062
TERF1	0.13594504055116552
TERF2	0.07938815745400163
TERF2IP	0.14315001205169153
TERT	-1.5671407170322045
TES	-0.1630202644383303
TESC	-0.48845284232154285
TESC-AS1	-1.0956787627402909
TESK1	0.1409737987887434
TESK2	0.3375875600879086
TESMIN	-0.06049595006160757
TESPA1	-2.610155823057778
TET1	-0.3716095591048969
TET2	0.10150558760990158
TET2-AS1	0.17328682106810778
TET3	-0.18606128120123877
TEX10	0.1238190691380261
TEX101	0.0014504426696074213
TEX11	0.19373423455987895
TEX12	-0.03897660739442088
TEX14	-0.3802946183238429
TEX15	-2.706308211468136
TEX16P	-0.8023125220131302
TEX19	-1.6883975047134105
TEX2	-0.279485044421655
TEX21P	-0.4708603141297954
TEX22	0.5380707016811677
TEX26-AS1	0.0
TEX261	-0.280422076669236
TEX264	0.014252349482717364
TEX29	0.4043283168438818
TEX30	0.3695994344805147
TEX36	0.19373423455987895
TEX41	0.42750876817430117
TEX43	-0.5960644946593749
TEX9	-0.5610087799801367
TF	-0.08646782782785611
TFAM	-0.29074278976208134
TFAMP1	0.19373423455987895
TFAP2A	0.30003558214048365
TFAP2A-AS1	0.3314522078833348
TFAP2B	0.19373423455987895
TFAP2C	0.19373423455987895
TFAP2E	0.004258635900916019
TFAP4	-0.24319198530760744
TFB1M	0.055780227320768816
TFB2M	-0.2802006749442185
TFCP2	-0.26916873519374285
TFDP1	-0.15043152731006337
TFDP1P	0.19373423455987895
TFDP2	-0.6084008743503464
TFE3	0.571551958754986
TFEB	0.3801308362946081
TFG	0.22753768329057422
TFIP11	-0.11270126431363714
TFP1	0.9917070655644306
TFPI	-2.6633379344748045
TFPT	-0.05316096753998423
TFR2	-0.05758124646979468
TFRC	0.2507869272084804
TG	0.29810797610609874
TGDS	0.1870011840186443
TGFA	1.4486120186625069
TGFB1	0.42256690536584784
TGFB1I1	0.08451101052523535
TGFB2	0.7041588237914107
TGFB2-AS1	0.349563106173343
TGFB3	-0.18147008751970795
TGFBI	-0.03545146326431148
TGFBR1	0.13403785294971904
TGFBR2	0.32226656586358793
TGFBR3	0.75998977663237
TGFBR3L	0.02205494628190685
TGFBRAP1	-0.1255564307350756
TGIF1	0.6256473757244443
TGIF2	-0.4836529131613925
TGIF2-C20orf24	-0.8465991073028096
TGIF2P1	0.19505218077600806
TGM1	-1.1823448301967856
TGM2	0.44186601346556653
TGM3	3.3686922242764115
TGM4	-0.14326874369346643
TGM5	-0.4007313520575382
TGM6	0.44186601346556653
TGM7	-0.2142171583463834
TGOLN2	0.09148747443031624
TGS1	0.015678735712860714
TH2LCRR	0.437211623353325
THA1P	0.8447990133367598
THADA	-0.02352893480384033
THAP1	0.3076964584867916
THAP10	-2.389604999572065
THAP11	0.07176607397922297
THAP12	-0.15953496750548624
THAP2	0.4388275531826382
THAP3	0.34141240038552834
THAP4	0.25619646828309683
THAP5	-0.000384812933869938
THAP5P1	-0.8298222530043304
THAP6	-0.10793932170319032
THAP7	0.11383289179388534
THAP7-AS1	1.106007848490667
THAP8	0.2898845242029431
THAP9	-0.13720464449029457
THAP9-AS1	-0.5630527737369626
THBS1	-0.6663827405266808
THBS2	0.5258110275502085
THBS3	-0.1333564125150808
THBS4	0.8521858057760614
THCAT158	0.05935048007517563
THEGL	-0.4404155707959591
THEM4	0.18474537696190652
THEM6	0.04134641345719814
THEMIS	0.19373423455987895
THEMIS2	0.5249538453377145
THG1L	-0.0747394860812367
THOC1	-0.008953825003343852
THOC2	-0.0376128318856761
THOC3	0.025222027331286867
THOC5	0.1943826859904334
THOC6	-0.24085971571925846
THOC7	0.04754214896464326
THOC7-AS1	0.0014504426696074213
THOP1	0.05210656571378891
THRA	-0.9412510916739496
THRAP3	-0.053044270804177174
THRAP3P1	0.0
THRB	-0.41188079961512947
THRIL	-1.118201628992833
THSD1	-0.8540326668002631
THSD4	0.1394161035383048
THSD7A	-0.6070507619945946
THTPA	-0.33765551003578764
THUMPD1	-0.19239958980193173
THUMPD2	-0.1757071184675567
THUMPD3	0.10049342435761588
THUMPD3-AS1	0.11214796427167784
THYN1	-0.12912450148082222
TIA1	-0.05736054449502426
TIAL1	-0.39273956355251016
TIAM1	0.5498410520988639
TIAM2	1.843710363928667
TICAM1	-0.15327791891115972
TICRR	-0.15233490451997866
TIE1	0.6681953250146608
TIFA	-0.46667892032289693
TIGAR	-0.5264493535289887
TIGD1	0.36377930249313195
TIGD2	-0.09986771145341233
TIGD3	1.1222227531930087
TIGD4	-0.09947066833981211
TIGD5	0.36787883465270976
TIGD6	0.33646399288580575
TIGD7	-1.1290856760080699
TIGIT	0.18794410088169283
TIMELESS	-0.38270448666821366
TIMM10	-0.3250493451434675
TIMM10B	-0.02329530771292987
TIMM13	0.10250078839890797
TIMM17A	-0.19314915033789504
TIMM17B	0.05836778323501157
TIMM21	0.07611718433518
TIMM22	0.13451573531404826
TIMM23	0.10433585516706678
TIMM23B	-0.619811876827173
TIMM29	0.16754049465969345
TIMM44	-0.0834823550704602
TIMM50	-0.3844559058832733
TIMM8A	0.020141650719033066
TIMM8AP1	-0.2677795199007031
TIMM8B	0.16652057979545454
TIMM8BP2	0.05336989369785028
TIMM9	-0.3028393998626715
TIMMDC1	0.1172791961561046
TIMP1	1.1224347821819194
TIMP2	1.0672629547151287
TIMP3	0.0
TINAG	-0.2142171583463834
TINCR	-0.3242563909882521
TINF2	-0.6686731316961474
TIPARP	-0.08170366901734916
TIPARP-AS1	0.6112584176584506
TIPIN	-0.13446851924933334
TIPRL	0.1721451249260859
TIRAP	0.12315170190721059
TJAP1	-0.10069509709084556
TJP1	-0.3850145694376545
TJP2	0.05232396948675522
TJP3	-0.9409962719256321
TK1	-0.06288118000771803
TK2	0.2066165671297755
TKFC	0.3677371357370962
TKT	0.3748412606436329
TKTL1	1.2267071509717065
TKTL2	0.44186601346556653
TLCD1	-0.3140914869950926
TLCD2	0.349563106173343
TLDC1	0.23588521802919082
TLDC2	0.18738995120711666
TLE1	1.0851264778430094
TLE2	0.0
TLE3	0.4257329981522382
TLE4	0.1520742766666352
TLE6	1.440749915229544
TLK1	-0.08849686102298726
TLK2	-0.25095802320949545
TLL2	-0.6625985468402393
TLN1	0.4258481061591173
TLN2	1.7564177242894656
TLR1	1.119564350565705
TLR10	0.19518467722948646
TLR2	-0.26046387525117787
TLR3	0.10090523665278361
TLR4	0.2900815652110609
TLR5	-1.4132942611815063
TLR6	0.11387569186841162
TLR7	0.5997620605809248
TLR8	1.2566933274022742
TLR8-AS1	0.1639140763330374
TLR9	-0.5251010705797121
TLX1NB	-0.2142171583463834
TM2D1	0.210010549815685
TM2D2	0.05879456399085825
TM2D3	0.15332733026102474
TM4SF19-AS1	0.1957225815132424
TM4SF19-TCTEX1D2	2.309412052895315
TM6SF1	2.6184067615889663
TM7SF2	0.7474906927121214
TM7SF3	-0.34896958813131107
TM9SF1	-0.10051936257706728
TM9SF2	0.3070624495358434
TM9SF3	-0.3934260189116525
TM9SF4	-0.24710355877993706
TMA16	-0.028378915120157444
TMA7	0.3485203118820621
TMBIM1	-2.3938854337373945
TMBIM4	-0.011688530739325742
TMBIM6	-0.269781303194371
TMC1	0.0
TMC2	0.19373423455987895
TMC3-AS1	0.9423762936867894
TMC4	-0.5710424305578625
TMC5	-0.19910157621641578
TMC6	-0.013588937049012983
TMC7	-0.03545146326431148
TMC8	-0.3774785709725599
TMCC1	-0.09191787488631853
TMCC1-AS1	0.46933504858340047
TMCC2	-0.6326931835251877
TMCC3	-0.29757583338442295
TMCO1	0.12249570744512361
TMCO3	0.44489750053816657
TMCO5A	0.349563106173343
TMCO6	-0.06284511869801612
TMED1	0.24853164348212786
TMED10	0.18962436445504238
TMED10P1	0.4077672931965415
TMED10P2	-1.3064728365467615
TMED2	-0.20670098581739005
TMED3	0.30823692479343556
TMED4	0.1803948924570129
TMED5	0.2212405003481912
TMED6	-0.08792809070769625
TMED7-TICAM2	0.1347502757526966
TMED8	0.4203742743384993
TMED9	0.4569716435403919
TMEM101	-0.766147608312318
TMEM102	0.32051024738370604
TMEM104	0.44461052762130393
TMEM105	-0.7214022878128813
TMEM106A	-0.24499965084761866
TMEM106B	0.08807219281962908
TMEM106C	-0.33921487224816005
TMEM107	1.157102880572216
TMEM108	0.3314522078833348
TMEM109	0.09032194139171423
TMEM11	0.5732005178796662
TMEM110-MUSTN1	-0.16707299602944303
TMEM115	0.3617533415115819
TMEM116	0.753661538766031
TMEM117	-0.6467732907036785
TMEM119	-0.3618969512171711
TMEM120A	0.4102201866807773
TMEM120B	-0.12709828556532443
TMEM121	0.0
TMEM123	-0.10364098863266058
TMEM126A	0.003946812458778481
TMEM126B	-0.04073630032876352
TMEM127	0.011445401740173722
TMEM128	0.06583809545608155
TMEM129	0.2550957524212514
TMEM131	0.08212578030370565
TMEM132A	-0.8805998988730642
TMEM132B	0.0
TMEM132C	0.0
TMEM132D	-0.012333845043828062
TMEM134	0.64555046311213
TMEM135	0.0749274532290869
TMEM136	0.7733182213489013
TMEM138	0.0007875427991592687
TMEM139	0.0
TMEM140	-0.23560650157327778
TMEM141	-0.37307479417192013
TMEM143	-0.06807447000726441
TMEM144	-0.455685985547575
TMEM145	-1.134283444216555
TMEM147	0.3250967711374191
TMEM147-AS1	0.00583759362718439
TMEM14A	-0.1621868764785983
TMEM14B	0.04900400097988111
TMEM14C	0.4020185960648135
TMEM14DP	0.34294035042905424
TMEM150A	1.777787850012177
TMEM150B	-0.03545146326431148
TMEM150C	0.0
TMEM154	0.9714995817035135
TMEM156	0.2732528615231615
TMEM158	1.0116408529978882
TMEM159	-0.15400286710557154
TMEM160	-0.3025036477024372
TMEM161A	-0.04571699693757125
TMEM161B	-0.19977657342457
TMEM161B-AS1	0.45847997942908414
TMEM163	0.19373423455987895
TMEM164	0.2540122599389356
TMEM165	-0.005207694847831235
TMEM167A	0.10553070330225012
TMEM167B	-0.036610555312257986
TMEM168	-0.047426945541431564
TMEM169	-0.08187544465237417
TMEM17	-0.43225983667999923
TMEM170A	-0.28576557349096987
TMEM170B	0.740357910984164
TMEM173	-0.05920571764139737
TMEM175	0.05320336349020316
TMEM177	-0.15497883472294127
TMEM178A	0.16627692533081695
TMEM178B	-0.19128033487777554
TMEM179B	0.06401587596018388
TMEM18	-0.15777518007497626
TMEM181	-0.10137542541563604
TMEM182	-0.06880474299706396
TMEM183A	-0.4783743163310916
TMEM183B	0.39327013039065895
TMEM184A	-0.047093270133420795
TMEM184B	0.22845729160848194
TMEM184C	-0.0715433423333387
TMEM185A	0.13040403243799403
TMEM185AP1	0.888009624749909
TMEM185B	-0.4404155707959591
TMEM186	-0.18845207024729582
TMEM187	0.5454337553868527
TMEM189-UBE2V1	0.1858972511435697
TMEM19	-0.7520667093343061
TMEM191A	-0.7334346324258947
TMEM191B	-1.0831714299536126
TMEM191C	-0.18850163764021177
TMEM192	-0.042448366207304744
TMEM196	0.0
TMEM198	0.5578586796918694
TMEM198B	-0.12896056591630156
TMEM199	0.1159253686458328
TMEM2	0.885574216042226
TMEM200A	-0.27084906067950687
TMEM200B	0.4888081138096707
TMEM201	0.007303675232460449
TMEM203	-0.2398258404962661
TMEM204	0.11723504953695138
TMEM205	0.3856058468365777
TMEM206	-0.35070699842036035
TMEM207	0.19373423455987895
TMEM208	-0.16673675198945048
TMEM209	0.25182877711111296
TMEM210	0.349563106173343
TMEM212	0.7450257293283502
TMEM212-AS1	0.19373423455987895
TMEM213	-0.2142171583463834
TMEM214	0.6725576328784015
TMEM216	0.05689037425661425
TMEM217	0.7607518278979515
TMEM218	-0.41079054816158056
TMEM219	0.20963587534700245
TMEM220	0.349563106173343
TMEM222	0.3431381975034409
TMEM223	-0.050059411239817386
TMEM229B	0.6721180142300875
TMEM230	-0.04518478588719255
TMEM231	0.15788586957619177
TMEM232	0.024579950449510335
TMEM234	0.09495953780598843
TMEM236	0.29769217981694196
TMEM237	-0.12342953162294457
TMEM238	-0.3217719772179022
TMEM240	-0.8473855637061697
TMEM241	0.05060240782275649
TMEM242	-0.4709456424479104
TMEM243	0.39894467242710263
TMEM244	0.5498410520988639
TMEM245	-0.3576196791732187
TMEM246	0.3314522078833348
TMEM248	-0.13049525726746403
TMEM249	1.3967311665527533
TMEM25	-0.036963431656857004
TMEM251	-0.20994544818532646
TMEM253	0.3096941110000423
TMEM254	-0.588550446272901
TMEM254-AS1	0.03282615682486778
TMEM255A	0.6681953250146608
TMEM255B	-0.03920455805383449
TMEM256-PLSCR3	-0.13984253376567324
TMEM258	0.38782167034244
TMEM259	0.09579665387846248
TMEM26	-0.8195007936242337
TMEM260	-0.39186086375952556
TMEM261	0.3467088531782956
TMEM263	2.078124898049383
TMEM265	-0.1990405436285485
TMEM266	0.0835024081065785
TMEM267	-0.016051530373669465
TMEM268	-0.5149243432819262
TMEM269	-0.12203546600413429
TMEM27	-0.3231805212590077
TMEM30A	0.20438513439186146
TMEM30CP	-0.02048292378650446
TMEM31	0.543297340733222
TMEM33	0.08064154044553717
TMEM35B	0.4970819442124572
TMEM38A	1.3262247104609557
TMEM38B	-0.3384960871980134
TMEM39A	0.2740082167323905
TMEM39B	-0.001663771810935799
TMEM40	-0.2142171583463834
TMEM41A	-0.0884299446204686
TMEM41B	0.011367278097145217
TMEM42	-0.027249723466675313
TMEM43	0.2170948576694034
TMEM44	-0.1682810117236162
TMEM44-AS1	-0.16350936370159364
TMEM45A	0.6416046837257134
TMEM5	-0.5266561383176587
TMEM5-AS1	0.577211961292526
TMEM50A	0.27100554573482505
TMEM50B	0.17811063164966967
TMEM52	2.0696805402957272
TMEM52B	0.3572642935175523
TMEM53	-0.40135441514776016
TMEM54	1.7883177225342304
TMEM55A	-0.13280475743066056
TMEM55B	-0.5548256453935547
TMEM56	0.0
TMEM56-RWDD3	-0.2142171583463834
TMEM57	-0.019795032669739143
TMEM59	0.34497523357335425
TMEM59L	0.4383844631355048
TMEM60	0.09957069187137257
TMEM62	-0.006799587994205325
TMEM63A	0.028861508480622078
TMEM63B	0.38160426643630796
TMEM63C	0.5719981073960518
TMEM64	0.2402314311826732
TMEM65	0.5676473995979681
TMEM67	-0.6250901532970099
TMEM68	-0.05496507646985194
TMEM69	-0.09068356106952713
TMEM70	0.24026788414973055
TMEM71	1.324258647109061
TMEM72-AS1	-0.17815760786020274
TMEM74	0.45975482650367283
TMEM79	-0.04894865338376775
TMEM80	0.19822233832388303
TMEM81	-0.5868749923668446
TMEM86A	1.3232015549875933
TMEM86B	-0.326412108456247
TMEM87A	0.24953076078385195
TMEM87B	0.01439436266187144
TMEM88	0.1582827712955675
TMEM89	-0.03545146326431148
TMEM8A	-0.027383212330668982
TMEM8B	-0.21507219630421304
TMEM9	-0.3828478844743639
TMEM91	-0.5183041226176188
TMEM92	-0.9791833023253038
TMEM92-AS1	-0.41975617116583175
TMEM94	-0.2766516321168737
TMEM97	-0.013230734340195838
TMEM99	-0.745994378204383
TMEM9B	-0.2891280349869785
TMEM9B-AS1	-0.19126888874863646
TMF1	0.32618219145811445
TMIGD1	-0.02048292378650446
TMIGD2	-0.6546327291423425
TMIGD3	2.2912108718365047
TMLHE	0.0958470359801531
TMLHE-AS1	-0.24668133623608016
TMOD1	1.2382279535873388
TMOD2	-0.13507799477556226
TMOD3	0.04757929156566121
TMOD4	-0.2034541749095915
TMPO	-0.5174079025876441
TMPO-AS1	-0.3639960305312018
TMPOP2	-0.744854578787008
TMPRSS11BNL	0.0
TMPRSS11CP	-0.2142171583463834
TMPRSS11D	-0.41341794927537867
TMPRSS12	0.6810153140566778
TMPRSS15	-0.3850145694376545
TMPRSS2	0.0
TMPRSS4	-0.3850145694376545
TMPRSS4-AS1	0.19373423455987895
TMPRSS5	-0.8019679568130327
TMPRSS7	-0.3850145694376545
TMPRSS9	-0.25899015823728677
TMSB10	0.7261499959108697
TMSB10P2	0.19373423455987895
TMSB15B	-0.36179685214642054
TMSB4X	1.0217436503715156
TMSB4XP1	1.3369685830718758
TMSB4XP2	1.0152121607421514
TMSB4XP5	1.2114926657478828
TMSB4XP6	1.2389820077885147
TMSB4XP8	1.02240317945515
TMTC1	0.6193565320269174
TMTC2	0.09249118282295044
TMTC3	-0.27500620048078517
TMTC4	0.12824100440422548
TMUB1	0.07122145125889467
TMUB2	-0.8353840091603164
TMX1	-0.30085240965784266
TMX2-CTNND1	-1.1213739028551415
TMX3	-0.04313648728918906
TMX4	0.2392582319739205
TNC	0.30289985474076453
TNF	0.7477083813377465
TNFAIP1	0.2615106908242364
TNFAIP2	1.212595120741753
TNFAIP3	0.8314121900448272
TNFAIP6	0.37869421873559994
TNFAIP8	0.1421609981469505
TNFAIP8L1	0.4192513156031268
TNFAIP8L2-SCNM1	0.850641810190714
TNFAIP8L3	1.4593648425752224
TNFRSF10A	-0.056615645733696596
TNFRSF10B	0.35484365611081614
TNFRSF10C	1.2213763642619635
TNFRSF10D	0.35332821861310393
TNFRSF11A	0.906868217773086
TNFRSF12A	-0.06355068084750926
TNFRSF13C	-0.014090252766690181
TNFRSF14	0.6510795451201394
TNFRSF19	2.0318147384630905
TNFRSF1A	-0.07488348195719574
TNFRSF1B	0.6627258310005759
TNFRSF21	0.2818430626459545
TNFRSF25	0.0
TNFRSF4	0.42151398877858076
TNFRSF8	-0.8660829391093205
TNFRSF9	0.5230872284368726
TNFSF10	0.29949237289558184
TNFSF11	0.039535753366070625
TNFSF12-TNFSF13	0.0
TNFSF13B	-0.15901831769359553
TNFSF14	1.0690050184109001
TNFSF15	-0.2142171583463834
TNFSF4	0.7926770059852153
TNFSF8	0.349563106173343
TNFSF9	0.7032567392870988
TNIK	0.5227755694548897
TNIP1	0.1810233503963925
TNIP2	0.2127955937175745
TNIP3	1.330273276222331
TNK2	-0.40867407100782316
TNK2-AS1	-0.26715100438777484
TNKS	0.09082416669955862
TNKS1BP1	-0.5784843950914436
TNKS2	-0.28815069730078235
TNKS2-AS1	0.18596090741988913
TNN	0.8845446760486503
TNNC1	0.577211961292526
TNNC2	0.11723504953695138
TNNI1	0.0
TNNI2	0.8802504766010714
TNNI3	-2.6758038630539165
TNNT1	-0.9389752846821207
TNPO1	0.0279166149268697
TNPO2	-0.26166479630425776
TNPO3	0.059052692497980175
TNR	-0.8254301402336136
TNRC18	-0.07469684811683841
TNRC18P2	-0.3850145694376545
TNRC6A	-0.15632341133666294
TNRC6B	0.010877100747721968
TNRC6C	-0.6429364617305602
TNRC6C-AS1	-0.2811823472391497
TNS2	0.2628239409855935
TNS3	0.0
TNS4	-1.6174379984427398
TNXB	-1.5915025412753485
TOB1	-0.22012988972511494
TOB1-AS1	0.9311795321466247
TOB2	-0.003023135268232835
TOB2P1	0.1210490991161115
TOE1	0.19547147882829208
TOLLIP	0.3803131809950191
TOLLIP-AS1	-0.04939067568517397
TOM1	0.6322590447715122
TOM1L1	-1.3280087121253188
TOM1L2	0.28299400505655825
TOMM20	-0.356329569640053
TOMM20L	-0.30204629175468267
TOMM20P4	-0.5992317277840379
TOMM22	-0.15633827630832364
TOMM34	0.14034305952230497
TOMM40	0.0037806414464682803
TOMM40L	-0.048111688241895934
TOMM5	0.05123319321791975
TOMM6	0.10048740120388366
TOMM7	-0.272414904995248
TOMM70	-0.046108671977478366
TONSL	0.37187239319180954
TONSL-AS1	-0.5282833131311209
TOP1	-0.14936545928321188
TOP1MT	0.06934867134276956
TOP1P2	-0.7305374876588141
TOP2A	-0.9317661989539392
TOP2B	0.09960987265905352
TOP3A	0.004800252942445127
TOP3B	-0.1516755127557019
TOPAZ1	-0.4527494158397872
TOPBP1	-0.004273987372389598
TOPORS	-0.056648179746684235
TOPORS-AS1	0.715520395133467
TOR1A	-0.07951336921754404
TOR1AIP1	0.20969153890831826
TOR1AIP2	0.17189147705067143
TOR1B	-0.21281787230763527
TOR2A	-0.07163471626658424
TOR3A	-0.20198342451366713
TOR4A	0.23811134822152358
TOX	-0.45352348149828714
TOX2	1.007092754963323
TOX4	-0.47038044642444987
TOX4P1	0.19373423455987895
TP53	0.08234065111008348
TP53BP1	0.062165413705994155
TP53BP2	-0.31546198833702377
TP53I11	3.002320719703279
TP53I13	0.4462609310290766
TP53I3	0.026178199596770035
TP53INP1	-0.2142171583463834
TP53INP2	-0.09803418632999072
TP53RK	-0.19131265573628475
TP53TG1	0.1437388703917719
TP53TG5	-0.5836843144894255
TP63	3.5427122933349198
TP73	-0.8899270926891862
TP73-AS1	-0.3850145694376545
TPBG	0.9807932786817402
TPCN1	-0.2088784505865089
TPCN2	-0.13759859772338956
TPD52	-1.3563219964087985
TPD52L2	-0.11316610451279985
TPGS1	-0.09156965601042799
TPGS2	-0.03361290371278258
TPH1	-0.48818417895229027
TPH2	-0.4404155707959591
TPI1	-0.15672291433908825
TPI1P1	-0.10725018909115569
TPI1P2	-0.45673851857910597
TPI1P3	-0.09085246462261609
TPK1	0.2615667314153587
TPM1	-0.1256755041121842
TPM2	0.0894587912968845
TPM3	0.23488771132237396
TPM3P1	-0.2142171583463834
TPM3P2	0.349563106173343
TPM3P4	-0.08912569834151907
TPM3P5	0.6639798936312844
TPM3P8	1.125208885686003
TPM4	1.2089926859531221
TPMT	0.32495654738060153
TPP1	0.36061993461494346
TPP2	-0.03230994524320607
TPPP	0.25779354827788925
TPPP3	0.7914291196389095
TPR	-0.363436679078184
TPRA1	0.03927064740003949
TPRG1	4.1516639747593675
TPRG1L	0.19477953543417215
TPRKB	0.07707569067352438
TPRN	-0.0581326019573698
TPRXL	0.6681953250146608
TPSAB1	0.42138308967906213
TPSB2	0.6938217008393727
TPSD1	0.19373423455987895
TPST1	0.043124206662558784
TPST2	0.1825952382872309
TPT1	0.26478873237395106
TPT1-AS1	-0.2385471820642744
TPT1P13	0.0
TPT1P4	0.21474749114327035
TPTE	0.08894255751640034
TPTE2	0.4200308628976992
TPTE2P1	-1.9380507413776973
TPTE2P3	-0.7985575327934595
TPTE2P5	-0.3139921145335478
TPTE2P6	-0.8805998988730642
TPTEP1	-0.8157150834045925
TPX2	-0.20560698265498978
TRA	-0.2502633088619479
TRA2A	-0.24044212592436587
TRA2B	-0.0016097046805771953
TRABD	0.20410706922270272
TRABD2A	-0.015330977279601754
TRABD2B	0.44186601346556653
TRADD	-0.20006969379851558
TRAF1	-0.5381088526331617
TRAF2	-0.6722818399222739
TRAF3	0.015629683927143034
TRAF3IP1	-0.2557399785100074
TRAF3IP2	-0.7740068797112487
TRAF3IP2-AS1	-0.07691594100712429
TRAF3IP3	0.15857698225967987
TRAF4	0.2891506492996587
TRAF5	-0.644422634748266
TRAF6	-0.06988144358536097
TRAF7	-0.39729372717663836
TRAFD1	-0.31186250306303087
TRAIP	-0.2803999376210129
TRAK1	0.09692194097313944
TRAK2	0.04206774600477381
TRAM1	0.4759108510162111
TRAM1L1	-0.9472941171477332
TRAM2	0.4655698590098005
TRAM2-AS1	0.22601038661183104
TRANK1	-0.22522818759595964
TRAP1	-0.527209990444037
TRAPPC1	0.1598661444966396
TRAPPC10	0.1398330262269898
TRAPPC11	0.48177753921469524
TRAPPC12	0.057654541660888015
TRAPPC13	0.11837904509953923
TRAPPC2	0.017545015257331542
TRAPPC2L	0.12399420292638474
TRAPPC3	0.11874321677636246
TRAPPC3L	0.0
TRAPPC4	-0.14979172674235564
TRAPPC5	0.47874145249909716
TRAPPC6A	0.753995842070494
TRAPPC6B	-0.21764970433971342
TRAPPC8	0.11874961645366433
TRAPPC9	-0.11675050095571748
TRAT1	2.918338924855135
TRB	-0.38984385542725786
TRBV10-1	0.06857638915642078
TRBV11-2	-0.5160954324109795
TRBV12-2	-0.8280335687538836
TRBV20OR9-2	0.44186601346556653
TRBV26OR9-2	0.2354216223771779
TRBV30	-0.6165474184458793
TRBV5-3	-0.8007611498754976
TRBV5-4	0.699958949346309
TRBV5-5	0.19332275618813943
TRBV6-4	0.0
TRBV6-5	-0.7805027278320633
TRBV6-6	0.4815655692930285
TRBV6-7	0.3509210005046266
TRBV6-8	0.9917070655644306
TRBV6-9	-0.2142171583463834
TRBV7-3	0.019650273759470593
TRBV7-4	-0.5048109587318734
TRBV7-5	0.643819494505341
TRBV7-6	0.8817099534917239
TRBV7-7	0.0
TRBV7-8	-0.02048292378650446
TRBV8-2	-0.41262591960023265
TRBV9	0.07221595373171663
TRDMT1	-0.3476658631301426
TRDN	0.349563106173343
TRDV3	0.349563106173343
TREM1	-0.43594635875884746
TREM2	0.6356002480254456
TREML2	-1.5120409238007335
TREML3P	-0.5080999692311134
TREML4	-0.5485104979964582
TRERF1	0.35438379557722044
TREX1	0.3803083532059732
TREX2	-0.4387313439815337
TRG	0.4677453916319809
TRG-AS1	0.05228323014539349
TRG-CCC6-1	0.964196069633684
TRIAP1	-0.3336086605295634
TRIB1	-0.33481471619574776
TRIB2	0.04763575938978626
TRIB3	0.016840960823557793
TRIM11	-0.33063729945950726
TRIM13	-0.24702051620047527
TRIM14	-0.13053794435390387
TRIM16	0.23213922741933146
TRIM16L	-1.2094911399926902
TRIM17	-0.2142171583463834
TRIM2	-0.9399072820206129
TRIM21	0.5231445127462422
TRIM22	-0.1938026417760561
TRIM23	0.35968399956124664
TRIM24	0.012841428461909388
TRIM25	-0.5036249780116346
TRIM26	0.04700159162872275
TRIM27	0.26559596543856756
TRIM28	0.037285807592702724
TRIM3	-0.45224760889965854
TRIM31-AS1	0.44186601346556653
TRIM32	-0.766589397638052
TRIM33	-0.09932471306638924
TRIM35	0.04285797277776737
TRIM36	0.2918833082794503
TRIM37	-0.1715824093204965
TRIM38	0.5663126464289796
TRIM39	-0.4292010312472856
TRIM39-RPP21	-0.6099919291306044
TRIM4	0.13011802567132413
TRIM41	-0.1041045371168341
TRIM42	0.0
TRIM44	0.0578373100237215
TRIM45	0.0007830381233926431
TRIM46	-0.8922754526175689
TRIM47	1.2469625924830403
TRIM5	0.18294848178420153
TRIM50	-0.2142171583463834
TRIM52	-0.04221070564621776
TRIM52-AS1	0.42191331736764504
TRIM56	-0.1565305947721498
TRIM58	0.8149858440681319
TRIM59	-0.17270855022530185
TRIM6	0.0
TRIM6-TRIM34	-0.2142171583463834
TRIM60	0.19373423455987895
TRIM61	-0.08959502835770872
TRIM62	-0.22316677024809017
TRIM63	0.349563106173343
TRIM65	-0.13225454694136296
TRIM66	-0.10302494855517885
TRIM68	-0.60233432208768
TRIM69	1.0412649820157924
TRIM7	0.49035956428589705
TRIM71	-0.5059861863997863
TRIM72	-0.3709356546092586
TRIM73	0.32908018238683856
TRIM74	0.7328058091143178
TRIM8	-0.013746174241354936
TRIM80P	-0.2142171583463834
TRIM9	-0.31883591547697065
TRIML2	-0.4404155707959591
TRIO	-0.11748706044884827
TRIOBP	0.3203048608784691
TRIP10	0.36468886535097766
TRIP11	0.39142601410353706
TRIP12	0.2417178794240833
TRIP13	0.06350263607649964
TRIP4	0.20421643505441978
TRIP6	0.19287942338903363
TRIQK	0.16962732977732564
TRIT1	-0.11811635294134604
TRK-TTT13-1	-0.2142171583463834
TRMO	-0.019190734662791087
TRMT1	-0.17601280724967694
TRMT10A	-0.2952415265186268
TRMT10B	0.1408093382035318
TRMT10C	0.041763059775290046
TRMT11	0.02331115642009074
TRMT112	0.11485548572062143
TRMT13	-0.3635847803704877
TRMT1L	-0.37445393021940276
TRMT2A	-0.23447287741672973
TRMT2B	0.16555360521661022
TRMT44	-0.034867922233857485
TRMT5	-0.31965641783443566
TRMT6	0.1029009974719326
TRMT61A	-0.04008786246043705
TRMT61B	0.05408642774215977
TRMU	0.00915573758107513
TRN-GTT23-1	0.349563106173343
TRNA	-0.23968478673901217
TRNAA1	0.4496250535373115
TRNAA10	0.0
TRNAA12	0.543297340733222
TRNAA13	0.0
TRNAA14	-1.0669248087891703
TRNAA15	0.3314522078833348
TRNAA18	-0.27247685040072955
TRNAA23	0.0
TRNAA26	0.1353459478269596
TRNAA28	1.0238544021998752
TRNAA3	0.6681953250146608
TRNAA30	0.44186601346556653
TRNAA32	-0.347878752956435
TRNAA34	0.19373423455987895
TRNAA36	0.3314522078833348
TRNAA37	0.5193963087650277
TRNAA40	0.19373423455987895
TRNAA41	0.19373423455987895
TRNAA5	0.0
TRNAA8	-0.3618969512171711
TRNAC10	-0.2142171583463834
TRNAC12	-0.3850145694376545
TRNAC16	0.19373423455987895
TRNAC30	-0.2142171583463834
TRNAC7	-1.0064562592743636
TRNAC9	1.017758431188004
TRNAD10	0.349563106173343
TRNAD12	-0.2142171583463834
TRNAD15	-0.48663901335647
TRNAD16	-0.3618969512171711
TRNAD8	0.0
TRNAE20	-0.4404155707959591
TRNAE21	0.056851444027912035
TRNAE23	-0.24668133623608016
TRNAE24	0.4765932831423878
TRNAE7	0.0
TRNAF1	0.19373423455987895
TRNAF10	0.0
TRNAF6	-0.030782492501235215
TRNAG-CCC	0.19373423455987895
TRNAG1	1.1065797881501656
TRNAG10	0.7854303745516121
TRNAG11	0.44186601346556653
TRNAG18	0.0
TRNAG27	0.349563106173343
TRNAG3	-0.3850145694376545
TRNAG7	0.22764885511918312
TRNAG8	-0.21276671567677596
TRNAH11	-0.2524714699142663
TRNAH3	1.1007875652464485
TRNAH4	-0.1787202069577779
TRNAH6	0.0
TRNAI13	0.0
TRNAI17	0.6906375102114177
TRNAI20	0.0013305541024056788
TRNAI5	0.31420978812266687
TRNAI6	-0.7093765391034095
TRNAI9	0.19373423455987895
TRNAK1	-0.28098671701692224
TRNAK13	0.19373423455987895
TRNAK14	0.5279752698877133
TRNAK15	0.8593041349721637
TRNAK16	-0.45682644771237246
TRNAK19	0.3314522078833348
TRNAK20	0.44186601346556653
TRNAK22	1.0025977517999618
TRNAK23	0.19373423455987895
TRNAK27	-0.02048292378650446
TRNAK3	-0.16816271665729213
TRNAK31	0.6810153140566778
TRNAK33	1.5494885849968594
TRNAK6	0.44186601346556653
TRNAL-CAA	0.28318075557700634
TRNAL10	0.3314522078833348
TRNAL11	-0.6316959056737347
TRNAL13	0.33707433642208806
TRNAL15	-0.2142171583463834
TRNAL17	0.22764885511918312
TRNAL2	0.0
TRNAL20	-0.07766164828614741
TRNAL22	1.7616794295392264
TRNAL23	0.25058567858779107
TRNAL26	0.3314522078833348
TRNAL29	-0.19128033487777554
TRNAL3	0.3314522078833348
TRNAL32	0.22764885511918312
TRNAL6	0.16482648266120942
TRNAL7	0.8235443489071383
TRNAM1	0.349563106173343
TRNAM12	0.19373423455987895
TRNAM14	0.19373423455987895
TRNAM15	0.6670761016358153
TRNAM16	0.6908104414887712
TRNAM3	0.19373423455987895
TRNAM6	0.7710770949519237
TRNAN14	-0.4747209515768012
TRNAN20	0.44186601346556653
TRNAN5	0.9493251667542678
TRNAN7	0.37161254635639995
TRNAP10	0.0
TRNAP11	0.349563106173343
TRNAP13	-0.4404155707959591
TRNAP2	0.19373423455987895
TRNAP6	-0.3850145694376545
TRNAQ1	-1.547865856447972
TRNAQ17	0.2994916885159298
TRNAR11	-0.09085246462261609
TRNAR12	0.6810153140566778
TRNAR14	0.19373423455987895
TRNAR18	-0.5537821378727774
TRNAR19	0.349563106173343
TRNAR2	0.0
TRNAR22	0.5498410520988639
TRNAR24	0.6810153140566778
TRNAR28	0.19373423455987895
TRNAR29	1.897833269905585
TRNAR4	-0.8340361940354291
TRNAR9	0.0
TRNAS10	0.44186601346556653
TRNAS13	0.349563106173343
TRNAS15	0.1094254813029048
TRNAS16	0.2181619355219695
TRNAS18	-0.3850145694376545
TRNAS19	-0.5960644946593749
TRNAS21	-0.402330260099496
TRNAS25	0.0
TRNAS27	-1.737168186762857
TRNAS4	0.19373423455987895
TRNAT10	-0.5980956023198292
TRNAT14	-0.16816271665729213
TRNAT15	-0.12308539979345878
TRNAT16	0.0
TRNAT17	-0.2142171583463834
TRNAT20	0.19373423455987895
TRNAT21	0.06896359723062295
TRNAT22	-0.03545146326431148
TRNAT5	0.1353459478269596
TRNAT6	0.19373423455987895
TRNAT7	0.7119368146086537
TRNAU1AP	0.1357834821801447
TRNAV1	-0.31681963435333776
TRNAV10	-0.2142171583463834
TRNAV11	-0.8292025325848372
TRNAV16	-0.8254301402336136
TRNAV18	0.0
TRNAV19	-0.8597355210144557
TRNAV20	0.4383844631355048
TRNAV21	-0.515986373361492
TRNAV32	0.0
TRNAV4	-0.2142171583463834
TRNAV8	0.3314522078833348
TRNAW5	-0.6787165855705088
TRNAW7	0.543297340733222
TRNAY15	0.7914291196389095
TRNAY6	-0.2142171583463834
TRNAY7	0.3356238937524805
TRND	-0.14326874369346643
TRNE	-0.6417563525977585
TRNF	0.7112398823336972
TRNI	-0.21578323962516244
TRNL1	-0.46089849458246357
TRNM	-1.0641045063139716
TRNP	-0.15493659069549537
TRNP1	0.09513146006243733
TRNQ	0.08610723548458221
TRNS1	-0.4637465249490522
TRNT	0.3618738139073763
TRNT1	0.05763378850450174
TRNW	-0.958514927110385
TRNY	-0.44075978589011755
TROAP	-0.23805587450880772
TROVE2	-0.5741570115179861
TRPC1	-0.5225032711927655
TRPC2	0.3356238937524805
TRPC3	0.4633882969280849
TRPC4	-0.6546327291423425
TRPC4AP	-0.2282374049480307
TRPC5OS	-0.6546327291423425
TRPC6	-0.2142171583463834
TRPC7	0.3356238937524805
TRPC7-AS2	1.1854413001243094
TRPM1	0.0
TRPM2	0.27179028166378494
TRPM2-AS	-0.5234441923182551
TRPM3	-0.4404155707959591
TRPM4	-0.10896336291262432
TRPM6	0.6356002480254456
TRPM7	-0.020458275728293174
TRPM8	-0.02048292378650446
TRPS1	2.7203401604628805
TRPT1	-0.5351201175764828
TRPV1	0.1285973200992787
TRPV2	0.49876382507364525
TRPV4	0.1353459478269596
TRPV5	-0.4404155707959591
TRPV6	-0.34967457246457256
TRRAP	0.19480970005555065
TRUB1	-0.4949415059344613
TRUB2	-0.3509359466494999
TSACC	-0.5434110016906795
TSC1	-0.3761468559915375
TSC2	-0.49358751336974116
TSC22D1	0.32981858877238146
TSC22D1-AS1	-0.006696398256158531
TSC22D2	-0.08773091637943864
TSC22D3	-0.16500341361349413
TSC22D4	0.32458942811189573
TSEN15	-0.5665707132415445
TSEN2	-0.06482055452416091
TSEN34	0.09087360263511712
TSEN54	-0.26823348755302234
TSFM	-0.3405549583454892
TSG101	0.1490318657859646
TSGA10	-0.36201887054850435
TSGA10IP	-1.0231149735458374
TSGA13	0.19373423455987895
TSHR	0.20899139319687077
TSHZ1	0.08345637715354748
TSHZ2	1.0104692745198274
TSHZ3	-0.5060147718149786
TSIX	-2.028329016445967
TSKS	-0.4404155707959591
TSKU	0.1645904349423839
TSLP	0.3441271942754316
TSN	-0.21180100230573196
TSNARE1	0.27888763148057727
TSNAX-DISC1	-0.4747405100092399
TSNAXIP1	-0.8679102020133334
TSPAN1	-0.16816271665729213
TSPAN10	0.42750106076128414
TSPAN11	0.1921973918548716
TSPAN13	-0.06926426777059547
TSPAN14	-0.2594036643150286
TSPAN16	0.2661289241387501
TSPAN17	-0.18421597332669393
TSPAN18	-0.3850145694376545
TSPAN2	-1.2506972238017173
TSPAN3	0.17948520478195107
TSPAN31	-0.672427279818379
TSPAN32	-0.1576917380880083
TSPAN33	-0.6739989484895128
TSPAN4	-0.06961232985119992
TSPAN5	-0.4984058440429937
TSPAN7	2.3879262067652975
TSPAN9	1.2136832639825588
TSPEAR	-0.19128033487777554
TSPEAR-AS2	-1.0364800654553339
TSPO	0.42514001621264974
TSPOAP1	-1.3500953970099836
TSPOAP1-AS1	0.34784477968950256
TSPY26P	0.3314522078833348
TSPYL1	-0.03296523191167999
TSPYL2	0.506082968325579
TSPYL4	0.3367068623635614
TSPYL6	-0.4404155707959591
TSR1	0.14254876342391043
TSR2	0.09961473647992491
TSR3	-0.22476008415494242
TSSC1	0.030111423237130452
TSSC2	0.034259104571741084
TSSC4	0.12732250805538925
TSSK1A	-0.24668133623608016
TSSK3	1.720516664104463
TSSK4	-1.011091359381974
TSSK6	-0.493829984489047
TST	1.4009969266666769
TSTA3	0.7794262714339553
TSTD1	0.3289042880709445
TSTD2	-0.10726675201813762
TSTD3	-0.04897111044111124
TTBK2	-0.23061733624735403
TTC1	0.21860172678234946
TTC13	-0.15708933309970696
TTC14	-0.26717336516792045
TTC17	-0.018542809128900828
TTC19	0.2915213357078308
TTC21A	-0.04542007892823996
TTC21B	-0.018562502937713887
TTC21B-AS1	-0.9001804190163891
TTC22	-0.4404155707959591
TTC23	-0.17029228705724986
TTC23L	0.0
TTC24	-1.2045153630618881
TTC25	-2.0159723906490554
TTC26	-0.37806164362888595
TTC27	0.048820126309962575
TTC28	-0.4807016784685454
TTC28-AS1	0.05567238783270234
TTC3	0.17951380557964747
TTC3-AS1	-0.5324528637539303
TTC30A	-0.7558921246576
TTC30B	-0.4566327464004809
TTC31	-0.2135671703126949
TTC32	0.15296010840970098
TTC33	-0.13152538538028047
TTC34	0.0
TTC36	0.9851633541987885
TTC37	0.0486332466573316
TTC38	0.6725398932681497
TTC39A	0.8755963971307446
TTC39B	-0.3850145694376545
TTC39C	0.22110711880632117
TTC39C-AS1	1.00617661078218
TTC39DP	-0.2142171583463834
TTC3P1	0.993232047411964
TTC41P	-0.3668063200873801
TTC5	-0.4922944066454722
TTC7A	0.226064713641982
TTC7B	0.9550188138660651
TTC8	0.5589591026929526
TTC9	-1.3811573644495887
TTC9C	0.07739918278076807
TTF1	-0.3064058724270531
TTF2	-0.21047146029428632
TTI1	-0.3729571585532767
TTI2	0.029475599167220423
TTK	0.21295524888012096
TTL	-0.01729995038692067
TTLL1	0.35194052653083574
TTLL10	0.4539781666682774
TTLL11	-0.6711306050862405
TTLL12	0.11135391055448629
TTLL13P	-0.22072777944021293
TTLL2	0.3314522078833348
TTLL4	-0.10304461704048329
TTLL5	-0.006168815418652329
TTLL6	0.0
TTLL7	0.6669498578399979
TTLL9	0.14434355887470496
TTN	-1.3488156289271784
TTN-AS1	-0.005243732496337916
TTPA	0.11904763402493135
TTPAL	-0.6462449806942097
TTYH1	0.349563106173343
TTYH2	-0.29386425345479417
TTYH3	0.7724692138619922
TUBA1A	0.6367766363235887
TUBA1B	-0.22330123221922094
TUBA1C	0.06235007012664795
TUBA3D	-0.2142171583463834
TUBA3FP	0.1353459478269596
TUBA3GP	0.0
TUBA4A	0.16916223642977535
TUBA4B	1.5831730712925531
TUBA8	0.13569392405757963
TUBAL3	0.19373423455987895
TUBB	0.018504517440224078
TUBB1	-0.8385546300509692
TUBB2A	1.8091373284074606
TUBB2B	0.6315726761643952
TUBB3	1.71327028859746
TUBB4A	-1.2529576477603954
TUBB4AP1	0.349563106173343
TUBB4B	-0.05465849478128959
TUBB4BP3	0.0
TUBB6	0.22899021011262732
TUBB8P2	0.0
TUBBP1	-0.08302860506987164
TUBBP2	0.6152205764449228
TUBBP5	-0.02048292378650446
TUBBP6	0.19373423455987895
TUBD1	-0.33270654960019996
TUBE1	-0.03561458998803424
TUBG1	-0.7822923401280661
TUBG2	-0.808679726609566
TUBGCP2	-0.3110725371434153
TUBGCP3	-0.022172623605841935
TUBGCP4	-0.017513608336273023
TUBGCP5	0.3004634009698961
TUBGCP6	-0.19246774881080775
TUFM	0.05129005338676507
TUFT1	-0.7054231640316049
TUG1	0.25060837764683086
TULP1	0.7570772859727801
TULP2	0.19373423455987895
TULP3	-0.2709762640292688
TULP4	-0.07044110822629435
TUNAR	0.3314522078833348
TUSC2	-0.22721582312133926
TUSC3	0.5997620605809248
TUSC8	-0.3850145694376545
TUT1	-0.02714440342344382
TVP23A	-0.6464493948751358
TVP23B	0.35824591200403866
TVP23C-CDRT4	0.2552316519051505
TWF1	0.14863973615027426
TWF1P1	-0.24346093735735153
TWF2	0.46578808359722146
TWIST1	0.07192637949535108
TWISTNB	0.03363239124146489
TWNK	-0.6701771729512203
TWSG1	-0.09109225614858829
TXK	0.4486709443656798
TXLNA	0.05019060810807119
TXLNB	0.4080850322583389
TXLNG	-0.1911948646535624
TXN	-0.3523820904455448
TXN2	-0.12660381841744694
TXNDC11	-0.0005208442731881036
TXNDC12	0.1600744536848424
TXNDC15	0.39541262905036056
TXNDC16	-0.33926653106727933
TXNDC17	0.14464967267135087
TXNDC2	0.35282086322282546
TXNDC8	0.349563106173343
TXNDC9	0.11763619661902425
TXNIP	0.2875906649416944
TXNL1	0.23816197434663877
TXNL4A	-0.13707539432371618
TXNL4B	0.09435268370675054
TXNP1	0.0
TXNP4	-0.2142171583463834
TXNRD1	-0.19371868161585404
TXNRD2	0.19255191404764993
TXNRD3	0.7298706836215416
TXNRD3NB	0.24370358717182494
TYK2	0.03806750116244828
TYMP	1.2893330560289087
TYMS	-0.022008174277676318
TYMSOS	0.6285507872866241
TYR	0.0
TYRL	1.1228813275222442
TYRO3	0.016428426128911156
TYROBP	1.6352408068696018
TYSND1	-0.28536721653294794
TYW1	-0.06531372808341551
TYW1B	-0.17119010511044408
TYW3	-0.12718527388116563
TYW5	-0.09632358756550552
U2AF1	0.27334819632984164
U2AF1L4	-0.020176030363148634
U2AF2	-0.016378518847357526
U2SURP	-0.11719219060374186
UACA	2.046239648368782
UAP1	0.716444764544768
UAP1L1	-0.6637800880799647
UBA1	0.26286978001435024
UBA2	-0.005308275289790387
UBA3	0.08700815933558737
UBA5	-0.024254619340212002
UBA52	0.05300780062348309
UBA52P4	0.3356238937524805
UBA52P5	0.44186601346556653
UBA52P8	-0.2142171583463834
UBA6	0.09252295494309237
UBA6-AS1	-0.04586484561247062
UBA7	0.21065432746082902
UBAC1	-0.16367062208985494
UBAC2	0.08222752875353301
UBAC2-AS1	0.2204272230987412
UBALD1	-0.012295829803954383
UBALD2	0.12675855913938783
UBAP1	0.12683282835426546
UBAP1L	-0.5387070424935239
UBAP2	-0.1437036582405966
UBAP2L	-0.07810780312731502
UBASH3A	0.0
UBASH3B	0.16848490427146956
UBB	-1.196675545927414
UBC	0.1316650990650743
UBE2A	0.1589616783139718
UBE2B	0.20356264413195468
UBE2C	-0.06029976707827167
UBE2CP2	1.4370651994839805
UBE2CP5	-0.3972040163348547
UBE2D1	-0.35811125311778547
UBE2D2	0.03637179606892893
UBE2D3	0.05598959427518757
UBE2D3P1	0.42138308967906213
UBE2D4	-0.04875644051424288
UBE2E1	0.08543797287621402
UBE2E1-AS1	0.74413500099321
UBE2E2	0.6133493182545244
UBE2E3	0.13051032505203608
UBE2E4P	-0.2142171583463834
UBE2F-SCLY	0.3919315820146103
UBE2G1	-0.024059231641439638
UBE2G2	0.2061512880585692
UBE2H	0.16783056422256415
UBE2I	-0.3498261193065506
UBE2J1	0.5989531334149021
UBE2J2	-0.003997155011107978
UBE2K	-0.11051822850039805
UBE2L1	0.21608948991197002
UBE2L3	0.08310728384836885
UBE2L5P	0.349563106173343
UBE2L6	-0.3537659034682523
UBE2M	0.2323210645903373
UBE2MP1	0.0
UBE2N	-0.2867807035257748
UBE2O	-0.18911475162099478
UBE2Q1	0.16969324446088052
UBE2Q1-AS1	0.6088462357464249
UBE2Q2	-0.06227344919162903
UBE2Q2P1	-0.09773467397386248
UBE2Q2P2	-0.9493873644559436
UBE2R2	-0.1457070887839862
UBE2S	0.12015385727973538
UBE2SP1	0.5675456198794897
UBE2SP2	-0.5409549073423481
UBE2T	-0.5101382387589677
UBE2U	0.19373423455987895
UBE2V1P2	-0.5868927394090682
UBE2V2	0.20516663495894427
UBE2W	0.2634176515595037
UBE2Z	-0.1941677241787758
UBE3A	-0.2671357879668381
UBE3B	-0.19835995923953398
UBE3C	0.015533861512841085
UBE3D	-0.06929403778276821
UBE4A	-0.08534933013349644
UBE4B	0.17969715913569928
UBFD1	0.16661996801348877
UBIAD1	0.04152336152256808
UBL3	0.10711869776787353
UBL4A	0.19013296293549686
UBL5	0.2488927705423407
UBL5P2	0.0
UBL5P4	0.5498410520988639
UBL7	0.18457539787459964
UBL7-AS1	0.006938744189008972
UBLCP1	0.0009692798526899082
UBN1	-0.5647434757520315
UBN2	-0.15483919806112212
UBOX5	0.6879529779013618
UBOX5-AS1	-0.7115293898143116
UBP1	-0.01481336196958516
UBQLN1	0.16474842772010767
UBQLN2	0.19914080161543168
UBQLN4	0.37658051198805964
UBQLN4P1	1.0464226865331399
UBQLNL	0.9712241417779259
UBR1	0.1579237154253974
UBR2	0.2542034247730811
UBR3	0.08101185880704875
UBR4	0.13762939218547743
UBR5	0.22424426578838919
UBR5-AS1	1.1264298253093168
UBR7	-0.08095660428269902
UBTD1	0.5337190935759857
UBTD2	-0.1274943790065528
UBTF	-0.571130449260771
UBXN1	-0.16047077866407378
UBXN10	1.5960363401474957
UBXN10-AS1	1.859143334110934
UBXN11	-0.09936539272145417
UBXN2A	0.025270124806588967
UBXN2B	0.009208992646280834
UBXN4	0.16825834106883875
UBXN6	0.22077563847738801
UBXN7	0.038278390211219815
UBXN7-AS1	-0.21647758230506148
UBXN8	0.024425499243415416
UCA1	-0.5960644946593749
UCHL3	0.23577751622973864
UCHL5	-0.05602004542900829
UCK1	-0.21956540549584247
UCK2	-0.21456313791079573
UCKL1	-0.09848696751736696
UCKL1-AS1	0.7435752866587428
UCN	0.00639285940551404
UCN2	0.7629412718440571
UCP2	-0.39973998395561416
UCP3	0.17064514929391272
UEVLD	0.028505918321670265
UFC1	0.2172204158665174
UFD1L	0.14042347683838585
UFL1	0.17275115508450334
UFM1	0.07359325654853954
UFSP1	1.2172120054327098
UFSP2	0.1549729099295476
UGCG	-0.25273966047464214
UGDH	0.46936168869848593
UGDH-AS1	0.3655207284085069
UGGT1	0.09388718253444672
UGGT2	0.30845449966553495
UGP2	0.25351964160761753
UGT2A3	0.6908104414887712
UGT2B11	-0.4939779323502788
UGT2B28	-0.31681963435333776
UGT3A1	0.0
UGT3A2	0.06955955954704107
UGT8	-0.5754880654549641
UHMK1	-0.22175730363356116
UHRF1	-0.2824379168951907
UHRF1BP1	-0.0004884922368120215
UHRF1BP1L	-0.07559287320091457
UHRF2	-0.17994520613205367
UHRF2P1	-0.6663827405266808
UIMC1	-0.13230969161879003
ULBP1	-0.9783451541535211
ULK1	-0.06121203499493255
ULK2	0.0
ULK3	0.11142323363455375
ULK4	-0.28390355205419393
ULK4P1	-0.14444545197649372
ULK4P2	-1.096446925444102
ULK4P3	-0.029764213069373824
UMAD1	-0.17619266853599846
UMODL1	-0.7257419815687198
UMPS	-0.08081710990866497
UNC119	0.13563262594045433
UNC119B	-0.1767889128671012
UNC13A	-0.534411195976706
UNC13B	0.06422772307430868
UNC13C	0.6356002480254456
UNC13D	-0.13272896413428015
UNC45A	0.33087525184728506
UNC45B	0.5400518375497141
UNC50	-0.02550729562179832
UNC5A	0.0
UNC5B	-0.9093446735792887
UNC5C	-0.8278637023460398
UNC5CL	-0.14879910207282254
UNC5D	0.0
UNC79	0.2634228183627849
UNC80	-1.2971018316434324
UNC93B1	0.5282256919346846
UNC93B3	-0.4404155707959591
UNC93B7	0.0
UNC93B8	0.349563106173343
UNG	-0.41454365604647414
UNK	-0.6255730443630867
UNKL	-0.07047351151103776
UNQ6494	0.0
UOX	0.10898532570567987
UPB1	2.4184329498490835
UPF1	-0.08843599515700262
UPF2	0.0063009358429422235
UPF3A	-0.10164344728082675
UPF3AP1	0.18943987721224897
UPF3AP2	-0.20424993387772306
UPF3B	-0.011990953442907681
UPF3BP4	0.33290265055294216
UPK1A	-0.16816271665729213
UPK3A	1.561932729573721
UPK3B	0.19373423455987895
UPP1	1.1193591824141045
UPP2	0.19373423455987895
UPRT	0.23877158970007528
UQCC1	-0.37941658929731936
UQCC2	-0.1010356226787863
UQCC3	0.09166231895697763
UQCR10	0.2615198544531445
UQCR11	0.3809367424168961
UQCRB	0.14176025738056452
UQCRBP1	-0.5960644946593749
UQCRC1	0.28598906349507125
UQCRC2	0.04594502865963257
UQCRFS1	0.18137578629669093
UQCRFS1P1	0.9896759579039762
UQCRH	-0.1276726990161876
UQCRHL	-0.4660835174747937
UQCRHP1	0.04994399348993794
UQCRQ	0.3917811707932941
URB1	0.298725687218937
URB1-AS1	0.9279994959840323
URB2	-0.5534625690823436
URGCP	-0.06694825432679341
URGCP-MRPS24	1.1540889823754226
URI1	-0.09751192408755571
URM1	-0.3841620824509242
UROC1	-1.2349601063957245
UROD	0.2736239221106338
UROS	-0.24290475103001086
USB1	0.2161133218133262
USE1	0.09254734573202228
USF1	0.4190097108866375
USF2	0.006108303028270257
USF3	-0.3081397354580382
USH1G	0.1582827712955675
USH2A	-0.7469115206548255
USHBP1	0.0
USMG5	-0.3629844585803692
USMG5P1	-0.3850145694376545
USO1	0.42903565688348166
USP1	-0.08296855510024947
USP10	0.15537409611608055
USP10P2	0.19373423455987895
USP11	0.5548710879689871
USP12	-0.12864879838751264
USP12-AS2	0.5997620605809248
USP13	-0.1433698787341342
USP14	0.05229935462415902
USP15	-0.11490890240171758
USP16	0.26156487757786984
USP18	1.0088579786200667
USP19	0.1902355845110275
USP2	-3.7373291396256234
USP2-AS1	0.28569707526955135
USP20	0.022677412104698647
USP21	-0.43857450079366167
USP22	0.47963257003778104
USP24	0.47157547563943325
USP25	0.46313986379599825
USP27X	-0.45235736536935
USP27X-AS1	-0.586378514139245
USP28	0.254056819225994
USP3	0.16859249180559388
USP3-AS1	0.13888690449183372
USP30	-0.7926817619624282
USP30-AS1	0.7444992208875023
USP31	-0.040089484071813786
USP32	-0.09222660146220463
USP32P1	0.8619295595745399
USP32P2	-0.03545146326431148
USP32P3	1.4205723018773182
USP32P4	0.19373423455987895
USP33	0.30650095828120705
USP34	0.19351695092099241
USP35	0.13171978331080592
USP36	-0.4988650697020365
USP37	-0.056983485115411625
USP38	0.07774557688753703
USP39	-0.06322034057780357
USP4	0.3135559456995569
USP40	-0.1651878996192444
USP42	-0.09727304513681645
USP43	0.6421622711144996
USP44	-0.5887371050264552
USP45	0.15447791109762754
USP46	0.24895825384612458
USP46-AS1	-0.16515213619504676
USP47	-0.01324346192638437
USP48	0.026600263205970975
USP49	-0.3664951638340952
USP5	-0.26710264186075783
USP50	0.5595950286631
USP51	-0.17673074384240817
USP53	-0.08385224302012872
USP54	0.14828131504066633
USP6	-1.5972817424465449
USP6NL	-0.03031915500045379
USP7	-0.4643205914185433
USP8	0.19021201862069326
USP8P1	-0.4404155707959591
USP9X	0.3059161509089652
USPL1	0.0290241260481352
UST	2.0627989108429823
UST-AS1	0.349563106173343
UTAT33	-0.04757809119719392
UTP11	0.09198328719340765
UTP14A	0.18445586119640112
UTP14C	0.021513430678396617
UTP15	0.15095334282947093
UTP18	-0.3462435266931774
UTP20	-0.3977645372170162
UTP23	-0.050741593763508064
UTP3	0.18802088028382258
UTP4	0.16518452645483706
UTP6	-0.8889882942390894
UTRN	0.14927630106235235
UTS2B	0.9086641691758608
UVRAG	-0.2019678428493208
UVSSA	-0.029172700014397535
UXS1	0.3319381142260518
UXT	-0.14239379787107254
UXT-AS1	0.3311676718953662
VAC14	0.06822687417188078
VAC14-AS1	1.3231592734477653
VAMP1	-0.032170158468119325
VAMP2	0.23827284644903735
VAMP3	0.33429382276608344
VAMP4	-0.1304704398017762
VAMP5	0.10726710306659282
VAMP7	-0.6546327291423425
VAMP8	-0.037302126192237495
VANGL1	0.37022903176439925
VANGL2	-0.6316959056737347
VAPA	0.07290205309135978
VAPB	-0.557744974636492
VARS	0.2593378964372768
VARS2	0.29793652731366294
VASH1	0.27085631506714236
VASH2	-0.4747209515768012
VASP	0.5059544315474032
VAT1	-0.8157402038631592
VAT1L	1.2882760818925665
VAV1	0.26272582341405126
VAV2	-0.21597204437609108
VAV3	-0.16567909605667985
VAV3-AS1	0.6981257569267088
VBP1	0.1645265436431682
VCAN	-1.6383897073006586
VCL	0.5086771571130964
VCP	0.26083082193340346
VCPIP1	0.026614274549498163
VCPKMT	-0.44896113258023895
VDAC1	0.2364574711577081
VDAC1P1	0.6377505816808244
VDAC1P2	0.44186601346556653
VDAC1P3	0.3314522078833348
VDAC1P4	-0.2142171583463834
VDAC1P6	0.07456640552744687
VDAC1P7	-0.2142171583463834
VDAC1P8	0.13592391994804842
VDAC2	0.22528309815258574
VDAC2P2	-0.053562361554319704
VDAC3	0.21361408348624877
VDR	-0.10813580432635383
VEGFA	0.08054614406082727
VEGFB	0.37884358391681694
VENTX	0.19373423455987895
VEPH1	0.22764885511918312
VEZF1	0.02415723942935699
VEZF1P1	0.19373423455987895
VEZT	-0.4144505362152433
VGF	0.5833922937283367
VGLL1	0.0
VGLL3	-0.9547804560091144
VGLL4	-0.20174969092652972
VHL	-0.41764425672304206
VHLL	-0.02048292378650446
VILL	-0.1966447701733447
VIM	-0.21516235976547016
VIM-AS1	-0.037559778567819
VIPAS39	0.1702963702519007
VIPR1	-1.1873270914507845
VKORC1	0.3604891523677072
VKORC1L1	-0.03192357971936488
VLDLR	-0.15675423580984216
VLDLR-AS1	0.2868895070912245
VMA21	-0.23361639066513717
VMAC	-0.30399464145001476
VMO1	-0.3835641267680471
VMP1	-0.10304468682068624
VN1R101P	-0.2142171583463834
VN1R106P	-0.2380019246965167
VN1R107P	-0.2142171583463834
VN1R108P	0.222779706182755
VN1R11P	0.0
VN1R17P	-0.4404155707959591
VN1R2	0.0
VN1R42P	-1.683312748130855
VN1R43P	1.1940063525648694
VN1R5	-0.02048292378650446
VN1R51P	1.2406913318617636
VN1R56P	-0.32100893711582845
VN1R73P	0.0415397370695918
VN1R7P	-0.2142171583463834
VN1R83P	-1.625105857622197
VN1R97P	-0.2142171583463834
VNN1	0.349563106173343
VNN2	-0.5992317277840379
VOPP1	-0.33765515444718197
VPREB3	-0.02703916145482843
VPS11	0.008179055891851306
VPS13A	-0.05656666289191925
VPS13A-AS1	0.8094959336953301
VPS13B	0.0428181109802388
VPS13C	0.06326398273844447
VPS13D	0.08718578688690393
VPS16	0.1553095765346626
VPS18	0.27281831246511423
VPS25	-0.9264988253817208
VPS26A	-0.2979221162191923
VPS26B	-0.2556056866272147
VPS28	0.6780284900003561
VPS29	-0.36675553676640327
VPS33A	-0.12519108798200662
VPS33B	-0.035961857699444266
VPS35	0.08820879982238772
VPS36	-0.10833119221755894
VPS37A	0.21931830716258816
VPS37B	-0.12201980155128744
VPS37C	0.320226765356038
VPS39	0.1629551046346247
VPS41	-0.1369103578101285
VPS45	0.3193455506565872
VPS4A	0.037448389043779784
VPS4B	-0.027876436323454712
VPS50	-0.24163708518956284
VPS51	-0.13574516949751292
VPS52	-0.1494497231052776
VPS53	0.06232460475656332
VPS54	0.3352109807667958
VPS72	0.24705953866511798
VPS8	0.09566321564374825
VPS9D1	0.7634365327542727
VPS9D1-AS1	-0.11110890629871051
VRK1	0.05167889788837243
VRK2	0.18387641386201103
VRK3	-0.199218951719363
VSIG1	0.0
VSIG10	-0.3205962487999754
VSIG10L	0.2324563205386987
VSIG2	0.0
VSIG4	1.8618108291934563
VSIG8	-0.39937952214193684
VSIR	0.5885328386083781
VSNL1	-0.24668133623608016
VSTM1	0.44186601346556653
VSTM2B	0.349563106173343
VSTM4	-0.24966862161069486
VSX1	-0.30037871909077063
VSX2	0.8214779261822723
VTA1	0.04627189728311443
VTCN1	0.0
VTI1A	-0.4638916179907717
VTI1B	-0.11418026423853789
VTI1BP1	-0.2142171583463834
VTRNA1-1	0.8619295595745399
VTRNA1-2	-0.3850145694376545
VWA3A	1.0538794823366544
VWA3B	0.18285083218565834
VWA5A	-1.3106894377544542
VWA5B1	-0.09085246462261609
VWA5B2	-0.2142171583463834
VWA7	0.9773539087726386
VWA8	-0.022213072755763008
VWA8-AS1	-1.2195600266216273
VWC2	-0.4404155707959591
VWC2L	0.0
VWCE	0.30888424877260867
VWDE	-0.4030455431602835
VWF	0.056851444027912035
WAC	0.11787060348120981
WAC-AS1	0.2904664788988516
WAPL	-0.42642044572517257
WARS	0.10911506576772645
WARS2	0.150468132128724
WARS2-IT1	0.9718291903058048
WAS	0.5476660591034186
WASF1	-0.3597288361044626
WASF2	0.09354941932825867
WASF3	-1.3562797503388762
WASF4P	1.0155964244280309
WASH2P	0.13152359345620024
WASH3P	-0.24809286846378154
WASH4P	0.5958913623800863
WASH5P	-0.30569613431090037
WASH7P	-0.22015117370361015
WASHC1	0.266114691144665
WASHC2A	0.017779086556444668
WASHC2C	-0.011675887807983898
WASHC3	-0.5810373090948122
WASHC4	-0.45171270767715654
WASHC5	0.15476475803833445
WASIR2	-0.0535706922135053
WASL	0.019793128715800634
WBP11	-0.4016522989850593
WBP1L	-0.31247740557993
WBP1LP2	0.9851653233996531
WBP2	-0.09929534189785727
WBP2NL	-0.47264850596680186
WBP4	-0.03637412091482162
WBSCR17	0.0
WBSCR22	0.23408919535198613
WBSCR27	-0.7202391696722128
WDCP	-0.08134260139442695
WDFY1	0.08680625253870389
WDFY2	-0.06454809504811543
WDFY3	0.4906962960726542
WDFY3-AS2	-0.7339778464069957
WDFY4	0.26079813122446893
WDHD1	-0.533739421186862
WDPCP	-0.2989145129802795
WDR1	0.45274438077355406
WDR11	-0.4236569806138064
WDR11-AS1	0.25678564700389295
WDR12	0.1925555840420401
WDR13	0.2028287133598221
WDR17	-1.1265724716976138
WDR18	0.06761448301053896
WDR19	-0.38136613072828496
WDR20	0.08090359089403343
WDR24	-0.4686734451099177
WDR25	0.08901624262376107
WDR26	-0.1164661275821608
WDR27	-0.22177178954663646
WDR3	0.006133107580085451
WDR31	0.06860709370657947
WDR33	-0.06565714079288121
WDR34	-0.22666121430817832
WDR35	-0.10870748469719338
WDR36	-0.13439410384933304
WDR37	0.25495014449239584
WDR38	0.1639140763330374
WDR4	-0.010411567844354153
WDR41	0.0663066590110244
WDR43	0.004191641258344703
WDR44	0.13147089323732608
WDR45	0.4316731872941899
WDR45B	-0.2831564985003574
WDR45BP1	0.1353459478269596
WDR46	0.16896936413513153
WDR47	0.1848080170442472
WDR48	0.13345073387795026
WDR49	0.5073480603661277
WDR5	-0.4900845375099969
WDR53	-0.1316980320544321
WDR54	-0.17999558439212393
WDR55	0.5005099890444438
WDR59	-0.16031661692422539
WDR5B	-0.1859600174606193
WDR6	-0.09809707297518067
WDR60	-0.1766412313672152
WDR61	-0.01439998942449705
WDR62	-0.22212764125281304
WDR63	-0.3618969512171711
WDR64	0.31159386920382504
WDR66	0.6640552485533067
WDR7	-0.08294466702994541
WDR70	0.18187179664878883
WDR72	0.19373423455987895
WDR73	-0.425793357293065
WDR74	-0.0646007798242163
WDR75	0.10183532810613727
WDR76	0.041002582528685494
WDR77	0.02654112469801717
WDR78	0.5377134557828818
WDR81	0.3545528226828445
WDR82	-0.0038659945965271447
WDR83	0.13570533588624123
WDR83OS	0.18256867689199652
WDR86	-0.2345884805950697
WDR86-AS1	-0.2142171583463834
WDR87	0.349563106173343
WDR88	-1.1892442939730696
WDR89	-0.10444696977352486
WDR90	-0.7062087073758683
WDR91	-0.08474355342315398
WDR92	0.047754242509205014
WDR93	-1.190249056200672
WDR95P	0.44186601346556653
WDR97	-0.279468056781663
WDSUB1	-0.09384198483540729
WDTC1	0.2568741585252443
WDYHV1	-0.1009500938311021
WEE1	-0.1997924085076459
WEE2	-0.8805998988730642
WEE2-AS1	0.09704788318686886
WFDC11	0.3314522078833348
WFDC2	-0.5310367926997213
WFDC21P	0.349563106173343
WFDC3	0.8327718145342601
WFIKKN1	-0.02048292378650446
WFIKKN2	0.349563106173343
WHAMM	0.13527806270663767
WHAMMP1	-0.6236695742253549
WHAMMP2	1.2499115044912892
WHAMMP3	-0.2594134279513529
WHRN	-1.8900242459572105
WIF1	-0.3850145694376545
WIPF1	0.2404326794342353
WIPF2	-0.7605322688945897
WIPF3	0.0
WIPI1	0.8502898178153302
WIPI2	0.06138956217772318
WISP1	0.0
WIZ	-0.1407031378079786
WLS	-0.3850145694376545
WNK1	-0.316115752994655
WNK2	0.19373423455987895
WNK3	0.5258110275502085
WNK4	-1.7835563917325397
WNT10A	0.9917070655644306
WNT10B	-0.8925575911083472
WNT11	0.9965943132984885
WNT2B	-1.5766508443904335
WNT3	-0.3648135209996539
WNT5B	-0.6494788665369295
WNT6	0.20300144044187363
WNT7A	0.349563106173343
WNT7B	-2.5099286416973197
WNT8B	-0.47479137314696285
WNT9A	0.0
WRAP53	0.004971424255893808
WRAP73	0.13475888423647575
WRB-SH3BGR	0.13820257669958558
WRBP1	1.5362829193140861
WRN	0.17875250724692293
WRNIP1	0.09042329467682109
WSB1	0.20683568305737232
WSB2	0.37873878205207134
WSCD2	0.1353459478269596
WT1	-0.26502123242570086
WT1-AS	-0.15110332285411232
WTAP	-0.038847412944946313
WTH3DI	1.414236676582195
WTIP	-0.3997429127993395
WWC1	0.010623730645431095
WWC2	-0.04772647635343574
WWC2-AS1	-0.16816271665729213
WWC2-AS2	-0.18982989220816804
WWOX	-0.20827017920212754
WWP1	0.29284396306863414
WWP2	0.12659751741287906
WWTR1	0.008794540312658583
XAB2	0.045523137379813505
XAF1	1.6046077176347953
XBP1	0.15028079656700655
XCL1	-0.47264850596680186
XG	0.0
XIAP	-0.058751982834222005
XIAPP3	-0.02048292378650446
XIRP2	0.44186601346556653
XK	1.2320488336297597
XKR3	-0.3083346368744415
XKR4	-0.2142171583463834
XKR5	0.0
XKR7	-0.31120662548681466
XKR8	-1.1580536809739272
XKR9	0.3274553858473226
XKRX	0.3622282407472406
XLOC_008559	-0.4404155707959591
XLOC_009911	1.2415531108763205
XPA	0.15771256976496417
XPC	0.2417042057084
XPNPEP1	-0.17284398372595078
XPNPEP2	-1.0513973099643354
XPNPEP3	-0.2397350432871832
XPO1	-0.01728468160339247
XPO4	-0.10003385946385812
XPO5	0.014481974357607896
XPO6	-0.018971703982636257
XPO7	0.10422779442154173
XPOT	-0.3195185355568082
XPOTP1	0.1353459478269596
XPR1	0.003397594689257488
XRCC1	0.2239235591027935
XRCC2	-0.32167000350414376
XRCC3	-0.01268353892502816
XRCC4	-0.16148717763674547
XRCC5	0.09269214565313355
XRCC6	-0.12651053495889464
XRCC6P1	0.6356002480254456
XRCC6P5	0.2737032968082745
XRN1	0.1538565796061544
XRN2	-0.16253257151370626
XRRA1	-0.011419326474515934
XXYLT1	0.09659543122606351
XYLB	-0.069446238514141
XYLT1	-1.1730701147300628
XYLT2	-0.4638847613142669
YAE1D1	-0.152530046105948
YAF2	-0.1277252121257515
YAP1P1	-0.03044474333383629
YARS	0.0004315311152467416
YARS2	-0.2949073775275224
YBEY	0.28677322805158045
YBX1	0.0930439895147348
YBX1P1	0.5100572778735013
YBX1P10	-0.13160105870584493
YBX1P2	0.13676023437585894
YBX1P4	-0.6165474184458793
YBX1P6	-0.24668133623608016
YBX2	-1.3875245778793681
YBX3	-0.5376910579621992
YDJC	0.06272438847549999
YEATS2	-0.01781835307931523
YEATS4	-0.3342920892966408
YES1	0.3318189632990247
YIF1A	0.33584531658569716
YIF1B	0.3983008498089138
YIPF1	0.10359365081712113
YIPF2	0.335271988267154
YIPF3	0.3341696828823082
YIPF4	0.0671456848964187
YIPF5	0.41099701718188086
YIPF6	0.4947816073757956
YIPF7	0.8451694954736437
YJEFN3	-0.1390849406205792
YKT6	0.0689031309599244
YLPM1	-0.18132686226086925
YME1L1	0.19945994358470465
YOD1	-0.39653279874612934
YPEL1	-0.03239997774796155
YPEL2	-0.37165572188138896
YPEL3	0.4911600398914332
YPEL4	0.19373423455987895
YPEL5	0.9492334701851703
YRDC	0.15851536119269305
YTHDC1	-0.09932068512458869
YTHDC2	-0.008426997797590374
YTHDF1	-0.4033784595216652
YTHDF2	0.10943753490382058
YTHDF2P1	-0.477666899001871
YTHDF3	0.0707309964430145
YTHDF3-AS1	1.9773001250023237
YWHAB	-0.3071850382840484
YWHABP1	-0.3070766580629216
YWHAE	0.18111326235844594
YWHAEP1	0.0
YWHAEP5	-0.24668133623608016
YWHAEP7	0.2960007446190233
YWHAG	0.06307985278918515
YWHAH	0.16343260323915487
YWHAQ	0.12015457904807292
YWHAQP2	0.7366648008091645
YWHAQP3	-0.5960644946593749
YWHAQP6	-0.22451672706111425
YWHAQP7	0.0
YWHAZ	0.2983199228935245
YWHAZP2	-0.24668133623608016
YWHAZP3	0.8172382722681932
YWHAZP4	0.9664615493101816
YWHAZP5	0.05336989369785028
YWHAZP6	0.7914291196389095
YWHAZP9	0.08223215403552009
YY1	-0.0949396977197221
YY1AP1	0.0936686864074403
ZACN	0.08842107682365219
ZADH2	0.06779225231310981
ZAK	0.030620908312123163
ZAP70	0.7914291196389095
ZAR1L	-0.6093406503216436
ZBBX	-0.3850145694376545
ZBED3	-0.29733728052037023
ZBED3-AS1	-0.5718687226087882
ZBED4	-0.1710648938731545
ZBED5	-0.19893937541527862
ZBED5-AS1	0.49835743395706444
ZBED8	0.30969876961130716
ZBTB1	0.22955983136097835
ZBTB10	-0.3180694452024815
ZBTB11	-0.15180529733093628
ZBTB11-AS1	-0.014833604608631923
ZBTB12	-0.18705144889457692
ZBTB14	-0.11875503994274439
ZBTB16	-0.9699140307090639
ZBTB17	0.011741807113363478
ZBTB18	-0.4629697898365901
ZBTB2	-0.03280293617296692
ZBTB20	-0.5918674479865418
ZBTB20-AS3	-0.4404155707959591
ZBTB20-AS4	-0.3850145694376545
ZBTB20-AS5	-0.4404155707959591
ZBTB21	-0.1084101582987369
ZBTB22	-0.25603785856588956
ZBTB24	-0.09752401386642795
ZBTB25	-0.3863786385230288
ZBTB26	-0.7556098620904708
ZBTB3	-0.15102571754258243
ZBTB32	-0.3618969512171711
ZBTB33	0.15187880270998733
ZBTB34	-0.1727107389090765
ZBTB37	-0.3485062930100167
ZBTB38	-0.5237052069284798
ZBTB39	-0.3865213761476127
ZBTB4	0.03470822256379602
ZBTB40	-0.16501549558787332
ZBTB41	-0.2265918481212772
ZBTB42	0.5089376401766419
ZBTB43	-0.28867830969230823
ZBTB44	-0.5142601626030086
ZBTB45	-0.05482733298280085
ZBTB46	1.0350912463647646
ZBTB46-AS1	0.5756346647818089
ZBTB47	-0.18977162549631021
ZBTB48	0.03215558824517295
ZBTB49	-0.2512563222245774
ZBTB5	-0.06640212180533922
ZBTB6	-0.5954979034604246
ZBTB7A	0.16913961763695617
ZBTB7B	0.48441753126651754
ZBTB7C	0.23750278852146378
ZBTB8A	0.2243666920857077
ZBTB8OS	-0.0068021781378515556
ZBTB9	0.03469717085894075
ZC2HC1A	-0.9218669949856633
ZC2HC1B	-0.6012628354444922
ZC2HC1C	-0.3850145694376545
ZC3H10	-0.6788244861939363
ZC3H11A	-0.15722338844667938
ZC3H11B	-0.3707045521569259
ZC3H12A	0.3287755230155067
ZC3H12B	0.6681953250146608
ZC3H12C	-0.8254301402336136
ZC3H12D	-0.5722177571268041
ZC3H13	-0.04155241396439813
ZC3H14	0.2348112789780874
ZC3H15	0.034793847671011235
ZC3H18	0.1035262633969598
ZC3H3	0.30212208154820086
ZC3H4	-0.07650625849556647
ZC3H6	1.5813695655236986
ZC3H7A	-0.1694323209516302
ZC3H7B	0.029925531213258694
ZC3H8	0.12639729321753634
ZC3HAV1	0.08738644694903464
ZC3HC1	0.14588026581219538
ZC4H2	0.3694251541021192
ZCCHC10	-0.05888921475466091
ZCCHC11	-0.15589637412230672
ZCCHC12	1.4743016660590098
ZCCHC14	0.007795721385729593
ZCCHC17	0.09462769758526157
ZCCHC18	0.10235819496772969
ZCCHC2	0.061983351643553064
ZCCHC24	0.46021689126130205
ZCCHC3	0.26096960310060346
ZCCHC4	-0.05565987861995403
ZCCHC6	0.30824601456492395
ZCCHC7	0.04861367608676659
ZCCHC8	-0.5892670314933284
ZCCHC9	0.1241975830616795
ZCRB1	-0.3846956607953551
ZCWPW1	0.2543299578836056
ZCWPW2	0.6220881240634899
ZDBF2	0.784305415245738
ZDHHC1	0.843713073227585
ZDHHC11	-0.20135748204260917
ZDHHC12	-0.2641529300052632
ZDHHC13	-0.25953679197836976
ZDHHC14	0.24831161854029027
ZDHHC15	0.9022107496981142
ZDHHC16	-0.32580620606928257
ZDHHC17	-0.694458981210218
ZDHHC18	0.1977462043984488
ZDHHC19	0.6810153140566778
ZDHHC2	-0.23445661406742602
ZDHHC20	-0.18035632397191392
ZDHHC21	-0.5432387864636343
ZDHHC22	0.0
ZDHHC23	-0.6041733966917633
ZDHHC24	-0.16036700309332996
ZDHHC3	-0.07119862559011558
ZDHHC4	0.0004982310461567607
ZDHHC5	-0.04848398078878802
ZDHHC6	-0.6339404495796988
ZDHHC7	0.10002087049386787
ZDHHC8	0.0
ZDHHC9	0.34299471301247664
ZEB1	0.20558367710017933
ZEB1-AS1	0.5163604012451941
ZEB2	0.20129435251364036
ZEB2-AS1	-0.42901811482429075
ZER1	-0.024216905587598703
ZFAND1	0.013432493914454113
ZFAND2A	0.17314727678459363
ZFAND2B	0.21172355871860482
ZFAND3	0.5018408105597469
ZFAND4	0.22764885511918312
ZFAND5	0.36240463272838497
ZFAND6	0.04960969974566254
ZFAS1	-0.1394805018395111
ZFAT	0.31611099960868216
ZFAT-AS1	0.1376331553938248
ZFC3H1	-0.08871574151149453
ZFHX2	0.7830594804683431
ZFHX3	-0.20080019151685136
ZFHX4	-0.3850145694376545
ZFP1	-0.20855249031561485
ZFP14	-1.8738208080129972
ZFP2	0.44186601346556653
ZFP28	-0.6396228237410935
ZFP30	-3.3181362190786645
ZFP36	0.5759979646495568
ZFP36L1	0.8339181147489088
ZFP36L2	0.11522974357704996
ZFP41	0.468787616960304
ZFP62	-0.15547202088764323
ZFP64	-0.27669734016267533
ZFP69	0.030634295824661706
ZFP69B	-0.34705832551378446
ZFP82	0.349563106173343
ZFP90	0.19373423455987895
ZFP91-CNTF	-0.4162299195791954
ZFP92	0.45737277265907483
ZFPL1	0.24976320522405437
ZFPM1	-0.463390911001615
ZFPM2	-0.2142171583463834
ZFR	0.06504179552168843
ZFX	-0.026743305118722915
ZFX-AS1	0.349563106173343
ZFY-AS1	-0.2142171583463834
ZFYVE1	0.04664603397290623
ZFYVE16	0.4886044772466551
ZFYVE19	0.19237224270581166
ZFYVE21	0.19062224192317956
ZFYVE26	0.08354755557778226
ZFYVE27	-0.19591384251207522
ZFYVE28	0.47262834013586463
ZFYVE9	-0.22092793923825838
ZGLP1	0.06467289755793226
ZGPAT	-0.4242308547235929
ZGRF1	-0.18346903117921265
ZHX1	0.44186601346556653
ZHX1-C8orf76	-0.008709484161182779
ZHX2	0.2896246170555994
ZHX3	-0.6073181444418587
ZIC2	-0.3850145694376545
ZIC5	0.44186601346556653
ZIK1	-0.7469115206548255
ZIM2-AS1	-0.02048292378650446
ZKSCAN1	-0.012840027516473285
ZKSCAN2	0.21902354520777756
ZKSCAN3	0.14326368031841774
ZKSCAN4	0.034001343481984136
ZKSCAN5	-0.1399969598061439
ZKSCAN7	-0.8023125220131302
ZKSCAN8	-0.0920589545829813
ZMAT1	1.4476626167004802
ZMAT2	-0.16450095095759565
ZMAT3	-0.2978414624142349
ZMAT4	0.0
ZMAT5	0.26960150910119296
ZMIZ1	-0.4218978120950059
ZMIZ1-AS1	-0.6463131423819117
ZMIZ2	-0.18542405063503864
ZMPSTE24	-0.07414085464325026
ZMYM1	0.021758659251071677
ZMYM2	0.09062985129480161
ZMYM3	-0.03176777235375816
ZMYM4	0.22639036229390186
ZMYM5	0.10337193980533144
ZMYM6	0.09472247155793845
ZMYND10	0.3288476085671519
ZMYND11	0.20341769238366858
ZMYND12	0.8039199225192126
ZMYND19	-0.4822871197369878
ZMYND8	0.027044311619608408
ZNF10	-1.1334906830540188
ZNF101	-0.7239051896192468
ZNF101P2	-0.8042648178764952
ZNF106	0.1557562249687976
ZNF107	-0.4647228560764667
ZNF114	0.4962945008492534
ZNF12	-0.10370679258594606
ZNF121	-0.8070105992362908
ZNF124	-0.4075511291306313
ZNF131	0.05681164990498999
ZNF132	-0.8254301402336136
ZNF133	-0.4380065253660428
ZNF134	-0.683982075647176
ZNF136	-0.5120768830776274
ZNF138	-0.4676432702854143
ZNF140	-0.3407349877455417
ZNF142	0.011552211103541765
ZNF143	0.03696709714289703
ZNF146	-0.18830368112060825
ZNF148	-0.1426212540015257
ZNF154	0.349563106173343
ZNF155	0.2801161422918783
ZNF157	-0.3618969512171711
ZNF16	0.05997920772147314
ZNF165	0.4769512344038027
ZNF169	-0.03471369208258501
ZNF17	-0.44830761371184114
ZNF174	-0.3102519769739942
ZNF175	-0.20550672448570495
ZNF18	-0.15944466131607093
ZNF180	-0.1996574526726782
ZNF181	-0.6576187102522137
ZNF182	-0.014902454266906062
ZNF184	0.171438491613209
ZNF185	0.5563614805567267
ZNF189	-0.07622866510607906
ZNF19	-0.6368146726149151
ZNF192P1	-0.011746451581824857
ZNF192P2	-0.3850145694376545
ZNF195	-0.1882082569782888
ZNF197	-0.04516190334947012
ZNF197-AS1	0.21602379994685084
ZNF2	-0.18366919297244255
ZNF200	-0.45956906821292876
ZNF202	-0.271227631057986
ZNF204P	0.136796390496567
ZNF205-AS1	-0.5539033160168525
ZNF207	-0.356721829270386
ZNF211	-0.4721993689947066
ZNF212	-0.2042066105024034
ZNF213	0.18518517606532914
ZNF213-AS1	-0.10180072131856654
ZNF215	0.11728823842052627
ZNF217	-0.05442790926933405
ZNF219	0.21340837614763863
ZNF22	0.1360397381915881
ZNF221	-1.4887735679338714
ZNF222	-0.8102816530057583
ZNF223	0.6681953250146608
ZNF224	-0.26639520308565423
ZNF225	-0.1552071839662723
ZNF226	-0.17103589416088738
ZNF227	0.2435860182584264
ZNF229	-1.960499006595762
ZNF23	0.1617127348104077
ZNF230	-0.5022681074920863
ZNF232	-0.3850145694376545
ZNF233	-1.586227255513307
ZNF234	-1.294221745201035
ZNF235	-0.15326857077927603
ZNF236	-0.03125004872866022
ZNF24	-0.2328960458971192
ZNF248	-0.18820887444019974
ZNF25	-0.4838788279611155
ZNF250	0.102150442582424
ZNF251	0.2606129951103977
ZNF252P	-0.06926150327472236
ZNF252P-AS1	0.6352365088531131
ZNF253	-0.6324009831006714
ZNF254	-0.23039500559671744
ZNF26	-0.8243536316481563
ZNF260	-8.010616062284772
ZNF263	-0.738914138340613
ZNF264	-4.234433838774849
ZNF266	0.5727704590065379
ZNF267	-0.0062112767614550535
ZNF268	-0.9956179848633706
ZNF271P	-0.007987612516936693
ZNF273	-1.0847815306659871
ZNF274	-0.027295781344347958
ZNF275	0.2340718223573024
ZNF276	-0.1381908431871146
ZNF277	-0.4098099765479244
ZNF28	-0.3850145694376545
ZNF280A	0.0
ZNF280B	0.06852478587066901
ZNF280C	0.236100629339413
ZNF280D	0.3928836667490909
ZNF281	-0.42687691923405424
ZNF282	0.23165841991148284
ZNF283	-0.8978403092830742
ZNF284	-2.382595077787467
ZNF285	-1.4511448166949508
ZNF285B	0.1353459478269596
ZNF286A	0.15083875984283956
ZNF286B	-0.19128033487777554
ZNF287	0.0
ZNF292	0.07125125457009496
ZNF295-AS1	0.7656733978789012
ZNF296	0.28250225123437733
ZNF3	-0.016083080379038606
ZNF30	-0.23119404177250402
ZNF30-AS1	0.8004267306866548
ZNF300	0.0
ZNF300P1	-0.8096084930733384
ZNF302	-0.9479625437723402
ZNF304	-6.478467238965645
ZNF311	-0.19719047232465403
ZNF316	-0.04418451776639998
ZNF317	-0.07475713058798306
ZNF318	0.2857955344387584
ZNF319	0.6763658366158065
ZNF32	-5.151477779190752
ZNF32-AS3	-0.6440297507175625
ZNF320	-1.5971426411719258
ZNF322	-0.3850145694376545
ZNF324	-0.07752279668157236
ZNF324B	-0.5375091392822329
ZNF326	-0.16816600795110936
ZNF329	0.30936458420939417
ZNF330	-0.017912560435105362
ZNF331	-3.7520633044259517
ZNF333	-0.0690457121585979
ZNF335	-0.17069223453352578
ZNF337	-0.6646580041140453
ZNF337-AS1	-0.30383935375437154
ZNF33A	0.0830202160010245
ZNF33B	-0.07351043140298863
ZNF34	-0.21874517526705972
ZNF341	-0.1347265892174514
ZNF341-AS1	0.5042160736065457
ZNF343	-0.15093677322908228
ZNF345	-6.016177451931966
ZNF346	-0.16600040210753342
ZNF347	-1.039647298579997
ZNF35	0.09229278510269268
ZNF350	-2.5503969613585826
ZNF350-AS1	-0.7469115206548255
ZNF354A	0.0
ZNF358	0.09929863711606757
ZNF362	0.10355497107600975
ZNF365	-0.5714661660588525
ZNF367	-0.17324923139409876
ZNF37A	0.06886689006092084
ZNF37BP	-0.29067432291911643
ZNF37CP	0.18794410088169283
ZNF382	0.5806405862629678
ZNF383	-0.09811185410832834
ZNF384	-0.20233177982105133
ZNF385A	-0.6553270563129407
ZNF385B	-1.1112303442381095
ZNF385C	-1.292819802057653
ZNF385D	0.349563106173343
ZNF385D-AS1	0.0
ZNF391	-0.21799208804796066
ZNF394	0.0673524198963964
ZNF395	0.3159968078063464
ZNF396	0.2439124525614229
ZNF397	-0.698925936681329
ZNF398	0.021386184090511406
ZNF404	-2.2493613320324415
ZNF407	0.032891335531916255
ZNF408	0.19607287659383132
ZNF41	0.14637600044035892
ZNF410	0.2545923949512918
ZNF414	0.37802056335369016
ZNF416	-0.3141053616142102
ZNF417	-2.534360565668205
ZNF419	-0.5713050697278481
ZNF420	-0.34838911489457125
ZNF423	0.4628121640975952
ZNF425	1.2482068542082025
ZNF426	0.46555346023360533
ZNF428	0.06862336188794416
ZNF429	0.4250136079845115
ZNF430	-5.000126671844753
ZNF431	-5.9996648022163654
ZNF432	-0.2142171583463834
ZNF436	0.28616469436839687
ZNF436-AS1	0.014277074569176484
ZNF438	0.6708164165146808
ZNF440	0.0
ZNF441	0.19373423455987895
ZNF443	-0.4580024892890924
ZNF444	-0.06282279007778158
ZNF445	-0.2600243216007385
ZNF446	-0.2532496677921303
ZNF449	-0.08818042560162986
ZNF45	-0.23372478147562425
ZNF451	0.12624128761964215
ZNF454	0.5498410520988639
ZNF460	-0.6632718884162045
ZNF461	-0.7722737528487738
ZNF462	0.5892427864474694
ZNF467	-1.508826929166962
ZNF468	-0.2142171583463834
ZNF469	1.7809137615014008
ZNF470	-4.2647577932484895
ZNF471	0.43532732833449517
ZNF473	-0.05665430002660088
ZNF474	-0.45182997347103027
ZNF48	-0.0918238199649597
ZNF480	-0.01528223158884856
ZNF483	0.38063659496590707
ZNF484	0.16119477121554127
ZNF485	-0.9794957174278771
ZNF487	0.8240798608271804
ZNF488	-0.5342534119870157
ZNF490	-0.19697653809671145
ZNF491	0.0
ZNF492	-0.3850145694376545
ZNF493	1.1014958429980415
ZNF496	-0.6263897882890994
ZNF497	-0.2198688993978557
ZNF500	-0.5435205506944847
ZNF502	0.3314522078833348
ZNF503	0.5578766810754203
ZNF503-AS2	0.3707445824049467
ZNF506	0.19373423455987895
ZNF507	-0.17405129172223965
ZNF510	-0.18455968872311956
ZNF511	-0.5597775197529753
ZNF512	-0.07157255529432938
ZNF512B	-0.9952214735834382
ZNF513	0.4767354314859409
ZNF514	0.37730700154154473
ZNF516	-0.08168329232821492
ZNF517	0.017905023267839937
ZNF518A	-0.5404028986300027
ZNF519	-0.2525120644492791
ZNF521	0.19373423455987895
ZNF524	0.41262359312122143
ZNF525	-0.3850145694376545
ZNF526	0.16169820747257369
ZNF527	-0.658273900026539
ZNF528	-0.3618969512171711
ZNF529	-0.5671075927038576
ZNF529-AS1	-0.36319356415286563
ZNF530	-5.696879301583141
ZNF536	-0.2142171583463834
ZNF540	-3.3625182103664555
ZNF541	0.19373423455987895
ZNF542P	0.3314522078833348
ZNF543	-0.2308121097583946
ZNF544	0.5869358411239212
ZNF546	-0.6478322299023782
ZNF547	-0.22441144666896573
ZNF548	-0.227304357149956
ZNF549	-1.9656223348719433
ZNF550	-0.39963801716381475
ZNF551	-2.729114930255882
ZNF552	0.10032411580072065
ZNF554	0.5957773763290959
ZNF555	-0.04939067568517397
ZNF556	-0.3618969512171711
ZNF557	-0.17726317473946374
ZNF558	-0.8290775118006817
ZNF559	-0.6663827405266808
ZNF559-ZNF177	-3.8985059463685694
ZNF56	-0.5033990347675918
ZNF561	-0.4764304285150125
ZNF561-AS1	-0.10098192030340414
ZNF562	-0.04643054894099663
ZNF564	-0.14648616018447225
ZNF565	-0.14020890081200932
ZNF566	-0.3553094890680839
ZNF567	-0.2520367235099421
ZNF568	-2.0339105016313446
ZNF569	-2.7825507484646113
ZNF570	-1.039647298579997
ZNF571	-2.4650857640345176
ZNF573	-0.028031430481862962
ZNF574	0.20147302175667825
ZNF575	-0.518532538113023
ZNF576	-0.033806951893842196
ZNF577	-6.950874520072394
ZNF579	0.05741082702103917
ZNF580	0.04833929939213366
ZNF581	-0.23625007417909671
ZNF582	-4.639936494240274
ZNF582-AS1	-3.0611324676759426
ZNF583	-2.0808891392109716
ZNF584	0.19435192670823298
ZNF585B	-0.9051749252375558
ZNF586	-1.553228850206426
ZNF587	-0.2665180573847419
ZNF587B	-0.3663756182450939
ZNF589	-0.3296597866434148
ZNF592	-0.09020181734594779
ZNF593	0.3549029653506466
ZNF594	0.0
ZNF595	-1.1636702928945981
ZNF596	0.4557462457347672
ZNF597	-0.9593383426583193
ZNF598	-0.43566135650541327
ZNF599	-1.2717590948460682
ZNF601P	0.19373423455987895
ZNF603P	0.43436287522863326
ZNF605	-0.7487087674647146
ZNF607	1.2353755180979342
ZNF608	0.349563106173343
ZNF609	0.10051697750056121
ZNF610	-1.0940966552411018
ZNF613	-0.7670369069997403
ZNF614	-5.651144821707484
ZNF615	0.0
ZNF616	-0.11305938236246682
ZNF618	0.6551713978000091
ZNF619	-0.3046343465505448
ZNF620	-0.43741697266173407
ZNF621	-0.043997844689840804
ZNF622	0.27891134141574625
ZNF623	-0.3583414546468795
ZNF624	-0.07744671716622697
ZNF627	0.028113527308885722
ZNF628	0.12283323239028832
ZNF629	-0.1012584168521613
ZNF638	-0.03919662566664428
ZNF639	-0.049657283577525746
ZNF641	-0.35199914901453333
ZNF644	0.13105805421928451
ZNF646	0.10518313383234101
ZNF648	0.5039013680401249
ZNF649	-7.150152057131163
ZNF649-AS1	-1.9816059767620129
ZNF652	-0.8212534471495925
ZNF653	0.26189506187629874
ZNF654	-0.022119957280244407
ZNF655	-0.04475221483417613
ZNF658	-0.2891297174261034
ZNF658B	-0.327708308616935
ZNF664-RFLNA	0.2662108058703234
ZNF667	0.6960482535551851
ZNF667-AS1	0.8873730468941696
ZNF668	0.46451037309532683
ZNF669	-4.536807607918163
ZNF670-ZNF695	-0.48257387693021103
ZNF671	0.0
ZNF672	0.06534257865023996
ZNF674	-0.21268655840112416
ZNF674-AS1	0.44465500034781336
ZNF675	-0.667770628901323
ZNF678	-0.7740723916895025
ZNF680	-0.7096491012380124
ZNF684	-0.15338323376461727
ZNF687	0.3142172179227707
ZNF688	0.8044564885870775
ZNF689	0.18960805696506355
ZNF69	-0.2142171583463834
ZNF691	-0.05298689783034405
ZNF692	-0.5935721138564674
ZNF696	-0.009118697964424882
ZNF697	0.41925901188474324
ZNF699	-1.4313760015765018
ZNF7	0.07664708200145931
ZNF70	-0.1070535408492459
ZNF700	-0.3400384877359439
ZNF704	0.5937310036377044
ZNF705A	0.543297340733222
ZNF705B	0.0
ZNF705E	-1.2033986710410884
ZNF706	0.0988764231510526
ZNF707	-0.1927867584214651
ZNF708	-1.7279299763149272
ZNF709	-1.460814779821749
ZNF71	-0.2098348082800685
ZNF710	0.4030466677431308
ZNF711	-0.3850145694376545
ZNF713	-0.3321353971584786
ZNF714	-6.032056766913224
ZNF718	0.0
ZNF720	0.17140872052961065
ZNF721	-0.29603628610120225
ZNF723P	0.7914291196389095
ZNF731P	-0.6787449486015706
ZNF736	-6.463918522894429
ZNF737	0.19373423455987895
ZNF738	-0.2142171583463834
ZNF74	-0.03190625226614863
ZNF740	-0.30882795446889766
ZNF746	-0.019544205770049672
ZNF747	-0.23013254673949213
ZNF749	-0.3800426598453779
ZNF75A	-0.8132185396181484
ZNF75D	0.08472206773056357
ZNF76	0.861393838289569
ZNF761	-0.3850145694376545
ZNF763	-0.19241320795886008
ZNF764	-0.10021721571382614
ZNF765	-3.4653167850105238
ZNF766	-0.35264667472848465
ZNF767P	-0.2947367192938337
ZNF768	0.1564044377130962
ZNF77	1.391349353000915
ZNF770	-0.1697227909655794
ZNF771	0.3302251941823977
ZNF772	-4.860488839974821
ZNF773	-0.5627886536372211
ZNF774	-1.2921806897076311
ZNF775	-0.040024697341896065
ZNF776	-6.343638495576358
ZNF777	0.07025453937814774
ZNF778	0.25151890612169403
ZNF780A	-0.3031995193006516
ZNF780B	-0.4960275976059183
ZNF781	0.0
ZNF782	-0.1833577770949555
ZNF783	-0.15103750511197056
ZNF784	-0.4490865819169443
ZNF786	-0.07361827123108
ZNF787	0.20697665812298638
ZNF788	-0.02048292378650446
ZNF789	0.21285126505241614
ZNF79	-0.494631196428017
ZNF790	-5.770194238032751
ZNF790-AS1	-1.1008755362606997
ZNF791	-0.24146839200022185
ZNF792	-1.0146577805354609
ZNF793	-0.6546327291423425
ZNF799	-0.4145157583731729
ZNF8-ERVK3-1	0.17695467665425113
ZNF80	0.349563106173343
ZNF800	-0.034037551711529446
ZNF804A	0.20465384922106722
ZNF804B	-0.4939779323502788
ZNF805	-0.5200772560763944
ZNF81	-0.23227476296560745
ZNF813	-0.4404155707959591
ZNF814	-2.616295133325067
ZNF815P	-0.41126663445529843
ZNF821	-0.30299223827199206
ZNF823	-1.8955545533268996
ZNF827	-0.058190321151400326
ZNF83	-2.091725574577918
ZNF830	-0.9269718381169714
ZNF831	-1.3875245778793681
ZNF836	-0.02048292378650446
ZNF837	0.20057238241403308
ZNF839	-0.038327156845785026
ZNF84	-0.4021215496517119
ZNF841	-0.2142171583463834
ZNF843	0.24178881689099674
ZNF844	-1.1305017505183028
ZNF846	-0.0948582607585049
ZNF850	-5.96195785498277
ZNF852	0.021453257276665028
ZNF853	-0.2393915133394715
ZNF860	0.44186601346556653
ZNF862	0.7565254331334881
ZNF865	0.7779574538604903
ZNF879	-0.3850145694376545
ZNF880	-1.7635609460766921
ZNF890P	0.27294093393988206
ZNF891	-0.9644730478184629
ZNF91	0.5498410520988639
ZNF92	-0.17410881047931248
ZNF93	-0.3850145694376545
ZNF968P	0.3356238937524805
ZNF969P	0.349563106173343
ZNF98	-0.47264850596680186
ZNF99	-0.2142171583463834
ZNFX1	-0.21270880627705324
ZNHIT1	0.1683373863731461
ZNHIT2	0.4975110259163653
ZNHIT3	-0.9385467831730363
ZNHIT6	0.0792131578361861
ZNRD1	0.001828366219278621
ZNRD1ASP	-0.046013231784304054
ZNRF1	-0.2984192173591804
ZNRF2	-0.18146017562303562
ZNRF2P1	1.0369452650662934
ZNRF2P2	0.349563106173343
ZNRF3	-0.05161459363701759
ZP3	0.4922346530464763
ZPBP	-0.3618969512171711
ZPR1	0.23403667241049675
ZRANB1	-0.2616362474257343
ZRANB2	0.11454579738649784
ZRANB2-AS1	0.776011731786586
ZRANB2-AS2	-0.20290947181091257
ZRANB3	-0.40532408202134995
ZRSR2	0.10081672627731209
ZSCAN12	-0.12166836751909038
ZSCAN12P1	0.10242922773254648
ZSCAN16	-0.4122776782726332
ZSCAN16-AS1	0.8489496576890856
ZSCAN2	-0.016746612268361716
ZSCAN20	-0.21067878215411895
ZSCAN21	-0.12051659061306186
ZSCAN22	-0.08990048420741736
ZSCAN23	-0.6238258772351708
ZSCAN25	-0.288643701986258
ZSCAN26	-0.058683751708123566
ZSCAN29	-0.003328392763268795
ZSCAN30	-0.03152622371080405
ZSCAN31	0.6337483554386347
ZSCAN32	-0.553186232543375
ZSCAN5A	-0.266144544227636
ZSCAN5B	1.335271426650476
ZSCAN9	0.28627555226390733
ZSWIM1	-0.03447992691816992
ZSWIM3	-0.00394536729442585
ZSWIM4	0.21835686700654744
ZSWIM5	1.44723227096714
ZSWIM6	0.08863086763794836
ZSWIM7	0.6283098400062146
ZSWIM8	0.2148889757092558
ZSWIM8-AS1	-0.07238337913186399
ZUFSP	-0.1983512568399668
ZW10	0.02789890096967973
ZWILCH	0.044893069532371044
ZWINT	-0.39540215830671954
ZXDB	0.05260077179378797
ZXDC	-0.20638775174264268
ZYG11A	-0.3850145694376545
ZYG11B	-0.15057896651553904
ZYX	0.8475542736724719
ZZEF1	0.23535196047029316
ZZZ3	0.15156075521894508
bA395L14.12	0.9086641691758608
