gene	value
A1BG	14.160086620000001
A1BG-AS1	-0.703332679999999
A1CF	-153.14637885000002
A2M	-2035.2350974845003
A2M-AS1	21.035428489999997
A2ML1	0.18743297050000063
A4GALT	-1.1635611000000026
A4GNT	-0.05608303900000067
AA06	0.8412688100000008
AAAS	7.471637099999981
AACS	-17.609852399999994
AACSP1	0.0405382620000001
AADAC	1.27794675
AADACL2	-0.444792407
AADACP1	-0.9737334820000001
AADAT	2.6790025799999952
AAGAB	-15.836970743333339
AAK1	-40.937893036285715
AAMDC	0.07765065066666921
AAMP	-113.79119700000001
AANAT	1.4692324699999997
AAR2	-43.93463919999999
AARS1	-388.76400949999993
AARS2	3.5326818049999957
AASDH	0.48044572999999957
AASDHPPT	-166.5137625173333
AASS	-12.484510240000002
AATBC	-1.3512770029999999
AATF	-74.92844059999999
ABAT	3.3809418633333337
ABCA1	124.58498097600003
ABCA11P	35.10247015
ABCA12	-0.1029345880000001
ABCA13	-0.019995221666666563
ABCA17P	2.49911449
ABCA2	3.7424228533333377
ABCA3	-18.09061917999999
ABCA4	-3.0311625394999986
ABCA5	7.076153268000006
ABCA6	0.18784671600000014
ABCA7	28.37129701
ABCA8	0.3972636446666682
ABCA9	0.12717298566666635
ABCB1	-0.28511848450000077
ABCB10	-21.26142679999998
ABCB11	0.5322821759999998
ABCB4	-0.23489053699999918
ABCB5	-1.0525645262500003
ABCB6	-1.1748790350000036
ABCB7	176.50849010000002
ABCB8	-3.2818132250000005
ABCB9	11.397339430000006
ABCC1	113.49466589500003
ABCC10	20.209175990000006
ABCC11	-2.1859543585
ABCC12	0.4144658159999999
ABCC13	0.10767293850000037
ABCC2	127.3754356
ABCC3	1.595608760000001
ABCC4	-26.15519770075001
ABCC5	3.43239111333331
ABCC6	22.47249722
ABCC6P1	16.59094416
ABCC6P2	124.30229370000004
ABCC8	-0.46913638500000054
ABCC9	0.06240973279999995
ABCD1	9.675525190000002
ABCD2	-0.31024012
ABCD3	164.99256835000006
ABCD4	13.646224255000007
ABCE1	-191.09812745
ABCF1	47.6304452
ABCF2	-39.60095861999999
ABCF3	20.824099200000006
ABCG1	0.45080924549999946
ABCG2	-134.8882531
ABCG4	3.2188390599999988
ABCG5	1.5633453500000005
ABCG8	2.752868679999999
ABHD1	-0.9222437296666683
ABHD10	-21.335722799999985
ABHD11	11.515169453333336
ABHD12	35.85311491
ABHD12B	0.10408393550000028
ABHD13	-29.861753035
ABHD14B	28.868223400000005
ABHD15	16.91572248
ABHD16A	-10.093693119999983
ABHD16B	-0.46314064000000066
ABHD17A	137.37108829999997
ABHD17B	-11.172598306666671
ABHD17C	229.61280119999998
ABHD18	7.479539773333336
ABHD2	139.5382970245
ABHD3	364.4231915
ABHD4	-23.71828445
ABHD5	-0.2643450977499988
ABHD6	14.8381771715
ABHD8	20.314183040000003
ABI1	-5.516781032333341
ABI2	-26.209172029750007
ABI3	2.9792000200000004
ABI3BP	0.3168944269999998
ABITRAM	-93.71666100000002
ABL1	2.7694672000000082
ABL2	-26.933541309999995
ABLIM1	103.98264069999999
ABLIM2	-0.23946275739999834
ABLIM3	10.59054648
ABO	-1.0945269540000009
ABR	78.71059246499999
ABRA	0.06953156149999984
ABRACL	517.6439081000001
ABRAXAS1	-6.025012155000006
ABRAXAS2	-42.03347355
ABT1	23.473420799999985
ABTB1	1.8133508548000012
ABTB2	9.859552425000004
ABTB3	-0.4647547205000002
ACAA1	0.9322120499999755
ACAA2	25.011571520000018
ACACA	-8.767670284999994
ACACB	11.526107440333337
ACAD10	0.8429878235000032
ACAD8	0.3553512000000012
ACAD9	-9.083592780000004
ACADL	-32.5302500215
ACADM	-367.99507300000005
ACADS	16.215789339999994
ACADSB	-4.449173790000003
ACADVL	85.0784696
ACAN	-1.36456633325
ACAP1	-1.706211009999997
ACAP2	-29.61790282933334
ACAP3	12.875574025000006
ACAT1	-135.01232247333326
ACAT2	61.572788
ACBD3	16.050585150000018
ACBD4	19.3224662
ACBD5	131.90375331500002
ACBD6	-205.80477640000004
ACCS	-5.2022048299999994
ACD	11.816386499999993
ACE	-2.378204483500001
ACE2	-1.2625304075
ACER1	0.44400565000000114
ACER3	-7.28952089500001
ACHE	-2.5770692466666656
ACIN1	8.099999999999994
ACKR1	-0.4213203244999999
ACKR2	-1.0604932096666655
ACKR3	0.009008495333334032
ACKR4	-0.04123425100000011
ACKR5	-1.0587318670000005
ACLY	36.203033033333384
ACMSD	-6.974041299
ACO1	-38.969105278
ACO2	-43.32219136000002
ACOD1	-0.3997891280000001
ACOT1	199.40781350000003
ACOT11	3.7588210342500012
ACOT12	-1.7148035179999992
ACOT13	275.4128042
ACOT4	-0.7336671289999996
ACOT6	-0.1957084060000005
ACOT7	-45.78693474000002
ACOT8	16.239080485000002
ACOT9	175.73044490000007
ACOX1	114.52125227300002
ACOX2	24.6514601
ACOX3	0.7084662700000024
ACOXL	-1.467692232
ACP1	-101.27323370474994
ACP2	-44.906703599999986
ACP3	0.08831598100000093
ACP4	-0.8918895400000011
ACP5	12.262161149999997
ACP6	-4.088937660499994
ACR	0.16833019999999976
ACRBP	2.2183497400000007
ACRV1	0.30850652800000056
ACSBG1	0.07902904450000037
ACSBG2	-1.6894792370000005
ACSF2	55.41417292
ACSF3	-3.9020008499999967
ACSL1	-2.780094765000001
ACSL3	2.5519885500000328
ACSL4	-5.144939375666674
ACSL5	64.622577017
ACSL6	-0.5506676578000009
ACSM1	0.6756697410000001
ACSM2A	0.24781445900000065
ACSM2B	-0.8445674499999996
ACSM3	0.8569681350000007
ACSM5	1.1071840230000003
ACSS1	1.4881323454000004
ACSS2	13.066247099999998
ACSS3	-40.341490609999994
ACTA1	-0.8654368000000003
ACTA2	1.6153756743333334
ACTA2-AS1	-0.21892057699999956
ACTB	1829.7278082499988
ACTC1	-1.5614949800000026
ACTG1P17	-0.1465950283333335
ACTG1P25	6.0874760299999995
ACTG1P4	14.541910778499997
ACTG2	-0.6473790649999991
ACTL10	1.5586466299999984
ACTL6A	47.763143799999995
ACTL6B	-5.455221960999998
ACTL7A	-2.1157061299999995
ACTL7B	0.01850750000000012
ACTL8	-8.96193941
ACTL9	-0.9017301029999993
ACTMAP	-16.8824872
ACTN1	465.47932124249996
ACTN2	0.37361803799999826
ACTN3	2.41123449
ACTN4	78.6562907
ACTR10	73.02180900000008
ACTR1A	81.07399909999995
ACTR1B	-14.968312000000026
ACTR2	127.0919030928572
ACTR3	217.87447740800008
ACTR3-AS1	-0.25502647899999964
ACTR3B	-8.537498040000003
ACTR3BP2	3.3389033030000004
ACTR3BP5	-2.0026585034999993
ACTR3C	1.9435680800000004
ACTR5	4.262729280000002
ACTR6	2.7225619259999974
ACTR8	-14.863117474999996
ACTRT2	-0.5523620650000005
ACTRT3	15.859253359999997
ACVR1	51.442222300000026
ACVR1B	12.898698735000004
ACVR1C	-0.7578669490000003
ACVR2A	-17.785198754999996
ACVR2B	-0.42230369166667003
ACVR2B-AS1	-1.5742683799999995
ACVRL1	0.15658366749999963
ACY1	2.476418737333333
ACY3	0.04937118999999868
ACYP1	121.33445715
ACYP2	31.081730379999996
ADA	210.83520449999997
ADA2	2.1603736599999994
ADAD1	0.30076754949999973
ADAD2	-3.9703908400000003
ADAD2-AS1	2.0998010600000043
ADAM10	176.5625898166665
ADAM11	-0.9358807049999989
ADAM12	-0.8607309475999996
ADAM15	-2.69955135499999
ADAM17	-16.992553906666643
ADAM18	1.1346949989999988
ADAM19	10.866817815000001
ADAM2	0.47385068900000027
ADAM20	0.8777330120000002
ADAM21	-0.5660789344999992
ADAM22	0.9616037345000024
ADAM23	0.6005752100000006
ADAM28	0.8106518562500007
ADAM30	0.48069447850000024
ADAM32	0.21643730100000003
ADAM33	15.915355215499993
ADAM3A	-0.2482697199999997
ADAM5	-0.35661487199999975
ADAM6	-1.1614244550000006
ADAM7	0.08263152666666684
ADAM7-AS2	-0.11753364800000021
ADAM8	-4.438418205999998
ADAM9	-50.71470461600006
ADAMDEC1	0.4369946449999995
ADAMTS1	-0.5739879424999996
ADAMTS10	-3.3033343650000013
ADAMTS12	0.7012757475000004
ADAMTS13	0.005975190000000907
ADAMTS14	1.4673495800000005
ADAMTS15	-0.10430000549999985
ADAMTS16	-1.126934589000001
ADAMTS16-DT	-0.4037730279999998
ADAMTS17	-0.2347776589999997
ADAMTS18	0.07018173049999987
ADAMTS19	-0.45009959099999985
ADAMTS2	-1.5421156309999997
ADAMTS20	0.2343660445000002
ADAMTS3	-0.08833043299999987
ADAMTS4	-5.18925965
ADAMTS5	0.10151364875000013
ADAMTS6	5.0795429473333344
ADAMTS7	-0.706916503333332
ADAMTS8	1.0958968329999994
ADAMTS9	-1.3437930280000003
ADAMTS9-AS1	-0.7115661904999993
ADAMTS9-AS2	-0.11041785619999978
ADAMTSL1	-0.30245166816666735
ADAMTSL2	-3.606293469999999
ADAMTSL3	1.2217195484999994
ADAMTSL4	7.766710785000001
ADAMTSL4-AS2	-1.9390876969999997
ADAMTSL5	4.834995110000001
ADAP1	-3.532165649999996
ADAP2	11.11863083
ADAR	-156.46705429999997
ADARB1	-2.3216818016000005
ADARB2	-1.3446472150000002
ADARB2-AS1	-2.0553558999999986
ADAT1	-5.029955980000011
ADAT2	-18.106792604999995
ADAT3	3.155562936666662
ADCK1	-29.40721388
ADCK2	-3.94689813075
ADCK5	2.1876833999999974
ADCY1	-1.3861360119999997
ADCY10	0.6513874944999989
ADCY10P1	6.218365797000001
ADCY2	-0.9620693959999986
ADCY3	1.0525413200000031
ADCY4	-2.0169499900000005
ADCY5	0.19916463050000033
ADCY6	43.61640019999999
ADCY6-DT	15.01922257
ADCY7	-2.808272405500002
ADCY8	0.7629545220000002
ADCY9	-33.65361260666667
ADCYAP1	0.03217037550000157
ADCYAP1R1	-1.3488585574999998
ADD1	29.840993775
ADD2	0.3896068100000001
ADD3	390.4910844
ADD3-AS1	2.0716840549999995
ADGB	0.06240818700000039
ADGB-DT	-0.5384797150000011
ADGRA1	1.6913415499999989
ADGRA2	-1.2394538955000005
ADGRA3	10.816550284333339
ADGRB1	-8.823692039999997
ADGRB2	1.1663118099999998
ADGRB3	0.071064915
ADGRD1	0.9104912070000015
ADGRD2	-1.4951577500000006
ADGRE1	2.3364592459999987
ADGRE2	4.9619833295
ADGRE3	-1.5829372
ADGRE5	8.71943806
ADGRF1	-0.3282101500000003
ADGRF2P	-0.007449568000000184
ADGRF3	-0.6511593955000006
ADGRF4	10.716610444999997
ADGRF5	0.06260238599999912
ADGRF5-AS1	0.5977599649999998
ADGRG1	47.040562205
ADGRG2	0.08491491599999978
ADGRG3	-0.6810899865
ADGRG4	-0.15978658100000054
ADGRG5	-0.3689818024999987
ADGRG6	-75.15299022433331
ADGRG7	2.099775717
ADGRL1	-7.306900219999996
ADGRL2	-105.21171140000001
ADGRL3	0.4818640780000001
ADGRL4	0.19087335199999966
ADGRV1	2.0383398572000004
ADH1A	1.1242092599999998
ADH1B	0.5517169202499996
ADH1C	0.16800594100000055
ADH4	3.8875273882499997
ADH5	-153.10381465
ADH6	-2.9062818939999993
ADH7	1.6132941829999998
ADHFE1	8.606333710000008
ADI1	202.7594455503334
ADIG	-4.948364356500001
ADIPOQ	-0.49189338100000013
ADIPOR1	17.691383599999995
ADIPOR2	46.04586009999997
ADIRF	-0.8080342600000003
ADIRF-AS1	-3.91705316
ADISSP	-22.772571
ADK	-14.113258180000003
ADM	717.2131701000001
ADM2	-0.09697522999999819
ADM5	-8.01877055
ADNP	-28.390373799999963
ADNP2	24.04270544999997
ADO	-100.97832044000003
ADORA1	-2.8329832299999964
ADORA2A-AS1	-0.04338326750000032
ADORA2B	213.89128190000002
ADORA3	-0.3168492015000002
ADPGK	50.92164182500002
ADPRH	0.3358510306666673
ADPRHL1	-10.911533384999998
ADPRM	-23.303286639999996
ADPRS	40.757068300000014
ADRA1A	0.16270841949999948
ADRA1B	-1.3966887129999996
ADRA1D	-0.11323304649999955
ADRA2A	0.023073045999999486
ADRA2B	1.8817094599999997
ADRA2C	-10.043384790000005
ADRB1	-21.79288117033333
ADRB2	0.45126928
ADRB3	1.536777859999999
ADRM1	-176.71810319999997
ADSL	-584.9602464999998
ADSS1	9.849705
ADSS2	0.9026445939999945
ADTRP	0.37929170099999965
AEBP1	-2.206954140000004
AEBP2	-48.392060037500016
AEN	-30.043661209999996
AFAP1	0.47416813999999974
AFAP1-AS1	-0.4374280405000004
AFAP1L1	4.478544600000001
AFAP1L2	9.398191743
AFDN	38.73733208600001
AFDN-DT	8.587805561
AFF1	32.68498904366665
AFF2	-1.677680110999999
AFF3	-0.6555849405000007
AFF4	-12.505942646625002
AFG1L	4.525722557999998
AFG2A	2.187043342666666
AFG2B	58.55648879233334
AFG3L1P	-8.119027113333331
AFG3L2	-104.01117748333331
AFM	2.0716964950000003
AFMID	8.867024599999997
AFP	-55.34403758
AFTPH	-23.00047595000001
AGA	-55.143911733333326
AGA-DT	-1.1678529399999995
AGAP1	-7.062755823333333
AGAP11	-2.612442850999999
AGAP12P	7.118773299999987
AGAP2	4.823673455000005
AGAP2-AS1	22.351751460000003
AGAP3	-10.657722979000006
AGAP4	9.65425033
AGAP6	0.8063663500000011
AGAP9	3.8212231199999955
AGBL1	0.245139805
AGBL2	20.959375403000003
AGBL3	-0.47106245199999996
AGBL4	0.8887044440000018
AGBL5	-10.95625360999999
AGER	2.0177929349999992
AGFG1	-29.819579546
AGFG2	-28.145721078833333
AGGF1	23.36695681750001
AGK	-12.836951169999999
AGL	-289.43580639999993
AGMAT	-43.83862390666664
AGO1	-54.879883447500006
AGO2	-14.675992195999996
AGO3	11.540378529999998
AGO4	3.9263684545000004
AGPAT1	76.96604785000005
AGPAT2	186.13992634500002
AGPAT3	-9.31231924666666
AGPAT4	1.1494235014999994
AGPAT4-IT1	-1.4739752599999996
AGPAT5	-39.04987161399998
AGPS	-42.61741222500001
AGPS-DT	1.84177764
AGR2	1712.763126305
AGR3	-0.07628240799999997
AGRN	-12.50449274750001
AGRP	-4.182913740000004
AGT	-99.4537250000003
AGTPBP1	-35.005598195
AGTR1	97.11719452
AGTR2	0.1790519366666654
AGTRAP	-4.984728866666671
AGXT	-2.771236424333333
AGXT2	-0.41437329600000083
AHCTF1	-46.83719650000002
AHCTF1P1	-0.007676276999999843
AHCY	-648.1376630999999
AHCYL1	-532.4756673485001
AHCYL2	-1.787072655000003
AHDC1	0.8618185766666642
AHI1	13.150306626400003
AHI1-DT	0.0418263010000004
AHNAK	65.95256360900001
AHNAK2	83.73426473999999
AHR	-55.611989600000015
AHRR	-5.6188905600000005
AHSA1	-127.71264399999995
AHSA2P	82.06482164975
AHSG	-4.552742485000003
AHSP	-1.0093694400000004
AICDA	-0.2887913209999997
AIDA	-137.7598372
AIF1	-1.1222183485000023
AIF1L	-1.1709394049999986
AIFM1	-50.46097159999999
AIFM2	-52.302778549999914
AIFM3	6.998229779999999
AIG1	-83.0092845366666
AIM2	1.46099055
AIMP1	-102.17742951333327
AIMP2	-381.0713895733335
AIP	5.812266350000016
AIPL1	-2.1904800155000004
AIRE	-1.9637063900000005
AIRIM	-116.41711701
AJAP1	-0.4732904995
AJM1	5.5666613699999985
AJUBA	-1027.9264510025
AK1	17.260852435000004
AK2	-75.31590403716667
AK3	-0.19261516499994968
AK4	347.12227830000006
AK5	-0.2363466024999994
AK6	-671.5420915
AK7	10.540810102000002
AK8	-0.7516963850000025
AK9	0.5543031156666665
AKAIN1	0.3217065109999999
AKAP1	54.259562283499974
AKAP10	1.238270185250002
AKAP11	-56.47618663
AKAP12	493.7903623234001
AKAP13	10.591425240222215
AKAP14	-0.3728793239999999
AKAP17A	-9.16810319000001
AKAP19	-24.75260874499999
AKAP3	-0.6388641289999999
AKAP4	-1.9641228700000006
AKAP5	2.317298072
AKAP6	0.724506161499999
AKAP7	79.00972021999999
AKAP8	-17.372381700000005
AKAP8L	-11.581161604000009
AKAP9	-18.48452158733334
AKIP1	-58.36560680000002
AKIRIN1	-147.66800186666669
AKIRIN2	-66.1690999366667
AKNA	-89.68106510899999
AKNAD1	1.109529621
AKR1A1	-2.5122625999999855
AKR1B1	78.2202158
AKR1B10	0.7099876939999996
AKR1C1	1335.3318741194003
AKR1C2	1134.52971009975
AKR1C3	2848.9035089
AKR1C4	11.335776644000001
AKR1C6P	1.6771463399999966
AKR1D1	0.2600263370000002
AKR1E2	0.38113658466666855
AKR7A2	-30.00755535000002
AKR7A3	-5.846369320000001
AKT1	62.6917528
AKT1S1	-11.737757755000004
AKT2	2.2963206406666714
AKT3	-0.43595947071428576
AKTIP	-30.721349050000015
ALAD	30.091201174999995
ALAS1	17.850584999999967
ALAS2	2.1876578885000004
ALB	-38.62215369625
ALCAM	-174.15685697199996
ALDH16A1	-108.93656370000002
ALDH18A1	152.3453852
ALDH1A1	-2098.86899
ALDH1A2	-3.9422476700000004
ALDH1A2-AS1	-0.17328080600000018
ALDH1A3	7.591229459499999
ALDH1B1	15.032573490000004
ALDH1L1	-4.979407139999999
ALDH1L1-AS2	-0.9791658600000002
ALDH1L2	1.117095299333334
ALDH2	231.42491110000003
ALDH3A1	-2.65909332
ALDH3A2	21.678065916666668
ALDH3B1	28.13198133333332
ALDH3B2	0.07307234900000026
ALDH4A1	-9.975233720000006
ALDH5A1	32.635320805000006
ALDH6A1	-48.85263409659999
ALDH7A1	-58.029660110000066
ALDH8A1	3.9353728419999996
ALDH9A1	-58.466824599999995
ALDOA	1624.118139833333
ALDOAP2	-0.12222451000000056
ALDOB	-0.27817768700000123
ALDOC	-2.1580609099999997
ALG1	-6.995082139999994
ALG10	6.477999590000003
ALG10B	14.165007666666664
ALG12	-5.563812720000001
ALG13	-58.124239089999975
ALG14	-70.05077424499999
ALG14-AS1	0.8936926350000003
ALG2	-86.089362935
ALG3	-10.283744599999977
ALG5	-108.34909888466666
ALG6	39.933528600000045
ALG8	-156.64388250000002
ALG9	-83.41524184999997
ALK	0.5236091050000002
ALKAL2	-0.15125647399999975
ALKBH1	-41.420362620000006
ALKBH2	-20.630135140000007
ALKBH3	-87.69797480000001
ALKBH3-AS1	-0.5482334035000003
ALKBH4	3.4601468900000043
ALKBH5	50.3763710733333
ALKBH6	23.613435890000005
ALKBH7	40.35277152475
ALKBH8	-42.596368655000006
ALLC	-0.8110411790000001
ALMS1	10.114209063333334
ALMS1-IT1	-3.8742307900000004
ALMS1P1	-0.5826412300000001
ALOX12	0.3803592120000001
ALOX12-AS1	2.2703869185000016
ALOX12B	-0.1189023709999999
ALOX12P2	-1.0927964899999996
ALOX15	-0.6108443489999997
ALOX15B	-0.6848725980000001
ALOX5	-0.31721175974999927
ALOX5AP	8.96891285
ALOXE3	0.36008065699999925
ALPG	-1.9329051933333297
ALPI	-1.6258089944999998
ALPK1	7.1968158774999935
ALPK2	125.96347529000002
ALPK3	0.20901949299999956
ALPL	0.28949163699999936
ALPP	1.032695574
ALS2	-12.672722128666663
ALS2CL	20.169978546666663
ALX1	-4.975355369999988
ALX3	-0.672085319999999
ALX4	1.8230137600000003
ALYREF	172.2931678
AMACR	12.49009849483333
AMBN	-0.7728667009999999
AMBP	-1683.496706245
AMBRA1	-2.842915963750002
AMD1	-213.53083590000006
AMDHD1	-58.199482059999994
AMELX	0.35210315800000025
AMELY	2.277852917999999
AMER1	0.32267789700000016
AMER2	0.11285268966666706
AMER3	-0.22161192433333632
AMFR	-43.38102405000001
AMH	1.4601240900000008
AMHR2	-1.875805660000001
AMIGO1	-27.129208589999998
AMIGO2	1118.36733564
AMIGO3	-7.078482366666677
AMMECR1	6.803899806249987
AMMECR1L	-278.83415979999995
AMN	8.12264389333333
AMN1	-2.45972759
AMOT	0.5452636009999994
AMOTL1	1.168563828
AMOTL2	-253.55256859999997
AMPD1	-2.6471218189999997
AMPD2	8.096995100000015
AMPD3	83.19633127
AMPH	0.2723416219999999
AMT	11.733766189999997
AMZ1	-3.6870709250000004
AMZ2	-127.31752490000008
AMZ2P1	-25.483316000000002
ANAPC10	-96.98711153549999
ANAPC11	46.083911795000006
ANAPC13	-203.7260898809999
ANAPC15	38.9572503
ANAPC16	-86.40445969999996
ANAPC1P4	-50.4974306675
ANAPC2	15.454659729999996
ANAPC4	34.59231084999999
ANAPC5	138.30929233666672
ANAPC7	40.900498075
ANG	45.58289883
ANGEL1	12.157243800000003
ANGEL2	-31.39261780000001
ANGPT1	-5.148018901999997
ANGPT2	0.35595878024999994
ANGPT4	-2.7716860399999987
ANGPTL1	-1.202103174666667
ANGPTL2	-0.1970624996666661
ANGPTL3	-0.3147965206666674
ANGPTL4	327.508667425
ANGPTL6	-7.1277259499999985
ANGPTL7	-1.028466743000001
ANGPTL8	-3.6089980500000003
ANHX	0.34349172999999666
ANK1	-0.4684259657142853
ANK2	-18.963246752749995
ANK3	0.4421700801999995
ANKAR	0.7749858649999997
ANKDD1A	-0.37284159100000025
ANKEF1	-5.301199520000004
ANKFN1	-0.1804201463333328
ANKFY1	2.3720972137500027
ANKH	-4.034855008142866
ANKHD1	-17.85503445333333
ANKIB1	35.89529008666668
ANKLE1	-0.8929881599999998
ANKLE2	-4.8673726466666665
ANKMY1	2.855795694000001
ANKMY2	11.261153000000036
ANKRA2	34.04712314
ANKRD1	-34.976328640000006
ANKRD10	19.895622837749997
ANKRD10-IT1	-20.933962949999994
ANKRD11	-103.98951108499998
ANKRD12	32.10185632499997
ANKRD13A	-96.55785989299997
ANKRD13B	-6.88609761
ANKRD13C	-16.273198139999998
ANKRD13C-DT	-13.73202147833333
ANKRD13D	1.3805596500000092
ANKRD16	-0.17270907999999707
ANKRD17	18.227616950000026
ANKRD18A	0.763150017000001
ANKRD18B	-1.2383689699999998
ANKRD19P	1.7527417600000064
ANKRD2	0.4078845760000007
ANKRD20A11P	23.852741530000003
ANKRD20A12P	1.4826201923333322
ANKRD20A4P	46.333845448999966
ANKRD20A5P	-4.8816006399999985
ANKRD22	-0.9465344424999991
ANKRD23	2.281750577000004
ANKRD24	-2.375687583333333
ANKRD26	2.5364279599999975
ANKRD26P3	-2.6488112210000008
ANKRD27	15.34233009999997
ANKRD28	-82.54705796249999
ANKRD29	48.4577496445
ANKRD30A	3.7285147179999996
ANKRD30B	0.7190499219999995
ANKRD30BP2	-0.1162243975000008
ANKRD30BP3	0.35011852099999974
ANKRD31	-0.910277904
ANKRD33	-1.4531231479999995
ANKRD33B	-75.46149888
ANKRD34A	-0.22647574000000148
ANKRD34C	0.2526248289999993
ANKRD35	1.3108705899999986
ANKRD36	7.974008902499996
ANKRD36B	116.05474339999998
ANKRD36BP2	2.0588727386666656
ANKRD36C	1.7865251290000002
ANKRD37	6.446854040999998
ANKRD39	-17.358638600000006
ANKRD40	-37.16780148699999
ANKRD40CL	0.1587455310000001
ANKRD42-DT	0.7482271054999998
ANKRD44	0.46976514159999994
ANKRD44-IT1	0.786382063
ANKRD45	0.45931557199999995
ANKRD46	2.6495933000000065
ANKRD49	-26.748966199999984
ANKRD50	-4.845425012333344
ANKRD52	74.64776750000001
ANKRD53	-1.4115618110000003
ANKRD54	1.2628382200000061
ANKRD55	0.4735872710000004
ANKRD6	10.396942445000008
ANKRD60	1.1655956799999991
ANKRD65	0.056330030000001585
ANKRD7	0.5699086549999999
ANKRD9	90.66544036
ANKS1A	16.805609500000003
ANKS1B	-0.050339924599999364
ANKS3	-30.162022970000002
ANKS4B	4.366414851
ANKS6	5.519916023
ANKUB1	-1.003385519000001
ANKZF1	32.97955405
ANLN	198.62603490000004
ANO1	-0.3958817795000016
ANO10	8.762095039999998
ANO2	0.5468587565000007
ANO3	-0.7161404669999998
ANO4	3.093409317999998
ANO5	10.549843050000007
ANO6	91.67106571449997
ANO7	-7.077021000000002
ANO8	17.709773439999992
ANO9	-0.5568458800000009
ANOS1	0.0897268044999997
ANP32A	-157.2420407333334
ANP32A-IT1	-0.42866975899999993
ANP32B	-466.26412200000004
ANP32CP	-1.2936850420000008
ANP32D	0.5922117239999998
ANP32E	-183.29526963333336
ANPEP	22.87634783666667
ANTKMT	5.728074899999996
ANTXR1	-0.06453667283333253
ANTXR2	-0.8487557617499988
ANXA1	427.4867002135
ANXA10	1.1552518129999996
ANXA11	-40.185509283333374
ANXA13	6.74913703
ANXA2	516.372099572
ANXA2P1	8.048522760000004
ANXA2P2	655.7105629999999
ANXA2P3	3.684506840000001
ANXA2R	28.960868650000002
ANXA2R-AS1	30.834512990000004
ANXA2R-OT1	5.97909757
ANXA3	-22.2227673000001
ANXA4	633.1394415
ANXA5	954.9919970000001
ANXA6	-0.6739439165000007
ANXA7	66.87348610000004
ANXA8	3.6381559249999995
ANXA9	-33.18556678499999
AOAH	-1.1274378200000008
AOC1	-1.0428114220000007
AOC2	-17.944883439999998
AOC3	-5.297400119999999
AOC4P	-2.856647780000003
AOPEP	138.559500615
AOX1	26.192612921
AOX2P	0.4277983230000002
AP1AR	-28.947458963000003
AP1B1	-22.006344299999995
AP1G1	-92.39409485333334
AP1G2	2.993689695999997
AP1G2-AS1	1.1739771865000002
AP1M1	22.507636450000007
AP1M2	-127.10129214999999
AP1S1	83.23735393666666
AP1S2	33.84009747499999
AP1S3	7.980032887799997
AP2A1	3.1365267772499976
AP2A2	-8.023915894999988
AP2B1	-110.79566829999999
AP2M1	11.814008100000024
AP2S1	253.20019219999995
AP3B1	4.929887335000018
AP3B2	-0.3490128300000004
AP3D1	-105.77670897666667
AP3M1	-95.30516574499998
AP3M2	3.1840433349999984
AP3S1	-139.7913400000001
AP3S2	-52.77379536666666
AP4B1	-16.08597409233333
AP4E1	-11.982347643000004
AP4M1	26.4825723
AP4S1	-14.614144440000004
AP5B1	0.07074275999999813
AP5M1	10.041372684800024
AP5S1	33.14216633000001
AP5Z1	-2.492065634999989
APAF1	26.798865936333357
APBA1	-10.003668336000002
APBA2	-10.609627284999995
APBA3	3.315108760000001
APBB1	-1.8251938900000013
APBB1IP	3.032664737999994
APBB2	-9.057161389714281
APBB3	3.6717779399999984
APC	-3.991739894200002
APC2	17.894239974999998
APCDD1	5.328466564499999
APCDD1L	4.2710824500000015
APCDD1L-DT	-0.8844978459999986
APCS	-17.46188106
APEH	-18.40128057999999
APELA	0.034110799999999664
APEX1	86.60415999999987
APEX2	19.35430989999999
APH1A	20.974095776666672
APH1B	26.836950375
API5	-21.933016887999997
APIP	-134.0616809915
APLF	0.49147800000000075
APLN	-5.68341538
APLNR	-1.338421512
APLP1	-15.691259299999999
APLP2	-74.91833040874997
APMAP	158.02378140000002
APOA1	-70.46557695499999
APOA2	-2092.2492279499997
APOA4	-3.9946520400000054
APOA5	-4.853738484999997
APOB	-989.7873068150002
APOBEC1	0.45157590399999936
APOBEC2	0.14945693000000126
APOBEC3A_B	0.42661597800000006
APOBEC3B	112.77682680000001
APOBEC3C	6.385363380000001
APOBEC3D	-0.19392248099999954
APOBEC3F	0.9505621473333328
APOBEC3G	1.2832813750000014
APOBEC4	-0.7360355490000003
APOBR	0.0067759699999996315
APOC1	-750.0162488
APOC2	-1.1094941995000003
APOC3	3.6625061300000006
APOC4-APOC2	3.615104334999998
APOD	2.892131750000001
APOE	-988.3951701333333
APOF	-1.2441070109999997
APOH	51.83553696500001
APOL1	-0.2258357399999973
APOL2	2.5404325849999907
APOL3	0.22474424100000068
APOL4	-1.7158411016666655
APOL5	-0.44531274499999896
APOL6	10.41172537525
APOLD1	1.6545430299999992
APOLTP	6.014821730000001
APOM	-539.16014725
APOO	-102.9222331
APOOL	-18.97662150000002
APP	182.5418851466667
APPAT	-2.19933335
APPBP2	-23.216655665249988
APPL1	-37.257543999999996
APPL2	22.68823512
APRG1	-0.5823661590000002
APRT	-190.3769504
APTR	-8.902158642499998
APTX	-29.621931883333332
AQP1	-1.0423932770000004
AQP10	59.00894031
AQP11	115.04438157
AQP12B	0.5575278135000019
AQP2	-0.04068598699999981
AQP3	10.309386926666662
AQP4	-3.9947000727999997
AQP4-AS1	-0.5082324589999994
AQP5	-1.4542945009999997
AQP6	0.33827810050000195
AQP7B	8.153959780000001
AQP8	-1.2445546799999985
AQP9	-1.1557124929999993
AQR	-19.320071499
AR	-1.1434920785000005
ARAF	-2.9413221800000144
ARAP1	27.280456776666654
ARAP2	-1.5881601156666676
ARAP2-AS1	-0.011941946499999467
ARAP3	0.11366188299999891
ARB2A	6.295130354999998
ARC	-1.6440747509999998
ARCN1	-44.47879399999988
AREG	-256.0857920856666
AREL1	25.519509378666655
ARF1	-71.78573242000004
ARF3	-15.549294599999996
ARF4	690.1815809999998
ARF5	-15.224272799999994
ARF6	-43.684869900000024
ARFGAP1	18.578525179999986
ARFGAP2	13.940465265000014
ARFGAP3	-64.54613820000009
ARFGEF1	-43.37877144000001
ARFGEF2	-1.52064640750001
ARFGEF3	67.26666459025
ARFIP1	-4.968859669999986
ARFIP2	-93.03542930000003
ARFRP1	-10.074829999999992
ARG1	-0.5385648590000001
ARG2	-154.63660627000002
ARGLU1	-29.361770688999997
ARGLU1-DT	0.13789473699999988
ARHGAP1	25.979938907500014
ARHGAP10	-12.05843852000001
ARHGAP11A	-5.930717069999998
ARHGAP12	72.72470580000001
ARHGAP17	96.529088
ARHGAP18	207.89837649
ARHGAP19	-57.609392406666664
ARHGAP20	-2.145449449999999
ARHGAP21	118.5883047155
ARHGAP22	-0.3629405459999999
ARHGAP22-IT1	-0.2144206019999988
ARHGAP23	-4.1314521975
ARHGAP24	0.32468321475000117
ARHGAP25	0.5585573126666663
ARHGAP26	39.23340052200001
ARHGAP26-AS1	-0.9409260480000006
ARHGAP27	5.4520637888
ARHGAP27P1	-1.9997865155000003
ARHGAP28	-0.27767190166666644
ARHGAP29	-180.17211483
ARHGAP30	-3.769379724
ARHGAP31	1.4342724860000011
ARHGAP32	33.706405228
ARHGAP33	5.84867873
ARHGAP35	-42.95267587060002
ARHGAP36	2.0674931909999996
ARHGAP39	-4.463894159999999
ARHGAP4	-7.4903730899999985
ARHGAP42	-19.835687048333327
ARHGAP44	-0.9154038819999961
ARHGAP45	2.895239654000001
ARHGAP5	1.3543061729999977
ARHGAP5-AS1	37.43923762
ARHGAP6	0.02728821149999927
ARHGAP9	-15.578810499333333
ARHGDIA	-9.0789537175
ARHGDIB	2.186403101333333
ARHGDIG	-3.937014610000002
ARHGEF1	2.12359687
ARHGEF10	2.740915237750002
ARHGEF10L	58.22593421449999
ARHGEF11	-0.43480243533333507
ARHGEF12	12.100021234615376
ARHGEF15	0.47971382400000095
ARHGEF16	16.16830324
ARHGEF17	-12.827494199999997
ARHGEF18	196.15777189999994
ARHGEF19	11.699305510000002
ARHGEF2	3.0024334149999987
ARHGEF25	16.259001570000002
ARHGEF26	-38.30397847266666
ARHGEF26-AS1	1.109656893
ARHGEF28	3.566441377500002
ARHGEF3	219.0254048
ARHGEF33	0.8097385529999999
ARHGEF34P	-1.5219041219999996
ARHGEF37	-4.462507940499998
ARHGEF38	-0.08046649699999975
ARHGEF39	46.30585645333334
ARHGEF4	4.160505676000001
ARHGEF40	11.178454878666667
ARHGEF5	6.5469188949999975
ARHGEF6	-0.4134959400000007
ARHGEF7	-3.158097351777773
ARHGEF7-AS2	-0.28729941400000003
ARHGEF7-IT1	0.04836384300000063
ARHGEF9	2.649981089999997
ARID1A	-38.779909773750035
ARID1B	-1.7527411284285677
ARID2	-3.274326463333324
ARID3A	68.14523438999998
ARID3B	-43.19828448999999
ARID4A	-18.74182749
ARID4B	-77.36065944766668
ARID5A	-2.6549516199999985
ARID5B	-19.0222049356
ARIH1	-34.43756916566666
ARIH2	-79.020768704
ARIH2OS	5.374257279999998
ARK2C	0.09187439400000041
ARK2N	-26.79256613525
ARL1	-0.7125641333333306
ARL10	-4.769135272500005
ARL11	0.3426890375
ARL13B	-94.0653928
ARL14	3.384615479999999
ARL14EP	-30.90990769999999
ARL15	-10.146038239500001
ARL16	-19.24949220000002
ARL17B	-3.4549109219000016
ARL2	-53.81114629999996
ARL2BP	-147.42578990000004
ARL3	-100.38047193333338
ARL4A	133.97951640000008
ARL4C	40.76090642
ARL4D	7.976982627499996
ARL5A	24.894013293333302
ARL5B	-40.475177789999975
ARL5C	0.16420404000000133
ARL6	-20.153374908500002
ARL6IP1	-338.54044239999996
ARL6IP4	7.010954699999957
ARL6IP5	261.4970333
ARL6IP6	7.880932876666662
ARL8A	-11.424136560000008
ARL8B	-168.60996054999998
ARL9	0.9273175999999985
ARLN	284.8213431033333
ARLNC1	-1.1848135899999992
ARMC1	194.98412985000004
ARMC10	-8.242515200000014
ARMC12	-0.5266630899999996
ARMC2	1.2207439859999996
ARMC2-AS1	313.91122100000007
ARMC3	-2.55649441
ARMC5	6.752426139999997
ARMC6	-13.474519399999991
ARMC7	-8.848212929999995
ARMC8	-0.8504542533333392
ARMC9	7.3790901546
ARMCX1	-6.657496780000001
ARMCX2	0.44117045600000004
ARMCX3	-96.91786397500002
ARMCX4	-0.5433169268000002
ARMCX5	-20.415998780000002
ARMCX6	-0.188090515499999
ARMH1	-0.5267722690000003
ARMH3	10.592388743333345
ARMH4	4.808917928
ARNT	-4.739531188666668
ARNT2	-0.07172074999999989
ARNT2-AS3	-0.5719290369999985
ARPC1A	146.932727
ARPC1B	210.42850109999995
ARPC2	333.33087766666677
ARPC3	287.3669319999999
ARPC4	-4.882390266666675
ARPC5	148.66985607666663
ARPC5L	-127.47637634999995
ARPIN	3.4018299999999897
ARPP19	30.49820183333327
ARPP21	-0.06120046249999955
ARR3	3.356581590000001
ARRB1	10.891263037142842
ARRB2	-10.161667550000004
ARRDC1	5.363723614999998
ARRDC1-AS1	11.369136060000002
ARRDC2	-12.229206590000004
ARRDC3	117.96866805000002
ARRDC3-AS1	3.821771
ARRDC4	-18.851870503999997
ARSA	6.185597530000003
ARSB	-2.383762464
ARSD	-0.672869312875001
ARSF	0.09724812999999699
ARSG	0.7868547375000006
ARSI	-2.391687339999999
ARSJ	1.968042059
ARSK	-5.013930698999992
ARSL	0.04846527499999986
ART1	-2.168520722666665
ART3	-0.3935446790000001
ART4	0.2941456545000003
ART5	-2.5523385400000045
ARTN	0.11781171666666701
ARV1	-18.233378646999995
ARVCF	-4.600159866666658
ARX	-2.227574818000001
AS3MT	-493.6971575000001
ASAH1	80.11320355080011
ASAH2B	-35.778160060999994
ASAP1	96.58252919800003
ASAP1-IT1	4.515099501000001
ASAP1-IT2	0.3638104570000005
ASAP2	109.81080168000001
ASAP3	11.423197039999998
ASB1	-39.86231044666667
ASB10	0.9372068216666705
ASB11	-0.6639147420000002
ASB12	-0.7657257980000001
ASB13	105.29188247
ASB14	1.629874072499998
ASB15	0.0033489100000014815
ASB16	-2.503643310000001
ASB16-AS1	11.39664055
ASB17	0.03839852899999929
ASB2	2.8622332615
ASB3	-3.382314495000001
ASB4	0.8639682761666663
ASB5	-0.2780338929999999
ASB6	-6.584051289999998
ASB7	-28.900416264999997
ASB8	17.0448734
ASB9	135.64099313
ASCC1	89.28565739999999
ASCC2	53.0949148
ASCC3	-60.50931765500002
ASCL1	-3.0917447125000006
ASCL2	0.6887659080000006
ASCL3	-0.4994399989999998
ASCL5	0.8750350119999997
ASF1A	-154.94523855
ASF1B	100.59045939999999
ASGR1	-73.67040450000002
ASGR2	-777.9234962999999
ASH1L	13.781656696666658
ASH1L-AS1	-6.818757449999993
ASH2L	85.44238309999997
ASIC1	-1.4202090699999985
ASIC2	-1.0196455789999996
ASIC2-AS1	-0.10989219099999925
ASIC3	0.352692781
ASIC4	2.89179298
ASIC5	0.071047042
ASIP	0.6484357000000003
ASL	-37.95783210000002
ASMT	-0.9828129485000003
ASMTL	-27.661911723333326
ASMTL-AS1	-2.613112190600006
ASNS	-888.0100056699998
ASNSD1	-542.1009692
ASPA	0.5955570759999995
ASPDH	-0.5269840899999991
ASPG	-1.1084325449999959
ASPH	115.30941188000001
ASPHD1	21.61585132000002
ASPHD2	-6.2954590045
ASPM	-5.762400893333307
ASPN	-0.29409466850000054
ASPNAT	-43.75314689
ASPRV1	-8.780385509999999
ASPSCR1	39.131070720000004
ASRGL1	-2.700819249999995
ASS1	-1578.0064464999998
ASTE1	-0.4302926900000017
ASTN1	-0.7146942850000002
ASTN2	1.6161460593333317
ASXL1	-14.995838349999985
ASXL2	-2.9165618026666706
ASXL3	-1.2930867145000002
ASZ1	-0.19663590100000006
ATAD1	-253.07407106999995
ATAD2	97.13205457000001
ATAD2B	-10.521978065999997
ATAD3A	-15.666502509999972
ATAD3B	-41.49695984666664
ATAD3C	-2.7117444799999983
ATAD5	19.17374787
ATAT1	-0.9949116300000025
ATCAY	-1.3588509999999996
ATE1	22.105335376
ATF1	-110.88026578666666
ATF2	-48.15713985600004
ATF3	-108.38462049666668
ATF4	-220.40452700000014
ATF5	0.1392093024999994
ATF6	32.385429487500005
ATF6B	5.857738006666668
ATF7	-20.731375907200004
ATF7-AS1	1.2725538200000006
ATF7IP	24.673576591500023
ATF7IP2	26.230335084999993
ATG10	2.454383650000011
ATG101	-104.20408319999996
ATG12	-97.64251937333333
ATG13	-27.964293139999995
ATG14	17.71549059999998
ATG16L1	2.1146317720000027
ATG16L2	3.2762513999999996
ATG2A	79.22439159999999
ATG2B	-2.0958770297499996
ATG3	-115.16386902400001
ATG4A	-1.799836599999992
ATG4B	-20.26674226
ATG4C	-69.34633532999999
ATG4D	-5.4689482
ATG5	-24.472067286666686
ATG7	-14.711726296250006
ATG9A	20.8924818
ATG9B	-0.39838004850000086
ATIC	-1287.9195809999997
ATL1	34.981501019999996
ATL2	-20.902664312000013
ATL3	119.07069427133334
ATM	-0.4786153395000028
ATMIN	-46.03526804633333
ATN1	1.8834914574999964
ATOH1	1.1547653600000007
ATOH7	2.669888132499999
ATOH8	1.0785138093333302
ATOSA	28.265385444500012
ATOSB	15.391316500000002
ATOX1	86.68647649999991
ATP10A	0.8057725880000017
ATP10B	-0.40914600449999927
ATP10D	-1.0879851000000045
ATP11A	-8.921251300833333
ATP11A-AS1	-1.4552707109999998
ATP11B	-23.430806131666664
ATP11C	0.8656953220000005
ATP12A	-1.3175875799999996
ATP13A1	4.916956599999992
ATP13A2	1.6774862699999886
ATP13A3	32.54292735499998
ATP13A3-DT	0.10656761300000106
ATP13A4	0.38048724033333237
ATP13A4-AS1	0.03169837100000006
ATP13A5	-0.6904692955000007
ATP1A1	337.0368884999999
ATP1A1-AS1	4.485801619999997
ATP1A2	-0.8802283380000002
ATP1A3	0.8758741099999998
ATP1A4	-0.252929373333334
ATP1B1	1796.91734055
ATP1B2	-1.2206776800000014
ATP1B3	42.96893513666669
ATP1B4	-0.20777570549999957
ATP23	-5.17820992450001
ATP2A1	0.0468767045000007
ATP2A1-AS1	13.309070909999999
ATP2A2	-61.68042822749999
ATP2A3	3.0008774876000004
ATP2B1	-37.38546396666669
ATP2B1-AS1	32.34710421
ATP2B2	-1.1751156210000016
ATP2B3	-0.49669642475000053
ATP2B4	18.469843133999998
ATP2C1	8.40294848500001
ATP2C2	1.904753051666665
ATP4A	-1.8534116199999993
ATP4B	-0.6295033226666682
ATP5F1A	182.23856208999996
ATP5F1B	-16.745445000000018
ATP5F1C	114.14178456499985
ATP5F1D	-64.45777110000006
ATP5F1E	50.64493708349937
ATP5IF1	-14.652075740000015
ATP5MC1	387.8751886
ATP5MC2	-172.5479276415
ATP5MC3	180.69599344333346
ATP5ME	168.53452844999993
ATP5MF	2.7972214599999994
ATP5MG	191.41215432499985
ATP5MJ	401.3786315499999
ATP5MK	431.53776599999946
ATP5PB	-546.1145350065001
ATP5PD	49.735461504999876
ATP5PF	53.0570580000001
ATP5PO	-36.345360119999896
ATP6AP1	-177.3945513
ATP6AP1-DT	53.84390450000001
ATP6AP1L	-4.529430356000001
ATP6AP2	85.64827086233345
ATP6V0A1	20.964677914999996
ATP6V0A2	-3.6835605390000055
ATP6V0A4	0.7835220119999988
ATP6V0B	-220.71839599999998
ATP6V0C	-27.569406749999985
ATP6V0D1	195.32591109999998
ATP6V0D2	12.029557878
ATP6V0E1	355.576681922857
ATP6V0E2	40.44535159999998
ATP6V0E2-AS1	-4.983654697
ATP6V1A	31.591721474999986
ATP6V1B1	0.13966944499999911
ATP6V1B2	-40.1331768
ATP6V1C1	53.95351424500001
ATP6V1C2	0.7988866744999994
ATP6V1D	148.38011448749995
ATP6V1E1	30.89141170000005
ATP6V1E2	-29.12180273
ATP6V1G1	21.487755629999924
ATP6V1G2	-0.43620773600000007
ATP6V1G3	-1.4137846280000002
ATP6V1H	-40.70860327800001
ATP7A	51.729927524999994
ATP7B	-160.29567329999998
ATP8A1	2.0508548803333344
ATP8A2	-0.7678357696666653
ATP8B1	73.87922995000002
ATP8B1-AS1	-14.904592155000003
ATP8B2	116.78401294999998
ATP8B3	0.19422419499999855
ATP8B4	0.3131599380000001
ATP8B5P	-0.23601337900000008
ATP9A	61.64310556999999
ATP9B	-3.089960456
ATPAF1	-56.259653834999995
ATPAF2	-1.6102211799999964
ATPSCKMT	-28.614081589999998
ATR	-16.72146824333332
ATRAID	-83.25488700000005
ATRIP	1.7537899266666628
ATRN	11.947957549999984
ATRNL1	-3.9052177189999995
ATRX	45.513891665000074
ATXN1	29.991176208599995
ATXN1-AS1	-1.8749985000000002
ATXN10	-342.94649158999994
ATXN1L	-111.26755059999999
ATXN2	-32.19999999999999
ATXN2L	-12.884441544999994
ATXN3	0.9776145305714259
ATXN3L	-0.13322370899999925
ATXN7	-32.80281211666666
ATXN7L1	3.02476019925
ATXN7L2	-2.1294995500000002
ATXN7L3	0.4206793000000033
ATXN7L3-AS1	5.59815002
ATXN7L3B	-36.37025670000003
ATXN8OS	1.7127307500000004
AUH	-54.066414699999996
AUNIP	-18.187867170000004
AUP1	-19.58888369999994
AURKA	88.72150822333333
AURKAIP1	194.50613237599998
AURKAP1	-40.285528821000014
AURKB	39.142146260000004
AURKC	1.3316923200000002
AUTS2	-0.8030241783333336
AVEN	-107.1730726
AVIL	2.9082633650000034
AVL9	-22.673094981999995
AVP	0.7837769700000017
AVPI1	-122.05037610000005
AVPR1A	-1.0030864302000015
AVPR1B	-4.199038000000002
AVPR2	-1.7290421274999996
AWAT1	1.0317161960000005
AXDND1	-0.6819711740000001
AXIN1	-28.249496049999998
AXIN2	4.143986309999999
AXL	363.37767298
AZGP1	-0.6305020529999998
AZGP1P1	-1.2569399049999976
AZI2	-8.37967072633333
AZIN1	-163.78530654999997
AZIN2	4.060076930000001
AZU1	0.0709335090000014
B2M	-202.24619391166698
B3GALNT1	-9.853418991666667
B3GALNT2	-3.7428654347500157
B3GALT1	0.8873608145
B3GALT2	0.38502937300000006
B3GALT4	2.9076114094999994
B3GALT5	0.582248963333333
B3GALT5-AS1	0.2657352235000001
B3GALT6	-6.751924102333348
B3GAT1	-21.469835179999997
B3GAT1-DT	0.4122296100000007
B3GAT2	-0.7416013740000009
B3GAT3	28.305831124999997
B3GLCT	27.22824594499999
B3GNT2	-6.037488934666655
B3GNT3	4.420660150000003
B3GNT4	13.969122340000002
B3GNT5	17.318923723666664
B3GNT6	0.4986483650000011
B3GNT7	1.0119694812500004
B3GNT8	0.925149600000001
B3GNT9	-0.4140366600000007
B4GALNT1	-13.416421919999998
B4GALNT2	1.0106782999999986
B4GALNT3	0.3111701033333354
B4GALNT4	-2.048746928999999
B4GALT1	26.34086416283334
B4GALT2	-15.229877539999997
B4GALT3	-52.55107096150001
B4GALT4	40.852485650000006
B4GALT5	323.13588329999993
B4GALT6	21.622927159249997
B4GALT7	10.167632675000007
B4GAT1	152.76999627499998
B9D1	-8.971005340000005
B9D2	12.33767968
BAALC	-0.24900117799999943
BAALC-AS2	1.6124113270000002
BAAT	-3.223276779999999
BABAM1	63.44344289999998
BABAM2	-114.62165249999995
BABAM2-AS1	-1.8623735160000008
BABAM2-AS2	-0.2567126420000001
BACE1	-30.964476405
BACE2	27.46571656366666
BACH1	8.400268063666665
BACH2	-0.4218488995000005
BAD	21.27063427666667
BAG1	-6.994452069999994
BAG2	-48.456667214333336
BAG3	3.6435119000000213
BAG4	-81.70554334999994
BAG5	45.86174208
BAG6	36.97660804249995
BAGE	0.2871557789999999
BAGE2	-2.966997299000001
BAHCC1	-4.842043140000001
BAHD1	-16.560391159999995
BAIAP2	-2.0469518539999996
BAIAP2-DT	13.701801241600002
BAIAP2L1	-62.272074423333265
BAIAP2L2	3.4461557045000006
BAIAP3	1.6217590300000069
BAK1	-35.27056409999999
BALR6	-0.34888621900000016
BAMBI	889.521841
BANCR	-0.08730857699999994
BANF1	-59.099152900000036
BANF2	2.107025329
BANK1	7.613866366666667
BANP	-96.15051963333335
BAP1	7.797878705000002
BARD1	14.114913343333342
BARHL1	1.816351049999998
BARX1	1.0660297630000013
BARX1-DT	-1.53236158
BARX2	-1.8508405799999998
BASP1	51.864673124999996
BASP1-AS1	0.6451264830000003
BATF	-2.3547382900000002
BATF2	3.8044565400000003
BATF3	-14.180077400000002
BAX	17.431807334999995
BAZ1A	-26.288205800000014
BAZ1B	-21.115085442500003
BAZ2A	1.6566337550000014
BAZ2B	65.52001837
BAZ2B-AS1	0.4385888400000013
BBC3	4.36084194
BBIP1	-14.621663755833339
BBLN	21.875425769000003
BBOF1	-0.6491183099999986
BBOX1	0.3083444789999996
BBS1	5.400468210000007
BBS10	-0.5974895000000089
BBS12	10.83633816
BBS2	55.180773389999985
BBS4	13.217548050000005
BBS5	0.043969187000000076
BBS7	-75.60103980999999
BBS9	2.7493404606000027
BBX	-8.763179233714283
BCAM	-12.542384369999994
BCAN	-7.431856766749995
BCAP29	-21.157465563666648
BCAP31	-66.5256551
BCAR1	11.300355445500003
BCAR3	144.2829439
BCAR4	0.14921401700000025
BCAS1	21.945092999999996
BCAS2	-286.89741560000004
BCAS3	4.320167349999998
BCAS4	-10.294227122599999
BCAT1	-341.17707210000015
BCAT2	25.166945749999996
BCCIP	-99.23702309999999
BCDIN3D	-22.60705118
BCDIN3D-AS1	0.9143011454999996
BCHE	5.872121933
BCKDHA	-24.198491869999998
BCKDHB	27.47878748000001
BCKDK	14.831341970000011
BCL10	-7.231138623333351
BCL10-AS1	-2.1929380970000008
BCL11A	1.1299020525000003
BCL11B	22.273752601666658
BCL2	-0.2769535682500006
BCL2A1	-2.157140299
BCL2L1	-87.458619065
BCL2L10	-1.3194716575000003
BCL2L11	83.26225107757143
BCL2L12	25.757592610000003
BCL2L13	-27.907986009200002
BCL2L14	-0.07260912816666565
BCL2L15	-0.7625066340000011
BCL2L2	-38.420674760000054
BCL3	22.281392775
BCL6	-6.4011343700000225
BCL6B	0.8203901125000002
BCL7A	-19.829028585000003
BCL7B	-68.80000000000001
BCL7C	44.168047599999994
BCL9	4.913654279999989
BCL9L	32.30049092499999
BCLAF1	-59.842470151666646
BCLAF3	1.0587613400000002
BCO1	1.3457672040000004
BCO2	0.49773763100000146
BCOR	-33.91415728499999
BCORL1	-2.5883575117499973
BCORP1	0.12356838399999948
BCR	17.414232200000008
BCRP3	-3.0514999099999986
BCS1L	3.126198499999987
BDH1	-3.841984794
BDH2	174.298940096
BDKRB1	1.6731627499999995
BDKRB2	5.910553029999999
BDNF	-2.900274894999999
BDNF-AS	0.32132186800000007
BDP1	-29.812146473333314
BEAN1	1.1495916149999994
BECN1	60.66937260766662
BEGAIN	2.237372220000001
BEND2	0.08404506399999967
BEND3	2.0540682999999973
BEND4	0.05713253199999979
BEND5	-0.3403380940000007
BEND6	0.05855839250000017
BEND7	-12.621804255999997
BEST1	-20.8711997
BEST2	0.3270762359999999
BEST3	2.4152032976666655
BEST4	0.6493303920000004
BET1	-245.29996269999998
BET1L	2.8398869899999966
BEX1	-783.05060628
BEX2	-886.5485180000001
BEX3	-821.8436490000004
BEX4	0.1524217459999999
BEX5	41.06458469
BFAR	-3.1177750000000515
BFSP1	3.202500820000001
BFSP2	-1.9512398600000012
BFSP2-AS1	0.3171507299999998
BGLAP	1.6907022699999992
BGLT3	-1.5739886999999992
BGN	-0.37824211333333224
BHLHE22	-1.5535156354999993
BHLHE22-AS1	-0.10318230350000057
BHLHE23	-1.263228269999999
BHLHE40	489.298868345
BHLHE41	15.249009933750003
BHMT	-0.2074327199999999
BHMT2	-29.246985156666653
BICC1	168.98285729999998
BICD1	2.8488512381666595
BICD2	31.794186261499988
BICDL1	-5.014313089999995
BICDL2	-0.8461977300000001
BICRA	-0.7464508099999989
BICRAL	-12.520389894999994
BID	37.59782032
BIK	15.916014610000001
BIN1	138.23480776600002
BIN2	-1.0199354849999995
BIN3	12.169381300000005
BIN3-IT1	-0.1792912900000001
BIRC2	89.18643399999996
BIRC3	15.004645605000007
BIRC5	0.9867268199999728
BIRC6	-54.62650195000003
BIRC7	-5.55860972
BIVM	-12.082426773199998
BKGD	-218.10933362333344
BLACAT1	-0.12138781300000012
BLCAP	132.84193799999997
BLID	0.562789285
BLK	-2.049798695
BLM	27.431988289999993
BLMH	-14.432330099999987
BLNK	0.2336131339999996
BLOC1S1	14.992699399999992
BLOC1S2	-130.5905600000001
BLOC1S3	-4.035261765000001
BLOC1S4	49.94594549999999
BLOC1S5	18.119254884999975
BLOC1S6	-100.29579556666667
BLTP1	-0.025243585285714687
BLTP2	20.874439940000002
BLTP3A	-110.90600752533334
BLTP3B	-22.796989725499998
BLVRA	139.5352426784
BLVRB	-112.13964810000004
BLZF1	-5.521447907999999
BMAL1	-12.789712109999996
BMAL2	14.390505430000005
BMAL2-AS1	0.5231540049999999
BMERB1	28.977975384999993
BMF	23.076195739999996
BMI1	-183.21332329999996
BMP1	7.345891912999999
BMP10	0.4748066280000005
BMP15	3.3635312699999993
BMP2	-77.98587972
BMP2K	-5.014432927000001
BMP3	-1.5594318859999996
BMP4	-155.37813100000002
BMP5	-0.24932726049999943
BMP6	83.12712066333334
BMP7	0.450490137500001
BMP8A	3.124720378000003
BMP8B	-0.3697916733333386
BMPER	-0.34777747400000036
BMPR1A	-40.543546273999965
BMPR1B	-0.5099910479999998
BMPR2	86.592307094
BMS1	-40.53031250000001
BMS1P1	-2.5086756003333335
BMS1P18	-0.1620120939999996
BMS1P2	22.76137946
BMS1P20	-12.8488832675
BMS1P21	1.457468273
BMX	-0.7153510609999998
BNC1	0.5036376840000001
BNC2	-0.18525299650000093
BNIP1	-57.56979
BNIP2	20.92565725000003
BNIP3	692.2256065500001
BNIP3L	334.876956895
BNIPL	1.2013299295
BOC	-1.156364456333332
BOD1	-545.0996814000001
BOD1L1	21.07403953366667
BOD1L2	-0.37822351199999993
BOK	35.8199409
BOLA1	0.9312293099999991
BOLA2	-3.092930300000006
BOLA3	-348.808176
BOLA3-DT	-10.623842934999999
BOLL	-0.7137043510000005
BOP1	-49.078621569999996
BORA	-26.428606700000003
BORCS5	9.151226813000001
BORCS6	-1.4905839549999982
BORCS7	-728.106575
BORCS8	-21.17007289
BORCS8-MEF2B	6.41080301
BPESC1	0.33213334800000016
BPGM	6.755392860000004
BPHL	36.95832329999999
BPIFA1	-0.10875780199999951
BPIFA2	-2.842860400000001
BPIFA3	-1.142857769999999
BPIFA4P	0.4277218729999994
BPIFB1	0.12556482000000102
BPIFB2	-0.5513082699999998
BPIFB4	-1.7912661500000002
BPIFB6	0.4906763750000005
BPIFC	-0.16959004799999988
BPNT1	-28.41169492033334
BPNT2	39.78927283283332
BPTF	70.92294157340001
BPY2	-0.40284873500000007
BRAF	-29.206515541249992
BRAP	-36.264006872500005
BRAT1	52.9469392
BRCA1	29.681652179999986
BRCA2	-8.876700305
BRCC3	40.901909375
BRD1	-28.55840788700001
BRD10	-5.0584702027500015
BRD2	-188.21771320000002
BRD3	16.920074870666667
BRD3OS	46.274802290000004
BRD4	-91.63784928999999
BRD7	-50.925760127499984
BRD7P3	0.21589564450000065
BRD8	-1.4949957606666686
BRD9	11.56946280000001
BRDT	-0.028787716000000074
BRF1	-2.8842898055
BRF2	-12.168660559999992
BRI3	52.83664956000007
BRI3BP	120.86266849999998
BRICD5	2.2977568100000028
BRINP1	-4.0420613175
BRINP2	-1.8258913760000004
BRINP3	1.5541253019999997
BRINP3-DT	1.1617893340000007
BRIP1	27.35269560350001
BRIX1	-36.53109360000002
BRK1	161.69771509999998
BRME1	3.9587393700000035
BRMS1	7.944156200000009
BRMS1L	17.91494643499999
BROX	-18.512001363333326
BRPF1	-12.236171359999986
BRPF3	-2.422158955666653
BRS3	0.8811237529999998
BRSK1	-0.008422749999999368
BRSK2	-5.5469428359999995
BRWD1	4.285759228749999
BRWD1-AS2	0.9437499499999991
BRWD3	5.384897379999998
BSCL2	105.70328722
BSDC1	18.284603902666667
BSG	16.110363000000007
BSN	-2.3625662300000005
BSN-DT	-1.8714102099999987
BSND	-2.794284305333335
BSPRY	-3.0972918899999993
BST1	0.46653383600000087
BST2	-2.45349169
BTAF1	-44.0
BTBD1	145.13326949999998
BTBD10	-44.2661353
BTBD16	-0.7437727600000006
BTBD17	-0.30636983900000025
BTBD18	6.602565036
BTBD19	-2.162093532000002
BTBD2	-0.6291715400000015
BTBD3	-70.45530030000003
BTBD6	-0.9179123800000006
BTBD7	10.589335269000003
BTBD8	0.3957258159999997
BTBD9	-2.4961621967499994
BTC	0.15857365450000005
BTD	6.709964060000001
BTF3	199.585129522
BTF3L4	-53.53915668900002
BTF3P11	0.7660299250000002
BTG1	-11.461662578333403
BTG2	-3.7607475149999985
BTG2-DT	0.6584458100000017
BTG3	-227.88716036625004
BTG4	0.033174772999999824
BTK	-3.413072419999999
BTLA	0.6093414199999998
BTN1A1	1.4701209139999998
BTN2A1	-30.29240992000001
BTN2A2	-16.837455565000006
BTN2A3P	-2.932047710000001
BTN3A1	30.98045465
BTN3A2	51.208337715
BTN3A3	73.73471487233333
BTNL2	0.3077085190000002
BTNL3	-2.8546405299999975
BTNL8	-1.6993533200000002
BTNL9	1.1734473918
BTRC	4.603950627999993
BUB1	33.7711698328
BUB1B	112.1955802
BUB3	100.84048503816672
BUD13	39.45274688
BUD23	-10.11664864100004
BUD31	-195.178036515
BYSL	-61.09710700000002
BZW1	697.461262
BZW2	-206.91150600000014
C10orf126	0.2633717289999997
C10orf143	-0.5878861009999996
C10orf53	0.4659561925000002
C10orf55	0.21411251399999998
C10orf62	-0.1910263499999978
C10orf67	-1.5371271993333337
C10orf71	-2.1890850850000003
C10orf71-AS1	-0.1780958220000004
C10orf88	-60.19876239
C10orf90	-0.5383551649999996
C10orf95	1.8742970700000008
C10orf95-AS1	14.5966762965
C11orf16	-1.8592569999999995
C11orf21	-0.15035511850000027
C11orf24	150.3514599
C11orf40	-0.5631756560000003
C11orf42	-0.18732473000000027
C11orf52	15.384402969999996
C11orf58	-287.14646894379973
C11orf65	-2.799090067
C11orf68	61.37416379999999
C11orf71	12.789572020000008
C11orf86	23.179690379999997
C11orf87	0.30160431300000035
C11orf96	-3.5048402449999996
C11orf97	1.4031574299999994
C12orf42	-0.9008908930000006
C12orf43	-15.704592200000008
C12orf54	0.24770242133333298
C12orf56	16.226041519
C12orf57	311.70295439999995
C12orf60	-6.4581954935
C12orf75	317.86960450000015
C12orf76	-7.761875628999995
C14orf119	177.5
C14orf132	352.288033005
C14orf180	-4.39293267
C14orf39	-0.057133375000000264
C14orf93	10.856023829999998
C15orf32	0.73941122
C15orf40	9.041062864499992
C15orf61	-214.30344080000003
C15orf62	1.4257880420000006
C16orf46	-2.17033567
C16orf54	0.382539548
C16orf78	-0.2599659470000004
C16orf82	-0.5926131639999994
C16orf86	25.976874630000005
C16orf89	-4.425132489999999
C16orf95	-3.0142465493333326
C17orf100	5.90861477
C17orf58	-7.762897500000008
C17orf67	-0.31022368
C17orf75	-138.8019998
C17orf78	0.20066310500000029
C17orf99	0.489179279
C18orf15	0.017044590000001136
C18orf54	-32.6871117576
C18orf61	2.3780958709999993
C19orf12	23.15883304000002
C19orf18	4.008134349999999
C19orf25	-3.766961160000001
C19orf33	305.59956742
C19orf44	-1.8669089899999989
C19orf47	1.907784570000004
C19orf48P	-91.3905485
C19orf53	56.591022099999975
C19orf73	2.1462727999999984
C19orf81	-2.0359520680000003
C19orf84	1.376274549999998
C1D	-37.88375199999996
C1GALT1	14.796582059999992
C1GALT1C1	122.89238431500002
C1GALT1C1L	-0.30326560099999966
C1QA	-2.8990609849999993
C1QB	0.8950037530000001
C1QBP	-1233.7064415
C1QC	0.06135168499999999
C1QL1	3.4171108054999983
C1QTNF1	-0.9465319779999888
C1QTNF1-AS1	11.548081619999998
C1QTNF12	4.409887070000002
C1QTNF2	2.0681416180000003
C1QTNF3	8.2095264155
C1QTNF4	-2.6445509299999994
C1QTNF5	-0.8143559499999995
C1QTNF6	5.575776323000003
C1QTNF7	-0.12351139649999965
C1QTNF9	-0.16260912100000002
C1R	0.29430935999999974
C1RL	32.915302600000004
C1RL-AS1	1.3390425649999997
C1S	-1.7267500515000016
C1orf105	7.723722104
C1orf115	12.625141788
C1orf116	0.8641510950000004
C1orf122	-46.08950559999994
C1orf159	-8.33018761
C1orf162	-0.5466557510000003
C1orf167	3.740016989999999
C1orf174	-42.835389030000044
C1orf198	-39.243879899999996
C1orf21	-1.412852943399999
C1orf210	2.9898145000000014
C1orf216	16.287672570000005
C1orf220	2.222368896
C1orf226	-9.717700780000001
C1orf35	-11.827303780000008
C1orf50	-25.256952975000004
C1orf52	-202.450721745
C1orf53	-0.19131301000000178
C1orf54	2.4392233999999995
C1orf56	5.144947873333329
C1orf74	0.07461703449999924
C1orf87	1.1964584050000004
C1orf94	-1.5831399299999998
C2	5.612507823000001
C20orf141	3.5895198000000015
C20orf144	-0.3383974839999997
C20orf173	0.9527746439999998
C20orf181	-0.07746385999999994
C20orf202	-1.0235121800000009
C20orf203	0.21435174999999873
C20orf204	-0.5217011080000002
C20orf96	-0.0050071909999998
C21orf58	5.831428168166667
C21orf91	-76.252758115
C21orf91-OT1	-0.3281947279999997
C22orf15	-0.6022235049999995
C22orf23	1.7115280599999991
C22orf31	-5.593007879999998
C22orf39	44.008966799999996
C22orf42	-1.1528563044999998
C22orf46P	-1.7214648399999994
C2CD2	6.3661804999999845
C2CD2L	-35.908301478
C2CD3	25.423294584749996
C2CD4A	3.54533997
C2CD4B	0.13308240999999654
C2CD4C	9.120812860000001
C2CD5	-40.452982399999996
C2orf15	5.706419542
C2orf42	-12.766737530000007
C2orf49-DT	-36.64923892000001
C2orf68	24.919365345
C2orf69	56.949184349999996
C2orf72	20.187287626666674
C2orf74-DT	12.628758854999987
C2orf76	-12.881166279999988
C2orf80	0.7460847850000003
C2orf81	3.9950026800000025
C2orf92	15.30845966
C3	1724.1737979999998
C3AR1	-1.8914857000000005
C3P1	7.114901060000001
C3orf18	18.293739950000003
C3orf22	-0.4859130520000008
C3orf36	0.8261668680000005
C3orf38	-8.866719948249994
C3orf49	-0.4017925489999996
C3orf52	5.2678415395000044
C3orf62	-1.0434121999999988
C3orf70	-0.13919783250000073
C3orf80	-0.08892404599999981
C3orf85	-0.46760500100000035
C4B	-14.250445893333339
C4BPA	1.1760438399999984
C4BPB	1.1158219870000003
C4orf17	-1.5087310600000006
C4orf33	0.025397843666667086
C4orf36	-0.3096578660000002
C4orf46	-12.16000846499999
C4orf54	0.40245951700000004
C5	-176.11037499
C5AR1	-3.7910619499999996
C5AR2	-2.8582605599999997
C5orf15	100.59873848000001
C5orf22	-125.59537039999995
C5orf24	38.226540146666665
C5orf34	-23.826707900000017
C5orf46	0.22643054000000085
C5orf47	0.07196244850000078
C5orf58	-0.2512204520000001
C5orf63	-1.1231135375
C6	-1.436595884
C6orf118	-0.2968350655000003
C6orf120	-114.84776045000001
C6orf132	-0.03301055500000061
C6orf136	35.61450916999999
C6orf141	-0.17749384849999927
C6orf147	5.421634790000002
C6orf15	-1.2990019899999972
C6orf163	1.9649313189999997
C6orf47	24.219885930000004
C6orf52	-6.269546037333335
C6orf58	-0.8411638919999991
C6orf62	206.03268492
C6orf89	25.018424324999998
C7	-0.5016373749999996
C7orf33	-0.002249038000000425
C7orf57	-0.07701325500000022
C8A	-9.82893178
C8B	-3.5543548400000002
C8G	0.10318434999999937
C8orf17	-0.7648148260000003
C8orf33	-31.40929833499999
C8orf34	0.05753379500000033
C8orf34-AS1	0.823027454
C8orf44	-1.2928849400000004
C8orf44-SGK3	41.24199132666668
C8orf48	11.754077950000003
C8orf58	0.905936269999998
C8orf74	1.5737299769999993
C8orf76	-37.40242980000001
C8orf82	-5.040790400000006
C8orf88	-10.735211580000012
C9	0.917728254
C9orf152	-0.12675696400000014
C9orf163	-1.5867305700000003
C9orf40	-0.5522064250000014
C9orf43	2.7500163099999995
C9orf50	-7.076352960000001
C9orf57	0.5070193739999995
C9orf72	-27.502537675333343
C9orf78	19.607468300000008
C9orf85	4.381665170000005
CA1	0.5682808890000004
CA10	-0.570550527
CA11	-26.184786830000007
CA12	51.97364567971429
CA13	-45.23270874000001
CA14	-2.5355214240000006
CA2	-660.510853
CA3	0.06408932999999983
CA4	-2.359155199
CA5A	-4.911761670000001
CA5B	-4.489780639999999
CA5BP1	-22.60669897333333
CA6	0.19650866050000015
CA7	-1.2743625499999993
CA8	-0.23897601333333274
CA9	107.96279105400001
CAAP1	-55.18219260499998
CAB39	-32.593492225000006
CAB39L	-27.916455699999993
CABCOCO1	1.0095516030000002
CABIN1	14.722349170000001
CABLES1	25.935465206666663
CABLES2	89.3632754
CABP1	-3.0100927310000003
CABP2	1.5450611399999996
CABP4	-0.9921130609999995
CABP5	-1.1879047669999991
CABP7	28.73346101
CABS1	-0.06314575700000002
CABYR	-9.044062885000002
CACFD1	0.026911609999984876
CACHD1	-11.961825520000005
CACNA1A	0.5374748214
CACNA1B	0.24339133049999973
CACNA1C	-0.34653809224999854
CACNA1D	3.940769904749999
CACNA1E	0.9287958076666669
CACNA1F	-1.546682539999999
CACNA1G	0.38898094040000153
CACNA1G-AS1	1.9634687500000005
CACNA1H	0.3155523299999956
CACNA1I	0.2298510033333372
CACNA1S	0.8226680000000002
CACNA2D1	1.039377949999995
CACNA2D2	7.528938430000004
CACNA2D3	-5.495768270000001
CACNA2D4	1.4667717484999994
CACNB1	-2.7332853696666675
CACNB2	-0.5152691525000002
CACNB3	24.897022784999997
CACNB4	0.002511364500000113
CACNG1	2.769215019999997
CACNG2	-0.640433935499999
CACNG3	0.20197996000000096
CACNG4	18.77806648566667
CACNG5	-1.0154514915000004
CACNG6	-3.6091329050000027
CACNG7	-0.4100765019999999
CACNG8	1.3124801343333345
CACTIN	-2.963682633999994
CACUL1	13.494161856999995
CACYBP	-144.91217889049994
CAD	1.0947504445000078
CADM1	4.9978381048
CADM2	-0.18654735219999985
CADM2-AS1	-0.0005545950000001021
CADM3	0.18088386899999875
CADM3-AS1	0.05117083199999861
CADM4	-1.0282418030000002
CADPS	-0.019366893499999982
CADPS2	-14.25941756
CAGE1	0.32147989999999993
CAHM	-0.11047917999999868
CALB1	-113.05032429499998
CALB2	-4.110053679
CALCA	-4.629640419500001
CALCB	-0.05330945900000028
CALCOCO1	8.800762460000001
CALCOCO2	-124.01583508575001
CALCR	0.21508834349999972
CALCRL	0.47309626266666704
CALD1	32.67936488636363
CALHM1	-2.6844462400000015
CALHM2	-2.641229150000001
CALHM3	1.5606060399999997
CALHM4	0.40340948300000035
CALHM5	0.6346882770000004
CALHM6	-0.3646332117500011
CALM1	360.1199418234546
CALML3	-0.6765450469999994
CALML4	2.8236170344000016
CALML5	0.7979937250000004
CALML6	1.0130026440000002
CALN1	3.030385776666666
CALR	-114.43314310999989
CALR3	0.2365739540000007
CALU	39.47079293200005
CALY	1.1147958320000004
CAMK1	0.7881667300000004
CAMK1D	-0.06202603999999923
CAMK1G	0.3522024969999995
CAMK2A	0.10758822500000065
CAMK2B	-1.1870384600000037
CAMK2D	23.864386153999988
CAMK2G	15.442883105
CAMK2N1	-6.10355340000001
CAMK2N2	7.683929485
CAMK4	0.1101809126666673
CAMKK1	7.639616215000004
CAMKK2	54.29138622375001
CAMKMT	-11.9635822005
CAMKV	0.34685975000000013
CAMLG	130.4168156
CAMP	1.4129131900000012
CAMSAP1	-16.709684502857144
CAMSAP2	-49.06806058666666
CAMSAP3	13.200190939999999
CAMTA1	-18.054252805000033
CAMTA2	-4.249635040000001
CAND1	-70.21766250757145
CAND1.11	-0.07820455249999902
CAND2	-0.24632215900000176
CANT1	51.69951411666668
CANX	-711.6190929324002
CAP1	608.8894224999995
CAP2	262.54770265
CAPG	2.1355128000000008
CAPN1	24.321143215000006
CAPN10	-2.7574844600000006
CAPN10-DT	0.28839867399999974
CAPN11	1.7984987619999995
CAPN12	-4.661183100000002
CAPN13	1.0165274263333348
CAPN14	-0.3633278849999999
CAPN15	-4.6991975450000005
CAPN2	150.1280889100001
CAPN3	3.330918553
CAPN5	13.594916425000001
CAPN6	0.24463333466666626
CAPN7	-137.69644245
CAPN8	34.333322279
CAPN9	0.7684324149999995
CAPNS1	59.2662335
CAPNS2	-1.2365407100000017
CAPRIN1	36.944009163124974
CAPRIN2	-2.4640812999999895
CAPS	-0.23953317500000182
CAPS2	0.3704420045000001
CAPSL	-0.35646128
CAPSL-DT	2.7577406100000026
CAPZA1	155.40976474900003
CAPZA2	70.66138905933326
CAPZA3	-1.0387321009999995
CAPZB	39.386381938499994
CARD10	208.9185722866666
CARD11	-6.9584163650000015
CARD11-AS1	-0.32016201199999994
CARD14	-0.22403655216666607
CARD16	0.27032137600000006
CARD18	8.787956508
CARD19	28.473256820000003
CARD6	15.17691147
CARD8	-2.4569697782499986
CARD8-AS1	7.761635206499999
CARF	2.3534034184999992
CARHSP1	59.984568667499985
CARINH	2.739969984249999
CARM1	-75.1064419
CARMIL1	39.859603418999995
CARMIL2	-8.026832435
CARMIL3	-6.64784216999999
CARMN	1.6960671639999987
CARNMT1	-9.951563661000002
CARNMT1-AS1	-0.7664026460000004
CARNS1	1.729696508
CARS1	-208.78447437100004
CARS1-AS1	0.22580857999999981
CARS2	-9.123668189199996
CARTPT	-3.1277373500000003
CASC11	0.9036657860000004
CASC15	22.436190253
CASC16	-3.3366595209999987
CASC17	2.72756113
CASC18	-0.7107582350000001
CASC2	0.9034338238000004
CASC22	-0.023919431999999574
CASC3	-7.258498800000012
CASC6	-0.014292571000000365
CASD1	6.779130370000004
CASK	4.055497211800002
CASKIN1	-10.38136509933333
CASKIN2	-5.1567782749999935
CASP1	0.5866193199999987
CASP10	-1.0272544584999999
CASP12	0.6728287269999997
CASP14	-0.67764062
CASP16P	0.6513394600000009
CASP2	19.05624696657143
CASP3	-7.686254720000001
CASP4	21.170038317500005
CASP4LP	0.24759763600000007
CASP5	-0.33790237399999956
CASP6	101.962216375
CASP7	101.5722064
CASP8	39.10703355133333
CASP8AP2	14.09822647099999
CASP9	-0.8196440276666692
CASQ1	0.2766733400000003
CASQ2	1.164610784999999
CASR	-0.8079275509999988
CASS4	0.6251562079999999
CAST	95.05571368260001
CASTOR1	31.15002881
CASTOR2	-4.47579479999996
CASTOR3P	17.995386955
CASZ1	-14.41898727480001
CAT	364.7742608230001
CATED	62.90426236000002
CATIP-AS1	21.35750606
CATR1	-0.7379632329999999
CATSPER1	-4.591719270000002
CATSPER2	-0.4701032060000001
CATSPER2P1	1.6395921999999992
CATSPER3	-0.32699798300000005
CATSPERB	0.33107288450000016
CATSPERD	-0.582692454
CATSPERE	0.6544652695000002
CATSPERG	1.5411801096666675
CATSPERH	-5.563886739999997
CATSPERT	0.0300643419999993
CATSPERZ	2.5819047700000013
CAV1	475.83497272
CAV2	264.0363334166666
CAV3	-4.186532719999999
CAVIN1	54.74543972000001
CAVIN2	-0.5792433905000003
CAVIN3	-0.392286876
CAVIN4	-1.3900674260000008
CBARP	-2.5559895087500024
CBFA2T2	10.351357101999994
CBFA2T3	-1.6539801079999998
CBFB	-7.931700085000017
CBL	-36.76939039199999
CBLB	-3.641946445000002
CBLC	-2.701118004999998
CBLIF	-0.3543114479999998
CBLL1	-45.634784464999996
CBLL1-AS1	-4.55001064
CBLL2	2.19939424
CBLN1	-0.5990201089999996
CBLN2	1.2888988239999994
CBLN3	-11.045112989999996
CBLN4	-0.28511636500000037
CBR1	97.76580940000002
CBR3	-0.5883386399999999
CBR3-AS1	4.8242917149999975
CBR4	5.7848097133332885
CBS	-368.49356900666675
CBX1	-136.9748035
CBX2	9.818627579999998
CBX3	-173.69957758999988
CBX3P2	0.8672012980000003
CBX4	-38.12858165499995
CBX5	-39.109419156
CBX6	-120.74635390000003
CBX7	-0.9017880199999979
CBX8	-0.10441927999999834
CBY1	10.915087670999995
CBY2	-0.5725204609999999
CBY3	-0.2624992380000002
CC2D1A	0.8490054789999988
CC2D1B	-8.254766949499995
CC2D2A	0.04399358675000009
CC2D2B	-0.5873591460000007
CCAR1	-253.7403621300001
CCAR2	13.735280375333318
CCBE1	-1.0321951086666674
CCDC102A	-1.6346270700000005
CCDC102B	-0.23595979700000003
CCDC106	22.686409740000002
CCDC107	29.160657130000004
CCDC110	0.01421506600000022
CCDC112	-7.6783765599999985
CCDC116	-0.7065485299999992
CCDC117	30.241336880000006
CCDC12	140.4842375
CCDC120	-1.6196109545000006
CCDC121	1.8670200669999986
CCDC122	0.07118932900000008
CCDC124	-6.093646515000003
CCDC125	4.65520708
CCDC126	4.654355295000002
CCDC127	-11.341558864999996
CCDC13	-0.23735902399999986
CCDC13-AS1	0.8349551359999996
CCDC13-AS2	-0.08603837400000014
CCDC134	-22.396298005000006
CCDC136	-1.7516833233333333
CCDC137	-74.65023489999999
CCDC138	6.661160184999993
CCDC14	28.78119815866667
CCDC140	1.0444322860000002
CCDC141	-0.28961377750000006
CCDC142	-7.735273580000001
CCDC144A	0.07045639950000115
CCDC144BP	-0.02398759400000028
CCDC144CP	-0.3160920570000001
CCDC144NL-AS1	-5.967214202500003
CCDC146	4.336691625
CCDC148	-1.6144279299999997
CCDC148-AS1	-0.8315534319999998
CCDC149	-3.8751526950000006
CCDC15	8.338702300000001
CCDC150	5.54235464366667
CCDC152	30.181717671
CCDC154	-2.6541566499999973
CCDC157	0.35300868866666235
CCDC158	-0.5707743830000007
CCDC159	17.386491319999998
CCDC160	-0.9009994719999996
CCDC163	-33.337803050000005
CCDC167	-38.0419536
CCDC169	-1.6238854511999996
CCDC17	-0.1995423049999996
CCDC170	-0.5956612029999997
CCDC171	-0.32733033785714305
CCDC172	0.7016489660000005
CCDC174	-81.87813095333334
CCDC177	-2.692444301
CCDC178	1.469199230000001
CCDC18	-3.023957639999992
CCDC18-AS1	85.12093049
CCDC180	8.110790868499997
CCDC181	0.7944194526666672
CCDC182	-0.5278133600000032
CCDC184	-1.145259202
CCDC185	-2.442489322
CCDC186	64.28368141666668
CCDC187	-1.4593841700000016
CCDC190	0.15034966900000013
CCDC191	-1.6561280000000007
CCDC196	0.37000405800000014
CCDC197	-0.4354166863333333
CCDC198	-75.59314122999999
CCDC22	0.34385636999999747
CCDC24	25.14927301000001
CCDC25	-21.152290645000022
CCDC26	-0.4932449630000004
CCDC27	-1.927924169999999
CCDC28A	-70.0555498
CCDC28A-AS1	2.9084426400000005
CCDC28B	0.2674780650000024
CCDC3	-7.19343301
CCDC30	-0.22809416149999961
CCDC32	-9.564707279999986
CCDC33	1.5559615304999994
CCDC34	-92.95275185150001
CCDC38	-0.4754390750000006
CCDC39	0.4736991340000003
CCDC40	1.3693897550000003
CCDC42	-0.4884352249999999
CCDC43	-36.223583099999985
CCDC47	-106.0923971499999
CCDC50	-228.12032894200001
CCDC51	-50.011932
CCDC54	-0.2115313780000001
CCDC57	1.7438543779999982
CCDC59	-419.86046205
CCDC6	17.125402180000037
CCDC60	1.1285733799999988
CCDC61	2.1327372339999986
CCDC62	2.643763999999999
CCDC63	-0.8951867799999995
CCDC66	0.12400145000000151
CCDC68	61.69532140000001
CCDC69	13.729191926499997
CCDC7	2.100453985333333
CCDC70	-1.3815668199999998
CCDC71	-4.012765180000002
CCDC71L	-1.8207400697500002
CCDC74A	2.2039567899999994
CCDC77	2.9432518699999974
CCDC78	0.40269245
CCDC8	27.555366445000004
CCDC80	0.5783821036666676
CCDC81	0.3585764950000012
CCDC82	21.96426875224998
CCDC83	0.06900119599999988
CCDC85A	-1.6034473669999993
CCDC85B	-3.1944776466666625
CCDC85C	-20.705856085
CCDC86	-293.3279
CCDC87	2.1753573599999996
CCDC88A	5.022949439333331
CCDC88B	11.718595820000004
CCDC88C	-7.250618048333337
CCDC89	-0.15880467799999964
CCDC9	-5.57542428
CCDC90B	-47.706268713666674
CCDC91	-26.971512434999994
CCDC92	6.718560800000006
CCDC93	-10.295045362500005
CCDC97	-0.9554330733333316
CCDC9B	59.67992631
CCDST	-0.2144437469999998
CCER1	-0.8461158799999993
CCHCR1	35.26648248999999
CCIN	-1.751465155
CCK	49.014357630000006
CCKAR	1.4392195819999998
CCKBR	0.07561056249999965
CCL1	-0.21072832900000016
CCL11	-0.15751802900000023
CCL13	-0.6799846230000011
CCL15-CCL14	-127.50504587500001
CCL16	5.700289562
CCL17	-1.3037001900000007
CCL18	1.2974253620000002
CCL19	0.2667556950000005
CCL2	-11.39636839
CCL20	-182.65786279999998
CCL21	-2.882245219999998
CCL22	0.7797465800000012
CCL23	-0.07095482649999951
CCL24	-0.14527447999999943
CCL25	-2.5917829279999998
CCL26	1.3610934590000001
CCL27	-2.9022094050000007
CCL28	22.874680143333336
CCL3L1	5.81605201
CCL4	0.10645729599999942
CCL5	-0.46098287299999896
CCL7	-0.7445694950000004
CCL8	-0.47890970899999985
CCM2	45.96467279999999
CCM2L	3.421984423000005
CCN1	-1727.0852654000003
CCN2	-320.43052969999997
CCN3	0.007166986999999736
CCN4	1.7518364692499997
CCN5	-0.5617306800000001
CCN6	-7.3627634795
CCNA1	-0.2450480500000003
CCNA2	-95.76648455000003
CCNB1	-281.29941594999997
CCNB1IP1	-2152.7517355
CCNB2	-49.820939248666676
CCNB3	-19.71565467
CCNC	-63.241143811500024
CCND1	357.27448949999996
CCND2	-28.783847230249997
CCND3	-2.1904461999999967
CCNDBP1	-37.35639370000001
CCNE1	44.6663383155
CCNE2	91.41565849999999
CCNF	10.180832574999997
CCNG1	-116.5183657
CCNG2	45.303087189799996
CCNH	-376.0935784
CCNI	85.20404641333346
CCNJ	-68.6770611613333
CCNJL	52.60477032
CCNK	-94.13527374499998
CCNL1	0.8103324309999778
CCNL2	47.79388781000003
CCNO	-12.28325988999999
CCNP	-5.91816717999999
CCNQ	-22.47886120000001
CCNT1	-98.11648025
CCNT2	-25.320958917750005
CCNT2-AS1	0.8809306489999997
CCNY	90.65780872619996
CCNYL1	-88.00306160000002
CCNYL2	-18.22813429
CCP110	6.260220255499995
CCPG1	-57.305980248
CCR1	0.049681259500000685
CCR10	3.5196834700000004
CCR2	0.6631660325000004
CCR3	0.7048254160000003
CCR4	1.2072439899999985
CCR5	-0.7764609499999988
CCR6	-0.2679572419999996
CCR7	-0.4475692929999999
CCR8	-0.533787224000001
CCR9	-0.7807320039999999
CCRL2	1.6779892370000002
CCS	41.874253499999995
CCSAP	0.2775140362500039
CCSER1	0.1665812759999996
CCSER2	-20.443013529249995
CCT2	-549.0176144999996
CCT3	-285.1903209999998
CCT4	-337.4187423999999
CCT5	-372.69837528999994
CCT6A	-314.80015775000015
CCT6A2P	-45.25392223
CCT6B	-19.658840060000003
CCT7	-227.2877633999999
CCT8	-318.2284238924999
CCT8L2	-0.5461395699999994
CCZ1	-193.35566516333347
CCZ1B	-8.410462760000001
CD101	1.7689444749999979
CD109	247.2653161666667
CD14	0.4126268470000003
CD151	11.84463790000001
CD160	-1.0543764490000003
CD163	0.8587458193333335
CD163L1	28.548972636000002
CD164	-149.03018096666665
CD177	1.956992957999999
CD180	-6.830384040000002
CD19	-0.8993034870000001
CD1A	0.8379559299999997
CD1B	-0.15422604300000042
CD1C	-0.91199795
CD1D	0.1679623140000004
CD1E	-2.287330986999997
CD2	-0.7738677099999993
CD200	-0.07165634500000007
CD200R1	-0.008757093500000757
CD207	1.5096266189999996
CD209	-2.9108522266666625
CD22	1.4780892562499979
CD226	-0.3617880290000004
CD24	2578.0381996666665
CD244	-0.5367899620000003
CD247	-2.5701821999999996
CD248	1.7304317900000008
CD27	-3.7639945400000006
CD274	-1.2991133130000012
CD276	10.493212792999998
CD28	-0.6334598210000006
CD2AP	79.79963366000004
CD2BP2	3.298437849999999
CD2BP2-DT	0.3024141029999994
CD300A	-1.9549487106666685
CD300C	-0.7705988999999995
CD300LB	-0.2922083200000003
CD300LD-AS1	0.268852152
CD300LF	-1.943086493
CD300LG	-0.4745082012500035
CD320	-71.71893779999999
CD33	-0.6228444870000001
CD34	1.2744908900000027
CD36	0.6338672754000001
CD37	-0.2196438409999999
CD38	0.3265836799999988
CD3D	-1.1080646600000001
CD3E	-0.003856689999999219
CD3G	0.1091296719999999
CD4	-0.308749581999999
CD40	1.9039993637499961
CD40LG	-0.33133047000000104
CD44	101.44620957753845
CD46	75.97001319666666
CD47	-9.903147407857134
CD48	-0.9372994374999983
CD5	-4.698755859999999
CD52	-0.6936874314999999
CD53	-0.7293880796666663
CD55	-42.08686088666667
CD58	128.8967211422
CD59	123.160746034
CD5L	-1.233902595
CD6	0.15459237114285962
CD63	1363.849714
CD69	-0.06949016200000013
CD7	-4.0867531535
CD70	7.899157900000006
CD72	-1.8304614600000004
CD74	0.5610063259999976
CD79A	-3.3588288199999994
CD79B	0.7581632366666682
CD80	0.3292049626666653
CD81	91.24081949999999
CD81-AS1	4.527010990000001
CD82	10.466504879999995
CD83	9.673266660000003
CD84	-0.11337679000000023
CD86	0.13190894866666625
CD8A	0.9991830200000003
CD8B	0.8708774157499999
CD9	5.4715993623333326
CD93	-0.11509975550000018
CD96	0.2595290434999997
CD99	-49.16767289999996
CD99L2	0.8579254509999998
CD99P1	-5.521382110000001
CDA	26.523977050000003
CDADC1	-29.132178457500004
CDAN1	19.609279365000006
CDC123	-196.13910470000002
CDC14A	-0.4803290890000005
CDC14B	-36.54402384737501
CDC14C	0.010820064999999879
CDC16	-73.28784956666664
CDC20	-168.198784
CDC20B	-0.8050752556000003
CDC23	-11.112165245
CDC25A	-40.14833896666667
CDC25B	195.7743544
CDC25C	-0.15000756033333573
CDC26	-82.4996893
CDC27	-35.173161549999975
CDC34	-19.607246640000028
CDC37	164.75
CDC37L1	-24.75150534099999
CDC40	-22.973647545000006
CDC42	65.58681248540003
CDC42-IT1	3.0625069289999995
CDC42BPA	-40.42605362159999
CDC42BPB	42.943153065000004
CDC42BPG	-1.5465415365000013
CDC42EP1	-145.6893973
CDC42EP2	-5.458069500000008
CDC42EP3	-0.7189857094999983
CDC42EP4	26.562229700000003
CDC42EP5	0.8539889389999997
CDC42SE1	-26.06939973750002
CDC42SE2	-33.09500450999997
CDC45	127.05355987
CDC50A	67.77855360000001
CDC50B	-60.15529173149999
CDC5L	74.78095760899998
CDC6	-182.82340830000004
CDC7	-43.11231939999999
CDC73	-28.07738609666667
CDCA2	80.5052809
CDCA3	33.65304864999999
CDCA4	-10.686840000000018
CDCA5	62.161611300000004
CDCA7	98.546891405
CDCA7L	162.1086254
CDCA8	2.6247709000000015
CDCP1	5.5450380086666655
CDH1	311.1936953
CDH10	-1.6898170439999998
CDH11	-0.5663719207500009
CDH12	0.44951162999999994
CDH13	0.7316368259999999
CDH15	1.2654148699999972
CDH16	-9.057993
CDH17	95.66957555
CDH18	-2.9246291100000006
CDH19	3.0090027509999997
CDH2	-183.64273559
CDH20	0.9827094200000008
CDH22	-6.501678130000002
CDH23	2.7089476979999993
CDH24	4.760070489999997
CDH26	-0.561236580750001
CDH3	2.607530930000001
CDH4	-0.2470638919999999
CDH5	0.9060119669999995
CDH6	0.3779044673333338
CDH7	0.22200500349999963
CDH8	-0.07877927799999984
CDH9	-0.26951782899999976
CDHR1	0.1739384064999996
CDHR2	0.45598937000000106
CDHR3	-2.9669899394999995
CDHR5	-0.7707003233333349
CDIN1	2.057051449333329
CDIP1	-29.251999119999994
CDIPT	-49.364442800000006
CDIPTOSP	-1.7832876199999994
CDK1	63.63945220249997
CDK10	2.3465590966666525
CDK11A	40.96635038999999
CDK12	-18.889437136249995
CDK13	-13.062275145714267
CDK14	-18.413951716666666
CDK15	-1.6820182909999986
CDK16	-36.98501778000001
CDK17	-110.386048064
CDK18	6.77808229
CDK19	45.96970330875
CDK2	26.064888791666675
CDK20	-16.077781820000002
CDK2AP1	228.55974800000013
CDK2AP2	-66.4676139
CDK3	20.83807069999999
CDK4	-630.6076539999999
CDK5	64.720552
CDK5R1	-1.5552538150000004
CDK5R2	-1.4947340100000002
CDK5RAP1	60.42180639999998
CDK5RAP2	-2.862835693333352
CDK5RAP3	69.38652059999998
CDK6	-97.10124663885712
CDK7	-54.80015259999999
CDK8	-81.25711310999999
CDK9	9.099526183333332
CDKAL1	-8.204728345
CDKL1	1.4724170240000003
CDKL2	-0.09183996600000022
CDKL3	-2.5987156342499986
CDKL5	-0.31203149349999926
CDKN1A	351.27564115999996
CDKN1B	-212.52176310000004
CDKN1C	-0.850289440000001
CDKN2A	30.377782136666653
CDKN2A-AS1	-1.071623559999999
CDKN2AIP	-19.182450789999997
CDKN2B	42.195219595000005
CDKN2B-AS1	-0.08337230299999998
CDKN2C	42.00972175
CDKN2D	2.329021815000001
CDKN3	-74.91664430000003
CDNF	-0.4992530999999989
CDO1	1.4153517300000003
CDON	-7.676592716999998
CDPF1	-1.2155572499999892
CDR1	-0.06028306600000022
CDR2	-136.61820439999997
CDR2-DT	0.558450261
CDR2L	31.816132299999992
CDRT15	-2.667162339999999
CDRT15L2	-0.28979492100000037
CDS1	-3.455873089999999
CDS2	-3.912107603599992
CDSN	-1.9884291304999984
CDT1	31.245274289999998
CDV3	-156.91792241666656
CDX1	1.5285841100000006
CDX2	2.8807143500000016
CDX4	-4.04848617
CDY1	0.09298954000000004
CDY1B	0.6461888790000003
CDYL	-42.19194537666665
CDYL2	-4.001393540000002
CEACAM1	10.876260532000002
CEACAM19	2.485547159999996
CEACAM21	-0.030488095500000867
CEACAM3	-2.1658028226666737
CEACAM4	3.511986989999997
CEACAM5	1.5067447869999988
CEACAM6	116.398843873
CEACAM7	0.3437000656666669
CEACAM8	0.953317379
CEBPA	54.2023112
CEBPA-DT	1.7650384099999954
CEBPB	-204.9386910000003
CEBPD	124.33573677799998
CEBPE	0.05800024000000015
CEBPG	-289.39344035000005
CEBPZ	-148.5829807
CEBPZOS	17.08981265
CECR2	-8.232920711999999
CECR3	-1.3543537299999997
CECR7	-1.28937947
CECR9	-0.46598181649999937
CEL	-0.5817029934999995
CELA1	-0.08013535999999988
CELA2A	-0.3553331779999995
CELA2B	1.6319246929999993
CELA3A	0.8691070774999989
CELA3B	2.37678322
CELF1	-67.08288671714286
CELF2	-1.4863509169999993
CELF2-AS1	-0.604167519999999
CELF3	-0.20025933499999837
CELF4	0.3147072348571438
CELF5	8.151983238666666
CELF6	-0.8382342899999999
CELP	-1.6209040900000016
CELSR1	1.1694699490000033
CELSR2	13.782180389999994
CELSR3	-16.635852694999997
CEMIP	332.10000487499997
CEMIP2	858.0713539999999
CEMP1	-0.310326813333333
CENATAC	-93.95044289999998
CEND1	-9.185716720000002
CENPA	-8.830106799999982
CENPB	12.238721239999997
CENPBD1P	8.57444538499999
CENPBD2P	-11.25538426
CENPC	14.095458830000002
CENPE	-30.020082099999996
CENPF	-28.071945537333335
CENPH	-18.377077099999994
CENPI	17.7807793955
CENPK	38.2625166
CENPL	-11.994909920000012
CENPM	-31.752781700000014
CENPN	1.7652191599999867
CENPO	-12.894862700000004
CENPQ	-14.199999999999989
CENPS	127.07978800000001
CENPT	3.96847245
CENPU	-3.9444173920000054
CENPV	2.6828619266666465
CENPVL2	-10.815965090000002
CENPW	-90.38738899999998
CENPX	303.5709246
CEP104	-20.33832286566666
CEP112	8.84728633933333
CEP120	-60.15006876849999
CEP126	23.471825122
CEP128	9.178570576999999
CEP131	7.5365786600000035
CEP135	4.517527023500001
CEP15	-188.58382658999994
CEP152	1.4307460244000048
CEP162	6.966852610000004
CEP164	-24.083791453333333
CEP170B	-10.076240499999997
CEP170P1	-24.21704826499999
CEP19	16.161534090000004
CEP192	22.46424355
CEP192P1	0.13501825966666825
CEP20	-83.01562464500003
CEP250	26.716037766666666
CEP290	-47.66251140333334
CEP295	14.278558697500003
CEP350	-18.360311760000002
CEP41	5.438886290833334
CEP43	46.76045120559999
CEP44	9.039675403999997
CEP55	129.60724539999995
CEP57	-11.917783400000019
CEP57L1	-3.2009726677499994
CEP63	10.073826032999989
CEP68	4.371534283999999
CEP70	-11.66967081
CEP72	20.6428363
CEP72-DT	0.060835299999999926
CEP76	48.95519057000001
CEP78	7.293534830000013
CEP83	-24.922257759499985
CEP83-DT	-1.5339344399999995
CEP85	-3.5749870300000026
CEP85L	-29.124835754000003
CEP89	-5.992415038333334
CEP95	-5.607571543000002
CEP97	-5.416628516333333
CEPT1	-36.21791955999997
CER1	-0.9478706840000015
CERCAM	17.357696589999996
CERK	97.0839079
CERNA1	7.23228254
CERS2	-728.5112397999999
CERS3	-0.9134188895000008
CERS4	20.017328250000002
CERS5	25.352563689500016
CERS6	32.27928202000001
CERT1	108.42289887749999
CES1	-6.417666345000001
CES1P1	-0.2777294399999999
CES2	51.678834516666655
CES3	1.2620521850000017
CES4A	-0.6162661999999983
CES5A	-0.7922741669999995
CETN1	-3.306746180000001
CETN2	233.8741362
CETN3	-22.380642599999987
CETN3-AS1	-1.1857364989999999
CETP	0.7846956279999997
CFAP100	-1.7704420704999997
CFAP100-DT	-0.5601965270000022
CFAP107	0.2620198499999997
CFAP119	2.7737248200000018
CFAP126	-0.650710116
CFAP157	-0.48360453199999753
CFAP161	0.5166165459999998
CFAP184	3.5653000699999993
CFAP20	-35.88126009999996
CFAP206	-0.2984360100000032
CFAP20DC	0.2543062540000012
CFAP210	2.1141705460000004
CFAP221	-0.5907908687500001
CFAP251	1.3464347436666682
CFAP263	31.670388709999997
CFAP276	0.7792622530000006
CFAP298	27.294568289999916
CFAP299	0.8704630569999998
CFAP300	-0.566886393499999
CFAP36	-25.54342330000003
CFAP410	5.244867480285713
CFAP418	9.458197810000001
CFAP43	0.5311690137499987
CFAP44	22.665213736000005
CFAP45	-2.402242130000001
CFAP46	0.611268507666666
CFAP47	-2.7670627330000013
CFAP52	0.2371342685000002
CFAP53	0.3272430445000012
CFAP54	-0.03492715800000035
CFAP57	0.8453098170000004
CFAP58	-1.1239478815000004
CFAP61	-0.6810213959999984
CFAP65	0.37388478999999997
CFAP65-AS1	0.8400580140000002
CFAP68	48.177065191999986
CFAP69	-1.8215934605000008
CFAP70	0.34697974366666706
CFAP73	6.806940655000005
CFAP74	-1.2620100753333325
CFAP90	-0.503639883
CFAP91	-0.17060726799999948
CFAP92	1.0214153036666644
CFAP95	-10.089949829999998
CFAP95-DT	2.6168046780000003
CFAP96	1.8212134555000006
CFAP97	-22.509662560250007
CFAP97D1	-0.17057462200000018
CFAP99	-1.6011062570000005
CFB	-0.272604813500001
CFC1	-0.23019201066666817
CFC1B	0.3276680279999997
CFD	23.981013100000006
CFDP1	31.567087329999993
CFH	-0.4821626299999995
CFHR2	3.7467406600000004
CFHR3	-0.13090871750000055
CFHR4	0.34923010099999985
CFHR5	0.07857305199999987
CFI	21.620907396999996
CFL1	547.0835955814998
CFL2	-80.05594293333331
CFLAR	6.4534068386154075
CFLAR-AS1	1.93993914
CFP	0.5151893960000002
CFTR	-0.0452806240000001
CGA	-33.903521874
CGAS	1.7194926416666672
CGB3	1.7921372800000022
CGB7	-1.7667469430000011
CGGBP1	-25.175345600000014
CGN	65.879371045
CGNL1	6.659344314999991
CGREF1	-1.6508128799999966
CGRRF1	-21.576323299999984
CH25H	0.4405850460000007
CHAC1	-330.6341292
CHAC2	-31.387661199999997
CHAD	2.997411211000001
CHADL	-2.2179146000000003
CHAF1A	44.9863103685
CHAF1B	50.390561410000004
CHAMP1	-108.62115370000001
CHASERR	-6.430995556749991
CHAT	-1.5607500099999996
CHCHD1	233.05014400000005
CHCHD10	-657.7493702
CHCHD2	-1007.4670989999995
CHCHD3	-78.56814764399999
CHCHD4	-120.90834519999999
CHCHD5	-39.13157477666666
CHCHD6	-70.94869878
CHCHD7	11.429327244999996
CHCT1	0.2621637699999999
CHD1	-119.84866200000002
CHD1L	-70.79625301749999
CHD2	13.319903052499996
CHD3	-10.223190759999994
CHD4	73.30245479999999
CHD5	0.0005163254999995814
CHD6	0.44430157649999913
CHD7	-4.597880172999993
CHD8	47.48695907999999
CHD9	2.482436955857125
CHDH	-17.00563446142857
CHEK1	-4.341236442499991
CHEK2	-2.017068600000016
CHERP	14.055052610000018
CHFR	-4.629065486666676
CHGA	-1.5342309999999983
CHGB	-4.57029786
CHI3L1	-0.019225977000000505
CHI3L2	-3.7319390000000006
CHIA	-0.96938016
CHIAP2	0.153936281
CHIC1	-0.19066642833332992
CHIC2	-101.8832968
CHID1	23.313685819999996
CHIT1	-1.219688315
CHKA	87.01622729999997
CHKB	57.31325670000001
CHKB-CPT1B	-0.6112250449999976
CHKB-DT	4.379097120000001
CHL1	0.02436930100000012
CHL1-AS1	0.3869738340000004
CHLSN	-7.0297784800000045
CHM	32.01647983666663
CHML	20.44734737866667
CHMP1A	43.5461019
CHMP1B	70.94840244000002
CHMP2A	16.74228860000005
CHMP2B	106.73150106666668
CHMP3	48.17044490000001
CHMP4A	4.665508664999997
CHMP4B	59.28426784999999
CHMP4C	-18.0074793
CHMP5	-166.41255294999985
CHMP6	-9.557721930000014
CHMP7	-1.2386535599999888
CHN1	-16.119886699999995
CHN2	-0.7175096416666662
CHODL	-1.36115399
CHORDC1	-247.265817271
CHP1	-77.70207610499995
CHP2	-1.2683120599999995
CHPF	10.72347765
CHPF2	50.26233110000001
CHPT1	-32.02685012999996
CHRAC1	-31.369746640000002
CHRD	-38.356400085
CHRDL1	1.5870669450000001
CHRDL2	-3.1526661700000007
CHRM1	-0.2427255499999994
CHRM2	-0.06364480399999994
CHRM3	-0.49969553066666883
CHRM3-AS2	0.4899048810000002
CHRM4	-1.7775038599999995
CHRM5	-1.0187509879999999
CHRNA1	-0.7733867564999999
CHRNA10	-1.032116834
CHRNA2	-3.3221643899999975
CHRNA3	-1.138326310333337
CHRNA4	0.2973186697500001
CHRNA5	17.94674328
CHRNA6	-0.3200544600000015
CHRNA7	-1.5073792299999997
CHRNA9	0.7717466329999993
CHRNB1	2.689131470000003
CHRNB2	1.957197089999994
CHRNB3	0.15435561050000057
CHRNB4	-0.18050080499999988
CHRND	1.3237153299999989
CHRNE	-0.9595161700000006
CHRNG	3.8624869299999993
CHROMR	0.06448876624999933
CHST1	-2.144071775000004
CHST10	-3.007784700000002
CHST11	3.171308626
CHST12	76.77735074000003
CHST13	7.103489179999997
CHST14	-11.428114900000026
CHST15	-50.703251390000005
CHST2	-0.4312474335000003
CHST3	23.728095089999982
CHST4	0.08339837199999955
CHST5	-2.3167191300000027
CHST6	15.148797669999999
CHST7	18.658993019999997
CHST8	-3.018744810000001
CHST9	-7.646176499999996
CHSY1	-22.538031500000017
CHSY3	20.034501301
CHTF18	35.00530057
CHTF8	24.48701920000002
CHTOP	-87.12197731333328
CHUK	-98.28589549999998
CHURC1	64.31854663333331
CHURC1-FNTB	10.515936330000002
CIAO1	-47.9234266666667
CIAO2A	355.33517300000005
CIAO2B	-519.4103263999999
CIAO3	-24.297193660000005
CIAPIN1	-166.84738542600002
CIART	-2.2631308310000016
CIB1	349.4544048
CIB2	-15.495438779999994
CIB3	-0.24165456399999918
CIB4	-0.783750962
CIBAR1	-33.00656421033332
CIBAR1-DT	-0.5946520645
CIC	8.603313290000003
CIDEA	-3.3783129499999998
CIDEB	34.01944767
CIDEC	55.17218785
CIDECP1	-1.5144496700000012
CIITA	-1.2215391853333344
CILK1	1.1351871540000005
CILP	-0.49886444999999924
CILP2	0.18534618900000055
CIMAP1A	-0.024314280999998772
CIMAP1B	-0.7051157465999971
CIMAP1C	-0.29160463499999967
CIMAP1D	-8.953860970000001
CIMAP2	0.6174005440000006
CIMAP3	2.2515832600000003
CIMIP1	0.1321630090000001
CIMIP2A	-2.311393180000003
CIMIP2B	2.561613020000001
CIMIP2C	0.2316908099999999
CIMIP4	0.7703363159999999
CIMIP5	-0.37689610500000015
CIMIP6	-1.013636772
CINP	-6.858167873333336
CIP2A	-31.568241765
CIPC	-18.228963070000006
CIRBP	-37.152261244000044
CIRBP-AS1	-1.7522556820000013
CIROZ	0.04737843000000197
CIRSR	0.44812033000000895
CISD1	-106.85000000000002
CISD2	-13.000913707666655
CISD3	-10.944361340000015
CISH	4.744371979999997
CITED1	-0.9669359300000018
CITED2	267.10943485
CITED4	35.257976850000006
CIZ1	-3.6367636200000106
CKAP2	-10.471100589666676
CKAP2L	16.218030620000008
CKAP4	424.28385185233344
CKAP5	-74.15835139999999
CKB	99.30201120000004
CKLF	64.20605419999998
CKM	-0.23882064699999983
CKMT1A	6.059914419999998
CKMT2	-3.2786172869999994
CKMT2-AS1	-7.983279365000001
CKS1B	-469.97442779999994
CKS2	-612.0135580000003
CLASP1	17.345456874999996
CLASP2	-14.604977342333342
CLASRP	-3.3428660699999995
CLBA1	-6.743330620000002
CLC	1.0109659420000003
CLCA1	-0.15363387299999953
CLCA2	0.1683526332499996
CLCA3P	0.1784953709999999
CLCA4	0.16141458199999992
CLCC1	-57.860104466666655
CLCF1	-6.292099710000002
CLCN1	0.7044477600000025
CLCN2	8.9397138
CLCN3	-89.29986392500001
CLCN4	-1.1042546534000053
CLCN5	-5.537728319399996
CLCN6	-6.687797490000001
CLCN7	15.110146479999983
CLCNKB	-0.5658448472499984
CLDN1	-715.4002196000001
CLDN10	-0.5700258359999992
CLDN10-AS1	-0.20493325699999954
CLDN11	1.6718780343333322
CLDN12	-15.063786306499992
CLDN14	1.8626185699999986
CLDN15	-6.18606508000002
CLDN16	-3.654891229999997
CLDN17	-0.8451835100000018
CLDN18	-0.2627180437500005
CLDN19	-2.802030533
CLDN2	9.405719484999999
CLDN20	0.5643357199999999
CLDN22	-3.945449115333332
CLDN23	7.664199816666667
CLDN3	13.821572375000002
CLDN4	1.5542956700000001
CLDN5	2.5437177999999996
CLDN6	-5.526038667000005
CLDN7	-1.7078820599999993
CLDN8	-0.3304828900000003
CLDN9	2.5464368099999994
CLDND1	-2.7558389032499946
CLDND2	-0.8441713900000014
CLEC10A	-3.72118343
CLEC11A	-4.78311605333333
CLEC12A	-0.20720187166666637
CLEC12B	-0.25299413599999987
CLEC14A	-1.6312599299999988
CLEC16A	22.35636365
CLEC18A	-3.841839620000002
CLEC1A	-0.19941430599999954
CLEC1B	-0.974664443
CLEC2B	-0.35084094850000014
CLEC2D	2.00174064825
CLEC2L	-3.450758160000003
CLEC3A	-1.038216136
CLEC3B	-0.6020735500000001
CLEC4A	-2.5552250545
CLEC4C	0.3267039454999998
CLEC4D	-0.30939074499999997
CLEC4E	0.7646270150000003
CLEC4F	-0.26270652500000047
CLEC4G	-1.1682998500000004
CLEC4GP1	-0.44883503800000035
CLEC4M	-1.0881632745000003
CLEC5A	0.2828534629999999
CLEC7A	-0.10060922183333343
CLECL1	-0.15671359250000005
CLGN	-256.69332309999993
CLHC1	-7.2073139600000005
CLIC1	199.87267600000018
CLIC2	-0.47124361499999967
CLIC3	3.6997140230000003
CLIC4	-49.483018799999996
CLIC5	-0.9004214719999997
CLIC6	-0.7408885849999995
CLINT1	-127.0697612323334
CLIP1	-55.022815814333356
CLIP1-AS1	-0.29826178899999967
CLIP2	14.196805300000008
CLIP3	-0.09057917450000019
CLIP4	19.594242535000006
CLK1	-14.944531599999976
CLK2	102.71697130000001
CLK3	-1.579998796500007
CLK4	-4.358742634500004
CLMAT3	-2.01470694
CLMB	12.425021580000003
CLMN	36.51348415375
CLMP	-0.21581850599999974
CLN3	24.715753999999947
CLN5	56.16674654666669
CLN6	-7.949978706500005
CLN8	-4.223326498000002
CLN8-AS1	-1.5627260099999987
CLNK	-0.14835362733333302
CLNS1A	42.225154175
CLOCK	-2.2276151152500034
CLP1	79.33146758999999
CLPB	16.395801834999997
CLPP	-189.28444720000005
CLPS	-0.9577565799999981
CLPTM1	-18.597381119999994
CLPTM1L	-22.88372442299999
CLPX	-56.212192215000016
CLRN1	-0.6348792993333339
CLRN1-AS1	-0.8397454870000001
CLRN3	-1.3064079629999998
CLSPN	7.885091104999999
CLSTN1	-6.524399999999986
CLSTN2	-0.5971907155
CLSTN2-AS1	0.16901268800000047
CLSTN3	13.58893346
CLTA	266.7417937099999
CLTB	43.25313901574998
CLTC	247.9991867663332
CLTCL1	-1.0674019900000005
CLTRN	-63.54078998
CLU	131.08533864849997
CLUH	-7.210924100000014
CLUHP3	-6.408745007500002
CLUL1	0.7692768220000001
CLVS1	-0.8749169499999994
CLVS2	18.542702256000002
CLXN	0.5848621170000001
CLYBL	0.21649127999999962
CLYBL-AS1	-0.26638522600000014
CLYBL-AS2	0.1563063059999994
CMA1	-1.7195874670000002
CMAHP	0.3574542002499994
CMAS	8.031980614999995
CMBL	107.17237572333335
CMC1	-127.31352900000002
CMC2	-197.66698789999998
CMC4	36.63264832333334
CMIP	8.800577840000003
CMKLR1	-0.6850396626666679
CMKLR2	0.0823615000000002
CMKLR2-AS	0.33631826500000006
CMPK1	42.930014761666655
CMPK2	-0.21099041699999965
CMSS1	-424.53252480000003
CMTM1	-1.1278151250000015
CMTM2	-1.583682445
CMTM3	27.13628633666667
CMTM4	-32.40668091666669
CMTM5	-1.0726802400000004
CMTM6	73.22812315249996
CMTM7	30.013807680000014
CMTM8	-366.39815430000004
CMTR1	-8.41222669999999
CMTR2	-272.82293549999997
CMYA5	1.3627960399999992
CNBD1	-0.05228225850000001
CNBD2	-0.3891341689999992
CNBP	-578.2204762649999
CNDP1	0.04482727700000044
CNDP2	-119.61442598000001
CNEP1R1	-103.01799319999998
CNFN	8.72202467
CNGA1	1.909473662999999
CNGA3	-0.13484182899999997
CNGA4	-0.7249492750000002
CNGB1	0.5115716320000026
CNGB3	0.5547115924999995
CNIH1	-234.76643419999982
CNIH2	17.09460989
CNIH3	-0.2106119064999996
CNIH4	-143.42619063433335
CNKSR1	-7.03088292
CNKSR2	3.4176752546666673
CNKSR3	-42.172991181250005
CNMD	-0.7685147639999999
CNN1	-1.7602645870000009
CNN2	45.58768469999998
CNN3	153.49649109999996
CNN3-DT	7.355930870000009
CNNM1	5.070898900000003
CNNM2	12.425289312499999
CNNM3	31.891012900000007
CNNM4	-20.75286340000001
CNOT1	-148.36552885999998
CNOT10	-62.45973760000001
CNOT11	159.1429511
CNOT12	3.0769058200000003
CNOT2	-9.967373652250018
CNOT3	-4.863547037000004
CNOT4	-7.837164714
CNOT6	60.505614150000014
CNOT6L	-8.033444175200003
CNOT7	174.75027694499994
CNOT8	25.98648833333334
CNOT9	-30.369638891666668
CNP	57.83081109
CNPPD1	11.936315555000007
CNPY1	-0.36915730800000013
CNPY2	229.95666232949986
CNPY3	1.0707142224999942
CNPY4	8.40002871499999
CNR1	-0.5711999252500002
CNR2	-1.1903675000000007
CNRIP1	-0.5997673090000006
CNST	-56.55051277999999
CNTD1	-1.8371256299999992
CNTF	-1.123261221
CNTFR	0.835086859999997
CNTFR-AS1	1.2915428575000005
CNTLN	-0.48367147575000047
CNTN1	-56.42914358125
CNTN2	-0.7196705105000021
CNTN3	0.22013267999999986
CNTN4	0.008861769999999769
CNTN5	-0.4790990095000005
CNTN6	-0.18008952099999975
CNTNAP1	1.654917219999998
CNTNAP2	-0.02762549199999942
CNTNAP2-AS1	0.23916991599999982
CNTNAP3	6.239214676500001
CNTNAP3P2	20.1569126785
CNTNAP4	-4.954275230999997
CNTNAP5	0.22737790999999952
CNTRL	2.26347522
CNTROB	-2.8277406974999977
COA1	-20.25206145
COA3	195.85999099499998
COA4	14.90948299999991
COA5	-66.29362894999997
COA6	-204.3
COA7	-79.14985095000003
COA8	1.6831743999999844
COASY	-91.98523619999997
COBL	89.665809045
COBLL1	-17.527363837799996
COCH	81.99369569999999
COCH-AS1	0.4471390519999998
COG1	-1.8380076953333315
COG2	17.891870769000022
COG3	-23.5662183055
COG4	-14.709276899999992
COG5	-50.70686547666668
COG6	15.797548368500003
COG7	-30.399998959999998
COG8	12.165150203333354
COIL	-7.060593799999992
COL10A1	-0.13600420600000085
COL11A1	-14.917364008
COL11A2	0.49330560499999976
COL12A1	11.1593410182
COL13A1	-0.06583048599999586
COL14A1	0.07952997366666636
COL15A1	0.5106813369999998
COL16A1	4.466485429999999
COL17A1	0.8904829999999997
COL18A1	40.82195183000002
COL18A1-AS1	-1.000111391999999
COL19A1	-1.4112732709999998
COL1A1	-4.288883510000002
COL1A2	-0.1004113096666659
COL20A1	-3.3861402385000012
COL21A1	26.192989669999996
COL22A1	-0.7718220889999987
COL23A1	0.28993235000000084
COL24A1	0.45294455199999994
COL25A1	0.41825089199999965
COL26A1	-3.411639975
COL27A1	50.3686555546
COL28A1	-0.35392538199999946
COL2A1	-0.5117616890000001
COL3A1	-2.310175007249999
COL4A1	0.9036143474999996
COL4A2	-0.794234737
COL4A3	0.02067604285714264
COL4A4	-0.14939667700000037
COL4A5	-1.213007340999999
COL4A6	-0.4443443330000001
COL5A1	0.5185466960000005
COL5A2	122.34258731000001
COL5A3	-19.15147853
COL6A1	1.6478077616249998
COL6A2	19.898496639999998
COL6A3	0.42820675900000005
COL6A5	-0.6130602585
COL6A6	-0.2659738015000004
COL7A1	7.467634149999995
COL8A1	0.019166763666666142
COL8A2	-1.0847922145000002
COL9A1	-1.3436712700000006
COL9A2	1.251993074999998
COL9A3	0.11794776099999993
COLCA1	42.456890551000015
COLEC10	-0.2692729739999997
COLEC11	-22.494154690000002
COLEC12	-0.7158655180000002
COLGALT1	33.53886600000001
COLGALT2	3.723953905000002
COLQ	2.7027012799999994
COMMD1	-162.75146640000003
COMMD10	-72.56698726000003
COMMD2	-30.075609249999985
COMMD3	177.37138260000006
COMMD4	71.76212391999996
COMMD5	-4.4360527099999985
COMMD5P1	27.298883699999976
COMMD6	45.102794645000074
COMMD7	86.36000583999999
COMMD8	5.340679300000033
COMMD9	15.197757599999989
COMP	-1.8581508300000005
COMT	-183.89324701249998
COMTD1	-13.809890790000004
COP1	-81.86848524999999
COPA	34.093250468250005
COPB1	126.06779826333309
COPB2	139.66240902600003
COPB2-DT	2.219100560000001
COPE	50.68760158499998
COPG1	-77.60489890000002
COPG2	2.6039561660000032
COPG2IT1	-0.9531636700000004
COPRS	-57.451292699999954
COPS2	-145.3270777549999
COPS3	-199.22084389999998
COPS4	-87.74411225850002
COPS5	-296.18629999999996
COPS6	-160.71275149999997
COPS7A	34.16574639999999
COPS7B	-6.126389467333333
COPS8	-17.30205162083331
COPS9	106.49914594499995
COPZ1	-132.73499855
COPZ2	-1.5426564209999967
COQ10A	64.96269240000001
COQ10B	-40.02109201350004
COQ2	-93.33630621500004
COQ3	-50.47797594999997
COQ4	-22.62831135000002
COQ5	47.44293629999993
COQ6	10.832071540000001
COQ7	-2.658157580000008
COQ8A	5.236949720000002
COQ8B	2.599982447500004
COQ9	26.681984659999955
CORIN	0.7319945776666659
CORO1A	3.36175111
CORO1B	-5.302060219999987
CORO1C	24.074942050000118
CORO2A	35.891191525
CORO2B	3.9128880180000003
CORO6	-0.9925799779999993
CORO7	1.7403844899999967
CORT	0.7777830900000016
COSMOC	21.765957779999997
COTL1	34.46153521533334
COX10	-39.0644095
COX10-DT	-1.107003165
COX11	-66.9930188533333
COX14	91.8865083
COX15	-2.4765850624999928
COX16	150.84717750000004
COX17	-0.060452057000000003
COX18	27.034823975500018
COX19	-28.321137305000008
COX20	-172.32072307666652
COX4I1	-87.81611961249996
COX4I2	0.3377900199999999
COX5A	38.57676387000015
COX5B	-304.5640031999999
COX6A1	187.3109832465002
COX6A2	-0.478367780000001
COX6B1	285.1890340000001
COX6B2	-5.053187519999998
COX6C	-291.04803600000014
COX7A1	-2.8369178900000005
COX7A2	772.1446699999997
COX7A2L	221.56502200000023
COX7B	338.9301359450001
COX7B2	153.6569394
COX7C	174.5321760999998
COX8A	331.53840900000023
COX8C	0.064529968
COXFA4	1315.5652169999998
COXFA4L2	6.492285769999999
COXFA4L3	5.065972170000002
CP	219.271624025
CPA1	0.3762548320000003
CPA2	2.7208224800000025
CPA3	-0.07404518500000012
CPA4	3.87946118
CPA5	-1.8747975799999992
CPA6	-0.08631073849999993
CPAMD8	6.060497340000001
CPAP	-6.834014577999994
CPB1	-1.301995581
CPB2	-18.57047614
CPD	-141.6135594210001
CPE	-20.04242875
CPEB1	-38.196225629999994
CPEB1-AS1	-0.2277632089999999
CPEB2	1.7683781096666706
CPEB2-DT	0.15348775599999964
CPEB3	-0.6169883089999981
CPEB4	-121.82047364250002
CPED1	-8.252019460000003
CPLANE1	-3.9327156285000004
CPLANE2	1.2511736749999969
CPLX1	-19.652202650000003
CPLX2	-0.8223808799999972
CPLX3	-1.9762714400000014
CPM	5.980996536333334
CPN1	-122.58732936999999
CPN2	0.5425836070000001
CPNE1	35.11090820000004
CPNE2	95.9557878
CPNE3	-24.714662400000066
CPNE4	0.3322990500000005
CPNE5	0.27823514399999993
CPNE6	-1.5697132249999974
CPNE7	5.440593709999995
CPNE8	-18.26159289333333
CPNE9	2.127018659999999
CPO	-0.22216410700000022
CPOX	226.9590394
CPPED1	48.55628663000002
CPQ	7.498908064999995
CPS1	-467.9545027500001
CPS1-IT1	-2.011639689999999
CPSF1	21.693692743333344
CPSF2	-56.69739999999996
CPSF3	-100.82548070000001
CPSF4	-64.70250480000001
CPSF6	27.019710326666655
CPSF7	-58.0293153355
CPT1A	34.21283993750001
CPT1C	1.2625497360000004
CPT2	24.974119375000015
CPTP	4.227897530000007
CPVL	1.3967038450000002
CPVL-AS2	-1.331352601499999
CPXCR1	-0.7493018939999994
CPXM1	1.5097469100000005
CPXM2	-2.696931604666668
CR1	0.3612220190000004
CR1L	-0.4182684805000001
CR2	0.5531525314999994
CRABP1	-0.073876692999999
CRABP2	-6.68124276
CRACD	12.681615945666667
CRACDL	-2.0706305653333335
CRACR2A	0.4673483946666659
CRACR2B	10.963893080000005
CRADD	-25.248076800000007
CRADD-AS1	0.44256599800000007
CRAMP1	1.8503823745000005
CRAT	-5.525963884999996
CRAT37	-0.07325035800000013
CRB1	0.4227929245000004
CRB2	0.6852591519999995
CRB3	3.1390322999999967
CRBN	-84.27185105000001
CRCP	-25.078611799999976
CRCT1	-0.2468367340000004
CREB1	-1.0384039685714583
CREB3	177.2344835
CREB3L1	-7.980071585000001
CREB3L2	4.432104108333334
CREB3L3	12.017845170000005
CREB3L4	24.07907702
CREB5	-3.011305396999999
CREBBP	-41.755369101499994
CREBL2	81.39505474333333
CREBRF	-8.314369564000003
CREBZF	-5.862662623333307
CREG1	89.28370190000004
CREG2	20.747012286
CRELD1	-7.307834509999999
CRELD2	-260.39127139999994
CREM	-25.80293216666665
CRH	-86.95860547199999
CRHBP	0.22325226899999961
CRHR1	0.35095215833333526
CRHR2	0.6055495299999993
CRIM1	-83.03992191333333
CRIM1-DT	-45.38409808
CRIP1	-0.8786127199999996
CRIP2	2.581640140000001
CRIP3	-4.120611389999999
CRIPT	61.76510788433335
CRIPTO3	-1.1358836199999995
CRISP1	0.23582550149999992
CRISP2	0.6170578619999998
CRISP3	0.11216622199999993
CRISPLD1	-0.008423403000000107
CRISPLD2	-0.1272908459999993
CRK	-77.19528549999995
CRKL	-10.348808560000009
CRLF1	-0.6017239339999989
CRLF2	6.968216125
CRLF3	-123.67400750000002
CRLS1	5.292424858000004
CRMA	2.1805410189999996
CRMP1	-4.296048469999999
CRNDE	-415.14577589999993
CRNKL1	-50.92482248
CRNN	-1.050543643000001
CROCC	-0.8256690229999997
CROCCP2	20.422489716666675
CROCCP3	-0.8452683610000022
CROT	10.849753955666671
CRP	-0.016631325999999724
CRPPA-AS1	-0.6427212750000004
CRTAC1	-0.05958052999999808
CRTAM	0.05700404400000014
CRTAP	99.09109227800002
CRTC1	9.986640750000007
CRTC2	6.793318530000008
CRTC3	-72.41296361000002
CRX	-1.5335672020000004
CRY1	-77.13814620000005
CRY2	3.0761091700000023
CRYAA	5.406912679999998
CRYAB	-4.244722790000001
CRYBA1	0.24139145600000012
CRYBA2	0.7310896710000003
CRYBA4	-2.3752919650000006
CRYBB1	-6.643675169999998
CRYBB2	-3.1120134400000055
CRYBB2P1	9.47291224125
CRYBB3	1.4482414999999982
CRYBG1	1.0022625900000008
CRYBG2	-25.213368954999993
CRYBG3	-7.610310900000002
CRYGA	-0.24825743999999972
CRYGB	0.68115083
CRYGC	-0.38753612000000004
CRYGD	-6.577446630000001
CRYGN	-0.44530698199999996
CRYGS	3.9468090455000002
CRYL1	1.7644841900000046
CRYM	60.35569038
CRYZ	-355.2617210000003
CRYZL1	-24.384620877000003
CRYZL2P	3.8724256420000005
CS	32.065028600000005
CSAD	12.827413466666663
CSAG3	-3.0753332999999543
CSDC2	11.457525570000005
CSDE1	-205.13126666666676
CSE1L	-1.9934355325000297
CSF1	-8.279271839999996
CSF1R	-1.430775520000001
CSF2	0.9311121650000018
CSF2RA	-9.342010699500001
CSF2RB	-0.382140648
CSF3	-6.940390550000004
CSF3R	3.706159786499999
CSGALNACT1	71.10612512000006
CSGALNACT2	-64.46241730666668
CSH1	-0.7577806229999995
CSH2	-2.2462177729999997
CSHL1	0.1656594259999995
CSK	-23.394760600000012
CSKMT	-14.099044896499997
CSMD1	0.16744506480000076
CSMD2	-0.9488226503333328
CSMD2-AS1	-1.8459080500000002
CSMD3	-0.7214487430000003
CSN1S1	-0.22994965399999945
CSN1S2AP	1.3146543659999996
CSN2	1.0601893880000004
CSN3	-0.8401398119999999
CSNK1A1	-82.9128227313077
CSNK1A1P1	-0.217881035
CSNK1D	-6.009380987000014
CSNK1E	-2.587242500000002
CSNK1G1	-9.924503715750006
CSNK1G2	40.16759274
CSNK1G2-AS1	1.9816999600000003
CSNK1G3	-31.304699876666675
CSNK2A1	-93.85955306799997
CSNK2A2	-24.36367875000002
CSNK2B	-215.731672935
CSPG4	-0.10582008949999988
CSPG4P1Y	-1.3354575700000009
CSPG4P5	1.2050706200000008
CSPG5	47.05495887
CSPP1	-20.089111931399984
CSRNP1	-11.793542270000003
CSRNP2	-33.93678634
CSRNP3	-0.3359732261666668
CSRP1	20.991419000000008
CSRP2	216.06767689999998
CSRP3	2.0932419210000006
CST1	2.37657426
CST11	-1.0694799295
CST13P	-0.174601585
CST2	-2.2500050400000013
CST3	22.436783502999987
CST4	0.22320991000000134
CST5	0.4324538329999994
CST6	0.43678891949999965
CST7	0.6788754859999999
CST8	-2.49057631
CST9	0.07425854000000065
CST9L	-0.044452838999999855
CSTA	-3.4816626100000008
CSTB	-37.2137986849998
CSTF1	12.496759150000017
CSTF2	9.445340665000003
CSTF2T	-1.403926949999999
CSTF3	52.35505300333334
CSTF3-DT	0.1269072849999997
CSTL1	-1.1589181080000008
CSTPP1	28.643125915
CT45A5	-271.5369275500001
CT47A2	-0.49887234600000063
CT55	-13.704323769999998
CT62	0.3264999359999998
CT66	-0.06340562100000025
CT69	-1.0816345280000004
CT75	0.09410121550000028
CT83	0.25189981800000005
CTAG1A	-5.617489066666678
CTAG2	-7.571108400000014
CTAGE1	-0.02201140300000004
CTAGE11P	0.4298281280000005
CTAGE8	-5.685291079999999
CTBP1	43.38571731750005
CTBP1-AS	-0.6706651849999998
CTBP1-DT	8.470456589999998
CTBP2	-86.35799149000002
CTBS	-113.64047835000002
CTC-338M12.4	21.629063860000002
CTC1	1.7459516433333349
CTCF	-105.32377149999999
CTCFL	-0.9864694240000005
CTDNEP1	-54.9534256
CTDP1	-10.085046320000004
CTDSP1	0.7738482999999974
CTDSP2	-38.57146589999999
CTDSPL	6.505074825999998
CTDSPL2	-11.373222605500004
CTF1	-1.2809761819999999
CTH	-233.21904351
CTHRC1	121.97454710000001
CTIF	-28.524308180000006
CTLA4	-0.4509036919999989
CTNNA1	-217.69616772800003
CTNNA2	-1.2610809850000004
CTNNA3	-0.018122590000000827
CTNNAL1	-92.17431399999998
CTNNB1	186.76862992999997
CTNNBIP1	18.89740001
CTNNBL1	-117.75397519999996
CTNND1	60.259876599999984
CTNND2	-5.6659967343333335
CTNS	1.2321033123333365
CTPS1	-10.902643700000112
CTPS2	2.1283116999999834
CTR9	188.00186780000007
CTRB1	1.2826843109999988
CTRB2	-1.142945479999998
CTRC	0.19998508999999842
CTRL	-0.8813063400000001
CTSA	184.3816971
CTSB	90.96776875
CTSC	-77.218990047
CTSD	24.85948418999999
CTSE	0.7518277779999991
CTSF	15.56199939999999
CTSG	-3.28867095
CTSH	129.39302499000001
CTSK	9.236287489999999
CTSL	74.87651700000004
CTSLP8	3.8513515799999993
CTSO	-1.346798575000001
CTSS	1.3017676793333344
CTSV	59.8971028
CTSW	0.13346761999999757
CTSZ	9.38817168
CTTN	99.03775933280002
CTTNBP2	0.2480782210000001
CTTNBP2NL	-22.939828289999994
CTU2	2.2795218577500016
CTXN1	-2.272153515000001
CTXN3	0.19077490649999973
CTXND1	-0.44616575133333214
CUBN	0.6651882069999999
CUEDC1	-1.8109119000000007
CUEDC2	-170.09283779999998
CUL1	0.3964894249999986
CUL2	9.545362589999996
CUL3	-24.545237244333293
CUL4A	-46.29304397499999
CUL4B	22.280388927499985
CUL5	7.903942887499966
CUL7	4.262076897500009
CUL9	1.0222647800000075
CUTA	459.5378496999999
CUTALP	-7.207195704999997
CUTC	65.88242589999999
CUX1	25.269288811999985
CUX2	-53.23662966250001
CUZD1	-6.715029600000001
CWC15	39.53349900000012
CWC22	-72.8619066
CWC25	-11.143623864999995
CWC27	-84.31308924999999
CWF19L1	-13.721140779999985
CWF19L2	1.8040616070000013
CWH43	0.3153782620000003
CX3CL1	2.1050706649999995
CX3CR1	0.49468242199999946
CXADR	107.84817751250006
CXCL1	-463.89322050000004
CXCL10	0.6236239250000004
CXCL11	-0.16515246200000044
CXCL12	-197.3760168
CXCL13	0.2521345909999999
CXCL14	-0.08020005799999996
CXCL16	-138.5266406
CXCL17	-1.5102298000000012
CXCL2	114.4628172193333
CXCL3	-17.43704055
CXCL5	-594.7090074436667
CXCL6	4.0072573899999995
CXCL8	-572.8031474499999
CXCL9	-1.0587018730000004
CXCR1	2.9399556900000015
CXCR2	-0.5132889390000002
CXCR3	-1.2644918894999986
CXCR4	60.966589626666675
CXCR5	-2.3359470814999987
CXCR6	-4.048958554999999
CXXC1	34.76060665
CXXC1P1	-1.7858387220000003
CXXC4	2.809975409499998
CXXC5	-15.142931866666686
CXorf38	4.882725539999996
CXorf51A	-0.7113449599999999
CXorf58	-0.36396074700000014
CXorf65	0.20135292299999996
CYAT1	-0.9295733677499989
CYB561	47.905205198000004
CYB561A3	74.35188500000001
CYB561D1	20.468760270000004
CYB561D2	41.428972325
CYB5A	220.40944522299998
CYB5B	172.50427879749998
CYB5D1	-26.68475760000001
CYB5D2	-5.161841240000001
CYB5R1	-2.2718892965000066
CYB5R2	-0.6187210109999999
CYB5R3	236.47240841500002
CYB5R4	-13.990134013500011
CYB5RL	-0.5963017654999998
CYBA	-7.801249630000001
CYBB	-0.24129296700000147
CYBC1	45.0684052
CYBRD1	0.36948388549999933
CYC1	-116.62140710000006
CYCS	-527.7336603966667
CYFIP1	-154.54914040000006
CYFIP2	-97.544454945
CYGB	0.7574350743333298
CYLC1	-0.11178819666666673
CYLC2	-0.24518828999999975
CYLD	-4.279966343714289
CYMP	-0.6986606260000006
CYMP-AS1	-5.131495430000001
CYP11A1	-1.2605932399999995
CYP11B1	-0.49912392400000005
CYP11B2	-2.588843069999996
CYP17A1	0.11918482549999965
CYP19A1	-0.1311840851428583
CYP1A1	-581.45762809
CYP1A2	-1.3875846199999984
CYP1B1	5.113114178500001
CYP1B1-AS1	0.8081435260000003
CYP20A1	39.14834950000001
CYP21A1P	-2.188540979999999
CYP24A1	9.862134399
CYP26A1	-26.56246489
CYP26B1	-1.1263259499999947
CYP27A1	3.0994890999999996
CYP27B1	-14.635890530000001
CYP27C1	17.398994511999998
CYP2A13	-3.0566439600000006
CYP2A6	-3.7816624524999973
CYP2A7	1.634550429999999
CYP2A7P1	-0.5594257484999989
CYP2B6	1.3002238129999997
CYP2B7P	-2.3655422749999957
CYP2C18	-10.656977950000027
CYP2C19	-2.1934929289999996
CYP2C8	0.14524998799999977
CYP2C9	34.41670564528572
CYP2D6	-0.9303436100000013
CYP2E1	4.103242129999995
CYP2F1	0.7786463239999994
CYP2J2	-23.098892629999995
CYP2R1	24.173673009999987
CYP2S1	20.233545749999998
CYP2U1	-0.8476928559999983
CYP2W1	4.04859776
CYP39A1	4.588376360666668
CYP3A4	-6.917447413999998
CYP3A43	0.517510454
CYP3A5	7.463142575250001
CYP3A7	9.320824305000002
CYP3A7-CYP3A51P	9.346899150000002
CYP46A1	-2.44885015
CYP4A11	-1.1394387502
CYP4B1	-0.8683172639999999
CYP4F11	0.04795800399999983
CYP4F12	17.533204039999998
CYP4F2	11.844295989999999
CYP4F22	-0.8615691500000011
CYP4F3	66.47877276
CYP4F30P	0.014195025999999888
CYP4F62P	-5.039726982000001
CYP4F8	-0.03292311400000081
CYP4V2	-2.4375625527500002
CYP4X1	-0.35808089200000026
CYP4Z1	0.0
CYP4Z2P	0.9575335230000004
CYP51A1	-152.9112968
CYP51A1-AS1	0.3352247730000002
CYP7A1	0.23665770499999983
CYP7B1	-0.30805212000000015
CYP8B1	-3.618489125000001
CYREN	29.255231127000016
CYRIA	0.19006180733333355
CYRIB	1.4116855960000123
CYS1	-0.8827557690000001
CYSLTR1	0.6547257096666663
CYSLTR2	1.3454970499999988
CYSRT1	1.2185676700000005
CYSTM1	-68.480141
CYTH1	20.60810695
CYTH2	10.254386849999989
CYTH3	-14.728258110499986
CYTH4	2.478317990333334
CYTIP	-0.33609098699999995
CYTL1	-0.5253696210000003
CYTOR	75.72961020399998
CYYR1	-0.1879733984999996
CZIB	4.036757499999993
D21S2088E	-0.23762307800000038
D2HGDH	23.319894050000002
DAAM1	-24.203383767999995
DAAM2	5.839834660000001
DAAM2-AS1	-0.3438804710000003
DAB1	-20.25115457366666
DAB1-AS1	-0.6717155939999997
DAB2	17.98095259842857
DAB2IP	0.7616593506666618
DACH1	-0.07544634600000011
DACH2	1.099266879
DACT1	-6.165088774
DACT2	209.14012060000002
DACT3	-1.4894609659999993
DACT3-AS1	-0.5557200269999996
DAD1	732.2132720000002
DAG1	148.99411059000002
DAGLA	1.697268789999999
DAGLB	-4.958823084999999
DALRD3	35.05168223000001
DANCR	-298.9676168000001
DAND5	1.29856353
DANT2	-0.4021431340000001
DAO	-3.70719974
DAOA	0.3621507525000007
DAOA-AS1	-0.1750519149999996
DAP	-18.740348499999982
DAP3	-139.59803127333328
DAPK1	3.082765543999926
DAPK1-IT1	1.4624862050000003
DAPK2	9.931398969500002
DAPK3	4.3443052496666645
DAPL1	-1.6368121759999994
DAPP1	0.9962881810000006
DARS1	133.90142130000004
DARS1-AS1	-0.3798253599999999
DARS2	43.60295821
DAW1	-0.901230403
DAXX	27.75455194
DAZ4	-0.0767656506666663
DAZAP1	-41.07740656666664
DAZAP2	232.87120581
DAZL	-0.5301532580000003
DBF4	-119.33146040000003
DBF4B	-3.687829979749999
DBH	-0.5624174350000004
DBH-AS1	-9.512321159999999
DBI	692.9654853000002
DBIL5P	-0.7796865180000001
DBIL5P2	-0.04439022700000006
DBN1	15.908766199999945
DBNDD1	15.49062576
DBNL	26.030767579999996
DBP	-10.948317004999996
DBR1	6.560652494999999
DBT	-21.731898557000022
DCAF1	-1.7808287720000067
DCAF10	-22.557401569000007
DCAF11	11.462715709999998
DCAF12	-59.370335299999994
DCAF12L1	0.1432240819999997
DCAF12L2	0.4062525699999995
DCAF13	-84.63370704274999
DCAF15	2.2860752925000014
DCAF16	22.43616359133332
DCAF17	-25.037968439999993
DCAF4	-18.879975195500002
DCAF4L1	-0.12512682299999955
DCAF4L2	-0.05893010650000008
DCAF5	1.9416978280000166
DCAF6	20.06501709733331
DCAF7	-12.286844782142865
DCAF8	2.941221645222221
DCAF8L2	-1.4325642999999992
DCAKD	5.593414906333333
DCBLD1	6.132842030000006
DCBLD2	24.31638374
DCC	-0.3141117006666665
DCD	1.3049361950000007
DCDC1	0.2764760540000002
DCDC2	-16.16246261500001
DCDC2B	-1.0518954799999989
DCHS1	1.0556715089999997
DCHS2	0.5868638480000001
DCK	80.86432699999997
DCLK1	0.5059762327500001
DCLK2	-1.6561672393333335
DCLK3	0.626229033
DCLRE1A	6.483216029999994
DCLRE1B	-6.271926305000008
DCLRE1C	5.426942818000001
DCN	0.966396827714286
DCP1A	-88.39360357999999
DCP1B	-0.45469956800000055
DCP2	-17.511208475999993
DCPH1	-255.8176737
DCPS	-194.8939878
DCST1	-0.902915878
DCST1-AS1	2.7502460299999996
DCST2	-1.014272846
DCSTAMP	0.0758393909999997
DCT	-0.06164902249999926
DCTD	-12.131866263333336
DCTN1	31.7915251
DCTN1-AS1	0.22351759500000012
DCTN2	-64.0132717833333
DCTN3	-260.61866799999984
DCTN4	-51.19820870666672
DCTN5	-24.989152562
DCTN6	-1.9061929000000077
DCTPP1	121.4741239
DCUN1D1	-13.998602124666661
DCUN1D2	-28.509443750000003
DCUN1D3	-6.929462149999992
DCUN1D4	-55.196620426666655
DCUN1D5	-142.26264354
DCX	-0.0636394874999997
DCXR	-72.50129520000002
DDA1	9.69237855
DDAH1	68.02862571024997
DDAH2	7.226595533333324
DDB1	-116.860007
DDB2	52.367446599999994
DDC	37.115298759999995
DDC-AS1	0.1814473880000005
DDHD1	-11.408369484400005
DDHD1-DT	-0.0800258979999997
DDHD2	-11.803930399999985
DDI1	0.05459933800000005
DDI2	-24.7317267535
DDIAS	-19.024616199999997
DDIT3	-481.39435409999993
DDIT4	1426.041099
DDIT4L	-0.8132384699999999
DDN	-1.9351744899999979
DDO	-3.9826628035000002
DDOST	-504.7606469999996
DDR1	287.711374
DDR1-DT	-1.9616278890000007
DDR2	-3.032191247250001
DDRGK1	27.371535100000017
DDT	-21.978270399999985
DDX1	-12.678927700000031
DDX10	-89.0811136595
DDX11	1.8586850325000057
DDX11-AS1	1.592692064
DDX11L2	4.146893669999997
DDX12P	10.85802932
DDX17	79.87588238000001
DDX18	-69.48741424999997
DDX19A	-50.75295591533333
DDX19A-DT	-4.53979797
DDX19B	-24.095223645000004
DDX20	-69.4219462
DDX21	-2366.9493534999997
DDX23	70.39794719999999
DDX24	55.41317934999995
DDX25	0.5814154949999999
DDX27	-36.30839616666668
DDX28	0.31607740749999635
DDX31	-16.898471885333336
DDX39A	27.323925400000007
DDX3X	-80.99276723083335
DDX3Y	-0.12559294500000018
DDX4	0.4232686799999996
DDX41	22.142725400000018
DDX42	-2.845553841666643
DDX43	32.25558649999999
DDX46	-42.536553545000004
DDX47	358.97263280000004
DDX49	-91.01148054333336
DDX5	331.4634664949999
DDX50	-34.203305323333325
DDX51	-5.6773771443333345
DDX52	-11.079116262500037
DDX53	0.6549815249999997
DDX54	1.7110911133333317
DDX55	24.803632600000014
DDX56	-34.20591116
DDX59	-24.059544736666652
DDX59-AS1	-0.6969998830000002
DDX6	29.754845310000007
DDX60	0.0761340869999998
DDX60L	0.12137830300000019
DEAF1	13.54265419499999
DECR1	-336.506815
DECR2	39.678662599999996
DEDD	-16.702924690000003
DEDD2	1.2759207900000007
DEF6	1.2274090750000006
DEF8	44.71676719999999
DEFA3	-0.1493968100000007
DEFA4	-1.9441605299999996
DEFA5	0.8450281879999997
DEFA6	-1.7235472800000018
DEFB1	-1.311110202
DEFB103B	0.5068070890000005
DEFB104B	-0.7190408469999996
DEFB105B	-0.7704970390000003
DEFB106B	1.4069302885
DEFB107B	-0.23948027699999974
DEFB108B	0.0007015510000005776
DEFB114	-0.22465707600000018
DEFB118	1.2599472299999999
DEFB119	0.4649913125000005
DEFB121	0.6251758800000005
DEFB122	0.534316751
DEFB123	1.5863322100000001
DEFB124	2.593376292000002
DEFB125	-0.09392472900000026
DEFB126	0.7163338599999998
DEFB127	0.8353959310000003
DEFB129	0.34075218399999985
DEFB132	-0.06837441599999972
DEFB4A	0.4814949600000027
DEFT1P	1.204985583
DEGS1	17.528250100000037
DEGS2	-0.2893467600000008
DEK	-154.4000000000001
DELE1	-12.763168039999996
DELEC1	0.3420399180000002
DENND10	0.25809907450000047
DENND10P1	46.17679568999998
DENND11	5.288166363333332
DENND1A	-36.4951355
DENND1B	-17.051143493166666
DENND1C	-1.736751376
DENND2A	-0.9317522513333332
DENND2B	32.57321941
DENND2C	-10.426550305000006
DENND2D	0.04544320500000065
DENND3	-2.397591342000002
DENND4A	-7.521082995
DENND4B	-16.553923699999984
DENND4C	44.989312406333326
DENND5A	-28.75516769999996
DENND5B	25.459776325799993
DENND6A	13.971650599999975
DENND6B	0.7555993033333301
DENR	-278.85883556479996
DEPDC1	-85.36490187000001
DEPDC1-AS1	0.11393401300000061
DEPDC1B	-124.8543591
DEPDC4	4.0171772269999995
DEPDC5	8.978680959999998
DEPDC7	78.9112295
DEPP1	-2.316944005
DEPTOR	20.425603241000005
DERA	60.64610440000001
DERL1	57.36285498249998
DERL2	-81.01320580999999
DERL3	-0.272412786666667
DES	2.5558028986666628
DESI1	-188.10901273000005
DESI2	-67.42767238600004
DET1	-3.6543835054999985
DEUP1	-0.6438609615000002
DEXI	43.251439700000006
DFFA	-92.87954719666666
DFFB	2.1477697600000027
DGAT1	3.380423730000004
DGAT2	40.81156310000001
DGAT2-DT	0.7953889780000001
DGCR11	-1.151208099999998
DGCR2	1.085412980000001
DGCR5	-0.6722480763333323
DGCR6	-19.2877
DGCR6L	-5.723906900000003
DGCR8	7.991701037499993
DGKA	3.1425726300000036
DGKB	0.07086440899999946
DGKD	20.22334520000001
DGKE	-4.035945891599999
DGKG	0.18366877899999956
DGKH	-1.779457187800002
DGKI	-0.06353734800000055
DGKK	0.9923907499999984
DGKQ	35.91399287
DGKZ	5.798771379999991
DGLUCY	18.604690249999997
DGUOK	36.569480200000015
DHCR24	138.8346757
DHCR7	-2.655198575000014
DHDDS	0.39786292000000856
DHDH	2.7247595099999984
DHFR	21.062940867500004
DHFR2	0.34170633000000095
DHFRP3	0.492008888
DHH	-0.5961058350000004
DHODH	-8.491469733333332
DHPS	-34.38833886333336
DHRS1	124.37615851000001
DHRS11	27.516344989999993
DHRS12	-4.471887880000004
DHRS13	-61.49417489999999
DHRS2	-53.52596514
DHRS3	52.87549389999998
DHRS4	14.26735798
DHRS4-AS1	1.6854157404999999
DHRS7	74.122234297
DHRS7B	1.4751377000000048
DHRS7C	-0.5362044990000001
DHRS9	13.157003230999997
DHRSX	9.946870579999995
DHTKD1	51.06149220500001
DHX15	-208.27712370000006
DHX16	-60.23930230000002
DHX29	28.010496599999982
DHX30	-6.056878889333333
DHX32	137.14851660000005
DHX33	-80.9790744
DHX34	-9.840008866000002
DHX35	-5.508462391333332
DHX36	-62.212749
DHX37	-4.01196161499999
DHX38	3.59757986999999
DHX40	72.299531
DHX57	-3.135637408000001
DHX58	-1.569985084999999
DHX8	4.742302486666659
DHX9	-17.113910479999987
DHX9-AS1	26.047709019999992
DIABLO	-12.969265500000006
DIAPH1	-3.339943632750007
DIAPH1-AS1	-0.9416601039999994
DIAPH2	0.04366861400000044
DIAPH2-AS1	-0.0919009260000001
DIAPH3	-56.03935714200001
DIAPH3-AS1	0.6466565096666663
DICER1	23.735174703999988
DICER1-AS1	1.7555884969999997
DIDO1	18.712792942499988
DIMT1	-131.48086001124997
DIO1	13.770061243
DIO2	-1.1693804605999993
DIO2-AS1	-0.34427703799999954
DIO3	2.673876379999996
DIO3OS	0.027915679000001248
DIP2A	14.823585118250001
DIP2B	33.68465609666666
DIP2C	21.863357043333338
DIP2C-AS1	-0.7600935129999993
DIP2C-AS2	-3.290415450000001
DIPK1A	0.9721554526666409
DIPK1B	15.695523408000007
DIPK1C	-3.9277101499999993
DIPK2A	-13.167355946
DIPK2B	-0.3285827855000001
DIRAS1	1.3629046690000024
DIRAS2	-0.8677196330000001
DIRAS3	-4.639456085000001
DIRC1	0.21233327699999993
DIRC3	-3.255346020000001
DIS3	-9.272193130200009
DIS3L	-192.14888940000003
DIS3L2	0.5973538999999981
DISC1	-0.5820767360000003
DISP1	23.746961880000004
DISP2	70.00123404000001
DISP3	-0.8190495800000015
DIXDC1	20.970370799999998
DKFZP434A062	0.4795559150000024
DKFZP586I1420	-7.595165700000003
DKFZp434L192	4.933336457999999
DKFZp451B082	0.5088751780000003
DKK1	1226.1096254000001
DKK2	0.12491719949999958
DKK3	121.67915853480001
DKK4	-1.5882152000000005
DKKL1	-1.8167213800000006
DLAT	-162.956594
DLC1	-62.2787602418
DLD	-138.7162277899999
DLEC1	-1.2104242700000007
DLEU1	-171.607167
DLEU2	-3.092230094500003
DLEU2L	-26.74626144999999
DLEU7	0.18218614300000002
DLEU7-AS1	0.2124158730000003
DLG1	7.80719152399999
DLG1-AS1	2.7168087199999995
DLG2	-0.3834178709999998
DLG3	3.2382223092499984
DLG3-AS1	-0.6720338100000003
DLG4	1.085573520000004
DLG5	46.13660702499999
DLG5-AS1	0.49886787699999857
DLGAP1	0.22540088540000003
DLGAP1-AS1	17.81786983
DLGAP1-AS2	-64.854071035
DLGAP1-AS3	-0.17116163200000045
DLGAP2	-0.6007395460000007
DLGAP2-AS1	-1.0410080970000006
DLGAP3	5.058953559999999
DLGAP4	25.48595210000002
DLGAP4-AS1	4.898812150000001
DLGAP5	11.112866999999994
DLK1	0.6797041509999993
DLK2	-50.3026809
DLL1	1.5835557690000002
DLL3	-7.0621936575000035
DLL4	7.840701459999998
DLST	10.555858099999995
DLX1	-0.3139176794999976
DLX2	-19.373080459
DLX3	-0.8630380430000004
DLX4	4.688671977000006
DLX5	-1.6822574169999989
DLX6	-0.37472537966666586
DLX6-AS1	0.4891596800000002
DMAC1	4.928383911000012
DMAC2	14.031892184999975
DMAC2L	7.9506566424285765
DMAP1	-15.100000000000001
DMBT1	-2.0380129300000007
DMBX1	0.35130729000000027
DMC1	-4.641257757999998
DMD	0.009681171999999627
DMGDH	-2.3426540485
DMKN	-51.19051881
DMP1	0.5852665974999995
DMPK	-15.110835019999996
DMRT1	-0.31180190800000007
DMRT2	-0.06017333049999962
DMRT3	-2.0649842965000023
DMRTA1	1.1823003960000005
DMRTA2	-1.0737956900000007
DMRTB1	2.8718045100000005
DMRTC1	-0.8603960280000003
DMRTC2	-0.8091052900000002
DMTF1	-26.762170300000008
DMTF1-AS1	8.250137349999996
DMTN	5.392186000000002
DMWD	0.8290386033333377
DMXL1	-9.007065835000006
DMXL2	45.677554670000006
DNA2	51.580750799999976
DNAAF1	0.28628243
DNAAF10	-3.1871915500000085
DNAAF11	-0.4132502079999991
DNAAF19	-0.08364871999999934
DNAAF2	-83.32001639999999
DNAAF3	15.659933460000001
DNAAF3-AS1	-1.8258545040000005
DNAAF4	-21.172400500000002
DNAAF4-CCPG1	-26.206978629999995
DNAAF5	36.77273821
DNAAF6	0.26550934299999973
DNAAF8	5.2388847
DNAAF9	2.35628207500001
DNAH1	0.8097241320769228
DNAH10	0.3168917206666668
DNAH11	-0.7092894029999997
DNAH12	4.091105731499994
DNAH14	-40.21800086575
DNAH17	-0.3991210850000009
DNAH17-AS1	0.5265312699999996
DNAH2	-0.7074425600000005
DNAH3	3.950791033200005
DNAH5	0.49839680100000194
DNAH6	-1.5772371327499997
DNAH7	0.8500940429999986
DNAH8	-0.9239990169999999
DNAH9	-2.2990390549999997
DNAI1	1.4010531165
DNAI2	-0.06172451199999962
DNAI3	-0.29391054400000005
DNAI4	0.5798131507999997
DNAI7	0.7639690699999999
DNAJA1	46.71935885000016
DNAJA2	-146.09665215000007
DNAJA3	-255.64181835
DNAJA4	0.06913816525000271
DNAJB1	94.92114390000003
DNAJB11	-710.8718640000002
DNAJB12	30.291098372499988
DNAJB13	-0.8665591299999988
DNAJB14	-30.03157859999999
DNAJB2	-21.25624480000002
DNAJB4	-22.256220565000007
DNAJB5	2.478228919499994
DNAJB6	-16.297522799999996
DNAJB7	-0.47772559999999986
DNAJB8	-0.8447572880000003
DNAJB8-AS1	0.04552100600000042
DNAJB9	-255.8527263233333
DNAJC1	60.64897136666656
DNAJC10	-88.76085514560003
DNAJC11	17.522205444999997
DNAJC12	79.38396550333334
DNAJC13	-8.846996528999995
DNAJC14	12.755751080000024
DNAJC15	144.0659093700001
DNAJC16	9.326882816666668
DNAJC17	-44.34488945
DNAJC18	-16.558430323333333
DNAJC19	-39.78700166
DNAJC2	-156.39293147150005
DNAJC21	-24.30495523714287
DNAJC22	15.65684262666666
DNAJC24	-4.1098148450000025
DNAJC25	-0.2863766000000112
DNAJC27	-5.262214543749998
DNAJC27-AS1	-0.3056620360000002
DNAJC28	11.223173090000001
DNAJC3	-119.49482177249999
DNAJC3-DT	-0.13086883749999956
DNAJC30	8.600107700999999
DNAJC4	17.396396658
DNAJC5	2.501909406666684
DNAJC5B	-1.0297356744999995
DNAJC5G	-1.212136450000001
DNAJC6	9.287438789500001
DNAJC7	-75.2938173
DNAJC8	-18.062068163333322
DNAJC9	147.945502963
DNAJC9-AS1	1.1525047120000007
DNAL1	-2.525291012333337
DNAL4	-16.88186288
DNALI1	-0.38600362850000103
DNASE1	5.1578095041428575
DNASE1L1	129.67154011
DNASE1L2	0.3378874199999995
DNASE1L3	-1.2657376129999989
DNASE2	-35.27409989999995
DNASE2B	0.9988111900000005
DND1	-4.584990145000006
DNER	0.7415141930000004
DNHD1	0.5957962795
DNLZ	-27.440926153999996
DNM1	21.254963880000005
DNM1L	7.856268199999988
DNM1P35	0.5917209400000001
DNM1P41	-0.18403495999999997
DNM1P46	2.7841276849999996
DNM1P50	5.37741823
DNM2	32.95357774666667
DNM3	6.290205944666667
DNM3OS	0.08804240250000017
DNMBP	17.30720685
DNMT1	89.06327770000001
DNMT3A	-1.0205917126666577
DNMT3B	79.61732638999999
DNMT3L	2.1569358560000005
DNPEP	4.672053608666687
DNPH1	-90.53573515333335
DNTT	-0.6087056526666679
DNTTIP1	30.418469850000008
DNTTIP2	-223.61608850000005
DOC2A	8.221555260000002
DOC2B	-0.06406750000000017
DOCK1	3.0392139521999972
DOCK10	0.08289577799999925
DOCK11	-3.8825673449999982
DOCK2	-0.046095294000000564
DOCK3	-1.6320126700000088
DOCK4	27.95389728433335
DOCK4-AS1	0.8717320760000002
DOCK5	35.003464051375005
DOCK6	2.370280192800003
DOCK7	-104.76768841149996
DOCK8	1.8351042037499994
DOCK8-AS1	1.3564093479999997
DOCK9	-0.8363737508000071
DOCK9-DT	0.5172974480000008
DOHH	-20.939213724000005
DOK1	-0.5304462149999978
DOK2	-2.61894006
DOK3	-5.066608180000003
DOK4	14.243660566666676
DOK5	-1.356608265500002
DOK6	-3.080710864000002
DOK7	-1.4058110779999993
DOLK	36.46393610000001
DOLPP1	-62.438968700000004
DONSON	79.00098859999997
DOP1A	-7.6101466192499885
DOP1B	14.3292599275
DORIP1	2.551854679999998
DOT1L	-15.486210324333342
DPAGT1	-65.74136620000002
DPCD	60.97960660000001
DPEP1	-5.849836630000002
DPEP2	-1.0171976440000012
DPEP2NB	2.6953638700000013
DPEP3	0.5944952099999998
DPF1	-0.9290213250000008
DPF2	-45.978456800000004
DPF3	-4.028593097000002
DPH1	-10.532250929999975
DPH2	-23.071799080000005
DPH3	-229.97954615000003
DPH3P1	-1.8622208999999987
DPH5	-154.76442220399997
DPH5-DT	0.7927807920000021
DPH6	-29.260923575333337
DPH6-DT	-0.14974362400000008
DPH7	-15.261379389999995
DPM1	-572.5140939999999
DPM2	-6.683751999999998
DPM3	43.63811092
DPP10	-0.332559378
DPP10-AS1	-5.208723729999999
DPP10-AS3	0.31864232700000006
DPP3	-8.699387999999999
DPP3-DT	3.3364708549999946
DPP4	16.548713071333328
DPP6	-0.672011205333332
DPP7	7.95250887000001
DPP8	46.521212433333346
DPP9	-2.5948397233333367
DPPA2	0.17362023100000012
DPPA3P2	-0.29287072599999986
DPPA4	-0.23412444699999924
DPPA5	-0.653940264
DPT	-0.761233214333334
DPY19L1	49.118404890599976
DPY19L1P1	1.8427725630000005
DPY19L2	1.3112112199999997
DPY19L2P2	-0.31894253100000025
DPY19L2P3	-1.8253532010000004
DPY19L2P4	-0.8135881349999998
DPY19L3	-67.79505923
DPY19L3-DT	12.927416880000003
DPY19L4	34.33692898333334
DPY30	-68.60529980000007
DPYD	-8.285701394
DPYS	-0.5939434380000002
DPYSL2	610.0936110600001
DPYSL3	-2.043041781666668
DPYSL4	-1.0415412933333243
DPYSL5	2.7754950684999997
DQX1	6.255101110000002
DR1	-104.59354558362503
DRAIC	-114.475781945
DRAM1	-39.84423929999997
DRAM2	-200.27002799999997
DRAP1	5.320103799999998
DRAXIN	-0.05026992966666732
DRC1	-2.0165805289999987
DRC10	22.876623360000004
DRC11	-0.6343604967999994
DRC12	4.39626659
DRC2	0.30672581866666615
DRC3	-5.086131887500002
DRC4	2.4773935699999896
DRC5	-1.586175313
DRC7	1.4259034100000019
DRC8	-7.38889245
DRC9	8.249506850499998
DRD1	0.4199439570000001
DRD2	-1.2799352225000007
DRD3	-0.07551209700000072
DRD4	0.40879465999999987
DRD5	-0.3742244079999999
DRG1	-41.212141700000075
DRG2	4.891560585000008
DRICH1	-2.8150007849999987
DROSHA	183.4812812
DRP2	1.0633781906666657
DSC1	0.16544280899999997
DSC2	81.36961828275
DSC3	12.649750884999989
DSCAM	-1.224235870666666
DSCAM-AS1	147.41731550000003
DSCAML1	-0.33060296250000043
DSCC1	12.239300369999995
DSCR10	7.504140135
DSCR4	2.8583835599999983
DSCR8	5.430892749999998
DSCR9	-0.9709765000000026
DSE	96.21951758600001
DSEL	-0.2436231016666639
DSG1	-0.33916293500000005
DSG2	505.01305075000016
DSG2-AS1	-0.0020377410000023133
DSG3	-0.8230104414999992
DSG4	0.985990996
DSN1	92.0309354
DSP	801.3745279999998
DSP-AS1	5.483209370000004
DSPP	-1.1431962799999997
DST	51.2298475132
DSTN	358.0639840096667
DSTNP2	-0.6143481799999932
DSTYK	-8.078945895249998
DTD1	-125.87191649249999
DTD1-AS1	-3.2305169859999996
DTD2	-22.816354354999987
DTHD1	0.515756756
DTL	112.16567934999998
DTNA	-0.4479081496249986
DTNB	2.1376268604999993
DTNB-AS1	-0.2860659459999999
DTNBP1	-15.495138630000007
DTWD1	-6.26202863833333
DTWD2	-3.1641101099999993
DTX1	4.688184180000004
DTX2	10.28962653
DTX2P1-UPK3BP1-PMS2P11	10.856885984999991
DTX3	1.2521604062000016
DTX3L	-11.702240499999988
DTX4	69.85273280000001
DTYMK	-47.021177297400016
DUBR	-6.076819993000001
DUOX1	-0.542625811333334
DUOX2	0.23729249600000024
DUOXA1	3.314196169999999
DUOXA2	-7.107697139999999
DUS1L	-47.23073079999995
DUS2	5.982654939999989
DUS3L	-1.8222716215000005
DUS4L	-95.94341176000002
DUSP1	27.685924036666677
DUSP10	-5.242005494999997
DUSP11	1.320851599999969
DUSP12	-298.00268140000003
DUSP13B	1.4726444900000004
DUSP14	-68.6725433
DUSP15	-1.5825293034999994
DUSP16	-13.31276398350002
DUSP18	8.322081484999998
DUSP19	3.1816528156666664
DUSP2	-1.2131598399999994
DUSP21	0.0878693850000003
DUSP22	60.956270700000005
DUSP23	2.7205868100000004
DUSP26	2.798308819999999
DUSP28	6.335136000000006
DUSP3	-53.60931666666664
DUSP4	97.94128370333334
DUSP5	32.56675829999999
DUSP5P1	0.7023970600000009
DUSP6	-39.45145289999999
DUSP7	-16.529580505
DUSP8	-11.074250665000008
DUSP9	-53.5655455
DUT	266.83132825999996
DUX1	5.388082769500002
DUX4L2	-4.189496609999999
DUX4L3	2.148233640000001
DUXAP10	-17.11095822666664
DVL1	-3.5443214999999952
DVL2	10.905793185000007
DVL3	-3.342933049999999
DXO	-30.64802057
DYDC1	0.2666977300000002
DYDC2	-0.16443222000000013
DYM	-58.266235233333354
DYNC1H1	-28.182126149999988
DYNC1I1	0.16028671000000028
DYNC1I2	71.46556278133335
DYNC1LI1	-265.87946719999997
DYNC1LI2	186.98383857824996
DYNC2H1	-8.124707111333333
DYNC2I1	10.759815057
DYNC2I2	18.13778670000002
DYNC2LI1	-26.912964752499988
DYNLL1	-1302.165106
DYNLL2	-18.252061551333355
DYNLRB1	-199.38979515019997
DYNLRB2	-0.8666754039999995
DYNLT1	309.20801200000005
DYNLT2	1.2007107354999977
DYNLT2B	-60.19466301999999
DYNLT3	-110.95641490000003
DYNLT5	0.25238572999999986
DYRK1A	-43.8866722618
DYRK1B	-0.5144463450000032
DYRK2	-17.71537495750001
DYRK3	-3.072510850499995
DYRK4	-104.49006163
DYSF	2.625821479999999
DZANK1	-8.757683646499999
DZIP1	-24.469249954999995
DZIP1L	0.9346331700000015
DZIP3	2.8507228699999985
E2F1	31.893715779999994
E2F2	30.654740186666665
E2F3	-13.755641964999967
E2F4	-22.13562952999999
E2F5	-249.5544093
E2F6	-56.53726310000002
E2F7	15.932123990000001
E2F8	36.75690739999999
E4F1	-0.28452899999999204
EAF1	-167.7700575
EAF2	-17.652573974
EAPP	98.44783800000005
EARS2	-38.09806117000001
EBAG9	-84.8142158
EBF1	-0.9361025769999998
EBF2	0.15349960266666685
EBF3	-0.31509881299999876
EBF4	7.945016930000001
EBI3	-3.335040100000004
EBLN2	10.80585388
EBLN3P	-98.92934333333329
EBNA1BP2	-99.10121909999998
EBP	3.25888155749999
EBPL	-569.9505131000001
ECD	-46.53941129999998
ECE1	3.353072505
ECE2	8.875387443333338
ECEL1	-1.0407036900000008
ECH1	73.82963279999996
ECHDC1	-105.47186032500008
ECHDC2	46.77516176500001
ECHDC3	2.1791241600000006
ECHS1	-161.80338700000016
ECI1	-307.724817
ECI2	98.11392539999997
ECI2-DT	1.4043582200000007
ECM1	-0.53488136
ECM2	-1.1380936894999998
ECPAS	-72.14669586
ECRG4	0.19706625100000075
ECSCR	-0.05291534033333267
ECSIT	-22.149828500000012
ECT2	-43.589318562666676
EDA	1.3293069346666666
EDA2R	0.1440258399999994
EDAR	-3.10087274
EDARADD	3.711180780000001
EDC3	-22.477134635
EDC4	-8.106489519999997
EDDM13	-1.7320929599999992
EDDM3A	0.14603621233333364
EDDM3B	-0.021344341999999905
EDEM1	45.70139509999996
EDEM2	-48.8783531
EDEM3	-47.68836322
EDF1	-877.2239220000001
EDIL3	1.6643703096666673
EDN1	-1.5488556566666603
EDN2	1.4398559000000013
EDN3	-0.18849813350000044
EDNRA	-0.36998293666666626
EDNRB	-0.1784838209999995
EDNRB-AS1	-0.982270765
EDRF1	-18.069026596666667
EDRF1-DT	-1.1955001956666669
EEA1	-77.73656742333336
EED	10.457958399999995
EEF1A1	-84.93112327166637
EEF1A2	-50.43953830000001
EEF1AKMT1	-10.751295459999994
EEF1AKMT2	-18.823909713333336
EEF1AKMT3	13.190445260000004
EEF1B2	-1294.2749060000006
EEF1D	-110.39774994000004
EEF1E1	-227.01549684999998
EEF2	-9.559851500000605
EEF2K	83.60719831999998
EEF2KMT	-22.209502660000005
EEFSEC	-12.200000000000003
EEIG1	36.057343773499994
EEIG2	198.58520540000006
EEPD1	17.28299155525
EFCAB11	-32.10058080600001
EFCAB12	4.711326530000001
EFCAB13	0.08290359499999944
EFCAB13-DT	-1.147308485
EFCAB14	27.623989481571442
EFCAB2-AS1	-0.3522664305000003
EFCAB3	3.6269375249999998
EFCAB5	0.7719290859999992
EFCAB6	-0.3966346591428582
EFCAB7	-19.19095793000001
EFCC1	-0.5033669685
EFEMP1	-22.068607605666664
EFEMP2	6.305667829999997
EFHB	-0.3587874995
EFHC1	67.99550304333333
EFHC2	7.4368308105
EFHD1	34.33604163
EFHD2	22.116939095000006
EFL1	-70.12403469999998
EFNA1	100.8669118
EFNA2	67.55507674166665
EFNA3	17.52663422
EFNA4	16.54632559999999
EFNA5	2.6304082800000117
EFNB1	0.5226621399999978
EFNB2	-2.954849063500001
EFNB3	5.84523197
EFR3A	251.08569434999993
EFR3B	30.605802326666662
EFS	0.5912583225000017
EFTUD2	44.330238045000016
EGF	0.10308667799999993
EGFEM1P	0.24734770200000034
EGFL6	-4.7239792419999995
EGFL7	19.26062667
EGFL8	13.301316953333327
EGFLAM	-2.0624105099999994
EGFLAM-AS2	0.4232094014999994
EGFLAM-AS4	0.2667529559999995
EGFR	140.36600296366663
EGLN1	45.07204393974999
EGLN2	0.1643224950000004
EGLN3	94.2832177225
EGOT	-2.289074953000001
EGR1	211.80417990666666
EGR2	-0.2044923479999996
EGR3	0.6719111419999999
EGR4	2.4849888556666677
EHBP1	226.51496545000003
EHBP1L1	20.541772249999994
EHD1	19.035890916000014
EHD2	-0.3669579999999968
EHD3	0.05297525499999978
EHD4	-24.34077117542857
EHF	1.2282371401666667
EHHADH	110.58005708
EHMT1	9.619175702666674
EHMT2	26.976549173333332
EI24	202.7097030000001
EID1	273.07551720000004
EID2	-9.535432299999997
EID2B	11.163412460000004
EID3	-17.56759847
EIF1	-1460.5799041614289
EIF1AD	-22.10651526999999
EIF1AX	-80.08560745000011
EIF1AY	0.5969912234999999
EIF1B	-530.3664826735
EIF1B-AS1	-1.8986911133333386
EIF2A	-207.63227489999997
EIF2AK1	153.55989993999998
EIF2AK2	13.806067926666671
EIF2AK3	-27.036909143500026
EIF2AK3-AS1	-0.27681467000000026
EIF2AK3-DT	-0.4866238799999998
EIF2AK4	-46.97165862999999
EIF2B1	9.344241699999998
EIF2B2	-63.777126599999974
EIF2B3	-106.41446210000001
EIF2B4	-107.20270169999998
EIF2B5	15.662329665000016
EIF2D	-91.78612979999997
EIF2S1	-32.761069066666664
EIF2S2	-469.032171675
EIF2S3	63.54977820000022
EIF3A	54.09740214999999
EIF3B	-44.041963081666665
EIF3C	-256.02329559250006
EIF3D	194.52484200000004
EIF3E	-307.71332402999997
EIF3F	260.29289845666676
EIF3G	173.79394099999996
EIF3H	-66.35912348999989
EIF3I	-179.45029
EIF3J	-703.0776514500001
EIF3J-DT	41.59471708999999
EIF3K	74.93220390750002
EIF3L	1603.929251
EIF3M	24.93562039820017
EIF4A1	-81.21289670999977
EIF4A2	180.31778125999995
EIF4A3	123.28434130000005
EIF4B	315.8529047066666
EIF4E	-66.32943398019998
EIF4E2	41.08450142000001
EIF4E3	0.5046656065000006
EIF4EBP1	-644.7638844999999
EIF4EBP2	42.883764432199996
EIF4ENIF1	-40.147192601499995
EIF4G1	-112.11640665000004
EIF4G2	10.738151812000524
EIF4G3	-51.48920821249999
EIF4H	-42.91706929999998
EIF5	-231.9107811081667
EIF5A	-491.0208491666667
EIF5A2	-223.4911312666666
EIF5B	-112.9327570333333
EIF6	-285.7403712
EIPR1	-68.2272226
ELAC1	-1.9800563164999971
ELAC2	-12.663940901500006
ELANE	1.2926260410000001
ELAPOR1	2.4324121223333357
ELAPOR2	7.192916150000002
ELAVL1	-64.61344412
ELAVL2	-0.8667892909999999
ELAVL3	-0.5290845526666708
ELAVL4	-0.5320870159999993
ELF1	-30.196302400000008
ELF2	-7.440468879999997
ELF3	-137.7902303333333
ELF4	8.60295505000002
ELF5	-0.05999648099999977
ELFN1	-9.953591580000001
ELFN1-AS1	-1.3572799900000003
ELFN2	9.329691790000002
ELK1	-2.6948587363333303
ELK2AP	-3.0715414099999947
ELK3	245.35611686
ELK4	-8.987782104500013
ELL	-0.9150374883333328
ELL2	25.84897125750001
ELL3	74.24179956
ELMO1	-0.5326814990000006
ELMO2	-4.191052440000007
ELMO3	0.37052647999999877
ELMOD1	-1.3065111149999993
ELMOD2	7.4780910154999845
ELMOD3	13.99772981
ELN	-6.035703260000002
ELOA	-33.72122936420001
ELOA-AS1	18.640641739999992
ELOA2	0.7421967149999995
ELOA3P	2.031254647000001
ELOB	267.74514880000004
ELOC	-208.8429822500001
ELOF1	-81.6391773
ELOVL1	-85.76544425000003
ELOVL2	-0.008582840000030956
ELOVL2-AS1	-6.719718759999999
ELOVL3	15.830690220000001
ELOVL4	-4.537833831
ELOVL5	98.85058822500002
ELOVL6	2.909053526666696
ELOVL7	-320.34205399999996
ELP1	-48.59847653649999
ELP2	-37.01214085800001
ELP3	4.609629220000016
ELP4	27.78330996999999
ELP5	-11.797541499999966
ELP6	19.64553715999999
ELSPBP1	-1.6427049499999988
EMB	-27.620789221000003
EMC1	-36.89342332800001
EMC10	-6.954341634999999
EMC2	-391.0854154
EMC3	-6.861015286666657
EMC3-AS1	-4.2407051
EMC4	68.7495530000001
EMC6	19.35083850000001
EMC7	87.60162163000001
EMC8	-189.64765461333326
EMC9	-84.7472071
EMCN	-0.31210496399999954
EMD	-20.013004800000004
EME1	24.832275100000004
EME2	-9.331275373333341
EMG1	-510.77961989999994
EMID1	-3.750934495500001
EMILIN1	-0.7308954300000003
EMILIN2	2.761576209999994
EMILIN3	1.8011500999999974
EML1	25.962981135000007
EML2	-3.7321118825
EML2-AS1	2.8606022750000015
EML3	-3.3165865300000092
EML4	104.19636860100002
EML5	1.5785441035000023
EML6	11.57719498
EMP1	7.445369800333333
EMP2	61.2625942345
EMP3	282.75046516
EMSLR	-23.01740908
EMSY	-4.332996878333333
EMX1	1.5594240399999997
EMX2	0.6144884330000004
EMX2OS	0.39276495999999916
EN1	-2.566442325
EN2	-1.5213866449999989
ENAH	-85.14609250816665
ENAM	-0.7254283504999997
ENC1	0.4279286490000018
ENDOD1	36.02338846000001
ENDOG	19.34774351
ENDOU	1.725247079999999
ENDOV	5.565013815
ENG	-2.361688375
ENGASE	20.018754715
ENHO	1.3572585299999957
ENKD1	12.604333660000009
ENKUR	2.178236085
ENO1	142.15301685250006
ENO1-AS1	1.4470661500000013
ENO2	0.9839841159999994
ENO3	22.986743345999997
ENOPH1	-425.29988300000014
ENOSF1	-91.62836932249996
ENOX1	-68.80488203
ENOX2	-0.7007039824999985
ENPEP	-0.08011613799999973
ENPP1	38.294067087
ENPP2	0.8203884620000004
ENPP3	-1.0509984350000003
ENPP4	20.025858220000003
ENPP5	0.17912383050000003
ENPP6	0.630915114
ENPP7	-2.2228606799999984
ENSA	3.719346029999997
ENTHD1	0.4777972205000003
ENTPD1	2.5779328122499994
ENTPD1-AS1	-15.293677540666671
ENTPD2	-2.262735365000001
ENTPD3	0.38080860350000023
ENTPD3-AS1	-0.4876626589999997
ENTPD4	22.701900486666645
ENTPD5	12.605308803333315
ENTPD6	11.794882420000022
ENTPD7	-4.319597134999995
ENTR1	-45.415439896666655
ENTREP1	-1.0460191600000002
ENTREP2	-0.8768627020000004
ENTREP3	30.521578891499985
ENY2	-5.85055382466669
EOGT	17.3585822
EOLA1	-37.574877606666675
EOLA1-DT	0.33120086199999976
EOLA2	-38.0
EOLA2-DT	1.0403278393999997
EOMES	1.7561659499999998
EP300	-98.30451360000004
EP300-AS1	26.019729079999998
EP400	-8.7674128425
EP400P1	0.027428840000002452
EPAS1	1019.2173665180002
EPB41	-2.141515959500005
EPB41L1	18.236059218999998
EPB41L2	-105.7393043066667
EPB41L3	0.0958737196666668
EPB41L4A	0.6869253750000004
EPB41L4A-AS1	-183.52624891
EPB41L4A-DT	-0.31976855000000004
EPB41L4B	75.37234371783333
EPB41L5	-63.7240309
EPB42	0.9774158550000003
EPC1	-3.8451637024999883
EPC2	-21.59625701000001
EPCAM	72.33690910000007
EPCAM-DT	0.18713003999999955
EPCIP	1.214643473999999
EPCIP-AS1	-0.21089452650000062
EPDR1	-16.21011200000001
EPG5	1.869896464
EPHA1	-0.43230924633333334
EPHA1-AS1	0.37837165949999996
EPHA10	-4.239797790000003
EPHA2	-121.5533437
EPHA2-AS1	-2.660765146
EPHA3	-0.101061126666667
EPHA4	0.26542198440000053
EPHA5	0.3964424676666667
EPHA5-AS1	0.8193758160000009
EPHA6	-0.28683451600000076
EPHA7	-34.86262744325
EPHA8	1.3272017800000029
EPHB1	-0.15891217800000046
EPHB2	10.46620066525
EPHB3	0.6344739050000001
EPHB4	-8.317495295
EPHB6	4.930497749999999
EPHX1	20.531847739999996
EPHX2	23.350805670000003
EPHX3	3.7189855640000005
EPHX4	115.34799421000001
EPIC1	4.520660735
EPIST	-0.036282302000000044
EPM2A	5.4876214033333355
EPM2A-DT	1.6567710240000002
EPM2AIP1	-33.62170358999998
EPN1	-4.46681298
EPN2	-3.115098597666673
EPN2-AS1	-0.23036357099999982
EPN3	0.31211264899999946
EPO	-3.0153334899999997
EPOP	-104.5659298
EPOR	6.121283816799995
EPPIN-WFDC6	0.22777889649999938
EPPK1	0.018356148199998756
EPRS1	-464.4906126
EPS15	-56.80273869000004
EPS15L1	-4.4751019001666705
EPS8	750.6821555
EPS8L1	12.710860063999995
EPS8L2	46.58511164266667
EPS8L3	68.0252075
EPSTI1	1.179208278
EPX	-0.6723397159999998
EPYC	0.17129907099999997
EQTN	0.1753221513333334
ERAL1	-41.067440000000005
ERAP1	-18.726106785999995
ERAP2	5.224095472
ERBB2	15.964999488333326
ERBB3	0.043174662000069475
ERBB4	-1.321226170750001
ERBIN	-54.48228791866666
ERC1	11.53896444916667
ERC2	-1.1032200420000002
ERC2-IT1	-1.121804773
ERCC1	-15.393942010000018
ERCC2	8.153441389999998
ERCC3	25.320187099999984
ERCC4	1.7124160500000016
ERCC5	50.158831009999986
ERCC6	-0.4239651799999997
ERCC6L	58.6312624
ERCC6L2	2.26020712275
ERCC6L2-AS1	-1.2156461762500008
ERCC8	-13.061206987749998
EREG	-219.94786662500007
ERF	-40.43725054
ERFE	-12.423067500000002
ERG	-0.7046494404999999
ERG28	41.323867181
ERGIC1	63.05028940074999
ERGIC2	103.10026814375004
ERGIC3	38.856283752666684
ERH	-341.25064199999997
ERI1	-5.369541093999999
ERI2	-8.470635211666654
ERI3	9.079277989999994
ERICH1	1.7080797773999983
ERICH2-DT	0.6487434634999989
ERICH3	0.5638877365000003
ERICH3-AS1	0.9770877699999998
ERICH4	1.4559685500000015
ERICH5	-0.4080208134999994
ERICH6	-0.4434346930000004
ERLEC1	-96.68567756566677
ERLIN1	-24.17642154500004
ERLIN2	-16.15237528099999
ERLN	35.02850882999999
ERLNC1	-2.5443987699999973
ERMAP	3.0982920999999983
ERMARD	-8.541206889999998
ERMN	-0.3352630670000001
ERMP1	-24.852193700000015
ERN1	-135.89941457999998
ERN2	-1.0053560799999985
ERO1A	326.59145896666666
ERO1B	-23.566706760000002
ERP27	1.6607982349999997
ERP29	-564.5
ERP44	-61.553925470666684
ERRFI1	481.475504
ERV3-1	0.3817139860000003
ERV3-2	16.66580468
ERV9-1	22.37978569
ERVFH21-1	1.1819086939999996
ERVFRD-1	-0.4054889499999996
ERVH-1	0.607951749999998
ERVH-3	-3.9008241559999988
ERVH-4	1.7879930940000008
ERVH-6	7.615832523750001
ERVH48-1	0.7673414099999984
ERVK13-1	9.241565782333335
ERVK3-2	-0.2869614270000005
ERVMER34-1	-7.028505049999998
ERVMER61-1	0.39267087999999983
ERVV-1	-0.06593946299999942
ERVW-1	-0.2591738570000004
ESAM	8.75023371
ESAM-AS1	18.410219997000002
ESCO1	3.7738090333332934
ESCO2	13.151757013749998
ESD	-262.06395017499995
ESF1	-241.52170522
ESM1	0.07398994099999978
ESPL1	30.210205850000023
ESPN	-1.3813734699999962
ESPNL	-0.32547126999999776
ESPNP	-1.391691271
ESR1	-0.4393572002222239
ESR2	-0.8702130656666682
ESRG	0.5632439299999996
ESRP1	0.6287881044999999
ESRRA	-13.29810565000001
ESRRB	-1.9227461313333372
ESRRG	-0.2627102904999994
ESS2	0.07280631999999798
ESX1	13.259467299999997
ESYT1	-338.7442137
ESYT2	52.19987171399998
ESYT3	0.21699092700000122
ETAA1	-5.274530110000001
ETF1	-359.7215345499999
ETFA	-545.5967189999999
ETFB	-139.4135457
ETFBKMT	1.472653112999998
ETFDH	-9.517614039999998
ETFRF1	-61.89613019999999
ETHE1	124.40240470000003
ETNK1	-61.06653270833334
ETNK2	9.587874399999999
ETNPPL	-35.249578064
ETS1	59.75853557166666
ETS1-AS1	0.02202896699999979
ETS2	61.19791665766669
ETV1	8.259082237000001
ETV2	-0.210586146999999
ETV3	-18.514855376666674
ETV4	-18.406998465
ETV5	-16.159175052399988
ETV6	23.8566513125
ETV7	0.41760510549999985
EVA1A	10.900248232000001
EVA1A-AS	-0.3985746240000001
EVA1B	4.495714816666663
EVA1C	-1.0884551679999994
EVC	6.691947423333339
EVC2	-2.3619774650000007
EVI2A	1.2202826270000005
EVI2B	0.09200402600000013
EVI5	15.364452734333327
EVI5L	1.4810557972500007
EVL	14.17414771
EVPL	-0.2024544800000001
EVPLL	-2.22286862
EVX1	-2.1123015464999995
EWSAT1	-4.215553570000001
EWSR1	-7.217159619999961
EXD1	-0.07939105500000032
EXD2	22.513507539999992
EXD3	-1.251522980999999
EXO1	45.35545515999999
EXO5	-17.20081912499998
EXOC1	0.3409103999999843
EXOC2	6.687238489999999
EXOC3	16.738643475000003
EXOC3-AS1	-2.3290951499999935
EXOC3L1	-0.5616289099999996
EXOC3L2	7.390229919999996
EXOC3L4	-1.1593895699999983
EXOC4	1.2915695209999996
EXOC5	1.1701689767999994
EXOC6	33.83059619000001
EXOC6B	4.438793411999995
EXOC7	0.343022641999994
EXOC8	-54.02760540000001
EXOG	-33.05838297666667
EXOSC1	-158.2062226686667
EXOSC10	-10.077819079999955
EXOSC2	-25.815501868666672
EXOSC3	-52.908585243333334
EXOSC4	-48.19938406666665
EXOSC5	-62.85381441000001
EXOSC6	-107.48050474333333
EXOSC7	-110.93290457500001
EXOSC8	-498.104466
EXOSC9	-83.67296399999998
EXPH5	0.04162659700000049
EXT1	-36.55925253666669
EXT2	-52.13919695000001
EXTL1	1.0898823900000014
EXTL2	-19.366678699999966
EXTL3	4.020352039999992
EXTL3-AS1	1.5624684379999998
EYA1	-0.8443462110000004
EYA2	0.49180851699999995
EYA3	-3.950657898749995
EYA4	27.783276488000002
EYS	-1.166411149
EZH1	-6.7523336032
EZH2	-73.9904377
EZHIP	-1.0872026799999994
EZR	118.02777036399993
F10	25.55992829
F11	-0.3582415247499995
F11-AS1	0.2288683330000003
F11R	37.978277134999985
F12	-54.6111979035
F13A1	1.138214348
F13B	0.3743735139999993
F2	-11.299702489999987
F2R	82.08025202500001
F2RL1	767.103580525
F2RL2	0.08144161550000106
F2RL3	0.0847603509999999
F3	63.146452249999996
F5	18.078892122
F7	-5.225541695000004
F8	10.453824689999998
F8A1	100.46362390000002
F9	0.37352214199999967
FA2H	27.842973371
FAAH	-2.4062023999999997
FAAH2	12.079236469999998
FAAP100	-2.9122482000000005
FAAP20	-4.7265517845555465
FAAP24	0.6633307900000034
FABP1	119.50040906499999
FABP2	0.5660292069999997
FABP3	0.8984373295000001
FABP4	-0.46673417550000007
FABP5	-476.679269
FABP6	0.9091680330000003
FABP7	0.11529471866666707
FADD	54.73127260000001
FADS1	-179.21324203333324
FADS2	-3.3243124199999983
FADS3	15.972648609999993
FAF1	-66.88140679940003
FAF2	-56.52793275000005
FAH	-41.6397070565
FAHD1	-20.776987299999973
FAHD2A	-32.380251047499996
FAHD2CP	-4.16057931025
FAIM	-78.22390890000003
FAIM2	-1.1159362795000014
FAM106A	0.4491115099999998
FAM107A	-1.4063983280000016
FAM107B	-54.317541350000056
FAM110A	9.66607483
FAM110B	0.5176686606666676
FAM110C	1.0853678459999996
FAM110D	-1.4154627029999993
FAM111A	12.8944264065
FAM111A-DT	2.4790842259999994
FAM111B	63.41015469500001
FAM114A1	277.75946433499996
FAM114A2	-80.87611333999999
FAM117A	10.66381681
FAM117B	32.92900512666666
FAM120A	-63.867823234888874
FAM120AOS	-62.19481561674998
FAM120B	43.37044412
FAM120C	-10.862642534999999
FAM124A	0.3853378824
FAM124B	-0.5300048070000001
FAM131A	-19.736958730000012
FAM131B	1.1215631849999994
FAM131B-AS2	30.596825916
FAM131C	4.969315859999995
FAM133A	-21.14996628
FAM133DP	-34.01576023299998
FAM135A	29.5119627086667
FAM135B	-1.6704820063333319
FAM138D	-1.0152352469999997
FAM13A	133.346098316
FAM13A-AS1	11.811699092
FAM13B	-100.61134910000001
FAM13C	-0.6996539499999983
FAM149A	-1.5767095273333336
FAM149B1	-5.858247626750007
FAM151A	1.0218903260000012
FAM153A	6.500460870000001
FAM153B	-0.31290622700000004
FAM156B	54.364114400000005
FAM161A	21.699946294499995
FAM161B	49.322417855000026
FAM162A	103.85900279480006
FAM162B	0.5022524759999998
FAM163A	-1.2947194519999998
FAM167A	-2.1281793600000007
FAM167A-AS1	-0.9406818540000002
FAM167B	-0.7656791419999998
FAM168A	20.27454393
FAM168B	-152.62546281999997
FAM169A	-124.16537160499999
FAM169A-AS1	0.6194374049999993
FAM169BP	-0.5322757260000008
FAM170A	-0.5398331899999995
FAM170B	0.3474701799999993
FAM170B-AS1	-0.620988268333333
FAM171A1	2.0886324199999997
FAM171A2	0.6245495190000003
FAM171B	4.824160259333333
FAM174A	-56.22474109999999
FAM174B	41.40746488500001
FAM174C	8.433083400000015
FAM178B	1.8854908399999992
FAM181A	1.1746877399999978
FAM181A-AS1	0.38051088600000016
FAM181B	-1.4559660316666658
FAM182B	-0.23393659175000003
FAM184A	7.870933559999997
FAM184B	-0.4059474000000005
FAM185A	9.620320889999999
FAM186A	7.875851198000003
FAM186B	-0.820204480000001
FAM187B	0.05011923400000029
FAM193A	-20.703055399999982
FAM193B	13.91022453699999
FAM194C	-3.5016778189999993
FAM199X	-84.83064729666671
FAM201A	0.4393988205000001
FAM201B	-0.6054279800000018
FAM204A	-43.30371297250002
FAM209B	-1.4824968685000002
FAM20A	-5.592786509750001
FAM20B	25.3615767
FAM20C	-7.067953194999987
FAM215A	-3.3203354800000007
FAM216A	-288.7399989
FAM216B	-0.431541159
FAM217A	0.3625723824999998
FAM217B	27.800627100000014
FAM218A	0.2550611665
FAM219A	-23.781882760000002
FAM219B	20.990142053333344
FAM220A	-5.461054399999966
FAM221A	-99.05262010000001
FAM221B	-0.5122710889999995
FAM222A	26.84706068
FAM222A-AS1	0.3512164000000002
FAM222B	72.2194374433333
FAM223A	-3.2758202900000004
FAM223B	0.3777055459999996
FAM224A	-0.03220507233333336
FAM225A	2.3006800600000012
FAM226B	0.020803418000000296
FAM227B	0.5341126695000007
FAM228A	0.08183052700000015
FAM228B	22.08553079
FAM229A	-2.14209078
FAM229B	73.78579149999999
FAM230B	-1.532657447
FAM230C	0.38339563899999973
FAM230I	1.272218239999999
FAM234A	14.310581619999994
FAM234B	-0.789912016666662
FAM236B	1.085816876
FAM238B	-2.450540274999998
FAM238C	0.6065327700000012
FAM240C	-0.541782274
FAM241A	20.976000248000005
FAM241B	-44.25553740000001
FAM24A	-0.5930273109999993
FAM24B	-73.67978212
FAM27C	-6.895256789999998
FAM27E3	-3.410452945000003
FAM30A	0.8564672294999998
FAM32A	48.53829619999999
FAM3A	-3.9832518649999997
FAM3B	-4.597119148000001
FAM3C	-81.65813878766669
FAM3D	-2.7558431200000015
FAM41AY1	-0.3995494000000015
FAM43A	69.04346677000001
FAM43B	22.852982660000002
FAM47A	0.09855481399999988
FAM47B	-0.6576039439999999
FAM47C	0.08029831599999993
FAM47E	0.346540085
FAM50A	-45.851773800000046
FAM50B	-2.7879176500000007
FAM53A	-0.566522789999997
FAM53B	-21.531020110500002
FAM53B-AS1	-0.054174917999999295
FAM53C	-101.08725710000002
FAM66B	-0.5925314344999997
FAM66C	-0.026349433000000033
FAM66D	-0.4328476099999996
FAM76A	1.011200089999999
FAM76B	-19.268659960000008
FAM78A	-3.5916623200000046
FAM78B	0.9072818750000007
FAM81A	17.160054554999995
FAM81B	-0.29902991199999995
FAM86B1	-22.84526320999999
FAM86B2-DT	7.593073460000003
FAM86B3P	0.1510692595000016
FAM86C1P	-21.88770207
FAM87A	0.9898068420000001
FAM89A	-109.41664270000004
FAM89B	72.3109054
FAM8A1	40.40284059999999
FAM90A1	2.4475854150000007
FAM90A2P	-1.7993883400000001
FAM91A1	26.434041509999986
FAM95A	0.6844980019999998
FAM95B1	-11.801626409999997
FAM99B	9.736597409999998
FAM9A	-0.074413587
FAM9B	0.1737147754999997
FAM9C	0.26294857500000024
FAN1	-3.409854476666659
FANCA	7.150512710000001
FANCB	1.3207824675000008
FANCC	-5.26551017600001
FANCD2	-34.659683511
FANCD2OS	0.3656741799999992
FANCE	8.703631560000005
FANCF	-20.597112075
FANCG	30.924684
FANCI	16.2289601366667
FANCL	355.8924095
FANCM	2.1093916512499966
FANK1	19.454997073
FAP	-1.2747482420000003
FAR1	-15.856906883333338
FAR2	-0.12544289733333347
FAR2-AS1	-0.9766109900000002
FAR2P2	8.176371340000003
FARP1	-16.847211736600002
FARP2	-7.532738852199998
FARS2	-9.26766065466667
FARS2-AS1	0.5214217889999997
FARSA	-74.466000645
FARSB	-155.14790341099996
FAS	-0.2801598479999994
FAS-AS1	-1.205521923
FASLG	-0.6651164344999998
FASN	-36.548007334999994
FASTK	20.045824433333337
FASTKD1	52.85664410000001
FASTKD2	-4.598270925666668
FASTKD3	-114.95889169999998
FASTKD5	-5.115377000000024
FAT1	137.37436470000003
FAT2	-2.469594206
FAT3	-0.1518157389999999
FAT4	-0.2105645900000006
FATE1	-6.088361169999999
FAU	1136.1827320000002
FAXC	1.329193184000001
FAXDC2	16.911119706666653
FBF1	3.12447010333333
FBH1	11.312301518500007
FBL	-375.7418089999999
FBLIM1	46.27568960749999
FBLL1	-102.67231923
FBLN1	-40.776794174
FBLN2	-5.351021279999998
FBLN5	0.9861888819999995
FBLN7	3.9505182800000007
FBN1	-0.30564794433333287
FBN2	0.2775824966666667
FBN3	-2.0509671099999984
FBP1	-1.9712172899999985
FBP2	-0.4630912620000007
FBRS	-4.058577699999994
FBRSL1	3.953213224599992
FBXL12	16.246905819999995
FBXL13	1.4630054494999998
FBXL14	-12.907406590000008
FBXL15	74.18919869999999
FBXL16	51.19032402199997
FBXL17	0.7107269878000011
FBXL18	6.762377336
FBXL19	-9.031460179999996
FBXL19-AS1	1.3185968300000006
FBXL2	51.367978550000004
FBXL20	24.930376667999997
FBXL21P	-13.529917516333335
FBXL22	0.007964634999999554
FBXL3	-65.09874821500001
FBXL4	3.183351583333341
FBXL5	-24.13237998999999
FBXL6	4.358308605000001
FBXL7	1.1775591680000002
FBXL7-AS1	0.2075789349999999
FBXL8	4.500768024000001
FBXL9P	-2.2507030199999996
FBXO10	-1.8133932257500014
FBXO11	-68.65218411333339
FBXO15	-0.7352265250000007
FBXO16	15.777123797499996
FBXO17	58.4814145
FBXO2	49.31280534499997
FBXO21	97.86248090666669
FBXO22	-43.08332770599998
FBXO24	-0.2195113400000004
FBXO25	-27.359244099999998
FBXO27	1.5292725700000016
FBXO28	-25.23031617220002
FBXO3	2.597728204499994
FBXO30	-44.25114913099999
FBXO31	-43.01883170000001
FBXO32	0.5914750981428574
FBXO33	16.288714115000005
FBXO34	-46.20681940000003
FBXO36	3.511481690500002
FBXO38	-42.201002939999995
FBXO38-DT	-1.7271754300000008
FBXO39	-0.9108539119999994
FBXO4	-13.522071260333338
FBXO40	0.6551694855000001
FBXO41	-5.41403224666665
FBXO42	-51.29655752074999
FBXO43	29.865033680000003
FBXO44	-4.1677923799999945
FBXO45	-31.493523510000003
FBXO46	45.80194161
FBXO5	77.21760945
FBXO6	-20.74647710000005
FBXO7	92.88859221533329
FBXO8	134.3464674
FBXO9	174.5207360311111
FBXW10	-0.8144870560000008
FBXW10B	0.2962523593333337
FBXW11	-128.59959003000006
FBXW12	8.42580182049997
FBXW2	2.639441510199987
FBXW4	-100.39899640000002
FBXW4P1	-1.7988275000000016
FBXW5	3.935320599999997
FBXW7	-17.4041282755
FBXW8	7.670415710000002
FBXW9	4.655982819999998
FCAMR	-0.2731128690000002
FCAR	-0.6330693909999994
FCER1A	-0.3669985355000005
FCER1G	4.541334690499999
FCER2	-2.7300559055000004
FCF1	-1.306133567499998
FCGBP	-3.1672474699999995
FCGR1A	0.38197540499999993
FCGR1BP	-1.5895222500000008
FCGR2A	0.18860405099999955
FCGR2B	0.5450102169999997
FCGR2C	0.5634174622500012
FCGR3B	-0.09756622050000008
FCGRT	14.639756600000013
FCHO1	4.112530999999997
FCHO2	11.209563239999994
FCHSD1	3.362445079999997
FCHSD2	-8.645437380000004
FCMR	4.485426909499999
FCN1	1.8662591839999996
FCN2	-3.0542734976666672
FCN3	-2.8619924599999997
FCRL1	-0.25802146699999984
FCRL2	0.3965779858000005
FCRL3	-0.01782381700000002
FCRL4	-0.16801536366666703
FCRL5	0.5893668398000003
FCRLA	3.058738893
FCRLB	-0.6300618800000031
FCSK	0.7243667299999998
FDCSP	-0.003257312999999762
FDFT1	45.97749644999999
FDPS	26.172104900000022
FDPSP2	1.099514427
FDX1	-149.1960399466667
FDX2	-128.7731307
FDXACB1	6.576183589999999
FDXR	-6.241436889999996
FECH	-14.440735613333317
FEM1A	-24.209057255000005
FEM1B	-54.20952670333335
FEM1C	-7.351554190000002
FEN1	251.05081189999999
FENDRR	-1.684717264999998
FER	-2.9979685800000055
FER1L4	5.273033495
FER1L5	-0.03224927299999969
FER1L6-AS1	-0.9404381949999996
FERD3L	0.5778699200000013
FERMT1	15.406564366999998
FERMT2	-57.26654423333338
FERMT3	-0.9359616399999986
FERRY3	-83.70918334500001
FES	-0.017434379999997418
FETUB	0.30937166699999974
FEV	-6.658769150000001
FEZ1	-0.014341777000000278
FEZ2	7.460559031666719
FEZF2	-0.9830971463333338
FFAR1	-1.3126903975000008
FFAR2	-2.0635845889999995
FFAR4	0.1816535100000003
FGA	-248.14814159
FGB	-140.92947758999998
FGD1	1.7370280199999968
FGD2	-2.315966421999999
FGD3	-0.36544336600000094
FGD4	-42.162158116
FGD5	1.8510490675
FGD5-AS1	65.42266708000002
FGD6	49.049843204199995
FGF1	0.5532090650000008
FGF10	0.49074730100000075
FGF10-AS1	-0.15804438500000018
FGF11	1.0738596450000024
FGF12	-19.965797695000003
FGF13	0.4766327370000001
FGF13-AS1	0.2588457970000002
FGF14	-0.6913904640000013
FGF14-AS2	0.6217868954999997
FGF14-IT1	-0.3765791620000005
FGF16	-0.8441017950000003
FGF17	-1.8323691459999996
FGF18	0.16876183483333307
FGF19	-0.20933273700000044
FGF2	-12.661132465
FGF20	-0.16684888500000028
FGF21	-2.9126015180000007
FGF22	-0.13933993033333536
FGF23	-1.0162392699999998
FGF3	0.5813630499999984
FGF4	0.79672476
FGF5	-0.717424887
FGF6	-2.353270390000006
FGF7	0.15739530600000018
FGF7P3	0.3240114470000002
FGF7P6	-14.531443475999998
FGF8	-1.4739529099999995
FGF9	0.15633090399999983
FGFBP1	-0.5503746399999994
FGFBP2	0.2951146050000002
FGFBP3	11.933758059999999
FGFR1	17.460392438142854
FGFR1OP2	1.7252539165714325
FGFR2	-1.2105599268181813
FGFR3	15.191203981500024
FGFR4	-18.8811904275
FGFRL1	11.635560254999994
FGG	-2105.9720597
FGGY	-0.8452764889999997
FGL1	-241.9368988
FGL2	-0.39377770149999947
FGR	0.920138863
FH	-346.7217843033334
FHAD1	-0.030522781166663293
FHAD1-AS1	-0.3553304759999998
FHDC1	14.53781696
FHDC1-AS1	1.5469960799999996
FHIP1A	0.9823931849999994
FHIP1B	15.4824129
FHIP2A	22.195776594999998
FHIP2B	5.542572903333337
FHIT	-47.2766709
FHL1	307.4239115236
FHL1P1	-0.8186701149999998
FHL2	199.94340496
FHL3	2.66532561
FHL5	0.07074732899999958
FHOD1	33.88382724
FHOD3	3.4277928440000007
FIBCD1	9.679508079
FIBIN	-3.3786322990000013
FIBP	-89.71193530000005
FICD	-22.43919946000001
FIG4	17.355400099999997
FIGLA	0.41349231500000005
FIGN	-18.173045172500004
FIGNL1	-2.770353775000018
FILIP1	-0.08229603875000002
FILIP1L	-14.448369229333332
FILNC1	-0.43610657500000016
FIMP1	0.15689822800000108
FIP1L1	3.36164509999999
FIRRE	0.0026368229999995663
FIRRM	-3.800522700000002
FIS1	-68.24713839999998
FITM1	-2.122149539999999
FITM2	44.68690346666668
FIZ1	-3.0268280649999966
FJX1	0.6633061800000029
FKBP10	11.068325400000006
FKBP11	29.163518923333328
FKBP14	-125.90507818
FKBP15	6.904248519833331
FKBP1A	93.187521345
FKBP1A-SDCBP2	0.9851390299999991
FKBP1B	54.015921090000006
FKBP2	-127.94285220000006
FKBP3	-142.4163013550001
FKBP4	-49.928948692000006
FKBP5	35.58427214666665
FKBP6	2.0222788900000026
FKBP6P1	2.305009629999999
FKBP7	40.31648187866667
FKBP8	-3.843606193333329
FKBP9	34.66682919999994
FKBPL	4.233479530000004
FKRP	-4.160881739999994
FKSG29	-0.4598568699999994
FKSG49	14.390779412500024
FKTN	-7.906176600000009
FLACC1	0.030207984000000465
FLAD1	-31.55360435
FLCN	-8.806985684499999
FLG	0.5199968399999997
FLG2	-0.62408185
FLI1	-0.2951334587500001
FLII	-5.604372972499988
FLJ13224	0.7602768040000001
FLJ16779	0.4855526249999995
FLJ20712	-1.6240523099999997
FLJ30679	-1.3934827299999988
FLJ32255	2.5897347439999994
FLJ33534	1.438423413999999
FLJ37201	-2.0247633080000007
FLJ38576	0.2377864949999995
FLJ40288	0.1786921549999967
FLJ42627	-43.97822680333333
FLJ43315	-0.38548643800000004
FLJ45513	1.0079669104999986
FLJ46875	8.145628420000001
FLNA	177.3390397666667
FLNB	25.62041979
FLNC	-10.519384589999998
FLOT1	-222.07103339000003
FLOT2	6.494588505000003
FLRT1	-3.5319141500000004
FLRT2	-85.167352486
FLRT2-AS1	-0.9785376790000004
FLRT3	1.339058467000001
FLT1	-2.364357349833332
FLT3	1.1911629899999987
FLT3LG	-0.6072756114999986
FLT4	-2.452424796333334
FLVCR1	-60.65784764999995
FLVCR1-DT	19.447416160000003
FLVCR2	27.967472106666676
FLYWCH1	1.7848929399999989
FLYWCH2	-2.1895041100000014
FMC1	-5.9219407500000045
FMN1	-0.5818260953333336
FMN2	-1.4257331772499988
FMNL1	4.621258507
FMNL2	99.21943402566664
FMNL3	0.6357306700000009
FMO1	-1.0397804419999996
FMO2	-0.8263118859999992
FMO3	-0.13781581200000037
FMO4	7.494865689999999
FMO5	3.6177903306666632
FMO6P	-0.12060645900000022
FMO9P	0.06939764100000012
FMOD	-0.5516537499999998
FMR1	82.80041310000001
FMR1NB	-0.256559733
FN1	-792.6047074471426
FN3K	-0.8682768030000005
FN3KRP	102.5109086
FNBP1	45.0771184955
FNBP1L	406.51690239999994
FNBP4	-13.679466163750007
FNDC1	0.2781097419999998
FNDC1-AS1	-0.40374569500000046
FNDC10	42.273586040000005
FNDC11	0.595336360000001
FNDC3A	-37.16723036250002
FNDC3B	-15.25345477883343
FNDC4	5.751503090000007
FNDC5	-1.5580247063333346
FNDC7	-4.458104949999999
FNDC8	0.5142103769999995
FNDC9	-0.4444408529999997
FNIP1	-4.018935913800007
FNIP2	62.639582343499995
FNTA	-127.55225411566659
FNTB	12.926165600000001
FOCAD	0.02193226650000213
FOLH1	-0.4212057069999995
FOLH1B	-0.6312155062500002
FOLR1	1.093206140000003
FOLR2	-0.9668878800000016
FOLR3	-3.419551629999999
FOS	139.46889464
FOSB	38.12283118
FOSL1	-2.155161100000001
FOSL2	-5.139007629999995
FOSL2-AS1	0.10517221399999999
FOXA1	-14.175310254499998
FOXA2	-61.070955602666686
FOXA3	-84.43195573
FOXB1	-1.6824195150000012
FOXC1	-113.13884560999999
FOXC2	-0.4742610814999999
FOXCUT	-8.030737479999999
FOXD1	-141.57270809999997
FOXD2	-4.471704298999999
FOXD2-AS1	-1.105112925000002
FOXD3	-25.294997996
FOXD3-AS1	-31.573623450000003
FOXD4	-1.3313028439999997
FOXE1	-1.6290160850000017
FOXE3	-0.6792503569999999
FOXF1	1.0685079890000004
FOXF2	-71.38806121
FOXG1	-52.59456127999999
FOXH1	0.9240170479999996
FOXI1	-0.7606431919999999
FOXJ1	-1.7505278299999993
FOXJ2	-61.366254719999986
FOXJ3	-14.883445239500006
FOXK1	-2.6213651374999998
FOXK2	-27.936673777142857
FOXL1	-2.8167762535000005
FOXL2	0.3394902000000002
FOXM1	-48.998140500000005
FOXN1	0.7587677744999999
FOXN2	-114.09828797699998
FOXN3	3.0602720355714155
FOXN3-AS1	-3.514229555
FOXN3-AS2	-1.1848637799999997
FOXN3-AS3	-0.5052670774999992
FOXN4	0.1208795286666664
FOXO1	-26.706499129333338
FOXO3	-75.53185565000001
FOXO4	0.9804244799999999
FOXO6	-5.941295729999997
FOXP1	-25.68985950175002
FOXP1-IT1	0.35936008999999913
FOXP2	-4.873656917
FOXP3	-2.1665837933333325
FOXP4	-9.235938959999999
FOXP4-AS1	3.783132230999999
FOXQ1	67.73056439999999
FOXR1	-0.6024470009999998
FOXR2	-0.3001232169999999
FOXRED1	55.36192680000002
FOXRED2	1.6719112566666716
FOXS1	-2.6558076909999997
FPGS	-16.404880029999987
FPGT	-77.19105720000002
FPR1	-0.7564269804999988
FPR2	0.7457051175
FPR3	0.5668072860000004
FRA10AC1	-71.36799148533333
FRAS1	-22.4711898148
FRAT1	-131.22621725
FRAT2	-276.468385
FREM1	-0.8915281075000001
FREM2	-0.33999275100000004
FREM3	-0.5276589650000001
FREY1	-4.147808510000001
FRG1BP	2.0807764635000012
FRG1EP	-0.04363671700000005
FRG1GP	-2.6856057999999905
FRG1HP	13.007284160000001
FRG1JP	-5.317287405499997
FRG1KP	7.090011169999997
FRG2EP	1.557153122
FRK	32.21312702499999
FRMD1	3.2740374700000032
FRMD3	23.606376938333327
FRMD4A	-17.362970215875
FRMD4B	-0.13469386566666675
FRMD5	16.1609891095
FRMD6	-27.989066855000004
FRMD6-AS1	5.941272299999998
FRMD7	-0.9799980970000002
FRMD8	123.96503325749998
FRMD8P1	1.691974609999999
FRMPD1	0.2978165999999991
FRMPD2B	0.2632118520000004
FRMPD3	-4.9169759100000014
FRMPD4	-0.24339054500000046
FRRS1	-0.26079703499999995
FRRS1L	-1.2865099093333328
FRS2	-0.5309140443333327
FRS3	-0.7077681000000009
FRY	-36.962328868499995
FRY-AS1	-0.42689020899999974
FRYL	5.958380932166669
FRZB	-0.45097841299999963
FSAF1	-142.1558918
FSCB	-0.07386899499999977
FSCN1	256.37330322500003
FSCN2	0.7339691209999994
FSCN3	-1.568876851999999
FSD1	-9.23013925
FSD1L	-0.6779102097499994
FSD2	0.2882356200000018
FSHB	-2.5498152099999984
FSHR	-0.2266989300000004
FSIP1	0.8982611399999998
FSIP2	0.1273399519999998
FSIP2-AS2	0.19007126200000002
FST	-548.8227844933334
FSTL1	-0.545866635333331
FSTL3	69.50263168000001
FSTL4	0.004501138333335319
FSTL5	-1.8072754630000007
FSTL5-AS1	-0.23777585300000004
FTCD	-3.2967112816666635
FTCDNL1	-12.679698394999999
FTH1	850.5730593000003
FTH1P5	1095.061232
FTHL17	-0.7687730839999998
FTL	-656.7943889999997
FTO	8.174713099999991
FTSJ1	-40.62185275500002
FTSJ3	16.561596800000018
FTX	9.997552900000073
FUBP1	40.28062584999998
FUBP3	-12.709994520000038
FUCA1	96.71626645899997
FUCA2	51.78738599999997
FUNDC1	-1.7383260999999948
FUNDC2	15.873638800000009
FUOM	-29.321988989999994
FURIN	77.1564095
FUS	-80.47408869999998
FUT1	-3.203632195999999
FUT2	1.306829304999999
FUT2BP	2.0733528210000003
FUT3	-0.4510618045000001
FUT4	-11.562090374999997
FUT5	1.7216872700000003
FUT6	-0.44485650885714634
FUT7	-0.7304855905000025
FUT8	167.27517508
FUT8-AS1	0.25708617700000147
FUT9	-3.3859171163333337
FUZ	-5.115161720000003
FXN	-14.144256169999998
FXR1	50.05130818483333
FXR2	-4.031058610000002
FXYD1	-14.45993772
FXYD2	51.53472220533334
FXYD3	31.803223235
FXYD4	0.6122116260000006
FXYD5	71.59095349500001
FXYD6	5.65525671
FXYD7	-0.012670560000000108
FYB1	-0.37249411339999927
FYB2	0.4882580945000008
FYCO1	16.467858885
FYN	-22.78033351166667
FYTTD1	-50.81628454999998
FZD1	-5.292888952333328
FZD10	-0.16161529499999983
FZD10-AS1	1.3356837745000014
FZD2	9.587375010000002
FZD3	-2.7965365149999997
FZD4	6.8894964890000026
FZD4-DT	2.325785549999999
FZD5	-883.893150495
FZD6	-70.49895379
FZD7	-4.105967320000005
FZD8	-11.811434104666663
FZD9	-0.8000161999999982
FZR1	-3.3481530549999974
G0S2	-1.7868706799999998
G2E3	-15.705150417999988
G3BP1	-8.593451050428541
G3BP2	224.25819971000004
G6PC1	-58.672745740500005
G6PC2	2.7120634700000004
G6PC3	13.13665990000004
G6PD	67.08169277000002
GAA	-4.082479699999993
GAB1	0.6137916852857153
GAB2	13.3695551
GAB3	7.6043301375
GAB4	-0.5817260200000014
GABARAP	-187.2093400000001
GABARAPL1	-58.548508510000005
GABARAPL2	-94.36758299999997
GABARAPL3	-102.88996533799998
GABBR1	71.76093058666665
GABBR2	-0.8203117927500001
GABPA	8.360595860000004
GABPB1	-99.82944749500001
GABPB1-AS1	-11.141542836999989
GABPB1-IT1	5.435007583666668
GABPB2	4.821034600000004
GABRA1	-0.14746177049999964
GABRA2	0.236038776
GABRA3	-8.712259539999998
GABRA4	-0.14655629049999952
GABRA5	0.3368652753333339
GABRA6	0.20035335400000065
GABRB1	0.06386008650000052
GABRB2	0.42573298433333306
GABRB3	-0.0939017266000004
GABRD	-0.9115785400000007
GABRE	51.48522328999999
GABRG1	-0.12019532600000016
GABRG2	0.7033608075000002
GABRG3	0.23380273400000018
GABRG3-AS1	-1.0178139799999997
GABRP	-0.4173051029999999
GABRQ	-0.52816142
GABRR1	-0.5219293550000002
GABRR2	-0.43861890999999886
GABRR3	-0.7663535399999999
GAD1	48.938542866666666
GAD2	0.04404472999999953
GADD45A	-387.287152
GADD45B	-10.141654832500024
GADD45G	1.5575128199999995
GADD45GIP1	8.91537703666667
GADL1	0.151153313
GAGE1	0.9213495250000001
GAGE12E	0.125847331000001
GAGE12F	-2.9263401470000012
GAGE12I	-1.743865886
GAGE4	-0.46320350000000055
GAK	-11.57216123500001
GAL	0.9938445275000003
GAL3ST1	35.00801947000001
GAL3ST2	0.20891553999999957
GAL3ST3	2.8449617599999986
GAL3ST4	3.0144670699999985
GALC	-3.094213785000008
GALE	30.765119253333353
GALK1	15.067411466500001
GALK2	-20.52208564333334
GALM	0.4060956499999975
GALNS	-30.492710546999987
GALNT1	448.26665095
GALNT10	60.31531783000001
GALNT11	2.4690841000000034
GALNT12	12.60452522
GALNT13	0.2541627833333342
GALNT14	-0.5627231159999999
GALNT15	-0.4158180023333342
GALNT16	5.881860224999999
GALNT17	0.03506566999999983
GALNT18	8.1187792025
GALNT2	58.016193630000004
GALNT3	-0.7737416060000006
GALNT4	23.939191629999996
GALNT5	12.666771581999999
GALNT6	47.44434670999999
GALNT7	156.75825645000003
GALNT8	-0.6662077259999997
GALNT9	-3.817571059999999
GALNTL5	-0.8328853650000001
GALNTL6	-0.23219263300000037
GALNTL6-AS1	-0.0718294730000002
GALP	-0.2791176480000006
GALR1	0.12147617500000019
GALR2	-1.8304303100000006
GALR3	-10.276814419999994
GALT	-2.5147292433333277
GAMT	3.931776896666676
GAN	-12.662544860000004
GANAB	-122.86573095000006
GANC	-9.146110466666663
GAP43	-0.938761755333335
GAPDH	-918.2388619999992
GAPDHP62	4.082850410000006
GAPDHS	-0.5775095579999991
GAPLINC	-0.9057321499999986
GAPT	0.38225722799999984
GAPVD1	8.097118682500025
GAR1	-212.7975288
GAREM1	-60.946445559999994
GAREM2	-3.731385344999996
GARIN1A	1.057790141
GARIN1B	-0.7525217339999983
GARIN2	0.05372572499999961
GARIN3	-0.5437974689999985
GARIN4	-2.355891729999996
GARIN5A	-1.8961016100000023
GARIN5B	-1.1645646210000002
GARIN6	-0.3832582200000001
GARNL3	0.734836360500001
GARRE1	-21.990914860000004
GARS1	-2864.6131929999997
GARS1-DT	-3.21547610975
GART	-38.295650466999994
GAS1	-1.4354436914999997
GAS1RR	1.5522021499999994
GAS2	-56.410863750000004
GAS2L1	74.42943835333334
GAS2L2	1.0446862099999983
GAS2L3	42.70380835
GAS5	-1347.919559662
GAS5-AS1	0.15057069700000003
GAS6	0.8005528500000025
GAS6-AS1	-0.5212305675000009
GAS7	-1.8848951200000013
GAS8-AS1	0.30298693499999985
GASK1A	-0.09146011899999973
GASK1B	0.0936066000000002
GAST	-1.8645077699999995
GATA1	-3.2228631199999995
GATA2	-15.447621643333342
GATA3	-8.038792244999994
GATA3-AS1	0.03957732349999965
GATA4	-2.7436409917999995
GATA5	0.01868791449999918
GATA6	-4.268426770000001
GATA6-AS1	1.5959375619999996
GATAD1	-67.62745891099998
GATAD2A	1.8129886400000004
GATAD2B	2.1441219749999973
GATB	8.84505830000002
GATC	-149.0443668250001
GATD1	23.454687269999994
GATD1-DT	4.498788039999997
GATD3	98.01728995000002
GATM	72.03293370942856
GAU1	1.92236825
GBA1LP	16.545183273333322
GBA2	2.235397500000005
GBA3	-0.5708569219999999
GBE1	-253.62373839999998
GBF1	-7.597756000000004
GBGT1	0.08124877000000019
GBP1	2.6271308292500004
GBP1P1	0.2429869440000001
GBP2	75.062470225
GBP3	58.320198862
GBP4	0.08974176699999958
GBP5	0.8948168465000013
GBP6	-0.1654399599999996
GBX1	-4.62962125
GBX2	-0.7080100329999999
GC	-23.147285555000003
GCA	29.552128159999995
GCAT	-42.72089170000001
GCC1	-18.01452881633334
GCC2	58.37118464850002
GCC2-AS1	-0.13365660999999918
GCDH	-29.86137312999999
GCFC2	-43.69679940000003
GCG	-0.9761237039999999
GCGR	-0.19115958999999805
GCH1	-413.4987364
GCHFR	53.350862199999995
GCK	-1.2134561460000004
GCKR	-1.9126025299999974
GCLC	-59.717889413333324
GCLM	-732.1982949333333
GCM1	0.744247713
GCM2	-0.24307655299999986
GCN1	108.91652775
GCNA	13.595483960000001
GCNT1	1.2082533425000008
GCNT2	10.172376745000008
GCNT3	347.278817
GCNT4	-0.7149376280000004
GCNT7	-3.0541962274999994
GCSAM	-1.1356367550000002
GCSAML	-0.6400455520000001
GCSAML-AS1	-0.5352773910000002
GCSH	-279.30276230000027
GCSIR	1.3457794459999999
GDA	47.08721370000001
GDAP1	-30.80626966666665
GDAP1L1	-6.469840380000001
GDAP2	-38.99592828
GDE1	181.26706535000005
GDF1	-31.283854895000005
GDF10	0.19951575199999994
GDF11	3.756421319600001
GDF15	-739.2880211733332
GDF2	-3.9479792300000014
GDF3	3.9119411500000023
GDF5	-3.091285769999999
GDF9	-1.2998429480000002
GDI1	-46.04296690000001
GDI2	234.80559334999998
GDNF	1.4793393370000008
GDPD1	-36.797787563333344
GDPD2	2.4263102199999977
GDPD3	2.5014431700000017
GDPD5	28.327931619999987
GDPGP1	4.40545432
GEM	84.95842549
GEMIN2	-85.07040521249999
GEMIN4	0.8673044899999951
GEMIN5	-133.37471130000003
GEMIN6	-22.62159202000001
GEMIN7	-2.1585873966666895
GEMIN8	-7.802099740333336
GEN1	1.357370850499997
GET1	-199.05828099999985
GET3	-33.59052280000003
GET4	-52.848159315000004
GFAP	-0.040385406999999596
GFER	2.751323455000005
GFI1	-22.70627338
GFI1B	-3.865525591500001
GFM1	-74.62939499099998
GFM2	-9.777570523333338
GFOD1	7.1094136615
GFOD2	3.693817734999982
GFOD3P	7.777842856666666
GFPT1	-281.89607624999996
GFPT2	33.72048563
GFRA1	-0.09981253199999962
GFRA2	-1.2692548199999987
GFRA3	-2.2994693299999973
GFRA4	0.41290184450000034
GFUS	33.567262700000015
GGA1	-20.397041393999956
GGA2	-12.9036144305
GGA3	4.473884885000004
GGACT	-3.00996404
GGCT	-129.09380099999998
GGCX	15.583344858000004
GGH	-302.9349489
GGN	-0.33843202499999947
GGNBP2	-104.37205515149999
GGPS1	-14.275910059999973
GGT1	1.87576112
GGT2P	36.95669338799999
GGT5	0.33443703000000014
GGT6	1.0084110600000002
GGT7	-6.385932656666661
GGT8P	7.481206289999999
GGTA1	-1.162028082
GGTLC1	26.124839689999998
GGTLC2	0.4204241799999995
GH1	-1.1088221800909075
GH2	-1.7833216615000005
GHDC	13.942026810000002
GHET1	3.0845914800000003
GHITM	-1119.2118685333337
GHR	-8.003528189999997
GHRH	-0.5359604670000007
GHRHR	-0.6350952346666681
GHRL	0.7078883200000003
GHRLOS	-0.9540345349999981
GHSR	0.3540784756666664
GID4	-4.515527195000004
GID8	-20.800409249999973
GIGYF1	2.5569664830000036
GIGYF2	-6.261749711000007
GIHCG	-26.932982778500005
GIMAP1	0.06448764900000015
GIMAP2	-0.003756189999999826
GIMAP4	0.3072197200000004
GIMAP5	-1.9101507546666667
GIMAP6	-0.3627056660000001
GIMAP7	0.23908055599999978
GIMAP8	-0.6560030480000005
GIN1	-63.34880511
GINM1	241.72324349999997
GINS1	57.52987089999999
GINS2	42.728776735666656
GINS3	46.009373144999984
GINS4	14.922555485
GIP	2.320257593999999
GIPC1	65.2197674
GIPC2	-0.02891297249999969
GIPC3	2.876228818500003
GIPR	1.260186256499999
GIRGL	-3.2960278269999996
GIT1	-18.74175919999999
GIT2	11.4040113872
GJA1	39.82436899999993
GJA10	-2.7211513299999996
GJA3	-6.600490199999999
GJA4	-1.681557864500002
GJA5	-0.5738739060000002
GJA8	-0.44491092000000165
GJA9-MYCBP	22.8773446725
GJB1	70.31608019999999
GJB2	3.2510460319999996
GJB3	-1.1270517433333325
GJB4	-0.6074549900000008
GJB5	-1.1212837479999997
GJB6	-0.7241841170000001
GJC1	15.525647665000008
GJC2	-5.856281519999996
GJD2	0.8152906499999979
GJD3	1.21702346
GJD4	0.34694546200000076
GK	-22.8801818125
GK2	-1.2899976940000002
GK3	-11.02312866
GK5	0.797985098333335
GKAP1	-89.59789719666668
GKN1	-1.6299039329999996
GKN2	0.8047156940000004
GLA	-54.169642899999985
GLB1	45.969302200000016
GLB1L	10.86096889
GLB1L2	-3.319133529999995
GLB1L3	-2.7748103315000012
GLCCI1	24.666329363400024
GLCE	105.55152081
GLDC	-199.678581
GLDN	-3.458331202
GLE1	8.380617053333339
GLG1	-61.608607025000026
GLI1	-26.756882200000007
GLI2	6.680273416666667
GLI3	0.42789840499999876
GLI4	3.3207594805000014
GLIDR	45.44906175999999
GLIPR1	-14.891406075999999
GLIPR1L1	-0.35988669500000015
GLIPR2	11.489996595000001
GLIS1	0.39884231499999956
GLIS2	-123.56247668
GLIS3	-188.08416325500002
GLIS3-AS1	-1.62734792
GLMN	-334.2378062
GLMP	124.66348054333329
GLO1	-284.63561000000004
GLOD4	-104.6913614
GLOD5	0.16714579749999903
GLP1R	-0.9387438495999998
GLP2R	0.9195995640000003
GLRA1	-1.4554437059999996
GLRA2	-0.7581823500000002
GLRA3	0.3860590589999995
GLRB	5.9791090156666655
GLRX	380.5934845449999
GLRX2	-342.39594250000005
GLRX3	-155.48939691750002
GLRX5	22.66295100000002
GLS	-7.734914089875005
GLS2	1.1894225607499997
GLT1D1	2.374762910000001
GLT8D1	227.32649014999993
GLT8D2	11.974695346
GLTP	98.51811479999992
GLTPD2	-34.87294391
GLUD1	-156.23924809999994
GLUD2	-11.349231425000028
GLUL	-13.992176614499982
GLYAT	-0.4124468326666664
GLYATL1	-1.3093671103333335
GLYATL1-AS1	2.75774979
GLYATL2	-1.504887387000001
GLYCTK	34.025131345000005
GLYCTK-AS1	-0.5181973500000012
GLYR1	-25.131841114600007
GM2A	35.64731521971429
GMCL1	31.290774966666618
GMDS	-38.38786422
GMDS-DT	11.716961300000001
GMEB1	-0.8037151225000017
GMEB2	-46.598655095
GMFB	-248.54069425000012
GMFG	1.4245578300000012
GMIP	6.439689335000001
GML	-0.6887278650000006
GMNC	-0.5805336089999997
GMNN	498.9884368999999
GMPPA	-77.01569169999999
GMPR	-0.6499281799999999
GMPR2	-65.73434760000004
GMPS	-20.488990856666703
GNA11	22.07169293333334
GNA12	86.70372904000001
GNA13	-5.402125083999977
GNA14	-0.013530248000000356
GNA14-AS1	-1.4387413110000002
GNA15	-0.7542016799999995
GNAI1	-11.064145255
GNAI2	63.51662769999999
GNAI3	-240.5135183333333
GNAL	43.271886502499996
GNAO1	-0.5598736022500006
GNAO1-AS1	-0.37982022099999924
GNAO1-DT	-0.13272018099999983
GNAQ	31.931742173999993
GNAS	63.26671275449985
GNAS-AS1	0.11739605600000047
GNAT1	-1.5917282094999994
GNAT2	-0.3025522029999994
GNAT3	-0.26246781499999994
GNAZ	14.95782157
GNB1	17.425749099999962
GNB1L	-0.8915419819999926
GNB2	-9.486508000000015
GNB3	4.721807969999993
GNB4	-45.2118865066667
GNB5	-0.4588447544000047
GNE	-65.3374642
GNG10	95.83345099999997
GNG11	-0.13641682750000061
GNG12	68.59900903666667
GNG13	-0.5895602229999994
GNG2	0.7794137352499995
GNG3	-0.07156392999999994
GNG4	-7.082983808750001
GNG5	-943.2033449999999
GNG7	1.0215571533333332
GNG8	-1.339738702
GNGT1	0.28686597
GNGT2	6.71526083
GNL1	-7.143000577600006
GNL2	-56.2893923
GNL3	-365.54001569999997
GNL3L	-15.026026033999997
GNLY	0.28863186949999964
GNMT	-1.246206719
GNPAT	3.221857699999987
GNPDA1	34.826047500000016
GNPDA2	5.6144489500000105
GNPNAT1	-98.274653
GNPTAB	92.33976023333335
GNPTG	88.32918885
GNRH1	-0.18522491399999907
GNRH2	-6.930588719999999
GNRHR	-0.0871015566666653
GNRHR2	-0.9326109699999989
GNS	41.92479815666675
GOLGA1	14.428741154999997
GOLGA2	11.136805177500008
GOLGA2P10	-63.59546555499999
GOLGA2P3Y	0.3991898239999987
GOLGA2P5	12.739468546666657
GOLGA3	37.65314714666664
GOLGA4	7.623911304999979
GOLGA4-AS1	-0.5600996100000017
GOLGA5	66.29115100000001
GOLGA6A	0.3703488549999996
GOLGA6B	-0.4794052399999984
GOLGA6L2	-0.24588863199999977
GOLGA6L5P	-91.34798860000001
GOLGA6L6	1.139420706000001
GOLGA7	-111.81585055000005
GOLGA7B	53.049563890000016
GOLGA8A	-3.709662842
GOLGA8DP	0.5059648800000005
GOLGA8IP	-2.54794798
GOLGA8N	131.2384498
GOLGB1	-6.74182899500002
GOLIM4	32.429453377999984
GOLM1	81.53534182499999
GOLM2	32.15262005333335
GOLPH3	82.74911199999997
GOLPH3L	11.711572199999992
GOLT1A	6.007694969999996
GOLT1B	42.44366865000006
GON4L	3.489254343500008
GON7	157.4470452
GOPC	-13.674791994600014
GORAB	-4.893092089999996
GORASP1	-3.484806715000005
GORASP2	-350.1775785000001
GOSR1	-61.47324655874999
GOSR2	5.613739398888889
GOT1	-1273.1476225
GOT1L1	0.03196118999999875
GOT2	-103.45666389999997
GP1BA	1.9792649199999985
GP2	-0.09882733925000053
GP5	-0.16468711099999922
GP6	-0.2956427509999999
GP9	-2.063047949999998
GPA33	-0.9529269599999992
GPAA1	-53.14725680000001
GPALPP1	6.868130409999992
GPAM	84.05254199999999
GPANK1	9.568868785000006
GPAT2	0.26984437200000055
GPAT3	-134.59559529999999
GPAT4	28.07384176833331
GPATCH1	0.9080943000000019
GPATCH11	-12.780801180000005
GPATCH2	-12.8408099528
GPATCH2L	12.0466283955
GPATCH3	7.579907120000001
GPATCH4	-48.220870928
GPATCH8	-7.300919315000016
GPBAR1	-0.8592620800000006
GPBP1	-38.66980048000002
GPBP1L1	1.444295803333361
GPC1	-20.749264505
GPC1-AS1	-0.021025097999999964
GPC2	1.6374078189999999
GPC3	-28.686401799000002
GPC4	-6.9928819
GPC5	0.7474348839999996
GPC6	-112.62918244500001
GPCPD1	-2.902504553333344
GPD1	-1.7825339007499998
GPD1L	58.616668000000004
GPD2	-15.434877042333326
GPER1	12.956296184499998
GPHA2	-1.011058610000001
GPHB5	-0.4819435849999998
GPHN	2.655439890000004
GPHRB	-8.4638688
GPI	186.52940460000002
GPIHBP1	0.7330995300000005
GPKOW	12.56466979999999
GPLD1	-0.17749331949999814
GPM6A	-0.09660716333333408
GPM6A-AS1	0.19608252699999973
GPM6B	0.03768809050000055
GPN1	-30.418226900000008
GPN2	-37.31343547
GPN3	-93.4940474
GPNMB	36.0965713495
GPR101	-4.265742770000001
GPR107	-6.056002475500009
GPR12	0.45523381449999967
GPR132	-2.9437622119999993
GPR135	-0.5459439909999997
GPR137	-4.049179880000004
GPR137B	112.49951134
GPR137C	16.100152269999995
GPR143	2.397020521
GPR146	0.980237927000001
GPR15	-0.13614899999999963
GPR150	0.06875068999999812
GPR153	23.42041958
GPR155	3.034865656999999
GPR156	-3.403964793
GPR157	1012.913442905
GPR158	-1.4118518600000023
GPR15LG	-0.19800808349999954
GPR160	16.813105460000003
GPR161	12.504256428333338
GPR162	-3.884780750000001
GPR17	0.010960231500000361
GPR171	-0.6304765880000001
GPR173	0.24891507325000006
GPR174	0.018001926999999807
GPR176	2.886158639999991
GPR176-DT	-0.3806196019999999
GPR18	0.10369387500000027
GPR180	9.386054201
GPR183	0.779345695
GPR19	37.66278947
GPR199P	-0.23424520000000015
GPR20	2.0447698400000007
GPR21	-0.8441624099999991
GPR22	0.5950656535000003
GPR25	0.8141038119999999
GPR26	-2.2696674580000007
GPR27	-17.821776308000004
GPR3	1.4034113109999993
GPR31	0.08813318999999886
GPR32	-0.5229591130000006
GPR34	0.6516699279999996
GPR35	4.8145310399999985
GPR37	0.7907024960000002
GPR37L1	-1.8615687046666665
GPR39	19.873928411
GPR4	0.06977783500000001
GPR42	0.8698102799999976
GPR45	0.48491474999999795
GPR50	0.07946712800000011
GPR52	1.0071578409999997
GPR55	-0.5732734070000003
GPR6	-3.155533352499999
GPR61	-1.1138004490000002
GPR62	-0.48419900000000027
GPR63	-2.0570106100000007
GPR65	0.09777652800000025
GPR68	0.9557588095000007
GPR75	1.0305706989999992
GPR75-ASB3	-15.42602848
GPR78	0.8118227900000008
GPR82	-0.18731718866666647
GPR83	0.5425301569999998
GPR84	0.5590194469999998
GPR85	0.6383785545
GPR87	0.12030783000000023
GPR88	-0.013425331999999734
GPRASP1	1.851630096000001
GPRASP2	21.172792740000006
GPRASP3	-3.0218332500000002
GPRC5A	3.4466168670000012
GPRC5B	11.407934357749998
GPRC5C	19.808730080000004
GPRC5D	-4.086834349999998
GPRC5D-AS1	15.732976005000001
GPRC6A	-5.040995960000002
GPRIN1	4.3321302400000015
GPRIN2	-3.881975182999998
GPRIN3	17.0141068114
GPS1	68.55287580000001
GPS2	52.188397399999985
GPSM1	-24.749772309999997
GPSM2	-0.26840781250000134
GPSM3	-1.0238122250000004
GPT	-5.245917249999998
GPT2	-39.1396974
GPX1	395.2006080000001
GPX2	16.9597778145
GPX3	20.259804139999993
GPX4	-1206.8869359999999
GPX5	-0.06943324499999992
GPX7	0.8053777670000004
GPX8	150.80904149
GRAMD1A	109.63413485000001
GRAMD1B	0.8729297799999998
GRAMD1C	10.904607188
GRAMD2A	-11.072577360000004
GRAMD2B	35.789728560499995
GRAMD4	17.224720935
GRAP	3.2073624999999986
GRAP2	-3.729199759
GRAPL	-1.0219843645000006
GRAPL-AS1	-3.246943120000001
GRASLND	0.7483244140000007
GRB10	261.34208001725
GRB14	19.319141599999995
GRB2	-117.23517858666668
GRB7	-3.7257424599999993
GREB1	1.1388404386666675
GREB1L	7.60525264333333
GREM1	0.27662792849999995
GREM2	0.006482860666666923
GREP1	-1.3345907529999996
GRHL1	-4.857680885000001
GRHL2	-0.693019338
GRHL3	0.466684109
GRHPR	-117.7071143
GRIA1	-0.5295316474999994
GRIA2	0.022978998333333944
GRIA3	0.18408899140000035
GRIA4	0.3370384563333335
GRID1	-0.15167189966666683
GRID1-AS1	-0.3879730229999998
GRID2	-1.8345611390000007
GRIK1	0.8454668759999997
GRIK1-AS1	-0.3722099399999994
GRIK1-AS2	-0.6544034112499997
GRIK2	-0.394935174
GRIK3	0.137513856
GRIK4	0.21086736699999964
GRIK5	-0.9512931766666668
GRIN1	0.23115629399999804
GRIN2A	-0.010127814999998819
GRIN2B	-0.8181149413333344
GRIN2C	-1.4069159366666675
GRIN2D	0.8334618474999989
GRIN3A	-0.07550706600000012
GRIN3B	-2.2472673800000003
GRINA	-14.89817090000001
GRIP1	-0.11354913699999969
GRIP2	-5.332963579999998
GRIPAP1	9.036038449999992
GRK1	-0.6780332600000012
GRK2	-4.708624736666671
GRK3	-10.608683773333325
GRK3-AS1	0.49775337099999994
GRK4	-1.0932476725000004
GRK5	9.546794902500011
GRK6	-22.37300042000001
GRK7	-0.20412410700000017
GRM1	-0.3947617223333335
GRM2	-4.232463833499999
GRM3	-2.4198395990000003
GRM4	2.7204470999999995
GRM5	0.6313250880000005
GRM6	0.33817089000000067
GRM7	0.2820841784999999
GRM8	-0.05207964866666437
GRM8-AS1	-1.5112790020000002
GRN	202.34474983333337
GRP	0.27589005399999955
GRPEL1	-103.88580709999997
GRPEL2	-105.56589891100003
GRPR	0.08181158999999916
GRSF1	57.54552158999999
GRTP1	-19.784422539999994
GRTP1-AS1	0.7445990885000002
GRWD1	-55.54629623000001
GS1-24F4.2	0.5093111129999999
GS1-279B7.1	0.44853851000000056
GS1-600G8.3	0.23599781699999944
GSAP	32.73833777
GSC	-0.458069139
GSC2	0.7011337419999997
GSDMB	11.61483668
GSDMC	-0.9282417600000024
GSDMD	14.447329329999995
GSDME	212.98424186999998
GSE1	-48.64044603000001
GSEC	1.5597966900000007
GSG1	-0.6737307569999995
GSG1L	-0.4175335899999979
GSK3A	-7.685150249999992
GSK3B	5.912166446200004
GSKIP	-120.3749345
GSN	75.52261981133336
GSN-AS1	-1.6984620240000003
GSPT1	-220.82461422466667
GSPT2	-45.75173750000002
GSR	-0.7517963799999734
GSS	-77.71218090000002
GSTA1	-1.1715085380000012
GSTA3	-0.014864959999998817
GSTA4	64.45436172000001
GSTCD	-0.6997801473333354
GSTCD-AS1	-0.006650507999999888
GSTK1	101.89125290000001
GSTM1	12.781645390000008
GSTM2	38.322394790000004
GSTM3	-256.411424625
GSTM4	11.28233651
GSTM5	0.35531033
GSTO1	1293.5848180000003
GSTO2	0.06964230700000051
GSTP1	-3074.5177590000003
GSTT1	-0.5964591944999995
GSTT2	1.1985093809999992
GSTT4	-3.0134428
GSTZ1	-15.110223640000001
GSX1	0.041382971499999144
GSX2	1.56478231
GTF2A1	-123.60001478000007
GTF2A1-AS1	-0.4452343550000002
GTF2A1L	0.053073555999999744
GTF2A2	-139.16091815333334
GTF2B	-400.5739307
GTF2E1	-52.79763110000002
GTF2E2	-16.938747199999995
GTF2F1	8.827173990000006
GTF2F2	-69.50147423
GTF2H1	-47.088538701666664
GTF2H2B	-154.23898659999998
GTF2H3	-44.10123655000001
GTF2H4	44.35694480000001
GTF2H5	66.59113970300001
GTF2I	1.164787050000001
GTF2I-AS1	0.2591775580000002
GTF2IP12	-4.904281440000005
GTF2IP20	-3.8952976449999994
GTF2IP4	453.85282765
GTF2IP7	-4.140423339999998
GTF2IRD1	39.727741699999996
GTF2IRD2	-27.711394225000006
GTF2IRD2B	-0.7377670199999997
GTF3A	-762.6019385766666
GTF3C1	-19.401216750000003
GTF3C2	36.260133823333376
GTF3C2-AS1	0.021021195500001255
GTF3C3	-9.612430175250012
GTF3C4	-5.460790600000003
GTF3C5	6.687115845000008
GTF3C6	-304.4863029999999
GTPBP1	0.9822449297999967
GTPBP10	0.813645298
GTPBP2	-31.724719186666675
GTPBP3	0.9885168899999996
GTPBP4	-259.00045970333326
GTPBP6	-34.34313558000001
GTPBP8	-32.23231839000002
GTSE1	29.091888720000014
GTSE1-DT	0.5851252689999997
GTSF1	-765.4081319999998
GTSF1L	0.44668113950000077
GUCA1A	-0.22088772833333437
GUCA1B	4.07057193
GUCA1C	0.4364682626666676
GUCA2A	-2.937533590000001
GUCA2B	-1.6272245129999998
GUCD1	211.62564840000002
GUCY1A1	0.3830422770000004
GUCY1A2	-0.2603356391666658
GUCY1B1	-0.4412406779999998
GUCY1B2	-0.26823512600000043
GUCY2C	-2.860721022
GUCY2D	-2.4859054899999986
GUCY2F	-0.8320669840000003
GUF1	-43.27549048499999
GUK1	29.729465309999995
GULP1	264.85194746279996
GUSB	6.690120109999981
GUSBP1	0.5501485880000003
GUSBP11	5.2872297499999945
GUSBP14	10.757844644999999
GUSBP17	12.235370710000002
GUSBP2	1.9386246400000005
GUSBP3	7.9809874
GUSBP4	2.4096152309999965
GUSBP5	0.0930679259999998
GVINP1	0.9232477929999998
GVQW3	0.07087554450000066
GXYLT1	8.951609744999999
GXYLT2	9.506662555000002
GYG1	-324.1908196500001
GYG2	22.79166930666667
GYPA	-0.3752980377999995
GYPB	-0.40541293999999795
GYPC	-4.16781546
GYPE	0.19598861199999984
GYS1	36.621933240000004
GYS2	-0.611985105
GZF1	-49.91149405300001
GZMA	0.07716306700000075
GZMB	-1.0629945220000003
GZMH	-1.0563725599999998
GZMK	-2.1181166399999993
GZMM	3.2973827170000014
H1-0	-868.2628441
H1-1	-0.005352223000000045
H1-10	47.68162909999998
H1-2	46.8883539
H1-3	-2.0258090600000003
H1-4	-1.5854793310000002
H1-5	-0.06863014799999956
H1-6	-1.4337219549999993
H1-7	-1.0323648666666685
H1-8	-0.7146006299999996
H1-9P	-0.10799279699999964
H2AB1	3.796970430000002
H2AC11	-12.227081089999999
H2AC14	-2.824646499999993
H2AC15	1.0994734164999995
H2AC16	-2.3585934700000006
H2AC17	-2.4765143499999986
H2AC18	132.98858235
H2AC25	-12.020779482500004
H2AC4	-2.94277224
H2AC6	48.752208620000005
H2AC8	10.210709190000001
H2AJ	-190.67342400749993
H2AP	-3.7241647330000003
H2AX	26.524088067500003
H2AZ1	-1001.4526644999992
H2AZ2	7.928853874999959
H2BC1	-0.16300850799999989
H2BC11	5.349595863000003
H2BC12	1228.6842778
H2BC12L	317.9370116
H2BC13	-4.05982946
H2BC14	1.433150435
H2BC15	2.09710104
H2BC17	-0.2915383779999998
H2BC21	3.1138624200000002
H2BC3	3.623482989000001
H2BC4	25.647565492
H2BC5	184.19045273
H2BC6	55.293762750000006
H2BC9	42.969171339999995
H2BW2	-0.5685400899999999
H2BW4P	0.39970534800000035
H3-3A	-15.642055400000004
H3-3B	-174.045185425
H3-4	-1.8223271490000004
H3C1	-0.40636637900000006
H3C10	4.438285627499999
H3C11	2.0829670865
H3C2	2.2415854470000003
H3C3	-1.4164214899999994
H3C4	2.303618489999998
H3C6	4.564428440000002
H3C7	0.488152511
H3C8	-2.0141221999999956
H3P6	-16.50768449999987
H4C1	-1.4996252410000004
H4C11	-46.59693183000001
H4C12	-427.72737527449976
H4C13	2.5354992040000006
H4C4	-11.560978289500003
H4C5	-1.7593362530000007
H4C6	-0.2706073849999999
H4C7	-1.9139725910000003
H4C8	1.4246266910000003
H4C9	-8.506105990000002
H6PD	16.51482788925
HAAO	-6.617179039999996
HABP2	93.77697329999998
HABP4	-39.62962966225001
HACD1	-94.89102615999998
HACD2	-120.48887295000003
HACD3	180.73131680000006
HACD4	0.4320474095
HACE1	-10.770585650000001
HACL1	-55.76191080000001
HACL2	42.40099873000001
HADH	-97.2405312666667
HADHA	-145.21704416666677
HADHB	54.08854500000007
HAGH	24.477564200000018
HAGHL	1.929175690000001
HAGLR	-0.962705367333335
HAGLROS	0.935942085999999
HAL	1.3552118993333346
HAMP	-1.7391963599999993
HAND1	-2.330642509999999
HAND2	-2.7799883299999983
HAND2-AS1	0.14934262399999998
HAO1	0.28872967100000047
HAO2	0.3178420709999994
HAP1	-2.2589250923333353
HAPLN1	1.8555691162499999
HAPLN2	2.8567393699999997
HAPLN3	4.515443529999999
HAPLN4	-3.3110769699999985
HAPSTR1	-54.051626966666646
HAPSTR2	-0.8202827160000004
HAR1A	0.2510307279999999
HARBI1	-14.610451099999999
HARS1	-83.51112969999997
HARS2	98.24712550000004
HAS1	0.38453153999999934
HAS2	-0.3510098975
HAS3	1.8135301923333316
HASPIN	0.8177428999999989
HAT1	214.2700119
HAUS1	49.084072900000024
HAUS2	-39.311821415
HAUS3	-67.76844589999999
HAUS4	87.41548769999997
HAUS5	19.840183743333313
HAUS6	31.488692993333316
HAUS7	5.910736839999998
HAUS8	21.518980640000002
HAVCR1	39.999165399999995
HAVCR1P1	2.4470899000000017
HAVCR2	-0.8506624832499998
HAX1	-719.5332784050001
HBA1	1.3159090499999984
HBB	8.61009369
HBBP1	1.7812342670000003
HBD	1.7294611080000006
HBE1	2.694135160000002
HBEGF	-13.710480913250002
HBG2	-6.436266346666667
HBM	-1.4857582980000004
HBP1	5.170582305000011
HBQ1	15.541790180000007
HBS1L	-24.45466568750001
HBZ	0.1699734779999993
HCAR1	0.07191939899999955
HCAR3	3.03530329
HCCAT5	-0.8139876800000003
HCCS	-82.28767349999998
HCFC1	-10.419127715333339
HCFC1R1	64.6607464
HCFC2	-32.24880729949999
HCG11	-38.12405024500001
HCG18	7.882555860399997
HCG22	-0.20672244000000006
HCG26	-5.629455610000001
HCG27	-0.28185457000000014
HCG4	0.6525478530000006
HCG4B	-0.6495311289999997
HCG9	2.528471119999999
HCK	-0.4112219699999997
HCLS1	0.5141580399999999
HCN1	-0.5644554450000001
HCN2	-7.251022005499998
HCN3	4.046388319999998
HCN4	-3.393942599999999
HCP5	-1.1372622000000003
HCP5B	-1.016163579999997
HCRT	-1.6290136400000002
HCRTR1	-0.8381842319999997
HCRTR2	-1.5540401380000004
HCST	-0.03702837000000159
HDAC1	166.149312
HDAC10	1.7233743399999994
HDAC11	27.49070219500001
HDAC2	-84.69025600499998
HDAC2-AS2	-1.7095208570000002
HDAC3	42.29483160000001
HDAC4	-9.036492967666668
HDAC4-AS1	-4.432780519999998
HDAC5	-4.798861819999999
HDAC6	7.600092182333334
HDAC7	6.752390630000001
HDAC8	5.763813589999998
HDAC9	-38.1787752904
HDC	0.27527487999999956
HDDC2	3.9017266500000574
HDDC3	56.98898170000001
HDGF	-617.5878289999998
HDGFL1	-2.217967630000004
HDGFL2	27.907761810000004
HDGFL3	-4.555360663375
HDHD2	-190.49385010000003
HDHD3	18.433474790000005
HDHD5	-52.6845859
HDHD5-AS1	0.3496135659999995
HDIP1	-26.938282200000003
HDLBP	53.57134186666664
HDX	0.6362216079999996
HEATR1	-131.90679959240006
HEATR3	-50.99129050500002
HEATR4	-1.6207115980000006
HEATR5A	124.46681140000001
HEATR5A-DT	0.11628829499999949
HEATR5B	-43.54255246700001
HEATR6	1.1481976633333204
HEATR9	-0.4973115159999999
HEBP1	381.0870242
HEBP2	29.84760076000009
HECA	24.12467923166667
HECTD1	-12.898363355333345
HECTD2	-0.17969764949999245
HECTD3	49.06297642
HECTD4	4.5046276313333315
HECW1	0.028502709666664572
HECW1-IT1	-0.21538094400000007
HECW2	1.1582367649999994
HECW2-AS1	6.435697874000001
HEG1	-91.49806892000004
HEIH	-1.642137659999996
HELB	1.0581183543333328
HELLS	56.63005654000003
HELQ	0.08109072580000642
HELZ	29.084866069999997
HELZ2	-0.07627854499999742
HEMGN	0.1912118119999997
HEMK1	5.185901744999995
HEMK2	-8.984278278333331
HENMT1	90.01210370000001
HEPACAM	-0.9783911809999992
HEPACAM2	-0.5924617639999998
HEPH	0.8983587684999996
HERC1	0.7413298363333354
HERC2	6.394003575500008
HERC2P10	1.2782178999999996
HERC2P3	44.1857418
HERC2P7	-0.40609119049999975
HERC2P9	123.58235890000003
HERC3	-0.6731104764999998
HERC4	17.681761354333347
HERC5	-26.73683552
HERC6	-10.099790438500001
HERPUD1	-672.0549792650003
HERPUD2	-31.916487886666687
HES1	101.00826007366666
HES2	-3.759914073666664
HES4	57.3227454
HES5	-0.8462833800000009
HES6	71.53965929999998
HES7	-4.51330583
HESX1	-2.9438964899999966
HEXA	11.627373936750004
HEXA-AS1	-0.2537259980000002
HEXB	-24.903002000000015
HEXD	11.286267948999999
HEXIM1	89.88942205500001
HEXIM2	30.69357533
HEY1	124.12268597499998
HEY2	-0.1636958315000001
HEYL	0.9073715900000039
HFE	10.018372668200008
HFM1	-0.16149617600000044
HGC6.3	-2.9614515700000013
HGD	-31.9351320425
HGF	0.03701285819999889
HGFAC	-2.1456145200000005
HGH1	-14.53681005
HGS	14.027871390000001
HGSNAT	11.467542416799986
HHAT	-7.356514270000002
HHATL	-1.4778344719999996
HHEX	-139.9389033
HHIP	-0.0944904959999997
HHIP-AS1	-3.30787267
HHIPL1	0.5460821899999999
HHIPL2	-2.04774894
HHLA1	-3.749169069999997
HHLA2	0.8020959235000005
HIBADH	-79.3875817133333
HIBCH	17.549542649999978
HIC1	0.5113295984999997
HIC2	-17.119152824999986
HID1	-3.657569285000001
HIF1A	251.84181500000022
HIF1AN	26.841749153333325
HIF3A	-0.43827409899999914
HIGD1A	-357.24779747
HIGD1B	-0.533312549999998
HIGD2A	137.3171636500001
HIKESHI	-221.18563645000006
HILPDA	385.84285685000003
HINFP	-17.120546800000014
HINT1	-548.1103744660004
HINT2	-388.2421617
HINT3	-50.778226696666664
HIP1	32.850974267750004
HIP1R	30.483085343333343
HIPK1	-70.19439532724999
HIPK1-AS1	0.5850377245000002
HIPK2	7.051075898299999
HIPK3	11.806217918750008
HIPK4	2.2049433600000015
HIRA	-7.292369102500004
HIRIP3	-23.56582152
HISLA	0.6603589300000001
HIVEP1	-3.7842503700000023
HIVEP2	5.022115167000003
HIVEP3	-0.23219768239999894
HJURP	52.70860632
HJV	4.631142573
HK1	368.1818496
HK2	21.196848313333348
HK3	-2.3448974400000004
HKDC1	-94.64416022
HLA-A	270.31273379999993
HLA-B	164.33665976666674
HLA-C	289.273738675
HLA-DMA	7.269751980000001
HLA-DMB	21.50989637
HLA-DOA	0.21284033980000316
HLA-DOB	0.06106809999999996
HLA-DPA1	-1.583257670666666
HLA-DPB1	-2.1890072939999996
HLA-DPB2	-1.3939207319999998
HLA-DQA1	-0.0565493306666669
HLA-DQA2	-0.1617882719999999
HLA-DQB1	-2.394435299714287
HLA-DQB2	-0.3978580400000009
HLA-DRA	-0.34221460500000056
HLA-DRB1	-3.634281959999999
HLA-DRB4	-0.8323088057500012
HLA-DRB5	-4.276526093999998
HLA-DRB6	0.15285824499999912
HLA-E	9.815923313333315
HLA-F	66.59944446133332
HLA-F-AS1	16.771813997499997
HLA-G	108.29275857500002
HLA-J	25.18183037
HLCS	-6.250119194999996
HLF	-79.03027641666664
HLMR1	0.3312866139999997
HLTF	238.59557759999996
HLX	-1.3739224499999985
HM13	-24.229747349999997
HMBOX1	9.977978034333326
HMBS	-36.79476299999999
HMCES	12.228762230000001
HMCN1	0.017575217000000087
HMCN2	-4.603836426249998
HMG20A	-9.882659500000017
HMG20B	91.19461818666667
HMGA1	-27.861782495
HMGA2	21.28838418411111
HMGB1	-256.48766822000016
HMGB2	-32.13568724900006
HMGB3	52.403550199999984
HMGB3P1	13.049867829999997
HMGB4	2.662733919
HMGCL	-25.902332300000012
HMGCLL1	0.31438066066666703
HMGCR	-93.73414390000005
HMGCS1	65.50416561
HMGCS2	0.3051824285000002
HMGN1	100.38342400000056
HMGN2	-111.921785
HMGN2P46	1.3145273679999994
HMGN3	667.9645909999999
HMGN3-AS1	-0.2059839014999998
HMGN4	-187.16589046666672
HMGN5	-14.947351122
HMGXB3	-12.804523289999992
HMGXB4	18.539480700000013
HMHB1	0.5361891429999996
HMMR	-179.48938274999995
HMMR-AS1	-1.4241003600000006
HMOX1	-82.3466029
HMOX2	21.669813759999997
HMX1	-7.402554880000004
HMX2	0.5038551799999986
HNF1A	3.6726353699999947
HNF1B	-3.670959345000014
HNF4A	98.49166970500004
HNF4A-AS1	0.49370336800000025
HNF4G	-25.606376745000006
HNMT	32.77248721233333
HNRNPA0	-283.05601249999995
HNRNPA1	-45.249780966666776
HNRNPA1P10	1282.264069500001
HNRNPA2B1	-1.6734067474999392
HNRNPA3	-45.720731633333344
HNRNPA3P1	75.42167344325003
HNRNPAB	-354.9562249999999
HNRNPC	-343.94249095357156
HNRNPCL3	-1.231477609999999
HNRNPD	-9.19341776087498
HNRNPD-DT	0.28955915799999943
HNRNPDL	-130.8164642283333
HNRNPF	-0.5686101999999948
HNRNPH1	222.313098846
HNRNPH3	-139.75742920000005
HNRNPK	-200.18826350000018
HNRNPL	3.893016100000011
HNRNPLL	-104.11468431750001
HNRNPM	-8.903135549333399
HNRNPR	-79.80943178333337
HNRNPU	-294.54215642400004
HNRNPUL1	30.32108826999999
HNRNPUL2	31.77270001666669
HOATZ	-1.2320382510000005
HOGA1	-1.7857481699999997
HOMER1	-55.17251193500002
HOMER2	-1.5466955980000012
HOMER3	53.466575566666684
HOMEZ	0.6676701170000001
HOOK1	29.54587628499999
HOOK2	59.33063279000001
HOOK3	9.585096348599997
HOPX	0.612920960666667
HORMAD1	-5.826973599999974
HORMAD2	0.05023721749999943
HOTAIR	-0.132321943
HOTAIRM1	-39.537585197666715
HOTTIP	-0.7166487693333323
HOXA-AS2	-5.814760453333335
HOXA-AS3	1.9638431599999997
HOXA1	-100.14890780000002
HOXA10	-4.612330985
HOXA11	-1.0040665450000006
HOXA11-AS	-0.15882847199999972
HOXA13	39.37293974
HOXA2	1.7059376640000004
HOXA3	-17.227560669999995
HOXA4	-16.07859687
HOXA5	-16.635770699999995
HOXA6	-2.6564598000000004
HOXA7	-0.3442380240000009
HOXA9	-0.3447339385000001
HOXB-AS1	-1.0323364905000005
HOXB-AS3	0.4042213566000008
HOXB1	-2.092124760499999
HOXB13	-3.309244455
HOXB2	-9.660818510000002
HOXB3	9.206680470000002
HOXB4	1.0393979299999998
HOXB5	0.16046298000000192
HOXB6	-0.6022613594999999
HOXB7	-0.4796229700000083
HOXB8	-1.7313127265000006
HOXB9	-19.37918357
HOXC-AS3	-0.5835661909999992
HOXC10	3.083669900000004
HOXC11	-2.7907631499999965
HOXC12	0.8689207850000003
HOXC13	13.01158443
HOXC4	73.81823996
HOXC5	-2.3860558999999952
HOXC6	210.6709747
HOXC8	-10.16829834
HOXC9	2.038327460000005
HOXD-AS2	-29.00548310000002
HOXD1	-1.9651673835000008
HOXD10	-6.293004260666667
HOXD11	-8.53522659
HOXD12	-0.2980351490000004
HOXD13	-32.28315421833334
HOXD4	-0.6302542199999994
HOXD8	-47.71623525000001
HOXD9	-15.202113585
HP	2.701985337
HP1BP3	104.36686635999996
HPCA	12.035702100000002
HPCAL1	25.050595389999998
HPCAL4	-2.447063849500001
HPD	-2.8844469309999994
HPDL	-2.7296156929999995
HPF1	-31.266057668499982
HPGD	420.1805375725
HPGDS	-0.3547670930000004
HPN	85.18557592
HPR	3.226296219500002
HPRT1	35.53741263249998
HPS1	-10.118591522000003
HPS1-AS1	-8.455469269999998
HPS3	80.29768259999997
HPS4	-17.650929429999998
HPS5	64.97014209999998
HPS6	11.93582511999999
HPSE	-4.7574442445
HPSE2	0.17145905300000042
HPX	-5.217926050000003
HPYR1	-0.15311021850000017
HR	-2.968730839999999
HRAS	-65.14820409999999
HRC	-3.489646048
HRCT1	19.190731449999998
HRG	1.6153128379999995
HRH1	-0.12775220199999993
HRH2	1.242757290000002
HRH3	-0.12594060424999753
HRH4	0.1320009470000003
HRK	-81.8694651125
HROB	-0.2587346799999999
HS1BP3	-2.479112746250003
HS2ST1	-90.43717023749997
HS3ST1	-1.7354620109999992
HS3ST2	0.7261196699999992
HS3ST3A1	-32.742670128
HS3ST3B1	-71.27343751266666
HS3ST4	-1.2175868259999998
HS3ST5	-1.0632787860000006
HS3ST6	-0.676117283
HS6ST1	10.30107083666666
HS6ST2	-439.29282563666675
HS6ST3	-0.7125498700000001
HSBP1	31.531195600000046
HSBP1L1	-51.6844615
HSCB	-115.47623369999997
HSD11B1	0.2957237709999996
HSD11B1-AS1	-0.5206490669999999
HSD11B1L	3.841900514999999
HSD11B2	-1.6787899060000004
HSD17B1	7.017387445000004
HSD17B10	-390.41493990000004
HSD17B11	288.2165110000001
HSD17B12	-143.67480927075002
HSD17B14	-20.711921874999987
HSD17B2	-0.9937652430000004
HSD17B3	0.6632298199999997
HSD17B4	-42.83588766249997
HSD17B6	2.369648120000001
HSD17B7	-56.02096519999999
HSD17B7P2	-0.30168981599999967
HSD17B8	23.97982399999998
HSD3B1	-0.7656233759999997
HSD3B2	-1.116774708
HSD3B7	74.79031475
HSDL1	-9.712916499999992
HSDL2	4.2854755617499904
HSF1	-13.003771914999994
HSF2	-74.52214564499998
HSF2BP	26.88241377
HSF4	6.440294229999999
HSF5	-0.47334139900000016
HSFX1	-0.1901761499999992
HSFX3	-1.8427351310000004
HSFY1	-1.0463517909999998
HSFY2	-0.171669976
HSH2D	0.8778808400000004
HSP90AA1	906.4227932500003
HSP90AB1	-217.5371339999997
HSP90B1	-1066.0465493250001
HSPA12A	13.605040879499995
HSPA12B	1.6546891995
HSPA13	-308.72861649999993
HSPA14	-67.71129667
HSPA1A	77.36066864499992
HSPA1L	13.02834456666666
HSPA2	223.0820894
HSPA2-AS1	1.4178654220000002
HSPA4	-244.36193667999999
HSPA4L	-31.30074913499999
HSPA5	-1200.60612721
HSPA6	-0.6400981980000005
HSPA8	355.5828997499998
HSPA9	-1071.7805359560002
HSPB1	32.322602200000006
HSPB2	-3.5082242499999996
HSPB3	0.34160106499999987
HSPB6	-0.8522333360000003
HSPB7	-1.6158313549999992
HSPB8	-56.636319885
HSPB9	-0.0921638549999999
HSPBAP1	-5.1309366200000035
HSPBP1	-6.831837199999995
HSPD1	-982.6880004854002
HSPE1	-123.98350400000004
HSPG2	49.61545148000002
HSPH1	-22.61823335666665
HTATIP2	20.8114498125
HTATSF1	28.084736969999994
HTATSF1P2	1.3024025619999997
HTN1	0.724250413
HTN3	0.5312268809999994
HTR1A	-0.37425082999999937
HTR1B	0.5343269989999992
HTR1D	1.7629825199999996
HTR1E	0.5538767250000003
HTR1F	-0.0996982580000001
HTR2A	-45.479109257333334
HTR2B	0.6785871059999993
HTR2C	-0.387370668
HTR3A	-1.1307519680000002
HTR3B	0.1322145429999999
HTR3C	1.3824742199999989
HTR4	0.2343149226666661
HTR5A	-3.784143980000003
HTR6	-0.8140627215000009
HTR7	1.0663211036666684
HTR7P1	5.023470963333333
HTRA1	198.09188447999998
HTRA2	29.545981264999995
HTRA3	-0.8975621499999988
HTRA4	1.0877058789999996
HTT	-7.852757165
HUNK	-4.664884414000001
HUS1	-45.873931746666685
HUS1B	-1.3006032925
HUWE1	-16.34437974260004
HVCN1	-4.400165470000001
HYAL1	17.107674539999998
HYAL2	58.066070999999994
HYAL3	17.5141814
HYAL4	1.4106533010000009
HYAL6P	-0.23794213900000027
HYCC1	-53.50484811750002
HYCC2	6.78872297125001
HYDIN	-0.0660603980000003
HYDIN2	-0.5080606784999997
HYI	-15.681014296666667
HYKK	15.089612700000004
HYLS1	-0.7276682499999936
HYMAI	-10.99592173
HYOU1	-905.5029679
HYPK	4.054513409999998
IAH1	-48.03650903100001
IAPP	-1.0120101329999995
IARS1	-2502.328873
IARS2	-487.27660990000004
IBA57	-7.61156718925
IBA57-DT	-0.30926449000000034
IBSP	-0.8690575665000004
IBTK	-90.79933029300003
ICA1	4.06433203666667
ICA1-AS1	12.161325090000002
ICA1L	-6.105794448499999
ICAM1	-67.34885408000001
ICAM2	2.8250040050000003
ICAM3	209.825958
ICAM4	0.9630254250000005
ICAM5	-2.7433191500000014
ICE1	-31.49385239999998
ICE2	-2.7045962279999998
ICMT	49.19464409633332
ICMT-DT	1.1827694850000006
ICOS	-1.131909866
ICOSLG	-0.40380446280000015
ID1	1255.036233
ID2	561.9225534
ID2-AS1	2.9265998615000015
ID2B	58.882907867
ID3	-46.734695699999975
ID4	-47.023892176000004
IDE	-80.68169200000003
IDH1	-1375.4229705266666
IDH1-AS1	26.690527680000002
IDH2	86.67192032999998
IDH3A	-62.079508077666674
IDH3B	-137.98751730000004
IDH3G	62.87545122
IDI1	-19.96582340333333
IDI2	-23.540866965
IDI2-AS1	-3.178739309999999
IDNK	-38.713676855
IDO1	0.12340177999999824
IDO2	-0.7938850840000002
IDS	68.73147918599997
IDUA	3.6119000990000067
IER2	150.1840684
IER3	1944.7447347999998
IER3IP1	-161.69019789999993
IER5	131.44330279999997
IER5L	70.50595606999998
IFFO1	38.52155507500001
IFFO2	3.383388510000003
IFI16	0.01592254900000034
IFI27	1.8352674469999997
IFI27L1	21.844446849999997
IFI27L2	21.72998526
IFI35	56.86801220000001
IFI44	0.9694084555
IFI44L	-0.8182831730000002
IFI6	-59.74010434000001
IFIH1	2.4550587933333325
IFIT1	14.681557031
IFIT2	6.588042623
IFIT3	11.344113422500001
IFIT5	-86.89453912
IFITM1	-17.914856365000006
IFITM10	0.9531044266666626
IFITM2	-649.3818450000001
IFITM3	-1056.2412879999997
IFNA1	0.6094754800000004
IFNA10	0.5130925019999992
IFNA14	-0.4327244029999999
IFNA16	-0.2845649090000002
IFNA17	-0.26642806000000085
IFNA2	0.16030575999999996
IFNA21	0.17922968599999933
IFNA4	-0.11713789199999969
IFNA5	0.661045358
IFNA7	-0.21097704499999992
IFNA8	-0.06541529199999996
IFNAR1	4.692047077499993
IFNAR2	6.0117779933333395
IFNB1	-1.4489538309999999
IFNE	0.2323134300000005
IFNG	0.312159093
IFNGR1	417.5524342273334
IFNGR2	103.80016110000003
IFNK	0.14834706200000003
IFNL1	0.9674516009999987
IFNL2	0.027447489000000047
IFNL3	-0.4479048530000007
IFNLR1	-0.8312207299999983
IFNW1	-0.8696505669999999
IFRD1	-327.0823526033332
IFRD2	-76.1843179
IFT122	6.445018185000002
IFT140	-0.1683193496666675
IFT172	-10.21869581
IFT20	-124.45828600000004
IFT22	27.71035207499999
IFT25	214.18149320999993
IFT27	8.112627239333335
IFT38	1.6626172193333417
IFT43	-64.29876969666665
IFT46	8.931676600000003
IFT52	-63.65879783499997
IFT54	3.40794458500001
IFT56	-11.94494031675
IFT57	-65.90669608033333
IFT70A	36.60599307
IFT70B	25.30506839
IFT74	-49.422600460000005
IFT80	-10.795578383599995
IFT81	46.78142310000001
IFT88	-58.16361470000001
IFTAP	8.898198800000003
IGBP1	304.6394786000001
IGDCC3	1.059344964500001
IGDCC4	-0.0020965400000001466
IGF1	-1.4734489021999995
IGF1R	51.37382974200001
IGF2-AS	5.215524000000002
IGF2BP1	-0.3727634299999636
IGF2BP2	-98.13884963500004
IGF2BP2-AS1	0.3719819839999996
IGF2BP3	-86.69987082749998
IGF2R	37.66890450000005
IGFALS	-0.246482910000001
IGFBP-AS1	0.10478849999999795
IGFBP1	-1784.34864926
IGFBP2	16.09618835
IGFBP3	326.79669234999994
IGFBP4	146.32319905000003
IGFBP5	1.4929272914999991
IGFBP6	3.0931441050000004
IGFBP7	-77.08717204000004
IGFBP7-AS1	0.22216157400000025
IGFBPL1	13.845619150000001
IGFL1	-0.931656069999999
IGFL2	0.6791419899999998
IGFLR1	67.46793882
IGFN1	1.1714379175000005
IGH	-0.4308029127142845
IGHD	-0.06387242539999782
IGHG1	0.4252187501999991
IGHM	-0.2494329307857157
IGHMBP2	3.604092963333329
IGHV1-69	-0.025536793000000113
IGHV4-31	-0.26554904831818327
IGHV5-78	-0.7282557209999996
IGHV7-81	0.5197615090000003
IGIP	3.5213409900000023
IGK	0.13424288008333463
IGKC	-1.1338461089999985
IGLC1	-1.8439324603000014
IGLJ3	-3.3820450794444454
IGLL1	-1.0081948349999994
IGLL3P	-0.33793375999999853
IGLL5	1.5873882570000006
IGLON5	-0.13749326000000117
IGLV1-44	-0.8527143980000016
IGLV6-57	-1.0483976579999998
IGLV@	-0.5448257500000011
IGSF1	0.43335026849999814
IGSF10	-0.06632945100000054
IGSF11	-0.382214807
IGSF11-AS1	-0.35021328400000007
IGSF21	3.0044631199999996
IGSF22	-10.229060840000002
IGSF3	93.7957304
IGSF5	0.4419557730000001
IGSF6	0.2911375039999995
IGSF8	-9.18258916
IGSF9	0.016627053000000558
IGSF9B	-1.150760721500001
IHH	2.0592647349999993
IHO1	0.40798108299999924
IK	162.89839439999997
IKBIP	108.61439380000002
IKBKB	-3.61063931066667
IKBKB-DT	1.882035459999999
IKBKE	3.103061720000003
IKBKG	7.433990690000002
IKZF1	-1.8463379406666665
IKZF2	1.723553408999999
IKZF3	0.6189974506666651
IKZF4	1.981137797499997
IKZF5	-4.808552540000001
IL10	0.427671975
IL10RA	0.6849127799999994
IL10RB	64.22334359999999
IL10RB-DT	-0.22293328850000105
IL11	-5.20177039
IL11RA	-4.097154394999997
IL12A	-1.8097093859999998
IL12A-AS1	0.8698584440000001
IL12B	0.72780617
IL12RB1	-0.7617355570000015
IL12RB2	-0.7066520790000004
IL13	-0.7136601299999992
IL13RA1	155.66916327499996
IL13RA2	-0.3340272749999995
IL15	0.9777751104999997
IL15RA	-15.592759639999997
IL16	0.07226972099999962
IL17A	-0.06477821000000006
IL17B	-2.690890141999999
IL17C	-2.046261649999998
IL17D	-2.969112944000001
IL17F	-1.0546056940000001
IL17RA	5.093374072499998
IL17RB	-63.710351
IL17RC	1.589588220000003
IL17RD	23.347847424999998
IL17RE	0.46595129550000003
IL18	-393.85830350000003
IL18BP	-1.0942514966666685
IL18R1	-0.471736264
IL18RAP	-0.7945541919999997
IL19	-1.6463506199999998
IL1A	-0.5106368734999993
IL1B	1.3042747850000005
IL1F10	0.5544478399999981
IL1R1	116.782675944
IL1R2	43.930905815
IL1RAP	-55.10477455
IL1RAPL1	-1.5264009075000011
IL1RAPL2	-0.10286108099999947
IL1RL1	0.2229979087499956
IL1RL2	-0.6892815220000008
IL1RN	0.8783416441999989
IL2	0.41737132799999976
IL20	-1.0891422970000004
IL20RA	-0.3145504796666714
IL20RB	2.55915963
IL21	-1.4731518339999994
IL21R	-0.11531139666666679
IL21R-AS1	-0.9353739399999998
IL22	-1.9362121370000018
IL22RA1	15.539194560000002
IL22RA2	-0.13911663399999963
IL23A	1.6580142692000006
IL23R	0.20880151750000042
IL24	-0.4339557239999996
IL25	-4.110541349999998
IL26	0.222539029
IL27	-1.6351078500000007
IL27RA	25.73813529333333
IL2RA	-0.791346946
IL2RB	-2.446336240000001
IL2RG	2.8114037000000014
IL3	0.42102293199999963
IL31RA	3.681932335000001
IL32	-258.66789300000005
IL33	0.9135999620000002
IL34	-3.1985819100000015
IL36A	0.2704630909999999
IL36B	0.27299886800000017
IL36G	1.0085506300000002
IL36RN	-0.48938063300000056
IL37	0.2516975344999999
IL3RA	2.4117864199999985
IL4	0.36176949799999925
IL4I1	1.2397697564999994
IL4R	84.6193902
IL5	0.025781627000000196
IL5RA	-0.6486060499999997
IL6	-1.0340262849999995
IL6-AS1	0.7098411359999997
IL6R	158.16741839333338
IL6R-AS1	0.8282859340000002
IL6ST	-36.434631534428576
IL6ST-DT	-1.9920131840000002
IL7	0.19545332500000034
IL7R	0.36114784899999997
IL9	0.44096062400000013
IL9R	0.5799041914999989
ILDR1	-2.087307495500001
ILDR2	0.2696715144999997
ILF2	-294.7966120000001
ILF3	-105.63124676000007
ILF3-DT	-5.496323219999994
ILK	133.90000000000003
ILKAP	-25.133431599999994
ILRUN	-10.83896163333334
ILRUN-AS1	-13.24472987
IMMP1L	48.33673603
IMMP2L	-2.035313549999998
IMMT	158.0262229
IMP3	100.03203730000001
IMP4	-118.86145340000002
IMPA1	-274.35912940000003
IMPA2	64.0662678
IMPACT	-92.81960672000002
IMPDH1	7.024535949999986
IMPDH2	-852.852267
IMPG1	-0.14577285000000018
IMPG2	-0.9337730835000002
INA	-121.11473119999994
INAFM1	13.618838869999998
INAFM2	-6.782623225000009
INAVA	118.92569939999998
INCENP	10.213319769999998
INE1	-1.5298723500000015
INF2	17.5062334655
ING1	-25.912038709999997
ING2	28.642119984499985
ING2-DT	1.3484279580000003
ING3	-13.9925060005
ING4	6.85648527
ING5	-3.1950040524999963
INGX	-1.304342826
INHA	16.416626564
INHBA	0.905714243666667
INHBA-AS1	0.2286685765000005
INHBB	392.8956031
INHBC	4.4126264200000005
INHBE	-248.67233360000003
INIP	-0.7340039081999947
INKA1	-3.869087910000001
INKA2	-2.251749147499993
INKA2-AS1	-0.4274871599999983
INMT	0.15111605999999966
INO80	-39.787669404999974
INO80B	-8.15085815749999
INO80C	129.173532275
INO80D	-3.3198774100000037
INO80E	0.8533661000000023
INPP1	-149.9170689
INPP4A	10.84501383166667
INPP4B	0.24625792049999973
INPP5A	83.77203261
INPP5B	-4.525236026000002
INPP5D	-2.3846465806666686
INPP5E	-39.180801299999985
INPP5F	-106.73766021333333
INPP5J	4.81655336
INPP5K	2.9291205999999974
INPPL1	-19.88181369999998
INS	0.8413983110000007
INS-IGF2	33.531010279
INSC	0.14383799900000005
INSIG1	-0.21017246333332906
INSIG2	19.64896710000002
INSL3	1.0993247146666683
INSL4	2.2452409719999995
INSL5	-0.41671198700000023
INSL6	-22.230862030000004
INSM1	-0.10398804999999989
INSM2	-0.15570316400000017
INSR	-0.6138892000000453
INSRR	-1.3734795700000006
INSYN1	-4.490952419999999
INSYN2A	0.5750644469999999
INTS1	-3.858225934999993
INTS10	18.92443914375002
INTS11	-16.742097915000002
INTS12	-152.24251419999996
INTS13	-289.55751439999995
INTS14	-6.026595700000001
INTS15	-48.57950085000002
INTS2	-25.099999999999994
INTS3	-12.525140705000013
INTS4	1.2532840873999973
INTS4P1	-0.3647535279999996
INTS5	21.860895814999992
INTS6	-1.4029375145000031
INTS6-AS1	6.700585527499998
INTS6L	-16.308931439999995
INTS7	3.1117306356666745
INTS8	108.08618030000002
INTS9	-1.0906004100000075
INTU	-8.8917319
INVS	-2.080288105333331
IP6K1	-9.204052900000008
IP6K2	169.9263214
IP6K3	0.321356926
IPCEF1	-0.3181276740000003
IPMK	0.9275341939999997
IPO11	-11.767698663249988
IPO13	8.501418579999992
IPO4	48.635007299999984
IPO5	-205.41159274799998
IPO5P1	-0.22392622000000273
IPO7	-43.74102714999992
IPO8	55.17215565500001
IPO9	-29.48052505999999
IPO9-AS1	-1.2432044420000006
IPP	17.382958085999995
IPPK	-4.959732164999998
IQCB1	-121.52829875
IQCC	-0.16136672000000019
IQCE	51.110454171499995
IQCF1	0.03028724500000024
IQCF2	-0.2983393939999992
IQCF3	1.7854155800000004
IQCF4P	0.042921175000000034
IQCF5	0.04000700200000029
IQCF5-AS1	-0.9034352800000001
IQCF6	-0.8837286100000004
IQCH	0.3771809243333326
IQCH-AS1	-22.099199049999996
IQCJ-SCHIP1-AS1	-1.5573027990000003
IQCK	10.853219621000001
IQCM	-0.3702921030000006
IQCN	5.618531045000001
IQGAP1	110.44736165999998
IQGAP2	16.350582830999997
IQGAP2-AS1	-0.08326755300000022
IQGAP3	-13.785526093749997
IQSEC1	4.374163720000013
IQSEC2	-0.2103897536666679
IQSEC3	0.15631119574999985
IQSEC3-AS3	0.05789505100000003
IQUB	-0.5306987839999993
IRAG1	-0.7464546956666656
IRAG1-AS1	-1.2775240199999978
IRAG2	0.5420542515000015
IRAK1	-161.66616378499998
IRAK1BP1	-15.892276934999998
IRAK2	46.731153780333344
IRAK3	0.12593095300000012
IRAK4	-7.9329145000000025
IREB2	-40.165357852499994
IRF1	-0.8883813400000022
IRF2	3.7988025400000005
IRF2BP1	-4.46844316
IRF2BP2	183.45888437199994
IRF2BPL	-157.12680040000004
IRF3	42.803414700000005
IRF4	-1.554543295666666
IRF5	-0.04141896033333481
IRF6	-0.38176769933333254
IRF7	0.485693190000001
IRF8	-0.5802242900000003
IRF9	-1.6904946950000124
IRGC	1.3685605800000005
IRGM	0.9596250570000002
IRGQ	-5.742236721000012
IRS1	-6.155193636666638
IRS2	-252.62828957
IRS4	-3.3179746800000025
IRX1	-0.38574608600000015
IRX2	-1.8418331904999992
IRX3	21.4585339
IRX4	0.4232429799999995
IRX4-DT	0.9812284289999997
IRX5	-13.11078917
ISCA1	-100.3837461666667
ISCA2	-178.74610419999993
ISCU	-1322.0981570000001
ISG15	-21.575881900000013
ISG20	-50.45667841500001
ISG20L2	-78.74281146633334
ISL1	-64.13160167000001
ISL2	-16.803476190000005
ISLR	0.3314350140000002
ISLR2	-0.7631807229999996
ISLR2-AS1	-0.05061124699999997
ISM1	-0.5446413399999992
ISM1-AS1	0.5380397610000003
ISM2	3.317106709999999
ISOC1	-60.399578099999985
ISOC2	18.377182599999998
IST1	52.42999376499995
ISX	-2.2478271790000006
ISY1	-3.4180819450000115
ISYNA1	26.551338206999993
ITCH	-65.79063460666669
ITFG1	-10.051511917199974
ITFG2	-19.433691615
ITGA1	-2.5398085839999993
ITGA10	1.7379941800000012
ITGA11	0.678815616333333
ITGA2	176.470599885
ITGA2B	-1.9705747367500006
ITGA3	4.513204519999995
ITGA4	0.06967577866666641
ITGA5	-110.5589717
ITGA6	260.80836621000003
ITGA7	2.952894739999998
ITGA8	0.31825990250000125
ITGA9	-1.5866708009999995
ITGA9-AS1	-1.2195109570000007
ITGAD	1.8988882700000005
ITGAE	-324.55682879999995
ITGAL	5.368190769999998
ITGAM	0.6160492309999999
ITGAV	63.38294619999999
ITGAX	0.320286746499999
ITGB1	198.09159412428573
ITGB1-DT	35.38929662
ITGB1BP1	30.991420723000005
ITGB1BP2	2.962883139999999
ITGB2	-2.976731061333334
ITGB2-AS1	-1.7000100950000014
ITGB3	0.757164158571431
ITGB3BP	120.071147
ITGB4	10.359055076599997
ITGB5	141.87923661500002
ITGB6	-0.08183614199999933
ITGB7	-0.23110315999999997
ITGB8	-0.3510551275999996
ITGB8-AS1	-1.0119249789999998
ITGBL1	0.5200321494000004
ITIH1	-8.945713960000003
ITIH2	-207.69295455000002
ITIH3	-7.183145209999999
ITIH4	2.3642245420000005
ITIH5	36.621390794999996
ITIH6	-0.6729934309999992
ITK	-0.2177898970000003
ITLN1	-0.06508055499999976
ITM2A	25.172227828500002
ITM2B	-143.46805274999997
ITM2C	154.54561549999997
ITPA	3.05153439999998
ITPK1	18.290853503333338
ITPK1-AS1	0.8777388684999998
ITPKA	22.61300034
ITPKB	-0.9354293933999998
ITPKB-IT1	-0.5205433100000008
ITPKC	-9.853235880000003
ITPR1	-21.90351411575
ITPR1-DT	4.794527596
ITPR2	-13.582170545250001
ITPR3	109.3682855795
ITPRID1	0.37021070099999953
ITPRID2	51.67339462666666
ITPRIP	50.98764897899999
ITPRIPL1	-9.926491550000001
ITPRIPL2	22.866882349999997
ITSN1	8.275202175874995
ITSN2	-3.115351710999988
IVD	-2.128778716499994
IVL	0.042701785000000214
IVNS1ABP	28.83435918425002
IWS1	4.1890897999999765
IYD	0.13818397900000035
IZUMO1	0.6281333919999996
IZUMO2	0.20176472400000023
IZUMO4	-1.0534468999999973
JADE1	-23.547899252500002
JADE2	0.559890193333338
JADE3	-13.66997360000002
JAG1	-96.17310918200008
JAG2	4.616063660000009
JAGN1	11.476896500000066
JAK1	44.908661180000024
JAK2	-0.29321767199999993
JAK3	10.226307765500003
JAKMIP1	-0.9391272829999995
JAKMIP2	-1.7587234485000005
JAKMIP2-AS1	0.33913423799999975
JAKMIP3	-2.4458231900000005
JAM2	-0.6749917615000003
JAM3	-4.5538877683333325
JAML	-10.062761609999995
JARID2	25.952762580000012
JARID2-AS1	-2.518384169999999
JAZF1	-1.6384100904999999
JAZF1-AS1	-0.19696379900000016
JCAD	5.805080904999999
JCHAIN	0.20411517099999976
JDP2	-29.52659413100001
JHY	-1.3191927449999987
JKAMP	124.25878399499999
JMJD1C	-27.7819750595
JMJD1C-AS1	3.006361160000001
JMJD4	-23.616713136666668
JMJD6	-52.59505138774999
JMJD7	-2.2029812899999968
JMJD7-PLA2G4B	3.914866884999981
JMJD8	30.258337490000002
JMY	-31.511734055000005
JOSD1	-143.6904156
JOSD2	-5.810655589999996
JPH1	-0.6044678874999994
JPH2	-1.7511973296666667
JPH3	5.645484706500003
JPT1	224.14709425
JPT2	0.9217502099999137
JPX	-23.998217799999992
JRK	8.121298340571421
JRKL	4.707616184499997
JSRP1	0.8800507599999996
JTB	237.44595933333358
JUN	22.9572471125
JUNB	75.83434704999999
JUND	-99.3143709435
JUP	45.89987428966667
KAAG1	-0.021911508999999718
KALRN	-1.213286785428572
KANK1	46.908688755999975
KANK2	59.155141130000004
KANK3	2.0714159999999993
KANK4	-0.9071529050000002
KANSL1	11.475911084999979
KANSL1-AS1	3.784091070499997
KANSL1L	0.1262695424000011
KANSL1L-AS1	0.6330128350000002
KANSL2	-12.704420499999998
KANSL3	-22.416472031500007
KARS1	-599.3590189999995
KASH5	0.1898910150000006
KAT2A	44.16994059999999
KAT2B	-18.558379790000004
KAT5	-12.528569173333338
KAT6A	-18.596032145249993
KAT6B	19.461317996200002
KAT7	-31.246178200000003
KAT8	16.859785825000003
KATNA1	22.09725720000003
KATNAL1	31.249237594999997
KATNAL2	-0.21700702100000058
KATNB1	-59.587196943333325
KATNBL1	-0.984008739999993
KATNIP	7.915991030000001
KAZALD1	3.5498873433333316
KAZN	-1.1429655084999997
KBTBD11	1.2572229259999999
KBTBD12	1.561291906000001
KBTBD2	-42.37354092999999
KBTBD3	9.846257870000002
KBTBD4	4.149864730000001
KBTBD6	-48.58431199
KBTBD7	-6.1688645600000065
KBTBD8	-27.556294530000002
KCMF1	-140.40602889225
KCNA1	-1.3769071204999994
KCNA10	-3.576481407000001
KCNA2	-0.520146037
KCNA3	0.01186896299999951
KCNA4	0.8096494659999998
KCNA5	-1.2144680709999989
KCNA6	-0.7698109970000004
KCNA7	-1.2009868690000012
KCNAB1	0.15384957420000234
KCNAB2	2.4547300649999997
KCNAB3	-2.322119915
KCNB1	-8.709000031499999
KCNB2	-0.17768409249999984
KCNC1	-0.23293195750000084
KCNC2	-1.225205583000001
KCNC3	-4.263271691000002
KCNC4	-1.3747469799999976
KCND1	-1.9072671240000005
KCND2	0.12368388900000005
KCND3	0.06309589775000024
KCNE1	-0.43857625199999895
KCNE2	-1.2965102500000008
KCNE3	0.7943389019999998
KCNE4	-1.0389875140000004
KCNE5	-0.9751431889999997
KCNF1	19.373505780000002
KCNG1	-2.7513212425000013
KCNG2	-1.5481459399999995
KCNG3	-0.2848466814999995
KCNG4	-0.5423779300000007
KCNH1	-0.0800865540000002
KCNH2	-2.6147470549999987
KCNH3	-3.2771141200000002
KCNH4	-0.9012866840000004
KCNH5	-0.39848788399999924
KCNH6	0.9081135536666665
KCNH7	-0.16352747050000005
KCNH7-AS1	-0.2973685669999999
KCNH8	-0.5286587300000001
KCNIP1	0.7677711830000007
KCNIP2	-0.7787244087499996
KCNIP2-AS1	1.7169393500000005
KCNIP3	-2.848677835
KCNIP4	-0.24327303299999947
KCNJ1	0.1743692690000005
KCNJ10	-1.0668506095000003
KCNJ11	-0.8800450509999997
KCNJ13	-0.1367032690000003
KCNJ14	-0.6749288999999976
KCNJ15	5.945952070400001
KCNJ16	1.1239675230000001
KCNJ18	-0.2478918133333332
KCNJ2	0.39380559200000054
KCNJ2-AS1	0.24492892399999988
KCNJ3	-0.3455817200000002
KCNJ4	-0.509259877999999
KCNJ5	-0.2183792626666623
KCNJ5-AS1	-1.009679276
KCNJ6	-1.3104027399999998
KCNJ8	0.9093592590000004
KCNJ9	0.12160187050000104
KCNK1	-0.592694463
KCNK10	-1.3940855880000012
KCNK12	-0.9254416570000004
KCNK13	1.4990731510000002
KCNK15	-1.472502059
KCNK16	-3.5595827500000006
KCNK17	-0.9546312399999994
KCNK2	0.5432622309999999
KCNK3	0.03534036266666618
KCNK4	-4.529243840000003
KCNK5	-1.2479147800000003
KCNK6	196.52979416
KCNK7	-1.68638258
KCNK9	-0.48103822749999914
KCNMA1	-0.8410855572499996
KCNMA1-AS1	-1.385052397
KCNMB1	-0.24979879350000012
KCNMB2	-0.043726625000000574
KCNMB3	-7.0024535999999955
KCNMB4	17.68341318333333
KCNN1	9.314173440000001
KCNN2	0.6934699420000001
KCNN3	-0.24803778349999916
KCNN4	4.465290582000001
KCNQ1	-0.5531414299999966
KCNQ1-AS1	-1.0278116599999993
KCNQ1DN	-0.6529100099999994
KCNQ1OT1	13.923660906599999
KCNQ2	-1.6162384629999984
KCNQ3	-0.6386878153333342
KCNQ4	-3.04143968
KCNQ5	-0.32100191349999996
KCNRG	-0.5571538589999996
KCNS1	4.282822449999999
KCNS2	-0.19007613333333406
KCNS3	0.0
KCNT1	1.0107337706666648
KCNT2	6.4261483429999995
KCNU1	0.7151585209999993
KCNV1	0.6652197084999996
KCNV2	-0.6210770270000001
KCP	-3.0284139199999984
KCTD1	3.363353254749999
KCTD10	8.965364800000003
KCTD11	4.72069166
KCTD12	-14.4739911385
KCTD13	-2.2454238599999954
KCTD14	-11.43052745
KCTD15	-67.31609747019999
KCTD16	-0.15967018000000088
KCTD17	-3.936010160000002
KCTD18	71.83637074499998
KCTD19	3.7422432500000014
KCTD2	-9.406523855000003
KCTD20	-1.0140474066666911
KCTD21	12.376073139999995
KCTD3	-30.783428600000008
KCTD4	0.43499026799999996
KCTD5	-38.34427618666667
KCTD6	-21.295397985000022
KCTD9	-23.282582399999995
KDELR1	96.59929145000001
KDELR2	21.338379666666697
KDELR3	358.1396539233334
KDF1	2.606841074
KDM1A	60.56004429999999
KDM1B	-0.05328859950000364
KDM2A	41.47885573333335
KDM2B	96.58040050000002
KDM3A	92.85036284450001
KDM3B	-12.22288900000001
KDM4A	-43.36688787
KDM4B	21.879350413249995
KDM4C	-0.24184554949999892
KDM4D	0.46701163
KDM5A	6.284364498000002
KDM5B	-0.7583152681999934
KDM5C	7.069826194999997
KDM5D	-0.058115903000000024
KDM6A	-1.9671052072500004
KDM6B	-25.153743285999994
KDM7A	-9.947214745000004
KDM7A-DT	-2.8349085100000053
KDM8	4.123346453333333
KDR	-0.01688324699999999
KDSR	10.378664783250002
KEAP1	-31.195346599999993
KEL	0.9652665149999997
KERA	-0.17070703999999992
KGD4	22.20306089999997
KHDC1	-3.0118332700000003
KHDC1L	1.6172953360000006
KHDC3L	2.313196959999999
KHDC4	29.07849621500003
KHDRBS1	115.32789661800007
KHDRBS2	-0.20247619199999978
KHDRBS3	-4.0797689744999985
KHK	15.697146335
KHNYN	-5.875161309999996
KHSRP	-67.72454235750001
KIAA0040	1.8539160764999991
KIAA0087	1.2170302409999998
KIAA0232	-0.322032109999995
KIAA0319	13.7038203
KIAA0319L	5.658465700000022
KIAA0408	-0.10477755000000011
KIAA0513	8.953160152000002
KIAA0586	-4.908470314999995
KIAA0753	-35.20915470999999
KIAA0825	-0.5608603384999995
KIAA0930	29.252462553333316
KIAA1143	-35.25725625000007
KIAA1191	-205.64528399999995
KIAA1210	0.22683143199999956
KIAA1217	-0.1303996948571431
KIAA1328	-3.6371737489999987
KIAA1549	30.539480353333317
KIAA1549L	1.8151955616666653
KIAA1586	-12.83597803
KIAA1614	1.7659920699999994
KIAA1614-AS1	2.9121535000000005
KIAA1656	0.21059006000000124
KIAA1671	50.79204662533334
KIAA1755	-1.3932104109999983
KIAA1958	1.3738195399999995
KIAA2012	-2.0455052600000023
KIAA2012-AS1	0.48223172800000036
KIAA2013	8.071678199999994
KICS2	-17.06499127
KIDINS220	-35.266084127599996
KIF11	45.240079699999995
KIF12	15.735094800000002
KIF13A	64.68425278033334
KIF13B	101.69827835999999
KIF14	15.58226535
KIF15	-13.351221370000005
KIF16B	-0.8050939849999992
KIF17	9.23547074
KIF18A	8.929251000000008
KIF18B	67.0655969
KIF19	-0.3127878835000004
KIF1A	-2.28807046133333
KIF1B	-40.00950561125002
KIF1C	18.214918249999997
KIF1C-AS1	3.64633701
KIF20A	60.61957440999999
KIF20B	-11.486179100000001
KIF21A	-56.89362265
KIF21B	12.640162509999996
KIF22	14.110737610000001
KIF23	-20.531979604
KIF23-AS1	0.8285845379999994
KIF24	-0.034374752000000175
KIF25	1.4895129075
KIF25-AS1	-0.20089653833333365
KIF26A	-0.9110690219999995
KIF26B	-2.1197595743333313
KIF27	0.06585465200000007
KIF27P2	-30.032358840000004
KIF2A	-50.33117134
KIF2B	-0.992675502
KIF2C	-19.089798704999993
KIF3A	-22.204402529999996
KIF3B	108.13026780000001
KIF3C	22.620379740000004
KIF4A	-39.7187241
KIF5A	14.113234833666667
KIF5B	3.4071595599999682
KIF5C	-305.32720466333336
KIF6	-0.2801230541999997
KIF7	0.8109602900000006
KIF9	26.02800576499999
KIF9-AS1	-2.7037081900000004
KIFAP3	-17.27746529000001
KIFBP	251.06255
KIFC1	70.57747862999999
KIFC2	12.700152369999998
KIFC3	-15.225045660999996
KIN	-14.591418525666654
KIR2DL1	-1.3378250999999999
KIR2DL2	0.9737025199999998
KIR2DL3	-3.3741907599999976
KIR2DL4	-0.32354998499999965
KIR2DL5A	0.9722979499999997
KIR2DS1	-0.005774923000000598
KIR2DS2	0.3474634710000002
KIR2DS3	-3.2320515600000004
KIR2DS4	-0.9032811089999999
KIR2DS5	-3.1911460799999993
KIR3DL1	0.09312121399999995
KIR3DL2	-0.21199510075000028
KIR3DL3	0.2623342760000007
KIR3DS1	1.1418865799999995
KIR3DX1	0.9727149135000026
KIRREL1	-0.8745702023333326
KIRREL2	-0.5818948119999998
KIRREL3	0.023939790000000016
KIRREL3-AS2	-0.049356009000000256
KIRREL3-AS3	0.3484567830000005
KISS1	4.588076739999998
KISS1R	7.19254909
KIT	1.0522894240000005
KITLG	15.423831056000001
KIZ	-19.351529791249995
KIZ-AS1	0.2514862210000004
KL	-0.6808908290000004
KLB	-88.25548341499999
KLC1	-20.119208805
KLC2	6.2199587000000065
KLC3	1.178345186666668
KLC4	43.343016320500006
KLF1	-0.24787674700000029
KLF10	166.87702870000004
KLF11	2.793027412499999
KLF12	-0.2640269006249998
KLF13	14.781226803999985
KLF14	2.9409857155
KLF15	-31.610462159999997
KLF16	-18.552970844999997
KLF17	0.71539413
KLF2	-14.7707614345
KLF3	-15.4364483425
KLF3-AS1	-0.8289721645000014
KLF4	29.53072401
KLF5	13.684734450000008
KLF6	-32.04539428800001
KLF7	10.507340831999997
KLF8	-0.18243506050000047
KLF9	-9.899303268799997
KLF9-DT	-1.6353037200000005
KLHDC1	0.25598554200000034
KLHDC10	1.5851652138000016
KLHDC2	-26.876613799999973
KLHDC3	26.399822250000028
KLHDC4	-22.18928519333334
KLHDC7A	-9.559888277999999
KLHDC7B	-0.07477694000000135
KLHDC8A	-4.8417871025
KLHDC8B	4.958120699999995
KLHDC9	20.622757580000002
KLHL1	-0.13316017499999955
KLHL10	-0.6111751784999999
KLHL11	0.24328092400000045
KLHL12	11.66165494500001
KLHL13	22.85024751
KLHL14	0.12861607633333438
KLHL15	-53.1364073
KLHL17	6.1336556500000015
KLHL18	-1.0311979320000049
KLHL2	-16.691681000000017
KLHL20	3.237456521249996
KLHL21	-20.448470030000003
KLHL22	4.430066014400001
KLHL23	13.051225330000008
KLHL24	21.35203150320001
KLHL25	-0.2369696800000014
KLHL26	3.521841730000002
KLHL28	-4.517780073333327
KLHL29	-6.172175775500001
KLHL3	-6.8769345909999995
KLHL30-AS1	-2.5605372200000005
KLHL31	0.38155982850000036
KLHL32	-0.04315407399999982
KLHL34	-0.28679968600000016
KLHL35	0.2515662436666677
KLHL36	40.27385388666667
KLHL4	10.727482407
KLHL40	-2.67207773
KLHL41	0.30140057399999964
KLHL42	-12.653397900000002
KLHL5	-208.660720675
KLHL6	0.4033125160000006
KLHL7	-2.2964064666666673
KLHL8	-19.73234842866667
KLHL9	0.9566023997500004
KLK1	5.840887850000001
KLK10	-0.8223050590000005
KLK11	-1.849618424
KLK12	-2.9150504966666695
KLK13	0.888630629333333
KLK14	-0.9641281699999986
KLK15	0.8285868890000003
KLK2	-0.67562161725
KLK3	-2.6800566929999974
KLK4	-1.2215521657999986
KLK5	-3.235076320000001
KLK6	0.4463493000000014
KLK7	0.061550777999999084
KLK8	-0.2630728100000006
KLK9	1.2861418100000002
KLKB1	1.012618670000002
KLLN	-0.5348225709999994
KLRA1P	0.35513544500000016
KLRB1	-2.173329478000001
KLRC1	10.217176999999992
KLRC3	-130.25875603
KLRC4	-0.42317933399999985
KLRC4-KLRK1	2.6000651649999984
KLRD1	-0.25656770833333375
KLRF1	-0.7295247590000002
KLRG1	-9.063381680000003
KLRG2	-2.401200362999999
KLRK1-AS1	5.038600439999996
KMO	-0.18534416333333326
KMT2A	-7.672085662363642
KMT2B	-1.7866961179999947
KMT2C	-3.4500792495
KMT2D	-13.551844763200009
KMT2E	8.248997400000007
KMT2E-AS1	1.9352096299999992
KMT5A	-64.25790913249998
KMT5B	3.2778831666666406
KMT5C	-1.726278968999999
KNCN	1.561568306999999
KNDC1	-1.6155115773333328
KNG1	-2.6764589249999995
KNL1	4.798586466499998
KNOP1	-38.66000417333332
KNSTRN	-135.20305919999998
KNTC1	9.402438700000005
KPLCE	-1.529966745000003
KPNA1	-11.311428895000006
KPNA2	-567.2238985000001
KPNA3	-111.26645925000003
KPNA4	-135.00421935740002
KPNA5	-12.89951901666668
KPNA6	-7.2651303949999715
KPNB1	3.1118909666665786
KPTN	-9.846399329999997
KRABD1	-0.7593857499999999
KRABD1-AS1	-1.7690023869999996
KRABD2	2.9394189599999976
KRABD3	-9.839428009999999
KRABD4	-114.18417139999998
KRABD5	17.754806500500024
KRAS	-57.85551516759999
KRCC1	113.91838723
KREMEN1	13.340602514000004
KREMEN2	11.099999999999994
KRI1	27.801216295000003
KRIT1	-7.716906957500015
KRR1	-65.21893226066668
KRT1	0.38707160499999915
KRT10	-199.59118573333342
KRT10-AS1	159.75944690000006
KRT12	0.6353695749999995
KRT13	-1.3631920450000004
KRT14	-0.9941559550000001
KRT15	24.663288129999998
KRT16	-7.028322709999999
KRT17P5	0.7677246100000001
KRT18	819.9499140000007
KRT19	0.6121700975
KRT19P2	-0.6736839890000006
KRT2	-0.6000631630000006
KRT20	114.8589666
KRT222	46.208006805
KRT23	-5.760634665000001
KRT24	0.33922414199999995
KRT25	0.5945615899999996
KRT27	0.5431333250000003
KRT3	0.9044289000000028
KRT31	0.9845787230000003
KRT32	-2.5140259300000007
KRT33A	-1.7021141400000008
KRT33B	0.8748464399999989
KRT35	-0.31565518000000026
KRT36	0.2730476890000002
KRT37	1.744739815
KRT38	-0.9011352070000003
KRT4	0.03943895000000097
KRT40	-0.083524025
KRT5	-0.04033001999999897
KRT6A	0.244789457
KRT6B	0.2965748166666664
KRT7	34.94766534525001
KRT71	0.16142262900000048
KRT72	-2.3039995399999995
KRT73	-1.85894212
KRT74	-1.3891640264999996
KRT75	1.765821507
KRT76	0.0016510709999995044
KRT77	0.7952005609999997
KRT78	-0.13748320500000055
KRT79	-6.070686199999999
KRT8	1750.151827
KRT80	125.91757305000002
KRT81	8.302524150000004
KRT82	-0.26620881999999924
KRT83	4.728918099999994
KRT84	-0.009342852000000512
KRT85	2.6607601999999986
KRT86	8.79959067
KRT8P12	15.030320734999997
KRT9	-1.1631820700000048
KRTAP1-1	-0.043796704999999214
KRTAP1-3	-4.160470587999999
KRTAP1-5	-0.4482963170000005
KRTAP10-11	-5.73815911
KRTAP10-7	-5.649225209999997
KRTAP11-1	1.5440377400000003
KRTAP13-1	3.921717600000001
KRTAP17-1	-2.23613838
KRTAP19-1	-0.43018885299999976
KRTAP19-3	-0.9267051969999995
KRTAP2-1	0.3348082830000001
KRTAP2-3	-0.16925777750000037
KRTAP21-1	1.1166803159999996
KRTAP3-1	-7.116804380000001
KRTAP3-2	0.07406311699999968
KRTAP3-3	0.2604695119999998
KRTAP4-1	1.4546857070000003
KRTAP4-11	-0.09919658600000059
KRTAP4-12	0.5245403240000002
KRTAP4-2	-0.6133397250000003
KRTAP4-3	-0.1210021449999994
KRTAP4-4	-0.31925591900000017
KRTAP4-5	-1.8599365060000004
KRTAP4-6	1.8580788430000013
KRTAP4-7	0.0717021550000001
KRTAP4-8	0.387261616
KRTAP4-9	0.8690374699999994
KRTAP5-2	1.0607726700000022
KRTAP5-8	10.275875679999999
KRTAP5-9	3.2605048699999983
KRTAP5-AS1	-2.5272725545000005
KRTAP7-1	1.0188269390000002
KRTAP8-1	0.15293562200000022
KRTAP9-3	1.0846255690000004
KRTAP9-4	-1.177682464
KRTAP9-8	-0.059503919999999155
KRTAP9-9	0.26374765300000025
KRTCAP2	-175.54916791949995
KRTCAP3	1.4246771199999984
KRTDAP	-0.8079992880000004
KSR1	10.927840590999999
KSR2	1.2175540540000007
KTN1	-105.87179366666692
KXD1	9.461197767000002
KY	-0.051525575499999476
KYAT1	5.106002254000007
KYAT3	-741.6363778000001
KYNU	75.50979608224999
L1CAM	1.0209334724999977
L1TD1	-3.6609349835000025
L2HGDH	1.7872215529999949
L3HYPDH	11.798671550000009
L3MBTL1	5.960009685000003
L3MBTL2	-9.152247030000012
L3MBTL3	-12.805698030000002
L3MBTL4	-0.9605446574999998
L3MBTL4-AS1	-0.5165983599999997
LACC1	0.5076870143333334
LACRT	0.04424459999999897
LACTB	154.7246268966667
LACTB2	-56.14241579999998
LACTB2-AS1	0.039209130999999786
LAD1	0.7011310700000024
LAG3	2.0820568999999995
LAGE3	87.79586889999996
LAIR1	-1.4067062449999987
LAIR2	-0.8675494709999994
LALBA	1.655687147
LAMA1	-0.5263943190000013
LAMA2	0.46077636850000037
LAMA3	4.365543739333329
LAMA4	-0.6531915593999988
LAMA4-AS1	0.6740387699999992
LAMA5	26.332744699999978
LAMA5-AS1	-9.64872073
LAMB1	13.023032649999948
LAMB2	-49.77905129999999
LAMB2P1	-3.5236107600000004
LAMB3	16.79650117
LAMB4	-0.18385483833333272
LAMC1	-61.90332534999993
LAMC2	1.688034721000001
LAMC3	-5.0231264795
LAMP1	33.014080232499964
LAMP2	54.01906686000001
LAMP3	-406.6062830000001
LAMP5	0.45627503000000047
LAMTOR1	5.073838999999907
LAMTOR2	-41.6445056
LAMTOR3	-109.77985679000005
LAMTOR4	-14.464257700000019
LAMTOR5	283.0297350000001
LAMTOR5-AS1	-56.585757169999994
LANCL1	-274.1140553999999
LANCL2	-11.012691526666686
LANCL3	-0.3370819460000001
LAP3	-272.9377279
LAPTM4A	485.25775699999986
LAPTM4B	-274.3161440000001
LAPTM5	0.08429611999999764
LARGE-AS1	0.8841537937500004
LARGE1	49.0966255495
LARGE2	2.793362899999998
LARP1	-91.83893246500003
LARP1B	-38.873742590000006
LARP4	-26.27563049000001
LARP4B	-37.66744944516667
LARP6	75.88416854433333
LARP7	7.402243979666665
LARS1	-488.977294995
LARS2	-37.21413445499999
LAS1L	-35.496471429999986
LASP1	200.25931300000002
LASP1NB	0.5321428109999999
LAT	9.017449330000002
LAT2	-4.77167043
LATS1	-29.416323213750005
LATS2	-73.9287814425
LAX1	1.1949400680000002
LAYN	0.052866560000000895
LBH	7.272310657
LBHD1	-150.1180106
LBP	-1.1112688599999991
LBR	-383.0116692
LBX1	0.4266096709999996
LBX1-AS1	1.0543615400000004
LBX2-AS1	-4.606876839999998
LCA5	-7.692199134000001
LCA5L	-5.467358999999998
LCAL1	0.611899609
LCAT	1.045374940000002
LCDR	-1.2408977930000002
LCE1B	-0.36919133199999976
LCE1E	5.408262350000001
LCE2B	-0.7356187040000002
LCE3D	-0.21613594400000036
LCIIAR	0.8549281415000003
LCK	-0.34100132349999956
LCLAT1	-42.79769779999992
LCMT1	-49.2994473
LCMT1-AS2	0.5578216384999992
LCMT1P1	2.2060245149999993
LCMT2	-20.246741013499985
LCN1	0.13035344000000038
LCN10	-8.459459119999998
LCN12	2.20231233
LCN15	2.091342600000001
LCN2	10.04245969
LCN6	-0.06162802700000114
LCN8	-0.14071479400000086
LCNL1	-0.3285522250000028
LCOR	53.43313714999999
LCORL	-29.068704370000013
LCP1	17.331298559999997
LCP2	-0.3752707156666659
LCT	-0.23301430099999898
LCT-AS1	-0.06485131899999974
LCTL	0.16018445000000003
LDAF1	30.848763910000002
LDAH	-6.231204773333332
LDB1	-22.00462994999998
LDB2	-0.05034365500000071
LDB3	-1.8036080352
LDC1P	-0.28025874000000073
LDHA	1750.9717379999993
LDHAL6A	-0.2290434140000004
LDHAL6B	0.280716875
LDHB	-0.9806597569999997
LDHC	8.560221959999996
LDHD	6.039999366999999
LDLR	-28.580858053999997
LDLRAD3	49.51482317
LDLRAD4	0.027481946749999153
LDLRAD4-AS1	-0.4151219629999998
LDLRAP1	23.738321845
LDOC1	-28.273339980000003
LEAP2	13.675416290000001
LECT2	-0.5930321050000007
LEF1	-59.983381952999984
LEF1-AS1	-1.1559038944999998
LEFTY1	1.234141188999999
LEFTY2	0.9971057099999996
LEISA1	2.715466757333333
LEKR1	-0.6535941060000008
LELP1	0.0486558429999997
LEMD1	-0.6043491330000004
LEMD1-AS1	-0.22771851899999973
LEMD2	7.903719789999997
LEMD3	12.85022939999999
LENEP	1.07145783
LENG1	1.7591875100000003
LENG8	6.345616379999996
LENG9	-2.294187039999999
LEO1	-104.48502270000003
LEP	-0.7202687640000001
LEPR	-3.5433225000000004
LEPROT	58.477192946900004
LEPROTL1	21.747241050000014
LERFS	-18.019550785000007
LETM1	-17.406293388666683
LETM2	-3.3635753169999987
LETMD1	115.90477959999998
LETR1	-1.5843979470000003
LFNG	55.10493142
LGALS1	793.7989943
LGALS12	1.173341926
LGALS13	-0.44572585500000006
LGALS14	-4.129296666
LGALS2	-1.2437783000000024
LGALS3	414.652894975
LGALS3BP	250.39300538
LGALS4	-0.7655954200000004
LGALS7	-2.517340774
LGALS8	-17.31690544666668
LGALS8-AS1	6.9401943899999985
LGALS9	-0.4993975099999979
LGALSL	-77.336598245
LGI1	-0.3397916190000001
LGI2	-7.2954983499999955
LGI3	-6.208282430000004
LGI4	14.638926925
LGMN	47.23316219999998
LGR4	-1.1339190563333403
LGR5	-6.0357749665
LGR6	0.2966644699999996
LGSN	88.1259856
LHB	4.785825680000002
LHCGR	-0.03835463799999994
LHFPL1	-0.2539136590000002
LHFPL2	161.47924890000002
LHFPL3	-1.361439951
LHFPL3-AS1	-0.5262198220000007
LHFPL3-AS2	0.43902934199999955
LHFPL4	8.08342845
LHFPL5	0.944938734
LHFPL6	8.765727885000004
LHPP	3.2009954600000015
LHX1	-1.4157133700000024
LHX2	15.947325140000032
LHX3	-0.11270410999999925
LHX4	-3.189629516666667
LHX4-AS1	-0.5781194700000007
LHX5	-1.5245346899999994
LHX6	3.5320263700000005
LHX8	0.08557825400000008
LHX9	0.4993717979999994
LIAS	-160.53560750000003
LIAT1	-11.807639719999997
LIF	23.557954950000003
LIF-AS2	1.520866289999999
LIFR	-5.131949413399997
LIFR-AS1	0.18190431000000018
LIG1	63.09999999
LIG3	-8.699573622499997
LIG4	-23.409978175000006
LILRA1	0.7651732710000001
LILRA2	-1.7963959037499997
LILRA3	1.38067208
LILRA4	-3.1549305899999993
LILRA5	-1.6606021469999996
LILRA6	-1.4536919699999977
LILRB1	2.9613350749999974
LILRB2	-1.170411699999999
LILRB3	-2.915625052500001
LILRB4	-0.9650672720000006
LILRB5	-1.5240919050000006
LILRP2	0.6330451520000002
LIM2	0.8724658319999996
LIMA1	105.41237699666667
LIMCH1	12.294911901750002
LIMD1	2.7484244136000058
LIMD1-AS1	-1.2579778300000015
LIMD2	-0.23949117000000086
LIME1	8.021215974999997
LIMK1	0.385795329999997
LIMK2	10.952137346
LIMS1	138.06819100533335
LIMS2	-0.9871224299999994
LIMS3	276.2867212450001
LIN28A	-2.492882088
LIN28B	-255.79963500000008
LIN28B-AS1	-6.164740469999998
LIN37	-9.427935325000007
LIN52	-13.319378900000004
LIN54	-2.533839459
LIN7A	-88.11546728750002
LIN7B	-5.033536809999994
LIN7C	-47.95865624333334
LIN9	-0.8563045996666672
LINC-PINT	2.7836780354999995
LINC00028	-6.754512300000002
LINC00029	0.2585951599999987
LINC00051	-0.30632729900000033
LINC00052	-0.4904609259999999
LINC00092	3.2862964299999984
LINC00102	-0.1004707159999998
LINC00112	-1.6465157500000007
LINC00113	0.16151908400000003
LINC00115	4.970129284
LINC00158	1.3055223749999998
LINC00161	-0.02822998749999961
LINC00163	-1.443062770000001
LINC00165	1.3084065599999999
LINC00173	4.205742771000001
LINC00174	-4.6339472
LINC00184	1.7503678659999995
LINC00189	-0.4747869680000001
LINC00205	20.972242125000008
LINC00208	0.8389755000000001
LINC00210	-0.25429832399999963
LINC00216	-1.0055858989999997
LINC00221	-0.7937739649999997
LINC00226	0.3481093364999994
LINC00240	1.3928046520000006
LINC00242	-1.4995359199999996
LINC00244	0.36928191199999993
LINC00260	-0.13392211000000032
LINC00261	166.13131380000002
LINC00265	0.30973996400000026
LINC00269	2.17146333
LINC00276	0.4538751879999996
LINC00280	2.456068233999999
LINC00290	0.17090326099999986
LINC00293	0.3739118000000001
LINC00294	55.71051622999998
LINC00298	0.30151940899999996
LINC00299	-1.5082111629999995
LINC00301	0.21337953100000018
LINC00302	-1.9172146220000004
LINC00304	-0.5256665850000015
LINC00305	0.40197223000000015
LINC00307	-0.34016908899999976
LINC00308	1.5318615164999994
LINC00309	-0.0027757230000000632
LINC00310	0.727692877
LINC00311	0.13660646599999993
LINC00312	5.643883910000003
LINC00313	0.17261256199999941
LINC00314	0.2406746700000002
LINC00315	2.3665613799999985
LINC00317	1.3714973639999997
LINC00319	-2.7698456670000002
LINC00320	0.11343595900000025
LINC00323	-0.0663432890000002
LINC00324	-8.09486857
LINC00326	0.38367986300000023
LINC00327	0.1701494969999997
LINC00328	3.1265087299999994
LINC00330	1.1933205299999994
LINC00334	-1.1182379703333343
LINC00339	-10.614353499999993
LINC00342	7.6922493700000025
LINC00343	0.7460175470000001
LINC00347	-0.5199605809999999
LINC00348	-0.2977215980000003
LINC00354	-1.3851450440000006
LINC00355	1.006035143
LINC00358	0.021060571999999667
LINC00382	0.329326483
LINC00391	-1.0422375049999992
LINC00408	0.20268856350000064
LINC00410	-0.12466907200000055
LINC00417	0.18112626899999995
LINC00421	-1.5598608879999993
LINC00423	0.06857443299999932
LINC00424	0.827681240000004
LINC00427	-0.3701142999999991
LINC00445	1.5197468399999998
LINC00452	0.5229475969999999
LINC00454	0.9073621199999984
LINC00458	-0.18124651533333314
LINC00460	0.28496705500000097
LINC00462	0.076652991
LINC00463	0.48871206200000117
LINC00466	-0.7048152859999997
LINC00467	-1.3314365899999956
LINC00470	18.8229363675
LINC00471	-1.1330378049999998
LINC00472	-0.11359953050000016
LINC00473	36.80547475
LINC00474	-0.014877096500000242
LINC00475	-0.8664741416666644
LINC00477	0.1279585929999998
LINC00479	0.47406711999999906
LINC00482	-6.374365449999999
LINC00485	0.1972914910000001
LINC00486	-0.1721543299999997
LINC00487	0.3924971460000002
LINC00488	-0.012666161999999925
LINC00491	-0.807740299999999
LINC00494	-0.9900844899999992
LINC00507	-0.16633544200000028
LINC00513	4.605563954999997
LINC00515	0.6475855880000001
LINC00518	0.05328716149999968
LINC00520	32.05190045
LINC00523	-10.193691059999999
LINC00525	2.9001174899999995
LINC00526	-0.6249051210000003
LINC00528	-0.15398896799999928
LINC00529	0.25802294800000025
LINC00536	0.13970553399999996
LINC00537	-4.005935836666673
LINC00540	1.212007210000003
LINC00543	-1.3872379329999998
LINC00544	-0.20023652400000014
LINC00545	1.7016953389999996
LINC00550	-0.020893765999999925
LINC00555	0.5006405070000008
LINC00556	-0.0581816289999999
LINC00557	-0.11859088000000018
LINC00558	0.9617273719999999
LINC00559	0.8176823720000002
LINC00560	-0.6460401529999995
LINC00561	0.053762787000000145
LINC00563	-0.8552477339999989
LINC00564	-0.08370626000000003
LINC00566	-0.3004956750000001
LINC00567	0.3862207420000008
LINC00572	0.10526211599999957
LINC00574	-0.9641485499999973
LINC00582	0.6268266099999984
LINC00587	-0.7227168329999998
LINC00588	0.20135811299999995
LINC00589	-1.30650625
LINC00592	27.55195758
LINC00593	-0.03819294300000031
LINC00595	1.7934434820000007
LINC00597	3.5852214399999998
LINC00598	0.9500809799999974
LINC00605	1.5010547999999995
LINC00606	0.45875115599999994
LINC00607	-2.464454827999999
LINC00608	0.8727044394999997
LINC00612	0.0010543799999993553
LINC00615	-0.3334317569999996
LINC00616	-0.09052698899999978
LINC00619	-0.2593664219999998
LINC00620	-0.5120035099999996
LINC00621	-113.27861230000002
LINC00622	0.4252001810000001
LINC00623	-67.43646346666674
LINC00624	-0.7100494760000005
LINC00626	-0.4197077450000002
LINC00628	-0.8896770150000002
LINC00629	-0.11741858300000008
LINC00630	-0.35626340150000013
LINC00632	0.04316898900000021
LINC00635	0.18152548599999996
LINC00636	0.5000469040000004
LINC00639	-0.028718388000000594
LINC00641	-1.7268516069999995
LINC00642	-1.0649464126666661
LINC00644	-0.3454074330000001
LINC00645	0.25042307699999977
LINC00648	42.80276301000001
LINC00652	-3.911667598
LINC00654	0.8100688369999993
LINC00656	1.1840710100000003
LINC00658	-2.88762881
LINC00659	0.31797846000000085
LINC00661	0.8460943355000001
LINC00662	-6.871797028000003
LINC00663	0.9562796056666665
LINC00664	3.8002528899999994
LINC00665	0.2500148662500008
LINC00667	0.8517307645000001
LINC00668	-1.4368041500000004
LINC00671	0.04142266049999943
LINC00673	119.50498183666666
LINC00674	3.8217787212499985
LINC00682	0.3260031330000004
LINC00685	4.1245519
LINC00687	-2.398023740000001
LINC00689	-0.2731293459999993
LINC00690	-0.9978388499999999
LINC00691	-0.5576525389999993
LINC00692	-0.24039211249999992
LINC00698	-0.9607913479999999
LINC00700	-0.376393604
LINC00702	0.06838627999999991
LINC00703	-0.016135805999999864
LINC00705	0.05092021000000102
LINC00708	-0.9937194609999995
LINC00710	1.0887696669999998
LINC00824	-0.3590545659999993
LINC00836	0.05856486799999949
LINC00837	0.41178857499999966
LINC00838	0.13254089999999952
LINC00839	0.8621131300000116
LINC00841	-0.6848721639999997
LINC00842	0.3440828489999994
LINC00844	0.42923563699999967
LINC00845	-0.14693406500000084
LINC00847	1.066311743
LINC00851	4.1399703599999995
LINC00852	-2.4913434730000006
LINC00853	4.855810245999999
LINC00856	-3.222528335
LINC00857	-31.29039358
LINC00858	0.402409381
LINC00862	0.7995484519999998
LINC00865	0.841178845
LINC00867	0.36232114499999923
LINC00868	1.869961
LINC00869	0.35754060566666546
LINC00870	0.04781638399999988
LINC00877	-0.46743999900000066
LINC00879	-1.935468437
LINC00880	1.0505873380000015
LINC00881	-3.662902899999999
LINC00882	-0.4515356610000003
LINC00886	-6.23278878
LINC00887	0.3414845299999998
LINC00892	0.4673766309999996
LINC00895	-0.4851736299999998
LINC00896	-0.2643350590000004
LINC00899	-0.45689462999999986
LINC00900	0.047943263499999667
LINC00901	-0.36556229900000003
LINC00905	1.1224565299999991
LINC00906	-0.02467770499999844
LINC00907	-0.6943525296666673
LINC00908	-0.8797487339999996
LINC00910	-0.17746296349999913
LINC00911	0.9046610039999994
LINC00917	-0.5141481649999999
LINC00919	-0.4291131730000002
LINC00920	15.920767802999999
LINC00922	-1.0401553839999993
LINC00923	-0.5073201640000002
LINC00924	-0.3751351619999994
LINC00926	1.2184395899999991
LINC00927	0.22766906399999876
LINC00928	-1.6906030310000002
LINC00929	0.06788556000000057
LINC00930	-0.23149883500000001
LINC00933	0.43190617600000003
LINC00934	0.32839960499999954
LINC00937	-0.5807504715
LINC00938	-15.777277773666668
LINC00939	4.819674925999999
LINC00942	-0.1658567839999998
LINC00943	-0.5686220860000004
LINC00944	-0.09051135400000021
LINC00951	2.8907135299999993
LINC00954	0.07523953500000058
LINC00955	-0.14432477000000077
LINC00957	7.357808127999995
LINC00958	-1.9646289699999997
LINC00960	-8.633934530000001
LINC00963	-1.161953804999996
LINC00964	0.26826682499999954
LINC00965	-1.264818407
LINC00967	-2.0928464579999995
LINC00968	-0.3435565460000003
LINC00970	0.1200553039999992
LINC00993	17.626720150000004
LINC00996	0.40187257099999973
LINC00997	5.3837178980000004
LINC01000	-16.930819045000007
LINC01001	-0.8186047890000001
LINC01003	13.715179039999995
LINC01004	-0.7695476733333315
LINC01007	3.38281512
LINC01010	0.6534758000000025
LINC01012	0.44735061200000015
LINC01013	-0.2564958354999991
LINC01015	-2.0176233480000008
LINC01016	0.07333237174999852
LINC01018	-0.9072603360000002
LINC01019	-0.05025348900000104
LINC01020	0.035395290999999496
LINC01023	-0.2908069900000001
LINC01029	-0.23443043499999927
LINC01049	-2.480154827
LINC01056	0.12660201400000126
LINC01069	0.32320795899999943
LINC01082	-0.8842847730000001
LINC01085	0.25632494699999997
LINC01087	0.0
LINC01088	0.22322552500000015
LINC01089	3.5553280419999957
LINC01091	0.3557468530000003
LINC01093	-0.9145999229999995
LINC01094	-0.008744641999999914
LINC01095	0.34730109200000037
LINC01096	-2.133549714999999
LINC01097	0.27735588899999986
LINC01098	-0.2142940910000002
LINC01101	-0.2681941400000003
LINC01102	0.20558543699999987
LINC01103	-0.3552878639999997
LINC01104	1.355267488
LINC01106	0.02019975350000003
LINC01107	-0.9532141899999989
LINC01111	-0.5913787209999999
LINC01114	2.088152390000001
LINC01115	-0.42594533400000056
LINC01116	-1.6085063990000004
LINC01118	-2.5854028299999996
LINC01119	2.74334335
LINC01120	0.304896179
LINC01121	4.15334408
LINC01122	-0.08652884549999929
LINC01126	-0.906285907
LINC01127	0.9511793819999994
LINC01128	-11.012778539999992
LINC01133	-0.2454456304999999
LINC01134	2.729419915000001
LINC01138	2.1138110139999995
LINC01139	4.746978670999999
LINC01140	0.10829886099999975
LINC01141	-0.5777166889999998
LINC01142	-1.1656852000000004
LINC01144	-4.829197169999999
LINC01148	0.2194882250000001
LINC01149	-0.5504566259999999
LINC01153	-0.12305942700000028
LINC01159	-3.251175440000001
LINC01165	0.162964487
LINC01169	-0.0930478619999997
LINC01180	-1.845419693000001
LINC01181	0.43167489599999964
LINC01186	1.1728025999999971
LINC01187	-0.4469335169999997
LINC01189	2.1623310830000015
LINC01191	-2.5129422823333334
LINC01192	-0.5659300374999994
LINC01198	0.40835858900000055
LINC01204	-0.481623334
LINC01206	-0.6840692134999999
LINC01208	34.104683660000006
LINC01209	1.7256809750000004
LINC01210	1.3022489806666684
LINC01213	0.5147228309999994
LINC01214	-1.366983393
LINC01215	-0.4283402420000004
LINC01220	-0.051142199000000055
LINC01222	1.8180955700000005
LINC01226	-1.6663105100000006
LINC01227	-1.4170232419999995
LINC01231	0.7791851600000008
LINC01233	0.3101946240000002
LINC01234	0.9585090239999996
LINC01238	-1.123987466
LINC01241	0.0294266280000004
LINC01242	0.013611921999999943
LINC01243	0.1265231379999996
LINC01252	0.6427965069999999
LINC01254	-1.737861787
LINC01255	-0.6865957759999999
LINC01260	4.678395861000002
LINC01267	1.247750603
LINC01270	-0.20316395199999882
LINC01271	0.2703596690000003
LINC01278	-0.9210964960000041
LINC01281	0.7511148200000015
LINC01282	-0.8396779099999998
LINC01289	-0.7448844299999999
LINC01300	0.2249418689999998
LINC01304	0.42907444000000083
LINC01305	0.42329492
LINC01310	-4.366894229999996
LINC01312	-0.04933725199999994
LINC01315	17.690221270000002
LINC01333	0.19962447999999977
LINC01339	-5.610762279999999
LINC01341	4.244050910000006
LINC01342	-2.5254900199999994
LINC01343	0.3319377499999998
LINC01346	-0.47911328
LINC01348	-3.4556800500000016
LINC01350	-0.8295887420000003
LINC01352	0.13695570349999997
LINC01354	0.1337472289999999
LINC01355	8.003041254
LINC01356	-0.42143186999999926
LINC01359	3.8118637799999995
LINC01360	-0.014888721333333521
LINC01361	0.16106309200000002
LINC01362	-0.07591032500000061
LINC01364	0.13324877199999996
LINC01365	0.10366642999999875
LINC01366	0.14967601749999915
LINC01393	0.5918467279999997
LINC01395	1.2287863660000005
LINC01398	-0.33416101600000037
LINC01410	1.927311758000001
LINC01416	-0.5115954779999994
LINC01419	-395.18405659999996
LINC01424	1.5243882400000004
LINC01425	1.0296656029999998
LINC01426	-0.30409643
LINC01428	-0.2560956910000005
LINC01431	0.5558340360000003
LINC01432	-1.3270247000000008
LINC01442	-1.2499472799999998
LINC01448	0.9059160410000002
LINC01449	0.20683967400000025
LINC01465	-2.121503529
LINC01467	-0.31622244199999994
LINC01477	-0.5949047319999998
LINC01482	-0.793876212999999
LINC01487	-0.41147607699999966
LINC01490	-0.821783935
LINC01492	-0.2747746049999997
LINC01494	0.16167260199999944
LINC01500	0.8948451190000002
LINC01503	2.1996845799999996
LINC01504	-1.0503556699999983
LINC01505	0.4948080319999999
LINC01511	-3.7743948829999994
LINC01512	-0.8160072399999994
LINC01514	0.2648716869999994
LINC01516	0.6188022560000004
LINC01520	-0.17977677100000022
LINC01521	-0.5706409700000012
LINC01523	-1.5400797700000002
LINC01526	0.1838768100000001
LINC01527	-2.4778231999999996
LINC01530	0.8502574049999998
LINC01532	1.1095048060000003
LINC01533	-0.3069167499999992
LINC01535	-0.4305046250000002
LINC01537	-0.399989417
LINC01538	-0.0856204599999999
LINC01539	0.5076152120000001
LINC01541	0.08371054199999994
LINC01545	6.226930881
LINC01547	1.08422032333333
LINC01549	-0.168720859
LINC01550	0.7585491356666667
LINC01551	-1.91550829
LINC01553	0.015170780999999689
LINC01554	-0.2832569969999996
LINC01555	0.43355259099999977
LINC01558	-1.6602992519999997
LINC01560	-4.623675329999999
LINC01561	-0.9620849269999994
LINC01563	1.5154534799999997
LINC01565	1.5026482100000003
LINC01566	0.6877736700000003
LINC01569	-2.3020361399999985
LINC01579	-1.4304392520000002
LINC01580	-1.2450600600000001
LINC01581	0.31647739599999936
LINC01583	0.222645043
LINC01585	-0.41408115000000123
LINC01587	-0.4788535170000001
LINC01588	34.077558925000005
LINC01590	0.7464134979999999
LINC01592	0.30942744200000005
LINC01599	0.2860996500000006
LINC01600	0.03635941799999998
LINC01607	4.900696881
LINC01618	0.5133965899999993
LINC01619	5.456219001000001
LINC01620	-1.1295780423333337
LINC01622	-0.49387199899999956
LINC01635	-0.2827192959999998
LINC01644	-0.8165856220000007
LINC01647	-1.0002543289999997
LINC01648	-1.7394275599999993
LINC01649	-0.4926988459999997
LINC01653	-1.8483904630000003
LINC01654	0.663991051
LINC01656	-1.4032685459999996
LINC01657	1.016473252
LINC01664	7.779480579999998
LINC01667	1.3729391289999997
LINC01676	0.2387705819999999
LINC01679	-1.4238847200000002
LINC01686	-0.5791423820000006
LINC01687	2.8374941359999992
LINC01689	0.7102767510000003
LINC01692	0.07998407799999985
LINC01697	-1.3135688940000003
LINC01700	-2.9172177900000005
LINC01704	2.2877270020000005
LINC01706	-0.3008389189999998
LINC01711	-5.375040089999999
LINC01718	-3.9954996499999993
LINC01720	-0.028067041000000348
LINC01722	-0.2730818890000002
LINC01723	-0.03719598999999896
LINC01730	1.1248612599999994
LINC01732	-2.099360509000001
LINC01734	0.24077590799999982
LINC01737	0.7821686790000006
LINC01741	1.8419627940000005
LINC01743	-0.5335858160000004
LINC01750	-0.14973558800000042
LINC01751	-0.36158883600000014
LINC01756	0.2426803900000003
LINC01770	13.122656509999999
LINC01777	0.15729316599999965
LINC01782	-1.2585638689999996
LINC01785	-0.8909759000000008
LINC01788	0.13154609500000003
LINC01792	0.020384465999999435
LINC01798	0.16502651999999962
LINC01799	1.136731647
LINC01800	-0.8801868609999994
LINC01806	-1.0901605735000004
LINC01809	0.6720178649999999
LINC01812	-0.2908999589999999
LINC01815	0.3862093839999998
LINC01816	-6.090990195
LINC01821	0.011128398000000317
LINC01828	0.0
LINC01831	-0.8368969030000004
LINC01838	4.19223944
LINC01842	3.1763447100000004
LINC01843	5.182308089999999
LINC01844	0.39495098600000045
LINC01845	-0.21737913899999928
LINC01847	0.3960486679999997
LINC01854	-1.616998797
LINC01858	-0.09147124900000048
LINC01859	1.0935110749999994
LINC01864	0.6648724269999997
LINC01874	2.101658864000001
LINC01875	-5.019170070000001
LINC01876	-0.04577626900000009
LINC01877	-0.31585050899999967
LINC01883	-0.3167862879999994
LINC01896	-2.2983195095000006
LINC01898	-0.20761162000000155
LINC01904	-0.06397822000000009
LINC01913	0.47779233199999993
LINC01917	0.09431021600000022
LINC01920	1.1923597740000007
LINC01922	0.7696513944999994
LINC01924	1.2013930239999997
LINC01927	-1.916382507999999
LINC01931	0.3156289284999998
LINC01933	-0.3516548405000002
LINC01936	0.1817279599999999
LINC01943	-0.3102197860000002
LINC01949	6.6648874437500005
LINC01957	-0.4385816140000003
LINC01961	0.29911551399999947
LINC01963	19.187715580000003
LINC01968	-1.8677578799999992
LINC01970	2.151305368
LINC01981	-0.6222163140000001
LINC01986	-1.5533252229999999
LINC01988	-5.42466892
LINC01990	0.2775819180000001
LINC01996	0.14409196100000088
LINC02003	-1.7331726839999995
LINC02011	-0.2724439839999997
LINC02012	-5.593888249999999
LINC02016	0.6965006850000002
LINC02023	0.5891783740000003
LINC02026	0.33459167400000034
LINC02028	0.7040526380000003
LINC02032	-1.1044448260000004
LINC02035	-0.39507651999999993
LINC02036	-0.8031899060000001
LINC02042	0.3926775970000005
LINC02044	-0.8856174659999994
LINC02047	0.015949274000000457
LINC02052	0.6983958970000002
LINC02053	0.15856230049999986
LINC02059	-0.17079044600000026
LINC02060	-0.49590944599999975
LINC02064	2.1299881519999992
LINC02067	88.16366659999994
LINC02070	0.48842614399999995
LINC02071	-1.3328987029999997
LINC02076	-0.03551428400000045
LINC02078	-0.17410722899999964
LINC02091	0.18791566500000023
LINC02092	0.5191743540000004
LINC02097	-0.5473691040000004
LINC02099	-0.5838397085000011
LINC02109	0.23704330099999993
LINC02112	0.3691999949999989
LINC02114	-0.009690262999999977
LINC02116	-0.09209828200000025
LINC02119	0.12037896799999981
LINC02123	0.06274940799999928
LINC02126	-0.14111480499999995
LINC02135	-0.5430565669999998
LINC02139	-1.0531456850000005
LINC02140	-1.7001736130000005
LINC02145	0.37926384500000054
LINC02148	-0.004126217000000043
LINC02149	0.4671628120000002
LINC02150	-0.14525585100000082
LINC02153	-0.7506317459999998
LINC02171	2.8828850899999985
LINC02175	-1.6295022699999961
LINC02179	-1.2326839210000005
LINC02180	-0.3309273740000007
LINC02186	-1.3226727270000005
LINC02189	-0.14267037599999988
LINC02192	0.07907041400000026
LINC02199	-0.4361607530000011
LINC02201	-0.437327303
LINC02209	-0.1880376100000003
LINC02210	-2.1790005060000013
LINC02218	-1.28324617
LINC02223	-0.27441730349999993
LINC02225	0.18263394099999974
LINC02226	3.933363270000001
LINC02232	0.32853161799999997
LINC02239	0.6011053794999999
LINC02240	-0.22257574300000016
LINC02243	-1.014101772
LINC02245	0.20228811900000032
LINC02249	0.0037067910000008197
LINC02254	0.6982540179999992
LINC02256	43.21258941999999
LINC02260	-0.8577613760000009
LINC02270	0.6013355769999995
LINC02273	0.23781346999999897
LINC02274	-0.08822638699999974
LINC02287	-1.0412669399999999
LINC02297	-0.274956333
LINC02314	-0.7798092459999992
LINC02318	-0.24431104800000014
LINC02325	0.15878831900000012
LINC02328	0.7889927590000001
LINC02339	0.21917764049999988
LINC02347	-0.8175734430000001
LINC02349	-0.14225794700000005
LINC02352	-0.9663023529999961
LINC02353	0.20236471700000003
LINC02355	-5.585595209999999
LINC02361	1.5603155799999975
LINC02363	-0.3318287805000004
LINC02366	0.807604692
LINC02372	0.3042511010000002
LINC02375	0.20217722300000007
LINC02380	-1.137856104
LINC02381	-532.7225565999998
LINC02382	0.6437670139999998
LINC02387	-1.9306638100000004
LINC02388	0.20740146300000006
LINC02395	0.6548735930000005
LINC02397	0.09857884000000006
LINC02400	-0.36937771799999997
LINC02401	-0.5217753999999992
LINC02402	0.022297293000000273
LINC02405	-2.3575124699999996
LINC02421	-0.7066369180000005
LINC02426	-0.3431074000000005
LINC02431	-1.0728710540000002
LINC02433	-0.43398226000000006
LINC02436	-0.18199265799999997
LINC02443	-0.5473750699999993
LINC02458	-0.2501944810000003
LINC02466	-0.359831056
LINC02475	0.27263453200000054
LINC02481	5.143115479999999
LINC02483	-0.410891672
LINC02487	0.9951438385000007
LINC02492	-0.07480716600000026
LINC02493	-1.2618635400000002
LINC02499	0.4374213600000001
LINC02502	2.109893406000001
LINC02504	-2.227670346
LINC02510	-0.09516516999999958
LINC02520	0.22416906000000125
LINC02525	-1.2334674620000001
LINC02532	31.429262830000003
LINC02535	4.07438158
LINC02537	0.5505007829999995
LINC02544	-0.2541188879999998
LINC02551	-1.6900404855000009
LINC02579	0.02000478000000072
LINC02580	-0.6428734069999997
LINC02582	0.22162642000000066
LINC02585	-2.0734605199999994
LINC02591	-0.7206474475000011
LINC02593	10.309752585999998
LINC02595	0.0471845919999998
LINC02603	0.3780984089999997
LINC02604	-8.253942605499997
LINC02606	-1.1556357090000002
LINC02610	-3.475290900000001
LINC02615	27.51325911
LINC02616	-0.20086633200000037
LINC02620	0.4833975550000007
LINC02653	-0.30716886300000024
LINC02656	-0.623132086
LINC02670	0.9549890470000002
LINC02673	-2.078606299999999
LINC02683	-0.8144075139999991
LINC02685	1.5573404419999992
LINC02688	-8.695009759999998
LINC02693	-4.724326208000004
LINC02703	-4.02212258
LINC02708	-1.109756840000001
LINC02709	0.1418789599999961
LINC02712	0.004897009499999605
LINC02716	5.789192769999998
LINC02724	-0.6504232559999998
LINC02728	-0.34173558500000034
LINC02731	-0.8555824469999997
LINC02743	1.0286598810000003
LINC02749	-0.46747948400000006
LINC02753	1.2348005919999991
LINC02757	0.07750766900000006
LINC02762	1.324774435000002
LINC02763	0.38140743499999985
LINC02790	0.22026111399999948
LINC02796	0.43357189699999976
LINC02800	0.7367391840000002
LINC02805	-1.0611620950000002
LINC02806	-1.0281884380000008
LINC02809	0.26412553999999844
LINC02825	0.07556386400000026
LINC02837	0.05581689999999995
LINC02842	0.14991244399999992
LINC02843	1.435781843000001
LINC02850	0.8589927240000002
LINC02853	-0.6366634270000002
LINC02860	-0.27876018499999944
LINC02864	3.428472085000003
LINC02870	-1.4534925669999996
LINC02873	-0.6289758330000002
LINC02874	3.9374586380000007
LINC02875	-12.22017924
LINC02877	-0.25956837900000007
LINC02878	2.71567819
LINC02880	1.2905243730000002
LINC02882	-0.28700192199999996
LINC02888	0.4918366469999995
LINC02891	-0.46640337000000187
LINC02893	0.03601653699999918
LINC02899	0.9300100709999999
LINC02901	-14.649361480000001
LINC02905	5.31017636
LINC02907	1.5719812849999997
LINC02909	0.9959288669999999
LINC02910	-0.04813084000000023
LINC02912	-0.1228677229999997
LINC02915	1.0416502109999994
LINC02941	0.4241102830000001
LINC02944	-0.6354601305000003
LINC02946	-0.7650701190000002
LINC02961	-0.608734321
LINC02981	-0.1563183860000006
LINC02984	0.8038507320000008
LINC02985	12.492669620000001
LINC02987	8.735738260000002
LINC02992	-0.8614167980000005
LINC02994	-1.2329094299999994
LINC02995	-0.49974858000000033
LINC02996	0.5681444180000002
LINC02997	3.1171800640000003
LINC03002	1.9701877860000003
LINC03006	1.3710334030000002
LINC03007	-0.2157176990000007
LINC03008	-4.586777499999997
LINC03011	-26.15807685
LINC03013	-0.5427181989999994
LINC03014	1.5403936830000013
LINC03018	-0.5016158319999997
LINC03019	-0.19240418800000114
LINC03020	0.16834696299999985
LINC03021	-0.07933862400000002
LINC03026	-1.488468051
LINC03027	-0.29818488999999815
LINC03031	-1.1034115194999998
LINC03040	-1.0486944230000006
LINC03043	0.16335977900000032
LINC03048	1.336897398000005
LINC03066	-0.4797029180000001
LINC03074	-0.6791903590000001
LINC03086	-9.36712962
LINC03093	-0.6044347600000002
LINC03095	-0.3714629079999998
LINC03103	-1.0151664899999995
LINC03122	-0.5867457859999998
LINC03123	1.2538534070000003
LINC03124	3.437496395500002
LINC03125	-1.3071436810000003
LINC03129	-1.1006807319999998
LINC03133	-0.8748749629999999
LINC03152	-0.7202964923333335
LINC03156	-0.781844854
LINC03161	-2.231600295
LINC03163	0.07315766899999954
LINC03189	0.40749767000000015
LINC03219	-0.5583206599999997
LINC03234	-1.4104576560000002
LINC03235	-1.8187304700000002
LINGO1	-5.523209659999999
LINGO1-AS1	-0.4280583939999989
LINGO1-AS2	0.5362267000000003
LINGO2	-0.1015775320000003
LINGO3	7.881946229999997
LINS1	-2.0238877819999956
LIPA	211.31448849149996
LIPC	60.32736
LIPC-AS1	0.8697816339999997
LIPE	0.4204744135000009
LIPE-AS1	0.6932490619999996
LIPF	-0.020042096000000065
LIPG	-0.33993027799999975
LIPH	274.0179816
LIPI	0.44138319800000003
LIPJ	0.05068884533333318
LIPT1	-21.091507789999994
LIPT2-AS1	22.630068369999996
LITAF	189.0717194293333
LITATS1	18.97635185
LIX1	-0.9035836914999997
LIX1L	57.3768797825
LKAAEAR1	3.51428413
LLGL1	-1.8875693266666644
LLGL2	33.487955725000006
LLPH	-17.138678677666675
LMAN1	-324.21531791666683
LMAN1L	-2.2393364499999997
LMAN2	-107.02478453750001
LMAN2L	130.40000000000003
LMBR1	5.407189546666672
LMBR1L	19.62731024
LMBRD1	-58.730548582500035
LMBRD2	-32.41285412066671
LMCD1	9.767440576666665
LMF1	6.145834267222213
LMF2	42.69480745000001
LMLN	-9.482518016
LMNA	100.05437368649999
LMNB1	25.566735600000015
LMNB2	45.42509990000002
LMNTD1	-0.1829080300000001
LMNTD2	7.516343499999998
LMNTD2-AS1	1.0547588073333323
LMO1	-1.7664747399999996
LMO2	-1.5382555724999998
LMO3	0.2895100142500002
LMO4	-105.35025460179995
LMO7	-12.334461868750004
LMO7DN	-0.2978256400000001
LMOD1	-2.19148298
LMOD2	-0.71374549
LMOD3	0.17666681299999976
LMTK1	8.189179209999999
LMTK2	-11.644298596333336
LMTK3	-0.24704423299999956
LMX1A	0.8840819170000005
LMX1B	-4.341219997
LNC-LBCS	3.0727898410000005
LNCAROD	1.6721120659999995
LNCARSR	-1.3612260050000007
LNCEGFL7OS	-0.2877993599999993
LNCMB2	4.091549179999998
LNCOC1	-0.5947835580000005
LNP1	-57.404353560000004
LNPEP	-9.7543109354
LNPK	0.9542857099999793
LNROP	-0.9994451860000009
LNX1	2.5195940765000007
LNX2	-32.44500386
LOC100127955	-2.311343580000001
LOC100128079	0.8213968139999999
LOC100128288	1.3168093450000002
LOC100128361	5.41179518
LOC100128653	2.37951374
LOC100128988	-1.1373760429999997
LOC100128993	-0.46185021199999987
LOC100129034	14.220897654999995
LOC100129098	-0.11213432999999995
LOC100129455	0.7634166960000002
LOC100129603	-1.8808371490000004
LOC100129617	4.407440049999998
LOC100129935	-1.2763329599999995
LOC100130331	-0.471983088
LOC100130357	-2.631075387
LOC100130452	-0.11406723800000051
LOC100130548	-0.04018031000000022
LOC100130744	-1.2139795300000014
LOC100130872	1.994756855000002
LOC100130964	-0.15453603600000054
LOC100130987	15.641996110000008
LOC100130992	-0.004132428000000132
LOC100131496	-0.37484116899999975
LOC100131532	-0.6209844480000006
LOC100132062	-23.740504500000014
LOC100132077	-0.25802014000000106
LOC100132078	0.17343881099999958
LOC100132356	-0.4312383980000005
LOC100132686	-0.29582672800000065
LOC100133920	0.5345706680000002
LOC100134040	2.67098371
LOC100134368	0.6584485249999998
LOC100190986	-48.89205278
LOC100233156	31.30301067666666
LOC100240728	0.5319772819999997
LOC100240734	-0.860079378
LOC100271832	-0.3695447009999997
LOC100272217	0.16055759500000022
LOC100286922	0.0329971200000001
LOC100287290	-0.8963835814999994
LOC100287387	-5.874592335
LOC100287610	-0.6977421879999994
LOC100287704	2.30127113
LOC100287808	-5.66177512
LOC100287834	-0.7336464499999984
LOC100288123	-3.0561263400000023
LOC100288175	1.9468529299999986
LOC100288570	-1.2001351699999994
LOC100288637	-1.9767957999999979
LOC100288966	-0.6528784249999999
LOC100289230	-2.1631153550000004
LOC100289333	-17.53810453
LOC100289473	-2.3498566899999993
LOC100289495	-5.05999121
LOC100310756	41.87244264
LOC100422212	-0.8120282710000004
LOC100422781	3.966029970000001
LOC100505498	0.5808277683333323
LOC100505555	0.14496047374999854
LOC100505711	5.317107840000006
LOC100505774	0.04713627000000109
LOC100505782	1.0982567849999998
LOC100505874	0.6191928349999998
LOC100505912	-0.28904417100000046
LOC100505915	-0.5344426899999988
LOC100505918	2.64036269
LOC100505942	5.877178180000001
LOC100505978	-15.26920381
LOC100505985	-1.2986666189999996
LOC100506016	0.23440950299999974
LOC100506124	0.353834333
LOC100506207	-0.6615070539999994
LOC100506235	-0.5443702354999997
LOC100506236	-0.27125574600000046
LOC100506271	-3.3706930400000026
LOC100506274	-3.1232237605
LOC100506405	-0.8237867999999997
LOC100506446	-3.958986121999999
LOC100506472	0.6446564950000031
LOC100506563	-0.6866692099999998
LOC100506639	-0.6091240579999999
LOC100506730	3.638291275000004
LOC100506790	-2.0946668390000003
LOC100506851	0.5253468989999996
LOC100506858	-1.0649482499999987
LOC100506929	-1.1794441830000002
LOC100506974	-6.870380680000002
LOC100507006	0.2466442200000003
LOC100507053	0.15311512849999964
LOC100507221	0.3697820829999996
LOC100507250	-5.8427119099999985
LOC100507336	-1.2328277619999994
LOC100507384	-1.445433725
LOC100507395	11.022381789999997
LOC100507443	1.4925018889999997
LOC100507513	-1.3135848970000001
LOC100507560	0.7434121200000021
LOC100507562	-0.6358884169999994
LOC100507634	0.48746820449999895
LOC100630923	-18.532689570000002
LOC100652768	3.4383440200000024
LOC100652777	-1.7763170299999977
LOC100652931	0.5587333265000005
LOC100653049	-1.2990834640000006
LOC100996385	0.8301705034999998
LOC100996549	0.5663352170000002
LOC100996583	0.8157271589999997
LOC100996671	0.9390648659999998
LOC100996681	0.8309864100000013
LOC100996740	143.28831029999998
LOC100996756	2.4429569230000006
LOC100996792	-31.211643973333338
LOC101060553	0.41507542699999966
LOC101593348	-0.506441154
LOC101926907	0.15708330300000029
LOC101926915	0.5621826359999993
LOC101926944	0.036493057000000384
LOC101926959	-1.1493467819999998
LOC101927018	1.0177000710000002
LOC101927020	-0.3716092150000003
LOC101927040	-1.4860025209999996
LOC101927044	-1.2918023099999996
LOC101927057	0.4624014670000012
LOC101927066	1.088442937
LOC101927069	-0.525980144
LOC101927089	-0.41759067099999925
LOC101927093	-3.3936736599999993
LOC101927098	-0.47128540900000004
LOC101927131	0.9606509810000006
LOC101927143	-4.044053120000001
LOC101927157	0.012428959000001072
LOC101927159	-1.2957175030000005
LOC101927164	-1.2490010399999996
LOC101927166	9.098909055
LOC101927178	-142.7150686
LOC101927180	-18.8856581
LOC101927237	0.1817629799999998
LOC101927247	-4.803082659999998
LOC101927253	2.412253392000001
LOC101927263	-0.4019470270000003
LOC101927268	5.253337123
LOC101927272	0.9377226509999996
LOC101927310	-0.15712417400000023
LOC101927330	15.987787390000001
LOC101927342	-0.8793940940000002
LOC101927358	0.43763540600000006
LOC101927377	-1.2658708955000009
LOC101927410	1.4715897600000005
LOC101927446	-44.65845146225001
LOC101927450	0.03780751700000007
LOC101927468	0.6785693099999999
LOC101927495	0.8888702509999993
LOC101927499	0.7432481410000005
LOC101927513	0.6672601599999997
LOC101927531	-0.09067829099999969
LOC101927550	1.4640617200000001
LOC101927552	-0.06342730999999979
LOC101927560	0.02863743600000035
LOC101927588	0.7674095869999995
LOC101927603	-3.52799437
LOC101927604	-2.577988338999999
LOC101927608	-7.001529609999999
LOC101927609	-18.36701531
LOC101927623	-1.7313370480000012
LOC101927657	-0.21974780199999966
LOC101927690	-0.9547781239999997
LOC101927702	-0.47252718000000016
LOC101927709	-0.32325752099999994
LOC101927723	-0.009682927000000063
LOC101927769	0.13411325600000001
LOC101927787	0.30761594900000055
LOC101927798	0.13589569799999968
LOC101927814	-0.4475848495000001
LOC101927829	0.13808133599999994
LOC101927830	0.4621187720000002
LOC101927839	-0.7785803250000001
LOC101927914	1.4672843760000003
LOC101927948	0.36351736099999954
LOC101927950	2.8210282200000005
LOC101927967	-0.6947110590000003
LOC101928009	0.5476595149999994
LOC101928012	0.26548907200000027
LOC101928014	1.2931709700000003
LOC101928045	-1.673404885
LOC101928047	0.13841918700000022
LOC101928087	0.3094494000000001
LOC101928107	-1.0782520510000007
LOC101928135	-1.2497320420000002
LOC101928143	-4.938669294999997
LOC101928160	2.824452975
LOC101928191	-0.040087279999999836
LOC101928195	-135.46805645500004
LOC101928196	-0.4226125839999999
LOC101928198	-2.386149067999998
LOC101928201	-0.8424920130000002
LOC101928211	0.17454670200000022
LOC101928230	-4.407015170000001
LOC101928255	-1.6939092900000006
LOC101928269	1.1099881419999997
LOC101928273	-0.9598637990000003
LOC101928274	67.12191886000002
LOC101928283	0.6668760540000003
LOC101928306	-1.2240162899999998
LOC101928326	0.1209806750000002
LOC101928335	-0.8510086499999998
LOC101928343	0.15855432499999722
LOC101928361	0.7014889450000004
LOC101928389	0.5788861170000006
LOC101928401	-0.14651166999999976
LOC101928409	1.6396844309999992
LOC101928417	-0.3664630529999995
LOC101928419	0.28184068900000003
LOC101928446	-1.1029196910000003
LOC101928475	-0.5240579059999999
LOC101928487	5.3841822000000015
LOC101928491	0.9810590370000001
LOC101928495	-0.09755279400000028
LOC101928505	-0.42421707200000025
LOC101928516	-0.9957840429999996
LOC101928519	-0.2389115639999999
LOC101928525	0.09170355999999913
LOC101928535	-0.4597885064999998
LOC101928551	-0.02203506700000002
LOC101928553	-0.07906836699999964
LOC101928557	-0.461371230000001
LOC101928565	0.7417458270000008
LOC101928574	0.4678007150000001
LOC101928618	-0.043939239999999824
LOC101928622	0.7767429400000001
LOC101928626	0.18668486900000003
LOC101928663	-0.338486799
LOC101928669	-1.2547787579999987
LOC101928682	1.685939025999998
LOC101928708	-0.22857093699999975
LOC101928728	3.717601151333332
LOC101928730	0.6700863579999998
LOC101928748	0.13405246699999962
LOC101928797	-1.372343238
LOC101928833	0.4736614859999997
LOC101928844	1.6042227299999965
LOC101928850	0.5103979230000002
LOC101928861	0.8475222809999998
LOC101928881	1.3524873200000016
LOC101928893	0.21579416299999998
LOC101928894	-1.8642150599999994
LOC101928937	1.9154943199999988
LOC101928940	0.31287358900000006
LOC101928961	-0.18215938300000012
LOC101928988	1.2882989379999996
LOC101929004	-0.7808446870000001
LOC101929007	0.7054959810000003
LOC101929050	-0.24350623299999974
LOC101929073	-0.06937006000000023
LOC101929116	-0.21655887599999968
LOC101929148	0.44935207450000014
LOC101929154	-0.1483744059999994
LOC101929240	-142.38173799433338
LOC101929248	0.1763078629999999
LOC101929255	-0.00259867100000033
LOC101929268	-1.4110177309999994
LOC101929269	-2.4211222590000006
LOC101929279	2.160792130000001
LOC101929297	0.04096609600000001
LOC101929319	-0.5415761849999998
LOC101929372	0.5635332559999995
LOC101929373	-0.5530113849999996
LOC101929413	-0.6851537139999997
LOC101929460	0.620247710000001
LOC101929473	-0.045785808999999844
LOC101929479	-33.17760528999999
LOC101929488	-1.6970260500000016
LOC101929538	-0.6166290500000002
LOC101929550	-4.887746735
LOC101929552	1.3173225569999998
LOC101929609	1.37496638
LOC101929622	0.22369446399999982
LOC101929645	3.1051878970000004
LOC101929657	-0.7340900179999998
LOC101929662	-0.5334811999999998
LOC101929718	-1.3982902499999987
LOC101929719	2.0250130539999995
LOC101929752	0.5277875099999996
LOC101929774	-0.4046916246666665
LOC101929777	-2.6760568699999965
LOC101929963	0.6365893499999999
LOC101929974	-0.2981028860000001
LOC101930028	0.512023568
LOC101930053	-7.65631333
LOC101930071	1.789267019999997
LOC101930149	-0.6465082749999995
LOC102546299	-0.27604082799999974
LOC102723380	0.9980794319999999
LOC102723684	0.18003338300000005
LOC102723692	-2.4277035930000004
LOC102723704	-0.20511995100000036
LOC102723709	0.39399069799999964
LOC102723722	2.233487630000001
LOC102723831	0.6885479310000004
LOC102723847	-26.088243090000006
LOC102723897	-22.071527599999996
LOC102724030	-0.35275761099999947
LOC102724250	10.041450786666672
LOC102724323	0.2986601199999992
LOC102724511	-1.718571646
LOC102724517	2.4240260310000004
LOC102724587	-0.04786837899999963
LOC102724612	-1.0400830580000004
LOC102724851	16.558826420000003
LOC102724938	-0.09444748700000005
LOC102724965	0.3072898420000003
LOC102724984	122.60990319999999
LOC102725116	0.4630745660000004
LOC103344931	-9.35049072
LOC114224	15.502999040000002
LOC145474	4.219929513
LOC145845	0.05260945800000005
LOC148696	-2.9190030669999993
LOC149684	1.288383700999999
LOC151760	0.8612815319999996
LOC153910	-1.270666446
LOC154761	-0.9966080099999992
LOC155060	-0.8753796866666654
LOC157273	0.22424034799999948
LOC158434	0.033365184000000436
LOC162137	1.7171513739999993
LOC220077	-1.990537009999997
LOC221946	0.09852818799999952
LOC283038	0.5353310059999994
LOC283045	-1.0611209134999982
LOC283788	2.191894377571428
LOC284240	-5.876988470000001
LOC284379	0.2908543599999991
LOC284412	-0.534696265
LOC284600	4.234824540000002
LOC284788	-0.07286734199999945
LOC284798	-1.8598953300000005
LOC284898	0.6537703200000013
LOC284912	2.42421721
LOC284950	-0.061826500000000006
LOC285097	-0.15223925000000005
LOC285191	0.06623346000000296
LOC285422	0.33783511499999985
LOC285638	-0.6668687799999997
LOC285819	1.2657982279999995
LOC285847	-0.7666039750000007
LOC285889	-0.0032101459999998028
LOC286083	-1.1391682349999996
LOC286177	-0.3212952480000002
LOC286359	-0.43187591350000076
LOC286437	24.482735249999998
LOC338694	-0.7742551899999999
LOC338963	-0.3688149199999984
LOC339166	6.146294456333333
LOC339298	0.010165699999999944
LOC339539	-0.17446170000000016
LOC339666	-0.1734736099999985
LOC339685	0.06528347099999987
LOC339975	0.9523051850000002
LOC340090	0.44340154799999976
LOC340184	0.06905945499999966
LOC349160	0.09146493299999925
LOC374443	-7.1776935710000025
LOC375196	-0.2833935479999994
LOC389199	1.5309752499999991
LOC389831	42.21240447524997
LOC389834	41.201199034
LOC389906	1.779361784571428
LOC390705	11.180944535000009
LOC399900	-1.142052595000001
LOC400541	0.41685301100000016
LOC400622	-0.3988944499999998
LOC400627	-1.59383931
LOC400748	0.6200420319999997
LOC400940	0.34209654733333217
LOC401021	-1.1715923203333318
LOC401261	4.573607810000002
LOC401312	0.4102908999999997
LOC401324	1.1795498610000008
LOC401442	-0.3799981609999996
LOC403312	0.27364188600000006
LOC414300	0.30875716699999955
LOC440570	0.03361131799999928
LOC440895	-0.02548961600000066
LOC441052	0.6249655250000004
LOC441081	1.0609450449999995
LOC441179	-0.34190873300000035
LOC441666	-0.4429315773333333
LOC497256	-0.1420065699999995
LOC550113	-0.14112432900000016
LOC613266	-0.4311534159999999
LOC642361	-3.9439847000000157
LOC642696	-0.31394898799999993
LOC643406	-0.16507106400000104
LOC644634	-6.4154539335
LOC645188	-0.5113502669999996
LOC645485	0.1880121250000002
LOC646214	-3.6685074200000045
LOC646736	-0.8999824130000005
LOC646903	-3.2668953740000006
LOC652276	2.297832300000003
LOC728554	106.6418203
LOC728743	-1.5127744549999989
LOC729291	0.8930758655000002
LOC729296	-0.3778104866666667
LOC729683	2.0414467099999882
LOC729732	-0.7023158719999998
LOC730098	-4.461796239999998
LOC730101	36.14486553
LOC780529	1.145623186
LOC90246	-1.3887150254999998
LOC91450	-0.8696754300000009
LOC93429	0.9390566510000014
LOC93463	0.17320282099999984
LOH12CR2	6.33460032
LOHAN2	-0.3494995809999999
LONP1	-353.66484090000006
LONP2	11.04000724250001
LONRF1	-41.25411905
LONRF2	-28.904559845
LONRF3	-22.59306662000001
LORICRIN	-1.3165979199999995
LOX	48.30433562733333
LOXHD1	-3.510338383999999
LOXL1	1.9112503369999994
LOXL1-AS1	-0.32348539500000006
LOXL2	44.50178566425
LOXL2-AS1	3.52889931
LOXL3	0.5821869100000008
LOXL4	-212.22445469500002
LPA	-0.38774670499999964
LPAL2	0.4682013069999993
LPAR1	-0.9369908263333322
LPAR2	4.353927410000001
LPAR3	11.150673079999997
LPAR4	-0.47657493800000017
LPAR5	-1.2528724274999998
LPAR6	13.452397122999999
LPCAT1	399.67894810000007
LPCAT2	-1.0863674147499998
LPCAT3	-31.67348764999999
LPCAT4	6.416342007600001
LPGAT1	-121.62820916666664
LPIN1	-18.222867083333337
LPIN2	50.732300914999996
LPIN3	2.3858935499999987
LPL	-1.2121279539999996
LPO	-2.2299267009999992
LPP	3.488326222374994
LPP-AS2	-0.218360294
LPXN	-9.29542361
LRAT	-0.03934572600000008
LRATD1	0.03881586883333332
LRATD2	-0.1378877650000021
LRBA	6.467993024999998
LRCH1	12.134856147333334
LRCH2	0.13660840899999993
LRCH3	18.985618253142853
LRCH4	2.090704329999994
LRFN1	5.245301529999999
LRFN2	-1.2513612089999997
LRFN3	4.927241959999996
LRFN4	3.2179034849999937
LRFN5	21.313916759999998
LRG1	12.437190910000005
LRGUK	1.2393218350000001
LRIF1	-68.57464240000002
LRIG1	-2.2148107240000012
LRIG2	-1.2192843842500025
LRIG2-DT	0.35204880100000047
LRIG3	-18.604895160000005
LRIT1	-1.4603272660000002
LRMDA	1.57138898
LRP1	13.65423113775
LRP10	-24.018550773333345
LRP11	-185.266165
LRP12	-10.708639206666668
LRP1B	-0.012082997000000262
LRP2	-1.5042550035000009
LRP2BP	0.044011006999999935
LRP3	8.073396060000007
LRP4	13.013247549999996
LRP5	17.586659435
LRP5L	19.31839889
LRP6	15.476575910000022
LRP8	-604.2876505433334
LRPAP1	-9.365910999333337
LRPPRC	-237.09798693999994
LRR1	-68.8626825
LRRC1	-26.94928363949998
LRRC10B	2.3048898300000005
LRRC14	-2.7531619099999993
LRRC15	-0.08882803050000021
LRRC17	-0.09949784300000086
LRRC18	-0.2687329830000005
LRRC19	-0.05161654399999982
LRRC2	0.2759087779999998
LRRC2-AS1	0.028554769000000313
LRRC20	74.57406955000002
LRRC23	-3.3338525699999977
LRRC25	0.8521646880000002
LRRC27	-1.3464792417499982
LRRC28	-19.9642711165
LRRC3	4.325360902
LRRC31	-2.9931131499999992
LRRC32	1.026900809999999
LRRC34	0.24112879900000017
LRRC36	-0.7073703800000004
LRRC37A2	27.195271402000017
LRRC37A2-AS1	0.06040534999999991
LRRC37A3	0.7889619536666679
LRRC37A4P	1.5340868556666791
LRRC37A5P	-0.35938539649999957
LRRC37B	-47.65857209999999
LRRC37BP1	-1.8449470520000002
LRRC38	0.10190196400000007
LRRC39	1.3230930274999997
LRRC3B	-0.09019706400000027
LRRC4	-1.0609706699999997
LRRC40	-40.13878905000007
LRRC41	-21.357356479750003
LRRC42	-254.84651529999996
LRRC43	-3.0020615813333364
LRRC45	55.35238551
LRRC46	0.46368381349999765
LRRC47	55.91358249999996
LRRC49	9.726968979999995
LRRC4B	0.004840380999999283
LRRC4C	0.15478359350000037
LRRC52	-5.716182419999999
LRRC52-AS1	0.19732231633333264
LRRC55	-0.3036850659999999
LRRC56	0.0
LRRC57	-9.926504924999989
LRRC58	-43.17124955449998
LRRC59	-71.74309323966656
LRRC61	-20.227979490000003
LRRC63	1.4976059790000003
LRRC66	1.2675971190000004
LRRC69	6.035655930000004
LRRC7	-0.12705982775000013
LRRC71	-4.79527837
LRRC72	-1.0665494830000002
LRRC73	0.18672772999999943
LRRC74A	-0.832957620000002
LRRC74B	0.6512946069999996
LRRC74BNL	3.406802410000001
LRRC75A	-0.20572476999999978
LRRC75B	3.897314991000002
LRRC77P	-0.04843188750000049
LRRC8A	58.86761713999999
LRRC8B	-14.278556933333327
LRRC8C	-1.5422625500000038
LRRC8C-DT	1.3886197310000004
LRRC8D	-62.05158869999997
LRRC8E	-6.271233054999996
LRRCC1	0.8014915899999977
LRRD1	-0.26202489699999987
LRRFIP1	46.347976854555554
LRRFIP2	-40.8611723156
LRRIQ1	0.39894227500000046
LRRIQ3	2.0018510670000005
LRRK1	0.6985241949999992
LRRK2	10.750572840000002
LRRN1	0.34385273399999994
LRRN2	-0.23219919199999772
LRRN3	-3.835881844500001
LRRN4	0.9379044995000001
LRRN4CL	-1.6943008400000004
LRRTM1	1.48209007
LRRTM2	0.40028982599999985
LRRTM4	0.07827088400000015
LRRTM4-AS1	-0.4177131840000001
LRSAM1	-2.191013835499998
LRTM1	1.1112074429999996
LRTM2	-4.47615403
LRTM3	-0.32216772366666735
LRTOMT	0.9710010800000006
LRWD1	15.791176930000006
LSAMP	-0.12842128249999973
LSAMP-AS1	3.119250979999997
LSG1	-6.940014883333333
LSM1	-138.0999999999999
LSM10	-158.59403099999997
LSM11	-7.1157999395000004
LSM12	-96.96486489999998
LSM14A	-47.33116696333343
LSM14B	7.424115776000008
LSM2	-43.947884999999985
LSM3	137.09623815000003
LSM4	-261.27752031666665
LSM5	-33.73707496999987
LSM6	-108.5418286
LSM7	-81.01223190000007
LSM8	-117.6329527725
LSMEM1	-4.8139956774999995
LSMEM2	-2.0220723599999992
LSP1	-0.20435871900000002
LSP1P4	27.748386237400005
LSR	244.3513779
LSS	-13.67011119999998
LST1	-0.8427076108333349
LTA	1.302733289999999
LTA4H	147.57135060000007
LTAP1	-540.524427446667
LTB	-4.2985525050000035
LTB4R	-3.8639038100000036
LTB4R2	-3.804105570000001
LTBP1	165.08098154500001
LTBP2	27.076836959999998
LTBP3	1.204622416666659
LTBP4	1.3462578625000035
LTBR	-1.831689615750001
LTC4S	0.07024659
LTF	-3.092030137
LTK	-1.8296690995000002
LTN1	-39.444123829999995
LTO1	0.9639980950000009
LTV1	-29.50142682500001
LUARIS	-0.12021076500000039
LUC7L	-1.8683350358000155
LUC7L2	7.933005169999973
LUC7L3	104.16209062999997
LUM	25.274830061499998
LURAP1	-1.6276081600000012
LURAP1L	11.867260790000003
LUZP1	16.175574990399994
LUZP2	-0.27523167000000015
LUZP4	-2.662804959999999
LUZP6	-187.57746029999998
LVRN	6.745058490000002
LXN	-0.258305333
LY6D	-2.8005265599999998
LY6E	2.256005099999996
LY6E-DT	2.4560660999999993
LY6G5C	-1.859539733000001
LY6G6C	-0.24333103000000023
LY6G6D	0.6959837600000007
LY6G6E	-1.5006302810000012
LY6H	1.5905793240000001
LY6K	-0.41294226000000034
LY6S-AS1	-1.3128353739999996
LY75	-3.793387014000004
LY86	-2.3958903100000004
LY86-AS1	0.21463714533333267
LY9	-0.6007624146666659
LY96	101.880385949
LYAR	-145.5456386
LYG1	8.130359310000003
LYG2	0.5914642409999988
LYL1	-2.6612947700000014
LYN	-41.661383166666695
LYNX1	0.1884000125000007
LYPD1	0.10686658200000032
LYPD3	12.771838769999995
LYPD4	-0.0445484055000005
LYPD5	0.48154677800000023
LYPD6	9.806041083333334
LYPD6B	38.2868472
LYPD8	-1.647707488
LYPLA1	-204.52757570000017
LYPLA2	30.39378395
LYPLAL1	-143.07706046999996
LYPLAL1-AS1	-3.20761362
LYRM1	-221.64257369999996
LYRM2	-21.003415132000015
LYRM4	0.7062491650000311
LYRM4-AS1	-2.4656682500000002
LYRM7	-3.6384224300000056
LYRM9	-3.1148289919999996
LYSET	73.7572816
LYSMD1	-28.521893909999996
LYSMD2	-151.5468648
LYSMD3	-122.0861999
LYSMD4	4.824336059999993
LYST	1.9630751259999997
LYVE1	1.4012677905000004
LYZ	-361.99494402000005
LYZL1	-2.408978674
LYZL4	0.04199627000000028
LYZL6	-0.43763910000000017
LZIC	-30.177358774999988
LZTFL1	-14.775534254249994
LZTR1	3.1606646900000044
LZTS1	-0.8075309965714279
LZTS1-AS1	-0.828933256
LZTS2	23.172771907500007
LZTS3	-9.752289599999983
M1AP	0.007561267250000725
M6PR	10.532918799999948
MAB21L2	0.18565582300000028
MAB21L3	8.259128925
MAB21L4	-1.237689699999999
MACC1	-0.1555778182499994
MACC1-OT1	-0.4742310649999997
MACF1	31.60243398625002
MACIR	5.165507700000006
MACO1	-4.798635880000006
MACROD1	-2.0192456199999995
MACROD2	-0.4469661835000007
MACROD2-AS1	0.19820065600000003
MACROH2A1	10.802973500666553
MACROH2A2	89.03743019999999
MAD1L1	11.789482149999998
MAD2L1	-37.72639783999995
MAD2L1BP	33.34243299999997
MAD2L2	-60.16601539999999
MADCAM1	0.2859193599999994
MADD	17.91934114999998
MADD-AS1	0.7708858980000004
MAEA	112.4278956
MAEL	-0.2685511749999998
MAF	-20.892110025600005
MAF1	-14.166948700000006
MAFB	-3.780675746500002
MAFF	-175.40069481
MAFG	-52.43518648
MAFK	-157.1422413250001
MAG	-0.0014375839999996032
MAGEA1	1.9088812399999995
MAGEA10	52.87578679999996
MAGEA11	0.06000029299999987
MAGEA12	-309.75454000000013
MAGEA2B	-129.66712844999995
MAGEA4	267.26223000000005
MAGEA5P	51.330378303999964
MAGEA6	145.21722699999964
MAGEA8	0.15502503800000067
MAGEA9B	-19.314825100000004
MAGEB1	-0.4679459150000005
MAGEB18	0.420385311
MAGEB2	0.15535643599999993
MAGEB3	0.17922968599999933
MAGEB4	0.026654090500000116
MAGEB6	0.3471247769999999
MAGEC1	-0.5945635810000001
MAGEC2	0.43769546899999945
MAGEC3	-0.14668014100000004
MAGED1	755.9330357
MAGED2	114.9613761
MAGEE1	28.528200240000004
MAGEE2	0.07711260700000011
MAGEF1	-23.31848309999998
MAGEH1	-0.5647620050000004
MAGEL2	0.09285171400000003
MAGI1	0.5109852072499947
MAGI1-IT1	0.9017503799999993
MAGI2	-5.4963680893333375
MAGI2-AS2	0.2789031089999998
MAGI2-AS3	-82.76376615666668
MAGI3	3.637929806666662
MAGIX	-0.9048870164
MAGOH	-190.18795609999998
MAGOH-DT	-5.215111759999999
MAGOH2P	-5.251201497500002
MAGOHB	-115.366016455
MAGT1	-310.55113903333324
MAIP1	-619.5592813
MAJIN	-0.5079859500000001
MAK	2.3800323285000005
MAK16	-145.30408469999998
MAL	-0.4393430890000012
MAL2	-0.384714432
MALAT1	109.78536684333312
MALL	1.8941980399999991
MALRD1	-0.214335642
MALRD1-AS1	-0.38168964699999997
MALSU1	60.324055997499954
MALT1	175.1070545
MAMDC2	0.020581508999999887
MAMDC2-AS1	0.43426184349999986
MAMDC4	-0.21792819000000208
MAML1	-140.0433135
MAML2	12.279187317499998
MAML3	-9.979789955666668
MAMLD1	12.24774361
MAMSTR	-2.156766739999995
MAN1A1	111.71430114999998
MAN1A2	-12.863219105166664
MAN1B1	9.56640544999999
MAN1B1-DT	20.322843449999993
MAN1C1	14.691349275
MAN2A1	0.8340759666666031
MAN2A2	-29.30013492500001
MAN2B1	44.607269
MAN2B2	22.350416069999994
MAN2C1	5.767574289999999
MANBA	-15.847297499999996
MANBAL	40.35621679999997
MANEA	17.116823093250005
MANEAL	47.62631980000003
MANF	-501.1271659
MANSC1	102.0555894
MAOA	-37.614621553333336
MAOB	0.5441839396666674
MAP10	-0.6416897179999999
MAP1A	0.1066598093333333
MAP1B	-20.247199936666668
MAP1LC3A	-0.18629045666666855
MAP1LC3B	-601.6512054
MAP1LC3B2	-0.22542751699999997
MAP1LC3C	-2.4144122800000005
MAP1S	0.37291015999999644
MAP2	0.9493736264999999
MAP2K1	0.31417229999999563
MAP2K2	-45.814689432666626
MAP2K4	-17.371208390000007
MAP2K5	-13.108852696166672
MAP2K6	109.3737008565
MAP2K7	-0.7269625376000022
MAP3K1	4.246019575000005
MAP3K10	-0.34855586999999844
MAP3K11	12.501321660000002
MAP3K12	-19.02597142333333
MAP3K13	51.75730976
MAP3K14	-9.479898729999999
MAP3K14-AS1	-1.6964065099999992
MAP3K15	1.652804744
MAP3K19	-0.8227216990000024
MAP3K2	41.06404092714287
MAP3K2-DT	45.68471720000001
MAP3K20	12.798794449999988
MAP3K20-AS1	-0.9423593080000003
MAP3K21	42.90815191
MAP3K3	0.6448333649999967
MAP3K4	-21.38296465000002
MAP3K5	32.762914300000006
MAP3K5-AS1	-1.716745433999999
MAP3K5-AS2	1.0835790880000005
MAP3K6	12.99652584433333
MAP3K7	2.827514727499988
MAP3K7CL	-3.270955279999999
MAP3K8	14.650133050000008
MAP3K9	4.805787969999997
MAP3K9-DT	0.6590359889999995
MAP4	-68.91027468514284
MAP4K1	0.7520786599999987
MAP4K2	6.0351474299999985
MAP4K3	29.18028240000001
MAP4K3-DT	2.3149732900000046
MAP4K4	156.09896130599998
MAP4K5	-48.036980366666654
MAP6	-0.44929477375000104
MAP6D1	-7.613714596666668
MAP7	82.43009633
MAP7D1	-6.402587700000026
MAP7D2	20.115834150000005
MAP7D3	-9.523836717999998
MAP9	-27.148377997499992
MAPDA	5.864022493333344
MAPK1	-2.731359547142887
MAPK10	0.7764153873333317
MAPK10-AS1	0.18918143100000062
MAPK11	-5.698923359999995
MAPK12	-2.406314250000001
MAPK13	0.026459324999999367
MAPK14	19.02794381999999
MAPK15	1.0777425919999999
MAPK1IP1L	26.417540800000097
MAPK3	17.25096169999999
MAPK4	-0.6158742199999994
MAPK6	-121.69747141549999
MAPK7	3.001527905000003
MAPK8	-8.753340361999996
MAPK8IP1	-1.8328967599999988
MAPK8IP1P2	-17.66745548
MAPK8IP2	-4.192817183333339
MAPK8IP3	0.9277812360000084
MAPK8IP3-AS1	-1.0442998859999992
MAPK9	-218.51381880000002
MAPKAP1	19.384061867499994
MAPKAPK2	-0.19708259000000794
MAPKAPK3	-14.338115460000012
MAPKAPK5	9.365263800000008
MAPKAPK5-AS1	47.90088347000001
MAPKBP1	6.509666580000001
MAPRE1	122.77875229999995
MAPRE2	7.390877156666647
MAPRE3	-4.5211097864999985
MAPT	12.02601136783333
MAPT-AS1	0.7699186600000019
MARCHF1	0.4121717189999998
MARCHF10	0.04204915350000071
MARCHF10-DT	-1.2587642289999987
MARCHF11	-0.20080238699999953
MARCHF11-DT	-0.4418273930000005
MARCHF2	65.82021301
MARCHF3	-10.675149015000002
MARCHF4	-3.1490468699999994
MARCHF5	-15.740683950000005
MARCHF6	2.5175665109999983
MARCHF7	2.201808569999997
MARCHF8	1.196595620999986
MARCHF9	-10.191204305000007
MARCKS	209.9062097599999
MARCKSL1	643.0464685000001
MARCO	1.0786810500000001
MARF1	24.498913491999993
MARK1	-0.6318373710000005
MARK2	-8.291635659999997
MARK2P21	-0.3757275799999995
MARK3	-21.95274140666666
MARK4	55.08138970000002
MARS2	-88.29221294999999
MARVELD1	1.225799575
MARVELD2	-45.20989680499997
MARVELD3	-14.299978890000002
MAS1	1.8539109899999993
MAS1L	0.49290412999999944
MASP1	-1.6392608238000008
MASP2	-1.4926692999999993
MAST1	1.3537361000000008
MAST2	18.457514460000006
MAST3	28.391091839999994
MAST4	-1.0233513501428568
MASTL	-3.822152800000012
MAT1A	-17.75107206
MAT2A	-53.271729049999976
MAT2B	-35.422223904500015
MATCAP1	4.13960127
MATCAP2	-62.9724403
MATK	2.513862969999998
MATN1	-0.6867834699999982
MATN1-AS1	1.0515099785000004
MATN2	10.573420028500003
MATN3	-1.0328972319999998
MATN4	-2.0225212500000005
MATR3	-28.75355049999999
MAU2	4.101438386200016
MAVS	79.26253016000001
MAX	-0.17693682600000216
MAZ	-15.00139154499999
MB	1.4534799850000013
MB21D2	-23.2282673
MBD1	-2.479510308000002
MBD2	-38.865882844
MBD3	-17.76065837666667
MBD3L1	-1.7945872159999992
MBD3L2	-1.6188443899999996
MBD4	120.11798543250003
MBD5	-0.5953249286666704
MBD6	-20.71198817666665
MBIP	-21.54803357
MBL2	0.5966556140000003
MBLAC1	-4.062603780000003
MBLAC2	-25.434682477
MBNL1	-10.837209395999992
MBNL1-AS1	1.7300973799999984
MBNL2	34.69580212139999
MBNL3	-0.10748136299999977
MBOAT1	111.3310578
MBOAT2	-1.100967170000004
MBOAT7	11.956997744999995
MBP	23.723012940625004
MBTD1	29.238110238666664
MBTPS1	10.51520400999999
MBTPS2	-196.71503967099994
MC1R	10.111853229999998
MC2R	-1.0861990923333336
MC3R	-1.650873905
MC4R	0.3999462129999998
MC5R	-1.1980928330000005
MCAM	-0.28718961359999184
MCAT	-20.45986339999999
MCC	0.7628941224999988
MCCC1	-70.13063830000002
MCCC2	-74.7655679916667
MCEE	20.473363500000005
MCEMP1	0.1909754200000009
MCF2	-0.025905596999999503
MCF2L	1.0551932501250008
MCF2L-AS1	-0.7464131799999993
MCF2L2	0.16820910200000005
MCFD2	-155.04502018000005
MCHR1	1.1392163400000008
MCHR2	-1.1417226300000003
MCHR2-AS1	0.18818741800000005
MCL1	-44.50711659333331
MCM10	49.82095347666666
MCM2	182.0179446
MCM3	256.88891570000004
MCM3AP	-3.7575279332000093
MCM3AP-AS1	-2.626540047333336
MCM4	72.75522493600002
MCM5	192.217123465
MCM6	293.66363043249993
MCM7	97.07817590000002
MCM8	12.248573325000002
MCM8-AS1	0.11361070900000003
MCM9	1.9819924843333254
MCMBP	-112.09095744699997
MCMDC2	0.7063712044999999
MCOLN1	26.027184430000005
MCOLN2	10.325370594999995
MCOLN3	-73.32376822999998
MCPH1	-12.402389421199999
MCPH1-AS1	-1.7597413580000012
MCPH1-DT	-0.22112570399999942
MCRIP1	-24.386456629999998
MCRIP2	10.905716850000005
MCRS1	-15.798770700000006
MCTP1	10.423760886333334
MCTP2	-0.14451785139999984
MCTS1	-21.700637011666686
MCU	-47.4606009
MCUB	1.3999999999999773
MCUR1	-205.97373470000002
MDC1	-29.836685154999998
MDFI	1.4763635099999988
MDFIC	-0.850487974
MDGA1	-4.329708336666666
MDGA2	-0.19629750249999978
MDH1	1055.035344
MDH1B	-2.259652967000001
MDH2	-332.9862307000001
MDK	-64.8562427
MDM2	-31.600216467799996
MDM4	-63.15598646016666
MDN1	-7.602315576333339
MDP1	17.01232682
MDS2	-1.6838609075000015
ME1	-92.98973777333333
ME2	-110.13559997666667
ME3	4.205916953500001
MEA1	48.10223359999986
MEAF6	0.5432530166666538
MEAK7	10.5596767698
MECOM	-0.25801113680000043
MECP2	-4.399331556666674
MECR	-28.37057299
MED1	-73.1245100125
MED10	-315.7144677
MED11	53.1021324
MED12	-12.346637837499998
MED12L	-0.3366975519999995
MED13	-2.515361920999993
MED13L	-18.195712240399985
MED14	6.408432220600012
MED14OS	1.6496710100000005
MED15	25.62270276000001
MED15P9	47.251590220000004
MED16	1.6987242199999741
MED17	-69.73842113666669
MED18	28.95922444
MED19	-32.10546590000001
MED20	-16.979406205000004
MED21	-8.892143274999995
MED22	-24.452751890000002
MED23	17.88001304800001
MED24	-1.0195808419999999
MED25	-1.8442502079999983
MED26	-11.022315657666674
MED27	-25.26703339000001
MED28	-12.983471830500008
MED29	64.9426803
MED30	-94.71670068666668
MED31	33.74045438566668
MED4	-12.911935885000005
MED6	-12.305720313333325
MED7	-17.93183353666666
MED8	-113.78178712333333
MED9	-17.24596629
MEDAG	0.08459330549999855
MEF2A	-55.57138337500001
MEF2C	0.664391515666666
MEF2C-AS1	0.07113469000000006
MEF2D	-9.303215869999988
MEFV	10.713902100000002
MEG3	-0.7348616007999986
MEG8	-0.4832956409999998
MEG9	0.9744612879999996
MEGF10	0.8502014743333337
MEGF11	0.19446685566666666
MEGF6	171.75907471
MEGF8	-7.554257679999999
MEGF9	34.60734204999999
MEI1	8.347173942333336
MEIG1	-0.4602380460000006
MEIOB	-48.67922759999999
MEIOC	-26.575242724999995
MEIS1	0.2876306260000021
MEIS2	-29.34674561
MEIS3	13.983228135000004
MEIS3P1	-2.5725523289999996
MELK	277.4664458
MELTF	48.106391019499995
MELTF-AS1	8.872817669999996
MEN1	26.627750300000002
MEOX1	-2.9860411769999997
MEOX2	0.11411610300000019
MEP1A	-0.8115619399999989
MEP1B	-0.24253677500000048
MEPCE	-23.59767629999999
MEPE	-1.9055610600000001
MERTK	-15.328861715333332
MESD	-10.242749468199975
MESP1	-8.079059333333333
MESP2	2.9408031649999984
MEST	-0.39193025400000003
MET	166.5067468025
METAP1	-6.199999999999989
METAP1D	-2.9704987134999996
METAP2	38.629209213333354
METRN	118.5823044366667
METRNL	11.499743550000002
METTL1	-4.642813699999991
METTL13	-17.12180862000001
METTL14	-4.817674643249994
METTL14-DT	0.5134511750000001
METTL15	-4.40819682957143
METTL16	-30.061446423499987
METTL17	136.27728323749994
METTL18	-41.52345227999999
METTL21A	-15.021223779999957
METTL21C	-0.0927584549999998
METTL21EP	-0.44548174600000046
METTL22	-29.323127220000003
METTL23	423.6093135
METTL25	51.32960449999999
METTL25B	4.949173270000003
METTL26	15.932884433333328
METTL27	-2.113480639999999
METTL2B	-27.861483246666666
METTL3	41.95947088333335
METTL4	-62.252468945000004
METTL5	-528.5330388509999
METTL6	-41.981157861499995
METTL8	-18.037822459999987
METTL9	65.723293365
MEX3A	0.29107827333333347
MEX3B	2.209743896
MEX3C	-33.99405851680001
MEX3D	15.740279200000003
MFAP1	193.75879740000005
MFAP2	0.23558342999999837
MFAP3	-10.855627103333333
MFAP4	1.0789026199999991
MFAP5	-0.01265513833333376
MFF	98.5778244999999
MFF-DT	0.2445772469999996
MFGE8	-3.440829310000005
MFHAS1	42.56879269500001
MFN1	-23.41738997666667
MFN2	9.759090540000003
MFNG	0.4302824600000008
MFSD1	126.56923539999997
MFSD11	-4.325285770000008
MFSD12	9.183096890000002
MFSD2A	-41.680680754
MFSD2B	0.526239099999998
MFSD6	55.268142220000016
MFSD6L	2.6737747899999995
MFSD8	-8.796991025666657
MGA	-9.592020649999995
MGAM	1.2274186689999995
MGAM2	-0.9634153769999996
MGARP	-2.189830809
MGAT1	4.626908899999989
MGAT2	-145.7259428833333
MGAT3	-1.7448630299999977
MGAT4A	74.96258068325
MGAT4B	315.59161639999996
MGAT4C	-0.3596546250000001
MGAT4D	0.003512096000000131
MGAT4EP	-0.08546838999999995
MGAT5	32.28925597449999
MGAT5B	-4.020882844500001
MGC12916	-8.28455564233333
MGC15885	0.5778903839999998
MGC16275	-6.478161202999999
MGC27382	0.8381885500000004
MGC2889	0.5374391269999998
MGC34796	-0.10590000999999916
MGC4859	0.5847623630000003
MGC70870	-60.681660980000004
MGLL	15.633279565
MGME1	-1.7885575000000244
MGMT	20.954703199999997
MGP	-0.2789819119999999
MGRN1	-4.930406800000014
MGST1	57.1800305788
MGST2	219.45375370000005
MGST3	104.60140914333331
MIA	-0.6804415100000014
MIA-RAB4B	2.7271902566666597
MIA2	-3.6437159475000023
MIA3	-7.812102020000012
MIAT	1.1271380186666669
MIATNB	6.851004970000002
MIB1	101.42078047000001
MIB2	2.4860334040000005
MICA	66.08180558500001
MICA-AS1	10.189155369999998
MICAL1	71.99875180000001
MICAL2	102.07324345500001
MICAL3	-2.8687790792500003
MICALL1	21.765638600000045
MICALL2	60.414231677000004
MICB	323.9833157
MICOS10	-42.768198844999915
MICOS10-NBL1	61.233114029999996
MICOS10P1	2.8593430300000016
MICOS13	47.08819559999995
MICU1	-13.006339200000014
MICU2	-1.1153294000000074
MICU3	-19.66737928
MID1	362.4304057866667
MID1IP1	-134.25824621
MID2	-11.79151384
MIDEAS	-32.083549689
MIDEAS-AS1	-1.8074008399999997
MIDN	-6.118187264000007
MIEF1	-87.52092699750003
MIEF2	3.379430959999997
MIEN1	106.44726400000002
MIER1	7.146023107333335
MIER2	-1.1726838523333356
MIER3	-13.588316178199996
MIF	-330.593433
MIF-AS1	-7.71929424999999
MIF4GD	-39.72462194999997
MIGA1	39.46702024999996
MIGA2	-6.772823789999997
MIIP	-0.11847036000000344
MILIP	8.19817476
MILR1	-1.5907270340000004
MIMS1	12.068801730000004
MIMS2	188.242165045
MINAR1	-0.2754547150000004
MINCR	6.268517379999999
MINDY1	27.700793165000007
MINDY2	0.2132710989999964
MINDY2-DT	1.2681453300000012
MINDY3	-22.74308806999999
MINDY4	-2.9162230550000032
MINK1	77.9951813
MINPP1	68.56788599999999
MIOS	-33.78489441999997
MIOS-DT	0.38191646900000054
MIOX	-2.434502395999999
MIP	1.8793042100000008
MIPEP	-21.086112625
MIPEPP3	-2.4156240549999985
MIPOL1	-5.109125127999995
MIR1-1HG	7.079966509999998
MIR100HG	-0.37053788700000023
MIR101-1	-2.842740954
MIR10A	-1.16377956
MIR1178	22.001580507499995
MIR1199	13.61934604
MIR1204	-0.056157652750002285
MIR1236	-265.1356938
MIR124-1HG	-2.3219783599999992
MIR124-2HG	0.22722679466666573
MIR1244-3	314.1999999999998
MIR1302-11	-0.7159309810000005
MIR133A1HG	-0.04114465550000013
MIR137HG	-0.2001556364999999
MIR142	0.43686244499999916
MIR146A	2.9122914965000017
MIR155HG	-0.8081578120000001
MIR15A	0.5936280130000005
MIR17HG	-0.4168171059999999
MIR181A2HG	12.343853939999999
MIR1909	9.711368679999996
MIR1915HG	-11.002938810000003
MIR194-2	-0.8742864170000004
MIR196B	-2.711101738
MIR205	1.079146814
MIR2052HG	0.44709873699999925
MIR205HG	-0.37323887899999963
MIR210HG	95.0077032165
MIR2113HG	0.4106827850000001
MIR22	-189.6302548
MIR23AHG	30.734173155000008
MIR29B1	-0.27609464999999744
MIR29C	-3.868437386
MIR302B	13.51432955
MIR3150B	0.015541173999999103
MIR3180-2	-4.79171852
MIR31HG	-1.4204678629999998
MIR34A	2.252322460000002
MIR34BHG	0.046142474999999905
MIR3610	-0.21208095300000007
MIR3654	-234.31272133333368
MIR3663HG	-0.36169879999999965
MIR3667HG	-2.679976261500002
MIR3681HG	-1.2942289160000007
MIR3682	-0.36604138999999947
MIR3916	3.0491050200000007
MIR3936HG	3.0824019500000013
MIR3945HG	0.4805943025000001
MIR3976HG	-0.8455694299999994
MIR4290HG	0.04056403899999994
MIR4296	1.1588647820000002
MIR4300HG	-1.1302888969999998
MIR4307HG	-10.14032959
MIR4313	1.0656986360000005
MIR4435-2HG	-3.564740047000001
MIR4453	-4.9296113399999975
MIR4458HG	-16.947139655
MIR4500HG	-0.5763130029999992
MIR4697	-1.7135751670000001
MIR4723	-58.20589999666666
MIR4745	-91.50984189600013
MIR4755	1.8549764800000013
MIR4800	14.070003096666682
MIR497HG	-4.50905163
MIR503HG	5.88924364
MIR5188	-0.2610798670000003
MIR548F5	0.21281204799999998
MIR550A3HG	-11.374658214999997
MIR570HG	7.548692445
MIR600	-0.8298321599999987
MIR612	735.71193307
MIR622	-1.3660026730000006
MIR631	12.168131075000002
MIR646HG	0.7955111879999999
MIR6516	-13.397152850000005
MIR663AHG	0.6465577549999999
MIR664B	-679.0532695999999
MIR670HG	-0.41837003000000017
MIR6727	-11.832666926666676
MIR6741	-34.210973749999994
MIR675	-5.546783724999999
MIR6758	-833.5472755933333
MIR6773	-49.54278020000001
MIR6785	-12.138954430000005
MIR6791	-172.5308239
MIR6800	13.026334599999984
MIR6875	-1.192869698
MIR6883	3.831838464249998
MIR6884	43.922533599999994
MIR7-3HG	0.30458403649999966
MIR7109	-21.474865250000008
MIR7110	-30.35315300000002
MIR7114	-2.7110734000000036
MIR7703	-358.81548509999993
MIR8072	-1.6070848299999998
MIR9-1HG	1.244773380249999
MIR9-2HG	0.061029174999999825
MIR9-3HG	-1.0164050420000024
MIR924HG	-11.287491859999996
MIR92A1	-24.234415819
MIR943	-8.99254123
MIR99AHG	-0.4355284946666673
MIRLET7BHG	-2.122415740000001
MIRLET7D	-3.0733118200000007
MIS12	-169.96098920000003
MIS18A	-72.26292673666663
MIS18BP1	2.0312999480000045
MISFA	-0.46844742450000076
MISO1	-1.3609992599999998
MISP	45.27795859999999
MITD1	-25.846445899999992
MITF	13.968071980333328
MIX23	-264.8536866
MIXL1	-1.3804722469999993
MKI67	40.7837247825
MKKS	-198.23627525
MKLN1	-5.562182243999992
MKNK1	36.853332998333315
MKNK1-AS1	-3.53520488
MKNK2	268.0531109
MKRN1	-1.1489115900000115
MKRN2	-7.930529880000023
MKRN3	1.5456128299999996
MKRN7P	-0.8500404100000001
MKS1	4.771949405000001
MKX	-0.20024114533333304
MLANA	0.34376332099999907
MLC1	-0.65675683
MLEC	101.87270330000001
MLF1	-19.543709989999996
MLF2	54.19552190000002
MLH1	-11.716813200000047
MLH3	7.9110682666666605
MLIP	-0.21288778899999983
MLKL	64.95597756999999
MLLT1	-1.3667004434999797
MLLT10	-13.422575947999995
MLLT10P1	-1.8040160690000002
MLLT11	41.07428326000001
MLLT3	7.641636775666667
MLLT6	10.357853191333334
MLN	-7.28399561
MLNR	0.1259715529999994
MLPH	1091.0087393
MLST8	-139.22496750000002
MLX	-4.924008139999984
MLXIP	26.39073889449999
MLXIPL	-2.4462752899999956
MLYCD	-8.705311949999995
MMAA	0.6500028803999989
MMAB	-12.094993566666666
MMACHC	-4.703446020000008
MMADHC	-1079.81516
MMD	947.05134505
MMD2	-0.0040799074999995355
MME	1.5439740830000002
MMEL1	-2.0453838599999994
MMGT1	-83.17684610000003
MMP1	7.080901042
MMP10	-0.3742710840000001
MMP11	4.273794043333332
MMP12	0.47505896699999983
MMP13	0.24989494700000048
MMP14	3.4531427575000038
MMP15	6.739751144999996
MMP16	-0.40612182800000074
MMP17	-1.0572383399999978
MMP19	-0.05505574000000024
MMP2	-0.5539853436666675
MMP20	0.5192151880000004
MMP21	-0.332236827
MMP23A	-3.213781783
MMP24	-4.619326205
MMP24OS	17.32363982999999
MMP25	0.4899397599999986
MMP25-AS1	0.01833872699999972
MMP26	-0.4745727480000008
MMP27	-0.4160231749999994
MMP28	4.598810421600003
MMP3	-0.817903764
MMP7	2.287071216
MMP8	0.012917931000000493
MMP9	-6.37603253
MMRN1	0.1695613680000001
MMRN2	0.4141366959999999
MMS19	50.0723878
MMUT	70.8928755
MN1	0.721352757
MNAT1	-84.74763490000001
MND1	-52.36191280000001
MNDA	0.318909922
MNMIP1	2.8014161500000014
MNS1	38.32577097000001
MNT	-3.1874601649999974
MNX1	25.6227327
MNX1-AS1	-0.4955951600000006
MOAP1	14.255445199999997
MOB1A	6.339774075000037
MOB1B	5.694351499999982
MOB2	3.2081437199999954
MOB3A	13.872020299999996
MOB3B	-2.7136181080000004
MOB3C	-0.6919754200000021
MOB4	-137.03483154999992
MOBP	-0.7414919334000007
MOCOS	-7.714864515000002
MOCS1	1.7875411176666702
MOCS2	32.036697544999996
MOCS2-DT	7.8177026000000005
MOCS3	-6.103913800000001
MOG	0.3016626354999996
MOGAT1	-1.413628860000001
MOGAT2	-1.0537650549999995
MOGAT3	3.0974760999999997
MOGS	71.0708065
MOK	16.408051879999995
MON1A	-3.732265269999999
MON1B	-5.228254866666674
MON2	12.080672400333341
MORC1	-0.23628554800000012
MORC2	22.098145386666687
MORC2-AS1	20.943334280000002
MORC3	7.925885280000003
MORC4	230.85275360000003
MORF4L1	64.64539866666655
MORF4L2	114.39996726666641
MORF4L2-AS1	1.3995722915000002
MORN1	-2.9545567525000003
MORN2	7.840759699999978
MORN3	-3.3952330450000012
MORN4	8.992867279999999
MORN5	1.2958957070000006
MOS	1.1997430169999994
MOSMO	-6.7757142205000065
MOSPD1	-9.82880005000004
MOSPD2	-21.019790859999986
MOSPD3	10.787419929999999
MOV10	-8.27717265999999
MOV10L1	-1.5597901860000007
MOXD1	13.777410321000001
MPC1	99.67323160000001
MPC2	-438.01916744999994
MPDU1	4.588928911000011
MPDZ	-21.87430915499999
MPEG1	-0.3791334620000004
MPG	47.0243682
MPHOSPH10	-112.37728720000001
MPHOSPH6	-31.698839433500012
MPHOSPH8	15.319429089250008
MPHOSPH9	14.835288140000003
MPI	2.7891030899999976
MPIG6B	1.5832831219999992
MPL	-0.5723884430000004
MPLKIP	10.328482500000007
MPND	8.83972671
MPO	0.7428554189999996
MPP1	68.0782883
MPP2	2.7867497049999983
MPP3	-3.1239778299999976
MPP4	0.17905250799999983
MPP7	-0.5108183262499999
MPPE1	43.51416603
MPPED1	1.2055437750000024
MPPED2	0.9226108330000002
MPRIP	26.097767360000006
MPST	8.02145250000001
MPV17	-123.05277029999999
MPV17L	-8.712656155000005
MPV17L2	6.822372709999996
MPZ	-2.8032255600000013
MPZL1	-1.72300671666666
MPZL2	83.25017402133332
MPZL3	6.620851865333329
MR1	17.564258011
MRAP	-1.5836799726666664
MRAP2	2.122277466000001
MRAS	-29.162569995
MRC1	-0.49042004699999975
MRC2	15.614220165000006
MRE11	17.424662343666675
MREG	0.43845130449999736
MRFAP1	118.50005400000009
MRFAP1L1	-15.284965699999987
MRFAP1L2	42.80932330000002
MRGBP	-5.9623165
MRGPRF	2.1187429800000004
MRGPRF-AS1	1.4090354299999994
MRGPRG-AS1	-1.973343670000002
MRGPRX1	-0.45642344999999995
MRGPRX2	3.7971741869999995
MRGPRX3	-0.11974416099999985
MRGPRX4	-0.7101591459999987
MRI1	115.88159121999999
MRLN	-0.5508983020000002
MRM1	-2.4101490299999995
MRM2	1.4450518500000271
MRM3	-23.856527870000008
MRNIP	12.68753409
MRNIP-DT	0.20733088450000103
MRO	0.4428246393333346
MROCKI	64.45031371
MROH1	10.5777979175
MROH2A	0.06516883950000008
MROH2B	0.5344409556666649
MROH6	-11.164978689999998
MROH7	0.9369003100000004
MROH7-TTC4	-106.32865720000001
MROH8	0.450032757999999
MROH9	-0.21773582199999986
MRPL1	-353.47163180000007
MRPL10	-72.36947020000002
MRPL11	-170.9222504
MRPL12	-106.39453384000007
MRPL13	-206.73132269999996
MRPL14	180.30495410000003
MRPL15	-118.07141999999999
MRPL16	32.564041299999985
MRPL17	191.28948410000004
MRPL18	112.90906100000007
MRPL19	10.550885981333352
MRPL2	6.724646715000006
MRPL20	-81.242443853
MRPL20-AS1	9.375197000000014
MRPL21	-86.93974859999992
MRPL22	-236.59615129999997
MRPL23	-49.86204421000002
MRPL24	-150.86173769999996
MRPL27	161.53194950000005
MRPL28	-72.1824919
MRPL3	-146.22317599999997
MRPL30	-18.458551922000026
MRPL32	-276.67691320000006
MRPL33	-13.69024300000001
MRPL34	110.6617579
MRPL35	47.082884449999995
MRPL36	-369.5147624
MRPL37	-127.66291850000005
MRPL38	24.587862020000017
MRPL39	-46.83411765400001
MRPL4	-34.184230249999956
MRPL40	-286.8923910000001
MRPL41	11.251431627999978
MRPL42	8.579025143333297
MRPL43	19.431228883333347
MRPL44	1.0000950250000074
MRPL45	2.5855885000000285
MRPL45P2	0.18987751500000005
MRPL46	14.14178469999996
MRPL47	-151.4575350175
MRPL48	-124.92428160000003
MRPL49	-51.784835999999984
MRPL50	28.69235811466666
MRPL51	-79.602261
MRPL52	-160.02455361500006
MRPL53	-233.9313753
MRPL54	27.380368800000042
MRPL55	3.463813244999997
MRPL57	187.25121039999993
MRPL58	-134.07391619999999
MRPL9	-223.51423440000008
MRPS10	-12.498541099999898
MRPS11	-79.58039941500002
MRPS12	-4.252580445000007
MRPS14	-13.855986914999988
MRPS15	4.235357380000039
MRPS16	-8.428952049999964
MRPS17	-170.43508670000006
MRPS18A	80.79545410000003
MRPS18B	-298.45872284999996
MRPS18C	-152.75995812666673
MRPS2	20.163434299999977
MRPS21	99.54580049999998
MRPS22	40.827654675000076
MRPS23	-77.38745312500001
MRPS25	-11.030466223333335
MRPS26	-20.934188215000006
MRPS27	-26.38684268100002
MRPS28	258.7905941
MRPS30	-15.211269646666665
MRPS31	-127.01369052166665
MRPS31P5	-12.507117930000007
MRPS33	-118.17664709999997
MRPS34	-78.64084710000003
MRPS35	-139.70758790000002
MRPS5	7.155773229999966
MRPS6	532.8367256
MRPS7	-23.86951499999998
MRPS9	-352.0390389
MRRF	-83.41722821
MRS2	17.86441829124999
MRTFA	7.819268420200004
MRTFA-AS1	2.1156710200000006
MRTFB	17.335794693500013
MRTO4	-137.35913799000002
MS4A1	0.15350686925000012
MS4A12	-0.7859533330000001
MS4A14	-0.41754289899999986
MS4A15	-0.6867474949999997
MS4A2	-0.32841269149999963
MS4A3	-0.25479575950000033
MS4A4A	-0.0610276556666669
MS4A5	0.7458916420000001
MS4A6A	-1.1048882058571436
MS4A6E	0.3351329119999997
MS4A7	0.25516791533333194
MS4A8	-1.3652715999999998
MSANTD1	0.08701345200000077
MSANTD2	-10.361134300000003
MSANTD2-AS1	0.6939557744999991
MSANTD3	90.45182965000001
MSANTD4	-20.75471778733334
MSC	-1.8323126139999992
MSC-AS1	-0.240211838
MSH2	86.0590287
MSH3	13.895042924999984
MSH4	0.12324158599999979
MSH5	-27.129097400000006
MSH5-SAPCD1	8.887202445
MSH6	46.75253854350004
MSI1	-2.1455761199999994
MSI2	-2.369965420333344
MSI2-AS1	0.5069650099999983
MSL1	66.37890204333337
MSL2	-70.20947677000001
MSL3	4.315873709999998
MSLN	0.1369326339999999
MSMB	0.20337737550000012
MSMO1	-22.719568600000002
MSN	313.86933644999993
MSR1	-0.34728837025000026
MSRA	-16.9393643585
MSRB1	227.3807671
MSRB2	17.358284506000004
MSRB3	-28.29103090999999
MSRB3-AS1	0.3165201480000004
MSS51	3.193934273
MST1	18.759018859999998
MST1L	0.7426008270000004
MST1P2	19.996247429999997
MST1R	-1.16880907
MSTN	0.44240922599999966
MSTO1	12.978034365000013
MSTO2P	0.09955970000001457
MSX1	-16.012606964999996
MSX2	-0.5084182653333329
MT-ATP6	1012.8962623150001
MT-CO1	460.26050600000053
MT-CO2	451.5409565000009
MT-CO3	14.51526709999996
MT-ND2	1960.5446170000005
MT-ND3	1201.393231000001
MT-ND4	1599.0278000000017
MT-ND6	-0.8646717999999964
MT1E	47.61880266
MT1F	49.39888881499999
MT1G	73.80933679699999
MT1H	233.1734623
MT1HL1	364.55696980000005
MT1M	-1.2083428290000002
MT1X	691.0612542499999
MT2A	1140.0084749999999
MT3	3.0389954200000027
MT4	-2.143183020000002
MTA1	-12.063293510000022
MTA2	-4.37506351
MTA3	-3.778055436999992
MTAP	-1.0761372450000017
MTARC1	1.0773863500000047
MTARC2	-16.14974709666667
MTBP	0.14754051775000043
MTCH1	-41.59364399999981
MTCH2	19.54052434999994
MTCL1	1066.1349584999998
MTCL2	-1.465849072500001
MTCL3	-0.16114478699999957
MTCP1	6.5242528700000015
MTDH	-227.31765070000006
MTERF1	-19.38321571
MTERF2	32.41200393
MTERF3	-42.061382200000025
MTERF4	-9.303446740000005
MTF1	-14.659498310000004
MTF2	-10.151649400000053
MTFMT	-4.413092700000007
MTFP1	-111.63673089999998
MTFR1	-80.03677070033334
MTFR1L	4.581065870000003
MTFR2	9.033345717999993
MTG1	42.78445949999998
MTG2	-11.109139790000008
MTHFD1	-48.366969579000056
MTHFD1L	-1.176883459
MTHFD2	-728.582415415
MTHFD2L	2.5159053891428513
MTHFR	-15.482075118000004
MTHFSD	-1.0393108551666685
MTIF2	-190.83802300000002
MTIF3	-5.5993584275000075
MTLN	49.316958400000004
MTM1	12.550207654999994
MTMR1	1.2307419944999936
MTMR10	4.724650609000001
MTMR11	66.98784916
MTMR12	15.70902897000002
MTMR14	-22.212799579999995
MTMR2	-22.718900833333322
MTMR3	1.5396672112500056
MTMR4	18.356426900000002
MTMR6	-102.695584905
MTMR7	0.06585770266666646
MTMR9	-9.732073396666664
MTMR9LP	-0.0989768799999986
MTNAP1	-17.75211032000002
MTNR1A	-1.30732377
MTNR1B	0.9601495899999986
MTO1	-227.960707668
MTOR	0.6149293049999969
MTPAP	-67.229581
MTPN	-13.89422687
MTR	-17.87093089999999
MTRES1	36.878266679999996
MTREX	-56.904172667333356
MTRF1	2.9752449369999923
MTRF1L	-37.67603400050001
MTRFR	-21.030865696999996
MTRR	-82.150177565
MTSS1	78.9593493545
MTSS2	7.064065056666667
MTTP	-26.707315098
MTURN	2.198607298999999
MTUS1	286.89217296249996
MTUS2	-1.2228858933333306
MTUS2-AS1	0.1132251980000003
MTX1	65.83818860000002
MTX2	-4.561370399999987
MTX3	-51.42785342000002
MUC1	17.454351806666665
MUC12	-0.875035490000001
MUC12-AS1	-0.29297683000000063
MUC13	7.967596920000002
MUC15	0.4895361585
MUC16	-1.101974597
MUC17	-0.4720613664999984
MUC19	-0.4666599969999998
MUC2	0.0760511699999995
MUC20	-0.22571780500000038
MUC3B	2.0241035600000075
MUC4	-1.1319330125999993
MUC5AC	1.3374100260000006
MUC5B	-0.09129190299999834
MUC6	1.3995374409999997
MUC7	-0.11652947349999998
MUC8	2.3398445445000036
MUCL1	-1.7888270660000005
MUCL3	-0.9234073549999984
MUL1	5.980978399999998
MUS81	39.76374359999997
MUSK	0.20023835933333345
MUSTN1	-0.8796666000000002
MUTYH	9.573608500000006
MVB12A	6.924818500000015
MVB12B	-0.5364562480000146
MVD	-0.8398856299999977
MVK	-64.03467737000001
MVP	171.53875290000002
MX1	1.8480636599999993
MX2	-3.57941924
MXD1	5.024698805666663
MXD3	31.63972960000001
MXI1	-58.83654420000005
MXRA5	1.0266802879999997
MXRA7	65.28046623100005
MXRA8	10.836487739999995
MYADM	-2.6169265849999874
MYADML2	-2.2084449139999993
MYB	5.144197155500001
MYBBP1A	-29.872618055000004
MYBL1	-8.673274840000005
MYBL2	-24.156784500000015
MYBPC1	-0.7953546769999997
MYBPC2	0.622454759
MYBPC3	-1.5393622799999989
MYBPH	1.1830082300000004
MYC	-572.0359315999999
MYCBP2	-41.178433326666664
MYCBPAP	-0.04842628599999976
MYCL	-22.470021340000002
MYCN	-0.28824468499999867
MYCNOS	-1.6437838275
MYCT1	-0.05293231350000038
MYD88	2.709345210000002
MYDGF	-118.38064454999994
MYEF2	-83.927792066
MYEOV	14.000881359999997
MYF5	0.05365958400000004
MYF6	0.586096714
MYG1	-62.98855740000002
MYH1	-0.11431173300000008
MYH10	81.87726879999997
MYH11	-0.687366829857142
MYH13	-1.3578299820000002
MYH14	-1.9708471466666673
MYH15	-0.6933300729999994
MYH16	-0.48988056099999966
MYH2	1.6619065009999998
MYH3	0.7584618900000013
MYH4	-0.7530579
MYH6	0.10715471700000023
MYH7	0.40391134849999943
MYH7B	0.1676405074999998
MYH8	-0.4879635034999996
MYH9	47.85231203000001
MYL1	-0.35730950899999936
MYL10	-6.868979890000002
MYL11	0.4043429799999956
MYL12A	-35.213987024999994
MYL12B	-890.5893079999996
MYL2	1.492296821
MYL3	-5.69239864
MYL4	2.2282921400000006
MYL5	-11.895277139999997
MYL6	593.65197543
MYL6B	43.31290519999999
MYL7	2.0553183100000005
MYL9	-1.1259315200000017
MYLIP	-2.627852305666668
MYLK	12.168566467799998
MYLK-AS1	-1.23534231
MYLK2	-0.9088520299999985
MYLK3	-0.1679139991999996
MYLK4	0.5248155000000008
MYMX	-0.47789804000000125
MYNN	-33.439742427
MYO10	-0.6905293942000004
MYO15A	-1.0893681419999997
MYO15B	12.330575806666666
MYO16	0.2358124305000011
MYO18A	22.717855650000004
MYO18B	0.1471952139999999
MYO19	50.30663828333333
MYO1A	-1.9663104500000017
MYO1B	-33.89122286866666
MYO1C	-107.04800926666667
MYO1D	2.5867271570000003
MYO1E	48.883380290000005
MYO1F	17.63532123
MYO1G	-1.9862546774999998
MYO1H	-0.1746711129999996
MYO3A	-0.5686418930000006
MYO3B	-0.3065184169999995
MYO5A	-6.762109401999993
MYO5B	-20.105988482333323
MYO5C	86.2528905
MYO6	23.300979470000016
MYO7A	3.448661971499998
MYO7B	-0.30061038033333176
MYO9A	-23.819994953333335
MYO9B	11.997791406000001
MYOC	-1.0950135200000002
MYOCD	0.6736326555000005
MYOCD-AS1	-0.42501067399999926
MYOD1	-0.11260323999999855
MYOF	245.89142773333333
MYOG	0.8237802700000003
MYOM1	-1.6419047099999986
MYOM2	-1.0341506400000018
MYOM3	0.7957417549999999
MYORG	10.154979054999998
MYOSLID-AS1	0.2720578810000003
MYOT	-0.27284110100000003
MYOZ1	-0.4349187900000011
MYOZ2	0.16621270999999993
MYOZ3	1.1035186922000015
MYPN	-1.10813557
MYPOP	-3.978237649999997
MYRF	29.87016411566666
MYRF-AS1	-2.0373517749999976
MYRFL	0.0
MYRIP	-0.22735218199999974
MYSM1	2.480372879333345
MYT1	-2.7510348266666664
MYT1L	0.09340930349999965
MYZAP	40.998563933999996
MZB1	0.3236924475000009
MZF1	1.6733477725000085
MZF1-AS1	-0.3563363800000001
MZT1	-77.17051042499997
MZT2B	-155.60368043333324
N4BP1	-4.020628967500016
N4BP2	-90.22864554499999
N4BP2L1	0.44367898775000114
N4BP2L2	-29.582394491000017
N4BP2L2-IT2	0.38958470000000034
N4BP3	-2.904450090000001
NAA10	-34.86830839999999
NAA11	84.929642
NAA15	-36.49449444116664
NAA16	-31.15225491000001
NAA20	-43.32363959999998
NAA25	-110.39650072333335
NAA30	-19.825534350249995
NAA35	-20.247534799999983
NAA38	-52.51537099999996
NAA40	62.50929669999999
NAA50	-95.03345411999999
NAA60	-115.03358980000002
NAA80	20.895509159999996
NAAA	3.8510819199999986
NAALAD2	0.15450198859999986
NAALADL1	-2.428874030500001
NAALADL2	0.3033025809999996
NAALADL2-AS3	0.23408591899999998
NAB1	44.461420735999994
NAB2	-7.667921109999995
NABP1	-85.67795815366667
NABP2	46.609228380000005
NACA	-633.4160178333341
NACA2	-0.7611071750000002
NACA4P	-56.673213799999985
NACAD	-1.9645820300000008
NACC1	-3.5553569550000077
NACC2	8.845041544999987
NADK	3.647310431666668
NADK2	41.87225069666667
NADK2-AS1	-0.31864933299999976
NADSYN1	8.057401163500003
NAE1	-206.91103799999996
NAF1	-124.5029581
NAGA	-22.82550470000001
NAGK	71.36111489999999
NAGLU	3.790934490000005
NAGPA	39.333701090000005
NAGPA-AS1	0.916790859999999
NAGS	2.303190752999999
NAIF1	-11.210418529500004
NAIP	-0.9395732980000018
NALCN	0.171535467
NALCN-AS1	-2.2800018140000002
NALF1	1.6120618509999982
NALF1-IT1	-0.15040803299999972
NALF2	-134.6219595
NALT1	10.020952789999999
NAMPT	-58.853761340500014
NANOG	-2.3940449904999994
NANOS1	56.93570343
NANOS2	-0.4270811530000005
NANOS3	-0.7900254400000009
NANP	-25.899427400000008
NANS	-100.45449042000001
NAP1L1	-25.711830312857273
NAP1L2	-72.43687867999999
NAP1L3	-24.07227805
NAP1L4	4.2673118235999965
NAP1L5	-8.032825449999997
NAPA	-6.057761979999995
NAPA-AS1	-0.5728095895000003
NAPB	-7.209370178
NAPEPLD	18.638936102000002
NAPG	27.46835224999998
NAPRT	-4.45571391
NAPSA	1.3581731700000006
NAPSB	-2.441128578999999
NARF	157.919136105
NARS1	-1652.975648
NARS2	-75.84869330000001
NARS2-AS1	-0.9795070445
NASP	20.77543746666663
NAT1	44.48665188
NAT10	-209.5050896
NAT14	17.964450500000005
NAT16	1.5096527000000002
NAT2	89.80923575
NAT8B	35.84262860333334
NAT9	-67.32676230000001
NATD1	4.467617819999997
NAV1	0.6065688357500001
NAV2	27.548076863000002
NAV2-AS2	-1.6527188110000006
NAV2-AS4	-3.834790720000001
NAV2-AS5	-1.4774380789999997
NAV2-IT1	-1.3524255829999996
NAV3	0.10453046000000032
NAXD	-72.89384749999999
NAXE	-387.4311249
NBAS	-4.78012621933334
NBAT1	1.238174859999999
NBDY	60.34937412999997
NBEA	-1.2097076270000002
NBEAL1	-2.5950120149999947
NBEAL2	35.554935605
NBEAP1	-0.02297728649999975
NBL1	31.492339299999998
NBN	4.588463857000022
NBPF1	26.969516839999983
NBPF11	39.68185799999992
NBPF20	30.218505082500087
NBPF25P	9.371146199999998
NBPF26	94.52241594999998
NBPF3	13.416799444999995
NBPF4	14.855780399999993
NBPF8	0.9345765119999996
NBR1	23.92187780225001
NBR2	0.14005794499999524
NCALD	4.976967696499997
NCAM1	-0.9628875267142849
NCAM1-AS2	0.09404930500000042
NCAM2	0.6657294635
NCAN	-6.80728324
NCAPD2	69.24733749999999
NCAPD3	100.41591650000001
NCAPG	77.31246440000001
NCAPG2	23.228576099999998
NCAPH	68.7667323
NCAPH2	7.2293801
NCBP1	-23.142184717
NCBP2	-10.409819750000054
NCBP2AS2	74.4081995
NCBP3	-2.067606787999999
NCDN	-0.2190532333333266
NCEH1	59.923811099999966
NCF1	1.0736601399999994
NCF1C	1.5615307999999999
NCF2	10.169666017
NCF4	-0.9599333154999998
NCK1	-37.62261877125
NCK1-DT	8.324529380000001
NCK2	-5.641265000000033
NCKAP1	-177.63577339000005
NCKAP1L	-3.438566463333336
NCKAP5	-0.11002618099999983
NCKAP5-AS1	1.5862678669999992
NCKAP5-AS2	0.19935559299999994
NCKAP5L	-2.7954238449999984
NCKIPSD	26.428477436666675
NCLN	19.26963117666667
NCOA1	-6.127027347500004
NCOA2	-0.38964647700001365
NCOA3	38.565644194000015
NCOA4	495.0925496000001
NCOA5	-4.114565690000006
NCOA6	3.4536753454999882
NCOA7	59.02651315833333
NCOR1	-8.421536180000018
NCOR2	-23.009015140200006
NCR1	-5.3216871773333345
NCR2	-3.716505731999998
NCR3	0.18759897300000006
NCR3LG1	-9.23270089
NCS1	0.1730291940000015
NCSTN	-14.468480964500017
NDC1	-13.70396919999996
NDC80	15.305434999999989
NDE1	2.9762913057999967
NDEL1	-15.450807459499998
NDFIP1	-51.03161636666675
NDFIP2	-50.926862364249985
NDN	-1.6988330499999993
NDNF	-0.49563848999999927
NDOR1	4.177159844750001
NDP	-0.16873319799999997
NDRG1	685.90532853
NDRG2	18.103434023333328
NDRG3	116.11847609999998
NDRG4	580.05451644
NDST1	-8.856323009999997
NDST2	3.852978884999999
NDST3	-1.0748911270000003
NDST4	-0.48485983250000064
NDUFA1	147.8610920000001
NDUFA10	-4.827219519400003
NDUFA11	-207.6741995833333
NDUFA12	162.6654980000003
NDUFA13	0.5607694000000265
NDUFA2	96.70926417100003
NDUFA3	118.9435507
NDUFA5	-35.67796493099999
NDUFA6	-97.01874300000009
NDUFA7	-142.01573422499996
NDUFA8	246.25773649999996
NDUFA9	73.86911680000003
NDUFAB1	-222.13993700000037
NDUFAF1	11.963110099999994
NDUFAF2	-154.25286210000002
NDUFAF3	-187.68047610000002
NDUFAF4	-286.60509697000003
NDUFAF5	-81.38174045900003
NDUFAF6	51.698938075
NDUFAF7	4.488394286666676
NDUFAF8	-47.240195494999995
NDUFB1	-96.55781604499998
NDUFB10	9.600796150000065
NDUFB11	-258.223473
NDUFB2	-33.85026585000003
NDUFB2-AS1	-1.7238537399999991
NDUFB3	407.44168720000005
NDUFB4	118.18330872999991
NDUFB5	-20.659006599999998
NDUFB6	4.233833255000036
NDUFB7	140.03650072499997
NDUFB8	-189.8850408400001
NDUFB9	495.13247900000033
NDUFC1	-175.50796950500012
NDUFC2-KCTD14	305.04193823000014
NDUFS1	-9.787573576
NDUFS2	-254.2502128000001
NDUFS3	48.7036076
NDUFS4	-67.02523753949998
NDUFS5	1001.4606160000001
NDUFS6	-493.10949300000016
NDUFS7	5.894619875000004
NDUFS8	-92.86822686666659
NDUFV1	-181.93690430499998
NDUFV1-DT	-6.897003359999999
NDUFV2	699.2485820000002
NDUFV2-AS1	10.245505769
NDUFV3	-61.09263154500002
NEB	-3.3398675625000003
NEBL	-24.08998833133333
NEBL-AS1	2.333214376000001
NECAB1	0.4222812990000002
NECAB2	-6.779758579999999
NECAB3	14.530477864999995
NECAP1	-48.227563299999986
NECAP2	8.387278004999999
NECTIN1	3.57804565
NECTIN2	15.078326874999988
NECTIN3	19.067202550000005
NECTIN3-AS1	0.9358956279999999
NECTIN4	0.58198434
NEDD1	-154.56781844000005
NEDD4	-33.704960399999976
NEDD4L	-9.229745107499994
NEDD8	34.05236619999994
NEDD9	187.26219361319997
NEFH	-6.726685464999996
NEFL	0.07912632166666622
NEFM	1.1930455159999998
NEGR1	0.7124309912499998
NEGR1-IT1	-0.5059290269999996
NEIL2	15.865961849999998
NEIL3	24.491104969999995
NEK1	-11.063214286199994
NEK10	0.005414039999999787
NEK11	-0.24238733133333312
NEK2	-15.742709135000013
NEK2-DT	14.66539848
NEK3	-62.05850204999999
NEK4	-21.765029284999997
NEK5	0.2821106194999996
NEK6	28.7141946518
NEK7	-181.79753599999998
NEK8	4.779696834999996
NEK9	-27.216121712999993
NELFB	32.19045310000001
NELFCD	-169.17973595000007
NELL1	-0.33800014399999956
NELL2	2.487614650000001
NEMF	-9.395853149999994
NEMP1	36.16240048000002
NEMP2	-0.7299596499999996
NENF	-31.05289775333334
NEO1	-42.12150769333333
NES	-0.027564695000000583
NET1	78.92597665
NETO1	-0.03410682074999993
NETO1-DT	0.08912868799999973
NETO2	277.9737052500001
NEU1	192.2906405
NEU2	-0.08381102000000062
NEU3	1.8891838349999972
NEU4	-3.719359169999997
NEURL1	0.07054328649999952
NEURL1B	18.046798709999997
NEURL2	-23.74165704
NEURL3	78.8795513
NEURL4	8.808346039999996
NEUROD1	0.14841613900000006
NEUROD2	-3.525294111999999
NEUROD4	-1.4924912030000002
NEUROD6	0.35715964700000047
NEUROG1	1.3314702979999993
NEUROG2	-0.3200161210000001
NEUROG3	-2.4113491060000003
NEXMIF	-8.666929658
NEXN	-31.340586849999994
NEXN-AS1	1.60749355
NF1	-0.9333391529999995
NF1P9	-24.10884084088888
NF2	18.406367424000003
NFAM1	0.5786403249999985
NFASC	-0.09406441475000094
NFAT5	44.69958436666661
NFATC1	-0.4683981050000021
NFATC2	-1.8715193712499998
NFATC2IP	98.89027969666668
NFATC3	-18.69796926649998
NFATC4	-3.493303751666666
NFE2	-1.5470092439999998
NFE2L1	-43.86201483333332
NFE2L2	-264.72110774399994
NFE2L3	40.167056069
NFE4	0.02935669200000035
NFIA	13.753684008857146
NFIA-AS2	-0.22835689833333284
NFIB	3.1974242371249986
NFIC	90.3535245
NFIL3	-4.161788199999933
NFIX	-1.3825545350000041
NFKB1	-9.083305300000006
NFKB2	-9.876754386000005
NFKBIA	16.048520730000035
NFKBIB	-31.221568206666667
NFKBID	-6.059581783333332
NFKBIE	6.2550095
NFKBIL1	-13.188348939999997
NFKBIZ	26.530150885000012
NFRKB	-6.511880055250003
NFS1	36.59363885500002
NFU1	-474.30982560000007
NFX1	-15.081057819999998
NFXL1	-318.41566320000004
NFYA	-0.4475398443333347
NFYB	-61.81756013274999
NFYC	-109.28622522999999
NFYC-AS1	-8.219622489999999
NGB	0.3184522800000025
NGDN	7.742387072999975
NGEF	27.312495831000007
NGF	-0.9325846999999996
NGFR	0.7071446640000003
NGLY1	-30.285833760000003
NGRN	-239.13619763333327
NHEG1	0.8824600470000004
NHERF1	-68.68019699999996
NHERF2	0.9609797650000003
NHERF4	3.539421610000005
NHLH1	-7.073296950000003
NHLH2	-1.0302793295
NHLRC2	-0.7802702132499988
NHLRC3	8.152447349999996
NHLRC4	7.098028849999999
NHP2	280.17346699999985
NHS	-0.7376750104999994
NHSL1	-41.86049460300001
NHSL2	0.6329860749999998
NHSL3	58.90510259999999
NIBAN1	-22.782778230000005
NIBAN2	85.20775466500001
NIBAN3	-1.107200815333334
NICN1	24.634654440000006
NICOL1	66.56291970000001
NID1	-5.329026026666668
NID2	-0.09597578200000001
NIF3L1	123.0746896
NIFK	-294.8620738603333
NIFK-AS1	22.03484168
NIM1K	1.2380608440000005
NIN	-1.9857508876666685
NINJ1	-34.62688370000001
NINJ2	4.2768631500000005
NINJ2-AS1	-3.181322529000001
NINL	86.83837337
NIP7	-264.616623
NIPA1	1.5630881250000215
NIPA2	-100.90881365000007
NIPAL2	-0.9000747330000003
NIPAL3	3.8179207644000037
NIPAL4	-1.1952288899999992
NIPBL	-9.207625718000031
NIPSNAP1	82.09313624999999
NIPSNAP2	26.930712299999982
NIPSNAP3A	27.959431969999997
NIPSNAP3B	0.28526379750000075
NISCH	-6.6929256749999695
NIT1	31.75707887499999
NIT2	-165.8482473
NKAIN1	-2.4298508499999993
NKAIN2	0.4435510339999995
NKAIN3	0.2358329769999994
NKAIN4	2.4559283457499994
NKAP	-46.11968539999998
NKAPD1	-20.725531250499998
NKAPL	-0.6665201255
NKAPP1	1.1774575499999997
NKD1	0.4483028399999984
NKD2	-19.408134519999997
NKG7	0.11050652499999991
NKIRAS1	-58.33746860000002
NKIRAS2	2.0953033999999775
NKPD1	1.778148820000002
NKRF	-37.47556420000001
NKTR	30.261239573750004
NKX1-1	-10.114093019999999
NKX2-1	-3.6391942764999996
NKX2-1-AS1	0.7790631579999996
NKX2-2	-0.4020747199999999
NKX2-3	0.2687555540000002
NKX2-5	-3.4383897300000044
NKX2-8	-3.4242230300000003
NKX3-1	-1.6292728386666653
NKX3-2	-1.4899395399999982
NKX6-1	-0.6727223930000008
NKX6-2	-3.3025342900000005
NKX6-3	-1.1567679999999996
NLE1	-19.495862855
NLGN1	0.2104071280000004
NLGN2	-1.505996727000003
NLGN3	-2.8137763149999984
NLGN4X	189.341131125
NLGN4Y	0.16567179549999977
NLK	-11.871902359999993
NLN	-8.002526982500001
NLRC3	0.16306430000000027
NLRC4	-0.6440809530000005
NLRC5	1.7313460500000009
NLRP1	-0.6217801659999989
NLRP10	-0.79439087
NLRP11	0.1833045630000001
NLRP12	-0.9192897050000006
NLRP13	2.1167305800000005
NLRP14	2.045580189999999
NLRP2	40.254919792500004
NLRP3	0.004288650666666172
NLRP4	-0.24597080800000004
NLRP5	-0.47127255300000037
NLRP6	-1.6883594330000005
NLRP7	-2.1460995249999995
NLRP8	-0.050898419999999334
NLRP9	-0.621617109999999
NLRX1	38.17744671999998
NMB	30.278782700000022
NMBR	0.14636921600000008
NMD3	-153.74467320000002
NME1	-1459.537182
NME2	-105.62900999999965
NME3	34.84154810000001
NME4	-103.55735460000005
NME5	-0.37585587600000014
NME6	-8.787499499999996
NME7	289.30699675000005
NME8	7.938903055000001
NME9	0.9978526500000005
NMI	15.042997900000003
NMNAT1	19.311729433333333
NMNAT2	-0.5935209952499996
NMNAT3	3.498677429999997
NMRAL1	52.212870149999986
NMRAL2P	-1.5213624389999998
NMRK1	9.244206607999999
NMRK2	-6.63150027
NMT1	-5.991934480000026
NMT2	6.702587145500004
NMU	-1.8513313140000003
NMUR1	-0.8423274000000003
NMUR2	1.75026819
NNAT	-2.22304555
NNMT	702.4611383033334
NNT	-18.880334552249998
NNT-AS1	34.30712511
NOA1	48.934049200000004
NOAZFP	-56.11163881499999
NOB1	-78.69806020000004
NOBOX	1.0576627700000003
NOC2L	-19.744406334999994
NOC3L	-482.63951649999996
NOC4L	-1.9308872000000008
NOCT	-3.13691897
NOD1	12.471719804999996
NOD2	-0.3579108959999999
NODAL	-3.478251385500002
NOG	-4.9286690129999995
NOL10	-92.33952475499999
NOL11	-232.73528869999996
NOL12	-10.047858779999999
NOL3	19.087387882500003
NOL4	-0.3427133835
NOL4L	2.127034126333335
NOL6	-12.822900678499998
NOL7	-321.58109960000024
NOL8	-40.41033700000003
NOL9	15.130630436666678
NOLC1	-130.65922086666666
NOM1	-15.458175499999996
NOMO3	-63.83705061333342
NONO	578.4049119000001
NOP10	-515.3276050000004
NOP14	-131.38578328
NOP14-AS1	-4.690044812
NOP16	-332.95976255999994
NOP2	-72.42988240000003
NOP53	205.57959734666662
NOP58	-2273.2012889999996
NOP9	12.952938219999993
NOPCHAP1	-87.97798789999999
NORAD	136.4170065500001
NOS1	-0.7622649263333336
NOS1AP	-3.982202278999999
NOS2	0.43964774500000026
NOS3	1.4261827119999992
NOSIP	42.45818839999998
NOSTRIN	10.03482223
NOTCH1	3.863088440000002
NOTCH2	-24.17519348250002
NOTCH2NLA	-5.917094700000007
NOTCH2NLR	4.763886279999994
NOTCH3	16.644826124999994
NOTCH4	4.3276729660000015
NOTUM	-2.856971789999996
NOVA1	1.9911354483333348
NOVA2	-1.340593948499997
NOX1	0.5338978550000011
NOX3	-1.297303061
NOX4	-0.635751237500001
NOX5	-3.2501871250000036
NOXA1	0.5578739900000045
NOXO1	-0.8517178300000019
NOXRED1	-2.0503129700000002
NPAP1	-2.7601548300000003
NPAS1	-6.838164730000003
NPAS2	218.545906374
NPAS3	0.06725089744444457
NPAS4	-1.8861737009999988
NPAT	3.712925115666671
NPB	1.6594641200000027
NPBWR1	-2.3209220199999994
NPBWR2	-1.5823912369999995
NPC1	-81.73198496625
NPC1L1	-0.27692676466666555
NPC2	343.98606269999993
NPDC1	-13.087501450000001
NPEPL1	-3.8602108042499985
NPEPPS	51.441917313333306
NPEPPSP1	70.79306059999998
NPFF	4.849885990000004
NPFFR1	-12.423042849999998
NPFFR2	148.56217342
NPHP1	-7.306925816666677
NPHP3	-5.303477153249986
NPHP3-AS1	-0.9088659510000001
NPHP4	-5.1704594849999985
NPHS1	-1.416725799
NPHS2	0.1889281460000003
NPIPA1	-273.97023949999993
NPIPB13	-34.96408332900003
NPIPB15	88.28177809999997
NPIPB3	-1.0428738099999997
NPL	-5.1362458862499984
NPLOC4	-5.721332000000018
NPM1	-855.88562
NPM2	-10.113297760000002
NPM3	-196.92905410000003
NPNT	0.6432606645000014
NPPA	7.438978649999996
NPPB	-17.58571749
NPPC	-0.021267105999999814
NPR1	-3.706031095
NPR2	-1.7745449655000005
NPR3	0.29778757099999886
NPRL2	-20.546768595000003
NPRL3	-10.472681737499997
NPSA	-0.40273094500000006
NPSR1-AS1	0.20865603050000026
NPTN	360.7860989999999
NPTN-IT1	-14.256133740000003
NPTX1	6.548564240000001
NPTX2	-1.6752797099999999
NPTXR	4.109748175
NPVF	-0.1550891830000003
NPW	-0.9087671010000005
NPY	-1.9792797569999987
NPY1R	-0.5577101390000001
NPY2R	0.27547265999999926
NPY4R2	-0.7352101900000001
NPY5R	-0.41981295099999993
NPY6RP	-0.6080829789999997
NQO1	3.92855693333334
NQO2	-500.4327375
NR0B1	-0.8277054474999996
NR0B2	-20.717495100000008
NR1D1	-1.3262557966666577
NR1D2	-26.180763192999997
NR1H2	12.092069090000003
NR1H3	144.87288672
NR1H4	4.222563064333333
NR1I2	3.4547697399999997
NR1I3	1.0197335930000007
NR2C1	38.512205540500005
NR2C2	-8.572624610000005
NR2C2AP	-31.987391900000006
NR2E1	-10.50591009
NR2E3	0.7847980215000003
NR2F1	-9.401177160000001
NR2F1-AS1	-1.290699067666666
NR2F2	-54.202372298428564
NR2F2-AS1	-3.9748062599999994
NR2F6	165.661404567
NR3C1	-148.45005497599993
NR3C2	-21.83114989
NR4A1	10.1045291
NR4A2	5.848544076666663
NR4A3	-11.868172901666668
NR5A1	-2.4032759640000005
NR5A2	-61.17704751749999
NR6A1	-11.160981612857142
NRAD1	0.3868563899999997
NRAP	-0.8776364989999994
NRARP	-10.773788570000008
NRAS	-197.64608220000002
NRAV	-47.517087724999996
NRBF2	-19.5239239
NRBP1	-29.764294500000005
NRBP2	63.26460896
NRCAM	0.07870853450000048
NRDC	-81.93693481499994
NRDE2	-1.111935957666665
NREP	58.839233407250006
NRF1	-9.484918006599997
NRG1	-0.7448945659999993
NRG1-IT1	-0.08814582100000035
NRG2	0.21704004266666566
NRG3	-0.20109111800000035
NRG4	0.32015798399999973
NRGN	6.2275314
NRIP1	-56.8243037
NRIP2	-1.0160820699999995
NRIP3	23.27826829
NRK	-0.4338064199999998
NRL	0.21075600250000193
NRM	112.26717289999999
NRN1	-3.652028659999999
NRP1	-9.493791696000002
NRP2	16.65601646890909
NRROS	-2.13729803
NRSN1	-1.0228871440000002
NRSN2	-3.621106410000003
NRSN2-AS1	0.47190413399999986
NRTN	11.109692450000004
NRXN1	-0.0928493821666665
NRXN2	-0.8645613089999991
NRXN3	-1.2685808840000012
NSA2	108.53184800000008
NSD1	-22.06540627375
NSD2	5.47844665833334
NSD3	-76.78685595985714
NSDHL	7.784715614999996
NSF	75.36256495766665
NSFL1C	-19.04407283466665
NSG1	-0.7912412646666667
NSG2	-0.05751283000000029
NSL1	81.15102836749999
NSMAF	-7.8372342658000065
NSMCE1	-235.37383049999994
NSMCE1-DT	1.3347175275000005
NSMCE2	36.2512615
NSMCE3	-38.631171460000004
NSMCE4A	315.73705319000004
NSMF	-6.0261220699999996
NSRP1	-78.14974679999997
NSUN2	-111.09764159999997
NSUN3	-12.286141655333328
NSUN4	-23.76200734950001
NSUN5	-64.63738565000006
NSUN5P1	4.914609999999982
NSUN6	7.272142175333343
NSUN7	-0.21598678500000013
NT5C	-12.157064519999992
NT5C1A	-0.593431970000001
NT5C1B	-0.44683241949999974
NT5C2	-2662.239953
NT5C3A	-280.419436
NT5C3B	-151.91472649999997
NT5DC1	102.29014180849998
NT5DC2	42.48929447533334
NT5DC3	10.286327665000002
NT5DC4	-0.20476374066666736
NT5E	45.05492963500001
NT5M	-3.6308025399999995
NTAN1	89.1394616
NTAQ1	-22.935897699999998
NTF3	5.009299070000004
NTHL1	56.74588843000001
NTM	-0.49505770666666393
NTMT1	16.391248277666676
NTN1	-2.2286607689999993
NTN3	-1.3526510099999989
NTN4	267.95148439999997
NTN5	6.098057731499999
NTNG1	0.23887787350000078
NTNG2	-0.5486748339999998
NTPCR	-19.79067533666668
NTRK1	-1.1659364199999995
NTRK2	0.3501634705000001
NTRK3	0.06660135566666625
NTRK3-AS1	-2.513784040000001
NTS	-129.7225080000003
NTSR1	5.123160629999997
NTSR2	0.7805722750000008
NUAK1	236.07564139999994
NUB1	-7.479193931800012
NUBP1	-37.38890380000001
NUBP2	42.08553162
NUBPL	28.43380160000001
NUCB1	0.21364618999999863
NUCB2	-86.1783314999999
NUCKS1	-123.48634382362496
NUCLEOLIN	-560.7440482499999
NUDC	59.62507752433328
NUDCD1	-91.38014059500003
NUDCD2	-56.911415393333414
NUDCD3	-11.745153953666673
NUDT1	-14.965933299999989
NUDT10	0.8731593424999993
NUDT11	-53.92166379999999
NUDT12	-6.425262128
NUDT13	-18.31098879999999
NUDT14	2.939111370000006
NUDT15	-106.00605820000004
NUDT16	-9.806529337500002
NUDT16-DT	-0.9992481504999997
NUDT16L1	40.02754519
NUDT16L2P	2.0055535860000004
NUDT17	-10.578317570000003
NUDT18	31.39187337
NUDT19	-260.30922289999995
NUDT2	36.880819849999995
NUDT21	-15.713208736666672
NUDT22	52.586005410999974
NUDT3	21.906022316714285
NUDT4	-36.480167487500005
NUDT4P2	-251.3990986
NUDT5	-25.692349959999945
NUDT6	5.34051882
NUDT7	38.872393488499995
NUDT9	189.959784
NUDT9P1	4.149260835
NUF2	-123.9218998
NUFIP1	-38.16218200333333
NUFIP2	-139.6386132225
NUMA1	11.474657782599998
NUMB	6.605938864
NUMBL	11.582494100000005
NUP107	-162.06259220000004
NUP133	-71.22463655999998
NUP153	-79.29148575866671
NUP155	-28.783049200000022
NUP160	-56.29831188
NUP188	-6.872067553333338
NUP205	-5.976717430000008
NUP210	-10.57172915000001
NUP210L	-0.09596723299999965
NUP210P1	0.068356831
NUP214	-4.055779129999998
NUP35	-559.5700371
NUP37	-189.80336277499998
NUP42	-90.2516799
NUP43	-139.47268508000002
NUP50	-52.80599816033336
NUP50-DT	-14.61279098
NUP54	-43.361029027
NUP58	-21.034215912500002
NUP62	-11.188879392000018
NUP62CL	3.183253469500002
NUP85	29.244246599999997
NUP88	-26.651553590499987
NUP93	-1.505091441000019
NUP98	-54.367143866666666
NUPR1	-144.5364498
NUS1	-85.71837479999999
NUS1P3	-2.316173485
NUSAP1	124.926124525
NUTF2P4	-98.16738679000002
NUTM1	0.29986763999999866
NUTM2A-AS1	-9.29913354
NUTM2B	-2.6080441599999986
NUTM2B-AS1	-18.079153125750004
NUTM2G	-9.048852279999998
NVL	-51.61815519999999
NWD2	0.17385819800000002
NXF1	18.839654300000007
NXF2	-2.885279753999999
NXF2B	-1.1070170939999997
NXF3	-0.05910762549999937
NXF5	-3.7209464919999995
NXN	-280.3904822999999
NXNL1	-0.6972848000000056
NXNL2	-0.7267152729999999
NXPE1	1.1864882244999997
NXPE3	-1.1795937845000015
NXPE4	1.8832046499999997
NXPH1	0.14384447700000003
NXPH2	-0.7523684366666661
NXPH3	-1.8545923499999972
NXPH4	-4.000399549999997
NXT1	-131.47135780000002
NXT2	16.545281095000007
NYAP1	2.523778890000001
NYAP2	0.15128961000000007
NYNRIN	-1.742218145999999
NYX	2.036367887000001
OAF	4.847991
OARD1	1.9255283499999791
OAS1	41.940682809500004
OAS2	-1.1513928790000003
OAS3	8.4339343945
OASL	10.40593613
OAT	-382.927637
OAZ1	-1486.3556440000002
OAZ2	85.13694930000003
OAZ3	-24.11279603
OBI1	-14.821101350000006
OBP2A	1.2413600733333254
OBP2B	-0.2480206116666679
OBSCN	-1.6750459459999973
OBSCN-AS1	-0.25240940599999995
OBSL1	47.37284871571428
OCA2	0.6989756279999995
OCEL1	94.66004043999999
OCIAD1	74.17675312400002
OCIAD2	-1.5272831799999977
OCLN	-352.4134066975
OCM2	-0.46660831899999966
OCRL	27.309521700000005
ODAD1	3.2335153100000014
ODAD2	-1.437505355999999
ODAD3	1.047329103000001
ODAD4	-1.7269814280000002
ODAM	51.398015018
ODAPH	-0.13238943600000042
ODC1	-1229.716331
ODC1-DT	-2.1690799300000023
ODF1	-2.067798721999999
ODF2	0.560741280000002
ODF2L	-8.050374611500004
ODF4	-4.443744496500003
ODR4	-75.05636075000001
OFCC1	1.8757690036363623
OFD1	25.223078296500006
OGA	-4.128367363199999
OGDH	10.210802447000003
OGDHL	-6.095570459999999
OGFOD1	-161.17645625000006
OGFOD2	3.9982386266666765
OGFOD3	52.750289456666664
OGFR	4.909391342499987
OGFRL1	-45.99265148000002
OGFRP1	-2.7992206500000023
OGG1	10.952970140000005
OGN	1.0376178840000003
OGT	-298.79287280850014
OIP5	-61.299556499999994
OIP5-AS1	-49.11988576666667
OIT3	0.17808494799999997
OLA1	-297.57858559500005
OLAH	0.20187187566666687
OLFM1	-1.929487203999999
OLFM2	-7.054398599999999
OLFM3	0.7943329320000001
OLFM4	0.2551692540000001
OLFML1	0.7184051299999998
OLFML2A	118.67410926
OLFML2B	0.25192270400000005
OLFML3	0.7489561159999996
OLIG1	-0.5748091130000006
OLIG2	-1.9851666369999998
OLIG3	-0.808895846
OLMALINC	-5.67087128499999
OLR1	-6.74712757
OMA1	-34.412616799999995
OMD	0.5566963039999999
OMP	1.6535529709999999
ONECUT1	-70.05734211
ONECUT2	-14.020231580199997
ONECUT3	-1.7828035900000003
OOEP	3.312984969999995
OOSP2	0.23436398599999997
OPA1	-19.333471028000005
OPA3	2.1956670649999985
OPALIN	0.5091049530000005
OPCML	-0.637646427
OPHN1	125.00183909999998
OPLAH	-22.47079127
OPN1MW3	0.9935797780000009
OPN1SW	0.6214522890000005
OPN3	88.699330338
OPN4	-2.477019610000001
OPN5	0.5229184080000024
OPRD1	0.3859973100000005
OPRK1	-0.9185962145
OPRL1	-2.3643768425000022
OPRM1	0.6811907823333323
OPRPN	-0.16342617000000015
OPTC	-2.3306051299999986
OPTN	-253.67750635
OR10A3	-0.3586199919999995
OR10A4	1.6103255550000002
OR10A5	1.296953083
OR10C1	-0.34648092899999927
OR10D1P	-1.442394753000002
OR10D3	-1.664671209999998
OR10H1	1.6364584099999995
OR10H2	0.007948566999999684
OR10H3	1.6218689030000002
OR10J1	4.192345469999999
OR11A1	0.27925684199999967
OR12D2	-0.8087477199999995
OR12D3	-0.5328355299999998
OR13C4	-4.460866540000001
OR14J1	2.6293414520000002
OR1A1	0.9215254129999995
OR1A2	-0.22532846799999984
OR1C1	-1.3559768675
OR1D2	1.4611899709999996
OR1D5	0.8880040079999993
OR1E1	0.14742482500000031
OR1E2	-4.286744770000002
OR1F1	0.37639999000000124
OR1F2P	0.5890281000000002
OR1G1	0.005866420000000261
OR1I1	-1.838014150000003
OR1J2	-0.8401561049999984
OR1J4	-1.869248142000001
OR1Q1	-0.7369873020000002
OR2A4	0.6062811149999998
OR2A9P	-0.3426927566666649
OR2B2	-0.5546072339999997
OR2B3	-1.0748314719999996
OR2B6	0.9285476429999999
OR2C1	-1.185732496
OR2C3	0.013541848000000023
OR2F1	-0.19786844100000067
OR2F2	-0.874431414
OR2H1	-1.2313182459999998
OR2H2	-1.7690593294999992
OR2J2	-0.08410934250000057
OR2J3	0.9066988739999999
OR2K2	0.08329194599999923
OR2L13	-0.4756819280000002
OR2L1P	-2.6870942750000015
OR2L2	-0.05253043866666651
OR2M4	0.4646692134999997
OR2S2	0.06018629399999931
OR2W1	-0.1525181710000001
OR3A1	-0.03515658000000066
OR3A2	-0.7071868600000002
OR3A3	-3.645655979999999
OR4C1P	-0.2993080450000001
OR4D1	-1.7927797655000006
OR4D2	-1.128274665000001
OR4F21	-1.6077205699999997
OR4M2-OT1	0.20697402249999985
OR51B2	-4.494168030000001
OR51B4	3.212737079
OR51B5	-0.7274774775000008
OR51B6	-0.5657387060000003
OR51E1	-2.0227036929999995
OR51E2	-0.48771292266666677
OR51I1	0.5918182020000007
OR51I2	-4.42548644
OR51M1	0.028364921000000543
OR52A1	-0.3589998489999999
OR52D1	0.9594019599999992
OR52K3P	0.14325496000000015
OR5AK4P	-0.8135912450000005
OR5E1P	-1.0437135609999997
OR5H1	0.14441193699999966
OR5I1	-0.537485714999999
OR5J2	-0.07248814650000046
OR5K1	-0.78889524
OR5L2	0.09506678650000033
OR5P2	-0.501828379
OR5P3	0.8804628589999997
OR5V1	-0.2355934154999999
OR6A2	0.06794359299999986
OR6B1	0.7410755419999999
OR6W1P	-0.002454240000000496
OR7A10	-0.2996298519999998
OR7A17	-0.29305759899999995
OR7A5	-0.9850238009999988
OR7C1	-2.3276555020000007
OR7C2	-8.02381343
OR7D2	-0.635772824
OR7E104P	12.238423400000002
OR7E12P	-52.07042021000001
OR7E14P	83.85697609000002
OR7E156P	8.281646100000003
OR7E19P	-2.5188645999999997
OR7E24	0.23095860000000012
OR7E2P	-0.3054229720000001
OR7E37P	-428.48652
OR7E47P	-38.95094091
OR8B2	0.19704143699999976
OR8B8	-1.0114360990000009
OR8D1	-0.8801862829999987
OR8D2	0.33157937000000004
OR8G1	1.4762042200000014
OR8G2P	0.2044747779999998
OR9A1P	-0.4847622875000006
ORAI1	72.1
ORAI2	68.44175040166667
ORAI3	214.3638439
ORC1	10.333341880000003
ORC2	-2.673906499999987
ORC3	25.052827500000006
ORC4	-85.49684321500001
ORC5	-59.045409378666676
ORC6	-330.64976770000004
ORM1	14.0721643
ORM2	6.721870534000001
ORMDL1	-173.6682834
ORMDL2	177.83520260000006
ORMDL3	83.03208661
OS9	-41.179797949999966
OSBP	-12.183990920000014
OSBP2	0.6215280843333346
OSBPL10	95.16463033399998
OSBPL11	-27.554814550000003
OSBPL1A	46.07658593333332
OSBPL2	8.770019875000003
OSBPL3	32.54869480000002
OSBPL5	-1.3559906650000002
OSBPL6	-117.87107417666665
OSBPL7	1.6840045766666663
OSBPL8	17.53234470999996
OSBPL9	332.77775740000004
OSCAR	-4.54805333
OSCP1	-12.020615119999999
OSER1	-15.278822199999993
OSER1-DT	-4.045981712
OSGEP	-7.6347814000000085
OSGEPL1	64.24818189500002
OSGIN1	-25.288082770000003
OSGIN2	-21.984272425250005
OSM	-2.4263518899999994
OSMR	199.0904689633333
OSR1	-1.3264053959999993
OSR2	-0.40733204
OST4	164.56474630000002
OSTC	-685.5404509999998
OSTCP1	0.11505838899999965
OSTF1	29.708242999999996
OSTM1	-31.919779910000045
OSTM1-AS1	0.5678735669999999
OTC	0.1032552649999996
OTOAP1	0.45556093200000003
OTOF	-0.9366368135000016
OTOGL	-0.57410095
OTOP2	-0.7249806900000024
OTOR	-0.2863857999999997
OTOS	-0.8874586799999999
OTP	-0.8804277985000004
OTUB1	-28.663912063333385
OTUB2	5.609754302999999
OTUD1	-25.267637153333332
OTUD3	-1.6434435000000036
OTUD4	-17.446212318499988
OTUD5	5.885508696666662
OTUD6B	-89.7699439
OTUD6B-AS1	-22.471806269999988
OTUD7A	-0.6350835467499998
OTUD7B	-15.338121845999996
OTULIN	-9.250448056666663
OTULINL	30.481004762999998
OTX1	-0.42516361000000025
OTX2	0.15379397149999985
OTX2-AS1	-0.00979143899999979
OVCH1-AS1	0.7645166000000003
OVGP1	4.120672670000005
OVOL1	0.6326311999999987
OVOL1-AS1	1.8948655399999996
OVOL2	-1.802085946
OVOL3	0.08579306000000031
OVOS1P	29.719072670000003
OXA1L	208.0564286
OXCT1	4.088372287999999
OXCT2	-10.28882496
OXER1	4.926935760000006
OXGR1	-0.7907352150000007
OXLD1	-10.028569149999981
OXNAD1	-175.47191420000001
OXR1	14.303476727800003
OXSM	-22.02215369999999
OXSR1	-13.983355700000004
OXT	-1.9374366999999992
OXTR	2.7981300199999986
P2RX1	3.20933342
P2RX2	-0.5863207532500017
P2RX3	0.13244262500000037
P2RX4	21.811715099999986
P2RX5	-62.82878975
P2RX5-TAX1BP3	531.42096385
P2RX6	1.340588125
P2RX7	-1.4304706295000003
P2RY1	-0.45559993300000023
P2RY10	-0.05274852000000019
P2RY12	-0.5254475890000001
P2RY13	-0.6346722580000002
P2RY14	0.490004678
P2RY2	-0.31699096500000046
P2RY4	-1.5819982570000013
P2RY6	-10.323700550000002
P2RY8	1.7961861929999996
P3H1	34.952418179999995
P3H2	-107.34323614
P3H3	-2.4456404199999984
P3H4	81.3648493
P4HA1	90.00279601949998
P4HA2	114.22365131200003
P4HA3	2.3801059954999975
P4HA3-AS1	-1.8351607040000006
P4HB	-62.42086096666685
P4HTM	-0.5250084000000008
PA2G4	-286.34352794999995
PAAF1	2.978954225000024
PABIR1	-15.969644754666668
PABIR2	33.49168400333332
PABIR3	0.14842286850000086
PABPC1	-1133.3999315133324
PABPC1L	-245.57566059666664
PABPC1L2B	-2.384753999999994
PABPC3	-1286.301402
PABPC4	7.040508799999998
PABPC4L	-0.16549418500000002
PABPC5	-0.8732655519999994
PABPN1	12.207306415000005
PACC1	-104.9385968255
PACRG	0.07794391550000057
PACRG-AS1	0.40415260500000016
PACRG-AS2	0.8367696169999999
PACRG-AS3	0.03569277400000015
PACRGL	2.980331699500006
PACS1	25.359049295000005
PACS2	-3.644949487500014
PACSIN1	0.866821422500001
PACSIN2	13.229982613000004
PACSIN3	-25.0004136
PADI1	-1.8719289424999985
PADI2	0.5747110100000015
PADI3	-0.7387358549999998
PADI4	-0.5114429626666679
PAEP	6.076229275000001
PAF1	30.981861600000002
PAFAH1B1	-1.6189012150000224
PAFAH1B2	-49.76942760666665
PAFAH1B2P2	0.17072404766666693
PAFAH1B3	-79.27973919999997
PAFAH2	-1.9223285850000025
PAG1	0.8497450620000002
PAGE1	-3.999050079
PAGE4	-1.244422825
PAGE5	-17.376750240000003
PAGR1	0.9370798850000028
PAH	-394.22130456379995
PAICS	-138.34924446866665
PAIP1	-185.87022797999998
PAIP2	-91.95173911166665
PAIP2B	13.224784550000003
PAK1	-14.621106735000012
PAK1IP1	-605.2958971
PAK2	-8.985823558833346
PAK3	-0.11273344749999836
PAK4	1.610804931333334
PAK5	3.1994157145000006
PAK6	-0.9998345000000004
PAK6-AS1	-1.210617181
PALB2	3.7355235999999934
PALD1	-4.453135890000002
PALLD	-14.0122889485
PALM	16.563742569999995
PALM2AKAP2	23.931492098
PALM3	-7.606014309999999
PALMD	0.03193559366666676
PALS1	-14.62413423000001
PALS2	-58.34595153500001
PAM	112.41014716000001
PAM16	-283.8780666
PAMR1	-6.580638420000001
PAN2	26.05290051
PAN3	-162.60382320000002
PAN3-AS1	-0.6097617719999997
PANK1	-6.385726130000009
PANK2	13.910700176166657
PANK3	-79.88432449999999
PANK4	28.993424180000005
PANTR1	-1.2778130500000007
PANX1	-18.13407566699999
PANX2	0.6334625433333301
PANX3	-0.1154909970000002
PAOX	1.91076172
PAPLN	-1.3680201074999996
PAPLN-AS1	1.1475792245000012
PAPOLA	59.50367992333332
PAPOLA-DT	-1.4777250080000002
PAPOLB	-0.30826299850000005
PAPOLG	-10.00414855639999
PAPPA	-0.39645973745454466
PAPPA2	-2.0133010772499986
PAPSS1	52.37464780000005
PAPSS2	593.6947725766668
PAQR3	-29.466503272000004
PAQR4	53.94224502
PAQR5	99.969647435
PAQR6	7.239512210000001
PAQR7	4.184544989999999
PAQR8	87.12100776
PAQR9	-23.24452064199999
PARAIL	-34.614944120000004
PARD3	11.211282052499996
PARD3-DT	1.6644155629999995
PARD3B	-2.954330321799997
PARD6A	14.72265394
PARD6B	-38.543000514000006
PARD6G	10.285110246333332
PARD6G-AS1	6.3598479949999955
PARG	-27.911115500000008
PARK7	-504.7511320000003
PARL	-88.63837043000001
PARM1	19.58096226500001
PARM1-AS1	-1.9267299069999995
PARN	-4.161594999999977
PARP1	-23.083695799999987
PARP10	0.47604548000000335
PARP11	0.023521849333333122
PARP12	-6.010711670000006
PARP14	5.640776832
PARP15	0.1695171255000001
PARP16	-28.250085679999998
PARP2	-76.67997266666669
PARP3	8.219945070000001
PARP4	71.32935950000001
PARP6	-46.12427507666668
PARP8	-3.4410500619999986
PARP9	3.2180644150000006
PARPBP	-22.452202683
PARS2	-22.85215991999999
PART1	-0.8895685656666679
PARTICL	9.365121369999997
PARVA	1.7018384502857096
PARVB	-4.243889270499999
PARVG	-0.2750430633333316
PASD1	-0.7582829200000001
PASK	31.347786223333333
PATE1	-0.018128022000000854
PATE2	-0.79523426
PATJ	5.672516837500002
PATL1	-17.279201740000005
PATL2	1.475150952
PATZ1	-5.002975034833334
PAWR	-210.99935668
PAX1	1.023822166333333
PAX2	-0.9032336860000001
PAX3	-0.4881326792500005
PAX4	-0.028261004000000867
PAX5	1.4004568084999978
PAX6	-0.7866906485000005
PAX7	1.6286270374999994
PAX8	-0.21822912362499736
PAX8-AS1	2.576152768
PAX9	-0.8362554099999997
PAXBP1	12.111916193333315
PAXBP1-AS1	2.925346561499998
PAXIP1	5.1040010999999765
PAXIP1-AS2	6.526114749999998
PAXIP1-DT	-0.007566730000000632
PAXX	-24.379192519999997
PBDC1	2.171175360000001
PBK	28.72641269999997
PBLD	46.22592131
PBOV1	-0.10885464349999907
PBRM1	-25.547612670166686
PBX1	166.20096228
PBX2	33.44993621500001
PBX3	-3.631508100000019
PBX3-DT	-0.5919387600000001
PBX4	1.125339389999997
PBXIP1	36.90065533333333
PC	8.889484530000004
PCA3	-0.4069989224999997
PCARE	2.4442323920000018
PCAT18	0.036222667999999736
PCAT19	0.7782464700000009
PCAT4	-1.4968783499999994
PCAT6	87.83567618999999
PCAT7	6.649040490000001
PCBD1	-73.95305050000002
PCBD2	-4.4328512266666635
PCBP1	75.06235700000002
PCBP1-AS1	-0.8397766744285704
PCBP2	-158.83880208183348
PCBP3	1.4951931199999997
PCBP4	-80.09443280000002
PCCA	7.557576267666665
PCCB	-61.44640164500004
PCDH1	-3.462902200000002
PCDH10	0.1101456682499995
PCDH10-DT	0.0770327209999997
PCDH11X	-0.44277342899999983
PCDH11Y	-0.13661290100000034
PCDH12	2.0074849899999982
PCDH15	0.523315717
PCDH17	21.028531976666656
PCDH18	-0.352999745
PCDH19	-1.4774807040000004
PCDH7	-0.031344317800000354
PCDH8	0.7318408919999997
PCDH9	-11.917288806500004
PCDHA10	-3.5359970599999997
PCDHA2	-0.0420657250000005
PCDHA5	-0.7998068270000012
PCDHA6	0.037336038333332766
PCDHA9	-1.097765807
PCDHAC1	-3.78314666
PCDHAC2	-0.12944220299999998
PCDHB1	-0.4633201810000003
PCDHB11	1.5783364550000005
PCDHB12	-0.5093288200000003
PCDHB13	-0.2519367164999995
PCDHB14	-0.6656215570000006
PCDHB15	-0.5345366729999999
PCDHB16	-0.8190595509999996
PCDHB17P	-0.41682639900000007
PCDHB18P	-0.7718140850000008
PCDHB2	-9.04138437
PCDHB3	-1.2600381514999999
PCDHB4	-0.5503636480000011
PCDHB5	6.495599540000001
PCDHB6	-27.072686224999998
PCDHB7	-0.1752885540000002
PCDHB8	-0.8577268
PCDHB9	-0.5171753619999997
PCDHGA1	1.6054654270000004
PCDHGA10	1.3105325700000012
PCDHGA11	0.9282679960000007
PCDHGA3	1.9103285737999975
PCDHGA4	0.4021967689999997
PCDHGA8	5.059010972500001
PCDHGA9	0.6424153100000041
PCDHGB3	3.9084629999999976
PCDHGB5	0.6028376099999999
PCDHGB6	-0.15043925799999958
PCDHGB7	-0.6478561560000005
PCDHGB8P	0.7248594089999996
PCDHGC3	1.6843397325000016
PCDHGC4	-1.1375709245000003
PCDHGC5	-0.05550058800000013
PCED1A	27.149466700000005
PCED1B	47.35062716
PCED1B-AS1	0.02601813700000033
PCF11	0.2261453000000131
PCGEM1	0.24254765800000033
PCGF1	-21.018496435000003
PCGF2	-21.71443268
PCGF3	36.42356472333334
PCGF3-AS1	-13.962208330000001
PCGF5	16.969720547999998
PCGF6	50.383813599999996
PCID2	-8.138557794999997
PCIF1	12.125875353333328
PCK1	0.5495143709999999
PCK2	-297.4025252
PCLAF	451.43017505000023
PCLO	19.321238199666666
PCM1	-3.940378148333366
PCMT1	28.107970233333617
PCMTD1	23.139980144400006
PCMTD2	35.179712628000004
PCNA	1648.501734
PCNP	-134.3942479013333
PCNT	-9.380253915000026
PCNX1	-4.646530900285715
PCNX2	2.153861976
PCNX3	-7.758684610000003
PCNX4	-13.721870535
PCOLCE	24.32121986
PCOLCE-AS1	-3.9105849999999975
PCOLCE2	-29.426744960000008
PCOTH	4.165248899999998
PCP2	-1.5367097399999992
PCP4	-0.33896989700000013
PCP4L1	-3.24191918
PCSK1	0.1458016759999996
PCSK1N	36.757097599999994
PCSK2	0.5304843010000004
PCSK4	14.647473599999998
PCSK5	0.22529441333333367
PCSK6	-2.110621209333331
PCSK7	-14.545878520000002
PCSK9	-3.7318273600000005
PCTP	58.11480780000002
PCYOX1	379.9058750500001
PCYOX1L	13.033356959999999
PCYT1A	-5.62386364999999
PCYT1B	-1.5753187336666645
PCYT2	2.1870064900000017
PDAP1	3.407271276500012
PDC	0.0
PDCD1	-1.8122799300000025
PDCD10	-159.02242899999987
PDCD11	-181.057564
PDCD1LG2	0.12380796600000021
PDCD2	48.23968098999998
PDCD2L	-10.743903100000011
PDCD4	12.085708972200024
PDCD4-AS1	11.191206739999998
PDCD5	-56.11729856499997
PDCD6	-26.257004016666656
PDCD6IP	69.19496569500001
PDCD6IPP2	-26.21734029999999
PDCD6P1	39.489985324
PDCD7	-55.339721975
PDCL	25.820607760000016
PDCL2	0.4599017070000002
PDCL3P4	166.0728166
PDE10A	-0.41374894066666634
PDE11A	-0.05217672449999977
PDE12	-31.20333652974999
PDE1A	0.03487486557142905
PDE1B	0.09136183000000031
PDE1C	0.06821067299999939
PDE2A	-2.1484557299999985
PDE3A	-118.40470616575001
PDE3B	0.7419306233333316
PDE4A	0.2808726845999985
PDE4B	-15.215897180999992
PDE4C	35.21446937050001
PDE4D	-13.08531808733333
PDE4DIP	0.14430286275000093
PDE4DIPP2	2.742913912749998
PDE4DIPP6	1.7187363249999983
PDE5A	-0.0022128285000002634
PDE6A	0.8321956799999999
PDE6B	0.37968127500000115
PDE6B-AS1	-1.5513500779999996
PDE6C	0.11899762899999988
PDE6D	-2.785642570666667
PDE6G	-5.11463882
PDE6H	0.24653248999999988
PDE7A	-4.941852346666664
PDE7B	6.955816071666666
PDE7B-AS1	0.3191168699999998
PDE8A	73.52333360599997
PDE8B	3.671145026333333
PDE9A	18.726647668000002
PDE9A-AS1	-0.8486850840000004
PDGFA	-23.35880223000001
PDGFB	11.450101656500003
PDGFC	-74.08397045000004
PDGFD	-13.845653033500001
PDGFRA	-0.8792485490000006
PDGFRB	-5.269903159999998
PDGFRL	74.09826288
PDHA1	-123.95836219333341
PDHA2	0.08790092400000038
PDHB	-99.44314105000001
PDHX	-178.79558069999996
PDIA2	-0.8950343146666668
PDIA3	-242.1473327633334
PDIA4	-134.58650059999997
PDIA6	-359.07188574999986
PDIK1L	-59.142125320000005
PDILT	0.027587424000000027
PDK1	47.37629726333334
PDK2	22.503106244999998
PDK3	30.981264640000006
PDK4	72.599249954
PDLIM1	421.94436700000006
PDLIM2	53.86958029999998
PDLIM3	-2.6257114206666667
PDLIM4	-0.6546909143999962
PDLIM5	1.8314696552999976
PDLIM7	6.996109537857144
PDP1	21.630184109999988
PDP2	-43.18581974
PDPK1	5.781385704000016
PDPN	-0.16909949899999965
PDPR	26.326718559666674
PDPR2P	1.0746697960000002
PDRG1	-91.89609250000001
PDS5A	-15.751656117500005
PDS5B	-4.260378096666656
PDSS1	-18.013363563
PDSS2	72.582760675
PDX1	1.0208819966666667
PDXDC1	17.730867652
PDXDC2P-NPIPB14P	7.711919890000001
PDXK	130.34035050666668
PDXP-DT	-0.7326951296666664
PDYN	-1.3416749250000004
PDZD11	110.30148609999992
PDZD2	0.029117255000000064
PDZD4	1.59016132
PDZD7	0.13258377400000043
PDZD8	-5.9878184124999905
PDZD9	-0.6736075660000003
PDZK1	-260.45294789999997
PDZK1IP1	-4.248105695
PDZRN3	0.15075072550000002
PDZRN3-AS1	-0.1861928879999999
PDZRN4	0.16040119299999978
PEA15	-105.065964775
PEAK1	1.0118908550000043
PEAR1	1.3539921770000003
PEBP1	742.1007572999999
PEBP4	-3.1702029449999998
PECAM1	4.846199090999999
PECR	-363.2446445
PEF1	-117.83472030000001
PEG10	444.52532712000004
PEG3	-69.88082883000001
PEG3-AS1	-42.140256779999994
PELATON	0.517217650000001
PELI1	-22.965619159
PELI2	-0.9975543790000003
PELI3	21.192288070000004
PELO	-14.689990526000003
PELP1	-13.541934679999997
PELP1-DT	4.19838874
PEMT	-127.14905913
PENK	-0.46256235950000146
PEPD	25.770473100000004
PER2	-179.16878468599998
PER3	-5.003357782750003
PER3P1	0.5204036499999996
PERM1	-1.3729460400000022
PERP	656.0578858030001
PES1	-51.26110988900001
PET100	210.8451459
PET117	-32.706322906000025
PEX1	0.9601978650000049
PEX10	-46.85322585499999
PEX11A	45.325174270000005
PEX11B	87.87312460000004
PEX11G	-1.453487189999997
PEX12	-75.42041864
PEX13	-2.4540841654000047
PEX14	5.225649740000009
PEX16	12.75989787333333
PEX19	-13.904305140000005
PEX2	7.210973296999995
PEX26	-13.203879952000001
PEX3	-34.18450571699992
PEX39	45.192882389999994
PEX5	-4.340037730000006
PEX5L	0.11397185449999947
PEX5L-AS2	-0.19123660099999995
PEX6	5.773714174999995
PEX7	25.717210315000017
PF4	-1.6955765399999994
PF4V1	0.19725731899999976
PFAS	-128.0066826
PFDN1	51.679311600000005
PFDN2	-968.0726612000001
PFDN4	-152.2674602466666
PFDN5	652.5501283499998
PFDN6	18.873135724999997
PFKFB1	-0.16250168033333345
PFKFB2	11.0771809025
PFKFB3	615.1882459000001
PFKFB4	83.60071504000001
PFKL	33.14803705
PFKM	-7.659372929999996
PFKP	311.2381008135
PFKP-DT	1.3564625249999995
PFN1	1107.085512
PFN2	341.12422820000006
PFN4	-0.2661941900000002
PGA4	0.4958774100000021
PGAM1	1077.6655300000002
PGAM2	0.011492630000001114
PGAM5	-6.286754174999999
PGAP1	-4.6951261078
PGAP2	29.552583699999985
PGAP3	5.068521354999994
PGAP4	0.1711318395000001
PGAP6	25.611203250000003
PGBD1	20.387824319999996
PGBD2	3.893094825000002
PGBD3	1.02963192
PGBD4	-8.892636170000003
PGBD5	-46.44116478
PGBDF	-1.1093170499999996
PGC	-1.5575766800000004
PGCKA1	43.182082735
PGD	3.519906576666642
PGF	14.466133519500005
PGGHG	5.6763159150000035
PGGT1B	-34.35498243666667
PGK1	941.0650598783329
PGK2	0.07386264999999881
PGLS	-44.29321460250003
PGLYRP1	-4.265618249999999
PGLYRP2	1.5457181000000002
PGLYRP3	0.3824645310000001
PGLYRP4	-1.507639640999999
PGM1	210.25352349999997
PGM2	37.200284719999985
PGM2L1	79.079384106
PGM3	-5.902849800000013
PGM5	-1.5466275540000014
PGM5-AS1	5.002544764499998
PGP	7.868873035000007
PGPEP1	-2.1418822250000034
PGR	0.8306357910000006
PGRMC1	172.20008465
PGRMC2	70.12613579999999
PGS1	15.380675785500003
PHACTR1	0.21660438833333195
PHACTR2	196.72573524000006
PHACTR2-AS1	-0.10010545849999986
PHACTR3	1.1303790999999999
PHACTR4	8.238890174999995
PHAF1	-8.400703714000002
PHAX	-45.67177392000001
PHB1	114.88079144999995
PHB1P19	0.5764113500000008
PHB2	-995.7491150000001
PHC1	-9.084061100000014
PHC2	-2.4967500270000187
PHC2-AS1	5.266003680000001
PHC3	11.629581628200043
PHETA1	38.82852406000001
PHETA2	-1.0740340600000007
PHEX	-0.15409504399999996
PHEX-AS1	0.5110103320000006
PHF1	-0.38703166999999894
PHF10	136.41115440000004
PHF11	-17.10911713600001
PHF12	-12.065468418999991
PHF13	8.0
PHF14	132.35988388549995
PHF19	19.023652023333327
PHF2	-17.176933722
PHF20	25.959690492000007
PHF20L1	-25.346871885142853
PHF21A	-13.94762469550001
PHF21B	-19.9289631065
PHF23	7.027372950000029
PHF24	-0.8992475555000006
PHF2P1	-1.1230579599999988
PHF3	-20.34827551860002
PHF5A	-218.81367560000007
PHF6	25.07987955499999
PHF7	1.3813444286666652
PHF8	-6.457166972333329
PHGDH	-260.96149909999997
PHGR1	-0.8651958700000009
PHIP	-50.409326467199975
PHKA1	12.942379269999975
PHKA1-AS1	-1.0165976279999995
PHKA2	99.06526689999998
PHKB	-20.370749959499996
PHKG1	-0.22686633750000063
PHKG2	-0.8125991656666685
PHLDA1	-184.90640617166665
PHLDA2	45.678924431999995
PHLDA3	-1.8349401499999995
PHLDB1	-1.4020151816666697
PHLDB2	22.995188704199997
PHLDB3	0.4321341833333321
PHLPP1	3.0805011045000015
PHLPP2	-52.54341552999999
PHOSPHO1	3.4338137400000006
PHOSPHO2	-61.6712718
PHOSPHO2-KLHL23	18.82607473066666
PHOX2A	-3.9377404799999987
PHOX2B	-0.056886790000000076
PHPT1	-2.5700486949999686
PHRF1	-1.5386756250000033
PHTF1	0.5512748225000053
PHTF2	-32.1563665318
PHYH	16.434720000000084
PHYHD1	-0.3226316410000001
PHYHIP	1.3507327300000007
PHYHIPL	-45.12548350000003
PHYKPL	-46.05828823725001
PI15	0.4957913825000002
PI16	7.350985729999998
PI3	-0.893873556
PI4K2A	0.1917395833333444
PI4KA	-15.208311619999996
PI4KAP1	-15.074126499999977
PI4KB	-18.46450437
PIANP	0.1439733650000008
PIAS1	37.051784386666654
PIAS2	0.5956858281249993
PIAS3	72.397175
PIAS4	-10.422940684999986
PIBF1	-21.318872229999997
PICALM	-84.90442652600001
PICART1	-1.327094239500001
PICK1	1.1816943200000054
PICSAR	-0.9034484090000001
PID1	-0.3534661193333335
PIDD1	33.58707135499999
PIERCE1	20.559242165
PIERCE2	-1.529345069999998
PIEZO1	-14.985975029999992
PIEZO2	30.23910169666668
PIF1	5.279922552999999
PIGA	-23.823108000000005
PIGB	17.474074189999996
PIGC	79.44621393466667
PIGF	-77.22977505
PIGG	37.72321239299998
PIGH	-57.781752900000015
PIGK	-113.59123734933331
PIGL	3.811927729000004
PIGM	-21.730775252666653
PIGN	-26.549102044999998
PIGO	-33.332670719999996
PIGP	-193.90005699999995
PIGQ	3.3713764150000003
PIGR	-3.6080580520000005
PIGS	22.746696900000018
PIGT	2.190444990000003
PIGU	-60.194886800000006
PIGV	56.94963713
PIGW	-17.965621700000014
PIGX	29.61216411000001
PIGY	-47.649793250000016
PIGZ	162.74761397
PIH1D1	38.0804024
PIH1D2	7.787579990000001
PIK3AP1	19.522325763499992
PIK3C2A	14.496582543000002
PIK3C2B	111.5102214
PIK3C2G	-0.46773756099999986
PIK3C3	9.765711873
PIK3CA	-2.281935754333329
PIK3CA-DT	0.07272466899999985
PIK3CB	2.9565298879999915
PIK3CD	32.093970422
PIK3CD-AS1	-2.1390048899999954
PIK3CG	-0.12141767133333303
PIK3IP1	22.111171833333334
PIK3IP1-DT	-0.0639820000000002
PIK3R1	-0.32452409033334106
PIK3R2	62.53132489250001
PIK3R3	-7.477801584999995
PIK3R4	7.157410074333335
PIK3R5	-0.650808666333333
PIK3R6	-0.16645995000000013
PIKFYVE	8.626567069999993
PILRA	0.1960195364999997
PILRB	14.404098990000008
PIM1	3.1735765099999966
PIM2	6.295794539999996
PIM3	-129.86060759999998
PIMREG	47.4992735
PIN1	-35.45321419999999
PIN1P1	-2.341341889999999
PIN4	172.70144444750002
PINK1	106.8325686
PINK1-AS	1.0684650799999993
PINLYP	1.0460077500000011
PINX1	-63.08621317000001
PINX1-DT	0.0394617110000004
PIP	-1.6028418870000003
PIP4K2A	49.132408573333336
PIP4K2B	1.434750162500002
PIP4K2C	29.998755500000016
PIP4P1	-25.129466100000002
PIP4P2	-4.568996129999999
PIP5K1A	-23.885234276666687
PIP5K1B	-0.2816354644999999
PIP5K1C	9.587555449999996
PIP5KL1	-4.532207419999999
PIPOX	-0.3985879250000002
PIR	-305.6946722
PIR-FIGF	0.03551357399999944
PIRT	-0.2321268199999995
PITHD1	8.039438577666658
PITPNA	-6.945550253333337
PITPNA-AS1	-19.084027099999986
PITPNB	-247.8813781
PITPNC1	1.6486542755999984
PITPNM1	22.26855271
PITPNM2	1.9116078133333332
PITPNM3	-0.08857840649999904
PITRM1	-1.0341284800000068
PITRM1-AS1	0.8755681280000003
PITX1	13.336197295000002
PITX1-AS1	-0.10040558000000033
PITX2	-0.47867454500000006
PITX3	-1.9964682399999987
PIWIL1	0.3550593409999996
PIWIL2	1.9856534199999984
PIWIL4	0.5972577080000003
PJA1	97.58562909999998
PJA2	-10.035514199999994
PJVK	-34.644696589999995
PKD1	-7.270217460000001
PKD1L1	0.4619081664999998
PKD1L1-AS1	-0.06061520600000048
PKD1L2	5.7194261499999985
PKD1P1	-232.1247789155001
PKD2	-33.1777319
PKD2L1	-0.6094971799999982
PKD2L2	-0.7564449830000002
PKDCC	260.1083983
PKDREJ	0.24639434000000016
PKHD1	-0.08549046799999971
PKHD1L1	-0.8758758060000007
PKIA	0.1946782865000003
PKIA-AS1	0.19503908299999972
PKIB	669.43314385
PKIG	-34.623992499999986
PKLR	0.14733778333333447
PKM	391.963494945
PKMYT1	-7.752687600000002
PKN1	3.4453591999999844
PKN2	-61.8827060553333
PKN3	2.867801110000002
PKNOX1	6.3230354662
PKNOX2	-0.5019598352500001
PKP1	1.7282701424999978
PKP2	49.168572052000016
PKP3	9.490214236
PKP4	-67.33355916420001
PKP4-AS1	0.03310695899999949
PLA1A	5.715686886
PLA2G12A	-67.85463422999999
PLA2G12B	67.39312372000002
PLA2G15	26.10404089
PLA2G1B	0.11620215399999978
PLA2G2A	11.082108050000002
PLA2G2D	-2.5220759400000006
PLA2G2E	0.7296759309999992
PLA2G2F	0.818589072
PLA2G3	-3.496689449999998
PLA2G4A	0.2133551589999998
PLA2G4C	-0.42546704649999967
PLA2G4D	-1.21919078
PLA2G4E-AS1	-0.12811281500000016
PLA2G4F	3.2880718200000025
PLA2G5	-0.07754480599999969
PLA2G6	2.1133751699999976
PLA2G7	-0.9848344490000001
PLA2R1	0.6866981817500006
PLAA	-33.02219468
PLAAT1	-38.31759122100001
PLAAT2	-1.9335353799999986
PLAAT3	-37.747487399999955
PLAAT4	2.955875299999999
PLAAT5	1.0306651759999994
PLAC1	-0.8114862399999971
PLAC4	0.04876877266666746
PLAC8	1041.8814773000001
PLAC8L1	-1.151583630000001
PLAC9	-0.32661663399999874
PLAG1	-2.161862664000001
PLAGL1	305.11431576666655
PLAGL2	-23.357683589999994
PLAT	0.7646071330000002
PLAU	1.7646822269999998
PLAUR	23.539551443333334
PLB1	-0.3584083420000006
PLBD1	-50.65695399999993
PLBD1-AS1	-2.292289018999999
PLBD2	12.965269475000014
PLCB1	-1.399103584333334
PLCB2	0.28619152499999956
PLCB3	6.029507210000006
PLCB4	0.17032784600000017
PLCD1	14.978756670000003
PLCD3	13.435163200000005
PLCD4	0.9626307110000001
PLCE1	9.207253232600003
PLCE1-AS2	-0.5135765050000005
PLCG1	62.020335259999996
PLCG1-AS1	0.8424541019999996
PLCG2	0.09850231849999957
PLCH1	2.806799661333332
PLCH1-AS1	1.4627593529999992
PLCH2	-0.06675383000000323
PLCL1	0.052186347500000174
PLCL2	-0.1128031003333323
PLCXD1	169.34673355500001
PLCXD2	1.2467812999999985
PLCXD3	0.6168531330000002
PLCZ1	-0.11443910400000057
PLD1	34.69426613042857
PLD2	4.571149349999999
PLD3	23.583589439999997
PLD4	-1.350140992
PLD5	0.1679850574999997
PLD6	-44.005071715
PLEC	27.135969123499997
PLEK	-4.366391373500001
PLEK2	19.414689440000004
PLEKHA1	317.2952445000001
PLEKHA2	77.28555272166665
PLEKHA3	31.673613426666677
PLEKHA4	-0.6962037199999997
PLEKHA5	14.91532640699998
PLEKHA6	24.09668441
PLEKHA7	44.948634334999994
PLEKHA8	-2.050377922666655
PLEKHA8P1	15.161299189999994
PLEKHB1	-3.2539931199999987
PLEKHB2	16.31254301333331
PLEKHF1	4.743435700000003
PLEKHF2	12.727906144999999
PLEKHG1	-0.045825424000000226
PLEKHG2	13.592814133333327
PLEKHG3	-10.326374297500003
PLEKHG4	-13.360257019999999
PLEKHG4B	6.158642385
PLEKHG5	-0.015078285000001301
PLEKHG6	3.2587118129999997
PLEKHH1	46.123006544999996
PLEKHH2	-23.07627054333333
PLEKHH3	-4.889951339500001
PLEKHJ1	46.46131029999998
PLEKHM1	16.46759155
PLEKHM1P1	0.1399512999999999
PLEKHM2	-3.576122269999999
PLEKHM3	-2.2229286810000026
PLEKHN1	8.855609509999994
PLEKHO1	-4.453924019999999
PLEKHO2	10.301412810000002
PLEKHS1	0.04198777850000024
PLG	-0.007645873999999608
PLGLB2	6.02369258175
PLGRKT	-81.96023190000001
PLIN1	1.0568077000000002
PLIN2	398.86589176550007
PLIN3	250.5383051
PLIN4	-8.01756142
PLIN5	1.401182821166664
PLK1	-20.02301337
PLK2	0.377404222
PLK3	-0.8057291566666613
PLK4	6.196394305333335
PLK5	0.3895944500000006
PLLP	215.1503123
PLN	-0.04889652733333261
PLOD1	88.39149799999998
PLOD2	583.178403
PLOD3	-93.6231602
PLP1	-0.2244708580000001
PLP2	378.10151240000005
PLPBP	-75.14395512939998
PLPP1	63.584081449999985
PLPP2	-56.8822672
PLPP3	4.932822700000031
PLPP4	-0.13917135300000005
PLPP5	69.34390467499998
PLPP6	-11.943519770000002
PLPP7	-39.983118759999996
PLPPR1	-0.7376171384999992
PLPPR2	18.068454255
PLPPR3	-2.832687469999996
PLPPR4	-0.08584180799999963
PLPPR5	-0.30912242449999994
PLPPR5-AS1	0.03976953800000027
PLRG1	-567.2175083899999
PLS1	-13.4559079
PLS3	227.18424300000015
PLSCR1	37.90337390299999
PLSCR2	0.2860406600000003
PLSCR4	13.507933686
PLTP	1.6121085480000001
PLVAP	1.9565572499999977
PLXDC1	0.7497120950000014
PLXDC2	0.36247102283333366
PLXNA1	-19.374063746666664
PLXNA2	23.280247533999997
PLXNA3	0.10151286000000326
PLXNA4	0.007157970499999777
PLXNB1	2.571948160000005
PLXNB2	-14.019003160000011
PLXNB3	-1.3023720369999996
PLXNC1	13.771095040000006
PLXND1	21.61175613000001
PM20D1	-1.382946231
PM20D2	-151.78920853566663
PMAIP1	-128.41207960000003
PMCH	-4.089544829999998
PMCHL1	-0.5590502610000003
PMCHL2	0.24795902099999978
PMEL	0.6389049299999989
PMEPA1	42.473572186666665
PMF1	41.53756846
PMFBP1	0.8530651099999993
PML	1.3543330148000017
PMM1	-62.52782029999997
PMM2	-98.60953040000001
PMP2	0.3723907419999999
PMP22	1.1917474415000022
PMPCA	18.44213880000001
PMPCB	-12.137568291500031
PMS1	-13.641228611799995
PMS2CL	-11.86429852500001
PMS2P1	-16.88631209750001
PMS2P13	-24.16575342
PMS2P2	5.78816458
PMS2P3	6.011139010000008
PMS2P4	-0.33194000850000016
PMS2P5	3.9493719649999974
PMS2P8	25.61579714999999
PMS2P9	-8.075807269999999
PMVK	-9.733009500000009
PNCK	0.7536824700000011
PNISR	45.6626783683333
PNISR-AS1	41.84742943
PNKD	68.43545628000001
PNKP	1.2486243599999938
PNLDC1	0.429640193
PNLIP	-1.1636922740000002
PNLIPRP1	-0.2557226709999991
PNLIPRP2	0.10098560000000045
PNLIPRP3	-0.33473603900000004
PNMA1	33.0606219
PNMA2	89.211253586
PNMA3	-4.594234290000003
PNMA6A	-5.850339979999987
PNMA8A	18.143034400000005
PNMA8B	4.69942614
PNMT	-6.619841310000002
PNN	-42.7614565639999
PNO1	-149.82720118999998
PNOC	-0.15393883399999986
PNP	-15.275659999999988
PNPLA1	0.11322657100000022
PNPLA2	13.406575720000006
PNPLA3	12.859607885000003
PNPLA4	0.13406435450000043
PNPLA5	-0.6820116199999973
PNPLA6	25.16127874
PNPLA7	0.22132619300000123
PNPLA8	-103.79057746666669
PNPO	42.866338549999995
PNPT1	-592.2138659
PNRC1	-157.99780239999996
PNRC2	-202.31554954999996
POC1A	9.086962710000009
POC1B	-0.7286376000000132
POC5	-46.14924001999999
PODN	-0.1784775629999995
PODNL1	-6.248010460000003
PODXL	373.5617868
PODXL2	2.91990397
POF1B	40.400536560000006
POFUT1	-11.894405879499992
POFUT2	10.703276432749995
POFUT3	8.648290602000003
POFUT4	112.602124095
POGK	-38.95810586900001
POGLUT1	-7.101728749999978
POGLUT2	-36.249371999999994
POGLUT3	49.13497129999999
POGZ	8.665995254999999
POLA1	60.596799000000004
POLA2	14.226701986666669
POLB	-92.2232326395
POLD1	40.2609937
POLD2	-199.6905836
POLD3	33.13536221499999
POLD4	86.79431059999999
POLDIP2	-100.76516284999997
POLDIP3	-27.1642668315
POLE	-9.8642289
POLE2	105.26325990000004
POLE3	-66.74703589999996
POLE4	80.69230517066666
POLG	12.23943011
POLG2	-5.166537900000009
POLH	1.090302742333332
POLI	8.966072024000006
POLK	-16.045543863000006
POLL	2.466029689999999
POLM	-0.8106704799999989
POLN	2.8007945549999995
POLQ	4.769162699999995
POLR1A	-2.9864164300000056
POLR1B	-70.50771224249999
POLR1C	33.68671415
POLR1D	-46.06279400666665
POLR1E	-7.700485686666667
POLR1F	-55.33077119499998
POLR1G	-51.60773409999999
POLR1H	-42.59715433416669
POLR1HASP	0.2452146390000003
POLR2A	21.91512283600001
POLR2B	86.583532085
POLR2C	-177.95373958333334
POLR2D	-15.960832629999999
POLR2E	-41.70294345000002
POLR2F	17.66532574499999
POLR2G	-288.42573000000016
POLR2H	99.54127510000001
POLR2I	115.07046320000006
POLR2J	-36.39357740666668
POLR2J2	7.9907549200000005
POLR2J4	9.532794707999997
POLR2K	-68.63884499999995
POLR2L	386.39808214000004
POLR2M	-37.01788257424998
POLR3A	-45.44931645766668
POLR3B	-17.36765779233332
POLR3C	-26.274263995000013
POLR3D	-25.304214700000003
POLR3E	-46.6787772875
POLR3F	-52.45379851999999
POLR3G	-2.7077510790000012
POLR3GL	29.582342299999993
POLR3H	-23.69775173500001
POLR3K	-48.47761047399999
POLRMT	-2.357911452666663
POM121	47.75737421500003
POM121C	-7.569106999999974
POM121L10P	-1.2023007862000021
POM121L12	-0.607082179999999
POM121L1P	-1.9346287100000001
POM121L2	-1.066508709999999
POM121L8P	0.5709742669999995
POM121L9P	-0.20058895350000006
POMC	0.044264270000001105
POMGNT1	5.9320478906666665
POMGNT2	50.17868809999999
POMK	1.6128601099999997
POMP	121.69666667999991
POMT1	-4.459086650000003
POMT2	12.897878610000006
POMZP3	-1.5457970999999873
PON1	-0.016445753000000174
PON2	234.63652756900024
PON3	-253.99098539999994
POP1	-6.365410709999999
POP4	26.865773285000017
POP5	523.2044421
POP7	16.6168902
POPDC1	-0.9280740494999975
POPDC1-AS1	0.007356026999999266
POPDC2	-18.55700728550002
POPDC3	-66.8804609
POR	31.396142830000002
PORCN	0.8440880700000051
POSTN	-0.3229848172499996
POT1	-21.704079949999993
POTEH-AS1	0.2038316309999999
POTEKP	30.335919490000002
POTEM	31.213465799999994
POU1F1	-0.5608696240000004
POU2AF1	-0.12130506000000008
POU2AF2	0.8799818299999984
POU2AF3	46.58430166
POU2F1	2.3464358599999926
POU2F2	0.8203445721428579
POU2F3	-0.13120063950000027
POU3F1	-0.6271741410000011
POU3F2	-0.7302022304999998
POU3F3	-0.37322150266666654
POU3F4	-1.1882024099999997
POU4F1	-26.880804949999998
POU4F2	-0.36515925299999985
POU4F3	0.23589304199999983
POU5F1B	13.88453364
POU5F1P3	47.952112875000005
POU5F1P4	40.841436349999995
POU5F2	1.2856107819999991
POU6F1	-2.5625947510000007
POU6F2	0.7551921789999998
POU6F2-AS2	0.2814061099999998
PP12613	0.48565551599999957
PP2D1	0.17361838099999982
PPA1	-132.50882299999967
PPA2	-95.10639523080005
PPAN-P2RY11	-67.81540738499997
PPARA	5.482024062666664
PPARD	17.995670096250002
PPARG	258.7423749
PPARGC1A	-0.18018100700000073
PPARGC1B	-3.1747822024999977
PPAT	-74.348521015
PPBP	0.56904829
PPBPP2	-1.6143715699999994
PPCDC	-24.328482459999996
PPCS	52.760334640000025
PPDPF	49.46627455666669
PPDPFL	1.262453742
PPEF1	3.5501331710000006
PPEF2	-0.05192583800000028
PPFIA1	-44.981235004999974
PPFIA2	0.3818018196666664
PPFIA3	5.361470609999998
PPFIA4	3.2139770950000006
PPFIBP1	2.5001604301999976
PPFIBP2	86.33663884999999
PPHLN1	35.8830972824
PPIA	-637.9604527760002
PPIAL4A	-0.60294713
PPIAP34	-907.6653723300005
PPIB	-2206.2328670000006
PPIC	-22.61296385000003
PPID	-214.582723
PPIE	-255.31063016333331
PPIEL	-2.3843963650000006
PPIF	-98.40099430000004
PPIG	54.54206241000003
PPIH	-53.5337543
PPIL1	-254.754912
PPIL2	7.301321643333338
PPIL3	-40.11224749999997
PPIL4	-27.204682700000006
PPIL6	-0.40272071666666776
PPIP5K1	-9.72321836
PPIP5K2	-58.10646780000002
PPL	145.09938762
PPM1A	-13.057703548000006
PPM1B	-132.1164615
PPM1D	-3.1890796449999996
PPM1E	-2.031440989
PPM1F	10.02630818099999
PPM1F-AS1	0.11183803499999989
PPM1G	-57.60099219999995
PPM1H	-0.7719119543333335
PPM1J	7.928144530000001
PPM1K	-35.671897558
PPM1L	1.098291964333331
PPM1M	-1.3165581100000026
PPM1N	1.3087330570000013
PPME1	31.408425223999984
PPOX	8.229263046666667
PPP1CA	14.184970000000135
PPP1CB	15.498014894999983
PPP1CC	342.1845930000002
PPP1R10	-14.147278485000001
PPP1R11	65.36275780525
PPP1R12A	-67.55553449333334
PPP1R12B	1.302639837000001
PPP1R12C	0.46326561999999427
PPP1R13B	8.14063136
PPP1R13L	52.444703510000004
PPP1R14A	-0.7487872060000003
PPP1R14B	-322.31070579999994
PPP1R14C	-0.752920466
PPP1R14D	-4.162749869999999
PPP1R15A	-125.59381574500003
PPP1R15B	-374.59999999999997
PPP1R16A	37.484466049999995
PPP1R16B	-0.34996689533333303
PPP1R17	-0.7843801505000005
PPP1R18	103.6579118
PPP1R1A	-2.1743860815
PPP1R1B	0.7915230599999976
PPP1R1C	-3.549644596999997
PPP1R2	-255.92368748750002
PPP1R21	15.031246759999988
PPP1R26	-22.10000000000001
PPP1R26-AS1	3.9707901999999997
PPP1R27	2.538514929999998
PPP1R2C	-0.9994545290000003
PPP1R35	-1.8209227000000112
PPP1R36	3.2834296729999988
PPP1R37	3.7196455546666662
PPP1R3A	0.33526795299999934
PPP1R3B	8.814438987333336
PPP1R3B-DT	14.835481379999997
PPP1R3C	71.114785286
PPP1R3D	-1.1790382300000033
PPP1R3E	28.81460215
PPP1R3F	-2.79039564
PPP1R7	-44.916866936666736
PPP1R8	-61.816672100000005
PPP1R9A	7.866812866749996
PPP1R9B	1.2367702749999978
PPP2CA	-13.952632928333344
PPP2CB	-17.820057080499964
PPP2R1A	23.592361900000014
PPP2R1B	-40.108157005799995
PPP2R2A	-28.993597955500007
PPP2R2B	-0.6811686444999996
PPP2R2C	-1.3941811631666674
PPP2R2D	11.576203460000002
PPP2R3A	12.882359013333321
PPP2R3B	1.093140439999999
PPP2R3C	-11.917998691666668
PPP2R5A	-15.067221079500001
PPP2R5B	7.465978449999994
PPP2R5C	40.65527309866664
PPP2R5D	27.19059082999999
PPP2R5E	-11.692177775000005
PPP3CA	134.19843056666656
PPP3CA-DT	23.470137070000007
PPP3CB	49.955279399999995
PPP3CB-AS1	16.47530271
PPP3CC	-4.2691912905
PPP3R1	-59.452362550000004
PPP3R2	-0.42196600999999934
PPP4C	163.96697360000007
PPP4R1	197.77575960000001
PPP4R1L	-0.46417606099999986
PPP4R2	-34.700102956666655
PPP4R3A	-15.533505069999975
PPP4R3B	-17.717181055500006
PPP4R3C	0.7377989969999996
PPP4R4	7.77899269666667
PPP5C	4.8732259399999975
PPP5D1P	-0.32294797999999947
PPP6C	-33.415318357499984
PPP6R1	16.268675700000017
PPP6R2	7.672020297500005
PPP6R3	-16.116857306666645
PPRC1	-86.5856674
PPT1	-114.69002899999987
PPTC7	-38.150554374333296
PPWD1	-3.531530388500002
PPY	-0.3284461140000001
PPY2P	-0.23792668200000033
PQBP1	-43.93224844333329
PRAC1	1.8045133020000002
PRAC2	-4.246161899999997
PRADC1	100.49151850000001
PRAF2	-3.616611380000002
PRAG1	168.16062749999998
PRAM1	-0.7194050499999989
PRAME	19.29804335
PRAME-AS	2.67713455
PRAMEF10	-2.0390822990000004
PRAMEF11	1.010276600000001
PRAMEF12	-0.8277865860000002
PRAMEF2	0.6308636100000005
PRAP1	30.400727240000002
PRB1	-1.1806517200000002
PRB3	2.329560900999999
PRB4	1.0037744770000003
PRC1	-96.90603399999998
PRCC	-35.47117426
PRCD	-2.4172146764999987
PRCP	15.988152322499985
PRDM1	-1.4231918253333316
PRDM10	1.4806126150000054
PRDM10-DT	1.8331641569999997
PRDM11	-1.1205722044999966
PRDM12	-2.342762520000001
PRDM13	-164.86043766
PRDM14	-1.9028765900000018
PRDM15	7.5639996430000025
PRDM16	0.5157729780000002
PRDM16-DT	-2.7976968909999993
PRDM2	-21.562313660750007
PRDM4	-16.092379455000014
PRDM5	-0.2638429026666671
PRDM6	-3.096979683499999
PRDM7	0.22795659300000004
PRDM8	4.200183320000001
PRDM9	0.038549045999999976
PRDX1	979.568084
PRDX2	24.227602507500023
PRDX3	3.1460847800001375
PRDX4	-288.85561499999994
PRDX5	127.87440900000001
PRDX6	-330.287425
PRDX6-AS1	4.088440040000002
PREB	-168.46721090000005
PRELID1	-183.4994666
PRELID2	23.485786632000003
PRELID3A	-25.01953547
PRELID3B	-134.69096756666664
PRELP	0.3975037836666644
PREP	8.045577103333343
PREPL	-114.25666909974998
PREX1	3.552706015000002
PREX2	-0.11414173350000034
PRF1	-2.562842709999998
PRG2	-0.44760721599999975
PRG3	2.3159001349999997
PRG4	0.2974289619999997
PRH2	2.3983350299999984
PRICKLE1	0.5129588042500011
PRICKLE2	-0.7990822600000005
PRICKLE2-AS3	0.10192506200000029
PRICKLE3	3.1281288100000015
PRIM1	228.65908600000006
PRIM2	21.468869500000004
PRIM2BP	4.619987417249999
PRIMA1	0.14915712999999897
PRIMPOL	0.86704632
PRKAA1	-6.228024329800007
PRKAA2	2.707518250000007
PRKAB1	-6.974054889999998
PRKAB2	-113.2829933733333
PRKACA	2.1749807020000027
PRKACB	129.97532168333333
PRKACG	-1.2543601200000012
PRKAG1	-16.560604000000012
PRKAG2	25.226351108000003
PRKAG2-AS1	-4.058945548666667
PRKAG2-AS2	-1.3240316879999998
PRKAG3	2.7808031699999987
PRKAR1A	-33.949365075999935
PRKAR1B	1.180328165000006
PRKAR1B-AS1	-0.24437596300000042
PRKAR2A	17.205303702000037
PRKAR2B	-12.121467106
PRKCA	132.491192349
PRKCA-AS1	0.12317264749999968
PRKCB	-0.2150501811666672
PRKCD	-0.6446768600000006
PRKCE	5.921936726666665
PRKCG	2.5663507450000083
PRKCH	-7.331723506666663
PRKCI	-149.24503721333332
PRKCQ	-3.232660094499998
PRKCQ-AS1	0.32760678733333304
PRKCSH	36.93607044999999
PRKCZ	-13.110992599999975
PRKCZ-AS1	-4.349365469999995
PRKD1	7.367989008000002
PRKD2	16.457625173333334
PRKD3	9.684717802600005
PRKDC	-141.01453743600007
PRKG1	-1.196889379
PRKG1-AS1	0.009287644999999678
PRKG2	0.7345319049999999
PRKN	-0.02886448933333341
PRKRA	-52.89338121500003
PRKX	15.659525359999996
PRKXP1	0.10195408533333339
PRKY	6.7982099645
PRL	0.5145924740000005
PRLH	-2.594808200000003
PRLHR	-0.5634319569999997
PRLR	-0.16684639014285807
PRM1	-0.37099296000000237
PRM2	-0.6613915090000004
PRM3	-2.802892869999999
PRMT1	-385.06842104500004
PRMT2	57.445222228
PRMT2IP	5.248910755666671
PRMT3	-235.3077248
PRMT5	-117.80929316666669
PRMT5-AS1	-1.346042594
PRMT6	-125.1645892
PRMT7	-1.3301593900000057
PRMT8	-1.426793592500001
PRMT9	-0.5746618999999953
PRND	-1.6931944799999998
PRNP	-197.31577388000005
PRNT	-2.6617920579999996
PRO1804	0.8147083749999999
PROC	-38.94212672
PROCA1	3.69837785
PROCR	5.4596626499999985
PRODH	25.223542540000004
PRODH2	20.838551495000004
PRODHLP	0.07008291
PROK1	0.26681152000000097
PROK2	0.218093219
PROKR2	-1.9550452539999998
PROM1	-181.50000000000006
PROM2	-2.0975647021999997
PROP1	2.9550158
PRORP	5.717787620000003
PRORSD1P	8.50456248
PRORY	-2.281189490000001
PROS1	35.78800339999998
PROSER1	-29.242871295
PROSER2	-14.266095815
PROSER2-AS1	-0.6743748420000006
PROSER3	23.482320615000006
PROX1	115.09900630000004
PROX1-AS1	-0.6839064669999999
PROX2	1.329885751
PROZ	0.0
PRP4K	-18.121290570000014
PRPF18	0.3539038596666728
PRPF19	-77.9714032
PRPF3	-70.929417
PRPF31	-7.952894186666683
PRPF38A	9.238398653333341
PRPF38B	-55.892661894999975
PRPF39	-90.14388790000004
PRPF4	-14.502448699999974
PRPF40A	-123.86684280933332
PRPF40B	8.499741550000003
PRPF6	46.01888690999999
PRPF8	-34.615910299999996
PRPH	-8.009333479999995
PRPH2	-4.206373620999999
PRPS1	64.81688140000006
PRPS1L1	0.781886332
PRPS2	138.366873995
PRPSAP1	27.947384095000018
PRPSAP2	-79.86296049999999
PRR11	47.91644226666671
PRR12	2.8331804500000004
PRR13	-435.1370627
PRR14	18.059314933333326
PRR14L	5.247670797500007
PRR15	3.2356088299999994
PRR15L	8.75570987
PRR16	-0.08815296150000052
PRR18	-1.1276066599999996
PRR19	-0.9661155499999996
PRR20E	-1.6883042379999997
PRR22	-7.558556334999992
PRR23D2	0.3016904250000003
PRR23E	0.9220481499999997
PRR29	5.771385760000001
PRR3	-58.2213062
PRR30	6.403491310000003
PRR32	0.32463962599999974
PRR34	5.20843897
PRR34-AS1	0.38120510099999994
PRR35	-2.911584750000003
PRR36	-1.8709194900000057
PRR4	-7.165666854999998
PRR5	2.2695349150000013
PRR5-ARHGAP8	0.20469020824999973
PRR5L	-0.004823789999999661
PRR7	-2.775763150000003
PRR7-AS1	0.1753391079999993
PRR9	-0.03386969100000048
PRRC1	18.429293949999987
PRRC2A	-21.963514066666676
PRRC2B	-17.16799737999999
PRRC2C	-72.6376814333334
PRRG1	-27.64724889
PRRG2	4.578156790000001
PRRG3	-0.06465322449999977
PRRG4	29.440484210000008
PRRT1	11.033467338333331
PRRT2	1.3051636299999991
PRRT3	9.82700904
PRRT3-AS1	-12.78498612
PRRX1	-1.0345648263333338
PRRX2	-16.82773682
PRRX2-AS1	2.9363295800000007
PRSS1	0.692447091
PRSS12	1.3486307380000007
PRSS16	-132.4411376
PRSS2	-0.6077283690000002
PRSS21	-1.3324756900000008
PRSS22	-4.858659500000002
PRSS23	1084.13887463275
PRSS27	-1.7784690220000012
PRSS3	-2.836822665499998
PRSS30P	-0.8269033799999992
PRSS33	0.17612204199999937
PRSS35	0.34183000599999946
PRSS36	-1.6287724299999997
PRSS37	-0.7023366920000003
PRSS3P2	-0.38123359999999806
PRSS40B	0.24682994800000024
PRSS50	-2.3231838099999997
PRSS53	-4.769975180000003
PRSS54	0.2873745080000001
PRSS55	0.42110631799999965
PRSS58	0.6271496899999995
PRSS59P	0.3936111199999992
PRSS8	0.9364488070000005
PRTFDC1	1.2340238569999995
PRTG	-21.07670544333334
PRTN3	1.2445559310000007
PRUNE1	-16.655974525000005
PRUNE2	-0.2729387670000003
PRX	-2.6375187219999994
PRXL2A	127.54370615666664
PRXL2B	134.09344966999998
PRXL2C	-269.35621030000004
PRY2	1.6575190800000001
PSAP	608.6162089500001
PSAPL1	-3.06480758
PSAT1	-1189.08158995
PSCA	-1.7203097449999998
PSD	3.5338343099999996
PSD2	0.026093219999999917
PSD3	43.78045887666667
PSD4	9.658984744666668
PSEN1	23.866857111857144
PSEN2	-26.193527463333332
PSENEN	-91.79796910000005
PSG1	1.3028206236666655
PSG11	-0.7222356000000012
PSG2	-0.21262056399999985
PSG3	-0.8389951353333327
PSG4	-2.3719969899999995
PSG5	0.5860052834999987
PSG6	1.163724114999999
PSG7	1.7998054299999993
PSG9	1.3311012363333354
PSIP1	-28.015263476499996
PSKH1	6.754902510000001
PSKH2	-0.10401556999999961
PSMA1	-107.16209466666669
PSMA2	104.50104204749994
PSMA3	-33.5766723943334
PSMA3-AS1	-12.398430609999991
PSMA4	-194.0450390000001
PSMA5	-549.792172295
PSMA6	-140.1790735999998
PSMA7	-378.45146234999993
PSMA8	0.34210943299999963
PSMB1	566.5946292829999
PSMB10	-38.262868700000006
PSMB2	18.369043378250012
PSMB3	168.82982300000003
PSMB4	-78.87806929999988
PSMB5	-103.24619699999994
PSMB6	-232.36232599999994
PSMB7	-28.695964234999906
PSMB8	-0.63829241
PSMB8-AS1	-0.8199988109999996
PSMB9	-2.5202496299999986
PSMC1	-24.170261999999866
PSMC2	-123.39234705333354
PSMC3	-53.93884990000004
PSMC3IP	33.43898475
PSMC4	7.573087500000042
PSMC5	-133.92478599999993
PSMC6	-132.28235800000016
PSMD1	254.4596515500001
PSMD10	-5.383098399999994
PSMD11	-155.82770999999997
PSMD12	-204.77500340000006
PSMD13	41.24735245000005
PSMD14	-1338.80929
PSMD14-DT	-0.332684038
PSMD2	62.03160200000002
PSMD3	63.773213999999996
PSMD4	-234.31051454499993
PSMD5	-11.472520540499971
PSMD6	-44.35050060749995
PSMD6-AS2	0.3376451849999995
PSMD7	-462.4482223
PSMD7-DT	0.8292230180000004
PSMD8	-132.3586519999999
PSMD9	-10.960381384999948
PSME1	-81.6067261
PSME3	-67.48390195250002
PSME3IP1	19.12883227499998
PSME4	13.189194113333343
PSMF1	-1.079773192499971
PSMG1	-490.5303329000001
PSMG2	61.30506700000001
PSMG3	-111.89209649999998
PSMG3-AS1	-9.25879157
PSMG4	31.201774794399995
PSORS1C1	7.008230866
PSORS1C2	-1.3557324400000006
PSORS1C3	3.544818843
PSPC1	-8.412074125999986
PSPH	-253.5692334266667
PSPN	-4.563224814999998
PSRC1	-5.0662037999999825
PSTK	11.051137951999994
PSTPIP1	-2.5473246969999987
PSTPIP2	-10.990517999999998
PTAFR	-0.5120013899999982
PTAR1	-93.44990188333335
PTBP1	9.048837201499964
PTBP2	-4.278770124999994
PTBP3	260.620366108
PTCD1	-9.742544949999996
PTCD2	-28.42219774499999
PTCD3	-3.69150039500002
PTCH1	-15.522649800499995
PTCH2	2.5919006499999995
PTCHD1	0.12310293849999887
PTCHD3P1	11.62961774
PTCHD4	-0.7679800389999993
PTCRA	-2.336789136666674
PTCSC1	4.294915399999999
PTDSS1	172.8094595
PTDSS2	-10.4725866
PTEN	76.38793691342858
PTENP1	261.9761602
PTER	105.49165705000001
PTGDR	-0.0012031080000003413
PTGDR2	-4.4284971005
PTGDS	-0.4835743133333317
PTGER1	-2.9671420366666723
PTGER2	17.528096610000002
PTGER3	-7.4425667135
PTGER4	-110.29829031650002
PTGER4P2-CDK2AP2P2	0.4892997500000007
PTGES	172.29676393
PTGES2	-15.987559499999989
PTGES3	-789.447878
PTGES3L	-0.5931461369999997
PTGES3L-AARSD1	-61.36458669999999
PTGFR	0.25563874249999996
PTGFRN	57.00773219999999
PTGIR	4.277751254999998
PTGIS	-1.1023649383333325
PTGR1	-0.1527281519999999
PTGR2	-7.105463239999999
PTGR3	-2.423137275857144
PTGS1	-1.805656460749999
PTGS2	0.03616281449999992
PTH	-0.43969783500000004
PTH1R	2.7389380600000024
PTH2	4.1404373299999975
PTH2R	-0.4457145339999995
PTHLH	2.8428370596666666
PTK2	-12.795143367500017
PTK2B	1.3957523649999999
PTK6	3.069822460000001
PTK7	2.939223045000002
PTMA	248.98836485000015
PTMAP11	-0.340419636
PTMAP12	148.37328993333313
PTMS	-0.9333523249999942
PTN	-0.3394380552499996
PTOV1	83.8025265
PTOV1-AS1	0.6710448785
PTOV1-AS2	2.2278104293333314
PTP4A1	-545.9616128160001
PTP4A2	657.5750099499999
PTP4A3	-2.099694596666666
PTPA	0.34587528333332784
PTPDC1	-4.143536489999999
PTPMT1	26.925654019999996
PTPN1	12.01147357
PTPN11	-116.57454025983344
PTPN12	76.24773280833332
PTPN13	-13.261006127499996
PTPN14	-111.6727286325
PTPN18	5.082842143666674
PTPN2	-16.445995576
PTPN20	-8.459005390000002
PTPN21	-3.7784503674000014
PTPN22	-0.027258131500000005
PTPN23	-9.424171195500001
PTPN3	57.28848348999999
PTPN4	25.3703343555
PTPN5	-0.03071525566666722
PTPN6	37.17686878999999
PTPN7	0.042486900500000147
PTPN9	-5.312343650666669
PTPRA	22.079302686666665
PTPRB	-0.5810887494999992
PTPRC	-0.01995675859999979
PTPRCAP	-1.4997293200000001
PTPRD	-0.41802866225000024
PTPRE	-0.35152388499999976
PTPRF	60.52535639725001
PTPRG	-12.214770964999985
PTPRG-AS1	0.537534902
PTPRH	-23.709894479999996
PTPRJ	58.00573148533333
PTPRK	48.76563035999993
PTPRK-AS1	-0.020261326999999607
PTPRM	540.0957521
PTPRN	7.1142638
PTPRN2	-0.08087154033333377
PTPRN2-AS1	-1.5656709599999985
PTPRO	445.6805344410002
PTPRR	0.3257934159999998
PTPRS	11.502061705666655
PTPRT	-0.50904989
PTPRT-AS1	0.015254054999999767
PTPRU	4.562768599999998
PTPRZ1	-0.07999501900000006
PTRH1	2.970269079999998
PTRH2	1.004459699999984
PTRHD1	211.13478840000005
PTS	-300.76939300000004
PTTG1	-366.5863863000001
PTTG1IP	-170.80041099999994
PTTG2	0.9233093420000005
PTTG3P	-17.03798313
PTX3	-1.529069275
PUDP	-18.987461499999995
PUF60	4.299212099999977
PUM1	-12.029229633333216
PUM2	-5.924619723000006
PUM3	-112.58186103350002
PURA	-18.951663345599997
PURB	-3.042742392399987
PURG	-0.1397464140000002
PURPL	1.1867009810000004
PUS1	-70.64804779999999
PUS10	-4.319885077333328
PUS3	-79.38747730000003
PUS7	-103.3709718
PUS7L	-28.89927964
PUSL1	18.87028769999999
PVALB	-2.2713335190000006
PVR	10.732060067142868
PVRIG	1.0363098289999995
PWAR5	0.983226417
PWAR6	54.723049585000005
PWARSN	37.09019562366666
PWP1	-235.1581311
PWP2	-22.173031609999995
PWRN1	-0.45933294950000025
PWRN2	-0.6869258249999999
PWWP2A	5.889087552499987
PWWP2B	-4.285191089999998
PWWP3A	21.663829644999993
PWWP3B	0.42236618900000034
PXDC1	51.00600183499998
PXDN	0.04206676500000128
PXDNL	-0.3143685409999999
PXK	-8.969509457499996
PXMP2	15.581214090000003
PXMP4	46.620428260000004
PXN	49.269139790000004
PXN-AS1	-19.19019699999999
PXT1	-0.26575319000000075
PXYLP1	17.054825600999997
PYCARD	1.15209357
PYCARD-AS1	-1.3767682110000008
PYCR1	-344.8084516
PYCR3	0.3470062700000014
PYDC1	0.0
PYGB	-8.584098170000004
PYGL	-69.47311959999999
PYGM	0.7070078889999998
PYGO1	-5.273298066333334
PYGO2	-4.682242455000001
PYHIN1	-0.026486405500000032
PYM1	79.26471861333333
PYROXD1	-144.01966388866668
PYROXD2	1.3978151830000005
PYY	-2.6742871079999997
PYY2	-2.585985390000001
PZP	-3.346030366000001
QARS1	671.2493345
QDPR	17.27846424500001
QKI	-47.31998536719999
QKILA	-0.4993026449999993
QNG1	-22.538633550000043
QPCT	5.366071369
QPCTL	3.9209182600000005
QPRT	302.4578750500001
QRFPR	-0.7936025190000002
QRICH1	-8.600862370000016
QRICH2	1.2968461099999988
QRSL1	-37.961129532499996
QSER1	-70.70873412499998
QSOX1	27.953147222999988
QSOX2	-9.403309130000011
QTGAL	6.230295439999999
QTMAN	4.7967796960000015
QTMAN-AS1	0.8655170199999995
QTRT1	10.364960879999998
QTRT2	-10.14227213633333
R3HCC1	-21.465494785000004
R3HCC1L	-9.212130147999993
R3HDM1	-76.93622472300001
R3HDM2	-2.0199163999999996
R3HDM4	38.017806750000034
R3HDML	-2.3773187300000007
RAB10	-96.81302949999986
RAB11A	153.6130953533334
RAB11B	3.2987786549999996
RAB11B-AS1	27.02230805
RAB11FIP1	-2.4265703766666604
RAB11FIP2	-45.666192600000045
RAB11FIP3	3.8193199333333325
RAB11FIP4	22.597101063333337
RAB11FIP5	32.5754934
RAB12	46.40316769000002
RAB13	-134.46663330000013
RAB14	-77.26928111666666
RAB15	79.02680537000003
RAB17	15.417831789999994
RAB18	38.60646400383331
RAB1A	-153.91099897699996
RAB1B	65.471472
RAB20	-0.4647925614999977
RAB21	-56.593576588000005
RAB22A	35.405313175
RAB23	9.65785674
RAB24	-22.561761100000012
RAB25	-2.525317028
RAB26	120.86351075999998
RAB27A	-18.40165439200001
RAB27B	403.7136406949999
RAB28	-63.472332489999985
RAB29	-95.57077778666664
RAB2A	90.2692811066666
RAB2B	2.407279100000011
RAB30	9.239815694000008
RAB30-DT	59.13160927499999
RAB31	244.59522746666664
RAB32	-187.98376716499996
RAB33A	1.1531359759999997
RAB33B	-23.475598190000007
RAB34	137.77140609999992
RAB35	-3.9183672866666654
RAB36	-2.24760427
RAB37	19.923331599999997
RAB38	-1.0420062589999999
RAB39A	-1.23114786
RAB39B	0.13554149949999994
RAB3A	2.2464148099999974
RAB3B	119.09232369360002
RAB3C	-0.21008968399999972
RAB3D	46.738481995000015
RAB3GAP1	-28.626776483500038
RAB3GAP2	-0.34806758199999965
RAB3IL1	-2.38571958
RAB3IP	-10.723236813
RAB3IP-DT	0.17569584700000007
RAB40A	0.14387716599999933
RAB40AL	-0.3660593169999995
RAB40B	20.967042119666658
RAB40C	9.752992991333343
RAB42	-0.43365342599999934
RAB43	5.883354045000004
RAB4A	2.508662853333334
RAB4B	5.446278820000003
RAB4B-EGLN2	-13.916192539999997
RAB5A	-121.33583298333338
RAB5B	19.08035120000001
RAB5C	19.94953375
RAB5IF	317.7952190000001
RAB6A	-74.97247755300003
RAB6B	5.751487423333337
RAB6D	-9.93891555999997
RAB7A	-14.31700032533331
RAB7B	-0.4999628805000018
RAB8A	116.25971419999996
RAB8B	26.72395125666668
RAB9A	24.82981159999997
RAB9B	-4.5354569399999995
RAB9BP1	0.674378624
RABAC1	252.24586919999996
RABEP1	-11.8054941866
RABEP2	17.30105866666667
RABEPK	-123.45069243
RABGAP1	12.331784068333349
RABGAP1L	7.578101200600003
RABGEF1	-31.719844908
RABGGTA	17.133659539999996
RABGGTB	-1195.9976871333333
RABIF	-21.77083087999999
RABL2A	-51.817345035
RABL3	-3.361983879999997
RABL6	214.67891547333338
RAC1	-475.50896913500014
RAC2	-1.4809344899999992
RAC3	18.94541211
RACGAP1	112.49999999999994
RACGAP1P1	-0.4032260809999997
RACK1	-500.8690047700002
RAD1	-108.15109773
RAD17	-23.51639789999996
RAD18	-12.63322644175
RAD21	-0.32862965000003896
RAD21L1	-0.043867954999999625
RAD23A	-242.88791270000002
RAD23B	-238.02953596349994
RAD50	-62.23310037000003
RAD51	37.55093421049999
RAD51-AS1	22.706786805999997
RAD51AP1	21.74585669999999
RAD51B	-2.611777212999998
RAD51C	-81.29028779999999
RAD51D	1.6189804250000037
RAD51L3-RFFL	-41.83456557349999
RAD52	-0.9503443474999997
RAD54B	24.472112946666662
RAD54L	15.823193880000005
RAD54L2	-17.89480724
RAD9A	29.959007299999996
RAD9B	-0.6231014085000002
RADIL	3.7657464599999955
RADX	-16.949908475499996
RAE1	-202.73707073600002
RAET1E	0.10734364699999954
RAF1	-13.592906110000001
RAG1	0.12768440950000048
RAG2	0.6228432019999999
RAI1	6.794137843333303
RAI14	267.9088292
RAI2	0.26070974699999994
RALA	-139.5440678
RALB	124.274135005
RALBP1	56.85821738666664
RALGAPA1	1.191174242999999
RALGAPA1P1	-1.3596825393333383
RALGAPA2	17.4392050632
RALGAPB	10.87070273333336
RALGDS	13.577128205000001
RALGPS1	4.928365038599999
RALGPS2	2.1141409000000024
RALY	-32.21384130000001
RALY-AS1	17.629064709999998
RALYL	1.5467503419999993
RAMAC	-55.85802274999992
RAMP1	-1.00019584
RAMP2	1.0961691500000015
RAMP2-AS1	-2.4648889175000006
RAMP3	-0.36481478000000145
RAN	-681.2902106999998
RANBP1	7.958513116666609
RANBP10	1.0592097707499946
RANBP17	-3.3845547659999937
RANBP2	-19.263724556
RANBP3	2.3175944500000014
RANBP3L	0.8074219149999999
RANBP6	-23.73674969999999
RANBP9	-15.522091141000033
RANGAP1	-46.58849965333333
RANGRF	-50.457527725000006
RAP1A	-18.632771909750034
RAP1B	-133.22057799999993
RAP1GAP	18.510956645
RAP1GAP2	84.8824957
RAP1GDS1	-33.09334572350001
RAP2A	-54.5485861304
RAP2B	-40.996430923000005
RAP2C	-52.21981304999997
RAP2C-AS1	-3.745783249999999
RAPGEF1	-24.387543586666666
RAPGEF2	-9.73271107779999
RAPGEF3	-0.4614463415000003
RAPGEF4	2.9259149870000005
RAPGEF4-AS1	0.7074674329999997
RAPGEF5	-28.857217082
RAPGEF6	-33.221359668000005
RAPGEFL1	-2.8847772999999997
RAPH1	-95.65654032024997
RAPSN	0.7004827189999991
RARA	2.6631246304000022
RARA-AS1	15.79517612
RARB	-5.331834769999999
RARG	0.690175416666662
RARRES1	-1.148512062
RARRES2	0.35310147000000036
RARS1	276.4476259999999
RARS2	34.37633506880002
RASA1	88.56350359999999
RASA2	10.56510289000002
RASA3	12.372616626000001
RASA4B	3.514619509
RASA4CP	-0.7291040250000016
RASAL1	0.3222794449999995
RASAL2	-12.798313103714285
RASAL3	2.27034074
RASD1	-63.205941199999984
RASD2	-0.9913495359999995
RASEF	199.5387412234
RASGEF1A	33.598473558
RASGEF1B	-0.5546803479999998
RASGEF1C	3.28614035
RASGRF1	-0.7210694582499997
RASGRF2	6.915152509999999
RASGRP1	-0.13049230099999942
RASGRP2	-7.18313449975
RASGRP3	-20.141166697
RASGRP4	-0.8380572450000017
RASIP1	1.1236241495000012
RASL10A	-0.8051335899999987
RASL10B	0.39301481999999766
RASL11A	1.8180676500000015
RASL11B	-0.461918891999999
RASL12	-0.552034785
RASSF1	-84.30388070000004
RASSF1-AS1	3.7745216699999986
RASSF10	0.4537169710000004
RASSF2	63.17786147
RASSF3	81.63614319
RASSF4	17.958519490999997
RASSF5	4.284223574499997
RASSF6	6.936876906666664
RASSF7	65.11491854999997
RASSF8	-4.360195766499999
RASSF8-AS1	2.5929436665
RASSF9	-10.968556970000002
RAVER1	9.516259660000003
RAVER2	0.30939376350000103
RAX	-3.180076460000002
RAX2	-14.834934599999997
RB1	-7.141712715000011
RB1-DT	0.7890657225000002
RB1CC1	-49.61666735000006
RBAK	-125.77277165333336
RBAKDN	-7.294978449999995
RBBP4	-16.908625270000016
RBBP5	-47.49101128
RBBP6	5.019687014375009
RBBP7	-88.08748300000002
RBBP8	-155.71853810000005
RBBP8NL	-8.478809650000002
RBBP9	0.9862074294999985
RBCK1	82.81820067500004
RBFA	-8.639228955500016
RBFADN	-0.2641545169999997
RBFOX1	0.9538196896666662
RBFOX2	-1.4468178074999685
RBFOX3	-0.3213038749999999
RBIS	101.40225540333336
RBKS	-22.060098900000014
RBL1	12.033488756249998
RBL2	44.56230944499999
RBM10	5.990427633333326
RBM11	-12.908996868000001
RBM12	-51.05512912999998
RBM12B	-10.560092125000011
RBM12B-AS1	-0.25986222100000056
RBM14	-10.246608386666665
RBM15	-39.62637774780001
RBM15B	-7.172342820000011
RBM17	49.354687147500016
RBM18	-51.04451121
RBM19	-8.110523005000005
RBM20	-21.114108560000002
RBM22	-105.31835416000004
RBM23	1.9965228600000007
RBM24	-377.2691013
RBM25	-78.6199070714286
RBM26	-35.14264951414282
RBM26-AS1	-1.289708044000001
RBM27	-99.23829180000001
RBM28	-21.317465030000008
RBM3	-387.7727604000001
RBM33	-11.69670324285714
RBM33-DT	7.540027970000004
RBM34	-1.7517706329999996
RBM38	-9.848436980000002
RBM39	-548.6349915225001
RBM4	-67.82115094350002
RBM41	3.386734500000017
RBM42	-75.44473450000004
RBM43	1.1261267400000001
RBM45	25.767108094999998
RBM46	0.5040013724999999
RBM47	3.8988039259999994
RBM48	-6.3947995915
RBM4B	-1.0950057200000032
RBM5	-22.286432739250017
RBM6	8.851149132666663
RBM7	84.81386893999996
RBM8A	34.44397230166666
RBMS1	150.79107506666668
RBMS2	-29.65158307666666
RBMS3	-0.34190131042857086
RBMS3-AS3	-0.21421251800000007
RBMX	58.94371120424995
RBMX2	-17.40600004999999
RBMXL1	-24.949616160000005
RBMXL2	-0.026594011500000292
RBMY1A1	0.8141792179999996
RBMY3AP	1.2562733004999993
RBP1	2.4552169034999984
RBP2	-2.1891043900000007
RBP3	5.0923701
RBP4	-142.653165445
RBP5	-3.940838880000001
RBP7	-18.991065289999995
RBPJ	35.73336430300003
RBPJL	0.03952910799999998
RBPMS	-50.415067920833366
RBPMS-AS1	6.4356794499999985
RBPMS2	-72.28357030000001
RBSN	-41.57835837333333
RBX1	257.0359704
RC3H1	-15.00858838333334
RC3H2	7.088997063857136
RCAN1	-37.87359234000003
RCAN2	-0.10181613600000006
RCAN3	57.56615964000001
RCBTB1	-38.60197548133334
RCBTB2	-6.971754462499998
RCC1	-66.81572298500001
RCC1L	-1.1304798424999944
RCC2	-100.62114689999999
RCCD1	27.520349534999994
RCE1	2.1477443399999956
RCHY1	-96.25457834049999
RCL1	-18.359282369
RCN1	-568.3264022
RCN2	-174.9233413999999
RCN3	1.998861319999996
RCOR1	-15.188049499999991
RCOR2	8.194826929999998
RCOR3	-28.026974436333347
RCSD1	-0.35213559399999994
RCVRN	-0.11468607900000016
RD3	-1.110323031
RDH10	33.76441947499998
RDH11	-74.41276008025
RDH12	-5.379227725
RDH13	4.273748668999993
RDH14	-246.05174609999997
RDH16	-10.43208487
RDH5	15.825159500000002
RDH8	1.8118050699999984
RDM1	10.203082189999998
RDM1P5	0.3433407119999998
RDUR	-0.9893098899999999
RDX	-2.667637399499995
REC114	-0.009108520999999925
REC8	0.8503000699999994
RECK	13.984814533400005
RECQL	102.23277052500003
RECQL4	15.302065634999991
RECQL5	3.0308229704000027
REDIC1	-0.12700542249999947
REEP1	17.34017068499999
REEP2	12.889776060000003
REEP3	10.053076965000031
REEP4	-5.420121800000004
REEP5	-25.522039799999902
REEP6	21.839754499999998
REG1A	2.4678992200000014
REG1B	-0.7704701260000002
REG1CP	0.35950374899999993
REG3A	0.5029325450000002
REG3G	-0.4416642890000002
REG4	0.19881415099999966
REL	-6.1534896574000015
RELA	0.7815124749999711
RELB	-34.10739737000001
RELCH	21.732628500000004
RELL1	382.97624944450007
RELL2	-32.62037928999999
RELN	-760.4185749000001
RELT	-9.484666090000005
REM1	-15.651764920000002
REM2	-1.1752127000000012
REN	-0.8118116369999999
RENBP	1.3323080639999993
REPIN1	-30.667095472333344
REPS1	-40.90503662566664
REPS2	-0.6588107363333338
RER1	51.92056202666663
RERE	9.522881231599989
RERG	1.9056437820000003
RERGL	-0.8715983500000002
RESF1	-12.212093815000003
REST	-16.299305364999995
RET	-2.481597480000003
RETN	-0.3333029500000002
RETNLB	-1.3435946820000009
RETREG1	-0.10107728649999981
RETREG1-AS1	-0.582555953
RETREG2	6.683915097500005
RETREG3	171.7516684
RETSAT	71.41773235999999
REV1	-1.064255602000003
REV3L	-33.21677127500001
REX1BD	-25.524941489999975
REXO1	-2.569857119999998
REXO1L1P	-1.7424605720000006
REXO2	82.83935113325003
REXO4	-48.767265899999984
REXO5	-18.119948545
REXO6P	-0.19431149324999986
RFC1	2.7775621499999943
RFC2	52.09401994999999
RFC3	48.40960022666667
RFC4	246.86807929999998
RFC5	137.7617744333333
RFESD	-13.046962719000003
RFFL	-2.7315108766666647
RFK	-184.56595765000003
RFLNB	-247.99986639999997
RFNG	-41.64874760000001
RFPL1	0.5576899670000004
RFPL1S	-0.6049163724999991
RFPL2	-3.83396269
RFPL3	-5.378379340000002
RFPL3S	-2.930029254999999
RFT1	-23.741449439999997
RFTN1	0.02571790949999997
RFTN2	0.34055751999999906
RFWD3	22.55003843
RFX1	2.419915526000004
RFX2	1.8112388000000053
RFX3	0.5469589274999995
RFX4	-0.14032891766666555
RFX5	-35.06089924999999
RFX5-AS1	-2.354141410000002
RFX6	-0.8184223809999995
RFX7	-44.49134735000001
RFXANK	-139.49858439999997
RFXAP	-6.361554609999999
RGCC	-0.5510024685000001
RGL1	60.157369849999995
RGL2	61.700419280000006
RGL3	32.524844041250006
RGL4	0.9748987859999998
RGMA	0.253295995000002
RGMB	-14.9475935565
RGMB-AS1	1.1465666709999995
RGN	-66.57948420000001
RGP1	-98.2091935
RGPD1	1.9485912140000003
RGPD3	0.7325188239999996
RGPD4	46.77362789499995
RGPD4-DT	-0.706458392
RGR	-1.9341099046666699
RGS1	-0.21933622833333333
RGS10	37.144502437333344
RGS11	0.3803903319999993
RGS12	1.443607367400002
RGS13	0.3873367823333336
RGS14	-28.059511086666674
RGS16	-0.9207745929999991
RGS17	25.581035752
RGS18	-0.5720288320000004
RGS19	74.16499259999998
RGS2	10.47299786
RGS20	0.044785129999993956
RGS22	0.08302915599999938
RGS3	4.824710015499999
RGS4	-1.6400774966666667
RGS5	-2.822889183666664
RGS6	-1.1778888490000003
RGS7	-0.15266233549999964
RGS7BP	0.09442511999999947
RGS8	-0.622702748
RGS9	3.2018600669999984
RGS9BP	-0.16098071199999886
RGSL1	-4.44598485
RHAG	-0.8951594593333336
RHBDD1	-21.837040728000005
RHBDD2	-5.200221440000007
RHBDD3	-7.1380869549999915
RHBDF1	-18.535391239999996
RHBDF2	35.24506880999999
RHBDL1	-1.8047776409999994
RHBDL2	-1.5263435713333333
RHBDL3	0.42816299675000025
RHBG	-5.054010509999998
RHCE	9.504762864999996
RHCG	0.5039338199999968
RHD	5.945232670000003
RHEB	-14.88172860222221
RHEBL1	-2.1633132055000015
RHEX	0.18028712700000327
RHNO1	0.47299895000000447
RHO	1.7583101799999987
RHOA	79.75128583066635
RHOB	-20.040366015399997
RHOBTB1	29.19075996
RHOBTB2	23.55416781
RHOBTB3	8.889858753833352
RHOC	207.69144543500005
RHOD	-26.579552550000017
RHOF	23.69368462
RHOG	8.092387500000001
RHOH	-0.5434540950000013
RHOJ	0.6160645132857141
RHOQ	-187.76508250833342
RHOQ-AS1	2.0752363139999996
RHOT1	33.08074463300002
RHOT2	13.240742263333331
RHOU	-22.961683350000044
RHOV	-4.689159369999999
RHOXF1	-1.7643486399999997
RHOXF2	0.10621972900000021
RHPN1	6.446441925000002
RHPN1-AS1	9.428815759999999
RHPN2	-84.33167300000002
RIBC1	-2.224915022000001
RIBC2	10.27002649
RIC1	-0.3545137105000009
RIC3	2.5898081049999995
RIC8A	79.26960259999998
RIC8B	-120.60742881499999
RICTOR	-22.2895240375
RIDA	-98.50905352499996
RIF1	-15.275481216111118
RIGI	13.945436703333343
RIIAD1	-0.558195959999999
RILP	28.793397779999992
RILPL1	-9.235695700000008
RILPL2	34.09853270000002
RIMBP2	-0.10773894999999989
RIMBP3	3.4007833599999984
RIMKLA	4.007022292750001
RIMKLB	-24.835164954800007
RIMOC1	-98.29279959499999
RIMS1	-0.30364182533333395
RIMS2	-0.5241985769999999
RIMS3	12.28478087500001
RIMS4	-0.1057909350000017
RIN1	3.7183539199999984
RIN2	175.479657714
RIN3	4.845266032799998
RING1	60.95726950000005
RINT1	-47.196301799999986
RIOK1	-201.76772730000002
RIOK2	-42.949142239999986
RIOK3	-144.90211593339995
RIOX1	47.10612369999998
RIOX2	-137.4674190625
RIPK1	12.598464064999995
RIPK2	-69.23938108499999
RIPK3	-1.0514692200000013
RIPK4	171.2772435315
RIPOR1	1.1807674140000017
RIPOR2	0.8190215895000001
RIPOR3	-0.8553006300000003
RIPOR3-AS1	0.8074506000000028
RIPPLY1	-0.9280155670000001
RIPPLY2	-73.11124509999999
RIPPLY3	-0.03913624700000007
RIT1	-4.199800323000005
RIT2	1.3108187480000004
RITA1	11.680547200000007
RLBP1	-0.9056274599999998
RLF	-6.7910258
RLIG1	-97.21241064999998
RLIM	12.823795949999976
RLN1	-0.6916159429999995
RLN2	0.43213710100000036
RLN3	-0.9601008049999997
RMC1	-22.050937748666676
RMDN1	13.221765063333294
RMDN2	12.840412535666667
RMDN3	-9.210346399999992
RMI1	-98.57837630000003
RMI2	94.91512655000001
RMND1	20.036368650000014
RMND5A	7.00740784333334
RMND5B	-29.559510009999997
RMP24	-63.9204516595
RMP64	2.3190174789999958
RMST	17.595149981
RNA45SN5	-92.68794324999999
RNASE1	0.4075927309999994
RNASE11	-0.3377719509999997
RNASE11-AS1	1.012511869999999
RNASE2	-0.24588863199999977
RNASE2CP	2.0287795850000006
RNASE3	-1.3665125099999997
RNASE4	243.52494915
RNASE6	-0.05919507399999979
RNASE7	-0.22322454333333397
RNASEH1	-86.95224293666666
RNASEH1-DT	-108.2938988
RNASEH2A	-16.31250319999998
RNASEH2B	-4.708738722999996
RNASEH2C	7.279715825000011
RNASEK	-132.89844900000003
RNASEK-C17orf49	12.069379999999995
RNASEL	-1.5057324050000016
RNASET2	102.88143390166663
RND1	134.05590039
RND2	1.1264782859999993
RND3	-385.9176708
RNF10	-12.007260849999994
RNF103	129.457554785
RNF11	166.20251840000003
RNF111	-7.5787923000000035
RNF112	-0.03662040000000033
RNF113A	-32.301384299999995
RNF114	4.528200333333359
RNF115	-43.46115676333332
RNF121	0.9627368000000018
RNF122	2.8800706299999987
RNF123	17.260433000000006
RNF125	-14.545217295
RNF126	-23.897931826666664
RNF126P1	-5.185233020000005
RNF128	373.39646300000004
RNF13	113.89511034999998
RNF130	-8.96324418042856
RNF133	-0.05417199299999975
RNF135	0.6534329740000002
RNF138	-268.002689925
RNF139	99.77008380000007
RNF139-DT	2.321351
RNF14	-107.98334779833333
RNF141	41.96801340425
RNF144A	3.6614802350000026
RNF144B	-0.11452878549999923
RNF145	257.7131622966667
RNF146	4.107361499999968
RNF148	0.29741471699999966
RNF149	210.9555471
RNF150	-0.22958511449999897
RNF151	-3.960513540000001
RNF152	-2.522434123
RNF157	15.014086160000002
RNF157-AS1	-0.7282374440000003
RNF166	-13.31159702
RNF167	23.476476399999996
RNF168	-3.117826731999969
RNF169	-80.2382977
RNF17	-0.3996641307500002
RNF170	44.79256593666665
RNF175	0.06877016600000019
RNF180	-0.09114412233333313
RNF181	117.88638309999999
RNF182	3.0596762670000004
RNF183	-0.6878705199999988
RNF185	3.5104729999999904
RNF185-AS1	-0.6586185879999995
RNF186	1.3111246100000002
RNF187	-30.965236173599962
RNF19A	8.04440021500001
RNF19B	-7.734546450000003
RNF2	2.3713064699999933
RNF20	62.1753319
RNF207	1.2996146416666718
RNF208	3.0886536500000012
RNF212	0.4205417250000032
RNF212B	0.5467318399999996
RNF213	22.3779762
RNF213-AS1	-0.9046946079999998
RNF214	-38.1755345
RNF215	8.320570649999997
RNF216	-14.804347617250002
RNF217	1.9612855249999939
RNF217-AS1	-0.1133115349999998
RNF220	-5.730717859999999
RNF227	-22.689871189999998
RNF24	21.317982230000013
RNF25	0.9393623799999986
RNF26	25.779864095000008
RNF31	-8.143650140000005
RNF32	-2.7322344926666657
RNF32-DT	-4.12456259
RNF34	-6.237742249999997
RNF38	-11.924565215000001
RNF39	-2.28094501
RNF4	72.5247837
RNF40	4.658889894666665
RNF41	-35.53568613666666
RNF43	86.2307474
RNF44	13.877738899999997
RNF5	-4.606296630000003
RNF5P1	83.03988659999999
RNF6	-71.06947671733334
RNF7	10.472371199999998
RNF8	-8.991631153500009
RNFT1	14.28469346350002
RNFT2	16.40892522666667
RNGTT	-3.573936342500005
RNH1	-35.47113519000001
RNLS	-0.4210343295000003
RNMT	-6.434314255000004
RNPC3	-3.4386903000000046
RNPEP	21.690720400000032
RNPEPL1	5.505772550000003
RNPS1	3.619860450000033
RO60	-27.233057798200036
ROBO1	359.579704
ROBO2	-45.66077924700001
ROBO3	12.879967539999996
ROBO4	0.8690155265000001
ROCK1	18.6030201058
ROCK2	33.020627405
ROGDI	23.33845663
ROM1	-4.823868260000001
ROMO1	132.46456899999998
ROPN1	-1.1304134890000004
ROPN1B	2.3582143250000005
ROPN1L	0.13237478100000022
ROR1	-21.30136835666666
ROR1-AS1	0.0009887539999997585
ROR2	-0.3502634889999996
RORA	-0.8237168531249992
RORA-AS1	0.03014927950000068
RORB	-0.18424622700000093
RORC	1.8045945850000003
ROS1	0.1359794695000005
RP1	-1.0775150679999999
RP1L1	-0.3713991940000003
RP2	-16.379591249499995
RP9	-229.320273375
RP9P	-176.47935540774998
RPA1	86.60681461333331
RPA2	37.4974555
RPA3	-52.196002000000135
RPA4	-11.692094869999998
RPAIN	-16.918888071714278
RPAP1	-14.634174770000001
RPAP2	-86.77786744999999
RPAP3	-16.81711489999998
RPE	-70.69141407859999
RPE65	0.17127228299999997
RPF1	-76.13355985333328
RPF2	-1146.2814219999998
RPGR	-40.31620349
RPGRIP1	1.0837171100000003
RPGRIP1L	-1.8197066824999997
RPH3A	-0.13152439999999999
RPH3AL	9.363200593333332
RPH3AL-AS1	0.6400093999999998
RPIA	-149.56125509999998
RPL10	-259.185004855
RPL10A	-390.87485508666623
RPL10L	2.6355437100000003
RPL11	164.07341300000007
RPL12	-2617.6010880000003
RPL13	201.67599050374997
RPL13A	-371.16122300000006
RPL13AP17	-5.794240340000002
RPL13AP5	-887.604371333332
RPL13AP6	-804.5111939999997
RPL13P5	35.627309914999984
RPL14	-610.2876089666661
RPL15	517.3979012875
RPL17	-301.01912102599954
RPL18	202.83515559999978
RPL18A	409.0511801800001
RPL19	-888.8326280000001
RPL21P28	74.70311065500027
RPL22	584.7948901599998
RPL22L1	-2334.240503
RPL23	290.58022348500003
RPL23A	1084.201768750001
RPL23AP32	6.83406664
RPL23AP53	-6.1188901399999995
RPL24	-140.5815360000006
RPL26L1	-779.2696370000001
RPL26L1-AS1	0.889111616000001
RPL27	117.83201499999996
RPL27A	-63.42585878
RPL28	49.721584349999375
RPL29	338.8534075000007
RPL3	-1647.370164
RPL30	-124.48117599999932
RPL31	185.25182670000004
RPL32	-993.6946310000003
RPL32P3	8.537799666666665
RPL34	0.9554440000001705
RPL34-DT	0.3314613660000001
RPL35	-721.374871
RPL35A	-52.17864720119974
RPL36	-804.3306389999998
RPL36A	451.01675956500003
RPL36A-HNRNPH2	130.63231040000005
RPL36AL	596.0356729999999
RPL37	-113.07019599749947
RPL37A	-71.78775529999984
RPL38	572.8730973333329
RPL39	716.1743100000003
RPL39L	-15.7908963
RPL3L	-0.8540701279999992
RPL4	1489.5435049999992
RPL41	-716.8836269999993
RPL5	-448.78931875424996
RPL6	234.25179299999945
RPL7	364.70119049333243
RPL7A	214.2349126666668
RPL7L1	-562.9634260000003
RPL8	-814.4612139999999
RPL9	-155.5599000000002
RPLP0	-953.691688599999
RPLP1	-192.11213230049998
RPLP2	458.33063525766624
RPN1	-158.51223779999998
RPN2	-720.9488219999998
RPP14	-46.78840469999999
RPP25	31.46541970000004
RPP25L	101.467872
RPP30	-2.0974296095000113
RPP38	-57.84778180000001
RPP40	-244.30139739999998
RPPH1	-4.218284550000002
RPRD1A	-35.48921465833334
RPRD1B	-13.721416299999987
RPRD2	-2.8695394766666595
RPRM	-1.3145850800000005
RPRML	-1.164819940000001
RPS10	-64.10090004999984
RPS10P7	0.7648399999999995
RPS11	274.91609070000004
RPS12	187.28682300000037
RPS13	1523.456162999999
RPS14	542.8194064197501
RPS15	-135.63267865000034
RPS15A	-107.62951366333391
RPS16	285.5771223775
RPS16P5	34.299965969999995
RPS17	-760.4503873333333
RPS18	1005.8307030000014
RPS19	-57.1964267066669
RPS19BP1	-322.040202
RPS2	-1482.8298539999996
RPS20	-67.83957421700052
RPS21	100.11254015000031
RPS23	-425.1898735149998
RPS24	190.69315400000005
RPS25	1933.7108639999997
RPS26P11	118.94021799999973
RPS27	1124.6337140150004
RPS27A	-57.824613820000195
RPS27L	267.8801609599999
RPS28	160.94346792666647
RPS29	514.635958245
RPS2P45	1.3310112739999997
RPS3	774.0583029999998
RPS3A	-133.81238034499984
RPS4X	-753.9393970000019
RPS4Y1	-0.4623399499999987
RPS5	1215.4776510000002
RPS6	301.57026314774976
RPS6KA1	25.953458660000003
RPS6KA2	-0.04396124966666548
RPS6KA2-AS1	-2.6965077199999996
RPS6KA3	-82.53909815000009
RPS6KA4	17.33455438
RPS6KA5	-0.04011412599999886
RPS6KA6	-6.8571504005
RPS6KB1	-49.43763019999997
RPS6KB2	-8.78223054
RPS6KC1	46.54829559999999
RPS6KL1	1.862977944999999
RPS7	-749.3140555
RPS8	-173.739725033
RPS9	158.0160522243334
RPSAP9	-1652.5258160000003
RPTN	0.5019074449999996
RPTOR	-12.297542229999998
RPUSD1	-8.171108779999997
RPUSD2	-13.197191799999999
RPUSD3	2.1897458085999943
RPUSD4	-29.62735329999998
RRAD	-0.8019712356666684
RRAGA	412.4186984
RRAGB	28.669484569999998
RRAGC	-74.52530113166668
RRAGD	276.02903689999994
RRAS	100.85047021000001
RRAS2	-125.14365733333332
RRBP1	41.360433101666686
RREB1	8.961766287142865
RRH	-2.6490584020000005
RRM1	186.69605105000005
RRM2	411.5086835000001
RRM2B	-5.714815099999996
RRN3	-295.3015075
RRN3P1	0.6687424145000005
RRN3P2	0.39819912849999994
RRN3P3	-20.063090758999998
RRP1	5.115483654999991
RRP12	-39.617274275999996
RRP15	-62.98724163
RRP1B	64.02507252499998
RRP36	109.657773685
RRP7A	-16.59919515666668
RRP7BP	-2.440786291666665
RRP8	-8.788679076999998
RRP9	-82.69999997999999
RRS1	-308.917083
RRS1-DT	-0.07960397699999966
RS1	0.2574027074999998
RSAD1	38.2671201
RSAD2	-0.646868231500001
RSBN1	-23.497088152000003
RSBN1L	-7.058911662499995
RSF1	9.46302879000001
RSKR	5.612218804999998
RSL1D1	-265.9368179233333
RSL24D1	-779.1918068499999
RSPH1	3.1161401300000016
RSPH10B	-23.17941937599997
RSPH14	-6.951739380000003
RSPH3	49.484432685
RSPH4A	0.9458242449999998
RSPH6A	-6.941194576999999
RSPH9	-1.022292109999995
RSPO1	-3.384427129999999
RSPO2	0.09687038700000006
RSPO3	0.37899566200000034
RSPO4	-3.2585630959999996
RSPRY1	2.490182933333301
RSRC1	14.419705956666675
RSRC2	-391.92731779999997
RSRP1	49.72303070500001
RSU1	-8.412529666000012
RSU1P2	0.028149040499999778
RTBDN	1.312618999999998
RTCA	-384.95040316000006
RTCB	292.8497102
RTEL1	11.732813999999998
RTEL1-TNFRSF6B	1.5057752434999987
RTF1	25.354293783333333
RTF2	-17.479099889999986
RTKN	17.745226674999998
RTKN2	0.5026187145000001
RTL3	-0.3284117200000001
RTL5	-7.401034590000002
RTL6	42.035878699999984
RTL8A	-19.179871399999996
RTL8C	287.7438008
RTL9	2.3677078399999996
RTN1	0.6091481564999999
RTN2	11.584900410000003
RTN3	-162.05696705000003
RTN4	879.598232455
RTN4IP1	52.872287400000005
RTN4R	4.889659100000003
RTN4RL1	9.338727270000003
RTN4RL2	0.965532702
RTP1	-0.06956998500000022
RTP3	1.1540440150000002
RTP4	-1.210093616
RTP5	2.8110765099999995
RTRAF	114.66598199999999
RTTN	8.846372477333333
RUBCN	4.728231622400003
RUBCNL	2.730900224999999
RUFY1	5.835360145250007
RUFY2	3.097912475999994
RUFY3	4.071701987142852
RUMY2	-255.60845
RUNDC1	8.677162635000002
RUNDC3A	-2.748060620000004
RUNDC3A-AS1	-0.295131982
RUNDC3B	-2.5144838925000004
RUNX1	0.5474345879230782
RUNX1-IT1	1.8689936300000003
RUNX1T1	-0.26850847342857254
RUNX2	-0.36356479783333207
RUNX3	-8.93951727666667
RUSC1	25.61824469999999
RUSC1-AS1	4.091820315000007
RUSC2	-121.45390588000001
RUSF1	-6.903477123333332
RUVBL1	-182.0535169
RUVBL2	-83.98547190966661
RWDD1	-330.772234725
RWDD2A	-13.632858694999996
RWDD2B	68.55974979999999
RWDD3	21.24246900000003
RWDD4	-6.508226660000005
RXFP1	0.5247092539999998
RXFP2	0.5031340430000002
RXFP3	-1.8749756089999998
RXRA	-6.858825015000008
RXRB	12.443313941333322
RXRG	1.2403359580000002
RXYLT1	-64.61823983999997
RYBP	-47.931705932499995
RYK	-12.085011366666663
RYR1	-0.25886685699999923
RYR2	-0.40284984899999987
RYR3	-1.080150477
RYR3-DT	3.782516870000002
S100A1	-3.4196397199999993
S100A10	855.9693282249998
S100A11	0.6947328330000007
S100A12	0.30208802000000023
S100A13	41.13778938499999
S100A14	8.675544389999999
S100A16	2030.8648680000001
S100A2	12.29570023
S100A3	6.428903980000001
S100A4	54.086301860000006
S100A5	-2.053769129999999
S100A6	3.0739981124999964
S100A7	0.0025426800000012406
S100A7A	-1.9626908335
S100A8	-1.3607091165000007
S100A9	-1.5583046100000004
S100B	-0.7771938545000001
S100G	-0.11489054599999982
S100P	1525.6105211
S100PBP	-0.0961350500000151
S100Z	-0.681447554
S1PR1	0.8082428049999999
S1PR1-DT	0.30439740500000045
S1PR2	5.312065368500001
S1PR3	-13.054451637499998
S1PR4	18.81016315
S1PR5	0.9247149036666684
SAA1	-1.1033194825
SAA3P	-1.4727786739999997
SAA4	-69.16296327
SAAL1	-245.25915509999993
SAC3D1	162.50413909999997
SACK1A	0.24146615924999537
SACK1B	0.6137896739999995
SACK1C	-4.919589088999999
SACK1C-AS1	-3.0827523899999996
SACK1D	147.34498739999998
SACK1E	0.7102347899999994
SACK1F	0.10394583000000068
SACK1G	-8.473905099999996
SACK1H	-12.885761932000008
SACM1L	-67.73705820000004
SACS	-29.42959876
SACS-AS1	0.43812888249999915
SAE1	-138.65674119666676
SAFB	-21.820907356666666
SAFB2	1.0775466749999794
SAG	-0.4449718799999989
SAGE1	36.191702899999996
SALL1	-46.080953234999996
SALL2	28.097350700000007
SALL3	-0.1546987827499997
SALL4	-22.92735239999999
SAMD1	13.528086859999988
SAMD10	-1.91197732
SAMD11	42.462679789999996
SAMD12	2.829865871500001
SAMD13	96.24837131000001
SAMD14	2.420624356000001
SAMD15	0.2192486950000001
SAMD3	0.7242743374999998
SAMD4A	-33.49892637500001
SAMD4B	-2.7537026124999997
SAMD5	0.013627657999998988
SAMD8	-27.788444104999996
SAMD9	1.3480768459999997
SAMD9L	0.3175103400000001
SAMHD1	-8.742330488666667
SAMM50	22.800198340500003
SAMMSON	-0.18681899700000004
SAMSN1	0.29655973266666624
SAMTOR	-20.168853750000004
SANBR	23.619826220999997
SAP130	25.210232500000018
SAP18	-103.08371203333331
SAP25	-0.8279380099999969
SAP30	8.814579874500012
SAP30BP	-15.97782583499999
SAP30L	-4.674633593333326
SAPCD2	109.00793267
SAR1A	263.6885256566666
SAR1B	-13.04593586599998
SARAF	412.31961580000007
SARDH	1.6668713706666658
SARM1	-35.78526351233334
SARNP	-132.61231169
SARS1	-1170.79270483
SARS2	7.477299309999999
SART1	11.142313455000007
SART3	-185.19901118649997
SASH1	5.814250233333354
SASH3	2.282061807
SASS6	-27.60437262
SAT1	-323.344802524
SAT2	-174.4108936
SATB1	-1.5526179870000005
SATB2	-56.46795071
SATB2-AS1	-0.8881269805
SAV1	6.753051129599996
SAXO1	-0.6745820499999997
SAXO2	-0.13047808000000005
SAXO3	-0.28955439000000016
SAXO4	2.0469209499999987
SAXO5	1.4793399000000012
SAXO6	-2.240283005000002
SAYSD1	-0.6765592613333276
SBDSP1	-838.1831392500001
SBF1	-9.777919194799992
SBF2	-12.525205932999995
SBF2-AS1	-14.483800105000014
SBK1	15.373927620000003
SBNO1	-9.778893926399988
SBNO2	-2.375320579999997
SBSN	1.4229783599999992
SBSPON	-0.37900479699999945
SC5D	-81.57019497200002
SCAF1	0.5400541099999998
SCAF11	0.7192753465714077
SCAF4	-6.093705937400003
SCAF8	-242.9683123000001
SCAI	3.860145896333334
SCAMP1	8.748044457666694
SCAMP1-AS1	10.756569469999995
SCAMP2	26.076732855000017
SCAMP3	9.340493000000038
SCAMP4	0.28663449100000804
SCAMP5	-5.355526073333337
SCAND1	94.18749220000001
SCAND2P	-4.374927630666667
SCAND3	-49.52050340000001
SCAP	-34.68509789999999
SCAPER	-7.142464943333337
SCARA3	-0.27831960033333303
SCARA5	7.836545824
SCARB1	74.21050258780001
SCARB2	39.00016580000005
SCARF1	-0.5981481204999994
SCARF2	-2.457662705333334
SCARNA13	-0.4076658145000014
SCARNA15	-6.359181339999992
SCARNA17	-1.724663500000002
SCARNA2	0.04924752000000154
SCART1	-0.43549631000000133
SCAT1	1.1446669199999997
SCCPDH	50.76584487499997
SCD	95.56892176000002
SCD5	19.94965960375
SCEL	-0.15578212449999995
SCFD1	-252.35915919999997
SCFD2	11.881767330000002
SCG2	2.7772824200000024
SCG3	-1.04094629
SCG5	-2.2052706089999994
SCGB1A1	-0.381457234
SCGB1C2	-0.9262004240000006
SCGB1D1	0.25369248899999963
SCGB1D2	2.0001286150000004
SCGB2A1	-0.594452371
SCGB2A2	0.023885819000000197
SCGB2B2	-0.1006374920000006
SCGB3A1	-2.764090229999999
SCGB3A2	-2.088195882000001
SCGN	4.632732839999999
SCHIP1	44.98216009999999
SCIMP	1.8328758699999987
SCIN	1.7190724090000007
SCIRT	-1.4148372550000001
SCLT1	-26.95499386200001
SCLY	-14.464596799999995
SCMH1	-35.85998803
SCML1	-256.61234225000004
SCML2	-92.4875381
SCML4	-0.22056079899999936
SCN10A	0.745575542000001
SCN11A	0.46811938733333314
SCN1A	0.05985456599999983
SCN1B	77.37455767
SCN2A	0.2366144935000012
SCN2B	0.9006121133333327
SCN3A	-0.2187192040000001
SCN3B	-1.2432357009999997
SCN4A	-0.30525054199999957
SCN4B	1.227287209
SCN5A	-2.825118889999999
SCN7A	-0.3189507279999999
SCN8A	-0.1824469816666685
SCN9A	-1.6577106405000004
SCNN1A	1.244409809999997
SCNN1B	-0.351078298
SCNN1D	0.3246106040000001
SCNN1G	-0.8499758785000004
SCO1	-78.24245009999999
SCO2	79.84228530000001
SCOC	83.97995400000002
SCOC-AS1	6.453069412500001
SCP2	473.18379155
SCP2D1	0.9810922300000016
SCP2D1-AS1	0.1756846259999998
SCPEP1	20.738625243000016
SCRG1	0.5338862319999995
SCRIB	-66.59799550000001
SCRN1	-113.40047489999995
SCRN2	38.87600983499999
SCRN3	-40.068124361749994
SCRT1	-0.32681020849999953
SCT	-0.6297256969999996
SCTR	-0.9347506116666668
SCUBE1	0.9253649750000008
SCUBE1-AS1	0.5847928430000007
SCUBE2	-0.08858534099999993
SCUBE3	-1.5996448067499998
SCYL1	2.1451075549999956
SCYL2	-54.77964274333334
SCYL3	-19.89866182666666
SDAD1	-88.33976607000002
SDAD1-AS1	-0.058421029000000235
SDC1	71.20719059999999
SDC2	42.60369277666666
SDC3	11.621602909999996
SDC4	145.08391810000006
SDCBP	313.31756999999993
SDCBP2-AS1	0.9049312560000002
SDCCAG8	-8.228855664000001
SDE2	-172.45297596500006
SDF2	94.761216
SDF2L1	-102.33438080000002
SDF4	66.76884889999997
SDHA	157.7495629
SDHAF1	-6.700807750000024
SDHAF2	40.64888020000001
SDHAF3	-24.495244299999996
SDHAF4	28.995192130000007
SDHAP2	45.081051703333316
SDHAP3	-2.4367823800000004
SDHB	-36.58171077899999
SDHC	30.886610764285706
SDHD	-79.52836891449999
SDK1	0.6013597740000005
SDK2	-1.838214014000009
SDK2-AS1	0.854010306000001
SDR16C5	-1.1846235900000002
SDR39U1	15.821123799999981
SDR42E1	-4.2308625605
SDR9C7	-0.6143730509999994
SDS	-4.3867445190000005
SDSL	-9.344961100000006
SEC11A	189.43334950000008
SEC11C	-272.8168391899999
SEC13	25.619881000000078
SEC14L1	13.911706446750003
SEC14L1P1	0.20136620400000016
SEC14L2	5.243559081666669
SEC14L3	0.7431262163333319
SEC14L4	-0.004282327499999461
SEC14L5	-2.0478967500000014
SEC16A	72.68834420000002
SEC16B	3.421253542999999
SEC22A	2.118759990000001
SEC22B	10.466687699999966
SEC22B4P	36.91826800000001
SEC22C	-68.89058177166667
SEC23A	132.28343994
SEC23B	-117.52686979000009
SEC23IP	1.8124594450000018
SEC24A	53.26282010999999
SEC24B	-46.22418690000001
SEC24B-AS1	5.587682796
SEC24C	-24.421795199999963
SEC24D	-39.411981698
SEC31A	81.61340485000005
SEC31B	20.389092119999994
SEC61A1	-178.87205429000005
SEC61A2	-31.28832671033333
SEC61B	-347.5435656044999
SEC61G	116.72129700000005
SEC61G-DT	-0.047308463000000245
SEC62	31.761610265999934
SEC63	-373.6574380386
SECISBP2	-29.98892889999999
SECISBP2L	0.4065634849999924
SECTM1	22.376686670000005
SEH1L	-122.67276796000004
SEL1L	-55.826202367499974
SEL1L2	-1.2860850094999998
SEL1L3	23.16512692875
SELE	0.26577750499999997
SELENBP1	2.4223092999999984
SELENOF	-324.56897200000003
SELENOH	45.918206531666556
SELENOI	-48.24524090333331
SELENOK	-662.1207768000002
SELENOM	-322.1305502
SELENON	-6.468713699999995
SELENOO	-29.29863930500001
SELENOP	-401.1802462135
SELENOS	-1114.0447565
SELENOT	-13.266534739999997
SELENOW	81.87662340000003
SELL	-0.2971778409999999
SELP	-0.75557856
SELPLG	-4.682249894999998
SEM1	71.99404669999996
SEMA3A	4.581190958666667
SEMA3B	13.782067595000001
SEMA3C	143.84453914300002
SEMA3D	-2.8126545085000005
SEMA3E	0.2524683569999997
SEMA3F	-0.6294353629999989
SEMA3G	10.733136159999999
SEMA4A	4.2997064599999995
SEMA4B	196.09831069999996
SEMA4C	39.55336319999995
SEMA4D	0.5034258324999996
SEMA4F	20.709577439999997
SEMA4G	-11.700530234500008
SEMA5A	-4.027678952333332
SEMA5B	-8.035343400000002
SEMA6A	10.575302560400004
SEMA6B	-1.094768386666665
SEMA6C	0.09061547000000303
SEMA6D	-1.1997300821999994
SEMA7A	-4.742134905
SEMG1	-0.21349170600000011
SEMG2	0.05747381200000001
SENCR	2.017562390000002
SENP1	-13.047337130000003
SENP2	-4.824822659999995
SENP3	-16.81652858999999
SENP3-EIF4A1	-24.15478440999999
SENP5	-10.070997113333334
SENP6	-8.396875813333367
SENP7	-2.823962917500001
SENP8	-0.4440890549999992
SEPHS1	-75.67673676000001
SEPHS2	-419.0884610000003
SEPSECS	-50.58430323180001
SEPSECS-DT	8.005911516499992
SEPT5-GP1BB	-3.2246994475000044
SEPTIN1	2.795007289999999
SEPTIN10	111.06989822000003
SEPTIN11	-2.563637995000022
SEPTIN12	0.10267142000000007
SEPTIN2	-100.50129900399992
SEPTIN3	4.714076690000002
SEPTIN4	-0.7674741696666647
SEPTIN6	-22.42463753200002
SEPTIN7	53.96954850374999
SEPTIN7-DT	-3.0452213000000015
SEPTIN7P11	85.27187809
SEPTIN7P13	23.770090540000005
SEPTIN7P14	2.1495914911666656
SEPTIN7P2	-22.76149813
SEPTIN7P9	2.014860809
SEPTIN8	26.435314673666667
SEPTIN9	230.817480335
SERAC1	-6.229932759999997
SERBP1	-249.06810857000005
SERF1B	-64.70956076666664
SERF2	-91.90287542333363
SERF2-C15ORF63	39.31107565000002
SERGEF	-12.533408575666662
SERHL	-1.1378564800000017
SERHL2	-0.6009731049999996
SERINC1	74.65276700000004
SERINC2	28.276857905
SERINC3	-27.93785922500001
SERINC5	183.36911220000002
SERP1	-307.72552067499987
SERP2	0.3636064278333322
SERPINA1	-77.55468479000001
SERPINA10	31.486610589999998
SERPINA12	-0.6781667389999999
SERPINA2	-0.643607008
SERPINA3	16.039888889999997
SERPINA4	-11.917337009999999
SERPINA5	6.607094174
SERPINA6	-147.86392039999998
SERPINA7	-1.2647399649999995
SERPINA9	-7.06664563
SERPINB1	-72.67346286499998
SERPINB10	-0.5978535380000003
SERPINB11	-0.0661609159999994
SERPINB12	-1.7151282199999986
SERPINB13	-0.3659804073333328
SERPINB2	0.23647282000000036
SERPINB3	0.6717281919999998
SERPINB4	0.33897421349999934
SERPINB5	0.41213690950000004
SERPINB6	35.51113296974998
SERPINB7	0.14883627900000018
SERPINB8	7.382832784999998
SERPINB9	37.666492706333315
SERPINB9P1	1.5517674499999998
SERPINC1	3.2031987949999987
SERPIND1	7.979398680000001
SERPINE1	33.34846944900001
SERPINE2	295.4038182575
SERPINF1	-135.9878208
SERPINF2	-26.3403671
SERPING1	-33.180027199999984
SERPINH1	150.50364660000002
SERPINI1	15.93734324
SERPINI2	-0.11562070399999946
SERTAD1	2.6606498500000058
SERTAD2	-133.64234075000002
SERTAD3	-19.364606260000002
SERTAD4	-0.18290621124999973
SERTAD4-AS1	-0.6486134379999999
SERTAD4BP	0.27856382550000003
SERTM1	0.46265535700000004
SESN1	2.938030800000007
SESN2	-139.48338224999998
SESN3	-1.6464398132857143
SESTD1	46.37857270666663
SET	-1034.0798013999997
SETBP1	0.12627637800000002
SETBP1-DT	0.22469042100000003
SETD1A	7.0941813499999995
SETD1B	-13.694654899999989
SETD2	-17.539098633333325
SETD3	8.506578560000008
SETD4	-25.942844467333323
SETD5	-8.667667450399989
SETD6	37.16786404999999
SETD7	-82.22851886700002
SETD9	-26.797504540000006
SETDB1	-8.347975225000006
SETDB2	-4.470774483500001
SETMAR	-0.5660920023333347
SETP4	-610.904616
SETX	-6.690168666666665
SEZ6	0.8158296049999993
SEZ6L	0.23191260733333507
SEZ6L2	14.538262710000012
SF1	-110.68324825966668
SF3A1	-26.08339166249999
SF3A2	-13.068094470000005
SF3A3	-8.866180200000002
SF3B1	-93.03861578399994
SF3B2	-32.97735163499999
SF3B3	8.211980390000008
SF3B4	-75.83621090000003
SF3B5	144.21173700000008
SF3B6	-206.27926621250003
SFI1	16.324130187500003
SFMBT1	-3.157964860000007
SFMBT2	-0.11412580150000018
SFN	43.02186961666667
SFPQ	-89.51870457399997
SFR1	108.96568005
SFRP1	43.865350981999995
SFRP2	0.48669265800000083
SFRP4	-0.9984093029999999
SFRP5	-1.1632028199999986
SFSWAP	6.941720516499998
SFT2D1	119.66004510879998
SFT2D2	63.74462147500003
SFT2D3	-27.713282269624997
SFTA1P	-0.5551747760000012
SFTA2	-0.36422648499999966
SFTA3	0.30900770499999997
SFTPA1	-0.9421055865000003
SFTPB	1.805799588500001
SFTPC	0.8167160500000001
SFTPD	0.6060422340000002
SFXN1	49.40590137666669
SFXN2	-8.509452084999992
SFXN3	142.20633751333332
SFXN4	-51.159967572499994
SFXN5	0.8089768217500009
SGCA	0.27512380100000033
SGCB	-1.1990276647499982
SGCD	0.10494052149999966
SGCE	-223.6887243
SGCG	-0.13409524400000006
SGCZ	-0.04813848499999995
SGF29	-13.550132544999997
SGIP1	3.7098541039999997
SGK1	883.5411434
SGK2	20.787334839
SGMS1	8.649483500000002
SGMS2	-32.02847293999999
SGO1	3.0470568895000003
SGO2	54.10852215
SGPL1	-104.2250848766667
SGPP1	19.289651850000013
SGPP2	1.0971523914999999
SGSH	10.753174024999993
SGSM1	2.1285058606666656
SGSM2	23.231459916666665
SGSM3	8.080974776666665
SGTA	-76.56208339000001
SGTB	-137.540760474
SH2B1	29.419870039999992
SH2B2	3.619537109999996
SH2B3	41.764104110000005
SH2D1A	-3.076698396500001
SH2D1B	0.5334797734999999
SH2D2A	-0.6488233799999996
SH2D3A	-1.4421237149999975
SH2D3C	0.8926485006666667
SH2D4A	37.363491280000005
SH2D4B	-0.4301403370000001
SH2D5	5.7842033000000015
SH2D6	1.976591120000002
SH3BGR	-51.955521450000006
SH3BGRL	124.80270799999997
SH3BGRL2	42.1052811
SH3BGRL3	150.56972460000003
SH3BP1	37.65520266500002
SH3BP2	5.167525798200003
SH3BP4	3.983318624499999
SH3BP5	-23.17695578
SH3BP5-AS1	11.472217429999997
SH3BP5L	19.147045849999998
SH3D19	-15.611509909999995
SH3GL1	-7.340615000000014
SH3GL1P1	-0.5761684059999999
SH3GL1P2	-1.000195376999999
SH3GL2	0.23487043599999957
SH3GL3	-0.1554435656666655
SH3GLB1	-18.336018033333403
SH3GLB2	3.9751267875000025
SH3KBP1	383.0431210533333
SH3PXD2A	10.685348836000003
SH3PXD2A-AS1	-0.5488550079999994
SH3PXD2B	59.056107145
SH3RF1	2.1771729299999976
SH3RF2	26.4728471165
SH3RF3	0.4130142170000006
SH3RF3-AS1	0.7986759449999998
SH3TC1	4.116743034999999
SH3TC2	-0.24941086333333295
SH3YL1	-3.6704214304999994
SHANK1	-3.5936185799999976
SHANK2	53.55118313216667
SHANK2-AS3	-2.6294518500000006
SHANK3	13.59687512
SHARPIN	-0.6078064299999966
SHB	11.896710942499993
SHBG	-4.211402199999998
SHC1	-19.62354246500007
SHC2	-15.891445110000006
SHC3	-0.5629711786666682
SHC4	0.08498418849999911
SHCBP1	36.02327020000001
SHCBP1L	1.604631975000001
SHD	2.060618429999998
SHE	-0.4832701540000013
SHF	1.6186933000000003
SHFL	1.6081880033333391
SHH	0.6258251550000011
SHISA2	0.0003925830000000019
SHISA3	0.2478655190000003
SHISA4	0.47737953000000033
SHISA5	-38.59911979999998
SHISA6	0.4594532790000003
SHISA7	-0.13716419000000002
SHISA8	8.903933100000001
SHISA9	0.08112639750000028
SHISAL1	-2.3296417555000026
SHISAL2A	0.3011672565000003
SHKBP1	-3.276254690000002
SHLD1	35.974819884750005
SHLD2	0.6506132000000662
SHMT1	19.368104184750003
SHMT2	-349.94077630000004
SHOC1	3.7714489694999997
SHOC2	-55.4478828
SHOX	-0.6566665689999986
SHOX2	0.06878699133333299
SHPK	-6.0426771699999975
SHPRH	-35.406677299999984
SHQ1	-3.197343585000013
SHROOM1	1.4267078333333387
SHROOM2	-17.998991160000003
SHROOM3	7.15127854
SHROOM4	-2.8794782869999995
SHTN1	-149.3460398
SI	-0.5941268310000001
SIAE	15.02465322925
SIAH1	14.65167576349998
SIAH2	-52.37948881999999
SIAH3	0.18861565000000002
SIDT1	31.927426940000004
SIDT2	78.44054248499998
SIGIRR	67.10407494999998
SIGLEC1	1.0867500885000005
SIGLEC10	3.281803945
SIGLEC11	0.5112187160000001
SIGLEC15	0.6779514599999992
SIGLEC16	-0.5222169260000005
SIGLEC17P	-0.9868626950000001
SIGLEC5	-1.4352498899999997
SIGLEC6	-1.9327762473333312
SIGLEC7	1.310607671333333
SIGLEC8	-0.2964323233333337
SIGLEC9	-0.39647709299999967
SIGLECL1	0.2883084280000001
SIGMAR1	-177.80479374999993
SIK1	358.10156672000005
SIK2	-65.5386596375
SIK3	-5.559124179166666
SIKE1	-89.40863867599998
SIL1	-61.1729632
SILC1	0.503160469
SIM1	0.7837418190000003
SIM2	-0.8152992273333339
SIMC1	-12.233740459999993
SIMC1P1	1.7564749249999991
SIN3A	1.917699801750004
SIN3B	-0.02869676233333962
SINHCAF	-181.49217600000003
SIPA1	44.49959687
SIPA1L1	-0.5814915200000073
SIPA1L2	1.822334283
SIPA1L3	2.9497989602499928
SIRAL1	-14.021267351666665
SIRAL2	-9.601771780000007
SIRPA	-0.08044890466666743
SIRPB1	-0.048516147666666676
SIRPB2	0.3583772080000003
SIRPD	1.270931269
SIRPG	-0.8345984570000002
SIRT1	-82.583809
SIRT2	-2.2008779035000003
SIRT3	14.952205016666667
SIRT4	3.51939956
SIRT5	-3.372558540166665
SIRT6	12.792029920000004
SIRT7	46.114213500000005
SIT1	-1.7394733990000013
SIVA1	13.352664763333337
SIX1	-9.727914070000004
SIX2	-1.5192550224999994
SIX3	0.3037950280000006
SIX3-AS1	-0.3623080189999994
SIX4	-14.5481268415
SIX5	-7.705144115000003
SIX6	0.7173490400000002
SKA1	-38.08760386000001
SKA2	-70.70585559999995
SKA3	-14.073615409999988
SKAP1	-3.893179903
SKAP2	-15.565539112142858
SKI	11.30200533
SKIC2	33.04650330000001
SKIC3	-62.92802761333334
SKIC8	-6.3816116639999905
SKIDA1	5.4654010369999995
SKIL	127.89923048419996
SKOR1-AS1	-4.211626880000001
SKP1	214.0909766875002
SKP2	2.621000355333365
SLA	-1.8469757300000005
SLA2	-1.6258545049999995
SLAIN1	-7.25794398
SLAIN2	10.773350520000008
SLAMF1	1.3042338943333345
SLAMF6	0.04613843599999967
SLAMF7	0.29580013233333347
SLAMF8	-0.9181135875000006
SLAMF9	0.3605586299999999
SLBP	399.41272160000005
SLC10A1	-0.14594409999999947
SLC10A2	-0.2212955649999997
SLC10A3	29.43262609
SLC10A4	-79.86289719999999
SLC10A7	-10.462175991666667
SLC11A1	2.078992338500001
SLC11A2	-6.135194374400015
SLC12A1	0.21086242249999998
SLC12A2	-374.5626020000001
SLC12A2-DT	-3.0505796130000036
SLC12A3	-1.0991144016666663
SLC12A4	0.24245162199999726
SLC12A5	0.4307115450000003
SLC12A6	21.55757891333333
SLC12A7	74.34381159999998
SLC12A8	0.4750065579999996
SLC12A9	0.5166011596666706
SLC13A1	0.5033300649999997
SLC13A2	-1.7024359239999995
SLC13A3	-0.24265683033333296
SLC13A4	0.6599870400000007
SLC13A5	-1.6073926289999996
SLC14A1	0.26106679050000015
SLC14A2	-0.359988832
SLC14A2-AS1	-0.5539571029999992
SLC15A1	-2.7188235475000084
SLC15A2	0.25696086200000057
SLC15A3	-0.6706783399999985
SLC15A4	27.477919939333333
SLC16A1	-22.016822477999995
SLC16A1-AS1	-16.869252579999998
SLC16A10	16.637826053333328
SLC16A11	-0.4107226765000007
SLC16A12-AS1	-0.5679427709999993
SLC16A14	1.118918281
SLC16A2	45.7358438
SLC16A3	1.2554444223333334
SLC16A4	-1.232152429
SLC16A5	37.900801766666675
SLC16A6	-0.4087391355000012
SLC16A7	-5.361414804600001
SLC16A8	-4.93085683
SLC16A9	-11.76737932
SLC17A1	-0.9446882186666667
SLC17A2	-2.0352611190000003
SLC17A3	-0.9261490949999995
SLC17A4	0.2584743239999998
SLC17A5	234.70093139999994
SLC17A6	-1.2975289129999998
SLC17A7	-2.819594649999999
SLC17A8	-0.3984785639999999
SLC17A9	1.632041523333335
SLC18A1	0.07678308300000003
SLC18A2	0.7735805564999989
SLC18A3	-1.4302695189999994
SLC18B1	153.4473794
SLC19A1	1.351523382571422
SLC19A2	-38.9887214
SLC19A3	-3.6967366649999995
SLC19A4P	-1.2462518449999997
SLC1A1	69.91639196
SLC1A2	0.20214523375000049
SLC1A3	9.653591451500002
SLC1A4	-153.850365574
SLC1A5	-108.6508304
SLC1A6	243.23317434
SLC1A7	0.930913846666666
SLC20A1	138.88412712499996
SLC20A1-DT	1.6850453099999996
SLC20A2	-7.751913220000006
SLC22A1	0.7965329189999997
SLC22A11	1.3872798199999998
SLC22A12	-2.457908700000001
SLC22A13	-3.1728737000000002
SLC22A14	-2.0465261299999966
SLC22A15	-114.921625
SLC22A16	-1.224991835
SLC22A17	12.4680788575
SLC22A2	-1.0044623920000006
SLC22A23	15.713819555
SLC22A24	0.33110696399999995
SLC22A25	-3.457702953000002
SLC22A3	6.839003460499995
SLC22A31	0.7495060099999975
SLC22A4	7.199941290000002
SLC22A5	-11.402831024999998
SLC22A6	0.7132794214999976
SLC22A7	-0.031010717399999166
SLC22A8	-0.5707455149999987
SLC22A9	3.715652050000001
SLC23A1	5.15988226
SLC23A2	-16.921390721249992
SLC23A3	-11.689618069999998
SLC24A1	-1.8645921557499996
SLC24A2	-0.42259447400000116
SLC24A3	-0.6684065574999991
SLC24A3-AS1	-0.4871778100000004
SLC24A4	0.43334039733333274
SLC24A5	0.23150968699999996
SLC25A1	45.0443693
SLC25A10	48.190416330000005
SLC25A11	5.928833550000036
SLC25A12	21.102422219999994
SLC25A13	-83.37143960333336
SLC25A14	-14.501296879999984
SLC25A15	-170.30515407000001
SLC25A16	28.137846692500034
SLC25A17	-13.896466024999981
SLC25A18	-2.0047689500000008
SLC25A19	-26.747122939999997
SLC25A2	1.7196391500000008
SLC25A20	13.263529900000009
SLC25A21	-13.153175280000003
SLC25A21-AS1	-1.2127570980000009
SLC25A22	-0.8816118800000083
SLC25A23	-4.814575659999974
SLC25A24	73.65612391950003
SLC25A25	-30.973408280000008
SLC25A25-AS1	-1.7968217499999994
SLC25A26	-10.753842800000001
SLC25A27	0.16386213740000066
SLC25A28	17.317281131666647
SLC25A29	5.356167789750003
SLC25A3	-81.07085944499931
SLC25A30	-15.958370490500002
SLC25A31	0.40227919599999984
SLC25A32	-156.22355199999998
SLC25A33	-260.08624569999995
SLC25A34	3.8171757645
SLC25A35	11.154695765
SLC25A36	-152.82218351300003
SLC25A37	-3.2488266513
SLC25A38	-0.3025958339999999
SLC25A39	1.427924599999983
SLC25A3P1	-0.023292059000000087
SLC25A4	11.023623451499986
SLC25A40	-7.587459055000011
SLC25A41	0.4302272700000014
SLC25A42	10.3484055065
SLC25A43	-85.4948541
SLC25A44	-37.814662399999975
SLC25A45	-9.813780604499996
SLC25A46	47.89525833000005
SLC25A47	-0.468938289999997
SLC25A48	-0.04118154399999874
SLC25A48-AS1	0.244815365
SLC25A5	191.55306999999993
SLC25A5-AS1	1.4603247749999984
SLC25A51	-1.1728186999999934
SLC25A53	0.06271287200000009
SLC25A6	505.92175399999996
SLC26A1	0.009150414000000495
SLC26A10P	1.7503394229999998
SLC26A11	49.94279979999999
SLC26A2	116.45468199999996
SLC26A3	-0.9375359080000001
SLC26A4	0.28988434399999985
SLC26A4-AS1	0.2751800590000002
SLC26A5-AS1	0.09542827450000013
SLC26A6	20.932775409999998
SLC26A7	0.287453038333334
SLC26A8	-1.0933701719999998
SLC26A9	-1.051712706
SLC27A1	22.36818479
SLC27A2	22.200130064999996
SLC27A3	-3.1271445799999995
SLC27A4	-11.793241899999998
SLC27A5	3.7907598450000037
SLC27A6	0.4714936999999999
SLC28A1	-0.03350645899999982
SLC28A2	0.18585304000000047
SLC28A3	-1.476394054
SLC29A1	56.74735636
SLC29A2	-3.051753417999997
SLC29A3	169.69059919999998
SLC29A4	75.59926229999999
SLC2A1	17.46127723
SLC2A1-DT	2.317435165000001
SLC2A10	-0.3432220130000001
SLC2A11	9.704056786666662
SLC2A12	46.03653181
SLC2A13	43.62923828939999
SLC2A2	-195.25256535
SLC2A3	-311.03511664000007
SLC2A4	-1.6659720500000006
SLC2A4RG	16.08786216500001
SLC2A5	2.900920586999998
SLC2A6	29.36443804000001
SLC2A8	12.948023074499993
SLC2A9	-3.598191329999999
SLC30A1	-36.06259938400001
SLC30A10	-60.16099829000001
SLC30A2	-1.6181156950000002
SLC30A3	-8.998803330000001
SLC30A4	3.5879632833333517
SLC30A5	13.236517736599978
SLC30A6	-23.674532513333318
SLC30A7	-138.82301464666668
SLC30A8	-2.2265235724999997
SLC30A9	-74.868435415
SLC31A1	-72.70016552666667
SLC31A2	-22.816456790000004
SLC32A1	0.01288019500000015
SLC33A1	-76.0969058375
SLC33A2	10.979611299999998
SLC34A1	-0.3794203799999991
SLC34A2	0.22941670999999975
SLC34A3	8.017106760000004
SLC35A1	-28.410444900000016
SLC35A2	9.29984790333333
SLC35A3	-142.2785894733333
SLC35A4	6.7411472
SLC35A5	1.301574610000003
SLC35B1	-210.9412789
SLC35B2	330.9474268
SLC35B3	-58.89421107
SLC35B4	-41.013984103333335
SLC35C1	26.509546755000017
SLC35D1	29.493729953333315
SLC35D2	-19.308509707500008
SLC35D3	0.5431333250000003
SLC35D4	-15.818833850000004
SLC35E1	-7.909387350000031
SLC35E2A	56.672798996
SLC35E3	48.999161964999956
SLC35E4	2.621542514999998
SLC35F1	-1.5551881000000005
SLC35F2	-46.018345900000014
SLC35F3	-1.2892950205
SLC35F4	-0.5920164379999999
SLC35F5	-32.03504361166671
SLC35F6	35.19115572666669
SLC35G1	-10.494302146666662
SLC35G2	-31.083121225
SLC35G3	0.6233038330000005
SLC35G4	-2.0300938800000026
SLC35H1	5.266675983333329
SLC36A1	-20.522621645
SLC36A4	81.58718947
SLC37A1	2.0271190765
SLC37A2	3.1428909970000003
SLC37A3	-10.716012600000013
SLC37A4	60.180406475
SLC38A1	-422.29024992250004
SLC38A10	2.2656303629999996
SLC38A11	28.377785749999997
SLC38A12	0.3626099899999957
SLC38A2	-536.6195523333336
SLC38A2-AS1	-0.19513884100000034
SLC38A3	-1.180549980000002
SLC38A4	0.14509770650000053
SLC38A4-AS1	-4.006208039999999
SLC38A5	-0.2812614379999996
SLC38A6	-5.8064462000000105
SLC38A7	5.003804290000005
SLC38A9	-15.756882907999994
SLC39A1	-16.58042979999999
SLC39A10	140.77246629999996
SLC39A11	13.18884786999999
SLC39A12	0.10864808000000004
SLC39A13	15.819055090000006
SLC39A14	-447.67835765300003
SLC39A2	-4.618843289999999
SLC39A3	-6.5212080000000014
SLC39A4	-2.71890419
SLC39A5	16.426589219999997
SLC39A6	-118.90514217750001
SLC39A7	105.50000000000003
SLC39A8	-0.7544952874999993
SLC39A9	-10.620148361249989
SLC3A1	11.885172878999999
SLC3A2	-967.1167366
SLC40A1	-15.818248014999995
SLC41A1	38.77745052
SLC41A2	11.66441789999999
SLC41A3	-13.169749179999997
SLC43A1	-88.7262587
SLC43A2	0.7995447999999996
SLC43A3	0.3735948484999998
SLC44A1	124.69118454183334
SLC44A2	18.9098590965
SLC44A3	60.78347719999999
SLC44A3-AS1	1.42046459
SLC44A4	-0.3410910834999994
SLC44A5	0.8558390955000004
SLC45A1	-0.20146749000000064
SLC45A2	-2.5201403970000005
SLC45A3	2.1621886949999976
SLC45A4	-1.8078907050000055
SLC46A1	9.2077374725
SLC46A2	-1.3835959449999997
SLC46A3	3.1675135700000006
SLC47A1	-2.405921492000001
SLC47A2	-1.822683348
SLC48A1	-56.40033451333335
SLC49A3	1.0389366964999986
SLC49A4	-47.0792599845
SLC4A1	0.908146134499999
SLC4A10	0.21978345999999993
SLC4A11	149.87289394
SLC4A1AP	-73.47127255000001
SLC4A2	-0.9632396000000085
SLC4A3	-2.4505206599999987
SLC4A4	25.7053184114
SLC4A5	1.8611245952500042
SLC4A7	-13.041272182999997
SLC4A8	0.4336974275000003
SLC4A9	0.4976309384999986
SLC50A1	-153.00689350000002
SLC51A	-2.068767415
SLC51B	-39.68936506
SLC52A1	0.06384351999999893
SLC52A2	-17.155632344999987
SLC52A3	-2.2618333300000018
SLC5A1	1.2014192199999982
SLC5A10	-0.8889510999999999
SLC5A11	-3.3291536699999984
SLC5A12	0.9899671186666668
SLC5A2	1.7434137499999984
SLC5A3	270.0640863279999
SLC5A4	-1.3345540399999996
SLC5A5	-1.3601959200000024
SLC5A6	-57.62152470000001
SLC5A7	0.33245065900000004
SLC5A8	-4.831994350000002
SLC5A9	0.07783753149999839
SLC60A1	-0.11549520899999877
SLC60A1-AS1	1.0690397100000002
SLC60A2	-5.143016233333341
SLC61A1	59.106412500000005
SLC66A1	-2.5370303333333197
SLC66A1LP	-0.5995874350000001
SLC66A2	5.436935120000015
SLC66A3	52.98388388499998
SLC67A1	102.88743702000001
SLC67A1-AS	11.265282590000005
SLC67A2	-15.14663663333333
SLC68A1	-32.67700390000002
SLC6A1	0.2910313950000005
SLC6A10P	-1.3488963340000009
SLC6A10PB	-8.773787740000003
SLC6A11	-0.31088995533333197
SLC6A12	2.427732389999999
SLC6A12-AS1	-0.9880440859999995
SLC6A13	-2.7934973865000003
SLC6A14	0.2216391179999997
SLC6A15	0.06259551074999958
SLC6A16	19.086457869999997
SLC6A17	-3.970495784999997
SLC6A18	-7.245165699999998
SLC6A19	-0.04039817333332962
SLC6A2	-1.20528198425
SLC6A20	-1.3175843280000006
SLC6A3	-10.896377320000006
SLC6A4	-0.7657759403333335
SLC6A5	-0.7247008555000001
SLC6A6	27.589897667399995
SLC6A7	0.3359937500000001
SLC6A8	11.270156223333345
SLC6A9	-0.9779933700000001
SLC71A1	-183.85412339999993
SLC71A2	46.798078028000006
SLC71A3P	20.24373463
SLC75A1	-9.548294550000008
SLC7A1	-203.120469324
SLC7A10	-2.4008825199999997
SLC7A11	-260.9452242766667
SLC7A11-AS1	0.33363154400000017
SLC7A13	-0.09572048199999994
SLC7A14	-0.194308103
SLC7A14-AS1	0.4057333520000004
SLC7A2	-30.010770781666665
SLC7A3	-2.3017176600000004
SLC7A4	-1.4640143209999987
SLC7A5	-745.2713350000001
SLC7A5P2	1.5057540400000065
SLC7A6	-137.6830361066667
SLC7A6OS	-22.77584588
SLC7A7	209.12683578
SLC7A8	7.6784558644
SLC7A9	0.9577694600000086
SLC8A1	-0.19134923445454444
SLC8A1-AS1	0.15887401400000023
SLC8A2	-5.157871830000001
SLC8A3	0.4992073950000009
SLC8B1	15.076516175000002
SLC9A1	-2.315255767666663
SLC9A2	-2.1545027589999997
SLC9A3	-1.8984900580000001
SLC9A3-AS1	37.32271867
SLC9A3-OT1	2.7427051800000015
SLC9A5	-2.3123407856666667
SLC9A6	103.02643839999999
SLC9A7	4.203379743000003
SLC9A8	-22.748796579999997
SLC9A9	1.5907887729999999
SLC9B2	-5.091545544999999
SLC9C2	-1.011632197
SLC9D1	-95.91408431825002
SLCO1A2	1.1933771969999993
SLCO1B1	3.562886840000001
SLCO1B3	0.6934814079999994
SLCO1C1	0.08074570099999967
SLCO2A1	-0.055417209999999884
SLCO2B1	25.999707716666677
SLCO3A1	1.3592399625000002
SLCO4A1	125.87121204300001
SLCO4A1-AS1	0.10465678000000089
SLCO4C1	0.35021453450000006
SLCO5A1	-0.22204430649999995
SLCO6A1	0.4604664299999994
SLF1	17.375607365
SLF2	1.9367946349999983
SLFN11	0.5763248710000002
SLFN12	0.08439061800000047
SLFN13	0.4624839930000002
SLFN5	9.120911018833333
SLFNL1	1.1422613449999997
SLFNL1-AS1	2.7664582300000014
SLIRP	118.99826900000016
SLIRP-OT1	2.0404138699999947
SLIT1	-1.691799177
SLIT1-AS1	0.1996582559999993
SLIT2	-0.21459315866666628
SLIT2-IT1	-0.05204152899999981
SLIT3	-1.3398203240000015
SLIT3-AS1	-0.3999205349999997
SLITRK1	0.17408766399999998
SLITRK2	2.1547797440000007
SLITRK3	0.23634702000000019
SLITRK4	0.11621422800000047
SLITRK5	0.8547781150000002
SLITRK6	1.022423762333334
SLK	-0.02571410000001606
SLMAP	8.882174596500008
SLN	0.71854554
SLPI	-0.43949342999999885
SLTM	-25.189221099999997
SLU7	-47.17082000000002
SLURP1	1.5241827800000003
SLX1A	30.257730123333346
SLX1B-SULT1A4	64.24983032999998
SLX4	1.320250455
SLX4IP	13.384195344999995
SLX9	-2.1991579249999944
SMAD1	-14.516721602666678
SMAD1-AS2	0.569747714
SMAD2	-28.635491910666644
SMAD3	59.163147473999985
SMAD3-DT	13.389881440000002
SMAD4	-0.42839835039999485
SMAD5	0.7341443599999877
SMAD5-AS1	-1.0341299570000002
SMAD6	54.442771101999995
SMAD7	91.90000000000003
SMAD9	-3.1443273540000014
SMAGP	6.049054100000035
SMAP1	7.744118000000071
SMAP2	-129.02882540000002
SMARCA1	9.546028715750026
SMARCA2	-2.0261821632857107
SMARCA4	0.17590965077776843
SMARCA5	-93.22510836666663
SMARCAD1	-72.57963500000002
SMARCAD1-DT	-0.4474204070000001
SMARCAL1	-26.8926486
SMARCB1	22.724875595
SMARCC1	19.18808232500001
SMARCC2	20.124642667999993
SMARCD1	4.237876560000004
SMARCD2	19.383405729999993
SMARCD3	-4.915907445
SMARCE1	-3.7642566775000432
SMC1A	22.179893695000004
SMC1B	-0.11832928399999965
SMC2	15.679646020000007
SMC3	-64.43080736624995
SMC4	-41.69890741333336
SMC5	-21.312384887999997
SMC5-DT	0.30713614200000006
SMC6	-16.49395708
SMCHD1	-7.473502772500012
SMCO1	-1.5735860929999994
SMCO3	-0.7207043780000002
SMCO4	39.57829620000007
SMCP	-0.25430803900000143
SMCR5	0.21718087900000071
SMCR8	-10.9859682692
SMDT1	-110.43933199966659
SMG1	-113.24418961333333
SMG1P2	-53.133586899999955
SMG1P3	-8.422960578333331
SMG1P5	-2.0883310500000007
SMG1P7	1.7268903900000012
SMG5	-47.45748470000001
SMG6	1.353507677499998
SMG7	-37.941192625
SMG7-AS1	-0.7952636405
SMG8	12.166451900000027
SMG9	-9.690692543333334
SMIM1	0.28356151999999923
SMIM10	-0.43405473499999925
SMIM10L1	32.13432156999994
SMIM10L2A	1.9737020020000005
SMIM10L2B	56.38181356
SMIM10L2B-AS1	-1.0659277275000019
SMIM11	-3.4815007300000005
SMIM12	26.17624638000001
SMIM13	-77.33974267000002
SMIM14	52.75574656859999
SMIM15	-240.7989897
SMIM17	-1.7974962959999985
SMIM19	-82.03212359999998
SMIM2	-0.555467589
SMIM2-AS1	-2.056782515000001
SMIM20	-54.80618079999999
SMIM21	0.06816931550000005
SMIM22	-1.9285178300000005
SMIM24	0.39000060999999775
SMIM26	-177.97111430000007
SMIM29	3.9537340500000013
SMIM3	-15.640849899999978
SMIM30	18.083280099999996
SMIM31	6.318612890000001
SMIM32	-0.6719601900000001
SMIM43	-0.5281743079999996
SMIM48	-3.256474990000001
SMIM5	0.138866771
SMIM7	-24.96467022666667
SMIM8	1.8935238566666683
SMKR1	-17.304852419999996
SMLR1	-15.93082196799999
SMN1	-96.4468133
SMNDC1	-257.1031595999999
SMO	4.59255443
SMOC1	31.804714773999994
SMOC2	7.084090920000001
SMOX	6.491656826666656
SMPD1	3.3309765733333307
SMPD2	-37.02373317
SMPD3	-0.6894514009999995
SMPD4BP	55.3379168
SMPDL3A	73.7058937845
SMPDL3B	0.9840695399999966
SMPX	11.539683886
SMR3A	-0.06221760050000125
SMR3B	1.4906919200000002
SMS	290.8523921
SMTN	21.669109683333332
SMTNL1	0.4981299400000019
SMTNL2	1.439096728
SMU1	-43.62598679000001
SMUG1	22.127928337333344
SMURF1	-14.23771816
SMURF2	60.93165053666668
SMYD1	0.32763407300000225
SMYD2	29.99294555999998
SMYD3	-106.38483844000001
SMYD4	2.8741936899999985
SMYD5	-22.903746740000003
SNAI1	0.4385304699999999
SNAI2	0.5200012549999999
SNAI3	-0.1076801930000002
SNAI3-AS1	0.12366901000000041
SNAP23	-60.53762345499996
SNAP25	73.53374835666665
SNAP29	2.54947894
SNAP47	9.46882919999996
SNAP91	-0.46848587400000063
SNAPC1	-22.322797399999985
SNAPC2	-6.6841610900000035
SNAPC3	-28.040904450750002
SNAPC4	-9.235440734999997
SNAPC5	-86.88018160999997
SNAPIN	213.5028732
SNCA	-159.4014213684
SNCAIP	0.20182369666666666
SNCAIP-AS3	0.5961715469999991
SNCB	7.603171119999999
SNCG	-1.0691756150000025
SND1	-8.173694999999952
SND1-IT1	7.029190130000002
SNED1	0.06075340124999862
SNF8	-49.350667000000044
SNHG10	0.11049714000000055
SNHG11	-9.547188300000016
SNHG12	-163.22697423333332
SNHG17	-1150.3807963
SNHG18	-0.03772345800000032
SNHG19	-127.92683489999996
SNHG22	-0.7320471610000001
SNHG27	-0.6093566109999999
SNHG28	1.8399386100000008
SNHG3	-33.55426206999999
SNHG32	-3290.7044530000003
SNHG33	-88.3809641
SNHG4	-16.08508408344437
SNHG5	-1980.494491
SNHG6	-369.2999999999997
SNHG7	44.20169160499995
SNHG8	-2508.216196
SNHG9	1.8074474699999996
SNIP1	1.62703694
SNN	62.96290899
SNORA11D	-10.502778960000008
SNORA17B	-0.4550468500000022
SNORA21	-23.923187900000002
SNORA37	0.14502683699999963
SNORA50C	-35.97711429999998
SNORA65	-0.37949470900000026
SNORA67	18.3304679
SNORA68	-2.8446343800000005
SNORA71A	0.05046595850000202
SNORA71B	-0.0571391014999989
SNORA72	-2.0394965999999997
SNORA74A	-0.6604424436666676
SNORA78	-6.17249898
SNORA9	-478.79669340000004
SNORC	1.2689027199999998
SNORD114-3	-0.22737076999999983
SNORD116-17	4.113248219999999
SNORD1A	-261.2667038000002
SNORD22	-2086.499464
SNORD3C	2.9067320300000006
SNORD49B	-355.5676199613333
SNORD50B	-13.30422455
SNORD57	-394.05270570000005
SNORD8	1.0853523415000002
SNORD84	45.36341755000001
SNORD89	8.052922379999998
SNPH	12.85649875
SNRK	-19.48843673466666
SNRK-AS1	3.6215563179999997
SNRNP200	-31.596716690000008
SNRNP25	146.40000000000003
SNRNP27	-77.5648175
SNRNP35	-5.014143019999999
SNRNP40	-53.33901750000001
SNRNP48	2.377867425000005
SNRNP70	45.871112455000016
SNRPA	-108.50061549999998
SNRPA1	59.60560158499999
SNRPB	-856.3686320000002
SNRPB2	-40.774160665500006
SNRPC	-125.0548146000001
SNRPD1	-236.99974854999994
SNRPD2	543.7566430000002
SNRPD3	56.45849799999996
SNRPE	-55.09833268999989
SNRPF	-107.39599929999997
SNRPG	89.01338799999985
SNRPN	-164.35427616475
SNTA1	-11.827974609999998
SNTB1	-19.66790381
SNTB1-AS2	0.6441607030000007
SNTB2	23.24710400114285
SNTG1	-0.31539934133333336
SNTG2	-2.109311732000002
SNTG2-AS1	1.3481681769999998
SNTN	0.3926406280000001
SNU13	-34.2089467055
SNUPN	2.1658854999999733
SNW1	102.32852179999998
SNX1	48.84653591599999
SNX10	-11.783017299999983
SNX11	4.524351109999998
SNX12	83.11368770000001
SNX13	10.274021384000008
SNX14	37.76394549999998
SNX15	68.55755589999998
SNX16	-6.412493524999995
SNX17	-129.2270615
SNX18	-19.207651669
SNX19	-2.0311328475000003
SNX2	-32.25889039699999
SNX20	0.7051969243333325
SNX21	14.96177320333333
SNX22	3.015451564000003
SNX24	-35.56802924
SNX25	-0.0018372311999996782
SNX27	51.849617054999996
SNX29	-0.7172849820000007
SNX29P2	0.15720067866666732
SNX3	40.3682402500001
SNX30	32.48768403000001
SNX31	0.1711423759999997
SNX32	0.4009274380000001
SNX33	12.514408060000001
SNX4	6.061021350000004
SNX5	-64.96949594933335
SNX6	134.72857240000002
SNX7	-40.4200512000001
SNX8	-14.40708619000003
SNX9	19.529326749999996
SOAT1	-2.7390611499999977
SOAT2	-6.685741309999999
SOBP	10.596461600625005
SOCS1	-1.4405023712500018
SOCS2	-107.15738024800002
SOCS2-AS1	-14.562968968
SOCS3	-0.5591275427500015
SOCS4	-47.892240039500024
SOCS5	9.912207559999985
SOCS6	-4.571883679999992
SOCS7	-58.882756910333285
SOD1	152.4000000000001
SOD2	145.42507629999994
SOD2-OT1	61.69168194150001
SOD3	-2.76123413
SOFU1	-0.5392655655
SOHLH1	-3.00515154
SOHLH2	-75.013818385
SON	-36.19517819200007
SORBS1	126.08173078000003
SORBS2	-0.02861842914285706
SORBS3	0.6350597950000036
SORCS1	0.3842601444999998
SORCS2	0.34849640000000015
SORCS3	-0.08302999200000016
SORCS3-AS1	0.01422478100000113
SORD	11.944116176666682
SORL1	-8.505959272333337
SORT1	-55.98093392466663
SOS1	-21.294337007200028
SOS2	0.6650924316666647
SOST	0.44842521599999996
SOSTDC1	0.32928332000000005
SOWAHA	14.360783532
SOWAHC	-263.95379263999996
SOX1	1.1315276353333328
SOX1-OT	0.273457461
SOX10	-3.071782634999998
SOX11	-0.09603530266666649
SOX12	-18.908911374999995
SOX13	14.14143692566666
SOX14	-1.078608656
SOX15	-7.113891030000001
SOX17	0.38607844199999963
SOX18	-1.678920261
SOX2	-0.6578908484999975
SOX2-OT	0.35298802200000035
SOX21	-2.143185977999999
SOX21-AS1	2.1928269179999997
SOX3	1.4864135319999985
SOX30	0.009665006999999726
SOX4	224.46365485999996
SOX5	-6.795488936499999
SOX6	2.574615783999999
SOX7	-0.07617458749999972
SOX8	9.766675414999998
SOX9	254.21909806999997
SOX9-AS1	3.2005400654999985
SP1	10.28352938674999
SP100	51.479497394333336
SP110	8.188319945999986
SP140	1.4704949420000002
SP140L	38.31958335833333
SP2	-3.2026878510000003
SP2-AS1	3.1562871850000036
SP3	8.015843270000005
SP3P	-0.8631055240000007
SP4	-21.896999062000006
SP5	0.5533053799999994
SP6	3.0843307200000005
SP7	-1.3817401900000004
SP8	2.0189875425000015
SPA17	-14.58104259000001
SPAAR	-1.1494514999999996
SPACA1	-0.8447427300000001
SPACA3	1.2364589299999995
SPACA4	-2.810170120000002
SPACA6	1.4194973199999996
SPACA7	-0.6110510170000003
SPACA9	-10.454744660499998
SPACDR	2.59122464
SPAG1	-32.79228470000001
SPAG11A	-0.4184344674
SPAG16	-6.934579546333346
SPAG17	0.23826970999999997
SPAG4	87.66002513999999
SPAG5	68.77870300000001
SPAG5-AS1	0.15338653549999925
SPAG6	4.026430685000001
SPAG7	66.99167680000002
SPAG8	-0.9633301804999981
SPAG9	-35.828176901999996
SPAM1	-0.0007179119999998207
SPANXA1	-0.19103786333333161
SPANXA2-OT1	0.33728613699999954
SPANXB1	2.3658911730000005
SPARC	-1.8128119694999993
SPARCL1	0.5187011239999997
SPART	-1.7253986325000028
SPART-AS1	0.48241357099999993
SPAST	-14.701444039999984
SPATA1	0.0929763819999998
SPATA12	2.6471052299999993
SPATA13	0.5492125845000011
SPATA16	0.2609358290000001
SPATA17	-155.19257079
SPATA18	0.7938077940000001
SPATA19	-0.7230167344999998
SPATA2	-16.148040615
SPATA20	78.10819338999998
SPATA21	-0.7923187999999968
SPATA22	0.11233466733333364
SPATA24	3.5410574699999984
SPATA25	-3.2305966999999995
SPATA2L	-32.493804900000015
SPATA3	2.226485909999999
SPATA3-AS1	-1.9051769600000004
SPATA31A5	-1.1575780369999995
SPATA31C2	1.7468663370000002
SPATA31D1	-4.0786067599999996
SPATA31E1	2.206898646499999
SPATA31F1	-0.5866572430000003
SPATA31F2P	-0.028308717666667427
SPATA31G1	2.9948734800000025
SPATA31H1	0.7697129500000024
SPATA32	-0.9076244584999955
SPATA33	0.7156757149999997
SPATA4	1.8607550400000008
SPATA41	-0.03315971600000012
SPATA42	0.5439893870000008
SPATA45	1.01481448
SPATA46	-0.46852748199999983
SPATA6	3.173394599750001
SPATA6L	-0.6961077503999995
SPATA7	-6.926628645000001
SPATA8	-0.24903013999999857
SPATA9	-0.1142507015000005
SPATC1	-1.54147781
SPATC1L	-3.7092244999999906
SPATS1	0.06288970199999966
SPATS2	0.502816059500006
SPATS2L	275.16449427125
SPC24	75.5048616
SPC25	77.64228402
SPCS1	-426.8432749999997
SPCS2	-546.7018761766665
SPCS3	-28.249644096666657
SPDEF	0.37424038800000403
SPDL1	-29.850964900000008
SPDYA	-0.24704350600000025
SPDYE2	-39.50963215
SPDYE5	-6.9004078
SPECC1	-1.0775928800000045
SPECC1L	-24.35266709999999
SPECC1L-ADORA2A	2.556666490000005
SPEF1	7.032260150000001
SPEF2	0.4119621503333377
SPEG	-3.847280863333335
SPEM1	-2.579362596000001
SPEM2	-0.034520726000000224
SPEN	-41.4323668145
SPEN-AS1	9.622616052333335
SPESP1	134.18727289999998
SPG11	-28.18740855499999
SPG21	-59.13121457
SPG7	40.12559629485716
SPHK1	31.67909117
SPHK2	-12.44299813
SPHKAP	-1.362879274
SPI1	-2.8817619159999994
SPIB	2.8767001845000006
SPIC	-0.39699377300000016
SPICE1	0.5302973220000027
SPIDR	-1.1412676525000016
SPIN1	-54.77723952000002
SPIN2A	5.967786981499998
SPIN3	-22.66720548250001
SPIN4	-10.7308922
SPINDOC	-8.283824200000005
SPINK1	1.922214811
SPINK13	-0.33433816500000013
SPINK2	-0.5727126240000011
SPINK4	-0.17083738000000004
SPINK5	-0.5418556799999994
SPINK6	1.5358640680000004
SPINK7	-1.078282496
SPINT1	-1.4000856249999991
SPINT1-AS1	-0.7908036900000006
SPINT2	263.296209
SPINT3	0.23410998099999958
SPIRE1	-62.74420882499999
SPIRE2	6.830486598000004
SPMAP1	-0.6542692049999999
SPMAP2	-1.234911349999999
SPMIP1	-5.2306004900000005
SPMIP10	0.3541877430000002
SPMIP11	0.0
SPMIP2	-1.0075074610000003
SPMIP3	-2.178342164
SPMIP4	-12.178719999999998
SPMIP5	-0.2945722100000001
SPMIP6	-1.0321311800000004
SPMIP8	1.1090272819999996
SPMIP9	-2.620642610000001
SPN	-5.109750314000003
SPNS1	-36.83212759999998
SPNS2	-2.682106249999997
SPNS3	0.42739416399999897
SPO11	0.04537629899999995
SPOCD1	8.597233272499999
SPOCK1	-1.4154321319999998
SPOCK2	1.741813245000003
SPOCK3	-0.27908103625
SPON1	0.24278936260000172
SPOP	-35.39625418999998
SPOPL	40.985170190000005
SPOUT1	-5.562480004999998
SPP1	-10.3098319125
SPP2	-1.58736311
SPPL2A	-23.883439696666642
SPPL2B	3.6799443300000014
SPPL2C	-3.1483413330000003
SPPL3	20.030071560000003
SPR	54.17181110000001
SPRED1	-7.420502069000005
SPRED2	-1.5098998386666551
SPRED3	3.062129270000007
SPRING1	184.71038779719999
SPRN	3.2905916200000007
SPRNP1	-2.711858840999999
SPRR1A	-0.11251631450000055
SPRR1B	0.39542629900000037
SPRR2B	-0.17044197099999892
SPRR2C	0.7461251180000001
SPRR2G	-0.7902312399999971
SPRR3	-1.8615264095000015
SPRR4	-5.05693101
SPRTN	-13.579849540000005
SPRY1	14.876077794999986
SPRY2	97.09828019000001
SPRY3	0.27213341700000004
SPRY4	-2.1144528000000093
SPRY4-IT1	3.52839741
SPRYD3	14.998554819999995
SPRYD4	28.86751322
SPRYD7	-20.976487742499998
SPSB1	10.655002074999999
SPSB2	43.94258930000001
SPSB3	25.865751180000004
SPSB4	-1.4385969000000003
SPTA1	0.20736197999999995
SPTAN1	-14.416761581199992
SPTB	2.107858959999998
SPTBN1	37.13246339445459
SPTBN2	-13.277727079999998
SPTBN4	1.0154770799999966
SPTBN5	0.38524422999999963
SPTLC1	-6.6637952972500045
SPTLC2	28.208996001600013
SPTLC3	0.9252348653333327
SPTSSA	-23.32352726999997
SPTSSB	-9.535653309999997
SPTY2D1	-9.534135405
SPX	-1.1393089715000002
SPZ1	-0.44446062100000017
SQLE	0.6310714684999965
SQOR	923.0902807
SQSTM1	-150.8301252325
SRA1	-74.01220209999997
SRARP	-0.1311236799999982
SRBD1	-0.8244757700000065
SRC	-2.421318601428567
SRCAP	-0.8627478483333384
SRCIN1	0.7132697276666686
SRD5A1	5.843200136666674
SRD5A2	0.006288894999999961
SRD5A3	8.16197166700001
SRD5A3-AS1	-0.06706690300000062
SREBF1	-13.679571754999998
SREBF2	-14.305553966666665
SREK1	-30.237972906999985
SREK1IP1	-60.02649618000001
SRF	-21.04539978000001
SRFBP1	-46.15345411
SRGAP1	-0.34264320500000167
SRGAP2	2.321708409500001
SRGAP2B	-11.978164897500001
SRGAP2C	17.213875299999998
SRGAP3	-1.0719019005000003
SRGAP3-AS2	-0.19647339899999938
SRGN	2.6699516176666664
SRI	20.70498943499996
SRL	0.5367266499999985
SRM	-485.6
SRMS	0.7017754610000004
SRP14	654.3709960000001
SRP19	-375.377344
SRP54	-103.43685419999997
SRP68	-38.60390969999992
SRP72	-185.544100194
SRP9	48.05325499999981
SRPK1	34.350813769999945
SRPK2	-64.81955805666666
SRPK3	-5.9661598
SRPRA	-82.06394039999998
SRPRB	-196.90424226666664
SRPX	31.22088025
SRPX2	29.172609646999998
SRR	-6.498573882500004
SRRD	-23.825497444999996
SRRM1	66.89684380000006
SRRM2	70.24472260175003
SRRM2-AS1	1.4490762900000007
SRRM3	-0.15731882833333444
SRRM4	-0.9245387563333338
SRRM5	0.11477737800000032
SRRT	-52.55226231019998
SRSF1	-17.82299833725
SRSF10	55.44789164200003
SRSF11	-22.630922700999974
SRSF12	-14.289061744999998
SRSF2	-563.4303874333334
SRSF3	-80.47156085666666
SRSF4	10.5092043728
SRSF5	132.93382664833342
SRSF6	5.343625800000041
SRSF7	-9.009099249999963
SRSF8	-45.032713374999986
SRXN1	-127.7881798
SRY	-0.1239582859999997
SS18	-43.73679112750001
SS18L1	-3.1027382999999986
SS18L2	-25.101649299999963
SSB	-167.49960810000005
SSBP1	-76.08528923999995
SSBP2	-12.540431700666666
SSBP3	-7.000133006666665
SSBP3-AS1	6.75755689
SSBP4	46.25287318000001
SSC4D	3.384190120000003
SSC5D	-4.99379983
SSH1	12.57593088450001
SSH2	7.35393295075
SSH3	36.951141743333324
SSMEM1	0.4870487790000002
SSNA1	-12.709979400000009
SSPN	8.056779487500002
SSPN-AS1	-0.7198340539999997
SSPOP	5.459825969999997
SSR1	-116.76775451666686
SSR2	-454.346217
SSR3	-269.69354249
SSR4	-120.67237799999998
SSR4P1	1.487295399999999
SSRP1	10.969545099999891
SST	-0.2536504929999994
SSTR1	-1.0108715134999997
SSTR2	-2.2507612026666663
SSTR3	3.163471129999998
SSTR4	0.3197602900000014
SSTR5	-0.2770009000000009
SSTR5-AS1	9.201197230000002
SSU72	-52.35239350666666
SSUH2	2.8263147500000088
SSX1	-3.5363044729999995
SSX2B	0.8816912687499983
SSX2IP	-47.612768561666684
SSX3	-0.5612222899999999
SSX4	-2.059633899999999
SSX7	-0.7988471939999986
ST13	-121.28204769999991
ST14	6.931707711666666
ST18	0.7202821877499996
ST18-AS3	0.7462431250000003
ST20	0.6889023849999987
ST20-AS1	24.39292005
ST20-MTHFS	-23.19522030349998
ST3GAL1	23.063978360000004
ST3GAL2	13.610500300000005
ST3GAL3	4.218771590142854
ST3GAL3-AS1	-0.5766763360000002
ST3GAL4	-7.547600167999999
ST3GAL5	158.77752250999998
ST3GAL6	-0.7930777857499969
ST6GAL1	-0.4416616349999991
ST6GAL2	0.11111401600000015
ST6GALNAC1	0.26676944399999947
ST6GALNAC2	2.0069171370000003
ST6GALNAC3	0.14187899799999926
ST6GALNAC4	-0.3700845625000042
ST6GALNAC5	-0.5531804716666695
ST6GALNAC6	-4.499833370000001
ST7-AS1	5.037981234
ST7-AS2	-0.04042379000000018
ST7-OT3	-1.3365769550000053
ST7-OT4	-0.10268539899999984
ST7L	-2.6889638259999984
ST8SIA1	-0.19028746299999977
ST8SIA2	1.392010346000001
ST8SIA3	0.416128502666667
ST8SIA4	0.1720652344000002
ST8SIA5	0.3254152573333329
ST8SIA6-AS1	1.227177589
STAB1	-0.9958503569999984
STAB2	0.7488159139999979
STAC	-1.0828940199999977
STAC2	-5.821789180000003
STAC3	-2.0817958599999997
STAG1	-24.61460293366666
STAG2	-80.45155402
STAG3	4.50909712
STAG3L2	38.11418363000001
STAG3L3	39.258125109999995
STAG3L4	-13.687008431999999
STAM	-166.0042962
STAM-DT	0.284757194
STAM2	4.323285106000014
STAMBP	-34.09258276
STAMBPL1	-0.1445895717500001
STAP1	0.45600194700000074
STAP2	9.979926419999998
STAR	0.7546562469999998
STARD10	18.60129103333331
STARD13	-7.259398268000002
STARD13-AS	0.7217644010000015
STARD3	13.441927360000001
STARD3NL	-102.75921200000005
STARD4	-44.29734345
STARD5	8.01494232
STARD6	-0.9966039159999998
STARD7	-201.76453300000003
STARD7-AS1	-3.563862720000003
STARD8	-2.7658159500000004
STARD9	3.2004395999999993
STAT1	-34.21018349999997
STAT2	36.28205489666667
STAT3	57.92215382225001
STAT4	55.71978431000001
STAT5A	-4.781510219999998
STAT5B	7.936839823999996
STAT6	4.944172429999998
STATH	-0.15079173700000004
STAU1	353.1061473750001
STAU2	17.84334122766667
STAU2-AS1	0.1988447400000002
STBD1	-6.076426655000006
STC1	0.28970175966666645
STC2	-231.29035005000003
STEAP1	14.94600680000002
STEAP1B	-34.79706399
STEAP2	24.100552439999998
STEAP3	118.9155667315
STEAP4	0.7733229865000002
STEEP1	-20.774018771999998
STEEP1P1	-0.32481342900000065
STH	-1.8226467299999989
STIL	-13.386321899999984
STIM1	6.034825348500004
STIM2	6.3842188733333245
STIMATE	6.440634395000004
STIMATE-MUSTN1	5.906993270000001
STING1	2.298620121500001
STIP1	-103.75784644999999
STK10	1.8734620800000101
STK11	0.9725414566666686
STK11IP	1.476422999999997
STK16	9.451102939999998
STK17A	-213.66036002066667
STK17B	-9.879907754000001
STK24	-100.51148409159998
STK24-AS1	-0.5101136990000006
STK25	-3.5244904600000098
STK26	-88.57105789999997
STK3	-23.81175903399999
STK31	-0.0008144190000001217
STK32A	0.06018147099999993
STK32B	-0.21085185199999934
STK32C	6.4412110100000035
STK33	-3.2414082685000007
STK35	-70.13909790650001
STK36	44.30807167333333
STK38	45.4629487662
STK38L	-26.924665585
STK39	119.318332
STK4	2.1985015904285774
STK4-DT	3.9929264899999986
STK40	-9.788295339999998
STKLD1	0.40315808850000145
STMN1	47.18014233433334
STMN2	-0.7814597299999999
STMN3	0.25160133849999866
STMN4	2.4921454480000005
STMP1	-30.12489064639999
STN1	40.279216559999995
STOM	95.92179775166665
STOML1	-12.246419076666669
STOML2	-740.1
STOML3	-0.5036233509999999
STON1	0.06674814349999991
STON2	-8.551503112
STOX1	7.945245721000001
STOX2	2.7160487162500004
STPG1	-4.035140255000002
STPG2	-0.41104165200000153
STPG3	2.863055919999999
STPG3-AS1	5.047993945000002
STPG4	-1.7782147110000004
STRA6	0.3348311069999994
STRADA	30.04484282133332
STRADB	-13.961868800000047
STRAP	-79.73878262499989
STRBP	-32.314673187200015
STRC	-0.3790694950000013
STRIP1	2.3663571999999817
STRIP2	24.394308650999996
STRIT1	-0.5933556829999995
STRN	-1.4704224617999913
STRN3	-32.091993495
STRN4	-10.503061739999993
STS	0.7114916625000003
STT3A	-195.625315
STT3B	-444.70890139999995
STUB1	-286.90775226666665
STUM	-0.08627390050000017
STX10	76.8124233
STX11	-9.073410874999999
STX12	7.103781749999996
STX16	-34.117849652499984
STX17	-22.702066307999992
STX17-DT	7.856197352500004
STX18	-65.51776550000002
STX18-AS1	-0.4765810420000003
STX19	-0.585714791
STX1A	77.42471418
STX1B	-4.10256081
STX2	7.812840354999999
STX3	12.485046430000011
STX4	28.416949499999987
STX5	-4.301479150000006
STX6	5.721334802000001
STX7	12.510033143000015
STX8	-22.312663633499994
STXBP1	18.392027659999997
STXBP2	16.226587455
STXBP3	-20.934271990000013
STXBP4	0.6413755425000005
STXBP5	-0.7075429299999954
STXBP5-AS1	0.5458340263333334
STXBP5L	0.20162158866666635
STXBP6	-0.9091422867499999
STYK1	0.31650758349999997
STYX	3.022916487499991
STYXL1	-61.10448046999997
STYXL2	-0.3379292070000002
SUB1	-211.63450307499988
SUCLA2	-214.1073551
SUCLA2-AS1	0.45034035100000036
SUCLG1	-292.629180322
SUCLG2	18.45536859999993
SUCLG2-DT	7.583590023
SUCNR1	0.37827458500000066
SUCO	94.09062649999998
SUDS3	20.166010944999982
SUFU	4.850910810249999
SUGCT	-16.05107766
SUGCT-AS1	-0.27796641000000033
SUGP1	-15.791318799999999
SUGP2	-19.04615179000001
SUGT1	-172.3134889598
SUGT1P1	0.3455113305000008
SUGT1P3	-0.5005372280000007
SULF1	-0.016073146000000094
SULF2	-0.05165615150000136
SULT1A1	40.017106416666664
SULT1A2	38.544773385
SULT1B1	2.858005841999999
SULT1C2	201.292956213
SULT1C4	-1.475340408
SULT1E1	-0.5106797375000003
SULT2A1	-1.788155119999999
SULT2B1	-4.065279140000001
SULT4A1	2.887324249999999
SUMF1	11.188118000000003
SUMF2	-119.12786160000002
SUMO1	-149.10599446333333
SUMO2	329.47492699999975
SUMO3	220.41084705000003
SUMO4	217.9568504
SUN1	59.66429009675005
SUN2	-13.283925300000007
SUN3	0.07656186399999942
SUN5	-0.5479107892500004
SUOX	37.09224209
SUPT16H	-28.555845250000004
SUPT20H	-36.961966101399994
SUPT3H	-0.08809861199999602
SUPT4H1	39.136243949999994
SUPT5H	-4.598088700000005
SUPT6H	-18.60178215800002
SUPT7L	-20.815769593333314
SUPV3L1	-45.11568410000001
SURF1	-92.0233185049999
SURF2	-6.732026359999992
SURF4	-37.148080100000016
SURF6	-14.829277140000002
SUSD1	30.883640639999996
SUSD2	5.472607310000001
SUSD3	-1.0463329330000004
SUSD4	0.09654575466666682
SUSD5	55.285483879999994
SUSD6	167.10425700000002
SUV39H1	-17.02896036
SUV39H2	-16.160038274
SUZ12	62.82992943866665
SUZ12P1	8.173047281999985
SV2A	-1.2230140699999996
SV2B	1.783154013666664
SV2C	-0.16356370149999933
SVBP	0.8133156600000007
SVEP1	0.09617194499999826
SVIL	24.20780015000001
SVIL-AS1	9.338947229999999
SVIP	-10.66947705749999
SVOP	-0.3958279385000001
SVOPL	-0.58953115
SWAP70	-84.7914158466667
SWI5	-94.19999999999999
SWINGN	0.6256625800000002
SWSAP1	35.93699049
SWT1	-12.117109919999997
SYAP1	251.68574489999992
SYBU	-118.58448412000001
SYCE1	0.5141375290000001
SYCE1L	3.6406557100000008
SYCE2	1.1912409740000012
SYCE3	-0.0925315100000006
SYCN	-0.92986447
SYCP1	0.020783597999999515
SYCP2	2.1000248404999997
SYCP2L	-12.457763779999997
SYCP3	-0.38284448800000037
SYDE1	57.579959617499995
SYDE2	-2.0510409569999997
SYF2	-10.588672849999995
SYK	0.1816554469999998
SYMPK	-7.469643375250001
SYN1	0.4045585299999992
SYN2	-1.1271330161999993
SYN3	-1.6661604099999998
SYNC	-0.24171757999999954
SYNCRIP	-49.36512836814279
SYNDIG1	-0.6577675320000003
SYNDIG1L	4.56976751
SYNE1	-12.5170032254
SYNE2	21.952750825
SYNE3	4.264660694
SYNE4	0.7439348700000004
SYNGAP1	-0.7284522200000012
SYNGR1	-0.13664794333331542
SYNGR2	51.38082217750002
SYNGR3	-39.18155407
SYNGR4	0.780650292999999
SYNJ1	-20.110096291333335
SYNJ2	77.8016630617143
SYNJ2BP	87.77304075666666
SYNM	67.47752639999999
SYNPO	0.766110249999997
SYNPO2	-0.022160887142857355
SYNPO2L	0.6135290559999991
SYNPR	0.026592342000000713
SYNPR-AS1	-0.6997712639999998
SYNRG	-8.871819708000004
SYP	-26.28500063
SYPL1	-21.599635200000023
SYPL2	-56.78403278999998
SYS1	-60.965469737999996
SYT1	-0.11462251999999751
SYT11	-0.3562049079999996
SYT12	-0.33853281666666746
SYT13	3.6265858759999965
SYT14	-0.3371584890000001
SYT15	-1.4327576749999977
SYT15-AS1	-3.9847762640000006
SYT16	0.005101894000000051
SYT17	29.663680629999995
SYT2	-3.1546328999999993
SYT3	4.789161829999999
SYT4	-0.5315030539999999
SYT5	0.8410065609999986
SYT6	1.2048166679999994
SYT7	-0.8704490079999978
SYT8	-0.6221005300000009
SYT9	0.269711988500001
SYT9-AS1	-1.4391516815000003
SYTL1	1.105877040000001
SYTL2	157.40196958633334
SYTL3	0.9760624837499989
SYTL4	74.32356794666666
SYTL5	7.501672001500003
SYVN1	-45.365899299999995
SZRD1	23.29303472000001
SZT2	-4.014747787499999
TAAR1	0.52836572
TAAR2	-0.7591883159999995
TAAR3P	0.4407783720000005
TAAR5	2.1771627130000013
TAAR8	-1.0911013329999992
TAAR9	-0.505161309
TAB1	1.0956565800000035
TAB2	-81.846934
TAB3	-54.644242499
TAC1	-4.064463140999999
TAC3	-1.8998094900000027
TACC1	42.95423953366665
TACC2	61.21778370224999
TACC3	48.163103500000005
TACO1	-19.417141165000004
TACR1	0.12316961700000029
TACR2	-1.4428204999999998
TACR3	-0.9622758820000001
TACSTD2	-0.020821142000000847
TADA1	-11.685878752500017
TADA2A	-5.911862189999997
TADA2B	-9.459762865000002
TADA3	-14.128036628499999
TAF1	6.979122036666666
TAF10	-123.04286777666675
TAF11	25.807774265666666
TAF12	-14.424009499999997
TAF13	-139.44445707500006
TAF15	32.880340803333354
TAF1A	-65.27432264999999
TAF1A-AS1	4.119609130000001
TAF1B	5.318693379999999
TAF1C	16.68757324
TAF1D	-154.86333890000003
TAF1L	-0.768180664
TAF2	-122.97668774499996
TAF3	-14.214706675000002
TAF4	-5.914331560000008
TAF4B	-28.2443592585
TAF5	-67.74237935
TAF5L	-44.042832315
TAF6	-30.404329100000012
TAF6L	3.6248964895999976
TAF7	215.84635989999998
TAF7L	-0.6114273805000003
TAF8	2.274989965600003
TAF9	-25.201718000000028
TAF9B	-12.091389674000027
TAFA1	-0.255953914
TAFA2	0.23877194000000035
TAFA4	0.2308053160000001
TAFA5	-39.32896797433333
TAFA5-AS1	0.7906429300000006
TAFAZZIN	0.04407352000001197
TAGAP	1.4844161060000012
TAGLN	8.723051726666672
TAGLN2	88.98714280000013
TAGLN3	-0.9079269570000008
TAL1	-4.3351204137499995
TAL2	0.8714771675000019
TALDO1	-119.07273609999993
TAMALIN	-5.481489929999995
TAMALIN-AS1	1.5796472700000006
TAMM41	-30.10985059899999
TANC1	13.686103019999997
TANC2	19.361195892333328
TANGO2	14.14462648
TANGO6	-18.380264890000007
TANK	-29.29171101825
TAOK1	66.36326586166666
TAOK2	9.14915964
TAOK3	12.571746614999995
TAP1	-15.005834399999998
TAP2	-10.469475233499999
TAPBP	45.65330105333332
TAPBPL	-2.455531434000001
TAPT1	-22.056181999499998
TAPT1-AS1	-1.2357354399999991
TARBP1	96.83139059999999
TARBP2	30.492994699999997
TARDBP	-34.34066840000003
TARP	-0.25638090033333505
TARS1	-676.0928145749998
TARS2	7.11524584
TARS3	-9.014016940000005
TAS1R1	-1.1580724979999992
TAS1R2	-2.7891766050000006
TAS2R1	-0.10517998999999989
TAS2R10	-0.05344544100000004
TAS2R13	-0.1308905410000003
TAS2R14	-5.328929089000001
TAS2R16	-1.0158930239999995
TAS2R19	-0.3616161800000004
TAS2R3	-1.7682718019999992
TAS2R38	-0.3069833500000012
TAS2R39	-1.5897686229999994
TAS2R4	1.2076489630000005
TAS2R40	0.11285362500000007
TAS2R41	-0.8936791569999993
TAS2R45	0.6197710260000004
TAS2R5	3.076970450000001
TAS2R50	-0.8271053529999994
TAS2R7	0.05895177300000043
TAS2R8	0.060056759999999265
TAS2R9	-0.09326804999999982
TASL	-3.276247550000001
TASOR	-2.212102503000011
TASOR2	-25.109751446249987
TASP1	-5.414767776499993
TAT	1.8512935010000042
TATDN1	-261.29931120000003
TATDN2	1.3206070290000156
TATDN3	-41.753452575
TAX1BP1	-432.37914709999984
TBATA	1.8754300299999995
TBC1D1	14.470412615999997
TBC1D10A	4.30229018
TBC1D10B	0.6909588000000042
TBC1D10C	-8.51360528
TBC1D12	-40.72248175499999
TBC1D13	19.415708324999997
TBC1D14	32.077008469999996
TBC1D15	-53.24670579650001
TBC1D16	8.690515285999986
TBC1D17	1.130603279999999
TBC1D19	-15.62950403
TBC1D2	4.7771814599999995
TBC1D20	13.142648644999994
TBC1D21	1.8445687629999998
TBC1D22A	64.15668901666669
TBC1D22A-AS1	1.0634682599999996
TBC1D22B	2.439876129333335
TBC1D23	26.745754599999998
TBC1D24	-8.544224150000005
TBC1D25	-3.4553100799999967
TBC1D27P	1.711079250000001
TBC1D28	0.02310123600000047
TBC1D29P	-1.4247577749999998
TBC1D2B	24.479175204999997
TBC1D30	-24.363345940000002
TBC1D31	19.112482600000007
TBC1D32	2.8409177734999993
TBC1D3I	69.0183361
TBC1D3P1-DHX40P1	10.796287000000007
TBC1D4	-22.500491549999992
TBC1D5	-24.951573903333298
TBC1D7	-38.59052762
TBC1D8	316.03526581999995
TBC1D8-AS1	5.38232419
TBC1D8B	29.169387453333314
TBC1D9	9.238312940000014
TBC1D9B	14.920438320000017
TBCA	-975.25
TBCB	4.006330033333256
TBCC	-10.338498499999986
TBCCD1	53.23201399999999
TBCD	-0.20998805399999654
TBCE	-232.93062250000003
TBCEL	-25.37000445666665
TBCK	11.986448100000004
TBK1	-31.968953199999987
TBKBP1	-2.9105841300000037
TBL1X	134.4978404125
TBL1XR1	43.05704496299995
TBL1Y	3.3359521699999988
TBL2	-42.880250844000045
TBL3	21.376163200000008
TBP	-56.14241150000001
TBPL1	-91.32010810000003
TBR1	0.871670838
TBRG1	6.103423379999995
TBRG4	-24.18212108499999
TBX1	-1.7250597126000002
TBX10	-0.5279460319999991
TBX15	-0.6990302599999989
TBX18	0.885667303
TBX18-AS1	0.2430012079999999
TBX19	18.940062399999995
TBX2	-1.6405681794999971
TBX20	0.9237010870000004
TBX21	-0.4219966900000003
TBX22	0.4692142290000003
TBX3	53.69978212814284
TBX4	-1.67178541
TBX5	-1.0381116110000006
TBX5-AS1	0.7436493984999997
TBX6	0.7547529675
TBXA2R	-5.529826337499998
TBXAS1	-0.34535001549999933
TBXT	-2.4216631200000016
TC2N	-0.4015570136666673
TCAF1	18.43454534
TCAF2	-1.1260643299999984
TCAF2P1	0.9189092414999998
TCAIM	5.990122732999993
TCAM1P	0.5301211820000002
TCAP	7.378582170000001
TCEA1	-553.3342377729999
TCEA2	9.896790586666668
TCEA3	0.5295536149999975
TCEAL1	229.97824039999995
TCEAL2	0.2781909030000005
TCEAL3	-0.3434225049999995
TCEAL4	93.52862299999993
TCEAL7	-0.7254599120000003
TCEAL8	0.9231514249999999
TCEAL9	-240.90451099999996
TCEANC	-0.35690294066666617
TCEANC2	-11.8542504405
TCERG1	-27.19956083699998
TCERG1L	-0.4137932949999996
TCF12	-33.38296918666666
TCF12-DT	0.0708589888333293
TCF15	-1.2735240800000014
TCF19	60.78027433
TCF20	-5.353671908999985
TCF21	22.190136880000004
TCF24	-0.6847102139999999
TCF25	0.5974698163333585
TCF3	14.1314399453846
TCF4	5.692570474124999
TCF7	109.50276249999996
TCF7L1	27.841665470000002
TCF7L2	47.57166095428573
TCFL5	34.837670285
TCHH	-0.03284266899999988
TCHP	23.97707571000001
TCIM	426.26010690000004
TCIRG1	53.48398503
TCL1A	-1.0878331735000017
TCL1B	-1.6933869900000005
TCL6	0.05112034150000078
TCN1	-0.08860514399999975
TCN2	-1.9998495299999952
TCOF1	-32.42693830666666
TCP1	-152.0664236333331
TCP10L	0.3826867754999981
TCP10L3	-0.6107315900000003
TCP11	-1.806695274
TCP11L1	2.463790503666665
TCP11L2	1.7358886190000007
TCTA	-13.0554944
TCTN1	-10.1163703
TCTN2	0.695794719999995
TCTN3	158.48951085
TDG	-140.73661305000002
TDH	-0.2909676936666674
TDH-AS1	-0.33461148149999964
TDO2	-0.8523180459999997
TDP1	7.191790144666662
TDP2	1814.120607
TDRD1	-0.4428831830000002
TDRD10	0.6773126200000004
TDRD12	-0.6321319190000008
TDRD3	-21.384031209999996
TDRD5	0.05425497099999976
TDRD6	0.49029086799999977
TDRD6-AS1	1.2413708109999995
TDRD7	12.541700089999992
TDRD9	0.7428502679999998
TDRG1	0.20290277199999984
TDRKH	3.5319577876666646
TDRP	-4.775522623333334
TEAD1	-48.973219726666684
TEAD2	4.174725502500003
TEAD3	33.951922890000006
TEAD4	-25.544499325000004
TEC	-0.7961919799999997
TECPR1	-1.8110256233333288
TECPR2	23.69168945
TECR	77.29220879849998
TECRL	0.3886298269999999
TECTA	0.33373810100000156
TECTB	2.272092520000001
TEDC1	-2.1999999999999886
TEDC2	26.838180840000007
TEDC2-AS1	0.12529127599999956
TEDDM1	-0.9465756909999996
TEF	-1.1300498680000004
TEFM	0.2507773499999928
TEK	-0.2647140830000012
TEKT1	-0.9682248800000011
TEKT2	-1.131125990000001
TEKT3	0.4977772060000003
TEKT5	-0.42639867399999876
TEKTL1	-1.7344269299999997
TELO2	-4.1549297649999986
TEN1	27.363379600000002
TENM1	0.3408592035
TENM2	0.8458403319999999
TENM3	-2.9847284336666675
TENM3-AS1	0.5380731619999999
TENM4	-0.6038987250000005
TENT2	-26.170367216000002
TENT4A	-51.8605694
TENT4B	-85.57414870000002
TENT5A	74.69325899999998
TENT5B	-0.47196404999999686
TENT5C	1.305936194500001
TENT5C-DT	-1.7909453850000006
TENT5D	0.13606636500000002
TEP1	6.367294887500002
TEPSIN	0.8983615725000007
TERB1	0.3250625430000005
TERB2	-4.505400000009985e-05
TERF1	1.5555279499999983
TERF2	-0.46355203999998906
TERF2IP	-177.74058270000003
TERLR1	-0.21395954099999948
TERT	-0.34101711499999965
TES	-227.08868043666672
TESC	107.76694126000001
TESHL	-2.072479292999999
TESK1	-49.82402900000001
TESK2	15.622100210000003
TESMIN	5.6406218255
TESPA1	0.16026132900000079
TET1	-25.962660600000007
TET2	-3.632896943333339
TET3	-69.16566181999998
TEX10	2.370800458500014
TEX101	-1.389792810000003
TEX11	-0.14340355966666696
TEX12	-0.25038185500000054
TEX13A	-0.43341852500000044
TEX13B	-3.042374589999998
TEX14	-0.6947235980000004
TEX15	6.473824793999999
TEX19	0.9096649499999998
TEX2	28.12770014
TEX22	-10.191726220000001
TEX26	-0.23868242299999975
TEX26-AS1	0.3650709126666669
TEX261	4.948985995000015
TEX264	6.135934349999985
TEX28	-0.0233693499999994
TEX29	-0.8828962459999996
TEX30	-219.1474945
TEX35	2.8486974899999993
TEX36	-0.7403337990000001
TEX36-AS1	-0.23398967800000037
TEX38	0.23329151400000026
TEX41	0.3112439830000002
TEX44	-0.5279050999999981
TEX46	0.49616160099999984
TEX47	0.48305494900000046
TEX48	0.06542980000000043
TEX51	-0.4534087910000002
TEX55	1.3691338549999994
TEX56P	-1.14307844
TEX9	0.06972423424999974
TF	1442.91868145625
TFAM	-104.13595643899998
TFAP2A	58.75973222100002
TFAP2A-AS1	2.844527260000003
TFAP2B	0.01724025966666698
TFAP2C	-11.801664389499997
TFAP2D	0.19472988400000002
TFAP2E	-1.1479230099999995
TFAP4	-2.1748803400000014
TFB1M	8.38203532
TFB2M	-89.46227957525
TFCP2	-3.1700035300000025
TFCP2L1	7.743792991333336
TFDP1	73.6288281366667
TFDP2	0.5230428149999966
TFDP3	0.41554396099999913
TFE3	-35.18171300025
TFEB	-4.179764315
TFEC	0.14886354233333332
TFF1	46.35796223
TFF2	12.10376818
TFF3	-5.695830269999998
TFG	-46.15800648100003
TFIP11	2.479336234999998
TFPI	-79.25068827199999
TFPI2	11.772848933000002
TFPT	20.616593749999993
TFR2	-5.177763097333333
TFRC	-278.5033541310004
TG	-2.274017970000001
TGDS	-70.30511417
TGFA	-0.7156365530000013
TGFB1	11.623333170000002
TGFB1I1	0.23099238899999985
TGFB2	6.325315161799999
TGFB3	2.9369728365000007
TGFBI	557.41569
TGFBR1	24.425548958000007
TGFBR2	123.17688950499996
TGFBR3	-152.11774044999993
TGFBRAP1	8.963074606666666
TGIF1	25.054366380000005
TGIF2	-50.95470015500001
TGIF2LY	0.7699970490000005
TGM1	5.338635059999998
TGM2	13.788961799500001
TGM3	-0.8206175729999998
TGM4	0.20132834533333366
TGM5	-1.0881198699999999
TGM6	-7.705933260000002
TGM7	0.002913447000000069
TGOLN2	137.0831934506
TGS1	-30.686113780000014
TH	0.7634952689999999
TH2LCRR	0.12122292399999957
THADA	-8.535050163714281
THAP1	-28.274841049999992
THAP10	7.081703199999993
THAP11	4.074862199999984
THAP12	-92.0993593
THAP2	4.924685960999998
THAP3	-11.942085125000006
THAP4	-36.80261250000001
THAP5	-94.27401180950001
THAP6	-22.355743882499993
THAP7	22.315655800000002
THAP7-AS1	13.123764440000002
THAP8	5.181608820000008
THAP9	-1.8125220819999974
THAP9-AS1	-121.36143379999999
THBD	-0.4977460159999989
THBS1	11.631698686857142
THBS2	-1.8770798629999987
THBS3	3.2789885800000036
THBS4	0.4211801500000014
THEM4	23.551675426666662
THEM5	-0.30149643599999987
THEM6	30.10457415
THEMIS	0.15531757400000012
THEMIS2	-0.6238097589999994
THG1L	-19.383676469999997
THNSL1	8.757382059
THNSL2	-0.4120843300000008
THOC1	-1.8145681000000309
THOC2	121.36779716749999
THOC5	-18.955181702999994
THOC6	14.260783509999996
THOC7	-197.73014840000008
THOP1	10.65945576
THORLNC	6.0303411900000015
THPO	-31.374573343333328
THRA	1.3325271300000026
THRAP3	-44.12851238549999
THRB	-34.98837978
THRSP	0.08312018899999973
THSD4	1.9011187756666672
THSD4-AS1	0.4114110449999995
THSD7A	0.136156277
THSD7B	-0.025609499000000646
THTPA	-8.620854500000007
THUMPD1	-23.97589499999998
THUMPD2	-59.00168036000001
THUMPD3	-21.40492449499999
THUMPD3-AS1	6.130643297499994
THY1	3.306015806666668
THYN1	84.61284795
TIA1	7.500150991999988
TIAL1	-62.97429756549994
TIAM1	22.19836799650001
TIAM1-AS1	4.524582623999999
TIAM2	13.408236593333328
TICAM1	-17.628427879999997
TICRR	2.573082750000001
TIE1	0.6266187045000002
TIFA	36.42576643433333
TIFAB	1.3006118320000013
TIGAR	-60.64561960000003
TIGD1	9.936920400000005
TIGD2	16.114003299999993
TIGD3	20.18599803
TIGD4	-0.08175789066666628
TIGD5	-15.803628990000007
TIGD6	0.11498210899999961
TIGD7	27.064122060000003
TIGIT	-0.33974389000000027
TIMCCP2	-375.61658350000005
TIMD4	2.918566779999999
TIMELESS	47.08785895000001
TIMM10	-520.7035768000001
TIMM10B	-19.136640935000003
TIMM13	-119.28944743950001
TIMM17A	-248.12112285125
TIMM17B	-54.510747284999994
TIMM21	10.347871150000003
TIMM22	-69.97203940333333
TIMM23	-0.3901262809999997
TIMM23B	-107.12982661750004
TIMM29	-10.984980499999992
TIMM44	-153.82141595000002
TIMM50	-57.05985956000001
TIMM8A	-25.030400033999996
TIMM8B	-28.967812549999962
TIMM9	-297.2081204
TIMMDC1	88.08037599999989
TIMP1	549.2688095999999
TIMP2	300.03073209666667
TIMP3	30.304248484999988
TIMP4	0.5632544599999996
TINAG	-0.2705117743333334
TINAGL1	0.12741201999999419
TINCR	8.210245774000002
TINF2	64.76263094000005
TIPARP	173.96997869999996
TIPARP-AS1	-0.8334719859999993
TIPE1	42.14389971000001
TIPE2	-1.8614527920000006
TIPE3	0.6309945999999993
TIPIN	49.976974799999994
TIPRL	-96.83341491249996
TIRAP	-12.221468000000002
TJAP1	-15.187636604999994
TJP1	-116.70662185000003
TJP2	13.385478513999985
TJP3	-3.926291875000004
TK1	127.468821135
TK2	26.628142108750005
TKFC	-3.7654441699999985
TKT	29.31017111999995
TKTL1	-2.0829024935000007
TKTL2	-0.5396261579999999
TLCD1	-91.65088350000002
TLCD2	-131.450490495
TLCD3A	44.90517998
TLCD3B	1.6245981999999977
TLCD4	-43.68689205000004
TLCD5	8.063650913333333
TLDC2	-1.6087692899999997
TLE1	69.8106025916
TLE1-DT	0.18755604299999984
TLE2	8.318043240000009
TLE3	-7.365898232500001
TLE4	-0.2671285489999997
TLE5	53.17953800000001
TLE6	5.005303886666663
TLK1	41.154567301857156
TLK2	-58.554018172250004
TLL1	-0.1882688090000002
TLL2	0.6737431950000001
TLN1	-16.16323712333333
TLN2	-10.75614680999999
TLNRD1	-62.77867033499999
TLR1	3.2388777720000004
TLR10	0.318066451
TLR2	2.594186650000001
TLR3	-0.14774183699999988
TLR4	-1.1587459894999999
TLR5	2.3697020460000005
TLR6	1.630698596000001
TLR7	-1.2846123145000004
TLR8	-1.1016576745000002
TLR8-AS1	-0.5909214780000003
TLR9	1.5489115899999994
TLX1	2.7362874969999993
TLX2	-0.5736521519999993
TLX3	-1.1793182149999994
TM2D1	1.2701334261999762
TM2D2	188.23276960000004
TM2D3	-166.0579214
TM4SF1	857.5794920933997
TM4SF18	29.728329034500003
TM4SF20	0.5481307009999998
TM4SF4	-239.67986272000002
TM4SF5	-168.41877929999998
TM6SF1	-1.7454988479999995
TM6SF2	1.1749982433333344
TM7SF2	66.40864939999999
TM7SF3	22.50219058000002
TM9SF1	20.753367385000004
TM9SF2	321.655755
TM9SF3	113.13482044680006
TM9SF4	-2.148346050000015
TMA16	-27.10538119
TMA7	50.56339900000012
TMBIM1	173.039151
TMBIM4	77.81332991249997
TMBIM6	23.66453374999992
TMC1	1.40553959
TMC2	-0.8272169399999996
TMC3-AS1	-9.343628249999995
TMC4	5.887913099999999
TMC5	-0.12151315160000031
TMC6	6.887814834999997
TMC7	9.317408621999999
TMC8	-0.17634487266666632
TMCC1	95.01152079857144
TMCC1-DT	-0.5008998185000002
TMCC2	-7.191156175
TMCC2-AS1	-0.5639894449999998
TMCC3	17.701962885500002
TMCO1	-50.51798057499991
TMCO1-AS1	0.21866361599999973
TMCO2	0.014857987000000072
TMCO4	7.456259949999996
TMCO5A	0.42066834266666664
TMCO5B	-0.05510119399999969
TMCO6	42.562810515000024
TMED1	86.64478779999996
TMED10	68.46914628000002
TMED2	17.77164783333319
TMED3	67.42959647250001
TMED4	-13.19144013799999
TMED5	-535.4375148488333
TMED6	21.200375989999998
TMED7	-7.397243499999945
TMED7-TICAM2	7.509602759999993
TMED8	73.26762508999997
TMED9	-75.08047775
TMEFF1	-3.6302704299999995
TMEFF2	15.0053552
TMEM100	1.0043284149999998
TMEM101	25.31185597999999
TMEM102	0.6789365399999987
TMEM105	4.9004922900000025
TMEM106A	-0.8814813674999993
TMEM106B	-20.712149365000016
TMEM106C	-14.160810249999969
TMEM107	90.8587573442
TMEM108	-0.8721187139999991
TMEM108-AS1	-1.6204852420000009
TMEM109	64.63338469999997
TMEM11	-8.81323309999999
TMEM114	1.0720567599999988
TMEM115	-13.858508
TMEM116	-6.631082735
TMEM117	22.26620348
TMEM119	0.22217289299999976
TMEM120A	6.684716999999978
TMEM120B	-11.068850794999996
TMEM121	3.824211237
TMEM121B	1.6754241800000003
TMEM123	266.14999999999986
TMEM123-DT	6.91588372
TMEM125	-1.2163353299999997
TMEM126A	-415.16811099999995
TMEM126B	-101.76974016000008
TMEM127	4.589260710000019
TMEM128	-112.4
TMEM129	40.252434995000016
TMEM130	-1.3728341630000003
TMEM131	37.360299450000014
TMEM131L	15.638781630000004
TMEM132A	8.3579595175
TMEM132B	-0.6881605449999997
TMEM132C	-0.3729305080000005
TMEM132D	0.7437401860000001
TMEM132D-AS1	-0.2667511899999999
TMEM132D-AS2	1.2516630209999997
TMEM132E	0.1695700440000003
TMEM134	-8.85676469866668
TMEM135	-77.27827195449998
TMEM138	22.616031199999952
TMEM139	0.09556670750000151
TMEM140	-38.25064399
TMEM141	162.9655102999999
TMEM143	-8.225284880000004
TMEM144	6.568567456750003
TMEM145	0.0
TMEM147	17.003082500000005
TMEM147-AS1	2.8293646399999943
TMEM14A	453.0066485000001
TMEM14B	300.1530714999999
TMEM14C	173.63925500000005
TMEM150A	-26.392750680000006
TMEM150B	0.10103789600000113
TMEM150C	3.0153259205000005
TMEM151A	-1.077622770000005
TMEM151B	-2.387953637500001
TMEM154	0.8128219720000001
TMEM156	-40.894616975000005
TMEM158	283.21434727
TMEM160	-37.84764439999998
TMEM161A	-45.75240459999998
TMEM161B	-14.107134811249992
TMEM161B-DT	-0.9350989969999972
TMEM163	-0.2589099459999993
TMEM164	31.987322549999988
TMEM165	16.02805767466667
TMEM167A	62.55088020000005
TMEM167B	-136.5710639
TMEM168	-94.33846368500001
TMEM169	0.9791806500000035
TMEM17	66.59218940000001
TMEM170A	-87.97210394666669
TMEM170B	25.618684490000007
TMEM171	0.14933893549999944
TMEM174	0.14160554000000047
TMEM175	11.154041600000006
TMEM176A	0.49235050999999963
TMEM176B	-0.8089520895000017
TMEM177	10.287062335000016
TMEM178A	-5.373211414
TMEM178B	-26.712163529999998
TMEM179	-3.450286000000002
TMEM179B	2.230326899999966
TMEM18	-12.069299540000003
TMEM181	239.40462809999997
TMEM182	7.54366525
TMEM183BP	-28.776749845000012
TMEM184A	-26.64890714499998
TMEM184B	36.49068890000001
TMEM184C	-33.82986820000002
TMEM185A	1.3761645750000042
TMEM185B	24.658017979999997
TMEM186	-0.20290959999999814
TMEM187	11.808343389999997
TMEM19	46.87377751425001
TMEM190	-1.523440040000004
TMEM191A	28.71151947
TMEM192	-116.63832216
TMEM196	1.2211871109999999
TMEM198	-26.653713644999996
TMEM198B	5.005486075
TMEM200A	-1.5409495709999996
TMEM200B	-30.19188970000002
TMEM200C	-1.3323051405
TMEM201	21.102536825
TMEM203	26.77953659999997
TMEM204	1.0323217633333357
TMEM205	212.60322329999997
TMEM207	-3.9162966070000005
TMEM208	58.5888003
TMEM209	-66.777238915
TMEM212	-4.4734363399999975
TMEM213	0.5514472249999995
TMEM214	11.92902399999997
TMEM216	-48.68640780000001
TMEM217	-0.42171031300000017
TMEM218	-16.080123896666663
TMEM219	54.72057508500001
TMEM220	30.000797800000015
TMEM221	4.152113414999999
TMEM222	-68.71453930000001
TMEM223	152.58982755966667
TMEM225	1.2504281529999997
TMEM225B	0.85900745
TMEM229B	-0.7072761963333338
TMEM230	323.58509004999996
TMEM231	-15.311672824999995
TMEM232	-0.6507867146666664
TMEM234	-4.351115646666663
TMEM235	0.44282850600000057
TMEM237	6.337366155000012
TMEM238	0.3893327830000004
TMEM238L	-1.3720128244999987
TMEM239	-0.262830064000001
TMEM242	13.487424334500005
TMEM243	82.57360537000001
TMEM245	85.67756013819996
TMEM247	0.16690671400000046
TMEM248	93.70873035
TMEM25	6.6930954814999986
TMEM250	-35.69689550000001
TMEM252	-1.4691260470000005
TMEM253	1.978293729999999
TMEM254	-10.160274125000015
TMEM254-AS1	-7.684902879999999
TMEM255A	0.40573811100000023
TMEM255B	-1.5471240800000006
TMEM256	107.554574
TMEM256-PLSCR3	64.36917138499999
TMEM258	-9.92569900000035
TMEM259	-1.8371118516666627
TMEM26	-0.13708459399999962
TMEM26-AS1	0.4521965844999998
TMEM260	-11.526471735000001
TMEM263	16.29347494000001
TMEM266	-2.848739030000001
TMEM267	-38.38848555899999
TMEM268	-114.56064171000001
TMEM270	0.24139497100000007
TMEM272	-0.8231127069999999
TMEM273	-0.9093236915
TMEM277P	1.0356378600000014
TMEM31	1.340252897
TMEM33	-106.3026400818
TMEM35A	1.5355524880000004
TMEM37	222.785623675
TMEM38A	20.85162104
TMEM38B	-74.23564619999999
TMEM39A	-38.30317170600001
TMEM39B	-3.5335226900000016
TMEM40	0.31928549999999944
TMEM41A	-5.692816350000044
TMEM41B	-305.86813615000005
TMEM42	20.205695609999992
TMEM43	-11.254559742500021
TMEM44	5.3264358399999985
TMEM44-AS1	-5.7993053
TMEM45A	113.21686240000002
TMEM45B	2.1543464704999984
TMEM47	-2.2112095734999997
TMEM50A	-22.90904979999999
TMEM50B	47.253071257
TMEM51	310.79073703
TMEM51-AS1	3.1721538680000005
TMEM52	12.716802419999999
TMEM52B	-1.712316227
TMEM53	26.940940546666667
TMEM54	37.814126890000004
TMEM59	222.06782685650012
TMEM59L	-7.016036719999999
TMEM60	208.57158829999997
TMEM61	4.648515570000001
TMEM62	3.82519076949999
TMEM63A	3.004664982500003
TMEM63B	12.553723399999996
TMEM63C	9.413348249999999
TMEM64	17.94746950000001
TMEM65	37.085795855
TMEM67	-3.932820187428571
TMEM68	-29.89594345500001
TMEM69	-159.68804
TMEM70	-45.48642754666673
TMEM71	0.14855806000000005
TMEM72	-2.7619092000000016
TMEM72-AS1	-0.8087967999999996
TMEM74	-2.385869266666665
TMEM74B	6.889949399999999
TMEM79	-11.652654479999999
TMEM80	26.368536236666678
TMEM86A	1.5205541233333335
TMEM86B	1.3568697099999998
TMEM87A	-45.53307765849999
TMEM87B	7.149997349999978
TMEM88	-1.471192079999998
TMEM8B	4.098585815
TMEM9	-390.1547699
TMEM91	3.154007519999997
TMEM92	1.361673359000001
TMEM95	4.2237553299999995
TMEM97	108.63841332499999
TMEM98	13.509665010000006
TMEM9B	-23.47197510000001
TMF1	-25.534139265833332
TMIE	-7.796431864999999
TMIGD2	9.656651160000003
TMLHE	3.544978154333336
TMOD1	-8.811146023333329
TMOD2	0.35447072650000067
TMOD3	-13.979650971249981
TMPO	-4.339437455200027
TMPO-AS1	36.21688957
TMPRSS11B	-0.32483094800000023
TMPRSS11D	-1.615726930000001
TMPRSS11E	-0.36547234299999953
TMPRSS12	0.4850252570000002
TMPRSS13	-2.8395519699999987
TMPRSS15	-2.081703151000001
TMPRSS2	-2.051112908999997
TMPRSS3	1.0152567366666672
TMPRSS4	0.5920642439999995
TMPRSS5	-8.79115016
TMPRSS6	-1.1849483533333327
TMSB10	3296.4108430000006
TMSB15B	0.9752888003333338
TMSB15B-AS1	1.2662697989999998
TMSB4X	5254.899999000001
TMSB4Y	-6.509911439999996
TMT1A	68.5024881415
TMT1B	47.54658730000001
TMTC1	-1.4999112434999997
TMTC2	1.851080618500001
TMTC3	-13.696203406666683
TMTC4	23.440112899999995
TMUB1	-30.061124019999994
TMUB2	21.258836000000002
TMX1	192.90873510000006
TMX2	-278.22841300000005
TMX3	-91.23660859500002
TMX4	-15.891347776333305
TNC	0.2635202439999995
TNF	0.7616065710000006
TNFAIP1	3.5417207149999967
TNFAIP2	10.723365368499998
TNFAIP3	138.91031589
TNFAIP6	-0.23823749149999962
TNFAIP8	84.53651644933333
TNFAIP8L2-SCNM1	-12.874508299999974
TNFRSF10A	-43.86390158333333
TNFRSF10A-DT	3.7147728800000053
TNFRSF10B	-51.67981782666668
TNFRSF10B-AS1	-0.9590418005000014
TNFRSF10C	2.232103075166666
TNFRSF10D	13.191555734000001
TNFRSF11A	61.190921695
TNFRSF11B	0.35816847850000055
TNFRSF12A	-422.4322181000001
TNFRSF13B	-6.413815420000002
TNFRSF13C	-3.045679159999999
TNFRSF14	-1.9252730000000007
TNFRSF14-AS1	1.6902570499999996
TNFRSF17	-0.6983401159999998
TNFRSF18	-0.35281970499999993
TNFRSF19	-0.04643265866666546
TNFRSF1A	115.54163229999997
TNFRSF1B	0.3957867470000007
TNFRSF21	462.620650245
TNFRSF25	2.294421872800001
TNFRSF4	1.3891984149999992
TNFRSF6B	6.9118864099999975
TNFRSF8	-1.6994498700000022
TNFRSF9	-2.504457410333332
TNFSF10	110.07538329
TNFSF11	-7.900923135999999
TNFSF12	-3.4478629000000005
TNFSF13	-0.3475512725000023
TNFSF13B	-0.11148756549999916
TNFSF14	0.5840525349999979
TNFSF15	2.051906069000001
TNFSF18	0.7494871870000006
TNFSF4	-0.9121564099999979
TNFSF8	-0.6976969156666675
TNFSF9	106.27810311
TNIK	-45.66794176749998
TNIP1	55.96939489000002
TNIP2	12.54544598000001
TNIP3	-0.5497208040000001
TNK1	-2.2220776100000013
TNK2	-0.884950166000003
TNK2-AS1	-0.7130647850000003
TNKS	1.0454303985000024
TNKS2	-38.138766175499995
TNMD	0.1317850169999999
TNN	-0.3575375199999993
TNNC1	-2.3579740099999995
TNNC2	0.6241084170000004
TNNI1	-3.128736944
TNNI2	4.933746849999999
TNNI3	0.9883609379999996
TNNI3K	-2.6928507649999993
TNNT1	130.28193285999998
TNNT2	0.19160802500000074
TNNT3	0.044649220000000156
TNP1	0.13466099000000042
TNP2	-0.8230332694999998
TNPO1	-87.95625173080003
TNPO2	-16.651783187600003
TNPO3	-18.98950266666668
TNR	1.3477586153333334
TNRC18	-0.30771812387499864
TNRC6A	4.270039028333329
TNRC6B	25.550167581428553
TNRC6C	-5.594866529399997
TNS1	17.463091100000007
TNS2	31.88504773
TNS2-AS1	2.146509309999999
TNS3	174.97883731250005
TNS4	7.10286052
TNXA	-1.44793078
TNXB	1.3304118107499967
TOB1	167.29371619999995
TOB1-AS1	2.226335269999998
TOB2	-59.62674214333333
TOE1	-19.954693250000005
TOGARAM1	-8.865259500000008
TOGARAM2	0.387424167999999
TOLLIP	2.3687418825000037
TOLLIP-DT	10.13931286
TOM1	-4.98659911
TOM1L1	-22.70066342999999
TOM1L2	7.033096873333335
TOMM20	-512.2118402499998
TOMM22	-102.24887453666668
TOMM34	-77.95475509999997
TOMM40	-19.270067300000022
TOMM40L	-57.53863168000001
TOMM5	209.6729905000002
TOMM6	175.97287314999994
TOMM7	-291.48701600000004
TOMM70	-154.46615505
TONSL	2.004459326666666
TONSL-AS1	1.507197320000003
TOP1	-77.67825395
TOP1MT	-9.912842050999998
TOP1P2	0.07380585649999993
TOP2A	340.3303006953334
TOP2B	172.63670620000005
TOP3A	-2.3067176203333375
TOP3B	2.2323945799999976
TOP6BL	21.616852780000002
TOPBP1	130.67429719999998
TOPORS	-36.88655910000003
TOR1A	29.7639290336667
TOR1AIP1	29.667768295799988
TOR1AIP2	0.8302848886250018
TOR1B	46.9024216
TOR2A	3.134809957999998
TOR3A	-9.116476465000005
TOR4A	5.508030085666666
TOX	0.20384036250000026
TOX-DT	-0.5293018580000002
TOX2	-0.8427689269999998
TOX3	-91.66509020750001
TOX4	-10.797730286000004
TP53	2.7122021349999983
TP53AIP1	0.2643486307500007
TP53BP1	7.740994788500004
TP53BP2	-147.98957499999997
TP53I11	2.177988683333332
TP53I13	27.36993778
TP53I3	188.70124930000003
TP53INP1	25.213659533000005
TP53INP2	101.76298219999998
TP53RK	-3.511145450000001
TP53TG1	1.6513074900000007
TP53TG3	-4.9114529999999945
TP53TG3HP	3.7556394400000013
TP53TG5	0.901282365500002
TP63	-0.23288932071428547
TP73	3.9262458666666653
TPBG	227.32228483949999
TPBGL	25.20891369
TPCN1	33.86721700333334
TPCN2	5.253111686000004
TPD52	13.139908762000061
TPD52L1	-17.535682355
TPD52L2	26.676650400000028
TPD52L3	0.2051228209999998
TPGS1	10.935443749999997
TPGS2	32.23196174614287
TPH1	-0.06514699133333401
TPH2	0.394617105
TPI1	658.8456907299999
TPK1	-1.3176902785000006
TPM1	111.16618499499992
TPM2	-23.992949682749952
TPM3	72.90288005900004
TPM4	32.701261759999994
TPMT	-2.380686226666654
TPO	1.481977070000001
TPP1	25.988389429999984
TPP2	-49.947274477250005
TPPP	3.8842009660000016
TPPP2	0.43924621749999915
TPPP3	0.3865094799999991
TPR	-7.314162629999998
TPRA1	-4.094467050000006
TPRG1	-0.3465257030000002
TPRG1L	127.69875909999999
TPRKB	88.31081599999993
TPRN	2.884819489999998
TPRXL	-1.226196980000001
TPSAB1	-1.0797252620000002
TPSB2	-0.5125069700000005
TPSD1	2.8657057099999985
TPSG1	-10.886426319999998
TPST1	44.14258235
TPST2	45.18604431
TPT1	88.67019419999997
TPT1-AS1	-1.8844613599999995
TPT1P8	-1.369325451
TPTE	-6.512856400000004
TPTE2P2	-0.10474086599999977
TPTE2P5	-0.8946612025
TPTE2P6	-0.7021783459999997
TPTEP1	5.869214338666666
TPTEP2	-3.0274069400000023
TPX2	4.5295598000000155
TRA2A	23.421728059599985
TRA2B	324.71195108825
TRABD	-8.48370507333334
TRABD2A	-1.1703536799999998
TRABD2B	-1.4803760876666647
TRAC	-5.664323166666666
TRADD	42.042421920999985
TRAF1	-2.873476634000001
TRAF2	14.034408889999995
TRAF3	12.211056635000006
TRAF3IP2	31.4285929465
TRAF3IP2-AS1	0.9311441823999989
TRAF3IP3	-1.4642534947500003
TRAF4	-8.3844754375
TRAF5	0.4744001625000003
TRAF6	2.4251843649999927
TRAF7	2.8254166890000008
TRAFD1	5.846227412499999
TRAIP	-6.455586620000005
TRAK1	28.531182900399997
TRAK2	97.38538644999997
TRAM1	106.1718202666666
TRAM1L1	3.0873243799999983
TRAM2	153.0167361466667
TRAM2-AS1	22.546354199999996
TRANK1	2.087325649999997
TRAP1	-74.48916236400001
TRAPPC1	40.037818000000016
TRAPPC10	54.202803454999994
TRAPPC11	2.041092151666664
TRAPPC12	34.58332497
TRAPPC13	-5.092121678333335
TRAPPC14	-19.311102700000006
TRAPPC2	-7.661308734666662
TRAPPC2L	-28.937080496666653
TRAPPC3	10.182707550000032
TRAPPC3L	-0.4649910159999999
TRAPPC4	-56.7138621226668
TRAPPC5	21.59564359999996
TRAPPC6A	10.481588730000006
TRAPPC6B	-79.6656534
TRAPPC8	-12.938189999999963
TRAPPC9	-8.037643709999998
TRARG1	-3.689607330000001
TRAT1	0.14939772500000004
TRAV12-2	-10.462970679999998
TRAV8-3	-0.5650587170000003
TRBC1	1.0149936273333342
TRBV27	0.026922620000000563
TRDMT1	3.2567545906666666
TRDN	-0.25275918733333347
TRDN-AS1	-1.4787049659999996
TRDV3	-0.24995306100000025
TREH	0.5865350710000001
TREM1	-0.13429164600000032
TREM2	-2.8541310600000003
TREML1	-1.0846463400000008
TREML2	-0.3678758500000008
TREML3P	-0.09481583049999998
TREML4	-0.07649369900000025
TREML5P	-4.908636079999997
TRERF1	16.214129003333333
TRG-AS1	0.04795062499999947
TRH	-4.44570663
TRHDE	-0.4768162309999995
TRHDE-AS1	-0.08405517600000056
TRHR	1.666101587
TRIAP1	-130.9808124
TRIB1	107.97031776266667
TRIB2	-0.2603239245000015
TRIB3	-384.76239643499997
TRIDDENT	0.7362466159999994
TRIL	1.2564888760000006
TRIM10	-1.713838120250001
TRIM11	-20.270608909999993
TRIM13	-11.006907728800002
TRIM14	-6.074338431600005
TRIM15	1.5781820433333422
TRIM16	-7.345083899999999
TRIM16L	-2.374366781999999
TRIM17	-1.8111016400000004
TRIM2	-3.0289386415000017
TRIM21	7.921635680000001
TRIM22	-0.27277179400000007
TRIM23	-10.092598240000001
TRIM24	83.94665792099997
TRIM25	-158.066168695
TRIM26	18.628432099999998
TRIM27	-76.88074930000005
TRIM28	15.320680899999957
TRIM29	4.707852889999998
TRIM3	0.051730436499999755
TRIM31	-3.245682537333332
TRIM32	12.202088312000008
TRIM33	-8.12372831250002
TRIM34	42.9812302845
TRIM35	6.328104839999998
TRIM36	-4.5106811095
TRIM37	-47.65946256000001
TRIM38	6.508852650749997
TRIM39	-42.467660550000005
TRIM4	11.091304125000008
TRIM40	-0.012316129000000231
TRIM41	-28.110309700000016
TRIM42	-0.13759098666666691
TRIM43	-0.18205809150000007
TRIM44	55.19168003633335
TRIM45	22.275398695
TRIM46	-0.8427868699999976
TRIM47	18.827822419999997
TRIM49	-0.4302674769999997
TRIM49D1	-0.13281808599999945
TRIM5	12.897058426499996
TRIM50	0.48618679699999845
TRIM51	-0.24148951299999943
TRIM52	19.200450015
TRIM52-AS1	7.383735874999999
TRIM54	-0.23299601999999986
TRIM55	7.621103016999998
TRIM56	20.05243387
TRIM58	-1.4760674149999993
TRIM59	7.315280449999996
TRIM6	21.699935245
TRIM61	-1.2751281874999982
TRIM62	-1.57299304
TRIM63	-0.3015610399999993
TRIM65	-6.531737565
TRIM66	7.947597929999997
TRIM67	-3.7902505200000007
TRIM67-AS1	-2.9858205699999996
TRIM68	0.25949171900000056
TRIM69	0.408231236000006
TRIM7	5.776354943333331
TRIM71	48.28933740000002
TRIM72	-0.40996744000000085
TRIM74	4.8491082819999995
TRIM8	-36.34489502379999
TRIM9	0.8755049540000002
TRIML1	0.13981770000000004
TRIML2	0.9232335719999991
TRIO	9.94631398777777
TRIOBP	71.82625271833334
TRIP10	68.79133148
TRIP11	5.739613788999996
TRIP12	48.172084240000004
TRIP13	9.434569300000021
TRIP4	1.5045106000000033
TRIP6	-58.556855490000004
TRIQK	-4.387815152999998
TRIR	-19.92350214000004
TRIT1	-201.7809398999999
TRMO	-0.3027324953333306
TRMT1	-56.52078792333333
TRMT10A	-14.916446340666665
TRMT10B	-1.324832628000003
TRMT10C	-101.65243250000003
TRMT11	-8.29377420000003
TRMT112	-372.98089700000014
TRMT13	-193.12477039499996
TRMT1L	-16.724369199999998
TRMT2A	10.702161109999999
TRMT2B	12.01127901999999
TRMT44	-0.4377668539999977
TRMT5	-29.19079375000001
TRMT6	-77.31556974999998
TRMT61A	-5.773440063333339
TRMT61B	92.56044179999998
TRMT9B	-0.12535986974999958
TRMU	-11.96559889000001
TRNAU1AP	-21.076511810250004
TRNP1	128.77587472949998
TRNT1	-75.20842204333331
TRO	-1.3126877970000006
TROAP	-14.989741480000006
TRPA1	-0.44469379349999993
TRPC1	-15.46506409733334
TRPC2	-1.1497701900000017
TRPC3	0.511613982000001
TRPC4	-0.005378519999998943
TRPC4AP	-23.415274080000003
TRPC5	-0.6780444339999998
TRPC5OS	0.00707248199999988
TRPC6	-0.6863942700000001
TRPC7	-0.3160897140000003
TRPM1	0.07091573166666709
TRPM2	7.525107469999998
TRPM2-AS	0.10673380000000066
TRPM3	-0.3703754460000006
TRPM4	-0.11033269999999717
TRPM5	-1.0374095369999994
TRPM6	0.605352990250001
TRPM7	2.1088971621999946
TRPM8	1.1265461834999995
TRPS1	-2.512467430499999
TRPT1	71.2474589
TRPV1	6.820491699999998
TRPV2	-4.1385545865
TRPV3	-0.7580283225000013
TRPV4	-0.16281144999999952
TRPV5	-2.135224121500002
TRPV6	6.140183832499996
TRRAP	-37.53679616000002
TRUB1	-34.84145564479999
TRUB2	35.274315900000005
TSACC	7.784425379999995
TSBP1	0.24779318499999947
TSC1	-56.7741575
TSC2	0.6382216849999978
TSC22D1	-31.1011415225
TSC22D1-AS1	0.6422613144999989
TSC22D2	10.623991505500001
TSC22D3	32.253472485
TSC22D4	7.484975119999998
TSEN15	-105.3745364333333
TSEN2	42.715545184999996
TSEN34	-34.39758649999999
TSEN54	18.299997236666684
TSFM	-5.915974733333314
TSG101	227.33597300000002
TSGA10	-0.28861640375000075
TSGA10IP	-0.8717579099999995
TSGA13	0.8354768440000004
TSHB	0.48100843600000065
TSHR	0.0090807676666671
TSHZ1	-0.09990795499999905
TSHZ2	-0.4193554060000002
TSHZ3	-0.7510217070000014
TSIX	0.003184611000000004
TSKS	0.1780218005000016
TSKU	84.38905663000001
TSKU-AS1	13.413694474
TSLIG1	-151.43570639999996
TSLIG2	-28.63264150000002
TSLIG3A	-42.06761248499993
TSLIG3B	-60.405942444666636
TSLIG3C	-33.814159889999985
TSLP	-0.061918579999999945
TSN	-7.20933320000006
TSNARE1	-0.6351773113333294
TSNAX	-131.87655490000003
TSNAX-DISC1	5.121434873
TSNAXIP1	9.408217880000002
TSPAN1	13.987918480000001
TSPAN10	-4.675754146500001
TSPAN11	-2.227378700000001
TSPAN12	7.542462896666667
TSPAN13	1539.22529
TSPAN14	85.77391209
TSPAN15	261.0768078
TSPAN16	-2.590414372666663
TSPAN17	19.786244885499997
TSPAN18	1.194017015
TSPAN2	0.05933988933333323
TSPAN3	86.53081271960002
TSPAN31	1.1073809000000097
TSPAN32	-0.741224794999999
TSPAN33	-13.098850349999992
TSPAN4	-290.16302375000004
TSPAN5	45.947411949999996
TSPAN6	539.3355704999999
TSPAN7	-51.30449688
TSPAN8	534.04225
TSPAN9	3.165931795000006
TSPEAR	-0.4581238543333317
TSPEAR-AS2	0.48763187499999816
TSPO	-10.900000000000034
TSPO2	8.42697107
TSPOAP1	-0.32867979999999974
TSPOAP1-AS1	-0.9643262395000001
TSPY1	0.36736730599999845
TSPY26P	-0.9072691635000041
TSPYL1	70.05931746300001
TSPYL2	-60.12957180000001
TSPYL4	193.94890200000003
TSPYL5	-0.4248289729999999
TSPYL6	-0.2176777139999997
TSR1	-59.52777194999999
TSR2	-3.9122137399999986
TSR3	0.5888964387499982
TSSC4	-21.551076949999995
TSSK1B	0.05777472800000005
TSSK2	16.32403292385714
TSSK3	12.715343240000003
TSSK4	0.43391403900000025
TSSK6	0.5991418166666627
TST	153.14578399999994
TSTD1	0.3755107159999991
TSTD2	0.5900464329999995
TTBK1	0.7161879150000026
TTBK2	-0.44319754628571495
TTC1	89.64214820000004
TTC12	1.0105875790000027
TTC13	-3.9500822000000113
TTC14	84.78781984066669
TTC16	-1.7951819260000006
TTC17	-56.565630483666666
TTC19	-38.956963799999926
TTC21A	1.7484453685000005
TTC22	-0.5322557195000002
TTC23	6.367905558
TTC23L	0.7239704399999987
TTC27	-44.779044269999986
TTC28	12.595777953333325
TTC28-AS1	4.731990119999999
TTC29	0.13033407600000002
TTC31	56.69027441
TTC32	75.6274454
TTC33	-73.67828636
TTC34	-3.2375744399999995
TTC36	1.9311627799999993
TTC38	-0.09433446999999973
TTC39A	0.4721076066666612
TTC39B	0.24148060166666685
TTC39C	-132.1643981333333
TTC3P1	296.8106327842857
TTC4	-102.06642300000001
TTC41P	-0.6869999605000006
TTC5	-2.297228431333334
TTC6	-0.46172337666666596
TTC7A	2.524051918749997
TTC7B	-40.510547849999995
TTC7B-AS1	0.43765648000000024
TTC8	24.30000000000001
TTC9	2.4342598285
TTC9B	-1.312575485
TTC9C	-27.839902210000005
TTF1	30.890693595000016
TTF2	-25.145919093999993
TTI1	18.079127400000004
TTI2	-14.39091294
TTK	-53.98421739999998
TTL	-5.638303600249998
TTLL1	-4.46029631
TTLL1-AS1	-5.486190459999998
TTLL10	-0.42563603333333333
TTLL11	-4.8725918133333295
TTLL12	-54.557756849999976
TTLL13	0.024448950000000025
TTLL2	-1.7429239369999987
TTLL3	0.9817595160000003
TTLL4	1.0521930666666677
TTLL5	6.974782085999998
TTLL6	1.289395301999999
TTLL7	-1.2780290215000036
TTLL7-IT1	0.38074047399999955
TTLL9	-1.850609842999999
TTN	0.24597412300000165
TTN-AS1	-5.155739340000004
TTPA	-7.675494214
TTPAL	-2.309467234999971
TTR	65.3470587
TTTY1	0.2299643050000002
TTTY10	-0.11015865199999997
TTTY11	0.29287056999999983
TTTY12	-1.1417243479999994
TTTY13	-2.2931469289999997
TTTY14	1.6427820544999996
TTTY15	-0.8988387809999998
TTTY2	0.3592928889999998
TTTY4C	-1.862605845
TTTY5	-0.5351143399999998
TTTY6B	0.3378692909999996
TTTY7	0.399532851
TTTY7B	-0.13777045100000063
TTTY8B	-1.487321068
TTTY9A	0.012535253000000246
TTYH1	-0.8294383740000004
TTYH2	0.5710907009999993
TTYH3	114.0861807
TUB	1.959923587499997
TUBA1A	439.2
TUBA1B	720.2074915111662
TUBA1C	779.1556939999991
TUBA3C-DT	-0.14710099099999985
TUBA3D	6.509894459999998
TUBA4A	137.15719679999998
TUBA4B	11.261756180000006
TUBA8	-0.27851886000000015
TUBAL3	188.30594379
TUBB	1047.6930956666665
TUBB1	0.3574212025000012
TUBB2A	507.6321693
TUBB2B	0.3941409999999337
TUBB3	590.043604
TUBB4A	21.173297400000003
TUBB4B	649.8791144
TUBB6	214.22224059999996
TUBB7P	-0.9739379499999998
TUBBP5	2.323967111
TUBD1	-12.947257356666654
TUBE1	-128.9168511465
TUBG1	128.72286280000003
TUBG2	-6.834615030000002
TUBGCP2	-13.881613670000007
TUBGCP3	-26.84339693700001
TUBGCP4	-20.04854437499999
TUBGCP5	1.9430054349999963
TUBGCP6	8.033005469999999
TUFM	-72.23115533499993
TUFT1	-60.4678265
TUG1	84.97322405540001
TULP1	1.144191310000001
TULP2	0.2872335200000009
TULP3	-16.729800950000026
TULP4	6.762472870500005
TUNAR	1.1221522770000005
TUSC1	-35.9139217
TUSC2	31.44696245
TUSC3	-51.71942862260002
TUSC7	0.2283008870000005
TUSC8	1.984499296000001
TUT1	-2.0277995000000004
TUT4	-10.627636794500006
TUT7	2.552691529200004
TVP23A	0.8840210409999996
TVP23B	-146.0215801
TVP23C	-1.8630323633333248
TWF1	-5.230387703199995
TWF2	-8.326226770000005
TWIST1	-0.5987408260000002
TWIST2	6.640455357999997
TWNK	-109.28784508999999
TWSG1	184.75638865000002
TXK	0.3509093879999998
TXLNA	-0.09193296000000828
TXLNB	0.1655001829999998
TXLNG	-36.70052008666664
TXLNGY	-0.22933948320000042
TXN	49.69132005000006
TXN2	37.85689610000003
TXNDC11	3.4545454200000023
TXNDC12	-113.05311756999998
TXNDC15	70.60365029999997
TXNDC16	-24.104068959999992
TXNDC17	291.1035648999999
TXNDC2	-1.2233818874999987
TXNDC5	364.4568610000001
TXNDC8	-0.4664185860000014
TXNDC9	-38.42273685999987
TXNIP	0.49530092333333187
TXNL1	-503.9376466493335
TXNL4A	-300.04136968
TXNL4B	-60.24233869500001
TXNRD1	-820.7877667015
TXNRD2	-30.07376668
TXNRD3	-1.8872860950000074
TYK2	8.578550100000001
TYMP	-11.034531649999998
TYMS	647.4333531066669
TYMSOS	12.727254980000005
TYR	-0.2905081773333329
TYRO3	-5.369523771499999
TYRO3P	1.7143857830000009
TYROBP	-1.662828470000001
TYRP1	-0.04013377099999982
TYSND1	7.718707247499999
TYW1	-49.9690052
TYW2	50.55550840000001
TYW3	-115.8130026
TYW5	-39.038805613333345
TZMP1	20.45423203
U2AF1	99.92672922099996
U2AF1L4	-40.08722565000001
U2AF2	-15.555597239999997
U2SURP	-19.235244737399995
U2SURP-AS1	26.44551465
UACA	162.17826224074997
UAP1	-59.6610637
UAP1L1	-9.767592059999998
UBA1	-58.93102714499997
UBA2	-140.75571298
UBA3	-33.50275750000003
UBA5	-46.57654176666665
UBA52	779.4732949999998
UBA6	-13.527392887857161
UBA7	1.5683859749999982
UBAC1	18.37780269999999
UBAC2	-68.8569099
UBAC2-AS1	1.2103314540000003
UBALD1	-6.26521391
UBALD2	-2.756881219999997
UBAP1	-89.14206815
UBAP1L	-2.4900185750000006
UBAP2	97.69686475000003
UBAP2L	-5.820284919999992
UBASH3A	-1.1834504959999999
UBASH3B	-1.1144094560000042
UBB	149.3882450000001
UBC	110.95695150000029
UBE2A	-113.06105204999994
UBE2B	-65.80613476785715
UBE2C	40.35982139999999
UBE2D1	-12.399552784333352
UBE2D2	-196.78481578999998
UBE2D3	-148.4665012551667
UBE2D4	13.823762550000055
UBE2DNL	-0.4179148399999999
UBE2E1	-1169.3241869999997
UBE2E2	-160.34961799999996
UBE2E2-DT	0.9217967380000003
UBE2E3	117.58168300000011
UBE2F	-57.7687670075
UBE2G1	-137.74458269999997
UBE2G2	-51.56603621525002
UBE2H	-3.356732311249999
UBE2I	23.140899303399976
UBE2J1	-69.41310455666667
UBE2J2	-41.77832613000001
UBE2K	-45.588521866666724
UBE2L3	69.08375251500001
UBE2L6	44.53818162
UBE2M	-384.59527170000007
UBE2N	-68.15694223333333
UBE2NL	0.7735801000000038
UBE2O	-7.175600759999988
UBE2Q1	-45.27314903333337
UBE2Q2	168.88287649999995
UBE2Q2P13	6.506830825999999
UBE2Q2P16	11.655771969999996
UBE2QL1	-1.0124294700000007
UBE2R2	-64.23613664999993
UBE2S	-577.3371291999999
UBE2T	216.3905919
UBE2U	0.03177540700000048
UBE2V1	130.4563777
UBE2V2	96.80080380116664
UBE2W	0.9652252863333359
UBE2Z	52.40710757000002
UBE3A	-32.97609605612499
UBE3B	8.824106562666664
UBE3C	6.367391359799996
UBE3D	0.6914027666666698
UBE4A	-38.89359999999988
UBE4B	5.202899815999984
UBFD1	-57.732937995000015
UBIAD1	-44.00696774699999
UBL3	-64.65138256499999
UBL4A	54.92385420000002
UBL4B	5.077261220000004
UBL5	10.661355999999842
UBL7	-32.538405299999994
UBL7-DT	7.450353114999999
UBLCP1	60.67691215000002
UBN1	41.052599250000014
UBN2	-1.7118103569999974
UBOX5	-0.46323669499999554
UBP1	-205.47236969999994
UBQLN1	-243.23834723333334
UBQLN2	-126.62943978499999
UBQLN3	-2.167006357000001
UBQLN4	34.209795214999986
UBQLNL	2.712360705
UBR1	-8.17541397499997
UBR2	0.6697193552499954
UBR3	-63.94906917099999
UBR4	-2.9432996566000043
UBR5	-10.781258120000018
UBR5-DT	-2.8808166600000007
UBR7	94.8838017
UBTD1	-4.5977350299999955
UBTD2	-11.584566599999988
UBTF	-1.2663627800000015
UBXN1	24.60352529499997
UBXN10	-0.6016996326666657
UBXN11	1.195066489999995
UBXN2A	-18.587597445
UBXN2B	-13.784825830000003
UBXN4	30.493240100000037
UBXN6	-10.44187943
UBXN7	-2.5019494649999956
UBXN7-AS1	0.5125631039999998
UBXN8	18.253135599999993
UCA1	256.9738719999996
UCHL1	-1.8846125545000003
UCHL3	-894.628183
UCHL5	-13.23774611975
UCK1	0.7195670149999813
UCK2	-55.59929206000001
UCKL1	-7.274271909999996
UCMA	0.5946042550000001
UCN	-8.71360429
UCN2	-2.2232597100000007
UCN3	-1.4281981399999992
UCP1	-1.5078434299999994
UCP2	-119.35128749500001
UCP3	0.8127641525000016
UEVLD	-5.183983442500008
UFC1	147.85274939999988
UFD1	304.2485822
UFL1	-131.788015109
UFM1	-96.88570107
UFSP1	-10.367749079999996
UFSP2	-109.9151794
UGCG	229.51064525999996
UGDH	-449.64179539999986
UGGT1	-42.178652274
UGGT2	-3.346184324571432
UGP2	173.0893954175
UGT1A1	-0.5560251356666663
UGT1A6	-4.326713176
UGT2A2	-0.6513445149999999
UGT2A3	2.3681063990000006
UGT2B15	3.455488763
UGT2B17	-0.1673357339999999
UGT2B28	12.47580336
UGT2B4	-1.9483121499999996
UGT3A1	-0.10067558166666579
UGT8	16.4369011785
UHMK1	63.62172403749997
UHRF1	173.4810208
UHRF2	15.564582299999984
UICLM	1.6365616000000003
UIMC1	11.582693699999993
ULBP1	-4.513018934
ULBP2	-0.19055691000000152
ULBP3	2.19373317
ULK1	12.520771339999996
ULK2	-0.13323910924999982
ULK3	32.95608417999999
ULK4	1.108349756500001
UMAD1	-90.62381590000001
UMOD	-0.6000206810000002
UMODL1	-0.7073868820000007
UMODL1-AS1	-0.38560072499999976
UMPS	10.719808971250018
UNC119	7.253479210000009
UNC119B	-2.4511862880000024
UNC13A	0.9638988249999976
UNC13B	-5.1499708000000055
UNC13C	10.349968789999998
UNC13D	1.7437555300000014
UNC45A	5.428932784999986
UNC45B	-0.5752171510000004
UNC50	143.8751373
UNC5A	-1.3984999999999985
UNC5B	-10.243536186666667
UNC5B-AS1	-1.3338838219999998
UNC5C	0.041825902800000314
UNC5CL	22.06356977
UNC5D	-0.18689126599999994
UNC79	-1.3964090650000003
UNC80	-0.08435461033333347
UNC93A	0.7269390265000002
UNC93B1	6.465088257333331
UNG	157.9546894
UNK	81.92661462333331
UNKL	-23.01559816866667
UPB1	1.1554108155000016
UPF1	-45.723234950000005
UPF2	-39.180943600000006
UPF3A	10.631601202500008
UPF3B	-166.09016137500004
UPK1A	37.01681076
UPK1B	120.50120388999999
UPK2	-0.19933280000000053
UPK3A	4.74774652
UPP1	-196.7332348
UPP2	-0.006612069999999193
UPRT	29.874823100000015
UQCC1	35.767465547499995
UQCC2	13.795277033333377
UQCC3	-18.356267700000018
UQCC4	-45.570018799999986
UQCC5	2.5489577618000006
UQCC6	5.109135995000003
UQCR10	246.54705139999987
UQCR11	53.15109370000005
UQCRB	195.0002516162499
UQCRC1	185.8841749999999
UQCRC2	-119.474351534
UQCRFS1	703.9163930000002
UQCRHL	453.7700440000003
UQCRQ	159.669263
URB1	-16.242524953
URB1-DT	27.081455449999993
URB2	-64.49448792
URGCP	-35.181526585000015
URGCP-MRPS24	-674.080946
URI1	-17.42214515699999
URM1	3.112389620000002
UROC1	0.18531265800000085
UROD	41.71742610033334
UROS	-13.56571296333334
USB1	-4.806842582000009
USE1	-38.73325738
USF1	5.519993790000001
USF2	-12.168491233333327
USF3	5.1093742192000065
USH1C	-1.798791392666665
USH1G	11.731390470000001
USH2A	-0.09106092999999982
USHBP1	-3.873148439999998
USO1	-50.91129794999995
USP1	-165.28073565
USP10	-29.186935655
USP11	65.16309840000002
USP12	-7.7464266650000155
USP13	6.045229510000006
USP14	-20.856587333333323
USP15	-29.7252671925
USP16	-68.21755746666668
USP18	3.3560649
USP19	5.910762065
USP2	1.7030074009999971
USP2-AS1	0.49591377199999975
USP20	-1.334685720000003
USP21	7.25755792999999
USP22	-26.780018850250002
USP24	-48.45435728000001
USP25	-36.58909347000001
USP26	0.4195241660000004
USP27X	6.633886442000005
USP27X-DT	3.894968079999998
USP28	6.359831140000011
USP29	0.03471012200000079
USP3	-63.66851319999989
USP3-AS1	2.00919749
USP30	-30.633119309999998
USP30-AS1	1.4059707560000003
USP31	-34.9689192326
USP32	-4.076398294285724
USP32P2	4.403305985000003
USP33	-74.09681518333338
USP34	23.89688391733334
USP35	19.699191299999995
USP36	-19.4003872678
USP37	-12.304502096666667
USP38	-35.23439661066666
USP39	-16.774730699999992
USP4	1.112323900000007
USP40	-8.993443560000003
USP42	-42.44460488920001
USP43	-7.691251770000001
USP44	17.62925427
USP45	-4.5363616449999995
USP46	-12.181408558500003
USP46-DT	2.017986200000001
USP47	-30.606217583999978
USP48	9.50411445879999
USP49	3.258331830714285
USP5	5.51287391000001
USP51	-2.039570555000001
USP53	2.1020924547500073
USP53-DT	-0.05167800099999997
USP54	-32.65532347999999
USP6	-2.0968215400000005
USP6NL	1.5757912523333317
USP7	-75.81488553650001
USP8	-59.063434400000006
USP9X	-65.74539292666668
USP9Y	-0.2499502274999994
USPL1	-13.5036532745
UST	-0.3789187035000001
UST-AS1	0.2907444640000003
UTF1	0.8915551480000001
UTP11	-8.428792258000016
UTP14A	-40.622375336333334
UTP14C	-51.04233339999999
UTP15	-7.550582902499997
UTP18	-177.92732597150007
UTP20	-262.12728999999996
UTP23	-68.59638935250001
UTP25	-60.533570620000006
UTP3	22.840982199999985
UTP4	-180.48977680000007
UTP6	-71.7856017245
UTRN	-138.2278089466667
UTS2	0.03868367599999978
UTS2B	-0.7774942079999998
UTS2R	0.2590023300000013
UTY	-2.8127539200000005
UVRAG	15.370166800000007
UVRAG-DT	-1.641391735
UVSSA	-4.312793029999995
UXS1	150.11452054999995
UXT	13.768950099999984
VAC14	-3.928396305000007
VAC14-AS1	-0.9412035780000001
VAMP1	46.359968076666675
VAMP2	-0.2642571543333361
VAMP3	174.97936053333325
VAMP4	-29.689866256666676
VAMP5	-1.5277694595
VAMP7	-246.91380470000001
VAMP8	377.2592555
VANGL1	28.919099944999985
VANGL2	0.4531975630000007
VAPA	16.959195047599906
VAPB	-42.09967647666667
VARS1	-99.19222361499999
VARS2	1.3623931999999854
VASH1	3.840659258799999
VASH1-AS1	3.2806748399999996
VASH2	0.9744088433333333
VASN	31.72749787
VASP	31.04139509999999
VAT1	358.79296259999995
VAT1L	-218.19999038
VAV1	-0.318712036
VAV2	11.77783818666667
VAV3	24.642199236666674
VAX2	1.9259856899999974
VBP1	-159.851179
VCAM1	-2.978700098
VCAN	6.3067051998
VCF1	-3.706903600000004
VCF2	-3.247296789999993
VCL	215.20474365550012
VCP	-33.7927143
VCPIP1	2.2646226077500025
VCPKMT	-17.178622812000015
VCX2	-1.4465768550000035
VCY1B	-10.177512169999996
VDAC1	300.70570898999995
VDAC2	-246.36267399999997
VDAC3	0.8649746300002334
VDR	4.848532604500001
VEGFA	-170.6184673925
VEGFB	13.906808459999993
VEGFC	-0.050609747000000205
VENTX	0.5953083800000005
VENTXP1	-0.2661929719999998
VEPH1	-20.197970395333336
VESTAR	-5.343076799999999
VEZF1	-15.170661706666664
VEZT	66.51297931500005
VGF	1.948851900000001
VGLL1	0.3468305506666667
VGLL2	-0.21938139600000106
VGLL3	-0.06510926300000008
VGLL4	13.85669439999998
VHL	-12.934413626000001
VHRT	-0.12761296800000022
VIL1	129.7322754625
VILL	4.430178829999999
VIM	2644.0740858030003
VIP	-4.085793619
VIPAS39	-23.963703839999994
VIPR1	61.217968510000006
VIPR2	-0.6162592296666674
VIRMA	2.2230377799999985
VIT	-0.4975984999999996
VKORC1	255.982481
VKORC1L1	-22.456332970999995
VLDLR	77.71616590000001
VMA21	-32.08300080333336
VMA22	65.59229920000001
VMO1	-1.1299568575000016
VMP1	433.7494270000001
VN1R1	0.6239332090000005
VN1R10P	-0.8979604300000004
VN1R2	-0.926671528
VN1R3	0.10237249799999981
VN1R4	0.39273925899999984
VN1R5	-0.5127775589999999
VNN1	12.155787061499998
VNN2	45.21844339
VNN3P	-1.0043721623333317
VOPP1	253.45051610000002
VPREB1	0.2160983879999998
VPREB3	-7.592063809999999
VPS11	3.2491030999999992
VPS13A	8.417688034333338
VPS13A-AS1	-4.829737459999997
VPS13B	-2.9587302647499953
VPS13C	20.687472041999996
VPS13C-DT	1.0421929285000004
VPS13D	-1.8565394522000034
VPS16	-4.88354346700001
VPS18	0.8511335200000048
VPS25	204.1414426
VPS26A	57.23406062799995
VPS26B	-12.966439044999987
VPS26C	-2.6943163950000013
VPS28	-101.0463777
VPS29	-55.955872424999825
VPS33A	-4.527065796666662
VPS33B	36.537278825000016
VPS35	65.07502669720009
VPS35L	4.739617296
VPS36	-15.617208784499994
VPS37A	-24.024863249999996
VPS37B	32.05207396
VPS37C	-5.561053693333349
VPS37D	0.38660872999999185
VPS39	9.41851342999999
VPS41	-19.193716873333344
VPS45	-30.256230700000003
VPS4A	12.719965299999984
VPS4B	-113.56617790000001
VPS50	-16.830985990499997
VPS51	7.8959965999999895
VPS52	56.33887329999999
VPS53	1.0413324735555562
VPS54	77.66709109999996
VPS72	-31.517491406499985
VPS8	7.463415854666678
VPS9D1	-0.4585281199999969
VPS9D1-AS1	1.6579290199999974
VRK1	49.55053659999999
VRK2	44.82250320000003
VRK3	5.0845281060000005
VRTN	2.6996972800000023
VSIG1	2.059952431000001
VSIG10	27.629178529999997
VSIG10L	51.766419830000004
VSIG10L2	-0.01602219699999985
VSIG2	-1.4607134099999968
VSIG4	0.4723098710000002
VSIR	-279.11749719
VSNL1	-3.8166359880000007
VSTM1	0.04225149799999972
VSTM2A	0.17877902799999967
VSTM2A-OT1	0.8300438109999999
VSTM2B-DT	-9.01667419
VSTM2L	2.41965712
VSTM4	-1.484407776500003
VSX1	-0.3793227200000011
VTA1	86.79036083249997
VTCN1	-1.5792222420000002
VTI1A	4.001587298333334
VTI1B	159.91613356666662
VTN	-332.84932828499996
VWA1	8.889463631199998
VWA3A	-0.5537392200000006
VWA3B	-0.7698889741999988
VWA5A	33.905458919999994
VWA5B1	-0.4848002975000014
VWA5B2	2.9514423034999986
VWA7	-2.49389811
VWA8	-17.585677255
VWA8-AS1	0.08216716250000022
VWC2	0.8262241189999999
VWCE	17.75978976
VWDE	-0.027020504500000264
VWF	-2.0076563930000013
VXN	0.2473597706666668
WAC	-136.6238166428334
WAC-AS1	85.75386360000005
WAKMAR2	0.052163948000000016
WAPL	-61.98910705475001
WARS1	-685.0110242
WARS2	-14.125811737333343
WARS2-AS1	-2.8043942909999977
WAS	2.246301069999994
WASF1	-137.6
WASF2	-15.651027133333315
WASF3	-51.350998849999996
WASH2P	-12.480328140000012
WASH8P	-8.567609195000003
WASH9P	-11.26962894
WASHC2A	14.908167899999967
WASHC2C	6.99169280000001
WASHC2FP	4.636187619999998
WASHC3	-39.82052570000002
WASHC4	-29.686496999999974
WASHC5	-13.50398530000001
WASIR2	-8.972167431999999
WASL	-24.72721014749999
WBP11	30.427015552333273
WBP1L	187.010251
WBP2	4.572734109999999
WBP2NL	0.05723311600000036
WBP4	-31.303500806666662
WDCP	-1.8188063899999989
WDFY1	-7.763055035000036
WDFY2	91.88522641749998
WDFY3	-14.174513699999991
WDFY3-AS2	-0.9904611760000002
WDFY4	-0.9518616795000003
WDHD1	15.872655903333339
WDPCP	26.534614295000004
WDR1	25.621523416000002
WDR11	-18.11642706500001
WDR11-DT	-0.29561514950000056
WDR12	-88.51170442666671
WDR13	11.627625870000003
WDR17	-1.883182562
WDR18	-14.575227400000003
WDR19	7.877626335666662
WDR20	-16.379607213
WDR24	7.659988800000001
WDR25	-3.6003278000000023
WDR26	-19.688511359399996
WDR27	-4.0671739828000035
WDR3	-214.22595845350003
WDR31	-4.482010959999997
WDR35	-19.811238234999998
WDR35-DT	2.8563775400000004
WDR36	-43.792695725
WDR37	4.042151618666658
WDR38	-1.5014401050000004
WDR4	-19.513322363333337
WDR41	-88.17493557666668
WDR43	-422.90698440000006
WDR44	18.894885879999997
WDR45	-73.25649589999998
WDR45B	-315.6267088000001
WDR46	-35.84700049999998
WDR47	-192.70099430000002
WDR48	-14.60845173749999
WDR49	-0.5325760315000005
WDR5	-39.03854839499999
WDR53	-6.460048239999999
WDR54	123.83814959999998
WDR55	0.9031962766666624
WDR59	12.16271280625
WDR5B	-12.545978310000002
WDR6	38.32002135999997
WDR62	1.5178966010000003
WDR64	0.2360679379999997
WDR7	7.482621102000003
WDR70	6.041364099999981
WDR72	20.03489282425
WDR73	-117.93071940000002
WDR74	-10.736949613666653
WDR75	-92.48360739999998
WDR76	12.849777979999995
WDR77	-220.83620635000005
WDR81	3.1442638999999986
WDR82	-211.74847579999994
WDR83	1.501186650000001
WDR83OS	32.19124310000001
WDR86	0.3485640545000006
WDR86-AS1	-0.765980452
WDR87	-4.077791133000001
WDR87BP	0.034281438999999914
WDR88	0.07459252550000084
WDR89	6.257808213333334
WDR90	8.923807813333333
WDR91	4.695353693333331
WDR93	-3.848199609999998
WDR97	3.180651329
WDSUB1	-72.7
WDTC1	9.304606756666658
WEE1	6.892336945000011
WEE2-AS1	1.234784973
WFDC1	-0.036007438999999586
WFDC10A	0.04543973899999987
WFDC10B	-0.524803619
WFDC11	0.4121879340000003
WFDC12	4.39403244
WFDC13	-0.07413091000000005
WFDC2	2.4009915806666697
WFDC21P	70.14375940000002
WFDC3	-0.016595259999999
WFDC5	0.18317667699999962
WFDC6	0.7754638539999998
WFDC8	-2.489489607333331
WFDC9	-0.495329323
WFIKKN1	3.9795087800000033
WFIKKN2	0.8090943790000011
WFS1	13.915222290000003
WHAMM	-41.07533860000001
WHAMMP2	-15.509035480000001
WHAMMP3	-8.637336461800004
WHR1	-19.362855726666666
WHRN	3.1190112300000017
WIF1	-0.628499234
WIPF1	2.2374607185000013
WIPF2	3.1040868700000033
WIPF3	-4.434650979999997
WIPI1	27.22017735000003
WIPI2	105.37411672199997
WIZ	-13.351076789999993
WLS	-0.7851139989999991
WNK1	64.50424100728571
WNK2	1.9629444033333314
WNK3	-1.1462641126666666
WNK4	17.027007774999994
WNT1	1.9242012979999998
WNT10A	-0.6146561290000001
WNT10B	-1.0474442500000052
WNT11	-0.14819265000000037
WNT16	-0.15255715649999857
WNT2	0.9890747500000003
WNT2B	7.5637510057499995
WNT4	-0.4367270633333309
WNT5A	-0.3114494510000001
WNT5B	0.06333310766666589
WNT6	-1.5317357734999995
WNT7A	-1.8045187160000005
WNT7B	-5.470311170000002
WNT8A	-1.0902033200000005
WNT8B	-0.6444009199999989
WNT9A	-2.216117730499999
WNT9B	0.15319190900000024
WRAP53	-3.310246280000001
WRAP73	10.527512193333337
WRN	-14.723462299999994
WRNIP1	0.8791630017500154
WSB1	151.53107427599997
WSB2	816.261323
WSCD2	-1.2266195569999994
WT1	-19.164116534999998
WT1-AS	-2.365635799999998
WTAP	-21.58586542785713
WTIP	-84.22208255
WWC1	139.33791604142857
WWC2	-0.7486829660000005
WWC2-AS2	-1.3264700400000002
WWC3	-60.29430199000001
WWOX	-40.942179792000005
WWP1	64.7344569
WWP2	-7.1990395045
WWTR1	128.44917154333334
WWTR1-AS1	1.0989677015000003
XAB2	3.103372389999997
XAF1	-0.1372683220000006
XAGE-4	-14.097134700000002
XAGE1A	-5.734047800000013
XAGE2	-3.7869625849999995
XAGE3	-6.463932589999999
XBP1	-95.54334100500006
XCL1	15.465804422999994
XCR1	0.582779446
XDH	-1.3518551625000015
XG	-0.9486415515000006
XGY2	-0.5548695939999999
XIAP	59.98246637428571
XIRP1	-2.5596245400000015
XIRP2	-0.6301300010000004
XIST	-0.047537311428571094
XK	-71.93739495999999
XKR4	0.22325725899999993
XKR6	-0.72423769175
XKR7	0.09013753400000013
XKR8	62.67353540000005
XKRX	-0.7935396520000007
XKRY	-0.08551746400000004
XNDC1N	7.53283046
XPA	-17.783316599999992
XPC	-0.11771699999999896
XPNPEP1	148.54056979
XPNPEP2	6.513807979999999
XPNPEP3	17.205948630333324
XPO1	57.298264519999975
XPO4	-49.88294984000001
XPO5	-99.62257757333336
XPO6	7.528460250000023
XPO7	-0.7750026860000006
XPOT	-303.463420585
XPR1	-4.976538090666651
XRCC1	12.266118550000002
XRCC2	13.339594250000005
XRCC3	-5.071982679999998
XRCC4	2.857655366000003
XRCC5	-19.278080200333306
XRCC6	-304.4270723065
XRN1	2.8093178660000007
XRN2	11.188567349999971
XRRA1	-2.1891288200000005
XTBD1	-2.669595639999997
XXYLT1	-4.859323060000008
XYLB	-0.749780926999998
XYLT1	-0.35878547500000124
XYLT2	13.461310118500002
YAE1	-108.4994954
YAF2	-47.9338198095
YAP1	269.4935839333332
YARS1	-598.4120945249999
YARS2	-56.175841989999995
YBEY	11.508794556666643
YBX1	262.8527786833331
YBX2	0.9047331099999951
YBX3	-147.07088258
YDJC	-52.90176970000002
YEATS2	4.022683264999998
YEATS4	-66.0356745
YES1	-125.84888622533339
YIF1A	315.1809850000002
YIF1B	26.8280434025
YIPF1	17.5006276
YIPF2	28.610231906666677
YIPF3	50.449308
YIPF4	-6.589911708749998
YIPF5	137.3448403
YIPF6	-81.91121402499994
YJEFN3	-1.4813710300000018
YJU2	23.043890239999996
YJU2B	-13.183556269999997
YKT6	23.02839984999997
YLPM1	4.348899340000003
YME1L1	-31.414428436761895
YOD1	-14.657711522500001
YPEL1	2.509721456666668
YPEL2	-10.190914742666678
YPEL3	-1.1574269950000016
YPEL4	1.1814680170000003
YPEL5	-43.41778125000002
YRDC	-368.25832330000003
YTHDC1	-0.16103490080001848
YTHDC2	-51.1711290975
YTHDF1	-200.50442209999994
YTHDF2	-299.0923732
YTHDF3	-50.39984089000001
YTHDF3-DT	-9.639449569999996
YWHAB	120.90327233333392
YWHAE	63.66070208999997
YWHAEP7	0.3264375780000002
YWHAG	-234.34950800000024
YWHAH	-3.4416127713333253
YWHAH-AS1	-2.89899898
YWHAQ	551.80584
YWHAZ	-89.08412425400002
YY1	-33.37182338833338
YY1AP1	-73.5114025
YY2	-4.261726860000001
ZACN	-2.0054807599999975
ZAN	0.2596666720000016
ZAP70	0.6050222075000011
ZAR1	0.24294111899999926
ZBBX	0.07286016499999981
ZBED1	10.958249739999985
ZBED10P	11.171630710000002
ZBED11	-9.739893923333327
ZBED2	0.9775323340000002
ZBED3	-7.883164434999998
ZBED3-AS1	-1.099742279500001
ZBED4	-48.046988705
ZBED5	19.667588810000012
ZBED5-AS1	64.96179563
ZBED6	6.101619891999997
ZBED8	50.897996860000006
ZBED8L	-13.481202933499999
ZBP1	0.09112025300000148
ZBTB1	49.81484411733332
ZBTB10	-15.96172816485715
ZBTB11	-41.40316991549997
ZBTB11-AS1	-0.9521403665000001
ZBTB12	-1.03116771
ZBTB14	0.5180287599999929
ZBTB16	-1.0075648089999998
ZBTB17	-4.717497350000002
ZBTB18	-2.219560640000001
ZBTB2	-95.51675659999998
ZBTB20	32.990584016083325
ZBTB20-AS1	0.9195259399999998
ZBTB21	-93.25347840000002
ZBTB22	-1.4414920300000063
ZBTB24	-2.3183907866666615
ZBTB25	27.82036023
ZBTB26	0.7725313400000005
ZBTB3	10.7920173565
ZBTB32	-2.4593835889999998
ZBTB33	-64.79409970299999
ZBTB34	-21.10121365
ZBTB35	-22.87920536999998
ZBTB37	-10.08060940233333
ZBTB38	69.59613690099997
ZBTB39	-7.519328680000001
ZBTB4	55.11350247500002
ZBTB40	21.739209826666652
ZBTB41	-14.660086799999988
ZBTB42	8.386816490000001
ZBTB43	-18.04356973200001
ZBTB44	35.4753535902
ZBTB44-DT	-0.3391862779999997
ZBTB45	7.021348635499997
ZBTB46	3.8689980733333336
ZBTB46-AS1	-3.9497619399999984
ZBTB47	2.160326283333333
ZBTB47-AS1	0.0216889000000009
ZBTB48	-7.506609310000002
ZBTB49	-7.314777249999999
ZBTB5	-41.587961699999994
ZBTB6	-0.07677827599999976
ZBTB7A	18.554126174999993
ZBTB7B	-8.23684728
ZBTB7C	-1.5447052625000008
ZBTB7C-AS2	-0.800490537
ZBTB8A	-35.255161099999995
ZBTB8B	-0.5974859029999999
ZBTB9	-0.876139209999991
ZC2HC1A	-18.794154826999993
ZC2HC1B	0.24404220399999943
ZC2HC1C	0.9922194199999979
ZC3H10	-4.03120615666667
ZC3H11A	-53.99288393366663
ZC3H11D	0.23319122499999967
ZC3H12A	3.771694828000001
ZC3H12B	-0.01472341000000199
ZC3H12C	-61.723831825000005
ZC3H12D	4.342098857
ZC3H13	-16.910845564
ZC3H14	-22.78439078599999
ZC3H15	-537.7057413513334
ZC3H18	-4.175872050499997
ZC3H3	-0.6026342345000018
ZC3H4	-7.303827620999982
ZC3H6	9.1805212015
ZC3H7A	-140.78439695
ZC3H7B	1.036159476599991
ZC3H8	-169.133654615
ZC3HAV1	-5.271229193333369
ZC3HAV1L	108.73733757350001
ZC3HC1	-23.81525739999998
ZC4H2	4.6746426119999995
ZCCHC10	-14.405355449999988
ZCCHC12	-0.37388970499999985
ZCCHC13	-0.45230362599999996
ZCCHC14	-15.750511449999998
ZCCHC17	61.01064351500001
ZCCHC18	-0.237347003
ZCCHC2	-36.27122727250001
ZCCHC24	71.52145542
ZCCHC3	-24.412561375999992
ZCCHC4	-2.591394057999999
ZCCHC7	9.726462063333315
ZCCHC8	-148.14849779500003
ZCCHC9	-558.9539748000001
ZCRB1	-261.63734354999997
ZCWPW1	8.155066609999999
ZCWPW2	-0.281915385
ZDBF2	-100.5298026
ZDHHC1	-1.2279190900000003
ZDHHC11	3.951518980000003
ZDHHC11B	-109.98556875
ZDHHC12	25.22272862999999
ZDHHC12-DT	86.52311913
ZDHHC13	4.217544182500006
ZDHHC14	-4.203238721999995
ZDHHC15	-0.7601508080000001
ZDHHC16	314.0109292000001
ZDHHC17	-39.468171795
ZDHHC18	-6.780390639000004
ZDHHC19	-3.0839118349999985
ZDHHC2	21.88896893225001
ZDHHC20	3.5892958350000015
ZDHHC21	-2.0103890294444433
ZDHHC22	-1.149077930499999
ZDHHC23	-10.07408032
ZDHHC24	-6.795747430000006
ZDHHC3	9.033457264999996
ZDHHC4	62.16378582499999
ZDHHC5	-4.835986559999981
ZDHHC6	-81.99688279999998
ZDHHC7	278.27387719999996
ZDHHC8	10.327872905000007
ZDHHC8BP	49.11246137999999
ZDHHC9	-12.523428109999998
ZEB1	-50.34002768925002
ZEB1-AS1	-0.6773512799999999
ZEB2	-0.6571868646000008
ZER1	0.6603743669999993
ZFAND1	-261.53548
ZFAND2A	-385.7257572
ZFAND2A-DT	0.8177916799999991
ZFAND2B	-48.8787054
ZFAND3	-37.57691482999999
ZFAND4	-0.7936059544999985
ZFAND5	-134.17699663940004
ZFAND6	87.30175507000001
ZFAS1	-3095.020778525
ZFAT	6.210319560000002
ZFC3H1	32.873392412499996
ZFHX2	2.0397577499999926
ZFHX3	-12.518818820833332
ZFHX4	-0.602795720333333
ZFHX4-AS1	-0.006896370000000651
ZFP1	-6.100058594666663
ZFP14	-0.06600799899999998
ZFP2	0.010953122000000093
ZFP28	-0.05159236449999938
ZFP3	-1.327622238
ZFP30	-17.728339790000007
ZFP36	705.3182396
ZFP36L1	107.238269261
ZFP36L2	13.427298183250002
ZFP37	-16.72044971
ZFP41	-4.643165879999998
ZFP42	-0.49553964266666606
ZFP57	-0.5025415600000009
ZFP62	39.7343276
ZFP64	-15.119644256499996
ZFP69	-14.231537100000025
ZFP69B	-498.63803239999993
ZFP82	-7.198672040000005
ZFP90	25.43177941666667
ZFP91	-103.22867350000001
ZFP92	1.8795550900000002
ZFPL1	3.315432169999994
ZFPM1	2.2331121449999927
ZFPM2	0.13882440400000018
ZFR	-365.507378675
ZFR2	-1.6774764004999998
ZFTA	11.196992593000004
ZFTRAF1	2.662518577499995
ZFX	-12.818916927499998
ZFY	0.8671372433333326
ZFYVE1	16.326381839999996
ZFYVE16	-19.1062662218
ZFYVE19	43.462345670000005
ZFYVE21	101.28742997
ZFYVE26	51.820224014999994
ZFYVE27	25.054816189999997
ZFYVE28	-1.0874096426666693
ZFYVE9	-0.3130486849999983
ZG16	0.19562187999999736
ZG16B	27.749773200000003
ZGLP1	6.454861730000005
ZGPAT	29.67431741
ZGRF1	2.986386252999999
ZHX1	-42.202633015
ZHX1-C8orf76	-2.8763108099999997
ZHX2	19.615777425000005
ZHX3	-1.0125039300000012
ZIC1	-9.398489835500001
ZIC2	-159.90731119999998
ZIC3	-0.2917908640000002
ZIC4	-0.20454149349999895
ZIC5	-20.066865590000003
ZIK1	0.32918557400000026
ZIM3	-0.49512645799999966
ZKSCAN1	85.93343261000001
ZKSCAN2	-26.25525341
ZKSCAN3	4.492571717000001
ZKSCAN4	1.8979477999999972
ZKSCAN5	1.6562062849999961
ZKSCAN7	-0.6043360474999986
ZKSCAN8	-19.62055228
ZMAT1	-0.17080293650000034
ZMAT2	138.2427179
ZMAT3	-10.367388996600013
ZMAT4	-2.812195580000001
ZMAT5	-27.741312109999996
ZMIZ1	60.96897899333331
ZMIZ1-AS1	2.623249628999999
ZMIZ2	13.073779329999994
ZMPSTE24	-987.240159
ZMYM1	12.823416000000009
ZMYM2	-20.12841881016668
ZMYM3	33.97857584666666
ZMYM4	-16.50629017
ZMYM5	-25.06934566025
ZMYM6	-0.14494587599998
ZMYND10	-0.1387234330000009
ZMYND11	-44.213463402249985
ZMYND12	-1.235819481
ZMYND15	0.018046400000001128
ZMYND19	-64.4063849
ZMYND8	-54.863168303400016
ZNF10	-1.500285993333332
ZNF100	-4.609474104
ZNF101	4.214773649999991
ZNF106	-51.66071282500002
ZNF107	-3.6539819633333295
ZNF112	-2.693544320000001
ZNF114	0.3310194595000002
ZNF117	0.07169952124999934
ZNF12	-88.05395362500002
ZNF121	-601.7403231000001
ZNF124	5.335234364999998
ZNF132	0.008994664000000263
ZNF133	-9.312435440000002
ZNF134	-6.584137120000001
ZNF135	-3.230308921999999
ZNF136	-5.063877059999996
ZNF137P	0.9780180209999996
ZNF138	1.1514600929999972
ZNF14	-13.615016809999993
ZNF140	-33.58082569999999
ZNF141	1.8676019779999997
ZNF142	-2.081900355000002
ZNF143	-56.5813519
ZNF143-AS1	17.283517259999996
ZNF146	-299.2218381949999
ZNF148	-9.446532553857146
ZNF154	-0.054841002999999944
ZNF155	1.1734149899999995
ZNF157	-0.21237702700000005
ZNF16	-15.883552370000004
ZNF160	16.180512004500002
ZNF165	14.04741413
ZNF169	0.1901233746666655
ZNF17	-0.18387214799999985
ZNF174	4.309679603333329
ZNF175	-0.18874668949999984
ZNF18	1.088122949999999
ZNF180	-0.3913281150000003
ZNF182	-22.403507205000004
ZNF184	-29.66427732999999
ZNF185	-12.02985812
ZNF189	-40.03495109999999
ZNF19	0.0427531683333342
ZNF195	-20.247032400000023
ZNF197	-0.011478144999998108
ZNF2	-7.514255110000001
ZNF200	-8.877905429999998
ZNF202	-23.247128444999994
ZNF204P	12.872095599999994
ZNF205	5.636489260000005
ZNF205-AS1	1.5625878540000002
ZNF207	-10.705608827111064
ZNF208	0.23451014466666642
ZNF211	10.899099979999995
ZNF212	-8.607016420000008
ZNF213	-23.54608897
ZNF213-AS1	1.1702801899999997
ZNF214	2.6181318860000005
ZNF215	-15.297945841
ZNF217	54.968950800000016
ZNF217-AS1	1.3225360139999989
ZNF219	-21.998163480000002
ZNF22	2.1037016674999984
ZNF22-AS1	0.48917900499999956
ZNF221	-2.5042906339999984
ZNF222	4.682704739999998
ZNF223	2.0845972150000005
ZNF224	4.456104683400001
ZNF225	-0.8406763820000016
ZNF225-AS1	0.4052843909999999
ZNF226	-5.706480784
ZNF227	-37.298386015
ZNF229	-1.0533566380000003
ZNF23	-37.53917095
ZNF230	1.846763780666663
ZNF232	-61.28487860000001
ZNF232-AS1	8.821907799999991
ZNF233	-0.3671589900000001
ZNF234	-0.8551465150000013
ZNF235	-15.311123075000001
ZNF236	0.18494076750000232
ZNF236-DT	0.29105606400000017
ZNF239	-115.71323101000002
ZNF24	-16.747070394000005
ZNF248	11.044744045000002
ZNF25	-2.309069300000001
ZNF250	2.328221230999999
ZNF251	20.54077494
ZNF252P	-3.8621980677500005
ZNF252P-AS1	-0.14311569500000054
ZNF253	0.21284258000000023
ZNF254	9.007261135
ZNF256	5.0949525000000015
ZNF257	-41.45268604
ZNF26	-32.51662274000001
ZNF260	-32.30202464999999
ZNF263	-36.78491638833332
ZNF264	-4.450960622333334
ZNF266	86.8655554
ZNF267	-16.901316130000012
ZNF268	-15.313922866666672
ZNF271P	-37.28279355000001
ZNF273	-7.203895370999994
ZNF274	10.598218299999985
ZNF275	-9.150248199999993
ZNF276	-5.783159869999999
ZNF276-AS1	7.143484238499999
ZNF277	4.835581691750008
ZNF28	-0.039526872999999796
ZNF280A	3.1929401409999993
ZNF280B	-43.549881266666645
ZNF280C	-18.007996
ZNF281	-184.6801564333333
ZNF282	-8.028727280000002
ZNF283	-6.565320530000001
ZNF284	14.59117346
ZNF285CP	-2.754092749999998
ZNF286A	-7.143519893600001
ZNF286B	-98.9581556
ZNF287	-0.6388397516666675
ZNF292	8.783392428666673
ZNF295-AS1	-1.3776637089999992
ZNF296	-3.244914940000001
ZNF29P	-0.2789730134999999
ZNF3	-4.703949109
ZNF30	37.859838409999995
ZNF300	-0.1275733309999989
ZNF300P1	0.12857482599999948
ZNF302	-0.04026763999999883
ZNF304	-4.259314410000002
ZNF311	-0.49223171149999967
ZNF316	-0.6590753495000001
ZNF317	-11.442460050000008
ZNF318	-2.1702774900000037
ZNF319	-36.510101899999995
ZNF32	27.742509150000004
ZNF32-AS3	-0.14577861999999975
ZNF320	0.351108828500001
ZNF321P	0.22485223750000038
ZNF322	-36.83935466499999
ZNF324	-17.93216603999999
ZNF324B	-3.219521180000001
ZNF326	-64.64211491524998
ZNF329	-30.950644699999998
ZNF331	-47.34950977999999
ZNF333	0.39279211966666594
ZNF334	-0.37632380099999985
ZNF335	-7.943213700333331
ZNF337	-14.010833064999993
ZNF33A	5.715781004666667
ZNF33B	-1.2601874399999993
ZNF34	3.1101071990000015
ZNF341	3.0529689829999995
ZNF343	-22.289433314999997
ZNF345	1.8902421250000003
ZNF346	-2.3366694903333354
ZNF347	4.555982758499999
ZNF35	-18.859145260000005
ZNF350	-0.04273375600000051
ZNF354A	-10.943040800000006
ZNF354B	-26.81277327
ZNF354C	-1.1559198824999992
ZNF358	3.7976225600000006
ZNF362	21.137971565
ZNF365	-2.733128747000002
ZNF366	-0.23316496800000053
ZNF367	2.3089413800000074
ZNF37A	-60.33336518
ZNF37BP	-6.485205889333333
ZNF382	-3.378340689999998
ZNF383	-6.405136460000001
ZNF384	-7.82022822499998
ZNF385A	-0.9775808799999979
ZNF385B	-3.6527596856666653
ZNF385C	-0.26307444099999966
ZNF385D	-0.5833492270000002
ZNF391	-1.5865913052499998
ZNF394	1.1589879550000006
ZNF395	21.91808444266666
ZNF396	0.38371731259999997
ZNF397	-2.4817721511999977
ZNF398	-17.57469023299999
ZNF404	35.02315455
ZNF407	-3.040331180999999
ZNF407-AS1	-55.03452770000001
ZNF408	-10.559188300000002
ZNF41	0.33029715833333206
ZNF410	-256.9115507
ZNF414	4.689224720500002
ZNF415	0.2303569030000001
ZNF416	-4.2724932725
ZNF417	3.771209586666668
ZNF418	0.9159747150000008
ZNF419	-11.662154134999994
ZNF420	-19.216960759999992
ZNF423	-0.1976445610000006
ZNF425	1.200282455
ZNF426	-0.14247694899999974
ZNF428	2.0728766750000034
ZNF429	0.38293239000000057
ZNF43	53.576568699999996
ZNF430	-8.167671079499996
ZNF431	-0.5084606023333329
ZNF432	42.73743748
ZNF433-AS1	0.32452460000000016
ZNF436	-1.449122684999999
ZNF436-AS1	21.600827569999996
ZNF438	-2.86187417
ZNF439	1.0288562320000003
ZNF44	4.142421874249997
ZNF440	1.0670484469999995
ZNF441	-0.3652988609999994
ZNF442	-1.347906331999999
ZNF443	12.983764180000001
ZNF444	10.694717854999993
ZNF445	-6.625699865000001
ZNF446	-14.724399900000009
ZNF449	-31.909036945000004
ZNF45	-17.789236000000002
ZNF451	-13.544618354600004
ZNF451-AS1	0.6541129089999997
ZNF460	-0.38375916933333354
ZNF461	-0.4996421050000004
ZNF462	0.04979460233333288
ZNF467	-26.76632721
ZNF468	-29.381966540000008
ZNF469	5.282085840000001
ZNF470	3.6543094400000022
ZNF471	1.4044615066666672
ZNF473	-12.269598334999998
ZNF473CR	1.0831463430000001
ZNF474	-0.1308534469999998
ZNF475	-1.00785852
ZNF479	-0.1417175205000003
ZNF48	-23.068608199999986
ZNF480	8.879723430000002
ZNF483	-0.11883386999999956
ZNF484	0.0699967749999999
ZNF485	-3.377040242999999
ZNF486	0.707260905
ZNF488	40.490102209999996
ZNF490	0.3183949900000016
ZNF491	-2.2930303729999997
ZNF492	-34.073794100000015
ZNF493	16.67364848749999
ZNF496	-6.952217008400002
ZNF497	-1.0082987200000009
ZNF500	5.1850432933333295
ZNF501	0.29236178199999996
ZNF502	-0.5719720964999997
ZNF503	-1.7095925067500026
ZNF503-AS1	1.3731912860000008
ZNF503-AS2	2.156103123749997
ZNF506	0.2580602953333333
ZNF507	-50.79184455666666
ZNF510	-2.93554097
ZNF511	-23.42244199999999
ZNF512	69.05654606
ZNF512B	17.971804585
ZNF513	-14.716202000000003
ZNF514	-2.5837380600000017
ZNF516	-46.0903849
ZNF517	3.0709578450000006
ZNF518A	-11.30130466
ZNF518B	-26.89754853233333
ZNF519	4.997624558666667
ZNF521	0.2438303675000002
ZNF524	1.4968968299999972
ZNF526	2.068248539999999
ZNF527	-9.404207355000004
ZNF528	1.0618056849999995
ZNF529	-13.707902211666678
ZNF529-AS1	2.22388456
ZNF530	-3.6652403300000014
ZNF532	-80.203425305
ZNF536	-0.3387133873333328
ZNF540	-1.1573416774999998
ZNF541	4.065470400000001
ZNF542P	-52.766883275
ZNF543	-0.7411711629999997
ZNF544	-15.253034607499998
ZNF546	0.44985046999999945
ZNF547	-0.6106915194999996
ZNF548	-3.6843463399999976
ZNF549	0.019376930000000847
ZNF550	-11.378385475000002
ZNF551	-0.43880380024999965
ZNF552	-1.1291338050000022
ZNF554	4.571447384999992
ZNF555	-1.649184623250001
ZNF556	0.10865388000000209
ZNF557	-1.8467575530000016
ZNF558	-84.60216930000001
ZNF559	-5.591665500000005
ZNF559-ZNF177	-6.393325269999998
ZNF560	1.2484283569999999
ZNF561-AS1	1.9263541199999992
ZNF562	-7.999504714000011
ZNF563	-0.2397811799999996
ZNF564	0.7176533200000002
ZNF565	20.72226863
ZNF566	-7.681849959999997
ZNF567	-2.908883535000001
ZNF568	-2.4352595836000006
ZNF569	-11.418394524999997
ZNF57	46.85269117
ZNF570	-0.37825627499999825
ZNF571	-41.47966895
ZNF571-AS1	1.3796888799999998
ZNF572	1.3838147500000026
ZNF573	-4.188301829999997
ZNF574	11.977762869999992
ZNF575	5.222762230000001
ZNF576	-13.704198065000007
ZNF577	-2.3530773645
ZNF578	-0.1578025395
ZNF579	-3.248743040000008
ZNF580	21.900000000000006
ZNF581	-10.669019800000001
ZNF582	2.7575645599999987
ZNF582-DT	-1.1863395205000007
ZNF583	-1.4923649945
ZNF584	3.9215712499999995
ZNF585A	-2.8080444747500017
ZNF585B	-5.210202414500003
ZNF586	-10.879564480000003
ZNF587	8.112035479999989
ZNF587B	-2.842444499999999
ZNF589	4.752336052499995
ZNF592	-6.93033577333334
ZNF593	-109.3278894
ZNF594	9.52379607
ZNF594-DT	-0.8995512745000003
ZNF595	0.04701139966667256
ZNF596	-0.0863559580000004
ZNF597	-15.134976709999997
ZNF598	-19.627567835000008
ZNF599	9.38067515525
ZNF600	-7.30180043
ZNF605	-8.524579133000003
ZNF606	-3.3100687250000007
ZNF607	1.9905010599999997
ZNF608	10.371489863500003
ZNF609	-10.970711666666666
ZNF610	1.548231638999999
ZNF611	0.9945595199999957
ZNF613	-0.8600149720000001
ZNF614	-0.2232025946666667
ZNF615	1.6477966100000003
ZNF616	0.8079518819999993
ZNF618	27.40101244333332
ZNF619	3.447526700000001
ZNF620	0.23855852099999986
ZNF621	-34.100763031333315
ZNF622	-112.07373900000002
ZNF623	-8.48421755
ZNF624	-1.0092700319999999
ZNF625	0.053751789999999744
ZNF625-ZNF20	-7.906695460000009
ZNF626	-5.353439626666663
ZNF627	2.8687066300000055
ZNF628	-10.912300289999997
ZNF629	1.535252799999995
ZNF630	0.835580953
ZNF638	-0.8357003860000134
ZNF639	-89.89228238000001
ZNF641	-7.471996862500006
ZNF644	-127.96554447999995
ZNF646	-3.350393710000006
ZNF649	0.23109737100000016
ZNF649-AS1	-1.2840207359999996
ZNF652	-8.1691343775
ZNF653	-0.9151901100000011
ZNF654	-0.3418969841666666
ZNF655	-52.40768388666669
ZNF658	-1.9406722719999987
ZNF660	-1.0834149499999999
ZNF662	-0.5007088
ZNF663P	0.011551870999999991
ZNF664	-126.47738763474996
ZNF664-RFLNA	-0.4801298299999992
ZNF665	3.4970446799999984
ZNF667	-4.0369841799999975
ZNF667-AS1	35.31175730000001
ZNF668	-0.4162970054999988
ZNF669	-27.01016626
ZNF670	-17.59022478
ZNF671	1.9310806800000009
ZNF672	3.5851064820000005
ZNF674	-7.7674868235000005
ZNF674-AS1	0.5416757599999986
ZNF675	7.220631840000003
ZNF677	-5.965462870249997
ZNF678	-2.432326278249999
ZNF680	-24.19348620000001
ZNF681	-12.353684691500007
ZNF682	15.371223046
ZNF683	0.9014187500000013
ZNF684	-3.367034204999996
ZNF687	2.689788519999997
ZNF687-AS1	-4.799765840000003
ZNF688	6.677927403399995
ZNF689	-22.964733599999988
ZNF691	10.042446239999997
ZNF692	28.181008200000008
ZNF695	-1.332744623
ZNF696	-11.982209915000006
ZNF697	-19.324112199999988
ZNF7	-6.144318861000006
ZNF70	2.1273213449999986
ZNF700	-5.405463900000001
ZNF701	0.1281078855000004
ZNF702P	-0.3673950129999999
ZNF703	52.74970513
ZNF704	-9.366229704333335
ZNF705G	0.439560014
ZNF706	93.94290920000003
ZNF708	-12.941366530000003
ZNF709	0.3146013478000018
ZNF71	-1.103509532750003
ZNF710	1.3709158409999986
ZNF711	-90.91684599499999
ZNF713	1.419160368
ZNF717	-0.6977783500000001
ZNF718	-0.8321695434999992
ZNF721	-5.388882305000038
ZNF729	14.527633700000024
ZNF732	0.08740746249999987
ZNF733P	-0.8826495630000002
ZNF736	-0.5246158680000006
ZNF738	132.30444100299997
ZNF74	-0.27548122500000005
ZNF740	-5.2996056576666675
ZNF746	-20.331869470999994
ZNF747	-1.1680394940000056
ZNF749	-0.27471368500000004
ZNF750	0.3246136850000001
ZNF75A	45.44010147966665
ZNF75D	4.743145309333334
ZNF76	-12.553890769999995
ZNF763	0.1742108370000004
ZNF764	26.600817039999995
ZNF765	15.379802639000019
ZNF766	-13.890470359999995
ZNF767P	-5.1548815500000025
ZNF77	-3.5266379299999997
ZNF770	-103.44329102799998
ZNF771	0.4423994062000034
ZNF775	1.017524482199999
ZNF776	-68.70627350000001
ZNF777	-3.2588566875
ZNF778	5.833410430000001
ZNF780A	-15.666866605
ZNF780B	0.1600848964000008
ZNF781	-2.2607495250000014
ZNF782	2.2040120109999997
ZNF783	-7.201817200000001
ZNF784	7.39975102
ZNF785	-0.0981101233333348
ZNF786	-1.1372476999999996
ZNF787	-4.700389399999999
ZNF788P	0.0476383260000004
ZNF789	15.214227566749997
ZNF79	1.148694283333331
ZNF790-AS1	-11.27206271
ZNF791	-35.917027506666656
ZNF792	71.84589969000001
ZNF793	43.25488617
ZNF793-AS1	-4.040860379999998
ZNF8	-66.74644763000002
ZNF80	-0.07763965200000023
ZNF800	-16.002116264999998
ZNF804A	-52.56115837
ZNF804B	-0.10961934800000028
ZNF805	-5.590282333333331
ZNF808	-1.2118518900000002
ZNF81	0.19266760320000031
ZNF813	4.292510699999998
ZNF814	-0.2084174576000013
ZNF815P	-2.9668802199999984
ZNF816	0.08105703499999972
ZNF818P	1.0278148859999998
ZNF821	4.178297506666663
ZNF823	-3.966802219999991
ZNF826P	-1.2100761584999997
ZNF827	47.2571022824
ZNF829	-8.092473401
ZNF83	10.477126339999998
ZNF830	-24.830294589999994
ZNF831	0.22320838650000052
ZNF835	-5.59645901
ZNF836	5.820654138999995
ZNF837	0.9745522079999986
ZNF839	7.259290719999996
ZNF84	24.297461894999998
ZNF84-DT	3.8129862700000015
ZNF843	7.786846799999999
ZNF844	-1.3964921105000005
ZNF85	0.521597461499999
ZNF850	10.400554979999995
ZNF850-DT	1.5536219199999977
ZNF852	0.8473313600000001
ZNF853	-7.809566922000002
ZNF862	-3.2580647050000007
ZNF865	2.3560200149999986
ZNF875	-2.2843138196666715
ZNF876P	0.19304404900000005
ZNF879	-20.782985079999996
ZNF880	1.706033162999999
ZNF883	4.569388549999999
ZNF891	13.26494304
ZNF90	-0.08421625499999941
ZNF91	14.608674073999993
ZNF92	-8.037604611000003
ZNF93	2.7396227602500005
ZNF99	0.4213023009999999
ZNFX1	43.09085440000001
ZNG1A	-67.56700536666676
ZNHIT1	16.17533960000003
ZNHIT2	-8.36010384333333
ZNHIT3	58.761894299999994
ZNHIT6	-281.51965958
ZNRD2	71.77894039999998
ZNRD2-DT	1.1280382429999998
ZNRF1	-15.12511486859998
ZNRF2	-14.11791209
ZNRF2P1	-0.21773956600000055
ZNRF3	62.353128199999986
ZNRF4	3.6112157600000003
ZP1	-1.7972307229999993
ZP2	1.2274875400000003
ZP4	-1.441353555000001
ZPBP	-0.8697700030000002
ZPBP2	-0.19872941900000018
ZPLD1	0.5324409809999997
ZPLD2P	1.4628648749999993
ZPR1	-81.93383930000002
ZPR1P1	-36.72846215599999
ZRANB1	-14.459417333333349
ZRANB2	15.338310482666657
ZRANB2-AS1	-4.9909169800000015
ZRANB3	-2.2135839730000004
ZRSR2	3.657717219999995
ZRSR2P1	-0.3243351739999998
ZSCAN1	-1.7725997379999994
ZSCAN10	1.0006623675000004
ZSCAN12	-4.599360337333334
ZSCAN12P1	-0.32110662999999917
ZSCAN16	17.77652771000001
ZSCAN16-AS1	-0.18813039500000173
ZSCAN18	16.300799263333317
ZSCAN2	10.548555954999998
ZSCAN20	0.3568234656666647
ZSCAN21	-34.27279759999999
ZSCAN22	-1.5639935900000026
ZSCAN23	3.977253964000001
ZSCAN25	-11.550676175000007
ZSCAN26	-0.5951392999999996
ZSCAN29	-65.68561230000002
ZSCAN30	5.365116370599999
ZSCAN31	0.7996523599999996
ZSCAN32	-2.793271930000003
ZSCAN4	0.28655295500000033
ZSCAN5A	4.639926149999997
ZSCAN9	-0.9854030649999928
ZSWIM1	26.12996876999999
ZSWIM2	-0.1787012090000002
ZSWIM3	-14.87403604
ZSWIM4	0.9423266430000004
ZSWIM5	31.86345219
ZSWIM6	-6.66948330999999
ZSWIM7	-44.72656727999998
ZSWIM8	12.93221847000001
ZSWIM8-AS1	9.390973520000003
ZSWIM9	-4.063331760000004
ZUP1	-82.6310263
ZW10	-78.39255580000003
ZWILCH	-142.64159150000006
ZWINT	348.17996129999995
ZXDA	-10.309395688999999
ZXDB	-14.102277689500013
ZXDC	-13.557018943166668
ZYG11A	-5.670337070000002
ZYG11B	41.44585427333334
ZYX	11.728974739999998
ZZEF1	-1.9667593100000076
ZZZ3	-116.71636707999997
