gene	value
ARHGEF10L	-0.33783099999999777
HIF3A	0.030184739130438842
RNF17	0.9335015434782606
RNF10	0.09521215217390555
RNF11	-0.7020711521739127
RNF13	-0.30902406521739323
GTF2IP1	0.8536787826086947
REM1	0.7494401956521717
MTVR2	0.19142982608695647
RTN4RL2	0.09183204347826024
C16orf13	0.22413358695652263
C16orf11	0.22891630434782612
FGFR1OP2	-0.528201630434781
TSKS	0.0036831956521741205
ATRX	-0.12286515217390459
PMM2	-0.11067708695652101
LOC100272146	1.0574707608695637
ASS1	-2.0615408913043325
NCBP1	-0.29621863043478136
ZNF709	0.3749532826086952
ZNF708	0.0033633260869558868
RBM14	0.3440346086956563
NCBP2	0.45731354347826425
DISC1	-0.15019615217391458
CAMK1	-0.02515839130434827
RPL37	0.6410297608695696
SPR	-0.044942739130430454
ZNF700	0.3352228695652233
ZNF707	0.97427613043478
CAMK4	-1.8044595434782615
ZNF704	-0.19840636956521873
LOC339240	-0.7655210652173907
GOLGA6B	-2.0619078043478254
RNF115	0.12415441304347397
RNF112	0.15468958695652102
ZC3H14	-0.45878310869565375
SPN	-0.7418403478260869
HMGCLL1	-2.7520814347826086
NACAP1	0.49679208695652477
LRRTM1	-1.5198026956521737
GRIN1	0.8046819130434781
RBMY1A3P	0.044867391304347824
DHX8	0.10048060869565134
DHX9	0.24714452173912882
LOC441204	-0.16209876086956454
TCOF1	1.1841767391304359
LRRTM3	0.004338021739130449
NUP98	-0.3910792173913027
XPC	-0.16863154347826104
SLC12A2	-0.4001693913043507
GRINA	0.2994678913043476
LRRTM2	-0.4029274347826095
NUP93	0.7293074130434789
HAP1	-0.1942338913043482
KLRA1	0.7870925217391287
CAMKV	0.7600149130434785
SPPL3	0.18159960869564884
GOLIM4	-1.3193313695652158
ZNF646	1.0420755652173943
OPA3	0.4171315652173977
OPA1	-0.35928889130434527
RHEB	0.5949204130434733
RAB40C	0.13354549999999676
RAB40B	0.31161076086957173
RAB40A	0.3129866739130438
COL7A1	2.76650256521739
MDP1	-0.25405180434782526
GTSE1	3.4410995652173866
FAM183A	0.6699968695652182
ARFRP1	0.8550001739130462
OVCH1	-0.10135986956521736
FAM183B	0.17178084782608694
PSAP	-0.09973291304348386
KIAA0831	0.3878563260869523
SPPL2A	-0.2163629130434721
SLC46A1	0.6635499130434805
TGFBR2	-0.6657702173913034
ITGA8	-0.1366341521739134
ITGA9	-2.6012736739130426
STK40	-0.8772697608695665
MYO3B	-0.15400919565217386
ATP2A1	1.2286667826086952
ATP2A2	0.16867541304346823
ATP2A3	-0.040311999999995685
ITGA1	-0.7614332826086958
ITGA2	1.4423209347826136
ITGA3	0.6331503043478204
ITGA4	-0.8403715217391312
ITGA5	0.5703463913043478
ITGA6	1.2164117391304377
ITGA7	1.1967859347826115
TRHR	0.026638586956521736
LOC100132288	0.4155236086956524
DENND4A	-1.1152961521739098
DENND4B	1.201012304347831
DENND4C	-0.5260471304347849
SWAP70	0.48042343478260996
RARRES1	0.4762855652173883
LOC100132287	0.5767958478260855
PHLDA3	0.8685646304347756
PHLDA2	0.5206816739130469
TACO1	-0.26040076086956354
PMM1	-0.05482341304347926
GAP43	1.2739309782608694
NENF	0.7056366739130446
SQLE	1.5133254565217342
MRPL28	0.34710630434783063
LOC100289341	0.3533068913043502
FBXL13	0.45513986956521757
FBXL12	0.18849178260869515
FBXL15	0.29094304347826316
CYP27B1	1.5158195869565212
FBXL17	-0.2664421304347879
FBXL16	0.9609883043478251
FAM169A	0.4317040434782653
FAM116B	1.0916769565217388
FAM116A	0.012585695652177264
FAM169B	-2.7860823478260865
RALGAPA2	-1.1065234130434742
GHDC	0.3085465000000003
H19	-1.5813557173913129
SDK2	-0.3639469130434776
GRP	0.5133441086956521
TPRN	0.45807845652173995
THSD4	-1.066646478260874
KIAA0895L	0.9933842826086927
CHST9	-1.8456825434782633
CHST8	-0.4420979565217391
COL4A5	0.11674949999999829
COL4A4	-1.1344526956521737
COL4A3	-0.7095345217391289
COL4A2	1.6216341739130442
COL4A1	1.7308696521739098
SLC35D2	-0.03054710869565369
CHST1	0.9513480869565205
ZNF879	-0.14015556521739025
CHST3	0.04797150000000272
CHST2	0.4251910652173949
CHST5	0.8582789782608699
CHST4	-5.58086113043478
CHST7	-1.2378377173913115
CHST6	1.2772700000000012
ITGAX	0.4208271956521754
OR8J1	-0.040436
SNORD115-17	0.0
BCL2A1	-1.0174586956521727
GPSM2	1.3640968695652163
HLCS	-0.44168321739130967
NOG	-0.21829869565217375
LIPG	-1.7416803478260885
ITGAV	0.32491139130435265
HIBCH	-1.1288357173913024
ZNF703	0.44412945652173974
ITGAL	-0.10666047826086711
ITGAM	-0.04412993478260585
LOC286359	0.18608152173913045
HLF	-1.8418452826086948
NOV	0.7849636956521717
FAM134C	0.22403917391303985
FAM134B	-4.124613108695653
FAM134A	0.4011625869565165
SERPING1	-1.5132242173912989
SMAD9	-1.1508916956521742
TRERF1	-0.04097858695652512
LOC653501	-0.4348963043478298
LRPAP1	0.23041619565217886
LQK1	1.7496416521739118
SMAD6	-1.151981978260868
SMAD7	-0.6140735869565237
GOLPH3L	0.9174083260869548
SMAD1	-0.8999342173912943
AFTPH	-0.22094865217391657
SMAD3	0.2803948260869529
MUS81	0.5935480869565293
AMMECR1L	0.033234695652174295
IL1RAPL1	0.26066389130434786
TMPRSS11B	-0.012800869565217393
IGF2R	-0.12287063043477531
TMPRSS11D	-0.10811065217391308
TMPRSS11F	0.014607000000000002
ZC3H10	0.5890516304347821
RAD21L1	0.021780434782608694
IL1RAPL2	-2.4091010434782607
SLC36A3	0.05105119565217392
CKS1B	1.216225086956527
SLC36A1	1.0053905217391312
ST13	-0.3560248043478129
RPL31P11	-0.27112599999999976
C14orf115	0.1150391304347826
ZC3H15	-0.11716691304347648
TMEM213	0.09417241304347826
C14orf118	-0.21960943478261363
ARTN	1.2642144347826099
ART1	0.089309
HRH3	0.5156736304347826
ART3	0.08604504347826025
HERC2P2	1.4419692826086905
ART5	-0.9032970869565224
ART4	-1.5167256304347818
RNF111	-0.28387878260870103
TCEA2	-0.22217641304347957
TCEA3	-0.43095017391303436
TCEA1	0.24648976086955976
MGC57346	0.4574652608695642
COX4I2	3.3376356086956545
COX4I1	0.1583219782608669
BFAR	0.1688046521739146
ZC3H18	0.048457913043479905
TMEM212	-0.10542917391304354
SNORD115-13	-0.06902317391304348
TCEB3B	0.3014139565217392
SIPA1	0.44896093478261
CRTAM	-0.49266030434782593
EDA	-0.32936660869565504
OR6P1	0.0
CCDC116	0.6276038260869561
CADPS2	-0.10743899999999762
CCDC114	0.8675422391304339
CCDC115	-0.061659456521736544
CCDC112	1.1712488260869591
CCDC113	-0.34769873913043803
CCDC110	-0.2958545652173905
CCDC111	0.0551092826086963
LEO1	0.1897667173913007
ATP1A4	0.35556680434782606
ATP1A3	0.010446739130432814
ATP1A2	0.6177779347826093
ATP1A1	0.49090530434783197
KGFLP2	-0.905669413043479
MGRN1	-0.2403696739130421
TCP1	0.17391971739130874
CRTAP	0.5173879130434766
CBLC	-0.6829526956521725
SPHK1	1.149450173913051
DPT	-3.923798217391303
BPESC1	0.46747697826086954
CUEDC1	0.9677556086956551
CUEDC2	0.2892994130434836
CBLB	0.1153404782608689
CPEB4	-1.2113338260869586
CPEB1	0.1531188478260871
ZNF45	0.04448693478260779
CPEB3	-2.751391913043478
CPEB2	-0.7170078260869577
BEGAIN	0.09041067391304436
RBMXL3	0.007541847826086956
OSGEP	0.03295941304346783
ABAT	-2.2586946304347855
LOC100129637	1.0635603913043417
ZNF780A	0.341990521739131
ZNF780B	0.20094899999999605
TLN2	-0.535367304347826
FRG1	0.0658354999999986
FRG2	-0.027685108695652168
RHEBL1	1.6295133478260877
ZNF41	-0.3338319999999966
IFT80	0.854082195652178
FBRS	0.45036767391304444
ZNF414	0.6866503260869585
IFT88	-0.532956108695652
IL10RA	-1.010481521739134
POU5F1B	0.6622008695652184
SP1	0.06253415217390668
SLC27A4	-0.2263836956521761
SP2	0.10615400000000008
OLA1	0.5390638260869594
PNOC	-0.5597636304347822
CNTF	0.19400858695652135
MCM10	3.1967302608695634
PDIA5	-0.8097550652173968
SP4	0.08090284782608759
TMEM38B	0.2339086086956499
THUMPD3	0.22092363043478613
IGFBPL1	0.5525598260869571
SP5	1.5229151521739164
ATG4C	-0.2020418478260897
ATG4B	0.4297343043478232
ATG4A	-0.23179993478261096
THUMPD2	0.5293907826086981
LOC441208	-0.10987954347826356
ATG4D	0.37808167391303904
PHOX2A	0.15063804347826087
PHOX2B	0.023577717391304348
SNORD114-31	0.0
SNORD114-30	0.0
LRGUK	0.7404766739130433
MPHOSPH8	-0.5269700869565224
UPK2	0.44942082608695616
CFH	-1.0534045217391306
CFI	-1.8351717391304359
PNP	-0.9905147608695604
ANKFY1	-0.5874075652173918
C1orf14	0.017279347826086956
CFB	-1.169412413043485
OR5P3	0.002734782608695652
OR5P2	0.0026391304347826087
MLLT4	-0.3721520652173904
SNORD115-6	0.0
CREBBP	-0.1726182826086955
PNN	0.07863313043478115
PHYHIPL	0.9369280434782565
ATP6V0E1	0.3366230652173883
ATP6V0E2	-0.1345995869565222
RNF128	-0.7381653478260848
CFP	-4.153701695652172
AAAS	0.4551065434782551
HAMP	-7.493356586956522
ZNF394	0.013665891304345479
SIDT1	-0.16652295652173965
SERPINA10	-1.7356097826086927
SIDT2	-0.2655612608695659
SNORD115-7	0.03989184782608695
TAF8	-0.01555021739131135
PISRT1	0.0
SIX4	2.649895739130435
LOC283070	-0.36311413043478247
SIX6	0.01345108695652174
PM20D1	-0.9668897173913045
MR1	-0.025615369565217705
MGC4473	0.13709782608695648
SIX3	0.3562575
SNORD115-4	0.0
WASH3P	1.1420070217391327
CNPY4	0.4849192608695567
CNPY3	-0.0424555869565193
CNPY2	0.5293050869565228
CNPY1	0.09434100000000001
NODAL	1.0699286521739138
SYNJ1	-0.2280089130434808
KNDC1	-1.75487002173913
HMG20A	-0.15835334782608435
HMG20B	0.31860547826086716
PHOSPHO2	0.5069495652173943
AAGAB	0.43666458695651755
C4orf19	-1.1102711304347732
C3orf79	0.01400271739130435
SLC7A6OS	0.09919771739130834
C3orf77	0.17157293478260865
C3orf75	0.12284676086956736
C3orf74	0.07212406521739127
C4orf10	0.635152847826089
C3orf72	0.33079897826086946
C3orf71	1.11648941304348
C3orf70	0.5773388043478258
ZNF285	0.5870458478260847
MRO	-3.1326502826086973
ZFP82	0.470719130434782
CHFR	0.2573614782608704
EFHA1	-0.2566427173913084
RTBDN	1.6249623260869563
EFHA2	-1.5761725217391254
AAA1	1.2758360869565215
GPR75	-0.8047732391304354
NUDT9P1	-0.6349482173913039
SYPL2	-1.311405282608697
RFX8	1.8498342173913045
ZNF222	0.24024163043478453
RFX4	0.2616412173913044
OR2C3	0.08587234782608702
AVPR2	1.283999086956521
RFX7	0.29587573913043563
NRXN3	0.5181773478260849
GPR77	-0.23401284782608744
NRXN1	-1.867523782608696
RFX3	0.28231834782608667
SNORD104	0.0
RFPL2	-0.21096691304347726
VPS37D	0.6533142826086928
NLRP13	0.0030571739130434775
APC	-0.2288411956521781
TMEM179B	0.1369210869565265
ABCE1	-0.4294338913043507
UQCRC2	-0.6775573043478236
XPNPEP1	0.22146113043478444
XPNPEP2	-1.38042465217391
TIGD4	0.4500376956521732
ZNHIT3	0.5205603913043451
GGCX	-0.6594249565217467
PAPLN	0.7253034782608703
ADNP	0.11140604347826155
TMEM218	0.2069427173913052
STXBP6	1.7878807608695624
KHDRBS1	0.13666256521739228
RUNDC2C	-1.0463276304347828
KHDRBS3	0.18914567391303994
GGCT	0.5532590434782527
VPS37C	0.6140508695652169
STAC2	0.48158180434782555
LOC283404	0.1356820652173913
ZNF395	-0.595583695652179
STAC3	0.1517085000000007
TBL1Y	-0.25645245652173954
LHCGR	0.05675054347826087
TMEM211	-0.1629013043478261
OR1Q1	0.07600652173913043
TMEM127	-0.06024369565217924
GPR78	0.02167010869565217
TRPA1	0.07787773913043528
VPS37B	-0.318391391304349
TTC7A	0.29133165217391266
UQCRHL	0.6853722608695652
ZBED4	0.4980012826086959
C11orf2	0.09931036956521844
C11orf1	-0.8375847608695652
DPYSL5	0.44544482608695657
DPYSL2	-0.42693476086956217
DPYSL3	0.1236296086956532
OSTM1	-0.04870319565216796
RUNX2	-0.5297056086956502
C11orf9	0.9164357173913071
KRTAP10-12	0.003264130434782609
KRTAP10-11	0.0
KRTAP10-10	0.015757065217391307
IGFBP2	-0.6770466086956493
IGFBP3	-2.36338165217391
IGFBP1	-2.2600060434782616
BOP1	1.319923847826086
IGFBP7	-0.08891776086956327
IGFBP4	-1.2194787826086717
IGFBP5	-0.5638346739130444
SKP2	0.281845369565219
TTC4	0.10579419565217307
CYP2R1	0.8143746086956565
CKLF	0.975317043478265
ZNF193	1.008612782608699
C15orf26	0.11494176086956487
C15orf27	1.9177638695652184
C15orf24	0.1990008695652179
GJA3	0.548099739130434
APLNR	-0.9827471739130456
C15orf23	1.1766888043478207
C15orf21	0.6127486739130452
GJA8	0.06915108695652175
CYP8B1	-3.964760999999994
C15orf28	0.6293211956521741
C15orf29	-0.06318619565217354
STMN1	2.1547541956521776
S1PR2	0.002308521739129432
KDM3B	0.3524948260869536
REG1P	0.1771951086956522
STK17A	0.1830492826086889
KDM3A	0.27579206521739863
LOC401387	0.3042867391304347
S1PR1	-0.7449085434782621
ZNF642	0.36480152173913094
TMC4	-0.7039935217391271
MYO3A	-1.196332608695652
TMC6	0.3244096521739106
KIAA1958	-0.5078025217391318
APIP	0.5604245652173834
TMC1	0.2032241956521739
GPR15	-0.5226067391304348
TMC3	0.007977695652173433
PKLR	-0.8328856304347791
TECRL	0.5258712608695651
EIF2B4	0.4378034565217419
EIF2B5	0.2515732173913019
EIF2B2	0.32094230434782745
EIF2B3	-0.08554295652173494
EIF2B1	0.4667846956521693
PRKAR2A	-0.7065710434782604
CSNK2A1P	-0.0429282391304362
XRRA1	0.48265765217391454
C20orf56	-1.7404220434782651
C20orf54	0.5238446086956521
TXNIP	-0.8737132826086835
SLC36A4	-0.3119126956521763
LOC389791	1.8736054782608684
ZNF876P	0.35980976086956495
MLF1	-1.4149759782608706
QPRT	-0.4296468043478239
IFT140	0.5699846956521757
MLF2	-0.4371468913043426
TMEM14C	0.4168923043478294
FAM157A	0.909734565217391
FAM157B	0.026677739130434808
FANCF	0.576221804347826
MECOM	1.2735648260869539
ITGA2B	-0.5332478478260883
RSPH1	-0.07945178260869445
IFI16	-0.5585983695652246
SOX6	-2.1624167391304354
LOC440944	1.3193214999999991
TTC1	0.38260315217390684
C9orf128	0.5450604782608691
C9orf129	-0.8751474130434778
MYT1L	0.1449696304347825
C9orf125	-0.047987021739131386
C9orf122	-0.9745573260869569
CEPT1	-0.5218393043478304
KIAA1267	0.32192623913044116
RTCD1	0.2135055434782558
CFHR2	-1.5630136304347797
CFHR3	-3.184104043478259
CLIC4	-0.46653567391304485
CLIC5	0.47593947826086946
CLIC2	-0.7823501739130432
CLIC3	0.4426808260869568
CFHR4	-2.855095239130433
CFHR5	-1.998675543478262
KRTAP2-2	0.0
KRTAP2-1	0.04097880434782609
CXorf1	-0.07545167391304346
KIAA0020	0.1781150434782628
KRTAP2-4	0.0
TMEM147	0.9274731956521762
ASGR1	-1.0835138043478363
ASGR2	-1.081998608695649
PCDHA1	1.923529543478261
FOXL2	0.20354423913043462
RIT1	0.6096705869565255
TMEM141	0.1286464130434819
FOXL1	1.3317649347826106
SF1	-0.1385773260869545
PCDHA6	-0.47419939130434896
PKIB	0.05247236956521473
TMEM149	-0.6150429130434834
API5	-0.34642576086955934
KRTCAP3	-2.4628933478260855
NUMBL	0.39674789130434895
RTKN2	2.6551442826086955
RNF180	-1.6554097391304374
P2RX7	-0.812335869565211
SECISBP2L	-0.7273821956521775
SBF1P1	0.3642360217391305
LOC100128811	-0.023230304347826088
HAS2	-2.3131494347826074
KIAA1199	2.135098478260868
HLA-DPA1	-0.6164577391304356
ZSWIM3	0.44209680434782594
FAM32A	-0.015774956521735106
KIAA1191	-0.23646452173912635
FER1L6	1.5884595217391306
ALOX12P2	-0.4891343695652157
FER1L4	2.069193195652176
FER1L5	0.8420238043478262
CA5B	0.6241904347826059
ZNF559	0.11075684782609674
VWA1	0.011576413043483669
C19orf22	0.12243208695652719
C19orf23	-0.05732143478260898
C19orf20	0.3737050652173881
C19orf21	0.3458710000000025
C19orf26	0.08929715217391188
ZMAT4	-0.29366269565217396
C19orf24	0.2757201739130455
C19orf25	0.9852554782608713
MYBL1	0.9813882826086937
NR1D1	-0.5660728260869607
C19orf28	0.39954663043478433
C19orf29	0.5579573913043454
ITGB1BP1	1.064278586956524
ITGB1BP3	-0.23603184782608694
ITGB1BP2	1.6754727826086948
ZNF7	0.8509831086956527
ZNF2	0.5210343260869559
ZNF3	0.4424328260869501
CTCFL	-0.0065310869565218255
PHLDA1	-2.7867261739130456
RPL31	0.3180303043478272
ZNF8	0.6815597391304324
PCP4L1	-0.8034945652173899
C11orf17	0.93182139130435
C11orf16	0.19089134782608705
ZAP70	-0.09828897826087335
SNORD115-9	0.0
C11orf10	0.6148974130434777
ZCCHC13	0.0023755434782608696
UFSP2	-0.45698923913043643
OGFR	0.07256847826086776
EPM2AIP1	-0.2977294565217399
CDC5L	0.16317295652174124
RAC2	-0.47940665217391576
RAC3	0.9672071521739136
RAC1	0.26776754347825715
SBDS	-0.3048728478260845
RCL1	-1.9012647391304291
SBK2	-0.020247391304347828
MRPS18A	0.3578466521739152
CPLX2	4.438839913043478
CPLX3	0.5608318043478259
ORC3L	0.22380145652173766
CPLX1	0.6347474782608691
AP2A1	0.22866108695651732
CPLX4	-0.3375268260869566
AP2A2	-0.09369082608695223
LOC389333	-0.37575284782608476
LILRB3	-0.5623290869565167
CADPS	-0.3160041521739132
FIGNL1	1.0448415217391362
KDM4DL	0.06649539130434781
PBX3	-0.2724378478260867
PBX1	-1.121670195652169
AIRE	0.4378593043478263
TMOD2	0.22974947826086378
MFSD11	0.17799702173912735
NSUN2	-0.1297408913043565
NSUN5	1.0416233260869596
NSUN4	-0.09399889130435035
NSUN7	-0.90407445652174
NSUN6	-1.1763215217391298
PRAMEF4	0.807024065217391
PRAMEF5	0.5505002391304348
PRAMEF6	0.7848707608695654
TUBG2	1.0419553043478293
FAM71F1	0.18116423913043464
PRAMEF1	0.12137328260869562
PRAMEF2	-0.12171373913043482
FAM71F2	0.9477682608695663
PTCH2	-0.35331204347826217
OR7G1	0.0
PCDHGA2	-0.6260531086956522
PRAMEF9	0.606929673913043
PRDM9	0.7616422608695651
SGK269	0.21642663043478017
FAM108B1	-0.45720602173913605
TBC1D1	-0.21197036956521487
ZXDA	-0.6029861739130435
PAMR1	-2.8305598913043477
RAD9A	1.165323630434786
ERGIC2	-0.049486456521737665
ERGIC3	0.33747989130434775
CDR2L	-0.06756286956521595
ERGIC1	-0.5674028478260844
CLEC14A	0.4070033043478283
PDF	-0.34417191304348016
B3GAT3	0.6573790434782634
B3GAT2	-0.2042415869565226
B3GAT1	-3.032067391304346
FAM66E	0.017112195652173867
FAM66C	-0.07910723913043505
PER1	-0.8779362391304311
CPPED1	0.12828113043478417
OR10A2	0.012441847826086956
UXT	0.2522330869565206
CALM2	0.06292917391303376
CALM3	0.22682752173912846
SPG21	-0.0006413695652156548
CALM1	-0.4608504782608751
GSDMA	-0.05032019565217505
GSDMB	1.0776025652173882
GSDMC	1.670715195652174
GSDMD	0.6312911739130449
HRH4	-0.13550434782608756
UPK1B	-1.1791373260869564
DLGAP2	-2.7175540434782626
DLGAP3	0.18239832608695483
DLGAP1	0.19569141304347792
DLGAP4	0.6392274347826135
DLGAP5	3.933034826086959
BRDT	0.4572730217391305
HRH2	-0.3029616521739129
MBNL2	-1.6879744999999993
MBNL3	-0.7678536956521747
PLK3	-1.5129002826086966
A1BG	-2.120000695652175
TTC8	-0.3559926739130441
PLK2	-1.0203822826086952
ZNF720	0.23384019565217073
OIP5	2.939884282608693
CLCN3	-0.4262434347826076
CLCN2	1.1043733260869537
CLCN1	1.1007096739130429
HRH1	0.3924757608695639
CLCN7	0.939254304347827
CLCN6	0.11390654347826157
CLCN5	-0.8167213695652187
CLCN4	-0.039396717391301905
FBXL19	1.2436431739130391
BRD8	0.7640042608695712
BRD9	0.7792103478260852
PCDHGA1	0.8423239782608678
FBXL18	2.3556898260869614
BRD4	-0.18794982608695676
BRD7	0.15005980434782984
BRD1	-0.2080084130434745
BRD2	-0.0232444782608745
BRD3	0.19080686956521298
DNAJA2	-0.4425347608695631
DNAJA3	-0.37135506521738293
DNAJA1	-0.5812331739130414
TGFBR3	-1.570771999999998
DNAJA4	0.07848702173913313
GLG1	0.1914139782608668
LOC643387	0.31735073913043266
PTPN12	0.06473563043478059
PTPN11	-0.332766239130434
LOC84931	1.010752152173913
LOC100192379	0.2523076086956521
LOC100192378	-0.48612813043478287
MYCBP	0.3304990652173885
PTPN14	0.5584813478260839
GALR3	0.4561742173913039
GALR2	0.8254806521739128
GALR1	0.20495547826086952
SETD1B	0.19645706521739115
LYAR	0.30291580434782617
PCDH20	-1.1773580217391308
C8orf30A	0.9475072391304309
CH25H	-1.1501650652173918
C16orf74	0.9020044782608725
C16orf75	2.13106502173913
MRPL27	0.3520274999999984
CSF2RA	0.17984236956522004
DMD	-1.6643422173913027
C16orf71	0.41978065217391247
C16orf72	-0.5303441086956493
C16orf73	-0.4076075000000001
GAB4	0.27896739130434783
LRFN4	0.4646180217391276
C16orf78	0.0059065217391304345
C16orf79	1.6978735434782606
GAB1	-0.24181556521738834
C2orf81	0.6840085000000018
C2orf80	-0.002904478260869578
C2orf83	0.03784976086956523
C2orf82	1.4396368695652173
C2orf85	-0.27219310869565216
C2orf84	-0.6426243478260873
HABP2	-1.8600255434782635
C2orf86	0.0881899782608695
C2orf89	0.8348041086956499
C2orf88	-1.2005599130434774
FLJ46361	0.010816847826086957
NDRG3	1.093290434782606
NDRG4	-0.22886726086956166
TBC1D9	-0.3545394130434776
ZSCAN2	1.1221384130434808
PRAP1	-0.6780415652173897
CHD1L	0.5929998913043537
HOXA6	0.5982589130434782
HOXA5	0.1258642826086951
SNORD38A	0.0
DNAJB13	1.182970369565217
DNAJB12	0.017535086956517176
DNAJB11	0.8606131086956488
HOXA4	-0.23465667391304557
HLA-DQB1	-0.18562195652173585
MSMB	0.6409448478260874
UPF0639	0.36711352173913037
DNAJB14	-0.4729765434782598
RNF138	-0.6415087173913054
HOXA3	1.63986245652174
ENOSF1	-0.2871728260869535
HOXA2	0.27383158695652177
CISD2	-0.17024023913043962
CISD3	-0.06106195652174051
CISD1	0.11840467391304266
CLNS1A	0.08762184782608706
HOXA1	-0.3231828478260863
FLJ44635	-0.39136167391304433
R3HDML	0.23818063043478266
TSHZ2	-1.0492610000000004
TSHZ3	-0.682222717391304
EIF4E1B	0.03859428260869565
MRC2	-0.9433786304347818
FOXS1	3.1133982173913033
PABPC1P2	0.19332117391304351
ZNF581	1.3033608043478253
IGLL1	0.21736384782608686
MCOLN1	0.35463736956521075
ZNF582	-0.3491994782608705
TIPARP	-1.064199086956524
ZNF584	-0.30933869565217
ZNF587	0.390376217391303
HAPLN4	-1.255679999999999
ZNF589	0.9627897173913063
U2AF2	0.4761699347826056
THSD1	-0.05212352173913448
SGK494	0.8847976739130425
TMEM115	0.4665090000000056
ZFP161	-0.06946936956521377
RELA	-0.00817623913043164
?|26823	0.22623084782608696
LPAR6	-0.10860010869565606
LSM12	0.2273256086956561
PSD	-0.1040540652173938
UXS1	1.020550695652176
CAMKK2	0.1098243260869598
CAMKK1	0.22530186956521536
P2RX2	0.535707413043478
HOXA9	0.8419635217391311
LOC84856	1.0260615652173906
OR8U1	0.0
LPAR5	-0.8244647173913053
ZP3	1.2408788043478287
LOC441046	-0.8480775000000007
ZP2	0.001771956521739143
TMEM123	-0.6782343913043487
MTRF1L	-0.42958456521739485
MYO1H	0.729489065217391
MYO1G	-0.2407642826086942
MYO1F	-0.9433455000000004
MYO1E	-0.8708735434782646
MYO1D	-0.10337032608696184
MYO1C	0.16257534782608474
MYO1B	-1.447913565217391
MYO1A	2.1524941739130443
GRN	0.6761748478260845
LCN6	0.018874717391304252
LOC100128640	-0.11833863043478487
RPL36AL	-0.11036380434782522
RAET1G	0.3465840869565229
KIAA0391	-0.3282888043478245
CHMP7	-0.32303269565218073
CHMP6	0.39353939130434235
BCR	0.37986265217391413
OR52N4	-0.38474684782608704
OR52N5	0.09019945652173914
OR52N2	0.08434321739130429
CTPS2	0.2549081521739094
NDC80	3.865821826086955
OR52N1	0.12268043478260868
SULT6B1	0.062044565217391295
LY6G6C	-0.22343678260869548
HOXA13	4.13223197826087
LY6G6E	0.006770108695652165
HOXA11	1.3345886086956524
HOXA10	3.3483776956521742
KRTAP19-2	0.0
KRTAP19-3	0.0912288043478261
PPIAL4C	0.6546302173913014
KRTAP19-1	0.0805608695652174
KRTAP19-6	0.0
KRTAP19-7	0.0
KRTAP19-4	0.015373913043478262
FAM188A	-0.828364521739136
FAM160B1	-0.4316459999999953
KRTAP19-8	0.01001141304347826
FAM160B2	0.23531519565217174
RAD54B	1.6340459782608736
GALNTL5	0.011634782608695653
GALNTL4	0.612753739130433
TSSK4	0.3305028260869569
GALNTL6	-0.18538784782608708
GALNTL1	-1.4533370217391326
LSM11	0.9857992608695643
ZNF323	0.5760827826086956
GALNTL2	-0.3024473695652219
SNORD114-3	0.0
SF3B1	0.03956847826087362
TUSC2	0.4891670869565221
SRI	0.1266922173913052
SUN1	0.45181291304348115
SRL	-0.4447146304347829
SRM	0.747254608695652
SRR	-0.2647351739130457
LGALS9	0.16432417391303922
LGALS8	0.07557458695652386
LGALS3	0.7135811739130435
LGALS2	-0.30655995652174006
LGALS1	0.6452894565217395
SRY	0.04576163043478261
LGALS7	0.28893600000000014
LGALS4	0.026095717391303452
NMU	0.3053481086956521
RNF114	-0.0706017608695575
AKIRIN2	-0.3187442391304387
AKIRIN1	-0.9056673260869523
EIF2AK1	0.12123849999999692
ERCC6L	2.766879521739129
EIF2AK3	-0.5167199782608751
EIF2AK2	-0.12580973913043714
TDG	0.1597112608695639
EIF2AK4	-0.4552134782608661
HN1	1.1253144130434816
SMS	0.2672026521739017
NMB	1.9156085434782577
EREG	-1.340687695652174
LOC729467	0.12652521739130432
AVPI1	-1.1652721086956515
MYO16	-1.8719285217391315
FAM136B	0.1706305
TRNT1	0.14801258695652475
ASAP1	0.5707028260869542
ASAP2	0.585260956521739
ASAP3	0.6114060869565243
OCRL	0.7960031086956505
?|441362	0.0
VSIG10L	1.1195666521739076
PLAUR	-0.9979570434782614
XIST	-1.4605164782608684
KRT28	0.12632065217391303
TBX2	0.9379412826086986
LOR	-0.0094698043478261
LRRC26	1.0063666521739134
KIAA1524	2.1512818695652163
LRRC24	0.3857262608695655
KIAA1522	1.5329266086956537
MPDU1	-0.5913443260869578
KIAA1033	-0.39194047826087086
LOX	1.1909753260869556
LPGAT1	0.42451080434782007
LOC284661	0.13625791304347828
SEMA6D	-1.6334080217391262
LRRC29	-0.076418760869565
KIAA1529	1.424323456521738
SH3D20	0.2938112391304353
GCNT4	-0.46702308695652306
GCNT7	0.04405504347826089
PRKX	-0.09724828260869955
C14orf138	-0.037037065217393916
C14orf139	1.017766695652174
GCNT3	1.4307238695652167
GCNT2	-0.9086585652173902
C14orf135	-0.2605295434782633
LOC440957	0.49044330434783134
C14orf132	-0.07214408695652352
ZNF165	0.4438702608695628
LPCAT4	0.7261065434782621
LPCAT2	0.04013032608695255
LPCAT3	-0.44331595652173483
LPCAT1	1.0110185434782668
SPNS1	0.9051077391304378
KRT20	1.5216151304347827
MID1IP1	0.15811136956521388
TAS2R42	0.050161565217391305
PIGA	-0.1489577173913066
PIGB	0.23635084782608118
PIGC	1.0961766739130407
PIGF	0.5276519565217423
CALCRL	0.08817013043478461
PIGH	0.20790019565217044
TBC1D3	0.7789728913043472
MGC70857	-0.1011441304347862
PIGK	-0.29032013043478244
PIGL	0.48838621739130517
PIGM	0.3700573478260889
PIGN	-0.20085913043477355
PIGO	0.1683819347826052
PIGP	-0.2507349565217467
C20orf185	0.004755978260869565
C20orf186	0.9444360434782607
PIGS	0.47446123913043614
ILKAP	0.2545716086956542
PIGU	1.2005646304347852
PIGV	-1.0455030434782628
PIGW	0.03642641304348171
PIGX	0.4222268260869608
PIGY	-0.2804640869565276
PIGZ	0.9579098478260883
KRT25	0.10876739130434783
TMEM80	0.7110146956521763
NDFIP2	-1.1042954347825997
ELAC1	-0.3683024565217412
ANKLE1	0.9799878913043478
OR52R1	0.00975108695652174
OR10A7	-0.016198804347826085
ALPP	0.21374452173913044
RHPN1	1.5719023695652163
INPPL1	0.710286739130435
OLR1	0.264667608695651
RHPN2	-0.5402997173912958
SRRM1	-0.3414973913043493
ITGAD	-1.849861760869564
MGST2	-0.4736941521739091
SRRM2	0.1412840217391409
RAET1L	0.0024671739130434633
SRRM4	0.5159253260869563
ITGAE	0.6950207608695669
PDK1	-0.003559304347829695
SEPX1	-0.510101521739136
PDK3	-0.7571182173913042
PDK2	-0.5295293260869514
EBP	-0.2999061304347741
PDK4	-1.9328590869565243
SUN3	0.30565743478260876
LNPEP	-0.032750347826089765
MYO5C	0.5664842391304399
ALPI	1.7047532173913036
ZNF292	0.02337747826086911
SEC61A1	0.4315146956521847
SEC61A2	-0.44542904347825996
ALPL	-2.7640498260869535
PTGS2	-2.878741565217391
PECR	-0.9183674782608637
DDHD2	-0.16212432608695515
TBC1D5	0.11129380434782732
NAPRT1	-0.07575330434782579
MGST3	0.21681773913043045
ZYG11A	-0.4984196521739124
ORC2L	0.3862700217391257
RAB9BP1	0.014052717391304348
OGFRL1	-0.020045847826086316
PUF60	0.8679235434782484
SV2B	-0.5949636304347834
ZFAND1	0.02165813043478515
MYO5B	-0.2974071304347845
TMEM82	-3.1971336956521696
PECI	-0.5209837173912995
OR11G2	0.015946195652173912
PPID	-0.319095173913043
PLVAP	3.1105693913043453
SLC39A13	0.8913749347826148
SLC39A10	0.9910785434782623
SLC39A11	-0.25858889130434903
LOC96610	-1.1242633695652202
SLC39A14	-2.0205064565217388
SCN2B	-0.1932899130434782
CEP120	-0.305720086956514
MTMR10	-0.3434809347826082
EIF1AX	-0.36020945652174063
EIF1AY	0.8132427826086959
NTRK2	-1.7825405869565212
NTRK3	-1.1569097173913039
ARHGAP23	-0.06482215217390763
ARHGAP22	1.5629995869565216
ARHGAP21	-0.23195330434782235
ARHGAP20	-2.025099065217393
ARHGAP27	0.2867572391304325
ARHGAP26	0.011182652173916452
ARHGAP25	-0.553681869565211
ARHGAP24	-0.8130456086956528
NARFL	0.4303284565217407
ARHGAP29	-0.5732363043478248
ARHGAP28	0.9357515434782635
NFKBIL2	2.2122698043478284
LOC150197	1.70665993478261
PCGF1	0.7275774565217352
SYDE1	0.08678541304347931
DDIT3	0.8771878043478267
DDIT4	0.10336606521738823
NFKBIL1	0.9456921956521658
SLCO4C1	-3.606248999999999
RXFP3	0.1452086956521739
COL19A1	-0.6679759347826086
NKRF	-0.06432565217391684
PCGF2	0.9934655434782673
TMEM84	0.37795354347826016
SMAD2	0.33705108695652086
MYSM1	-0.00037513043478387686
ATG2A	-0.8182224782608625
LOC162632	0.16532136956521803
ATG2B	-0.6395761739130386
PPPDE1	0.5862738043478206
PPPDE2	-0.35040558695652635
BMP7	1.0021234565217396
C1orf38	-1.2392089782608702
BMP5	-3.8186121521739125
BMP4	0.9910792173913023
BMP3	-0.09169491304347843
BMP2	-0.18734321739130344
BMP1	-0.3250947608695647
GPR4	0.38607647826086566
C1orf31	1.2337816086956561
RLIM	-0.3753481956521725
OR5R1	0.0
PCGF6	-0.21548580434783027
C1orf35	1.4355855217391307
SSFA2	-1.0147465000000029
FEM1C	-0.5083726739130405
TERF2	0.008906521739127982
TERF1	0.20012156521739222
ASF1B	2.922391760869563
LOC344595	-0.08221765217391264
GOLGA8E	0.05885978260869565
NDUFAF1	-0.49332649999999845
GOLGA8G	0.18527926086956514
FEM1A	-0.05281343478261036
GOLGA8A	1.762547652173918
GOLGA8C	0.7040340869565218
GOLGA8B	1.7435304565217349
MARCH11	0.13156249999999997
MARCH10	0.19243441304347816
LOC100125556	1.2262052173913052
CT45A1	0.6591060652173912
PTOV1	0.47550202173913014
CT45A3	0.3587771739130434
CT45A2	0.21722608695652174
CT45A5	0.434489260869565
CT45A4	0.13749130434782608
RASSF7	0.6258059347826155
CT45A6	0.13943695652173912
LPPR5	0.1716695652173913
LPPR4	1.64290584782609
LPPR3	0.576585760869565
LPPR2	1.2315617608695621
HBII-52-27	0.0
PMS2L4	1.1900596739130433
SPRY2	-1.7592840869565194
RSAD2	-0.899866891304347
RSAD1	0.21249065217391916
ATP5C1	0.14499841304348138
NFS1	-0.29493010869565417
CHD3	0.9864141304347882
CHD2	-0.1589360434782634
CHD5	0.19805863043478233
CHD4	0.277907413043474
CHD7	0.30857641304347716
CHD6	-0.1952259565217389
CHD9	-0.6426898695652206
CHD8	0.34576789130434804
SGCA	-1.8655423913043463
LOC121838	-0.01101634782608718
CAP1	-0.011434304347821111
CAP2	2.161407413043473
LOC283050	1.0928748695652186
NPC2	0.42651497826086704
NPC1	0.6285423695652153
SKIV2L	0.5056761956521783
SNORD11	0.0
TNFSF12-TNFSF13	-0.1735313695652172
C3orf59	-0.640298608695649
C3orf58	-0.7825332391304407
PRKCB	-1.61906480434783
RAB3GAP2	0.30696191304347664
IL4R	-0.9668973043478264
BHLHA15	0.39500702173913016
PIKFYVE	-0.47081439130434966
C3orf51	-0.032008499999999995
C3orf50	0.9950546521739126
C3orf52	-0.7393121086956502
C3orf55	0.6417734565217392
C3orf54	1.5750798695652177
C3orf57	0.09204923913043395
CAPS	0.8435564347826077
DYNC1LI1	0.09353293478260838
DYNC1LI2	-0.07591186956521767
TRPC1	0.5063988913043458
EFHC2	0.6414080652173908
EFHC1	1.0712426521739102
CAPG	1.4856009130434824
TPRKB	0.7039462826086922
ETHE1	-0.7122578913043487
PRDM16	0.14369852173913156
ABCG1	0.29480521739130694
ABCG2	-1.7155740000000037
PLSCR5	0.1111032608695652
ABCG4	-0.8728263913043484
ABCG5	-1.2830918043478299
PRDM10	0.26781028260869544
PLSCR1	-1.0718320434782598
ABCG8	-1.4802084347826039
MPO	-1.2157215652173918
HNF4G	-0.591708543478255
AVP	0.19056645652173915
ELP2	-0.39270973913043683
PRKCZ	-0.5103548913043472
SPC25	3.8326750217391305
TARS2	0.050313478260868294
POLRMT	0.527178760869564
MS4A6E	-0.1410611956521739
MPZ	1.3176425000000007
SRBD1	-0.25177430434782444
SGSM2	0.8603170652173961
MCPH1	-0.4979511739130418
GRPEL1	-0.6706844999999948
GRPEL2	0.6609652173913014
PLRG1	-0.036084695652171206
SGSM1	0.3239864782608679
SF3B14	0.28662739130434467
SLC36A2	0.18485982608695656
KRIT1	-0.05637945652173393
LRRC27	0.32063299999999906
ASPHD1	1.383968695652173
TRPC7	0.07878532608695651
GADL1	0.3139255434782609
KRTAP5-10	0.6623763478260871
HLX	-0.4430176304347828
QRSL1	0.09147330434783107
VOPP1	0.5176864130434726
FCER1G	-0.9243306304347811
AKR1B10	2.973832826086949
BTG3	0.5861745434782613
BTG2	-0.3730549130434735
AKR1B15	1.9335545869565207
FAHD1	-0.1945648043478183
ZNF592	0.09756473913043351
SLA2	-0.3116814130434795
SNORA67	0.19142436956521758
C4orf36	-0.19147804347826036
C4orf37	-0.21262091304347835
C4orf34	-1.2493801739130461
C4orf35	-0.0014975217391304287
C4orf32	-0.5706655434782544
C4orf33	-0.8931000652173928
C4orf31	-1.422629282608695
SRD5A3	0.25276832608696154
SRD5A2	-4.028793282608694
SRD5A1	-1.6548696739130424
ZFP1	-1.6370099782608714
C4orf38	-0.145843913043477
C4orf39	0.16643397826086948
HELLS	2.4802471086956546
ZCCHC3	0.23241528260869337
FAM49A	-0.6563414565217389
FAM49B	0.6806947391304412
PDILT	-0.2216156521739131
SNORD12	0.0
SLC6A20	-1.2366954130434784
ZFP36L2	-0.585492065217391
GGA1	0.5966332826086926
C10orf99	-0.31671102173913035
GGA3	0.7663507826087024
GGA2	0.45132180434782754
C15orf48	1.1077545869565215
ZNF510	-0.16185282608695406
C10orf90	-0.6976340434782609
C10orf91	0.6727768260869562
C10orf93	-0.7248115869565215
C15orf40	0.611950695652177
C15orf41	0.9440033695652241
C10orf96	0.028625
C15orf43	-2.4579063913043484
SLC12A6	-0.10025636956522277
FHOD1	0.6843064347826093
FHOD3	-0.6773478695652155
ADH7	-1.2703417608695653
ADH6	-2.3188513913043494
ADH5	-0.45804850000000386
ADH4	-4.630603717391303
C4orf6	0.553483434782609
C4orf7	1.3750513913043476
PKD1	1.0435573478260842
NRL	-0.0044818695652217855
GJC2	0.08735026086956532
C4orf3	-0.7190219130434752
GJC1	2.18784760869565
ZNF138	0.4978102173913035
PFKFB1	-1.8376756956521687
PRKACG	-0.0015416521739130828
SPRYD3	0.45614491304347204
PRKACA	-0.28219213043478675
ERICH1	-0.1987342173913058
NUAK2	-0.1499921304347822
PRKACB	-0.5202808913043508
PSMB7	0.07610756521738438
PSMB6	-0.07823930434782156
PSMB5	0.48110021739129927
C14orf119	0.2615816956521755
PSMB3	0.424360760869563
PSMB2	0.07281165217392171
PSMB1	-0.02441341304347766
LOC100128842	0.7830851956521769
C20orf79	0.0
TNFSF10	-0.5093667391304297
PFKFB2	0.8572168043478259
LMBR1L	0.158200369565213
HDHD3	0.30600304347826146
HDHD2	-0.5431033478260812
C20orf71	0.0
C20orf70	0.9548646739130441
LRRC23	0.2091435434782607
C20orf72	0.6251298043478251
PFKFB4	1.179332891304349
PNMA1	0.8386109565217392
PPAPDC1A	-2.655867891304349
TDGF1	0.7609786521739128
KLK1	0.414263456521739
TDGF3	0.8938974347826112
LOH3CR2A	0.6186845217391315
LOC339788	0.34031293478260854
RMI1	0.44806382608695294
CORO6	1.1305766521739145
CORO7	0.3855271739130437
SNORD21	0.0
SNORD20	0.0
SNORD23	0.0
KLHDC5	0.14700458695651797
SNORD25	0.0
KCNK9	2.507074304347826
SFRS9	0.2340003913043489
LOC285456	-0.9303775652173916
KCNK4	0.6235292391304348
KCNK5	-1.3207032826087044
BDNFOS	-0.2576255000000005
KCNK7	0.6004338695652158
FAM155B	1.4367772391304383
CRY1	-0.353344608695652
CRY2	-0.17786123913043284
FAM155A	0.16940504347826124
C9orf144	0.04578204347826088
SULT2A1	-2.396686152173917
C9orf140	2.0276695
C9orf142	0.46219843478261247
GLTP	0.2589133043478249
NACC2	0.09885356521738853
ACOT11	-0.3484982173913047
ACOT12	-2.371466652173911
ACOT13	-0.47553852173913036
VPS13A	-0.3415686521739172
LOC100128788	0.608595913043477
VPS13C	-0.42008869565217566
VPS13B	0.4150287173913014
BEX5	-0.47579252173912945
BEX4	-0.30133323913043064
BEX2	0.8331349565217367
BEX1	-2.3227718913043502
UBAP2	0.5769772826086932
TXLNG	-0.6154147826086982
NUP160	0.02435373913043648
ELTD1	-0.17529821739130824
N4BP3	2.045663913043479
CRYM	-0.21925228260869645
TMEM163	0.5973852173913059
TMEM165	0.5284016956521729
SULT1A3	0.6418902173913033
ME2	-0.0390597173913072
EVI2A	-0.486905260869567
SERPINA5	-1.2290648913043505
EVI2B	-1.1318568478260858
FOXN1	0.04326256521739125
FOXN2	-0.14443123913044076
FOXN3	-0.48515917391304875
SUGT1P1	0.34319947826086894
FAM27A	0.014399065217389317
NICN1	0.09928313043478632
WDR1	0.07411106521739441
UGT1A5	-2.307767717391303
COL14A1	-1.6682176739130483
ZNF799	0.15108054347826005
GRIN2B	-0.30416915217391316
GRIN2C	1.0962546304347804
GNA14	-2.485961086956528
GNA15	-0.32925236956521875
GNA12	0.6088427391304343
GNA13	-0.45599017391304564
GRIN2D	0.7886757391304364
GNA11	-0.5638576739130503
NOL9	-0.16563630434782617
PRKAR1A	-0.29173800000000405
IFFO1	0.7522003913043491
ZFP64	0.6217113478260883
IFFO2	0.3632368695652177
PRKAR1B	-0.48380134782608497
MFGE8	1.308946782608687
SH2B1	0.7228821956521791
KLK5	-0.1363678043478261
IL6ST	-2.415232804347827
SBF1	1.296743804347832
SBF2	-0.25018865217391273
SERPINA7	-1.9581315434782596
PCNT	0.24072695652173515
SAR1A	-0.18493730434782485
DBN1	1.5402564347826093
SAR1B	-0.6828494130434848
TPPP	-0.6334529999999976
ADD2	0.03544169565217414
SNORD127	0.0
OGDH	0.11135019565216986
SIN3A	-0.24235221739130708
ADD1	0.09573558695652018
CDC73	0.017803956521740716
C11orf35	-0.19755391304347736
C11orf34	0.15449884782608697
C11orf36	0.014140217391304347
C11orf31	0.25921952173912466
C11orf30	-0.16439323913044035
R3HDM1	0.6694739782608714
OLIG3	0.36073260869565216
SEMG1	-0.12269163043478262
UPP1	-0.01634156521738994
SEMG2	0.01782663043478261
LOC284276	-0.288740282608696
ZNF418	0.23366080434782432
EN2	0.9738385434782604
LOC100134713	0.7827552608695694
LMBRD2	-0.6367148695652141
ANKRD20B	0.6459816956521742
OLIG1	-0.21167352173913057
ZFP62	1.1012837391304355
RPL13AP20	0.5653446304347813
DAZL	-0.026314413043478313
DAZ3	0.025451434782608688
DAZ2	0.03494706521739131
DAZ1	-0.5585756086956521
TAS2R19	0.319330195652174
DAZ4	0.011116304347826086
SRFBP1	0.008143434782606818
TAS2R16	0.0
TAS2R10	0.5562758478260867
BCAT2	1.8014377391304288
BCAT1	1.3158897391304363
LOC283267	0.4797041739130439
NEUROG3	0.11266163043478263
MACROD2	-0.049266630434781966
MACROD1	-0.8637166739130429
NEUROG2	0.06861467391304348
MYH7B	0.10287232608695618
GBA2	0.5594243913043506
AKAP4	-0.032917847826086956
AKAP5	0.4241999782608685
AKAP6	-1.060204673913045
AKAP7	-0.8809710869565262
DBNL	0.4730089565217348
AKAP1	-0.12687700000000568
AKAP2	-2.197355847826082
AKAP3	-1.738018130434785
ORC1L	3.2461769347826097
C1orf135	0.7560363913043484
PIPOX	-1.607505217391303
AKAP8	0.3369498478260855
AKAP9	-0.8919194782608706
EIF2A	0.15855350000000712
ZNF416	0.38670132608695873
PPIP5K1	0.5914403260869552
CYP26A1	-5.507147304347828
CCDC117	0.11641330434782837
PSTK	0.19108569565217515
SNORD124	0.0
WSCD1	0.8692758478260929
TUBE1	-2.100504978260874
PHPT1	1.2079106521739131
SMC1A	0.04346984782608665
RLF	-0.6022873260869517
NFU1	0.17053154347826371
TMEM170B	-0.3826973478260829
RRP1B	0.12004550000000158
NOVA2	1.1627536521739144
NOVA1	-0.08112002173912991
LOC255167	-3.866209130434779
KLHL34	0.7585898913043465
HSP90B1	0.25059371739130043
MCF2L	0.6542092608695596
SMC1B	1.917796130434783
KRR1	-0.3476986956521717
TMEM132E	-2.1194907391304327
FAM64A	2.3671235434782623
TMEM132A	2.0981418478260867
LOC100130015	0.1737719130434714
PEG10	1.1082590217391335
SPATA16	0.14184673913043475
OVGP1	-0.5485981086956491
STRN	-0.8689258260869535
TAS1R3	-0.654605260869566
TTTY17A	0.0
CETN3	0.2980818043478273
CETN2	0.6316723478260915
CETN1	0.23082445652173914
CCL28	0.3561154347826081
SNORD115-5	0.0
FAM92A1	-0.5702912173913006
DIO1	-1.576710195652181
DIO2	1.4098274130434771
DIO3	-1.0855992173913043
CCL21	-2.229918913043483
CCL20	1.6633841521739212
CCL23	-3.9272605652173906
CCL22	-1.0325825652173912
CCL25	2.6875016739130437
CCL24	-0.2928199130434781
CCL27	-0.03245786956521729
CCL26	1.5458957391304353
ALPK1	-0.36505534782608784
SLC23A1	-0.8118229347826098
ALPK3	1.3320485652173932
ALPK2	-1.1258176956521702
TRIOBP	0.6261428478260864
C8orf48	-0.5327353260869563
C8orf47	0.6320661086956516
C8orf46	0.019010434782609664
C8orf45	0.9707747826086974
C8orf44	1.215323478260868
PHRF1	-0.02327184782608782
C8orf42	-0.9644689999999994
C8orf41	-0.3425462173913001
C8orf40	-0.8337320434782605
CDC45	3.88378856521739
CUX2	-1.8154413260869564
SNORA14A	0.005083369565217391
FAM70A	0.40885047826086973
SNORD80	0.0
FAM70B	-0.35747528260869377
BRF2	0.4697828260869539
UBE2L6	-0.8391320869565231
BRF1	0.289573869565217
FSIP1	-0.014378304347828497
DNAJC8	0.21335239130434935
DNAJC9	0.9479758478260862
MB	0.0484718260869581
DNAJC4	-0.09672534782608899
DNAJC5	0.8489690652173945
DNAJC6	2.212404565217395
DNAJC7	0.3244859782608618
DNAJC1	-0.006325326086951577
DNAJC2	0.42953676086955994
DNAJC3	-0.33557469565217346
CYP4F12	-1.5299015869565196
ZNF701	0.15062832608695764
NTRK1	-0.027911021739130515
GOSR2	0.4071723478260889
SLC18A2	-1.2227094347826082
PTPRVP	1.01283847826087
GOSR1	-0.21613843478260186
SLCO6A1	0.8716750652173915
RRP15	0.506799108695656
CCDC97	0.912928173913043
RALBP1	0.15660502173912505
NRN1	-0.47523313043478677
TMEM179	-0.0981957173913044
MAP3K6	0.2611584782608709
TRIM49	0.009725478260869558
SSB	0.3600708695652166
RAP1B	-0.3178398260869475
RAP1A	-0.3805534130434829
PPP1R8	0.020222130434779828
ZNF831	-0.9676018043478258
TRIM46	1.4145205434782586
ZNF833	0.33090750000000035
SNORA68	0.010709826086956517
MAP3K4	0.07544536956522307
ZNF837	0.081627608695654
TRIM47	0.6356064130434742
NCRNA00219	0.520547217391309
SNORA65	0.02446884782608695
SNORA66	0.00731304347826087
SLC23A2	-0.6658047608695625
LOC643677	-0.38605769565217374
SNORA61	0.14535326086956518
SNORA62	0.022770543478260893
IPO11	0.19868647826086772
MTNR1A	-0.01631139130434789
ZNF410	-0.2826586086956482
FAM91A1	-0.023638586956522545
MTCP1NB	-0.3956495869565213
HPYR1	0.0003685869565217374
TPSG1	0.22095717391304293
TRIM43	0.053304891304347825
ATOH7	-0.7423857608695656
ACAT1	-1.7621134782608667
ACAT2	-0.8663164782608721
ZNF573	0.013801739130436808
ATOH1	0.14439510869565217
RNF152	-2.1373116521739126
CD200R1	-1.6052346304347824
LIMD1	0.2715507391304399
RNF151	0.24342347826086957
RNF157	1.9962614347826086
ATOH8	-2.6071091086956484
PMEPA1	0.12784271739130304
PEX1	-0.4187851086956478
TMEM177	-0.16928356521738763
MARVELD3	0.03477404347826063
CTF1	-1.327340413043478
MECP2	0.3913251304347849
PEX3	-1.1170690000000043
PCDHGA5	0.02544628260869608
LDLR	-1.7235928913043423
PEX2	0.3740622391304331
IFITM4P	0.4120006521739132
TRPV4	-2.503440717391306
RARRES2	-0.4737015434782528
TRIM8	0.04753463043478057
TSPY3	0.6078516304347825
LOC643719	0.2584217608695649
TSPY1	0.4319260869565217
OR8S1	0.009067934782608695
IL2RA	0.14138967391304513
IL2RB	-1.5975838043478277
TRPV6	-3.487689000000001
RAB33A	0.12679195652173592
PEX7	-0.3352953260869498
TAS2R8	0.03529619565217391
IL2RG	0.14916404347826173
CP110	-0.3776851956521785
NUP210	0.9409906956521716
SLC17A6	0.05916358695652174
SLC17A7	-0.047195826086956494
SLC17A1	-1.6201122391304397
SLC17A2	-1.9140012608695685
SLC17A3	-1.4587265217391279
MDH1B	0.1221816521739123
C16orf58	-0.2830022391304343
C16orf59	3.4075156304347796
SETDB2	0.09965491304347562
RARRES3	-0.9059495869565168
C16orf52	-0.6080477826086916
CDK5RAP3	0.8017930217391278
CDK5RAP1	0.5699001086956539
C16orf57	-0.0672734347826136
C16orf54	-0.8978846304347821
C16orf55	0.6128479565217395
NUDT16L1	0.26562756521738784
KIAA0319L	-0.013873065217394398
MYF5	0.005203260869565218
ITCH	-0.7746093478260878
ZNF207	0.47000786956522234
CCDC144B	-0.2660359782608692
CCDC144C	0.30743639130434786
CHMP4B	0.29771652173912777
CCDC144A	-0.32339691304347795
BAX	1.0346627826087005
TSPY2	0.7127358043478262
BAD	0.263525804347827
IARS	0.4836781304347877
BHMT2	-1.3646898695652183
PRKCDBP	1.3064537826086964
COBLL1	-1.6252976304347921
SLC37A2	-0.657535065217389
OR52L1	0.03180578260869565
CDK18	0.04542391304348037
CDK19	0.21344906521739127
GFI1B	-0.6214928913043478
MYOD1	0.11019184782608696
PMPCA	-0.7618151086956502
TOB2	0.21939902173912884
CDK12	-0.00425034782608158
CDK13	-0.07320456521738805
CDK10	0.06723336956521386
SRRT	0.3172728913043432
CDK16	0.8841525652173878
CDK17	-0.4959116956521754
CDK14	0.025540043478263996
CDK15	-0.0421334130434782
GPR126	-1.9741253913043462
LOC283856	-1.7908995869565212
GPR124	-0.14992780434783448
GPR125	-1.4591048260869588
GZF1	-0.056485434782604926
GPR123	-2.831976543478262
GPR120	0.6279502391304341
SNORA74A	0.09297223913043476
ATP6V1B1	1.236036760869565
ATP6V1B2	-0.513025065217386
AASDH	-0.5119724565217423
PIP5KL1	0.6948788695652164
GPR128	-3.9852721956521764
LOC723972	0.20233654347826002
MTA3	0.9045489999999994
SNORD56B	0.0
VIPAR	0.152992978260869
STL	0.32294749999999994
KCNAB1	-0.5539913260869609
ZNF304	0.09245206521739657
BFSP2	1.3634527608695644
ZNF302	0.4179822826086905
BFSP1	1.4133227391304355
P2RY8	0.7947536956521706
TP53TG5	-0.007929065217391326
KCNAB3	0.17276984782608684
STS	-0.8634733695652148
MMP25	-0.45401039130435006
MMP24	0.40636602173912983
MMP27	0.09620869565217388
KCNAB2	-0.2733331086956543
MMP21	0.3677329130434785
MMP20	0.14027171739130437
MTERFD1	0.5945800652173929
HOXB13	1.5922709130434778
ZC3H13	-0.8444260869565223
RPL15	0.2461537826086868
TFG	0.3441364347826159
HVCN1	-0.22346547826086915
FBXO17	0.07891476086956928
TOMM34	0.31079367391303414
PIH1D1	0.43800450000000524
RND1	-1.3425048695652162
RND2	-2.0422245869565234
RND3	-2.9875281304347805
NCL	0.13267378260869833
SPATA24	0.7358203043478282
CTNNBIP1	0.2552338043478226
PPP3CA	-0.6037981739130416
PPP3CB	0.04197776086956573
PPP3CC	-0.3599179782608708
SNORD78	0.0
ZNF821	1.0040249782608708
LIF	-0.6865133260869571
KIAA1549	0.6972596521739121
KIAA1012	-0.8605718913043496
?|100133144	0.5655885434782615
NCF1	-0.7895259130434784
KIAA1543	-0.10968717391304672
LRRC41	-0.04327354347826606
LRRC40	-0.9125652608695631
LRRC43	-0.39450680434782615
LRRC42	0.4439348695652221
LRRC45	0.9219212608695653
MMP23B	-0.4998583043478231
LRRC47	-0.29525078260869897
HDAC10	0.34501923913043164
LRRC49	0.038481521739127444
LRRC48	-0.047449217391305254
GPATCH4	0.7213192173913079
PRR21	0.0
B3GNT4	1.127093413043477
B3GNT5	0.635183369565218
B3GNT6	-0.04972884782608694
B3GNT7	-1.2573856956521716
FNDC8	0.8365314347826089
B3GNT1	0.3922863478260883
B3GNT2	-0.4683856086956464
B3GNT3	0.4922239565217419
FNDC4	-1.5056367173913134
FNDC5	-2.1628921521739173
FNDC7	-0.07451771739130442
B3GNT8	-0.09420119565217444
B3GNT9	-0.28497345652173856
ADRA2B	-2.2009266739130444
ADRA2C	1.7492845
MRPL46	-0.640267999999999
SEC63	-0.32829178260869263
PWWP2B	0.7381113260869538
PWWP2A	0.24349715217391754
FGFR1	-1.0006701304347807
STAT4	-0.6000793913043463
PCYT1A	-0.16750739130434944
PBRM1	-0.33609136956521546
DAAM1	-1.0616502173913052
DAAM2	-0.793153521739133
HLA-DRB1	-0.40274473913042996
HLA-DRB6	-0.7534764347826091
XAF1	-0.7449323043478309
PWP2	-0.021299173913043035
HLA-DRB5	-0.4256432826086929
CCDC152	-0.9264390869565169
CCDC153	0.5325150434782597
CCDC150	0.23981506521739338
CCDC151	-0.45736610869565153
GUK1	0.535641304347827
CCDC157	0.5369991739130446
CCDC154	1.4504492173913033
CCDC155	1.256850499999999
CCDC158	-1.4334468478260871
CCDC159	0.5875984130434784
SNX21	0.4445969782608694
H1FNT	0.5955163695652177
TMCO5A	-0.035082391304347815
SYT8	1.1156041521739146
SYT9	-5.511000695652172
LRRC4C	-2.3730418913043483
LRRC4B	0.44678217391304464
MTCH2	-0.3803320869565301
FN1	-0.5225424130434817
ATP5J	-0.3506323695652238
SYT1	-0.6406987391304311
SYT2	1.1381171086956543
OR6T1	0.008407065217391305
SYT4	-0.6310911521739129
SYT5	0.7287416739130431
SYT6	0.34106304347826044
SYT7	-1.9763133695652204
SYK	-0.5377024130434789
MYCNOS	0.6665833260869561
RHO	0.9208919565217393
PRAMEF17	0.03220326086956522
OBFC2B	1.084647499999999
KAZ	-2.345384782608691
OBFC2A	-0.31533295652174065
MEP1A	2.8285726521739125
MEP1B	-3.333650065217392
TASP1	0.17999352173912708
TG	0.5807363913043462
SNORD113-7	0.0
KISS1R	1.2869313695652176
PER3	-0.9331564347826049
FUBP3	-0.4102724782608629
ATP5L	0.19949997826086197
LOC100133331	0.238530695652174
COLQ	0.6746816739130423
SLC9A3R2	-0.7068670869565228
SCHIP1	-0.5574159565217407
SPZ1	0.06870869565217391
FLJ16779	0.38618576086956513
FAM189A2	0.2559902391304343
FAM189A1	-0.20960369565217452
ZFYVE19	0.4887728260869597
MARCO	-7.642768173913039
SAP30	0.6587388260869522
TRIM5	-0.35203623913043103
HFE	-0.2786242391304379
TCP11L2	-0.7983021521739113
NES	1.2436875217391243
CNTROB	0.37755847826086786
PALMD	-0.4124287826086981
HSFX1	0.0
SNORD96A	0.0
ANGPT2	1.2569710869565247
ANGPT1	0.3463379999999985
ANGPT4	-0.13488723913043477
TRIM4	-0.09619660869565472
LOC100130274	0.07438097826086956
PRSS22	-2.3816708260869577
MRPL45	0.11960030434783064
PALM2	-2.3084243260869526
OXT	-3.398160456521739
DUPD1	0.04081521739130435
ZFPM2	-2.0615838043478316
SEPT10	-0.7100866956521763
C1orf53	-0.07049289130434833
C1orf52	0.14580017391304345
C1orf51	1.4021231086956556
C1orf50	-0.43551758695652154
C1orf57	0.6609955434782666
C1orf56	0.46058319565217154
C1orf55	-0.30827747826086593
C1orf54	-0.09849673913043144
MPZL2	-0.11827130434781985
C1orf59	0.0382864565217389
C1orf58	0.001573934782608255
SSTR5	1.4302471956521738
LOC647979	-0.08369908695652128
LOC151300	0.026793478260869568
ICMT	-0.10051458695652116
TRIM7	1.8364969347826086
NIPA1	0.09706715217391526
TBK1	-0.2062348260869502
LAG3	-0.9799853260869549
RGP1	-0.11251776086956422
FCF1	-0.21992341304347995
MPZL1	0.7649920869565303
ATP6V0A4	0.1313402608695649
ATP6V0A1	0.28586932608695115
ATP6V0A2	-0.092953869565223
GPR98	-1.2907254782608701
GPR97	-0.43274969565217614
SLC22A15	1.2315308478260851
?|90288	0.2639041086956526
GUCA1A	0.22774999999999998
GUCA1C	0.03086195652173913
GUCA1B	0.20328328260869633
KRT75	-0.028934021739130455
KRT74	-0.01924478260869565
KRT77	0.09007173913043479
KRT76	-0.01512121739130435
KRT71	-0.05361167391304346
C17orf108	-0.07400191304348169
KRT72	-0.042886130434782566
C17orf106	0.11086195652173814
C17orf107	-0.360795065217391
C17orf104	-0.08037793478260769
C17orf105	0.02662491304347826
C17orf102	-0.18669689130434786
C17orf103	0.21245150000000557
C17orf100	-0.6021055869565215
C17orf101	0.24816852173912984
UNC13A	1.742243217391304
SMPD4	0.6571019782608687
ATR	0.28033563043478793
ADAM33	0.7063034130434787
ACOXL	0.3413884565217389
SMPD2	0.66595391304348
BRIP1	1.0817799130434764
PDE11A	-2.187863173913044
ITGBL1	-0.4095472391304371
ZDHHC3	0.060630652173903954
ZNF571	0.10141371739130634
NKX6-3	0.07811739130434782
ATP5A1	-0.31787736956520796
HFE2	-0.9513110869565189
SASH3	-0.5100076304347825
RAB30	-0.8007658695652182
TTC28	-0.33531106521739673
AAMP	-0.09782334782608615
LRRFIP1	-0.6122419347826096
TTC24	0.24059241304347823
TTC25	-0.19576884782608772
TTC26	0.4594412608695686
DOT1L	0.6639633478260851
FUNDC2P2	0.43835954347826034
FLJ46111	-0.07271682608695684
TTC22	-0.513543326086956
LOC402644	0.04570706521739131
ZNF572	1.4503620434782603
TCL1B	0.3688134782608694
CARS	-0.08945126086956812
PODXL2	-0.2807785652173891
IL6R	-0.3317685000000008
ENO1	0.26094052173912274
ENO2	-0.08080126086956874
ENO3	-2.7475046956521734
TRAM2	-1.0332936521739153
MGC16025	0.2582938478260872
PER4	0.02241630434782609
SYCP2	0.48484667391304415
NPAT	-0.24542210869565118
TAOK2	0.7632265869565238
SYCP1	-0.036903695652173905
CNOT6L	-0.5638875652173905
NDUFS1	-0.7855774347826117
LLGL2	0.47114156521739226
SLC22A18	-0.08857023913043705
ADAM3A	0.022070108695652176
ACOX2	-1.7148083478260894
ACOX3	-0.4611443913043445
SLC22A14	-0.04469123913043471
ACOX1	-1.1891258043478246
SLC22A12	1.4862328260869582
SLC22A13	0.18847804347826103
SLC22A10	-3.341800239130438
SLC22A11	1.6617978043478288
SSTR4	0.004009782608695652
NSMCE1	0.24004671739130856
LOC728613	0.7444130869565235
CFD	-1.2194963043478255
OBSCN	0.7045375434782599
PFDN1	0.3244999347826081
PTK2	0.5317884347826087
PTK7	1.4739386304347866
PTK6	-1.1703257173912984
RABGAP1	0.11964841304347829
SNORD119	0.0
PRKAA2	0.8315031304347835
PRKAA1	-0.6826107173913076
ITGB3BP	0.9987637173912978
PFDN2	0.5796805434782613
CELF4	0.6587366956521741
CYB5B	-0.028935543478253223
GAL3ST1	1.0898774565217355
POMP	-0.002637043478260992
GAL3ST3	0.2398114130434782
GAL3ST2	0.22093415217391232
GAL3ST4	0.8021638695652209
LRRC14B	-0.016631043478260776
SCARA3	0.7907703478260872
TRPC4	0.8804965652173911
XPA	-0.15465189130434354
IL18RAP	-1.2580561739130434
IL17RD	0.06594741304347895
ATG16L1	-0.17121473913043772
ATG16L2	0.4831981739130402
C4orf50	0.09341554347826098
C4orf51	-0.1028326956521739
C4orf52	0.14226708695652235
C3orf30	0.019381521739130436
ARHGDIB	-0.23498591304347904
C3orf36	0.7905451086956523
C3orf35	0.8412962608695647
C3orf34	0.4127420434782607
NANP	0.14611384782608106
C3orf39	0.28990878260869124
C3orf38	-0.22676004347825796
USH1G	0.7014104130434783
IL17REL	0.28212876086956507
MATN1	0.3356365217391305
MATN3	2.3079008913043495
MATN2	-0.7614665869565247
MATN4	0.06335065217391267
PCGEM1	0.04657782608695653
WNT9A	-0.8457591304347822
ENDOG	-0.3954346521739076
STIL	2.2395585434782648
C12orf12	-0.019951086956521737
PDSS2	-0.8443936956521725
C15orf62	0.24357076086956564
C15orf63	0.3157530434782547
CES3	-1.9964592608695622
CES2	-1.021658543478262
EBF3	1.7481737173913037
EBF2	1.8604490869565213
EBF1	2.0643024130434773
KBTBD10	-0.25911065217391327
FFAR2	-1.7587616086956532
CES8	-1.9826799347826078
LMNA	0.8520454130434683
FFAR1	0.029751086956521743
BDH2	-1.53828797826087
ENDOU	-0.352394608695652
BDH1	-1.4627334347826064
DDX23	0.20236084782609431
DDX21	-0.9573168913043464
DDX20	0.3770820434782589
DDX27	0.45106878260869365
ZNF157	0.045299891304347695
DDX25	-0.964772391304348
DDX24	-0.2669443478260849
ERBB2	-0.1624574347826151
HLA-DMB	-0.2385419347826101
DDX28	-0.2880458043478278
UNC13D	-0.5554053913043466
TSNAX	0.36640360869565214
OTC	-2.5481792826086913
ZNF90	0.7542752391304397
RPL32P3	1.2221218913043446
ZNF92	0.6222018043478261
ZNF578	0.7470344782608715
UNC13B	0.4030842826086918
ZNF98	0.8477765869565218
ZNF99	0.7647595652173911
PI4KAP1	0.9183832608695681
UNC13C	0.3475897173913043
FLVCR2	-0.8118671521739138
FBXO18	0.056961521739129495
DCTD	-0.48406836956521637
RAET1E	0.9717749565217386
UBE2J1	-0.24231817391303778
FKBP10	0.42153269565217855
FKBP11	0.7447783478260845
TBX21	-0.712189847826088
FAM3A	0.33136469565217475
C12orf10	0.4409852391304412
FAM3C	-0.465273130434781
FAM3D	-0.3425639130434781
C20orf12	0.5031316521739129
C20orf11	0.41274373913044116
FBXO15	-1.600221173913043
SNORD94	0.1290681739130435
PCK1	-3.8713983478260783
VPS16	0.6064117173913104
PDPN	-0.20154830434782545
GGPS1	0.5553383913043586
SFTA3	0.05498913043478261
SFTA2	-0.7356518260869561
HBII-52-46	0.0
HBII-52-45	0.0
WSCD2	-0.10978341304347894
NACA2	1.1478402173913054
C9orf169	0.40844943478260864
PROX1	-1.9897815652173954
CNGB1	-0.2193739130434782
C9orf163	1.1260398043478244
CNGB3	0.7683054347826086
FAM153C	0.0844213260869565
SNORD47	0.0
C9orf167	-0.5042563043478259
PARD6A	-0.37444741304347495
CLK2P	0.8618267391304344
PLA2G6	1.2347223695652216
PLA2G7	0.30900936956521363
MARCKS	0.6636966086956502
PLA2G3	0.1619173043478261
CCDC76	0.3168708478260891
CCDC77	1.0805505434782559
CCDC75	-0.22396063043478254
CCDC72	0.39163886956521665
CCDC73	0.33090813043478207
CCDC70	0.04145815217391304
CCDC71	0.19578939130434847
OR2G3	0.002953804347826087
FPR1	-2.6686575000000037
FPR2	-3.0974304347826087
FPR3	-1.2417462391304364
OR2G6	0.022477717391304344
CCDC78	1.5701759565217388
CGRRF1	0.11069169565217596
TMEM109	0.3109966521739107
TMEM108	1.1619342608695635
HIST3H2BB	0.488088608695652
PRAC	0.10091971739130434
HOPX	0.861586673913048
SPARCL1	1.472005499999998
SNORD4B	0.0
SNORD4A	0.0
FOXH1	1.515804413043478
TMEM107	0.43282632608695604
LOC285780	0.2728504565217391
TMEM105	-0.8093184782608684
PRG3	-0.06591947826086957
SMPDL3B	0.12072163043478357
VSTM1	-0.4688841304347825
GHITM	-0.7064678478260848
LOC100127888	-0.3876491304347829
TRANK1	-0.957291326086958
LOC650293	0.014228804347826087
CSHL1	0.0032282608695652173
NPPC	0.13244665217391305
SPEN	-0.2295605652174011
OSGIN2	-0.32537284782608644
SYT3	1.3134434130434784
FKBP1B	-0.16196467391304203
FKBP1A	0.5834482826086891
SLAIN2	-0.4311347608695755
MANEAL	0.6339122608695611
SARS	-0.016896021739130518
STAT6	-0.1555390434782673
ZFYVE26	0.8182377391304314
STOML2	0.11282436956521202
STOML1	0.7799495000000025
PIP5K1P1	0.04908128260869582
FBLIM1	1.2348104130434745
RPN1	0.05367173913043288
FAM10A4	-0.25900421739130586
TRPT1	0.2520068478260935
DAXX	0.6570130652173951
CDC16	0.05272636956521737
KIAA1486	0.14001652173913043
AHNAK	-0.02262752173912652
NT5E	-1.2055649565217337
TMEM40	0.9674060869565229
LOC340017	0.03532010869565217
ZNF431	0.8542871739130442
LGALS9C	-0.056662173913045955
LGALS9B	0.3091289130434782
UNC50	0.09688573913043363
NKAIN4	0.35140032608695665
NKAIN3	0.06867497826086955
NKAIN2	0.6827268913043465
LOC284788	-0.5011857826086957
MAP1A	1.3087326956521768
MAP1B	0.8030633695652174
TMEM200C	-1.314397695652175
IGSF9B	0.19742593478260884
PDCL3	0.6246936956521703
LBX2	0.22569502173913225
UNC5C	-1.3081308260869566
VGF	0.9662669999999995
LBX1	0.1285437608695652
UNC5D	0.5509730434782606
CCM2	-0.3512191304347869
TBC1D4	-0.4746297391304459
MAP1S	0.42645471739130514
FRMD8	0.41166184782608184
ZNF430	-0.31423158695652287
ZSCAN5A	0.39395795652174037
IMMP1L	0.5597108478260839
FRMD5	0.22486530434782595
FRMD6	-1.415956891304349
FRMD7	-0.5998023260869565
PLCD4	0.9432255869565207
FRMD1	0.08166936956521709
PKNOX2	-0.7559468260869586
FRMD3	0.16843786956521845
SNRPF	0.4543962173913041
TMEM200B	0.6306084782608661
DSCR9	1.0395073260869563
CYorf15B	1.1421550000000025
CYorf15A	0.7245070434782641
GNAS	0.16880956521739243
MED13L	-0.2329078043478212
DSCR4	1.0214334782608694
DSCR6	0.5284648695652172
PTCD2	-0.38235252173912837
PTCD3	-0.13949443478260726
DSCR3	-0.37983310869564946
PTCD1	0.7849810434782594
PDE7A	0.7283706956521732
ZNF433	0.2292076739130433
SIX5	0.7150837826087031
GNAL	1.0397688260869593
HLTF	0.4687857391304391
AGFG2	0.06691017391304399
AGFG1	0.13507693478261196
DPF2	0.7180739130434777
DPF3	-2.4491779347826084
DPF1	0.5994282608695651
ASNA1	0.6650438478260803
RPS12	0.4110406521739094
SAGE1	0.4196588695652173
WNT16	-0.12543558695652202
CRYGS	1.5381843695652146
RPL18A	0.49469986956521517
SIX1	2.744369217391304
KRT3	0.0953592391304348
KRT2	-0.08037206521739132
KRT1	-0.7820932826086958
OR2F1	-0.05906726086956522
FST	-0.8483044565217401
SIX2	2.5038488913043477
CRYGN	0.0014538913043478097
KRT4	-0.958277739130435
CLEC18A	1.5182015217391327
CRYGA	0.01642826086956522
CEND1	1.5143141086956522
CRYGC	0.033952173913043476
DACT1	-1.1737772608695662
DACT3	-0.8252759782608718
DACT2	-1.7883702826086951
VPS45	1.1556716739130444
SPRR2F	-0.058017826086956506
VPS41	-0.03330347826086211
BCAP29	0.024404739130432063
SLC15A4	-0.19295395652174108
TMCC1	-0.20282050000000318
TMCC2	0.299594260869565
ECT2L	-0.259143326086956
MGC23284	0.00044480434782645517
SDR42E1	-1.5929857173913033
PP14571	0.1694592826086957
TAS2R30	0.10286304347826088
TAS2R31	0.17530954347826078
NMNAT2	0.8899422391304332
LOC147804	0.9630252608695686
NMNAT1	-0.236565739130433
ALOX12B	-0.0435377173913043
FOXG1	0.23497141304347827
TAS2R38	0.08858880434782607
TAS2R39	0.0
EPB41L1	0.16820597826087003
NAA16	0.07063489130435041
EPB41L3	-1.2802399565217408
EPB41L2	-0.1441292391304394
EPB41L5	-0.6326816086956555
ACSS3	-1.4712364565217406
ACSS2	-0.26351182608696533
ACSS1	0.28248673913043376
KIDINS220	-0.23033806521739386
TMEM156	-0.552371173913043
PLEKHM1	-0.03469967391304074
PLEKHM2	0.5159396739130457
FLJ43860	0.1455782608695652
RHOXF1	0.508087847826087
VPS4B	-0.4990033043478217
ZNF727	0.4760194347826088
GMEB2	0.6929213478260898
FAM72D	3.1753974782608703
SLC43A3	-0.5875217826086949
FAM72B	2.5867245869565227
FAM72A	2.5231919347826084
OR5C1	-0.05903897826086955
DCAF13	0.8389324130434836
DFNA5	0.05237967391304821
MAGEH1	-0.6668389782608655
VHL	-0.11354200000000603
WNT3	-0.1602370217391318
WNT2	-3.2091897826086955
FIZ1	0.45526671739130187
LRRN4	-1.0217127608695646
AGXT	-2.115962586956524
CNTNAP3	0.050060608695654985
LRRN1	-2.5464418043478254
PMS2L11	0.2406840434782609
PPP1R15A	-1.0801562826087086
TREML3	1.037534021739131
CNTNAP2	-1.7774826739130418
BLMH	0.34540784782608114
TREML4	0.3744388913043479
ST8SIA6	-1.6885781956521737
CNTNAP5	0.312091847826087
MOGS	0.3490743913043435
CNTNAP4	1.798748826086956
SNORA46	-0.047684717391304345
RECK	-0.8848929347826129
SNORA44	0.0004156086956521726
DHDPSL	-2.4204304565217427
SNORA42	0.03351956521739131
SNORA40	0.07734341304347826
MRPL37	-0.3400554130434834
GPRIN2	-2.0841026521739137
GPRIN3	-0.9088165434782614
GPRIN1	2.313381891304346
ROGDI	-0.1681345000000043
MRPL34	-0.4580126956521724
NCRNA00235	0.5566949565217396
SNORA49	0.0721961956521739
SNORD116-24	0.0
SNORD116-25	0.0
HIST2H2BA	0.3562452608695652
MRPL35	-0.026287043478264494
RUNX1T1	-0.5064802826086954
HIST2H2BF	0.6353954130434785
FLJ46321	0.4484789565217391
SNORD116-23	0.0
ZNF813	0.03449780434782568
SPTBN5	0.48858163043478164
SPTBN4	0.318715521739132
SNORD116-28	0.3274093913043479
SNORD116-29	0.0
SPTBN1	-0.40986021739131395
ZNF814	0.4594406086956564
KLF13	1.3149553478260838
KLF12	-0.8998872173913046
KLF11	-1.1571344999999944
EBAG9	0.014905021739135549
KLF17	0.24765908695652172
KLF16	-0.227937826086956
KLF15	-0.15330797826087306
KLF14	-0.003256326086956529
TFAP2A	1.1483528043478257
RBMY1B	0.3016744565217391
TFAP2C	-0.49802880434782537
TFAP2B	0.1571782608695652
TFAP2E	0.9879618260869563
RBMY1F	0.16979021739130434
KRTDAP	-0.3249898478260869
MCCD1	1.6315036956521736
C4orf14	0.47797815217390927
GBE1	-0.9021823260869617
TYRP1	1.121382043478261
OR51T1	0.0
PCNA	1.0797173478260813
SLC44A1	-0.45988295652173683
SLC44A2	-0.061274934782607815
C4orf17	0.09678899999999994
EIF3E	0.47949089130434075
SLC44A5	1.2287068478260879
ZBTB7C	-1.1777655869565233
ZBTB7B	0.6250159999999969
LOC144776	0.020639130434782608
MSI1	2.38846652173913
C4orf11	0.0
MCCC2	-0.8631598913043472
C4orf12	-1.1588216086956526
PCNX	-0.5325489782608734
MRPL39	-0.6424198043478313
LOC92659	2.460305847826086
HDAC1	0.3784496521739076
ENGASE	1.1126720217391295
ZMYND8	0.3497580217391363
THBS1	-2.082017673913043
OR2L13	0.0680982826086956
FAM149A	-1.590693869565209
FAM69B	0.9310236521739155
RPA4	-0.10689432608695659
RPA1	0.18152771739129925
KLK2	1.044023913043478
RPA3	0.2705779782608744
ANKFN1	1.0766135869565219
TENC1	-0.6504950652173953
CXorf40A	0.26652813043478574
CXorf40B	0.41282721739129613
KLK3	0.8071836956521742
COQ9	-0.5746439130434808
NDUFS5	0.0841078913043507
NDUFS6	0.6550913913043548
NDUFS7	0.1985277826086964
C1S	-1.7555742826086913
C1R	-2.123700565217394
COQ7	-0.0957181956521751
COQ6	-0.532167978260869
SLC9A3R1	0.30855019565216857
COQ3	-0.301979521739125
COQ2	-0.5817704347826131
FAM198A	-3.411110086956519
NEK7	0.0026835217391294464
FAM198B	0.14494310869565474
ZRANB1	-0.5090796086956555
KLK6	0.337897456521739
ZRANB3	-0.05340647826087075
ZRANB2	0.3782914782608646
TTC7B	-1.1394664565217436
HBD	-1.628890065217391
LOC100271722	0.5899470217391283
FAM132A	0.6973203478260865
ZFAND2A	0.3266683695652173
HBB	-2.870219478260868
CHMP2B	-0.3322564999999962
PCDHGB2	-0.20227978260869683
MUC20	-0.1503161086956588
BOK	-0.817410717391299
PCDHGB7	-1.6760284130434777
ATP9B	-0.05709776086956708
ATP9A	0.2863440652173974
HBZ	0.1326428043478261
LIPT2	0.1614011521739167
ZNF828	-0.9401689565217382
BOC	1.2750806304347826
SLC22A3	-1.9813577391304307
RREB1	-0.39044332608695065
DENND2C	-0.5100156956521698
TPX2	1.82469160869565
DENND2A	-0.4399807608695623
LOC100133920	0.12186441304347823
DENND2D	-0.4760458043478266
GAGE1	1.0485630434782607
OR52J3	0.0
PPT2	0.3467476739130433
GAGE4	1.6182320652173916
INPP4A	0.19425049999999722
GPR101	0.09227686956521737
LOC145474	-0.01085169565217392
MICAL3	-0.1534491521739163
PHC1	-0.2395753043478308
PHC3	-0.16590867391304265
GPR107	0.6412175652173939
GPR108	0.2417751521739131
MFAP3L	-3.089636173913049
THOC4	0.8283285217391345
UBE2G2	-0.11525528260869677
SYPL1	0.20534330434782966
STAT3	-0.9773744999999927
UBE2G1	-0.48464965217391054
SCNN1G	0.4862816304347827
SAFB	0.2354153913043504
GRXCR1	0.0
GRXCR2	0.00634476086956522
ZNF366	-0.5770374782608707
RAX2	0.059647826086956526
PRF1	-1.225671304347828
MGMT	-0.6636136521739076
SLC35E2	0.7141048478260852
WSB2	0.43838582608695376
TRNP1	0.8973036956521749
H2AFV	0.2368202391304397
LOC400804	-0.06256693478260944
OR2A25	0.07498343478260869
ZNF335	0.8940471956521758
H2AFX	1.3519288913043432
H2AFY	0.7446359130434743
H2AFZ	1.1921669782608717
TMCO2	0.3490163695652171
TMEM189-UBE2V1	0.44900410869565216
RNF8	0.7950191304347856
RFX5	1.195199478260868
RNF6	-0.29257758695652036
RNF7	0.2715515869565195
RNF4	0.13457415217391322
RNF5	0.004498043478259106
RNF2	0.1225787391304296
APP	-0.566443347826084
H2AFJ	0.6526193913043503
RYBP	-0.7535950652173913
PRSS1	0.5482954130434783
NCAPG2	1.2330914782608673
SNORA71D	0.011546130434782614
PSMA4	0.33072886956521685
NRXN2	-0.4609260869565244
CSN1S2A	0.01021358695652174
SRGN	-1.3578479130434769
LRRC69	1.5662111304347803
KC6	0.24240321739130455
CLTA	0.6106226521739213
BPY2	0.18904013043478274
CLTC	0.08605865217391973
CLTB	0.31062745652173795
TMEM159	-0.09666252173913392
RRAGA	-0.36208241304347766
LRRC61	0.298863521739138
TNS3	-0.21866893478260252
LRRC67	0.1112554347826087
ADRBK1	0.2261854130434795
ADRBK2	0.2196152826086939
DPEP3	-0.6986355000000001
STAMBPL1	1.0691191956521742
C7orf36	0.6242989347826091
C7orf34	-0.013649065217391315
C7orf33	0.05681652173913049
C7orf31	0.38938936956521975
C7orf30	0.11327226086956799
PAIP2B	-2.289534369565212
DEFB121	0.0
TNK1	-0.3002430434782619
RRAGB	0.44177208695651426
LHFP	0.017593282608698857
ZNF829	0.1202271739130425
USP27X	0.06726071739130024
PCOLCE	-1.0839013695652255
TFAP2D	0.011551630434782608
GPR50	0.12434373913043478
PRSS3	-1.1174027826086954
EPM2A	-1.1033748260869585
ISCA1	-0.2769910869565173
RNF103	-0.31699304347826285
ISCA2	0.41210447826086494
FAM118A	0.7046354999999966
UBE2NL	-0.032712804347826197
FAM118B	0.3325261956521741
LMX1A	0.323616847826086
ZCCHC24	-1.1769440000000024
LMX1B	0.482785000000001
TMEM178	0.49995847826087125
OR6V1	0.0
PPIG	-0.19453971739130616
RECQL	0.3490726739130441
CD300C	-1.2264749999999984
SRPRB	0.33969260869565865
SHC2	-0.30397256521738925
MAP7D3	-1.1251251086956549
ETV3L	0.05481002173913008
H3F3A	0.6612380869565193
SIK3	-0.6186833913043497
IL23R	-0.10962591304347846
MAP7D1	0.5161312826086917
INTS4L1	0.7472654999999992
POU4F3	0.19259158695652173
KCP	1.9324348043478263
PRKRIR	-0.029381782608698614
ACTR8	0.24197832608695968
BAIAP3	-0.3797157826086943
ACTR6	0.18897013043478061
ACTR5	0.6933115217391279
UQCRC1	-0.15285015217390274
ACTR3	-0.0007357608695617301
ACTR2	-0.14400058695651907
PAQR9	0.2709783913043484
FOXP2	-2.964965282608696
WBSCR26	0.4973520652173911
EOMES	-1.5258848478260885
YY1	-0.20672471739130316
VAX2	1.755202913043478
PTGFRN	0.4083703913043486
RECQL4	3.1477122608695653
TUSC5	-0.1852159130434783
KRT84	-0.018366021739130434
GGT5	-2.0297856304347874
WBSCR28	0.7422048260869566
GNRHR	-0.3239194130434787
LYSMD2	-0.49087563043478255
KIAA0748	-0.02357082608695693
PDE3B	-1.1845836086956485
SPINK13	0.2736638478260869
NDP	0.40568671739130446
HYDIN	-1.242770782608697
CNR1	0.8956522826086961
GBX2	0.5425543478260871
GBX1	0.0655304347826087
CNR2	-0.4878191086956525
SNORD115-8	0.0
GNL3L	0.19942113043478393
POLDIP3	0.3543603913043434
POLDIP2	-0.09050723913044045
ZNF57	1.0032603913043454
GP1BA	-0.27557526086956496
RASA1	-0.07550956521739316
CBARA1	-0.5484979999999915
TTC39C	-0.7084203913043545
FNDC1	-0.2463728043478275
GTDC1	0.10922228260869815
TTF1	0.2997936956521752
ALDH18A1	0.3295078478260862
RASA3	-0.5821842173912994
TUFT1	0.7955982391304319
SLC25A10	0.00044210869564587085
TIAF1	-0.07255597826086913
ICOS	0.5570331521739127
HHEX	-0.2647740652173951
ACTN2	1.7339563695652171
RABEP1	-0.6385248913043426
PTPRU	-0.15111219565217304
SAA2	-3.9576249782608706
H2BFWT	0.17246304347826086
PTPRT	-1.6646266086956527
SAA1	-3.9916808043478245
ZXDB	-0.5118495000000038
ANKS1B	1.35871306521739
C1orf74	0.7427396521739116
C1orf77	0.6718731086956513
ANKS1A	-0.49025178260870206
C1orf70	0.2998721521739136
OR5V1	0.08848913043478263
PTPRR	1.0184039347826084
TSTA3	0.3680781956521688
SLAIN1	-2.7555546086956495
SPERT	1.1096663043478265
LOC285359	0.7802599130434791
ACTRT1	0.042673369565217396
ACTRT2	0.0
TINF2	0.10675826086957052
GNRH2	-0.9971851956521741
NKX3-2	1.383904
NKX3-1	-2.0622001086956514
GNRH1	0.9962338478260873
NAP1L5	-1.3811439565217398
ZIM3	0.013685326086956521
RPL12	0.3140993478260974
VHLL	0.1661309565217391
ZNF597	-0.7753238043478259
ZNF816A	0.07231034782608692
MDGA2	0.6057209347826089
SPRR1B	-0.44983858695652174
NDUFA7	0.5334860869565254
ADAM10	-0.1437986956521744
ADAM11	1.1734129565217388
ADAM12	1.1667653913043479
ADAM15	1.2238011956521753
ADAM17	-0.023665108695652748
ADAM18	0.07119293478260869
ADAM19	-0.44773352173913583
PPP1R2P1	0.016270065217391494
WDSUB1	0.5431468260869492
CPNE9	0.44741828260869543
CPNE8	-0.8624471304347807
TYW1	-0.18786769565217298
PTPRF	0.22437923913044067
CPNE3	-0.0016569782608790717
CPNE2	0.26672791304347854
CPNE1	0.724021760869558
MIF4GD	0.697178413043483
CPNE7	1.8331103913043507
CPNE6	-1.4316098260869554
CPNE5	1.2570821739130453
CPNE4	0.23915802173913048
WNT8A	-0.008271978260869561
TNFRSF11B	-2.63570593478261
SFRS14	0.7788594565217437
SGCZ	-0.2031785652173912
GDEP	0.04485336956521739
GLYAT	-4.207461413043472
TRIT1	0.13782654347825662
SFRS12	0.24791443478260966
DNMT3B	1.7449025434782635
OPALIN	0.05050489130434782
DNMT3A	1.3315636521739096
SFRS11	0.12757893478260307
FLJ45445	0.26920704347826074
ZNF121	-0.4579822608695654
RBM10	0.3659381304347793
XRN2	-0.13020999999999638
DNMT3L	-2.2012167173913073
RABEPK	-0.18180478260869215
UPK3BL	0.9819921521739134
LOC729609	-0.03295404347826088
AAK1	0.5888401521739048
SNRPN	0.034062630434780417
GDE1	-0.25529736956522164
SNRPB	1.2774386739130446
SNRPC	0.9307074782608709
SNRPA	0.9192318260869534
SHANK3	0.4226354565217374
OR2B2	0.07254402173913044
SHANK1	0.2473535652173906
SNRPE	1.1465547608695612
PBX4	0.4895813478260884
KLC4	-0.5846895869565252
OR2B3	0.008913043478260869
ZNF554	0.4403920434782602
TNNI3K	-0.12111178260869582
SALL4	0.18600413043478392
PTPRK	-0.3598573695652121
HUS1	-0.14568852173912816
RGS9BP	1.3254752391304345
PLAC8L1	1.1011592173913038
PTPRJ	0.23138423913043127
UCP2	-0.5256877608695572
ZFR2	0.6858275217391305
PLCB1	1.0992073913043434
GPR62	-0.3241485217391302
PTPRH	-0.609720565217394
ZDHHC15	-0.530336130434784
ZDHHC14	0.018100913043479494
TMEM167B	0.13291654347825954
PCSK9	0.36096950000000305
ZDHHC11	0.1458227391304323
PRCC	0.8688612391304353
ZDHHC13	0.5197705217391366
ZDHHC12	0.45087628260870005
PCSK2	-1.5882010652173917
PRKAG3	0.07769265217391305
PCSK1	0.2352335869565212
PCSK6	-1.194848847826087
PCSK7	0.6073328695652194
PCSK4	-0.02904302173912665
PCSK5	0.5752861304347832
DUSP28	0.847604695652171
HIPK2	-0.18497065217391828
HIPK1	-0.298447652173909
LASS3	0.2654276521739129
HIPK4	0.22196015217391207
RPS3	0.6099559565217394
DUSP21	0.027172282608695655
DUSP22	0.3375577391304372
DUSP23	0.5486194565217399
LEMD3	-0.28857071739130724
LEMD2	0.8253957173913076
DUSP26	0.6760984999999999
DUSP27	0.19100906521739136
QARS	0.7732237608695645
NCAN	-0.20111286956521734
SPDYE1	0.6368383478260871
SLC16A6	-0.18036960869565144
YBX2	0.6446082391304317
SCRG1	-0.5891288913043482
GPATCH2	0.3330660652173867
C3orf19	0.34209958695651466
C3orf18	0.7571415000000012
NAPA	-0.1637012608695656
OR6Q1	0.0023755434782608696
C3orf15	-0.1108392608695663
C3orf14	0.026115804347827343
C3orf17	0.013812478260868843
C3orf16	-0.02944643478260872
C3orf10	0.19779830434781687
OSR2	2.1106925434782617
LARP1	0.6283024565217499
LARP4	-0.6325206956521701
LARP6	-0.762264456521736
LARP7	-0.41052834782608905
MGC26647	0.02029945652173913
ISM2	0.6844079347826088
ISM1	-1.4129450652173903
TNFSF15	0.5595498043478251
GPATCH3	0.5664622608695691
HSD17B7P2	0.5367976521739104
TRYX3	0.011763043478260867
TTLL3	1.2730128043478297
TPTE	1.092864239130435
ZNF552	0.7551299782608698
RPSAP9	0.7137995652173901
UBE2Q1	0.7227346086956494
DDX49	0.89055058695652
COL15A1	4.14298873913044
LOC153328	-0.49958710869565337
ODAM	1.845259652173913
DDX41	0.7496356304347884
TMEM45A	-2.551961891304348
DDX43	-0.219090891304347
DDX42	0.22065095652173916
PTER	-0.6045875652173898
DDX47	-0.07123241304347872
DDX46	0.20942845652173858
PTEN	-0.535377521739127
SLC20A1	-0.6972381521739113
PLTP	-1.1108486086956546
ATMIN	-0.439275304347829
EIF5A2	0.8339622391304351
TMEM45B	0.14156436956521823
LOC728743	1.7857970217391275
ELAVL4	-0.14448530434782614
LGR4	-0.7264959347826085
LGR6	-0.6964041956521774
C20orf30	-0.09591219565217202
ELAVL2	0.9450185217391308
ELAVL3	0.6654403695652172
CDKN1C	-0.4209099565217391
CDKN1B	-0.1675289565217355
CDKN1A	-0.8796254782608681
UBE2D2	0.30379676086956664
DPYSL4	1.0433755434782603
MAEL	0.8899565869565231
MLL3	-0.26865749999999977
GUF1	0.041254608695650674
SNORD67	0.0045375
SNORD66	0.0
LOC285419	1.2289481086956517
HBII-52-28	0.0
MFNG	-0.243718239130442
MLL4	0.6073219347826129
EDNRA	0.043182108695650534
EDNRB	-1.89632102173913
SNORD69	0.0
SNORD68	0.0
MYADML2	0.6424051956521737
FLJ36031	-1.7959143043478232
DNAI1	-0.16338486956521758
APOD	0.7581315652173934
DNAI2	0.14126499999999995
APOB	-1.3461620869565145
STX10	0.979626369565227
APOO	0.40365984782608866
APOM	-0.9083826956521719
NDUFV2	-0.5396087608695623
APOH	-1.7074042391304296
FAM151B	0.011325760869564494
UTP11L	0.10116380434782712
FAM151A	-3.9876029782608695
FAM104A	0.3968673478260847
FAM104B	0.18093654347826327
NFIL3	-1.609357000000001
EN1	0.6525965217391304
REG3G	0.37385108695652175
UQCRH	0.6197808043478243
VEGFB	0.40862473913044184
REG3A	3.639446456521737
CCDC50	-0.0029500869565275423
CCDC51	0.2837942608695645
CCDC52	0.15915454347825975
CCDC53	-4.189130434895105e-05
CCDC54	0.05241530434782582
CCDC55	-0.21119019565217378
CCDC56	0.32121241304347237
CCDC57	0.10589402173912177
CCDC58	0.24102126086956233
CCDC59	0.1861742391304375
UGT3A2	-0.28900958695652124
SNORD38B	0.0
TAS2R60	-0.3177664130434783
TMEM128	0.013698369565219082
GPHN	-1.495484260869567
PAXIP1	0.49286750000000534
WFDC6	0.006042391304347827
ZMIZ2	0.717934304347823
NUFIP2	-0.2917223043478323
RAD18	0.8041975434782627
NUFIP1	-0.07496993478260805
RPL13AP6	0.7915058478260892
PREPL	-0.11055365217390545
RPL13AP3	0.4540135869565223
SULT4A1	0.9423278260869563
CABP7	0.8828128478260862
CABP5	-0.06708354347826087
CABP4	-0.6838848478260879
CABP2	0.012005978260869566
CABP1	1.1224683478260873
FBXO34	-0.48037682608695853
FBXO36	-0.15047808695652165
SLC35B2	0.6011928695652156
FBXO30	-0.23508082608696235
FBXO31	-0.06861099999999709
FBXO32	1.6275743043478261
FBXO33	-0.6362806521739159
HBE1	0.6307552608695652
ZC3H7B	-0.11964415217391533
CNRIP1	-0.4492150217391311
FBXO38	-0.039736978260869193
FBXO39	0.20381060869565237
MPG	-0.01533258695652151
SPAG17	0.5074811086956522
SAT1	-0.8727483913043557
TK1	2.2742542826086956
SAT2	-0.7429830652173965
LOC282997	-0.04858610869565716
PELP1	0.48166145652174563
LOC415056	0.034859152173912944
MBOAT2	-0.7537757391304352
MBOAT1	-0.2794167826086982
MBOAT7	0.551948195652173
MBOAT4	-1.0489886304347817
SPSB3	-0.20635739130434771
SPSB2	1.5707734565217413
SPSB1	-0.9346118695652148
HINT1	0.08559352173912771
HINT2	-0.5638998478260806
HINT3	-0.3784705434782616
LOC642929	0.006866847826086957
SDPR	-1.3107879130434785
IL23A	-0.0050664565217402036
N6AMT1	0.2994740434782601
BIRC8	0.0047581521739130436
CDC34	-0.01875319565217559
LOC284233	-0.32019123913043535
CDC37	0.5890782608695648
OR2A1	0.385857282608695
ALAS1	-1.7742640652174
ALAS2	-1.7003824782608694
OR2A2	-0.018700239130434778
OR2A5	-0.046925434782608695
OR2A4	-0.788835652173915
FICD	0.07597813043478574
EIF1	0.05087778260869946
S100A5	0.21035843478260866
BRWD3	-0.04663902173912948
OR2T34	0.023307065217391305
BRWD1	-0.4548781521739098
S100A1	1.2100575652173875
OR2T33	0.01711086956521739
S100A3	2.097924695652173
KIAA0513	0.777455347826085
LONRF3	-1.0045462608695654
LONRF2	-1.047149065217389
LONRF1	-1.431055043478258
GJA1	0.39710669565216783
JARID2	0.42007047826086996
STAG3L4	0.8324754782608599
BIRC2	-0.3409420434782646
KIAA1609	-0.006267673913048277
OR7D2	-0.24979767391304364
GJA4	-0.11719369565217796
CDCA7L	0.5376487173913036
GJA5	1.3889425869565217
ZNF365	0.7569268695652176
LOC100134868	0.8209621739130432
LOC146481	0.024226630434782608
C20orf203	0.28228139130434804
C20orf202	0.678085434782608
APBA3	0.44291771739130503
C20orf200	0.16612395652173906
SLCO1B3	-5.860211369565217
SPIN2A	-0.13310178260869565
SPIN2B	0.4147757826086913
PGLS	0.4195449999999976
TUB	-0.1553785869565214
SLC6A5	0.004001086956521739
ZNHIT1	-0.1276218260869637
GJA9	0.6856333913043478
SYNJ2BP	-0.5627292608695651
EFHB	0.12911319565217427
COL10A1	0.0734891086956524
MORC3	-0.4672608695652194
MORC1	-0.4798939565217391
MORC4	-0.1298241956521835
FTSJD2	0.17215319565217335
CHKB-CPT1B	1.1713933913043464
GNE	-1.8165053478260909
PTPRZ1	-0.4589671739130434
TOMM20L	0.4025099130434775
UPK3A	2.5258701304347833
TXNL4A	0.5595852391304348
WRB	0.10618313043478089
ZNF367	-0.7833161956521737
IGDCC4	1.8701387391304363
PWRN1	-0.20817976086956522
MEF2C	0.06481428260870103
MRPL42P5	0.5570873043478257
CCDC42B	0.6211823695652177
DIAPH2	-0.5247202608695627
VPS24	0.3886569999999967
CCNA1	0.04137006521739128
DYNC1I1	1.5769181739130453
FBLL1	1.149082978260871
ATP13A3	-0.6591047826086918
DYNC1I2	0.011339326086954316
ATP13A5	-0.07074752173913046
ATP13A4	-2.565542586956522
RNF5P1	-0.024598934782607884
RAI1	0.4171710434782643
RAI2	-1.0356854347826099
SKA2	0.5593099347826076
COL28A1	-0.6037064347826091
VCAM1	-0.280061652173913
TMEM125	-1.6553098043478287
LRRIQ1	-0.1516661956521742
GRID2IP	-0.15284313043478215
FLJ26850	0.5072889782608696
LRRIQ4	0.08641369565217383
RPS2P32	-0.14253452173913272
C1orf113	1.3057748695652167
CBWD6	-0.03348945652174429
CBWD5	-0.6450369782608696
C1orf110	0.0696997608695652
CBWD3	-0.841069630434788
CBWD2	0.12676713043478394
CBWD1	0.0827121739130412
C1orf114	-0.07723263043478279
TNRC6A	-0.3105398260869592
ZNHIT6	-0.045866152173912766
MEF2D	0.5669439347826106
ADAT1	-0.3592800869565176
ADAT3	0.16865676086956594
ADAT2	0.8231130217391325
LGALS3BP	-0.3362448260869524
SNORD113-4	0.0
HYMAI	0.18183465217391287
ZNF117	0.3743210217391333
PLEKHO2	-0.3561380000000032
PLEKHO1	0.17023706521739435
ZNF114	0.6007131304347824
E2F7	2.812011869565215
E2F6	0.3229635652173899
E2F5	0.5963378260869581
E2F4	0.5583648043478302
E2F3	0.5845331739130417
E2F2	2.768699826086957
E2F1	3.955830478260876
SPDYE2	0.0669519999999999
SNORD116-26	0.0
SCAF1	0.5439129565217407
C6orf89	0.37411015217391075
CFLP1	0.2933657826086963
E2F8	3.558519456521739
ACBD3	0.1445539347826159
PPP4C	0.10056306521738989
ACBD7	1.4130084130434803
ACBD6	1.1102946086956509
ACBD5	-0.6977905217391331
ACBD4	-0.981583043478258
MON2	-0.42357358695652003
PPP1R13L	0.7581812826087013
EEF2	-0.056982173913045386
SNORA20	-0.046180934782608665
SKA3	3.6358074130434788
SNORA22	0.041890217391304344
SNORA23	-0.011438760869565245
BRI3BP	0.5871466086956492
SNORA25	0.004675456521739126
C2orf29	0.5004786304347757
C2orf28	0.4223727391304326
RLBP1	0.1244482391304348
RPGR	0.0389294782608669
OLFM1	-2.0691651521739134
C2orf24	0.36007504347825403
ZNF334	-1.0843895869565197
HYLS1	0.3715649782608681
TMEM31	0.31387223913043477
LOC100128239	0.1668818043478259
IZUMO1	0.33658760869565213
TIGIT	-0.4098647391304384
EPHX3	-0.26280515217391454
OSTF1	-0.6516132391304303
TYR	0.2797771739130435
FAM168B	0.5676625869565175
PYCR1	1.1925814999999957
SNHG11	0.9462906739130457
ST8SIA3	-2.1601605217391304
OR5H15	0.0
TMC2	0.5996522608695651
OR5H14	0.0026043478260869566
CTBS	-1.2512249999999963
GATA2	0.13844432608695634
WNT10B	0.7358466521739142
ZNF331	-0.646504000000002
GNG10	-0.0527267173913053
GNG11	-0.14865458695651768
GNG12	-0.8008683478260874
GNG13	0.059069282608695664
SYTL4	-0.594821717391298
LOC121952	-0.06456715217391351
TEX14	0.12192134782608699
HSP90B3P	0.16421689130434824
URB1	0.25350778260869156
GATA1	-0.26319834782608675
RPLP1	0.7424900869565167
NT5C1B	-0.4191418043478261
IFITM3	-0.051008391304346645
IFITM2	-0.7212676086956513
IFITM1	-1.3139050217391262
HPCAL1	0.11777080434782405
LIPE	0.22686595652174013
HPCAL4	-0.2693554565217392
LIPF	0.04680706521739131
GAGE2D	1.5847097826086962
GAGE2E	0.4318309782608696
LIPK	0.013920108695652175
LIPJ	-0.41997317391304345
LIPM	0.007825
DFFA	0.09803795652173442
DFFB	0.3891034347826112
GAGE2C	0.43211739130434773
SEC24D	-0.9930148913043464
RCN2	0.7771460217391333
REV3L	-0.5711750869565204
SEC24A	-0.7623472826086939
TMEM229A	0.1731146739130435
SEC24C	0.29030426086956673
PPIA	0.7067394565217455
TEX12	-0.19724539130434782
RNF19B	-0.3494492173913084
LMTK2	-0.4656773913043475
CSMD2	2.5893284565217405
ACCN2	1.9528686739130445
ACCN3	1.9128257826086923
ACCN4	0.5372976739130435
ACCN5	0.11693730434782612
CSMD3	0.35379150000000037
PI16	-1.7672552173913045
POU2AF1	-0.7852050000000022
MRPL43	0.26236217391304173
KAL1	-0.6128899999999993
IPP	-0.17259441304347867
CSMD1	2.8459813043478257
C16orf92	0.10245652173913043
C16orf93	0.9001021086956533
C16orf90	0.07228260869565217
C16orf91	0.44885932608695445
TM4SF18	0.09255393478261009
TM4SF19	1.7950846956521733
MRPL49	0.03488784782607901
LOC100130581	0.4945492391304347
MAGT1	-0.14947619565217352
ZNF699	-0.6891709999999986
OTOP1	0.042994434782608684
NGF	-0.5226843260869529
NGB	0.1479815217391304
NEUROG1	0.014816847826086957
SMC5	-0.6532344565217372
SFRS2	0.11066393478261283
ZNF692	1.8871417608695626
ZNF695	1.551129065217392
POU3F1	0.16804465217391296
ZNF697	-0.008213521739129703
FHAD1	1.5870152391304375
C16orf5	0.044419304347821154
TGM2	-1.1294472608695614
C16orf7	0.18191065217391156
ARFGAP2	0.08239091304347745
ARFGAP3	-0.30664471739130406
C16orf3	0.4972813695652176
LAMB1	0.36540782608695643
LAMB3	-0.04575345652174079
LAMB2	-0.05563880434782931
CYSLTR2	-0.6616747391304352
LAMB4	0.9107259782608693
CYSLTR1	-0.544728826086958
COPZ1	0.4528026739130482
C21orf7	0.5360993695652212
NEK4	0.02524841304347447
COPZ2	-0.7813710652173924
C21orf2	0.12879615217391382
NEK3	0.42245047826086957
NEK1	-0.47570206521738534
U2AF1	0.22690060869565798
SNORD115-1	0.0
SRXN1	1.02293363043478
NEK8	0.5758843913043421
MPHOSPH6	0.2785886086956477
LOC389634	-0.06038032608695576
TPPP2	-2.811280673913043
GPR162	-0.8496590652173905
BMX	-1.0746445217391285
GPR161	0.67060308695652
SNORD58A	0.0
SNORD58C	0.0
TGFB1	0.25640021739130603
G0S2	-2.189600891304339
DHPS	0.20945554347826167
ZZZ3	-0.08139289130435046
OR5B17	-0.027795999999999998
TMEM14E	0.19239565217391305
SGIP1	0.7305682173913031
CCDC3	-1.4731251086956556
ASTN1	-0.8741569999999994
RSPH9	0.31974760869565233
CCDC6	0.007566434782615872
CCDC7	0.2633977826086955
SHF	-0.9494856086956531
SHH	-1.0780657826086983
COX7A1	-0.24759628260869881
COX7A2	0.3029082173913036
CCDC9	0.0677376739130473
DYNC2H1	-0.8648961956521735
WNT1	-0.03903889130434801
TMEM14B	0.31328391304347925
TMEM8A	0.12239647826086753
MGA	-0.06231517391304209
MTHFD2	0.10245121739130969
MTHFD1	-1.7365438913043452
LOC729156	-0.2816034782608692
RHOQ	0.22684393478260745
PRR20A	0.0
GSS	0.190973065217392
PRR20C	0.0
PRR20D	0.0
MGP	0.7040140000000008
RSPH3	-0.15693880434782592
NSD1	0.735371434782607
TGFB3	-0.7604650217391296
TMEM189	0.37289673913043764
RHD	0.07828149999999923
NUDCD2	0.24770052173913548
NUDCD3	0.4147936956521736
NUDCD1	0.6407699565217362
ADSS	0.3100033913043454
R3HCC1	-0.4022935869565263
LOC168474	0.655177847826087
OR1D4	0.008668478260869566
IFI27L1	0.9255819130434775
IFI27L2	0.856359891304348
EID2B	1.024890086956522
GMNN	2.086905739130432
ADSL	0.5580085869565181
SAMD4B	0.3620643695652124
PLA2G15	0.08002426086956937
AS3MT	-0.07295013043478527
PRSS12	-1.3948064999999996
C7orf11	0.004535086956519052
C7orf10	-0.5625684347826034
C7orf13	0.9111575217391321
OR7E24	-0.01269423913043478
GAS2L1	0.42397965217391764
RPS27L	-0.18499521739130564
GAS2L3	0.25082091304348
C7orf16	-0.21403428260869567
TGM7	0.051863043478260866
ZNF575	0.3661455217391305
TMEM63B	-0.054395630434777686
NDFIP1	-0.249524434782618
HPGDS	-0.5729752608695664
AZI2	-0.08838771739130458
SYTL5	-2.621565282608695
ZNF341	1.4216151521739144
AZI1	2.1080548695652164
LOC646498	0.024141304347826086
TARS	-0.2870009130434781
ZNF345	0.6146582608695663
WNT6	1.2032853913043486
TNFSF14	-0.9943435217391281
TMEM8B	0.6929838913043476
WFDC8	0.010531521739130434
ZNF438	-0.14336352173913625
UOX	-0.009720739130434863
KCNC2	0.05216802173913093
POGK	0.5573473478260897
TRIML1	0.01666841304347827
EPYC	0.12799623913043476
VIPR1	-4.630748456521735
NUDT12	-0.8893879999999967
DLL1	-0.5685993478260887
NUDT10	-3.2167589999999997
DLL3	0.6788967391304348
DLL4	1.131252478260869
NUDT17	1.6879266521739131
NUDT14	0.7138727391304336
NUDT15	-0.29141565217392085
NUDT18	0.5173459130434788
NUDT19	0.006514413043483103
TSPAN9	-0.6421673260869571
OR6X1	0.0
STX8	0.03857421739130196
MXD1	-0.29228121739130764
KEL	0.2186441521739133
IFI6	-0.3700881521739152
PHKG1	0.6354477826086959
RSRC2	0.11648163043478554
ACTL9	0.004110326086956522
ACTL8	1.6503556521739124
STX7	0.012943804347829158
C9orf123	-0.7859149782608714
LOC285627	0.02182771739130435
RC3H2	-0.5346710217391228
NCRNA00164	0.4677809782608696
UBE2Q2P1	-0.06495471739130432
CPN2	-1.9287901521739172
CPN1	-1.5740505217391263
SOS2	-0.39464693478261026
LOC285629	1.3130205434782602
SLC4A11	2.0117486304347842
CLIC6	-3.019358869565218
PCP4	0.6810986521739133
STAB1	-1.2872100217391278
PHACTR4	-0.29434634782608526
RNF125	-2.329583826086955
KIAA0232	0.35979269565218
MTMR15	0.2733751521739123
RNFT2	2.137432804347823
LGI4	0.3243818260869533
CFHR1	-1.3725379347826152
CDADC1	-0.8310642391304333
ECE2	0.3759329347826075
ECE1	-0.6550779565217351
LGI3	1.3531152391304349
SOST	0.1072412608695652
L3MBTL	1.5606864130434808
HBP1	-0.4448748695652114
LOC388242	1.4984659347826117
LOC90246	0.2575912391304338
IMPACT	-0.49257715217391684
DRG2	0.6248204130434782
DRG1	0.4101191956521735
CASQ1	0.8839517173913043
LRSAM1	0.19274367391304636
ZNF205	0.8921471086956574
ARHGAP42	-1.433279195652176
TMPRSS11A	-0.06374317391304347
CLIC1	0.8928833478260909
NOP56	0.8496210000000008
EVC2	-0.2654836304347832
IFIT2	-0.3407123695652192
NCRNA00162	-0.0014293913043478268
?|645851	0.5452085434782603
LOC348926	0.6815961739130447
AURKA	2.6439582173913045
AURKB	3.554052434782608
AURKC	-0.6401532608695639
AP1B1	0.10801665217391587
SERPINE3	0.06224576086956518
SNAPC3	-0.12557771739130175
TNNT1	0.895481043478261
OR5H6	0.24723750000000014
OR5H1	0.002814130434782609
RNF123	-0.06991504347825916
GNPTG	0.12324739130435347
CDC42EP3	-0.3266261521739118
CDC42EP2	-0.22568576086956593
CDC42EP1	-0.2654882826086986
DRGX	0.21814239130434782
TXLNB	-0.0720450869565199
CDC42EP5	0.650039673913045
CDC42EP4	0.31973326086956533
HRASLS5	0.018317956521739287
BMF	0.7299404130434803
HRASLS2	-1.645208956521739
TCP10	0.4160728695652175
GPRC6A	0.2618255434782609
ZNF354C	-1.0750588260869574
TBKBP1	1.0638699782608718
RAB36	-1.1400904347826097
AHCY	0.15137641304348648
FAM170B	-0.025710152173913037
FAM170A	0.10063410869565248
TMEM146	0.06690652173913043
ABI2	0.20705791304348153
ABI3	-0.39242252173913705
ABI1	0.23558408695652666
TRAP1	-0.1743642826086944
SLC22A4	1.2541915434782624
TESC	1.2827144130434815
MUC7	0.03758108695652175
LOC284578	0.28917956521739097
NKTR	0.476089434782601
RHOH	-0.5002106086956513
OTP	0.39251171739130436
PTCHD3	-0.04026991304347838
NTF3	-3.5099168478260867
SP100	-0.2699926086956559
ELP2P	1.0072273478260871
KRT39	0.527052
KRT38	0.029202847826086974
ACADVL	-0.6526508913043454
RAB4B	0.4543421739130409
OR6C70	0.010673913043478261
ZBED5	0.6843792173913048
RAB4A	0.2817453695652201
KRT31	0.08210097826086957
SOX14	0.10203152173913044
KRT32	0.03665413043478262
KRT35	0.01617826086956522
DHDDS	0.06624543478261025
KRT37	0.02060163043478261
KRT36	-0.3873333043478261
IL21	0.008558260869565223
CHN2	-0.8102659130434748
CHN1	0.6564990652173908
IL22	0.009428173913043476
IL25	0.11653478260869565
IL24	-0.44379547826086907
IL27	-1.4247354782608674
IL26	0.12491249999999998
IL29	-0.049136282608695625
RAP2A	0.8224921956521722
PPP4R1L	0.28962997826087067
CAV2	-0.6514891739130473
CAV3	0.0048203260869564835
AXL	-1.599241760869564
CAV1	0.295932673913045
ZNF548	0.008435782608697373
SNORD96B	0.0
TIMP1	0.03941369565217023
IL12RB1	-0.6584241304347822
LDHA	-0.8225887826087064
IL12RB2	-0.3863109782608696
ATP6AP1	0.8457812391304405
ATP6AP2	0.14649132608695936
ELOF1	0.01919423913043694
ENSA	0.5754619347826075
CLINT1	-0.5142314565217383
PDCL	0.4238298695652203
SNORD63	0.0
FLJ35390	0.38354408695652165
WLS	-1.1578571304347847
BRCA1	0.7023991956521751
SNORD116-22	0.0
BRCA2	0.9100846521739125
LRRC39	1.0332023478260863
OR4N2	0.09452336956521741
ZNF439	0.15860563043478315
PRY2	0.19727004347826088
OR4N4	0.37010923913043475
AHRR	0.6138319782608681
CYP24A1	0.2896351739130434
ACOT8	0.44743204347826726
ACOT9	0.3863129999999977
ACOT6	-0.7381833913043465
ACOT7	0.18985095652173278
ACOT4	-0.6187322608695638
ACOT2	-1.3385196304347868
H2BFM	0.044788586956521735
ACOT1	-1.1943001739130459
ADCY4	0.8242458695652122
ADCY5	-1.6557371521739146
ADCY6	1.3912379347826125
ADCY7	0.0878513478260885
ADCY1	-2.2022148043478227
ADCY2	0.4215714347826086
ADCY3	0.3385576956521801
KIF25	-0.7127156304347824
KIF24	1.8488093695652181
KIF27	-0.39218284782608936
ADCY8	0.5760983043478257
ADCY9	0.0015329999999984523
KIF23	3.2949505217391293
KIF22	0.7606297173913052
JKAMP	0.06886406521739197
RAB42	-0.01591350000000169
RAB43	-0.11353415217390861
NUCKS1	0.27653978260869927
INTS4L2	0.013909434782608088
NR3C1	-0.5132060652173926
PDLIM4	0.3818755869565229
SLC22A1	-4.938887891304351
DDI2	-1.7915862608695674
DDI1	0.059874934782608705
PDLIM5	-1.1836013913043466
PTPLAD2	-0.840850978260872
RNASEH2C	0.34664413043477715
COL4A6	0.5195593913043481
PTPLAD1	-0.038286565217397595
C12orf4	0.38742958695652074
C12orf5	-0.22528715217390793
PROL1	0.3792250869565228
ZFP28	-0.1633811956521729
LY6G5C	0.2974079782608703
XRCC1	0.9678718043478227
XRCC3	1.7842554782608708
XRCC2	2.3619126086956532
PITPNA	-0.6024388695652156
XRCC4	0.6929718913043468
PDLIM1	-0.10598052173913075
SMURF1	0.3272666956521757
DCAF12L2	0.3210434782608696
DCAF12L1	-0.0883163695652176
SMURF2	0.23784045652173713
CLEC7A	-1.207023847826088
GGT3P	-1.0049185217391292
MEIS3	0.35470943478260875
MEIS2	0.3694069130434796
MEIS1	0.34129584782608635
PCDHAC2	-2.721499760869566
HNRNPCL1	0.4304343478260869
PCDHAC1	-2.057165499999999
ZNF669	0.729177739130435
NARF	0.916127347826091
PRB3	0.1247586956521739
CTLA4	0.977564217391306
GSPT1	-0.24650019565218173
DNAJC25-GNG10	-0.11129504347826102
LOC389493	-0.2388881521739131
RALGPS2	-0.37231928260869473
MIER1	-0.946095195652175
MIER2	0.852401369565218
MIER3	-0.3287467391304375
ESPNL	-0.7342759130434766
LOC100287718	-0.02277343478260871
OR5AN1	0.021075
ESPNP	-0.33982856521739135
RBP2	1.0496796086956521
PAPD7	-0.08721586956522387
PAPD4	-0.11397071739130382
DDX60	-0.7486670434782567
NCRNA00112	0.006756521739130434
AMN1	0.6234990000000042
KIR3DL2	-0.7649300000000002
KIR3DL3	-0.13839415217391307
NCRNA00116	0.14749891304347962
NCRNA00114	0.3956646304347824
NCRNA00115	0.44541358695652367
LMNB2	1.1519275652173881
IL13RA2	-4.38470397826087
IL13RA1	-0.7526782608695708
LMNB1	1.0048811304347858
LRBA	-0.58839573913043
MRPS28	0.050051847826086515
MRPS26	0.24616180434782642
CD274	-1.3667748478260848
MRPS24	0.24702286956521746
CD276	-0.2511121739130413
MRPS22	-0.22513223913042602
MRPS23	0.8304892173913068
MRPS21	0.9448304347826095
LOC100144604	0.3767578043478263
CTSL1	-0.8930196304347859
LOC100144603	0.8051357391304341
CTSL3	0.0
CTSL2	2.254255608695652
NHEDC2	-1.866436999999996
INSIG2	-0.8129287173913102
IL13	-0.3051603478260868
SMN1	0.16645039130434802
PPP2R5A	0.407714739130439
PPP2R5B	0.295857934782612
NXPH4	3.6305286739130462
LCMT1	0.806425391304356
DGCR2	0.6476116521739144
FRMPD2L1	0.09299836956521741
YY2	-0.6633416304347826
PPCS	-0.27016310869565174
H2AFY2	0.09365623913043475
NAMPT	-1.9376066304347876
RXFP4	0.424567652173913
MAD2L1	2.28173602173913
NDUFB11	0.1986963478260897
ADCY10	-1.3196661304347845
KCNA6	-0.30582708695652183
KCNA7	0.04043021739130434
KCNA4	0.07930465217391303
KCNA5	0.6693745869565215
KCNA2	0.021239891304347946
KCNA3	-1.7016369130434779
SNORD81	0.0
KCNA1	-0.10951336956521746
UTP6	0.46777391304348015
RHOF	1.1774914130434748
OPTN	0.29193191304348076
JMJD6	0.42132721739130297
BHMT	-3.3926170434782623
C10orf95	1.003004891304348
JMJD5	-2.9915063478260855
ZHX2	-0.010725586956523259
ZHX3	0.03421165217390687
JMJD8	-0.105385304347827
ZHX1	-0.04077956521738457
LOC26102	0.2513506521739132
OPTC	0.04322554347826087
IRGM	0.2540841086956523
SYCE2	1.3637798695652181
LOC348840	-0.8608699999999998
IL15	-0.20807182608695385
OTOR	-0.025603826086956515
FAM106C	-0.06082782608695658
FAM106A	0.1396496739130435
CCDC38	-0.14470393478260868
CCDC39	0.12473086956521628
ACACA	0.7209480217391366
ACACB	-1.4730689565217467
SLFN14	0.05602284782608702
CCDC33	0.11943695652173913
CCDC30	0.4261266086956512
SIN3B	0.5763267826086924
CCDC36	0.6979184130434781
CCDC37	0.23027806521739125
CCDC34	1.7902339130434761
FOXD1	0.6000875652173909
PLA2G2A	-3.5865027826087026
APPL1	-0.25883463043478727
APPL2	0.1912444130434814
ZDHHC2	-1.2244505652173938
PLA2G2E	0.019209782608695655
PLA2G2D	-0.4007697173913054
PLA2G2F	0.25006956521739127
SLC26A10	1.3893490217391302
MEMO1	0.20474004347826202
PTTG3P	1.0938293695652168
ZMAT1	-0.12073441304347732
SLC26A11	0.795830999999998
KRTAP21-2	0.0065211956521739126
KRTAP21-1	0.0
UNC80	0.06583317391304289
HBBP1	-0.03730760869565217
MPP4	0.8285234565217391
CAPN14	0.8016274347826088
CAPN13	0.6042542608695651
CAPN12	1.2436921521739128
CAPN11	1.5755224347826073
CAPN10	1.045995826086953
FAM128B	0.3990262173913095
ZDHHC9	0.1876857826086944
FAM128A	0.5838159782608692
RACGAP1P	0.7468889782608701
DEM1	0.4675852608695674
SLC16A8	0.6610213913043466
OR8J3	0.0
SLC35D1	-1.649574956521736
MLNR	-0.036484391304347996
COX7B	0.27618784782607797
COX7C	0.2172523913043367
C20orf196	1.0817030652173933
SARS2	0.22493202173913396
HS3ST6	0.09278532608695655
HS3ST5	0.15974936956521735
HS3ST4	0.23637876086956544
CYFIP1	-0.10350645652173895
HS3ST2	0.9341871521739153
HS3ST1	-0.4762219782608703
CYFIP2	-0.810108391304345
HYI	0.033180239130432554
DYTN	-0.038108
LOC151658	0.3840173913043478
MPRIP	0.294337108695645
SH2D5	1.064971695652174
PARP15	0.18476502173913145
GUSBP1	0.6506897391304332
GUSBP3	0.9362767173913005
KGFLP1	0.11386043478260932
TRIM24	0.44334658695652784
C11orf95	0.10334006521738992
C11orf94	0.02331065217391304
C11orf93	2.1927716739130436
C11orf92	1.0642178043478294
C11orf90	0.14085978260869567
THUMPD1	-0.13055841304347915
WDR35	0.16825008695652688
MED22	1.0104974782608709
KYNU	-1.4576687826086907
CHORDC1	0.14058415217391662
PXDNL	2.4244403913043473
LHPP	-0.9530139347826054
MLLT6	0.8274471956521747
LOC284749	0.8233624130434789
UVRAG	-0.08293965217391452
MLLT1	0.18869715217391203
MLLT3	-0.18321330434782634
NUP188	0.3593929347826119
PARP12	0.3412995217391295
KRT14	-0.4575761304347823
COPG2	0.73840304347826
GLT8D2	-0.7657950869565227
GLT8D1	0.0081629347826091
MRPS34	0.3944389130434729
OR2T10	0.013557608695652175
OR2T11	0.0034380434782608697
OR2T12	0.0
LOC100216001	-1.4491460000000003
MTO1	-0.5219573043478238
OR2C1	0.013826065217391048
KERA	0.10309043478260871
RUNDC2A	0.20292615217391186
ZNHIT2	-0.02818186956521629
RPS15AP10	0.41443645652173955
REG1A	2.729370673913045
REG1B	0.8001481304347827
ZNF284	0.46163263043478153
MRGPRD	0.17034836956521737
MRGPRE	0.1212320652173913
MRGPRF	-1.6053788043478265
MRGPRG	0.0
GTPBP5	0.2563628478260842
GTPBP4	0.4558730000000022
GTPBP1	-0.1670820869565297
DMXL2	0.35143804347826446
GTPBP3	0.6466820652173881
GTPBP2	0.9847270434782658
GTPBP8	-0.3251983043478237
PCDHA2	0.7548169782608691
PCDHA3	-0.10081652173912992
HES3	0.012003804347826089
BPNT1	0.2910635652173905
PCDHA7	-0.18075310869565175
MLKL	0.03490604347826398
PCDHA5	0.6917781521739128
EIF4A1	-0.08961265217391201
PCDHA8	0.274730695652174
NPVF	0.02403260869565217
PARP10	0.2684954130434818
C1orf141	0.08426902173913044
GLT25D2	0.26865545652174116
MYOZ3	0.6835438478260853
BCL9	1.2327542173913075
BCL8	0.03912797826086967
LOC360030	0.030922282608695652
BCL6	-0.5353308695652217
OR7G2	0.0033630434782608697
OR7G3	0.0
BCL3	-0.884539086956524
BCL2	-0.3427894565217393
TMEM89	0.1247971521739129
MSI2	0.49434076086956225
ZNF282	0.814367586956525
BLID	0.0897149782608696
TMEM88	0.47064510869565446
CDX1	0.8432679782608686
POR	-0.8312988695652184
NPEPL1	1.2080781304347763
CDX2	0.5246363913043477
CLMN	-0.2960898043478224
CDX4	0.0
SGK196	-0.5505140652173908
LRFN3	0.2866071304347866
LRFN2	0.9238379130434782
LRFN1	0.3748524999999967
LYRM7	-0.35009352173912767
HNRNPA3P1	0.47583915217391404
FAAH2	-1.343076913043478
NKX2-2	0.571279456521739
KLHL21	0.6507925434782624
NKX2-1	0.204602652173913
NKX2-6	0.023142934782608697
ZNF665	0.10914008695652111
NKX2-4	0.06027228260869565
NKX2-5	0.6172146739130434
TDRD7	0.06358267391304828
NBPF9	-0.848697608695649
ZP1	0.4110368478260871
SEMA7A	1.5526456521739176
KAT2B	-0.9567307826086999
KLHL22	0.5230073913043505
ZP4	0.0
TRIM21	-0.14313113043478332
DMXL1	-0.34730678260869574
OAS1	-0.7641846086956559
TLE3	-0.5102703478260882
OAS3	-0.060764739130435785
OAS2	-0.911544217391306
IP6K1	1.0004593260869559
NEK9	0.038113217391298804
PAG1	-0.05151402173912878
YAP1	-0.25055982608695615
STK11IP	0.9911560217391324
TSLP	-3.5810746304347827
NBPF4	0.18792593478260872
FBXL8	0.5544966739130439
SPAG11B	0.024605978260869566
MTM1	-0.7854816086956511
SNORA2B	0.01410108695652174
PLEKHB1	-1.2805958478260884
TRIM22	-1.228312456521742
OASL	-0.6423764347826104
CCIN	0.5939900652173912
CSNK1G2	0.4574353260869497
CSNK1G3	-0.3841002173913033
CSNK1G1	0.4814188043478227
SERPINB1	0.17957880434783036
ANKK1	0.3037927826086959
SERPINB3	0.03438704347826105
SERPINB2	-0.7685363260869562
SERPINB5	-0.34426939130434764
SERPINB4	0.2277010652173913
SERPINB7	-0.04005017391304344
SERPINB6	0.44786023913044026
OR9Q2	0.0
FAM76B	-0.13512734782609037
FAM76A	-0.21392569565217556
OR9Q1	0.01762880434782609
PCGF5	-0.5540660869565208
CX3CR1	-1.2793918695652167
LOC613037	0.6506256739130429
MAGED1	0.17704234782608275
MAGED2	0.8103628043478182
C6orf64	0.6825334782608721
MAGED4	1.5134659782608724
C6orf62	0.4906267608695707
ATP8B3	0.9278919347826058
C18orf10	0.7507716521739134
ATP8B1	0.23330278260869086
TAF10	0.7493779565217391
EXD3	0.5795998043478265
EXD2	-0.2090574347826113
EXD1	0.2955332173913042
ATP8B4	-1.1559947391304304
DTHD1	-0.6340507826086959
STC1	1.0145176739130406
STC2	2.4821966086956513
ELP4	-0.034853369565215786
ELP3	-0.38925058695651416
CCDC81	0.535668413043477
TRIM58	-1.567160565217391
ASPHD2	0.2756315217391272
C22orf41	0.8716061956521748
C22orf46	0.7203303043478302
DES	-1.4830869782608698
FBXL4	-0.4537476521739112
DPPA2	0.010383413043478264
DPPA3	-0.01259313043478261
DEK	0.2876133043478255
SPRYD4	-1.4882938478260819
FBXL7	0.5093992173913016
DPPA4	-2.235243086956522
DPPA5	0.013011956521739131
KLHDC4	0.23606434782609398
C22orf45	-0.10572534782608933
KLHDC2	-0.3709238043478251
KLHDC3	0.516339652173917
TLR10	-0.5401055000000006
KLHDC1	-0.46784839130434897
LRP5L	0.5782821956521751
NIPSNAP3A	-0.8375673260869476
UBAP1	-0.47979445652174135
TRIM56	-0.12603076086956744
DPCR1	-2.2672757391304352
ASXL1	0.729001282608694
POLK	-0.2923641521739171
ASXL3	-2.0495290652173916
ASXL2	-0.48577658695652737
PAR5	-0.3862003478260876
HDDC2	0.4687585652173869
HDDC3	0.27699502173912904
ZBTB39	0.2963692173913053
ZBTB38	-0.3870457391304374
NIPSNAP3B	-0.3516036521739121
HTR2A	-0.33425654347826106
TRIM53	0.008879347826086958
HTR2C	0.5844033043478258
HTR2B	-0.7457699130434747
C1orf131	0.6183610000000028
C1orf130	-1.1368294130434808
C1orf133	1.2826698043478244
GBA3	-3.764098891304342
DDX60L	-0.9712866304347871
ZBTB34	0.38063484782608725
ZBTB37	-0.02494713043478125
C8orf22	0.10636773913043482
KLHL36	-0.5911600652173901
SPATA12	0.2195325434782609
DKFZP686I15217	1.1512873913043467
KLHL35	0.9193655434782605
KLHL32	-0.8759924999999984
KLHL33	-0.17694689130434776
KLHL30	0.6979548695652174
KLHL31	1.4786070869565235
TMEM92	-1.8242719782608745
TAB2	-0.9418425434782591
SPATA19	0.005169021739130434
AGAP11	-0.10229258695652144
SGTB	0.03178763043478394
TMEM97	0.33882723913043833
KLHL38	0.8258396956521736
SGTA	0.3917104999999985
KIAA0895	-0.6600918695652194
EIF1B	-0.23277197826086748
TRIM48	0.02113967391304348
KIAA0892	0.48857323913043693
MTNR1B	0.7509521739130437
SS18	-0.38263593478260916
TRIM44	-0.807567217391302
GBAS	0.6879136304347853
TRIM42	0.09492717391304348
TLR8	-1.3916549782608696
TRIM40	0.379826195652174
TRIM41	0.29081478260869176
IVD	-1.3565159782608607
TBPL2	0.0522125
FXC1	0.13215784782608608
MRPS36	-0.11503999999999692
PEX5	-0.06716232608695627
EXOC3L	0.311390108695651
PEX6	0.42193713043478276
IVL	0.0002290869565219622
REG4	0.465024326086958
SCN3A	-0.6715851956521741
TRAF6	-0.6076226086956513
NRD1	0.0955806739130427
SCN3B	-0.40056152173913184
ESAM	0.3901096521739156
PPP2R1A	0.5408762173913022
NECAB1	0.1772789347826107
REV1	-0.12407152173913083
TFPT	0.6756633478260925
ERMN	-0.1724779999999997
HIF1AN	0.6640429782608699
ACE	0.843924847826087
ACD	0.7365347173912999
ATP5S	-0.14031819565217152
SEPT7L	0.1343693478260869
NEB	2.2754518260869556
STIM1	0.24259495652173335
ACR	-0.5292615652173902
ATP5I	0.23995626086956712
ATP5H	0.3734578043478276
ATP5O	0.023520065217386588
ME3	0.8629677608695703
DIO3OS	-1.5283784130434797
ATP5B	-0.10579082608695956
GNAI2	-0.24131619565216766
GNAI3	-0.1665132826086957
ATP5E	0.5445007826086918
ATP5D	0.07347217391304639
GPR144	0.03440108695652174
LOC728989	-0.10506302173912951
GPR146	-1.5567608913043482
LOC154449	0.10696760869565222
GPR141	-0.05023471739130425
GPR142	-0.2021950217391303
GPR143	-0.03621913043478209
AURKAIP1	-0.11668997826087235
PBX2	0.5746513478260891
SLC7A9	-0.5921321521739085
AFMID	-0.3984874999999928
GPR149	-0.0032862608695652246
NCRNA00204B	0.9987190652173932
HLA-C	0.22106632608694987
PCDHB10	0.7154425434782605
LOC90834	0.6070627826086956
SLC7A7	-0.8084315869565293
CITED2	-1.3257975217391245
CITED1	0.9914655434782595
SLC7A4	-2.028075043478261
CITED4	0.006697326086957389
DAGLA	1.4469567391304352
ST6GALNAC6	-0.7348776956521785
DAGLB	0.19321313043478838
PFDN5	0.27166758695651794
PFDN4	0.747884152173909
PFDN6	0.9516834565217458
MTHFR	0.667544630434783
HLA-G	0.38617054347825963
SP7	0.1838733043478261
OGT	0.6052326086956494
MAGEA11	1.1557729347826085
SLC7A3	-0.03834223913043479
TMEM35	0.36026936956521727
GAGE12J	1.2540795
DTNB	0.6080999565217322
NFKBID	0.2433823913043489
LOC339290	-0.3419311304347801
DTNA	2.077101239130431
ACHE	0.6380488695652176
PRB2	-0.04695297826086956
NFKBIE	0.5446682391304343
GAGE12D	1.6375608695652173
GAGE12F	0.033190217391304344
TAB1	0.5045163913043496
LOC729176	-0.39537923913043294
CSNK1A1L	0.1599445217391301
PRPF39	0.6514210217391296
UBXN7	-0.36222380434783297
HIRA	0.08660884782608491
RIN1	0.47453482608695463
TBC1D9B	0.11586047826086698
RIN3	-0.42505706521739306
RIN2	-0.6144058478260854
GDA	-2.0640726521739143
NCCRP1	0.5096390652173926
WWOX	-0.5574736086956573
OTOL1	0.1220608695652174
NSUN3	-0.055877195652174194
CSNK1A1P	-0.9442850434782608
RNH1	0.14433584782608477
RPS13	0.21296013043478013
CLPX	-0.9773742391304268
RPS11	0.5600213478260887
RPS10	0.8176458260869666
RPS17	0.4941666521739183
LALBA	0.03625163043478261
RPS15	0.5338555000000031
CXADRP2	0.020119543478260615
CLPP	-0.08472693478260673
CLPS	0.25243967391304345
RPS18	0.6737636956521555
LAMA2	-2.078453565217388
LOC100128164	-0.0913403043478263
SLC16A4	-2.4629955000000034
RIPK1	-0.2137162826086989
LATS2	-0.9872222173913077
LATS1	-0.8543723913043566
DDOST	0.5612718695652266
ODZ3	-3.0670616086956537
ODZ2	-2.377905847826087
ODZ1	-2.360981521739128
SPRR1A	-0.49974084782608685
CLPB	-0.4190165652173885
PUSL1	0.7397272608695671
AACSL	0.6955842608695652
SRCIN1	-0.03573649999999784
LAMA5	0.9420936521739147
TUBG1	1.1124635434782526
C2orf27A	1.4180930217391317
CRABP1	0.5892505434782609
CRABP2	0.3172142173913053
C2orf27B	0.017590760869565215
C7orf72	0.01214836956521739
C7orf71	0.2920683913043478
C7orf70	0.7972882608695606
PLCXD3	-2.9350528043478277
PLCXD2	-0.003156630434782315
PLCXD1	0.5653344130434732
POM121L2	0.18313967391304342
LOC646471	0.14155734782608675
LOC643486	0.5588813913043478
LOC643955	0.15037065217391304
ZNF417	-0.11189499999999963
LOC401463	-0.20646617391304356
TSSC4	0.5283009565217416
LOC202181	0.1507694565217368
HILS1	0.24760230434782615
TSSC1	0.4578063478260841
RRAGD	0.8013834347826094
GLIPR2	-0.2056155869565277
RRAGC	-0.3801329347826057
GLIPR1	-0.13357504347825877
PRAMEF3	0.0
GOLGA8DP	0.31910045652173924
TLR3	-1.6448567173913027
SSSCA1	0.48532726086956224
POU4F1	0.20648813043478287
POU4F2	0.03200271739130434
GGT1	-1.3371829347826072
GGT6	-2.4434845217391303
GGT7	0.13468821739130554
MCOLN3	0.15465219565217136
FBF1	1.7447240652173894
RASA4	0.3915121086956477
HM13	0.7282558913043591
RASA2	-0.9515878478260857
FAM75A5	0.02287445652173913
ACTN3	0.41469400000000023
CCDC144NL	0.6688741086956521
ACTN1	-0.1490359565217414
PTCH1	-0.8568955869565205
NGFRAP1	0.08884326086956484
HAUS8	0.4908040869565218
PTPRQ	-0.30269182608695655
ACTN4	0.4178705434782657
CLP1	-0.051730934782609594
PRAMEF8	0.8111666956521717
EZR	-0.6292556739130468
LILRP2	0.03238441304347833
PTPRG	0.34413534782608757
PLAC9	0.311097065217389
GEFT	0.13412154347826188
PTPRD	-2.555944760869572
PTPRC	-1.3360618043478238
PTPRB	-1.384294760869567
PTPRA	0.25041589130434794
HAUS7	0.48557334782608574
PTPRO	-0.9741940869565209
PTPRN	0.569611739130435
PTPRM	0.027170456521741215
DTWD2	-0.48098130434782416
LOC100128977	-0.009200347826086953
DTWD1	0.23188941304347832
LASS1	1.9351256304347824
LASS2	0.24038647826086468
IFT27	0.5783086956521704
IFT20	0.14610080434782624
CPM	-0.46271421739130325
LASS6	-0.48089410869565086
CPO	-0.31831500000000024
LOC25845	1.0602964782608781
KBTBD13	0.07326032608695653
CPD	0.5583518913043584
CPE	0.814323847826083
TCN1	-1.0350345
LOC84740	2.4477260000000003
CPZ	-1.6435028260869573
GAPVD1	-0.23621591304347866
YIPF6	-0.2626815652173953
?|404770	0.01497173913043478
RPL7L1	-0.004383239130431704
CYP46A1	-0.7438178260869557
PPY2	0.4105397826086956
AQPEP	0.8561236739130432
MRPL41	-0.09004310869565302
N6AMT2	-0.18351315217391218
RTN4R	-0.07375708695652072
DMPK	0.8880729999999994
RAD9B	0.33721752173913
UBXN8	-1.0768883260869568
BANK1	-0.21680682608695712
WASF3	-1.6426839565217337
SIRPG	0.4723582826086954
PRSS36	-0.30514241304347856
DOC2A	0.7876794999999999
OR5J2	0.0
LOC127841	1.2850403913043467
DOC2B	0.5091989565217392
PRSS35	0.3390101956521745
PWRN2	0.025387500000000004
TAF1B	0.23985904347826015
MUTED	0.15789278260869288
RNASEH1	0.5064351086956487
DMP1	0.3462211956521739
GPR151	0.04049836956521739
RRP7A	0.4150558478260873
RPGRIP1	-0.5596643913043455
F3	-1.5690241956521724
ABLIM1	-0.13352234782608718
MAMSTR	1.98103395652174
ABLIM3	-1.3359354565217387
ABLIM2	1.1474297826086977
PAH	-1.6858079782608666
SLC30A10	-0.02139334782608593
GPR156	0.25459600000000004
FAM172A	0.29715632608695586
PRSS38	0.0730445652173913
LMTK3	0.27725978260869377
GPR155	-0.5862384565217376
STEAP4	-2.988200608695653
F7	-1.1317142173912984
SNORD114-20	0.0
LOC729082	-0.0941762608695651
UCP1	0.05880597826086955
F8	-1.776254173913041
PIN1L	0.1073033260869567
F9	-3.668344326086956
LOC284009	0.10505949999999994
TOP2A	3.923286195652172
RMRP	0.10044128260869467
LOC284551	1.1254205652173903
HHIP	-5.121296804347828
HMGN5	-1.8064613260869598
HMGN4	0.8033825869565216
HMGN3	-0.27103336956521495
HMGN2	0.3929055217391344
HMGN1	0.6437280869565232
NUDT11	0.7156186956521735
GSTZ1	-2.3868941956521734
MX2	-0.06156204347826133
RAB6A	-0.5442999347826074
RAB6B	1.2841171304347867
MX1	-0.4176347826086957
RC3H1	-0.29828945652174355
LOC646813	0.025772282608695657
CHL1	-1.7138264782608692
CRIPT	0.11088482608696637
IFIT5	-0.45337102173913735
TAF1L	-0.4059085869565222
IFIT3	-0.21214297826086614
FAM66D	-0.2524492391304358
IFIT1	-0.8537831304347847
LOC285548	0.41775952173913034
LOC728410	0.0
LOC541473	0.7461201739130408
DULLARD	0.21589152173913284
P2RY10	-1.1314612391304353
KIAA0368	0.007325347826087736
EFTUD2	0.5490919782608668
EFTUD1	-0.019642260869558115
ISG15	-0.1523001956521739
TOX3	-0.39672815217391744
TRIM13	-0.16129584782609108
SNAR-A3	0.0
MAP1LC3A	-0.6339860869565257
MAP1LC3C	-0.028920565217390948
FAM66A	0.06924858695652172
PIM2	-0.3178389130434809
DAOA	0.0039157608695652175
FBXW8	0.39898560869564825
GGTLC1	-0.5913581956521776
THRB	-0.6621935869565139
GGTLC2	-1.0812285217391242
GPS1	0.6594556739130422
SLCO1A2	-1.3687728260869552
BRCC3	-0.051537586956518666
TWISTNB	-0.17592726086956745
SNORD115-20	0.0
SNORD115-22	0.0
SNORD115-25	0.0
ZNF346	0.5970967173913007
SNORD115-26	0.33716347826086956
GDI2	-0.3174027391304364
SMAP2	-0.208143673913046
GDI1	0.5814595434782586
ARL5A	-0.4609081304347864
CBY1	0.43828560869564726
ARL5C	0.13546769565217393
ARL5B	-1.6140924130434815
SFRS4	-0.10072134782609332
ADAM5P	0.02112173913043478
ERLIN1	-1.473506239130435
ERLIN2	-0.789154413043482
TM9SF1	0.04301828260869911
SPG20	-2.178308608695657
GABRQ	0.5555621521739132
GABRP	-3.715150869565217
APITD1	0.21837960869564998
KRT17	0.9020559999999991
KRT16	-0.5040098695652171
KRT15	-0.2995859565217387
KIAA1107	-0.1754538695652199
KRT13	-0.47166973913043475
KRT12	1.159625326086956
OR2G2	0.0
KRT10	0.581344434782606
GABRE	2.2951331304347837
GABRD	4.452861847826087
CRIP1	0.7977913478260827
WDR38	0.27643358695652165
CRIP3	1.798662282608694
CRIP2	0.17356484782608206
SEC22C	0.24648434782607964
PCYT1B	-0.2612813043478259
GIGYF1	0.8814856739130459
GIGYF2	-0.05034695652173582
WISP3	-0.08632441304347849
NBPF7	0.18788560869565218
NBPF6	0.12238967391304349
TLE1	0.2594335217391279
MIA2	-1.7561234565217418
NBPF3	-0.15368000000000315
NAPEPLD	-0.47792754347826083
NBPF1	-0.07157978260869413
TLE4	-0.916536869565225
SPTA1	0.2668835217391303
SLC26A8	-0.013605347826087355
HGSNAT	-0.15943747826086785
MTFR1	0.00052330434783876
PLP1	-2.4725385652173903
PLP2	1.1022544130434788
THSD1P1	0.6132931304347835
CDC6	3.2893940434782634
CDC7	1.9382449782608715
CLEC5A	-0.5777290652173925
TM9SF3	-0.24800349999999582
FCAMR	-2.4920067173913063
CRYZL1	0.002041847826085963
LOC100270804	1.699493804347828
SERF2	0.3605647826086855
HIST1H2BI	0.20433152173913044
PCDHB13	-0.13631523913043342
OR4L1	0.0
PCDHB11	0.26527128260869803
MSLNL	0.08160760869565217
PCDHB17	0.290959586956521
PCDHB16	0.03464734782608758
PCDHB15	-0.5867584782608688
HS2ST1	-0.043968043478257
TRIM36	-0.05775104347825932
PCDHB18	0.14363047826086972
C10orf10	-0.6888108478260939
C10orf11	-0.05104332608695206
C10orf12	-0.5515837173913081
N4BP2	-1.580961021739129
SPATS2L	0.12772041304347326
SRPX2	-0.017126065217390796
C10orf18	0.07271486956521755
NAT2	-4.959422065217391
NAT1	-1.2115158913043462
NAT6	0.6891752608695629
USP6NL	-0.7082206304347896
SNORD114-29	0.0
SIGLEC6	-0.5459875434782607
SMOC1	-0.9932923695652178
GLO1	-0.07397560869564579
TMIE	0.8528782826086947
FAM41C	0.7893186739130433
TNFAIP8	-0.3043948913043497
FAIM2	0.8432481304347825
FAIM3	-0.942235999999995
EEF1DP3	-0.14827960869565215
SNORA27	-0.04458321739130433
ZNRD1	0.7388503695652151
NR4A1	-2.3531308695652164
ZNF385D	1.5295233913043487
SDC1	-0.4552885434782592
MFSD6L	-0.9883824565217394
CCBL1	0.42854400000000226
PTPRS	-2.1325470652173903
CCBL2	-0.29312215217391113
KCNC4	0.30894897826087764
FABP12	0.019072
SDC3	-0.8234484347826108
COX5A	0.19942299999999946
COX5B	0.07958458695652304
KCNC3	0.3310439565217358
WDR11	-0.2714085869565217
TH1L	0.45549549999999606
KIAA2022	-0.060341847826087314
PGM5P2	-0.1676477826086955
KIAA2026	-0.4303526521739123
LOC401588	-0.17472271739130285
CPSF7	0.35130332608695625
CPSF6	0.5914106956521739
GRIA2	0.5415075217391306
CPSF4	0.9423829130434811
CPSF3	0.5560214999999946
CPSF2	-0.05823660869564762
CPSF1	0.8130126739130432
LOC257358	0.32662221739130415
OR1A1	0.0
NMT1	0.2083247608695622
IFT81	0.8520466956521746
MAD1L1	0.42746234782608816
SIGLEC1	-1.6301749565217358
OR3A4	0.013230978260869565
ACAA2	-1.9811673260869487
ACAA1	-1.720917521739139
HTT	0.48915443478260734
OR3A1	-0.02385117391304347
OR3A2	0.04497089130434785
OR3A3	-0.10318715217391305
SIPA1L1	0.004326217391302123
APCS	-2.183808000000001
FAM100B	0.6274034999999998
SIPA1L2	0.7677550869565231
WHSC1	1.0507081956521702
INPP4B	0.34328471739130517
TTLL5	0.2497514347826133
TTLL4	1.0916768260869558
TTLL7	-0.3494971086956511
LTBP4	-1.2860626956521788
LTBP3	-0.21978417391303928
ARIH2	0.40631776086956606
ARIH1	-0.26284245652174043
TTLL2	-1.2499896086956523
AGPAT3	-0.12572997826087295
RNPC3	1.165810478260867
TTLL9	0.6037814130434769
QKI	-0.5276299130434765
ZNF324	0.3487963913043446
TEX28	0.0
VPS35	0.1746783695652212
PSIMCT-1	0.16081769565217208
SUFU	0.22520282608695652
APC2	1.6511375217391313
PLA2G4A	-1.4586741521739146
PLA2G4F	0.5770769130434782
PLA2G4E	0.07901504347826083
PLA2G4D	0.3182918260869565
CRAT	-0.7796270434782571
OR8H1	-0.02286619565217391
OR8H2	0.0
IPO5	-0.0755817391304312
SLC35F1	0.6349748260869557
LRWD1	0.09414893478260566
SLC35F3	0.17653604347826124
SLC35F2	0.290528086956523
MBD5	-0.010018065217394678
MBD4	-0.25059965217391067
?|653553	1.7272962391304318
MBD6	0.3008178695652184
LOC286094	0.01572608695652174
MBD3	0.33236628260870127
MBD2	-0.03728704347826728
CMTM2	-0.9015843043478267
CMTM3	0.440581565217391
CMTM1	0.5321884782608652
CMTM6	-1.1195277608695715
DEC1	0.08312608695652175
CMTM4	1.2415966956521727
CMTM5	-0.6552767826086954
LOC653566	0.30693778260868854
TSPAN19	0.12827771739130434
COL11A1	1.6854003478260873
COL11A2	-0.3126825869565226
TSPAN10	1.0322725869565206
SLC17A8	-2.590661782608696
TSPAN12	-1.4122026304347788
TSPAN13	-0.6655571956521769
TSPAN14	0.0815054999999969
TSPAN15	0.8510574347826099
TSPAN16	0.035086956521739134
SFTPA2	0.30090828260869584
REXO1	0.02760265217391833
HEPACAM2	0.48099686956521726
REXO2	-0.006529347826079501
FAM13A	-2.616487456521744
REXO4	0.6020002391304367
SLC25A19	0.967017630434774
SLC15A3	-0.43011713043478395
SLC25A17	-0.13706297826086633
SLC25A16	-0.478176586956522
KIAA1429	0.4797798260869559
SLC25A14	0.49059763043478455
CAMLG	0.5234521086956541
SLC25A12	0.46988673913043755
SLC25A11	-0.10946843478260604
CHRFAM7A	1.097790239130436
LOC100133161	0.6962801086956509
LMCD1	0.6707298478260837
TUBA3C	1.4629715652173916
TUBA3E	0.20878558695652205
SMCHD1	0.09221486956520764
RNF216	0.5906625000000005
LOC340074	0.008952717391304347
ZNF321	0.23936660869565296
USP29	0.01810978260869565
ZNF676	0.9458525000000004
TTC23	0.5881347608695666
CCDC14	0.9510535434782588
EAF1	-0.41194297826086945
EAF2	0.4135363695652208
CCDC17	0.4879539347826105
LAD1	-0.100686021739131
CCDC11	1.4856871739130433
CCDC12	0.35161893478261064
CCDC13	0.565053478260872
NUP107	0.6702178043478302
CCDC18	0.5568735434782575
CCDC19	0.7972776956521734
SRA1	0.4042289782608641
RBPJL	0.1774340434782608
TMUB1	0.2515654130434761
ZNF320	0.7705694347826091
TMUB2	0.39849621739129937
ZNF649	-0.8279955000000028
JAZF1	-0.08814436956521376
KLRB1	-1.3226476304347843
FLJ45983	0.1944818695652175
?|10357	-0.22240500000000374
KIAA1644	-1.3218976739130448
FAM100A	-0.8604026956521782
SIPA1L3	1.2052271086956523
SYNCRIP	-0.14991223913043328
HSD17B3	1.4350175217391303
RBM46	-0.38435626086956565
TRIM34	-0.23391189130434764
ALDH1L2	0.6298509782608694
ALDH1L1	-1.9318917391304424
ZNF280D	0.08156736956521016
ZNF280C	0.6408501086956493
ZNF280B	-0.43085304347826225
ZNF280A	0.45431100000000024
GK3P	-1.3572620217391345
GNG7	-0.22526454347825808
GNG4	2.9825373043478267
GNG5	0.13127086956521872
DBF4	0.8851785434782613
GNG3	0.08831913043478146
VIT	-0.09339452173913038
MMAA	-1.4668086086956507
MMAB	-0.4725473260869517
GNG8	0.0013519565217391255
RAB19	-0.31190186956521726
SLC17A4	-0.09063854347825995
ALG8	0.38882969565217884
ALG9	0.2240057608695647
PARN	0.07119113043478187
FUS	0.8170294130434819
USP6	-0.007360826086954653
GTPBP10	-0.2270016956521701
ALG2	-0.26250169565217796
ALG3	0.6393066956521771
TMEM17	0.044121739130433824
ALG1	0.43975539130435415
ALG6	0.5761495217391328
ALG5	-0.01015873913044274
TMEM88B	0.4326424347826088
UBE2MP1	0.4411421304347858
PI4KA	0.08912554347825541
TTLL6	0.9508477608695649
SMARCE1	0.5501396739130371
PDXP	-0.31379756521739033
COX6B1	0.5675694130434881
COX6B2	0.5189773260869563
STAM	0.2718077608695584
FUK	0.204185826086956
LTBP2	1.1805715652173854
KIAA1683	0.14554989130435203
KIAA1324L	-0.6095802826086967
LTBP1	-1.125597152173917
TTC14	0.03318719565217343
CCNE2	1.849639804347829
HAR1B	-0.7606860434782614
HAR1A	-1.466422130434784
CCNE1	3.037278847826086
MAGEL2	-0.11908854347826181
INSL3	0.29405317391304286
CLDN8	-0.6678781521739128
CLDN9	-0.32323352173912934
FIG4	0.0573733043478164
NOSIP	0.4836580217391333
GCC2	-0.4806992173913116
GCC1	-0.2700762608695655
TBC1D8B	-0.7181890869565217
CLDN1	-0.874540239130436
CLDN2	-2.716228021739136
CLDN3	-0.4742790869565212
CLDN4	-0.8743066956521739
CLDN5	0.30906823913043624
CLDN6	0.3532398913043481
CLDN7	0.6343856739130462
FIGF	0.4914861086956508
RASGEF1B	-2.6990976739130463
RASGEF1A	0.526269173913045
C6orf168	0.6387089130434775
FIGN	-1.0370886521739147
LGALS7B	0.08192269565217392
TBC1D19	0.44138558695652197
RTN1	0.09437058695651945
MAGEB2	2.1017511304347827
MAGEB3	0.18047439130434784
UQCRFS1	-0.22268808695652353
MAGEB1	1.0796235217391306
CYTL1	0.9925021304347807
MPHOSPH10	0.05368971739130046
MAGEB4	0.01083478260869565
OR6A2	0.010666304347826087
RTN3	0.2587896521739079
KIAA0114	0.5603887391304276
MRFAP1	-0.07562063043477885
SERPIND1	-1.1384864565217487
IRF3	0.805185826086964
C6orf48	1.2968760217391306
IRF1	-0.530210760869565
LOC374491	-0.11518717391304345
IRF7	-0.5170143043478355
IRF6	-0.6071858260869565
IRF5	0.6967894999999977
IRF4	-2.1409747391304363
C6orf41	0.4387856956521734
IRF9	-0.2798308478260889
IRF8	-1.9440925652173888
FAM78A	0.16752300000000098
C6orf47	0.6282176739130385
FAM78B	0.8179597826086975
LY75	-0.4130096304347841
CLUL1	0.7614127391304337
SNX29	0.21249334782608642
SMPD1	-0.6274800434782666
SNX22	0.9085441739130458
CLK1	-0.22981091304347423
CLK2	0.9862985652173961
CLK3	0.2127598478260957
CLK4	-0.05457306521738836
SNX27	0.7264062391304353
SNX24	0.27485189130434584
SNX25	-0.5805895434782631
CSF2RB	-0.5848099130434798
SGCD	-2.0409146956521766
NPEPPS	0.2229108913043465
INMT	-3.124373260869567
MRPL24	0.6906188043478352
GPER	-0.5292265869565238
ONECUT2	0.0372841304347844
ONECUT1	-0.36428913043478417
PIGT	0.7147393260869546
LAMB2L	1.4402712391304342
METT11D1	0.28278808695652735
SLBP	0.5958356956521733
KIAA1586	0.3756129347826098
C16orf70	-0.6796509782608666
PANX2	-0.053723086956527055
LOC388588	-0.7501712173913058
PARP4	-0.01304289130434988
FECH	-0.7609856521739111
MRPL20	-0.1322393695652142
U2AF1L4	0.4947495652173881
PTPRE	-0.3230780434782625
POLR2H	0.5259202608695688
ZBTB10	-1.1414426739130423
LOC90784	1.3090758478260813
MRPL23	0.5250013478260875
MRPL22	0.2894098695652154
RCOR1	-0.20180143478260604
TEX101	0.5004637173913042
ADAP1	-0.7517247608695703
C3orf64	0.3596841739130472
TMEM150C	-1.0091042173913065
ADAP2	-0.8184901956521715
ZNF641	-0.6167938695652193
C1orf159	0.786487673913042
C1orf158	0.5297222826086957
C1orf157	0.027265108695652227
C1orf156	0.9911210869565208
DDX19B	-0.8399209565217465
SPATA13	-1.1319408043478232
C3orf66	0.7647256739130437
C1orf151	0.3152548695652211
C1orf150	0.03173756521739146
KLHL10	0.027840565217391422
ACVR2A	-0.5221274782608667
ACVR2B	-0.24512517391304378
C4orf22	0.0867873043478261
KLHL14	-0.6297462826086955
KLHL15	-1.6651479347826097
C7orf69	0.14034719565217385
KLHL18	0.07419634782609297
GAB2	0.6020916304347903
WDR16	0.11785432608695623
DAB2IP	0.6641738913043511
GAB3	-0.318522717391307
TRIM68	0.15621782608695067
TRIM69	-0.1937274130434785
TAAR8	0.03956630434782609
OR8H3	0.0
MTOR	0.05779010869565582
C4orf27	0.2244169347826066
UNG	0.1891464347826073
TRIM60	0.2856900217391305
TRIM61	-0.4998476086956526
TRIM62	0.49670591304347766
C4orf26	0.09647186956521728
TRIM64	0.0
ST6GAL1	-1.0613257826087032
TRIM66	0.9976079347826063
TRIM67	0.9679765000000009
HABP4	0.3543679565217328
SNRNP70	0.9238383260869565
OMG	-0.11656908695652146
ITK	-0.7842008913043506
OMD	-1.3565343478260865
ZNF664	0.1914025652173894
DMRTB1	0.35249565217391304
C2orf63	0.548635608695653
C2orf62	0.2769740869565218
C2orf61	0.07008008695652176
C2orf60	-0.0768453913043512
C2orf67	0.04237930434783088
C2orf66	0.2717003478260868
C2orf65	0.37964245652173867
C2orf64	0.03251517391304226
ZNF853	-0.16519578260869583
C2orf69	-0.19171171739130344
C2orf68	0.5475298695652171
NPTX2	-0.8387326521739125
NKD1	0.6346114999999992
NAGPA	0.9452971304347813
NPTX1	0.9036224565217393
FLJ45340	0.4925629130434803
RAB10	0.24756845652173531
LOC647121	-0.9989471086956501
SLU7	0.2696780434782582
LOC100133985	-0.28516728260869684
TPPP3	-0.30478780434782937
IER2	-1.089659695652177
NDRG1	0.7235093695652157
SC4MOL	-1.0249122391304386
LRRC8A	0.024896891304351243
PRCD	0.17562684782608695
HIP1	-0.17460447826086956
NDRG2	-1.5976619999999961
FAM192A	0.38616041304348236
SHE	-0.40689589130434545
C13orf33	-0.4952066956521719
SERTAD1	-1.480027652173911
C13orf31	-0.5676822173913001
C13orf30	0.2525406956521739
C13orf37	0.8467160652173922
C13orf36	0.07466873913043479
C13orf35	0.2739896956521739
C13orf34	1.1401373478260863
ZSCAN1	0.16144739130434804
C13orf39	-0.01747691304347826
C13orf38	0.11836691304347832
CMTM8	-0.09143323913043311
NPTXR	-0.42706045652173863
LOC728190	0.35901260869564755
ZNF469	-0.2976547391304347
SPATA17	0.5596898043478268
LOC100130987	0.37718110869565113
TCP11	0.5443289565217386
MBD1	0.22462504347825707
GIN1	-0.033638434782611526
SLMAP	-0.13375934782608745
TTPA	-2.2930634130434733
TFAP4	0.7496174999999994
RRN3P1	-0.31433326086956104
SND1	0.34064328260869736
KLKB1	-2.1654698478260865
PAQR5	0.5142141086956507
SNORD116-20	0.3452463043478262
SUPV3L1	0.02328152173912912
PYDC2	0.0036570652173913048
PYDC1	0.318197543478261
RDX	-0.7136981956521691
CYBB	-1.374242239130437
SLN	0.5583585217391306
CYBA	-0.06559826086957266
CEACAM19	0.8082874565217413
CEACAM18	-0.007428608695652171
LMAN1L	0.30972902173913036
HMHA1	0.3212868913043483
CEACAM16	0.2983314782608693
CTNS	0.11830297826086955
CIDEC	-0.5264157608695648
DHCR24	-0.3171389999999956
KY	0.11717186956521763
PRCP	-0.7510366086956459
PPM1A	-0.5459457608695644
RAB15	0.09281373913042401
NOTCH4	0.5548271956521678
PHGR1	0.11694541304347794
MEAF6	-0.0566242173913043
MSMP	0.6357264782608731
AZIN1	0.004944108695653426
LCA5	-0.9537097173913045
NOTCH2	-0.41886195652173264
CMTM7	0.14388428260869368
FAM126B	-0.7006300869565187
EGR3	-2.1953688260869573
ZNF655	0.19717110869565602
TCTEX1D2	0.8584258043478243
TCTEX1D1	-2.9240280217391303
MLPH	-0.8844301739130387
PPM1M	0.5106835434782635
ZNF653	0.09349067391304455
TCTEX1D4	-0.29120304347826154
HSF1	0.7828539565217376
TRMT112	0.5364641956521705
FGFRL1	-0.42673045652174224
HSF2	0.7371210217391333
CRLF2	0.5217971521739129
CRLF3	0.12464530434782706
RNF14	0.06377778260868894
CRLF1	1.502099782608695
NISCH	0.5866294347826084
PRPF4B	0.18279506521738753
C7orf55	-0.2745507826086957
C7orf54	-0.12716445652173924
C7orf57	0.10419667391304349
N4BP2L2	-0.05412604347826466
C7orf51	0.030343260869566624
C7orf50	0.8907285869565218
C7orf53	0.5401508043478227
C7orf52	0.6302987173913039
RNF175	-0.5711689782608693
C7orf59	0.6875270869565142
C7orf58	-3.17015569565217
NUDT13	-0.28674030434782427
TPTE2	0.012487086956521787
RNF130	-0.723588282608695
PRSS50	0.7748622391304356
ZNF384	0.5927315000000011
PRHOXNB	0.026477717391304348
POC1A	1.0404011521739127
C1RL	-1.8843954130434852
RAPH1	-0.9434855000000084
TAOK1	-0.748219934782612
VPS39	0.4986976086956538
PARK7	-0.15859273913043204
NAALAD2	0.11770671739130423
RORB	0.07132832608695694
RORA	-1.3320570652173913
PARK2	-0.33370758695652025
ZNF479	0.16215760869565216
RNF133	0.2156525652173915
MST1P2	-0.25786765217391583
SYS1-DBNDD2	-0.0970674999999992
STXBP5L	0.2873152608695652
ZNF471	-1.0352274347826098
ZNF470	-1.0887387391304335
ZNF473	0.66568532608696
DMTF1	0.673172869565219
MST1P9	0.09033882608695976
GUSB	-0.29929721739130777
PRSS53	-1.158261326086956
SCARF1	-0.2344534565217371
TELO2	0.807214782608705
HLA-DQB2	-0.23146991304347964
KRTAP3-2	0.01718641304347826
KRTAP3-3	-0.0156325
KRTAP3-1	0.12161847826086955
JMJD4	0.9854161739130411
RNF139	-0.20457202173913203
MDM1	0.3187350217391298
MDM2	-0.41376767391304803
SEP15	-0.09987436956520845
MDM4	0.773191260869563
ROR2	0.12709426086956555
ROR1	-0.35089810869565374
LOC285375	0.014751086956521739
LOC285370	0.025858695652173913
SNRPD2	0.9248611086956551
SNRPD1	0.7711574565217401
NR1D2	-0.4408912826086926
SLTM	-0.12328752173913138
SFI1	1.4091731521739144
LOC646982	-1.1307863043478263
CPB2	-1.4931651304347824
CPB1	-0.912833500000001
KIT	-0.37662219565217114
KPNA7	1.5487465434782632
KPNA6	-0.3258650869565187
KPNA5	-0.05034634782608727
KPNA4	0.012271000000000143
KPNA3	-0.3621277173913029
KIN	0.3511741304347824
EDAR	-1.0960883043478251
ZNF397OS	0.47745599999999655
PKP3	-1.1246348043478256
TTC30A	-0.2301582826086861
CRP	-3.158572043478264
WDR90	0.8166642826086985
IFT46	-0.8757998043478272
PAR4	0.04862323913043476
SPATA18	-2.564722086956519
UNC119B	1.4378460217391282
CRX	0.015883891304347753
SLC25A18	-1.3029790000000023
OR6S1	0.008282065217391303
ZNF749	0.17530345652174173
FRS3	1.0488509347826032
FRS2	-0.13185891304348196
GOLT1B	0.4431145000000001
GOLT1A	-0.3278799782608619
CRK	-0.757039108695647
CRH	0.20948084782608695
TTC30B	-0.1106814782608696
SLC25A15	-1.3466347173913018
RPS16	0.6858501956521827
TNFRSF19	0.25748395652173617
OR6C75	0.005466847826086957
GLDN	2.3346078043478267
CHODL	0.5382916086956525
GLDC	-1.6439855434782604
TRMT2B	0.27441282608695694
QPCT	0.6056528043478222
PC	-1.296305760869572
FOXC2	0.9232166739130439
CASP9	-0.2638690434782607
B4GALT1	-0.8979168478260888
B4GALT3	0.725765934782606
B4GALT2	0.3137941086956495
B4GALT5	-0.7442052826086947
B4GALT4	0.19451456521739452
B4GALT7	0.8711128913043478
B4GALT6	-0.00024415217391471344
FCN3	-6.044738369565215
FCN2	-7.688877717391303
FCN1	-1.5862089565217428
ROMO1	0.7315809130434783
OR5L1	0.0
DHRS11	0.2329655869565208
DHRS12	-0.8283584999999967
DHRS13	0.7957389130434755
SGOL1	2.770930586956523
SGOL2	2.2948010434782633
FOXC1	0.38790065217391323
LOC285954	0.4998494782608698
TBC1D13	1.0472883695652193
GPR89B	-0.3137023260869576
GPR89C	0.3621637173913035
GPR89A	0.3172488913043381
RFX1	0.054635021739127154
CR2	0.10165232608695685
ASPSCR1	0.8561499782608699
CR1	-2.582503521739131
TNFRSF1B	-0.9853287826086934
WDR19	-0.026287108695647987
LGMN	-0.562801434782612
TNFRSF1A	-0.8519185869565256
FAM174B	0.02928621739130044
FAM174A	-0.08198869565217493
CYP19A1	1.829315913043478
PTPN9	-0.32182078260869673
TBC1D17	0.2667869565217398
SPRN	0.7682352173912985
PPP1R9B	-0.21976210869565982
LOC284023	0.841629999999999
SULT2B1	-0.289869869565218
L1CAM	-1.756052608695653
GPD1L	0.6281755652173917
TBC1D15	-0.7269955217391324
RFX2	-0.7877012173913025
POLR2J2	0.6205241956521714
POLR2J3	0.711290326086953
C6orf217	-0.22355852173913104
VMAC	0.8809585869565195
C6orf211	-0.3465318695652151
PAX2	0.24527552173913025
ZNF419	0.5074335217391317
C6orf218	0.15115349999999994
PTPN3	-1.1938298913043557
SIGMAR1	-0.15207691304347293
CAPS2	-0.8622824782608687
GCFC1	0.2156999782608704
ZNF671	0.3491502826086954
ARNTL2	-0.16072869565217474
PTH2	0.0032282608695652173
EHMT1	-0.07568439130434612
EHMT2	1.5449323043478245
ADIPOR2	-0.7843276304347846
CCDC15	0.7055503260869571
WDR83	0.8371254130434771
PTPN7	0.4004240869565203
HPRT1	-0.12363593478261237
PTPN6	0.06542867391304164
MARK4	0.9425366086956526
FOSL1	-1.6048103260869535
MARK1	0.21106332608695633
MARK2	0.29920132608695127
FOSL2	-0.5416859565217376
GRK1	0.053437500000000006
RG9MTD1	-0.15034530434782845
MCOLN2	0.03656754347826041
S100A4	0.21322302173913243
RPPH1	-0.3496717173913044
FOXF1	-1.71561497826087
IGBP1	0.6056883913043496
NUP54	-0.21721486956521652
CD63	0.5323455217391295
FOXF2	1.3201095434782608
SERPINA1	-1.401490086956514
NDUFA13	0.3580094999999961
CD69	-1.692098304347824
CD68	-0.6929980217391325
PAGE3	0.02625326086956522
TPD52L2	0.7953570434782602
MAGEB16	0.5745815217391304
TERF2IP	-0.5244651739130415
TPD52L1	-1.332775586956524
EFCAB10	0.62292754347826
CA5BP	0.2964329130434704
S100A7	-0.1280004565217392
SLC18A3	0.10016793478260869
CELA1	-0.21176878260869575
VSX1	1.0091854999999998
ISOC2	-0.2659823260869576
ISOC1	-0.9895467173913044
HSPA1B	0.5844883260869498
CAPSL	0.12271284782608691
KRTAP24-1	0.002953804347826087
ACTR3C	-0.9744631521739198
ACTR3B	0.1963742391304395
TMEM121	-1.2319094782608677
WDR12	0.5298557391304382
OR7A10	0.0
CHRD	0.04353106521738681
WDR17	-1.651797108695651
OR7A17	0.0
TMEM175	0.02614845652174047
ARV1	0.40011050000000026
S100A6	0.7184059999999963
GABPA	-0.39432815217391415
PSCA	1.2159438478260873
SPIRE1	-0.796807695652169
PF4	-1.0162893913043474
AOX1	-2.9165166739130512
LMF1	-0.11960578260869603
GPR55	-0.5316638695652172
JHDM1D	-1.1322130434782576
PPP1R1C	-1.9971631521739122
C1orf210	-0.3983663478260855
C1orf212	-0.6495715434782667
C1orf213	0.8142119782608708
TIMM9	0.5122601304347825
C1orf216	0.444306065217388
SLC16A14	-0.18386497826087211
PIK3CB	0.06368291304347906
NCRNA00230B	-0.19152645652173916
USP9X	-0.5960462608695654
USP9Y	0.035555760869565134
LRIT1	0.016505978260869567
WASL	-0.17672563043478462
PAEP	1.9038035869565235
ZMYND11	-0.21054102173913414
BCL9L	0.6355754130434761
ZMYND19	0.7321247173913061
ZNF644	-0.3384134347826091
SHOX	9.465217391303737e-05
UTRN	0.012925304347820799
SLC35B1	0.430059717391309
WASH2P	0.8728364347826121
CLEC3B	-1.3473025652173956
KRT33B	0.055476630434782605
CGGBP1	-0.10810186956521939
CLEC3A	-0.11715204347826086
AMBP	-1.3564258478260953
ZNF786	0.29879202173913466
UFSP1	0.6673798695652149
ZFP41	1.8194905869565279
AMBN	0.6254239130434782
ZFP42	0.14474510869565216
CARNS1	-0.04167526086956652
PHGDH	-2.0665268478260845
HSPA1L	0.35381680434782403
VSX2	0.23750978260869562
MAD2L1BP	0.17002930434782293
HSPB6	-0.9992419782608684
DGKZ	0.9379099130434803
C10orf35	0.8592915869565232
C10orf32	-0.3122309347826082
HSPB3	0.3762696739130435
HSPB1	1.750404391304345
PKN1	1.070886913043477
PKN3	1.760900108695651
LRCH3	-0.29578782608695686
SNORA45	0.12210434782608692
HSPB8	0.41130147826086816
HSPB9	-0.617296152173914
NCRNA00157	0.0
TPH1	0.40133615217391294
IDH3B	0.3023776739130515
NCRNA00152	2.284639043478262
RHOBTB3	-0.2364677826086936
RHOBTB1	-0.28727745652173997
INO80D	-0.06252728260869134
IL21R	-0.49809647826086856
INO80B	0.47403413043478615
INO80C	0.4435987826086949
NCRNA00158	0.22854102173913043
DIS3L2	0.45057256521739397
KIAA0913	-0.053150065217385745
FAM43B	-0.9642145217391289
FAM43A	0.1742048478260818
SCGB1C1	-0.0013543695652173948
ZNF784	0.44481713043477633
TEX261	0.13669089130434742
PLOD2	-0.29742697826087117
UTP14C	-0.699140065217394
CMPK1	-0.7172801956521635
LMF2	0.3970430652174013
PGA4	-1.6068955217391307
CMPK2	-0.6528556304347841
KCNE2	-0.6566174347826088
KCNE3	0.584589086956524
FKBP9L	-0.17501645652174158
KCNE1	-2.4619336739130433
FAM124B	0.3635267608695676
ERBB2IP	-0.19570423913043555
FOXE1	0.4048182608695649
FAM124A	-0.5848964565217374
TEX264	0.26190065217391734
PTDSS2	0.7636112826086912
C5orf27	-3.866966239130437
LDLRAD1	1.8632281521739125
LDLRAD2	0.6303887608695629
DCD	0.013695108695652172
HPCA	0.430800326086957
TICAM2	0.35224147826087027
SELO	-0.6317461739130437
NCRNA00120	-1.0297632608695624
A2BP1	0.14312615217391303
CYP2F1	0.22148513043478257
RFTN1	-0.394022891304342
HTATIP2	0.5408832608695651
LIG4	-0.6264747173913072
PMS2L5	-0.00762704347826304
CSNK1D	0.5022429999999929
CSNK1E	0.7119305652173846
LIG1	1.2885337391304361
PMS2L2	0.1411032173913087
BDP1	-0.23431795652173726
DEFB134	0.0
DEFB135	-0.029404
DEFB136	0.0
DEFB130	0.0
DEFB131	0.011784239130434781
DEFB132	1.0453371521739143
IREB2	-0.38250756521739504
ISCU	-0.03526352173913061
MRS2P2	-0.5598062826086956
ZNF789	1.0856196521739134
EHBP1L1	0.4461211521739088
ALS2CR8	-0.1748464782608714
FNTB	0.31692878260870394
BOLL	0.03752978260869566
SNORD29	0.0
TPSD1	-0.3914789999999997
UMODL1	0.39397100000000007
ADAMTS20	0.5995553043478259
NKX6-2	0.1584201086956522
ALS2CR4	0.8191891739130428
C15orf55	0.05274158695652173
AFARP1	-1.058324565217391
DPY19L2P4	0.07467006521739136
EVI5L	0.7681138260869593
CRCP	-0.3244659130434755
DGKA	0.332289152173912
KCTD17	1.2573449565217434
DPY19L2P1	0.06346350000000006
CSPG4	2.397754260869566
CSPG5	2.098442565217393
KRTAP10-7	-0.005960956521739131
KRTAP10-6	0.08934354347826085
KCTD19	0.2535201956521739
KCTD18	-0.1058503260869621
KRTAP10-3	0.026533695652173915
KRTAP10-2	0.038305978260869566
KRTAP10-1	0.003416847826086957
TNFSF13B	-0.933791413043477
ZKSCAN3	1.3730353043478258
ZKSCAN2	-0.22343891304347974
ZKSCAN5	0.6591645217391253
ZKSCAN4	0.8676802826086973
LOC100240726	-0.318289456521739
THEM5	0.7877768478260869
KIAA1409	-0.5979055652173917
LOC100132724	0.5834425652173914
FPGS	-0.37982949999999605
GLIS2	0.8114505217391317
GLIS3	-0.8548921521739103
GLIS1	-0.021644608695652212
H6PD	-0.158213586956526
FNBP4	0.42206043478260824
CYP2S1	-0.8214478478260894
SLC25A37	-0.8623701956521739
SLC25A36	-0.3604084565217418
BCHE	-3.1570948695652152
DCP1B	0.3433414347826069
DCP1A	-0.21094252173912942
GPBAR1	-0.844132499999998
TMEM106B	-0.3456815434782676
VIM	0.4465507608695738
SLC25A39	0.862383260869569
C15orf33	-1.1677782826086949
TGM5	0.1562139130434782
TUBA1C	0.5847303913043405
LOC100190940	-1.0741047826086954
TUBA1A	0.4809571521739091
TMEM106A	-0.5276672608695652
FAM23A	0.36722456521739044
VIP	0.1808529999999997
AJAP1	-1.2442426086956524
IGSF11	0.17942554347826067
MMEL1	0.3411038043478265
TMEM182	-0.5197918695652177
TMEM181	-0.09958365217391041
TMEM180	0.7577185869565213
TMEM187	0.16972434782608836
CHMP5	-0.11827904347826035
IL10RB	-0.16971810869565118
GNG2	-0.7834715652173898
RIBC1	0.42688463043478153
TMEM188	-0.4888237608695638
PDZD3	-0.040192108695652706
SLC7A6	1.1377008478260908
FAM102B	-0.25246591304347543
FAM102A	-0.6769438260869602
CNTD1	0.9613166086956548
PRH1	0.14921106521738992
PGBD4	0.3621348043478241
RIMKLA	0.1961813695652168
S100A7L2	0.0
PGBD5	-0.16168586956521835
SMCR7L	-0.08383554347826383
PALB2	0.49813949999999974
SCGB1A1	0.2740010217391305
ZMAT2	0.371298652173925
PGBD3	-0.40625347826086333
OR7C2	0.0
TAF6	1.0352843043478241
TAF5	0.4498688043478296
OR7C1	0.17581826086956528
TAF3	-0.1814582608695643
TAF2	-0.04256065217391303
RNGTT	-0.2365543260869618
G6PD	2.0087576304347783
G6PC	-1.8746434782608734
OSTCL	-0.07617802173913057
TAF9	0.5179884565217439
ELMO1	-0.13753154347826246
TSPAN32	0.1197068260869587
TSPAN33	-0.02980693478260754
TSPAN31	-0.09627326086956423
ELMO2	0.02842332608695841
LOC653544	0.044944565217391305
LOC653545	0.0
POMT2	0.7202748478260901
AIF1	-0.7707150217391323
USP17	0.012302173913043477
AGPS	-0.27185993478260606
ALAD	-0.9678605652173928
LY6G6D	-0.001230847826086956
FOSB	-4.202610565217389
DKFZp779M0652	-0.6479423260869561
POM121L8P	0.3570741739130436
PPAPDC1B	-0.06191547826086996
CCNG1	0.11878758695652358
CCNG2	0.2926071739130416
PDXK	0.7043559782608675
LY6G6F	-0.30899839130434775
SNORA48	-0.04581943478260869
CNO	0.5061345869565193
LRRCC1	-0.06550541304347846
NPLOC4	0.8804446739130434
TMEM86A	-0.12415841304347541
TMEM86B	-0.700173804347827
LGALS13	0.013430978260869567
FNIP1	-0.06873947826087345
FNIP2	-2.0662618695652224
USP19	0.12313345652174057
PIK3C2A	-0.33029965217391144
VSIG8	0.20622239130434777
LGALS14	0.49743804347826087
LOC100130386	-0.034190000000000026
GTF2A1L	0.17315173913043436
LOC644172	-0.33707221739130455
AP2M1	0.36770793478260266
OR5K4	0.0034048913043478258
PPIAL4B	0.0
NPM3	0.9169562391304309
PDCD6	0.49721667391303903
PDCD7	0.26176280434782484
PDCD4	-0.11525413043477961
NPM2	1.41386060869565
LOC285033	0.3754722608695644
TCF21	-2.2345448260869585
PDCD1	0.5167833913043491
UGT3A1	-2.7138731086956547
PPIAL4G	0.5121500217391306
LOC100128023	0.119929652173913
FUZ	-0.6036544565217365
HDLBP	-0.2317277391304362
PRKCE	-0.9841847391304368
PROK2	-1.9753994347826085
PBLD	-2.2715495217391286
OR5K1	-0.022940347826086963
OR6C3	0.015339130434782609
DSG2	-0.9081830217391342
ERP44	-0.17968569565217685
C6orf27	0.3849836956521724
C6orf26	1.7668913695652142
C6orf25	-0.33171978260869556
DSG3	-0.7047416304347826
GCAT	-0.7435304130434748
GHSR	0.08432032608695654
N4BP1	-0.1708688478260889
TP63	0.13712763043478216
HIST2H2AA3	0.751830608695661
VPS26A	0.09809186956521998
VPS26B	-0.11807436956521755
KLRD1	-1.7089233695652153
ZNF101	0.7529557391304351
PRKCD	0.7709518478260957
PGPEP1	0.327532086956527
FLJ39653	0.8446235217391296
ZC3H7A	-0.05124276086955959
SREBF2	0.5438820434782645
OR13G1	0.01699782608695652
SLC29A4	0.6095696956521728
OXCT1	0.7391165869565217
DSG4	-0.019605260869565155
OXCT2	0.03247715217390956
SLC48A1	0.370088521739131
TXNDC17	0.12667767391304885
STAC	-0.9874132608695652
CIC	0.4925816521739126
KARS	0.02332510869564608
TMEM20	-0.4957078695652113
RAB39B	-0.26235963043478305
KIF16B	-0.2011368695652198
SSRP1	0.3634961521739175
LOC100128292	1.9187709782608695
IL12B	0.3271881304347824
IL12A	0.7891729565217389
TMEM26	-2.4892608478260865
IRAK1BP1	0.03709026086956424
LOC389332	1.6674046956521744
SPINK8	0.009362260869565223
CIT	0.8983582391304346
SRF	-0.0880522608695653
ASAM	-0.9367950000000018
TXNDC12	0.17317669565217741
WFDC9	0.005153260869565217
PRO0628	-0.001919630434782632
TSSK3	0.9144523043478237
C1orf97	0.11205152173912936
LOC283392	-1.2920190217391316
TRPV3	-1.083642608695653
TAF6L	0.07321021739130629
C1orf96	0.8559173478260806
SNUPN	0.26557900000000245
SHPRH	-0.6677974130434805
DAO	-2.0249181521739033
TATDN1	0.6865429130434784
ST8SIA2	0.2741926086956523
FIGLA	0.09756730434782611
DAK	-1.3003283478260812
C1orf175	-0.5791685652173939
C1orf174	-0.02695502173913411
C1orf177	-0.0969566304347842
DAP	-0.058484108695649795
C1orf170	1.0360246521739147
C1orf173	-1.7615610652173928
C1orf172	-0.5690172173913073
MLANA	0.1918913260869557
FOXO3B	-0.24963634782608324
MTA1	0.33796019565217605
MTA2	0.09397826086956584
C1orf92	0.16817556521739147
LRP10	0.2661997173912969
LRP11	0.6296128260869533
LRP12	0.349142869565215
RIMBP3C	0.9763194565217395
CUBN	1.2005520434782566
ZNF329	-0.02654134782608608
GAPDHS	0.40283845652173905
GPC1	-0.8265853913043468
GPC2	1.753202021739129
GPC3	5.142906413043483
GPC4	-0.40959691304347867
GPC5	0.04333386956521812
GPC6	-0.9501667826087008
ZNF485	0.4880640217391292
LRFN5	0.3871113043478259
HEPH	-0.5294478260869546
KRTAP15-1	0.0
MTAP	-0.42612919565217666
C21orf15	-0.6437915869565217
BICD1	0.8328168260869564
BBS9	-0.34392841304347765
SEC22B	-0.5374480217391291
SEC22A	0.24839726086956304
SLC16A10	-1.3604306521739113
BBS1	-0.2409712391304346
BBS2	-0.040320108695652834
BBS5	-0.4900751739130458
BBS4	0.6020860000000035
BBS7	0.2600999347826045
KIAA1984	0.8034461521739122
ANKDD1A	0.6246385869565199
C2orf49	0.15136393478260235
C2orf48	1.1779665217391293
INSL4	0.19188260869565218
C2orf44	0.7089638695652161
C2orf47	-0.6586890217391304
C2orf40	-1.8752735869565238
C2orf43	0.04714056521739529
C2orf42	-0.40881384782608876
OR52B2	0.002507760869565216
ELANE	-0.5368257173913044
AGL	-1.7061257391304405
AGK	0.15863639130434493
OR52B4	0.011292934782608696
NIPA2	0.29183984782608796
MGAT4C	0.5167175652173917
CELA2A	0.1603657608695652
AGA	0.03311980434782846
CELA2B	0.02634834782608696
C13orf18	-0.9087312826086942
FAM190A	-0.8681325869565215
PDCD11	0.4833584999999978
AGT	-0.4677128913043429
C13orf15	0.13418184782609188
PDE9A	-0.47265452173913314
C13orf16	-0.029004173913043774
RAB11A	0.12024854347825809
FLJ12825	1.4695228260869562
ESPN	-0.8356391304347834
GPR180	-1.626859760869566
PIK3CA	-0.5986591956521767
GPR182	-4.358064543478264
GPR183	-1.2830306521739177
PIK3CD	-0.7483935434782607
PIK3CG	-0.7536484782608674
ZSWIM4	0.16296526086956753
ZSWIM5	1.1628370000000015
IGF2AS	-1.2406850869565207
RAB11B	-0.003100673913040808
TBCA	0.26656639130434456
ZSWIM2	0.016442934782608696
LOC91450	0.6269559347826064
PRND	2.5384617608695668
TMEM57	-0.5605198913043488
TMEM54	0.6248470000000044
SCLY	-0.09464528260869542
RER1	-0.2718243260869553
SCG5	-0.36411491304347976
TMEM51	0.01204836956521671
FAM59A	-1.880073065217391
MGC15885	0.028567934782608696
PAR-SN	-0.4359175434782614
GSC2	0.0
PLEKHA6	-0.041715673913040874
FAM84B	0.12714249999999971
SNORD16	0.0
POLR3GL	-0.061451173913040336
FAM84A	-0.8497016086956535
KCNN3	1.4622570000000024
SNORD17	0.22516873913043556
MEG3	-0.22278550000000052
TAGLN	-0.18778160869565674
SC65	1.2989663478260844
TRAFD1	0.32829134782608804
PIK3C3	-0.29855986956522607
LOC541471	1.9633639565217447
MEG8	-0.029977326086956524
PRRG4	-1.349829282608698
RPL18	0.548962434782613
ZNF675	0.7185128695652168
ZNF674	0.1257717826086946
ZNF673	0.32759619565217335
ORM1	-2.5604047391304476
ORM2	-2.2843956086956485
PRRG3	0.6280474782608695
ORC6L	2.8634020217391267
MAX	-0.09356500000000167
PARP14	-0.327989347826092
MAZ	1.0133110869565307
ERI2	-0.5857993043478213
ERI3	0.43908700000000067
KTI12	0.1896115217391321
ERI1	-0.058693434782607135
VPS8	0.41411617391304567
TUBA1B	1.118250304347825
MAG	-1.2760610217391304
MAF	-0.6864521521739082
ACLY	1.0083472826086943
MAK	-0.9730979347826083
AG2	-1.9911995869565189
LOC100190986	0.08195439130435034
SLC7A5	0.15775919565217222
NXF2B	0.19789347826086956
KRTAP11-1	0.023549999999999998
EVL	-0.6021497826086968
OR1B1	0.02920489130434783
ALDH3A2	-0.6116293043478276
ALDH3A1	1.1917626739130425
WFDC1	-1.6216326086956503
HAS2AS	-0.30915543478260876
EDC3	0.7882946521739136
MGST1	-1.2557447173912983
SLC35B4	0.11495260869565271
EDC4	0.34971786956521456
KRTAP19-5	0.07765380434782608
ATXN3L	0.04000706521739131
SEMA4C	-0.255983217391309
CSDE1	-0.2143848478260928
C9orf130	-0.3925006739130481
BACH2	-2.27667423913043
BACH1	-0.7485769565217435
JAM3	0.43650082608695406
SNORD36A	0.0
GMDS	0.2731029782608694
LSR	-0.7457632391304418
LSS	0.27692413043477515
RASEF	-0.1057994782608711
SLC37A3	0.04837469565216779
CYTSA	0.17383456521739227
CYTSB	1.4454663695652208
KCNIP4	0.21033210869565222
KCNIP3	0.5900496739130441
KCNIP2	0.5799507391304375
KCNIP1	-0.6074816739130438
LOC388946	0.05221413043478261
PRSS55	0.15312189130434786
PRSS54	0.14016141304347826
ZNF778	0.03163971739130389
LOC220594	0.25505026086956484
LOC729799	0.04814986956521761
C10orf113	-0.008899891304347828
HAND1	0.09228849999999998
RPL23P8	0.47065099999999926
MPV17	0.9854907391304302
BYSL	0.5030610000000024
LIN28A	0.3504304347826088
FAM136A	0.297254978260872
TMEM102	-0.19515365217391256
OTUD7B	0.07828202173912935
MOGAT2	-4.314280804347827
MOGAT3	0.09483145652174407
MOGAT1	-1.2672332391304348
ANAPC1	0.28169630434782533
HMCN1	-1.563873673913041
ANAPC2	0.1845617391304355
ANAPC5	0.28605573913042903
ANAPC4	0.5946130869565245
ANAPC7	0.9218283260869544
KIR3DX1	0.030594891304347796
RPS6KA1	-0.023834760869567262
RPS6KA2	-0.29913967391304297
RPS6KA3	-0.18697036956522162
RPS20	0.6790429999999947
OR12D2	0.4736809782608696
RPS6KA6	-1.7877283478260877
SMYD5	0.8031220434782593
PISD	-0.004299173913045351
PSMD14	0.49972810869565976
PSMD11	0.19891595652173955
PSMD10	0.6702209782608701
PSMD13	0.38231682608696005
PSMD12	-0.20939504347826698
HBQ1	0.16634826086956528
FTCD	-2.237832152173917
EDIL3	1.5305100652173906
UTP20	0.3604394347826112
SENP5	0.044489195652175795
MAGEB6	0.6992880434782608
MINPP1	-0.5702780869565203
RFPL1S	0.17305469565217457
LEUTX	0.027663586956521737
METTL2B	0.22259441304347494
GANAB	-0.056160108695658906
WFDC5	-0.03783402173913045
SMYD2	0.7992605000000008
VAV2	-0.21468328260869285
SMYD3	1.4057806739130427
VAPB	0.06381434782609041
VAPA	-0.08041052173912355
NPHP3	0.22263319565217632
MKI67IP	0.15321843478260888
NPHP1	0.3527090869565237
LOC148824	0.35293173913043446
NPHP4	-0.14751173913043303
SNORD91B	0.0
CTH	-2.560402499999997
EXOSC10	0.1806689782608668
ARF3	0.2389723695652144
ARF1	0.3942329347826039
ARF6	-0.4012842826086995
ARF5	0.2751190434782558
ARF4	-0.13691184782609334
LOC645166	1.591773652173913
SNN	0.08317984782608612
MOBP	0.024831173913043236
PTPRCAP	-0.10031080434782513
C6orf186	-0.43471093478260814
C6orf182	-0.04375441304347749
IRF2	-0.42190673913043675
LOC255025	0.2258364130434783
MYLK4	-0.305252717391304
MYLK2	1.0167159347826087
MYLK3	-0.004493260869563809
RBMY1J	0.45445217391304343
RGPD1	-0.7970173260869604
RGPD6	-0.2349119130434758
PPP2R2C	1.831430565217391
RGPD4	-0.39231306521738407
RGPD5	-0.5522416956521736
MOB2	0.3934987391304414
RDM1	2.8321949782608704
RGPD8	0.3323902173913043
PQLC3	-0.310524499999997
OR10S1	0.004393478260869566
PQLC1	-0.52037497826087
RGS17	0.7093605217391301
RAB11FIP3	0.47237286956521096
LOXHD1	1.2643884782608694
RAB11FIP1	0.07100354347826077
RAB11FIP5	0.03905876086957605
PATL2	0.22501163043478378
TMEM101	1.0097404130434793
SLED1	-0.253631739130435
LOC100129550	0.34586460869564917
LRRC25	-1.0414316956521752
FAM176A	-1.6907057608695641
KLRAQ1	0.03312919565217598
FAM176B	0.7303961304347792
RAB7A	-0.24184834782609954
LOC100133469	2.592262347826087
MYL6B	0.9756876086956492
SNORD87	0.0
NRN1L	-0.1925725869565218
SLITRK6	-3.502823717391305
IFIH1	-0.4544751956521722
RNASET2	0.14806467391304423
ACTR10	0.1013349565217343
HMGB3	0.1401528260869611
EEF1A1	-0.09779197826088115
EEF1A2	2.965870652173913
LRRC20	0.6758783260869592
SLITRK4	0.5499141086956525
CHP2	0.7648119130434781
ARL11	-0.642336978260869
ARL10	-0.33046552173913035
RAB2B	-0.24842247826086883
SLFN12L	-0.5084128695652173
ARL15	-0.07102210869565351
ARL14	-1.262307717391303
ARL16	1.331413086956526
LOC550112	-0.05104702173912834
FRRS1	-1.181450282608698
SNORD86	0.0
HYALP1	0.0024331521739130433
GCHFR	-0.9921666739130455
TSPYL5	-1.4640959130434776
ZNF534	1.0549209347826076
RPL7A	0.3834630000000061
AASS	-1.9573073913043455
WDR45L	0.35706326086956786
MGC34034	0.025963586956521737
KIF4B	0.9751995869565213
KIF4A	3.8679746521739062
PEX14	-0.5114398043478214
CLIP3	0.13723486956521747
ACTL7B	0.1148044130434783
ACTL7A	0.04951793478260871
ZSCAN12	0.2884331739130399
ETNK2	-1.2501053043478194
ETNK1	-0.32741621739130444
CLIP4	-0.20299393478260175
MNDA	-1.1698213913043487
LRRC28	-0.31504123913043536
RABAC1	0.016960478260875433
HEXDC	0.47312197826087043
DHRS7B	0.05131719565217985
AP3B1	0.5715395434782646
CD48	-0.742675891304347
TRIM65	1.2074580652173879
MND1	4.039322978260867
CD44	-0.18585545652173785
CD47	-0.07561795652173764
CA14	-0.7484072826086976
CA13	-1.4999515434782644
CA12	1.9657448043478274
CA11	0.2646570217391302
CA10	0.43275260869565224
FPGT	-0.008643869565212015
FGFR1OP	-0.6976651956521769
VMA21	0.1488094782608762
PDX1	-0.6135379999999997
GCNT1	-0.7051513478260834
CETN4P	-0.15419569565217406
MAF1	0.7169103695652197
RAB20	-1.1636023695652185
CALY	0.9391198695652173
EIF4E3	-1.615682021739131
EIF4E2	0.0032896086956490933
RAB24	1.0766872391304272
RAB25	-3.4054814999999965
RAB26	-1.0007964782608694
PIK3C2B	0.9537479565217417
GLRA3	0.12322213043478264
GLRA2	0.09300380434782607
CALR	0.37799628260869866
DZIP1L	0.17031802173913047
ASAH2B	-0.9437433478260866
GLRA4	0.038088586956521744
WDR78	-0.9268140869565222
RPS29	0.20168617391304444
FAR1	-0.2789219565217431
ACTR1B	0.12472550000000204
ACTR1A	0.22454180434782778
FAR2	-0.16358265217391477
WDR70	0.518177847826081
WDR73	0.3989241521739135
CHPF	-0.2957309565217443
WDR75	0.31942680434782567
WDR74	0.348987304347828
WDR77	0.3408797608695675
WDR76	2.3024506304347883
WNT3A	1.6660266304347817
COL23A1	-0.047363521739131276
TRHDE	-1.912594195652174
SYT15	-0.7954110652173929
MCF2	0.05941134782608659
NTAN1	0.013924608695653262
PPP2R3A	-0.04639410869565186
NQO2	-0.16480441304348048
CDO1	-1.9129460217391347
C1orf230	0.3572251956521739
NQO1	2.8378666086956477
PRPF8	-0.20834980434782224
SFMBT2	-0.6158611956521756
RGS11	-0.5961885217391294
LOC572558	-0.06054013043478257
FLJ35220	-0.2944365869565235
NID2	-0.01681704347825974
PRPF3	0.9863914565217442
PRPF4	-0.05898660869564587
PRPF6	0.6408950217391318
FILIP1L	-1.3267831521739115
TPCN1	0.722578108695652
RUNDC1	0.2522497173913054
CD177	0.5193556086956517
PCF11	-0.11752754347826233
GSTTP1	0.026590760869565216
GSTTP2	0.015378260869565218
C5orf48	0.17574782608695652
C5orf49	-0.3991608043478272
CLEC1B	-8.055944239130437
NID1	-0.42966554347826325
C5orf44	0.21323419565216994
C5orf45	0.4062808913043474
C5orf46	2.425709847826087
C5orf47	0.21156828260869542
C5orf40	0.28908204347826083
C5orf41	-0.9160975217391378
C5orf42	0.32259936956521784
C5orf43	-0.044852021739130166
PABPC3	0.5446339130434756
TPCN2	0.04537821739130088
IL31RA	0.6076093478260871
NCRNA00171	0.9312909999999994
RFFL	-0.49296632608695745
NCRNA00173	0.8534724782608698
LEFTY2	-0.06523286956521723
NCRNA00175	0.10178506521739134
NCRNA00176	2.7416934565217406
LEFTY1	-0.43285791304347754
ARRDC4	-1.54084547826087
ARRDC5	0.24728234782608705
ZWINT	2.6406763260869592
ARRDC1	0.08100778260869745
ARRDC2	0.644824565217391
ARRDC3	-0.7988455434782651
FAM120AOS	0.17860343478260354
FAM45A	0.07717921739130595
KIF14	2.6873047391304326
RAB27B	-0.5404380217391305
FAM45B	-0.39396476086956067
LOC388796	0.8714155652173927
SH3BP5	-0.77169443478261
RHBDD2	-0.006086804347825492
CSAD	-1.3015569782608711
RABGAP1L	0.23783421739130972
ELK3	-0.5168019782608724
CDON	-0.18976136956521206
ELK1	-0.015460152173917052
GPHB5	0.006027717391304348
ELK4	0.04939289130435398
KTELC1	0.07628256521739996
PAK6	0.3047328913043481
PAK7	-1.783477391304348
PAK1	0.5815711739130407
PAK2	-0.2911898478260895
PAK3	0.5865583260869567
TTR	-2.358241999999999
FAM122A	-0.7772680000000047
FAM122B	0.7437168913043477
FAM122C	-0.23585404347826255
SH3BP2	-0.10604897826086557
NSDHL	0.27419917391304693
ZNF200	0.5827418478260897
KCNG1	0.3886690434782607
KCNG2	0.9415671086956516
KCNG3	0.5015917173913044
KCNG4	0.0076369565217391305
NUBPL	-0.5424461304347856
PPP2R5C	-0.22479865217391293
KRT19	-3.291258282608694
LOC115110	0.596892630434783
PANX1	-0.5527804347826102
MYL1	0.07171984782608697
NPB	1.8765749565217387
OR4C11	0.0
CEP97	-0.034874565217392295
OR4C13	0.006371739130434783
OR4C12	0.002953804347826087
DEFB116	0.0
DEFB114	0.0
DEFB115	0.0
DEFB112	0.0
DEFB113	0.0
CYP2D6	-0.9330691304347845
SUB1	0.6527606086956474
ATXN7L3	0.7552132173913044
PIGG	0.39568865217391647
TTTY4C	-0.332003
MFSD2A	-4.788936499999998
DEFB118	0.01929021739130435
DEFB119	0.00632554347826087
LCN15	-0.13110536956521734
DMBT1	1.4447638695652172
C10orf58	-0.17172217391303946
ATXN7L1	-0.09955380434782501
LCN12	0.3232169565217413
C10orf54	0.08344417391304404
C10orf55	0.9109480652173911
TNS1	-0.37437132608694945
C10orf57	-0.692793978260875
C10orf50	-0.15749576086956485
ZIC1	-1.5470176739130421
C10orf53	-0.024911195652173916
HEXA	0.4381993695652131
ZBTB12	1.6775560652173924
ARID2	0.1724084565217403
SPRR4	-0.12725497826086957
LOC652276	0.2994961086956547
LOC401093	-0.2144499347826061
SPRR3	-0.47769080434782596
HIF1A	-0.5329814782608668
OR8D4	0.0
OR4B1	0.0
NT5DC1	-0.9291752826086928
NLRP6	-1.6256268695652176
OR8D1	0.051030978260869574
OR8D2	0.034131521739130435
RBMY1E	0.20461250000000003
ARGLU1	0.24893921739130498
NLRP1	0.47939980434782203
SNORD91A	0.0
NPW	-1.1046378260869547
ZBTB16	-1.0620394782608669
SPANXN3	0.04740380434782609
TMEM194A	0.4665985000000017
LOC400940	0.14072663043478262
ZNF775	1.7651883478260864
PIGQ	-0.05270517391304175
CALML3	-2.167259413043478
CD164L2	-0.5822003260869566
NLRP2	-0.5329549130434774
GLYCTK	-0.808696239130434
CALML6	1.1930606739130436
CALML5	-0.2541499347826087
CALML4	0.16802523913043288
COX18	-0.7269338478260945
COX19	1.1043709130434758
PFN2	-1.5157246739130397
AADAC	-1.5962413478260853
PFN4	1.3571480434782606
CREM	-0.7785481521739168
SHISA2	1.2939708695652152
SHISA3	-0.03786991304347742
COX10	-0.21904865217391212
COX11	0.11832332608696206
TMEM219	0.2011997391304341
GAS2	-0.6929494347826068
ARPP21	-1.581566195652174
COX15	-0.30314160869564866
COX16	-0.12212152173913182
COX17	0.16995167391304378
PDGFRB	1.084445934782611
ANKRD13D	0.9884644782608714
LOC158572	0.5576964782608704
ANKRD13B	1.6851262391304358
ANKRD13C	-0.2700899130434813
ANKRD13A	0.18954147826087286
KIAA1467	-0.49031491304347874
AIDA	0.4455532173913088
TIMM8B	0.12322452173913234
KIAA1462	1.4084540652173914
SCN10A	0.02553193478260872
PDGFRL	1.5130357826086946
SUN2	-0.8797912608695633
PPA2	-0.4043338913043488
PPA1	-0.02253130434782058
tAKR	-1.7898036739130418
MCTP1	0.6753309347826075
MCTP2	-1.1719021956521685
LOC339568	0.0035597826086956525
BET1	-0.000124652173917994
NUP62	0.5084186086956546
MGC45800	-0.008411717391304252
WDR27	0.9539049782608684
LIMS3-LOC440895	-0.036562086956518414
ALCAM	0.22932063043478124
TPM4	0.4222862173913047
CSF1R	-1.2519898913043477
TPM2	1.8886124347826074
LOC678655	0.45669902173912913
PGA5	-0.9041635434782609
ETF1	-0.22133336956521532
FBXW9	0.796558413043476
C22orf39	0.2562496521739135
CYB5D2	-0.9040594999999954
FAM21C	0.595911782608697
FAM21B	0.8515427608695649
FAM21A	-0.012312043478258872
LRRN2	1.0108704347826087
C22orf33	-0.005439826086956506
C22orf32	0.018524521739127664
C22orf31	-0.06151915217391307
C22orf30	0.2844709130434815
FBXW4	0.239590956521738
C22orf36	-0.2713126956521741
C22orf34	0.02173849999999966
CDCP1	-0.9548459347826084
TAX1BP1	0.25385447826086605
TGFBR1	-0.012736826086957365
CDCP2	0.0063436956521736865
SH3RF2	0.34652843478260564
SH3RF3	0.47831278260869503
SH3RF1	-0.7944866739130454
SMNDC1	-0.18943349999999803
ZNF48	0.6362780434782582
FAM159A	0.8828851956521742
SSX2IP	0.1192366304347825
IER5L	-0.44413597826087337
TMEM173	-0.4970656521739105
ANKLE2	0.2444966956521739
ZNF267	0.06094439130435081
ATXN8OS	0.0
DDX19A	-0.27209376086956105
TJP2	-1.1660397608695678
TJP3	-0.8817106086956477
NDOR1	1.1605553260869588
GLB1	0.26314728260869735
PPAN	0.410298782608697
PPP1CA	0.41759617391304893
OR7A5	-0.022665978260869565
SH3GLB1	-0.37668210869565755
C1orf152	-0.6397213043478236
PPAT	0.18270426086956082
RNF38	-0.037687391304350726
GKAP1	0.26984532608695044
SH3PXD2B	1.2969111739130446
LOC100132707	-0.14868028260869792
SNORD88B	0.0
SH3PXD2A	0.3361245434782614
MPPED2	0.6190305434782597
LYSMD3	-0.6517234347826104
THPO	-0.7068574130434762
KLHL11	-0.5124983913043475
DCXR	-1.690138065217388
CHPF2	0.37158956521740016
KLHL12	0.7791487608695675
AGRP	0.104304347826087
AGRN	0.8520891304347824
NFYB	0.2947488695652183
CLGN	0.3688766956521743
KLHL13	-0.4162915869565227
ZNF221	0.6235931739130431
SELENBP1	-0.7915692826087017
SMARCA1	-0.25875054347826243
SMARCA2	-1.1628132608695623
RABL5	0.5186606086956456
CCNI2	0.7165314782608703
BAZ2B	-0.668761891304344
LOC388152	2.163571130434783
POMZP3	0.3449542173913063
FYB	-0.9870764347826135
SYCN	0.10243913043478259
GOLGA6L9	1.1946693043478245
GOLGA6L5	0.5924271956521721
GOLGA6L6	-0.03025200000000003
KLHL17	1.2182613695652185
FYN	-0.939353086956519
GOLGA6L1	-0.015436434782608692
RAB1A	-0.07758428260869543
TOR1A	-0.5196962391304307
XCL2	-0.4490285652173913
ASCL3	0.04328400000000003
WDR47	-0.0751554999999966
OST4	0.32011876086956015
NUDC	0.04692747826086752
CCT6A	0.8009785652173829
PAF1	0.04656141304347017
CCT6B	-1.5512880652173928
OSTN	0.014189826086956528
GPHA2	-0.026740630434782697
XAGE1D	3.339589173913044
KRT79	0.2829510869565218
RUFY1	0.5577692826086924
RUFY3	-0.20785215217390807
RUFY2	0.40000208695651907
FCGR2B	-3.685468086956524
FCGR2C	-2.903450043478263
FCGR2A	0.16987341304347758
NLE1	0.7659197391304309
ROD1	0.22539873913043174
CYP11A1	-0.8781540434782631
SKIL	-0.6789567826087017
ZNF579	0.8534511739130464
CYTH1	0.16395330434782984
GCGR	-3.853278413043477
CYTH3	0.7372578043478208
CYTH2	0.6657882826087
QSOX1	-0.7182997826086961
CYTH4	-0.03468960869565407
MYBPH	-0.6741083043478262
DPH1	-0.36438604347825354
DPH2	0.7035998913043411
DPH3	0.18201465217391366
KRT78	-0.07788852173913047
DPH5	0.32114815217390635
SPAST	0.07817958695651761
MUM1L1	-3.411992673913043
CALCR	0.14124060869565125
PSAPL1	0.5577539347826082
AGR2	0.05545595652174162
AGR3	-0.9179981739130435
RNF34	0.3603102391304418
WIBG	0.2909937608695632
SPDYE7P	0.6550739347826093
WBP5	0.41319813043478426
CANT1	0.7071683043478245
CALCA	0.6496106086956512
CALCB	0.3574534347826089
OR13A1	0.6607595217391303
psiTPTE22	-1.4135498913043496
CKB	1.3974345000000081
CKM	0.3753133478260867
PTGS1	-1.0503875652173926
SLFN12	0.27468141304347693
PLK1S1	0.6424743913043498
TM2D3	-0.20286282608696737
SLK	-0.422877869565216
OR51B5	0.18179402173913042
OR51B4	0.20845984782608695
OR51B6	-0.0004244565217391312
PAM	-0.11812117391303723
OR51B2	-0.0004851956521739059
DCN	-4.067904391304344
GPAM	-0.4325119130434789
DCK	0.5868156086956544
DCI	-0.1973069565217429
ACSM1	0.8850149347826122
ACSM3	-2.959239086956515
ACSM5	-3.200469804347822
ACSM4	0.008034456521739123
THRA	0.39527980434782695
SDF4	-0.27906032608695064
TAF4B	-0.5642411739130448
PERP	-0.794007391304353
CUL9	1.0427758695652205
DCX	0.9629817173913041
EIF4ENIF1	0.3527750217391237
CUL5	-0.3084185652173872
C20orf173	0.03579673913043479
CUL7	1.337478652173905
CUL1	-0.16520649999999293
C20orf177	0.2021334782608708
CUL3	-0.3156390434782619
SSPO	0.9251133260869566
TRIM28	0.8074031739130483
TRIM29	-1.4840214130434752
PNKP	0.5756326956521765
CDH20	0.09191817391304341
TRIM25	1.0524286304347878
CREB5	-0.021768282608694456
CDH23	-0.9973241521739178
CREB3	0.16093832608695458
TDRKH	1.1838951304347791
CREB1	-0.04070841304347361
TRIM23	-0.33076052173913517
FLRT1	0.9006150652173903
PER2	-0.8865614130434842
FLRT3	-1.7042770217391308
FLRT2	-1.9425814999999975
SRP9	0.3150531956521725
GNPAT	0.8000830652173878
PTPN13	-2.385839913043476
C21orf34	-1.3975718695652173
C21orf33	-0.9860713695652166
LOC283663	1.1916736739130442
RHOT1	-0.007463826086963721
FCER2	-0.4040101956521742
VTA1	-0.39584554347825573
KAT5	0.19657547826087018
ARCN1	-0.4387394347826046
ZNF517	1.7312165652173839
F2R	-0.6110361521739183
IHH	1.030650695652172
ZNF514	0.8425797826086976
NBEAL1	-0.9449882173913062
ZFAND3	0.21402215217391607
NSMAF	0.4705486739130462
QRFP	0.35996528260869576
LOC338588	0.0022048260869565253
AES	-0.023127717391309588
PNRC1	-1.4359391956521712
PNRC2	-0.23082356521739023
DNAJC28	-0.33989495652174107
DNAJC27	-0.44903206521739314
GNAO1	-3.658699543478262
DNAJC25	-1.3876269782608723
DNAJC24	0.014340369565219113
NTSR2	0.21893058695652176
DNAJC22	-0.40992956521738577
DNAJC21	0.0012156739130464445
NTSR1	-0.09478160869565144
DTD1	0.45141613043478035
TECTB	-0.30538730434782646
ARHGAP8	-0.9889909565217376
ARHGAP9	-0.5987731086956494
RNF122	-0.7836932608695681
ACN9	-0.27633423913043487
ARHGAP4	0.8776134130434876
ARHGAP5	-0.4409331956521747
ARHGAP6	0.3015817173913051
ICOSLG	-0.033935760869571396
ARHGAP1	0.27108502173912896
AEN	0.2689531304347881
FAM196B	-0.7597304565217391
FAM196A	0.3876332391304351
NOB1	0.0314272391304371
SETD1A	0.41141889130434706
TSPYL2	0.3932904347826103
PRLR	-0.24100328260869475
KHDC1L	0.4944765434782606
SLC12A8	0.049672108695649086
ZFP36	-2.104983304347831
RGS19	0.5636251739130431
TMEM79	1.2200162391304348
OR4D10	-0.024027978260869567
OMP	0.179935673913043
PPP6C	-0.22943073913043932
ZYX	0.3809133695652136
ZNF229	0.012240586956523636
ANXA11	0.4480669782608757
ANXA10	-3.098814673913046
ANXA13	-0.708185326086956
TMEM74	0.9471374565217383
KCNQ4	0.10866828260869599
RBL2	-1.0498145434782575
SLC39A12	-0.199329152173913
SLC30A5	0.05942439130435062
FAM86A	0.7017061304347862
SLA	-1.0394852826087035
CNBD1	0.0074619565217391316
FAM86D	0.3988575434782611
MGC12982	1.7781839347826036
CCT6P1	0.30543241304347646
HEMGN	-0.6546623913043481
MRPL4	0.131510326086957
MRPL2	0.1572945652173825
MRPL3	-0.09004295652174577
RPUSD2	0.2414033043478252
MRPL1	-0.3064380434782592
TTLL8	-0.011047065217391308
ZCCHC18	0.5696537826086951
ZFAT	0.7621729130434787
RALGAPA1	-0.12822465217391077
MRPL9	0.7523032826086968
ZNF611	0.04443749999999902
HOXC11	0.36746923913043483
WBSCR16	0.17689078260869628
RUVBL1	0.5671910869565178
ZNF614	-0.08254523913043244
ZNF616	0.21324141304347854
MOS	0.003044304347826092
ZNF618	1.083340347826086
SLC3A1	-3.332036565217389
THOC3	0.4243654565217394
EIF4EBP1	0.20232502173913325
EIF4EBP3	0.07447999999999944
ASPRV1	-0.30114784782608606
EDDM3A	0.3346733695652175
MS4A12	0.024745652173913047
EDDM3B	0.08925108695652174
MOG	0.04322565217391307
MS4A15	0.172063347826087
BAG2	0.5532301739130467
BAG3	-0.08647676086956935
BAG1	-0.16409002173912413
OR1L8	-0.17056002173913046
BAG4	-0.9445353260869576
BAG5	-0.23299654347826326
KMO	-2.738035043478259
OR1L4	0.006027717391304348
OR1L6	0.01778369565217391
OR1L1	0.0
RTKN	-0.12120299999999773
MSRB3	-0.004898934782604947
CTDP1	0.23476895652173546
LRRC37A4	0.38740691304347763
LRRC37A2	0.9028378695652179
LRRC37A3	1.2639250217391282
SLC39A1	0.6849903913043462
RSBN1	-0.5242752608695707
CD79B	-0.0248632391304362
MEOX1	1.219395152173914
MEOX2	1.6823350869565217
CD79A	-0.9681204565217376
CSDC2	-1.678603956521739
EIF1AD	0.25465328260870024
ATXN1L	0.055648913043476966
GMFG	-0.40252176086956837
CBLN4	-1.4413971086956523
CBLN2	-1.6500520217391303
CBLN3	-1.3465274347826073
CBLN1	1.6199982826086967
ZBTB26	0.16928506521739006
LOC100131726	-2.973725043478261
XIRP2	0.2805623260869565
MGC2889	0.08105526086956522
SLC39A7	0.8261540217391268
PDHA2	0.12165704347826087
CPSF3L	0.2734082173913084
PDHA1	-0.14247150000000275
COL4A3BP	-0.6311515434782589
SAP18	-0.16183589130435116
SNORD50B	0.0
LCAT	-3.395686934782608
SNHG10	1.1274703695652164
EVI5	-0.6987417173913002
PAR1	0.273025108695652
MZF1	0.41446876086956674
ATXN10	-0.04673254347826372
PSIP1	0.2319863260869628
LOC92973	1.3002947391304347
FSCN3	-0.08884041304347867
FSCN2	0.5645626086956523
FSCN1	0.029700826086960674
SLPI	-1.2466559999999944
MRPS17	0.6194565869565238
PCNAP1	0.06183415217391304
MYL12B	0.15049810869565938
MYL12A	-0.03138376086957173
G2E3	0.14565982608695727
CKMT2	-0.3346600652173919
SNORD65	0.0
RPS6KC1	0.5700378260869616
KRTAP22-1	0.0
MRPS14	0.46329315217391276
RFPL4B	1.8043238478260872
BAGE	1.2365182391304348
RILPL1	0.6386316521739133
OR2T35	0.0
RILPL2	-0.40414769565217856
NLRP10	0.053635869565217396
IDO2	-3.4678448043478243
TMPO	0.2448564565217417
IDO1	0.23538476086956361
CAMK1D	-0.8211334565217365
CAMK1G	0.2893720434782594
NLRP12	-1.3614680217391308
LDHAL6B	-0.5075163478260868
ECM2	-1.3365364347826105
ECM1	-3.7033657173913026
LDHAL6A	0.21329391304347836
SMCR8	0.5475897826086964
HHAT	0.4574194782608645
OR52D1	0.06884782608695651
FMR1	-0.044320239130437145
MICALCL	-1.1983816956521736
SMCR5	0.11462519565217386
SMCR7	0.1397782391304343
LYPD6	-0.2602377173913051
RAB3IL1	-0.9807542391304311
LYPD4	0.0732891304347826
HIST4H4	0.760367521739131
LYPD2	-2.311326782608696
LYPD3	0.8507564565217391
LYPD1	3.0022786086956526
CATSPER4	0.008021739130434783
CALCOCO1	-0.0772751086956518
CALCOCO2	-0.271151000000005
AMHR2	-2.9885371304347816
NAP1L4	0.39524054347825377
CATSPER1	0.5399694782608697
CATSPER2	0.9876828043478225
CATSPER3	0.4791716739130445
ANKRD30A	0.13221432608695652
RGS5	1.0984352826086994
RGS6	0.507969478260869
ANKRD30B	-0.4220734347826088
LRRC8C	-0.38737071739130524
RGS1	-0.9768587391304351
RGS2	-0.9924319782608677
RGS3	-0.4514389565217378
LOC100133669	-2.982692217391304
PLAG1	0.9526793043478303
RGS9	-0.36564241304347966
TRDN	-0.41437539130434786
PGLYRP4	0.29365858695652175
TTBK1	-0.6138678913043503
COL1A2	0.8485080217391321
ZNF643	0.956705108695652
LOC151009	0.10507758695651948
SERTAD2	0.0687633913043495
KIAA1377	0.0027553043478261152
LOXL3	0.17339276086956712
SEPT6	0.23262815217391264
IL1RAP	-2.2342320434782614
ARAP3	0.29882984782608624
CATSPERG	-0.9327187173913041
LOC100133545	0.2667847391304341
CATSPERB	0.5616182391304345
BIK	1.0197577826086968
SNORD61	0.0
ARAP1	0.6537277608695629
ZNF605	0.751211413043471
SH2B2	0.7809489347826073
XIAP	-0.2274550434782565
SNHG12	1.416922000000005
GAL	0.4926914130434781
SNORD115-35	0.0
RDH14	-0.04716452173912877
SECTM1	0.2804358695652178
KANK4	-3.138570347826089
RD3	-0.05845258695652175
KANK2	0.2746769782608691
KANK3	0.11240128260869042
RDH12	0.27195708695652154
CYBASC3	0.4117685434782601
SLC25A34	-0.16561639130435069
POLD3	0.4845298260869546
EPDR1	0.20611802173912608
DEDD2	0.27637680434782297
BID	0.308305956521739
FAM178A	0.5657398260869524
DOLK	0.43674608695652317
PCDHB8	0.33985336956521595
SH2B3	-0.40983054347826275
MYH11	-0.38193915217390995
KIAA0664P3	0.7002233043478272
UBR3	-0.7383300869565286
WDR5B	0.30129280434783023
SNORD114-10	0.0
UBR2	-0.41904889130434064
SFRS12IP1	0.13595186956521133
GADD45A	-1.048471608695662
TARSL2	-0.17237328260868878
CDK2AP1	0.3930437826087001
CDK2AP2	0.30407793478260636
NALCN	-1.519180021739131
UBR7	-0.03745947826087104
KRTAP13-1	0.0
KIAA0427	0.3196134782608677
CIAPIN1	0.3009328260869619
LOC730668	0.28353902173913026
HSP90AB1	0.9324929347826103
PTP4A1	-1.1807884782608618
UBR5	0.555090347826086
PTP4A3	2.2020907608695675
PTP4A2	-0.3284994782608681
VIPR2	-1.337391804347826
NUCB2	0.37196080434782
TRIM72	0.13803139130434783
REC8	-0.3917669782608675
ZSCAN22	0.2284752608695655
TNNI3	0.7754311739130435
STRADB	-0.7090944347826174
GPR3	0.29272230434782687
TDRD9	-0.25814047826087005
CD28	0.2783429999999987
SUZ12	0.17617858695651734
MRPS9	0.08699680434782664
BMP6	-1.0268316521739118
MRPS7	0.34110276086956226
C9orf27	0.0026043478260869566
C9orf24	0.38662308695652214
C9orf25	0.8714811304347823
CD27	0.09296613043477997
C9orf23	0.1318006304347783
IFI30	0.49468713043477663
C9orf21	-0.297740847826085
PLA2R1	-1.9481554130434775
ABHD8	0.16695213043477608
SNORA63	0.316201260869565
MYLIP	0.36009852173912726
OTUD1	-0.7507476304347822
ABHD2	-1.3127333260869616
ABHD3	0.18388276086956523
ABHD1	-1.4917163260869568
ABHD6	-1.4447046086956536
PA2G4	0.54822152173913
ABHD4	0.6714229782608676
ABHD5	-0.7212899565217405
TWF1	0.01793010869565137
NKIRAS2	0.5441690434782647
NKIRAS1	-1.1157042391304355
HEMK1	0.16599567391305037
MBTPS2	-0.3341559347826113
WDR43	-0.20007930434782573
TRIM45	2.149367869565215
MBTPS1	-0.16911078260869772
EIF4G3	0.1656796304347825
EIF4G2	-0.09954921739129752
EIF4G1	-0.3061214782608772
SERHL2	-0.28773063043478375
WDR59	-0.3153930652173855
FAT3	0.07906808695651968
DR1	0.027840760869560555
FAT1	0.4916888695652126
GRB2	0.2762063478260899
ULBP2	0.4952145869565241
ULBP3	-0.782326869565217
GRB7	0.6094841739130459
FAT4	-1.8190214130434832
PSG6	0.025217391304347823
PSG7	0.15991339130434779
PSG4	0.2931539347826087
PSG5	0.1977706304347825
PSG2	0.060432608695652174
PSG3	0.1176205217391304
PSG1	0.11671208695652173
HOXC9	1.6847166086956527
HOXC8	1.0221493913043476
PPP2CB	-0.9095923260869618
HOXC5	0.9429284782608695
HOXC4	1.0251560434782603
HOXC6	1.6119825000000008
CD151	0.8220130000000037
TGOLN2	-0.4521556086956462
SSU72	-0.053238826086955626
HCST	-0.11844732608695985
SRPX	-3.3696711521739147
FAM200A	0.6966723260869632
FAM200B	0.08954754347826466
C5orf62	-0.24826586956521357
UROC1	-4.736620260869562
C5orf60	0.02440713043478271
OR4F5	0.008231326086956516
SNORA41	0.035217695652173926
SLC25A32	-0.44131945652173776
CSTL1	0.3230325434782607
HTRA1	-0.33950489130434747
LSM4	1.0864139782608628
COL27A1	0.00782352173912848
RBMX2	0.5599204782608656
ZSCAN5B	0.3252975217391305
LSM6	-0.10204910869564987
NEURL1B	0.7000833260869559
LSM7	0.6996779347826099
PTPN23	0.5564577826086996
MFSD5	0.7680890652173904
SELT	-0.16861028260869126
MFSD4	-0.05879591304348164
GATSL1	1.5134291739130448
POLR2D	0.23292365217390731
GATSL3	0.6397919347826102
GATSL2	0.4541360869565217
POLR2A	-0.46780702173913014
MFSD7	-0.4990807391304344
POLR2C	-0.08401532608695916
POLR2B	0.006802586956521139
NDUFB5	-0.03371408695652178
POLR2L	0.46975041304347975
AKR7A2	-0.19262789130434577
AKR7A3	-2.6161337608695643
POLR2I	0.26553982608695037
LOC642597	-1.520402826086956
F11R	-0.16198726086956405
POLR2J	0.4405403260869498
GOLGA8F	0.007028260869565217
TLK1	0.031507217391304465
SERHL	0.5008357391304372
FAM47C	0.042212586956521775
CCL3L3	-0.649682652173913
FAM47A	0.036858695652173916
USP53	-0.9836662173913062
FAM47E	0.22372741304348054
USP51	-1.0623226956521745
GTF3A	-0.07914639130434864
LOC338799	1.9980252608695634
CCNJ	-0.3079558043478281
PPP1R2P3	-0.06972797826086818
BATF2	-0.14653221739130728
ASCC2	0.17567304347825896
ASCC1	-0.33751993478260545
VPS72	1.1235425869565212
SLFN13	-0.2988907391304343
DSCAML1	-1.108380760869566
RASSF9	-1.3545107826086946
GAMT	-0.6908684130434697
CCDC109A	0.3225088043478266
VBP1	0.5147376956521761
CCDC109B	0.3032906304347831
FAM120B	-0.5262647391304327
FAM120C	-0.14240765217391527
FAM120A	-0.2296523695652226
MAPK14	-0.18826145652173842
MAPK15	-0.1670240000000005
PEA15	1.1392901521739152
MAPK10	-0.7559089782608712
MAPK11	1.387813586956522
MAPK12	1.812280152173913
MAPK13	0.764387608695654
OR4F21	0.0042875000000000005
TCEB3C	0.022586347826086955
HPGD	-3.4327402608695703
FABP5L3	0.20064330434782612
FZD1	-0.9188643913043508
FZD2	0.6938638043478282
FZD3	-0.5851177608695668
FZD4	-0.19604008695652375
FZD5	-0.40693136956522125
FZD6	0.5121545869565223
FZD7	-0.0709646956521679
CACNB3	1.2203685000000002
CACNB2	-0.21759854347826124
CACNB1	1.1196446956521728
CYP2B6	-4.235043217391304
SNORD114-6	0.0
SNORD114-5	0.0
CACNB4	1.713041021739131
C10orf72	0.03375523913042944
RASSF1	0.7261855652173903
C10orf71	-0.3833165217391305
C10orf76	0.030644586956514175
SPAG16	-0.39116580434782566
OR10W1	0.008636413043478262
C10orf75	-0.011811586956524067
C10orf78	0.69752604347826
C10orf79	0.8045412173913045
PTPMT1	0.2972466956521771
ASH1L	0.26687117391304405
RASSF2	-0.6263421304347849
HIST1H1T	0.1847517391304348
RASSF5	-0.8980762608695692
WDR8	0.5248832826086911
CLEC4M	-8.673021717391306
ATP12A	-0.4741369565217393
CTRB2	0.27947489130434783
OR8B3	0.0031418478260869563
AMFR	-0.46422578260870395
CEACAM22P	0.3141923260869568
USO1	-0.6400420217391307
PLCD3	1.149942108695651
OR8B4	0.0
PLCD1	0.02855936956522065
HIST1H1D	0.25608780434782613
HIST1H1E	1.346827347826087
NCR2	0.021531500000000005
RASSF6	-1.1050812826086975
HIST1H1A	0.24838317391304332
HIST1H1B	1.147689869565217
HIST1H1C	0.8638418043478282
FOXB2	0.0
ZNF599	0.4787425434782584
ANKZF1	0.9419922826086982
ITFG3	0.30347710869565425
B3GALNT2	0.8104041956521719
B3GALNT1	0.6918284347826082
TACC1	-0.1459416521739172
TACC2	0.44130758695652084
TACC3	2.371707434782609
JDP2	-1.339910782608695
PICK1	0.13753476086956518
VMO1	-1.8056714347826093
SLC1A2	-2.329354608695649
NHP2	0.8922049130434786
MRTO4	0.4498482826086878
KIF20B	1.1170954782608682
TMEM233	0.11056700000000008
KIF20A	4.111918543478262
MKI67	3.2058041521739096
MAP6D1	0.30879704347825676
GNMT	-2.9326230217391274
LPPR1	0.8661188695652209
LPXN	-0.2564238260869631
TOX2	0.35326171739130086
MCC	-2.448383500000001
CAB39	-0.21760084782609113
D4S234E	-0.2578864130434777
CKMT1A	1.6231316086956529
CKMT1B	1.701558152173913
NOTCH1	0.10123110869565544
RPL3L	0.0016173260869565276
ZNF841	0.7573201521739108
ANKHD1	0.011004413043476546
GNAT1	0.7837997608695648
GNAT3	0.042604347826086957
GNAT2	-0.7564310652173911
DEFA1B	-2.817110217391304
BCL2L15	0.5412249782608685
BCL2L14	0.46167884782608626
TTC16	0.045934173913042775
BCL2L11	-0.2905743260869542
BCL2L10	-1.9775039130434777
BCL2L13	-0.4510265434782674
BCL2L12	0.9214920217391285
ESCO2	1.6578808478260867
ESCO1	0.20658078260869672
LOC729678	0.5434201956521765
SNORA16A	0.021970108695652177
SNORA16B	-0.04646954347826087
NUP43	0.5804558260869559
CTU2	0.20622904347825433
SCARNA27	0.0
C22orf13	-0.4047947391304394
CTU1	0.7378227391304355
C22orf15	0.2525463695652168
IL1R1	-1.0628051086956596
SCARNA20	0.0
SCARNA21	0.05885869565217392
SCEL	-0.021913782608695587
MSX1	1.7725789999999981
MSX2	-0.4570600217391305
EIF3F	0.34064930434782603
ADRM1	0.28221591304347626
FAM27L	0.05081739130434783
ZNF558	0.183836847826087
HSD11B1	-3.4724456956521834
RPL3	0.02893365217390631
CHD1	-0.5472165434782532
OR2AT4	0.03826521739130435
ISYNA1	0.17649826086956644
GTF2H3	-0.22373993478260612
GTF2H2	0.11184506521739124
GTF2H1	0.08470758695651881
NCDN	0.6362835652173917
GTF2H5	0.1288326739130472
GTF2H4	0.445732847826088
MAPKAP1	0.33188486956522567
CACNG1	0.8198193260869567
ALDH1B1	-1.6349931956521733
VCX2	0.16827728260869565
CACNG2	0.05540108695652174
COX7A2L	0.09164476086956519
DBX2	-0.05239195652173913
PCDH9	-3.0802583260869554
DBX1	0.09736032608695651
MYEF2	0.9083684782608676
RPL38	0.8277706086956584
RPL39	0.6037503695652173
RPL36	0.594109434782613
BAT2L2	0.2775541956521703
BAT2L1	0.40948073913043537
MRP63	-0.12244202173913088
RPL32	0.49507350000000017
PRKD1	0.4643604130434804
CACNG5	0.031341847826086955
TARBP2	0.3791313043478244
TARBP1	1.609251086956526
CTTNBP2NL	-0.022958978260865237
TSHZ1	-0.4467406521739097
SRCRB4D	0.883648173913044
ATF5	-2.507185521739128
ATF4	0.06411706521738658
ATF7	0.12624202173912913
ATF6	-0.19306065217390866
ATF1	-0.34430584782608875
ATF3	-1.9363388913043504
ATF2	-0.4684992826086951
SMARCC2	0.44976443478260464
LOC642852	1.5698614347826076
SMARCC1	0.41211482608696137
PPAP2C	-0.12610980434782437
LOC100133050	-0.04856082608695652
PPAP2A	0.16139519565217064
BUB1B	3.8797055434782597
SUMO1	-0.13331254347825805
INVS	-0.6158229347826127
CTTNBP2	-1.9838015652173886
SUMO2	0.44099899999998904
PSPC1	0.36788045652173196
SUMO4	-0.9029403478260873
TMCO6	0.20235108695652926
SNORA7B	0.4795759130434776
SFRS13A	-0.13217034782609005
KIAA0317	0.33522367391303654
SFRS13B	0.9767590434782609
GTF2IRD2P1	-0.2656378260869552
NUP210L	0.2701212608695652
ANKIB1	0.005427999999998434
HSF5	0.13212686956521713
TTC12	-0.2625182608695624
HSF4	1.896849260869562
EEF2K	0.25430678260869577
LHX1	0.13190541304347825
LHX2	-2.491641000000001
LHX3	0.6955275434782604
BLOC1S3	1.0152882608695668
BLOC1S2	0.09016830434782896
BLOC1S1	0.3692486956521748
TMPRSS11BNL	-0.021313847826086953
LHX8	0.16677391304347824
LHX9	-0.3131583913043485
SIVA1	-0.03269926086956865
MIB1	0.003182999999999936
MIB2	-0.006437173913045768
LOC285074	0.4085505652173902
TOR3A	0.932866413043481
LOC113230	0.07013523913043418
OR52H1	-0.017283717391304347
B3GALTL	0.008899152173913905
MTMR14	0.36120741304348236
B3GALT4	0.14281195652173828
B3GALT5	-1.0833812826086957
B3GALT6	0.3363904999999985
LEPROTL1	-0.2541507391304396
CTNNAL1	-0.1711755434782578
B3GALT1	0.5156790434782609
B3GALT2	-0.7756942608695647
SLC38A2	-1.958877521739124
TMEM184A	0.07096750000000007
MDFIC	-0.8965504782608686
SLC38A9	0.28400563043478755
SLC38A8	0.5646568043478258
KIAA0174	0.1992172608695686
STK3	0.3570554782608717
STK4	-0.045754913043477785
LOC100129534	0.43464341304347576
CSF3R	-1.5271642608695641
OCA2	0.6360594130434785
CXCL11	0.7562734130434796
CXCL10	0.9025684782608678
CXCL13	-0.55659747826087
CXCL12	-3.585971695652173
CXCL14	-6.536546956521736
CXCL17	1.4014743913043488
CXCL16	-0.36469815217391677
OR13C4	-0.031006369565217393
N4BP2L1	-1.663880652173912
UBE4A	-0.23026510869565797
OR13C2	-0.059461347826086954
OR13C3	0.020373913043478263
HCN1	-1.5577322608695656
HCN3	0.960489130434782
HCN2	1.664992804347828
OR13C8	-0.051191043478260874
HCN4	0.4172833695652173
SNRNP25	0.18551715217391518
SNRNP27	0.0235265217391305
NTN1	-0.34325886956521323
LOC150527	0.04632282608695652
FAM41AY1	0.0
RAPGEF1	0.13619760869565667
TTC5	0.15261117391304335
MED10	0.3945807173913032
RAPGEF2	-0.8105753043478217
JAM2	-0.1923528260869558
LRIT2	-0.06296299999999999
LRIT3	0.0416973695652163
SERF1A	1.09442015217392
APOC1	-0.8639819782608669
MIA3	-0.24677534782608568
GOLGA7B	0.010890456521740255
PTGDR	-1.2815880869565222
MRPL14	0.37763960869565594
STIP1	0.9116296739130441
LOC390595	0.3243979565217412
MRPL15	0.21551426086956837
CHIC2	-0.9868350434782576
LOC641367	0.4624119347826081
PTAR1	-0.32936706521738834
CHIC1	-1.1647649347826086
MRPL16	-0.2791449565217441
POM121L4P	0.10002478260869567
DRP2	1.1885567391304348
SGK3	-0.2695042826086951
RAB3GAP1	-0.15586747826087333
PEPD	-0.6624718695652287
UACA	0.1525016521739122
TBC1D23	-0.49804176086956353
CDC25C	4.513533239130432
TBC1D21	0.009546195652173912
ANKS3	1.3504274782608663
DGCR6L	-0.38923843478261055
TBC1D26	-0.039347043478260846
ANKS6	0.8278931521739086
C6orf1	1.075728499999995
TNFRSF4	3.133348413043478
TBC1D29	0.04279643478260872
TBC1D28	0.005483695652173912
C20orf152	0.6982305217391302
C20orf151	-0.18635793478260865
MED12	0.6519858043478255
FKBP15	-0.04761286956522248
TBC1D2B	-0.3981541739130403
SARM1	0.9238410869565215
FUNDC1	0.43879254347826446
GUCY2D	0.9239280869565217
GUCY2E	0.5673221521739127
GUCY2F	0.1586942826086956
SENP8	-0.6136349347826107
SENP7	0.10618408695651738
FIBCD1	1.3968895217391302
RPAP1	0.5749444565217381
SENP3	0.3365257173913019
SENP2	-0.2421763043478311
SENP1	0.45607795652173966
SAMM50	0.4657576086956592
C21orf54	0.007781521739130434
C21orf56	2.562675739130433
C21orf57	0.4157023913043485
PLA1A	-1.032563304347823
ING4	0.3655475869565308
ING5	0.7820661304347798
ARPC4	0.2929544347826081
C21orf58	2.4337628478260918
C21orf59	0.2247506739130376
ING2	-0.12096949999999751
ING3	-0.24469619565217382
TMPRSS12	0.040967978260869564
NOTUM	-1.2611158043478259
POC1B	-0.10498636956521068
VASH1	0.577313065217389
NCRNA00203	0.09528602173913042
TMSL3	-0.04082852173912599
KIAA1949	-0.40528026086956714
CEP170L	-0.002090673913043517
NCRNA00052	-0.18839976086956522
NCRNA00200	0.5988697608695651
INS	0.20558043478260868
OR8G5	0.0452875
SLC2A11	0.23335008695651638
NCRNA00201	1.1330498913043474
WDFY3	-0.606172413043474
WDFY2	-0.4901990434782624
OR6C6	0.0
TCL6	0.8116950434782615
GFPT1	-0.029498347826084625
GFPT2	-0.7679136304347818
ECHDC3	-1.6296612391304297
ECHDC2	-1.1465630434782543
ECHDC1	-0.7912185217391325
DAG1	0.15346765217391933
ACP5	-0.18142793478260977
ACP6	0.5337659347826058
TPI1P3	0.44113441304347845
ACP1	0.10487932608695871
ACP2	-0.30093863043477853
TFAMP1	0.11603745652173911
SNIP1	-0.6443266521739117
GLA	0.9958594130434797
USP36	0.34845671739130957
SLC2A14	-0.402557260869564
SLC2A13	-0.6992428260869543
SDCCAG3	0.028527978260871834
CCT8L2	0.013261413043478262
SDCCAG1	-0.15113619565218173
ANKRD35	-1.6029585434782625
ANKRD36	0.9408615434782641
ANKRD37	-1.3974064565217406
ANKRD31	0.12359482608695671
ANKRD32	0.5246932391304364
CHDH	-0.18874613043478305
NASP	0.6203820869565178
GLS	0.6360134782608693
ANKRD39	0.785908782608697
CDIPT	0.033211586956522154
NCOA2	-0.9335747173913056
NCOA3	0.17463060869565084
TMEM71	-1.3656276086956498
NCOA1	-0.49466293478260503
BSX	0.006311956521739131
NCOA7	-1.2324790869565199
NCOA4	-0.7864849565217398
NCOA5	0.3843832173913029
FLJ10038	0.1289281956521764
NELL1	0.26041373913043475
SPCS3	-0.43577189130435023
FAM194A	0.5066388478260873
FAM194B	0.0
BSN	1.2944005217391306
POU6F1	0.07728623913043187
CISH	-1.3867425000000004
LOC442459	0.18959945652173926
LCOR	-1.0653578695652195
MECR	0.1921388260869623
LOC442454	0.49699793478261345
BSG	1.0284603260869574
YTHDC2	-0.27270028260868706
NSFL1C	0.3987545652173896
P4HTM	-0.12364976086956503
MEI1	-0.3334664130434768
SNORA80	-0.022393086956521743
IL1RN	-2.6431186304347847
EMID2	-1.3784336739130456
GSG1	0.1059061956521739
KDSR	-1.0666032608695701
PRDM15	1.1960738260869554
SH3BP5L	0.9119190869565266
MED17	0.03764421739130519
ZNF844	-0.39585593478260606
SLC27A5	-2.6891323913043497
PLSCR2	0.04885323913043477
EMID1	0.39990860869565026
PRAM1	-2.141378260869566
SORT1	1.7900071304347804
SLC27A3	0.34435054347825655
PLSCR3	0.3398557608695647
ACPT	1.0131649565217387
SEPT2	0.04584123913043037
ERO1L	-0.2028981521739066
ZNF638	-0.06601747826086957
ACPP	-0.10789408695652236
WDR85	1.0659139782608724
AK3	-1.2513410434782664
AK2	-0.3335910869565275
AK1	0.038892913043481414
PRDM11	-0.08164808695651882
AK7	-0.36130434782608756
TBCB	0.6617734782608728
AK5	-0.07555458695652151
ZNF474	0.3364646521739131
NPNT	0.5772043478260835
WDR87	0.34295902173913057
OXTR	1.0558517391304312
MME	-3.936505782608692
MMD	-0.16282158695652704
SMARCAD1	-0.4228303260869559
FLJ42627	0.5572426956521754
PABPN1	0.4217968913043588
PPM1B	-0.30361584782609263
NCKAP1L	-0.9775516304347844
ACTBL2	0.3005931739130435
MAP4	0.3968067826086976
UGT2B7	-3.334491347826095
LOC723809	0.674829413043478
HNF4A	-0.5823752608695667
OR1N1	0.059113586956521746
FLJ44054	0.10344371739130433
TREH	-2.8844371956521746
TIMD4	-4.718023413043477
GEN1	0.03115893478261178
ZNF497	0.6657345217391368
ZNF496	0.22670406521739395
ERF	0.15581252173913285
ERG	-0.9881855869565195
ZNF493	0.21487221739130113
CBLL1	0.20678143478260935
EPS8	-0.3297952826086963
SH2D3C	0.5284563695652178
MACC1	-2.068964195652173
RRP8	-0.0038313478260825207
MPI	-0.077441804347826
ERH	0.22749715217390865
PARM1	0.7163080217391276
APOL5	-0.44488832608695583
HERPUD2	-0.14997539130435378
HERPUD1	-0.7076532391304369
RGAG1	1.0967059347826078
CELP	0.15235004347826087
WDR89	-0.2672147826086988
TMEM55A	0.4488729130434752
TMEM55B	0.49989097826087026
MTTP	-2.0262821956521666
NDNL2	-0.13862939130435592
RRP9	0.8404951739130375
SNCB	0.2584136086956522
FCGRT	-0.8587797391304246
TRA2A	0.06106869565217643
SNORA84	0.00035510869565217457
ITIH5L	0.20662691304347822
SEZ6L	-0.5987440217391304
PCDP1	-0.5515716521739118
SLC24A6	-0.2880233478260994
KIAA0141	-0.06403063043478063
MDC1	0.6424506521739097
FBN2	-0.3308829347826103
EMR4P	-1.0535089130434772
NCR1	-0.9494573913043477
FBN1	0.10772484782608238
CXCR2P1	-2.624578152173914
RNF126	0.15986250000000446
BRMS1L	-0.45333954347825856
MEX3D	0.45667895652174284
PACRG	-1.7264968913043472
KLRG2	-0.004520108695652253
MEX3C	-0.13531397826086078
MEX3A	1.4055260869565176
MGC2752	0.3681034347826113
LACTB2	-0.27160678260870164
AOAH	-1.1486807608695635
C3AR1	-0.7937582173913054
BTRC	0.015002652173912168
BAAT	-1.2411750869565257
IL17RB	0.40823006521739025
ITLN2	0.6430574782608693
PDE1C	0.7996675869565218
ITLN1	-4.1863846086956515
SCN1B	-0.3292540869565235
RNF121	0.238930760869561
PDE1B	-0.6465043043478218
PPM1N	-0.4174529347826077
PDE1A	-0.9565278260869583
EEPD1	0.16934476086956352
SFTPD	-1.8846669565217398
CLCA3P	0.05271467391304347
FRYL	-0.018994782608693583
DEXI	-0.08939876086956566
SFTPB	0.2783539999999999
KDM1A	0.2954895000000004
IDI1	0.17165956521738757
IDI2	0.3747856304347783
IPMK	-1.0228749565217399
KDM1B	0.06647330434782894
IMPDH1	0.6381469130434798
SCRT1	0.664673739130435
IMPDH2	0.9410267826087004
SCRT2	-0.008492956521739134
NECAP1	-0.4637858260869532
FEZF1	0.32715450000000007
TMEM185A	0.2851913478260819
MAP9	-1.3268571304347851
UGT2B28	-1.362309782608695
UBXN10	-2.3089894565217355
UBXN11	0.9514868478260841
DNTTIP1	0.36147704347825993
DNTTIP2	0.07185136956521987
UBLCP1	0.11532652173913327
DYM	0.19135897826086712
SNORD12C	0.0
PRAMEF22	0.03601141304347826
PRAMEF20	0.04925434782608695
PELO	-0.0572160869565117
UBE4B	0.033688695652179135
ANKRD36B	0.791334565217392
MTMR9	-0.8197348695652229
FEZF2	0.0323139347826087
MTMR7	0.48324506521738897
MTMR6	-0.5497230000000002
MTMR4	-0.08734030434782625
MTMR3	0.19362330434782393
LAP3	-1.184384173913049
MTMR1	0.11712067391304615
YIPF2	0.24551484782608668
NAAA	-1.9437938695652193
NR3C2	-1.7944690000000048
TSC22D3	-0.5784126956521742
SFTA1P	2.146286413043477
TSC22D4	0.4381217391304375
TSR1	-0.12346997826087147
OR11A1	0.18101032608695652
FCHSD1	0.5227418043478274
FCHSD2	-0.5623368043478223
CABC1	0.09367882608696121
MTMR9L	0.6789303478260855
SV2A	0.08939486956521758
SNORD123	0.0
SAMD7	0.00649504347826086
LOC349114	0.7966671956521765
SNORD126	0.0
SNORD125	0.0
KIAA1161	-0.8806480652173914
VAT1	0.6973446956521752
RAB33B	-1.0184126739130477
OR1S1	0.0
HIGD2A	0.508193652173917
HIGD2B	0.11234017391304363
OR1S2	-0.02582
REXO1L1	-0.08080300000000001
UBA52	0.4468896521739065
DND1	0.3624869347826092
PLCE1	1.9341578695652215
NPY6R	-0.6127967826086955
FOLH1	-1.930710173913039
CD2BP2	0.6632446304347841
MESDC2	0.1518139130434779
NOBOX	0.00931032608695652
MIA	0.7391721739130431
NDUFC1	-0.13759439130434714
RUNX1	-0.2457790652173948
THEM4	0.5360142826086989
LOC100132354	1.3985265869565218
GRASP	-0.541678652173915
EXOSC8	0.47343521739130434
EXOSC9	0.5373107391304366
BCKDK	-0.48495684782608706
EXOSC2	0.3187851521739109
EXOSC3	0.14955036956521717
EXOSC1	0.5488570652173905
EXOSC6	-0.4996274347826084
EXOSC7	0.24368217391303837
EXOSC4	0.8542327826086868
EXOSC5	0.7054598043478322
ADAMTSL2	-2.4340041956521805
ADAMTSL3	-1.987662478260872
PTGER2	-1.7353356956521715
ADAMTSL1	-0.5421305217391321
ADAMTSL4	-0.39308636956522314
ADAMTSL5	0.18746510869565025
DEFB108B	0.0
SURF1	-0.3989295217391273
CYB561	0.16246947826087244
TULP1	0.14092863043478265
TULP4	0.4161977608695633
C6orf142	-1.4140594347826125
C6orf141	-0.8889978478260878
NMBR	-0.028226065217391308
C6orf147	0.5732313260869567
C6orf146	0.23127956521739124
C6orf145	-1.3550226739130444
ZNF569	-0.022402978260871897
OR5B3	0.0
OR5B2	0.023835326086956526
KRTAP5-11	0.07300380434782608
KPNA2	1.2547062826087032
INCENP	1.3866081304347864
PTPN2	-0.17674721739131094
STK33	-0.6675784130434783
FARP2	-1.1280229999999962
KPNA1	-0.421986956521744
UPF1	0.2575816739130321
FARP1	-0.1370290869565185
C9orf40	0.7379455217391317
C9orf41	-1.3116434130434786
WDR36	-0.525107282608694
C9orf43	-0.6475437608695671
C9orf44	0.11997341304347828
C9orf45	1.4119878260869552
C9orf46	0.2774839565217375
C9orf47	-0.3375959347826081
BTG4	0.008988391304347823
MBNL1	-0.31517045652174147
LOC256880	1.2672449130434786
FCER1A	-1.187507565217389
SYVN1	-0.08816515217391263
CRYBB2	0.5799360217391302
PRMT8	0.06666739130434783
BTG1	-0.5545056956521677
OR2A12	-0.030483478260869567
RPL30	0.8509558043478336
OR2A14	0.020798673913043478
TMEM194B	0.0463957173913041
SNAP47	0.6939171956521761
DEPDC1	3.6919892173913
DEPDC6	0.36656250000000234
DEPDC7	-1.7522280434782633
DEPDC4	0.4186340000000004
DEPDC5	-0.28279969565216945
KIAA1908	0.7504706304347817
EEF1E1	0.6343225652173894
ZFATAS	0.06569797826086955
TEC	-1.068046173913043
PSMB11	0.17795223913043481
PSMB10	0.0281123043478253
PAOX	-0.31440863043478373
CXorf50B	0.19970843478260863
SCYL2	-0.628023739130434
SCYL3	0.01945269565217167
ZNF396	0.31840560869565326
SCYL1	-0.15014467391304187
LOC388428	0.20707145652173925
STXBP3	-0.2369952608695609
STXBP2	0.15887597826086974
STXBP5	0.05107215217391037
STXBP4	0.8420081086956559
TMEM133	-0.9820868913043457
PDE12	-0.3650531086956512
C14orf166B	0.18974010869565222
SMOC2	0.936397913043475
OR4D9	0.007235326086956521
PDIA3P	0.20141356521739695
CYP1B1	-0.11561528260870446
INS-IGF2	-8.070829695652176
SKP1	0.2723600869565228
S1PR3	-0.827393826086956
OR4D1	0.013776086956521738
OR4D2	0.005210326086956521
NOC2L	0.22230769565216768
TMEM200A	0.6335906304347829
OR4D5	0.0
CRYBG3	-0.8701724565217397
S1PR4	-0.49688286956521655
FANCG	1.5322806521739105
CFLAR	-0.3985542826086963
FANCE	1.7092656739130438
FANCC	-1.1170046086956535
FANCB	1.7647489782608687
FANCA	1.4760146956521707
ENY2	0.4273393043478251
FANCM	0.6916845869565211
FANCL	0.24664504347826366
HAS1	-0.7512676521739132
FANCI	2.7134173695652173
HAS3	0.5806040434782584
ARSD	-1.2918714999999992
CA5A	-1.8424738913043486
KIAA1671	-0.9154766956521758
ARSE	0.008500934782611935
F13B	-1.5910671739130464
HNRNPA3	0.43786349999999885
HNRNPA0	0.25149217391304646
HNRNPA1	0.8396449347826014
C12orf61	0.15824067391304641
MSH3	-0.17537595652173898
SLC7A1	0.5057793695652189
RPN2	0.49553828260868826
C12orf60	0.2580921739130426
LOC100131193	0.39315854347825674
GLYATL1	-3.3494213913043556
MIF	0.6769606739130367
EXOC6	0.23390515217391084
MC5R	-0.0032572826086956497
DKFZp434L192	0.3622782608695652
ARSA	-0.015228869565220293
WDR31	-0.9761661304347795
KIAA1109	-0.6319088478260877
TES	0.33128823913042993
ARSB	-0.05165969565217132
LRRFIP2	-0.11723782608695466
DUS2L	0.2524306739130431
IRS4	-0.036551282608695654
MYST1	0.14846850000000344
EXOC5	-0.4677425869565148
SLC45A3	-1.457489043478268
IRS1	-0.20805439130435133
IRS2	-0.9246494130434808
HOXA7	0.9553473695652177
CDK1	3.4464670000000046
CDK2	0.18002460869565162
CDK3	0.5338789130434733
CDK4	0.796166282608695
CDK5	0.9106018695652143
CDK6	-0.6055519565217384
CDK7	0.5508471304347795
CDK8	-0.5310093260869566
CDK9	-0.5798267391304375
IGLL3	0.4033096739130434
LPAR1	-1.988553586956522
HAPLN1	1.268282478260869
C12orf69	-0.5316814565217394
HAPLN3	1.4284838043478283
HAPLN2	0.5741098478260875
ZNF502	-0.5150819782608682
RAP2B	0.12218443478260532
HEXB	0.4300405869565207
SAMD1	0.9732826521739106
NEURL	-0.5681379565217384
CEP57	-0.2763561956521716
FAM188B	0.3809949565217394
CEP55	2.8726355217391286
TIMM50	0.742143869565222
ARSI	0.10915449999999804
LIMS2	-0.43872028260870266
LIMS3	0.9888043260869565
LIMS1	-0.7590957173913084
ARSJ	-1.4412513913043474
PRMT2	0.264530934782611
ARSK	-0.013232152173912048
SOSTDC1	1.1652345434782598
RERE	0.1477759347826133
ZFHX3	-0.2806237391304336
RERG	0.05141595652173425
ZNF383	0.24852495652174067
FLJ32063	-0.09100284782608696
DMBX1	1.2269155869565216
RGL1	-1.1033726304347837
ROBO1	2.2791866956521707
RGL3	0.7197377608695623
RGL2	0.7234791086956527
RGL4	-0.04765606521739141
MIIP	0.7396332173913045
OR10Q1	-0.045952847826086954
HSPD1	0.014239347826093152
OGN	-0.9896958043478268
MTX3	0.43202739130434686
MTX2	0.3060327608695701
MTX1	0.7541126086956584
LOC728723	0.7184357826086942
AMD1	-0.38015880434783256
PRKCI	0.15859980434782806
PRKCH	-0.5093125869565149
SYN3	1.3420151521739117
LIAS	0.0642534347826107
PRKCA	0.7125888260869537
ATP10A	0.6759066086956489
ATP10B	-0.4151006304347835
C9orf98	0.9364025434782612
ATP10D	-0.48278336956521617
PCDHB9	0.40434156521739206
PRKCG	0.24036308695652167
TNNC2	0.3575179565217399
HIST1H3B	1.3157657608695636
HIST1H3C	0.5494080434782609
HIST1H3A	0.3468231956521738
HIST1H3F	0.19336823913043485
HIST1H3G	0.5201998260869565
HIST1H3D	1.5366553478260867
HIST1H3E	1.3791209347826072
HIST1H3J	0.5132299999999999
OR5T3	0.0
HIST1H3H	1.1124469782608672
HIST1H3I	0.31261426086956523
SEC11A	0.25781954347826286
LYZL4	0.029548369565217388
SEC11C	0.3223450652173945
MATK	-0.45535954347826024
ROBO3	0.7152400652173947
PMF1	0.7678532391304316
BZW1	-0.6434031739130432
TSGA10IP	0.5821215217391303
LOC154761	-0.20307739130434488
RAPSN	0.6472093260869567
SCRIB	1.3424784565217358
TYMS	1.8929954782608664
TYMP	0.20609532608695247
RIF1	-0.6661757608695673
ZNF790	-0.23717643478260975
ZNF791	-0.2488242608695641
ZNF792	1.0444072173913037
ZNF793	0.734219499999996
PPWD1	0.17008821739131008
ZNF436	0.5127465869565198
MUL1	-0.35328276086956834
LAMC2	-1.5785662608695663
PCDHB1	0.10568132608695643
MGC16703	-1.2720543260869563
ROBO2	-0.9537626739130434
WWP2	0.21014026086955973
NAA15	-0.15445102173913128
TBX15	-2.8743215000000024
OR5T1	0.0
SPTLC1	0.010121369565212035
DAPL1	0.23310043478260883
C15orf44	-0.14262223913042682
PPIL2	0.4676234565217463
PPIL3	0.39218091304348146
PPIL4	-0.6606182173913062
PPIL5	0.8164236521739143
PPIL6	0.2583321739130442
SLC35C2	0.4314806086956562
MYADM	-1.0024852391304329
SLC25A13	-0.8283318695652166
SNORA14B	0.0682125
LOC339524	-1.0001812391304359
PPP1R7	0.18006739130435
PHLPP1	-0.6589252391304328
CCDC99	1.9826549130434747
PPP1R2	0.2121036956521749
CCDC94	0.4461233043478323
CCDC96	0.2414758043478269
CYP4F11	-0.9940349130434818
CCDC91	0.03724665217391454
CCDC92	-0.13272828260870106
CCDC93	1.1309580652173912
ZNF570	-0.11234302173912969
GSTA4	0.7377695434782634
SORBS1	-1.0453383913043481
RTN4IP1	0.12574669565217445
ZNF574	0.2861837391304398
C15orf42	3.2795453478260854
ZNF576	0.2611117826086895
ZNF577	0.25350058695652145
TRPV5	-0.05526997826086952
FAM25B	-0.013345934782608704
FAM25A	-0.3500523043478261
PDZRN3	-1.8168863913043474
MFAP2	1.1092370217391307
SETDB1	0.986340239130433
PRTN3	-0.36142808695652173
ROBO4	-0.03614941304347852
CTSH	0.07795958695652416
CTSK	0.6198786521739139
ZNF645	0.006258152173913043
CTSO	-1.2234538913043522
CTSA	0.9638121304347802
CTSB	-0.8120946304347889
CTSC	0.1803820434782626
CTSD	0.2497975434782571
CTSE	-0.1630063043478267
CTSF	-0.4355972826086987
CTSG	-1.8162336956521745
RPL14	0.5642491956521773
POSTN	-0.40936234782608594
CTSZ	-0.5815086086956551
RPL17	0.5585878478260842
RPL10	0.4518982391304469
RPL11	0.029184521739136216
GPATCH8	0.3009061521739085
RPL13	0.26789547826087023
PRKAR2B	-2.756423717391308
FGFR4	0.6954721521739131
CTSS	-0.6331144347826019
FGFR2	-1.9982899130434735
FGFR3	0.41453486956521246
CTSW	-0.8576285652173885
CXCL1	-1.3922561739130446
NAA10	0.8827241304347897
CXCL3	-0.8694115000000013
CXCL2	-2.5277220217391374
CXCL5	-0.8457393478260857
VPS4A	-0.11355656521739554
CXCL6	-2.8226721521739107
CXCL9	0.22483228260869303
PRMT5	0.3502630217391349
INCA1	-0.06710093478260859
SORBS3	-0.7180140869565168
NINL	0.2894193913043477
LOC646627	0.3959044782608696
SYP	1.3177249347826114
LOC100132215	0.04325878260869365
AMMECR1	0.0038536086956506566
KRTAP23-1	0.0
KIAA1310	0.39110756521738743
PRRX2	1.1135393913043485
METT10D	0.18588434782609475
LRRIQ3	-0.6973373260869562
CSRP2BP	0.36722465217390976
EMD	0.39495543478261297
RGR	0.04471478260869567
NLRP14	-1.3848534347826105
EMB	-0.4285459347826084
ZGPAT	-1.5088718043478213
SNORD48	0.0
USP28	-0.15870580434782866
SORBS2	-1.1894684347826114
GJC3	-0.7446359347826079
TMEM150A	0.3749811521739126
LOC644669	0.6352076086956521
PDZK1IP1	1.7243171739130432
MIP	-1.9352496086956523
LOC100287227	0.472806673913047
SUDS3	0.055320173913047554
MBL1P	-1.3968608913043474
RGN	-1.6504114565217307
AP2S1	0.13534649999999893
FLJ25363	0.18777906521739135
PIAS3	1.0574576304347865
NCRNA00093	-0.40662947826086926
ZNF580	1.1455383695652168
AFF4	-0.660356434782603
AFF3	-0.2742647826086948
AFF2	1.0161006739130443
AFF1	-0.7258831739130489
USP22	0.7606172608695747
CARD9	-0.1321829565217385
CARD8	0.2046048043478219
USP21	1.203616804347825
ALDH16A1	0.37942480434782055
USP20	0.2254776086956518
CARD6	-0.4406383260869564
THRSP	-4.700103760869569
SAE1	0.8543011304347896
OR5L2	0.0
KIAA0195	0.8681221521739086
KIAA0196	0.5612906956521719
ERP27	0.8008426304347851
HMP19	0.5846056956521741
ERP29	-0.23491219565217847
PSMB8	-0.004624239130443186
PHKA1	-0.8034735652173923
GCKR	-1.9881352391304379
PHKA2	-0.21150465217391456
UBA6	-0.28104463043478134
PDP1	-0.5703317173913067
PDP2	-0.5999499130434804
UBA5	0.1217342608695624
UBA2	0.2780013260869527
TRRAP	0.16842745652174607
UBA1	0.23753226086957646
LOC283174	0.42858734782608576
PWP1	0.29317584782609174
PHF20	0.08766278260869598
PHF23	-0.07732978260869139
ABCA10	-0.7281396521739127
UBE2H	-0.21556465217391185
ABCA12	0.3201606086956519
ABCA13	-1.0170105434782606
UBE2M	0.7608393043478223
FAM162A	-0.3105876086956485
FAM162B	1.349273521739132
NAA11	1.362608456521739
UBE2A	0.5876938260869586
ZNF134	-0.23438280434782843
UBE2C	4.135997760869566
ADAMTS2	-2.163073782608694
SI	0.4937432391304346
UBE2F	-0.006599695652170112
UBE2Z	0.34784413043478146
FGGY	-0.26397786956521685
IDH3G	0.46870560869565026
UBE2S	1.8776777826086972
RPAIN	-0.12210221739130489
TOP3A	-0.137417086956523
UBE2T	3.692598043478257
UBE2W	-0.36067521739130015
TOP3B	0.9815204782608653
OR51F1	-0.03131819565217391
TAC1	-0.3135992391304348
PTGFR	0.24296265217391255
OR51F2	-0.023182608695652175
HHIPL2	2.687355978260873
LIPT1	0.1226549130434762
ADAMTS9	0.7410281521739126
SCG2	1.6819664565217385
ILK	0.4530005434782556
RPRML	1.0569614565217393
ADAMTS8	-0.05277693478260881
LOC283332	0.009658152173913043
LOC440563	0.47415917391304374
SDHAP3	-0.05579984782608527
FLJ34503	-0.38510700000000003
ARHGEF1	0.5424271521739144
RASL12	2.498405369565216
FAM48B1	0.0021268260869565375
TIMM44	0.37236030434782563
PROKR1	0.30135976086956495
CPXM1	2.531887652173912
PNO1	0.17379258695651778
CPXM2	-0.12156700000000065
PDE3A	-0.9899359999999993
BMP2K	-0.9310841086956563
MTG1	0.2824071521739189
C20orf135	0.3464317173913063
C20orf134	0.6939354782608707
C1orf87	0.1850041304347826
RABEP2	0.5041932391304336
C20orf132	-0.920685782608694
SHB	-0.8793177173913076
SRRM3	1.7995684130434775
LFNG	0.4863569130434744
PENK	-0.3145122608695652
MORF4L2	0.11522163043478884
MORF4L1	-0.04638341304347371
COCH	3.166193956521738
NDUFA6	0.3414273695652206
LOC100124692	0.40578223913043465
NDUFA4	0.3330796521739128
NDUFA5	-0.36501645652174197
NDUFA2	0.3899286086956444
NDUFA3	0.4787380000000052
NDUFA1	0.5758558695652152
C21orf70	0.19434878260869226
C21orf71	0.17628765217391262
FOXR1	0.021556847826086953
MAP1LC3B2	-0.3892685434782619
NDUFA8	0.39256886956521875
NDUFA9	-0.07999669565217538
GPR64	0.5805051956521785
GPR65	-1.369352391304349
FLT3LG	0.3486983695652146
GPR63	0.38530808695652186
GPR61	0.28676236956521745
INE2	1.5171471304347828
IMPG2	0.419539760869565
INE1	0.19968904347826077
FAM171A2	1.8689148043478272
GPR68	0.2917916739130426
FAM171A1	-0.630750717391301
LOC728264	1.0171738695652204
KIAA1967	-0.008694021739120927
RP1L1	0.060614326086956494
SNORD114-9	0.0
TBL1XR1	0.003861217391301963
SNRK	-1.0414476739130407
SVIP	0.10494278260869017
ASMT	0.09189360869565233
NBR1	-0.4028695434782481
IL6	-1.6998552391304345
IL7	-0.5903320434782602
IL4	0.08287119565217392
IL5	0.17320558695652177
IL2	0.1077907826086956
IL3	0.05113723913043478
CFC1B	0.0813108695652174
VWA5A	-1.0399832608695636
ZNF443	0.17095256521738733
IL8	-1.5138101521739173
IL9	0.02152336956521739
DTX4	-0.19295486956521657
GNS	0.3329215434782622
ATP5L2	0.0671686521739131
PLGLB2	-2.5364263478260884
DTX1	-2.6469990000000063
DTX2	0.4795240217391381
DTX3	0.3770740652173892
BIRC7	0.727020630434783
BIRC6	-0.37472906521738913
BIRC5	4.503735239130438
BIRC3	0.009594717391307128
AIP	0.25349086956521205
EIF6	0.48751734782609013
LASS4	-0.09264799999999873
OXR1	-0.4065138478260799
ANKRD19	0.9193814782608714
ANKRD16	0.4759693043478217
ANKRD17	-0.42681769565216854
RB1CC1	0.10033699999999257
INSM1	0.34866758695652184
ANKRD12	-0.45561854347825914
ANKRD10	0.1171895434782666
ANKRD11	0.22628443478260785
UROS	0.04517093478261103
POLR2G	0.719692956521742
LOC100192426	0.07777700000000001
?|388795	0.2979647826086955
TMEM37	-0.31535915217391164
AKR1E2	-0.024880565217392903
SNORD46	0.0
NSF	0.46441191304347385
TMEM33	-0.26485693478259975
STK38	0.042178543478259556
SPHKAP	-0.12756810869565216
PDPK1	0.35795519565217404
DMC1	1.2588510434782596
NT5C1A	0.03358634782608694
MYH1	0.7188595869565223
MBL2	-3.2063124347826104
NT5C3	0.62904608695652
NT5C2	0.0226885652173916
PUS3	-0.4824062608695723
MEA1	0.9044248260869594
POU3F2	0.821260804347826
OTOP3	0.46185317391304365
OTOP2	0.01656039130434782
SNORD115-2	0.0
SNORD115-3	0.0
POU3F4	0.1971994565217391
KDELR2	-0.1317905000000099
TTLL1	1.26567504347826
MNS1	1.9329803695652181
REP15	0.07842408695652292
HAGHL	2.27992552173913
POLR2J4	0.8012189130434786
SNORD22	0.26827176086956517
DPRX	0.11988097826086956
KRTAP4-11	-0.028759999999999997
OR14J1	0.029695108695652173
KRTAP4-12	0.0033793478260869566
FAM53B	1.2581372826086952
FAM53C	0.35400056521738676
FAM82B	0.07611584782608816
FAM53A	0.9238302826086944
KRTAP26-1	0.012573369565217391
C10orf105	-0.2088543043478266
SNORD27	0.0
C10orf107	-0.3475305434782612
SDS	-3.397611000000005
CYCSP52	0.07627445652173911
C10orf108	-1.7662054130434814
SFRS8	0.824982260869561
ANO10	0.7452481739130441
POGZ	0.7589890217391275
ACRC	0.8421812173913024
GSTCD	0.3407862608695664
LDB1	0.3342120869565157
PRUNE2	-1.821257434782611
SFRS6	-0.28268241304348507
SIGLEC12	0.49074069565217204
TMOD3	-0.13636310869565627
CRIM1	-0.2749237608695658
KCNK6	-0.8846492608695682
PABPC4L	1.2891611956521727
PARG	0.24064689130434047
AOC3	-0.7984855000000053
AOC2	0.38805045652173753
TIMP3	-0.39366654347825936
PEX11G	-1.3669686304347843
EPX	-0.12188202173913038
PARS2	0.37191019565217687
NRCAM	1.0090111956521737
MLH3	0.4858450434782675
PARL	0.16530789130434265
MCF2L2	1.4601665
TNFAIP8L1	-0.6386970652173929
KCNK1	-1.2332014347826066
EPO	-2.82954454347826
PI4K2B	-0.8045321521739144
KCNK2	-0.23348752173913034
PI4K2A	0.10317465217391053
HIBADH	-1.0999009130434807
KCNK3	-1.653498304347826
NHLRC3	-0.7760716086956503
NHLRC2	-1.299540499999999
NHLRC1	0.5051313043478229
CXorf58	-0.2593203043478265
CXorf59	0.1308727391304349
RPP40	0.601360217391302
NHLRC4	0.403877826086958
PAFAH1B1	-0.4636597391304349
CXorf56	-0.1437073260869628
CXorf57	0.3381105652173897
CXorf51	0.12295217391304346
LYZ	1.204123413043476
SYCE1	-2.4195896521739124
SUSD4	-0.46497658695652166
SUSD5	-0.46334486956521737
CGREF1	1.1785543695652185
SUSD3	-0.6890341304347825
SUSD1	0.11979080434782663
POLR2F	0.3468578695652127
TRIML2	0.0035551521739130357
LYN	-0.1606134999999984
PAFAH1B2	-0.8042457173913098
PRH2	0.31527652173913134
LOC441177	0.2802891304347826
TINAGL1	-0.5345019999999945
VAMP1	1.013915304347825
PSORS1C1	1.330440434782608
PSORS1C3	0.8359726086956519
PSORS1C2	0.339309065217391
LY9	-0.64619147826087
PAGE2B	1.2658072826086961
SUCLG2	-1.2886801739130433
VCX3B	0.4244385869565217
VPS13D	-0.39803491304347816
PTX3	0.09356193478260932
SEC23IP	-0.42572763043477657
DOHH	0.5933640652173873
IP6K3	-2.4523324347826074
IP6K2	0.7929368695652173
CWC15	0.18117947826086933
GH1	0.06781169565217401
OTUD6B	0.6369237173913103
NACC1	0.575004891304344
BRSK2	1.4462543478260872
BRSK1	1.9434874782608702
SNRNP200	0.24924823913043248
MEPCE	0.2792323043478291
TNIK	-1.2193841739130455
SH3KBP1	0.1356468478260826
DDX4	0.34451010869565224
DDX5	-0.1872291304347815
DDX6	-0.135847913043472
INADL	-0.2954937608695669
TLR6	-0.8216189565217391
DDX1	0.1426589782608758
LOC286467	1.1521107608695647
PTX4	0.19624819565217408
MYO15B	1.4556387173913006
MYO15A	-0.4368871521739113
HSN2	0.4312176521739137
MYADML	0.01596371739130436
POM121L10P	1.2270486086956525
NUP205	0.552430239130441
ZNF215	0.12685126086956355
HLA-J	0.8571823260869591
ZNF217	-0.10982043478260906
HLA-H	0.6435301739130352
ZNF211	0.23515428260869609
SLC7A8	-2.0321034782608702
HLA-L	0.49132017391304217
F8A1	0.1005155434782612
HLA-B	0.05674195652174063
HLA-A	0.642948673913045
NFKBIA	-0.5437128260869599
FMN1	-0.42312971739130467
HLA-F	0.49482510869564855
HLA-E	-0.2022813913043553
FMN2	0.4225413478260872
NFKBIZ	-0.8520167826087004
TDRD12	0.1452178695652174
PSTPIP2	-0.21564269565217842
ARID4A	-0.8905541521739124
ARID4B	0.15758428260869728
PSTPIP1	0.13115293478260792
MMS19	0.6353321521739161
PLAC1	0.16366695652173935
FAM75A2	0.1439554347826087
FAM75A3	0.07278695652173912
CRYZ	-0.5538476956521734
FAM75A6	0.02558641304347826
HAUS6	0.17322973913043782
DKFZP586I1420	0.15704923913043345
HAUS4	0.6344589565217422
HAUS5	1.2223207608695583
HAUS2	0.16131667391304738
HAUS3	0.6172988260869507
HAUS1	0.785366021739133
PRSS33	-0.1219501739130435
SLC5A10	0.6739232826086967
SLC5A11	1.2336136086956495
PRSS37	0.02353110869565217
NR5A2	-0.9437055217391279
NR5A1	0.45972882608695675
ZNF389	1.3301470434782598
DLX4	1.2807463913043486
DLX5	1.5560914782608695
DLX6	1.2902684782608698
MYD88	-1.0875880217391245
DLX1	0.9511938478260863
DLX2	0.7476521739130435
DLX3	0.410380956521739
TLX1	2.074339173913044
ACVRL1	0.8886878043478301
PACSIN2	-0.06202158695652926
TFEC	-0.796062456521744
SNX16	0.09397671739129798
TUBA3D	0.2279230434782611
C13orf1	-0.2697060869565142
SYNPO2	-1.548263978260863
ZNF805	0.01583352173912722
ERVFRDE1	-2.0941235
HIST1H2BD	0.13737826086956417
HIST1H2BE	0.3885837826086962
HIST1H2BF	0.7544476956521738
HIST1H2BG	1.7263074130434795
SNORD105	0.0
HIST1H2BA	0.13115571739130436
HIST1H2BB	0.17287684782608692
HIST1H2BC	-0.31999334782608724
HIST1H2BL	0.7596476956521734
HIST1H2BM	0.25151147826086967
HIST1H2BN	0.9463690434782621
HIST1H2BO	0.9198102173913034
HIST1H2BH	0.6890254130434784
GATAD1	0.44634956521739255
HIST1H2BJ	1.5302143260869578
HIST1H2BK	0.6105601521739104
SEC23B	0.1860219347826053
TMEM160	0.6691111086956498
VAV1	-0.7687963913043552
VAV3	-0.23789247826087045
ADIPOR1	0.22943571739131308
TNFAIP1	-0.3513070000000038
SLC22A18AS	-0.3898874782608708
TNFAIP3	-0.19795056521738985
TNFAIP2	0.0571493043478295
RRAD	-0.09934893478260776
IPO8	-0.385498739130437
IPO9	0.7021798695652155
IPO7	-0.17722793478260535
IPO4	0.40716447826087077
CTAG1B	2.2614571304347817
USP44	-0.6512957391304348
NRBP2	0.6185713043478227
NRBP1	0.2935980434782568
RTF1	-0.022521630434779283
DTX3L	-0.23946378260869317
TFDP2	0.0002468913043429666
SILV	-0.8734287173912998
PAPL	0.3362494565217392
GHRHR	2.0356268695652173
SDCBP	0.03730049999999352
SPANXN4	0.019573369565217394
FOXN4	1.130556456521738
STARD13	-0.5216513260869604
DCAF8L1	1.2301042826086954
DCAF8L2	1.5235711739130429
LOC401397	-0.41843445652173905
ZNF223	0.28821482608695703
LRRC58	-0.10007813043478109
ZNF521	0.02990715217391493
LMBR1	-0.16813108695651735
RAB8B	-0.28917473913043423
DEFB106A	0.0042875000000000005
RAB8A	-0.24367426086956456
NR6A1	0.7665561521739153
PYHIN1	-0.9547069999999991
C6orf163	0.9440058478260871
C6orf162	0.07526254347825923
C6orf165	-0.6154789130434779
C6orf164	0.7210891956521752
C6orf167	1.2678781086956485
SCPEP1	0.04983689130434854
GAS2L2	0.08857854347826083
MGAT5B	0.7503049782608695
OR13D1	0.0061763478260869545
REPIN1	0.8275978260869579
ARL17B	0.6511317826086958
ARL17A	0.829424847826087
GABPB2	0.7671817391304359
PAQR8	0.6180371739130397
GABPB1	0.07998989130434708
PYGO1	-0.5626881086956524
PYGO2	1.2402803043478237
PHYHD1	-2.4717158260869567
PAQR3	-0.7571141086956548
MARK3	-0.008391521739131491
ANKRD34A	1.02031939130435
PAQR4	1.9141254130434833
ANKRD34C	0.31494297826086937
ANKRD34B	0.4424537173913043
FERMT2	-1.1752214565217383
FERMT3	-0.2778092608695637
HOXB7	0.9337176086956513
FERMT1	1.1370998043478266
NME2P1	1.003207326086958
FADS1	0.49194289130434754
?|100134869	0.7920999347826094
FADS2	0.2507363695652085
CRNKL1	0.3256833913043504
FADS6	-2.117682260869569
SIL1	0.217148978260866
HCG18	0.7765475869565241
SYNGR1	0.05213813043477877
WDR92	0.2194709347826116
SYNGR3	1.0330840434782609
SYNGR2	0.5472622173913138
HCG11	-0.7042083913043511
CTDSP1	-0.12101128260868421
NXT2	0.3247992391304386
PRR5L	0.2273260217391293
NXT1	0.36597365217391165
CTDSP2	0.30216228260869826
DGUOK	0.19975947826087115
CSE1L	0.5779209999999999
RFPL3	0.0725964130434783
SNTN	-0.002272195652173903
MAK16	-0.5344733695652177
LOC100128288	1.0325046086956529
ACSL3	-0.09407004347825954
SP8	1.091136434782609
PMVK	0.6305679999999967
PAQR6	1.3635718913043497
PET112L	-0.4297140434782598
AMZ2P1	0.5247968695652192
ACAD10	-0.4534198260869591
ACAD11	-1.871831630434789
AWAT1	-0.060920152173913056
AWAT2	0.008447869565217314
SAMD8	-0.8169249565217385
RAGE	0.5019537173913022
VWDE	-1.2140157391304345
C5orf28	0.6300227826086919
ZADH2	-1.192686413043484
SP9	0.06176304347826087
C5orf22	0.18840645652174182
C5orf23	-1.2055014347826045
C5orf20	0.6354581304347846
PLOD1	0.2435414130434772
?|729884	-0.1241136086956521
C5orf24	-0.33319965217391534
C5orf25	-0.02481360869565208
DNASE2	0.09424010869564725
DNASE1	1.731840673913045
GRIN2A	1.5190693043478263
C9orf66	-1.2725859347826085
C9orf64	-0.5694759565217389
C9orf68	-1.2301246086956548
C9orf69	0.6963399565217436
UQCR10	0.26521549999999827
TDRD10	0.46390695652174063
KLHDC8B	0.6174106086956517
SLC45A4	1.300996717391305
KLHDC8A	1.335736891304348
RAD21	0.4950248260869614
LY6K	0.8039953478260884
ANLN	3.831145804347825
MYOM2	-2.9048209565217418
DVWA	0.5750840869565214
PTPDC1	0.8904055652173923
USP13	-0.05691026086956619
ALDH6A1	-2.704947152173922
USP11	0.34009602173913045
USP16	-0.25045726086956677
NR2E1	0.29677656521739104
USP14	0.33453291304347665
NR2E3	0.19386784782608713
SSBP1	0.3465306521739109
ZNF878	-0.5238747608695651
SSBP3	-0.2900640217391306
SSBP2	-0.026296869565216596
BCL10	-0.3883750434782609
GSG2	2.296721260869564
INPP1	-0.7459641956521761
GFI1	0.44293058695651855
PSME3	0.4224532826086982
IL27RA	0.4113070652173887
UNC45A	0.5926871086956496
RLTPR	0.5215604347826082
UNC45B	-0.21428810869565207
TMCC3	0.023932347826083777
PIGR	-1.7657427826087044
DUS4L	0.6024549347826076
TPD52L3	0.03616086956521739
TAP1	0.7752224782608721
SDCCAG8	0.3254836739130438
CRKL	0.048246891304355444
ZCCHC12	1.0015512391304342
VAMP2	-0.44163195652174103
DAND5	1.198590086956521
JPH2	1.2025700000000006
JPH3	-0.17198713043478198
JPH1	0.7429133913043477
UBAC2	0.3424712826086882
JPH4	-0.5281537826086948
C11orf75	-0.26133926086956016
ZCCHC17	0.47700017391304783
TYK2	0.43900647826086825
ZNF787	0.4536431521739104
ZNF350	0.08855354347825184
NOS3	-0.5251686739130452
SOS1	0.02573856521738449
MT1L	-3.6496975217391308
NCAM1	-3.282517130434783
AMZ1	-0.7925169782608701
AMZ2	0.3873603913043535
OR12D3	0.06193586956521739
BOD1	0.5591427608695678
SUPT5H	0.4340455869565236
ZC3H8	0.6493696739130366
RETN	-0.22109454347826107
TMEM87B	-0.2624108913043468
FAM190B	-0.48709610869564735
RBMY2EP	0.0216
SPANXN1	0.03334945652173913
RPTN	-0.23817891304347827
MT1H	-7.1874696086956495
BRS3	0.273808695652174
SH3D19	-0.893097847826084
SF3A1	-0.0015492608695666377
ARHGEF10	0.132038239130436
ARHGEF11	1.0890618043478302
ARHGEF12	-0.9380926304347827
PPP1R14C	0.846655673913043
SLITRK2	-1.4906142391304347
ARHGEF15	0.7009663695652177
ARHGEF16	-0.23440034782608343
ARHGEF17	0.30428293478261104
ARHGEF18	0.6223312608695633
ARHGEF19	0.7333524999999934
MOBKL1B	-0.4533800434782531
MOBKL1A	-0.35358547826086806
PAPPA	-0.9268928260869544
FXR1	0.2535608260869502
FXR2	-0.08782071739131503
LOC400927	1.5077337826086974
PIK3C2G	-2.585653717391308
DHX29	0.08191647826086523
ZNF764	0.5876771086956483
NEGR1	-1.7596275434782611
NEUROD6	-0.22040245652173912
CYP4X1	-1.4186771521739132
SHCBP1	3.0132948260869554
SNAP91	0.23168543478260878
TNKS2	-0.5100741304347789
SGK1	-1.5180713478260852
LST1	-1.0576821086956523
D2HGDH	-0.014266673913049033
TARM1	0.012985869565217393
MITD1	0.4728642608695637
MGC16275	0.8673649565217403
CEP76	-0.3237948913043498
CEP70	-0.2071138695652177
RHBDD3	0.6556060217391302
CEP72	1.3047041086956517
RHBDD1	-0.30700891304348055
ZNF776	-0.34070619565217175
KLC1	0.21407923913043625
KLC2	1.2207808043478234
KLC3	1.3456924782608697
CEP78	0.27984671739130373
ZNF773	0.24919602173913002
ZNF770	-0.47152993478260896
CDRT1	1.2130746086956516
FBXW12	0.010854891304347827
USP17L2	0.037719021739130436
FBXW10	1.7234626956521735
FBXW11	0.0463562173913008
HINFP	0.5178571956521774
CCDC142	1.2403340000000025
SNORD35A	0.0
SNORD35B	0.0
C14orf43	-1.094373434782609
GPLD1	-1.9317358478260847
C14orf45	-0.4143638043478246
OR2W3	-0.3732480652173912
BAZ2A	0.4524671521739059
C14orf49	-0.10504521739130279
C14orf48	0.041712521739130426
OR2W5	0.014405978260869565
CHCHD2	0.2548913043478347
CHCHD3	0.4379979347826044
CHCHD1	0.39225652173912984
CHCHD6	0.7562430869565206
CHCHD7	0.4337005434782544
CHCHD4	0.4190618478260859
CHCHD5	0.21627284782608314
MST4	-0.48866054347826005
CHCHD8	0.3344684782608667
LCTL	0.5132390652173909
RFK	-0.27937295652173866
MST1	-1.3099144782608718
VNN2	0.274058282608693
OVCA2	-0.06665902173913274
TMTC4	-0.1462026739130433
VNN3	-2.2072466086956526
ZNF512	0.8629140434782556
ZNF513	0.22495610869564686
GDF15	-0.10475591304347454
ZNF511	-0.30789821739129764
OR5AR1	0.006156521739130435
HNMT	-0.6577684130434704
GDF11	0.044520347826084716
GDF10	0.5059087391304362
TSPYL4	-0.4992601304347808
DLG1	-0.14150823913043453
TSPYL6	0.024174586956521693
TMTC1	-0.7305763695652212
TRAPPC2P1	0.4013586956521724
TSPYL3	-0.01228199999999946
RPH3AL	-0.8221544999999981
SAMD14	0.12654608695652358
IAPP	-0.045610913043478085
SLC39A8	-1.149073630434783
SLC39A9	-0.2482661739130343
MSTN	0.4904433913043482
HIST2H3D	0.5835127173913046
HIST2H3C	1.6193919782608683
NBLA00301	-3.8893358260869557
SAMD12	-2.709234978260869
SLC39A2	-0.4446376739130433
SLC39A3	0.699633065217391
SLC39A4	0.31619032608695985
SLC39A5	-2.3950526304347797
SLC39A6	0.29580221739129975
FLJ40504	0.08090606521739126
RBMY3AP	0.03221141304347826
WDR18	0.0382634782608644
MFSD2B	1.8548433478260855
GZMA	-0.6095685869565228
GZMB	-0.7231749130434748
GZMM	-0.8497335434782576
TBL1X	-0.2156416521739235
MTHFD1L	1.7598633260869558
GZMH	-0.5507055434782613
GZMK	-1.2690200652173917
MSRB2	-0.13855108695652163
ZNF26	0.5892613913043521
PMS2L3	1.4374136304347829
TMX2	0.1820935000000059
TKTL1	0.06755467391304393
C20orf3	-0.6057946521739108
VWF	1.7368640869565208
C20orf7	0.3601046086956501
TKTL2	0.18147756521739142
ZNF845	0.245872804347826
C20orf4	0.14248197826086795
MYH10	-0.7881229130434804
MAP4K1	-0.10360865217391346
MYH13	0.759443413043478
MYH14	0.1084319130434821
MYH15	0.03159786956521704
MYH16	0.14144552173913044
KIAA0355	0.036772434782612606
LOC493754	0.4544911304347785
LOC647288	-0.35360865217391524
RET	-3.6055445652173903
PEX19	-0.28307128260869874
MAP4K2	0.9153556521739121
REN	0.5098245217391328
REL	-1.4087681739130442
MAP4K5	-0.202632413043478
SH3BP1	0.41911215217391273
PIK3AP1	-1.128064065217389
MAP4K4	0.44723063043478106
HMBS	0.49598978260869586
SFRS17A	0.40788667391304223
CDH17	0.3157873260869566
KLRG1	-0.7881723043478264
HARS	0.29835821739130886
WNT9B	-0.11359973913043508
SP6	1.9841939347826094
ZNF28	0.32575906521739295
GBF1	0.26268973913043503
TBC1D3G	0.9751494782608688
ZC3H3	1.1383024347826112
JTB	0.40650860869565264
SLCO4A1	-1.1708662173913047
MIR155HG	0.5192273695652183
NYX	0.11229891304347826
TMEM225	0.0
SYCP3	0.05923728260869565
ROM1	-0.5198171521739123
OR6K3	0.010996195652173912
OR6K2	0.0
PNMA2	-1.7791741086956514
DNM1P35	1.9005230869565235
PPEF2	-0.08589100000000002
OR6K6	0.0
PPEF1	1.0492598260869563
OR4A15	0.002953804347826087
WEE2	0.2978505652173913
LEF1	2.635079239130437
PRPH2	0.3424493260869568
LMBRD1	-0.5319986086956501
SEMA5B	2.36200169565217
FEV	0.2740809782608696
MTFMT	-0.16186506521739563
TMEM63C	-0.40031391304347697
KIAA1598	-0.021240152173911397
NAA38	0.616485869565226
FLJ40434	0.0
ZMYND17	0.01329871739130617
ZDHHC20	-1.2586642391304341
NAA35	-0.16107147826087154
NTN3	-0.30609402173913147
NAA30	-0.5252594347826172
NTN5	1.0721018478260862
LOC100169752	0.0
FITM2	0.318943195652178
FITM1	-2.9185194782608663
IFNA21	-0.010584913043478264
RPS10P7	0.004348804347826807
TTTY22	0.0
MIR17HG	0.5998984565217365
ATAD2B	-0.09187491304347795
PLGLA	-3.2123083913043473
TMEM168	0.4366741956521807
GREB1L	0.24609173913043492
B4GALNT4	1.2945250869565217
RBM6	0.48515728260869473
RBM5	0.32800645652174154
RBM4	0.3650521304347798
RBM3	1.181232391304352
B4GALNT1	2.902095739130434
B4GALNT2	2.11735152173913
B4GALNT3	-0.5669720217391303
OR51D1	0.0
OCEL1	-0.2607447391304376
LOC283314	0.09081073913043536
RBM9	0.42261952173913286
CAT	-1.7641564999999915
GMCL1	-0.24284863043478122
ZBTB25	0.06250243478260753
AP1S1	0.5940871521739126
AP1S2	-0.3881178043478286
AP1S3	0.211669239130436
NDE1	0.4352166956521719
SNORD24	0.0
VSTM2B	0.025057065217391306
WWP1	-0.3276856086956528
CAD	1.354341869565216
PGF	1.02670397826087
PGD	0.11381136956521587
C20orf118	1.7758505869565226
PGC	3.8433940434782636
SNAR-B2	0.013610869565217391
SNORA8	0.7204170652173936
LOC150786	-0.5735034565217356
C20orf112	0.2638339130434737
C20orf111	0.3884673695652161
C20orf117	1.5232671304347818
C20orf114	0.5803453913043476
DEFA6	0.051497021739130434
DEFA5	0.12335326086956519
DEFA4	-0.5691165217391305
PGR	-1.8950390652173907
PGP	1.087087369565218
POTEH	0.18223967391304347
POTEG	0.23849239130434785
POTEF	0.3716597173913043
POTEE	0.005123543478260828
POTED	0.033467391304347824
IVNS1ABP	-0.010581260869567899
POTEB	0.057510326086956526
POTEA	0.002734782608695652
ASIP	-0.23032167391304426
C21orf90	1.4761808695652179
C21orf91	-1.9289866956521742
NDUFC2	0.07048130434782252
C21orf94	0.009473369565217393
C21orf96	0.09780493478260863
C21orf99	0.5983442391304348
LOC644538	-0.45975982608695354
BMI1	0.19015582608696313
MRS2	0.34980376086956433
COX4NB	0.2764509782608684
SEPSECS	-0.993338021739131
ZNF500	0.6215218913043445
GPR44	1.427048956521738
GPR45	0.08186339130434783
SLC45A2	0.6162111956521725
LYZL6	0.02550817391304351
NRP1	-0.1631299999999971
NBPF14	-0.24614130434782755
C12orf63	-0.36614039130434806
C12orf62	-0.06496369565217286
CA9	-1.1895781086956507
CA8	1.2402027826086948
C12orf66	-0.7443337826086882
C12orf65	0.5140788695652247
CA3	-1.4377870000000001
CA2	-1.9530726739130486
CA1	-0.9414991086956519
C12orf68	-0.8331678695652154
CA7	0.2945847173913043
CA6	-0.09358158695652172
ARMCX1	-0.29450819565216957
CA4	1.3999601521739118
FUT7	-0.4431264347826094
FUT6	-1.3711227608695635
FUT5	-0.962850760869566
FUT4	-0.4800259347826117
FUT3	-0.9190244130434779
FUT2	1.74608741304348
FUT1	0.5594427173913052
MAGEA9B	0.8033142391304348
MAGED4B	0.9929863913043491
KRT33A	0.006197826086956522
FUT9	0.22914586956521735
FUT8	-0.21817536956522066
PTMA	0.4949416304347878
GHR	-3.3076894347826062
ATP5J2	0.7731950869565214
GSTA5	-0.01304226086956528
SF4	0.5663424999999993
RPE65	0.2512756304347826
GSTA1	-1.9996234999999967
GSTA2	-3.005825217391301
GSTA3	0.19297630434782623
SNORD28	0.0
VTCN1	-3.2167631739130442
MKX	-2.183669217391306
NCRNA00099	-0.024403108695652174
NLGN2	0.03158449999999746
FBLN2	-0.6690510000000005
FBLN1	0.8146736521739104
NCRNA00094	0.5007015217391269
FBLN7	0.7276431086956467
NCRNA00092	-0.8164801739130434
FBLN5	-1.3219799565217354
ZNF586	-0.27108910869564884
LOC100132831	0.2728186739130436
LOC100132832	0.19290115217391435
TRAF1	0.8570016304347732
NHEG1	0.03840410869565217
GAN	-0.8541290000000004
OSBPL6	-0.870347021739132
ZNF238	0.4537795434782641
DYNLT1	0.06421619565217185
NIPBL	-0.03791465217391732
DYNLT3	-0.18130330434782316
STRAP	-0.03350802173912726
C1orf84	0.022768108695650824
C1orf85	1.092653934782616
C1orf86	0.5285352826086989
CBFB	-0.12841410869565628
NLGN3	-0.05164880434782715
C1orf83	0.46611271739129734
VAMP3	-0.21396197826087082
GAK	0.2476014130434745
PA2G4P4	0.756435673913046
C1orf88	0.3111543043478249
C1orf89	0.29877895652174136
ZNF234	0.5560482826086997
TOMM7	0.287042695652179
MDH1	0.037885760869569296
STRA8	0.5813138260869566
SIM1	0.22873171739130438
STRA6	1.8667807608695652
HGC6.3	0.01327819565217389
RPL23AP7	1.091055478260869
PEX11A	-0.8018501956521789
NRG1	-3.7045345652173927
SIGLEC14	-1.8749061304347814
PEX11B	0.3833765652173913
CGNL1	-0.7160113260869618
APCDD1L	0.035674478260869336
SIGLEC11	-2.681577782608694
TMEM93	-0.1033708913043494
GTF2F1	0.38359880434782845
KIFC2	2.0425198695652167
KIFC3	0.19187030434782137
PAFAH1B3	1.7523332826086913
KIFC1	3.7346405652173873
C10orf125	-0.9291657173913048
C10orf122	0.00964945652173913
GH2	0.19268152173913045
C10orf120	0.017390217391304346
GTF2F2	0.23768006521739515
C10orf129	0.2059746086956522
C10orf128	-0.3652303913043471
SFN	3.1325102608695676
NLGN1	0.2259471739130432
CYLD	-0.5141670217391372
EID3	0.04412815217391053
EID1	-0.41101365217392427
HCRTR1	-0.014848391304347813
ACTB	-0.04158863043477723
HCRTR2	-0.10314534782608689
STARD10	-0.37574026086956636
DMRT1	0.1897548913043478
DMRT2	0.30667295652173904
DMRT3	0.20868743478260865
HSPB7	-0.18303047826086738
ZXDC	0.039828913043480796
PROS1	-1.5151033695652174
AMAC1L2	0.18136743478260875
AMAC1L3	0.15804782608695647
OR52E4	0.05476684782608696
HSPB2	0.07843891304347927
VAX1	0.16577104347826083
CRADD	-0.5681536086956509
NCKAP5L	0.19317960869565454
MT1X	-4.372141021739129
SUCNR1	-2.2665358260869537
PPIP5K2	-0.20647417391304757
PLA2G12B	-0.5480080652173918
ADAR	0.291782717391305
NRGN	0.559291521739131
HSBP1L1	-0.3633359565217429
MT1M	-6.057768478260871
HSFY2	0.04750989130434782
ADAL	-0.08633504347826015
MAP1LC3B	-0.45395217391304143
IQCA1	0.37081980434782613
SF3A3	0.2523476304347856
MT1E	-4.89900310869565
MT1F	-5.511077652173913
MT1G	-6.495999565217392
MT1A	-3.1099056521739117
MT1B	-2.4901601956521744
ZNF185	-0.09155539130435031
ZNF184	0.37641443478260683
ZNF187	0.6916498695652225
PKN2	-0.3211791304347784
ZNF181	-0.07855526086956566
ZNF180	0.039702586956516406
ZNF182	0.40163289130434787
TRA2B	-0.10299354347826117
SPI1	-0.7805191304347856
ZNF189	0.35643665217391174
TTPAL	-1.1789386304347804
TIFA	-0.45810252173912946
TFCP2L1	0.21929886956521916
ZNF25	-0.014286304347828072
ZNF24	-0.4354777826086931
LYRM1	-0.7580913260869551
INTS10	-0.9727255652173934
ZNF20	0.257836260869567
ZNF23	0.3271372826086987
ZNF22	-0.19210117391304316
BLVRB	-0.16839826086956755
BLVRA	1.0215929565217365
OR52E8	0.0023755434782608696
GLTPD2	-1.424447956521739
GLTPD1	-0.7327538260869559
EPOR	-0.2632583043478194
WBP2NL	0.5563075869565208
PION	-0.36560028260869437
SEMA5A	-1.0573765652173899
SH3TC2	0.23555204347825986
SH3TC1	-0.4139402173913034
ERAS	0.5499291956521737
LYNX1	0.21680950000000188
SNORA9	0.03441413043478261
BBS10	-0.1283110434782575
TRIM77	-0.024081304347826092
BBS12	0.08525834782608666
HS6ST1	0.17184995652174173
HS6ST2	0.26613847826086845
HS6ST3	0.25834571739130463
SNORA1	0.019745652173913046
RHOBTB2	0.8124153043478257
LUZP1	0.1338027826086936
OR1J4	0.07620978260869564
MYH8	0.4024979130434783
OR1J1	0.25816630434782617
SNORA6	0.09181521739130435
XKRY2	0.1002679347826087
UBASH3B	-0.41388976086956486
LOC143666	0.3153819130434785
LOC440461	-0.16189578260869553
MOAP1	-0.3332027391304351
ZNF239	0.4366795217391273
DKFZp566F0947	0.03224919565217382
UBL4B	0.6465810869565217
ZNF236	0.12254434782608659
FLJ40330	-0.25433454347826245
UBL4A	0.7334756956521673
TCERG1	0.664935347826086
SENP6	-0.3004103478260838
ZNF230	0.055252065217393564
CNBP	-0.6227855652173862
RNPEP	0.23584773913043122
ZNF826	1.185212000000003
SRRM5	0.9982126521739136
LOC391322	0.48908110869565213
RNF113B	-0.0721089782608696
KRTAP25-1	0.0
RNF113A	0.39268899999999896
INTS12	-0.1417696086956557
INO80E	0.7280278260869615
SEMA4G	0.009213869565215305
ZDHHC23	0.1874499782608705
FAM75C1	0.3169366739130436
FAM35B	-0.6472132173912986
CERCAM	0.17148278260869354
FAM35A	-0.3081503913043466
ZNF827	-0.7282702608695635
RANBP9	-0.0967737608695618
GABRG2	1.0713184782608698
NAE1	0.3136961739130406
NCRNA00159	0.04077880434782608
RANBP1	0.16763884782608862
RANBP3	0.3589861304347881
RANBP2	-0.48342871739131077
LYRM5	-1.0785381739130422
ZNF131	0.18691134782608465
ST7	-0.5109052173913025
TXN2	-0.26679202173912664
AGAP1	0.5021704999999947
AGAP2	1.0213981086956494
AGAP3	0.36586128260869977
AGAP4	0.908795043478265
AGAP5	0.6339521521739142
AGAP6	0.9754545217391266
AGAP7	1.122363326086956
AGAP8	0.954811108695651
TMEM2	-0.5069604130434708
TSPO	0.3068980652173927
TMEM5	0.0312724565217426
TAF7L	0.153981782608696
RANBP6	-0.7097913043478297
PDCL2	0.08280326086956523
ARNT	-0.07452017391304366
LYRM4	0.9380637826086939
TLR2	-1.4263188913043452
CCL4L2	-1.2312819130434782
CADM3	-1.1793436086956532
GDPD2	0.3585317173913043
GDPD3	1.6911267608695644
BASP1	-1.745171021739126
GDPD1	1.0848896304347821
GDPD4	-0.2153044130434787
GDPD5	0.13117463043477873
SLAMF7	-0.7442168913043474
SLAMF6	-0.9376843478260888
KCNRG	0.061433565217391184
SLAMF1	0.054330630434783256
CN5H6.4	0.7456611956521739
KRTAP5-4	0.09075421739130429
TGFB2	0.6098083478260836
TBCEL	-0.8964058695652177
C17orf99	0.5618586739130437
C17orf98	0.0489380652173913
KRTAP5-5	0.8618483695652178
C17orf95	0.4834089999999982
OSGEPL1	0.589436608695654
C17orf97	-0.43117717391304655
C17orf96	-0.7436432608695682
C17orf91	-0.811872456521737
C17orf90	1.1958351956521716
C17orf93	0.5653175000000001
LOH12CR2	0.34315486956521823
FGD6	0.2770298478260864
TMEM132D	-1.1284001521739133
HOXD4	2.0594134999999985
F13A1	0.8778721521739135
UIMC1	0.49684130434783036
FKRP	-0.16413886956521662
GBAP1	1.5886763913043485
LPHN2	-1.200521847826085
HDGFRP2	0.8739130652173888
HDGFRP3	0.011210369565217704
KRTAP5-2	-0.28124878260869624
DEFB104A	0.0
C6orf106	0.23405439130434758
C6orf105	-0.18771730434782397
KRTAP5-3	0.014945652173913044
C6orf103	0.02884752173913044
OR5F1	0.0
ETS2	-1.9463682608695674
YWHAH	0.3907942391304342
ETS1	-0.8756145217391342
SHPK	-1.2141733695652182
LOC100302650	-1.4604232826086978
PRR5-ARHGAP8	0.0981676304347825
YWHAB	0.1815624347826077
FCRL1	-0.3499049782608692
FCRL2	-0.2360605652173915
FCRL3	-0.7468968478260867
AQP10	1.1455620217391305
AQP11	-0.6445433695652234
FCRL6	-1.2573991521739103
YWHAE	-0.32521258695651944
ZDHHC24	0.8861749782608719
SEC61G	0.5991830869565327
LOC100134259	0.36934934782608675
STAT5A	0.08732578260869417
FCRLA	0.22350147826087063
CHRM5	0.14191191304347828
CHRM4	0.2788300217391303
CHRM3	-0.1230788260869553
CHRM2	-2.813252173913044
CHRM1	0.2685542391304348
HSPC072	-0.0734242826086956
HTR1D	1.5608900652173914
BEAN	-0.5344214347826095
MGAT3	1.3899608695652192
MGAT5	-0.22520765217391414
GLRX	-1.0312552608695622
PABPN1L	-0.02983665217391307
KIAA0652	0.2834870869565158
KRTAP10-9	0.004717391304347826
VTN	-0.8682864347826111
CHST11	0.34459730434782365
CHST10	0.7225804999999967
CHST13	0.3390130869565233
CHST12	0.4644523913043521
CHST15	-0.12753804347826403
CHST14	0.21086484782608395
VAMP7	-0.04283773913043731
TMEM9	0.8917065869565253
VAMP8	-0.18377763043478978
UNC5B	0.5825275434782631
ROCK1	-0.3554617608695576
ROCK2	-0.6969830217391273
MOSC2	-1.2163735434782552
MOSC1	-0.8249140000000033
HTR1B	0.5275829130434783
MMP8	-0.4236140217391305
MMP9	1.6167856086956487
MMP7	-1.298755347826087
SLFN5	-0.7586297391304413
MMP2	-0.1329267608695659
MMP3	-0.028762413043478485
GXYLT1	-0.3166506304347845
TRAPPC2L	0.31262715217390635
GXYLT2	0.9512408695652173
GNPTAB	0.17517441304347336
AMICA1	0.2681974347826124
TAPT1	-1.1008263478260893
AGER	0.9993121521739132
PODXL	1.560355456521739
ISPD	-0.9897954130434758
NGDN	0.350600086956522
CAPRIN2	0.11336454347825686
NAIF1	0.4715555217391296
CAPRIN1	0.3316642608695677
CCNT1	-1.1405410652173895
PLDN	-0.23804673913043928
CCNT2	-0.20290671739130062
SEC61B	0.13451467391304028
CREBZF	0.10426078260868898
BEYLA	0.042656521739130426
IER5	0.5163608478260926
KCNE4	-0.6608402608695627
LTC4S	0.09305889130434952
SLC28A3	-1.419785391304348
CBFA2T3	-2.055518934782607
CBFA2T2	1.4185106304347768
IRF2BP2	0.3583305434782602
IRF2BP1	0.29096465217391376
C9orf89	0.3510867608695607
PNMA6A	-0.47868176086956815
C9orf84	0.22451413043478297
C9orf85	0.06571845652173902
C9orf86	0.8261229130434806
ZMYM6	0.06219947826087058
C9orf80	-0.29672054347825494
C9orf82	-0.4788352173913033
H3F3B	0.04900145652173293
MC1R	1.2148285434782613
VRK1	0.9706507608695576
FAM92A3	0.02599076086956522
VRK3	-0.26006410869564967
PDRG1	0.781723760869566
CRYL1	-1.0164003043478136
WNK3	-0.9541268260869558
LRRC6	-0.4366072826086951
LRRC7	-1.2921035434782604
TXNRD3IT1	-0.2731011956521803
LRRC1	2.4127540000000005
LRRC2	-0.8814485434782569
LRRC3	-1.4505882608695684
NR2C2	0.2866871086956486
TNIP3	-0.27379410869565235
LOC134466	0.9382984347826087
USP30	0.20560319565217533
RFNG	0.05556499999999609
USP32	-0.380420891304345
USP33	-0.003176369565222714
USP34	-0.045733282608694026
SHMT2	-0.4881551304347731
SHMT1	-1.812792391304356
USP37	0.05502699999999727
MORN5	0.12043647826086956
MORN4	-0.3464877826086932
LOC145845	0.27688967391304353
MORN1	-0.5979532826086977
PLD1	-1.1599079130434813
MORN3	-0.2320848695652178
MORN2	0.6015364782608703
ST20	0.20186154347826335
RPL39L	1.3252782173913067
PPFIBP1	-0.8418752391304398
PPFIBP2	-0.6109724782608694
RPL23AP64	0.30939732608695647
FTHL3	0.8902324782608666
APOBEC2	0.7114668260869561
APOBEC1	0.030766521739130442
LDLRAD3	-0.5338261086956528
TPK1	-1.1778291521739126
APOBEC4	0.06219341304347825
UBE2CBP	0.5403029565217379
SIRPD	-0.22050506521739122
CSPP1	0.5457635000000014
HHIPL1	-0.4399723695652158
RRP1	0.6235712173913033
DOCK8	-1.0998438478260866
DOCK9	-0.13512913043478036
MRPL19	-0.3034315652173891
SCO1	-0.44671467391303743
DOCK2	-1.025975260869564
DOCK3	1.6809772608695668
DOCK1	-0.38209319565217115
DOCK6	0.9818020652173907
DOCK7	-0.12160997826087083
DOCK4	-0.3300346739130422
DOCK5	-0.8708082826086994
SAAL1	0.7416777173912994
UHRF1BP1	0.4929268695652169
TAP2	0.5569811304347763
ACSBG1	0.05835065217391344
ACSBG2	0.40079195652173916
TNFRSF12A	0.12166984782609447
FAM184A	-0.12935193478260754
FAM184B	0.2591770217391305
JUB	0.09013639130434647
LOC342346	-1.458706369565218
NCRNA00095	1.2253462826086956
FLJ41941	0.5385538260869563
LRRC66	0.2795504565217386
HSPH1	0.4280153260869586
SLC9A2	0.09545802173912998
SLC9A3	1.544753130434782
LIM2	0.015987891304347718
PBXIP1	0.4159104130434699
POLR2K	0.8834274999999998
JUN	-1.4363308043478238
SLC23A3	-1.7104228913043489
EIF5AL1	-0.4542624782608691
UCK1	0.15767569565217165
JUP	-0.04290502173913069
PLEKHB2	-0.1882730434782598
SCNN1B	0.07306723913043411
SCNN1A	-1.0867088913043483
FAM98C	0.5290292173913071
ARHGEF37	1.4315911521739055
FAM98A	-0.038517739130437434
ARHGEF35	-0.5464988260869577
PLCB4	0.9218672391304366
CYP4Z1	-0.7301774347826098
SPINT3	0.05162647826086955
LOC93622	0.5073030217391317
SEC13	0.4342889782608701
SLAMF8	0.5684380652173919
CLEC9A	-1.6546447826086947
ARHGEF38	0.3020731521739132
SKINTL	0.05339810869565215
MCCC1	-0.8263512391304371
TWF2	0.5937344130434763
GIMAP8	-0.8113353260869509
C11orf58	-0.1270246521739118
GIMAP4	-0.698446760869567
GIMAP5	-0.608308760869571
GIMAP6	-0.6225485869565235
GIMAP7	-0.3085395652173899
GIMAP1	-0.19268291304347773
GIMAP2	-0.2350907826087001
SCUBE2	0.33011547826086574
SCUBE3	0.5504402173913043
SCUBE1	-0.3384292826086952
ESR2	0.32893436956521627
CUX1	-0.18476719565217792
JMJD7-PLA2G4B	0.40887682608695464
WARS	0.10236191304348274
TTTY6B	0.014713043478260869
ZNF233	1.3461645434782588
LOC221122	0.7518853478260867
RPSAP52	0.37232689130434776
RHBDF1	0.8711604999999949
RHBDF2	1.0412471739130442
ZNF750	0.6009701521739129
RPSAP58	0.8738175434782569
MYOM3	0.8295948913043478
C14orf68	-5.0391090217391294
MYOM1	-0.7838913478260832
NDST3	-4.156258369565218
EARS2	-0.023431326086951643
POLA2	1.5283755434782602
NDST4	0.19626478260869573
RPP30	0.5167461739130434
OR52W1	0.016154369565217368
C14orf64	-0.7776047173913048
OR2K2	0.07411108695652174
LAX1	-0.7768879782608682
TBX3	-0.5014206739130369
FBXO2	-0.021828673913047325
FBXO3	-0.5626573260869616
FBXO4	0.2564170869565219
CTNND2	-0.6047545434782586
CTNND1	-0.38343497826086903
FBXO7	-0.3188555434782536
FBXO8	-0.9417571521739116
BCORL1	0.6573163260869572
BCORL2	-0.03319339130434784
A2M	-1.4908070217391387
KLRF1	-1.8625033260869568
C18orf21	0.5287557173913005
C18orf20	0.08152823913043479
ZNF536	-0.22455226086956526
C18orf22	-0.26039386956522215
C18orf25	-0.14646641304347519
OR5AP2	-0.040616000000000006
ZMYND15	0.18348402173913048
C18orf26	0.14685508695652177
LOC643837	-0.7585249565217351
TLR1	-0.9792564565217416
NAV3	1.0351787391304397
SPHK2	-0.11034430434783182
SERPINF2	-1.6313424130434733
NAV2	-0.9233751304347848
TRUB1	-0.5358654130434779
SLC6A4	0.18539660869565266
LOC401010	0.1756103478260851
PMS2L1	0.46895432608695486
OR5D18	-0.03138619565217392
QSER1	0.1694469999999999
TAL1	-0.9249845217391286
C1orf9	0.8984525869565232
TAL2	1.1139199347826092
LOH12CR1	0.10607265217391504
LIG3	0.5541617173913096
SLC44A3	0.8324601956521693
SMEK3P	2.283697695652174
APEH	0.03979791304348268
SNX7	-0.2534338260869564
TRUB2	-0.31737943478261244
NT5DC2	2.623396826086956
DBR1	0.3019197391304349
CSNK1A1	-0.3422532608695601
LCE2C	0.0014651956521739076
LCE2B	-0.056137043478260866
LCE2A	0.032636391304347825
LOC285501	0.08394402173913043
LCE2D	-0.7644640869565218
PRRT4	0.48945697826086976
SASS6	1.2240608913043474
ATL3	-0.007527021739129225
ATL2	-0.18310984782608308
ATL1	0.03563806521739288
PRRT2	1.5327076739130447
RUSC2	-0.13628260869565167
GLYATL2	-0.20434934782608727
MEGF9	-0.8521185869565233
SLAMF9	-0.2741038695652196
GLYATL3	-1.5320643260869569
C14orf2	0.23550178260869714
PPIF	-0.7861197173913066
PPIE	0.11466506521739284
C14orf1	-0.18425121739129935
CCDC85C	0.8382544999999979
CCDC85B	0.33177973913043424
C14orf4	-1.036079152173917
LOC729991	0.6979431956521687
KIAA0406	0.19581300000000113
RNMTL1	-0.3634845434782594
YARS	0.022342413043483944
C21orf119	0.10319434782608283
SNTB2	-0.03982154347825961
SNTB1	-0.3774826956521711
SLC5A7	-0.5458006086956522
KIAA0408	-1.0320614130434786
CORO1B	0.7497532173913068
CORO1C	-0.4030654999999985
CORO1A	-0.20610600000000012
FLJ25328	0.0145594347826087
RING1	0.47722408695652696
SLC5A9	0.15496499999999713
MOXD1	0.0744839782608695
PIN1	0.42693619565217666
MID2	-0.10361226086956066
LHX5	0.04129021739130435
FNTA	0.006568543478262967
DCPS	-0.18477947826086805
LOC338651	0.7602196086956519
RPGRIP1L	0.6626325869565175
SMOX	0.5274188695652171
WASF2	0.7893198695652153
TTC32	0.21914697826086993
FAS	-1.1175846304347816
FAP	2.7995391956521765
FRG1B	0.23944515217390716
NPAS3	-0.9953881521739114
NPAS2	0.5664619565217404
NPAS1	0.5500444347826092
FAU	0.25107302173913126
FAH	-1.2058585652173939
LLPH	0.29861702173912796
HNRNPA2B1	0.24817076086956824
TUBB1	-0.4840368260869572
TRIM9	-0.18450223913043562
LHX6	0.796678630434783
PDXDC1	-0.6007266956521633
TTC36	-5.289698347826084
DCP2	0.3457254999999986
TPRXL	1.0567635869565213
NRF1	0.5082494782608737
LOC100233209	0.23378021739130483
AMY2A	0.6684575869565206
AMY2B	0.5697314130434759
MYCT1	-1.1613352391304383
MON1A	0.24353980434782763
LOC648691	0.3029641304347826
PIP5K1C	0.7388404347826079
AP4E1	0.03134423913044149
LOC441454	0.380695
TMEM95	0.006790217391304349
SLC18A1	-0.018082282608695655
LZIC	0.06393710869565439
NOP58	0.37699754347826264
MIDN	-0.533666152173911
C7orf42	-0.07795780434782706
NCAPH2	0.9504198260869554
SLC47A1	-1.2930200652173873
TSPAN3	0.10346308695651807
LOC284100	0.5863354565217389
CCL14-CCL15	-0.8003670652173911
FAM166B	-0.22344971739130504
C6orf108	0.5792069347826043
LOC150185	0.13134782608695653
C14orf149	-0.09192456521738901
C14orf148	0.5049617391304344
PURA	-0.3974725869565203
TSPAN1	-0.7837802608695661
PURG	0.31271256521739116
CFDP1	0.13084719565217107
TSPAN6	-0.2977608695652183
C14orf143	0.8113385434782581
C14orf142	0.18263193478260753
C14orf145	0.7887507608695676
ZMYM5	-0.1260006956521753
C14orf147	0.24854202173913542
TSPAN7	-1.4124231739130408
HECTD2	0.5087328913043443
HECTD3	-0.355302173913044
HECTD1	-0.5658072391304305
MAN2B2	-0.5648695217391246
TSPAN4	0.3020516086956473
TNFRSF14	0.19960873913043642
MAN2B1	0.5129933260869599
TSPAN5	0.5757672608695668
PPP1R12B	-0.40613245652173546
CCS	-0.5192308913043497
LZTFL1	-0.9568278043478253
CCDC28B	2.5648368043478236
CCDC28A	-0.7032300434782606
CCK	-0.704672847826087
TMIGD2	-0.7255480652173905
ADAD1	0.17884565217391304
ADAD2	-0.48797558695652143
NXN	-0.9721211521739139
SNX20	-0.33352067391304363
FSTL4	2.7538914347826067
FSTL5	1.8986401956521735
FSTL3	0.0834278913043427
FSTL1	-0.3427271521739108
OR6M1	0.01255217391304348
C7orf4	0.6444592173913044
SLC41A1	0.5134693913043504
PDE7B	-2.164444543478261
FLII	0.11709750000000163
TDP2	0.2819184782608666
PIP	0.3746072608695652
PIR	0.6095102608695644
NKX6-1	0.0748375
LRRC37A	0.9255130434782677
LRRC37B	1.0052172173913068
TNP1	0.3173380434782609
KCTD13	0.454969717391303
COG8	-0.4643223478260783
KCTD12	-0.7013434782608581
COG3	-0.42978332608695347
COG2	1.0141407173913048
COG1	0.40204084782608973
COG7	0.1990944130434773
COG6	-0.521751586956519
COG5	0.38594347826087194
COG4	0.3131763043478255
C12orf49	0.40092295652173693
C12orf48	2.6218415869565237
KCTD10	0.3440391956521758
IGHMBP2	0.6323767608695654
TLR7	-0.15370850000000225
C12orf41	0.28718689130434427
C12orf40	0.034611173913043476
C12orf43	0.0817861086956535
C12orf42	0.21314030434782605
C12orf45	0.5594993478260841
C12orf44	-0.29873686956521084
C12orf47	1.0701803478260894
BARHL2	0.04498967391304348
ERC1	-0.21297989130434303
NFAT5	-0.3696330869565241
KCNMB3	0.7865311739130396
KCNMB2	-0.4102399347826089
PNCK	2.0625494347826083
DPY19L2P2	1.3445446521739133
ZNF830	-0.2002215434782606
FCRL4	0.2797624999999999
KCTD14	-0.9091701739130462
GSK3A	0.3836248695652138
HORMAD1	0.1390453695652175
FCRL5	-1.333018043478262
UBD	3.207166304347835
MSTO1	1.7206185652173858
UBB	-0.4754963043478426
UBC	-0.09067513043478215
ZNF835	0.23108054347825968
CFTR	-4.753189478260868
SNORA69	0.0
ANKRD52	1.4872548695652181
ANKRD53	-0.6638373913043458
ANKRD50	-0.22475593478260336
KRTAP10-4	0.26096619565217377
ANKRD56	-1.5059006521739127
ANKRD57	-1.312920478260871
ANKRD54	0.5267289782608717
ANKRD55	-3.3288056739130445
ANKRD58	0.428235326086956
POC5	0.8855028260869595
ZNF658	0.04075843478260577
ZNF449	0.7296609347826033
SNORA64	-0.006485282608695658
AKR1A1	-0.46314997826086746
EPT1	-0.6313696086956551
RAMP3	-1.1855072826086968
MAT2A	0.019876086956523764
NPRL3	0.4419304782608702
HEG1	0.21332560869565675
KBTBD7	-1.1195170652173916
AMH	1.0631479999999986
KBTBD5	0.06970571739130434
KBTBD4	-0.24011382608695975
KBTBD3	0.06863121739130484
KBTBD2	-0.09531632608695162
AMN	-2.000184326086961
SSNA1	0.6631003478260844
MEFV	-1.2970380217391315
KBTBD8	-0.7426306086956513
RAD51L1	0.2788944565217406
NR4A2	-2.5235538043478263
GUCY1A3	-1.1927484999999995
GUCY1A2	0.05861395652173762
PCBP2	-0.15284928260869357
PCBP3	-0.7804567173913042
NR4A3	-2.8861878478260854
RNF220	0.6099825652173863
GFRA1	-2.421106456521736
MYST2	0.3590623043478267
MYST3	-0.6126422391304303
LZTS2	0.9787538913043416
AMT	-0.7698633043478207
LZTS1	1.41653565217391
SIRT3	-0.15359784782609154
C1QL1	1.8633743260869573
C1QL2	-0.07458197826086954
C1QL3	-0.9500128260869571
C1QL4	1.6650196521739133
RASL11B	-0.8045700652173924
RASL11A	-1.490969000000006
SIRT4	0.5747452608695651
MED30	-0.060650260869563155
MED31	0.05887034782608325
NHSL1	-0.3788583043478191
NHSL2	-0.5136249782608702
CARD16	-0.10125665217391244
RSRC1	0.020015913043477163
PAK1IP1	0.2859220000000047
SERAC1	0.054250239130432476
WDR25	0.1778493913043473
NPIPL3	0.8307772608695689
C10orf140	0.219862239130439
FAM57B	1.7634766521739125
LOC100128542	-0.19820676086956768
FAM57A	0.44444732608695325
ZMYM3	0.7303240434782587
MGAT1	-0.04321628260868415
PHAX	0.15254743478261013
MGAT2	-0.22803245652173665
RBM26	-0.13347771739130643
RBM27	-0.2523911086956545
RBM24	1.8977096086956502
RBM25	0.0066103260869549985
RBM22	0.36708636956521623
HECW1	0.3343863478260871
HECW2	-0.6323510434782662
FMO9P	0.330475
RNF216L	0.3412177608695668
HRCT1	2.3601868260869603
HIST3H2A	1.054381086956522
SCN7A	-2.4584891956521737
RFWD2	0.6512963260869586
RFWD3	0.42419473913043504
EPHA8	-0.2627549130434783
EPHA7	-0.8072261521739129
EPHA6	-0.051323456521738975
EPHA5	0.41971267391304345
EPHA4	0.09454630434782718
EPHA3	-1.5489339782608686
EPHA2	-2.1951794347826166
EPHA1	-0.4024556521739129
RSL24D1	0.0123993913043563
SLC22A25	-0.8128287173913042
PDCD1LG2	-1.6979165000000007
PSMA3	-0.004172413043477263
RASD2	2.5592433913043475
FLJ11235	-0.7154348043478254
COL29A1	0.030615543478260843
ZMYM1	0.2992646086956574
PBOV1	0.04087771739130436
RASD1	-2.0402491739130397
OR6C76	0.0
HSP90AB2P	0.7174518913043455
TMEM30B	-1.0987503695652148
OR4S1	0.0
OR4S2	0.0
TRMT6	0.6611766521739115
FGF19	0.2729140000000019
FGF18	0.5378865652173908
KDM6A	-0.5326622391304365
KDM6B	-1.0655592826086924
FGF13	1.275152434782603
FGF12	1.2977787826086944
FGF11	0.3178320869565221
FGF10	-0.13862317391304352
FGF17	1.2484393043478255
FGF16	0.03494239130434782
RFPL1	-2.4243077608695653
FGF14	-0.6459023043478291
RASSF3	-0.3160696086956527
SLC20A2	-0.7405308478260864
UGCG	-1.1681068478260865
PPP2R2D	-0.3762119130434822
SRP68	0.27464273913044046
ZGLP1	1.0104661086956512
COL9A2	1.3494845434782605
COL9A3	-0.11793750000000003
COL9A1	2.326812782608694
CC2D2A	0.05606497826087242
CC2D2B	0.5103171739130425
FLJ39739	0.10778893478260754
KIAA1407	0.8161678913043469
LIMD2	0.007299391304345093
VAMP5	0.6330888695652206
MNAT1	0.2077848478260913
RNU11	0.18912934782608695
USP18	-0.6129844130434741
RNF150	-1.7957820652173915
VAMP4	0.18723706521739025
SEMA3A	0.45334745652173947
SLC25A35	0.8511676956521752
GLB1L2	-0.8747629782608692
GLB1L3	1.0886448695652178
SEMA3E	-2.156853326086957
SEMA3D	-1.2606113260869591
SEMA3G	1.409685000000005
SEMA3F	1.4935053260869537
PAPPA2	-0.8684117826086948
STYXL1	0.22346247826086696
SFRS5	-0.3735093043478219
TNFRSF18	2.0311007608695677
MESTIT1	-0.3359897391304348
SYCP2L	0.14372828260869563
ARHGAP11A	2.4512442826086955
ARHGAP11B	1.4844880652173913
GLT6D1	0.00573858695652174
SLC25A31	-0.037015434782608686
RAPGEF5	-0.5503740434782642
GLP2R	-2.2040081521739134
OR5AC2	0.0
ARL9	0.3456315434782608
OXNAD1	-0.559768543478258
SLC25A33	0.2271875869565232
ARL1	-0.03417371739129749
ZNF250	0.5378243913043494
ARL3	0.29374663043478755
ARL2	1.062396065217392
EIF5A	-0.4608800434782623
ZNF254	-0.5556072826086931
ZNF257	1.1745966086956527
ARL6	0.002088717391304229
MTERF	-0.2005978478260877
CRCT1	0.016450739130434766
RRM2	3.164619565217391
RRM1	0.589509978260871
P2RY2	-0.1471021521739182
ZC3H12A	-0.7476832608695663
ZC3H12B	-0.47956352173913164
ZC3H12C	-1.097921499999992
ZC3H12D	0.21489680434782654
ZCCHC14	-0.5977521521739106
DERA	-0.5654561739130415
TRADD	0.3608696086956549
SEMA6B	0.5703796956521732
LOC399959	-0.7800990869565254
TMEM183A	0.5174590217391284
SLC25A38	-0.2723035869565198
ZBTB42	0.3459015869565212
TH	-1.4097122826086959
TF	-1.5867624130434734
MYEOV2	0.5870654347826072
TLK2	0.28024169565217605
KCNJ13	-1.4588161521739131
KCNJ12	-0.10882906521738933
KCNJ11	0.8366787391304342
KCNJ10	-2.2280089347826113
TFAM	-0.43929280434782747
KCNJ16	-3.641509304347827
KCNJ15	-1.8344191304347817
KCNJ14	1.0315239347826077
MLXIPL	-0.016145630434790448
TXNL1	0.05531317391304391
FAM35B2	-0.8434720217391343
SART3	0.2557694565217403
PNLIP	0.24915923913043478
TMX4	0.1068806304347909
ANKAR	0.8742897608695626
AR	-2.850189739130438
TMX1	-0.23125273913043287
PI15	2.157296913043479
TMX3	0.12852036956522106
NAGA	-0.16580882608695546
TPTE2P1	1.3632982391304336
NAGK	0.042200413043476104
C20orf85	0.02213152173913044
C1QTNF8	0.2117753043478262
C1QTNF9	-0.1737030434782616
CYP4A11	-3.2853390217391336
OR2M1P	0.0
SNORD49A	0.0
GPR148	0.0023755434782608696
C1QTNF2	-0.4661663913043461
C1QTNF3	1.3969661739130403
FOLH1B	-3.949903652173915
C1QTNF1	-2.5812740869565243
C1QTNF6	1.0305186521739182
C1QTNF7	-1.7550578478260856
C1QTNF4	0.10734102173912974
OR56B1	0.07956867391304347
CREB3L2	0.5161637391304463
CREB3L3	-1.4498885652173907
CYP3A5	-1.2001540000000102
CREB3L1	0.8381107391304328
CREB3L4	0.9048145652173867
FAM175A	0.6208438695652152
CARTPT	0.015881391304347833
MMP1	1.4138340217391314
THBS4	5.4114783695652156
VDAC3	0.06827569565216862
C17orf73	0.15472021739130437
C17orf72	0.8266007826086947
C17orf71	0.19243417391304618
C17orf70	0.4023931521739126
C17orf77	0.014854673913043483
C17orf76	0.4281282608695638
C17orf75	0.6570831086956517
C17orf74	0.07911576086956522
PPAPDC3	0.45656397826086703
OTX1	2.663100695652174
C17orf79	0.22613982608695515
C17orf78	0.21930056521739133
SLC6A1	-1.1099283695652158
PRB4	-0.04939202173913043
THBS3	0.7841012391304325
MFAP5	0.1722621086956515
MFAP4	-3.020463739130432
MFAP3	-0.09648543478261118
IGSF10	-1.9241727173913055
MFAP1	0.166734586956526
TMEM90B	0.6513475217391306
OTX2	0.05615149999999999
VDAC2	0.3716778478260796
KIAA0090	0.0429020652173957
OR2L8	0.002734782608695652
C6orf125	1.1180570000000003
C6orf124	0.4712095434782606
C6orf127	0.0808038043478261
C6orf126	0.35732304347826077
C6orf120	-0.5184187608695581
C6orf123	-0.7051006086956555
C6orf122	-0.8211494565217388
C3orf1	0.28639147826086386
ZPBP	-0.2621761304347826
PLEKHM3	-0.47019682608695934
NDUFB8	-0.09810806521739046
CDC42SE2	0.11775404347826068
PVRL3	-1.5911046304347822
CDC42SE1	0.3328420434782693
PVRL2	0.1580387391304292
OR5AK2	-0.21626693478260875
NDUFB6	0.03529565217391273
HEBP1	-0.7916745652173915
HEBP2	-0.32363302173913233
HBS1L	-0.4237259782608671
VAC14	0.45655145652174056
LOC646851	1.0952066739130442
TMEM186	0.12778623913042964
NDUFB4	0.19413760869566055
SPNS2	-0.8171262391304355
FLJ35024	0.22196889130434783
THAP1	-0.3565565217391322
AHCYL2	-0.20409439130434848
ID2B	-1.387443021739128
GEMIN8	0.18948963043477995
NDUFB2	0.10931041304347211
IWS1	0.04257850000000474
APRT	0.3625804347826076
ZFYVE20	0.14161586956521788
RPS6KL1	1.8865234130434798
WBSCR27	0.6293057826086965
FDPSL2A	0.3869983913043482
SNTG1	-0.17321802173913015
GYPA	-0.4975421956521739
GYPB	-0.20290778260869563
GYPC	-0.05732769565217488
MANSC1	0.10498071739130133
GYPE	-0.28625576086956483
SLC17A9	0.5775949130434785
C19orf53	0.6573341956521759
C19orf52	0.5933781956521758
C19orf51	-0.46759352173913005
C19orf50	0.5367507826086939
C19orf57	1.0636387826086953
C19orf56	0.16910367391303716
C19orf55	0.6709616956521725
C19orf54	0.629754826086959
LECT1	0.18517802173913045
C19orf59	-1.2592359782608706
LECT2	-2.8328173478260883
SNAP29	-0.0052386956521743855
ATF7IP2	-0.023176021739125474
TRPV1	-0.09094932608695849
C22orf9	0.03921650000000021
C11orf49	0.5755779782608679
PRR11	2.004896086956524
PRR16	1.0172252173913052
PRR14	0.4943388478260875
LACTB	-0.4294496086956485
C11orf40	0.0
C11orf41	-0.001379260869565524
C11orf42	0.10609495652173906
PRR19	1.2591616521739142
C11orf45	0.45426484782608734
C11orf46	-0.10357482608695356
TNFSF13	-0.9932825000000047
RASA4P	0.40277610869564917
TNFSF11	-2.3669808260869547
TAS2R5	0.9198867826086947
DIRAS1	1.6991223695652176
DIRAS3	-4.048141695652179
DIRAS2	-0.5574282826086967
LMO4	-0.2663351739130473
TNFSF18	-0.15545421739130438
TAS2R3	0.05079882608695652
PUM2	-0.16215456521738325
LOC100129387	-0.14451341304347576
SFXN4	0.3353432391304292
PUM1	-0.20246567391304637
SFXN2	-0.9656972391304297
SFXN3	0.40752221739131045
RAD1	0.6315532391304313
SFXN1	-1.0453485434782586
CRYBA2	0.4881651739130434
CRYBA1	0.051514934782608685
LMO7	-0.8904500000000013
CRYBA4	0.21330967391304367
CCT8	0.3480949782608622
RWDD2A	0.17708734782608637
C4orf42	0.6551935217391351
CCT2	0.4166150652173961
CCT3	1.085902369565213
SH2D4B	0.7734000869565215
CIDEB	-2.1307346086956525
CCT7	0.35977341304346844
CCT4	0.46199263043478034
CCT5	0.689638152173913
TIMM16	0.4734601304347912
TAX1BP3	0.8309880217391292
C3orf45	0.35355732608695734
NAALADL1	0.995578260869566
TIMM10	0.3081852608695659
STAG3	-1.3174988043478253
C4orf47	0.18232143478260876
OPCML	-0.5289107173913046
SUV39H2	0.745861913043476
C4orf46	1.2904062826087008
ARL13B	-0.47172571739130653
ARL13A	0.0828848260869565
STAG1	-0.24462239130435215
SPOPL	-0.1745708043478249
NAP1L2	-1.1735709347826102
PECAM1	0.8523108913043487
TRPV2	0.19073841304347816
MC3R	0.0
MSX2P1	0.017494347826087053
PCGF3	0.2398759782608657
RAET1K	0.9501575434782609
CDK5RAP2	0.5909768913043454
AKTIP	-0.3384891956521745
SUGT1	-0.08059897826087514
SNORD102	0.0
C16orf53	0.5422383913043518
BMS1P5	0.4362217608695653
BMS1P4	0.2689222391304349
FAM50B	-0.39321147826087
SP110	-0.14282819565217508
LOC645676	0.7617419782608725
RPL23AP82	0.9930737391304367
FAM50A	1.0785639347826024
ZNF654	-0.7145862173913038
TUBGCP6	0.6107765217391261
GFM1	-0.4606349347826093
GFM2	-0.15208597826086567
COL22A1	2.1162434130434793
ZC3H4	0.1836787173913077
ZC3H6	-0.13942217391304457
RIPPLY1	-1.6104861086956515
RIMKLB	-0.36477699999999924
USMG5	0.450561434782605
TRPC4AP	0.15684852173911956
CYP2J2	-1.7101069565217415
FLJ45244	0.4733395217391303
CIDEA	-0.834782130434783
MARCH2	0.3939689130434729
CROT	-0.2603028913043488
NPHS1	0.868040695652174
UHMK1	-1.2032598695652155
THOC2	0.48157658695652295
SLC4A5	0.373072347826084
SLC4A4	-2.390932043478264
SLC4A7	-0.17488128260870095
SLC4A1	-1.7323435434782604
SLC35F5	-0.39404343478260806
SLC4A3	1.4798654782608722
SLC4A2	0.7301821086956473
DCTN2	0.7381971086956565
DCTN3	0.2149522391304366
NUP88	-0.4407728478260875
CLCA1	-0.044357586956521755
DCTN6	-0.5828155869565244
SLC4A8	0.3219390434782605
CLCA4	0.017905326086956608
DCTN5	0.14707669565217962
RPS4Y2	0.13713302173913047
KCMF1	0.2589884347826015
ASPG	-4.659914413043476
FAM186B	-0.6422995
ASPA	-2.7007676956521722
FAM186A	1.1655541521739128
LOC100130331	0.012465239130434291
CIITA	0.31102245652173455
ASPN	-1.4555018913043467
KRBA2	0.14780073913043434
ASPH	0.3495458043478301
WFDC10B	-0.10769421739130432
SLC35F4	0.19010760869565213
CHMP4A	0.030818434782601045
ERC2	1.193021347826087
ZC3HAV1	0.1804036304347889
TAF7	0.07636310869564866
CHMP4C	0.35945230434783504
OSCP1	0.19081813043478224
VANGL1	0.21652473913043302
PREP	-0.46541469565218385
FAM96A	-0.4069509782608627
NMT2	-0.06569597826086593
CYP20A1	-0.21506728260869856
FAM86B2	-0.017022978260870292
FAM86B1	-0.664067304347828
TAF4	0.39292286956522204
MXRA5	-2.1436123478260853
BPHL	-0.5160205434782643
OR14A16	0.0
ARPM1	-0.9418675652173913
MXRA8	-0.12908760869565405
UBE2V2	0.08587967391304474
RNF26	0.40588460869564713
RNF20	0.33573517391304364
ZNF732	0.872212695652175
CMBL	-1.5476705652173983
H3F3C	-0.2518131304347806
ZNF880	-0.3832357826086943
LOC55908	0.11008286956520763
VANGL2	-0.10669802173912668
ZNF735	0.4739748913043479
UBIAD1	0.061080347826084846
LSP1	0.004140521739131486
C1GALT1C1	-0.05695434782609077
ZBTB17	0.49306902173912803
SSTR1	-1.879506326086962
SSTR3	0.3972040652173912
C10orf88	0.5117925652173909
SLC43A1	-0.23415239130434706
PHTF2	0.5145766739130444
A2ML1	-0.06034076086956519
ARG1	-2.255575608695649
CLEC18C	0.6996713043478262
ARG2	-0.014235478260867573
TMEM203	0.003467760869572345
ANKRD45	0.6165877608695651
TOX	-0.427683173913044
PCID2	0.1710600869565191
IGSF8	0.32342226086957204
IGSF9	-2.1044352826087005
ANKRD44	-0.9648997173913045
SNORD115-14	0.0
HMOX1	-1.9211896956521777
IGSF6	-0.8574813478260888
CER1	0.14184119565217396
IGSF1	0.7573875869565168
IGSF3	2.0248580869565203
CTNNB1	-0.07390778260868913
AQP5	0.7825933913043478
TMEM50A	0.3943425434782615
C15orf56	-0.06458071739130389
MYOC	-0.008127108695652252
ZSCAN4	-0.07015415217391296
HMOX2	-0.38610726086957037
CYS1	-2.701685586956519
C10orf81	0.8339515434782603
ANKRD40	-0.022930739130439193
C18orf45	0.3762203913043498
LARS2	-0.4844890000000017
TRAK1	0.13477613043478165
TMEM41A	-0.011214652173910267
SLC34A3	0.9381430434782605
ANKRD42	-0.28765950000000196
RAE1	0.5172085434782598
LRRC4	-1.899053847826087
CNOT8	0.10312106521738329
ERAL1	0.30284732608695997
NHS	0.17700195652173933
PRNT	0.0035505434782608695
CNOT3	0.6964558478260887
CNOT2	0.02543597826086952
CNOT1	-0.022836782608695927
C15orf50	0.4244706304347823
CNOT7	-0.571926456521739
APOL2	-0.10870484782609147
APOL1	-1.3672213260869484
CNOT4	0.13663917391303926
ITGB1	0.16066632608694853
NOS1	-0.43026234782608713
ITGB3	-1.237137478260867
HCG9	0.1677624782608696
ITGB5	0.3723405000000053
ITGB4	1.0332974130434769
ITGB7	-0.33110873913043637
ITGB6	-0.560409304347826
ITGB8	-2.752532260869566
DDX11L2	0.8939230869565202
SRC	0.8174968478260887
BUD31	0.5696702391304314
YARS2	0.17953639130435128
SLC37A1	0.11615821739130627
ATN1	0.5433199130434758
SCXB	1.719552304347826
LIX1	0.4485096739130435
LCP2	-1.1023070652173912
LCP1	-0.7525029347826067
PMPCB	-0.2053725434782585
GNB1L	1.0715239347826095
TNIP2	0.4249238478260864
SLC37A4	-0.8392820652173896
USP39	0.5301533260869586
LCE4A	0.004009782608695652
KRTAP12-3	0.006965760869565216
RNF40	0.11305321739130925
MYO6	-0.11310980434782891
NR2C1	0.27765063043477944
RPP14	-0.446194391304342
PLAC2	-0.05290721739130522
KCNA10	0.04079213043478262
EAPP	-0.16980297826086854
AICDA	0.38252445652173916
ZNF498	0.4509444782608707
C21orf130	0.14144091304347844
C21orf131	0.00598804347826087
ORAOV1	0.9044958913043457
PASD1	0.26295108695652175
GNPDA2	0.3000415869565227
GNPDA1	0.6414388478260822
MAT1A	-2.4657016086956567
SULF2	-1.033424326086955
MAN1B1	0.4321203260869524
SEC14L5	0.21778795652173866
OR5M9	0.007044021739130435
GJB7	0.11520386956521722
SCARNA6	-0.030607956521739088
GCM1	0.8579279347826086
RASAL3	0.2869063043478226
GCM2	0.0006300000000000125
URGCP	-0.37209560869565195
EGF	1.5547234565217387
C6orf191	0.032935869565217386
LBP	-1.570474782608704
LBR	0.4545029565217362
SLC30A2	0.5561393260869556
C6orf192	0.33109367391304545
ST5	0.38418241304346523
RAN	0.642864347826082
ZFP112	0.2766209999999987
FGR	-1.1669519782608742
USP35	0.6746334999999979
SEC14L4	-1.9877498695652216
SLC12A4	-0.012145478260865872
SLC12A7	0.7037087608695707
NEO1	-0.03772186956521573
SLC12A1	-0.2855992826086964
TDRD5	0.852719108695652
SLC12A3	0.16845436956521775
OR5M3	0.0
LBH	0.3074677608695655
FGG	-2.253023717391301
SLC12A9	0.7334404130434802
FGA	-2.1598229130434845
FGB	-2.447338543478253
VWCE	-0.43863113043478563
IMP3	-0.3292234347826035
MRVI1	0.5336731304347833
OR5M1	0.0
EXT2	-0.010230782608692479
EXT1	-0.11651100000000092
IMP5	0.006954891304347827
ATP1B4	0.039784782608695654
ACIN1	0.34766545652173697
ATP1B2	-1.0490322173913036
ATP1B3	0.8245911956521752
ATP1B1	0.28976663043478545
TFB1M	-0.33662893478260525
LY96	0.17851054347826523
RBM12B	0.7372736086956531
TESK1	0.34895134782608217
TESK2	-0.8979318478260856
ZAK	-0.3884201956521718
LOC91316	1.895752434782609
PSMC3	0.3148878043478316
PLD2	0.06291710869565392
NCRNA00113	0.11224076086956523
PCA3	-1.212697608695652
NOS1AP	-0.3614705652173953
LOC645332	0.134327478260869
PLD3	0.1515126956521744
ZNF132	-0.2216896739130414
FAM164C	-1.575491413043479
FAM164A	0.30986391304347727
FAM113A	0.9011206521739137
C14orf169	0.5628653478260839
C14orf167	-0.8730537173912989
ALDH5A1	-1.0705738260869602
C14orf165	-0.006172478260869564
BSPH1	0.0
OSBP	-0.6617635869565177
C14orf162	-1.0865344347826085
TCTA	0.15791971739130162
SNX3	-0.0318290217391386
SNX2	-0.10078219565217772
SNX1	-0.1980363695652212
OCM	0.36650252173913045
SNX6	-0.10832771739130287
RAB1B	0.06184895652173594
SNX4	-0.5343710869565221
RPL27A	0.4281706739130371
SNX8	0.7819170434782619
VWC2	0.03750626086956522
TRMT1	1.0035713478260888
CASD1	-0.26986132608695357
XPO6	0.44129841304347117
OXER1	-0.687032173913046
CCDC127	0.247773369565218
CCDC126	-0.1947043478260886
CCDC125	-0.18182236956522146
CCDC124	0.6509837173913056
CCDC123	1.1210532608695605
CCDC122	-0.07009823913043345
CCDC121	0.2008631521739126
CCDC120	0.11166965217391045
CEL	1.8790515217391297
TIMELESS	0.715079804347825
SNHG7	1.6459994130434792
CCDC129	-0.03972341304347826
ZIK1	0.011598108695652254
ITPKA	2.3030376304347806
ITPKC	0.11178058695651494
ITPKB	0.07024473913043394
SNORD115-16	0.0
RNF219	0.27411141304348163
MGEA5	-0.08039054347826458
L1TD1	0.028722304347825744
PHKG2	0.22853271739130854
NRTN	0.12040271739130581
ITPK1	0.2937873043478181
ORAI3	-0.27070391304348185
SNORA70B	0.0
ORAI1	0.17795349999999743
POM121L12	0.0
LGALS12	-0.08859089130434783
STH	0.040084782608695656
LOC221442	0.8031485434782617
RAG1AP1	1.2922423695652103
TSIX	-0.963157782608695
ZNF672	0.320273043478263
OPN1LW	0.03537921739130434
DLAT	0.03316899999999556
UHRF1BP1L	-0.589692195652173
C12orf29	-0.39281639130435053
ZNF343	0.29733591304347673
C12orf27	1.714343608695657
C12orf26	0.22563332608695852
C12orf24	0.794947434782606
C12orf23	-0.6597793043478273
TUBB2C	0.32423980434782784
TMED2	-0.13840726086956145
HIST3H3	0.07318967391304348
RNASEH2A	1.8869605217391276
CEP170	0.16913473913043298
RNASEH2B	0.48220456521738964
SNHG9	0.7590318260869582
COMTD1	0.18692910869565083
KIAA0284	0.42394791304347734
MAOB	-1.1041633695652173
MAOA	-0.8705948260869558
DTYMK	1.3768484782608708
NEIL3	3.425196391304346
NEIL2	-0.556731369565215
MSTO2P	1.8413174347826118
HNRNPR	0.3008365000000026
MMP28	0.5712608913043482
MUT	-1.6283060000000003
PIWIL4	-0.11293823913043699
PIWIL3	0.0682135652173913
PIWIL2	-0.9456876956521745
CHAD	-0.7091663478260859
MED28	-0.011076065217384468
CLYBL	-1.2054849565217474
NCRNA00051	0.01245054347826087
AHI1	-0.08023978260869136
FABP6	0.9997034565217388
FABP7	0.31381145652173914
FABP4	1.6278347391304333
FABP5	1.6235908695652213
FABP2	-0.11950665217391321
FABP3	-0.9170037391304353
CHAT	0.00628641304347826
FABP1	-2.321633760869563
AKR1C4	-1.542488630434784
GABRA4	-0.5369746739130434
MESP2	2.9294183913043463
GABRA6	0.033704891304347825
GABRA1	0.034605586956521744
AKR1C1	-0.1564628260869565
AKR1C2	0.0908938043478269
AKR1C3	1.3571185000000057
ZNF771	0.44008567391304165
FKSG29	-0.007085739130434789
MMP26	-0.00024023913043478076
SNCAIP	0.48230936956521653
ZNF530	0.9875388478260874
SPDYA	0.9965498260869539
MTERFD3	0.19122702173913098
SPDYC	-1.3947343478260867
CENPC1	-0.35779463043478277
WHAMML2	-0.19608099999999684
C1QBP	-0.1607931956521753
MTERFD2	-0.2701466086956543
?|57714	0.46206230434783
ITFG1	-0.531773847826086
GRIA3	-2.059995347826092
HNRNPL	0.2608709782608738
DNMBP	-0.7271219347826001
ENAH	1.4075661086956508
ASL	-1.0078480869565158
ATP6V0B	0.38313893478261996
ATP6V0C	0.29629749999999966
GRIA1	-0.014724869565217347
UFM1	-0.37341173913043413
SEPW1	-0.38989960869565543
GKN1	0.03418152173913043
GKN2	0.031364673913043484
KIF26A	-0.8150760434782658
COL5A2	0.6396452826086954
COL5A3	1.0722263478260867
COL5A1	0.44133876086956647
CENPM	3.950815086956523
GRIA4	0.13296580434782596
LAMP1	-0.20859782608694388
TCF25	-0.24971434782608348
NAT15	0.36775002173912874
EP300	-0.23706819565217607
DUT	0.7282728478260818
NAT10	0.42018845652174264
TAAR5	-0.013085652173913043
PDCD5	0.8830913695652161
TAAR1	-0.3306440217391304
LOC388692	0.21025982608695504
ANUBL1	-0.33357732608695745
FAM55D	-0.2761925869565217
HNRNPD	0.06541389130434361
TAAR9	0.03582717391304348
FAM55A	-0.0853631956521739
ALDH2	-2.012954978260865
FAM55C	-1.0907911086956457
C18orf2	0.7404478260869563
C18orf1	-0.6798065434782732
NEU4	-2.2303666956521733
SEPT9	0.5211682608695636
NPFF	1.0965184565217396
RCE1	0.6573320652173917
LENG9	0.1750214130434795
LENG8	0.8175383043478224
C18orf8	-0.39029758695652106
ATP5F1	-0.10581110869565613
LOC92249	0.1892174130434814
UQCR11	0.1593226956521825
ARMS2	0.279972543478261
SPANXA2	0.09457880434782609
SCN9A	-1.6912600217391311
RPRD1A	0.142924217391311
STOM	-1.158960130434771
CXorf38	-0.3112074347826095
RPRD1B	-0.6795047826086922
SNORD30	0.0
TRIM3	0.5280700869565251
SEPT4	-1.0289699565217383
CXorf30	0.26189680434782614
SNORD31	0.0
CXorf36	2.5766543043478247
OPRL1	0.5403637608695644
PRUNE	0.9379510434782627
COQ4	-0.38898102173912896
GABARAPL1	-1.6368179130434761
ASAH1	-0.4577889999999911
ASAH2	-0.35351965217391434
GABARAPL2	-0.09373517391304276
KLKP1	0.13224673913043478
PRR3	0.8959534347826095
PRR4	0.49583515217391483
PRR5	-0.8364599130434804
HSP90AB4P	0.1726868695652174
PRR7	1.315868978260868
DVL2	1.1009153695652252
DVL3	0.673949478260873
ABCB1	-1.0237421086956537
DVL1	0.14336765217390912
ABCB7	-0.29145352173913075
ABCB6	0.23525565217390998
ABCB5	1.44572852173913
ABCB4	-1.7440701521739186
MED18	-0.14057795652173688
MED19	0.33538450000000264
ABCB9	1.1625230217391325
ABCB8	0.2856116739130474
JSRP1	0.6929706956521728
SLC9A4	0.06320597826086954
NLRC4	-1.108573652173913
EEF1A1P9	-0.16923297826087413
SLC9A5	0.897928652173914
SYDE2	-1.7616213695652192
PSME4	-0.16000760869565056
PSME2	0.3119795869565163
PLEKHA1	-0.5675693913043496
PSME1	0.21448808695651778
ZNF69	-0.00216069565217758
MTSS1	-0.2842196304347855
HMGA1	1.6073849347826048
SLC9A1	0.2867318478260863
SNORD115-10	0.0
BAI1	0.5152423478260864
BAI2	1.2717362173913052
BAI3	-2.4194733913043485
UBAP2L	0.9431158478260873
TOPBP1	0.7267740652173948
OR6C2	0.028726630434782605
RSPRY1	-1.0155192608695671
SUPT7L	0.3710396956521773
OR6C1	0.0026755434782608696
TLX2	0.6048686956521739
TLX3	0.2239307608695652
PVRIG	0.17520445652173855
ADH1C	-3.628708500000009
ADH1B	-3.4032621086956496
ADH1A	-2.7185865652173877
CLEC4GP1	-1.7524075869565214
SERPINF1	-0.878199586956514
HCK	-1.1884166086956593
TNRC18	0.6729883478260845
ARFGEF1	0.1736107173913073
DNLZ	0.6557624782608693
APOC1P1	-1.5350524782608712
ARFGEF2	-0.037144000000003174
KIAA1704	-0.12459841304348185
KIAA1257	0.5282129130434772
SLC9A8	0.0986066086956594
MLEC	0.7577793043478334
LIN7C	-0.7660065217391363
SLC9A9	-1.5362963043478235
LOC645431	0.30864419565217416
TGM3	4.08602932608696
CYP2W1	1.507969543478261
SLC30A8	0.3439652826086955
PSMC3IP	2.7934803695652177
SLC30A4	-1.6917654347826092
SLC30A7	-0.2769954782608668
SLC30A6	-0.1376666956521726
SLC30A1	-1.5595858260869555
LOC647859	0.4705593913043469
SLC30A3	1.8233999565217385
FURIN	-0.6958676956521774
ASPDH	-2.8605460434782586
PLA2G4C	1.0104467826086951
EML2	0.5227321521739174
BTN1A1	0.2088089347826087
GADD45B	-2.1108736304347815
EML1	-0.6619788043478287
EML6	1.4383912391304365
LOC344967	0.2356561739130434
EML4	0.042227173913044425
EML5	0.05817726086956476
SCNN1D	0.7033089347826067
ZYG11B	-0.8271605000000015
TAGLN2	0.824386804347828
GJD4	0.1312827173913044
GJD3	-0.5508884347826131
GJD2	0.013404891304347825
ADM2	1.7777995869565242
SPEF1	0.8490097173913042
HLA-DPB1	-0.5664616521739134
HLA-DPB2	-0.7355651304347819
SPEF2	0.9331950652173928
CETP	-3.4663750652173855
SFRS3	-0.008298434782608055
SCN1A	0.47326669565217355
NARS2	-0.22808080434783484
BZRAP1	0.2291219565217384
OR2D3	0.005779891304347827
OCM2	0.010327173913043478
NUPL1	-0.27075673913043374
NUPL2	0.6354688913043525
KAAG1	0.5497946304347834
MIPOL1	0.37966697826086726
GMPR	-1.2726736521739097
GMPS	0.5853549999999981
RSPO3	-4.706521673913043
RSPO2	-0.8323047173913034
RSPO1	-0.41704610869565206
CNN1	0.8607811304347788
CNN3	-0.11182886956521187
CNN2	-0.16461613043477819
RXFP2	-0.019618500000000004
DHODH	-2.10550484782609
ZSCAN29	0.3602202173913067
ZNF273	1.0372555000000014
ZNF300	1.656955239130434
SUGT1L1	-0.5112243913043528
ZNF277	-0.0006066521739214181
SNORD18B	0.0
ZNF275	-0.5894795869565215
NCAPH	3.232385717391305
DKFZP434L187	0.616590152173913
SCARNA23	0.0
CHAC1	-0.463714543478261
TM7SF2	0.12716326086956897
KCNV2	0.36085582608695654
KCNV1	0.25811902173913054
SNTA1	0.6002458478260788
SPANXN5	0.00972445652173913
MMP23A	0.1100118913043478
FAM98B	-0.10890376086956532
TSG1	0.18406304347826088
LRRC46	1.1381841521739124
PLCB2	-0.8607439782608681
XKR8	-0.1349889565217417
CIAO1	-0.0393029130434801
NOP10	0.27452319565217387
ITGA10	0.7686973043478273
ITGA11	0.7919407391304372
EXOC3L2	0.42982382608695424
NOP16	0.2894580217391347
PARP8	-0.49457054347826546
EIF5B	0.12255232608695188
CTXN1	1.4897794782608698
CTXN2	0.36992352173913046
ARHGEF33	0.11186573913043452
CCKBR	0.44629780434782607
OR2A9P	0.30095523913043376
STK35	0.7333137391304376
MAML2	-0.8273664782608732
MAML3	-0.33095045652173916
MAML1	0.4789555652173867
NONO	0.48655060869565325
MARCH8	-0.5842450434782629
IL28RA	-1.1740632391304375
DPYS	-2.3331395217391293
TRPM8	-3.0453764130434813
TP53TG3B	0.8344891086956518
TRPM4	0.18188497826087158
TRPM5	0.7179028260869563
TRPM6	-0.006889391304350179
TMEM171	-0.12066473913043474
USP17L6P	0.0037956521739130437
TRPM1	0.31170684782608704
LOC100128822	0.6414619565217388
TRPM3	0.18344434782608632
SULT1C3	0.18189226086956523
SULT1C2	2.719793934782608
TUBB8	0.8487445869565213
METRN	-0.41458110869565434
TUBB6	0.03109415217391387
TUBB4	1.4929784130434767
TUBB3	1.3079778695652138
METTL1	0.5203445434782665
HERC1	0.046456456521744016
HERC3	-1.1442333478260904
HERC2	0.23922778260870103
HERC5	-1.652931695652173
HERC4	-0.04148471739130244
HERC6	-0.8167616086956535
C19orf71	0.7125973260869585
C19orf70	0.40356858695652065
C19orf73	-0.009692891304345252
APTX	0.05756986956521892
C19orf75	0.022581108695652163
APOLD1	0.3641281086956454
C19orf77	-3.0909355869565216
C19orf76	0.7546225652173937
ZFYVE28	-0.6301788260869543
FLJ22536	0.7460168043478256
SH3BGRL3	0.28881110869565774
SH3BGRL2	-1.164981043478262
PEX5L	0.5551832173913044
DKFZp761E198	0.07420684782609044
PSMB9	0.3180672608695616
NYNRIN	-0.6481267826086956
C17orf59	0.7279597173913102
C17orf58	0.7526401086956529
C11orf68	0.5525449130434748
SLCO2B1	-1.4509136739130373
C17orf51	-0.5884476956521736
C11orf67	-0.0008994782608677809
C11orf64	0.0
C11orf65	-1.0305037608695664
C17orf55	1.5657290434782603
C17orf54	0.16540204347826093
C17orf57	0.06305439130434687
C17orf56	0.9993790434782559
EIF3C	-0.019696760869567953
TNFSF4	1.3846610000000004
C9orf16	0.6787914999999991
MKNK2	-0.014427500000000038
LCLAT1	0.046186891304348165
MKNK1	0.019295826086954904
ADRA2A	-0.36740300000000126
OLFM3	0.7534588695652171
CCR1	-1.8782846304347816
CCR2	-0.8160002826086954
CCR3	0.41612110869565244
CCR4	-1.095811108695652
CCR5	-0.5189906304347849
CDSN	0.4479524347826087
CCR7	-0.5031519782608678
CCR8	0.7305080652173916
CCR9	-1.125807369565217
BCAS4	0.4680302826086935
STK39	1.7399971521739124
BCAS2	-0.20974626086956327
BCAS3	0.13414123913042886
LOC151174	0.18848349999999914
BCAS1	1.235865478260874
DRAM1	0.39218726086956934
TUSC1	-1.1506266304347834
DRAM2	0.4376420869565276
PABPC1L	2.0309380652173976
CD81	-1.0965653695652176
CD80	-0.9825782391304339
CD83	-0.8521782826086932
CD82	-1.1213837608695645
CD84	-1.1084428478260868
CD86	-0.927625630434779
ABCC6P1	-0.42997026086956325
ABCC6P2	0.7029438695652166
LOC402377	-0.24551093478260877
TM4SF4	-0.13395728260869788
LOC284441	-0.6119009130434767
LOC284440	0.21385352173913041
SLC8A3	-0.16008041304347853
SLC8A2	0.7031480652173906
BCL7C	0.74700815217391
BCL7B	0.02821263043478517
BCL7A	0.26465099999999353
ZBED1	-0.7034725434782576
ZBED2	1.4167994130434782
ZBED3	0.2412073043478289
BNIP3L	-0.6606619347826079
TMEM135	-0.30122086956521166
RPE	0.0106355652173864
LOC149134	1.4676996956521706
SCP2	-1.7644008478260762
EFNA5	-1.0401718913043498
EFNA4	1.5228931086956479
EFNA3	1.7585122391304315
EFNA2	-0.4972935434782615
EFNA1	0.7545885217391284
SEMA4F	1.071009130434783
SEC1	0.10948052173913081
STAU1	-0.3691478260869605
TM4SF5	0.14933623913043625
ZNF562	-0.05479930434782254
CD8A	-0.8464359347826074
CD8B	-0.3577034999999986
SLC28A2	-1.1968663260869572
OSBP2	1.4245292391304378
LRP2	-1.4293386739130405
LRP3	-0.3101151304347809
GALNT14	-1.3172428913043484
LRP1	-0.6163811521739166
GALNT12	-0.42455717391304315
GALNT13	0.8393230652173916
GALNT10	0.8059196739130421
GALNT11	0.27418552173912936
CDS1	-0.2202318695652199
CDS2	-0.05732086956521876
ESR1	-4.234915478260868
OR51L1	0.0027951086956521736
SSH2	0.33180858695653015
RUNX3	-1.0220753478260898
HLA-DOA	-0.959550739130437
HLA-DOB	0.7326591304347803
NFATC1	-0.6309173695652159
LOC554202	-0.023843195652173854
CALR3	0.5535092826086954
HARS2	0.6727593913043552
CLCC1	0.1285393260869565
STIM2	-0.04609645652173988
ANTXR1	-0.3252914782608709
SNORA29	0.0383108695652174
ANTXR2	-1.3936658913043498
LIMK2	0.703841804347821
CCDC74B	0.45137084782608716
CCDC74A	-0.0036078478260859193
LIMK1	1.1335149782608678
S100P	2.3453996739130423
SSH3	0.3756008043478225
OR51S1	0.0
MAP2	1.145262978260864
C1orf189	0.07659369565217389
C8B	-2.232100804347823
TBCCD1	-0.059151500000002244
MAP6	-0.06866650000000263
MAP7	-1.1421111521739196
CRIPAK	1.1384248913043518
C8G	-0.7230534130434911
C1orf180	0.10860923913043476
TEAD2	1.1835774999999993
C1orf182	1.3229538260869602
C1orf183	1.0451978260869605
C1orf185	-0.0044672826086956455
C1orf186	0.17090076086956518
C1orf187	0.31821456521739133
PTPN22	-0.673121021739127
FAM180A	-4.2737904565217395
FAM180B	0.41772317391304326
PTPN21	-0.7231903043478294
PLEKHF1	0.027664304347828406
WFS1	0.9843918695652238
PLEKHF2	0.3269531086956583
BRI3	0.22008745652172834
CXorf49B	0.49670491304347836
CHIT1	0.17156004347826093
MRPL18	0.30986013043478344
?|728045	0.0
APEX1	0.46578732608695894
APEX2	0.35368739130435145
RPL37A	0.5210588260869482
OVOL2	-0.8212029130434781
SERPINI1	1.3018338478260878
PPY	0.1292108695652174
SPOCD1	1.6986417173913035
FANK1	0.19761597826086907
RAB37	-0.6378628260869572
ESRRG	-2.4252026304347836
ESRRA	0.28041782608696053
MRPS6	-0.2582453260869606
ESRRB	-0.32463369565217426
CLDN23	-0.44454900000000297
CLDN22	0.5898277173913045
CYP4V2	-1.6946287608695716
CLDN20	0.26892380434782587
CLDN25	0.1298519347826087
CLEC11A	-0.7102974565217384
IL28B	0.028477717391304346
IL28A	-0.03714541304347826
TMEM208	0.051901195652170884
DYNC1H1	0.5527105434782662
EPHA10	1.4037225434782596
TIE1	-0.08407045652174361
ZNF718	0.2985282608695652
DMRTA2	0.28698304347826087
THG1L	-0.031782391304345126
ZNF716	1.504920760869565
DMRTA1	-1.6013976304347848
RFC4	1.7285189130434802
EBPL	-0.7216863913043561
ZNF860	-0.38511615217391304
ZNF713	0.29437632608695496
NFAM1	-1.48465702173913
BASE	0.17017826086956517
TOM1L2	0.5971288913043473
MAPT	2.6205390869565246
ANTXRL	0.0376766304347826
HLA-DQA1	-0.720817673913043
HLA-DQA2	-0.7791240869565224
VPS33A	0.600577086956525
ASB10	-0.0029050434782608714
ASB11	0.2166142608695652
ASB12	0.012360043478260696
ASB13	-0.6751451521739202
C14orf21	0.037259717391312286
ASB15	0.6254201086956522
C14orf23	0.07640978260869566
ASB17	0.0999342391304348
ASB18	-0.057205956521739126
NME1-NME2	0.21742608695652255
YIF1A	0.056053456521745204
C14orf28	-0.1931585434782619
DHCR7	0.029120739130439333
CASP10	-0.2287822826087016
OR4K15	0.0
CASP12	0.774347652173913
AFG3L2	-0.29602182608696204
CASP14	0.0055556956521739115
TATDN3	0.46353019565217757
SERPINB9	-1.779141739130437
FAM5B	-1.7969576304347832
TATDN2	0.7029417391304378
TROVE2	0.32826078260869096
C18orf62	0.03346413043478261
LOC401052	1.2039653913043482
XPOT	0.3986148478260869
NBEAL2	0.7189026521739112
AVIL	0.9249471521739121
TCHHL1	0.030219565217391303
LRP1B	-1.327950869565218
ZFP2	0.2237769565217378
OR4K14	0.005327173913043478
GNB2L1	0.44631273913043756
ANKMY1	0.5625194782608736
ANKMY2	0.21170069565217275
TLE2	0.1833060434782583
MYCBP2	-0.7563793043478277
SERPINB8	-1.9550098695652185
PTBP2	0.5708329130434819
PTBP1	0.3094230652173877
NNT	-1.1179546086956496
TYW1B	-0.4416147391304328
DOK7	0.8163372826086936
FAM19A4	0.8155700869565219
FAM19A5	-0.5650086739130415
FAM19A2	-0.6422727826086958
FAM19A3	0.3155303695652175
FAM19A1	-0.7542763695652176
HK2	0.1061021086956524
HK3	-2.034540891304345
ZBTB6	0.09178432608695886
HK1	-0.043541934782609815
TUSC3	-0.7273839130434787
CACNG3	0.02614643478260869
CT62	0.055434108695652295
ZNF445	0.35873280434782373
CACNA2D2	-0.18161604347826188
CACNA2D3	0.26811180434782655
ATP2B3	0.280670413043478
CACNA2D1	-0.9988737173913045
ATP2B4	0.1554108695652161
CACNA2D4	-0.33950482608695953
VSIG1	1.6045265869565233
FDPS	0.9865005434782574
YWHAZ	0.45174347826087136
MTCH1	0.5212921956521779
GPR160	0.42891178260869633
MLC1	-0.5679527391304351
ZNF80	-0.13252056521739108
CACNG4	1.1247678478260852
TFPI2	-3.0953415652173923
MSRA	-1.5743416739130414
SUPT4H1	0.41327110869564976
TBX1	0.12415269565217368
ZWILCH	0.9738567608695679
XRN1	-0.6791983260869561
CYP27C1	0.7910053260869554
NR1I2	-2.551999043478265
TBX6	0.9453064565217395
C6orf225	-1.2530585434782635
TNF	-0.6648657608695654
FBXO5	0.013689826086952017
BATF	0.6070613260869555
LOC100130264	-0.03925891304347826
TRIM6	0.9458414565217419
FBXO6	0.4210529999999899
LOC148413	0.2919212173913035
PABPC1	0.7122528478260861
MACF1	-0.44236463043479013
LOC653786	0.8549066086956523
PABPC5	-0.1813642608695658
PHLPP2	-0.14493013043477987
FBXO9	0.2687520217391324
DQX1	1.9213704565217389
EED	0.6301126956521728
MAPKAPK5	0.3484549565217403
TSSK6	1.3038192826086958
MAPKAPK3	0.41591449999999774
MAPKAPK2	0.45088852173913274
PDHX	-0.35999050000000565
ZFHX4	-0.9332112608695713
ZNF804A	-0.7833057826086964
GOLPH3	-0.714209499999999
LOC400891	0.11237495652173912
PIK3R5	-0.9498626956521727
PIK3R4	-0.6881155652173909
PIK3R3	0.6868275652173841
PIK3R2	1.0909290652173933
PIK3R1	-0.944185434782602
CTNNBL1	0.2891620217391342
ZNF107	0.7867011521739116
PDHB	-0.13829795652173438
FAM83H	1.2213578043478304
LOC286367	0.510843521739131
ZNF235	0.15394397826086603
PTPRN2	-0.8740963913043514
TMEM38A	-0.3874513478260937
PDIA4	0.07939365217390915
TIAL1	0.008164978260873923
SLC10A2	0.12639243478260875
OR4A5	0.004196195652173913
C15orf5	-0.1325303913043479
C15orf2	-0.428127456521739
PMFBP1	2.2372910434782614
LOC643763	-0.48364906521739126
NAIP	0.3100746956521734
HACE1	0.042489782608696736
HEXIM1	-0.2043270652173934
DENND5B	-0.6929356086956577
DENND5A	0.36861652173912773
HEXIM2	0.392947782608692
PTCRA	-0.7741760434782623
CATSPER2P1	-0.028632152173910796
ELFN1	-1.862698065217396
LOC284632	0.0241541304347826
ARMCX6	-0.4688294999999991
ZNF532	0.8063278043478297
LRRC18	0.12777402173913036
LRRC19	-2.868593217391304
AQP7P3	-1.6899187391304369
LRRC17	-0.05608184782608561
AQP7P1	-2.0817559565217394
LRRC15	-0.6981326521739133
LRRC10	0.03413804347826086
LOC284798	-0.010418652173913051
C14orf105	-1.3965751739130443
C14orf104	0.03019589130434852
BAT5	0.252688695652175
C14orf106	0.6143135652173886
C14orf101	0.16762797826086562
BAT2	0.5895386739130473
BAT1	0.4056921956521826
C14orf102	-0.09385430434782727
CRLS1	-0.1513493043478249
RAB3C	0.519717630434783
OR10J1	0.002828804347826087
C14orf109	0.332367347826092
AASDHPPT	-0.4228188043478234
SMEK2	-0.4462279130434865
ARMCX5	-0.020161978260871294
XCL1	-0.37812252173913086
LOC730811	0.002953804347826087
TOMM40L	1.6596321086956554
RAB3A	1.028059695652173
ATP8B5P	0.13640913043478253
TMEM202	0.08727554347826086
OR7E91P	-0.05468236956521744
IDS	-0.5510923043478311
RRS1	0.7926973478260937
ARMC6	-0.8157410434782655
RBKS	-0.7649892608695641
NFATC3	-0.6991176086956532
GLIPR1L1	0.07679245652173913
GLIPR1L2	-0.5232339782608721
CDRT15P	0.5876042391304344
TNFAIP8L3	-0.09721734782608937
IDE	-0.34845141304348104
ZNF204P	-0.49621982608695436
LRG1	-2.184201239130436
NCAM2	-2.691323847826086
TNFAIP8L2	-0.6922601086956535
CCDC101	0.31853630434782687
FAHD2B	-0.516350260869566
CCDC103	0.1835821956521757
ARMC5	-0.41033706521739255
CCDC105	0.002734782608695652
CCDC104	0.2776023695652139
CCDC107	0.9531794347826068
CGN	-0.5896263260869645
CGA	-0.23992782608695662
CCDC108	0.7975810652173915
HIATL2	0.7503558913043467
CGB	0.24090706521739128
BICD2	-0.13288715217391278
POLD1	1.4315998043478215
POLD2	0.0016618478260923553
LOC641298	0.15366710869565026
POLD4	0.1575475869565217
RPRM	0.3470739347826087
PML	0.4377965000000046
REEP3	-0.5814794130434766
REEP2	2.2371809130434794
DLC1	-1.5539134999999984
ARMCX3	-1.332638673913042
PI4KAP2	0.5233871956521714
REEP6	-1.2925843260869545
CECR1	-0.5075172391304381
CECR2	-0.9251410652173906
FUBP1	0.19719491304347692
CECR4	0.08833371739130347
CECR5	-0.25239680434782485
CECR6	0.3365781086956532
CECR7	1.3213868043478267
NUB1	0.24539832608695633
ARL6IP6	0.3809321521739104
ARL6IP5	-0.23450215217390635
ARL6IP4	0.2646751739130391
TLR4	-1.8419283043478307
ARL6IP1	-0.6854934565217459
CHRNA4	-3.4221275869565204
CHRNA5	0.8178211739130421
CHRNA6	0.0812911086956522
CHRNA7	0.2934543260869566
FER	0.6241689782608688
CHRNA1	0.7013819130434779
CHRNA2	-0.12168284782608729
CHRNA3	0.6068576956521741
SAV1	-0.7711089565217328
ARMCX2	-0.33503299999999836
USF2	-0.08316439130434183
CHRNA9	0.180975
MAPK8IP2	2.7524440000000014
MAPK8IP3	1.1793721304347837
MT1DP	-2.972567739130435
CEP152	1.3675423695652187
DICER1	-0.7473666956521701
PLAC1L	0.0
ID4	-0.8729490869565275
TLR5	0.10643750000000018
ID2	-1.6735607608695613
ID3	-0.48277928260869274
ID1	-2.514611608695649
TIGD3	1.9734251739130442
LOC100302401	0.6374871739130445
SLFNL1	0.31224317391304357
?|652919	-0.563824847826087
HP1BP3	-0.03148306521739386
FAM18B2	-0.5514475217391306
CPAMD8	-0.6711207391304352
CHGB	0.5824446086956517
SNORD26	0.0
TCF7L2	-0.388841478260872
NCRNA00032	0.14458206521739128
OR10AD1	0.1246772826086957
MSN	-0.14006026086956425
LENEP	0.3715032608695653
LEPREL2	-0.35027091304347735
LEPREL1	-2.2894795869565234
TIGD2	-0.8995086739130418
NECAB3	1.4644748043478266
COL20A1	-0.17229032608695657
LOC100268168	0.46051156521739056
OPLAH	0.10714506521739153
SEC31A	-0.19963228260870203
XBP1	-0.8282501521739132
UBOX5	0.5152249347826121
ANKRD5	-0.03340610869565097
ANKRD6	-0.1358778913043528
ANKRD7	0.3697448043478262
ZNF846	0.5158424130434778
ANKRD1	0.8948599347826116
ANKRD2	1.0442449782608691
AQR	-0.1779481956521689
ANKRD9	0.57853152173913
BCMO1	-1.4831241521739122
AHDC1	-0.19750660869565273
GLI3	-0.2805553913043459
GLI1	0.9709504347826097
TFIP11	0.3283697608695668
AQP12B	0.09274076086956522
AQP12A	0.005820652173913044
FSHR	-0.04813926086956523
DISP1	0.3686028913043504
MPPE1	0.03135317391304859
DISP2	0.8903999130434785
YME1L1	-0.1881999130434746
TMEM145	2.271050152173913
PEF1	-0.051597934782609656
GDNF	-0.16339234782608658
LONP2	-1.3214355652173868
COL8A2	-0.5607225217391303
COL8A1	0.7486590869565202
HNRNPA1L2	0.5895511521739181
PDGFD	0.01396756521739384
TSGA14	0.9985761739130448
HCCS	-0.008611217391297998
MTMR8	0.14373339130434792
GTF2E2	-0.394611652173916
SPATA3	0.006125108695652175
DMKN	-0.17408421739130375
UBA7	-0.04313197826086501
SPATA2	0.04143908695652421
SPATA1	-0.7575845652173907
SNORD114-7	0.0
RCC1	0.4684550652173982
RCC2	0.6795408695652174
TLR9	0.43093341304348076
LPHN1	1.1678894565217401
SPATA7	-0.023277043478260317
ATPBD4	0.29327454347825643
SPATA6	-0.8364211956521719
CWH43	-3.286123739130436
RDBP	1.4077335869565157
SIGLEC8	-0.9668174782608694
CD5L	-5.121496456521737
NBL1	0.5884048695652222
FOLR4	-0.08615882608695649
DNM1L	0.4050925434782595
LETMD1	0.17984410869564904
SIGLEC7	-2.347273934782608
FOLR1	0.38286697826086824
FOLR2	-1.0628657608695669
FOLR3	-1.005105956521739
DUOXA1	0.3553188478260869
RANGRF	0.23528563043478368
DUOXA2	1.3335511739130443
SFRS2IP	-0.48802595652173864
FHIT	1.0391169565217382
KRTAP1-1	-0.48040006521739137
HSPA2	0.43080606521738485
ZNF70	0.6348672391304309
PROCA1	1.3833706086956514
FTMT	0.02583695652173913
TRAM1L1	1.5721309782608701
LAPTM5	-0.24931645652174161
B2M	-0.4593655217391266
HSPA7	0.6880935869565192
WHSC1L1	-0.0740600000000029
FLJ42393	0.24312241304347815
HSPA6	0.39306132608695865
HSFX2	0.17032469565217534
HSPA5	0.31758304347825117
NR0B2	-1.401264782608699
NR0B1	1.2455281739130435
HSPA4	0.5072372173913031
PTPLA	-0.9738697391304365
NT5DC3	0.47839639130434986
TBC1D22A	0.48144210869565285
HRSP12	-1.7601971956521663
RPSA	0.8859378695652165
SPTLC2	-0.1628372608695674
SPTLC3	-1.171514347826088
DRAP1	0.6420457826086974
ABCD1	0.8484512826086945
ABCD3	-0.9657733478260919
ABCD2	-0.09149019565217476
RARS2	-0.13813210869564863
ABCD4	-0.4488748260869553
C2CD3	0.4433271521739144
C2CD2	0.04325521739130522
KRTAP1-3	0.015132608695652175
HSPA8	-0.184458565217394
ZNF43	0.8766420434782578
SIRPA	-0.8618989565217294
LOC100131496	0.04419717391304312
TOM1	0.03576032608696167
SIGLEC5	-1.5748626304347817
TUBD1	0.4039779347826089
TMEM19	0.13946900000000362
RRBP1	-0.13184963043478248
TRAPPC9	0.4233424565217412
PI3	0.4904785652173924
LIN52	-0.13085071739130427
SPANXC	0.09575597826086957
TRAPPC1	0.35812654347825656
TRAPPC3	0.1681699130434744
TRAPPC2	0.2318883043478266
TRAPPC5	0.16413017391304585
TRAPPC4	0.4246011304347874
PRPH	0.35464682608695625
BAK1	0.8766252608695702
PPAN-P2RY11	-0.27337095652173926
SIM2	0.24305602173913066
TMEM129	-0.015633152173911924
SBSN	-0.033502326086956136
CSN2	0.36712500000000003
CSN3	0.2533521739130435
RHBG	-0.8679708695652186
PPP1R14A	0.2183971739130497
UTS2D	0.10791489130434728
KRTAP1-5	0.07894836956521739
ZNF232	0.6763843043478266
KIAA1274	0.8426622391304299
PRRT1	0.32337836956521704
ST6GALNAC3	-1.0251263260869559
ZC4H2	-0.2542108043478297
KIAA1279	-0.13744234782608977
TSNAXIP1	-0.11443371739130415
PDCD10	0.13803434782608726
PRRT3	1.249424652173916
PFN1	0.007052608695644835
CYP2U1	-1.0164336521739132
LILRB5	-2.4209395652173873
ATPIF1	-0.06319563043476784
C15orf17	0.8956421086956539
LILRB2	-1.2694966304347899
LILRB1	-1.4704969565217363
DGAT1	0.07329656521739025
KIR2DS4	-0.7746706739130433
DGAT2	-1.5437801521739125
TNFRSF21	0.17802223913044024
MTCP1	-0.5412329347826068
PSMG4	0.5407423260869573
TBC1D10B	0.5567512608695697
GRAP2	-0.30383563043478024
ABCA17P	0.784387347826087
PSMG1	0.07535054347825643
PSMG2	0.1328042391304347
PSMG3	1.0609989782608746
RRN3P3	0.2896055000000004
KSR1	0.7797544999999957
KSR2	0.8571290217391301
TIMM17B	0.6342444999999959
DSEL	-1.5089761086956504
SLC35D3	-0.2255827608695652
PPIH	0.72982710869565
GRAPL	-0.7168839565217386
GATAD2B	0.44318843478260384
C20orf43	0.2681575434782584
NRK	0.05088369565217454
C20orf46	0.7752533478260846
CNTFR	-3.3229641521739124
TACR3	0.04162934782608696
TACR2	0.11412156521739236
TACR1	0.5638642173913029
DIMT1L	-0.08254971739130745
KCNH5	0.4712907608695653
KCNH4	1.2334689130434766
KCNH7	-1.714948347826087
KCNH6	0.9534323913043472
KCNH1	-0.22219939130434874
KCNH3	-0.03787743478260852
KCNH2	0.9590522391304361
PPIC	0.40613849999999907
KCNH8	-0.5163582826086945
PPIB	0.5233096521739196
SNORD45C	0.0
LOC388789	0.28348469565217727
C9orf119	0.2380845217391343
OR5T2	0.004732608695652174
CCDC85A	0.7537325434782618
SERBP1	-0.23956732608695042
SNORD111B	0.0
MRPL53	0.4159374130434763
C9orf110	-0.08304476086956436
C9orf117	0.8462214347826078
C9orf116	0.36011743478260705
C9orf114	0.1658660434782604
LOC731779	0.04439021739130435
PNMA5	1.3611838478260876
SLC28A1	-2.6289040217391335
NUP133	0.5438900869565213
PRNP	-1.2906875869565315
LIN37	0.9191823043478262
KIAA0586	-0.12608686956522064
FOXM1	3.8154623695652212
ZER1	-0.1803068695652108
NDUFAF3	0.2675779130434748
FKTN	0.2548856521739129
OR2H2	0.18955793478260868
OR2H1	0.39557554347826085
URB2	0.24976723913043397
WBSCR22	0.4310065434782526
GDAP2	-0.3374226304347854
GDAP1	0.659190804347829
LOC285735	0.04192554347826087
ZSWIM6	-1.0224051304347865
ZDHHC21	-0.7153541086956547
LOC285733	-0.6666002826086945
LRRC70	-0.42957593478260936
DNALI1	-1.4752853043478273
GCSH	-1.2323043478260907
ZSWIM7	-0.42540826086956507
LOC100130557	1.311465086956523
AP3D1	0.4298885000000041
PTTG1	3.8902833695652212
ZSWIM1	0.8010901739130389
LOC340357	0.009954347826086956
ILDR2	0.5665909782608698
ILDR1	-0.23742017391304415
SNORD18A	0.0
FAM71E1	0.1427751521739138
FAM71E2	0.06627367391304351
MEIS3P1	-1.276759565217394
SULT1A1	-1.5049599999999987
OSTalpha	-1.6863327608695666
SULT1A2	-1.690106652173915
BARX2	-0.6599235434782602
RBBP7	0.5209215217391279
CABYR	2.298213347826088
BARX1	0.12359758695652179
IL3RA	1.68944606521739
NOL8	0.30959680434782477
CHTF18	2.0722976521739094
C19orf18	0.18572697826087037
NOL4	-2.9046520434782614
NOL7	0.7800751956521736
NOL6	0.22330447826087152
OLIG2	0.04692463043478261
C19orf12	-0.3759745869565201
NOL3	0.6925571956521743
C19orf10	0.45944402173912735
TTTY2	0.08489949999999999
NIPSNAP1	-0.5880232173913136
OR9I1	0.00857445652173913
TTTY6	0.08729130434782607
TTTY7	0.0
FAM156A	0.8318655652173907
TTTY5	0.01795054347826087
USP1	0.31989760869565487
TMEM52	-0.7744173478260903
TTTY8	0.013589130434782609
KRTAP9-8	0.0023755434782608696
DCAKD	0.04421193478260932
TMEM53	-0.8236026739130455
TMEM70	0.27106256521739525
TNFSF9	0.7203393043478274
CLPTM1	0.30793519565217053
C17orf39	-0.3802600000000007
RAB7L1	0.15179215217391295
C17orf37	0.5709425434782656
LOC145783	0.5125029782608728
CDC40	-0.5801212391304293
CDC42	-0.06903847826087173
NEK10	-0.6050287391304332
KRTAP9-9	0.0032940217391304346
TAS2R13	0.0827033478260869
NADSYN1	0.40922700000000134
TECR	0.17246830434782723
PGLYRP3	-0.0317136739130435
PGLYRP2	-2.797066413043474
PGLYRP1	-1.1802102173913043
ACRV1	0.491616108695652
PDDC1	0.6848270434782577
CHAF1B	2.541883608695648
VCY	1.0689407608695656
BIN1	0.42056921739130537
BIN3	-0.32572899999999727
BIN2	-0.8727881304347864
RGS22	0.13924806521739136
RGS21	-0.07026643478260869
RGS20	0.7138691521739128
DPYD	-1.3495514782608709
SNORA36C	0.0
UBTF	0.30717684782609034
PIPSL	0.7572811739130394
CDCA2	3.15909943478261
CDCA3	3.807644739130437
YLPM1	-0.23169530434783248
CDCA7	2.6114581739130434
CDCA4	1.3576581304347854
CDCA5	3.3932768478260877
CDCA8	3.1698949999999995
MID1	0.3294812826086915
GFAP	-0.15740113043478354
UTS2	0.7615584565217391
RADIL	0.4096415434782599
FAM108C1	0.5468696086956522
XYLT1	-0.2117369130434783
METAP1	-0.0955336304347707
METTL11B	0.3153994565217391
ZNF717	-0.4616194999999985
RSF1	-0.5204456956521781
TTTY20	0.007272826086956522
VPS53	0.10054697826086567
OR2Z1	0.03086141304347826
OAF	-1.1389113478260917
KCNF1	2.0750403695652193
PLB1	-0.3546341086956515
SLC31A1	-1.2722723478260907
MUC4	0.02397876086956341
PCDH18	-0.8804387826086968
SASH1	-0.68265132608696
CT47A7	0.15439076086956519
CT47A6	0.28455815217391306
TCL1A	-0.5204117173913045
PCDH19	-1.5507228478260875
CT47A2	0.40085326086956524
CT47A1	0.4303032608695652
ZSCAN12P1	0.6372577826086956
FLJ10213	0.06216117391304499
RG9MTD3	0.5469358260869592
CYB5A	-1.3525610434782642
CT47A9	0.4144858695652173
RALB	-0.1575505652173934
TMLHE	-0.5714224347826091
SNORD109B	0.0
TFEB	-0.010998978260870373
ZFAND2B	0.4940121521739176
POU3F3	0.1537554347826087
SS18L2	0.12056613043478137
NBPF22P	0.1496612391304349
TP53TG1	-0.20467799999999947
IGDCC3	1.681215717391303
DMRTC1B	-0.5362905652173915
TMEM63A	-0.06826906521738607
HLA-DMA	0.34629682608695944
PCK2	-1.7496042391304325
RRP7B	0.9691815217391309
NPAS4	-0.2738853913043478
SYTL1	0.19265515217391282
SYTL3	-1.0663290000000014
SYTL2	-0.7327479565217416
OR51Q1	0.11253478260869565
FADS3	0.6248034782608691
POMT1	0.06912395652173409
SPRED2	-0.7298236304347832
PTHLH	1.3855758260869577
OR10K2	0.0035597826086956525
OR10K1	0.004405978260869565
OR10G4	0.013681521739130436
RNU6ATAC	0.056282065217391306
ZNF652	0.1732793043478349
OR10G3	0.0
KIR3DP1	0.008822826086956522
OR10G2	0.07412065217391306
WDFY1	-0.28828045652173984
LOC100272217	0.49395202173913244
LOC100272216	-0.30756980434782566
ASTL	-0.1394285217391305
KRT73	-0.07779252173913043
FAM182B	1.1500816304347823
PRL	0.1199159130434782
FAM182A	0.3635234999999999
PLEKHH3	0.6440966739130438
PLEKHH2	-0.9286931086956507
PLEKHH1	1.3321249347826098
RELT	0.2419389347826062
ESRP2	-0.6472052826086969
ESRP1	-2.222073999999999
PPP1R2P9	0.04430230434782609
RELN	-3.164377608695659
RELB	0.5194657391304354
NANOS1	0.5348167608695604
HDGF	0.1688765869565234
PRX	1.34787836956522
ZMPSTE24	0.14364228260869716
MRPL36	0.1819702826086953
CRISPLD2	-1.706984717391303
CRISPLD1	-0.9582525652173937
ATM	-0.2817168913043435
MRPL32	-0.5269492173913068
MRPL33	0.39192126086957124
MRPL30	0.16918641304347481
PTRH2	0.474482347826088
CLEC17A	-0.618191304347826
SNORD45B	0.0
ZNF550	0.6560463043478251
PTH2R	0.856071586956523
MRPL38	0.20628352173913633
CYYR1	0.26304097826086537
FAM69C	-0.6885833260869574
ESX1	0.029294565217391304
FAM69A	-0.9170599347826034
FAM92B	0.008572826086956475
KLK4	0.9544374347826089
DMRTC1	0.0032016304347826084
DMRTC2	0.03657282608695652
KLK7	-0.001792630434782727
KLK8	-0.05343430434782606
KLK9	-0.1484081739130435
THOC1	0.45258650000000067
THOC7	0.24692660869565053
THOC6	0.6258891739130412
THOC5	0.90503317391304
PRRG1	-0.9190860434782584
PRRG2	-0.8471110652173905
TTTY23	0.0
SNORD45A	0.0
SOX9	0.5340293260869586
ZNF670	-0.010344608695649349
RHBDL2	0.4585684782608692
RHBDL3	1.7817940217391295
LOC144486	1.1338877608695639
RHBDL1	1.5246458695652167
PARP16	-0.18009195652175158
TRIM6-TRIM34	0.11910163043478261
HSD3B7	-0.3311691956521745
FLJ42709	-0.34854306521739087
HSD3B1	-1.4005809130434783
HSD3B2	-0.8687171956521738
MTRR	-0.49789528260869886
LOC100129034	-0.06284993478260859
ADAM32	0.3871816956521742
YWHAG	0.10348802173912652
CD300A	-1.52547745652174
WHSC2	0.5551243695652186
CD300E	-1.255883304347826
CLUAP1	0.24655376086956515
FOXP3	0.015940108695650324
COPS8	0.10245463043478509
FOXP1	0.02090013043478045
RCCD1	0.7857013478260884
ADAM30	0.11227008695652173
FOXP4	0.472489456521739
MSL3	0.15016682608695042
COPS2	-0.12621967391304523
COPS3	-0.02381271739130497
SAA4	-3.1051596086956508
COPS6	0.5097040869565195
NUP85	0.5106789347826091
COPS4	-0.21894773913042975
COPS5	0.45108250000000005
YTHDF3	-0.21692776086956833
PPOX	1.0545880869565236
YTHDF1	0.13070317391304265
ZNF596	-0.3130157608695656
MDGA1	1.30001654347826
GTSF1	1.6423840652173909
ZNF595	0.3242741086956542
ZNF598	0.27027095652174715
PARP11	-0.4545345434782604
TMEM72	0.6459063043478253
MYCN	2.131410630434781
KIAA0802	-0.2070148478260876
SREBF1	-0.4981473478260785
PLCH2	0.6745660217391309
SPOP	0.06842293478261041
TKT	1.159757978260858
PLCH1	0.22555930434782612
VEZF1	0.0014332608695646343
SHOX2	1.3692411304347827
NLK	0.2269340652173888
FDFT1	-0.00045023913042996355
FAM135A	-0.09417186956522006
FAM135B	0.25009876086956506
NLN	-0.973137673913044
IGF2	-3.280163847826083
?|100130426	0.051076086956521737
IGF1	-3.28681491304347
DLD	-0.48696776086956284
TMED5	-0.35711543478260666
NUDT1	1.8155394347826128
NUDT2	0.6080618695652209
NUDT3	0.2059854130434715
NUDT4	-0.11938393478260778
NUDT5	0.3185316956521742
NUDT6	-1.2123853695652178
NUDT7	-0.9495489565217419
TFPI	-0.7176662173913027
TWSG1	-0.5255130869565221
SEPN1	0.6425991956521759
PVR	0.019187891304344618
TK2	-0.6737013043478246
OR2B11	-0.11924347826086956
SNORA81	0.12259704347826078
PHLDB1	0.33801041304348445
COL16A1	0.06408484782608692
PHLDB3	0.5105243913043473
NTHL1	-0.08500254347826264
LARS	0.6899810869565197
OR2M4	0.0
SST	0.1445891304347826
ZNF628	0.7781460217391345
FLJ42875	0.6067379782608704
MAL	0.001072717391303879
CYP27A1	-1.2576973913043439
MEF2B	1.292651826086955
MEF2A	-0.5035774347826081
FETUB	-2.836348304347821
DDRGK1	0.2736115869565161
TP53BP1	0.4676919347826134
MSLN	-0.27459156521739114
FBXL20	-0.03933058695652303
FBXL21	-0.3150183913043465
FBXL22	1.0617924782608705
LOC100286844	0.6340610869565193
EPHX1	-0.13267304347824904
EPHX2	-2.111186065217389
ARGFXP2	0.3537597826086959
EPHX4	1.5692890434782587
ZNF333	0.49817208695651694
ZNF330	-1.0410057826086963
FAM168A	-0.2020748478260863
TEX15	-0.7474178043478266
RPLP2	0.7398204565217394
NSL1	0.36745960869565586
RPLP0	0.6939950217391413
TEX11	1.2608185217391294
TEX10	0.2041943695652204
PEBP4	-1.1590253260869563
CD300LG	-1.28089958695652
CD300LF	0.04822358695651996
SLCO1B1	-2.164778043478263
CD300LD	0.016229891304347824
CD300LB	-0.5371246521739117
SGSM3	0.5467859999999956
MALAT1	1.1378793913043417
LRRC3B	0.795768152173913
RSC1A1	-1.1645596086956518
ECD	0.2012490869565262
SFRS1	0.003204999999997682
NOTCH2NL	0.1781780000000044
SLC7A5P1	0.04676278260869571
LOC100133893	0.34601439130434763
NFKBIB	0.06326169565216766
LOC157627	0.03187010869565217
CIB2	1.3055927173913062
CIB3	0.28518123913043475
MAPKSP1	-0.2707956086956518
CIB1	-0.036612086956514744
PRIMA1	-2.6911575217391315
CIB4	-0.014168130434782608
THYN1	-0.2974886304347777
TTC3	-0.02110689130434018
HBXIP	0.31331893478260575
SLC7A5P2	0.600127608695652
TTC29	0.17835652173913047
ARID3A	1.5344204130434766
CG030	0.6248995652173934
EVC	-1.004606978260874
NTF4	0.12640782608695655
MTMR12	-0.4369809347826141
MTMR11	1.6391551956521733
LOC285830	0.8609625434782604
UGDH	-0.15215623913043252
CELSR3	3.0779989347826042
ARID3C	-2.2771218043478263
CELSR1	0.35824441304347854
RABL2B	0.0747621304347783
KIAA1045	-0.37923702173913076
PTCHD2	0.7231109130434786
PTCHD1	-0.17733395652173933
BBX	-0.11855978260869726
NEK6	-0.4496135217391348
LOC200030	0.02871591304347909
CXADR	-0.42181397826087164
C14orf129	-0.1799264565217431
C14orf128	0.3888499782608674
SUPT3H	0.8996138913043508
MFSD10	1.0536459347826082
LRRC30	0.0073597826086956525
LRRC31	-0.7565844130434813
LRRC32	-0.17534702173913175
LRRC33	-0.40391486956521394
LRRC34	-0.022711326086958472
C14orf126	-0.2070823913043558
LRRC36	0.5002209565217394
LY6G5B	1.4686869565217409
MFN2	-0.7046301739130421
MFN1	0.08354606521739072
NUDT9	-0.2550692826086962
ZNF33B	-0.004436499999997068
FAM166A	0.891769478260869
FAM117A	-0.3526894347826044
FAM117B	0.23266782608695635
PATL1	-0.5069844347826074
THTPA	0.4947870434782615
NAA50	-0.06290017391304659
MAD2L2	0.38886263043477953
RPS26P11	-0.11161765217391317
FAM9A	0.19571847826086952
SVIL	0.14505513043478935
KTN1	-0.3012062826086943
TCEB3	-0.5770367173913016
TCEB2	0.4960476521739121
TCEB1	0.766826304347827
IQSEC1	0.6886502826086964
C20orf191	0.3768574565217391
C20orf197	0.07862495652173851
BMPER	-5.898998521739134
C20orf195	0.12367793478260869
C20orf194	0.30237149999999957
CLCNKA	1.8031843260869564
C20orf199	0.9337242391304308
CLCNKB	0.5224614347826089
LRP2BP	-0.3705577608695645
OR5D13	0.0
FAM90A1	0.8841482173913042
IQSEC2	-0.4338395869565268
FAM90A7	0.08406630434782608
SERPINA3	-2.0367979999999974
PURB	0.13863154347825457
VPREB1	0.0002843913043478197
CCDC160	-0.12274523913043461
KRTAP6-3	0.10752826086956521
KRTAP6-2	0.0
KRTAP6-1	0.002898913043478261
OR5D14	0.004110326086956522
SATB1	-1.6133130652173922
RIC3	-2.831396304347827
OXSR1	-0.2577164782608712
OR5D16	0.0
ST3GAL3	0.19031197826087087
ST3GAL2	0.2839496304347815
ST3GAL1	-0.5434242391304345
SGPP1	-0.9454420869565201
ST3GAL6	-1.8336146304347825
ST3GAL5	-0.48519119565217395
ST3GAL4	0.022670869565219576
C7orf28A	0.35861597826087177
NINJ1	0.03174030434783148
NINJ2	0.17197650000000042
C7orf28B	0.4355806304347851
GALNS	-0.4797331739130488
ZNF451	0.004335065217389911
SNORD15B	0.2716586956521737
NEK2	4.00500545652174
NPSR1	-0.08268354347826086
ATF6B	0.6268813478260835
SNORA74B	0.09474554347826084
TJAP1	0.7844857173913073
SLC16A9	-0.863820326086957
MAGEA12	2.0588989130434783
CYP7B1	-1.449837543478262
MAGEA10	0.47770217391304354
OSBPL8	-0.5546880652173964
SLC16A1	-0.8297768913043573
TUFM	-0.1160414130434706
SLC16A3	0.9803120652173938
SLC16A2	-1.7106679782608651
SLC16A5	-1.3211900000000014
NPY2R	-0.04330697826086956
SLC16A7	-1.3083748478260855
CEP135	0.2337924565217424
ARHGAP30	-0.671168934782604
ARHGAP31	-0.4648979782608711
ARHGAP32	-0.35593406521739546
ARHGAP33	1.856013152173908
BCKDHB	-1.8940975217391323
ARHGAP36	0.23885297826086954
BCKDHA	-0.7682828695652137
WIPF3	-0.04037076086956626
ARHGAP39	1.3076684347826113
WIPF1	-0.5443577608695662
CMKLR1	-0.7360615652173905
LOC100132111	1.0990326521739129
MON1B	-0.13146552173913229
FLJ43390	0.07928947826086954
ZNF836	0.5035140217391296
DYNLL1	0.7365322173913
LYVE1	-4.073403543478262
DYNLL2	-0.7203556086956535
PRDM5	-0.18807036956521728
KHDC1	0.7408906304347823
UQCRQ	0.17756395652173396
SNORD114-22	0.0
SNORD114-23	0.0
RBM4B	0.5483803695652165
PIBF1	-0.018442630434782892
SNORD114-26	0.0
SNORD114-27	0.0
SNORD114-24	0.0
SNORD114-25	0.0
SNORD114-28	0.0
LOC647946	1.7687721304347814
UQCRB	0.7030763695652187
SNORA53	0.039207565217391105
CACNA1H	-0.8188624130434778
CACNA1I	0.8785364565217386
GPS2	0.3527860869565185
SNORA52	-0.022598565217391314
CACNA1A	0.7321163260869561
CACNA1B	0.4984303260869565
CACNA1C	1.1620710217391297
CACNA1D	0.11786445652173505
CACNA1E	1.1011666956521737
CACNA1F	0.7130360869565218
CACNA1G	0.7553431304347825
PTAFR	-1.1145456086956527
SPINLW1	0.05727965217391305
LYPLA1	-0.07362836956521157
ATP6V0D2	2.2024691956521734
ATP6V0D1	0.16620595652173975
CACNA1S	0.8901163043478263
TTN	-0.314996217391303
FCAR	-1.7717575217391306
FLCN	0.21061915217391025
SFRP4	2.5009290434782603
KIF19	-2.7974467391304345
BMP8A	1.5335258695652163
BMP8B	0.2291088260869567
PRDM7	1.4552197173913042
HOTAIR	0.26976956521739137
SNORD115-41	0.0
BGLAP	0.7302201304347804
PHB2	-0.15228932608696155
SNORD115-40	0.0
SLC15A2	0.05732430434782643
COIL	0.4110514782608661
SLC15A1	-1.1558588695652112
TOR2A	0.4147046739130449
P2RX6P	0.006477173913043478
CARHSP1	-0.08304710869565568
RBM41	0.26158617391303807
RBM42	0.7455835434782649
RBM43	-0.5123726739130472
RBM44	0.5057572391304341
RBM45	0.3517067391304334
CDY1B	0.0
RBM47	-0.6844931739130384
LLGL1	1.1274803478260917
PQBP1	0.5766379782608713
TMOD1	-1.1362595434782623
TTC15	0.15596182608695308
SLC22A16	0.38475308695652155
TTC17	-0.2756790000000091
OAT	-2.2407124565217433
RP9P	0.6598235217391322
TTC13	1.4395253913043522
SLC22A17	-0.9261206956521759
TTC19	-0.6854686304347819
QRFPR	0.6915471086956518
C4orf29	-1.1300451956521744
PRDM1	-0.37095691304347955
EPGN	-0.008566913043478258
FAM48A	0.35053519565216895
C4orf21	1.5390237173913057
C3orf65	1.0092648913043478
C4orf23	0.0007738913043464635
C3orf67	0.11934417391304386
LOC144742	0.011590630434782603
C3orf62	0.9328534782608653
C3orf63	0.2763684130434818
S100A11	0.40464943478261084
SLC31A2	-1.1767154347826096
ZFP92	-0.17458934782608726
ZFP90	0.119365826086959
ZFP91	-0.33022015217390965
ZNF839	0.3177170652173906
PDIK1L	-0.07111810869565005
RICTOR	-0.2397501086956524
S100A13	0.6694690434782693
LMO1	0.4176451086956522
PPM1G	0.6046895217391324
PPM1F	1.221201413043481
PPM1E	0.04956293478260676
PPM1D	-0.21358441304348297
ABCF3	0.14822763043478737
ABCF2	0.6750091304347823
ABCF1	0.3320452391304354
RNF148	0.17982034782608647
EGR2	-2.6648322391304387
C4BPA	-1.9863858478260887
C4BPB	-0.7552291304347793
EGR1	-2.7323172391304276
PPM1K	-1.7703918260869562
PPM1J	0.19761099999999843
EGR4	-0.5441478260869566
PPM1H	-1.0445079347826072
RTN4RL1	0.038476956521734884
FLJ33630	-0.21845832608696014
PJA1	0.3791907173913067
LOC728643	0.3914810869565226
LOC728640	-0.10873378260869604
PJA2	-0.6111469347826066
CHEK2	1.198527499999999
LMO2	-0.04093656521739497
CHEK1	1.5260699130434814
DALRD3	0.49399806521739187
UPF3B	0.727266065217389
INF2	-0.3020165869565137
NSMCE2	1.3602240434782589
PRKAB1	0.7338257173913068
SIKE1	-0.2770258695652128
LIN28B	2.258355913043478
PAX5	0.1160909347826089
PAX4	0.0010406304347826134
PAX7	0.020762978260869577
PAX6	-0.022504369565218063
PAX1	0.019819152173913036
PAX3	0.2562225000000001
KPRP	0.15477610869565211
PCDHA10	-1.266778673913043
AHCYL1	-0.3406361956521664
PCDHA12	-2.438129586956523
PCDHA13	-2.7501021956521745
PAX9	-0.06793260869565299
PAX8	1.2372974130434766
PTPN5	0.8298000652173908
PTPN4	-0.35445660869565465
GINS2	2.0496872173913117
GINS3	1.47990382608696
GINS1	2.6480504782608696
PROK1	0.15808939130434796
GINS4	1.5883432391304328
BTF3	0.25355741304347745
DDR2	-1.1397178695652146
PLD4	-0.5980726304347836
DDR1	0.3898193695652221
BARHL1	0.042501630434782604
LRCH4	0.09810650000000187
GRK6	0.9582860217391271
NNMT	-3.927401586956522
LRCH1	-0.9125651521739115
LRCH2	0.1983650434782609
GRK7	0.058811043478260994
MBD3L1	0.009623369565217392
MBD3L2	0.01709945652173913
MBD3L5	0.04953423913043478
PTDSS1	0.2045880217391236
AGBL5	0.7949976086956525
AGBL4	-2.7755858478260884
AGBL3	0.8726297608695632
AGBL2	0.2792920434782582
AGBL1	-0.00961982608695652
PLD5	-0.36920363043478277
UBE3C	-0.05371178260868703
C15orf39	0.907261695652176
C15orf38	0.33143434782608416
ALG10B	-0.4524076086956539
ARRB2	0.16261954347826446
SNORD1A	0.0
SNORD1B	0.0
ARRB1	-0.5225743478260769
CHCHD10	-0.3895195217391336
SUSD2	0.12060139130434866
ADPRH	-0.00031956521739306964
C15orf32	0.023606521739130436
C15orf34	1.2897246739130408
C15orf37	-0.24857239130434827
ADI1	-1.1675594565217455
CNTD2	0.41522745652173754
PILRA	-0.5181927391304333
PLD6	0.6015926304347783
SNAP25	0.31048597826086954
ZEB1	-0.3030715869565217
GPNMB	0.0895847826086964
SLC7A13	0.16722350000000008
PSMA2	-0.36226556521739006
AKAP8L	0.8803182608695614
C9	-5.795919239130431
PSMA1	0.2796003478260882
PSMA6	0.3602640434782529
PSMA7	0.2930386739130437
OBSL1	-0.7044448695652097
PSMA5	0.028854934782600594
C3	-1.2829549130434863
C2	-0.4676053043478259
PSMA8	0.42601776086956533
DSG1	-2.6795315434782614
C7	-4.243860869565221
C6	-3.124622695652171
C5	-1.3294288260869518
CEMP1	0.9873083043478248
FBXO45	0.3991404999999979
FBXO44	0.7269784347826143
FBXO47	0.16378652173913033
FBXO46	0.6107148043478219
FBXO41	0.6098813260869589
FBXO40	-0.8040595217391303
FBXO43	3.213919413043478
FBXO42	-0.04409036956521639
EIF2C4	-0.5834644999999963
DCDC2B	0.1988385869565218
EIF2C1	0.14656163043478898
FBXO48	-0.02762019565217244
EIF2C3	-0.6187517173913015
EIF2C2	0.5273738043478309
VEPH1	-1.2952185000000016
SNRPB2	0.4087351521739162
EXPH5	-3.104141826086958
ADIG	0.5392091739130438
DET1	0.2293050652173898
RPS6KA4	0.6106808478260817
CP	-2.3309460652173843
RMND5A	-0.4863875434782656
RMND5B	0.42164960869565427
NRBF2	-1.18175460869565
KCNJ3	-1.026705434782607
KCNJ2	0.5165434999999956
KCNJ1	0.08880706521739112
SFRP1	-3.9253074565217427
SNORD10	-0.0622532391304349
KCNJ6	0.6411823913043477
KCNJ5	1.3155921304347826
KCNJ4	0.6079262391304328
LOC729991-MEF2B	0.8117933260869581
KCNJ9	0.4018597608695652
KCNJ8	-1.1848826086956485
SNORD19	0.0
NRADDP	0.034673913043478
C9orf131	0.13014693478260897
AGPAT6	0.1448516086956495
AGPAT5	-0.06305445652174235
AGPAT4	1.0407211956521758
C9orf135	-0.02999550000000001
AGPAT2	-1.073720934782612
AGPAT1	0.8152216956521698
COL1A1	1.1238524565217372
C9orf139	0.5093206521739135
RCSD1	-0.6863156304347866
KIAA1217	-0.9014196086956492
KIAA1210	0.36813719565217384
KIAA1211	-0.7398817391304346
AGPAT9	-1.7642108260869565
MCL1	-1.2915943043478375
ZNF788	0.756608260869565
OR2J2	0.02605489130434783
OR2J3	0.005903804347826087
CMYA5	-1.2161281739130443
FOXO3	-0.3795808695652241
SDHC	-0.01668043478260728
FOXO1	-1.9611334130434788
LACRT	0.004779891304347826
PPP2R1B	-0.4766472826086954
FOXO4	0.14632597826087057
NIP7	-0.27583210869565633
PEX10	0.06862889130435157
PEX13	-0.8265360652173932
PEX12	-0.3707844565217391
TMEM158	-0.36234606521739376
ANGEL2	0.41834004347826337
ANGEL1	0.3278632173913092
PEX16	0.11664015217391466
CDC37L1	-1.8911103043478317
TCIRG1	0.6218538695652178
AP3B2	0.2570297608695653
TFRC	0.7859322173913057
FRAT1	0.26165489130434594
PCDHB12	-0.04311841304347874
NUF2	4.443398978260866
UNCX	0.00554891304347826
TGIF2LX	0.7623815217391304
ZNF518B	-0.717130695652175
ODC1	0.03311039130434956
FLJ23867	-1.075253608695653
UBXN6	-0.19926919565217993
PIAS1	0.08997280434783228
SPAG4	1.235374804347824
TMEM195	-1.4673953478260877
AADAT	-3.7295260869565263
SIGIRR	-1.1002279565217403
FLI1	-0.4195705434782626
ZNF518A	0.27857752173913575
ANXA8L2	-2.109820739130436
C19orf35	-0.8913556304347834
C19orf34	0.10091315217391307
LOC201651	-1.521255304347826
C19orf36	-0.8503299130434776
C19orf30	0.2475597826086957
C19orf33	0.6513438260869546
EPCAM	-1.7561621521739115
PGA3	-2.623702782608696
C19orf39	0.08119619565218095
C19orf38	-0.9152162173913041
FAM154A	0.1690608695652176
KLHL6	-0.42913897826087144
VCX3A	1.8014961739130424
FAM154B	0.03810026086956553
PPP1CB	-0.11620117391304241
PPP1CC	0.5742001086956492
KLHL7	0.3209605434782592
MPPED1	-3.0088445434782614
C11orf20	1.1459651956521741
C11orf21	-0.5981670652173894
KLHL4	-1.0610833478260862
C11orf24	-0.7136760434782623
C22orf25	0.40920036956521955
DCST1	0.4314744347826086
COL6A1	-0.2755443043478323
WBP2	-0.15161004347826434
COL6A3	0.28452526086956276
COL6A2	-0.2780018043478236
POM121	0.06430100000000749
RFXANK	1.2746631304347815
COL6A6	-4.244902065217392
WAPAL	-0.41031915217391735
KLK12	-0.2193219565217392
KLK13	0.5095157391304352
KLK10	-2.5557694130434783
KLK11	-2.36401745652174
NDUFAF4	-0.2747438695652171
METTL2A	0.4101995869565158
KLK14	0.014687999999999812
KLK15	0.3018347826086956
GPR22	0.003604652173912981
FAM71D	0.9900126086956504
FAM71B	-0.02582
FAM71C	0.06070869565217392
FAM71A	0.02317065217391301
ZNF625	0.2996626304347827
TRH	-0.23146510869565212
GPR20	0.3192001304347829
OGG1	0.7395161521739091
SPAG1	-0.2573263043478278
C3orf33	0.39143410869565454
GPR21	0.7555448478260869
ALLC	-1.5657361739130435
C3orf32	2.843438195652173
VSIG10	0.8920378913043514
GPR26	0.05585413043478263
SESN3	-0.6385886521739135
C3orf31	0.10489004347826025
GPR27	0.16830380434782644
DENND3	-0.10236506521739486
RWDD4A	-0.35645243478261435
SLC34A2	-3.219671369565218
OR2AE1	0.08269182608695652
LOC100130148	1.0851550652173911
C3orf37	-0.32829282608696
PPP1R16B	-0.1691293043478268
GPR25	0.19160549999999998
PLLP	-0.2730389782608711
BLNK	-1.2930752173912978
EIF3CL	0.3737640869565233
KCNMB1	0.863253413043481
NOXA1	0.11656215217391086
AOX2P	-0.038939826086956564
UAP1L1	0.5846361739130437
ORC5L	0.08304771739129713
ARHGDIA	0.106970934782602
OR9G4	-0.024277717391304347
USH1C	-0.4579341521739133
KIAA1841	1.7363643695652167
MORF4	-0.05992541304347876
UBR1	-0.48002069565217553
PRMT7	0.25307186956521655
NUCB1	-0.22670321739129484
HSDL1	0.6605964347826054
HSDL2	-0.8816388043478245
KCNMB4	-0.34617332608695506
SOCS5	0.2866795217391367
SOCS4	-0.09023447826086617
CALN1	-3.5737809130434792
SOCS6	-1.2524158695652137
SOCS1	-0.31081606521739324
SRPR	-0.6398187608695647
SOCS3	-2.301953673913042
SOCS2	-2.686347891304351
PPP2CA	0.02998160869565325
PACSIN1	0.9895529347826093
LOC646214	-0.3698164347826056
CCNY	0.04752395652174535
LOC728819	-0.051350065217391494
SCD5	-1.410137652173911
ZNF626	-0.39228352173913095
CCNF	2.263546021739131
TARP	-0.8618611304347823
CCNC	-0.31238821739129996
SPINK9	0.051114130434782606
PFN3	0.05040645652173911
CCNO	1.813642391304348
CCNH	-0.4868740652173891
CCNI	-1.031466152173909
CCL3L1	-0.4644419565217408
CCNK	0.1516813043478269
PACS2	0.9921693043478221
PCM1	-0.5714233913043465
TBRG4	0.420776304347827
RBM7	-1.0785760652173924
GREM1	0.19343908695652523
ZNF705A	0.212255347826087
ZNF804B	0.00015054347826087833
NCKAP5	-1.9492254130434805
GSK3B	0.12816141304347184
LYSMD1	0.8057424782608695
IL1R2	0.43587745652173826
FLJ10357	0.2969928695652193
PTN	-1.4378574130434805
SNORD115-37	0.0
JMY	-0.16992552173913822
LRRK1	-0.6135584782608694
LRRK2	-1.7884723913043477
PTH	0.009960326086956522
PLEKHJ1	0.740905000000005
ABHD15	-1.1667770434782625
DHH	0.13472356521739082
ABHD10	-0.37254391304347934
ABHD11	0.5628073695652169
ABHD12	0.9145250652173882
ABHD13	-0.7385841521739156
TRO	-0.918313043478264
MAEA	0.2472876521739149
SCML2	0.9879156739130428
NGRN	0.1844263043478307
SLC3A2	0.14268650000000171
CRMP1	1.2026482608695659
TGFB1I1	0.31471163043478434
FN3K	0.1437451956521727
FAM108A1	0.44005813043478526
PTS	-0.7322991304347877
MRPL10	0.48185880434782646
MRPL11	0.30234578260869505
MRPL12	0.2522286086956562
MRPL13	0.5754259130434729
C16orf63	-0.0790591086956578
C16orf62	-0.6625337173913
C16orf61	-0.030279499999998905
MRPL17	0.4953518260869565
ARPC3	0.5256977173913064
ARPC2	0.2530191956521701
CDC25A	1.910357760869565
RNF44	0.7290702391304382
RNF43	1.0848555217391285
ARPC5	0.6788520217391305
C16orf68	0.10199271739130022
NCRNA00202	0.9773650652173913
DCUN1D1	-0.5488530000000011
DCUN1D2	0.32785265217391046
DCUN1D3	-1.3165628478260896
DCUN1D4	-0.28570769565217624
DCUN1D5	0.2507419782608684
SNORA79	0.02931304347826087
SNORA78	0.010657608695652174
ITPR2	-0.7934225652173961
ITPR3	0.3163125217391336
SNORA75	-0.0020899347826086948
ITPR1	-0.11648289130435163
UBQLNL	0.01912308695651932
SNORA72	0.14239528260869558
SNORA70	-0.05157378260869565
CES1	-1.231294456521745
AMPH	-1.1680220434782602
OR10H5	0.02009402173913043
LRIG3	-0.04943089130435041
LRIG2	0.264446630434783
LRIG1	-0.7085896739130444
NOTCH3	2.098900173913041
ANKRD20A3	-0.39256656521739175
PELI2	-2.172443086956525
C15orf60	0.24937084782608704
ANKRD20A4	0.023338304347826244
BMPR1A	0.15606330434782123
SNCG	1.7620476304347799
TAF1D	0.679307782608694
EBF4	-0.6458912826086944
CASKIN2	-0.16616021739130282
FMO6P	0.15104604347826084
CASKIN1	1.4950701086956517
AIFM2	0.828405847826085
AIFM3	0.8743451739130421
IL17RE	-0.07847069565217346
AIFM1	-0.4049172608695635
IL17RC	-0.7637873695652146
A1CF	-1.0044130869565286
IL17RA	-0.316080086956525
CES4	-1.0922847826086954
FLJ44606	0.7082446521739145
NELF	0.4234418478260924
CES7	-2.8669897173913057
SSPN	-0.3572614130434806
PATE4	0.05792782608695651
ACAN	2.698002065217392
FOXR2	0.02528184782608697
PADI6	0.04615513043478259
LOC100130933	-0.5182959130434774
LOC100130932	0.40485123913043175
POT1	-0.03561373913043475
HBA1	-3.393399869565216
TMEM100	-2.037794217391303
CD302	-1.8181685652173876
SACS	0.17992930434782384
FFAR3	-0.5972624565217386
MUC5B	-1.7150433043478266
OPN5	0.05595589130434782
OPN4	0.5549402173913043
OPN3	0.656004956521743
NCOR2	0.607023239130438
NCOR1	-1.2388611739130457
?|553137	-0.39440136956521776
SCAPER	-0.40793295652174244
HBA2	-2.39550245652174
AVEN	-0.06673523913043411
PATE3	0.007105978260869566
HIST2H2AB	0.2698532608695651
PATE2	0.124694347826087
REPS1	-0.757451630434776
TEF	0.750564304347833
REPS2	-1.2600563478260849
LYSMD4	0.8066113478260872
GPN3	-0.010978347826082313
GPN2	0.2432424565217408
GPN1	0.2472907173913068
TMEM30A	-0.6280582391304268
NFKB1	-0.6610728260869596
NFKB2	0.6272748043478256
PM20D2	0.3763158695652127
UBE2R2	-0.07105995652173469
RERGL	0.30275241304347933
DNPEP	0.016648652173907763
RAP2C	-0.47431030434783317
RAB40AL	0.42013871739130404
OR4C16	0.0
SIAH1	-0.24931345652174208
SIAH2	-0.29019473913043825
SIAH3	0.06133963043478269
NSA2	0.24240182608695449
RBPMS2	0.20755778260869295
TAF1C	0.3038578478260927
CORT	0.14516447826086853
CLPTM1L	0.08280593478260911
LYZL1	0.08274536956521741
LYZL2	0.35448478260869576
PDZRN4	-3.035588673913044
LDOC1L	-0.8222103913043393
OGDHL	-2.542254869565218
MYOZ2	0.04199969565217421
PAQR7	0.16985280434781824
EMILIN3	0.008759217391306695
EMILIN2	0.5674131739130415
EMILIN1	-1.5608334130434791
TFR2	-1.5844032826086867
DAPP1	-0.9000429782608697
TPST2	-0.411596108695651
PIAS2	-0.17262700000000475
GULP1	-0.4138810869565184
CTGF	-0.39601693478260813
FLJ43950	0.19172497826086957
LOC283867	0.32534184782608694
PIAS4	0.26080354347826074
TMEM98	0.9503823913043501
HIVEP1	-1.356604500000003
HIVEP2	-0.9163998260869555
HIVEP3	-0.5122962826086974
FAM115C	-0.4159207826086977
FAM115A	-0.5499027173913067
JAGN1	-0.30952876086955605
LOC650368	1.0142646304347798
ZNF317	0.14950204347826457
ZNF318	0.5276039130434818
ZNF319	0.2568172173912977
OR52M1	0.0073032608695652165
OVOL1	-0.31772080434782657
P2RX1	-0.3332303913043462
P2RX3	-1.869056673913043
NRIP3	0.4468633478260857
P2RX5	0.10285636956521493
P2RX4	0.5831844999999998
HSPBP1	0.5574029565217433
P2RX6	-0.697469260869565
LBXCOR1	0.26204010869565075
LOC148145	0.4945847826086958
RNF208	-0.05148728260869628
HADHB	-0.740961978260863
HADHA	-0.47004884782607625
GSTP1	-0.5557025434782563
RPS19BP1	0.5907233913043495
FLJ37543	0.42904191304347866
LOC388955	0.20745430434783252
UBE2DNL	-0.9357876304347825
MRE11A	0.511293413043477
FLJ90757	0.908176652173907
NPRL2	0.27917273913043594
POLN	1.1188985434782595
DKFZP434H168	-0.030006913043478262
ZNF883	1.7157362608695679
?|390284	-0.06374260869565429
KIAA1539	0.19831330434782668
PLXNB2	-0.033272869565212915
METRNL	-0.4726915217391294
PGRMC2	-0.35780636956522116
PGRMC1	-0.9437767391304313
KBTBD6	-0.27143489130434695
KIAA1530	0.6749926521739091
AP4M1	0.8769066956521714
VTI1B	-0.19883543478260712
ALS2	-0.3514589782608706
LRRC52	0.4694064130434785
LRRC50	0.10103878260869514
KIAA1024	0.8361947173913047
LRRC56	0.5372925869565215
LRRC57	0.3429714782608686
LRRC55	-2.7915221304347835
DENND1C	-0.09685228260869572
DENND1B	-0.07010926086956282
DENND1A	-0.039062500000001776
LRRC59	0.4141689130434738
PIP4K2B	0.680764717391309
SLCO1C1	1.7414975
DIS3	-0.5476447608695683
RGPD3	-0.5531297173913021
TOP1P1	-0.1935226739130469
LOC100101266	0.5610569999999993
PIF1	2.578358760869564
NSUN5P2	1.876038021739137
LOC100130872	-0.09866891304347725
NSUN5P1	1.7234546304347838
SDHA	-0.8319956086956424
BAP1	0.46687249999999736
SDHB	-1.0033506086956532
SDHD	-0.9557646521739116
SHARPIN	0.9503130217391345
FLJ13224	0.14576393478260874
ERRFI1	-1.8578217173913067
ZCCHC11	-0.1241067608695623
NKAPL	-1.1486536086956507
PSG10	-0.026754347826086957
PSG11	0.01645054347826087
SAC3D1	1.4814889565217362
AP1M2	0.5928032826086937
NRP2	-0.7629859130434813
AP1M1	0.22145828260869393
FKBP14	0.0751437391304366
CDRT4	0.1582645434782597
STRC	1.1030504565217396
CCDC147	0.04677108695652121
CCDC146	-0.2977279565217419
CCDC141	-1.9218231521739124
CCDC140	0.05981630434782609
PRR15	0.7247536086956528
ANKS4B	-1.3580438478260888
SF3B5	0.3450271304347883
TMEM120A	-0.10751493478260876
CCDC149	-0.146094304347824
CCDC148	0.44232454347826167
CYP3A43	-3.2682839130434784
GRAMD3	-0.5394287826086988
DLG3	-0.15353734782608885
DLG2	-1.88494706521739
DLG5	1.5189871739130458
DLG4	-0.03219617391304386
SAMD10	0.9789556086956486
SAMD11	-2.2688257826086975
SRPK1	0.4628869565217375
GOLGA9P	0.7933467826086955
RAB3IP	0.07580826086956627
SYS1	-0.036687152173911386
PCBP4	1.4544499130434794
SPNS3	0.06554300000000035
PQLC2	0.5366090217391282
FAM114A1	-0.7539936521739055
SLC6A2	-1.2240781304347825
GRWD1	0.16797019565216864
FAM114A2	-0.013972239130440656
RENBP	-0.06301541304347946
TBX20	-1.417939369565217
FAM3B	0.8772969565217359
PCDH11X	-0.5214625869565219
PCDH11Y	-0.19734289130434782
IGF1R	-0.5115129347826093
FBXO11	-0.1498014782608692
IFNK	0.026600543478260862
LHB	0.09457195652173889
RAB11FIP2	0.05624760869565293
IFNG	-0.2375742173913047
FBXO16	-0.5671133043478269
IFNE	0.08273202173913041
PCBP1	-0.0010644130434798171
MYBL2	4.045598108695651
PTGR1	-1.3945741086956573
PTGR2	-0.05594652173912884
CHSY3	-1.308667304347824
MTUS1	-0.9020424565217429
HSPC157	0.19161110869565423
OSBPL9	-0.5052646956521762
CEP110	0.09619865217391688
IFRD1	0.5379640652173929
IFRD2	0.4218524565217372
GMIP	0.27390569565217504
OSBPL2	0.08628649999999638
OSBPL3	1.8677945434782597
ALS2CL	1.0129388695652173
HSPC159	0.11803119565217379
OSBPL7	0.997805891304349
KIAA0776	-0.5733794130434813
OSBPL5	-0.07319460869565653
ADRA1A	-4.893637847826087
ADRA1B	-2.210318826086959
TEX9	-0.009720608695652277
ADRA1D	0.8166533695652167
STUB1	0.24806154347826492
CD3EAP	0.5011161956521697
MYST4	-0.35344432608695797
SNRPG	0.3931976739130487
RAB11FIP4	1.677789869565217
TMEM99	-0.08075528260869547
TEX2	-0.5273715869565283
POLH	0.47337139130435624
ARHGAP17	0.07385721739130524
STARD8	0.1151915869565201
ARHGAP15	-1.0956422826086962
ARHGAP12	-0.12313113043477841
ARHGAP10	-1.7734522826086971
STARD3	0.5188290217391351
TUBB4Q	0.4162765652173913
STARD6	0.17324184782608693
STARD7	-0.01584741304347581
ARHGAP18	0.2311545434782607
ARHGAP19	0.6056004130434802
IL7R	-2.145032434782609
CAPZB	0.12580776086955936
UTP3	-0.6357764347826116
LOC644165	0.11204821739130466
RPA2	0.3398007826086946
TMEM91	0.7711363913043483
SIRT2	-0.006501956521736574
GABRG3	0.24062423913043468
FGL1	-2.115767782608712
GABRG1	-0.8057572391304342
DEFB109P1B	0.010080434782608696
C1orf26	0.48961286956521466
C1orf27	0.4269353478260829
C1orf25	-0.12149597826086911
IMPAD1	-0.01813432608695109
C1orf21	-0.6953648478260845
GPR137C	0.9430543913043454
GPR137B	-0.6278658043478273
FZD10	0.9461830869565211
FGL2	-1.6297579782608764
CHKA	1.1319549347826126
CHKB	0.13812850000000587
SIRT6	0.7745889565217414
TSPYL1	-0.9806633695652138
BMS1	0.08348934782608985
OR7E37P	0.21759967391304347
SIRT5	-0.5629278478260904
SLC9A6	0.34187195652173763
PVT1	2.2449778695652154
PTTG2	0.24537676086956528
BCDIN3D	0.0504960652173887
AHSA1	0.393471130434774
AHSA2	1.4818653260869539
ZDBF2	-2.371216717391304
MRI1	0.08064465217391437
SPP1	2.133357173913044
PRDM2	-0.33156867391304523
PPP1R3G	-0.7065506521739087
MAPK1IP1L	-0.19812710869565464
SLC9A7	-0.8539639782608708
PPP1R3F	0.38689267391304316
DST	-0.3718052391304383
SPP2	-3.5511694782608707
UCP3	0.9293424565217383
DSP	-0.21136676086955752
TP53RK	0.17684441304347587
PPP1R3D	0.0898431521739127
LOC285194	0.0033836956521739133
ZNF175	-0.48700463043478237
GLMN	0.9137218913043466
THBD	-1.5659614347826096
DSE	-0.9949560434782647
DCDC1	0.32001026086956513
WTIP	0.1811197608695645
UNK	0.7494658260869578
DCDC2	0.1355663260869564
GSTO2	0.1980927173913054
PDAP1	0.4575505000000035
CENPBD1	0.3937595869565236
GSTO1	-0.3237585434782595
SLC38A4	-2.4320779999999917
UBE2D4	-0.2721681739130464
ERMP1	0.5210026956521698
NPC1L1	-2.4418302173913062
SCN5A	0.7453986739130434
PARD6G	0.4991501086956509
TTC31	0.12363230434781869
TTC37	-0.18382143478260815
HS3ST3B1	-2.878910956521737
TTC35	0.4888400217391293
FAM153A	-0.2666682608695654
TTC38	-1.0008590217391387
FAM153B	0.07229886956521714
ARSH	-0.011807195652173915
MTHFSD	0.4527827826086943
OR4K5	0.0
OR4K1	0.05269619565217391
OR4K2	0.003091304347826087
FMR1NB	-0.1332571304347826
BCLAF1	-0.2950832391304363
ZNF137	0.5690943260869554
ME1	0.0008115652173934507
LRMP	-0.24386352173913206
QPCTL	0.6418466739130384
SNORD44	0.0
UCKL1AS	1.2461071086956532
SLC38A6	1.3743601304347814
TIPRL	0.41586673913043093
ITPRIP	-0.9393039347826111
TBX22	0.019363043478260872
RNF135	-0.6635811956521751
SLC22A23	0.5082501739130478
SEZ6L2	2.1364925217391315
SLC22A20	0.7197374130434793
DDTL	-0.7572970434782658
GNASAS	0.4632494130434778
PRB1	0.02465326086956522
SLC22A24	0.11053089130434801
REM2	0.22705891304347836
PLA2G5	-1.170818152173914
FAM7A2	0.3017013695652174
FAM7A3	0.5283413478260874
HMGB2	1.411517065217387
LOC100130238	-0.3497479999999995
SETX	-0.6422761521739133
HMGB1	-0.07413752173912513
FLJ43663	-0.08043345652173528
FSD1	-0.5131477608695647
CCBE1	-4.905155630434781
ZNF83	0.843545869565216
AUH	-0.4625412391304291
ZNF81	0.2059103913043474
TMPPE	0.02348439130434965
C6orf81	0.8445697391304343
ZNF85	1.1940435217391259
ZNF84	0.5136915434782541
FRMPD4	0.08205239130434791
FSD2	0.006112391304347764
FRMPD1	0.3112596521739128
LOC286135	0.0045375
FRMPD2	0.46787391304347814
AADACL4	0.046362282608695654
FYCO1	-0.01941436956521514
LASS5	0.7679362826087033
PDE10A	-0.5407868695652169
AADACL3	0.0839853260869565
AADACL2	0.018510000000000002
CAPZA3	-0.2778054130434784
CAPZA2	-0.13267813043478682
CAPZA1	-0.01012547826087662
SCARF2	0.1354204130434784
RNF207	0.8757341304347817
RAB2A	0.09693739130434764
GTF2H2B	0.4740934347826098
GTF2H2C	0.7563184999999972
ENHO	-0.4752866304347858
LMO3	0.3155907173913044
GEMIN6	0.6001031304347881
GEMIN7	0.665593152173912
GEMIN4	-0.11137976086956414
GEMIN5	0.08747936956521585
C4orf43	0.31576871739130485
C3orf47	0.966483369565216
C4orf41	-0.4550418043478235
C4orf40	0.15376800000000002
C3orf42	0.9060966304347828
C3orf43	-0.016665826086956437
C4orf45	0.06765597826086955
C4orf44	0.5153324565217381
TDH	0.12283260869565227
C4orf49	-0.0867651739130435
C4orf48	1.7229201086956554
C3orf48	0.24558695652173915
C3orf49	-0.08506284782608697
ATPAF2	-0.12757860869565008
KRBA1	1.0606232173913046
ERBB3	0.7359265434782678
LARP1B	-1.348610891304352
SLC6A10P	1.174788760869565
MCRS1	0.9211895217391266
ATPAF1	-0.6429549782608657
C15orf59	0.3436479347826076
C15orf58	-0.3081586739130424
C15orf57	-0.21217256521739358
C10orf82	-0.04153600000000007
AFAP1	0.461456760869563
C15orf54	0.2934598695652172
C15orf53	0.2744779565217392
C15orf52	0.5509094347826062
C15orf51	0.49473043478260803
C10orf84	0.048593543478261836
LOC653113	0.23106884782608628
DDX17	0.012082282608698591
ZNF124	0.29052978260869455
DDX12	1.8932749782608678
ERBB4	-1.4313452826086952
DDX10	0.26298360869565585
DDX11	1.6075859347826071
GJB1	-0.3934680000000075
GJB3	-2.431019869565218
GJB2	-1.7913615217391357
GJB5	-0.3692191086956529
GJB4	-0.18926091304347814
DDX18	-0.2548102608695668
GJB6	0.5708014347826087
GRIN3A	0.4642456521739171
GRIN3B	0.42186928260869583
OR6B2	-0.01877241304347825
MYRIP	-1.7947005434782604
ZNF75A	0.5806618478260841
PSMC1	0.09991810869564866
PSMC2	0.26013182608696006
OR6B3	0.006650543478260869
PSMC4	0.6702029347826102
PSMC5	0.3733865217391319
PSMC6	0.07762189130434827
RBM23	-0.13743469565217126
ARFIP1	-0.21471699999999316
ARFIP2	0.4379413043478202
RBM20	0.9307906304347835
PHOSPHO1	-1.4089611521739143
STARD5	-1.9576609999999999
KIF18A	3.3811780869565227
KIF18B	3.6862961521739104
TRIP10	0.4641109782608748
TRIP11	-0.42898199999999775
TRIP12	-0.23129880434782635
CCDC79	0.037524804347826124
CPVL	-0.37263582608695067
ZNF564	0.42363708695652047
TEX13A	0.018573369565217393
ZNF543	0.5506511521739137
IFT172	0.735812869565212
SNORD34	0.0
LOC646762	0.7881302173913056
CERK	0.5082236304347791
FN3KRP	0.4689263695652137
NCLN	0.36523643478260226
C9orf156	0.08887110869565351
C9orf153	0.21851867391304292
C9orf152	0.2990876739130446
C9orf150	-1.3086798478260881
NACAD	-0.48769923913043556
DNAL4	0.6808853913043516
KIAA1239	0.276391065217392
FLJ36000	0.5574065217391304
DNAL1	-0.07603328260869535
LIN7A	-0.5484239782608711
FLJ37201	0.5161005434782626
GRHPR	-1.3822285000000125
LIN7B	0.5938575869565232
TGM4	0.573571
IMMP2L	0.09660065217391
TGM6	0.03129782608695652
SMG5	1.334661999999998
OR2D2	0.04205706521739131
FNBP1	0.07038499999999459
HNRPLL	0.038321630434783316
MARCH5	-0.40018184782608834
MARCH4	1.8449416304347808
MARCH7	-0.28475780434782827
MARCH6	0.08888330434782787
MARCH1	-0.9786609565217397
MARCH3	0.6365684782608731
LRTM1	0.04634334782608697
FOXI1	-0.002334717391304364
BTN3A2	-0.24422443478261258
FOXI3	0.08597608695652174
FOXI2	0.7046699347826085
MARCH9	0.35894054347825666
CLSTN1	0.41965556521739167
CLSTN2	-1.7016880434782604
CLSTN3	0.17349021739130066
EIF3H	0.5479610217391269
EIF3I	0.15965282608696185
EIF3J	-0.1226885217391338
EIF3K	0.5656061739130411
EIF3L	0.07307643478261028
EIF3M	0.336358260869563
PGCP	0.41908141304347524
CLIP2	0.659207152173912
STYK1	-0.6298834130434787
EIF3A	-0.29292497826086894
EIF3B	0.592656499999995
BTN3A1	0.2570992173913087
EIF3D	0.6185282173912956
CLIP1	-0.3495430652173912
ALMS1P	-0.35734889130434766
EIF3G	0.5437229782608703
SETD5	0.13157197826086353
FGFBP3	0.510234760869567
FGFBP2	-1.0676698260869544
FGFBP1	-0.27944791304347816
FADD	0.23026899999999983
ARMC10	-0.22534391304347423
MKKS	0.5498500652173863
TMEM104	0.8247733260869534
NOL11	0.29993639130434424
NOL10	0.31380267391304706
ELSPBP1	0.006152717391304347
NOL12	1.1121612826086977
CDKN2B	1.2370824347826144
CDKN2C	2.392280717391306
CDKN2A	4.023017347826089
SLIT1	0.13231954347826136
CDKN2D	0.31572452173913046
BARD1	0.49313095652174166
WDR7	-0.8184511086956512
ZNF404	0.5410270000000015
ZBBX	0.1281326956521739
CLRN1OS	-1.3005868913043475
NME6	0.7207221956521748
FABP9	0.01396195652173913
NME7	0.4443595869565167
EDEM2	0.350911913043479
EDEM3	-0.21188447826087398
PCDHGB3	-0.3951341956521741
EDEM1	-0.9792179565217349
TCF4	-0.14630558695651708
ZNF560	0.6570342391304348
INPP5E	0.6987095869565163
SMG6	-0.02638641304347722
NME2	0.9603339347826001
BRP44L	-1.7773529782608666
TRMT11	-0.7516413478260873
SAP30L	0.497217565217392
CSTF2T	-0.2471397826086914
UBTD2	0.09808769565217013
LARP4B	0.3911886521739145
UBTD1	0.283951760869563
RPL13AP17	0.006388586956521739
NEIL1	-0.22088176086956857
TAS1R1	0.0324270869565213
LOC254312	0.0
TAS1R2	0.2132114130434782
INPP5J	1.7903656086956534
ZNF542	-0.5536543478260878
SMG1	-0.36479039130434643
CCL2	-1.6079184782608804
CCL3	-1.764057847826085
NFATC2	-2.0087100000000007
CCL1	0.12958641304347823
NFATC4	1.2381065217391312
CCL7	-0.014959891304347828
CCL4	-1.8107009347826128
DHRS7C	-0.3578253695652174
TAS2R20	0.5791737173913032
CCL8	0.2837552173913034
CSDAP1	-0.631906413043477
FAM73A	-0.5251454782608747
FAM73B	0.4211735217391297
TMEM14A	0.3513843913043484
ZNF75D	-0.015632152173910008
MYCBPAP	1.0325604347826085
RNASE11	0.09258804347826087
USF1	0.8176714782608663
AP2B1	0.17874258695651335
HSBP1	0.024686630434784362
GTF2E1	0.5896013260869566
GFER	0.41914545652173985
ZCWPW2	-0.27987473913043237
NUBP1	-0.13002406521739118
HS3ST3A1	-2.4299022608695653
ZCWPW1	-0.7765956304347812
SCML1	-0.01189989130435265
CYP26B1	-0.2507354565217401
SCOC	-0.28976876086956516
PABPC1L2B	0.03281671739130437
SAMD5	-3.1635152173913053
PPP1R14D	1.467697804347826
PABPC1L2A	0.05931086956521739
PPP1R14B	0.8461541956521756
OR2AG2	0.07632228260869565
OR2AG1	0.006650543478260869
PLEK2	-2.3969463695652173
UBP1	0.01677826086956813
ZNF747	-0.2844754130434808
CD46	0.2741716521739139
SSC5D	-1.7666415434782605
TCTE3	0.7858629565217408
TCTE1	0.14132691304347855
CD40	-0.4752469130434811
ZNF37B	1.0750662608695638
SPEG	0.23983406521739115
LOC728875	0.29576921739130224
KIAA1826	-0.5027995652173907
ZBTB43	-0.7475339999999981
PRIC285	-0.06248423913044299
ZNF37A	-0.014875369565217511
SDSL	-0.7191687173913035
RALY	0.8834937608695625
PRR12	0.7461658695652194
ASFMR1	0.395474891304348
PCDHGB6	-1.5108282391304342
ZNF454	0.8099922826086947
PCDH12	0.5295935652173984
PCDH10	-0.26559119565217404
PCDH17	1.103949500000005
ALKBH8	-0.31886076086956283
PCDH15	0.10895128260869552
ALKBH6	0.9199956956521707
ALKBH7	-0.20832704347826692
ALKBH4	0.6332444130434745
ALKBH5	-0.2983006086956479
ALKBH2	0.7788517826086903
ALKBH3	-0.27904013043478226
RALA	0.3764290652173923
ALKBH1	-0.29488773913044053
OR10G7	0.0
ISX	3.9810098043478277
C8orf58	-0.10655332608695733
C8orf59	0.9779646739130463
C8orf55	0.6453013695652192
C8orf56	0.27475956521739114
C8orf51	1.1072240434782632
OR10G9	0.0
OR10G8	0.002953804347826087
KRT18	-0.32705497826085583
MPZL3	-1.2026542826086963
DBF4B	1.6605458260869534
ARHGDIG	0.4327861956521739
DNAJB9	-0.7654653260869608
DNAJB8	-0.059716391304347825
ZNF714	0.8747339999999997
DNAJB3	-0.2268963913043489
DNAJB2	0.5510266521739133
DNAJB1	-0.09159117391304328
EPB49	-0.0734386739130386
DNAJB7	0.281976978260869
DNAJB6	0.5347441956521699
DNAJB5	0.4188311086956489
DNAJB4	-0.8025835434782644
AMDHD1	-1.9891334130434757
AMDHD2	0.5976302608695665
TRMT5	0.0043237173913066584
GCET2	-0.8540559347826098
TMEM164	1.4392014565217384
DIDO1	0.33086713043478966
KISS1	1.5272503913043427
HMSD	0.14789108695652164
RAB21	-0.36814613043477884
FRK	-0.518486673913042
TRIM78P	0.2620454347826082
TMED7-TICAM2	-0.10317371739130543
PHIP	0.3326182173913068
SCGBL	0.20765632608695647
SNORA58	0.0026755434782608696
RAB23	0.5180343478260854
ZNF808	-0.2517262173913073
SNORA51	-0.010241913043478264
SNORA50	-0.005024782608695648
FRY	-0.5246465652173917
HELZ	-0.18322402173912522
SNORA55	0.03876467391304348
SNORA54	-0.04213358695652174
SNORA57	0.37945782608695655
COL17A1	0.40241582608695525
OR1N2	0.0031913043478260872
PROSC	-1.2720874782608718
TNIP1	0.0675495869565168
FAM65C	-3.3130279347826086
FAM65B	-1.1535456304347855
FAM65A	-0.03442247826087019
GRIK1	-1.2005129565217394
GRIK2	0.45554913043478207
GRIK3	-0.8933864565217389
GRIK4	1.1786344782608702
GRIK5	0.5367831304347825
SNORD121B	0.0
RNF149	-0.14416830434782568
RAB28	0.06973219565217725
LOC388387	-0.05838889130435021
SNORD121A	0.0
SHC3	1.5171826086956512
SGSH	0.608264978260868
RNF141	-0.3121686304347815
TMEM59	-0.34731080434782235
RNF145	0.03300504347826205
GLRA1	0.04419782608695653
RNF146	-0.2685138913043499
GRSF1	-0.3296576739130437
MSH2	1.3013889130434766
?|728603	0.0377195652173913
MGLL	-1.2676709347826023
MSH5	2.2560431739130413
MSH6	0.2735819782608715
CALU	0.228536304347827
RDH16	-3.6748073913043484
TMEM169	0.9339898478260871
MYOCD	-0.22972132608695706
TMEM56	-1.8663272391304293
ACCS	-0.055425173913040915
CD320	0.9091354347826162
PMCHL2	0.05296936956521739
PMCHL1	0.03470869565217392
TIMM8A	0.22186808695652438
XCR1	-0.9830300869565212
RASGRF1	1.4959285652173913
STOX1	1.510754239130435
C16orf48	-0.0740781739130405
UBR4	-0.3068172391304298
SPACA5	-0.05994297826086954
C16orf45	-1.1160923695652194
RNF19A	-0.39431176086956476
C16orf46	-0.7857673260869582
NFXL1	0.3077011304347863
PACSIN3	-0.301680826086951
C16orf42	0.46857782608695686
GREM2	-3.6714054565217396
RTL1	0.6011354347826086
COPA	0.3439317173913121
COPG	0.17057004347825
COPE	0.6856193478260728
SYBU	-1.204907521739127
ZNF555	0.7625833695652169
INTU	0.7461958260869568
PADI3	0.9913396956521733
PADI2	-0.15290063043478508
LOC100128675	0.5245919565217405
PADI4	-1.786219347826086
CDK20	-0.1590361304347816
NT5M	1.1064377391304365
GJA10	1.2508774782608696
TRPM2	0.5305814782608707
AGTPBP1	-0.11675321739130773
HIST2H2AC	1.020441282608696
ZFP57	0.2570493260869562
ALPPL2	0.17832106521739133
PDCD6IP	-0.07868295652173707
TOE1	0.01826286956521983
WDR72	-2.4123671521739123
TTBK2	-0.6190741739130443
FBXL3	-0.987504804347827
OR10AG1	0.0
SHC4	-0.2709184565217395
GPIHBP1	0.844919913043479
RPL23A	0.5333538043478185
NRIP1	-1.0496587173913028
NRIP2	1.4483381086956522
IL1F6	0.02094076086956522
GPR135	-0.47079706521738984
GPR137	0.649489304347826
VTI1A	0.18962197826086413
GPR133	-0.7897927608695667
GPR132	-0.31776867391304187
ATP6V1C2	0.5826737173913035
ATP6V1C1	0.8281799565217351
GPR139	0.003532608695652174
NT5C	0.6353091304347878
TOP1P2	0.0888576304347839
PRTG	0.0718260869565217
TRIM11	1.151771108695657
FBXL2	0.4579655000000007
SNAR-F	0.0
SNAR-E	0.0034380434782608697
MFRP	0.5086946739130447
POFUT1	0.13587841304348025
C19orf2	-0.0324241304347872
CDKN2AIP	-0.6205745217391296
SNAR-H	0.0
SLC22A6	0.47890271739130436
C19orf6	0.13477373913044488
ATF7IP	-0.027544978260864994
FAM95B1	-0.4372525869565229
GPATCH1	0.8219350217391259
LRRTM4	-1.564141695652173
LOC399744	0.39008030434782714
OCIAD2	-0.8555271521739058
FBXL5	-0.3962611521739099
PPP1R3E	0.6317793478260887
OCIAD1	-0.3011250652173949
PPP1R3C	-0.8509188478260885
PPP1R3B	-1.7444334565217403
PPP1R3A	0.12386356521739128
RDH13	0.33882697826087327
TMEM191A	0.12817982608695733
TIAM2	0.39943906521738626
TNFRSF13C	0.09289917391304381
PPP2R3B	1.1714339782608691
TP53I3	1.611615478260867
ZNF434	0.4152976739130434
PPP2R3C	0.33514902173913175
TGS1	0.19973195652173814
LUC7L3	0.5882151739130368
LUC7L2	0.24799452173913217
TOMM40	0.8580889565217387
FAM131A	0.3216466521739205
FAM131B	0.44876958695652247
FAM131C	0.17327726086956607
HAL	-2.5671337608695683
TBXAS1	-1.3206261956521717
YTHDC1	-0.2698451739130423
ERLEC1	0.253076521739132
SEMA3C	-0.9887973043478278
SH3GLB2	0.6625689565217403
RIBC2	2.3099276956521737
FAM13AOS	0.3999718478260892
TLE6	0.7301363913043479
CHERP	0.18843476086956557
NACA	0.4540475217391293
EHHADH	-1.9736583695652197
ZNF619	-0.3685556304347841
TMEM196	0.021481521739130434
ZNF526	0.7585682608695601
NME4	-0.1550677826087039
INPP5A	-0.07493823913043052
INPP5B	-0.6134515000000036
GRINL1A	-0.1305547173913002
INPP5D	-0.1780379130434797
HEPN1	-4.66644456521739
INPP5F	0.631756195652172
NME3	0.8101128260869555
LOC729234	1.098680782608696
FLJ44082	0.002953804347826087
INPP5K	-0.055814847826082925
ZAR1L	0.18564891304347825
RAI14	0.06325443478260873
FREM2	-5.408004913043477
FREM1	-2.523462478260871
NKAIN1	0.2546461956521744
PID1	-1.1816678478260894
NOSTRIN	-0.7839071956521746
FBXL6	0.9980473478260894
SHC1	0.8243209565217349
RCBTB2	-0.935934891304349
HELT	0.1168923913043478
CNST	-0.15836867391304388
HELQ	-0.3575314347826115
RCBTB1	0.19901886956521508
CLSPN	2.4180289130434804
UFC1	0.8101105434782596
EPB42	-0.5244459347826086
EPB41	-0.09428556521739573
RBM28	0.5000962173913068
MATR3	0.16667858695652704
HELB	-0.9950436086956498
RBAK	-0.18559097826087267
MAP1D	-0.11129241304347559
NUDT8	-0.45126541304348144
PON1	-2.3191462826086973
SLC9A10	0.18207123913043483
SLC9A11	0.15887167391304335
TRAF3IP3	-0.02109143478260833
SLC22A7	-2.1413119347825997
CYP4F3	-1.711792717391294
TEKT1	0.26624854347826077
TEKT3	-0.20102597826087032
TEKT2	-0.8223773478260871
TEKT5	0.9624964347826082
TEKT4	0.5491348043478264
VPS37A	-0.4410604130434841
PNPLA3	-0.845220913043482
PNPLA2	-0.2170011086956496
PNPLA1	-0.02869965217391296
PNPLA7	-1.8138501739130461
PNPLA6	0.41889954347826475
PNPLA5	-0.9007090217391303
PNPLA4	-0.7173908043478292
GUCA2A	0.5378813043478262
GUCA2B	-0.8623510000000003
PNPLA8	-0.8895558695652142
NCKAP1	-0.04609858695651958
RPL13P5	0.992332652173912
WEE1	-1.2204784565217466
UNC5A	1.6325338478260887
GFOD2	-0.7111238478260891
GFOD1	-0.7760269347826112
FOS	-3.4967297173913057
HOMEZ	0.4357417608695693
KATNAL1	-0.5923289347826026
KATNAL2	0.5750359565217389
ATG10	0.4721012173913035
LOC400657	0.3468256086956547
ATG12	0.21474017391304123
SRMS	0.3990006086956521
SUN5	0.006486413043478261
ZBTB5	0.14320569565217056
KIAA0754	-0.7317448043478265
KIAA0753	0.08521104347825847
PLEKHM1P	0.3506780217391281
STEAP2	-0.38443804347826394
TSFM	-0.21241671739130297
TGFBI	0.2924430869565171
SCT	0.04774784782608754
SFPQ	0.06986810869564763
SAFB2	0.41359469565217744
SMPD3	-2.6570239347826083
ZBTB4	-0.02901847826086623
PL-5283	0.19481304347826267
TSPAN11	-1.856613760869565
TANK	-0.6906512173913022
COL12A1	0.061981173913043364
LCK	-0.3281517826086944
RASAL2	0.386032021739128
ZNF259	0.6077540652173941
KRT5	-1.2766754130434803
VSTM2L	-1.5624132608695644
SGK223	0.4839774130434762
PF4V1	-1.284512695652175
SEC14L2	-1.6267783043478214
SEC14L1	-0.3541433260869571
LOC100128076	0.09226086956521737
LOC100286793	0.9958540217391327
SDCBP2	-0.0903651086956554
C1orf43	0.3640273260869673
PES1	0.4898389565217389
UPF2	0.013509326086955653
SNED1	-0.729566760869564
C1orf49	0.02953565217391324
IL1B	-2.2237906521739124
CHIA	-0.6083801956521742
THSD7B	-0.4918146956521743
FLG2	-0.10076830434782602
PHTF1	0.03648228260870301
THSD7A	0.6418723913043483
MKL1	0.59947734782609
LILRB4	-0.5124763478260839
LOC148709	1.9617150217391304
RUNDC3B	-1.7648278260869548
CASK	0.4146594565217363
PKNOX1	0.30519426086956436
GPR88	-0.4608959782608677
CAST	-0.3820224565217334
ZBTB41	0.5181043478260889
KRT6B	-0.5854160434782603
KRT6C	-0.26443078260869557
TRAF3IP2	-0.4470369347826093
CASR	-2.2126324782608706
GPR81	0.5352243478260872
GPR82	-1.5813468260869576
GPR83	-1.409001173913043
GPR84	0.041247326086955916
GPR85	-0.6363108043478265
PUS1	0.7043674782608669
CLEC1A	-0.7387423043478263
SLC38A10	0.09673256521738871
ZNF295	-1.632159956521745
MGC42105	-0.5747987391304346
RNPEPL1	0.7494122173913045
THRAP3	-0.276089413043481
COMP	2.3528820217391306
BCYRN1	0.010644565217391305
TPR	0.5339454130434813
ZBTB9	0.9883314782608696
ZC3HAV1L	-0.1883826086956515
ADAM21	0.8512291739130444
ADAM20	-0.30498504347826094
ADAM23	1.4897032391304346
ADAM22	1.2635644130434764
GLCE	-0.20760476086956814
ZNF256	0.39328821739130415
ADAM29	0.05207365217391304
ADAM28	-0.27115213043478237
DSCR8	1.6155066304347825
IL18	-0.49281608695652146
IL19	0.044701630434782605
AIF1L	0.9113056304347831
GRRP1	0.7248275217391287
PANX3	0.3771385869565217
IL10	-1.6408559782608685
GSTM1	-1.2185854565217396
GSTM2	-0.802669195652177
C2orf7	0.12240136956521575
GSTM4	-0.07834328260869228
GSTM5	-2.529421782608696
IL16	-0.551280717391303
C2orf3	-0.19722895652173733
LPAR2	0.26761554347825367
PALLD	0.40252891304347926
PIP4K2C	0.28252749999999516
TMSB15A	0.9706449782608688
ZNF155	0.11672897826086981
KRT9	0.028260152173913006
GAGE2A	0.9804374999999999
ZNF251	1.2274631521739146
EFHD2	0.12438458695652521
EFHD1	-1.642232869565218
RUNDC3A	0.9943833913043465
TTF2	1.0085692173913037
LPAR3	0.5682380869565213
PINX1	-0.15359417391304664
LEPRE1	0.681879956521735
KRCC1	-0.4706323260869567
AEBP1	-0.6116996304347797
GNAZ	3.1882573695652168
RBMS3	-1.8980214347826068
AEBP2	-0.26544071739130715
KRT8	-0.48667145652173005
DAD1	0.3918583260869557
ZNF322A	0.5111482173913089
RCHY1	-0.6505368043478272
GDF9	0.5702149130434768
DKFZp686O24166	-0.47308852173912896
ZNF322B	0.6225730217391319
GDF3	0.39119965217391334
CBR4	-1.385492673913042
GDF1	1.1241497608695656
CBR1	-0.037925478260872225
GDF6	-1.282347543478262
CBR3	1.5820791521739128
LOC728606	-0.7939588913043483
LTB	0.6248546739130418
ABHD12B	0.04713952173912905
ANXA1	-0.2882135869565179
ANXA3	-2.4133197826086956
CPT1B	1.0263849347826035
ANXA5	0.25585117391303847
ANXA4	-0.17417619565217457
ANXA7	-0.21278402173912347
ANXA6	-0.4817852173913053
ANXA9	0.12267830434782567
ANXA8	-3.2746651739130406
TRAF3IP1	0.017312760869565125
MEST	-0.6957011521739176
MCM7	1.4178112173913053
MCM6	1.7406676956521725
MCM5	1.5437390434782579
MCM4	1.1943311521739126
DUSP19	-0.31022617391304674
DUSP18	0.49348415217391217
POU5F2	0.17841347826086956
DUSP15	0.9002359347826077
DUSP14	-1.0265893043478282
ZDHHC22	0.2128340652173912
DUSP16	-1.0616837173913094
DUSP11	-0.20864171739130022
DUSP10	-1.2550452608695615
DUSP13	1.0087268260869569
DUSP12	0.9448528260869598
SQSTM1	0.782731369565214
CSH2	0.08717934782608694
CSH1	0.011267391304347826
EPC2	-0.38995256521739385
ZNF541	1.8324607391304357
EPC1	-0.5401379782608702
C3orf20	-0.35307095652173937
C3orf21	0.8953711086956533
C3orf22	0.06883041304347827
C3orf23	-0.5204112391304374
C3orf24	0.04360271739130435
OPRD1	0.027082891304347823
C3orf26	0.6248720217391233
C3orf27	0.05147880434782609
POLM	0.9536011521739161
CYP26C1	0.21435260869565223
HEPACAM	-4.05088243478261
EGOT	0.39606126086956484
SSX6	1.0788531304347824
LOC341056	0.5602084347826115
SSX4	1.4772887173913043
SBDSP1	-0.03762445652173696
SF3A2	1.0896212826086913
SSX3	0.9679781304347829
USH2A	-2.2679461956521765
SSX1	3.1428283478260877
TBCC	0.8012628043478287
ISL1	0.11546684782608697
ISL2	1.685820760869565
ZNF540	0.04100813043478713
PKMYT1	3.4052954782608724
UBQLN4	0.8811069782608723
KIFAP3	0.3298772608695728
CYP4Z2P	0.14072476086956515
MDS2	0.24736728260869545
MS4A7	-1.8107377391304285
MS4A5	-0.027424
MS4A2	-1.0043137173913042
MS4A3	-0.5802691304347825
MS4A1	-0.6250480217391328
ZNF141	-0.4448973260869602
ZNF140	-0.13850967391304359
ABCA11P	0.6248831304347808
ZNF142	0.9723806956521708
LGSN	-2.0780352391304335
CCDC102A	0.7065634565217387
DNTT	0.1849001086956522
ZNF146	0.19857580434782385
ZNF148	-0.14338067391304676
CPT2	-1.4438777826086948
DSC2	-0.5550975000000005
DDX31	0.21637726086956555
DSC1	0.0845099565217392
SEC14L3	-2.4367613478260877
LOC153684	1.6187255434782624
COX8C	-0.07903760869565213
?|155060	2.0598994565217383
VSTM2A	0.005697000000000008
PYGL	-0.744185347826086
MAGOH	0.35758354347825794
PFAS	0.5893705434782657
C20orf20	0.9995642173913035
LOC283922	0.09648180434782727
C20orf26	0.5874794782608698
C20orf27	0.9335840434782519
C20orf24	0.4513763260869563
RAB27A	-1.0976177826086957
TMF1	-0.4202914999999958
C20orf29	0.25858830434782654
TANC1	-0.46779206521738637
RANGAP1	0.37854989130434546
FCGBP	0.3831045652173879
BAMBI	-0.2899176086956565
KCNN4	0.6610047391304326
FASLG	-0.5684452173913028
KCNN2	-5.159788673913042
KCNN1	1.2003724130434792
ANKHD1-EIF4EBP3	0.016392065217388563
PMS1	0.4374825000000033
PMS2	0.4886271956521657
ATXN7L3B	0.0014226521739146847
SLC45A1	0.8350143913043482
SLC22A2	-0.04343310869565298
SNRPA1	0.616942260869564
SNORD51	0.0
ISLR	-1.4698670434782608
PKIG	-0.050933630434785826
C9orf171	0.014207260869565225
C9orf170	-0.17597867391304328
C9orf173	0.8942121956521749
C9orf172	1.7286177608695672
THAP5	-0.41597119565217433
SNORD115-44	0.0
BRMS1	0.8545805652173932
RHOA	0.2714629565217397
GRIP1	-0.5773254565217387
KRT7	-2.166874369565223
GRIP2	0.17397032608695584
SLC19A2	-0.7887751739130398
SLC19A3	-2.220835369565214
SLC19A1	0.2924238478260861
CCDC65	0.5577923260869566
CCDC64	2.2535720652173943
CCDC67	0.23263539130434768
CCDC66	0.6792128695652142
CCDC61	0.8027930434782631
CCDC60	0.19169967391304346
CCDC63	0.05557530434782609
CCDC62	-0.16811680434782583
TYSND1	0.6890521086956483
CCDC69	-0.838994673913044
CCDC68	-1.290793913043479
ANKRD36BP1	-0.7048196304347831
TMEM119	0.7880374999999988
TDO2	-3.466917543478255
EP400	0.5130873913043459
RPAP2	0.10880808695651911
IL1A	-0.0726153913043478
LOC285796	-0.6457196739130441
MIS12	0.003657391304349389
YPEL5	0.07095849999999793
TMEM114	0.12743695652173911
CRYGB	0.0032016304347826084
MAP2K2	0.7872518478260808
NAGS	-0.6854452391304342
SPTB	0.5940311739130442
CLEC18B	1.1535095217391291
SNORD36C	0.0
TANC2	-0.08363132608695611
CRYGD	0.035394021739130435
POLR3H	0.240461456521734
PIM1	-1.168756521739125
LRDD	1.0688617608695683
TAF13	-0.7128766304347893
MED12L	-0.32339360869565215
SLC35A4	0.3792977173912977
SLC35A5	-0.45785619565217495
SLC35A1	-0.43672526086956687
SLC35A2	0.19390802173913002
SLC35A3	-0.7036034782608702
PIK3R6	1.0469028478260856
OSR1	0.7206244782608691
MPDZ	-1.7126953260869566
TMEM48	0.26117073913043143
NXF4	0.018329891304347826
NXF5	0.3809749130434781
PARD3	0.07397256521739592
NAP1L6	0.6007451086956526
LSAMP	-0.4270528043478272
NXF2	0.8671095000000002
NXF3	-3.0092465434782616
FAF1	0.38370306521739295
PGM5	-1.640662826086956
FAF2	0.062422717391301674
TAF12	0.19172028260869745
PGM1	-1.4358220869565166
PGM2	-0.9048478913043478
IL18R1	-2.1898763695652192
PAK4	0.45042263043478314
ABCB11	-2.9078034347826156
ABCB10	0.09338839130434629
APLN	3.641530043478262
TMEM44	0.5825055434782591
MMD2	0.05679891304347826
COL6A4P2	0.5359023478260869
CYHR1	0.739024934782611
SBK1	0.6893603260869576
APLF	0.23653256521739596
RBM8A	0.3864213695652161
SLC25A40	0.001249239130431512
SLC25A41	-0.022928239130435735
PMP22	-0.20160186956521287
SLC25A43	0.35518913043478406
SLC25A44	-0.026785956521745646
SLC25A45	0.007221826086952987
SLC25A46	-0.489348195652175
CR1L	-1.6294968260869562
CDC26	0.0225921521739183
TAF11	0.5413336956521739
SNORD115-48	0.0
CDC23	0.5135017608695698
HOXD13	0.3592353043478262
HOXD10	1.6672568478260872
CDC20	4.361483413043478
NUP153	-0.2181597391304404
ZNF737	0.40156165217391226
PDZD4	-0.880140652173913
FAM150A	-1.9555002608695657
FAM105B	-0.08722886956521059
FAM105A	-0.12231891304348164
FAM150B	-2.7404747173913058
BEST3	0.07055721739130438
BEST2	0.09944173913043479
BEST1	0.49303584782608834
KIAA0562	-0.6090693913043506
KIAA0564	-1.0573077173913035
PDZD9	0.14583654347826103
BEST4	1.5323098043478258
WWTR1	-0.6276546304347796
ZNF296	1.9389202173913005
TNC	-0.6996368695652198
TXNDC11	-0.4737851304347753
SORCS1	-0.5511767173913038
SORCS2	-1.5244025434782573
SORCS3	0.45824143478260876
RPL35A	0.5819814782608628
CARS2	-0.055647695652178086
YPEL1	0.10691328260869692
SNORD11B	0.0
FYTTD1	-0.5437295217391309
TPSB2	-1.4638225869565176
GPKOW	0.3665692173913069
KIAA1614	1.4140756739130391
SPDYE8P	0.2420654999999976
TNPO2	0.589967869565216
TNPO3	-0.3039045217391294
TNPO1	-0.09047843478261797
NANOG	0.40170156521739125
RRH	0.10908615217391249
GCN1L1	0.6109262173912988
SPA17	0.9514069347826117
MAPK3	0.771602543478263
MAPK1	0.04150228260870037
MAPK6	-0.202704521739129
MAPK7	0.35977867391304397
BCO2	-4.778067739130435
PPP1R12C	0.4482514782608664
MAPK8	-1.0686815652173927
MAPK9	0.29633915217391404
SGPP2	-0.24963284782608497
CUZD1	1.3694386739130442
URM1	0.5007433478260825
WTAP	-0.21427919565216946
OR1J2	0.30363565217391303
LYL1	0.429145760869563
DAZAP1	0.4723126956521764
ATP8A2	0.6784389782608689
PGPEP1L	-0.14137182608695653
ATP8A1	-0.05678254347825806
STAG3L3	0.7544477826086968
DAZAP2	-0.337444239130436
STAG3L1	1.2090061739130422
KIAA1804	-0.6753136739130374
SERINC3	-0.4241438478260857
BCOR	-0.10393897826086196
NMNAT3	0.013456739130432105
LOC126536	0.06767460869565212
SERINC2	-0.03680378260868977
VWA3B	-0.737613565217391
THNSL2	-0.28315202173912724
THNSL1	-1.0741284565217395
SNORD49B	0.0
BCAP31	0.7752167826086893
CCL11	0.24126500000000095
CCL13	0.6222596956521746
CCL14	-3.0563042608695685
CCL15	0.22837780434782218
CCL16	-1.5549085869565218
CCL17	0.5995566739130427
CCL18	0.45166032608695517
CCL19	-2.381234043478261
METTL3	0.7349298478260842
METTL4	0.3679933913043447
METTL5	0.59710134782609
METTL6	0.8636113260869624
TAS2R43	0.08526584782608698
STAT5B	-0.17504063043477913
LOC619207	0.4764965652173907
TAS2R40	-0.006236413043478262
FDX1L	0.7065371086956551
TAS2R46	0.017853304347826074
GPR87	-0.2199569999999999
OR56B4	0.41127197826086953
MED7	0.4799280434782629
C1orf100	0.04337717391304348
C1orf101	-0.15228302173912978
KCTD1	0.725945152173912
C1orf103	-0.14067391304347687
C1orf104	1.7699628043478244
C1orf105	0.47876567391304303
C1orf106	1.0942693913043495
C1orf107	0.15686313043477718
C1orf109	0.3029149130434794
KCTD9	-0.1607630217391316
KCTD8	0.13755191304347827
OR4C15	-0.03434
RAD54L	3.26224289130435
TMEM39A	0.1555588260869598
PLEKHN1	1.4185128913043477
FLJ43859	0.006636173913043483
KCNT1	0.7827398695652172
IBSP	1.723542913043478
MED9	-0.18013497826087033
SERPINA4	-1.712245282608702
HCFC2	-0.35796367391304074
HCFC1	0.8035727826086916
DEFB109P1	0.0
SERPINA9	0.19541908695652155
ZC3HC1	0.3332250000000023
NRAS	0.28258641304347343
PDZD11	0.7653566304347805
GAST	0.7436399347826087
PXK	-0.21866502173913283
FOXRED2	0.6109600000000057
FOXRED1	-0.41588452173913737
KCNT2	-1.1009306956521758
PXN	0.34680004347825744
LOC374443	0.9211703478260862
LOC147727	-0.011658739130430362
CABLES1	-0.09877904347825606
ZNF432	0.42493171739130453
CABLES2	0.7659824130434796
MTUS2	-3.245654500000002
SNORD116-19	0.0
SNORA32	0.033560869565217394
SNORA31	0.07459956521739124
ESF1	0.1360931521739186
SNORA37	-0.022669347826086955
SHBG	-2.9408650434782597
SNORA35	0.0
SNORA34	0.07549902173913042
SNORD116-11	0.0
ROPN1	-0.46139682608695676
SNORA39	1.3156260000000009
ASZ1	0.20420163043478262
PPP1R1A	-2.3168666086956513
LIX1L	0.581451826086953
COMT	-0.9303980434782542
?|136542	0.0061038043478260865
FOXD4L5	0.017092130434782617
FOXD4L6	0.34550186956521745
FOXD4L1	0.9890944999999987
FOXD4L2	0.261203717391305
FOXD4L3	-0.04321697826086962
TMEM144	0.23646084782608856
MOV10L1	0.2298274565217402
STON1-GTF2A1L	-0.02322184782608694
PACS1	0.6080849782608677
LOC651250	0.17267973913043377
ZNF607	1.3185059130434773
FAM63A	0.3794406739130416
SBNO2	-0.11785995652173575
PCSK1N	0.8049040434782615
BRAP	0.20581478260869446
RNF167	-0.28039945652174403
DEFB110	0.0
RNF165	-2.8653954999999987
RNF169	-0.40689634782608586
LOC100129055	0.012017152173913012
SEC23A	-0.9138544782608697
ZNF253	0.3826942608695676
AMTN	0.06428289130434783
C8orf77	1.932245065217392
C8orf74	-0.01130163043478261
C8orf75	-0.09725208695652177
ZBTB44	-0.2500027826086946
BRAF	-0.3090943478260906
ZBTB46	0.5109533478260824
C8orf71	-0.014630760869565218
TMEM143	-0.21503254347826228
ALOX15B	1.6609066956521774
ZNF608	0.1865924565217414
C8orf79	-1.8358400434782585
PGAP1	-0.05466126086957068
PSMD9	0.3003251086956542
ZNF609	-0.057345847826082874
SYNPO	-0.37542284782608526
ZNF252	0.2361821956521748
PGAP3	-0.2520759565217343
P4HA2	1.3738813695652219
P4HA3	-0.59650132608696
ANP32D	-0.010971543478260903
ANP32E	0.22069895652173876
ANP32B	0.09026289130435039
ANP32C	0.44051615217391327
ANP32A	0.3364661956521715
FDXR	0.07957363043478516
SYNPR	0.053176239130434774
HPSE2	0.31390554347826094
UQCC	0.2052651521739115
TAT	-3.5203861521739146
SP3	-0.13076073913043018
GMEB1	0.09903400000000229
NTNG1	0.009320043478261042
NTNG2	0.35454458695652136
RPF1	-0.02837158695652242
RPF2	0.15266265217391073
AGPHD1	0.10639521739130497
PRR23A	0.01957826086956522
ALMS1	0.5149498260869585
PRR23C	0.02532663043478261
PRR23B	0.012207065217391306
ATRNL1	-2.1148609999999985
MRPL55	0.6994278695652181
MRPL50	0.023803130434778552
MRPL51	0.36547271739130593
MRPL52	0.5970937173912958
MALT1	-0.13712028260869857
PRKG1	-1.259847021739131
THY1	3.024379739130432
TARDBP	0.04178952173912798
ZNF738	0.7913829565217432
LCN10	0.28234165217391327
PRKRIP1	0.984344108695657
ZNF688	-0.153919739130437
STK11	0.22409845652174631
OPN1SW	0.39116341304347835
PPIAL4E	-0.00544371739130434
ALOXE3	-0.0025410000000002375
ZNF677	-0.36936380434782823
ZNF680	-0.535736586956518
PRKG2	-0.10024028260869566
ZNF687	0.8975799347826019
ZNF684	-0.8278367173913086
IQCC	1.5791643043478256
PPP1R9A	-0.3137895434782658
TMEM140	-0.48340415217391985
PCDHGC3	-0.5952738478260748
IQCG	0.4326673478260874
PCDHGC5	0.4455551304347827
IQCE	1.3583662608695644
IQCD	1.8231837826086954
IQCK	0.02255139130434536
IQCJ	0.030815760869565216
MUC15	1.6203655652173912
IQCH	0.2130251086956516
MUC13	3.238269478260868
MUC12	0.37903128260869545
RNASE10	0.30511991304347824
OR13H1	0.005806521739130435
PIRT	0.1401331521739131
PPIAL4D	0.451889565217391
WDTC1	-0.35858723913043633
LOC100133957	0.03767093478260719
GMCL1L	0.5847992391304353
LOC441294	0.2171215869565195
MBTD1	-0.08860928260869017
SPIN3	0.27515402173913106
SYAP1	-0.5897341739130422
ANGPTL7	-0.49584063043478266
ANGPTL6	-3.7598409130434813
ANGPTL5	-0.017181021739130442
ANGPTL4	-1.116444195652175
ANGPTL3	-1.9345102608695672
ANGPTL2	-0.6540713043478217
ANGPTL1	-2.954184543478264
IL11	1.0411608695652168
ACE2	-2.666769717391305
GPR115	0.015406347826086408
FDX1	-0.8251961304347866
GPR113	0.06198306521739161
GPR112	-0.3739247608695653
CTCF	-0.05172630434781844
GPR110	-0.07768017391304338
MMP14	1.0247408695652176
MMP15	-0.19251723913043683
MMP16	-0.6430096304347834
GSTM3	-0.02224497826086491
MMP10	0.8477949347826079
MMP11	3.611666021739132
MMP12	2.133870673913043
MMP13	0.41042815217391315
DSTYK	1.036714586956525
LRRN3	-2.809137195652176
MMP19	-0.16333717391304958
HLA-DRA	-0.5157691739130428
MYO18A	-0.3826155000000018
MYO18B	2.881541934782609
PRG4	-2.831855760869569
FAM119B	0.1684655434782636
PRG2	-0.7357452391304333
PRG1	0.032742934782608694
FAM119A	0.4280560869565164
PLXNB3	0.5088757391304322
WNT4	-0.0041723913043467675
COX7B2	2.8757648913043483
HSCB	-0.1694361739130379
SP140L	0.028597804347821665
MGC12916	-0.00994049999999902
PPP1R1B	1.1485846304347813
TCF3	1.0894212826087077
ZSCAN16	1.1009927826086976
GSX2	0.0014705869565217397
GSX1	0.012927173913043478
GLYCAM1	0.0
NF2	0.8174726304347892
NF1	-0.22604717391304696
SFRS2B	-0.8999199565217335
TMEM27	-3.8469118695652185
GPAA1	1.3330541086956522
CDAN1	0.9669728478260922
NDUFAB1	-0.10591200000000711
IL5RA	-0.2943201086956521
KCNK18	0.0
FAM133B	-0.10868806521739138
KCNK17	-2.648739695652174
ZNF583	0.004439326086957074
FAM133A	1.7002161304347827
KCNK12	0.5333705000000001
KCNK13	-0.4613849347826071
KCNK10	0.1616444130434782
NCAPD3	-0.30911176086956793
BLM	2.5330737608695673
PPP1R10	-0.08107554347825818
OR1L3	0.005094021739130435
LOC100129716	0.32762930434782533
PLXNB1	0.18982319565217587
BLK	-1.7992893478260865
C14orf184	0.47057149999999986
C14orf181	0.9693448260869584
C14orf180	-4.8374943913043476
C14orf183	0.12398043478260867
C14orf182	-0.11085923913043505
OR2L1P	0.020070108695652174
C7orf25	0.6754987826087007
C7orf26	0.2948849130434752
C7orf27	0.6643363695652216
C7orf23	0.08309256521739261
ZFP91-CNTF	0.28689091304347814
ZNF594	0.060225804347823875
SHD	-0.6840106739130452
C7orf29	1.1930909999999955
TCN2	-0.1760028913043552
ZNF426	-0.3656903260869582
ZNF425	0.426010804347829
SIRPB2	-1.1521493695652185
ZNF398	0.397076347826089
ZNF420	-0.08114063043478126
SIRPB1	-1.291015478260869
SNORD59B	0.0
ATXN7	-0.5250550652173871
SNORD59A	0.0
ATXN2	0.33247947826087376
ATXN3	-0.3359651086956479
ZNF428	0.394772043478266
ATXN1	-0.2020166521739153
SOAT2	0.1989571739130449
WDR93	0.6682058913043483
SOAT1	-0.17483154347826257
SNORA47	0.08873967391304348
LIPI	0.07305108695652174
C6orf129	0.730814347826092
SCMH1	0.4837902173913129
SRGAP1	0.5444296739130419
SRGAP3	0.5111811956521768
SRGAP2	0.782626478260875
NPY1R	-3.4394849130434766
INSC	1.0637830869565212
DLK1	0.7213734999999994
DLK2	1.9880993913043485
GPRC5D	0.5830015434782589
AP1AR	-0.6433590217391316
GPRC5C	-0.2005322608695579
GPRC5B	-0.183670565217394
NEDD8	0.5517168695652224
NEDD9	-0.028494978260866333
SCLT1	0.29154632608695774
ALG1L	3.0559538478260837
PARD6B	-0.078354739130436
P2RY14	0.20825858695652144
NEDD1	0.3689407826086937
SMC3	0.22012534782608206
SMC2	0.910887065217393
NEDD4	-0.3281880652173932
P2RY11	0.5077838695652197
P2RY12	-2.603978869565217
P2RY13	-2.179034065217394
IFI44L	-1.2081257173913036
SPDYE5	0.38595493478260856
GARNL3	-0.8387696086956558
THOP1	0.19516456521738945
SPDYE4	0.033522826086956524
SHISA4	0.9675458260869574
PIK3IP1	0.7422597608695582
PCDHB14	0.11511106521738768
LOC100130691	0.5464293478260882
WWC2	-0.998729304347826
STYX	-0.6061398043478281
SCD	-0.03329326086955575
SMCP	0.04109673913043479
SLC7A2	-2.5527591304347865
LOC100133308	0.022971065217391298
PRDX5	0.358948673913039
LEPR	-1.7468775869565238
CPOX	-0.681031239130439
IFNA13	0.0
LTA	0.6941550000000003
GRIPAP1	0.03634771739130471
TINAG	2.2790692608695657
LTF	0.24193073913043506
ALG10	-0.11936678260869726
ALG11	0.5753316304347824
ALG12	0.44781636956521886
ALG13	0.2613026304347805
ALG14	0.1392116304347848
OFD1	0.6328722826086963
RIOK2	0.05088536956522205
RIOK3	-0.4057700000000004
IFNA10	0.0
LTV1	0.014301826086958513
MICALL1	0.5208357608695682
IFNA17	0.0
MICALL2	0.45335960869565106
PRDX4	-0.6541372391304332
INSR	-0.20022989130434254
BANF1	0.6233414347826098
BANF2	1.154666847826087
SNORD116-27	0.0
RBMS1	-0.77831102173913
LMOD1	0.48283071739130534
LMOD3	0.3148194347826081
LMOD2	0.2192115434782611
AHSP	-0.584106152173913
TAF5L	0.06927002173913444
TAS2R50	0.06764900000000003
HIST2H2BE	0.2000051304347803
PLA2G12A	-0.8496795869565172
ARL8B	0.0917928043478291
ARL8A	-0.09290799999999422
RAB6C	-0.6375200217391299
DHX40	-0.09225334782608208
LTA4H	0.20828947826087152
C1orf68	0.010129891304347827
C1orf69	0.14056823913043637
AHSG	-1.9806577826087075
SCN2A	-0.837548217391304
SHISA7	0.27267991304347816
C1orf63	0.8504090869565184
OR5W2	0.002953804347826087
C1orf61	0.7999984130434777
C1orf66	0.3464131086956481
PYGM	0.15936193478260918
C1orf64	1.458690282608696
C1orf65	0.8905413043478256
NUBP2	0.1941241956521651
WRNIP1	0.3426290000000005
ST7OT1	0.6239630217391277
GAS8	0.5840237608695711
TWIST1	0.26338819565217353
KRTAP8-1	0.04662934782608696
TWIST2	-0.1103725652173917
PEAR1	-0.5509746739130481
SHISA6	0.29146193478260873
SPTBN2	-1.974585413043478
HNF1B	-0.7251294999999995
WIPI2	0.2711690869565171
HNF1A	0.44114763043478256
CRISP1	0.21136793478260865
ZNF815	1.15551202173913
CRISP3	-0.9660673695652175
CRISP2	0.4454664130434782
TMEM217	-0.5374585000000014
SLFN11	-0.2530780652173945
GAGE2B	0.8782418478260869
TMEM216	0.41421032608695807
OR6C65	0.002953804347826087
SFRS7	-0.027307413043482498
OR1C1	0.0351945652173913
CDC25B	0.9148121521739139
TMEM214	0.14613445652174128
KRT40	0.037299369565217386
MREG	0.6704513043478268
OR6C68	0.008247282608695653
GAS1	-1.5531099565217392
GANC	0.05706380434782066
KLF10	-1.4275284782608715
IL32	0.6974031086956352
IL33	-2.49162702173913
IL31	0.31357967391304353
RNF170	-0.31055730434782625
VIL1	-0.030806978260875084
GNB1	0.08934019565217
TDP1	0.4922158913043484
RICH2	-0.16446167391304378
NKPD1	1.032559913043478
HMBOX1	-0.7371024347826074
SLC22A8	0.9960403260869567
GAS5	1.919105891304353
ZNF679	0.5391146739130435
SHISA9	-0.49456004347826066
GAS7	-0.055765260869565125
EVPLL	-0.7925023478260877
GDF2	-7.708707065217392
CAMK2N2	1.5970027173913044
CAMK2N1	-0.1450348695652277
GAS6	-0.8424756739130448
TM6SF1	-0.25940906521739215
NUTF2	0.5065249999999999
SNORD114-21	0.0
ZNF391	0.7358488260869551
GDF7	-1.3047743043478266
ZNF678	-0.15172039130434634
PDGFRA	-3.2826529782608684
AGXT2	-2.9976724130434818
SULT1E1	-2.360946760869566
PTK2B	-0.5607620217391265
GDF5	0.547746847826087
DAB2	-0.0703998695652217
DAB1	-2.0258297826086995
SLC5A12	-1.4327773043478258
SAMHD1	-0.3646428260869552
SYNJ2	0.16277571739130536
HYOU1	0.45501408695651513
TMEM30C	0.0
KIAA1468	-0.17378854347826334
WDR91	0.5370488913043481
STK38L	-0.4016013043478228
PRSS30P	0.08530130434782679
AMAC1	-0.043877391304347826
GTSF1L	0.3995279347826086
MKLN1	-0.4722912826086958
BREA2	0.8111480869565216
EEFSEC	0.032299499999998815
UNC93A	-1.7305786956521754
UBE2V1	0.13131300000000223
LOC100129066	-1.3012189347826117
TOR1AIP1	-0.1774795217391283
RAB5A	-0.2871271956521735
RAB5C	0.12824173913042713
GSTM2P1	-0.28340995652173895
UGT2A3	-1.5910519130434757
AMACR	-0.6411798478260877
L2HGDH	-0.9533014347826096
PROM2	-2.1271767608695638
PROM1	-3.427882565217389
UPF3A	0.492674826086958
LOC116437	0.38286515217391304
TIMM13	0.595842934782608
PRO1768	0.05678152173913043
NHEJ1	0.3340108478260895
KPTN	0.6132837608695674
GNAI1	0.20310258695652195
SLC41A3	1.011285217391304
SLC41A2	-1.9011910652173931
HNRPDL	-0.01933786956521999
SNORD114-11	0.0
KCNC1	1.3927904347826088
SCARB2	-0.4095025869565223
LYRM2	0.11258260869565007
SNAP23	0.0296042391304443
CSF1	-0.7124914130434856
CSF2	0.035791152173913154
CSF3	-1.1884548260869563
ZNF33A	0.09772510869565387
LOC647309	-2.191353565217388
TMSB10	1.1704319565217318
SAMSN1	-1.3810905652173897
MGC29506	-1.4259100434782583
WNT7A	-1.1496004999999994
SLC22A9	-0.5605808695652215
WNT7B	-1.704491717391305
CPT1A	-0.9094438913043525
ERAP1	-0.17737773913043853
LITAF	-0.2931398695652234
HULC	0.8123502173912946
LOC285847	0.5670825000000003
EMR1	-2.7916213260869545
EMR2	-0.8640151739130459
EMR3	-1.1885490217391301
CPT1C	1.04215447826087
PCOTH	0.5139066521739126
CNTN2	0.39520330434782625
CNTN3	-3.226208586956524
ANXA2	1.1826999130434785
CNTN6	-0.10089647826086962
CNTN4	-2.16798143478261
CNTN5	0.15651860869565248
SLC44A4	0.13282760869565324
C11orf48	0.6462633260869559
DDX58	-0.34242584782608887
DDX59	0.35431493478261444
PRR13	0.08646204347826014
DDX52	0.060110782608692404
DDX53	1.2774173913043478
DDX50	0.06512349999999856
DDX51	0.5529640652173953
DDX56	0.30085497826087604
CSRNP1	-2.401894173913041
CSRNP2	0.03394900000000156
DDX55	0.5731482826087007
GATM	-1.6560457391304269
CDC42BPG	-0.13329828260869547
FAM129A	0.3437228913043491
CDC42BPA	-0.09842406521738845
CDC42BPB	-0.02017628260869664
FAM129B	-0.025406521739130383
SPDYE6	0.7334707391304325
COX6C	0.6991037173913028
GATC	0.139766913043478
BUB1	3.9178543478260783
RNPS1	0.4014117826086956
BUB3	0.5586983478260876
NUPR1	0.8445730652173893
UBE2E1	0.30936684782608204
UBE2E3	0.2101930000000003
C3P1	-3.089266586956528
SNORD72	0.0
CNGA1	-2.341039173913046
CNGA2	-0.023803652173913045
CNGA3	0.030328391304347835
CNGA4	0.41076019565217425
NCF1B	-0.795915565217391
SNORD74	0.0
SNORD75	0.0
RNASEN	0.598384434782611
ADSSL1	-0.9116741521739158
SNORD79	0.0
PRR18	-2.2898626304347838
LOC285401	-0.04321871739130437
EGLN3	0.5256793043478254
DNAH3	0.8794562826086958
EGLN1	0.007767043478260405
DNAH1	0.7810100869565204
DNAH6	-2.454221152173913
DNAH7	-0.30735141304348024
TP53BP2	0.2939641739130465
DNAH5	-0.7594593260869562
HSD17B13	-5.2351886086956565
SFRP5	-5.7787849782608705
DNAH8	0.9486265652173904
DNAH9	-0.26040463043478246
SNORD114-4	0.0
PSMD8	0.27079147826086825
OR2Y1	0.005210326086956521
MYBPC3	0.38803430434782615
MYBPC2	0.4058514130434783
MYBPC1	1.509875391304348
MIMT1	0.4206287826086954
MCM3	1.461360434782609
OR9K2	0.0037711956521739127
FLG	-0.024059130434782805
MCM2	2.5666452391304366
HSD17B12	-0.7124391739130438
TMEM130	0.14271950000000055
TMEM131	0.17881439130434806
TMEM136	1.208848826086954
HSD17B10	-0.6340009565217297
CCDC48	-0.41948452173913164
CCDC47	-0.0564520000000055
CCDC46	0.7827989347826101
CCDC45	0.6049355000000007
TMEM139	-0.7806638913043482
CCDC43	0.4459272608695626
CCDC42	-0.7256309565217389
CCDC41	0.5389398260869589
CCDC40	0.9888326521739108
SPRY3	0.0933762391304338
RFTN2	0.3907298478260861
SPRY1	-0.10364739130434764
HSD17B11	-0.34283002173912536
TRPC6	1.9907243260869567
TPM1	0.6334173913043539
SPDYE3	0.02402954347826114
SPRY4	-0.44812102173912827
HDHD1A	0.28063121739130814
RASSF10	-0.011513934782608648
RASL10A	-0.4194713043478271
FAM177B	0.2907655217391306
COASY	0.29202423913043773
UTY	0.7124994347826106
RASL10B	-0.41064106521738974
TMEM116	0.052290630434780994
MRGPRX4	0.12931684782608693
CDKL5	-0.6089768913043483
CDKL4	0.29236739130434775
TRIM33	-0.06822121739130615
BBOX1	-3.5650542391304434
CDKL1	0.1364626086956533
CDKL3	0.4387643260869578
CDKL2	-0.798014652173913
TBX10	0.9241266304347837
FBXO22	-0.02737345652173495
FBXO21	-0.7161907608695639
SKA1	4.171141804347824
FBXO27	0.3846251304347801
MCM9	0.27550197826086986
FBXO25	-0.4452922826086958
FBXO24	0.09051160869565278
OR8K1	0.0
TBX19	1.0362801739130463
OR8K3	0.020370108695652173
FBXO28	-0.6160205869565232
OR8K5	0.0
SLC35C1	-0.6450462391304281
DYSFIP1	0.41140804347826077
ACPL2	0.27983271739130444
TMEM155	0.9146239347826082
MRGPRX3	0.20992119565217388
GNRHR2	0.30437515217391464
GNB5	0.4600079347826149
GNB4	-0.944053891304347
AMBRA1	0.23559215217391483
MRGPRX2	0.08961652173913048
AIM1	-1.4258437173913094
XG	-1.7861735652173918
DBC1	-2.168728391304346
AIM2	-1.0956373913043467
FCRLB	-0.017499630434781643
RNASE2	0.04026845652173838
C11orf88	0.3891437391304349
GPR19	2.14400595652174
FOXB1	0.06336847826086955
C11orf84	1.1865111521739147
C11orf85	-0.5252540869565216
C11orf86	-0.6968850869565217
C11orf87	0.0894197608695652
C11orf80	1.3590519782608679
FBXW2	0.04224880434782641
C11orf82	1.4027050000000028
C11orf83	0.5170551304347786
UTP18	0.3926242391304289
TRIM31	1.9612835869565224
NME5	-1.2506216521739124
MUCL1	0.2057005434782609
FBXW5	-0.09599619565216777
FAM107A	-0.8397798478260894
SFRP2	0.16886250000000058
FAM107B	-0.7858036739130423
OR2T29	0.0
PARD3B	-0.6497811956521753
SCARNA9L	0.023200152173913052
TPSAB1	-1.6193347826086892
OR2T27	0.0
FBXW7	-0.39719241304347364
CRHR2	0.5249720217391307
CKAP2L	2.9314083695652133
CRHR1	0.2316655217391304
ETFA	-0.7390368695652132
NEDD4L	0.9644130434782561
NCOA6	0.4026340869565228
UBE2QL1	-1.0575759999999992
WIPI1	0.16020234782609144
THAP2	0.08447893478260937
ETFB	-0.24744639130435075
GTF2A1	-0.9161103043478267
GTF2A2	0.24985597826087336
RBMX	0.5900528260869606
PCDHA11	-1.2486410217391304
C1D	-0.3038864782608659
IL18BP	0.2237234347826096
IQGAP1	-0.44333152173912893
IQGAP2	-1.1786235869565296
IQGAP3	4.223165978260868
ProSAPiP1	0.6234602391304396
TRIM37	0.41463165217391307
NFATC2IP	0.359363478260871
HSPB11	0.6620323695652175
SCGB1D1	0.0
SCGB1D2	0.6636252826086957
SNORA4	0.0045384347826086975
NDUFS2	-0.014924847826087273
THAP3	0.5364456521739207
TET1	1.2815234999999996
CDYL	0.4277351739130433
NDUFS3	0.04517845652173769
NOD1	0.5357718260869566
NOD2	-0.24281276086956538
HCLS1	-1.0027061086956461
NDUFS4	0.2726441304347844
TCP10L	-1.4907656739130468
TET3	0.5570056739130438
SPAG11A	0.029180434782608698
TBC1D3P2	0.02196963043478259
PCMTD2	0.029576282608688942
PANK1	-1.6774001521739113
PCMTD1	-0.2537209347826117
KRI1	0.6518308260869539
RP9	0.45472715217391446
TECPR1	0.6442915869565207
RNASE6	-0.33323304347826177
THAP4	0.08234195652173959
CDY1	0.0028331521739130435
COQ5	-0.23348626086956692
YKT6	0.819316021739132
CAMSAP1	0.11533989130434463
TUBA4A	0.4141138260869628
TUBA4B	0.49601895652173766
CALD1	-0.5447242826086924
TRIM35	-0.9284743043478265
CCNB3	0.08375654347826167
CCNB2	4.211313282608695
CCNB1	3.1132408913043514
VPS18	-0.025526521739132946
SVEP1	-2.877014673913041
OR1F2P	0.10552491304347827
NUP62CL	-0.48840495652173743
CSTF1	0.02002023913043338
FIBP	0.6334143695652248
CSTF3	0.2590130217391273
CSTF2	0.7980294130434809
SNORA59B	0.11116423913043474
ILF3	0.9415399130434849
ILF2	0.8931966956521702
POU2F2	-1.156262913043478
POU2F3	0.2674058913043482
P2RY1	-1.285529630434782
MET	-0.19525052173912982
C1orf126	-0.08023608695652129
C1orf127	0.49663371739130246
C1orf124	0.2827726521739171
C1orf125	0.8212346956521734
C1orf122	0.331559739130439
C1orf123	-0.008188608695654409
RNASE8	-0.00721926086956522
SSX7	0.19416358695652178
PCCB	-0.7159378913043408
OR10C1	0.009459239130434782
PCCA	-1.1580884347826128
LRRC16A	-0.09448452173913324
FCHO2	-0.22978297826086802
C1orf128	-0.2688261086956558
C1orf129	0.03783423913043479
TNMD	-0.37924136956521726
SSX5	0.9728603260869566
ZNF227	0.14843373913043223
MRFAP1L1	0.14483039130435138
SSX2	2.014855434782608
P2RY6	0.19844571739130412
SOX30	0.038139500000000104
UBXN4	-0.3313984565217378
C6orf97	1.332923326086961
C6orf94	0.2156122826086956
SERPINC1	-1.7467659782608695
TPD52	0.19133752173913265
SLMO2	0.10393941304348076
PZP	-7.566917413043473
CLN6	0.9334918695652163
CLN5	-0.6975257173913079
CLN3	1.1016012173913108
SACM1L	-0.3564972391304355
FLJ39609	-0.06326167391304348
SLMO1	0.7137994347826093
XK	-0.10527408695651719
CLN8	-0.8260420434782638
AUP1	0.2579565869565208
SNORA19	0.00317554347826087
C2orf39	0.7772083043478257
C2orf34	0.13533141304348195
CLNK	-0.19031076086956517
ACSM2A	-2.3347005217391263
ACSM2B	-1.8362747391304328
SNORA12	0.05975006521739132
PIN4	0.1231756304347833
TJP1	-0.09311306521738949
SSX8	0.7655726086956519
P2RY4	0.4203540434782608
UBE2K	-0.1358806956521743
OR11L1	0.010341847826086959
TOR1AIP2	-0.5601046086956565
OR51I1	0.06385760869565217
OR51I2	0.0
SFXN5	-0.5259668043478278
RNF185	-0.45028117391304257
LIMA1	-0.1477517608695713
RNF187	0.7697686739130454
RNF186	-0.54502947826087
RNF181	0.5164778695652199
PCDHGB1	0.29495408695652126
RNF183	0.9635144999999998
RNF182	-0.10384750000000009
C8orf12	-0.00795245652173912
CHMP2A	0.4642846956521751
BMPR2	-0.8033908260869538
PNPO	-0.7441057608695587
SPESP1	-0.23688773913043537
SIGLEC9	-1.9592830869565256
ZBTB22	0.7231782826086963
RBX1	0.4218655217391287
ZBTB20	-0.6161438260869541
CLVS1	1.9158784565217406
ZBTB24	0.07580271739130495
CLVS2	0.2236478913043477
EIF3IP1	0.2675178695652173
APBB1IP	-1.2486500652173849
PCDHGB5	-1.7130467391304327
HRAS	0.9788900217391365
PCDHGB4	-1.659215326086957
FLJ25758	0.2552766304347826
CCDC163P	1.177388326086957
FLJ14107	0.022101260869565292
SKI	-0.35416899999999885
MSGN1	-0.01927869565217391
C16orf89	0.19701902173912966
C16orf88	0.6023218913043484
MFF	0.3965260869565217
C16orf81	0.20602350000000014
C16orf80	-0.32592189130434335
KRTAP9-2	0.0
C16orf82	-0.0771101304347826
CLDND1	-0.30815321739130574
C16orf87	-0.9157490217391286
BICC1	-1.0490187391304362
SYT12	-0.530470695652177
SYT13	-1.8646416739130425
SYT10	-1.9695416739130442
SYT11	0.2602487173913035
SYT16	0.059271739130434785
SYT17	-0.8670461521739101
SYT14	0.1327290217391304
JMJD1C	-0.8353659782608744
RINL	0.29845032608696265
MS4A8B	0.4117513913043477
GEM	-1.1610025652173883
GUSBL1	0.3437922391304351
LOC100190938	0.32361784782608716
RIC8A	0.5865624565217367
GUSBL2	0.8585594999999993
RNU5E	0.0
GAGE8	0.5645657608695652
SH2D3A	0.2820911956521748
BAHCC1	0.7528524347826115
EHBP1	-0.7651272173913064
ZNF143	0.4762849999999963
DDT	-0.842524760869571
OR52I2	0.04912282608695653
OR52I1	0.011931826086956525
PCDHGA9	-1.0994635869565212
DDO	-0.5222741086956546
DDN	0.6446107826086955
DTNBP1	0.7051101956521704
DDC	-1.2521855217391291
LAMC3	-0.7967146304347779
LAMC1	1.1927334782608696
PCDHGA6	-0.3389630652173916
PCDHGA7	-0.5259396739130437
PCDHGA4	0.031251456521738774
DDX39	1.506358543478255
SPATA22	-0.39080171739130426
SNORD88C	0.0
BCS1L	0.35292882608695564
GSTT1	-0.4403651739130492
RWDD1	0.004894391304350876
LOC148189	-0.1746901739130422
CDC14C	-1.6600782826086973
CDC14B	-1.319436369565219
CDC14A	0.09576900000000155
RNF160	-0.5205304565217439
GPR179	0.20653263043478232
WWC3	0.4156741739130485
ATP6V1G3	0.09524239130434782
ATP6V1G2	0.12064056521739008
ATP6V1G1	-0.1385795000000023
PPT1	0.30671178260869425
GPR171	-0.6558294782608698
PHF7	0.0668386956521747
GPR173	0.4139777608695656
PHF2	-0.2704327391304382
GPR174	-0.8823338260869567
GPR176	-0.0577574565217418
VPS28	0.849181195652184
C2CD4A	-0.7464881739130416
C2CD4B	-1.8682015434782615
C2CD4C	-0.5885508695652168
C2CD4D	0.8461050869565216
ZNF136	-0.1796509782608684
SERP2	-0.7225345652173889
OBP2A	0.15332282608695652
TCHP	0.7846794999999958
PDGFC	-1.0909248043478268
DSC3	-1.0348109347826089
NUAK1	0.8949838695652188
TDRD3	0.046109673913036886
TCHH	-2.083965739130436
PDZK1	0.3157134347826087
OR6N1	0.004405978260869565
SAPS1	0.7524166086956505
RNY5	0.0
RNY4	0.0
CEACAM20	1.8947886304347836
CEACAM21	-0.938668934782608
MICAL1	1.2890646086956492
SCGB2A1	0.6803499782608687
C10orf4	0.31347430434782453
RUSC1	1.4182118695652184
C10orf2	0.591323130434783
MICAL2	0.15974173913043366
SS18L1	-0.2878799782608681
LOC145820	-0.5609405869565238
VARS2	0.19044684782608812
TP53AIP1	0.540812891304348
OR6N2	0.0
LOC440896	0.31100671739130425
KBTBD11	-3.8256677608695657
ERN2	-1.1116568695652171
ERN1	-1.2245081521739136
RPS26	0.27623806521738636
RPS27	0.7407226086956582
RPS24	0.473724413043481
PCBD1	-0.6746485652173906
COX8A	0.3422260434782629
RIMBP2	-1.2216489565217392
NDN	-0.44329106521738826
MTSS1L	-0.3462666956521687
SNORA36B	0.0
PHC2	-0.4031991086956559
POU5F1	1.7263214782608687
LEAP2	-1.862942326086955
ATRN	0.1539103913043487
OR1E2	-0.02707397826086956
OPRK1	-0.37121039130434774
OR1E1	-0.08241728260869563
UCHL5	0.24204095652173585
CHMP1B	-0.2419820434782629
CHMP1A	0.24052602173913407
SNORA36A	0.025492391304347824
UCHL1	1.6552727391304343
UCHL3	-0.5697839130434836
LOC339674	1.2948523695652174
ZIC2	5.024014391304347
MGC16142	0.34371704347826126
CHAF1A	1.6137178260869556
HSD11B1L	0.08710673913043454
NFYA	0.6645531956521786
PREB	0.3557181304347772
COL13A1	0.23656897826086887
SP140	0.5317702826086936
RNF126P1	1.0412491521739118
ZNF407	0.12495839130434394
ZNF408	0.2136940652173891
ZNF354B	0.3872383260869565
MSL3L2	0.8999532173913041
GLE1	-0.023757934782610235
GPSM3	-0.5803336739130485
GPSM1	1.7289774999999974
SCGB2A2	-0.41550345652173903
SPTAN1	0.7357911956521797
CSAG3	1.2435758043478269
CSAG2	1.2490583695652178
CSAG1	1.8501245652173917
AIMP2	0.27339089130434857
AIMP1	0.35896256521739467
PRELID1	0.5562815000000061
MDH2	0.07493532608696007
ADPGK	0.1960121521739122
PRELID2	0.5133441086956525
DDX3X	-0.8898304130434802
HSH2D	0.22049863043478002
DDX3Y	0.9222424130434801
LOC90110	0.2549780434782587
FAM171B	0.7143911956521718
PDE6C	0.3148880217391301
SMARCA4	1.0101603260869592
SOD1	-0.8039616739130491
TERC	0.3535949782608694
PRDM6	0.2664062826086977
SNORD114-16	0.0
RABL3	-0.15553532608695342
VPS33B	0.4954081521739049
TGIF2LY	0.3795538043478261
PDE6A	0.49723617391304353
ULK1	0.20782186956521187
RMST	0.7723486956521736
RPL21P44	-0.08470243478260886
ECEL1	1.491138217391305
TERT	3.9291085434782613
NBAS	0.3398715000000063
GYLTL1B	0.1038941086956493
PDE6G	-1.096628413043475
SLC4A10	-1.4056844130434785
ZNF362	0.42587815217391345
LOC400696	0.5963624130434779
PDE6D	0.4537084130434774
PUS7	0.5088676086956498
VWA2	-1.305313260869565
KIAA0247	-0.3127637173913058
KIAA0240	-0.08421682608695669
IL11RA	0.2368582391304379
NIF3L1	0.35424904347826214
GPX8	0.8412910217391305
SYNPO2L	0.12089602173913094
TMBIM6	-0.8956775434782713
TMBIM4	-0.10917943478260916
FLNB	0.055481652173902773
TMBIM1	0.1296356304347892
CASP6	-0.26248617391303775
CASP7	-0.8448710217391238
CASP4	-0.5362340434782595
CASP5	-0.056755434782608694
CASP2	0.7320243695652202
CASP3	0.2729237173913077
SMC4	1.0847927173913057
CASP1	-0.6552774130434811
PRDM8	-0.28679863043478226
DRD4	1.1031785869565214
DRD5	0.36863541304347835
DRD2	0.013425782608695758
DRD3	-0.039540478260869566
CASP8	0.3830296739130379
DRD1	-1.485487934782609
LSG1	0.19104002173913592
PACRGL	0.3968116521739109
ZNF311	-0.5919533260869536
FAM18B	-0.7779408260869616
FAM18A	0.3518546086956502
MMRN1	-2.274862065217391
PICALM	-0.40328419565217466
NCRNA00174	0.23627221739130277
WDR52	1.040656804347826
OR5I1	0.0
PYGB	1.3022603478260866
DOLPP1	0.022002565217389858
AKT1	-0.5100979782608697
AKT2	-0.2946991521739104
AKT3	-0.7660275217391295
LOC90586	-0.39086076086956734
UPB1	-1.7619433260869535
TLX1NB	0.9936000652173906
TTC9C	0.5042498043478263
TTC9B	0.18070695652173918
TLCD1	1.6161520217391345
MRC1	-2.37464745652173
CHML	1.263561760869563
PKD1L1	0.38390336956521587
PKD1L2	0.8719074130434779
PKD1L3	-0.8305548043478246
ANAPC16	-0.22668913043478334
ANAPC11	0.7792268043478234
ANAPC10	-0.11722884782608656
ANAPC13	-0.047399413043478944
SNRNP40	0.030351260869569074
SIAE	-0.9538905000000018
PGAM2	1.9872983695652193
MYC	-1.771638739130431
MYB	0.6975293260869591
LOC149837	0.2897853913043478
TDRD1	-1.5381173478260863
ENTPD7	-0.668267891304346
ENTPD6	0.9526574347826067
ENTPD5	-1.1748458260869494
ENTPD4	-0.48981354347826045
ENTPD3	0.8221523478260871
ENTPD2	1.2122271086956475
ENTPD1	0.6401433260869531
VILL	0.22793415217391555
KRT23	1.6001812826086956
ALOX5	-0.6882258043478293
TOR1B	-0.16634482608695578
KRT26	0.003622282608695652
KRT27	-0.3016002608695657
KRT24	0.07439810869565214
ENTPD8	-1.6854405434782622
DLEC1	-0.20964863043478354
SNAPC2	0.7252861304347853
SNAPC1	-0.3298844782608681
SNAPC5	-0.19805678260869275
SNAPC4	0.3067912391304404
ZNF347	-0.8755161086956518
TEAD3	0.5654483260869583
RNF41	-0.028493217391300618
TNFRSF10C	0.1545128913043472
ZNF492	1.160840347826086
TNFRSF10B	-0.6786832391304323
HYAL3	0.2553136086956522
HYAL2	0.3571908695652155
HYAL1	-1.0212093260869555
TNFRSF10A	-0.6795854782608712
HYAL4	0.36864365217391293
PRPS1L1	0.0589160652173914
LACE1	-0.18802139130435247
ZACN	0.47543993478260865
SNAPIN	0.6933432608695664
SNORD52	0.0
PXDN	-0.688608282608687
SPC24	3.29386708695652
TMPRSS6	-0.8271492826087066
SNORD53	0.0
HESX1	-0.2660446521739108
MST1R	0.21665078260869652
ZFP14	0.8189604130434844
METAP2	-0.2885626521739173
NAT9	1.2903704347826057
PKIA	0.48557443478260787
PGAM1	-0.1661397173913013
CLCA2	-0.1814531304347825
S100B	-0.31693769565217167
LOC100216545	0.6950446521739133
LOC389033	-0.0025616956521739565
DPRXP4	0.14915419565217392
PNMA3	1.936015934782608
CSDA	-0.4062835869565298
FAM40B	1.976262239130433
SNORD115-11	0.0
FAM40A	0.24042789130434983
DUSP5P	1.5194349565217395
KLHDC9	0.3878916086956572
DCTN1	0.35534102173912885
LOC728392	1.1026521739130413
SLC4A9	0.3592042391304347
NAT8	-0.954975630434781
RRN3P2	0.5105118260869572
LANCL2	0.08052799999999927
LANCL3	0.2938878913043483
PILRB	0.7963637826086956
LANCL1	0.3090650869565206
DCTN4	0.2381630217391244
SRP14	0.40580128260869586
HUNK	-0.6714756739130472
SRP19	0.360419021739137
CAGE1	0.6288569130434782
PROCR	-0.45164976086956443
ODF3	0.0670298913043478
ODF2	-0.0759335652173938
ODF1	0.025682608695652174
GNPNAT1	-1.1028608478260882
SNORD113-9	0.0
ODF4	0.020614130434782607
EFEMP1	-0.438774760869566
SNORD113-5	0.0
SNORD113-6	0.0
EFEMP2	-0.2925282608695685
SNORD113-1	0.0
SNORD113-2	0.0
OSTC	-0.17521652173912905
TAS2R9	0.024672282608695657
RPS4Y1	1.6307116739130425
YSK4	0.1982465217391304
TFE3	0.09874308695652445
SNORD114-14	0.0
KIF3B	0.12147669565217178
KIF3C	0.1678232826086985
KIF3A	0.6927920869565174
HADH	-1.1238032826086943
HIC2	1.192924934782611
LOC93432	0.29657213043478264
TMEM9B	0.05174702173913026
MRAP2	2.685637826086958
TMEFF2	-0.3987945434782611
CCDC102B	1.1511514130434772
SDC4P	-0.1943413478260868
BPIL2	0.016827239130434796
BPIL3	0.27837445652173914
BPIL1	0.34810247826086993
OR4M2	0.09608097826086956
OR4M1	0.015654347826086955
ASPM	3.7956032391304353
SCTR	-0.25816308695652124
WNT5B	-0.9089218695652184
WNT5A	-0.433903934782613
TUBBP5	-0.3601495434782609
VEZT	-0.1326893478260942
NCF2	-0.02660147826086945
APLP2	-0.3806520434782552
SERGEF	0.32160719565218
NCF4	-0.18923373913043484
USP38	-1.1934784782608716
KNTC1	2.3025117826086996
STAMBP	0.15916473913043028
UFD1L	0.73637417391304
NIT1	-0.047885152173913426
MUTYH	0.7379393043478322
UBXN1	0.557152478260873
VDR	0.13265067391304708
HNRNPH1	0.4624244565217417
HNRNPH3	0.029840065217392464
HNRNPH2	-0.17642815217391572
OR10X1	0.0034380434782608697
NCRNA00105	1.7658993913043481
GATS	1.374361369565218
NCRNA00107	1.9419100217391303
FOXK2	0.4595451086956519
TBC1D8	-0.20207919565217303
SNRNP48	0.10932771739130587
SNORD116-18	0.0
PAPOLG	-0.012016369565214902
PGM2L1	0.02725252173912729
FOXK1	1.343952565217391
RBM12	0.09777919565217097
MRPS35	-0.1264328478260861
LOC100131434	1.6806606956521755
TBC1D2	-0.291079065217394
HCFC1R1	0.6550801956521788
MRPS31	-0.48804386956521384
MRPS30	-0.15020332608695597
MRPS33	0.17393976086956542
TBC1D7	0.9479891739130482
HSPA12B	0.9252491304347847
LOC84989	0.1118834782608693
HSPA12A	0.3926841086956552
TRIM10	-0.6117703260869582
SAP30BP	0.43866117391304904
FAM127C	0.03160256521739502
FAM127B	0.4374463913043485
FAM127A	0.44889336956521575
TBXA2R	-1.9494275434782677
SEL1L	-0.5667061086956533
MCM3APAS	1.236621391304348
CGB8	0.08562771739130436
ZNF271	0.17235063043478505
KRTAP20-3	0.004110326086956522
CGB5	0.13139402173913042
CGB7	0.26320254347826105
CGB1	0.0280429347826087
CGB2	0.06662867391304347
INO80	-0.04781800000000125
SIGLEC15	0.8171510652173928
SNORD98	0.0
SNORD99	0.0
KIAA2018	-0.6317304347826092
NRSN1	0.34280180434782603
KCNB2	0.027463673913043475
KCNB1	-1.5806785869565214
SNORD97	-0.0035988478260869927
KIAA2013	-0.4285528695652161
HNRNPUL2	0.30484163043477963
HNRNPUL1	0.4453901956521662
SNORD93	0.0
ZG16	-2.9609118913043497
DEGS1	0.3978232391304388
DEGS2	-0.3338675869565231
RBM18	-0.2761881304347824
CLEC6A	0.08029069565217398
CNTLN	-0.6582947608695662
CD22	-0.2564934347826071
OSGIN1	0.6615717826087018
STOML3	0.21022065217391303
PAIP2	0.06471267391304458
PAIP1	0.06276093478260591
TPRA1	0.3210568478260942
ZNF519	0.9672058695652179
EMP2	-0.24430369565216736
EMP3	-0.32837319565217715
NRSN2	0.9755132173913061
EMP1	-0.9940651304347821
MLYCD	-1.5370695869565214
ZMAT5	0.7835390434782585
AMOT	-0.7393439347826103
GABRA2	0.926124456521739
MVP	0.45640747826087313
KRTAP20-1	0.0
AKR1CL1	-0.5164806739130423
TEAD1	-0.2702710869565248
CCDC21	0.6232571086956531
TMSB4Y	0.286066739130435
CCDC23	0.31848669565217325
CCDC22	0.4561933478260851
CCDC25	-1.0726250652173928
CCDC24	0.7997417173913011
CCDC27	-0.048832760869565214
PCOLCE2	-0.09045721739130208
CNTNAP1	1.4394134782608665
DCAF12	-0.16065819565217154
DCAF11	-1.016631804347826
DCAF10	-0.3301604130434814
DCAF17	0.024815434782607504
DCAF16	0.7210954347826064
DCAF15	0.6122215869565224
TMEM111	0.29164491304347706
ZNF556	0.4547159347826087
APOB48R	-0.4263883913043429
FIBIN	-0.6551077391304316
ZNF276	0.23184558695651702
PAPSS1	0.6778070434782641
TXN	0.5748209565217373
PAPSS2	-1.4001689999999964
TXK	-1.0127713695652183
OR8I2	0.002953804347826087
CDKN3	4.2092480000000005
NGLY1	-0.272977978260867
BLZF1	0.32094891304347684
BHLHE22	-1.4530720652173916
BHLHE23	0.005848369565217392
LSM10	0.04638554347825874
DPEP1	1.1275932173913041
SOD3	0.07398078260870289
UBA3	0.04591260869564806
DPEP2	-1.002542260869565
LOC595101	0.09276619565217192
SLC35E1	0.15508217391304413
KCTD20	-0.31629858695652224
KCTD21	-0.2667026739130396
SLC35E4	1.2801896739130427
RXRG	-0.13255108695652318
ABRA	0.3063446304347825
PLCL2	-0.49014676086956577
TRIM17	1.4004112608695647
UTP23	0.26641106521739033
OSBPL11	-0.9272776739130446
KIAA1430	-0.4189176086956543
MAP7D2	0.9340233043478268
KIAA1432	-0.4008337173913006
ORC4L	-0.08623223913043176
HORMAD2	-1.5781948043478273
NMD3	-0.6137672608695635
FAM96B	0.08892404347826499
KIAA1383	0.5666208478260879
RANBP3L	-4.105758869565218
RNU4ATAC	0.06220380434782609
HEPHL1	0.036697413043477956
TMEM110	-0.2119340652173971
LOC149620	0.04940923913043478
TRIM16	2.0174639130434766
PRPF38A	0.1374143695652137
PRPF38B	-0.13264084782609054
TAZ	1.0579627608695645
OPRM1	0.018744021739130434
MGC14436	-1.2405723695652173
PPP2R2A	-1.0016823043478311
LOC729603	-0.3153816086956569
G3BP1	-0.14567519565217069
G3BP2	-0.5718231956521755
?|340602	0.8903985217391303
FAM101B	-0.42989393478261384
FAM101A	2.0303006956521727
MYOZ1	0.27058117391304304
KIAA0528	0.19478958695652082
OR2B6	1.0527507608695656
TDRD6	-0.21619021739130462
MXRA7	0.16036595652173524
SFRS15	-0.27105178260869955
ZFY	0.3489672826086956
IFNAR2	-0.014823956521736292
RNF25	0.3570891956521738
IFNAR1	-0.831611391304353
GPM6A	-4.610761956521735
USP31	0.4788248695652122
GPM6B	-0.829129260869566
TTC39A	2.4200532608695653
GRAMD1A	1.2151461956521743
SGPL1	-0.11238026086956232
MVK	-0.4757512608695684
KCNQ1DN	0.026680978260869563
CSPG4PY2	0.012186413043478261
APBB1	0.7757290869565239
APBB2	-0.20824997826087355
APBB3	0.8792620652173895
ANXA2P1	1.0418894999999968
ANXA2P3	0.7746920217391294
ANXA2P2	1.0076182391304371
PASK	0.9170442608695666
SEZ6	2.1918031739130437
LIME1	-1.0577196304347822
IRAK2	-0.040827999999997644
IRAK3	-1.1342273260869566
IRAK1	1.2978788043478318
IRAK4	-0.008849673913047695
OR7D4	0.0
UNKL	1.1767203260869525
WDR6	0.2195528043478241
WDR5	0.5727909999999969
WDR4	0.9073427173913036
WDR3	-0.480946043478264
DIAPH1	-0.46516152173913206
DYSF	-0.1839889347826098
DIAPH3	3.340024673913044
WRN	-0.3073274130434793
PPP2R2B	-0.20914154347825908
SMR3B	0.24874728260869566
TAF1A	1.0044767173913058
SNORD116-12	0.0
SMR3A	0.2556076086956522
SATB2	0.2553508695652189
STAR	-0.05727191304347823
SMARCD3	0.9901308478260846
SMARCD2	0.18545928260869182
SMARCD1	0.694835456521739
GATA6	-1.048574717391304
GATA4	-0.8662236521739128
GATA5	-1.4979738695652167
COX6A1	0.2784142826086935
GATA3	-1.5180498260869557
COX6A2	-2.248828608695652
SVOPL	0.2519403913043478
TXNDC9	0.2267981739130409
SNHG1	1.6873490434782585
POLR3G	0.1842779782608739
CCND1	-1.016439956521742
CCND3	0.14639006521739084
CCND2	0.43367334782608946
TMEM192	-1.0354041304347792
CEP290	1.016241304347826
TCF15	2.1025085
TTC39B	-1.9617553913043544
TM2D2	-0.5277426521739113
SCNM1	1.4329296304347805
TCF12	-0.20041689130434293
SH2D1A	-1.0629591521739137
IPCEF1	-1.154046804347824
TCF19	2.7531652391304355
SUCLA2	-0.5743255652173929
TNKS	0.15109715217391084
ACVR1C	-2.299252130434784
ACVR1B	-0.3390821739130523
LOC150776	0.8216358260869567
RPS27A	0.4960744782608657
MTL5	1.9990278043478225
RELL1	-0.11709602173913414
SHISA5	0.019303173913042926
LOC401431	1.0618907826086974
SEPT7P2	0.9294217826086948
MAGEE2	0.1290483043478261
MAGEE1	0.745402282608695
KDM2A	0.10889480434783039
UROD	-0.12462776086956495
GABBR1	-0.12919954347825957
GABBR2	2.0253760000000027
SERPINE1	-2.9831633695652204
SERPINE2	0.35341686956522
C5orf4	-1.375155282608695
SOX18	0.8281008695652119
TNNT3	0.3117886956521738
TNNT2	1.1383951739130438
SH2D6	0.9139669130434781
SOX10	-1.5111654999999993
SOX11	1.566964913043478
SOX12	1.3559652173913106
SH2D7	0.11064493478260873
C6orf70	-0.29616139130434505
SOX15	0.1816066739130413
C6orf72	-0.6382136956521709
SOX17	0.20813567391304932
EPPK1	1.8559477173913042
NARS	0.262566347826084
SSTR2	-1.3501323695652188
C4A	-1.045711782608695
DMAP1	0.3379056739130455
SNX31	0.20758667391304297
ABCA2	0.1978836521739087
SNX33	-0.7296676521739176
SNX32	0.3595147608695652
SLC27A2	-2.2390275217391302
HMMR	3.582772760869568
IRGQ	1.0307275869565142
PDLIM7	1.3127589782608693
DPCD	0.9162200434782637
PDLIM2	-0.7434699347826097
PDLIM3	0.017191108695653767
CHRAC1	0.3913539565217299
MSH4	0.6015238913043476
MARS	0.6422675652173879
ZNF286A	0.43435804347825524
PLAC4	0.2445106304347825
IRGC	0.09891521739130434
HAAO	-1.532011499999994
INSIG1	-1.207429695652186
UMOD	0.06685467391304348
PGM3	-0.42818123913043316
FTL	0.20124784782607463
FTO	-0.33081502173913435
ZDHHC1	-0.43986352173912824
TNK2	0.4883168478260824
PAFAH2	-1.0231526304347813
MARS2	-0.3629504130434764
ZDHHC5	-0.07094480434782469
ZDHHC4	-0.17411806521738704
ZDHHC7	0.167053086956523
VAT1L	-0.8855788260869604
TDRG1	0.3889875000000001
ZDHHC8	-0.00535258695651919
LDLRAP1	-0.32192302173912957
KDM2B	-0.037452043478269914
C8orf38	0.33103843478260586
C8orf39	0.927279891304347
IGFBP6	-0.44996871739130473
ANPEP	-0.8069836521739209
TOMM6	0.8596311739130424
C1orf144	0.10101850000000034
C8orf33	1.1285927173913102
C1orf146	0.00958791304347826
C8orf31	-0.8213516956521725
HES4	1.570491000000001
C8orf37	-0.09786717391304212
C8orf34	0.1806500217391304
HES7	0.30555252173913056
KLHL25	-0.31276032608695736
KLHL24	-0.41137158695651976
KLHL26	-0.1180186739130411
CAPNS1	0.5320306521739138
KLHL20	-0.3208341956521732
KLHL23	0.07130523913043874
CAPNS2	-0.009484804347826115
TMEM81	1.0603367826086938
GABRR1	0.41020754347826077
GABRR2	0.3541626086956525
GABRR3	0.7585288043478259
KLHL29	0.4810848913043424
KLHL28	-0.7581666086956558
TRMT12	0.3183356086956497
DCC	0.6769216956521737
POLG	0.04131086956521912
LTB4R	0.35211523913042786
POLE	0.10338915217390898
STX12	-0.3783945000000024
TRIM59	1.7655050869565185
POLB	-0.09831660869564907
TAF15	0.17394976086957392
FH	-0.19655156521739414
PDE6H	0.006418630434782607
CDC123	0.4185635869565232
POLL	0.5980593043478244
NCSTN	0.40614119565217344
SART1	0.5582829782608698
POLI	-0.07172580434782105
DONSON	0.8871644347826084
NDUFV3	-0.04739902173912647
MDK	3.9144219565217355
NDUFV1	-0.12935456521740107
ZNF286B	0.493421043478262
CCNDBP1	-0.009555021739133807
ZNF213	1.0584552608695654
C2orf16	0.4702679130434788
C2orf14	0.10622608695652173
C2orf15	0.44813186956521767
PCIF1	0.4253682391304334
ATP5EP2	0.33712032608695974
IGSF5	-0.4119128043478262
STATH	-0.078888
GGN	1.1575068478260864
GGH	0.23902215217392175
C2orf18	0.5962118695652148
NUS1	-0.48687456521738603
IL17D	1.556250869565214
LAMA1	-1.2504873478260872
IL17F	0.23583315217391307
LAMA3	1.1082844130434744
LAMA4	1.6160242826086932
IL17A	0.1169292608695652
IL17B	0.6579780434782607
IL17C	-0.0342434565217391
LOC375190	0.8320525869565234
PLAC8	-4.093730217391305
PSD4	-0.731034565217394
CHRDL1	-1.6684910217391318
SLC25A42	-0.7892084999999938
CHRDL2	0.48206113043478016
WDR62	2.513879130434783
LOC399815	1.2485787173913052
SNHG3-RCC1	-0.045871239130431896
LOC100133991	-0.07387463043478304
RAD23A	0.19327663043478438
CASS4	-1.4548283478260853
MYOT	-1.256312173913043
DCT	-0.02842434782608705
ZNF843	0.12267228260869523
SSR3	0.41397476086956253
GPR153	0.30829932608695465
GPR152	-0.05468173913043484
F2	-1.4986095869565101
C13orf23	0.211401347826083
GPR157	-1.032370391304347
F5	-0.4607033478260778
C13orf26	-1.5136491521739128
C13orf27	-0.5526038260869495
C13orf28	0.0
C13orf29	1.029665086956519
SSBP4	0.7894063695652154
GPR158	2.3018676086956535
ATP6V1E1	0.4560605869565144
ATP6V1E2	0.5562780217391357
KRTCAP2	1.05456415217391
CDC27	-0.04247256521739118
HTR3D	-0.005757260869565219
HTR3E	0.015504782608695658
HTR3B	0.41423695652173914
CUL2	0.17644804347826337
HTR3A	0.8638491739130433
FAM89A	-0.596223673913042
ZNF18	-0.1031939782608724
TMEM8C	0.26552958695652173
FAM89B	0.3373767173913045
TMEM151B	1.135099717391304
OR52B6	-0.07231258695652173
TMEM151A	0.5720144782608694
C2CD2L	-0.21805119565216735
SMARCA5	-0.4241386956521662
HOXD12	0.023852173913043482
COBRA1	0.4973158913043463
RBPMS	-0.3237091956521798
EI24	-0.7771782826086948
SGMS2	-1.8365387826086987
BAALC	-0.5014879782608679
MITF	-0.3121570434782637
PRC1	3.297054847826079
HOXD11	0.42587891304347836
UBE2B	-0.07728747826087279
RPTOR	0.7654861956521692
EPS15	-0.32833243478260776
PPFIA4	1.4206143478260882
SETMAR	0.366585956521738
PPFIA2	0.12262986956521704
PPFIA3	0.8310967173912998
PPHLN1	0.3085992608695616
PPFIA1	0.06304210869565097
RTDR1	1.3566028043478255
MYOG	-0.030437347826086966
TM4SF1	-0.050597869565217835
FBP1	-2.9473085
MAB21L1	-0.1614766304347829
MAB21L2	-1.6660547826086933
MYOF	0.36332510869565393
HSD17B8	-0.6392201304347811
HMGCL	-1.4605213913043507
TOX4	0.10021667391304412
TRDMT1	-0.3222568043478269
ZNF648	0.7086647173913039
PRMT3	0.8112168260869499
DYNLRB2	-0.5498944130434786
HSD17B1	0.6819117608695633
HSD17B2	-1.5993119130434774
DYNLRB1	0.8024851739130447
HSD17B4	-0.719171086956516
CDH22	0.5325066086956517
HSD17B6	-2.531932565217396
HSD17B7	0.3286747608695624
ALDH3B2	0.014249782608695805
ALDH3B1	0.21765878260869798
TRIM27	0.4593795217391321
CYR61	-2.05165697826088
NUP155	0.6060045869565238
RTN4	-0.7319834565217285
CDH24	2.299688891304347
KPNB1	0.3743104347826023
HGS	1.0075692608695643
RTN2	1.1435267826086957
ABO	-0.1517259130434785
ABR	-0.15973443478260663
CDH26	0.3918274782608704
BAIAP2	-0.4423877608695541
HGF	-3.6359980869565236
HGD	-1.1613033478260952
LOC220729	0.6446793695652184
OR1G1	0.04413260869565217
GIYD2	0.053563695652171006
C7orf68	0.17270193478260776
BACE1	-0.4343832826086942
BACE2	0.19178032608695883
LIN54	-0.34328995652174044
IPO13	0.5126205652173912
ATP4A	0.3793878260869563
ATP4B	0.15822089130434783
C7orf60	0.49585532608695715
C7orf61	0.6243428043478247
C7orf63	-1.0694888913043483
C7orf64	0.2598338913043472
C7orf65	0.22638404347826085
C7orf66	0.023585869565217393
IER3	-0.41891917391304645
CILP	-2.320958521739129
ZNF468	0.5678421086956504
PNKD	-0.021591717391300946
SCARA5	-4.0073134130434775
ZNF462	-1.6229124782608686
CYB561D1	1.5993563913043447
CYB561D2	0.4405279347826081
PDZD8	-1.16779245652174
PPP1R13B	-0.08404997826086635
MYBPHL	1.3608760000000006
PSKH1	1.0421726521739103
ZNF397	0.03639539130434688
ZNF154	-0.09557599999999766
LOC100188947	0.3351748260869565
TMEM41B	0.17801128260869703
IL1RL1	-3.696613217391305
IL1RL2	-1.301059326086956
NMS	0.0
HUWE1	0.07901834782608397
LOC100188949	-0.1363200217391305
SFT2D3	0.5378037608695649
LOC387647	0.2034519347826098
LOC387646	1.8304226521739113
ARAF	-0.3416123260869526
PKP2	-0.9708346086956503
PKP1	0.16362730434782424
NUDT22	0.25474641304347756
NUDT21	-0.2324878695652206
SERTAD4	0.26820497826086975
ROS1	0.7381600217391292
TRIM32	0.38453073913043223
PGAP2	0.1831305434782582
PEBP1	-0.8147436521739237
TOPORS	-0.579264043478263
LOC646999	-0.05300810869565309
TEPP	0.020669804347826087
SLCO5A1	0.5626031521739125
POPDC2	1.065341108695653
POPDC3	1.1793231304347827
FAM173B	0.2589267826086932
FAM173A	0.2787477826086917
UST	-1.2167352173913049
STARD3NL	0.19451356521738816
SPIN4	0.36349484782609043
ZNF705D	0.0674266304347826
SPIN1	-0.17121682608695465
METTL7A	-1.0297129130434861
METTL7B	-0.7572648043478303
PROP1	0.055850543478260864
MCART3P	0.06946467391304356
IFT52	0.8831409782608626
TEP1	-0.09920097826086938
IFT57	-0.4977093478260928
SNORD73A	0.0
LYPD5	0.2042046086956506
CEP192	0.4239063478260867
LPP	-0.4578311304347782
LPO	0.06874895652173918
ILVBL	-0.21434845652173884
EYS	-0.31312128260869354
LPL	2.36217617391304
ZFC3H1	0.5507214130434805
TNFRSF25	1.6736085869565196
APOL6	-1.4202629565217322
GDAP1L1	0.6129383695652171
AARS2	0.900071717391306
LPA	-4.100061369565212
GOLGA2P3	0.003809782608695652
SAMD9L	-0.28992519565217467
APOL4	0.2529779347826073
CLECL1	-0.3101489565217399
APOL3	-0.45678434782609223
C1QC	-1.3337345869565187
C1QB	-1.3354100652173937
C1QA	-1.2023480434782563
CNOT6	0.5755731304347815
MAMLD1	0.11182339130434915
TAGAP	-1.4396960869565243
OR6F1	0.010841847826086957
PKHD1	-2.207481456521738
RNMT	0.16054223913043408
OR6C4	0.002992391304347826
DDAH1	-1.1119684130434742
DDAH2	0.7644774999999928
ELMO3	-0.6756849130434803
HUS1B	0.17085254347826107
TMED8	-0.030935217391304448
ZNF44	0.07292341304347527
LYPD6B	-1.4568956521739143
MBLAC2	-0.6592697826086971
MBLAC1	0.9004095217391335
MGAT4B	0.3274494130434782
CRELD2	0.688086586956528
VSIG4	-2.4947562608695693
CRELD1	0.4598370000000038
VSIG2	-2.1711292608695625
NOS2	1.4491052826086932
OR5K2	-0.021349043478260887
OR5K3	0.010357608695652172
EIF4A3	0.4527728260869548
ITGB2	-0.5917430652173916
SLC29A3	0.043263543478264666
SLC29A2	1.201911891304344
SLC29A1	0.5460887173913012
TOP1MT	0.40230347826087254
TMPRSS15	1.2412065217391304
ARL4D	-0.8972074130434713
VWC2L	0.010775543478260869
ASAP1IT1	0.024753260869565218
ARL4C	-0.8555448913043548
NMRAL1	-0.045696021739132675
ARL4A	0.43257619565217365
ADORA2A	0.4095933043478279
ADORA2B	-0.0702848478260889
SPINK14	0.010964673913043479
TIRAP	0.1728337391304322
SPATA5L1	0.238403500000004
NKAP	0.5278615434782541
EIF4A2	0.1658541739130417
LOC645752	-0.36597591304347865
TOMM5	0.32033150000000354
MAVS	1.1247598260869545
SPHAR	0.28557978260870076
LAT	0.5944594999999993
PLXDC2	-0.5026528478260861
PLXDC1	3.024176456521735
C6orf204	-1.089293304347827
RP1-177G6.2	0.012304108695652176
C6orf201	0.7238073043478273
CSK	-0.12922906521739463
C6orf203	-0.14258404347825682
CNOT10	0.44597467391304413
C6orf208	-1.2426496739130428
MRAS	0.7479138478260889
MRAP	-0.788809217391305
SAA3P	0.045254891304347816
PDZD2	0.6104268695652166
GALNT8	-0.09406406521739125
GALNT9	-0.117721391304348
GALNT4	-0.638163913043476
GALNT5	0.17622410869565186
GALNT6	-0.12422526086956509
GALNT7	-0.1928304782608734
GALNT1	0.0073468913043512885
GALNT2	-0.3910774999999962
GALNT3	-1.7025201086956527
DGAT2L6	0.08428989130434782
PAAF1	0.1678277391304288
ZNF440	0.27268193478260994
SUV420H1	-0.2563787608695698
FAM103A1	0.5746883913043437
ST8SIA4	-0.34494597826086526
TRIM49L	0.05479076086956522
DMWD	0.606688369565215
ZDHHC6	-0.00382513043478383
CD74	-0.04269630434782101
SFRS16	0.80170173913044
CD70	0.7976403695652172
CD72	-0.2362637608695639
CLOCK	-0.785178521739132
PMP2	-1.5792349565217387
HTN3	0.03528043478260869
NOXO1	0.03787871739130377
HTN1	0.04736467391304348
RFC1	0.4746087608695646
RFC3	0.989117804347825
RFC2	0.44800704347825615
CCDC64B	-1.8611846521739133
KIF15	3.465793934782606
KIF17	-0.16351410869565441
SNORD115-32	0.0
KIF11	2.2032094130434743
KIF12	-0.1132662608695636
CBX8	1.4795360869565242
CBX7	0.13736858695651755
CBX6	-0.10192013043478276
CBX5	0.4177449782608669
CBX4	0.8890370652173907
CBX3	0.5967223478260806
CBX2	2.501450043478261
CBX1	0.8863599347826199
SNORD115-39	0.0
NLRP5	0.1652788043478261
NLRP4	0.5715135869565217
NLRP7	-0.22159817391304304
FASTKD5	-0.19827471739130154
FASTKD2	-0.31294336956521995
FASTKD3	0.2730590652173941
NLRP3	-1.1076940434782623
FASTKD1	0.07503221739130339
PSEN2	0.36248715217391236
PSEN1	-0.05932000000000315
BTLA	-0.2080163260869572
NLRP9	0.42690236956521566
NLRP8	0.05138369565217391
CYB5D1	-0.6960744347826058
RAB18	-0.47056069565217484
WDR24	0.3369605000000018
CCPG1	-0.6949606739130427
ST6GALNAC1	-1.6717918478260876
WDR20	-0.17022928260869463
MMGT1	-0.03346880434783017
SNAR-D	0.0
LRAT	-4.2235176739130456
RAB13	0.3048183260869539
RAB12	-0.48183413043477863
LYST	-0.1454987826086942
RAB14	-0.6686571086956565
RAB17	-1.008515543478259
PPP1R12A	-0.017089673913035952
GNAQ	-0.4233531086956557
MAPK4	-1.022539934782606
RQCD1	0.026909913043483336
ASCL2	-0.7934055652173946
CKS2	1.1612993043478257
NAGLU	-0.37609452173912494
ASCL1	-1.9156272826086957
XRCC6	0.3382159130434843
ASCL4	0.19770284782608694
GAPDH	0.5901100000000046
LOC221710	0.0938158913043452
SERPINH1	1.0160635434782712
NCRNA00161	0.08034586956521739
ACADSB	-2.1934901521739114
IGF2BP1	5.05790667391304
C15orf61	0.5106135652173833
IGF2BP3	2.46022056521739
IGF2BP2	1.25438802173913
LOC606724	0.2853542608695667
SNORA30	0.0033836956521739133
TRIM2	-0.760820282608698
CD101	0.2687980217391308
KIF1A	-0.0877713043478261
KIF1B	-0.07580239130434485
KIF1C	0.07680658695652376
CD109	1.7426161086956542
STX16	0.5566678478260858
SPATC1	0.6259763695652163
SHOC2	-0.2949050652173888
TRAIP	3.4786598260869557
AATF	0.6921692608695711
ATHL1	1.1169050217391234
SNHG4	1.1205279347826103
TMSB15B	0.5352983695652163
AATK	0.4607516304347836
OR4C6	0.08548293478260871
OR4C3	0.0
IFNGR1	-0.4922913478260824
ERCC8	0.4136346086956504
TPI1	0.20454947826085856
USP40	0.12517082608695596
OR10Z1	0.0
ERCC1	0.26328367391304575
ERCC2	0.5617229565217396
ERCC3	0.3605911086956528
ERCC4	-0.33968050000000094
ERCC5	-0.1982693913043505
ERCC6	-0.34039256521738714
CD244	-2.087282782608697
AIM1L	3.393799456521741
MRPS15	0.2071208260869586
CD247	-0.8018403478260883
NLRP11	-0.42313263043478155
MRPS12	0.7854385217391329
MRPS11	0.23954152173912924
MRPS10	0.22237263043478528
SPIRE2	1.2470740000000005
CD248	1.166174543478256
LOXL1	0.7361232391304302
LOXL2	1.773042282608694
KIAA0922	-0.9077196956521778
LOXL4	0.7495583043478256
UBTFL1	0.023926630434782614
UNC119	0.49206032608695516
UBE2I	0.5169755434782637
PFKP	0.9964574565217337
GEMIN8P4	0.5082087608695662
PFKM	0.19870243478260985
PFKL	-0.018651173913031727
TNNI2	1.5445517608695674
GPR1	0.9208077608695643
FOXD3	-0.7130950434782606
TNNI1	-0.6966417391304347
FAM125A	0.5330246086956514
PRDXDD1P	1.1041295434782632
FAM125B	0.637075913043482
LMAN2L	0.10728097826086547
KCND1	0.21015467391304554
MFSD8	-0.4146893260869504
KCND3	-3.5697434347826107
KCND2	-0.47510432608695785
CCHCR1	1.4616075869565215
SNURF	0.5723342391304342
DIRC1	0.04864673913043478
LSM5	0.10564765217391603
DIRC3	0.36310928260869546
DIRC2	-0.07968756521739007
ABHD14A	0.2944856304347834
LSM1	-0.04304532608695588
LSM2	0.9780091739130441
ABHD14B	-0.8319764782608736
ZNF774	0.1558229130434805
SEH1L	-0.23064258695651674
USP48	-0.031436739130437985
SMG7	0.42398563043478354
DCBLD2	-0.5466991521739093
DCBLD1	-0.1613167608695676
LILRA5	-2.8808043043478255
DDX26B	0.20845678260869427
CLEC4G	-8.376024630434785
CLEC4F	-0.8871939130434789
CLEC4E	-1.4349210869565212
CLEC4D	-1.1824912608695652
CLEC4C	-0.5523893913043478
CLEC4A	-0.06607869565217594
FZD8	-1.0535570869565207
CACNG8	0.11249510869565214
SSR1	0.43093604347826187
SSR2	1.1613308043478217
LOC441869	1.5055283043478234
SSR4	0.3536070434782612
DEFB129	0.007239130434782608
DEFB128	0.0
DEFB127	0.0
DEFB126	0.10906304347826086
DEFB125	0.003039130434782609
DEFB124	0.019694565217391304
DEFB123	0.01092282608695652
DEFB122	0.0
CACNG6	0.1271336956521739
CACNG7	-0.08292591304347827
TMEM117	0.4846668478260865
LSMD1	0.09379182608695658
SMPDL3A	-0.8077373043478264
USP46	0.3306301304347823
LOC728855	0.35906099999999697
LOC100130093	0.05880782608695956
CASP8AP2	0.08533754347825884
ZIM2	0.31309408695652174
GPR6	0.009990217391304347
TPBG	-1.023598413043481
APOC4	-2.1049415869565227
APOC2	-0.529511869565221
APOC3	-2.0016056956521666
ABI3BP	-1.861115782608696
TCAM1P	1.3889911956521739
RANBP10	-0.20630915217391177
XDH	-2.3384747173913087
RANBP17	0.4962536956521717
USP10	-0.3496037826087086
MYO10	-1.6339202173913074
BHLHE40	-1.4379482826086978
BHLHE41	-0.3500838695652204
PRODH2	-1.9336010434782605
PRLH	0.01413967391304348
MAP4K3	0.12143760869565234
IDUA	1.3408252608695674
POU6F2	-1.4606225652173905
PYCARD	0.707960108695648
OR4D11	0.011505434782608695
MAGI3	-0.6165749130434754
MAGI2	-0.8311382173913024
MAGI1	-0.9579860652173942
PPP3R1	-0.41512839130434465
VWA3A	0.11352691304347817
KLHDC10	-0.4029220869565222
NFE2	-1.2342538478260883
METTL8	-0.13757300000000328
UGT2B4	-1.0194470000000013
ZFPM1	-0.099332434782605
NGEF	0.07517332608695781
SELL	-1.231962152173919
LAS1L	0.5133219347826152
METTL9	0.31071999999999633
WBP11P1	-0.27509741304347823
TRIM74	1.1671276521739136
SLC25A22	-0.4826676956521734
SLC25A23	-0.01570628260869711
SLC25A20	-1.1474440217391297
SLC25A21	-0.5703206086956512
GAPT	-0.8542376304347838
SLC25A27	-0.4232332826086971
SLC25A24	-0.5396443913043516
SLC25A25	-1.0257619565217393
SLC10A4	0.49061660869565193
LOC91948	0.1577941304347827
SLC25A28	-0.2537917826086993
SLC25A29	1.0890380000000013
PRMT10	-0.6110022826086947
POP5	0.4609226086956504
MAGIX	0.01870858695652533
SMUG1	0.3578466086956489
SPTY2D1	-0.3690624347826077
ULK3	0.6634001521739084
SELM	0.9899328478260916
KLRC1	-0.7659188913043475
GPBP1L1	-0.3253039347826121
OR8G2	0.026017391304347822
VPS36	-0.5954502391304306
FOXA1	-0.3869791086956518
SNAR-C4	0.011694021739130435
FOXA3	-0.9241670217391285
FOXA2	-0.4408881521739154
BST1	-0.7715493913043492
BST2	-0.8662514347826082
COPB1	-0.009562239130437078
ZNF823	0.08488184782608332
COPB2	-0.020334934782608727
ZFP37	0.2991542173913029
INSRR	0.7752680869565214
KDM4C	-0.27108854347825506
ISG20L2	0.3237762391304351
KDELC1	0.2991963478260873
KDELC2	-0.7261617173913031
CARM1	0.4285092826086885
RASAL1	0.48070415217391593
?|10431	-0.0027081739130441207
SOX13	0.8676450434782659
PAGE4	2.688414326086956
PAGE5	0.37407965217391226
PAGE2	1.1565869999999998
B9D2	0.11913189130435153
B9D1	1.0111766086956502
PAGE1	1.247194891304348
FLVCR1	1.9023405869565213
KRTAP7-1	0.08708695652173913
TRIM71	1.7330401304347824
SFRS18	0.32847210869565124
PCDHB3	0.4169579782608701
PCDHB2	0.9636512391304319
LOC100240735	-0.6779568260869568
LOC100240734	-0.08573410869565218
PCDHB7	-0.36938515217391377
PCDHB6	0.41239441304348023
PCDHB5	-0.4377152173913048
PCDHB4	-0.19288226086956506
MKS1	0.5325356956521734
USP15	-0.5506859130434805
PITPNM1	0.3003385434782615
PGK2	0.3730521739130436
PGK1	0.1645464347826131
ROPN1B	-1.2965255217391305
FAM86C	0.6347070217391293
BECN1	0.08000219565217215
PITPNM3	-3.483694499999997
XIRP1	0.18308665217391362
HSPA4L	-0.7152646739130457
PITPNM2	0.2700438260869511
DKFZp434J0226	-0.13953623913043478
SDHAP2	0.5335349782608727
MGC23270	1.213584804347823
SDHAP1	0.5719721086956486
SMTNL1	-0.21560260869565084
SMTNL2	0.5016048260869563
SMAGP	0.6623046956521748
RPUSD4	-0.21408993478260818
DLX6AS	0.8055461956521737
IMPG1	0.135487173913044
FAM22F	-0.027554413043478387
FAM22G	0.3912247608695647
FAM22D	0.2923915652173923
WARS2	0.06324726086955934
INSM2	0.13563115217391303
RPAP3	0.1384114782608652
FAM22A	0.2724290434782626
TOMM20	0.6471350652173928
GLB1L	0.6147017173913056
ULK4	0.783221239130433
KLRC4	-0.6323693695652172
RPUSD1	0.8195167173913056
LOC253724	0.06976760869565002
KCTD3	0.009644739130438396
ATP6AP1L	0.44557819565217205
LOC100134368	0.9112934565217395
KCTD2	0.49338123913042686
OXA1L	0.39611678260869176
RPUSD3	0.3811516521739122
OR10A3	0.02482010869565217
SNORA5A	0.08784702173913043
MAGEC1	2.3560166521739134
C6orf57	0.18963247826087049
MAGEC3	0.4447188043478262
MAGEC2	2.9962753913043474
C6orf52	0.6423441086956518
SNORA38B	-0.045598608695652174
PCDHGA3	-0.8448965217391295
KCTD7	1.4022100434782585
KIAA0101	2.6371198913043425
KIAA0100	1.1444217826087009
DOCK10	-1.2181667826086944
DOCK11	-0.10443545652173913
C6orf58	0.21480489130434782
C6orf59	-0.09045269565217395
SNX17	0.14585719565216593
SLC12A5	1.1503347608695644
SNX15	0.7469443260869575
SNX14	-0.4155670217391254
SNX13	-0.05230789130435021
KCTD5	-0.11010641304347857
LPAL2	-2.041167434782608
SNX10	-0.8604828260869564
SPCS1	0.27218443478260745
KCTD4	0.01223671739130433
TOMM22	0.2844966521739156
SNX19	-0.36039871739130014
SNX18	-0.5892293043478283
ICAM5	0.9670377173913038
ICAM4	-0.027586521739131342
ICAM3	-0.5652257173912911
ICAM2	0.3057280652173926
ICAM1	-0.749404652173915
SNORA2A	0.029213043478260873
DPM3	0.41585886956521634
DPM2	0.705724130434783
DPM1	0.05783513043478905
CTDSPL	0.26910810869564905
FBXL14	-0.22338293478260596
LY6E	-3.0748396521739156
LY6D	-0.15437136956521724
PDYN	0.22790319565217393
ZNF35	0.2695246304347849
ZNF610	0.5335968913043501
?|442388	0.0
APOA1BP	0.7987469565217395
RABGEF1	0.10030897826086793
LRTOMT	-0.12868817391304788
ZNF613	0.2973536521739115
LY6H	2.9175313260869578
SMTN	0.4481841086956493
OR51M1	0.04137119565217391
LOC152217	0.4937357173913055
OCLN	-0.10624247826087263
ZNF615	-0.20376143478261177
OCLM	0.2897093695652172
EBNA1BP2	0.674638934782605
TMEM87A	0.22389597826087737
TYW3	-0.15833969565217565
NEUROD2	0.05408163043478259
GPR37L1	0.8674754565217389
OR5B21	0.02086141304347826
NEUROD1	0.1550961956521739
NEAT1	0.40914708695651747
SGK2	-0.3622307173913004
NEUROD4	0.05396521739130434
SNORA5B	0.006465217391304348
ARPC5L	0.0037622826087009287
CHURC1	-0.4502744130434859
RALYL	-1.122264652173913
C1orf162	-1.5401412173913087
C1orf163	0.03252780434782032
OR4K17	-0.019428152173913044
C1orf161	-1.167821565217389
TMTC3	-0.6326429347826128
RAX	0.13412989130434785
OR4K13	0.0
C1orf168	-1.7537725000000028
STK32B	0.8706036956521754
TXNL4B	0.0832138043478281
CDH11	1.1570042173913064
CDH10	0.6907810869565219
CDH13	2.8605440869565255
CDH12	1.0949328478260845
CDH15	-1.0964519782608693
CREG1	-0.471343804347816
CREG2	0.5911246956521738
CDH16	1.1892708913043504
CDH19	-3.794938282608697
CDH18	0.5221458478260869
SPATA20	0.11365263043479246
SPATA21	1.8725461304347828
OR4A16	0.005779891304347827
CYCS	0.25482169565218094
GPD1	-2.7497444130434783
DFNB59	0.4749901086956525
GPD2	0.28015758695652426
STK32A	-0.007561956521739133
LOC100170939	0.9065616521739108
TCP10L2	0.28913447826086935
SDF2	0.2853250434782666
PLBD2	0.03230530434782963
PDCD2L	0.7813847608695674
IMP4	0.07526295652174042
PLK1	3.5267129130434807
OR4A47	0.06311141304347827
NEFM	0.3241571956521738
NEFL	0.40398558695652176
FAM36A	0.174052239130436
SON	-0.29398265217391994
C2orf70	0.05770808695652169
C2orf71	0.16751695652173915
C2orf72	-0.45055810869564894
C2orf73	-0.09454650000000009
C2orf74	-0.14696697826086869
C2orf76	0.6056215217391294
C2orf77	-1.3121064347826135
C2orf78	-0.6267646956521742
C2orf79	0.20689697826086473
NRG3	-2.0578278043478266
NRG2	1.3176751521739127
MBP	-0.4856488478260772
NRG4	-1.7016543913043494
GAA	0.21346619565216507
NPBWR2	0.0032016304347826084
OR52E6	0.12219347826086958
LOC148696	-0.1090630217391304
OR52E2	0.029848913043478264
LOC100128191	1.5902994130434767
RWDD3	0.05924869565217605
XYLT2	0.7521864999999988
EIF4EBP2	-0.026515347826082447
NGFR	-3.1601220869565285
MCHR2	0.11155
MS4A10	0.5247792608695653
RORC	-0.6263051739130372
MEPE	0.7185133260869563
TRAK2	-0.09209643478260432
MCHR1	0.28641608695652554
NUMB	-0.4200953913043488
PARP1	0.5329550434782586
TPMT	-0.8608323260869497
SFMBT1	-0.16872654347825744
LOC283731	0.8244611086956518
SCAND1	0.35941586956522187
MS4A13	0.024545108695652174
SERPINA6	-1.0811569130434755
HRASLS	-0.17389382608695614
MS4A14	0.21894804347826424
EXOC6B	-0.3227197826086945
CYC1	0.5867615434782625
PON3	-2.0834203478260918
PON2	0.324565152173907
COMMD10	0.26953891304347977
HAGH	-0.758105673913045
TFCP2	0.23033415217391617
RPH3A	-0.44339245652173886
SPATA2L	-0.31520523913043696
CKAP2	1.3505701956521774
HTR1E	0.10432500000000001
HTR1F	0.6069700652173913
HTR1A	0.03245543478260869
CKAP4	0.8782288695652198
CKAP5	0.6317525652173863
BCL2L1	-0.011944217391308243
BCL2L2	0.2021025652173929
WFDC10A	0.2803021739130435
TCF20	0.35413241304347665
GFRAL	0.00719141304347826
SYNGAP1	0.4581340869565196
LOC100101938	-0.012448500000000043
SCO2	-0.08041502173912818
GOLGA6L10	0.7199438913043492
NRAP	-1.086035260869564
RBM15B	0.4651864347826127
UGP2	-1.3722425869565278
SPINT2	-1.062285000000001
SLC38A11	-0.16421045652173705
SPINT1	-0.6127801739130447
SPINT4	0.0
NAPG	-0.09186002173913543
ITSN1	-0.8859799782608757
NDST1	0.9307927173912969
NDST2	0.29246632608695045
ITSN2	-0.2039411304347869
MMADHC	-0.8271735652173948
WNT8B	0.42951363043478263
PRAF2	0.602929913043476
ZNF668	0.9322422391304377
SH2D1B	-1.4840803478260844
KHK	-1.3637070434782608
CYP39A1	-4.591285065217392
ZNF660	-0.25350160869565186
SCAND2	0.4276652826086895
ZNF662	-0.9123547173913034
FTLP10	0.009020108695652174
PLK4	2.255460391304349
OOEP	0.033689608695652185
NME1	1.1351170000000046
SCAMP4	0.38088789130434897
SCAMP5	1.3907632391304379
SCAMP2	0.17174967391304108
SCAMP3	1.270528000000004
SCAMP1	-0.14063939130434555
PDCD2	0.17583195652174055
CELA3B	0.3523766304347826
LOC441455	-0.09065519565217439
CELA3A	0.46242819565217386
CXADRP3	-0.07458308695652183
C7orf43	0.291653956521742
C7orf40	0.3254941521739134
C7orf41	-0.4594478043478265
C7orf46	-0.5379928260869571
C7orf47	1.15789576086957
C7orf44	0.41933776086955454
C7orf45	0.08753071739130433
OR1A2	0.0
TSPAN8	0.9477824565217432
C7orf49	0.7664514999999952
FAM193A	0.3640940434782607
FAM193B	1.0160004999999988
WIT1	0.3687722608695648
ZNF444	0.31008965217391626
TCF23	0.020164326086956535
ZNF446	0.6655573043478276
RHOT2	0.5110654782608695
ZNF441	-0.023475326086953352
ZNF442	0.32932091304347555
RPS6	0.35452767391304185
RPS5	0.8079174782608654
EPSTI1	-1.1315898043478247
LOC401127	-0.6915771956521746
GFRA4	0.1404489130434782
L3MBTL3	-0.5402722391304335
L3MBTL2	0.21683832608696108
C8ORFK29	1.3249225217391294
L3MBTL4	-0.5511490652173912
GFRA3	-0.3682477826086963
GFRA2	-1.0648433913043487
ADAMTS15	-0.6669285434782601
TSEN15	0.6266193913043434
CINP	0.192885434782605
RPS2	0.5937834565217379
PRSS45	0.14732160869565214
PRSS42	0.003990999999999967
AFAP1L1	0.5870596521739131
AFAP1L2	-0.4834339347826111
PRSS41	0.10321228260869565
TSEN34	0.40789700000000373
PCMT1	-0.49763476086955905
PRSS48	-0.054485239130434765
C9orf7	0.003728804347833403
C9orf6	-0.040504608695655975
C9orf5	-0.052106130434786735
C9orf4	0.6403792173913044
C9orf3	-0.1510525869565278
NAV1	0.5009873695652205
PSENEN	0.4048824130434756
C9orf9	0.4603186739130454
CDKN2BAS	2.609789695652173
FAM177A1	-0.41352345652173916
CPA2	0.5817152608695655
CPA3	-1.5076335869565218
FAM175B	-0.24080417391304465
CPA1	0.29316054347826087
CPA6	1.1835808478260865
PRR15L	-0.003035478260874136
CPA4	0.28398580434782517
CPA5	0.6512203478260874
PVRL1	1.110467108695655
NBEA	-0.7635335217391299
LOC347376	0.19054960869565218
OSM	-1.010349717391303
PVRL4	0.20759097826087025
SNORD116-10	0.0
ATG9A	0.19502980434782557
ATG9B	0.8183120217391298
SNORD116-13	0.0
TPTE2P3	0.4964630434782609
OS9	-0.15936132608695708
VENTXP1	0.021907065217391303
PKDCC	0.7672706739130408
SNORA38	0.014030434782608694
LNX2	-1.135472804347824
FAM113B	0.297080695652177
LNX1	-0.5998809347826031
STAG2	-0.10877021739130299
SNORD116-15	0.0
IFT74	-0.15326408695652205
MYL10	0.05167608695652174
SNORD116-14	0.0
DSTN	-0.10373460869565321
NPHS2	0.10041156521739128
C14orf166	0.3026447608695637
SNORD116-16	0.0
ASMTL	-0.4018379565217387
KRT6A	-0.9511397608695655
KIAA0467	0.3351980000000001
SIGLECP3	-0.9942869130434777
VCP	0.14735076086956056
AP1G1	-0.6013686521739157
AP1G2	0.4099942391304321
TACSTD2	-3.0496373478260903
TMEM50B	0.07422626086956363
RPS19	0.8770693695652128
NDUFAF2	0.7438011739130417
LOC284900	0.36014032608695334
UBE2U	0.4433947391304348
ZNF385B	-1.7671744130434828
DCAF4L1	1.5835548695652175
DCAF4L2	3.2693046304347817
ZNF385A	0.25673386956522126
ZNF461	0.7785786739130431
C6orf195	0.16999480434782605
OR5M8	0.012558695652173912
EHD4	0.13180649999999794
EHD3	-2.4246723043478235
EHD2	0.6729823695652222
EHD1	0.04800463043478054
REEP5	-0.3806317391304379
GMFB	0.25732091304348437
NDEL1	-1.0781660217391327
XKRY	0.0
XKRX	0.5097284347826085
OBFC1	0.22530093478260937
GON4L	0.5741671086956508
ABL1	0.4388120434782614
LOC100271831	0.7519913913043474
LOC100271832	0.10665760869565219
ABL2	0.5566154782608734
LOC100271836	0.05054834782608797
VLDLR	0.11133386956521552
TMED7	-0.3218295869565182
TMED6	-0.4204944347826105
IL9R	0.5673571086956521
TMED4	-0.1702676521739157
TMED3	0.6043413043478232
REEP4	0.8861749782608683
TMED1	0.03883621739130305
TMEM201	1.334318043478266
GRAP	-0.6854615434782598
BAIAP2L2	2.53387010869565
BAIAP2L1	0.15769036956521276
HNRNPU	0.35582730434782484
SNORD95	0.0
SHANK2	-0.004230326086956282
ZNF100	0.17513354347826215
HNRNPK	-0.08018652173912244
FASN	0.9726884565217322
HNRNPM	0.10887230434783213
LOC340508	0.6857488478260862
HNRNPC	0.29859165217391137
DIS3L	-0.2835614999999976
SNX9	-0.918307065217391
HNRNPF	-0.2780037173913037
PRLHR	0.08864939130434783
HMGA2	1.1040741304347825
SBNO1	-0.9835798043478272
EEF1B2	0.2580935869565071
LOC91149	0.3621808043478262
SELV	0.030392391304347826
FAM63B	-0.8559902173913043
GOLM1	0.7924511739130473
TMEM209	0.49512265217391693
USPL1	-0.3296976739130457
KBTBD12	0.6408341521739132
MPHOSPH9	-0.08806467391304995
SLC6A11	1.254233999999998
RNF166	0.10975013043478477
XKR5	0.2544351304347825
XKR4	-0.5065417391304348
XKR7	0.016972608695652182
XKR6	-0.23027936956521766
XKR3	0.4674983913043479
XKR9	-0.7093733043478236
GLUD2	-1.670064565217391
GLUD1	-1.3813583478260814
SLC6A15	0.5277074347826088
ISG20	0.16184810869565425
HSP90AA1	0.3205627391304393
TADA1	0.2523853913043439
TADA3	0.21644491304348001
CD52	-0.14297619565217534
CD53	-0.8433436739130382
ZNF174	0.833391739130434
RNF168	-1.450734173913041
NDUFS8	0.6050290000000018
C9orf11	0.0591494347826087
CD55	-0.847448673913048
SNORD90	0.0
CD58	0.7162253260869562
CD59	0.09895300000000162
HAX1	0.4897290652174018
SLC32A1	0.008305630434782621
TMEM184B	0.9041908260869569
UGT1A8	-0.9493145217391317
UGT1A9	-1.5797906956521697
NNAT	0.5298600869565224
SLC25A3	0.3026223260869578
KIAA1324	1.1845052826086961
UGT1A6	-1.2359651086956607
LOC150381	1.2253305652173943
UGT1A1	-3.119856543478262
UGT1A3	-2.758316500000003
POMC	-0.5317256739130443
C8orf76	0.748993108695652
RAB35	0.18469419565217748
RAB34	0.7198250434782594
HJURP	3.8071068695652204
RAB32	-0.5657866086956531
RAB31	-0.3924994565217421
GAGE10	0.1770108695652174
C22orf42	0.016935326086956522
SNORD114-18	0.0
GAGE13	0.41426521739130445
RAB39	-1.0168101521739126
RAB38	-0.6252262173913019
DOK2	-0.9549585869565211
DOK3	0.10673230434782432
LCA5L	-0.1755374782608703
DOK1	0.07731947826087016
DOK6	-2.027217847826087
CD163L1	0.6303431739130421
DOK4	0.4711535000000051
DOK5	0.2956580217391269
C6orf222	0.7256689782608696
C6orf223	1.297213000000001
MCEE	-0.9139237826086966
C6orf221	0.07229510869565217
C6orf226	0.6042115217391295
C6orf227	0.36833300000000013
C8orf73	0.6080230217391271
PLS1	-0.4185388260869587
CAMSAP1L1	0.4331346304347825
PLS3	-0.6614892173913027
SNORD92	0.0
CLASP2	0.051660608695655696
CLASP1	-0.22038134782608232
C22orf43	0.6748051086956521
C1orf203	0.18100380434782792
PDIA6	0.29668234782607783
C1orf201	0.6101519782608715
C1orf200	0.1963590652173911
PDIA3	0.2740913043478308
PDIA2	2.4747873695652176
TRIM26	0.014024934782614906
C1orf204	1.2578407608695652
ZBTB48	-0.04131128260869943
ELF1	-0.8755533043478216
RAB3D	1.1060646304347834
HMGB4	-0.046256956521739126
RAB3B	2.0501732826086956
ARMC8	-0.06214867391304146
ARMC9	1.2225987173913042
DACH1	-3.1353872391304356
ARMC7	0.2988362826086899
ARMC4	-1.1144765652173922
DACH2	0.9199015217391308
ARMC2	0.586017891304349
ARMC3	0.14837482608695662
OR1F1	0.6693283478260867
ARMC1	0.2930826956521724
YPEL3	0.4165692391304372
UCK2	1.2055284782608693
CD160	-1.5603943695652145
CD163	-2.411619847826092
AARS	0.028100543478259965
LOC200726	0.012508695652173914
CD164	-0.7099847826087
ZDHHC8P1	0.023998173913043708
TTC21A	0.23020373913043457
TSGA13	0.08844402173913045
SPATA9	0.4911717826086961
SPATA8	0.0784229782608695
ACTL6A	0.5642365217391312
ACTL6B	0.3319539130434784
C5orf58	0.8863909565217392
EIF5	-0.7956871086956525
C5orf56	0.18083176086956243
C5orf55	0.19424510869565292
C5orf54	1.367769782608696
C5orf53	-0.0432501304347781
C5orf52	-0.32792704347826085
C5orf51	0.2524880652173902
SPATA4	-0.10678399999999999
HIST1H4C	0.5871093260869568
HIST1H4B	0.40522789130434755
HIST1H4A	0.3537904130434783
KHSRP	0.3670642826086983
HIST1H4G	0.003933695652173913
HIST1H4F	0.0002873695652173894
HIST1H4E	1.3300056086956513
HIST1H4D	0.6339775
HIST1H4K	0.2587404782608696
HIST1H4J	0.31117234782608794
HIST1H4I	1.1765330000000005
HIST1H4H	2.0403494782608718
OR10T2	0.0
ZDHHC17	-0.16123163043478606
LOC728024	-0.326832739130436
HIST1H4L	0.09604728260869565
ZDHHC16	-0.011922217391301615
CD226	-2.0243537173913055
LIFR	-3.5504961739130447
FTSJ1	0.6060358043478171
ADIPOQ	0.1599496739130434
KIAA0907	1.2795973695652165
SETD3	-0.4289755000000035
HKDC1	1.6570751521739142
RAP1GAP2	0.08471960869565098
C11orf59	0.5837963695652171
SLC25A6	0.5592449565217432
PRKAG1	0.31997393478260605
MAP2K4	-0.9261103478260875
CRBN	-0.5090309347826114
NET1	-0.1282434565217354
IRX5	1.318429739130434
IRX4	-0.010790217391304369
IRX6	0.7517498695652173
IRX1	0.10617391304347827
IRX3	1.6402508043478274
IRX2	0.4494605217391302
TBC1D25	0.21331136956521846
TCAP	1.1324438043478247
PRKAG2	-1.1892284130434856
TMEM185B	0.07192884782608999
JRKL	0.935702891304345
MUC2	-0.023225434782608967
MUC1	-0.18878339130434973
TAC3	0.6794635434782605
CRB1	0.20149008695652149
MUC6	-4.7182864130434785
CRB3	0.050709282608695005
CRB2	0.5523037173913041
GC	-1.7108629565217388
TEK	-2.1446549347826123
GK	-1.1675089347826049
PRR25	0.05847065217391303
HIPK3	-1.8292596304347768
PTRH1	0.48323686956521694
CLEC2L	1.5374343913043476
CLEC2A	-0.012025086956521734
SLC25A4	-0.3870501304347851
CLEC2B	-0.7902455652173925
CLEC2D	0.8078457608695668
TSSK2	0.0
PRR22	-0.09632139130434769
C10orf28	0.23512502173912964
LOC441666	1.321272065217395
P4HA1	-0.564400891304345
PDE5A	0.3067541086956531
CTBP1	0.17645641304348025
CTBP2	-0.2518076521739143
RAD54L2	-1.0790116304347848
C10orf25	-0.6696220652173945
C10orf27	0.08930054347826087
C10orf26	-0.44941589130434423
TSG101	0.21830139130434922
ORAI2	0.4123054782608717
LOC338758	-0.22798091304347956
VENTX	0.061759239130434906
HACL1	-0.41256415217390874
FAM158A	0.16065717391304357
GTF3C3	0.35276045652174304
GTF3C2	0.43448030434782403
GTF3C1	0.10658241304347982
SNORA70C	0.0
GTF3C6	0.4902576304347761
GTF3C5	0.47417686956521443
GTF3C4	-0.433157804347827
APOA4	-3.1683483043478295
APOA5	-2.650405760869571
IQSEC3	-1.2017130217391294
CD99L2	0.3440620217391288
GPRASP2	-0.5887831956521756
APOA1	-2.1341298913043616
APOA2	-0.3101486086956484
GPRASP1	-0.9442686086956487
XPO1	0.4469893260869551
XPO5	0.8998371304347828
XPO4	-0.06082426086956616
XPO7	-0.24967923913043677
SCARNA12	0.6649424999999991
LPIN3	0.49715895652174424
SCARNA11	0.012247282608695651
TTK	4.166789760869565
WDR26	0.15875004347826938
SCARNA10	-0.22345976086956498
MYPN	0.28677171739130425
LEMD1	-0.003618260869565265
TMTC2	-0.167372956521743
TTL	0.838155282608696
SPRR2E	-0.633946847826087
GAR1	0.3106548043478279
FAM123C	0.1488461956521739
FAM123B	0.16772230434782376
FAM123A	-0.04593089130434782
MRPS18C	-0.1746706739130488
SOLH	0.6914229782608707
DNASE1L1	0.018820152173910643
DNASE1L2	2.0860196739130457
DNASE1L3	-4.052746413043478
RAD51L3	0.34778180434782957
TFB2M	-0.033124065217398524
LOC80154	1.7917764565217382
EPS15L1	0.7541859130434805
GART	0.017609956521738468
MLLT11	0.5047770217391374
HPDL	1.7782227608695649
GARS	0.5587359130434724
ZEB2	-1.4958474782608722
NOC4L	0.41432100000000105
LOC157381	0.22413506521739135
ATAD5	1.6662164782608713
SFT2D2	0.24372621739130196
SFT2D1	-0.10635554347826925
ATAD1	-0.3078288043478281
IBTK	-0.4822944782608687
TOP1	-0.30745004347825855
ATAD2	1.3486554782608646
C22orf28	-0.0085409565217347
C22orf29	1.2080022391304368
FRAT2	0.20595486956522002
SNORD114-15	0.0
GIT1	1.0662874347826126
GIT2	0.2927754565217384
TMEM198	1.2321109130434769
TMEM199	0.4388917826086942
C22orf23	1.1875375434782636
C22orf24	0.1894913478260868
DCST2	1.5585717826086962
C22orf26	0.5457973913043475
C22orf27	0.02088654347826413
GHRH	0.1039225
CD40LG	-0.2866099782608682
SESN1	-0.49701169565218173
SESN2	0.15124808695651382
GHRL	0.4669242826086957
ZFYVE16	-0.08863921739129665
KRTAP10-8	0.0
SHROOM3	-0.9970407608695648
SHROOM2	-0.7687969130434782
SHROOM1	0.33686602173912483
MIOX	1.6404988913043477
MTIF3	0.11532241304348112
MTIF2	0.1532915652173905
SHROOM4	0.38873708695652276
MIOS	-0.4136795000000042
RASGEF1C	-0.5043759782608696
MRPL54	-0.30963219565217237
PELI1	-0.5175845000000017
VARS	0.8073399347826022
PELI3	0.6385944782608695
GPT2	-1.5973271086956533
TUBB2A	0.24477917391303983
SPARC	0.8027565434782638
VPS29	0.17797995652173704
ATE1	-0.8505053913043463
ESPL1	1.8409474565217376
HTR7P1	-0.3108978478260873
TUBB2B	0.6884573043478253
AIG1	-0.9756841304347823
NAPB	0.5545673913043494
DBNDD2	1.1205221086956474
SCN11A	-1.5496738695652175
DBNDD1	1.7181583043478277
GET4	0.34863482608695406
MYEOV	-1.4192485000000015
TTC27	0.5274111304347802
RIC8B	0.00759710869565744
ENOPH1	0.35981554347825906
CALB2	0.17703165217391248
CALB1	0.1075063043478256
AKNAD1	0.19266930434782611
FLJ30679	0.0502402173913043
PRSSL1	-0.25240819565217393
NFRKB	0.6051727826086974
SRPK3	1.1069152608695647
SRPK2	0.17791534782608132
BDKRB1	1.4951683913043476
TIAM1	-1.469507086956523
BDKRB2	0.6940302391304369
KRTAP10-5	0.04403369565217391
RSL1D1	0.00326623913043278
FAM20A	-0.27438067391304877
FAM20B	0.5160003260869566
FAM20C	-0.41733873913043595
ADARB2	-0.80309647826087
ADARB1	-0.16455365217391638
HAT1	0.18913445652173877
CXXC1	0.46935102173912746
WNT2B	0.7705032608695663
YAF2	-0.6904081739130401
CXXC5	-0.4802569565217336
CXXC4	-0.08693645652173854
SMEK1	-0.020220108695653494
KIAA0430	-0.1820353695652237
CTHRC1	3.297894913043479
CARKD	-0.46666802173913524
SPG11	-0.27862743478259944
AGGF1	0.10683856521739088
FLJ35776	0.2934607173913051
SPRR2B	-0.29159706521739126
TUBB	0.6102356521739036
NXF1	0.40940613043478535
MAGEA8	1.1576923913043478
KIAA0125	-0.26813556521739246
C6orf35	-0.25489158695652137
MAGEA3	2.2985521956521744
MAGEA2	1.6101813695652183
MAGEA1	3.9852711521739144
MAGEA6	2.764093717391305
MAGEA5	0.28840054347826094
MAGEA4	0.6226706304347828
NFX1	-0.2796578478260887
TEX13B	0.04412771739130435
RDH8	0.5457277173913042
ZBTB47	0.2597037173913055
EEA1	-0.16711339130434943
SLC5A3	-1.1082481521739105
RDH5	-1.902055326086952
OPHN1	0.4453610000000001
MSL1	0.30150413043478075
ZNF682	0.49161504347826224
ZCCHC10	0.21419282608696655
SLIT3	0.31668269565217955
GCDH	-1.4424346521739153
RRAS	0.5109433260869629
ZNF683	0.311580913043477
HOMER1	-0.0909871086956553
FIP1L1	0.26535380434782496
HOMER3	1.1065250217391247
HOMER2	-0.9893198695652146
OR13F1	0.003416847826086957
SEL1L3	-0.2501778913043502
UCN2	1.1300512391304345
ZNF681	1.4963151086956508
SEL1L2	0.014108173913043504
WDHD1	1.9697674130434768
SNORD19B	0.0
NOLC1	-0.1465650869565227
MSL2	-0.13939315217391623
STAG3L2	0.7914473478260868
FXN	-1.3546032173913023
SLC40A1	-0.7303500869565145
SARDH	-1.7910607608695628
RPL29	0.34919617391304314
NBN	0.007587304347833168
RYK	0.051558413043482076
UCN3	0.06924195652173912
NIPAL1	-2.9212471739130432
NIPAL2	0.2177721086956499
NIPAL3	0.5158070652173876
NIPAL4	-0.0017119565217388333
SLC34A1	-1.8673487391304344
THAP6	-0.3163207608695693
THAP7	0.3023606086956523
THAP8	0.9437161956521756
THAP9	-0.3479423043478267
YRDC	-0.33782989130434515
PCYOX1	-0.7627448913043526
IL1F9	0.16868702173913036
IL1F8	0.0038530217391304494
NAP1L1	0.6313843913043531
MLF1IP	2.3331295652173933
CHID1	0.02527452173912792
IL1F7	0.20507991304347806
EWSR1	0.3204455000000017
IL1F5	-0.2337293043478261
PLUNC	0.40910706521739143
EFNB2	0.15836706521739607
QTRTD1	0.060268065217394806
NAP1L3	-1.4156770000000014
TRIM15	-1.2746380652173928
TRIM14	-0.5587535652173887
LOC442421	0.5832208478260873
AHCTF1	0.3905408913043509
TAC4	0.1359212826086957
ZDHHC19	-1.4283230434782577
CCRL1	-1.0501161086956508
FAM58B	0.19240808695652178
FAM58A	0.5869477391304354
CCRL2	-0.24653610869565235
CYP4F8	0.05764073913043477
MUC17	0.15001445652173911
HDAC2	0.22057560869565584
FAM160A1	-1.9727202391304348
CHI3L2	-0.016578565217391095
CHI3L1	-0.8870261086956486
MUC16	0.10897743478260868
DFNB31	1.3695133913043467
THEMIS	-0.9031371086956526
CYP4F2	-2.906751108695646
ARL2BP	0.1809024347826096
ODZ4	-0.6157103695652166
PI4KB	0.7884148478260808
ASB2	0.18121521739130575
ASB3	0.15702384782608725
ASB1	0.25581382608695513
ASB6	0.40279989130434934
ASB7	-0.15309569565217096
ASB4	-0.3883620652173927
ASB5	0.2617724130434783
ASB8	-0.1571390434782689
ASB9	-1.0302706521739102
SAG	0.039245891304347844
ATP5SL	0.17155191304347106
FKBP1AP1	0.7505950652173929
ZAR1	0.020544565217391304
C2orf58	0.4521491521739127
RGS7	-0.8366595652173915
HDAC8	0.2375595434782607
C2orf52	0.7445871086956519
C2orf53	0.028496739130434778
C2orf50	0.055037891304347664
C2orf51	0.568886956521739
C2orf56	0.027627652173915607
C2orf57	0.04504239130434782
C2orf54	-0.15558493478260615
C2orf55	1.2501299130434793
PLIN4	-0.6943745652173909
SLC16A13	-0.9965850217391328
DPY30	0.4103783260869598
TMEM59L	0.7176508043478255
SLC16A12	-0.07618682608695515
FNBP1L	0.26546778260869
CHM	-0.24373095652173937
CHP	-0.9532178260869539
SPINK7	-0.14216682608695655
RINT1	0.22218145652173682
TBL2	0.4367816521739165
TBL3	0.33856397826086493
SPINK6	0.07174630434782614
SH3BGRL	-0.6008446086956525
KHNYN	0.720692782608694
TMEM161B	-0.015156673913048202
PDE8A	-0.6381110000000039
PDE8B	-1.2619548478260838
DBI	-0.25982149999999393
DBH	-4.38070360869565
SPINK4	0.24423750000000005
RPL6	0.5269970434782625
MANBA	-0.11653350000000273
RGS8	0.006374652173913042
UPK3B	-0.08154306521739407
TC2N	-0.46389408695652
POM121L9P	-0.13116234782608727
PGAM4	-0.45507715217391187
FLJ33360	0.03949215217391333
SPINK2	-0.03998297826086966
OR52K1	0.02484130434782609
WNK1	-0.02619423913042951
PGAM5	-0.14066534782608642
TMEM49	0.38811856521738797
SPINK1	2.7891940869565186
TCTN1	-0.06583402173913022
TMC7	2.0178174999999996
DBP	1.0011774130434823
TMEM47	-1.6789909782608703
POLQ	2.8807518913043473
DBT	-1.2776123478260821
TMEM43	0.07996315217391725
TMEM42	0.3692569782608741
HMHB1	0.2767407608695652
OR52K2	0.06353580434782609
FANCD2	2.5617127826086916
ZBTB33	0.0032342391304371887
SERINC5	-1.1322828695652172
SERINC4	1.0411531739130429
ZNF423	0.030686500000000727
LOC284837	0.8381073043478278
SERINC1	-0.9058013913043439
DHX40P1	-0.2778714130434782
ASTE1	-0.20064223913043477
GABRA5	-0.8853393043478265
MED1	0.04545030434782582
MED6	0.1941701086956531
LOC729121	0.009209782608695653
MED4	-0.21847643478260537
MESP1	1.863415086956524
PINK1	-1.0873712391304409
SMARCB1	0.5309910217391423
MED8	0.22437169565217552
LMLN	-0.2983576956521725
MNX1	1.2238901521739132
SCAP	0.39573597826088225
ZDHHC18	-0.018565739130435688
ZNF600	0.42291978260868923
MXD4	0.7438267826086928
ZNF606	0.5060080869565287
ZBTB32	1.0592670434782607
MLH1	0.1374655652173864
TREX2	0.7886326086956519
MXD3	1.6950910000000023
PKDREJ	0.3889461304347841
TREX1	0.012894434782605657
POP1	0.6020396956521772
LOC158376	0.08526652173913352
CAMTA2	-0.23025856521739207
GABRA3	1.281694934782609
CAMTA1	-0.246720217391303
CCDC90A	0.1003906739130489
POP7	0.29627708695652366
SDF2L1	0.8086760652173819
CCDC90B	-0.4666974130434802
LOC144571	-0.4566619130434777
GCA	-0.6199548043478273
AFM	-3.064602195652169
TCF7	0.33482760869565453
GPR119	0.2001545
GCG	0.338653108695652
BVES	-0.4689486304347823
OR11H12	0.047144565217391306
GCK	-1.976533760869566
POP4	0.5308096304347831
NPFFR2	1.8818793043478257
NPFFR1	-0.060974239130434774
LRRC37B2	0.7097121086956522
ZBTB49	-0.08698999999999568
GPR116	-0.1418421739130462
PLIN1	-2.531930413043483
EPS8L1	-0.7502642826086952
EPS8L2	0.06478893478260872
EPS8L3	4.780206000000002
AFP	2.0628049347826085
ZCCHC16	-1.7959237608695657
LOC643923	0.025046739130434783
ABTB1	0.0892501739130438
ABTB2	-0.4779118260869506
GPR114	0.12193389130435062
PROZ	-2.5857251304347875
AZGP1	-2.3534806521739053
PPP5C	-0.06499565217391279
MBIP	-0.5907581086956544
BTD	-0.6011906086956511
RBMXL1	-0.8808912826086956
GPR111	0.12934891304347823
BTC	-0.4699968913043502
NXPH3	1.1211921304347863
NXPH2	-0.40049534782608687
NXPH1	-0.23446932608695642
PROC	-1.083845086956524
ISLR2	0.3042615869565246
BTK	-0.8232757173913026
KIAA0494	-0.35466069565216785
MDN1	-0.9871506304347832
LGR5	-1.117263195652173
RPRD2	0.30310013043479067
RASGRP3	0.3046217173913055
AMPD3	0.2611970217391333
AMPD2	0.12265850000000178
AMPD1	-1.0655990869565215
ZUFSP	0.27904243478260593
CYLC1	0.006021195652173914
CYLC2	0.011173913043478262
MMP17	0.5283315434782612
ZNF91	0.2301567826086952
ELAVL1	0.30252889130434824
AREG	-1.7623884782608705
KIAA1143	0.13853060869565859
RASGRP4	-1.270325695652173
RPS6KB1	0.015998413043474713
PRPF40B	0.9730266086956538
PRPF40A	-0.045952369565215534
RPS6KB2	0.3092311739130498
ENKUR	-0.5973784565217399
MCART6	0.17713645652174037
CST9	-0.030440086956521742
MRGPRX1	0.009467934782608696
MCART2	0.08814656521739028
MCART1	0.3120837391304283
LSM14B	0.5105862391304399
SNORD70	0.0
TBPL1	0.0031111521739140002
PRELP	-2.1142660217391382
KIAA1147	0.2213990652173976
LSM14A	0.1494160217391336
GPCPD1	-0.4661865652173951
LOC653653	-0.8693078913043459
DPAGT1	0.2719130217391328
SALL1	-1.369947152173907
SEPHS2	-0.1260775434782655
SEPHS1	0.12222297826086859
TET2	-0.5062251304347862
RBMXL2	-0.4472166739130431
UBE2D3	-0.5877487826086973
OR2F2	0.02254891304347826
ZNF93	0.7251666956521747
RPS4X	0.3237445217391297
UBE2D1	0.050464173913045585
MOBKL3	-0.07773852173913198
FSD1L	1.011006652173911
ATXN2L	0.6557574130434833
BUD13	0.5272339130434771
ZNF627	0.19451332608695626
MLL2	0.6094543478260857
TMED10P1	0.09492619565217364
DLST	-0.4575374565217345
YOD1	-0.1328111521739075
KIAA1370	-0.575178456521737
SYT14L	-0.016845173913043476
SNORD76	0.0
ISY1	0.29227695652173935
F2RL3	1.9493890000000031
F2RL2	-1.0205196304347854
F2RL1	-1.0297866521739119
CT47B1	0.9836985217391303
XAB2	0.4999188478260912
SETBP1	-0.9395235652173941
SNORA56	0.015071195652173913
ST6GAL2	-3.5227527391304343
MLL5	-0.12252815217391522
SAPS2	0.1340658478260881
SAPS3	0.012387130434783344
PCBD2	-0.07814884782608544
PRDX6	-0.29720580434782384
?|317712	0.003092934782608696
IL1F10	-0.0027155652173913095
PRDX3	-0.781334717391303
PRDX2	0.1005339782608754
PRDX1	0.22506223913043577
SNORA11D	0.0016391304347826085
AP3S2	-0.2561996521739083
SNORD77	0.0
AP3S1	0.29162997826087
HBII-52-24	0.0
PITX2	0.7741950434782612
PITX3	0.2617260869565218
MED21	-0.08056413043478372
PITX1	3.745490217391303
OTUB1	0.37714754347826585
FERD3L	0.0033836956521739133
TRIM55	-1.0145668478260852
OTUB2	1.5439957391304358
TMCO1	0.5641930000000066
NPTN	0.17448845652173617
AXIN2	0.09472873913043589
AXIN1	0.34630654347825995
MMRN2	0.04269750000000094
LOC146336	1.5768026739130445
CAMP	-0.5013583913043478
LOC100126784	0.9546098260869571
LOC146880	1.241411521739134
CCL5	-0.7376827826086991
ERO1LB	-0.34041436956521487
SAP130	0.6122799347826042
RDH10	-0.02510376086956967
TRIM54	1.9052435652173907
RDH11	-0.3579326086956449
APOF	-4.504456913043475
LCORL	-0.41849441304347756
VASN	0.39756208695652084
LOC648740	0.8791682391304352
XPNPEP3	-0.20623004347826868
SRRD	0.5595606304347847
HMGB3L1	0.042508413043478244
CROCC	1.160262782608691
TRAPPC6A	0.18181732608695533
NBPF16	-0.11511215217391513
NBPF15	-0.41352484782608556
APOE	-0.046237043478264184
MED23	0.06977858695652017
NBPF10	-0.5568737173912979
SR140	0.48604260869564975
VASP	0.16155254347826187
GMPPB	0.3028656739130362
PAPOLA	-0.11302371739129313
PAPOLB	-0.027119413043478285
LYPLAL1	0.3244332173913005
IGLON5	-2.4333489782608693
RPS6KA5	-1.1535220217391275
HCG4P6	0.5421992826086957
SUMO1P3	-0.09144804347826252
C12orf11	0.05827278260870017
KATNB1	0.6804502608695673
SCGB3A1	-2.0074269782608707
SCGB3A2	0.1075998913043478
FAM178B	1.0325139782608694
TSEN54	1.1536693913043532
DCAF7	0.25141767391304626
DCAF6	-0.278611065217385
DCAF5	-0.28234810869565585
DCAF4	0.6813609130434788
LAMP3	0.4793095869565249
DCAF8	-0.045552565217391816
LAMP2	-0.1864998478260862
CD38	-1.4487203478260895
C9orf30	0.11354184782608279
TSSK1B	-0.3670193913043478
ZFX	-0.39816943478260036
PEG3AS	0.055363239130434755
C9orf37	0.6415215869565225
ZFR	0.13893669565217337
IFI27	0.4762349565217452
CD33	-0.8492016521739112
CD34	2.2688891956521733
CD36	-0.377348521739135
CD37	0.005027608695650443
POLR3F	0.6358648043478272
JOSD1	-0.1485987608695627
POLR3D	-0.19960580434782127
POLR3E	0.0667226304347821
POLR3B	-0.3619347826086923
POLR3C	0.5541373260869555
POLR3A	0.15204260869565012
APCDD1	-1.1776415217391323
TXNDC3	0.32052786956521795
TXNDC2	0.043353152173912946
TXNDC5	0.05381054347826186
POLR3K	0.5496850434782621
LHFPL4	1.2323970000000006
MTBP	2.104921369565212
NAT14	1.087640673913043
PDZD7	1.334267608695652
LOC442308	0.047044043478260855
PKP4	0.35038182608695756
FAM46D	0.10885880434782608
USP43	-1.6523832826086933
DNMT1	1.0452151956521778
FAM46A	-1.6846682391304348
FAM46B	0.36772808695652204
FAM46C	-1.9007516956521773
PSD3	-1.3762206086956486
PSD2	0.5090269565217385
TPST1	-1.1364636956521732
WDR69	0.01951776086956522
TRIM50	1.8893725652173923
CYP51A1	-0.021449608695654376
TUT1	0.13301271739130271
CDNF	-1.3379366739130418
ASRGL1	0.6805544782608672
WDR61	0.13406132608696275
WDR66	-2.170542739130434
WDR67	1.668002673913044
WDR64	-0.5890835869565219
WDR65	-0.9659560217391312
C1orf220	1.3188793478260887
C1orf223	0.528830891304348
HOXD8	2.4886353260869583
HOXD9	3.3378025434782597
C1orf227	0.7821398695652172
C1orf226	0.2175453695652152
C1orf229	0.9467618478260884
C1orf228	-0.878873891304349
SLC25A1	0.10519432608695922
PRMT1	0.568118152173918
PRMT6	-0.5643345217391307
HOXD1	2.3407442173913044
R3HDM2	-0.15338445652173505
HOXD3	1.902899108695652
TECPR2	0.058228847826086394
RETSAT	-0.9372544565217389
TAAR6	0.09337065217391304
TMEM176A	-0.7288175434782662
HMGCR	-0.18209060869565263
TMEM176B	-0.82139739130435
LOC728758	0.5047161086956544
WDR60	0.41868141304347706
MTPAP	-0.04107330434782952
ZNF702P	-0.17372502173912885
WNK4	2.709262869565217
ORMDL2	0.7049664782608627
ORMDL3	-0.5446619347826083
ORMDL1	0.30132521739130347
KIF5A	0.42642982608695623
KIF5B	0.11811078260870467
KIF5C	0.2489557608695625
MED26	0.2852674347826083
MASP1	-2.1727057173913114
MASP2	-1.7893013043478252
TRIM52	0.7281037173913072
GLT1D1	-1.949293804347823
SIRT1	-0.8796987826087026
CD3D	0.39764239130434476
CD3E	-0.45777160869565137
CD3G	-0.3089965869565199
PMS2CL	-0.019229978260871583
ACADS	-2.014309434782609
FBP2	0.03889708695652172
NCRNA00169	0.07923015217391316
FOXJ1	0.8840926739130435
NCRNA00167	0.44837932608695596
OR10V1	0.027557065217391305
HSPG2	0.7005507826086976
FOXJ2	0.0514191521739118
KAT2A	1.5596268695652125
NCRNA00160	0.2719755434782609
LARGE	0.1665119347826085
CD209	-1.0694543043478264
SESTD1	0.7994121086956483
FOXJ3	-0.20911658695651703
LAIR1	0.33293952173913155
FAM55B	0.12837673913043476
IFNGR2	0.13935504347826466
LAIR2	0.9705591956521729
CD200	2.05465447826087
FRAS1	-0.6650765217391301
SEC16B	-0.41556878260870356
CMIP	-0.1466677173913009
ACADL	-3.3219888043478267
ACADM	-1.685375413043479
GVIN1	-1.0040379565217359
CD207	-1.9112697173913076
IARS2	-0.0038805652173810046
USP49	1.229458369565217
ECSCR	0.9799997173913049
OR13C5	-0.034346086956521735
USP45	-0.17588923913043608
PLIN2	-1.9429789347826052
USP47	-0.3516308260869554
PYCRL	0.8790645652173925
TBCD	0.3360815652173894
PPARGC1A	-2.070716760869569
PPARGC1B	-0.2922390217391313
USP42	0.0708384347826101
KCNK16	-0.2664475869565217
HCP5	0.8107631956521733
PHACTR3	-2.791461000000001
SIRT7	1.0377188913043476
CANX	0.3849106956521755
MADCAM1	-0.138485673913044
CX3CL1	-0.46630334782608784
LENG1	0.29481282608695825
MAFG	1.2583469782608674
KCNK15	-0.5809305434782615
UMPS	-0.13428719565217406
SMAP1	0.22843406521738352
SNAR-A13	0.0
RAD50	0.08966589130434421
CDK11A	-0.09927269565217145
CDK11B	0.18531632608695858
OVCH2	-0.049507478260869583
FLJ42289	-0.6532749782608729
BRD7P3	0.04277158695652181
TREML2P1	0.002992391304347826
NCAPD2	1.5961715434782606
SCRN3	-0.22496391304347796
SCRN2	0.20151739130434798
SCRN1	-0.11596530434782526
CDC20B	1.367543891304349
POLA1	0.8091416304347803
PPP1R11	0.361442978260877
TNP2	0.0037956521739130437
WNT11	-2.4059794347826076
ATOX1	0.6074863260869652
SNORD60	0.0
ACAD8	-0.501769782608692
ACAD9	0.04711086956522337
NANOS3	0.36830641304347855
NANOS2	0.1257070652173913
UEVLD	0.006693130434785033
CYP2E1	-4.773522891304346
NEU1	1.0879279130434778
TPRG1L	-0.7966318478260828
LOC154822	0.21877049999999953
MMACHC	-0.6132936739130468
NEU2	0.01564619565217391
NPBWR1	-2.0225374130434792
C10orf47	-0.3721962391304299
C10orf46	-0.04067823913043078
NEU3	-0.11645469565217592
C10orf41	0.6702845434782638
C10orf40	0.002953804347826087
USP8	-0.33123089130434735
FAM199X	0.2408042173913003
ULBP1	0.9635784130434784
STK32C	0.4131135869565217
PPP1R16A	1.0626468695652243
WSB1	-0.0818137173913005
RPS7	0.650714891304343
ADAMTS10	1.0950548043478259
ADAMTS13	-3.12620334782609
ADAMTS12	-0.4086694999999998
DHDH	0.957207673913044
ADAMTS14	0.9323925869565213
ADAMTS17	-0.39183599999999785
ADAMTS16	1.8990783913043456
ADAMTS19	0.018871869565217372
ADAMTS18	1.4489260217391304
VDAC1	0.28262793478260306
MEX3B	0.8028715652173908
RPS9	0.2858449130434835
RPS8	0.5033284565217304
TXNDC8	0.0
DEF6	0.20297026086956382
DHX58	-0.6856707391304351
TRABD	0.371163000000001
DHX57	0.942036478260869
DEF8	0.7716431086956437
ZW10	-0.03103771739130501
SNRPD3	0.38369758695652223
TSPAN2	-0.4453210869565192
ARPP19	0.03220358695652159
PPBP	-2.5325389347826093
SLC6A18	0.15342119565217388
TMEM204	-0.1711645869565217
TMEM205	-0.18617782608695066
TMEM206	1.3898172173913084
TMEM207	0.23213945652173912
SLC6A13	-1.891074239130437
SLC6A12	-2.078060586956516
RFX6	0.7132599130434778
VPRBP	-0.16421352173913029
SLC6A17	1.204442760869565
SLC6A16	-1.2822514999999992
LOC389458	0.47501806521739165
SLC6A14	0.7336484565217386
GALT	-0.36902010869565416
HMGCS1	0.006431500000006807
HMGCS2	-1.826980630434786
USP3	0.3291771304347879
GALP	-0.5205303913043469
PHF5A	0.3590381086956569
KIAA1328	0.4029102173913053
DDIT4L	0.5089440869565225
SORD	-1.539942108695648
GALE	0.126381434782612
NLRX1	-0.08475428260869755
IGSF22	-0.2614445652173911
IGSF21	0.6077553478260853
GALC	-1.040876978260866
GALM	-0.5671542391304296
CYP4F22	-0.6604113913043506
NUP50	-0.28300671739130934
NCRNA00119	-0.5662621739130432
C14orf93	1.1808303043478299
TTTY3B	0.0
ZSCAN20	0.793517108695653
LOC729668	0.12976084782608693
ZSCAN21	0.447304978260874
TAPBP	0.24165232608695675
ADRB1	-1.880878152173914
ADRB2	-1.839611021739131
ADRB3	0.2343650652173914
SCARNA17	0.35680056521739045
SCARNA16	0.41725436956521716
SCARNA15	-0.014738239130434781
SCARNA14	-0.003959239130434784
KIAA0556	0.9199323260869523
SCARNA18	0.030367391304347825
CSNK2B	0.659243456521736
MCM3AP	0.35456091304347837
RASGRP1	-0.44098652173913067
FCGR3A	-1.61095163043478
FCGR3B	-2.3244034565217384
RARG	0.4041156304347835
LOC100270746	0.2910889347826098
LOC654433	0.09030369565217189
NCRNA00081	-0.10103876086956554
OR2AK2	0.002953804347826087
LOC220930	0.8782876956521717
ALDH1A1	-0.5042074999999873
ALDH1A2	-0.5578812608695625
ALDH1A3	-2.018510000000001
PRICKLE1	-1.5497347173913036
PRICKLE2	-1.3659195652173883
PRICKLE3	0.18677358695652035
PRICKLE4	0.490674260869568
RPL28	0.7866306739130433
DEFB4A	-0.029486956521739133
CCNJL	0.14531891304347955
NANS	0.24731019565217416
RPL24	0.3097476304347797
RPL27	0.8214386304347805
RPL26	-0.1551790000000075
RPL21	0.31661956521739065
SLC35B3	0.11132978260869741
RPL23	0.679414630434783
RPL22	-0.03880910869565746
ATG3	0.11097350000000006
GLT25D1	0.5692376304347828
LOC285593	-0.02098730434782725
SLC16A11	0.4603352608695719
ATG7	0.46635804347825527
HNRNPAB	0.37223773913043345
ATG5	-0.39878417391303955
LOC100132247	0.4059976086956496
EYA4	-0.4223108260869568
SPINK5	2.260311717391305
SOX5	-1.5382037173913057
EYA1	0.9165371086956519
MRPS5	0.029566760869560227
EYA3	-0.3426621304347828
EYA2	-2.12776513043478
MPND	0.11168826086956507
LOC400759	-0.6139089130434789
HPX	-2.585206239130434
CALHM1	0.1316182173913044
USE1	0.37380028260869125
CALHM3	0.17052784782608701
CALHM2	0.19793213043478186
HPR	-2.304434391304344
LOC727924	0.1987269565217391
LOC152024	0.31908543478260865
LOC400027	0.37873293478260894
MRPS2	-0.3557030869565274
KRTAP13-4	0.0
KIAA0495	0.39732358695651904
HPN	-0.8161738260869633
KRTAP13-2	0.02482717391304348
KRTAP13-3	0.0
CD24	1.0467943043478272
HPD	-3.088289478260867
WFDC11	0.0029945652173913044
LOC644145	-0.029168695652173914
WFDC13	0.020605739130434786
WFDC12	0.11108156521739132
GABARAPL3	-0.9384925
ZNF358	0.03062417391304706
SNORA11C	0.0
SNORA11B	0.01985054347826087
OAZ2	-0.18503795652173594
OAZ3	1.0339742391304347
OAZ1	0.35583702173913423
TMED9	0.6066167173913026
OR4Q3	-0.028878869565217388
LOC285045	0.038587500000000004
FAM26F	-1.2048250869565216
FAM26D	0.061202608695652166
FAM26E	0.01770021739130634
ZNF429	-0.633575130434779
RSPH6A	0.05551532608695653
HAVCR1	1.566008760869566
HAVCR2	-0.8598514565217377
FXYD6	-0.902600521739128
FXYD7	-0.35476093478260884
FXYD4	0.048389130434782615
FXYD5	0.11806517391304361
FXYD2	-1.4759164565217375
FXYD3	0.5843028913043478
MT1IP	-0.1562015652173913
FXYD1	-2.851174021739128
PPTC7	-1.1397332391304316
KIAA0146	0.3635213260869481
MAFK	-0.5109120434782728
DMGDH	-2.5163018478260906
CREBL2	-0.8407882173912942
MAFA	1.4302169999999998
C6orf10	-0.04533115217391304
PLIN5	-0.4122493043478226
IGFN1	0.38901545652173986
PLIN3	0.16107189130434918
MAFF	-1.2850213478260848
C6orf15	-0.02345095652173912
RPS21	0.9174058043478297
FASTK	0.7711474130434723
MGC3771	0.3545116521739118
TGFBRAP1	-0.6766687826086972
KDM4B	-0.10648186956522032
PALM2-AKAP2	-1.015802869565217
RBPJ	0.1848802391304467
KDM4A	0.0416901521739117
ZNF79	0.16666319565217602
SNRNP35	0.30662432608696477
MED13	-0.2662594130434819
DISC2	0.010817304347826101
NCRNA00110	0.20131802173913038
MED14	-0.2861501521739154
OR51A7	0.0
WT1	-0.22889678260869584
RNF24	1.1604269565217384
MED15	0.5456086521739199
ZIC5	3.861381347826088
MED16	0.11738382608695908
HCG27	1.0653577173913038
CYP2A13	-1.9180063043478275
CCR10	0.7047872826086987
KDM4D	0.36706745652173955
WDR55	0.29538245652173956
RBP1	-1.5827616956521737
PRINS	0.18646341304347824
RBP3	0.001324934782608693
RBP4	-1.4950430869565317
RBP5	-1.5905801304347857
RBP7	1.7943569130434742
TUBA8	0.29577421739130916
WDR53	0.4901266956521777
OR51A2	0.0
OR51A4	0.0
MGC87042	0.10526113043478214
KRAS	-0.5364274999999985
ADAM6	-2.7751493695652076
ADAM7	0.03008260869565218
LPHN3	-0.009122739130433377
ADAM2	0.025417934782608696
ACYP1	1.407111326086956
ACYP2	-0.8347145217391319
EEF1G	0.34457736956521323
ARPC1A	0.6399430652173965
ACSL1	-2.437191760869556
ACSL6	0.41062252173913105
ADAM8	-0.08788449999999859
ACSL5	-1.5302652608695624
EGFL7	0.3362231739130426
EGFL6	1.9762503478260873
NKX1-2	0.042643239130434794
CHTF8	-0.39579347826086675
TTC9	1.3088609782608707
ARPC1B	0.7744956739130426
SMPX	1.888405173913043
C20orf160	0.7615309130434724
C20orf166	0.05620760869565217
EEF1D	0.6014259782608775
C20orf165	1.0307269782608706
IL20RA	-2.1316227826086966
HTR5A	0.11211413043478259
TRIM39	0.5107565652173882
IL20RB	-0.9642121521739169
RPL8	0.9647926086956442
INTS2	0.12898208695652436
HR	-0.6702187826086958
OLFML1	-0.8336695217391261
HP	-3.34991304347826
OLFML3	-2.3077375652173915
KCNQ1OT1	1.0718593913043462
KLRC3	-0.29551773913043444
G6PC3	0.762250347826086
G6PC2	-0.053791434782608505
NEBL	-1.794476369565218
FEN1	1.5843963695652228
ACSL4	1.8188269347826118
C21orf29	0.6357295869565229
KREMEN2	1.1128701086956516
KREMEN1	0.3387746521739121
ADAM9	0.43536782608696356
LUC7L	0.6350402391304399
NEK11	0.017411630434784442
INTS6	-0.8425570652173899
NR1I3	-1.7503385434782572
CYGB	-0.4205772826086953
INTS5	-0.045110695652178734
FAT2	0.7748345869565212
WISP2	-1.6167158695652204
GPRC5A	-2.034339326086956
MLST8	0.5332335652173867
WISP1	-0.9114645652173898
MNT	0.22974013043478259
VRK2	0.04627371739130304
SPO11	0.012031521739130436
SULF1	0.5211644347826043
ERMAP	-0.5714151956521754
IL22RA2	0.0930706521739132
IL22RA1	-0.202111543478261
SPSB4	-2.672772521739129
FLYWCH2	0.6998072391304326
TPP2	-0.555072543478266
FLYWCH1	0.7807417173913098
INTS8	0.927073304347827
RCN3	0.3292752391304381
MGC72080	0.19560460869564977
RCN1	-0.16070178260870094
TXNDC6	0.21586767391304384
MN1	0.3840754565217379
OR52A1	0.003248369565217391
PSG9	0.3174633043478261
DNAJC30	-0.21956356521739195
RHOV	0.1194478695652168
OR52A5	0.003913043478260869
OR52A4	0.003316847826086956
ANKRD27	0.9050433913043481
ANKRD26	0.19314756521738818
UBFD1	0.12221845652173258
ANKRD24	-0.8684756521739132
ANKRD23	1.3884869130434812
ANKRD22	-0.2192696956521738
GOLGA6A	-1.6641910869565197
ACO1	-0.9530750652173818
RHOB	-1.6665505000000032
PTGES	0.8675278913043485
ACO2	0.04817741304347756
RHOG	0.3014675000000029
CYTIP	-1.248372021739132
ANKRD29	1.137109043478258
ANKRD28	-0.38834804347825447
INHA	1.5186058260869573
TMEM66	-1.0153792826086967
TMEM65	0.6236273913043471
TMEM64	-0.08692167391304473
TMEM62	0.20993008695652193
TMEM61	1.276573586956522
TMEM60	0.15467976086956625
OC90	0.06699184782608696
PATE1	0.011120652173913045
TMEM69	0.4213844565217393
TMEM68	0.5198124565217421
ITM2C	-0.05595647826087102
ITM2B	-0.3643917826087044
ITM2A	0.18833143478261238
TNFRSF9	0.6158705434782601
EGFL8	1.6673313260869547
TNFRSF11A	0.06592286956521942
IQCF6	0.07226141304347826
?|8225	0.40429684782609243
CIR1	0.15884278260869067
IQCF2	0.002734782608695652
FJX1	-0.06038460869565654
IQCF1	0.21063293478260867
UGT8	0.6389769565217386
LOC284232	-0.03194063043478179
TRY6	0.33794945652173913
PYROXD2	-1.9096594565217382
TRIM38	-0.28716797826086626
PYROXD1	0.06608299999999545
TREML2	-0.9264469130434776
RPS14	0.5130793695652205
SMC6	0.31776304347825857
OGFOD1	-0.20737939130435024
ZNF629	0.33854610869565427
OGFOD2	0.5202573260869574
ZNF624	0.4596341304347824
WFDC3	0.4037248478260864
RUFY4	0.9401914565217375
RPL9	0.13230495652174135
ZNF620	0.4304138043478254
ONECUT3	0.12297554347826085
ZNF622	0.2136865652173956
ZNF623	0.6365573913043461
EID2	0.12941356521739156
NEURL2	0.6037121956521752
NEURL3	0.8116095217391335
NEURL4	0.35680789130434754
UGT2B11	0.549452413043479
RPL7	0.43167813043478453
S100A9	-1.6572081521739133
SNORD105B	0.0
RPL4	0.344985239130434
APAF1	0.22840004347825626
S100A8	-2.8652981304347804
RPL5	0.39530426086957426
OR2A7	-0.40492215217391614
FSCB	-0.010296282608695646
GML	-0.04835143478260869
TMEM120B	1.4972628260869527
PDZK1P1	0.7409850434782612
MANBAL	0.8149309130434776
LOC283999	-0.2066432391304348
MLXIP	-0.14513058695651893
ADC	0.5471975000000011
ADA	0.7668021956521738
ADO	-0.23325682608695253
ADM	-1.2714893043478348
ZNF77	0.7274303913043481
ADK	-1.2283369999999998
PROX2	0.0675516304347824
ZNF488	0.20549402173913034
FHDC1	1.2955004130434773
PPIL1	0.5311403260869518
ATCAY	0.22224945652173905
RASGRF2	1.6891791521739155
USHBP1	0.7510060000000021
ZNF480	0.5414648695652202
MEIG1	0.1750308695652174
ZNF483	-0.1095786956521767
ZNF484	-0.4458237826086924
TMC5	1.5238873478260895
IGFALS	-4.9796221304347865
ZNF487	-0.37731197826086715
ZIC3	0.06242445652173912
PRM1	0.01743423913043478
PRM3	0.0
PRM2	0.05597228260869565
OR6B1	-0.0155210652173913
DECR2	-0.3433088913043427
BRE	0.39373658695652125
S100A2	0.6469831739130438
CD200R1L	-0.04554323913043479
ACVR1	-0.4348727173913023
SH2D4A	-0.6378192826086959
SLC25A2	0.17002669565217388
KALRN	-1.151887499999999
TTTY17B	0.0
JUNB	-1.568381695652178
SNORA77	0.007480434782608695
JUND	-0.8948773043478262
TFF2	-2.260043695652174
TFF3	0.026401891304347558
HIST1H2AM	1.6612041739130434
HIST1H2AL	0.9914609565217387
OR7E156P	0.10698043478260867
WDR63	0.07643717391304361
HIST1H2AH	0.6416234347826086
HIST1H2AK	0.7313868913043478
HIST1H2AJ	0.5927665869565216
HIST1H2AE	1.0118512826086947
HIST1H2AD	0.7620670652173915
HIST1H2AG	1.405808543478262
HIST1H2AA	0.24262356521739137
THAP10	0.0902826304347828
HIST1H2AC	0.23847032608695784
HIST1H2AB	0.3310125217391304
THAP11	0.12266473913043541
WBSCR17	-1.074903934782609
PRPF19	0.16568497826086137
MPL	-0.13875126086956335
SNORA76	0.4962438478260867
TCFL5	0.677397869565219
HIGD1A	-0.8271682608695627
HIGD1C	0.10377130434782607
HIGD1B	3.174031195652173
SNORD6	0.0
SNORD7	0.0
OR4N3P	0.1487983695652174
SNORD5	0.0
SNORD2	0.0
PTPN1	0.07962184782608794
GOLGB1	-0.1693622608695673
FAM179A	0.513274108695652
FAM179B	-0.48542026086956813
SNORD9	0.0
TMPRSS9	0.06861226086956407
TRAF2	1.1043934782608655
CPXCR1	0.1529766304347826
TRAF4	-0.15101354347825335
TRAF5	1.4872382608695638
KLB	-0.10522989130434368
TRAF7	0.5299617173913056
HOOK2	0.2110924130434757
HOOK3	-0.03734302173912951
TMPRSS2	-1.8078143260869588
HOOK1	-1.1474426956521704
TMPRSS4	-0.615618760869566
TMPRSS5	1.0544862173913057
SUZ12P	1.1735986086956505
TMPRSS7	0.3110149347826087
ESD	-0.49506473913043614
TSC2	0.5488968043478231
KCNE1L	1.9163930217391316
OR4F6	0.0
SEBOX	-1.1862721739130435
OSTBETA	2.6114151086956494
ABCC12	0.29352252173913046
ABCC13	0.03386404347826094
ABCC10	1.5844306304347864
ABCC11	-1.0058604782608676
KIAA0226	0.4653047608695644
KILLIN	0.10064650000000164
OR4F4	-0.03608489130434783
LOC348021	0.03495869565217391
TEDDM1	0.5776445434782607
SNAR-G1	0.0034380434782608697
TGIF2	0.2485956304347816
RSU1	0.17087654347825953
DSPP	0.1802369565217391
SNORD33	0.0
EMG1	0.34024852173912556
DKC1	0.5135348260869588
HEATR7B2	-0.5240102608695663
TBC1D10C	0.22258695652173888
SLC4A1AP	0.2665353478260908
FLJ37307	0.5243475434782598
MUSK	-0.7465453043478264
MOV10	0.30115556521739073
TRIM16L	1.4788866739130446
ABP1	-1.8220230869565226
MOCS3	0.05083752173913236
LASP1	0.5840966521739119
MOCS1	-0.46422193478260354
TM7SF4	0.5317141086956525
PMAIP1	-0.6694506739130435
SRP54	-0.2770898478260815
SLC33A1	0.02358184782608852
ZNF585A	0.4129447391304346
COMMD8	0.12383517391304366
COMMD9	0.37728578260870016
KANK1	-0.7647956956521735
COMMD2	0.5014454347826156
COMMD3	0.44908458695651987
COMMD1	0.0336537391304379
COMMD6	-0.09228902173913411
COMMD7	0.3047992826086894
COMMD4	0.9351292826087008
COMMD5	0.8736023260869548
TSC1	0.9635045869565193
VTRNA1-2	0.0
ZNF585B	0.05460726086956935
METTL12	0.8154891304347807
METTL13	0.5627586739130486
METTL10	-0.25868432608695624
METTL14	-0.6389901739130419
ZNF862	1.1872636086956554
ZMYM2	-0.24095145652173855
NPR1	-0.526990195652175
NPR2	0.004247282608695002
NPR3	-1.1083479565217385
ATXN7L2	1.2217046956521722
ZMYM4	-0.01702630434782826
TPM3	0.5630575217391218
CAMK2D	-0.6167501739130401
WIPF2	0.09097091304347771
CYP2B7P1	-2.6737739347826057
CAMK2G	0.5470499565217377
ZNF177	0.7033433478260855
CAMK2A	0.0011793260869574773
CAMK2B	-3.6168135217391324
PAN2	-0.12901802173913524
RIOK1	0.3794035869565189
TMEM215	-0.07963702173913048
UTP14A	0.5923975869565279
LOC100288778	1.0587378695652143
APBA1	-1.0877330869565238
DEPDC1B	2.9136936521739094
TMEM184C	-0.5357939130434755
SMAD5OS	-0.371879108695651
SHFM1	0.5984170434782552
JAK2	-0.619876391304345
LPAR4	0.6250600652173912
C20orf201	0.654562260869565
RNASE13	0.5584913695652172
RNASE12	0.08410543478260869
APBA2	-0.4130088478260854
S100PBP	0.5140786304347849
C6orf150	-0.05886708695652265
ZSCAN18	-0.4582844782608646
RPL19	0.5157050217391301
C6orf153	0.6008168695652181
C6orf154	0.2673067826086961
C6orf155	-0.31431347826086986
SLC30A9	-0.25683180434782393
TROAP	4.303361847826084
OR5A2	0.0
SEC16A	-0.1918720434782628
OR5A1	0.012360869565217392
ENOX1	0.9003681956521747
CD1D	-2.543547673913043
CD1E	-0.8446234565217385
ANO8	0.20266402173913178
ANO9	1.0234522391304348
CD1A	0.32862597826087026
ANO4	1.277116782608696
ANO5	-1.1634871956521753
ANO6	-0.3747118260869513
ANO7	0.2875099130434773
C9orf57	0.7499770869565217
ANO1	-2.1529122173913073
ANO2	1.662727782608696
ANO3	-1.913257217391306
POLR1A	0.5370385869565233
POLR1B	-0.38896506521739305
POLR1C	0.32068326086956844
POLR1D	0.23206939130434634
POLR1E	-0.808526804347828
LOC100134229	-0.06565121739130575
COL3A1	-0.34350413043477523
PEX26	-0.38116076086956596
MC4R	-0.016815195652173875
HIP1R	0.4548531739130439
TCP11L1	0.09059817391304037
WDR41	0.14661595652174597
DUS1L	0.5974097608695672
ATP2C1	0.07645621739130704
WDR44	-0.6931518695652183
WDR45	0.16486186956521287
WDR46	0.7311427173913039
HCG22	0.31745893478260856
WDR48	-0.09777191304348598
USP54	0.5900688043478253
UBE2N	0.16836032608695461
TTC21B	-0.11396480434782852
GTF2B	-0.25811626086955997
SNAR-G2	0.0
GRM8	-3.329077347826087
JAK3	0.035304565217392
JAK1	-0.49898345652174214
GRM4	0.905235543478261
GRM5	0.5182284999999998
GRM6	-0.030110152173912885
GRM7	-0.4885195652173918
GRM1	0.3413105652173914
GRM2	1.3836739347826081
GRM3	-0.2252599130434786
SLC25A26	-0.28808132608695836
HOXB8	0.9471982391304347
HOXB9	0.9408638043478259
ZNF507	0.012014782608696706
LOC729020	-0.43292402173913125
HOXB2	0.06492263043478275
HOXB3	0.39484360869565016
HOXB1	0.015128804347826085
HOXB6	-0.2161160434782632
CHUK	-0.2448964347826088
HOXB4	-0.3366969347826094
HOXB5	0.09609760869565198
PPARG	0.2398529565217391
PPARD	0.36863993478260504
WDR54	0.9009654782608667
RHOU	-0.18604886956521938
PPARA	-0.6198674782608702
TREML1	-0.310494543478261
CSGALNACT2	-0.21898156521739232
SPAM1	0.04271576086956522
CSGALNACT1	0.3704187608695655
C5orf13	0.5756202826086962
POLR2E	-0.0022749565217417
C1QTNF9B	0.3522638913043479
RHOJ	0.1235737391304319
TNFSF12	-0.3280157826086967
PTF1A	0.3455336086956523
SPDEF	0.490256282608696
MAGOHB	0.42784245652174224
OR4E2	0.020192934782608696
ST7OT3	-0.023085500000000092
ST7OT2	0.00949293478260868
MPP3	1.57757406521739
CD14	-1.95214565217392
GOLGA6D	-0.2642662391304348
EML3	0.10528467391303842
CTAG2	2.723892173913045
GOLGA6C	-0.5851021521739131
EFCAB4A	0.8595137173913061
MPP1	-0.3816141086956506
CD19	0.18231645652173967
NCRNA00181	-1.5880825434782633
MORC2	0.6447431086956552
NCRNA00183	0.009473369565217382
NCRNA00182	0.14963447826087162
NCRNA00185	0.024853282608694904
PLXND1	0.9152662608695685
ASH2L	-0.35902334782608136
NCRNA00189	0.6580385869565213
NCRNA00188	0.34764082608695723
PCDHGB8P	0.1581625000000001
PRKDC	0.5935856739130418
MKRN1	0.2238758260869531
RHOC	0.7387342173913058
DYRK3	-0.3994163478260857
DYRK2	0.23689299999999314
FTHL17	0.33651521739130436
DYRK4	-0.00823132608695687
GGTA1	-0.16669334782608747
LHFPL5	0.2509562826086956
RECQL5	1.0395293695652175
GADD45G	-1.932499630434787
RGMB	-0.6361843478260889
LHFPL1	-0.049341152173912994
LHFPL2	0.08549443478261232
LHFPL3	0.3847911086956525
UTF1	0.11772228260869563
ENPEP	-1.770875391304351
TLL2	1.106608369565219
WFDC2	-1.3626349565217364
PRKAB2	0.6439161956521726
FAM74A4	-0.01049154347826086
NR2F6	0.38030752173913207
FAM74A1	-0.1904938260869565
INHBB	-0.6885158260869542
FAM74A3	-0.1697444347826087
NR2F2	0.0043612608695671184
FLNC	1.3302174130434832
INHBC	-2.4287953260869592
PBK	3.853652369565213
DDB2	-0.2731236086956539
ELL2	-0.9494645652173901
BHLHB9	0.02350380434782373
KIF21A	-0.17407297826086854
RIMS1	0.1720160869565216
RIMS2	0.4403763478260868
INHBE	-1.1036688043478335
LOC144438	-0.13288873913043098
OR4F17	0.017296195652173912
GRID1	0.10890626086956523
GRID2	0.12792663043478258
RPIA	0.6780306739130415
MCAM	1.466339543478263
MCAT	-0.12198430434781926
ST7L	0.15672815217391367
HCRT	0.3635771739130434
TRPS1	0.02481021739130096
CYP2C9	-3.379544695652177
CYP2C8	-4.347476086956524
TAGLN3	0.32795086956521735
APOBEC3H	0.7346660434782604
APOBEC3D	0.07207678260869788
APOBEC3G	-0.20208104347826072
APOBEC3F	-0.29255689130434614
APOBEC3A	-1.3018496521739151
APOBEC3C	-0.8128442608695625
APOBEC3B	1.5399034347826062
TIGD1	1.6803687391304338
C10orf67	-0.3473987608695652
OR10P1	0.011589130434782609
RBMS2	-0.04367408695651864
HSPE1	0.3398544130434722
C10orf62	0.4253338913043474
SNORD54	0.0
KRTAP5-7	0.801386108695652
PPP1R15B	-0.5935883478260884
DKFZp686A1627	0.6020315217391304
PRKD2	0.6061205217391308
PRKD3	-0.22401360869564968
TTTY14	0.12463184782608638
TTTY15	0.032619739130434144
TTTY16	0.004611956521739131
CTTN	0.5565178478260862
TTTY10	-0.07242250000000003
SNX11	0.49158567391304153
SET	0.08977354347826072
SEMA3B	0.7958413913043456
DHFR	-0.43226239130435395
ZNF800	-0.893550782608699
TTTY18	0.0
NARG2	-0.21779745652174576
VPREB3	0.23226017391304365
RFC5	0.5767288478260859
FAM109B	0.2941307173913019
FAM109A	0.004890739130434696
BSND	0.701542760869565
USP50	-0.04326723913043479
MSR1	-1.0946075869565197
NAA20	0.6595098695652144
GIPR	0.7366008260869563
EIF2S1	-0.24005704347825585
EIF2S3	0.2886195652173953
EIF2S2	0.32348000000000354
PRODH	-0.8173096521739094
LPIN2	-1.3693069347826068
LOC286002	-0.06967106521739141
LPIN1	-0.17947136956522236
GYG1	0.23548404347826946
PTPN20A	0.0
RS1	0.7191697391304346
KLF7	-0.9418008913043474
KLF6	-1.5286204565217378
CERKL	-0.16260260869565002
KLF4	-1.6797996521739131
KLF3	-0.6584136304347776
KLF2	-0.5676931739130451
KLF1	0.18509908695652189
TMEM222	0.05301180434782893
TMEM223	0.32235595652173643
TMEM220	-1.736651673913041
GYG2	-1.011651130434787
EFR3A	-0.2320450869565267
TMEM174	0.028529891304347823
KLF9	-1.4149896956521655
EFR3B	0.5247768478260864
HEATR6	0.6520077608695676
MT3	1.1219318913043472
HEATR4	-0.9967883913043472
SNTG2	-0.041219978260869594
HEATR2	0.5182815652173911
HEATR3	-0.2737555434782575
TTC23L	0.8729078478260865
HEATR1	0.7636776304347865
FAM189B	1.7194316739130437
REST	-1.3122790652173952
ASCC3	0.009440521739124463
TPH2	-0.0019493260869564988
BATF3	-0.3803740869565191
KLHDC7B	0.805744913043478
CCNA2	3.323492282608699
KLHDC7A	-0.9629606739130461
DEDD	0.5968067391304377
POU1F1	-0.11098389130434785
PHF21A	0.6401182608695688
KLRK1	-1.1461299347826062
MUSTN1	1.1042649565217415
VPS25	0.41480771739129985
NUP35	0.044788217391303675
NUP37	0.9986298695652147
LOC440173	0.8036441521739128
ATP13A1	0.7045349565217425
MAP3K12	0.5297113695652156
MAP3K13	-0.541699521739134
ADNP2	0.10999228260869565
DDA1	0.5328703260869645
TTTY1B	0.012260869565217393
LOC349196	0.05023213043478281
SLC1A4	0.7083590869565217
CYP11B2	0.08172226086956522
CYP11B1	0.07517445652173914
SLC1A7	0.2893800217391309
ZNF549	-0.046409673913042404
FUCA1	-0.7010035869565208
DLEU2L	0.3648764130434784
SLC1A3	0.9583962608695717
YEATS4	0.15796413043478275
LRRC10B	1.5135824347826092
ATP13A2	1.1061598260869552
RSPH4A	-0.3194343043478267
VCL	-0.3733526086956509
NCAPG	4.044547739130442
FAM60A	0.1284825652173911
DHTKD1	-1.3884496086956535
OSBPL1A	-0.6965405869565178
IQCF5	0.004009782608695652
DCTPP1	0.6763636086956542
FCGR1B	-0.3613287391304345
FCGR1A	-0.15481473913043686
IKBKE	1.0897435434782574
UNC93B1	0.445552434782611
RG9MTD2	-0.5235339130434813
SNHG3	1.5235727826086958
MICB	1.0720688478260882
ENTHD1	0.40959536956521725
IQCF3	0.03938858695652174
GNL3	0.22776236956522133
GNL2	0.26063352173913046
GNL1	0.44043723913043564
RARB	-1.342244434782609
FAM163B	-2.7228194782608686
FAM163A	-0.8381990217391311
DHRS9	-0.5067470869565245
DHRS7	0.17398515217391086
DHRS4	-0.8601802608695586
DHRS2	-0.45314871739130513
DHRS3	-0.5561841086956552
DHRS1	-1.3530996739130448
RARS	0.403946173913047
MIPEP	-0.6966590652173981
RABIF	0.8574446304347738
DYRK1A	-0.338784152173913
RPS28	0.8946882826086977
DYRK1B	0.7954458478260813
PHF21B	0.1322890434782609
MAS1L	0.012632543478260816
CCNL1	-0.45796684782608565
JAKMIP2	-0.6364193913043481
JAKMIP1	0.26401636956521557
CCNL2	0.6584561304347805
LOC727677	0.013775
DHRSX	-0.1623969782608743
GHRLOS	0.9173627608695654
TPO	0.02705897826086953
SLIT2	-1.0338322391304362
GNLY	-0.8608565652173894
PCYT2	0.197230608695655
NOMO2	0.6421751521739143
NOMO3	0.46446495652173425
SLC11A2	-0.19301447826087248
NOMO1	0.4041307826086946
BAZ1A	-0.2037625434782644
IMPA1	0.18580758695652833
IMPA2	-0.36460065217391247
BAZ1B	0.09042132608695397
CCRN4L	-2.4750832608695594
IL15RA	-0.542882913043476
HRK	0.19660597826086953
M6PR	-0.184204739130438
SNAI2	0.5305204347826091
SNAI3	-0.538580260869566
HRG	-2.638471282608693
SNAI1	-0.9123089347826099
HRC	0.09539723913043119
OSBPL10	-0.4350694999999991
OR4F29	0.39139095652173916
LELP1	0.008483695652173913
SEPT14	0.5534184782608695
SLC2A9	-1.8167637173913063
SLC2A8	-0.10765784782608812
PTGES3	0.44836745652173704
PTGES2	0.6334135434782642
SLC2A5	2.417833673913043
RSPO4	0.49655106521739123
SLC2A3	-1.104491869565222
FA2H	-0.8096050869565223
SLC2A1	0.39889558695652294
ECHS1	-1.3626002173913037
SLC25A5	0.12161113043477734
DIXDC1	-1.2254101521739145
PLAGL2	0.4219815869565249
HKR1	0.4729497826086959
PLAGL1	-0.3055670652173932
FAM24A	0.006307065217391305
FAM24B	1.6271887826086964
FAM197Y2	0.05112826086956521
TBC1D3B	0.7174916086956573
SLC1A5	0.1974420217391284
SYF2	0.21347908695651974
USP24	-0.021520239130438767
C1orf112	0.8659294782608695
TBC1D3H	0.6256471739130425
LOC100270710	0.04724771739130329
C1orf111	-0.24132352173913052
SOX2OT	-0.41016697826086945
TEAD4	0.6236266521739138
MCM8	1.351332499999999
IGFL3	0.07427717391304348
CCAR1	0.3774131086956487
IGFL1	0.04997986956521741
MTDH	0.12586158695651228
AMELX	0.006734934782608698
C1orf116	-1.066688695652175
SLC1A6	0.1070523913043478
MADD	0.10931817391304399
C1orf115	-0.6156144782608717
EXO1	3.9333608260869575
ZBTB8A	0.0011806521739128328
ZBTB8B	0.0798753695652174
SHKBP1	0.7604166086956461
CEACAM1	-0.6198788913043494
ATRIP	0.9086094565217371
CEACAM3	-1.4183509782608699
CEACAM5	-0.632473434782608
CEACAM4	-0.9683244782608706
CEACAM7	-0.04197230434782617
CEACAM6	-2.532307891304347
CEACAM8	-0.5747217608695652
SLC46A2	0.47293582608695606
SLC46A3	-2.4848516739130417
SEPT11	-0.304115130434786
OR51G2	0.024116847826086953
PARP2	0.7174809130434774
TMEM154	-2.9318778260869545
OR51G1	0.0032282608695652173
RAPGEF4	-1.1698613043478296
ENG	-0.7791766739130388
LAT2	-0.41230571739130717
ZNF274	-0.5343511521739099
GTF2IRD1	1.095240847826088
GTF2IRD2	-0.17244126086956513
KIAA0415	1.1890592391304349
CHAC2	-0.2981397826086969
SNORD114-8	0.0
PCDHGC4	0.4549424782608695
AGMAT	-1.278246152173912
F12	-1.6191680000000037
THADA	0.33695634782608685
F10	-0.3987592173913068
F11	-1.8568081086956596
EXOG	0.8545711956521727
SNORD1C	0.13270993478260928
EPAS1	-0.9908269999999995
HDGFL1	0.3770304347826087
SNORA3	0.04553478260869566
IQUB	-0.12177271739130524
SLC27A1	-0.20687604347826039
IL34	0.5897591086956515
C20orf141	-0.013293760869565185
LOC219347	0.09450995652173777
C20orf144	0.1159491956521739
FZD9	0.354574260869565
SNCA	-1.4613979999999986
CDKAL1	0.5084349565217456
SERPINA12	0.6383635652173938
SERPINA13	0.19964902173913043
RAPGEF6	-0.6657512826086895
SERPINA11	-3.194032086956515
TRNAU1AP	0.6099607826087015
TMEM126A	0.20933282608695514
TMEM126B	0.18019528260869677
SNORA71B	0.04735163043478261
MOCOS	-0.7650078913043519
TMEM67	0.5298575434782604
TNR	-1.9901295869565219
CYP4B1	0.1171018260869564
ZNF621	0.37396047826086587
FAM81A	1.3899020000000006
RCOR2	1.1308664565217386
C21orf45	1.0232836956521796
FAM81B	0.272253152173913
TIGD5	1.5083471739130436
ADHFE1	-1.3043823478260812
TIGD7	0.9724622391304321
TIGD6	0.6247991521739111
SEPT12	0.09972341304347825
FLT4	-0.18826930434782696
PPDPF	0.49460800000000127
FLT3	-1.3915976521739126
C21orf49	-0.39594847826086976
FLT1	0.25387484782608993
PODN	-1.9759586521739125
SCGB1D4	0.0
GSG1L	0.05514063043478262
LOC728276	0.02506141304347826
UGT2B15	-2.100932021739135
PIP5K1B	-0.11544071739130501
TIPIN	0.7822209565217415
H1FX	0.2499584347826147
VKORC1	-0.9576748260869561
OXSM	-0.4228913260869529
ZNF214	-0.19159895652173997
SDR9C7	0.1467283695652176
PRKRA	-0.14871832608696423
TSHB	-0.018638804347826082
PVALB	-4.095092956521739
UGT2B10	-2.9742703043478222
S1PR5	-0.6559285217391295
SLC24A2	0.05640054347826087
SNORD55	0.0
SOX21	0.48447043478260876
H1F0	0.6492875000000016
COL25A1	-3.3862164347826083
ZNF19	0.22208723913043027
FIGNL2	1.2119928260869575
LOC81691	1.5813878695652166
MRPS18B	0.13498026086956116
CLC	-0.7479139782608695
ELMOD1	-1.4486830434782614
PLOD3	1.094184000000002
ELMOD3	0.5470516304347814
ELMOD2	-0.027716217391305698
RASSF8	-0.8285782608695627
CLU	-1.2446322826086877
SLC24A3	-0.867752347826086
PDC	0.09475658695652167
SNORD56	0.0
VEGFC	0.17989550000000243
NTM	1.4259693043478263
SKIV2L2	0.11098971739130015
KNG1	-1.1259285217391213
NRARP	0.9886303913043442
VCX	1.231472152173913
LOC407835	0.7226648695652154
COBL	-0.6465217391304421
TAF9B	0.0076279130434748765
SNORD57	0.0
ZNFX1	-0.19215650000000295
NOP14	-0.36902699999999555
AMOTL1	-0.5898189130434801
AMOTL2	-1.2642703043478267
LCN1	0.14661358695652174
LCN2	2.0974103913043454
BPI	-0.5767185434782618
SF3B4	1.0805175652173968
PNPT1	0.08685169565218054
VPS52	0.36507610869565
LCN9	0.0044603260869565215
LCN8	0.05386684782608696
SF3B3	0.01074871739130323
SF3B2	0.2951424347826084
CYP17A1	1.6752055869565163
ALOX15	0.6020188043478267
RRP12	0.6955997608695608
ALOX12	0.5996505000000005
SLC24A1	-0.2511351304347844
TSHR	-0.5190852826086951
RAPGEF3	1.0504158695652146
PRKY	1.1608101739130459
MAGEF1	0.028086913043477324
OR14I1	0.12145923913043477
SEMA6C	1.7045162173913067
TNFSF8	-0.8859887826086954
SEMA6A	-0.9753104782608668
CNIH3	-0.25360745652173966
CNIH2	1.5385511956521747
NSMCE4A	0.03008569565217556
CNIH4	1.0268180652173893
ELAC2	-0.19430989130435172
DDHD1	0.30251328260869403
ADCK4	0.03994891304348158
ADCK5	0.9349495434782593
ADCK2	0.5969552608695654
ZBTB11	-0.10097258695652833
ADCK1	0.7810856739130365
DNAJC16	-0.8012142608695729
DNAJC17	0.06095921739130539
DNAJC14	0.33877789130434266
DNAJC15	-0.7227822608695664
DNAJC12	-2.362386499999997
DNAJC13	0.13265499999999797
DNAJC10	0.47469589130434997
DNAJC11	-0.2728734565217419
TRPC3	-0.12675973913043492
EPRS	0.7074951956521787
CTXN3	-0.0834625
FEM1B	-0.4076503695652143
ASF1A	0.1930875000000043
DNAJC18	0.5945217173913049
DNAJC19	-0.20583406521739356
EDF1	0.18749100000000674
ZNF689	-0.562194108695655
TMEM85	0.19702645652174589
SUPT16H	0.330035521739136
NUDT16P1	-1.301166021739128
MLN	0.08445815217391306
MLL	0.021837282608686337
MS4A6A	-2.1887018913043548
NAT8B	1.3735166739130449
LMAN1	-1.0251823043478225
MGC16384	-0.2633442391304355
LMAN2	0.5065176739130415
EPR1	3.363692173913037
MLX	-0.06276045652174744
OR1M1	0.003622282608695652
NAT8L	1.0949614130434777
SCML4	-0.8461777391304359
LOC642846	1.4420248913043547
OR8B2	-0.009143543478260872
NRM	1.4392139782608657
CXorf48	0.796479543478261
FAM195B	0.8911247826086903
PFKFB3	-1.3944170652173895
FAM195A	-0.015887978260877844
CXorf42	0.446126217391305
CXorf41	0.04814130434782609
SLITRK1	0.34894117391304347
ITPA	0.7385175000000022
CTRB1	0.2295070652173913
UGT1A4	-3.831338195652174
SH3BGR	-0.3935664130434766
YWHAQ	0.13821893478261238
OR10A5	0.008599456521739131
PPM1L	-0.6429863695652198
ZNF17	-0.022263173913044554
OR4X1	0.0035505434782608695
OR4X2	-0.008787021739130436
SCIN	1.0531193260869567
TCF7L1	0.14691556521739457
ADD3	-0.4755866304347851
ACTG1	-0.022630239130435825
ACTG2	2.33622036956522
SNORA21	-0.04522797826086958
PPP4R4	-0.7822635652173915
PPP4R1	0.28148865217392327
PPP4R2	-0.858354999999996
SLC11A1	-0.375230021739128
TTTY21	0.0
PKD2L2	0.22573467391304347
PKD2L1	0.016607260869565987
TBRG1	-0.2671207608695614
OR10A4	0.014621739130434783
CWC27	0.5356000217391266
CWC25	-0.2673861956521737
CWC22	-0.3456169347826066
OR8B8	0.015129347826086955
TMED10	-0.3718829130434802
LTBR	-0.07719793478260506
MAP3K8	-0.33652482608695333
MAP3K9	0.8446371086956486
SNORA26	0.0792125
ZPBP2	0.0389926304347826
MAP3K2	-1.00396495652174
MAP3K3	0.0862309782608719
PRPF31	0.5950788260869615
MAP3K1	0.03816173913043919
DEAF1	0.9317593695652118
MAP3K7	-0.05437219565217255
IER3IP1	0.34146043478260957
MAP3K5	-1.6297764130434746
SNORA28	0.011646195652173914
RBMY1A1	0.8454048913043478
MARVELD1	-0.5296688913043468
FMOD	-1.120163413043481
MARVELD2	-0.046596804347828424
NUP214	0.18908413043478056
CCBP2	-0.9128493913043494
H2BFXP	0.38611932608695637
VPS54	0.33371693478260944
FMO2	-1.8886973478260867
FMO3	-2.350198913043476
FMO1	0.6203155217391343
ZNF202	0.36906769565217434
CASZ1	0.004020086956520785
FMO4	-1.3361489130434805
FMO5	-1.2164573695652212
IDH2	-0.848906152173905
IDH1	-0.569182717391298
EVX1	0.653546195652174
ZNF208	1.0923230652173914
EVX2	-0.034236
SETD8	-0.012113152173913733
SH2D2A	-0.16391613043478515
OR10A6	0.013794021739130436
OTUD6A	0.0676733695652174
FNDC3A	-1.1394765217391356
TLL1	-0.6481444782608694
KIAA1797	0.6929362391304332
SETD2	-0.12676669565217935
KRTAP27-1	-0.02582
SETD4	0.9479436304347821
SETD7	-0.7298934347826052
ITFG2	0.5948785217391279
PSRC1	2.013225130434784
TRPM7	-0.4924693260869546
DZIP3	0.7391901304347801
PRAMEF18	0.0745625
DZIP1	-0.7856141956521681
PRAMEF16	-0.0029513043478260614
LOC100133612	1.021131826086957
PRAMEF14	0.12636921739130438
PRAMEF12	0.13851673913043475
PRAMEF13	0.03662200000000001
PRAMEF10	-1.143005978260871
PRAMEF11	1.2877931521739128
MARCKSL1	0.44972417391304376
PRSS27	0.8423614565217381
PRSS21	0.28579406521739104
HBM	-0.46558967391304334
PRSS23	-0.12839526086956354
LXN	0.05563830434782879
SURF6	0.40691950000000077
EME1	2.9842333478260894
EME2	1.4439763260869587
RBCK1	0.8546923478260897
STX3	0.10059652173913136
AKNA	-0.42356993478260563
DUOX1	1.6331929130434806
DUX4	0.0
DUOX2	0.7346227391304341
VENTXP7	0.05452282608695652
RIT2	-0.2275567826086957
SNORD50A	0.0
ZNF486	0.12218765217391336
PYCR2	0.8278139999999983
GLYR1	-0.1583332173913039
SNORD117	0.0
SNORD110	0.0
SNORD111	0.0
KRTAP4-9	0.0
KRTAP4-8	0.0099375
ATP2B2	-0.32156280434782936
PCNXL3	1.2406995000000016
PCNXL2	1.1422791739130425
KRTAP4-1	0.2219273260869565
KRTAP4-3	0.0
KRTAP4-2	0.0029945652173913044
KRTAP4-5	0.004779891304347826
KRTAP4-4	0.012744565217391302
KRTAP4-7	0.012153804347826086
TIMM17A	0.2233573695652158
ECH1	-0.5982416739130496
RRM2B	-0.09109856521738813
TAPBPL	-0.30943739130435155
NPPB	0.5818105652173913
GBP1	-1.4174419782608698
NPPA	0.5194043043478256
RASSF4	0.7790852826086958
ACSF3	-0.646109065217388
FRZB	1.0205163478260921
MAL2	-0.05805104347825285
MAN2A2	0.2695700652173869
GUCY2GP	0.11032152173913044
MAN2A1	-0.7383283913043517
FAM38A	0.45656217391304743
NDUFB10	0.10280513043477768
SPRR2G	-0.3978852173913043
FAM38B	0.7448620434782622
SPRR2A	-0.7339883043478259
DECR1	-0.8404941956521732
SPRR2C	-0.08970317391304349
DNER	1.1297184999999996
KRTAP12-1	0.004616847826086957
TAOK3	0.023165021739135483
?|391714	0.23342173913043468
KRTAP12-2	0.007184782608695653
TP53	-0.03578704347826722
KRTAP12-4	0.0047581521739130436
CDHR1	-1.2102126521739125
CDHR2	-4.575090565217389
CDHR3	0.9093797391304372
CDHR4	0.4943536521739131
CDHR5	-0.9267751521739118
ST8SIA1	0.5371539347826073
C6orf176	-0.014860608695652644
C6orf174	0.547097239130435
SHQ1	0.060233826086951936
C6orf170	-0.4507949782608689
WNT10A	-0.27186452173913045
TECTA	-1.3877472391304342
PKM2	1.282420065217396
TMEM232	-1.1399194130434789
DUXA	0.2388679347826087
FLJ39582	-0.1653453913043501
STX1A	1.5651727608695656
FARS2	0.20120741304348222
STX1B	-0.6558067608695639
RABL2A	0.1104179347826042
TOLLIP	-0.27721539130435247
RPS15A	0.26692841304347503
ALS2CR11	0.45382836956521766
ALS2CR12	0.4241516956521735
BTBD19	-1.1856649130434782
BTBD18	0.1423184782608698
NF1P1	0.08684945652173913
HESRG	-0.032695695652173895
BTBD17	0.18856786956521746
BTBD16	-1.3968265434782623
BTBD11	-0.3965681086956545
BTBD10	0.23336563043478087
BTBD12	0.938187652173915
SIK1	-1.5742613043478215
LSM3	0.29326843478260933
SIK2	-0.5551682608695732
KRT80	-1.7726612608695635
KRT81	0.9899134347826082
KRT82	0.04289076086956522
KRT83	-0.4943271086956525
CST9L	-0.0014970869565217385
KRT85	0.5223823043478266
KRT86	1.7694909782608703
RAB22A	0.1718406739130387
TSEN2	0.5966377173913076
RAPGEFL1	0.42760336956521616
DUS3L	0.3856851304347835
SNAR-A2	0.0
TPRX1	-0.09276028260869565
XPR1	0.39195913043477937
SNAR-A4	0.0
SPACA4	-0.11989230434782602
SC5DL	-1.2953874347826098
EDA2R	0.6963061304347855
SPOCK1	2.480279195652171
LCT	0.19630026086956515
NCS1	0.4646371739130455
MAST1	0.9538142826086933
MAST2	1.1444442608695606
MAST3	1.1872423260869542
MAST4	-0.875829065217391
SALL3	0.04154552173913044
SALL2	0.6012712173913064
FAIM	0.7443201739130396
CD180	-1.1588679782608713
WAS	-0.4807748043478286
SPACA1	0.16969667391304344
RAB9A	-0.18477791304347413
CYP1A1	-3.385511847826086
CYP1A2	-8.027589413043476
RAB9B	0.021553826086956662
C5orf39	1.418509108695658
C5orf38	0.34411080434782604
LOC285692	0.039563043478260874
C5orf35	-0.4537713913043504
C5orf34	2.7096059347826085
C5orf36	-1.1306848913043508
ZBTB7A	-0.2421887391304356
C5orf30	0.8599232391304357
C5orf33	-1.3586901956521764
C5orf32	0.7795322173912993
STX11	-1.7471539130434763
FARSB	0.573850782608698
FARSA	0.31666586956521847
FIS1	0.10839693478261303
C9orf71	-2.0119286521739133
C9orf70	0.024455978260869538
STX17	-0.6264781521739131
C9orf72	-1.2087829565217358
STX19	-0.5367626086956521
STX18	0.3863017608695607
ZMIZ1	0.07675393478260517
SMO	0.8975273478260828
C9orf79	0.1110149565217391
C9orf78	-0.5888528043478285
LOC285696	-0.009849978260869613
LIPA	-0.47035058695652054
SLURP1	-0.22339276086956522
CUTA	0.7056480434782646
BPGM	0.6066822826086931
CUTC	-0.19073291304347428
ZSCAN23	-0.6230545434782611
TTC33	-0.1272661739130374
LIPC	-1.4834534347826143
MOSPD3	0.34168413043478374
MOSPD2	0.009219913043469141
MOSPD1	0.5365591086956583
ATP11C	-1.7553787826086946
ATP11B	-0.3895338043478205
ATP11A	0.15525545652173633
ZBTB40	1.2236609347826102
OR9G9	0.0
PAN3	0.02906865217391008
LOC642587	-0.24526458695652165
IFITM5	0.4211966086956521
PCDHA4	0.29801506521739163
RAB5B	-0.029967521739127534
PCDHGA10	-1.1183648260869576
PCDHGA11	-0.5647633043478257
PCDHGA12	-1.3101026739130406
PARP3	0.004133326086945388
DPP8	-0.4173534782608703
DPP9	0.0248696739130434
RPL23AP32	0.18745760869565214
POLE4	-0.1515894565217355
GBA	1.2571301086956517
LIPH	-0.23525808695652062
DPP3	0.4155170217391255
DPP4	-0.2917179565217385
SUOX	-0.7914300652173925
DPP6	0.6205678913043482
DPP7	-0.34099556521738883
CEP68	0.7839692826086955
C14orf86	0.010591304347826087
CEP63	0.09751939130434195
OR5B12	0.004507391304347828
SLC7A11	3.144214956521739
COQ10B	-0.5996625217391358
GLTSCR1	0.6123439782608671
GLTSCR2	0.33345710869564904
COQ10A	0.04665417391304594
C11orf66	-0.8253400217391285
IK	0.5139666521739077
CYP2A7	-4.290817565217391
CYP2A6	-4.382867217391308
C17orf50	0.2476442826086957
LIPN	-0.5495703043478262
C17orf53	2.06347997826087
TMC8	-0.6577464782608704
MRPS16	0.2969876521739092
OTOS	-0.1894587826086956
HS1BP3	0.4755042608695632
TFDP3	1.2886273913043476
C14orf80	0.07074726086956762
NOC3L	-0.06748649999999756
PCP2	0.6311864782608707
RNFT1	-0.5093399130434673
C11orf63	-0.6418229565217395
HIAT1	-0.3849796521739144
PNLDC1	0.1245211956521739
SECISBP2	-0.17689115217391382
PRPF18	-0.037035108695656405
A4GALT	0.8685448043478257
TMEM167A	0.2083765217391349
C11orf61	0.5046872608695656
TMIGD1	0.3226298913043478
OR10R2	0.0
FLJ45079	-0.023434891304347838
FLJ36777	-0.002524695652173836
TMEM229B	0.41702306521739096
CTRL	0.8454413043478266
CTRC	0.2940447826086958
SEC24B	-1.319759543478261
TRMT61A	0.7072545217391344
WRAP53	0.4895803695652168
MFHAS1	-0.42747578260869457
TRMT61B	0.09629899999999836
ZFYVE9	-0.3919203043478223
LOC400931	0.5643299565217386
DHX16	0.3990416739130431
IFLTD1	0.02543913043478261
DHX15	0.010153108695648783
LEPROT	-0.9516738260869548
ZFYVE1	-0.21099386956521116
LDOC1	-0.70943706521739
DGCR9	1.313558565217392
DGCR8	0.27808993478260824
MUM1	0.15530863043478504
ZNF557	0.33245845652173767
RXFP1	-1.9972538043478254
CCDC88A	0.5182233695652183
CCDC88B	0.19761876086956676
CCDC88C	-0.1661672608695639
DGCR5	-1.2852028913043467
FAM27C	0.2050692391304345
H2AFB1	0.9554098478260873
DGCR6	-0.13646636956521796
ZNF782	0.33795032608695497
ZNF781	0.8423603478260868
FAM27B	0.11304960869565214
ZFAND6	-0.32836058695652426
RGNEF	0.20399306521738936
ZNF785	0.7103184565217342
PITRM1	-0.21796334782608895
GOT2	-1.1578866521739126
SCARNA22	0.04906250000000001
RNASEK	0.21594939130434732
GOT1	-1.485508282608695
RNASEL	-0.3099350652173971
PCDHA9	0.14280884782608705
RNASE1	0.7253716304347968
MPEG1	-1.2886831304347819
RNASE3	-0.3252553695652174
ODF3B	-0.3192428043478275
RNASE4	-1.3219818043478249
RNASE7	-0.40261073913043566
ACCN1	0.42550936956521734
RNASE9	0.017985326086956525
KRTAP17-1	0.02062717391304348
ZNF551	-0.10899502173913245
UBE2O	0.7567101739130404
C14orf50	0.04842008695652189
ZFAND5	-1.0322422391304364
C14orf53	-2.9819327826086948
OR2T8	-0.04951484782608697
QTRT1	0.3214589565217434
OR2T6	0.0032016304347826084
TTTY12	0.0
OR2T4	0.015995652173913043
OR2T5	0.05203967391304347
OR2T2	0.015707065217391306
OR2T3	0.05673478260869565
OR2T1	0.0
C18orf18	-0.9584338043478278
C18orf19	-0.6853977826086908
CCDC89	-0.5142564565217389
LOC339535	1.5925397173913036
OLFM2	0.14138732608696003
CCDC83	0.02042367391304349
CCDC82	-0.14918121739130363
C22orf40	1.0691136521739155
CCDC80	0.6227237608695688
CCDC87	0.35073684782608794
CCDC86	0.6404454999999984
C18orf16	-0.21273871739130468
CCDC84	0.4789413478260869
ADAMDEC1	1.726149195652175
CTR9	-0.13821869565217604
CD7	-0.13365006521739087
RRAS2	-0.39667691304348374
SNORD8	0.006559782608695652
SPRYD5	0.019062500000000003
ZNF568	0.0074926521739149265
ZNF567	0.07713356521739012
ZNF566	0.0909567826086981
ZNF565	0.3078275434782558
PSKH2	-0.07968367391304346
ZNF563	0.9231278043478239
SCARB1	-0.006257499999996696
ZNF561	0.008899239130435888
OR5AS1	0.0
STMN4	0.0598985434782609
NECAP2	-0.006798108695660332
CCR6	0.5065714347826082
STMN3	0.3929656521739089
STMN2	0.2572469565217417
IKBIP	0.6044141521739164
ACRBP	0.417356717391304
OLFM4	0.1962890869565208
DCLK1	0.5949233260869575
DCLK3	0.9852058695652182
DCLK2	0.27889271739130095
NOX1	0.6177575652173909
NOX3	0.051636413043478255
TRAF3	0.20010043478260808
NOX5	0.4055695652173912
NOX4	2.736859934782609
PGS1	0.7920064565217446
AZU1	-0.3360928043478262
TRAM1	0.19427382608695787
FAM161A	0.046873347826086764
FAM161B	0.12128186956521958
DKFZP434K028	0.19120767391304316
MRPL42	0.05780521739130151
UBE3B	0.15985080434782972
RAF1	-0.03595680434783333
ASB16	1.9101132608695657
UBE3A	-0.37833565217391296
KHDRBS2	-0.15527163043478248
MIAT	0.7086918260869561
MRPL40	-0.1085786086956535
MRPL47	0.3865545434782618
TOP2B	-0.08625528260869153
IPW	0.5669235000000015
MTRF1	-0.1919937826086935
LOC400794	0.3278515434782609
HGFAC	-4.698026195652177
SDAD1	-0.035014152173912905
APH1B	0.27571471739129993
SNORD32A	0.0
MRPL44	-0.29979034782608593
SETD6	-0.006097673913039614
C10orf68	0.9189349565217386
SLC26A1	-0.5083418913043474
SLC26A2	1.070631500000002
SLC26A3	0.05973152173913032
SLC26A4	0.14900415217391139
SLC26A5	-0.2109639782608691
FGF9	-0.1974382173913043
FGF8	0.15439639130434785
FGF7	-0.5277738913043502
FGF6	0.0044603260869565215
FGF5	0.09854206521739134
FGF4	0.17834565217391302
FGF3	0.41697445652173903
FGF2	-1.1967690434782616
FGF1	-0.5351508913043475
BCAN	3.115987282608697
OLFML2B	3.008371499999998
OLFML2A	2.3693200217391306
BCAM	0.7504370217391312
HTA	0.00811832608695652
GLOD5	-2.3193809130434824
GLOD4	-0.6098902826086938
SDC2	-0.03280421739130901
GCH1	-2.1473590869565164
SDC4	-1.356509217391304
TTYH1	-0.639673456521737
ELOVL6	-1.1389055000000052
ELOVL7	0.14321352173913038
ELOVL4	0.545084391304349
ELOVL5	-0.06746271739129917
ELOVL2	-0.12597286956522247
ELOVL3	0.9924233913043479
ELOVL1	0.8330727826086886
SNF8	0.6252590217391276
AMY1A	0.3634784782608682
FAM54A	3.0963041304347847
SPPL2B	0.6231433695652235
KIAA0182	-0.34617406521739014
ZCCHC8	0.0880363478260957
TLN1	-0.00673871739130405
ERAP2	-0.5320081956521729
DEFB1	-1.445333826086948
NAALADL2	-2.142251565217391
POM121C	0.12180458695652163
UPK1A	1.142810913043479
TM9SF4	0.24309799999999981
LOC441601	0.7831767826086956
DIABLO	0.12380056521738858
ZNF593	-0.16560269565217034
IFNB1	0.04502758695652176
CWF19L1	0.4199400869565242
SPRR2D	-0.5144847826086956
CWF19L2	-0.2896831086956464
HEYL	0.48415443478261455
LOC650623	-0.7657272173913037
NAA25	0.2611551521739113
RPL13A	0.5603124565217392
SGCG	0.35452743478260873
TTYH3	0.7717019130434739
SGCE	-0.3006659782608718
RILP	-0.5252422826086942
CNKSR1	-1.5820763043478259
SGCB	-1.0559314565217406
CNKSR3	-0.7736571739130387
CNKSR2	-0.4799143260869543
ZNF691	0.4421406739130411
NCRNA00207	0.025822282608695655
DUSP9	3.3537738043478216
DUSP8	0.6931779782608709
LOC284688	0.22555923913043477
DUSP5	-2.0438656086956577
DUSP4	0.17195776086956283
DUSP7	0.5367344565217378
DUSP6	-1.9381571304347798
DUSP1	-1.9188188260869552
DUSP3	0.07002904347825378
DUSP2	-1.1429851086956528
LRRC8E	-0.10723649999999996
LRRC8D	0.41475154347826404
GBGT1	0.38413200000000014
NKD2	-0.5924751304347824
ELN	-0.8617073695652202
RBL1	0.9919919130434751
ELL	-0.2421191739130446
LRRC8B	-1.005763586956518
QDPR	-1.2891035217391256
OR51E1	2.946557978260867
OR51E2	1.3177416956521726
SLC8A1	-1.6397014347826122
RGS7BP	-1.330219630434784
RPL26L1	0.4239187173912953
MIXL1	0.13376141304347822
HDX	-0.869235304347828
HEY2	-1.2893107608695713
HEY1	1.2151886739130369
LRRN4CL	0.283422347826086
MFSD9	-0.6560136304347806
XRCC6BP1	0.052656565217387374
STX4	0.5723423043478189
MTF1	-0.10498928260869178
MTF2	0.19868015217391033
TM9SF2	-0.5808413478260803
PRKCQ	-0.7006605434782593
LEP	0.22255480434782604
TAB3	-0.23432604347826214
LOC80054	1.2394744565217417
CNTN1	-1.4415791521739132
STX6	0.8061868913043462
C20orf123	0.06383786956521745
CSN1S1	0.08990217391304349
TBC1D12	0.32802406521739247
HDC	-1.8749733043478258
TSNAX-DISC1	0.32157445652173916
XYLB	-0.6654892826086911
TBC1D16	1.325782782608699
RPL34	0.05459078260870598
TBC1D14	0.45538645652174203
FBL	0.8634813478260899
MAGEB18	0.020861413043478265
TNFRSF6B	1.0117554565217377
RPL35	0.4769085652173839
AUTS2	-1.1528071086956562
PLA2G1B	1.501208065217393
MAP2K5	0.08849743478261018
NUMA1	0.2588135652173946
MAGEB10	0.23147717391304354
C21orf67	-0.066737217391303
ARFGAP1	0.806773934782612
C21orf63	-0.2893608695652201
C21orf62	-2.846743130434783
GPR52	0.07299258695652172
HSPA1A	0.6761550434782571
BMP10	-4.909402434782609
IKBKAP	0.06495567391304391
GPR56	0.84625208695652
BMP15	-0.10463641304347825
FAM83C	0.18271478260869545
FAM83B	-1.5573764565217387
FAM83A	-0.22455606521739213
PCDH7	-1.5510972173913067
FAM83G	-0.12905043478261202
FAM83F	-3.890725260869566
FAM83E	-1.3461422391304347
FAM83D	2.570732239130435
C12orf70	0.33251632608695625
C12orf71	0.029666260869565253
C12orf72	-0.9177325869565216
C12orf73	0.983217804347821
C12orf74	-0.27009934782608713
C12orf75	1.3146695217391287
C12orf76	0.4619822826086981
C12orf77	0.017950478260869568
ATP7A	0.18944956521739265
DGKQ	0.9470392608695644
C8orf4	-2.7897410652173935
VKORC1L1	-0.5506756956521759
DGKK	0.3301436086956521
DGKH	0.26166295652173854
DGKI	0.998712
DGKB	-0.35614678260869637
SYNRG	-0.007874652173912366
ATP7B	-0.8028836086956588
DGKG	-0.4166332826086947
DGKD	0.894837478260869
DGKE	-0.9278557608695666
ICK	0.29851467391305064
LOC283761	0.03843206521739131
SNORD43	0.0
TMEM106C	1.3896781739130475
CNP	0.36053510869565564
METT5D1	-0.10894423913043916
SRP72	0.018218499999994364
SUV39H1	1.0164180217391285
ZNF169	0.7680829347826066
PTGIS	-2.8238982391304326
PTGIR	-1.3994876304347796
TMPRSS3	-0.8275878913043471
NEK5	0.16570913043478275
TCERG1L	-0.08113634782608692
CLTCL1	0.7822914999999986
RTEL1	1.0294396304347764
NPM1	0.7136183695652107
NCRNA00085	0.22192643478260843
NCRNA00086	-0.5132153695652155
NCRNA00087	-0.2795952608695673
HSPA13	0.014631565217399611
ZCRB1	0.2036013913043444
FLJ40292	0.20370117391304343
VSNL1	-0.7238699782608746
SMU1	-0.2842479130434743
PEMT	-1.637561956521738
HSPA14	0.4418624347826068
RHCG	-0.44484941304347947
MXI1	-0.6628853913043482
RHCE	-1.4577630869565228
RUVBL2	0.6024870652173959
AKR1D1	-3.781406521739129
PKD2	-0.5426547826087003
TMEM25	-1.6692956304347808
PDE2A	-1.868336347826089
DGCR11	0.42456065217391803
DGCR10	0.8633182826086963
C1orf95	0.7370258695652154
C1orf94	0.14008293478260872
C1orf93	0.9088016304347857
DGCR14	0.5796491739130438
C1orf91	0.7215977608695647
DENR	0.39675215217391724
AHNAK2	0.04066999999999954
ANXA8L1	-0.026845826086956518
FKSG73	0.0023755434782608696
PTPN18	0.10515526086955695
SCFD1	0.0005264782608733753
SCFD2	0.07337015217392295
PPP3R2	0.16959252173913036
MYPOP	0.8947623478260907
ZNF167	-0.2749031304347831
GCOM1	-1.2348768695652188
IQCB1	0.6914195869565214
SCG3	0.4760961739130435
MEN1	0.39385176086956974
LOC202781	0.16009386956522054
CPSF4L	0.1725659130434783
KRT222	-0.13717119565217217
DDX54	0.3781311086956567
SNORD114-12	0.0
SEMA4A	-0.4052757391304338
SEMA4B	-0.6759103478260897
CSRNP3	-0.306398173913043
SEMA4D	-0.35392017391304
GABRB2	0.5133303913043479
OR2L2	0.017345108695652173
PPAP2B	-1.9510566304347812
OTUD7A	0.3571211086956505
CTAGE9	0.09440776086956504
C10orf110	0.4194794782608686
C10orf111	0.865307586956521
C10orf116	-2.0731396956521744
C10orf114	-0.2178721956521752
SQRDL	-0.47722043478260723
CTAGE1	-0.6299361521739137
C10orf118	-1.0860604782608672
C10orf119	-0.24893960869565213
CTAGE4	0.3178133043478262
CTAGE5	-0.704046826086957
CTAGE6	-0.20892521739130432
OR6W1P	0.027968478260869567
HSPA9	-0.09667082608695843
SIP1	0.4830715217391326
GLP1R	1.3702422608695657
SCN4A	1.8756289565217399
SCN4B	1.1181754565217368
OR2L3	0.012755434782608696
SUMO3	0.18699663043478232
ZNF30	0.7067903043478276
TMCO3	1.1558657173913005
TNRC6B	-0.25288949999999843
FAM129C	0.011052130434781926
GIP	0.31541086956521736
TMCO4	0.15687063043477956
CRTAC1	-1.0526573695652164
SCCPDH	-0.10892728260869156
RPP38	0.24370302173912783
ZNF195	0.46927743478260364
GIF	0.05828423913043479
SERP1	-0.267117065217386
MFSD1	-0.21415747826087284
OR2S2	0.008770652173913042
LRP6	-0.4035585000000026
MS4A4A	-1.00914730434783
TMCO7	-1.0823643043478235
CNDP1	-6.629078456521743
CNDP2	-0.6276283695652207
LYPLA2P1	-0.06231402173913114
NPL	-0.27283843478261005
STRBP	0.40634065217391857
LRP4	0.6087382173913056
MOCS2	-0.16951136956522106
CXorf61	0.4693093695652173
TXNRD2	-0.3906471739130488
LRP5	-0.420982195652174
CXorf65	0.36245463043478277
CXorf64	-0.005792717391304408
CXorf66	-1.420214956521739
AHR	-1.0459564565217345
SCGN	0.5806899130434768
GADD45GIP1	0.5982385434782564
COLEC12	1.287950695652175
ENC1	-1.3294429782608645
COLEC10	-5.9495687391304335
COLEC11	-2.4107864565217483
MAP3K11	0.32620376086956426
TXNRD1	0.8000206956521776
LRP8	0.9456155217391324
NPS	0.0
ACTA2	0.7643242391304348
ZNF197	-0.12446673913043327
ACTA1	0.7253171521739121
ZNF192	-0.45268006521739323
EMCN	0.3890100000000025
WNK2	-1.575271913043478
QSOX2	0.4574233478260883
INSL5	0.0414873695652174
PDS5A	-0.17778600000000644
PDS5B	-0.13246073913043155
MFSD3	0.5750710434782622
SYCE1L	0.41485543478260944
TSTD1	0.020455434782615356
TSTD2	-0.527057760869563
PLXNA4	-1.9121348913043459
PKHD1L1	-1.3243539565217395
BNIPL	1.3514611956521738
TADA2A	0.17003747826087068
TADA2B	-0.20930086956521876
PSMB4	0.8011394999999926
NR2C2AP	1.5433509999999986
PAICS	-0.24878841304347432
OR1I1	0.003063586956521739
RSBN1L	-0.2345677173913039
UBXN2B	0.22951204347826426
UBXN2A	0.301239217391303
VWA5B2	1.161685239130434
VWA5B1	0.15909697826086955
KIAA0319	0.36739278260869446
DYNC2LI1	0.37624863043478207
EDARADD	0.7355092608695628
IFNW1	-0.058792456521739145
ZNF212	0.42584534782608774
OR4D6	-0.0011460869565217378
ZNF224	0.33802806521738926
ZNF225	0.10797934782608731
ZNF226	0.4869205217391279
KIF9	0.3107010434782618
KIF6	-0.6336287391304349
KIF7	1.0466566521739127
ACMSD	-1.5961411956521747
KCNQ5	-0.38800195652173897
KCNQ2	0.24717467391304349
KCNQ3	0.7274117826086959
KCNQ1	0.29191860869565467
ALDH8A1	-2.5921769130434775
HOXC10	0.8468240869565213
HOXC13	0.6516877173913045
HOXC12	0.02184891304347826
VEGFA	-0.0011551739130446492
TSPY4	0.33165923913043477
PLN	0.42513102173913087
LHX4	2.10924343478261
UBE2E2	-0.5867603260869538
RTTN	-0.32873986956521684
BNIP1	0.3212486521739155
BNIP2	-0.8536391956521694
BNIP3	-0.537840956521741
PDE4C	1.9168150217391289
UBQLN1	-0.2672718695652243
INSL6	0.5304968260869565
ZNF491	0.8176860217391342
ASTN2	0.19774415217390473
ZAN	-0.9385162608695654
KCTD15	-0.16573645652174207
LEKR1	0.1116368260869578
KIR2DL3	-0.6635496304347825
PTGER4	-0.8271112826086977
KIR2DL1	-0.9700751956521744
SNORD71	0.0
FLOT1	0.5162998043478346
FLOT2	0.2009837173913045
KIR2DL4	-0.13439326086956527
NCF1C	-1.1947376086956534
ZNF544	0.892095434782604
NAB1	-0.7909168043478232
UAP1	-0.7807749347826078
NAB2	-0.68560008695653
PDE6B	-0.19531132608695412
SEPP1	-1.2968563043478323
ZNF490	0.6025465434782609
IYD	-2.692559565217393
LINS1	0.020789586956519557
OTUD5	-0.033041456521745616
OTUD4	-0.8927553043478262
OTUD3	0.670402565217386
AP3M1	0.09550508695651949
AP3M2	0.9261224999999973
PTGER1	0.035583195652172606
SPEM1	0.027162500000000003
AKAP14	0.46181186956521736
AKAP12	-1.6772341304347815
AKAP13	-0.3077111521739173
AKAP10	-0.6389523478260912
AKAP11	-0.7673305869565166
HTRA4	0.911482869565217
PTGER3	0.5771231086956541
COL2A1	2.416092673913044
CCDC8	-1.144687891304347
HTRA2	0.40613230434783
HTRA3	0.3136259347826096
BSDC1	-0.699130000000002
PHEX	0.794358956521739
MFSD6	0.8565813043478272
PYY	0.1145685217391304
S100Z	0.17082602173913053
UNC5CL	-0.418351456521739
PRIM1	1.3641025217391283
NTN4	-1.8132806956521765
KIRREL	-0.7799936304347819
NEFH	-0.426960565217394
MGC16121	-0.9398294782608714
LNP1	-0.875818521739129
DNAH2	-0.8242723260869571
C17orf88	-0.03795560869565219
C17orf89	0.6123940652173854
SNX12	-0.012983043478260292
EGLN2	0.5796635869565314
C17orf82	2.475845239130435
C17orf80	0.7083452173913027
C17orf81	-0.08143582608694899
C17orf86	1.19410378260869
C17orf87	-1.8092556086956515
C17orf85	-0.3872042608695665
SPIB	0.06578532608695609
SPIC	-1.630493847826087
TNKS1BP1	-0.415388065217396
LGTN	0.6820470000000007
LOC222699	2.5224567608695634
HECA	-0.741155021739127
PCLO	-1.6924394782608694
C6orf118	-0.09796832608695652
ARID5B	-0.548422673913036
ARID5A	-0.3432025217391317
C8A	-2.8445808913043393
C6orf114	-1.1819732173913033
C6orf115	-1.0526853260869515
LOC100129726	1.1510740217391309
LOC731789	0.48239006521739125
MAP2K1	-1.2531862826086986
TP73	2.9406038695652192
ABT1	0.323974956521738
AKR7L	-1.295316869565216
TBP	0.18780615217391095
LOC285740	0.0017890217391304392
LOC100302640	-0.0034991956521740475
PRR20B	0.0
GLS2	-4.378317673913047
SLC38A5	0.728805456521739
LAPTM4A	-0.2671647826086936
GALK2	-0.10553865217390879
SPCS2	0.37741319565217424
LAPTM4B	0.8876053260869554
ANKH	-0.30769643478260633
RASGRP2	-0.5670067608695657
ALG1L2	0.08969997826086955
EGFR	-1.195287000000004
SLC38A7	-0.02397858695652033
DHFRL1	-0.6486163043478284
RCVRN	-0.9179582173913042
KIAA0649	0.12373676086956564
WDR86	-0.8246311956521755
ALOX5AP	-0.8989857608695644
WDR81	-0.14705854347826275
WDR82	-0.169584434782605
NLRC5	0.6359604130434793
SLC38A1	0.2618613260869509
UBAC1	0.15896704347826152
WDR88	0.7586973043478249
S100G	-0.018432304347826084
ACER2	-1.3766595652173912
ACER3	-0.06130434782608685
FRMD4A	-0.238124326086961
ACER1	-0.5294418043478263
SLC38A3	-0.7732567391304332
SNAR-C3	0.0
SNAR-C2	0.0
TMEM90A	0.09098106521739191
AARSD1	0.5025211086956567
ESYT1	0.1133299565217385
ESYT2	-0.18047076086955904
ESYT3	1.288522173913044
CXCR3	0.763964804347828
CXCR2	-2.730535
CXCR1	-2.64265347826087
CXCR7	-0.6198760434782571
CXCR6	-0.7365012391304351
CXCR5	-0.6252053043478258
CXCR4	-0.2858333043478254
JAG2	1.869948043478261
JAG1	0.3790020000000034
CLRN2	0.1638768695652174
CLRN3	-3.700951086956522
CLRN1	0.0769516304347826
MYF6	-0.26408432608695653
PIP4K2A	-0.42486163043477987
APPBP2	-0.3157714565217393
MINK1	0.07800495652174178
TFF1	-0.45874378260869575
QRICH2	1.701373804347826
QRICH1	0.20265180434782337
E4F1	0.7238255869565204
CRYBB3	0.1263499130434791
CRYBB1	-0.1767962826086964
PRRX1	2.3742371304347842
RAP1GAP	0.014505782608699391
EXOC2	0.10800476086956934
EXOC3	0.4031416521739146
DEFB107A	0.0
EXOC1	0.1944338043478293
BNC1	-1.516106869565217
EXOC7	0.6321378043478258
EXOC4	0.35723606521738915
BNC2	-0.3801924347826051
UBE2Q2	0.763441782608699
EXOC8	0.049221934782607946
MAPKBP1	0.8474862826086955
SERTAD3	0.2371767391304367
ANK1	-0.06742565217391316
ANK2	-0.882078891304352
ANK3	-2.246341760869565
MGAT4A	-0.004279434782604952
CHRNG	0.1311315
CHRND	0.6276899565217392
CHRNE	-0.8486230434782582
C9orf96	0.27772480434782665
C9orf95	-0.9710320434782638
IFI44	-0.6545807826087007
C9orf93	0.13825736956521695
C9orf91	-0.19428236956521605
BZW2	0.5793587608695603
RAD17	0.10120076086956509
FAM99A	-3.8843864565217388
FAM99B	-3.3566850000000024
CRAMP1L	1.1350950869565164
SNORA10	0.11861108695652173
IDH3A	-0.24306728260869903
OR9A2	0.006442934782608696
ARSF	-3.1114817608695637
C5AR1	-1.2190930869565237
TNRC6C	-0.07582463043478427
TNNC1	1.4097704130434803
OR9A4	0.030708152173913046
CYP3A7	-1.5473998478260853
PHACTR1	0.36553136956521737
USP26	0.07871315217391302
USP25	-0.4581996739130485
PPL	-1.4456093695652186
PSMD6	-0.11596793478260636
CYP3A4	-6.331622282608695
TRIP4	0.3622140652173993
LOC644936	-0.5697927826086957
ADAMTS5	0.06420567391304743
ADAMTS4	-0.46163869565217475
ADAMTS7	1.1549475217391318
ADAMTS6	0.8962695869565196
ADAMTS1	-1.8935389130434803
TMEM134	-0.11348428260869525
ADAMTS3	-0.5028929347826088
ARHGEF9	0.34827841304347906
ARHGEF6	-0.634735673913041
ARHGEF7	-0.07098921739130404
ARHGEF4	-1.6867857608695633
ARHGEF5	-0.3636603043478317
ARHGEF2	1.0695494130434806
ARHGEF3	0.5040711086956442
COTL1	-0.7974103913043464
ARSG	0.08135334782608528
CDH9	1.1549144347826084
CDH8	1.1610734999999996
PROKR2	-0.0034294782608695618
FAM48B2	0.07953280434782609
RPL23AP53	-0.21584771739130826
CDH1	-0.9210713260869525
CDH3	0.45140252173913065
CDH2	-0.48375150000000033
CDH5	-0.37022402173912994
CDH4	-0.9913415434782608
CDH7	0.40403152173913043
CDH6	0.10117171739130537
CENPO	1.1526617826086945
CENPN	0.38505071739130337
DPP10	-1.5979206739130436
CENPL	2.1148630434782607
CENPK	2.620381282608696
CENPJ	1.3415634999999977
CENPI	2.886889478260872
CENPH	2.241701739130437
CENPF	3.5680513478260885
CENPE	3.252677173913041
RAMP1	0.8074032173913022
CENPB	0.48627069565216985
CENPA	3.686852173913045
RAMP2	0.5187348260869609
LDB2	-1.1695192826086958
LDB3	0.7157804565217427
CLCF1	-0.1144565434782594
KAZALD1	0.808643521739127
PALM	0.15471891304347807
FOXE3	0.6403334565217389
SSH1	0.23275026086957418
CENPW	2.583618608695648
CENPV	0.16596076086956657
CENPT	0.743965304347828
SERPINI2	0.24993967391304356
CENPQ	1.2666224782608673
CENPP	1.7797485869565248
TRMU	0.709158065217391
TRPC2	-0.28029934782608734
SPRED1	-0.5821930000000037
PDXDC2	0.41260217391304543
LIN9	1.7125373043478263
LOC389705	0.1886503043478267
ATP5G1	0.6879778043478257
UCA1	-2.5730017391304334
UCKL1	0.6092498478260833
PLEKHA4	-0.9146265652173913
PLEKHA5	0.223222499999995
PHACTR2	-0.9131784347826066
PLEKHA7	-0.5017144999999985
ATP5G3	-0.09815373913043324
PLEKHA2	-0.8629908695652126
PLEKHA3	-0.5105120869565258
NETO1	0.3185241086956522
WDR34	0.1571776956521731
NETO2	1.9530016739130436
PLEKHA8	0.7058152826086967
PLEKHA9	0.9416966739130439
STBD1	-0.5736247826086949
CTPS	-0.642659021739135
RFESD	0.5419367608695653
OR1D2	-0.038108
SEC62	-0.9201223260869575
OR13C9	0.0032940217391304346
DHX38	0.1771347173913025
SAMD4A	-0.9397146956521674
TRIB1	-2.1977811956521744
TRIB2	0.3851225434782588
TRIB3	0.11961717391304738
DHX30	0.32128456521739146
DHX32	-0.6371606521739128
DHX33	-0.7022292608695633
DHX34	1.1303242826087008
DHX35	0.5369505652173912
DHX36	-0.20592556521738992
DHX37	0.7420600652173892
LCE1F	0.027046173913043498
LCE1D	0.015655978260869566
LCE1E	0.20341084782608693
LCE1B	0.044984847826086985
LCE1C	0.15480752173913045
CABIN1	0.8418300434782537
LCE1A	0.0
LAYN	0.6958911304347817
MGAM	-0.5600014999999994
AP4S1	-0.3452099347826074
B3GNTL1	1.5868621304347839
LUM	-2.024657000000003
VN1R2	-0.04407223913043479
MTR	0.5113967391304399
VN1R1	0.8666926304347835
ZNF768	0.3916037391304279
VN1R4	0.0
VN1R5	0.19870339130434794
ZNF765	0.2878505869565222
LOC100009676	0.6243868913043462
ZNF767	1.19224763043478
ZNF766	0.5481544347826075
ZNF761	0.7164510434782603
ZNF763	0.517049043478262
PGBD1	1.0847047826086955
TPT1	-0.7656462826086923
OR2V2	0.0
RPP21	0.9668367173913035
SPATA5	0.14277958695651893
VNN1	-2.9116178260869567
RPP25	-0.10678413043478496
DSCR10	0.1451925434782609
PMCH	0.5763811956521734
PLSCR4	-2.3315226739130495
NKX2-8	-0.23747684782608708
C14orf72	0.7175610652173909
ECSIT	0.01038686956522028
C14orf70	0.06784847826086957
ZSCAN10	0.39255532608695654
WIF1	0.549623347826087
HHATL	0.33413815217391307
LOC339047	1.0264311956521706
FAM185A	-0.5207373260869614
C14orf79	0.2503786739130467
RETNLB	0.3500315217391304
PCDH8	0.10439347826086959
SUPT6H	0.015105565217394812
YBX1	0.14608932608695469
C18orf34	-0.05455554347826064
CILP2	0.07555928260869571
C18orf32	0.14612356521739045
DOPEY2	-0.3099530217391422
DOPEY1	-0.6287241956521736
RBMY2FP	0.7384396739130435
PRIM2	1.462709347826089
ZNF501	0.33739632608695924
ST8SIA5	0.7486796086956523
ZNF503	0.17714893478260585
WDYHV1	1.0077807826086955
SMAD4	-0.3212663260869544
ZNF506	0.28644960869565317
ZNF415	-0.47533154347826123
TBC1D10A	-0.2125222826086972
PSG8	0.39941460869565226
TSR2	0.15177604347826623
GPBP1	0.3751791304347858
ENOX2	0.021904804347825824
TREM1	-1.3276186086956518
TREM2	1.9535836739130383
STK24	0.1470061739130415
CD1B	0.24531043478260894
SMAD5	0.0213613260869554
RPL41	0.139170326086953
CD1C	-1.5070254782608665
MYH2	0.30614595652173915
MYH3	0.5170028695652178
GREB1	0.5010957608695614
HAO1	-2.2898032391304355
MYH6	-0.17238158695652162
MYH7	0.17522965217391304
MYH4	2.361497760869565
THBS2	-0.29220904347826604
RACGAP1	2.5661438043478224
FAM167B	-1.2195630217391304
FAM167A	-0.9931534565217408
MYH9	0.22136028260869445
BAGE2	0.5392398043478256
RNLS	-0.7306649565217409
C9orf53	0.7631885869565219
DPH3B	0.2705811304347834
UGT2A1	-2.3188900869565208
SNORD88A	0.0
LOC29034	-0.9187319565217411
CELF6	1.4221745434782598
VGLL2	0.3037108043478261
VGLL3	-0.16915745652174152
CADM4	-0.3442719347826033
VGLL1	-1.014843217391304
CADM2	-1.524004586956521
CELF5	0.3623296956521753
VGLL4	0.4166058260869523
CADM1	-0.03735617391305368
FGD5	0.0022246304347808277
FGD4	-1.0979933478260904
KRTAP5-6	1.1638157391304351
C9orf50	0.3730740217391304
FGD1	1.5095192826086956
KRTAP5-1	1.163913913043477
FGD3	-0.22053430434783117
FGD2	-0.9732959782608654
LST-3TM12	-2.412017369565218
CELF3	0.47070489130434795
CEP250	1.2954738043478269
KRTAP5-8	0.07292239130434819
KRTAP5-9	0.7270945869565214
CELF2	-0.7037209347826083
TBX18	0.18399128260869624
CELF1	-0.3514365652173925
MERTK	-0.6141100000000002
VCPIP1	-0.4216756304347822
RLN1	-0.018786456521739048
UHRF1	3.588669673913045
UHRF2	0.14355623913043303
FAM149B1	-0.12021606521739159
CNNM1	0.6962380652173943
CNNM3	-0.10004613043478017
CNNM2	0.16545771739130544
CNNM4	0.2316029347826074
HHLA2	-0.41728895652173836
HHLA3	-0.5037403695652154
PIP5K1A	0.1352124130434813
HHLA1	-0.05770217391304347
KEAP1	0.18487491304347436
MYO9B	0.61753745652174
MYO9A	-1.222608608695654
TRIP6	0.17785445652173593
RLN2	-0.08945504347826094
ZBTB8OS	0.3579975000000042
ZNF337	0.8909744565217359
DSCC1	2.041893347826089
PHF14	0.47100323913042885
PHF15	0.9175234782608737
PHF16	0.008678891304345626
PHF17	-0.36156956521739225
PHF10	-0.38246534782608776
PHF11	-0.018303086956526826
PHF12	0.4310685869565205
PHF13	-0.3361099347826091
FOXQ1	0.1355822173913035
ZNF710	0.283853369565211
PHF19	1.5021495869565245
FBRSL1	0.45719706521739134
ZNF711	0.10737578260869451
EZH1	0.8850248043478253
SLC5A1	-5.221483434782607
MEGF8	0.9842923260869654
EZH2	2.4950544130434817
SLC5A4	0.7649544347826089
CCNB1IP1	-0.4316632173913053
SLC5A6	0.046387152173920754
PTGDS	-1.0819365652173882
RLN3	0.24986195652173923
PRSS8	-3.0987962173913015
TIA1	0.5146867391304379
MEGF6	-0.307049173913045
UBN2	0.15000004347826668
UBN1	0.5597250652173873
RALGDS	-0.4501192608695703
PNLIPRP1	0.0804476086956522
PNLIPRP3	0.09441358695652173
PNLIPRP2	0.300992543478261
NKX2-3	0.6387967826086963
RAVER1	0.5180384130434792
RAVER2	0.5097083260869519
ALX3	1.8078290652173918
NAA40	1.1104908695652167
ALX1	0.4848228260869565
RB1	-0.5696615652173911
ALX4	0.06227634782608696
YY1AP1	0.5742352826086954
LOC400043	-0.05695978260869783
UCN	1.0921951956521752
NKG7	-0.9369003478260876
LOC649330	0.21647265217391487
ZBTB3	0.4687119565217426
ZBTB2	-0.4642840000000046
ZBTB1	-0.41499521739130607
CARD18	0.7814465217391303
ATAD3C	-2.002011739130431
ATAD3B	0.7757770869565253
ATAD3A	0.21137502173912637
MAT2B	-0.2053661086956584
NBR2	0.2559662391304345
CYP21A2	-0.04603078260869431
CARD11	-0.14897906521738946
CARD10	0.3417980217391303
CARD17	0.11023730434782605
BOD1L	-0.14773743478260393
LOC151534	0.0697443695652229
CARD14	0.2119689565217393
CASC3	0.6346585000000022
CASC2	-0.4233589565217395
CASC1	-0.3545098695652178
HCG26	1.0513020217391311
ARR3	0.1534032608695652
GNB3	0.5963607173913044
CASC5	0.826159717391306
CASC4	-0.5400568260869534
COL24A1	1.8655778260869564
PXMP2	-1.3157229130434818
GNB2	0.0910895869565298
PXMP4	0.8144803478260894
HAO2	-4.642214913043483
RIPK3	-0.35448706521739215
ZMYND12	-1.5622174565217382
LOC284379	0.11199945652173912
C20orf108	-0.6387218043478313
HN1L	0.2976879565217452
MGC21881	-0.6703138260869563
C20orf106	0.2074255652173913
C20orf107	0.1974720652173907
C20orf103	0.56304997826087
CUL4A	-0.1615552826086919
TAF1	0.007056152173909425
CUL4B	0.2882064347826123
CYP2C19	-3.2655205217391305
CYP2C18	-2.0493836956521765
WDR49	0.24875321739130427
BOLA1	0.8744691086956529
NUDT16	-0.18719895652173513
BOLA3	0.797641543478262
BOLA2	1.3455051086956544
RIPK2	0.35787306521739026
IMMT	-0.01850604347825424
PPBPL2	0.015344565217391304
GLCCI1	-0.2262674565217404
SLC6A3	0.7970508695652176
C21orf82	-0.904535326086956
C21orf81	0.12838995652173912
SLC6A7	1.0047183043478263
SLC6A6	0.037495869565214335
NDUFB9	0.5989001956521705
C21orf84	-1.076626282608696
NDUFB7	0.3623447391304335
CROCCL2	1.1986873695652198
CROCCL1	-0.2774535652173924
C21orf88	-1.7353725869565215
NDUFB3	0.2550255652173874
FAM160A2	-0.2283044565217356
NDUFB1	0.024253043478259073
GPR39	-0.07336552173913091
WDR13	0.617569717391298
YDJC	0.7396856739130433
GSR	-0.4845673260869585
POM121L1P	0.18973010869565232
ZNF667	-0.5739364999999985
KIAA1919	-0.26438134782608813
GPR31	-0.012374717391304357
ASB14	0.31791686956521703
GPR32	0.014777717391304348
GPR35	1.6689354347826049
GPR34	-0.24510102173912962
GPR37	-1.1145318478260888
LRPPRC	0.04335732608696219
C12orf56	1.258030630434782
C12orf57	0.5414928260869534
C12orf54	0.059471891304347824
CYMP	0.016877173913043476
C12orf52	-0.1306681086956516
C12orf53	0.453557282608696
C12orf50	0.05192343478260869
C12orf51	0.2861979565217414
FMNL2	-0.0029105434782605855
FMNL3	0.7670972608695612
FMNL1	-0.057919717391300196
ZIC4	1.8858936521739131
C12orf59	0.6277961739130431
STAP2	-0.009285608695650538
STAP1	-0.2908533260869568
TBC1D20	0.46380452173913334
NEXN	-0.6998252608695639
RIPK4	-1.5967003260869639
INGX	0.2104600000000001
SH3BP4	-0.34107902173912485
MAPRE1	0.28233004347826096
MAPRE3	-0.4338273695652166
MAPRE2	-0.7692725652173884
AQP6	-0.9013936739130441
AQP7	-1.7723896956521763
AQP4	-2.041473434782609
ANKRD46	-0.8643504999999987
AQP2	-0.028472086956521717
AQP3	-1.9200344130434743
ANKRD43	1.5409721304347759
AQP1	-0.4481255434782643
TBC1D24	-0.14319697826087108
ANKRD49	0.48558036956521455
TM6SF2	-1.955863260869565
AQP8	1.6467623260869555
AQP9	-2.561782260869567
NR1H4	-0.9050014347826156
NOP2	0.5053196739130392
SCARNA9	0.5474894565217383
SCARNA8	0.02405217391304348
SCARNA7	0.5671449347826087
PATZ1	0.22252050000000168
SCARNA5	-0.0019298260869564654
SCARNA4	0.012921739130434784
SCARNA3	0.018283695652173915
SCARNA2	0.15702484782608694
SCARNA1	0.04686793478260869
AFG3L1	0.6556643695652173
GTF2I	-0.15012836956521802
MRRF	0.25270439130435207
MPV17L	-0.363303021739128
PHB	0.3285264782608621
GPR150	0.5384452173913044
ZNF516	0.07322969565217097
GSC	0.7039948260869565
ZNF382	0.9808546739130448
SNHG5	0.34514489130434
PGGT1B	-0.5228205652173958
RHAG	-0.1905446086956522
SNHG6	1.1479744347826148
IFIT1B	-0.4994454347826086
NR1H2	0.19443921739130055
GUCY1B2	1.1403043478260866
GUCY1B3	-0.5623058043478322
RNF215	0.9130005434782573
RNF214	0.49322871739130036
RNF217	-0.8781318043478263
FAM126A	-0.36305810869565214
LZTR1	0.5885838913043493
SNHG8	0.43849397826087255
RNF213	0.9198235869565199
RNF212	-0.720019282608696
MED29	0.21759904347825731
FUNDC2	0.20813256521738666
STX2	0.02632708695652397
ZNF326	-0.3474037391304403
ADORA1	0.22743421739130554
MED20	0.5682926086956535
ADORA3	-1.449182108695652
FAM47B	0.017807065217391307
MED25	0.6727166086956426
MED24	0.5997368260869607
MED27	0.6446885869565193
ENAM	-0.6640448913043473
C14orf73	-1.431863673913039
GUCY2C	1.185590108695651
CC2D1A	0.2858759130434816
SEPT8	0.8507528260869588
CC2D1B	0.4430030652173915
SEPT5	1.7074871086956538
C10orf131	0.2418949347826088
SEPT7	0.048877391304353424
RESP18	0.0027951086956521736
SEPT1	0.23232628260869337
BDNF	0.2811784565217388
SEPT3	1.84999791304348
C10orf137	0.3805726086956476
YPEL2	-1.1873928695652172
UTS2R	0.2648713260869566
LOC100128554	0.03347565217391306
LOC100131551	0.8208503695652172
SNORA5C	0.05982880434782609
GK2	-0.013496065217391301
GK5	0.5958935869565236
TRIAP1	-0.15765936956522175
RBM34	0.9135802608695638
?|280660	0.6278695652173912
CDK5R1	1.1431511521739113
TXNDC15	0.01341932608695906
RBM33	0.5536759565217437
CDK5R2	0.3377198695652173
RPS3A	0.22121558695652865
GSN	0.7456486739130455
RBM39	0.3347190869565342
RBM38	-0.009761869565220849
UGT1A7	0.4445385217391309
EPHB2	1.419329934782608
EPHB3	-0.3844446304347855
EPHB1	-2.3326567391304347
EPHB6	-1.0669301956521702
PARP9	-0.6724081739130483
EPHB4	0.24372926086956603
SPANXN2	0.011748913043478262
DNAJC5B	-0.0905797173913041
TOM1L1	-0.4284473043478325
PARP6	-0.40069860869564966
EPN1	0.011903086956525755
DNAJC5G	0.22446576086956524
EPN3	-0.45083978260869517
EPN2	0.08550669565217461
BTNL9	0.29110858695652286
BTNL8	0.9049335434782622
BCCIP	0.06792039130434446
TP53INP1	-0.5558310652173919
TP53INP2	-0.6190192608695693
BTNL3	0.540370739130435
BTNL2	0.042228804347826096
FBXO10	0.11260845652173757
TSN	0.24852895652173856
ANG	-1.7511943913043435
ALDH4A1	-1.4652601739130393
TIFAB	0.9749079130434795
LOC729375	0.13223534782608937
SLC6A8	2.0035806304347856
MELK	4.157681456521738
SNPH	1.0150203913043465
RIMS4	0.05898326086956496
NVL	1.134617608695656
FGF22	0.3412522391304347
FGF23	-2.807942239130435
FGF20	0.0698614347826087
FGF21	-0.0813013478260931
MDFI	1.903877521739132
XAGE5	0.9533353260869566
RASIP1	-0.041672217391303334
XAGE3	-0.07481065217391314
LAGE3	1.1479350652173874
ACTC1	0.6235584130434784
DSN1	1.3375533260869554
TXNDC16	0.04931084782608419
ZNF34	0.6625688478260878
AK3L1	-0.8739849565217384
ZNF32	0.24584217391305074
SNORD36B	0.0
ATP8B2	0.6719476956521788
ZFP3	-1.0837962826086978
SH3GL1	0.3114861086956502
SH3GL3	0.8006966956521738
SH3GL2	-0.6303695217391303
SLC10A3	0.33101904347826494
NPY	0.1953038695652174
SLC10A1	-3.619115304347833
RFPL4A	-0.678368891304348
SLC10A7	-0.3666426521739128
SLC10A6	0.21893976086956468
SLC10A5	-0.029279934782610262
PART1	0.9833588043478261
SNORA24	0.126890652173913
MPST	-0.1376167826086938
ING1	0.023795217391299417
FHL2	-1.9472859782608642
FHL3	0.8154346956521756
FHL1	-1.4835654565217364
TYRO3	1.2300512826086951
FHL5	0.5626296956521752
OR1K1	0.03165217391304348
PUS10	-0.916541782608693
FTH1	0.43776200000001175
UGGT2	0.4243432826086986
TSGA10	-0.1465593478260856
SULT1C4	-1.2283924565217372
UGGT1	0.4499378695652183
SUV420H2	1.6769844130434821
BSPRY	-0.2330241956521748
ZNF248	0.7004038913043491
SNAR-I	0.0
ITPRIPL2	0.0686173260869527
ITPRIPL1	-0.20556917391304008
KIAA1751	0.7910095217391302
FLJ40852	-0.4269870000000009
WWC1	-0.2877565652173857
SFTPA1	-0.027457434782608647
KIAA1755	-0.4757805869565219
LOC732275	-0.01611673913043478
LOC100189589	-0.10206084782608696
RFPL3S	0.6009346521739127
ALDH7A1	-0.6984049565217401
PAWR	-0.19110663043478482
RAD51C	0.7912051521739203
RWDD2B	-0.6561164999999995
VASH2	1.9440228260869579
PYY2	0.7674074782608689
?|391343	0.3496282391304348
C9orf144B	0.15653078260869555
LOC286238	0.003091304347826087
C5orf15	-0.1851713695652144
CTDSPL2	-0.059080543478261305
PDPR	0.2085907608695683
UGT1A10	1.3532047826086955
ST7OT4	0.3817195217391304
COL21A1	0.9328365434782597
TRMT2A	0.5784139130434784
GATAD2A	-0.06347067391303973
VTRNA1-3	0.0
GPA33	-0.5700612173913042
VTRNA1-1	0.0
LGI1	-2.052506543478261
WBP1	0.337090695652174
HMGXB3	0.8984272173913048
HMGXB4	0.2934985000000001
LGI2	1.0214548913043484
FLJ10661	-0.7371602608695662
DIP2A	0.4194271304347801
DIP2B	0.009203021739132566
DIP2C	-0.7062932826087014
BAHD1	-0.0578173043478305
MYLPF	-0.41760467391304334
ZFP36L1	-1.137337978260863
NIT2	-0.8283565869565201
DCLRE1B	0.6875374347826124
DCLRE1C	1.1325020869565199
YES1	-0.6937041521739182
DCLRE1A	-0.22230967391304546
SNORD41	0.0
DNA2	1.4190927608695674
ECT2	2.2861872391304363
KIAA1632	-0.21568621739130833
STAM2	-0.19739669565217355
KIAA1712	0.22060304347826243
NADK	-0.6697431521739219
LOC143188	0.5054662391304348
ZCCHC9	0.44307552173913045
WDFY4	-0.6986185217391281
KCNS1	0.044655478260868575
KCNS2	-0.13621658695652183
KCNS3	-0.5270366739130514
TBX4	1.9326328695652175
ZCCHC2	-1.1516714565217416
CYP4A22	-3.323514152173911
ZCCHC7	0.3646155869565222
ZCCHC6	-0.8759890652173947
ZCCHC5	0.2856389130434782
ZCCHC4	0.33642934782608247
C17orf60	-0.032460434782606296
C17orf61	-0.5607346086956486
C17orf62	0.5220073260869604
C17orf63	0.2805735869565229
C17orf64	0.3179527608695649
C17orf65	1.145499217391306
C17orf66	0.36198902173913017
C17orf67	0.27540528260869657
C17orf68	-0.1440955000000006
C17orf69	0.38607130434782766
ADAM21P1	0.4799426304347828
LOC654342	0.8292450869565169
SLCO2A1	0.7598015869565238
CHADL	0.03158406521738932
OR2M5	0.0
EFCAB4B	-0.01001702173912955
OR2M7	0.0
FKSG83	0.024733695652173916
OR2M3	0.005871195652173913
OR2M2	0.0
WBP11	0.026502652173913788
IPPK	-0.6812183478260962
KIAA0087	-0.06186363043478263
NDUFA4L2	2.7432241304347853
C6orf132	-0.6061889347826113
UPP2	-1.9599741956521735
C6orf130	0.07779847826087227
ARID3B	0.47251993478260523
C6orf136	0.5755228695652157
C6orf134	1.1835549347826086
FAM9B	-1.1662424565217409
FAM9C	0.1957576739130434
C6orf138	-0.20809034782608604
CASQ2	1.3166335000000005
P704P	-0.30920304347826066
INA	-0.5789383478260874
LOC285768	0.7627288913043482
PUS7L	0.12291604347826102
SNORD62A	0.0
SNORD15A	0.03239226086956523
TRIP13	3.201998478260867
GLRB	-1.2740430869565218
MUDENG	-0.46304619565217386
ADPRHL1	0.3031002391304334
ADPRHL2	0.2354751739130414
LOC392196	0.011440217391304347
DARS	-0.07566117391304594
GLRX5	-0.22808391304347886
LYPLA2	0.14233084782608607
MC2R	0.04904076086956522
TPI1P2	-0.15216519565217546
GLRX2	0.3111236956521779
GLRX3	0.4314125000000004
PIH1D2	0.03632421739130587
ATP2B1	-0.2806289565217348
ARGFX	0.054640978260869576
SPG7	-0.43860908695652157
ICA1	0.09906519565217309
WBP4	-0.4340411304347729
DARC	0.20677636956521805
S100A10	0.9991560869565195
KIAA0664	-0.42261686956521594
S100A12	-3.066837913043479
S100A14	-0.44715632608696243
PHYHIP	-0.44036278260869643
S100A16	-0.1728357391304307
C19orf40	1.668665695652173
C19orf41	-0.009557456521739133
C19orf42	0.16786054347826607
C19orf43	-0.2083178478260841
C19orf44	0.8474213695652129
C19orf45	0.7502478695652179
C19orf46	0.17541280434782447
C19orf47	0.3892561521739095
C19orf48	1.2693246086956567
A4GNT	-0.521005347826087
GRK4	0.28023686956521665
GRK5	-0.340459826086958
PPYR1	-0.3240526739130435
CYBRD1	-1.2265130434782598
CAPN7	-0.2448829130434742
CAPN6	-2.0970905000000006
CAPN5	-0.5381450217391262
CAPN3	-0.5639309347826131
CAPN2	0.8198049999999988
CAPN1	0.3009030652173923
DLEU2	0.5621686086956554
DLEU1	-0.04645926086956198
DLEU7	-0.3162875869565218
NECAB2	-0.8922155652173904
CAPN9	0.8592544999999996
CAPN8	1.162484347826087
SOD2	-0.9177010869565159
SPAG8	0.9730619130434772
SPAG9	-0.526021608695654
SPAG6	0.5485602391304346
SPAG7	-0.36536043478260893
P4HB	0.19261080434782762
SPAG5	1.020177586956521
TBX5	0.20099295652173912
SLC2A12	-0.5447174782608721
HTR6	0.06543858695652174
HTR7	-0.7627910869565211
HTR4	0.8473542173913041
KLHL5	0.1415597391304324
KLHL2	-1.1872566521739074
KLHL3	-0.6377878043478287
KLHL1	0.015974456521739133
WAC	0.07554358695652219
SLC2A10	-1.0598042391304325
KLHL8	-0.9760564782608672
KLHL9	-0.35325402173913467
CAB39L	-0.5212753478260899
FUT11	-0.330707304347829
FUT10	-0.46837850000000003
FAM82A2	-0.4668692173913005
FLJ37453	0.34474419565217396
SGMS1	-0.27202473913043157
FAM82A1	-1.442311739130437
ZNF696	1.2348635217391282
ELFN2	2.633467652173915
MKRN3	2.022735717391304
MKRN2	0.3037795217391306
KATNA1	0.17470313043478303
DEFB105A	0.0
KDELR3	0.654248021739134
KDELR1	0.2993090434782584
RSPH10B2	-1.3902766521739127
HIRIP3	0.3248212173913032
RP1	-0.2724131521739128
CLEC12B	-0.45806206521739146
CLEC12A	-1.9628430869565214
POU2F1	0.2551630434782597
ZFP30	-0.23217080434782922
MAMDC4	-1.9712422173913051
ANKRD33	0.8764703043478259
MAMDC2	-1.1984648260869575
ZMAT3	-0.6758065217391254
MEGF11	0.19102815217391322
ZNF354A	0.6736786739130416
KIAA0947	0.1816453260869526
ST14	0.2568360652173922
RP2	-0.9181563695652191
MOBKL2B	0.4833963260869538
MOBKL2C	-0.6032468695652149
MOBKL2A	0.47677132608695416
TEX19	2.2214432391304344
AANAT	0.07316206521739127
ST18	-0.9149869565217392
TAS2R7	0.006504347826086957
TBR1	0.09968315217391306
LOC730101	0.848902304347825
CDV3	-0.1579957391304312
LYG1	1.3790580217391324
LYG2	0.9350675869565215
TCTN2	0.6519926521739077
TCTN3	0.01574410869564602
CMAH	-0.3825300000000018
TNXB	-1.672259695652178
SOHLH1	0.49526156521739106
SOHLH2	1.1248867608695656
CMAS	-0.20914091304348226
GRAMD2	0.36213202173913006
FATE1	2.562133760869565
AKT1S1	0.4881201739130425
LOC728554	0.5383096521739157
GRAMD4	-0.7934262391304383
PRDM14	0.11448641304347829
RGMA	1.8589396956521753
TAS2R4	0.4894111304347826
SLC5A2	0.6592638913043471
DCHS1	-0.3356897608695659
DCHS2	-0.6939523260869562
LCE6A	0.12346141304347827
NT5C3L	0.28140804347826354
SERPINB11	0.17842006521739123
SERPINB10	-0.1256750652173913
SERPINB13	-0.07066076086956524
SERPINB12	-0.06082552173913043
WHAMML1	-0.31289193478261446
TMEM132C	-1.5354023913043475
CMA1	-1.231409739130434
TMEM11	0.10883767391304566
PLEC	0.6984599565217398
TXLNA	0.08342834782609287
ZNF546	0.17054536956521638
LOC550643	0.046200043478258124
NELL2	1.014124695652174
PLEK	-1.2441057391304389
BSCL2	0.17911295652174175
LTK	-2.3825962173913013
GOT1L1	0.006751086956521739
POMGNT1	0.3514956521739183
NWD1	0.14537523913043482
KDM5A	-0.2804621086956516
PRAME	2.7295443043478267
GOLGA2B	1.262258760869564
PRDM12	1.0144094782608692
SPOCK2	0.2003073478260866
SPOCK3	-1.6105741739130446
ZNF133	0.7470349999999968
TMEM18	0.09463521739129988
PDE4DIP	-0.3344693043478255
CLDN12	-0.40922465217391313
CLDN10	-4.471803173913042
CLDN11	-0.8010587826086963
CLDN16	-0.7733088478260868
CLDN17	0.0
CLDN14	-0.37346934782608976
CLDN15	1.2786233695652136
SYNGR4	0.8066417173913046
NR2F1	-1.0101851521739151
CLDN18	1.2769811086956528
CLDN19	1.3663055652173905
NDUFA11	0.23191878260870524
APOOL	-0.5893897391304321
ISCA1P1	-0.2001261521739135
PGBD2	0.1385574782608705
PRDM13	0.1547209347826087
SNX5	-0.04164982608696022
SLC5A5	0.5663299130434785
GAD1	1.9626300434782609
GAD2	0.0989121739130435
TSKU	-1.3881609347826007
ZNF746	0.4176041739130447
MTHFD2L	-1.3458125000000072
PHYH	-1.2766684347826107
ZNF740	1.0411374565217386
LCE3D	-0.1627075
LCE3E	-0.12572084782608695
NDUFA12	0.3366310217391302
LCE3A	-0.11713606521739134
LCE3B	0.0
LCE3C	0.011569021739130436
TMEM150B	2.299892043478259
ODF3L2	-0.2544467608695671
ODF3L1	-1.7690858043478257
PHLDB2	-1.1102821521739124
SNORD116-5	0.0
AGTRAP	0.6240238260869635
DNHD1	0.9120570000000008
MTP18	0.7374000217391341
LOC220429	-0.416835630434782
C14orf19	0.6449556956521741
SNORD103A	0.0
PABPC4	0.12180897826087467
PORCN	1.1335781956521718
ELL3	0.2601327826087019
OR11H1	0.0026043478260869566
TAS2R1	0.11925736956521743
OR11H6	0.020168478260869566
MPV17L2	0.6540590217391351
OR11H4	0.012175000000000002
SYNE1	-1.490518695652181
SYNE2	-0.7641462826086975
FAM187B	-0.16032469565217394
TNFRSF13B	-0.2749837391304353
GOPC	-0.3047226739130462
WFIKKN2	0.13277493478260827
C18orf54	1.2563070217391261
C18orf55	-0.018952956521737008
C18orf56	1.3746556739130424
DDB1	0.2487496739130517
ZNF527	0.2821681304347834
WFIKKN1	0.6304183913043491
ZNF525	0.513338369565215
ZNF524	0.5985598043478291
ZNF529	0.4009377391304332
ZNF528	-0.38489254347825774
JRK	1.7718455869565224
OR56A5	0.017329000000000008
PCDHB19P	0.4958962608695652
FEZ1	-1.9231793478260837
SLC5A8	-0.20985728260869568
OR56A4	0.06371739130434782
RNF144B	-1.1243647826087013
YJEFN3	1.5133772608695657
RNF144A	0.8572479999999993
STEAP1	-0.6187049782608671
OR56A3	0.5645603260869565
STEAP3	-2.2172516739130455
KIF21B	1.1322511739130388
OMA1	-0.37715404347825654
PRO0611	0.0051162173913043285
FEZ2	-0.10885441304347943
OR56A1	0.04318695652173914
OR4F15	0.0
LOC100129935	0.021391847826086958
BCL11A	0.22892432608695845
BCL11B	-0.3027183260869535
PALM3	-1.5257103913043455
LOC253039	0.7585994565217336
VPS11	0.694019086956521
TST	-0.66287306521739
DSCAM	-1.735514565217391
UBASH3A	-0.03696815217390981
GCLM	-0.7229614565217375
AVL9	0.19273776086957195
GRHL1	-0.752038999999999
GRHL2	-3.0364302391304347
GRHL3	-0.654615847826086
UBQLN2	-0.3654794565217294
UBQLN3	0.023566304347826087
OR4C45	0.0
GCLC	-0.8754485869565247
TUG1	0.4403993913043518
C1GALT1	0.0536617608695682
OSMR	-1.3319433913043452
WHAMM	-0.22603069565217382
OR8B12	0.005740217391304348
FAM165B	0.26208915217392104
BIVM	-0.29086439130434805
DAPK3	0.5956156086956561
DAPK2	1.4888884130434743
DAPK1	-0.8315267391304371
ULK2	-0.4876096304347861
DPY19L1	-0.5309704130434785
DPY19L2	0.29628208695652103
DPY19L3	-0.5456542608695685
DPY19L4	-0.2263046086956475
PIM3	-0.9311911739130441
C21orf129	0.7314396521739139
C21orf128	-0.10798706521739132
ZFPL1	0.7813913695652204
C21orf125	-0.0939888043478252
C21orf122	0.5166788260869568
C21orf121	-0.5281803260869561
MAN1C1	-2.3860407173913023
TMPRSS13	-0.9682722391304339
MYNN	-0.1099482391304285
TOMM70A	-0.11078678260869879
TNN	-1.4909330434782602
SATL1	-0.27565543478261123
LOC440040	0.023260326086956523
HRNBP3	0.4125778260869568
SNORD42B	0.0
FAM138B	0.04417934782608696
PREX1	0.15185163043478056
TMEM39B	0.06472049999999818
FAM138F	0.43306360869565214
FAM138E	0.15698097826086957
FAM138D	0.009391304347826087
SLC43A2	0.5210242391304343
TAAR2	0.0
PITPNC1	0.13896808695652396
GORAB	0.4505792391304331
NOTO	0.17241032608695653
HES1	-0.7161483478260777
MYO7A	-0.6393656304347779
MYO7B	0.9869199347826081
UBL5	0.44603347826086903
BPTF	0.07364149999999547
UBL7	0.6712151304347831
STK19	0.8948315217391327
UBL3	-0.8770485869565174
OR6C74	0.0
LTB4R2	0.1529251956521751
STK10	0.0624198043478259
POLG2	0.9339931521739118
STK16	-0.1669096304347839
GPAT2	1.496311934782609
FKBP4	0.17692356521738972
FKBP5	-0.2852389347826101
FKBP6	0.2536061086956518
FKBP7	-0.6735525434782614
FKBP2	0.08899615217391244
FKBP3	0.3137249565217406
KCTD6	0.5599223043478281
HES2	1.6400607391304352
LOC153910	1.1784276304347823
FKBP8	0.2830158260869542
FKBP9	0.5196819565217403
SLC27A6	-0.7256288260869566
NAPSA	0.6205629347826069
ZNF135	0.002454565217390403
NAPSB	-2.299795934782609
TYROBP	-0.638475782608694
PCDH1	-0.4514008260869584
TAS2R14	0.5858255434782615
PPME1	0.5041064782608657
GABARAP	-0.20008030434783564
LOC100303728	-0.4295018260869563
C14orf159	-0.43516123913043536
LOC645323	0.18681386956521734
MANF	0.9022706521739146
GPR109B	-0.7927191956521735
C14orf153	0.38521071739130797
SV2C	-0.17435510869565218
GPR109A	-1.3918643695652144
C14orf156	0.24787554347826024
IFNA16	0.0
SPRED3	0.3065873913043479
IFNA14	0.011601086956521739
SNORD42A	0.0
SYMPK	0.4570218695652155
MAN2C1	0.12243076086957316
PXT1	0.15359299999999998
SAMD3	-0.6646208043478259
ZNF639	0.07346749999999425
KRT34	0.16920950000000004
EHF	-0.044883956521736934
FCHO1	-0.970350739130434
RMND1	-0.19529678260869687
TBCK	-0.3341586739130422
LRRC16B	-1.7101055434782566
IFT122	-0.30353863043478135
TRIM63	-0.08766458695652168
BRP44	0.521764630434788
SNORD37	0.0
BET1L	0.2568472173913072
IL20	-0.12869478260869577
FKBPL	0.9600736086956525
GRB10	0.10796067391304476
GM2A	0.5630530434782646
GRB14	-0.6165350217391357
FDXACB1	0.1712706956521739
SAMD9	-0.690478565217389
TNFRSF17	-1.084941217391305
GPR172A	1.192044847826077
GPR172B	-1.0557112826086965
HES5	0.8006770434782609
MED11	-0.06165358695652223
PRRC1	0.31060121739130686
CSRP1	-0.5632671956521733
SNX30	0.062256391304350345
CSRP3	0.0256575
CSRP2	0.42759082608695564
ZNF460	-0.8606224130434788
TBCE	1.0682052826086945
A2LD1	-0.3300140652173944
GPR17	-0.2324717608695659
ATP6V1D	0.12435065217391994
EGFLAM	-0.5167546304347885
ATP6V1F	0.7875572391304377
ATP6V1A	-0.05578715217392194
GPR12	-0.10489000000000001
HSD17B14	-0.3407254130434829
DTL	3.319583543478262
EMX2	0.3967345869565218
ATP6V1H	0.524708239130435
CHRNA10	0.33707293478260913
GPR18	-0.7065138043478267
SLC26A6	2.7756834347826027
HES6	1.4202268913043419
PIWIL1	0.3180143260869562
NHP2L1	0.4357098478260877
C12orf39	2.170984282608696
C12orf34	1.5695556739130474
C12orf35	-0.47382543478260963
C12orf36	0.23073350000000015
EMX1	2.158472934782609
SNORD114-1	0.0
C12orf32	1.3798025000000012
ZG16B	-0.15385654347825906
ARNTL	-0.3472949782608721
NPIP	0.7827460434782569
PANK3	-0.3503380000000025
PANK2	0.013103478260864776
PANK4	-0.23793969565217132
LOC158696	0.6502903913043478
ETAA1	0.36311067391304963
KIF2A	0.48193571739130725
KCNMA1	-1.6977251086956526
SLC26A7	0.46682897826086944
KIF2C	4.077409543478261
SLC25A30	-0.3669601086956593
KIF2B	0.0
ZNF324B	0.5111780652173907
PCYOX1L	0.7217983043478267
FTSJD1	-0.9102581739130464
PADI1	-0.016928282608696943
HEATR5A	-0.405177369565223
HEATR5B	-0.13425969565217244
OR14C36	0.0032016304347826084
RPL19P12	0.13508595652174016
NFASC	-0.3639766086956593
TMEM22	0.016084282608691325
LOC643008	0.7445398695652166
RAP1GDS1	-0.40624900000000075
MYBBP1A	0.33512010869565145
IGJ	-3.335749065217393
ARNT2	-0.0807416956521747
PLXNC1	1.488056608695655
ZNRF4	0.0029945652173913044
ZNRF1	0.016849456521738304
ZNRF3	-0.29315432608696135
ZNRF2	-0.3026630869565228
SLC26A9	0.24116928260869597
CBL	0.08855517391303636
EBI3	-1.003640217391304
GPX1	0.2275987608695651
CBS	-1.5524066521739162
GPX3	-0.5511559565217237
GPX2	-0.3704195869565208
GPX5	0.17015736956521738
GPX4	0.20907217391303945
GPX7	0.5545107608695625
GPX6	0.02117282608695652
EFCAB5	0.2808426739130432
FLNA	0.4074994782608634
EFCAB7	0.9320481304347812
EFCAB6	-1.039296021739129
EFCAB1	-1.7031584565217393
ANKRA2	-0.0907351956521758
EFCAB3	0.1944814565217392
EFCAB2	0.6687664782608662
NPDC1	-0.14594336956522014
LOC494141	-0.06096847826086954
TNFAIP6	0.6197227826086953
RCAN1	-2.8322381304347815
RCAN3	0.18034167391304212
RCAN2	-0.23736552173912706
LETM1	0.2793620434782653
GRTP1	-0.4982535652173876
WASH7P	1.202270152173913
LETM2	0.28521013043478227
RIMS3	0.8960995000000009
PLCL1	0.5471591304347818
PRKCSH	0.4169190652173871
PSAT1	-1.8186411956521642
ADCYAP1	-1.3972332391304354
STT3B	-0.23497554347825833
UBE2J2	0.19245206521739355
LOC100128573	0.22397023913043468
TTTY11	0.0
BRIX1	0.4578488478260869
HIC1	-0.6337913043478283
CELSR2	0.5471543695652192
WDR37	0.16169976086956872
TTTY13	0.0
HCG4	-0.7000754782608691
HFM1	0.3615761521739136
RAD51AP1	2.4208168043478273
RAD51AP2	0.456560021739131
RBBP9	-0.4962809782608719
RBM17	0.3206590869565158
RBM16	-0.3169743913043437
RBM15	-0.2567811086956544
ICA1L	0.33380223913043316
PARVB	0.49062997826086985
SIT1	0.2097785217391328
RBM19	0.6142262826086977
PARVA	-0.5567001086956562
SMYD4	0.1859153260869597
PARVG	-0.4671856739130442
STXBP1	0.21501256521738998
BEND6	0.44689250000000036
BEND7	-0.11317369565218272
BEND4	-1.9249140652173902
BEND5	0.2620939347826079
BEND2	-0.20086506521739128
BEND3	0.9130033260869563
ARVCF	-0.3866056521739143
HSD11B2	0.513064173913043
RXRA	-0.17456176086957242
RXRB	0.5136956086956488
TTTY19	0.0
KCTD11	-0.06983713043478357
CCNYL1	-0.09929154347826064
TUBAL3	0.22983445652173923
MVD	0.8219912826086908
ALDH9A1	-1.102116652173919
GRAMD1C	-2.108284717391303
GRAMD1B	-0.030760543478260516
CXorf27	0.018638739130434775
CXorf26	-0.34255886956521486
CXorf21	-1.0908714130434753
CXorf23	0.38413091304347713
CXorf22	0.11324836956521739
ZFYVE21	-0.4092358043478246
ALK	-0.042613391304347936
PLCG2	-0.9032556739130442
NTS	-0.91504306521739
ALB	-2.460029673913045
PLCG1	1.0566325000000063
RELL2	1.8072049782608666
ABCA6	-1.771703304347822
ABCA7	1.0356074130434791
ABCA4	0.6997546956521727
ABCA5	-0.22676717391303924
CLLU1OS	0.39278952173913056
ABCA3	1.1984840217391337
ABCA1	-1.2178406086956475
RFT1	0.44570247826086984
TUBGCP2	0.21882867391304117
CIZ1	0.7507018695652157
TUBGCP4	-0.2172145217391277
LRRC14	1.4210423043478357
ABCA8	-3.0288121739130487
ABCA9	-1.5389923478260883
HARBI1	0.21325143478260866
MT2A	-3.903788695652171
HAND2	-3.311964086956521
PSMD5	-0.5076096739130431
PSMD4	1.0459156956521802
PSMD7	0.009506173913036875
FLAD1	0.9370527391304311
PSMD1	0.19301739130434825
PSMD3	0.29477969565217066
PSMD2	0.4636363478260819
RTP4	0.43173756521739115
RTP2	0.10844519565217384
RTP3	-1.3826188043478265
RTP1	0.31013428260869574
ZNF14	0.4676161956521723
ZNF16	0.8407832173913032
POTEC	0.11969130434782606
ZNF10	0.17482310869565065
ZNF12	0.09962265217390964
SNORA18	0.11503956521739128
CLLU1	0.16461382608695652
WDR33	0.095247999999998
TMEM132B	0.40996608695652137
PLEKHG4B	0.7009584782608682
LOC283914	0.0007285652173913137
SELPLG	-0.6155321956521744
SNORA15	0.029751086956521743
BAT4	0.8452052608695588
OR8A1	0.30206413043478264
BAT3	0.4727414565217387
HIST2H4A	1.9463590652173988
ZMYND10	1.523271369565217
SPON2	1.1351101739130467
SPON1	-1.3623276956521693
BANP	0.05393432608696003
KIAA1737	-0.87159558695652
SNORA11	0.013039130434782609
SCN8A	-0.031234021739130036
RGAG4	-1.7134128043478256
KIAA1731	1.1120181521739116
PLK5P	0.6187224565217394
TIMP4	0.052000043478260594
RRN3	-0.633651391304344
NDUFA10	-0.18866097826086836
SNORA13	-0.05333665217391305
MCFD2	-0.34862082608695033
ST6GALNAC5	1.142860847826085
OR4N5	0.0
COPS7B	0.7803858260869614
ST6GALNAC2	0.3264309782608681
CIDECP	0.7368111956521757
COPS7A	0.11019071739131014
NAF1	-0.5092814565217392
NMUR2	-0.1335538043478261
NMUR1	-1.2344952608695623
OR5E1P	-0.026307347826086958
NCK1	-0.14321834782609066
NCK2	0.21338249999999626
FAM111B	2.9434251304347834
DKK4	1.1527305652173911
DKK2	0.9043073043478262
DKK3	0.381343717391303
DKK1	2.5232822826086956
RABGGTB	0.3189723913043494
KIF13A	-0.2334169565217401
KIF13B	-0.42307932608695786
RABGGTA	0.3845527173913048
PTPN20B	-0.23825208695652123
LILRA6	-1.2244813913043489
LILRA4	-1.025026347826088
FAM111A	0.5224367173913027
LILRA2	-2.171404978260874
LILRA3	-2.3666872826086953
LILRA1	-1.962084369565219
AVPR1B	0.16874239130434782
AVPR1A	-4.80683193478261
SAMD13	0.24499850000000212
TGDS	-1.1639373260869572
TIMP2	-0.46104617391303826
UPRT	-0.08213243478260335
HPS5	-1.9805572826086895
HPS4	0.5621567173913036
HPS6	0.011716086956520044
HPS1	0.15717267391304368
HPS3	-0.07095195652174269
RPLP0P2	1.2373224565217402
TMEM170A	-0.6262235217391314
CYP2D7P1	-1.1422505434782604
C20orf96	1.3029356739130442
DOM3Z	1.012195347826088
C20orf94	0.2127341739130446
BET3L	-1.040137913043478
HERC2P4	1.080986869565216
NFE2L3	0.7884781956521794
NFE2L2	-1.0893151739130467
NFE2L1	0.11597197826086258
POF1B	-0.8261575217391277
KLF5	-0.9524036521739125
ROPN1L	-0.5951561086956529
ZNF264	-0.19064106521739
ZNF266	0.5818408478260881
KCNU1	1.5341838260869574
ZNF260	0.450557847826083
ZNF263	0.35149684782608936
ARAP2	-1.2639440652173901
ZNF268	-0.6744298043478265
MASTL	0.5654241956521746
ZNF467	0.7885914347826128
LOC440905	1.2483771739130447
C17orf46	0.07963867391304291
C17orf47	0.3780638043478257
C17orf44	0.009878934782610926
C17orf42	0.28016630434782375
NCKIPSD	0.6842482173913069
PLBD1	-0.818255347826085
ASNSD1	-0.11832497826087085
MURC	1.4160029130434788
LOC340094	0.013484239130434781
C17orf48	0.0035988043478214493
C17orf49	0.4241382608695634
CORIN	0.5983273043478259
FRMD4B	-1.7314426739130422
SCAND3	-0.5144821304347804
RBBP8	-0.016747978260866603
ROBLD3	0.5605536956521764
KIRREL2	0.9388143478260869
KIRREL3	-1.572455565217391
CACHD1	-0.33993036956521205
STK17B	-0.421662195652182
CEP350	0.3337638695652192
SARNP	0.5415058695652224
HPSE	-0.7430912608695657
AKD1	0.08254573913043473
ZC3H11A	0.22161623913043904
SIGLEC16	-1.159236565217391
IAH1	0.03254004347826722
ARID1B	-0.3115139565217415
ARID1A	-0.008346630434783009
LOC100130776	-0.13386115217391392
MANEA	-1.1511676304347827
SVOP	0.7047881304347826
YEATS2	1.1057698913043446
RHOD	-0.5060566956521733
DHRS4L1	-0.8600989347826067
DHRS4L2	-0.7356139130434762
YIPF1	0.10857719565217216
YIPF3	0.5636888913043538
KLF8	-0.7214155652173906
YIPF5	-0.25370030434783075
YIPF4	-0.4216426521739116
YIPF7	0.05113656521739128
OSCAR	-0.7943319347826074
SDR39U1	0.3086501304347795
CYB5R4	-0.06067504347825814
CYB5R3	-0.17433352173913086
CYB5R2	-0.521809695652176
CYB5R1	0.651041978260869
HTR3C	0.1580644782608696
TM2D1	0.1183468695652179
MYO5A	0.537926326086958
RBBP6	-0.24260069565217535
UTP15	0.24116767391304528
RBBP5	-0.09009030434782339
BTF3L1	-0.031888913043478254
TCEANC	0.01689784782608683
RBBP4	0.13463554347826268
BTF3L4	-0.09006963043478322
MCTS1	0.41007697826086265
C19orf66	-0.6497430652173879
YPEL4	0.31087834782608725
ZNF706	0.7118008695652129
C19orf62	0.3518916086956505
C19orf63	0.01411704347826337
C19orf60	0.39627689130434973
C19orf61	1.1500511304347807
PPP2R4	-0.18294067391304836
FTSJ2	0.4029670869565223
FTSJ3	0.6004496521739142
MKL2	0.06823502173912921
C19orf69	0.7779459565217394
DERL1	0.09733700000000489
DERL2	-0.04424119565217133
DERL3	0.7566449782608702
TBC1D3C	0.5779307608695659
HSF2BP	1.8809277826086948
C11orf53	0.247130065217391
C11orf52	-0.18838832608695633
C11orf51	0.21989376086956547
PRR24	0.4928448695652179
C11orf57	0.09621758695652893
NLGN4Y	0.0389434130434787
PNMT	0.5832745869565213
C11orf54	-1.2844729999999966
SORL1	-1.924401543478261
NLGN4X	-1.2819154347826087
TICAM1	-0.01499997826087629
NCR3	-0.6875965217391289
RAB41	0.5522994999999995
FAHD2A	-1.3624665434782646
MLLT10	0.07719336956521161
FBN3	2.246748413043478
RAG2	-0.1280936739130435
DAP3	0.6368359782608675
RAG1	-1.8673123913043463
EIF4H	-0.2502773260869553
EIF4E	-0.41211017391304416
BCAR4	-1.5217391304556127e-06
LOC151162	0.9180532391304279
BCAR1	-0.11952208695652189
BCAR3	-0.0974053695652195
EIF4B	-0.14081747826088176
HSPBAP1	0.39065265217391154
CD99	0.21724467391303826
CD96	-0.658435782608696
CD97	-0.5302029565217392
CCDC106	-0.4789859347826102
CD93	0.18668282608695996
WASF1	0.6248977391304313
OBP2B	0.0502836956521739
S100A7A	-0.21648806521739125
HIATL1	0.28085550000000836
ZBTB45	0.8466411521739072
CYB5RL	0.9613658913043501
DEFB103B	0.09428434782608695
CLEC10A	-1.0629343478260882
EFNB3	-2.776833630434781
HDAC3	0.164246847826087
EFNB1	0.15139439130434873
HDAC5	0.772515999999996
HDAC4	1.0777806739130442
HDAC7	0.7889849565217393
HDAC6	-0.6800379782608665
HDAC9	-0.9413717173913039
CIRBP	0.42440186956522297
TMEM161A	0.6334961521739082
OLAH	0.14519919565217376
KCTD16	-0.5228315434782606
NHLH2	0.16592749999999998
NHLH1	0.5407348478260859
ITIH1	-1.7124036739130482
LOC145837	-0.7367940869565288
ITIH3	-1.1319906739130463
ITIH2	-0.6744055869565102
ITIH5	-0.7534567391304368
ITIH4	-2.1227247391304367
NMI	-0.08806995652173555
SOBP	-0.3219000434782604
FLJ13197	0.4275827391304339
POFUT2	0.3459625652173859
FILIP1	-0.5764425869565235
LOC100130522	0.7438943043478266
CDT1	3.668115239130435
TMEM190	0.2642747173913043
UCMA	0.046270760869565226
SKAP2	-0.053930043478256806
CST8	0.00902728260869565
CHPT1	-0.2401929565217369
TRAPPC10	-0.13555256521738812
ZNF512B	1.0155491956521736
CST2	1.2886144565217392
CST3	-0.3713299347826151
CST1	1.8953043478260865
CST6	0.4698166304347828
CST7	-1.1482365652173883
CST4	0.5129114565217391
CST5	0.2897596956521742
AURKAPS1	1.1070743478260874
SKAP1	-2.104820152173917
SNW1	0.16896347826086
CSTB	0.680553934782612
CSTA	-0.1877780434782581
GMPPA	0.49001380434782327
ANKRD26P1	0.5667333913043477
GGT8P	0.44514113043478265
REEP1	-1.2364950000000006
SUMO1P1	0.18698815217391307
SNORD115-33	0.0
ESM1	3.995700956521741
MAS1	0.02436467391304348
CMC1	0.3664541304347768
PRSS16	-0.7561267173913042
TOB1	-0.3129104782608678
JOSD2	0.7431698478260866
OXGR1	-0.04386263043478267
CSTT	0.016942934782608693
OIT3	-4.1915345217391335
?|728788	-0.08570710869565198
LOC100272228	1.4531507391304346
OR10H2	0.06852554347826087
OR10H3	0.012189130434782609
OR10H1	0.04069619565217392
OR10H4	0.0
KL	-0.2853372391304343
SNORD115-30	0.0
RPL10A	0.4142580434782559
RAD52	0.4855880434782591
RAD51	2.4931068478260867
ENDOD1	-0.8821750434782656
AMIGO1	-0.2832920434782604
RPL10L	1.048997282608696
AMIGO3	2.1631168695652114
AMIGO2	-0.9996125652173884
TNS4	-0.24902528260869672
CDYL2	-0.9839627391304315
SRCAP	0.5061462608695777
STRADA	0.5598768913043504
LOC441089	0.2580366739130442
RPL36A	1.9689111521739173
SLC6A9	1.718858195652179
USP2	-1.2293850217391364
USP12	-1.744906891304347
USP4	-0.2571135652173844
USP5	0.38420606521739664
TTTY9B	0.027515217391304348
USP7	-0.05791495652173495
SNORD115-31	0.0
SOX8	0.15351797826086955
MRM1	0.7867172391304367
OR2W1	0.0
RNF39	0.05078576086956499
SOX2	0.8019629130434784
SOX3	0.12880760869565216
BBC3	0.9680778260869589
SOX1	0.0964855
RNF32	0.5789803043478248
SOX7	-1.1082029782608682
SOX4	0.8111001956521751
RNF31	0.6979793043478217
ZNF721	0.22602123913043393
CEBPB	-0.49791145652174507
CEBPA	1.0071953695652205
TRAT1	-0.739697021739131
CEBPG	0.3217883695652066
CEBPE	0.00596534782608682
CEBPD	-1.1846830434782625
RALGAPB	0.37061704347826563
XRCC5	-0.04716323913042508
STX5	0.01284784782608206
LCE5A	0.056985326086956514
ZNF547	0.6866921304347828
PHKB	-0.23974084782608784
HOXA11AS	1.2599061304347825
TFDP1	-0.1087799782608716
PPIEL	0.25100517391304145
RNF222	0.17984354347826093
SLC13A1	-0.001632847826087025
LOC100131691	0.8344744999999971
CEBPZ	-0.17875123913042756
PITPNB	-0.4528124782608707
TRIL	0.9284113913043486
MAP3K15	0.9194315652173913
INTS3	0.7277595434782569
C14orf33	0.8183370652173902
INTS1	0.7239840869565217
KLRC2	-0.46403604347826044
INTS7	0.4866843260869551
C14orf37	-1.3847684130434805
C14orf34	0.26058273913043484
INTS4	0.5964395217391303
TPP1	0.13622630434783112
INTS9	0.30878589130434886
C14orf39	0.13516576086956522
MTHFS	-0.8758029130434775
SLC13A5	-2.5353394347826104
RGS4	-1.172779913043481
OR7E5P	0.0710804347826087
OR6Y1	0.0
CRNN	-0.07305478260869565
TRIO	0.34279547826087153
CTNNA1	0.47318569565218027
CTNNA2	2.2331446086956523
CTNNA3	-2.543115608695654
FAM181B	0.26480047826086955
FAM181A	0.06056010869565219
TCEAL2	-1.3099863043478266
YTHDF2	-0.22857473913044046
OR5AU1	0.06245978260869565
SLC1A1	-2.66678639130434
FUCA2	0.20828386956521605
LIMCH1	-1.2926860434782634
TGIF1	-0.38408539130434427
FES	-0.9791367391304355
ZNF777	0.14740613043478135
NFYC	0.26035313043478503
CDRT15	0.04559595652173913
TM7SF3	-0.3988182826086959
MYO19	1.1703984347826122
RNF138P1	-0.20013856521739104
KRTAP9-4	0.006643478260869565
EPB41L4B	-2.159046913043479
SNORD114-2	0.0
BGN	-1.799077239130444
EPB41L4A	-0.9852408043478285
MYL6	0.39010769565217096
MYL7	0.032975500000000005
MYL4	0.7995641739130437
MYL5	0.19534256521738946
MYL2	0.03769404347826086
MYL3	-1.29332997826087
BLCAP	-0.2993724565217395
ATP2C2	-0.6742983478260862
PTENP1	-0.3757541521739194
CLDND2	0.10911449999999956
CDKN2AIPNL	1.0671734347826058
MYL9	0.07904913043478601
NCEH1	-0.12333441304347836
LINGO4	-0.514112173913043
LINGO3	0.03499576086956546
LINGO2	-0.25936913043478266
LINGO1	1.67277843478261
TSNARE1	0.8029453478260855
CHSY1	-0.5610367173912998
MPP2	0.709482804347827
LOC150568	0.0595054347826087
SFTPC	0.2956751739130434
MPP7	0.12800252173912874
MPP6	0.43754643478260924
MPP5	-0.31866086956521933
MAPK8IP1	-0.4215735000000027
FAM110A	0.870161630434783
INHBA	-1.4646041521739184
FAM110C	-2.1854080000000007
FAM110B	-0.14193093478260277
GP9	-0.3873038260869562
GP5	-1.1817679782608694
GP6	-1.3578893913043475
TUBGCP3	-0.3987362391304341
GP2	0.9585388260869565
MGC27382	-1.0714357826086958
PRPSAP1	0.3001379782608691
GPI	0.4267386956521797
PRPSAP2	0.09385519565217493
MFI2	0.8104618478260868
EXTL1	0.8666705869565218
EXTL2	0.1917805217391262
EXTL3	0.7749010000000052
STAU2	0.2657527826086987
ETFDH	-2.085378913043476
LOC440356	0.8216658695652174
RGSL1	-0.16064241304347826
ZFP106	0.04421419565218265
GPT	-1.6010973043478245
RGS12	0.5277178043478301
LOC440354	-0.12835473913043405
LOC390858	0.0318108695652174
MAN1A1	-1.6507600869565184
MAN1A2	-0.6756078478260896
KRTAP20-2	0.01673804347826087
IKBKB	0.06925980434782275
SNORD115-38	0.0
ATIC	0.5512135434782586
NIN	0.5383180652173909
KRTAP20-4	0.10433260869565217
PCTP	-0.8952786956521734
TSPO2	1.35302995652174
PSPH	1.2725877173913078
MYLK	-1.1645244130434822
TM4SF20	2.5942346086956523
TNFRSF8	-0.07868321739130524
LOC152225	-2.052601369565218
TUBGCP5	0.03823317391304215
HDAC11	1.9632652608695622
FCGR1C	-0.30415893478260925
LRTM2	0.10517252173913046
IKBKG	0.6137729565217374
SNORA71C	0.04852445652173913
LOC100190939	0.05097315217390985
SNORA71A	0.06474884782608697
SYNM	0.5291718260869542
PLCB3	0.6986691739130464
GSPT2	-2.30633
SLC22A5	0.8175726086956585
GORASP2	0.27646360869565534
GORASP1	-0.09944656521739503
PPRC1	-0.16875965217391453
SYNC	1.2891744130434812
IFNA6	0.0
CRTC1	0.6301997173913065
CRTC3	-0.052379434782617196
CRTC2	0.6170496086956483
PNMAL2	-1.1294069565217404
RGS18	-1.4787903260869566
PNMAL1	-0.8098550869565231
FAM13B	-0.07239017391303726
FAM13C	0.6594006956521756
OR13J1	-0.02721145652173909
AP4B1	0.3340598913043502
OR5M10	0.0
OR5M11	0.04528967391304348
LY86	-0.75444434782609
SUMF2	0.2950998043478261
SDHAF1	0.45266160869565475
SDHAF2	0.07836447826087145
SUMF1	0.08866267391304561
CRHBP	-6.856149760869564
NCALD	-1.1028324565217442
ZBP1	-0.17750286956521588
MALL	0.5977386521739092
C14orf174	-0.054912043478261285
MICA	0.8591668478260877
C14orf176	1.3582354347826082
C14orf177	0.0026391304347826087
C14orf178	0.09691332608695655
C14orf179	-0.006942065217391047
FNDC3B	-0.2807544130434767
SURF2	0.19587663043478543
SNORD18C	0.0
SURF4	-0.3025246739130534
PTPLB	-0.8183654130434714
SGEF	-1.649733413043478
RARA	0.358431739130431
LOC400752	0.10367878260869468
RALGPS1	0.32874239130434457
TTYH2	0.8626670217391297
GBP3	-0.3561264999999967
GBP2	1.3704153478260928
ACSF2	-0.3225686521739082
EFS	-0.8085120869565223
GBP7	-2.96866545652174
GBP6	-0.8014246304347827
GBP5	-0.6998021521739108
GBP4	-0.645245021739127
GRLF1	-0.16954469565217423
SPANXE	0.08045530434782609
TSPAN18	0.13149819565217324
CORO2B	-0.5127152608695651
CORO2A	0.019067108695656643
CCDC134	0.845050195652175
CCDC135	1.0292566521739155
CCDC136	0.47251502173913007
CCDC137	1.0617211521739076
CCDC130	0.6969540869565218
GALK1	-0.14087941304348206
CCDC132	0.33340478260869766
SPACA3	0.09811739130434784
OTOA	0.43213336956521564
PRTFDC1	1.0833395434782611
CCDC138	0.8250005652173895
PCDHGA8	-0.8539041956521722
OTOF	0.30095769565217245
WIZ	0.5208256304347785
STK31	0.46828873913043423
FRG2B	0.12968206521739126
FRG2C	0.11629647826086963
POLE3	0.2483368260869554
POLE2	1.698916630434784
STK36	0.6499585434782658
SNORD12B	0.0
NXNL1	0.05448532608695652
AGTR2	0.31670365217391305
AGTR1	-2.057559956521734
NXNL2	-0.16268467391304325
SYN2	0.4261885217391306
GGNBP1	0.05986467391304347
GGNBP2	0.2194882173913033
SYN1	-1.035410999999998
PTH1R	-4.069217304347825
LCNL1	0.6526577173913046
LOC100287704	0.02611521739130435
ACCSL	0.03135480434782609
THEG	0.027089673913043483
PAPD5	-0.49383613043478114
STARD4	-0.7537902608695628
LOC285205	0.10248147826086959
CD4	-2.0120108260869536
CD5	-0.03010004347826012
CD6	0.020195260869565246
DARS2	0.6482100869565244
CD2	-0.03604960869565321
KIR3DL1	-0.9811410652173914
PLA2G16	-1.3427714782608753
TMEFF1	1.3507203478260879
HSFYL1	0.012435326086956522
CD9	-0.17825110869564575
SLC17A5	0.2220619347826105
CDY2B	0.022816847826086954
LOC727896	-0.4225371086956544
CEP164	0.6587114565217389
APH1A	0.38568860869565214
NCRNA00111	0.005539673913043478
NUSAP1	2.128340434782605
STAT2	-0.016751695652173382
STAT1	0.04562149999999576
CHRNB1	-0.5260902826086937
FAM54B	-0.3208126739130428
CHRNB3	0.11688152173913044
CHRNB2	1.0506878260869557
CHRNB4	0.6142060869565216
HBEGF	-0.8826356304347813
RBM11	-0.6428576304347818
CHGA	1.1202814999999997
CYP7A1	0.5058148478260858
NCRNA00028	0.04124204347826088
NCRNA00029	0.016806521739130435
OR4C46	0.0023755434782608696
VCAN	0.487502847826085
IGFL4	0.030557369565217388
LOC150622	0.16648076086956518
TRPC5	-2.036153065217393
TGM1	0.25886495652173735
SNORD114-19	0.0
HEATR7A	1.2944434565217389
PLA2G10	0.3657557391304345
HTATSF1	0.3324976521739149
SNORD114-13	0.0
GABRB1	0.34847860869565217
AKR1B1	0.08930706521738685
GABRB3	-3.5620901739130426
SNORD114-17	0.0
BTAF1	-0.1331485869565192
PODNL1	1.1719555434782616
GSTT2	-1.4856875434782637
SLITRK5	-0.1793777608695647
CDA	-2.27283636956522
PLXNA3	1.436095304347817
PLXNA2	0.6777436739130422
PLXNA1	1.4285644782608706
ASNS	1.5166046521739132
MTMR2	0.424181326086952
PLG	-2.6995041956521675
KIAA1009	0.6668805434782596
MAP3K10	0.7504649565217418
MRPS27	0.07444276086956236
PDE4A	-0.04290395652173906
PDE4B	-1.3633765217391316
MYT1	0.4989761086956499
PDE4D	-0.6607253478260828
PEG3	-2.085551369565219
SCAI	-0.0085945434782575
JAKMIP3	0.6097547826086958
MRPS25	0.1623783695652179
LOC728323	-0.19481695652173814
WASH5P	0.895547978260872
MAP2K3	-1.3612728043478217
CACYBP	0.9789833260869543
BMPR1B	-2.741756521739132
LOC642826	0.40051786956521873
MAP2K7	0.24667645652173675
MAP2K6	0.18661289130434788
CT47A11	0.10601847826086956
CT47A10	0.21773804347826092
AACS	1.056847847826086
GTF2IRD2B	-0.25444204347826016
ADCYAP1R1	-0.29858028260869557
TRAPPC6B	-0.5370105652173915
ELF3	-0.22327873913043383
SLITRK3	-5.28972484782609
NLRC3	-0.20717415217391721
DYDC2	2.240661260869567
DYDC1	0.6567648695652171
FBXO22OS	0.2682225869565169
MSC	0.6690832391304351
LOC254559	0.7198266304347842
NR1H3	-0.21313489130434604
MT4	0.046827173913043474
SEC31B	0.6429269999999976
TSC22D1	-0.7479748478260877
SOCS7	1.1376865652173942
TPRG1	-1.6200301739130438
ACY3	-1.1222356304347816
ACY1	-0.9923201086956421
ATP5G2	0.5078675434782554
ZNF772	0.16748341304348013
TSC22D2	-1.381765652173911
PHF8	-0.35955391304347906
COL18A1	-0.7877230652173903
TMEM231	-0.7613408043478289
TMEM138	0.2847762391304336
SPANXB2	0.20784891304347822
ZRSR2	0.20034663043478318
OR4P4	0.0
PHF6	0.46693476086955954
SUCLG1	-0.20829684782609803
TBC1D22B	0.7363692391304397
PPP2R5E	-0.5188335869565197
ALDOA	0.8894253478260925
GRPR	1.8003961739130439
ALDOC	-0.9461387391304363
ALDOB	-2.7285795869565224
KIAA1875	1.6799806956521746
SMARCAL1	0.5451090434782557
NHEDC1	-0.06112839130434855
PDSS1	0.8762966304347826
ARX	0.33616430434782585
SIGLEC10	-1.1072745
FSHB	0.0
MAP3K14	-0.35568028260869156
PHF3	-0.38203058695652103
SLC2A4RG	0.10202136956520746
SNORA11E	0.005022826086956522
ARC	-0.12700545652174
ABCC8	1.0426250652173912
ABCC9	-2.5202511956521754
OR5H2	0.2582663043478261
ABCC4	0.8541441304347881
ABCC5	1.413268847826088
ABCC6	-0.9575094782608673
PHF1	0.49854189130435067
ABCC1	0.5905377391304398
ABCC2	-0.9625656739130424
ABCC3	-0.3375535434782577
DNAH14	1.3450994130434824
TMOD4	0.46511052173913
IFI35	0.26422345652173895
DNAH17	1.3400313913043496
DNAH10	0.564246456521738
DNAH11	0.8221460652173915
DNAH12	1.3462360434782605
SLC24A5	0.9304099782608694
PRDM4	0.2611649347826077
PSMF1	-0.12166019565217567
PLCZ1	0.020019934782608773
SH3YL1	-1.049533782608691
PPCDC	0.844257673913047
HPVC1	0.0136625
LCMT2	-0.2820645869565226
TALDO1	0.4483552391304251
PPP2R5D	0.5821232173913078
APLP1	1.7249217391304348
DYX1C1	0.3598126739130434
ZNF71	1.0818570217391361
ZNF76	0.6071776304347853
KITLG	0.6102984782608649
ZNF74	1.1585341086956538
RPL22L1	1.1155252608695658
GLI2	-0.6550486956521726
SNORD116-8	0.0
XAGE2	0.0392793260869565
RYR1	0.21590743478261087
SNORD116-4	0.6544253695652171
RYR3	0.33702915217391416
RYR2	0.7201082826086962
SNORD116-1	0.0
SNORD116-3	0.0
SNORD116-2	0.0
YIF1B	0.7532736086956486
GOLGA1	-0.10582639130435467
GOLGA2	-0.040933391304346145
GOLGA3	0.6517870652173965
GOLGA4	-0.4186121739130453
GOLGA5	-0.27590006521738886
GOLGA7	-0.36458965217391714
EDN1	-0.7639757608695659
EDN3	0.16530989130434803
EDN2	-0.8183890217391308
EP400NL	0.08971610869564817
TP53I11	0.5875822173913026
KIAA1715	-0.3292537391304329
PTTG1IP	0.009639673913033775
MAFB	-0.4846488043478221
SLCO3A1	0.08630808695652092
GLI4	1.483800130434786
KIAA1244	1.3269164565217384
ENPP6	0.23880608695652095
ENPP7	-1.0803867826086941
ENPP4	-0.29613884782608757
ENPP5	-1.02429665217391
ENPP2	0.24682263043477626
ENPP3	-1.55535104347826
KIF26B	0.14817078260869554
ENPP1	-1.0887826956521724
BTN3A3	-0.45950486956521175
T	-0.009329891304347825
GIPC1	0.7443917173913057
GIPC2	-1.9924103695652144
GIPC3	0.38132356521738586
CSNK2A2	0.08380995652173695
CSNK2A1	0.3370968478260803
TAS2R41	0.003681521739130435
CIRH1A	-0.0048623260869593565
FZR1	0.31223843478260704
MEGF10	-2.357558956521739
HBG2	-0.5162448695652174
HBG1	-1.02658302173913
CD2AP	0.10861015217390424
SLC2A7	0.09429619565217391
SLC47A2	0.4131845217391288
ZZEF1	0.10714613043478138
PTMS	-0.8000875217391332
DKKL1	1.3100525217391314
SLC2A6	0.7392527608695652
KDM5D	1.0838544565217374
TP53I13	0.29399876086956134
CPS1	-3.1085303043478305
KDM5B	0.4817115869565214
KDM5C	0.2670998478260884
CS	0.6364213260869604
DAD1L	0.06263000000000002
SLC2A4	0.18304304347825973
SNORD89	-0.02802058695652173
AIPL1	-0.1502798695652174
PDGFA	1.6661447608695648
PDGFB	1.1265689565217452
SLC2A2	-1.9929094999999961
STAB2	-7.404409978260869
OPN1MW	-0.10827402173913046
GLUL	0.322174347826083
LONP1	0.050254413043480994
DNM1	-0.23216519565217641
UBE2L3	0.17031767391304875
DNM3	1.4786147826086973
DNM2	0.2918235217391256
TSPAN17	0.9965367391304447
SMYD1	0.3633152391304348
SNORD85	0.0
TGFA	-2.16287402173913
ICT1	0.26078489130435045
SNORD84	0.0
PREX2	-0.4380711956521752
ZKSCAN1	-0.025901717391306534
HCG2P7	0.6373375000000007
SDK1	0.21599630434782657
RIPPLY2	0.4831733695652175
SLC35E3	0.2799491739130415
ZPLD1	-0.6245973913043494
SNORD82	0.0
MUC21	-0.1728430217391304
C9orf109	0.35835063043478255
ZNF630	-0.6066413043478294
CNFN	1.5770704565217402
LOC440925	0.41586676086956764
STK25	0.5744649782608722
C9orf100	2.644828847826081
ZNF287	0.3970744782608686
C9orf102	-1.1313924999999978
C9orf103	-1.4181412608695698
ZNF160	-0.6693911304347804
ZNF283	0.4584809347826093
C9orf106	0.27075502173913035
ZNF281	-0.7687499347826048
AGXT2L1	-2.148487086956518
AGXT2L2	-0.7571915652173935
SLC14A2	0.05200193478260906
SLC14A1	-1.4122469130434787
STRN4	0.657924434782613
OR51V1	0.0
GYS1	0.5393559565217334
GYS2	-4.086566065217394
PPAPDC2	-0.8978021521739148
PLAU	1.1039024130434791
KIAA0040	-1.091169869565217
CNIH	-0.504138456521737
EVPL	0.7262983913043484
STT3A	0.4754373695652223
PLAT	0.22390782608695758
RFXAP	0.16130647826086975
STRN3	-0.8397050869565188
ETV1	-0.554263108695654
ETV3	-0.6873056304347811
ETV2	0.5911587826086944
ETV5	-0.20439519565217168
ETV4	1.887179869565215
ETV7	-0.20191073913043578
ETV6	-0.1858280652173825
SDR16C5	-0.29066778260869586
FAM8A1	-0.554515565217395
PCNP	-0.03580193478261151
BTBD9	0.36241417391304154
BTBD8	-0.18929121739130528
BTBD7	0.07046939130434993
BTBD6	-0.12049504347826634
BTBD1	-0.3551512173913043
FAM5C	1.3718648913043474
BTBD3	0.2522334130434789
BTBD2	0.4528648043478274
SULT1B1	-2.5202108260869567
MRPL48	0.27298167391303885
RAD23B	-0.3538326956521747
LUZP2	0.9673063043478252
MESDC1	-0.0625216086956506
RPL29P2	0.2222413913043479
SLC6A19	-4.1082501956521735
HRNR	-0.047586173913042984
NOM1	0.022107413043475077
IKZF5	-0.34034593478261144
IKZF4	0.46303930434782625
IKZF1	-0.8858545652173904
IKZF3	-1.4337069130434794
IKZF2	-0.9474272173913079
C1orf190	0.7105408043478256
RHOXF2B	1.480345869565217
SLC24A4	-0.6205119130434797
TTC18	0.14948354347825976
C16orf86	-0.40345732608695517
C11orf71	-0.742594108695652
C11orf70	0.1856759999999995
C11orf73	0.40006989130434967
STON2	-0.169634108695651
C17orf28	0.5068793260869588
C11orf74	0.3689867391304338
TNFRSF10D	-0.977946043478263
IL4I1	1.2515878478260865
C1orf194	0.1381251956521739
RCOR3	0.70485256521739
ZFYVE27	-0.01509802173913144
SPATS1	-0.05940102173913059
PLEKHG2	1.1999972391304334
SPATS2	1.6538386304347847
SNORD32B	0.0
PLEKHG3	-0.23061780434782975
CST11	0.006096739130434782
SLC13A2	-1.0343963260869549
SLC13A3	-1.9055546086956499
SLC13A4	0.6037549782608695
NFIA	-0.934481652173913
TCEAL3	-0.0690972826086993
STON1	-0.31408417391304333
TCEAL1	0.17391278260869392
PLEKHG1	-0.7079556956521813
TCEAL7	-0.8207207173913056
TCEAL6	-0.06578863043478123
TCEAL5	0.19337399999999927
TCEAL4	0.1107741086956473
TCEAL8	-0.08073363043477855
RGS16	-0.4425701086956533
PSPN	0.5391069782608691
RGS14	0.12258593478260771
IFNA8	-0.028759999999999997
FAAH	-0.885153565217399
RGS13	0.18874571739130386
RGS10	0.6403813043478275
KNCN	0.018699456521739127
ZNF219	1.4985955652173875
IFNA2	0.006337500000000001
IFNA1	0.004907065217391304
SELK	0.017159826086951213
IFNA7	0.003667391304347826
CCKAR	0.024253804347826088
IFNA5	0.040254217391304345
IFNA4	0.008540760869565216
EMX2OS	0.46977208695652173
KDR	-0.9409325217391338
PHF20L1	0.244008565217392
TIMM22	0.1823834565217357
HMX1	0.296634
MYCL1	0.2055141956521691
HMX3	0.2106520869565217
HMX2	0.45465815217391303
ST6GALNAC4	0.8201030434782561
SMN2	0.18501502173912954
CLEC16A	0.5329807608695631
CRYAB	0.07223493478261389
MINA	0.20393667391304504
CRYAA	-2.3604799347826066
STOX2	-0.5929943043478261
RPS25	0.31219195652173504
STRA13	0.9626429347826111
IGFL2	0.6164940217391304
BTN2A3	0.9754107173913065
BTN2A2	0.7696561086956528
BTN2A1	0.4622740434782564
ELF2	-0.49926010869565474
ELF5	-0.5594606521739132
ELF4	-0.03732282608696469
RPS23	0.5235484130434767
MRPL21	0.501593434782599
PRPS2	-0.4246793043478192
CAND2	-1.9855287391304337
CAND1	-0.2141627826086996
PRPS1	-0.22840467391304387
CDR2	-0.14559208695652437
CDR1	0.12375336956521743
RIMBP3	1.3903601086956536
BRPF3	0.3517073478260837
BRPF1	0.33592665217391016
TTLL11	-0.2641856521739099
TTLL10	0.5464706521739127
TTLL13	0.3546016086956536
TTLL12	0.16343660869565646
LDHD	-1.8444673260869653
GMPR2	0.1433096304347874
AMELY	0.08455076086956523
FOXD4	1.0331722826086955
LDHB	-0.4093704565217351
LDHC	0.08214123913043458
DNASE2B	0.1073390652173909
ODF2L	-0.18382645652173668
FOXD2	1.8157732608695651
ACAP1	-0.1717993043478261
ACAP2	-0.22289500000000118
ACAP3	0.5728916086956559
LUZP4	0.627498913043478
OR10J5	-0.09410236956521742
LUZP6	0.009493021739132246
C1orf198	1.0702727173913011
CFL2	-1.1265936086956518
CFL1	0.5501933695652212
OR10J3	-0.029516934782608695
C8orf83	-0.2428940434782607
C1orf192	-0.4666850217391314
PLAA	-0.19767152173912983
C8orf80	-2.4465210434782625
C8orf86	0.039366304347826085
C8orf85	0.23252776086956528
C8orf84	0.9018798478260837
NFIC	-0.764539152173926
NFIB	-0.465721260869568
H1FOO	0.03979510869565218
NFIX	-0.09167330434783061
PLEKHG6	-0.026617326086957327
PLEKHG7	0.06620823913043505
PLEKHG4	1.3373051739130428
PLEKHG5	0.9210679565217426
SLC7A14	0.2620906956521738
SELE	-2.410888326086954
SLC7A10	1.4745529130434782
PLA2G2C	0.020536413043478263
METTL11A	0.07670447826086857
TULP2	-0.1895873913043477
NPY5R	-2.3067227391304352
GNGT2	-0.5359546086956497
GNGT1	0.931175
TULP3	0.7122446956521724
PTRF	0.34445580434782563
BCL6B	0.7896161739130445
GSTK1	-0.17834069565217092
SELP	-2.544645304347826
SELS	0.30752171739130674
