gene	value
ARHGEF10L	11.463891999999998
HIF3A	4.467462
RNF17	0.11147400000000002
RNF10	11.680497999999995
RNF11	11.103156000000002
RNF13	10.716136
GTF2IP1	11.553116
REM1	3.0746499999999997
MTVR2	0.09183599999999999
RTN4RL2	7.735067999999999
C16orf13	9.602227999999998
C16orf11	0.0
FGFR1OP2	8.776590000000004
TSKS	1.4963520000000006
ATRX	9.501966
PMM2	10.192404000000005
LOC100272146	3.3773619999999998
ASS1	16.013469999999998
NCBP1	9.550744000000002
ZNF709	4.463393999999999
ZNF708	5.754951999999999
RBM14	9.578408
NCBP2	9.703790000000001
DISC1	5.906409999999999
CAMK1	9.678042
RPL37	13.463294000000001
SPR	11.109832000000004
ZNF700	7.614070000000002
ZNF707	6.68632
CAMK4	3.8376500000000004
ZNF704	5.743986000000001
LOC339240	1.800042
GOLGA6B	4.850048
RNF115	8.455931999999997
RNF112	3.4648000000000003
ZC3H14	10.277667999999997
SPN	6.874171999999999
HMGCLL1	3.9918480000000005
NACAP1	6.972848000000003
LRRTM1	2.4312500000000004
GRIN1	0.2581
RBMY1A3P	0.0
DHX8	9.426806000000001
DHX9	11.003150000000003
LOC441204	2.588782
TCOF1	8.8616
LRRTM3	0.328084
NUP98	10.964546
XPC	10.400227999999997
SLC12A2	8.942226
GRINA	13.092654
LRRTM2	2.2826020000000007
NUP93	8.165438
HAP1	2.3671099999999994
KLRA1	2.394236
CAMKV	0.051764000000000004
SPPL3	9.768519999999999
GOLIM4	10.419296
ZNF646	7.303423999999999
OPA3	9.053394
OPA1	10.691231999999998
RHEB	9.762224000000002
RAB40C	8.863923999999995
RAB40B	8.541148
RAB40A	1.045622
COL7A1	3.3509140000000013
MDP1	7.625852000000002
GTSE1	3.1196320000000015
FAM183A	0.23077600000000004
ARFRP1	9.429852
OVCH1	0.2663019999999999
FAM183B	0.717068
PSAP	15.198079999999994
KIAA0831	8.086467999999998
SPPL2A	10.558860000000003
SLC46A1	10.316538000000003
TGFBR2	11.411928000000003
ITGA8	2.2047860000000004
ITGA9	8.092787999999999
STK40	11.076112000000002
MYO3B	2.1657879999999996
ATP2A1	1.8965520000000005
ATP2A2	12.144315999999998
ATP2A3	8.019086
ITGA1	11.054086000000002
ITGA2	5.387914
ITGA3	7.5645999999999995
ITGA4	7.2376819999999995
ITGA5	11.041941999999999
ITGA6	9.210047999999999
ITGA7	7.328636000000001
TRHR	0.016086
LOC100132288	7.111361999999999
DENND4A	9.645708000000006
DENND4B	8.751720000000002
DENND4C	9.60307
SWAP70	8.810622000000002
RARRES1	6.314375999999999
LOC100132287	6.925898
PHLDA3	7.489062000000001
PHLDA2	5.796809999999998
TACO1	10.716479999999999
PMM1	10.646722
GAP43	0.551992
NENF	10.255735999999999
SQLE	9.079647999999999
MRPL28	10.555558000000001
LOC100289341	4.4199459999999995
FBXL13	1.0785760000000002
FBXL12	8.305833999999999
FBXL15	8.491434000000002
CYP27B1	2.539482
FBXL17	9.216894000000002
FBXL16	3.696625999999999
FAM169A	7.291146
FAM116B	5.538644000000001
FAM116A	8.498129999999998
FAM169B	4.914269999999999
RALGAPA2	8.996682
GHDC	9.769686
H19	14.834402000000004
SDK2	4.36587
GRP	0.112732
TPRN	9.030156
THSD4	8.929936000000001
KIAA0895L	6.128193999999997
CHST9	9.031051999999999
CHST8	2.2734460000000003
COL4A5	5.349104
COL4A4	6.8079079999999985
COL4A3	3.9871179999999997
COL4A2	10.809689999999998
COL4A1	10.497387999999999
SLC35D2	10.491478000000004
CHST1	5.353172000000001
ZNF879	4.456980000000001
CHST3	6.906013999999999
CHST2	6.201918000000001
CHST5	0.8964179999999999
CHST4	8.14343
CHST7	8.331970000000002
CHST6	0.6941000000000002
ITGAX	7.325206000000001
OR8J1	0.020218
SNORD115-17	0.0
BCL2A1	5.637364
GPSM2	5.60913
HLCS	9.513374
NOG	1.1736280000000001
LIPG	10.756304
ITGAV	10.057861999999998
HIBCH	11.210105999999998
ZNF703	5.212592000000002
ITGAL	9.603846000000003
ITGAM	7.142752000000001
LOC286359	0.0
HLF	11.917685999999998
NOV	4.8416960000000016
FAM134C	11.15179
FAM134B	10.734120000000004
FAM134A	11.422005999999996
SERPING1	17.176755999999997
SMAD9	3.2095479999999994
TRERF1	5.842948000000002
LOC653501	6.420644000000001
LRPAP1	11.771105999999993
LQK1	4.198926000000002
SMAD6	7.754004
SMAD7	8.620379999999999
GOLPH3L	8.415715999999998
SMAD1	9.440313999999999
AFTPH	10.185889999999999
SMAD3	9.906198
MUS81	8.540322000000002
AMMECR1L	8.861431999999999
IL1RAPL1	0.40543599999999996
TMPRSS11B	0.01717
IGF2R	11.933886
TMPRSS11D	0.24450400000000003
TMPRSS11F	0.021834
ZC3H10	7.018064000000002
RAD21L1	0.0
IL1RAPL2	3.629344000000001
SLC36A3	0.033644
CKS1B	8.724328
SLC36A1	6.738827999999997
ST13	12.917786
RPL31P11	2.2582900000000006
C14orf115	0.0
ZC3H15	10.341602000000002
TMEM213	0.091404
C14orf118	6.292473999999999
ARTN	1.5850360000000003
ART1	0.035124
HRH3	0.207512
ART3	1.1176899999999999
HERC2P2	7.787441999999996
ART5	2.7456139999999998
ART4	8.629436
RNF111	8.778684000000002
TCEA2	9.561302000000001
TCEA3	12.018894
TCEA1	10.412224000000002
MGC57346	5.117356
COX4I2	1.865964
COX4I1	13.079209999999998
BFAR	9.95125
ZC3H18	9.398819999999999
TMEM212	0.21589799999999998
SNORD115-13	0.12437199999999998
TCEB3B	0.218502
SIPA1	9.77136
CRTAM	3.7554439999999993
EDA	6.459672
OR6P1	0.0
CCDC116	0.9751620000000001
CADPS2	8.851563999999998
CCDC114	1.753548
CCDC115	9.146357999999998
CCDC112	4.6085199999999995
CCDC113	5.829949999999999
CCDC110	2.9845859999999993
CCDC111	6.941302000000002
LEO1	9.240696000000002
ATP1A4	0.23349199999999995
ATP1A3	2.1901719999999996
ATP1A2	3.9678200000000006
ATP1A1	13.028986
KGFLP2	5.964154000000001
MGRN1	11.148510000000003
TCP1	11.575005999999997
CRTAP	11.160035999999998
CBLC	8.731475999999999
SPHK1	6.225272
DPT	9.024552
BPESC1	0.028651999999999997
CUEDC1	6.636354
CUEDC2	9.847289999999997
CBLB	7.845285999999998
CPEB4	11.316872
CPEB1	0.8832320000000001
ZNF45	7.160556000000001
CPEB3	10.221862000000002
CPEB2	9.735748000000003
BEGAIN	3.298900000000001
RBMXL3	0.0
OSGEP	8.829636
ABAT	14.416066
LOC100129637	5.864507999999998
ZNF780A	7.856622
ZNF780B	7.086309999999998
TLN2	8.685818000000003
FRG1	9.175614000000001
FRG2	0.043769999999999996
RHEBL1	2.3612520000000004
ZNF41	7.070428000000001
IFT80	6.847099999999999
FBRS	9.762158
ZNF414	7.385560000000001
IFT88	8.65689
IL10RA	9.127994
POU5F1B	2.5885920000000002
SP1	10.570528
SLC27A4	10.437286000000004
SP2	8.668230000000001
OLA1	9.830975999999998
PNOC	2.210338
CNTF	2.638856
MCM10	2.600206
PDIA5	11.206293999999998
SP4	6.413815999999998
TMEM38B	8.229412000000002
THUMPD3	9.475299999999997
IGFBPL1	1.098988
SP5	5.41066
ATG4C	7.572362000000002
ATG4B	9.6416
ATG4A	9.008313999999999
THUMPD2	6.592695999999998
LOC441208	4.70921
ATG4D	8.092260000000001
PHOX2A	0.0
PHOX2B	0.0
SNORD114-31	0.0
SNORD114-30	0.0
LRGUK	1.166218
MPHOSPH8	9.220495999999999
UPK2	0.25358400000000003
CFH	16.062672000000006
CFI	14.551974000000005
PNP	10.6631
ANKFY1	10.398594000000003
C1orf14	0.0
CFB	17.348734
OR5P3	0.0
OR5P2	0.019772
MLLT4	11.258938
SNORD115-6	0.0
CREBBP	10.707493999999999
PNN	10.333590000000001
PHYHIPL	6.580376000000001
ATP6V0E1	11.715484000000002
ATP6V0E2	11.189684000000002
RNF128	11.87171
CFP	10.026188000000005
AAAS	9.42095
HAMP	13.578842000000002
ZNF394	8.669271999999998
SIDT1	4.67095
SERPINA10	13.501634
SIDT2	10.384508
SNORD115-7	0.0
TAF8	8.761006000000002
PISRT1	0.023239999999999997
SIX4	1.8152320000000006
LOC283070	8.443674000000003
SIX6	0.0
PM20D1	2.170112
MR1	7.229033999999998
MGC4473	0.0
SIX3	0.09860800000000002
SNORD115-4	0.0
WASH3P	7.7762160000000025
CNPY4	7.021557999999998
CNPY3	10.974440000000001
CNPY2	10.969123999999997
CNPY1	0.19140399999999996
NODAL	1.1442479999999997
SYNJ1	7.648004000000002
KNDC1	6.663851999999999
HMG20A	9.703658
HMG20B	10.206092000000002
PHOSPHO2	4.8624160000000005
AAGAB	9.058451999999999
C4orf19	10.189010000000003
C3orf79	0.0
SLC7A6OS	6.4984519999999995
C3orf77	0.01291
C3orf75	8.825549999999998
C3orf74	0.10654399999999999
C4orf10	7.212553999999999
C3orf72	0.12713000000000002
C3orf71	4.074534
C3orf70	4.341688000000001
ZNF285	3.836292
MRO	7.928905999999999
ZFP82	4.270813999999999
CHFR	8.220893999999998
EFHA1	9.511108000000002
RTBDN	0.151604
EFHA2	7.5889039999999985
AAA1	0.05601
GPR75	4.612942
NUDT9P1	2.5450360000000005
SYPL2	7.8738980000000005
RFX8	0.589928
ZNF222	5.372005999999999
RFX4	0.4022819999999999
OR2C3	0.071016
AVPR2	1.236096
RFX7	7.552272
NRXN3	3.8819480000000004
GPR77	4.584060000000001
NRXN1	2.623826
RFX3	3.421074000000001
SNORD104	0.0
RFPL2	2.052306
VPS37D	6.425405999999999
NLRP13	0.01761
APC	8.99251
TMEM179B	10.269635999999997
ABCE1	10.317552000000001
UQCRC2	12.406442000000002
XPNPEP1	9.402019999999998
XPNPEP2	9.031568000000002
TIGD4	1.2362179999999996
ZNHIT3	8.769791999999997
GGCX	12.347762000000003
PAPLN	6.755930000000001
ADNP	9.981528000000003
TMEM218	7.935512000000001
STXBP6	5.472022000000001
KHDRBS1	11.100971999999995
RUNDC2C	4.876982000000001
KHDRBS3	7.879429999999998
GGCT	9.320179999999999
VPS37C	8.10151
STAC2	0.22469199999999998
LOC283404	0.07431800000000001
ZNF395	10.211511999999997
STAC3	5.689892000000001
TBL1Y	1.2592240000000001
LHCGR	0.0
TMEM211	0.12474
OR1Q1	0.0
TMEM127	11.189385999999999
GPR78	0.0
TRPA1	1.132218
VPS37B	8.681816
TTC7A	9.155911999999999
UQCRHL	8.506531999999998
ZBED4	8.027869999999997
C11orf2	11.308395999999993
C11orf1	8.670390000000001
DPYSL5	0.051053999999999995
DPYSL2	10.132857999999997
DPYSL3	8.096622000000002
OSTM1	9.165318
RUNX2	4.864204
C11orf9	9.438181999999998
KRTAP10-12	0.0
KRTAP10-11	0.0
KRTAP10-10	0.0
IGFBP2	13.862742000000003
IGFBP3	14.184446000000001
IGFBP1	15.336266
BOP1	7.371006000000002
IGFBP7	12.394432000000002
IGFBP4	15.586576000000003
IGFBP5	10.997862
SKP2	6.694086000000001
TTC4	8.919292
CYP2R1	7.239382000000003
CKLF	7.6003240000000005
ZNF193	6.069676
C15orf26	1.120788
C15orf27	1.8563799999999995
C15orf24	10.644855999999999
GJA3	0.9291000000000003
APLNR	9.472541999999999
C15orf23	7.196145999999999
C15orf21	4.018148
GJA8	0.0
CYP8B1	14.611604000000002
C15orf28	0.557104
C15orf29	7.987738000000002
STMN1	8.782359999999997
S1PR2	8.201128
KDM3B	9.806395999999998
REG1P	0.0
STK17A	8.443922
KDM3A	9.154644000000001
LOC401387	0.280744
S1PR1	9.65581
ZNF642	5.719922000000001
TMC4	6.828185999999999
MYO3A	2.0764499999999995
TMC6	8.12928
KIAA1958	5.665418000000001
APIP	8.575432
TMC1	0.22197
GPR15	1.1749700000000003
TMC3	0.733318
PKLR	12.261858000000004
TECRL	0.097076
EIF2B4	9.456588
EIF2B5	9.937833999999999
EIF2B2	8.767852
EIF2B3	9.243452000000001
EIF2B1	9.754378
PRKAR2A	7.476271999999998
CSNK2A1P	7.423311999999998
XRRA1	8.357986
C20orf56	13.034157999999996
C20orf54	3.8086399999999996
TXNIP	13.245484
SLC36A4	7.180416000000003
LOC389791	0.4078360000000001
ZNF876P	2.6472919999999998
MLF1	5.045385999999999
QPRT	12.342094000000001
IFT140	6.940602
MLF2	12.952027999999999
TMEM14C	10.914210000000002
FAM157A	0.9228620000000001
FAM157B	0.20021399999999998
FANCF	7.8575740000000005
MECOM	5.933261999999997
ITGA2B	2.068206
RSPH1	3.171886000000001
IFI16	9.646314
SOX6	8.76357
LOC440944	6.195648
TTC1	9.815361999999999
C9orf128	0.39820399999999995
C9orf129	5.781700000000002
MYT1L	0.304444
C9orf125	6.167640000000001
C9orf122	3.4103060000000003
CEPT1	9.927927999999998
KIAA1267	9.005533999999999
RTCD1	9.084095999999999
CFHR2	13.911748
CFHR3	12.192258000000002
CLIC4	11.147522000000002
CLIC5	4.903741999999999
CLIC2	7.739443999999996
CLIC3	2.9011519999999997
CFHR4	10.874716000000001
CFHR5	12.043626000000001
KRTAP2-2	0.0
KRTAP2-1	0.0
CXorf1	0.06670599999999999
KIAA0020	8.417884
KRTAP2-4	0.0
TMEM147	9.819674
ASGR1	14.460756000000002
ASGR2	14.689992
PCDHA1	0.8847380000000001
FOXL2	0.4042160000000001
RIT1	7.923372000000001
TMEM141	10.599578000000001
FOXL1	2.4814640000000003
SF1	11.913598000000004
PCDHA6	2.2787539999999997
PKIB	5.931466000000001
TMEM149	9.098271999999998
API5	11.058674000000002
KRTCAP3	7.293508
NUMBL	6.758893999999999
RTKN2	2.188087999999999
RNF180	7.380133999999999
P2RX7	6.2059359999999995
SECISBP2L	9.933896000000004
SBF1P1	0.270608
LOC100128811	0.079512
HAS2	4.868871999999999
KIAA1199	3.094066
HLA-DPA1	11.800674000000004
ZSWIM3	6.23081
FAM32A	11.02469
KIAA1191	11.303706
FER1L6	0.25218999999999997
ALOX12P2	4.676168
FER1L4	2.5250300000000006
FER1L5	0.150406
CA5B	5.629372000000001
ZNF559	7.198054000000001
VWA1	11.230236
C19orf22	10.244164000000001
C19orf23	4.138326000000001
C19orf20	7.0639220000000025
C19orf21	3.098756
C19orf26	2.123854
ZMAT4	0.7297139999999999
C19orf24	10.411512
C19orf25	8.448356
MYBL1	5.232480000000001
NR1D1	10.287514000000005
C19orf28	9.96696
C19orf29	8.544452
ITGB1BP1	8.534624
ITGB1BP3	0.508182
ITGB1BP2	2.1783479999999997
ZNF7	7.84718
ZNF2	5.8010660000000005
ZNF3	8.954014
CTCFL	3.4194580000000006
PHLDA1	12.844465999999995
RPL31	13.336861999999996
ZNF8	4.891933999999999
PCP4L1	5.987203999999998
C11orf17	7.828972000000002
C11orf16	0.16459400000000002
ZAP70	6.22011
SNORD115-9	0.0
C11orf10	10.289098
ZCCHC13	0.0
UFSP2	9.132172
OGFR	11.198122000000001
EPM2AIP1	9.431851999999997
CDC5L	9.88759
RAC2	8.75767
RAC3	7.576572000000002
RAC1	12.042154
SBDS	11.320727999999997
RCL1	11.592260000000001
SBK2	0.161108
MRPS18A	10.034626000000001
CPLX2	0.96237
CPLX3	0.19359599999999996
ORC3L	8.586969999999997
CPLX1	6.361698000000001
AP2A1	11.300460000000003
CPLX4	0.897542
AP2A2	11.050359999999996
LOC389333	3.842596000000001
LILRB3	6.049032000000002
CADPS	1.9110600000000002
FIGNL1	6.460206
KDM4DL	0.028635999999999998
PBX3	9.170822000000001
PBX1	8.548713999999999
AIRE	0.134566
TMOD2	6.536713999999998
MFSD11	8.619874000000001
NSUN2	10.655556
NSUN5	8.712426
NSUN4	8.784835999999999
NSUN7	3.3966879999999997
NSUN6	10.173458
PRAMEF4	1.402632
PRAMEF5	0.082136
PRAMEF6	0.19703199999999998
TUBG2	6.7946180000000025
FAM71F1	0.322532
PRAMEF1	0.25212599999999996
PRAMEF2	0.617874
FAM71F2	0.9814959999999999
PTCH2	3.362264
OR7G1	0.0
PCDHGA2	4.370906
PRAMEF9	0.71102
PRDM9	0.08784800000000001
SGK269	8.421274000000002
FAM108B1	8.809387999999998
TBC1D1	10.065484
ZXDA	5.146539999999999
PAMR1	8.340418000000001
RAD9A	7.274866000000003
ERGIC2	9.293698000000001
ERGIC3	12.141381999999995
CDR2L	6.686128
ERGIC1	13.091340000000002
CLEC14A	8.464072000000002
PDF	8.861974
B3GAT3	9.77779
B3GAT2	2.4717960000000003
B3GAT1	7.456186
FAM66E	0.07289200000000001
FAM66C	1.8170239999999995
PER1	11.447994
CPPED1	10.576768000000001
OR10A2	0.0
UXT	10.164073999999998
CALM2	12.675630000000002
CALM3	12.214870000000001
SPG21	11.391184
CALM1	12.792829999999997
GSDMA	2.0921819999999998
GSDMB	7.22411
GSDMC	0.38505
GSDMD	11.355647999999999
HRH4	1.139466
UPK1B	1.8863780000000003
DLGAP2	3.544724
DLGAP3	3.005068
DLGAP1	1.051966
DLGAP4	9.947028
DLGAP5	2.6105400000000003
BRDT	0.031152
HRH2	2.0296980000000002
MBNL2	11.479306000000001
MBNL3	8.603338
PLK3	8.40871
A1BG	16.51726
TTC8	8.127845999999998
PLK2	10.250214000000001
ZNF720	7.085697999999999
OIP5	2.9511899999999995
CLCN3	9.407738000000002
CLCN2	5.743917999999999
CLCN1	0.760154
HRH1	4.827102
CLCN7	10.510829999999999
CLCN6	8.25125
CLCN5	10.391691999999999
CLCN4	8.100579999999997
FBXL19	6.660731999999997
BRD8	8.925055999999998
BRD9	8.573958000000001
PCDHGA1	1.7065819999999996
FBXL18	6.247897999999999
BRD4	10.703522
BRD7	9.539127999999998
BRD1	9.211565999999998
BRD2	11.981547999999998
BRD3	9.057614
DNAJA2	10.884704
DNAJA3	11.221131999999994
DNAJA1	12.369568
TGFBR3	10.301026000000002
DNAJA4	6.151974
GLG1	11.288247999999996
LOC643387	5.243628000000001
PTPN12	9.747192
PTPN11	11.457330000000002
LOC84931	0.250794
LOC100192379	0.0
LOC100192378	2.4012640000000003
MYCBP	8.286
PTPN14	4.758406
GALR3	1.1735
GALR2	0.9480619999999998
GALR1	0.24613200000000002
SETD1B	9.219729999999997
LYAR	7.829006
PCDH20	5.100254
C8orf30A	9.312002
CH25H	5.923406
C16orf74	3.1069779999999994
C16orf75	5.193068000000002
MRPL27	10.328637999999998
CSF2RA	5.430885999999999
DMD	10.964126
C16orf71	3.088606000000001
C16orf72	10.263974000000001
C16orf73	1.4383240000000004
GAB4	0.0
LRFN4	5.233116000000001
C16orf78	0.0
C16orf79	2.9546660000000005
GAB1	8.329834
C2orf81	3.8640179999999997
C2orf80	0.09592799999999999
C2orf83	0.082828
C2orf82	3.7503899999999994
C2orf85	1.131624
C2orf84	2.0538279999999998
HABP2	14.337459999999997
C2orf86	4.517193999999999
C2orf89	5.173697999999999
C2orf88	6.857408
FLJ46361	0.0
NDRG3	8.313876000000002
NDRG4	4.927227999999999
TBC1D9	9.522901999999998
ZSCAN2	7.357878
PRAP1	13.384948
CHD1L	9.894801999999997
HOXA6	0.029769999999999998
HOXA5	3.070162
SNORD38A	0.0
DNAJB13	0.237122
DNAJB12	10.397152
DNAJB11	10.584815999999998
HOXA4	4.601718
HLA-DQB1	9.82085
MSMB	0.671348
UPF0639	0.196708
DNAJB14	7.2330640000000015
RNF138	9.046085999999997
HOXA3	3.290584
ENOSF1	10.182808000000001
HOXA2	2.088912
CISD2	10.229284
CISD3	11.517686000000001
CISD1	9.46386
CLNS1A	10.631247999999998
HOXA1	2.568949999999999
FLJ44635	4.544917999999999
R3HDML	0.31346599999999997
TSHZ2	7.506320000000003
TSHZ3	6.084492
EIF4E1B	0.036079999999999994
MRC2	8.803142000000001
FOXS1	3.001482000000001
PABPC1P2	0.142072
ZNF581	7.27276
IGLL1	0.045914
MCOLN1	9.348610000000003
ZNF582	5.0071319999999995
TIPARP	9.995524000000001
ZNF584	7.616517999999998
ZNF587	7.598215999999999
HAPLN4	6.705278000000002
ZNF589	6.061254000000003
U2AF2	10.939466000000003
THSD1	6.28093
SGK494	3.8743159999999994
TMEM115	10.250387999999997
ZFP161	8.166121999999998
RELA	10.897519999999997
?|26823	0.020218
LPAR6	8.214538
LSM12	9.728414
PSD	4.655847999999999
UXS1	8.768313999999998
CAMKK2	10.329364000000004
CAMKK1	4.974128
P2RX2	0.559912
HOXA9	0.6315919999999999
LOC84856	1.9940959999999999
OR8U1	0.0
LPAR5	5.522698
ZP3	4.901522
LOC441046	2.9169580000000006
ZP2	0.06280799999999999
TMEM123	13.546474
MTRF1L	8.045950000000003
MYO1H	0.28413
MYO1G	6.374163999999999
MYO1F	8.986428
MYO1E	10.515487999999998
MYO1D	10.246812
MYO1C	11.592708
MYO1B	13.701087999999995
MYO1A	2.3916939999999998
GRN	12.595756000000003
LCN6	0.611864
LOC100128640	4.566087999999999
RPL36AL	12.155820000000004
RAET1G	1.414622
KIAA0391	9.326018
CHMP7	9.752461999999998
CHMP6	9.51783
BCR	10.063371999999998
OR52N4	1.071188
OR52N5	0.0
OR52N2	0.092406
CTPS2	8.439786
NDC80	3.333782000000001
OR52N1	0.0
SULT6B1	0.019772
LY6G6C	0.342832
HOXA13	0.41449199999999997
LY6G6E	0.05765800000000001
HOXA11	0.146532
HOXA10	1.214708
KRTAP19-2	0.0
KRTAP19-3	0.0
PPIAL4C	4.476203999999999
KRTAP19-1	0.0
KRTAP19-6	0.0
KRTAP19-7	0.0
KRTAP19-4	0.0
FAM188A	8.620849999999997
FAM160B1	9.871084000000002
KRTAP19-8	0.0
FAM160B2	9.04815
RAD54B	4.443454
GALNTL5	0.023239999999999997
GALNTL4	7.966531999999998
TSSK4	1.5826800000000003
GALNTL6	1.013686
GALNTL1	6.466579999999999
LSM11	6.442564000000002
ZNF323	7.075513999999998
GALNTL2	6.162104000000002
SNORD114-3	0.0
SF3B1	11.911736000000001
TUSC2	9.116946000000004
SRI	9.166878
SUN1	10.281746
SRL	3.901392
SRM	9.828082000000002
SRR	7.483352
LGALS9	9.291818
LGALS8	9.822486000000001
LGALS3	9.216333999999996
LGALS2	5.056445999999999
LGALS1	10.81507
SRY	0.061508
LGALS7	0.253544
LGALS4	11.595484
NMU	0.073854
RNF114	10.756942000000002
AKIRIN2	10.017235999999999
AKIRIN1	10.566796
EIF2AK1	12.177849999999996
ERCC6L	2.309088
EIF2AK3	9.010679999999999
EIF2AK2	7.952019999999999
TDG	7.96445
EIF2AK4	10.579756
HN1	8.995574
SMS	9.86062
NMB	4.666703999999999
EREG	2.9746760000000005
LOC729467	0.032412
AVPI1	10.203561999999998
MYO16	6.835468
FAM136B	0.215958
TRNT1	7.678045999999998
ASAP1	8.525584000000002
ASAP2	7.3696259999999985
ASAP3	8.195689999999997
OCRL	8.795297999999999
?|441362	0.0
VSIG10L	5.739516000000002
PLAUR	7.656178
XIST	6.120422000000001
KRT28	0.016086
TBX2	7.376597999999999
LOR	0.084274
LRRC26	0.38572
KIAA1524	3.49725
LRRC24	3.764229999999999
KIAA1522	9.3894
MPDU1	11.630744000000002
KIAA1033	10.285316000000002
LOX	5.564846000000001
LPGAT1	11.496397999999997
LOC284661	0.06947
SEMA6D	6.8831
LRRC29	5.898074
KIAA1529	4.376704000000001
SH3D20	1.7164240000000004
GCNT4	5.207596000000001
GCNT7	0.249812
PRKX	7.2744740000000006
C14orf138	6.675355999999999
C14orf139	5.32678
GCNT3	3.391368
GCNT2	9.192799999999998
C14orf135	8.541775999999997
LOC440957	7.826443999999999
C14orf132	6.254952
ZNF165	5.567113999999999
LPCAT4	6.50179
LPCAT2	6.991271999999999
LPCAT3	11.844576000000002
LPCAT1	8.64698
SPNS1	9.811458
KRT20	0.26897
MID1IP1	10.581698
TAS2R42	0.034124
PIGA	7.631776000000001
PIGB	7.707148000000001
PIGC	8.693821999999997
PIGF	7.724398000000001
CALCRL	8.20758
PIGH	8.497859999999998
TBC1D3	6.838612000000001
MGC70857	10.588796
PIGK	9.460689999999998
PIGL	5.634354000000001
PIGM	8.595944000000001
PIGN	8.770794000000002
PIGO	9.69882
PIGP	8.768965999999999
C20orf185	0.0
C20orf186	0.21992799999999996
PIGS	8.585404000000002
ILKAP	8.672794000000003
PIGU	8.413184
PIGV	10.015146000000001
PIGW	7.36703
PIGX	8.092456000000002
PIGY	10.700185999999997
PIGZ	5.515136
KRT25	0.0
TMEM80	7.526426
NDFIP2	10.436100000000001
ELAC1	7.507968000000001
ANKLE1	1.9881519999999993
OR52R1	0.0
OR10A7	0.01291
ALPP	0.09993400000000001
RHPN1	5.154224
INPPL1	10.040821999999999
OLR1	3.4833600000000002
RHPN2	9.989678
SRRM1	10.333938
ITGAD	5.087585999999999
MGST2	11.902510000000001
SRRM2	12.421684
RAET1L	0.15446600000000002
SRRM4	0.08274200000000001
ITGAE	6.678291999999999
PDK1	8.237098000000001
SEPX1	12.049123999999999
PDK3	6.912760000000002
PDK2	11.298232
EBP	12.809070000000002
PDK4	13.016308000000002
SUN3	0.12672
LNPEP	6.332242000000001
MYO5C	7.578477999999999
ALPI	0.42136200000000007
ZNF292	8.333098000000001
SEC61A1	12.95628
SEC61A2	7.610259999999999
ALPL	11.750526000000002
PTGS2	6.634430000000001
PECR	12.06655
DDHD2	8.427062
TBC1D5	9.737597999999998
NAPRT1	11.785118000000002
MGST3	10.904625999999999
ZYG11A	4.974969999999999
ORC2L	7.650322000000004
RAB9BP1	0.0
OGFRL1	6.348026000000001
PUF60	11.530185999999997
SV2B	4.67754
ZFAND1	8.973162
MYO5B	10.124341999999999
TMEM82	10.388495999999998
PECI	12.764425999999998
OR11G2	0.0
PPID	9.92648
PLVAP	8.405389999999999
SLC39A13	8.955380000000003
SLC39A10	6.594636000000001
SLC39A11	10.445106
LOC96610	12.199138
SLC39A14	14.586694000000001
SCN2B	0.960264
CEP120	8.616962000000001
MTMR10	10.373693999999995
EIF1AX	10.796916
EIF1AY	5.206891999999999
NTRK2	5.938896
NTRK3	3.19208
ARHGAP23	7.886928
ARHGAP22	3.445287999999999
ARHGAP21	9.933056
ARHGAP20	6.005640000000002
ARHGAP27	7.675118
ARHGAP26	8.125577999999997
ARHGAP25	7.9125320000000015
ARHGAP24	8.271402000000002
NARFL	9.246228000000004
ARHGAP29	10.333529999999998
ARHGAP28	3.507026
NFKBIL2	6.1015179999999996
LOC150197	1.6178040000000002
PCGF1	7.522988000000001
SYDE1	7.406859999999999
DDIT3	8.781666000000001
DDIT4	10.641909999999998
NFKBIL1	8.799914
SLCO4C1	8.070888000000002
RXFP3	0.021678000000000003
COL19A1	1.191528
NKRF	7.941812
PCGF2	7.086694
TMEM84	1.4006560000000001
SMAD2	9.744248
MYSM1	4.861489999999999
ATG2A	11.020575999999998
LOC162632	5.07336
ATG2B	9.985672000000001
PPPDE1	9.046925999999997
PPPDE2	9.836464
BMP7	0.7004739999999999
C1orf38	8.690206
BMP5	4.987998000000001
BMP4	6.342552
BMP3	0.7226060000000001
BMP2	8.035116000000002
BMP1	10.025902
GPR4	6.887085999999999
C1orf31	8.40605
RLIM	9.65064
OR5R1	0.0
PCGF6	8.032149999999996
C1orf35	7.4361260000000025
SSFA2	11.869711999999998
FEM1C	9.886769999999999
TERF2	8.970728000000001
TERF1	8.775346
ASF1B	4.701578
LOC344595	4.075984
GOLGA8E	0.0
NDUFAF1	9.630622000000002
GOLGA8G	0.067188
FEM1A	9.870927999999997
GOLGA8A	7.1991799999999975
GOLGA8C	0.13063199999999997
GOLGA8B	7.184518
MARCH11	0.028031999999999998
MARCH10	0.16882999999999998
LOC100125556	4.674584000000001
CT45A1	0.06667999999999999
PTOV1	11.246278000000002
CT45A3	0.0
CT45A2	0.0
CT45A5	0.023932000000000002
CT45A4	0.0
RASSF7	9.83759
CT45A6	0.0
LPPR5	0.0
LPPR4	1.2509039999999998
LPPR3	0.318752
LPPR2	8.308872000000001
HBII-52-27	0.0
PMS2L4	3.297354
SPRY2	9.651003999999999
RSAD2	7.376439999999999
RSAD1	10.316400000000002
ATP5C1	12.376819999999999
NFS1	10.235351999999999
CHD3	8.456972
CHD2	10.39386
CHD5	0.623408
CHD4	11.628818
CHD7	8.293225999999999
CHD6	9.205614
CHD9	9.252132000000001
CHD8	9.585424
SGCA	5.899332
LOC121838	0.630092
CAP1	11.923352
CAP2	7.1403580000000035
LOC283050	2.9582279999999996
NPC2	11.117697999999997
NPC1	9.019058000000005
SKIV2L	10.158375999999999
SNORD11	0.0
TNFSF12-TNFSF13	6.0254840000000005
C3orf59	5.441546
C3orf58	9.553958000000002
PRKCB	7.433700000000003
RAB3GAP2	9.209399999999999
IL4R	11.401712000000002
BHLHA15	3.1246460000000007
PIKFYVE	9.167264
C3orf51	0.06593399999999999
C3orf50	0.24772
C3orf52	3.5348000000000006
C3orf55	0.35334999999999994
C3orf54	3.7874580000000004
C3orf57	3.2653579999999995
CAPS	7.094326000000003
DYNC1LI1	9.108928
DYNC1LI2	10.143078000000001
TRPC1	4.518118
EFHC2	0.41251600000000005
EFHC1	5.800154
CAPG	7.730098000000001
TPRKB	7.7763979999999995
ETHE1	9.924939999999998
PRDM16	4.08102
ABCG1	7.9931519999999985
ABCG2	10.180729999999997
PLSCR5	0.01631
ABCG4	2.148494000000001
ABCG5	10.782492
PRDM10	7.003214000000002
PLSCR1	10.110019999999999
ABCG8	11.168244
MPO	2.6579179999999996
HNF4G	8.545203999999998
AVP	0.34360999999999997
ELP2	10.482831999999997
PRKCZ	8.828712000000001
SPC25	2.2795099999999997
TARS2	9.870674000000001
POLRMT	10.294378000000002
MS4A6E	0.295786
MPZ	5.343527999999999
SRBD1	8.295399999999999
SGSM2	8.573856000000001
MCPH1	8.128818
GRPEL1	10.944272000000002
GRPEL2	7.805804
PLRG1	9.715626
SGSM1	3.7098980000000017
SF3B14	10.172403999999998
SLC36A2	0.07808
KRIT1	8.733495999999999
LRRC27	6.594556
ASPHD1	4.020432
TRPC7	0.017891999999999998
GADL1	0.0
KRTAP5-10	0.272212
HLX	9.004874
QRSL1	8.635994
VOPP1	9.228544
FCER1G	9.179054000000002
AKR1B10	8.072873999999997
BTG3	7.597516
BTG2	10.051106000000003
AKR1B15	1.3756719999999998
FAHD1	10.995416
ZNF592	9.892461999999998
SLA2	5.117185999999999
SNORA67	0.295878
C4orf36	1.078152
C4orf37	0.52375
C4orf34	11.487447999999999
C4orf35	0.03613
C4orf32	8.350413999999999
C4orf33	7.521885999999998
C4orf31	2.9560720000000003
SRD5A3	8.681474000000001
SRD5A2	10.432245999999996
SRD5A1	10.986143999999998
ZFP1	9.077603999999997
C4orf38	3.8954440000000012
C4orf39	0.8837520000000001
HELLS	3.241358
ZCCHC3	8.996468
FAM49A	5.952566000000001
FAM49B	8.831372
PDILT	0.7516079999999999
SNORD12	0.0
SLC6A20	2.900932
ZFP36L2	11.887708
GGA1	9.712803999999997
C10orf99	0.307046
GGA3	8.605895999999998
GGA2	10.108819999999998
C15orf48	4.198936
ZNF510	7.174672
C10orf90	1.7183259999999998
C10orf91	0.174222
C10orf93	1.6312260000000003
C15orf40	7.561147999999999
C15orf41	6.675780000000003
C10orf96	0.0
C15orf43	3.7944579999999997
SLC12A6	7.918844000000002
FHOD1	7.104597999999999
FHOD3	5.297156
ADH7	2.3609660000000003
ADH6	13.974008
ADH5	12.825775999999998
ADH4	16.23965999999999
C4orf6	1.4866540000000001
C4orf7	0.592356
PKD1	9.209671999999998
NRL	5.945784
GJC2	3.912216000000001
C4orf3	11.827975999999996
GJC1	4.415178000000001
ZNF138	6.355915999999999
PFKFB1	9.234484
PRKACG	0.103126
SPRYD3	9.609626000000002
PRKACA	11.836160000000001
ERICH1	7.560121999999999
NUAK2	7.906644000000001
PRKACB	9.530838000000001
PSMB7	11.667082
PSMB6	11.397324000000001
PSMB5	11.134034000000002
C14orf119	9.386043999999998
PSMB3	11.558207999999997
PSMB2	11.385878
PSMB1	12.017297999999998
LOC100128842	2.722020000000001
C20orf79	0.0
TNFSF10	11.702969999999999
PFKFB2	7.154606000000001
LMBR1L	8.471454
HDHD3	10.755272
HDHD2	9.989846000000002
C20orf71	0.0
C20orf70	0.0
LRRC23	6.235097999999998
C20orf72	8.200835999999999
PFKFB4	4.905915999999999
PNMA1	7.464116000000002
PPAPDC1A	4.591412
TDGF1	5.231097999999999
KLK1	0.2772
TDGF3	2.121776
LOH3CR2A	3.3676899999999996
LOC339788	0.28271399999999997
RMI1	7.242036000000001
CORO6	2.4594419999999997
CORO7	8.74835
SNORD21	0.0
SNORD20	0.0
SNORD23	0.0
KLHDC5	8.332203999999997
SNORD25	0.0
KCNK9	0.248382
SFRS9	10.87691
LOC285456	1.7747940000000006
KCNK4	0.123624
KCNK5	8.881316000000002
BDNFOS	5.682952
KCNK7	2.0602859999999996
FAM155B	2.7629320000000006
CRY1	8.533860000000002
CRY2	11.034186
FAM155A	2.5002400000000007
C9orf144	0.060816
SULT2A1	14.819664000000003
C9orf140	3.6553999999999998
C9orf142	8.785516
GLTP	9.07279
NACC2	5.64724
ACOT11	4.515432000000001
ACOT12	10.833942000000002
ACOT13	11.306758000000004
VPS13A	8.695276
LOC100128788	3.589800000000001
VPS13C	9.706237999999999
VPS13B	8.451301999999997
BEX5	5.025453999999999
BEX4	7.5877620000000014
BEX2	4.915626
BEX1	5.469138
UBAP2	8.424912
TXLNG	6.470759999999999
NUP160	9.40114
ELTD1	8.384278
N4BP3	3.506029999999999
CRYM	8.098615999999998
TMEM163	2.889185999999999
TMEM165	8.649184000000002
SULT1A3	8.992472000000001
ME2	8.76306
EVI2A	6.608706000000001
SERPINA5	14.342824000000002
EVI2B	8.0269
FOXN1	0.178584
FOXN2	9.166796
FOXN3	11.131124
SUGT1P1	0.9473400000000002
FAM27A	2.041106
NICN1	8.316846
WDR1	12.026029999999999
UGT1A5	6.744194000000002
COL14A1	9.734123999999998
ZNF799	6.937045999999999
GRIN2B	1.1737540000000002
GRIN2C	2.361702
GNA14	7.335788000000001
GNA15	5.982632
GNA12	9.342412000000001
GNA13	10.624643999999998
GRIN2D	3.7377500000000015
GNA11	8.396458
NOL9	6.7117640000000005
PRKAR1A	12.487783999999998
IFFO1	8.171436000000002
ZFP64	7.790815999999996
IFFO2	7.9585639999999955
PRKAR1B	8.285214000000002
MFGE8	8.101942000000001
SH2B1	9.339998
KLK5	0.150432
IL6ST	10.401594
SBF1	9.14967
SBF2	9.217914
SERPINA7	12.957290000000002
PCNT	8.903133999999998
SAR1A	11.330673999999998
DBN1	7.544476000000002
SAR1B	11.010209999999999
TPPP	7.8424380000000005
ADD2	2.204471999999999
SNORD127	0.0
OGDH	11.552726000000002
SIN3A	10.111164
ADD1	11.805070000000006
CDC73	9.340036000000005
C11orf35	7.1668240000000045
C11orf34	0.19734600000000005
C11orf36	0.0
C11orf31	10.454086
C11orf30	7.260636
R3HDM1	8.097242000000001
OLIG3	0.0
SEMG1	0.13857200000000003
UPP1	8.461198000000001
SEMG2	0.019066
LOC284276	1.6097900000000005
ZNF418	4.7250380000000005
EN2	0.43038600000000005
LOC100134713	3.0356780000000003
LMBRD2	7.177530000000002
ANKRD20B	1.7112940000000003
OLIG1	0.8014419999999999
ZFP62	7.281603999999998
RPL13AP20	4.589692
DAZL	0.24364600000000003
DAZ3	0.040918
DAZ2	0.01738
DAZ1	1.496056
TAS2R19	0.375496
DAZ4	0.0
SRFBP1	7.072160000000002
TAS2R16	0.0
TAS2R10	0.17312399999999997
BCAT2	7.704673999999999
BCAT1	5.474113999999999
LOC283267	6.961808000000002
NEUROG3	0.01452
MACROD2	5.992368
MACROD1	9.545906
NEUROG2	0.0
MYH7B	4.238288
GBA2	9.742554
AKAP4	0.06514
AKAP5	4.496674
AKAP6	7.124665999999999
AKAP7	8.992108
DBNL	10.560577999999998
AKAP1	11.434287999999997
AKAP2	9.095612
AKAP3	4.872288
ORC1L	2.9670579999999998
C1orf135	3.396214
PIPOX	14.007484000000002
AKAP8	8.804048000000002
AKAP9	10.899278000000004
EIF2A	10.592824
ZNF416	5.823578
PPIP5K1	7.547457999999997
CYP26A1	8.62813
CCDC117	10.069514
PSTK	6.2677059999999996
SNORD124	0.0
WSCD1	5.370278000000001
TUBE1	9.714523999999999
PHPT1	9.704640000000001
SMC1A	10.697550000000001
RLF	8.587112000000001
NFU1	9.000466
TMEM170B	8.96161
RRP1B	9.512426
NOVA2	4.2953
NOVA1	3.8911659999999997
LOC255167	11.505620000000004
KLHL34	0.9353740000000001
HSP90B1	14.652361999999997
MCF2L	7.546428000000001
SMC1B	0.7149459999999999
KRR1	8.976348
TMEM132E	5.277718
FAM64A	1.9640799999999996
TMEM132A	5.546448000000001
LOC100130015	6.968845999999998
PEG10	6.864796000000001
SPATA16	0.0
OVGP1	7.845374000000001
STRN	6.608058
TAS1R3	3.1387800000000006
TTTY17A	0.0
CETN3	7.4149059999999976
CETN2	9.081057999999997
CETN1	0.0
CCL28	4.50798
SNORD115-5	0.0
FAM92A1	7.305662000000002
DIO1	11.980176000000002
DIO2	2.034596
DIO3	3.83821
CCL21	9.507888
CCL20	6.463417999999999
CCL23	5.371884
CCL22	4.241179999999999
CCL25	1.5976740000000007
CCL24	1.6646419999999997
CCL27	0.29494
CCL26	0.46982799999999997
ALPK1	7.666443999999999
SLC23A1	9.558732
ALPK3	6.697436
ALPK2	8.008092
TRIOBP	9.99561
C8orf48	2.800112
C8orf47	8.240686
C8orf46	5.927668
C8orf45	4.218404
C8orf44	3.5032120000000004
PHRF1	10.257416000000003
C8orf42	8.412044000000002
C8orf41	7.89207
C8orf40	10.534022000000002
CDC45	2.6657580000000003
CUX2	10.527206000000001
SNORA14A	0.07330199999999999
FAM70A	3.4006979999999998
SNORD80	0.0
FAM70B	5.6850559999999986
BRF2	7.586904
UBE2L6	11.574005999999997
BRF1	9.035174000000001
FSIP1	2.456318000000001
DNAJC8	10.557886000000002
DNAJC9	8.352805999999998
MB	3.456372
DNAJC4	9.777746
DNAJC5	9.814408
DNAJC6	4.039844000000001
DNAJC7	10.51258
DNAJC1	10.189286000000003
DNAJC2	8.9232
DNAJC3	11.552058000000002
CYP4F12	10.592584000000002
ZNF701	4.563289999999999
NTRK1	1.2920900000000004
GOSR2	9.786036000000001
SLC18A2	2.635586000000001
PTPRVP	0.422954
GOSR1	10.155584000000001
SLCO6A1	0.031516
RRP15	8.488844
CCDC97	8.632612
RALBP1	10.175834000000002
NRN1	6.63184
TMEM179	0.527976
MAP3K6	7.196143999999999
TRIM49	0.021834
SSB	10.266260000000004
RAP1B	10.884414000000003
RAP1A	10.601853999999998
PPP1R8	9.37951
ZNF831	4.603674000000001
TRIM46	1.968994
ZNF833	3.9394580000000006
SNORA68	0.10675799999999999
MAP3K4	8.613131999999998
ZNF837	6.167282
TRIM47	8.769574
NCRNA00219	7.852657999999996
SNORA65	0.10938
SNORA66	0.0
SLC23A2	11.238003999999998
LOC643677	2.56069
SNORA61	0.065334
SNORA62	0.055583999999999995
IPO11	8.258873999999999
MTNR1A	0.20269600000000002
ZNF410	9.418520000000003
FAM91A1	10.290184
MTCP1NB	9.207575999999998
HPYR1	0.01291
TPSG1	1.3412060000000003
TRIM43	0.017891999999999998
ATOH7	3.0603899999999995
ACAT1	14.247370000000004
ACAT2	11.584181999999997
ZNF573	3.3976960000000007
ATOH1	0.053972
RNF152	7.992688000000002
CD200R1	4.8445160000000005
LIMD1	9.913866000000002
RNF151	0.088414
RNF157	5.970842
ATOH8	10.144616000000003
PMEPA1	7.926334
PEX1	8.978673999999998
TMEM177	8.989614
MARVELD3	7.481717999999998
CTF1	5.440935999999999
MECP2	9.187921999999999
PEX3	9.282913999999998
PCDHGA5	2.788462
LDLR	12.479716000000002
PEX2	9.57974
IFITM4P	0.15434599999999998
TRPV4	8.696464
RARRES2	14.682673999999999
TRIM8	11.245718
TSPY3	0.0
LOC643719	2.6081619999999996
TSPY1	0.0
OR8S1	0.0
IL2RA	3.1143959999999997
IL2RB	8.54094
TRPV6	5.489355999999999
RAB33A	2.892581999999999
PEX7	7.683021999999999
TAS2R8	0.0
IL2RG	8.201854
CP110	7.449523999999999
NUP210	9.633303999999999
SLC17A6	0.035942
SLC17A7	2.7446919999999992
SLC17A1	8.775122000000001
SLC17A2	10.785798
SLC17A3	8.770786000000001
MDH1B	1.4753699999999994
C16orf58	11.922716000000001
C16orf59	3.636138
SETDB2	7.853771999999999
RARRES3	10.660858000000001
C16orf52	8.562025999999998
CDK5RAP3	10.869602000000002
CDK5RAP1	8.769632
C16orf57	9.751278
C16orf54	5.661801999999999
C16orf55	5.89793
NUDT16L1	9.534985999999998
KIAA0319L	11.13077
MYF5	0.0
ITCH	11.193022
ZNF207	10.492322000000001
CCDC144B	2.2835599999999996
CCDC144C	0.141316
CHMP4B	11.111472
CCDC144A	1.940326
BAX	9.281937999999998
TSPY2	0.041774
BAD	10.079097999999998
IARS	10.001904
BHMT2	13.349520000000002
PRKCDBP	6.271278
COBLL1	11.887541999999998
SLC37A2	7.353732
OR52L1	0.014702
CDK18	8.984094
CDK19	8.289316
GFI1B	1.044858
MYOD1	0.0
PMPCA	11.763229999999997
TOB2	10.007506000000001
CDK12	9.726150000000002
CDK13	9.582861999999999
CDK10	10.496172
SRRT	10.536271999999997
CDK16	9.414584000000001
CDK17	9.02144
CDK14	8.988396
CDK15	0.2537339999999999
GPR126	11.873570000000004
LOC283856	2.964334
GPR124	8.824922
GPR125	11.455642000000001
GZF1	8.275246
GPR123	3.6930720000000004
GPR120	1.0037740000000002
SNORA74A	0.4529700000000001
ATP6V1B1	1.2252140000000002
ATP6V1B2	10.836733999999996
AASDH	7.708837999999997
PIP5KL1	0.98674
GPR128	9.071607999999996
LOC723972	3.0978019999999997
MTA3	8.058932
SNORD56B	0.0
VIPAR	8.66522
STL	1.6440899999999996
KCNAB1	5.756893999999999
ZNF304	6.978543999999997
BFSP2	0.426526
ZNF302	8.524469999999997
BFSP1	3.334618
P2RY8	6.348070000000002
TP53TG5	0.12617
KCNAB3	1.6663340000000002
STS	9.486842000000001
MMP25	5.376554
MMP24	8.144433999999999
MMP27	0.05239
KCNAB2	7.965387999999998
MMP21	0.46557000000000004
MMP20	0.047308
MTERFD1	8.234164
HOXB13	0.102264
ZC3H13	10.298700000000002
RPL15	13.781101999999999
TFG	11.39415
HVCN1	6.4283280000000005
FBXO17	9.890394
TOMM34	9.224123999999998
PIH1D1	10.230294
RND1	11.209812000000001
RND2	7.534511999999999
RND3	12.021414000000004
NCL	13.07878
SPATA24	5.398070000000001
CTNNBIP1	9.031924
PPP3CA	9.465032000000004
PPP3CB	9.444289999999999
PPP3CC	8.220182
SNORD78	0.0
ZNF821	6.075405999999999
LIF	6.622466
KIAA1549	5.266966
KIAA1012	10.338648000000001
?|100133144	1.3593579999999996
NCF1	6.322843999999999
KIAA1543	10.096536
LRRC41	10.488208
LRRC40	8.893516
LRRC43	1.693266
LRRC42	9.050765999999998
LRRC45	8.897851999999999
MMP23B	6.039940000000001
LRRC47	10.627098
HDAC10	9.254734000000003
LRRC49	3.454292000000001
LRRC48	4.222033999999999
GPATCH4	8.972914
PRR21	0.023239999999999997
B3GNT4	0.6842420000000001
B3GNT5	6.3653059999999995
B3GNT6	0.137092
B3GNT7	6.645049999999999
FNDC8	1.7115200000000002
B3GNT1	9.725774
B3GNT2	9.192812000000002
B3GNT3	6.3901319999999995
FNDC4	11.205705999999998
FNDC5	9.193584000000001
FNDC7	0.23340799999999998
B3GNT8	4.530136000000001
B3GNT9	6.756876000000002
ADRA2B	7.607254
ADRA2C	3.885676
MRPL46	10.468477999999998
SEC63	11.629439999999995
PWWP2B	7.529404
PWWP2A	7.8123119999999995
FGFR1	8.810817999999998
STAT4	6.476288
PCYT1A	8.32841
PBRM1	9.801666
DAAM1	8.393268
DAAM2	8.058113999999998
HLA-DRB1	11.558522
HLA-DRB6	8.062086
XAF1	10.095784000000002
PWP2	9.023278
HLA-DRB5	9.739455999999999
CCDC152	10.143245999999998
CCDC153	2.3952779999999994
CCDC150	5.697565999999999
CCDC151	3.536614
GUK1	11.826696
CCDC157	3.486246
CCDC154	1.4287040000000002
CCDC155	0.33817
CCDC158	4.245037999999999
CCDC159	7.79468
SNX21	7.952091999999999
H1FNT	0.106528
TMCO5A	0.12703
SYT8	2.0718400000000003
SYT9	7.241118
LRRC4C	4.862994
LRRC4B	4.867758
MTCH2	12.234145999999999
FN1	17.081475999999995
ATP5J	12.102092000000003
SYT1	5.6294640000000005
SYT2	1.9090240000000005
OR6T1	0.0
SYT4	0.824068
SYT5	0.4514240000000001
SYT6	0.9017179999999998
SYT7	11.543784
SYK	7.734012
MYCNOS	0.20765799999999998
RHO	0.22067399999999995
PRAMEF17	0.012766
OBFC2B	8.576154
KAZ	7.929126
OBFC2A	7.5038
MEP1A	1.1536700000000004
MEP1B	4.521025999999999
TASP1	6.543492000000001
TG	2.692761999999999
SNORD113-7	0.0
KISS1R	0.212552
PER3	9.702820000000001
FUBP3	10.480025999999995
ATP5L	11.735734000000003
LOC100133331	5.78163
COLQ	5.339324
SLC9A3R2	12.989277999999997
SCHIP1	7.963264000000001
SPZ1	0.0
FLJ16779	0.186892
FAM189A2	2.9575440000000004
FAM189A1	2.1125120000000006
ZFYVE19	9.190872000000002
MARCO	11.067806000000001
SAP30	6.339220000000001
TRIM5	9.274666
HFE	7.987349999999999
TCP11L2	5.9629819999999985
NES	8.6609
CNTROB	8.584032
PALMD	10.189473999999997
HSFX1	0.0
SNORD96A	0.0
ANGPT2	6.057936000000003
ANGPT1	5.290337999999999
ANGPT4	0.646284
TRIM4	9.586366000000002
LOC100130274	0.0
PRSS22	4.21923
MRPL45	9.987028
PALM2	9.012847999999998
OXT	5.684872000000001
DUPD1	0.015069999999999998
ZFPM2	6.674746000000002
SEPT10	10.492564
C1orf53	7.303886000000002
C1orf52	7.707509999999998
C1orf51	5.76607
C1orf50	7.994082000000001
C1orf57	9.068626
C1orf56	8.142772
C1orf55	9.452076000000003
C1orf54	6.5382620000000005
MPZL2	9.152882000000002
C1orf59	5.222968
C1orf58	6.873418
SSTR5	0.31441199999999997
LOC647979	12.455582
LOC151300	0.0
ICMT	10.336811999999998
TRIM7	2.7213979999999993
NIPA1	8.435458000000004
TBK1	9.291987999999998
LAG3	6.935211999999999
RGP1	6.349386000000001
FCF1	9.197986
MPZL1	9.975152
ATP6V0A4	0.2615199999999999
ATP6V0A1	10.750321999999999
ATP6V0A2	8.485384000000002
GPR98	8.963892
GPR97	4.784489999999999
SLC22A15	4.181872
?|90288	5.274509999999999
GUCA1A	0.021678000000000003
GUCA1C	0.0
GUCA1B	4.567246
KRT75	0.15702
KRT74	0.034152
KRT77	0.019772
KRT76	0.014628
KRT71	0.10537199999999998
C17orf108	7.761995999999999
KRT72	0.36628000000000005
C17orf106	9.215946
C17orf107	7.183522
C17orf104	2.795744000000001
C17orf105	0.013712
C17orf102	0.5877519999999999
C17orf103	7.991065999999997
C17orf100	6.190661999999999
C17orf101	8.930674
UNC13A	1.2030239999999999
SMPD4	9.910585999999999
ATR	8.185294
ADAM33	3.162578
ACOXL	0.5525199999999999
SMPD2	7.025698000000002
BRIP1	4.128128000000001
PDE11A	7.8917280000000005
ITGBL1	6.9636679999999975
ZDHHC3	10.135013999999996
ZNF571	5.378924
NKX6-3	0.0
ATP5A1	13.827338
HFE2	12.380036000000002
SASH3	7.665928000000001
RAB30	5.674754
TTC28	8.923066000000002
AAMP	11.48118
LRRFIP1	11.289201999999996
TTC24	0.7990159999999998
TTC25	3.0533500000000005
TTC26	3.8213
DOT1L	8.976158
FUNDC2P2	1.9879580000000003
FLJ46111	1.7052159999999994
TTC22	5.047654
LOC402644	0.016086
ZNF572	4.225192000000002
TCL1B	0.27252999999999994
CARS	10.002908000000001
PODXL2	5.643490000000003
IL6R	10.007502
ENO1	14.068676000000007
ENO2	6.237157999999998
ENO3	10.887102
TRAM2	10.278191999999997
MGC16025	0.228118
PER4	0.0
SYCP2	2.2801639999999996
NPAT	7.835968
TAOK2	9.614484000000001
SYCP1	0.091644
CNOT6L	9.836619999999998
NDUFS1	11.468466000000003
LLGL2	10.393213999999999
SLC22A18	11.243058000000001
ADAM3A	0.0
ACOX2	12.484754
ACOX3	9.696248000000002
SLC22A14	0.50172
ACOX1	13.492354000000002
SLC22A12	2.0890459999999997
SLC22A13	0.30643999999999993
SLC22A10	10.885634000000003
SLC22A11	3.6954380000000002
SSTR4	0.038932
NSMCE1	10.183113999999998
LOC728613	6.627152000000001
CFD	7.793059999999997
OBSCN	5.519451999999998
PFDN1	9.291634000000002
PTK2	10.224968000000002
PTK7	6.086327999999998
PTK6	6.575792000000002
RABGAP1	9.104987999999997
SNORD119	0.0
PRKAA2	6.425648000000001
PRKAA1	11.03229
ITGB3BP	6.320935999999998
PFDN2	10.026455999999998
CELF4	1.6172679999999997
CYB5B	10.359269999999997
GAL3ST1	6.054280000000001
POMP	11.076279999999997
GAL3ST3	0.048626
GAL3ST2	0.9045379999999997
GAL3ST4	4.748221999999998
LRRC14B	0.14763
SCARA3	7.484992
TRPC4	2.0624640000000003
XPA	8.394213999999998
IL18RAP	4.956068000000001
IL17RD	3.892559999999999
ATG16L1	9.277046
ATG16L2	7.714685999999998
C4orf50	0.231622
C4orf51	0.052961999999999995
C4orf52	9.056230000000003
C3orf30	0.0
ARHGDIB	10.773678
C3orf36	1.212836
C3orf35	2.0338460000000005
C3orf34	4.176527999999999
NANP	7.2915600000000005
C3orf39	8.278157999999998
C3orf38	8.326424000000001
USH1G	0.21849599999999994
IL17REL	0.33604599999999996
MATN1	0.571254
MATN3	1.3647999999999993
MATN2	9.974135999999998
MATN4	1.088288
PCGEM1	0.01291
WNT9A	1.7522680000000002
ENDOG	9.697481999999999
STIL	4.269312
C12orf12	0.03155
PDSS2	9.973416000000002
C15orf62	5.286468000000002
C15orf63	10.515015999999997
CES3	10.888164
CES2	14.437749999999996
EBF3	2.242356
EBF2	0.09142
EBF1	4.117725999999999
KBTBD10	2.764742
FFAR2	4.216474000000001
CES8	7.813007999999999
LMNA	12.47862
FFAR1	0.034172
BDH2	10.813478000000002
ENDOU	1.2637100000000003
BDH1	12.93326
DDX23	10.825770000000002
DDX21	10.159835999999999
DDX20	7.686687999999999
DDX27	9.693089999999996
ZNF157	0.165884
DDX25	2.22457
DDX24	11.376784
ERBB2	11.242952
HLA-DMB	9.057730000000001
DDX28	8.756074
UNC13D	7.807778
TSNAX	9.617947999999998
OTC	12.390174000000004
ZNF90	5.986209999999999
RPL32P3	5.257998
ZNF92	6.175641999999999
ZNF578	2.818902
UNC13B	9.834855999999997
ZNF98	0.489936
ZNF99	0.141882
PI4KAP1	7.001504000000001
UNC13C	0.27968600000000005
FLVCR2	9.295350000000001
FBXO18	10.288282000000002
DCTD	10.849777999999999
RAET1E	0.5721120000000001
UBE2J1	10.471691999999997
FKBP10	8.327328000000001
FKBP11	9.755949999999999
TBX21	4.888936
FAM3A	10.402377999999999
C12orf10	9.525708000000002
FAM3C	10.156285999999998
FAM3D	1.5006699999999997
C20orf12	3.6677779999999998
C20orf11	10.480572
FBXO15	3.9022900000000003
SNORD94	0.36620400000000003
PCK1	16.315474000000005
VPS16	9.534085999999999
PDPN	3.3426499999999995
GGPS1	8.787708000000002
SFTA3	0.20154
SFTA2	1.359478
HBII-52-46	0.0
HBII-52-45	0.0
WSCD2	1.335502
NACA2	6.054737999999999
C9orf169	3.113
PROX1	9.825038000000001
CNGB1	1.1352
C9orf163	1.8734640000000002
CNGB3	0.18497999999999998
FAM153C	0.07169600000000001
SNORD47	0.0
C9orf167	7.672689999999999
PARD6A	6.7860559999999985
CLK2P	2.8866180000000004
PLA2G6	7.136964000000002
PLA2G7	6.381798000000001
MARCKS	10.339896000000001
PLA2G3	0.12879
CCDC76	7.073905999999999
CCDC77	5.952449999999999
CCDC75	4.656526
CCDC72	10.363306
CCDC73	4.964926
CCDC70	0.01891
CCDC71	8.527721999999999
OR2G3	0.0
FPR1	7.335479999999997
FPR2	4.594713999999999
FPR3	8.2278
OR2G6	0.0
CCDC78	1.6354180000000003
CGRRF1	7.196020000000002
TMEM109	10.773159999999997
TMEM108	2.00975
HIST3H2BB	0.130324
PRAC	0.019054
HOPX	4.768478
SPARCL1	9.251406000000001
SNORD4B	0.0
SNORD4A	0.0
FOXH1	0.843002
TMEM107	5.932976000000001
LOC285780	0.33315799999999995
TMEM105	4.938172000000002
PRG3	0.07834400000000001
SMPDL3B	3.9289220000000005
VSTM1	0.5938559999999999
GHITM	13.098342000000002
LOC100127888	1.0803539999999996
TRANK1	10.129340000000003
LOC650293	0.0
CSHL1	0.0
NPPC	0.08185600000000001
SPEN	10.360696
OSGIN2	9.406985999999996
SYT3	1.0955239999999997
FKBP1B	6.745414
FKBP1A	11.330075999999998
SLAIN2	10.148498000000004
MANEAL	8.294486000000001
SARS	11.707603999999996
STAT6	11.721289999999996
ZFYVE26	8.273594000000001
STOML2	11.101890000000001
STOML1	8.227951999999998
PIP5K1P1	0.539628
FBLIM1	7.8539400000000015
RPN1	13.303587999999998
FAM10A4	8.924166
TRPT1	9.015309999999998
DAXX	9.822180000000003
CDC16	10.150142
KIAA1486	0.088462
AHNAK	13.338462
NT5E	11.126842
TMEM40	0.695624
LOC340017	0.053520000000000005
ZNF431	4.283601999999999
LGALS9C	4.505452
LGALS9B	0.43434599999999995
UNC50	9.083734
NKAIN4	0.322912
NKAIN3	0.045872
NKAIN2	2.2902219999999995
LOC284788	1.1438359999999999
MAP1A	4.752134000000001
MAP1B	7.393994000000001
TMEM200C	3.5164280000000003
IGSF9B	0.8126160000000001
PDCL3	7.731600000000001
LBX2	5.770817999999999
UNC5C	3.015756
VGF	0.20250600000000002
LBX1	0.017136
UNC5D	0.21097599999999997
CCM2	11.204910000000005
TBC1D4	9.173771999999998
MAP1S	8.97334
FRMD8	9.03653
ZNF430	4.146585999999999
ZSCAN5A	5.45293
IMMP1L	5.934854000000001
FRMD5	0.323934
FRMD6	8.777248
FRMD7	1.87492
PLCD4	4.357717999999999
FRMD1	2.0545679999999997
PKNOX2	4.369792
FRMD3	2.8597840000000003
SNRPF	9.521335999999998
TMEM200B	6.979133999999998
DSCR9	0.5341839999999999
CYorf15B	3.3525259999999997
CYorf15A	4.0324160000000004
GNAS	13.714562
MED13L	9.685794
DSCR4	0.014379999999999999
DSCR6	2.27639
PTCD2	7.012009999999999
PTCD3	10.280211999999999
DSCR3	10.214966
PTCD1	8.475880000000005
PDE7A	7.073123999999999
ZNF433	5.761270000000001
SIX5	8.809230000000001
GNAL	3.699694
HLTF	9.227678000000001
AGFG2	11.278572000000002
AGFG1	10.049223999999997
DPF2	8.726560000000001
DPF3	6.393238000000001
DPF1	0.256896
ASNA1	9.837808
RPS12	13.393652
SAGE1	0.08276199999999999
WNT16	0.83343
CRYGS	3.070731999999999
RPL18A	10.572539999999998
SIX1	0.4101600000000001
KRT3	0.0
KRT2	0.208756
KRT1	1.3520400000000001
OR2F1	0.13297199999999998
FST	10.58236
SIX2	0.346466
CRYGN	0.30993000000000004
KRT4	1.231474
CLEC18A	1.95348
CRYGA	0.0
CEND1	0.892156
CRYGC	0.0
DACT1	6.743746
DACT3	6.089557999999998
DACT2	7.088899999999998
VPS45	8.452736
SPRR2F	0.061059999999999996
VPS41	9.485102000000001
BCAP29	9.880169999999998
SLC15A4	9.419164000000002
TMCC1	9.850192
TMCC2	3.978884
ECT2L	2.5412179999999998
MGC23284	5.757268
SDR42E1	7.224681999999998
PP14571	0.45428000000000013
TAS2R30	0.035574
TAS2R31	0.398576
NMNAT2	2.0798180000000004
LOC147804	5.852581999999999
NMNAT1	7.9209
ALOX12B	0.28707399999999994
FOXG1	0.032240000000000005
TAS2R38	0.01452
TAS2R39	0.0
EPB41L1	8.805136
NAA16	7.196701999999999
EPB41L3	7.563352
EPB41L2	9.444923999999999
EPB41L5	9.720322
ACSS3	10.587797999999998
ACSS2	11.558586000000002
ACSS1	7.925409999999999
KIDINS220	9.998744
TMEM156	5.471753999999999
PLEKHM1	8.927006000000002
PLEKHM2	9.737984
FLJ43860	0.0
RHOXF1	0.4411460000000001
VPS4B	9.991574
ZNF727	0.9966480000000001
GMEB2	8.320276
FAM72D	2.2043440000000003
SLC43A3	11.983448
FAM72B	3.7481780000000002
FAM72A	1.015788
OR5C1	0.07209399999999999
DCAF13	8.912241999999999
DFNA5	7.132739999999999
MAGEH1	8.528756000000003
VHL	8.847218000000002
WNT3	5.400133999999998
WNT2	5.053163999999999
FIZ1	7.986113999999999
LRRN4	2.9861260000000005
AGXT	16.126600000000007
CNTNAP3	4.59044
LRRN1	4.553309999999999
PMS2L11	4.240587999999999
PPP1R15A	10.842477999999998
TREML3	0.479932
CNTNAP2	8.081668
BLMH	8.753976000000002
TREML4	0.294882
ST8SIA6	2.282978
CNTNAP5	0.012766
MOGS	10.682562
CNTNAP4	0.36483600000000005
SNORA46	0.094358
RECK	7.472389999999998
SNORA44	0.012996
DHDPSL	10.889767999999998
SNORA42	0.0
SNORA40	0.049322
MRPL37	11.732552000000005
GPRIN2	4.440568
GPRIN3	5.991552000000001
GPRIN1	3.91052
ROGDI	9.478589999999999
MRPL34	11.124510000000003
NCRNA00235	0.225168
SNORA49	0.077486
SNORD116-24	0.0
SNORD116-25	0.0
HIST2H2BA	1.4552779999999998
MRPL35	9.823087999999998
RUNX1T1	2.7067920000000005
HIST2H2BF	3.4102799999999998
FLJ46321	0.019054
SNORD116-23	0.0
ZNF813	4.2304200000000005
SPTBN5	4.198606000000001
SPTBN4	4.183552
SNORD116-28	2.5546900000000012
SNORD116-29	0.0
SPTBN1	13.659384
ZNF814	7.331868000000001
KLF13	9.414126
KLF12	9.910134000000005
KLF11	11.055855999999999
EBAG9	9.580354
KLF17	0.07638600000000001
KLF16	9.377905999999998
KLF15	11.119148000000001
KLF14	0.44726200000000005
TFAP2A	2.647156
RBMY1B	0.0
TFAP2C	1.8536320000000002
TFAP2B	0.05574400000000001
TFAP2E	1.6352720000000003
RBMY1F	0.0
KRTDAP	0.295824
MCCD1	0.359148
C4orf14	8.320920000000001
GBE1	11.162783999999995
TYRP1	0.6185959999999999
OR51T1	0.0
PCNA	9.78838
SLC44A1	10.953092
SLC44A2	9.913685999999997
C4orf17	0.10155000000000002
EIF3E	11.968631999999996
SLC44A5	3.3867560000000014
ZBTB7C	5.681134000000002
ZBTB7B	10.247728000000002
LOC144776	0.0
MSI1	3.2326660000000005
C4orf11	0.0
MCCC2	12.40587
C4orf12	3.3124380000000007
PCNX	10.197815999999998
MRPL39	9.343738
LOC92659	3.1192200000000003
HDAC1	10.633300000000002
ENGASE	8.013138000000003
ZMYND8	8.49902
THBS1	12.677368000000003
OR2L13	0.049362
FAM149A	9.867743999999998
FAM69B	7.826070000000003
RPA4	0.8553300000000001
RPA1	10.050080000000001
KLK2	0.08830400000000001
RPA3	8.735956
ANKFN1	0.09734
TENC1	11.573385999999996
CXorf40A	8.484333999999997
CXorf40B	8.364056000000001
KLK3	0.13913
COQ9	11.132992000000002
NDUFS5	11.476401999999998
NDUFS6	10.617479999999999
NDUFS7	11.046198000000002
C1S	17.007534
C1R	16.484826
COQ7	8.566953999999999
COQ6	9.335793999999998
SLC9A3R1	12.459928
COQ3	8.060211999999996
COQ2	8.245251999999999
FAM198A	8.218416
NEK7	9.917986000000003
FAM198B	8.21458
ZRANB1	10.577198
KLK6	0.31396199999999996
ZRANB3	5.441083999999998
ZRANB2	9.447948000000002
TTC7B	8.978384
HBD	2.0390400000000004
LOC100271722	3.9869559999999984
FAM132A	1.7251940000000001
ZFAND2A	9.488612000000002
HBB	10.617628
CHMP2B	9.929742
PCDHGB2	4.126292000000001
MUC20	7.697399999999999
BOK	12.214225999999998
PCDHGB7	5.403376
ATP9B	8.44807
ATP9A	9.653101999999999
HBZ	0.04279
LIPT2	4.700882
ZNF828	9.2969
BOC	4.512197999999999
SLC22A3	14.174229999999998
RREB1	10.235198000000002
DENND2C	5.8253140000000005
TPX2	7.267874000000001
DENND2A	7.088816
LOC100133920	0.26396200000000003
DENND2D	8.333224000000001
GAGE1	0.0
OR52J3	0.0
PPT2	8.627212000000004
GAGE4	0.048841999999999997
INPP4A	7.861391999999999
GPR101	0.15854000000000001
LOC145474	0.16559199999999996
MICAL3	10.707674000000003
PHC1	7.128978000000001
PHC3	9.360864
GPR107	9.914752
GPR108	10.421002000000001
MFAP3L	10.825306000000001
THOC4	9.154356000000002
UBE2G2	10.635588
SYPL1	10.911136
STAT3	12.769869999999996
UBE2G1	10.345123999999998
SCNN1G	0.211446
SAFB	10.672229999999999
GRXCR1	0.0
GRXCR2	0.013897999999999999
ZNF366	3.632836000000001
RAX2	0.022316
PRF1	8.042171999999999
MGMT	11.288206
SLC35E2	3.6114500000000005
WSB2	10.279228
TRNP1	7.120176
H2AFV	11.320579999999996
LOC400804	1.7942619999999996
OR2A25	0.166944
ZNF335	8.118333999999999
H2AFX	8.061456
H2AFY	10.700992
H2AFZ	10.261338000000002
TMCO2	0.09140599999999999
TMEM189-UBE2V1	0.33293400000000006
RNF8	7.862567999999999
RFX5	8.599986
RNF6	9.009939999999999
RNF7	10.088932000000002
RNF4	9.663686000000002
RNF5	11.266706000000001
RNF2	7.678268000000002
APP	13.709986
H2AFJ	10.315653999999997
RYBP	10.274045999999997
PRSS1	0.08763
NCAPG2	6.87584
SNORA71D	0.048982
PSMA4	11.142014000000003
NRXN2	6.477704000000001
CSN1S2A	0.0
SRGN	10.516343999999998
LRRC69	0.7195319999999998
KC6	0.7228899999999999
CLTA	11.065626
BPY2	0.4145419999999999
CLTC	12.946284000000002
CLTB	10.478922
TMEM159	5.855062
RRAGA	11.027738000000001
LRRC61	9.286214
TNS3	11.798548000000006
LRRC67	0.0
ADRBK1	10.593526000000002
ADRBK2	7.589165999999997
DPEP3	1.6389540000000005
STAMBPL1	5.416462000000001
C7orf36	6.677517999999999
C7orf34	0.14057
C7orf33	0.133804
C7orf31	5.383032000000001
C7orf30	9.459494
PAIP2B	9.897265999999998
DEFB121	0.0
TNK1	7.329446000000002
RRAGB	6.880454000000001
LHFP	8.110726000000001
ZNF829	2.060984
USP27X	6.20063
PCOLCE	11.109435999999999
TFAP2D	0.0
GPR50	0.20902399999999996
PRSS3	6.351515999999999
EPM2A	8.044134
ISCA1	9.936354
RNF103	11.132408
ISCA2	8.182332
FAM118A	7.388201999999999
UBE2NL	1.22881
FAM118B	7.151025999999999
LMX1A	0.947418
ZCCHC24	11.037574000000001
LMX1B	0.79862
TMEM178	4.6156039999999985
OR6V1	0.014314
PPIG	9.936615999999999
RECQL	8.188732000000002
CD300C	4.818436
SRPRB	10.877174
SHC2	11.062343999999998
MAP7D3	7.465064
ETV3L	0.8858799999999999
H3F3A	11.448645999999997
SIK3	10.238412
IL23R	0.708742
MAP7D1	9.298088000000002
INTS4L1	2.6518619999999986
POU4F3	0.17046599999999998
KCP	1.482458
PRKRIR	9.349657999999998
ACTR8	8.082432
BAIAP3	8.499584000000002
ACTR6	8.539886
ACTR5	7.067138
UQCRC1	13.076544000000004
ACTR3	11.091372000000002
ACTR2	11.865874000000002
PAQR9	8.886529999999997
FOXP2	5.097232000000002
WBSCR26	0.4334719999999999
EOMES	4.93901
YY1	10.140071999999998
VAX2	0.7891239999999999
PTGFRN	9.314881999999997
RECQL4	5.445522
TUSC5	0.646644
KRT84	0.017136
GGT5	10.711236
WBSCR28	0.8454520000000001
GNRHR	0.9253819999999999
LYSMD2	8.704464
KIAA0748	3.2826959999999996
PDE3B	10.323432000000002
SPINK13	0.097004
NDP	0.24137799999999995
HYDIN	4.186343999999999
CNR1	2.1836640000000003
GBX2	0.032348
GBX1	0.0
CNR2	1.5064759999999995
SNORD115-8	0.0
GNL3L	8.235750000000001
POLDIP3	10.137087999999999
POLDIP2	12.689594000000005
ZNF57	5.381489999999998
GP1BA	4.024094
RASA1	8.578602
CBARA1	11.466374000000004
TTC39C	11.953240000000001
FNDC1	5.53213
GTDC1	7.5232619999999955
TTF1	7.107916
ALDH18A1	10.133408000000001
RASA3	7.971320000000002
TUFT1	7.479211999999998
SLC25A10	12.027131999999996
TIAF1	10.378845999999996
ICOS	3.018372
HHEX	10.451222
ACTN2	2.6719919999999995
RABEP1	10.373718000000002
PTPRU	8.790165999999997
SAA2	13.375824000000001
H2BFWT	0.0
PTPRT	3.7759679999999998
SAA1	14.370956000000003
ZXDB	9.173933999999997
ANKS1B	1.7570880000000002
C1orf74	5.471232000000001
C1orf77	10.205028000000004
ANKS1A	9.339841999999999
C1orf70	1.7492419999999997
OR5V1	0.0
PTPRR	1.2831820000000003
TSTA3	10.680083999999999
SLAIN1	7.461633999999999
SPERT	0.034086
LOC285359	4.812786
ACTRT1	0.01395
ACTRT2	0.0
TINF2	9.630600000000001
GNRH2	1.4706040000000005
NKX3-2	0.21724
NKX3-1	7.121009999999999
GNRH1	2.6697699999999998
NAP1L5	7.367062000000001
ZIM3	0.023239999999999997
RPL12	12.888070000000003
VHLL	0.030714
ZNF597	5.095137999999999
ZNF816A	5.2929379999999995
MDGA2	1.0553919999999999
SPRR1B	0.52701
NDUFA7	9.80654
ADAM10	9.691714
ADAM11	2.0336579999999995
ADAM12	3.7782200000000006
ADAM15	9.76107
ADAM17	7.492146000000002
ADAM18	0.0
ADAM19	8.159040000000003
PPP1R2P1	1.2198260000000003
WDSUB1	6.710509999999998
CPNE9	0.387176
CPNE8	8.627108
TYW1	9.119980000000004
PTPRF	12.74151
CPNE3	11.003627999999997
CPNE2	8.489866
CPNE1	10.333156
MIF4GD	8.331714000000003
CPNE7	2.5211780000000004
CPNE6	2.36901
CPNE5	4.138412000000001
CPNE4	0.270914
WNT8A	0.016357999999999998
TNFRSF11B	8.59496
SFRS14	8.834244
SGCZ	0.5861999999999999
GDEP	0.01291
GLYAT	12.866867999999995
TRIT1	7.9100459999999995
SFRS12	9.35096
DNMT3B	4.089696000000001
OPALIN	0.0
DNMT3A	7.6425220000000005
SFRS11	10.42489
FLJ45445	3.4221900000000005
ZNF121	5.548542
RBM10	10.28636
XRN2	10.494124
DNMT3L	6.1139280000000005
RABEPK	9.976474
UPK3BL	6.419218000000001
LOC729609	0.031508
AAK1	8.546016
SNRPN	10.784068
GDE1	10.294412000000001
SNRPB	10.732136000000004
SNRPC	10.181838
SNRPA	9.45928
SHANK3	9.445134
OR2B2	0.0
SHANK1	0.922896
SNRPE	9.240972
PBX4	1.8802380000000007
KLC4	11.793218
OR2B3	0.0
ZNF554	6.537547999999999
TNNI3K	1.4844940000000002
SALL4	3.4864360000000003
PTPRK	10.971186000000003
HUS1	8.550009999999997
RGS9BP	0.4108280000000001
PLAC8L1	0.7564839999999999
PTPRJ	9.975316000000003
UCP2	9.721558000000002
ZFR2	0.8033440000000001
PLCB1	6.636350000000001
GPR62	2.789068
PTPRH	9.597698000000001
ZDHHC15	2.9305220000000003
ZDHHC14	8.775581999999998
TMEM167B	9.773014
PCSK9	9.659448
ZDHHC11	5.215835999999999
PRCC	9.991738000000003
ZDHHC13	5.788419999999999
ZDHHC12	9.719205999999996
PCSK2	2.1156239999999995
PRKAG3	0.05198
PCSK1	1.052754
PCSK6	13.244152000000001
PCSK7	8.932946000000001
PCSK4	6.257446
PCSK5	4.637190000000001
DUSP28	5.571856
HIPK2	10.893541999999998
HIPK1	9.945808000000001
LASS3	0.27635000000000004
HIPK4	1.6867399999999997
RPS3	13.448232000000004
DUSP21	0.0
DUSP22	9.298779999999999
DUSP23	10.555138000000001
LEMD3	8.713787999999996
LEMD2	9.349278
DUSP26	1.8296939999999997
DUSP27	0.423822
QARS	11.292043999999999
NCAN	1.4895520000000007
SPDYE1	1.8921700000000001
SLC16A6	3.308254
YBX2	4.453533999999999
SCRG1	1.335704
GPATCH2	7.081030000000001
C3orf19	8.275692
C3orf18	6.632250000000002
NAPA	12.393031999999998
OR6Q1	0.0
C3orf15	4.755116
C3orf14	4.730706
C3orf17	9.166628000000003
C3orf16	0.213508
C3orf10	11.333127999999999
OSR2	1.3745420000000002
LARP1	11.410303999999998
LARP4	11.460432
LARP6	6.626238
LARP7	9.759476
MGC26647	0.031394000000000005
ISM2	0.15370799999999998
ISM1	7.163884000000001
TNFSF15	1.1676659999999999
GPATCH3	8.254360000000002
HSD17B7P2	4.988100000000001
TRYX3	0.0
TTLL3	6.8287
TPTE	0.27947799999999995
ZNF552	6.417343999999999
RPSAP9	4.52904
UBE2Q1	10.54701
DDX49	9.566880000000001
COL15A1	4.536978
LOC153328	1.715632
ODAM	0.25024599999999997
DDX41	10.145637999999998
TMEM45A	11.028576000000003
DDX43	2.10442
DDX42	10.796296
PTER	8.760390000000001
DDX47	9.71957
DDX46	9.653144
PTEN	11.181608
SLC20A1	10.496362000000001
PLTP	10.008766000000001
ATMIN	10.053664
EIF5A2	5.989556000000001
TMEM45B	9.298936
LOC728743	6.67174
ELAVL4	0.658928
LGR4	11.616142000000002
LGR6	5.898444000000003
C20orf30	11.807821999999998
ELAVL2	0.38870200000000005
ELAVL3	0.102934
CDKN1C	7.145162000000002
CDKN1B	10.382107999999995
CDKN1A	12.351907999999998
UBE2D2	10.337160000000004
DPYSL4	1.9723320000000002
MAEL	1.516298
MLL3	10.018718000000002
GUF1	9.237926000000002
SNORD67	0.0
SNORD66	0.0
LOC285419	0.61483
HBII-52-28	0.0
MFNG	7.810052
MLL4	9.48068
EDNRA	6.210522
EDNRB	10.538025999999997
SNORD69	0.0
SNORD68	0.0
MYADML2	0.18511400000000003
FLJ36031	10.060864
DNAI1	1.831336
APOD	4.152754
DNAI2	0.028693999999999997
APOB	17.831354000000005
STX10	7.949000000000002
APOO	7.841914
APOM	13.346392000000002
NDUFV2	12.283213999999997
APOH	17.776505999999998
FAM151B	3.455392
UTP11L	8.88338
FAM151A	8.435098000000002
FAM104A	8.833104
FAM104B	7.562292
NFIL3	11.469624
EN1	0.07194
REG3G	0.0
UQCRH	10.602982000000004
VEGFB	9.449516000000006
REG3A	0.8499040000000001
CCDC50	11.022024000000004
CCDC51	8.280677999999996
CCDC52	7.064577999999999
CCDC53	8.876776
CCDC54	0.355774
CCDC55	9.045317999999998
CCDC56	10.957759999999999
CCDC57	8.449784
CCDC58	8.358773999999997
CCDC59	8.497687999999997
UGT3A2	3.6629439999999995
SNORD38B	0.0
TAS2R60	0.5607659999999999
TMEM128	8.358508000000002
GPHN	10.53783
PAXIP1	7.710042
WFDC6	0.0
ZMIZ2	9.890954
NUFIP2	10.867696
RAD18	6.625308000000001
NUFIP1	7.312585999999999
RPL13AP6	2.8858359999999994
PREPL	9.770106
RPL13AP3	3.52844
SULT4A1	1.3475580000000003
CABP7	2.2796800000000004
CABP5	0.087506
CABP4	3.158958
CABP2	0.038606
CABP1	0.7501599999999999
FBXO34	8.768238000000002
FBXO36	5.571302000000002
SLC35B2	10.286342000000001
FBXO30	7.8665959999999995
FBXO31	10.38655
FBXO32	5.314055999999999
FBXO33	8.396138000000002
HBE1	0.5176900000000001
ZC3H7B	11.298669999999998
CNRIP1	6.666342000000001
FBXO38	9.561241999999998
FBXO39	2.111652
MPG	10.218458000000004
SPAG17	0.3756960000000001
SAT1	13.553548000000001
TK1	7.272177999999998
SAT2	12.392894000000002
LOC282997	5.287837999999999
PELP1	10.006230000000002
LOC415056	0.378956
MBOAT2	4.7068
MBOAT1	7.960007999999999
MBOAT7	9.715203999999998
MBOAT4	3.4739699999999987
SPSB3	10.519730000000003
SPSB2	6.300720000000002
SPSB1	10.571738000000005
HINT1	13.141507999999996
HINT2	11.094828
HINT3	9.953294000000001
LOC642929	0.0
SDPR	9.601140000000001
IL23A	3.298694
N6AMT1	7.142500000000001
BIRC8	0.0
CDC34	11.019961999999998
LOC284233	1.3015180000000002
CDC37	11.237957999999999
OR2A1	0.894714
ALAS1	13.932527999999998
ALAS2	2.5848139999999997
OR2A2	0.032668
OR2A5	0.02786
OR2A4	4.384388000000002
FICD	5.792655999999999
EIF1	13.75491
S100A5	0.12439
BRWD3	6.347333999999998
OR2T34	0.0
BRWD1	10.251915999999996
S100A1	5.328668000000001
OR2T33	0.023239999999999997
S100A3	1.0500199999999997
KIAA0513	6.770650000000001
LONRF3	7.555642000000001
LONRF2	5.819124
LONRF1	8.578751999999998
GJA1	7.897705999999999
JARID2	7.8600100000000035
STAG3L4	6.332373999999999
BIRC2	10.350202000000001
KIAA1609	6.508672000000001
OR7D2	1.2809720000000004
GJA4	8.434147999999999
CDCA7L	7.157618
GJA5	6.279748
ZNF365	0.8336179999999999
LOC100134868	1.1060140000000003
LOC146481	0.0
C20orf203	0.276118
C20orf202	1.96423
APBA3	8.303556
C20orf200	0.628612
SLCO1B3	11.829457999999995
SPIN2A	0.750204
SPIN2B	5.940290000000001
PGLS	10.045584
TUB	5.125779999999999
SLC6A5	0.0
ZNHIT1	12.021822
GJA9	1.39884
SYNJ2BP	10.517495999999996
EFHB	1.4632399999999999
COL10A1	3.0301780000000003
MORC3	9.206910000000004
MORC1	0.666956
MORC4	9.354836
FTSJD2	10.090696000000001
CHKB-CPT1B	7.172901999999999
GNE	12.421805999999995
PTPRZ1	1.8637339999999996
TOMM20L	0.8438599999999999
UPK3A	1.4695580000000001
TXNL4A	9.707030000000001
WRB	9.171678000000002
ZNF367	8.132651999999997
IGDCC4	1.7265740000000005
PWRN1	0.32071399999999994
MEF2C	8.098624
MRPL42P5	1.72303
CCDC42B	1.5741520000000002
DIAPH2	8.298537999999999
VPS24	9.765010000000002
CCNA1	0.35661199999999993
DYNC1I1	2.92946
FBLL1	3.027864
ATP13A3	12.277557999999999
DYNC1I2	9.533392
ATP13A5	0.09643399999999999
ATP13A4	3.740662
RNF5P1	8.553702000000001
RAI1	8.183361999999999
RAI2	7.105996
SKA2	8.575111999999999
COL28A1	2.0924560000000003
VCAM1	9.413464
TMEM125	4.585884
LRRIQ1	0.8725659999999997
GRID2IP	1.102456
FLJ26850	0.7086179999999999
LRRIQ4	0.7212700000000001
RPS2P32	3.16183
C1orf113	3.57666
CBWD6	7.109730000000002
CBWD5	1.761472
C1orf110	0.15928599999999998
CBWD3	8.875983999999999
CBWD2	8.723819999999996
CBWD1	8.779836
C1orf114	1.5594219999999996
TNRC6A	10.085634000000002
ZNHIT6	7.479238000000001
MEF2D	9.968038000000002
ADAT1	6.776298000000004
ADAT3	5.64909
ADAT2	5.849214
LGALS3BP	13.137140000000006
SNORD113-4	0.0
HYMAI	0.44220400000000004
ZNF117	6.9812340000000015
PLEKHO2	9.354262000000002
PLEKHO1	8.94301
ZNF114	1.0001120000000001
E2F7	1.9102440000000005
E2F6	7.746212000000001
E2F5	5.436170000000001
E2F4	9.162360000000001
E2F3	7.608857999999999
E2F2	2.958678
E2F1	4.777481999999997
SPDYE2	0.409052
SNORD116-26	0.0
SCAF1	10.426095999999998
C6orf89	11.103858000000002
CFLP1	0.5217440000000001
E2F8	2.141964
ACBD3	9.909144000000003
PPP4C	11.123703999999998
ACBD7	2.6930480000000006
ACBD6	8.068028
ACBD5	11.255610000000004
ACBD4	11.172121999999995
MON2	9.890320000000001
PPP1R13L	7.611189999999999
EEF2	15.473544000000002
SNORA20	0.185908
SKA3	2.705826
SNORA22	0.05507000000000001
SNORA23	0.421454
BRI3BP	6.44092
SNORA25	0.027662
C2orf29	9.651378000000001
C2orf28	10.509476
RLBP1	0.017118
RPGR	6.444644
OLFM1	7.000173999999999
C2orf24	10.376368
ZNF334	5.360952
HYLS1	6.616614000000002
TMEM31	0.614504
LOC100128239	0.4176559999999999
IZUMO1	0.24145000000000003
TIGIT	5.0299700000000005
EPHX3	2.556072
OSTF1	9.955484
TYR	0.019772
FAM168B	10.535389999999998
PYCR1	6.788997999999998
SNHG11	7.468257999999997
ST8SIA3	3.927014
OR5H15	0.019772
TMC2	0.09646999999999999
OR5H14	0.0
CTBS	10.273396000000002
GATA2	5.507948000000002
WNT10B	1.7288080000000001
ZNF331	8.721301999999998
GNG10	8.84877
GNG11	9.165022
GNG12	10.843798
GNG13	0.08482800000000001
SYTL4	9.025958000000001
LOC121952	1.2750680000000005
TEX14	2.3311580000000003
HSP90B3P	3.1711320000000014
URB1	8.989242
GATA1	0.7660619999999999
RPLP1	14.109774000000002
NT5C1B	1.5521019999999996
IFITM3	14.945654
IFITM2	13.144109999999996
IFITM1	11.538438000000001
HPCAL1	10.149158000000002
LIPE	4.974468000000001
HPCAL4	0.9542980000000001
LIPF	0.0
GAGE2D	0.0
GAGE2E	0.0
LIPK	0.0
LIPJ	0.9553400000000001
LIPM	0.0
DFFA	8.46214
DFFB	5.712912000000001
GAGE2C	0.0
SEC24D	10.986212
RCN2	8.530834000000002
REV3L	8.542559999999998
SEC24A	10.842372000000001
TMEM229A	0.125162
SEC24C	11.196004000000002
PPIA	11.850294000000002
TEX12	0.639926
RNF19B	8.635932000000002
LMTK2	7.6525979999999985
CSMD2	1.5897600000000003
ACCN2	2.7990360000000005
ACCN3	2.09868
ACCN4	0.17470399999999997
ACCN5	0.1989
CSMD3	0.4763160000000001
PI16	3.5855059999999987
POU2AF1	5.662922000000001
MRPL43	10.454112000000002
KAL1	4.886335999999999
IPP	7.10915
CSMD1	0.198168
C16orf92	0.0
C16orf93	2.9126119999999998
C16orf90	0.03633
C16orf91	7.573469999999999
TM4SF18	5.936050000000002
TM4SF19	1.1893340000000001
MRPL49	10.503568
LOC100130581	5.346009999999999
MAGT1	11.722396000000005
ZNF699	3.0629200000000014
OTOP1	0.04086
NGF	4.745741999999998
NGB	0.022316
NEUROG1	0.0
SMC5	9.581236000000002
SFRS2	11.29793
ZNF692	7.246554000000002
ZNF695	0.34586800000000006
POU3F1	1.3881839999999999
ZNF697	7.616708
FHAD1	1.2553259999999997
C16orf5	10.361058
TGM2	13.502913999999999
C16orf7	8.664347999999999
ARFGAP2	11.306262000000002
ARFGAP3	10.441503999999998
C16orf3	1.1622739999999998
LAMB1	10.310138
LAMB3	8.381048
LAMB2	12.212746000000003
CYSLTR2	3.0551680000000005
LAMB4	0.44423
CYSLTR1	3.653233999999999
COPZ1	11.507427999999996
C21orf7	6.464788000000001
NEK4	8.613369999999998
COPZ2	9.016227999999998
C21orf2	9.183376000000003
NEK3	7.057615999999997
NEK1	7.5683359999999995
U2AF1	10.387637999999999
SNORD115-1	0.0
SRXN1	10.086621999999998
NEK8	6.2814119999999996
MPHOSPH6	7.238303999999996
LOC389634	1.166106
TPPP2	6.005520000000001
GPR162	6.918561999999998
BMX	4.029026
GPR161	3.6027039999999992
SNORD58A	0.0
SNORD58C	0.0
TGFB1	9.241537999999998
G0S2	11.850820000000004
DHPS	10.115863999999998
ZZZ3	9.101247999999998
OR5B17	0.013897999999999999
TMEM14E	0.147688
SGIP1	3.322558000000001
CCDC3	9.568352
ASTN1	3.669766
RSPH9	1.035342
CCDC6	9.564853999999999
CCDC7	5.186330000000001
SHF	9.668895999999998
SHH	6.913079999999999
COX7A1	6.193472000000002
COX7A2	11.210743999999998
CCDC9	8.758552000000002
DYNC2H1	5.250986
WNT1	1.18625
TMEM14B	10.156835999999998
TMEM8A	10.95957
MGA	8.77448
MTHFD2	6.578296000000002
MTHFD1	13.803466
LOC729156	2.4205519999999994
RHOQ	9.082196
PRR20A	0.0
GSS	10.436516
PRR20C	0.0
PRR20D	0.0
MGP	8.754356
RSPH3	5.806551999999999
NSD1	9.357866
TGFB3	8.115106
TMEM189	9.616573999999998
RHD	1.6346960000000001
NUDCD2	8.977116
NUDCD3	10.537748
NUDCD1	7.667687999999999
ADSS	9.430738000000002
R3HCC1	9.858350000000002
LOC168474	0.666954
OR1D4	0.0
IFI27L1	6.528596
IFI27L2	6.095664
EID2B	3.8883440000000014
GMNN	7.765192
ADSL	9.666322
SAMD4B	9.410922
PLA2G15	8.945322000000006
AS3MT	10.677074000000005
PRSS12	4.154459999999999
C7orf11	10.068252000000003
C7orf10	8.790516
C7orf13	6.199689999999999
OR7E24	0.01738
GAS2L1	8.708533999999997
RPS27L	11.148641999999997
GAS2L3	3.422050000000001
C7orf16	0.288542
TGM7	0.0
ZNF575	5.278557999999999
TMEM63B	10.973044
NDFIP1	12.425311999999998
HPGDS	3.743463999999999
AZI2	9.447911999999999
SYTL5	6.947004000000001
ZNF341	5.970060000000002
AZI1	6.460478000000002
LOC646498	0.017294
TARS	11.087231999999997
ZNF345	4.97091
WNT6	1.351164
TNFSF14	5.985280000000001
TMEM8B	7.455862000000001
WFDC8	0.019772
ZNF438	7.554818
UOX	0.129096
KCNC2	1.525756
POGK	9.432795999999998
TRIML1	0.109046
EPYC	0.077946
VIPR1	9.761688
NUDT12	9.575716000000002
DLL1	6.871309999999999
NUDT10	4.537096
DLL3	0.07263599999999999
DLL4	7.265506
NUDT17	3.0369
NUDT14	8.179229999999997
NUDT15	8.665718
NUDT18	6.646975999999999
NUDT19	8.381979999999999
TSPAN9	11.691022000000002
OR6X1	0.0
STX8	8.276764000000002
MXD1	8.193912000000003
KEL	2.582528
IFI6	11.304083999999998
PHKG1	1.3967100000000006
RSRC2	9.787049999999999
ACTL9	0.0
ACTL8	0.229912
STX7	9.435728000000001
C9orf123	9.628025999999998
LOC285627	0.0
RC3H2	7.628315999999997
NCRNA00164	0.06895799999999999
UBE2Q2P1	3.0440920000000005
CPN2	13.712069999999997
CPN1	11.282818000000002
SOS2	9.140167999999996
LOC285629	0.22328999999999996
SLC4A11	2.0692599999999994
CLIC6	6.534076
PCP4	0.412806
STAB1	11.372104
PHACTR4	10.081031999999999
RNF125	9.826443999999999
KIAA0232	9.856465999999998
MTMR15	8.527702000000003
RNFT2	2.7638620000000005
LGI4	6.147482
CFHR1	14.375936
CDADC1	8.202122
ECE2	8.346098000000001
ECE1	12.190282000000002
LGI3	1.3603360000000007
SOST	0.387002
L3MBTL	4.181886000000001
HBP1	10.973996000000001
LOC388242	1.7983859999999998
LOC90246	2.375053999999999
IMPACT	9.446115999999996
DRG2	9.217527999999998
DRG1	9.962454000000001
CASQ1	0.792966
LRSAM1	9.068508000000001
ZNF205	7.626418000000001
ARHGAP42	8.182094
TMPRSS11A	0.080108
CLIC1	11.318296
NOP56	9.897773999999998
EVC2	4.992549999999999
IFIT2	9.226455999999999
NCRNA00162	0.09715600000000002
?|645851	1.5081920000000002
LOC348926	5.261519999999999
AURKA	5.967720000000001
AURKB	3.531834
AURKC	4.350595999999999
AP1B1	11.274336
SERPINE3	0.229324
SNAPC3	8.166534000000002
TNNT1	0.9661019999999999
OR5H6	0.0
OR5H1	0.0
RNF123	10.470650000000001
GNPTG	11.110546000000001
CDC42EP3	7.398440000000001
CDC42EP2	7.333388
CDC42EP1	11.907604000000003
DRGX	0.0
TXLNB	3.7584139999999997
CDC42EP5	4.880960000000001
CDC42EP4	10.38337
HRASLS5	1.245686
BMF	7.773135999999998
HRASLS2	4.498427999999999
TCP10	0.5269719999999999
GPRC6A	0.0
ZNF354C	3.312652
TBKBP1	6.445826000000002
RAB36	4.748213999999999
AHCY	12.815236000000006
FAM170B	0.23385800000000004
FAM170A	0.651326
TMEM146	0.014314
ABI2	8.647293999999999
ABI3	7.775991999999999
ABI1	9.722190000000001
TRAP1	12.035858000000001
SLC22A4	3.4767279999999996
TESC	6.4854140000000005
MUC7	0.01291
LOC284578	0.5012839999999998
NKTR	9.0081
RHOH	5.798855999999998
OTP	0.033949999999999994
PTCHD3	0.6091520000000001
NTF3	6.46395
SP100	10.764928
ELP2P	1.4268240000000005
KRT39	0.552282
KRT38	0.04581
ACADVL	14.177802000000002
RAB4B	8.721871999999998
OR6C70	0.0
ZBED5	8.060262
RAB4A	10.21783
KRT31	0.041132
SOX14	0.0
KRT32	0.050322
KRT35	0.013438
DHDDS	9.276789999999998
KRT37	0.0
KRT36	0.9021760000000001
IL21	0.074778
CHN2	10.297022
CHN1	5.035812
IL22	0.05261999999999999
IL25	0.031394000000000005
IL24	1.4213999999999998
IL27	7.657570000000003
IL26	0.29215599999999997
IL29	0.4592340000000001
RAP2A	8.792358000000002
PPP4R1L	3.7017520000000004
CAV2	10.446972
CAV3	0.17035400000000003
AXL	9.385196
CAV1	9.439787999999998
ZNF548	7.424226
SNORD96B	0.0
TIMP1	12.408367999999998
IL12RB1	5.460275999999998
LDHA	14.465478000000001
IL12RB2	3.415761999999999
ATP6AP1	11.138324
ATP6AP2	11.289995999999997
ELOF1	10.149051999999998
ENSA	11.618883999999998
CLINT1	11.491454000000001
PDCL	7.519397999999999
SNORD63	0.0
FLJ35390	4.687828
WLS	9.526461999999999
BRCA1	6.501584
SNORD116-22	0.0
BRCA2	4.097616
LRRC39	1.86198
OR4N2	0.0
ZNF439	4.210379999999999
PRY2	0.13554999999999998
OR4N4	0.031394000000000005
AHRR	3.258906
CYP24A1	0.16173200000000001
ACOT8	9.158443999999998
ACOT9	8.402312000000002
ACOT6	5.013698000000001
ACOT7	9.397434
ACOT4	8.788568000000001
ACOT2	10.797925999999997
H2BFM	0.0
ACOT1	11.661565999999999
ADCY4	5.932772
ADCY5	6.2719759999999996
ADCY6	8.585703999999998
ADCY7	7.428336000000001
ADCY1	9.514464
ADCY2	0.27427599999999996
ADCY3	7.435533999999999
KIF25	3.266679999999999
KIF24	3.9915419999999995
KIF27	4.417939999999999
ADCY8	1.194382
ADCY9	10.224668000000003
KIF23	3.349296000000001
KIF22	9.653929999999997
JKAMP	9.3033
RAB42	3.3245560000000016
RAB43	9.343916000000002
NUCKS1	12.773442
INTS4L2	2.6577899999999994
NR3C1	10.954263999999998
PDLIM4	3.5574400000000015
SLC22A1	14.652438
DDI2	6.871266
DDI1	0.015134000000000002
PDLIM5	12.070577999999998
PTPLAD2	5.794652
RNASEH2C	9.533881999999998
COL4A6	1.7280799999999996
PTPLAD1	12.028452
C12orf4	7.365404
C12orf5	7.522246000000001
PROL1	2.2013659999999997
ZFP28	4.890054000000001
LY6G5C	4.547680000000001
XRCC1	8.642742
XRCC3	5.961587999999999
XRCC2	1.9336760000000002
PITPNA	10.69424
XRCC4	5.956323999999999
PDLIM1	12.040702
SMURF1	9.371941999999997
DCAF12L2	0.019772
DCAF12L1	0.45922000000000013
SMURF2	6.921062000000003
CLEC7A	6.55905
GGT3P	6.177898000000002
MEIS3	4.317124
MEIS2	7.9065040000000035
MEIS1	6.538078
PCDHAC2	5.221397999999998
HNRNPCL1	0.162262
PCDHAC1	3.140057999999999
ZNF669	5.058838
NARF	9.171599999999998
PRB3	0.0
CTLA4	3.1464740000000013
GSPT1	11.215737999999998
DNAJC25-GNG10	0.598506
LOC389493	0.322968
RALGPS2	10.031372
MIER1	10.068846
MIER2	7.405738
MIER3	8.922818
ESPNL	5.403108
LOC100287718	0.086782
OR5AN1	0.0
ESPNP	1.7820179999999999
RBP2	0.522302
PAPD7	9.1635
PAPD4	9.563188000000002
DDX60	9.216391999999999
NCRNA00112	0.0
AMN1	6.593932
KIR3DL2	1.5481140000000002
KIR3DL3	0.21708599999999997
NCRNA00116	8.526143999999999
NCRNA00114	0.06275599999999999
NCRNA00115	3.8509100000000003
LMNB2	8.122431999999998
IL13RA2	6.527616
IL13RA1	12.5826
LMNB1	7.9736360000000035
LRBA	10.009556
MRPS28	9.54739
MRPS26	10.378928
CD274	4.345348
MRPS24	10.925692
CD276	10.896213999999997
MRPS22	9.890693999999996
MRPS23	8.913852
MRPS21	10.004125999999998
LOC100144604	0.36009800000000003
CTSL1	12.722942
LOC100144603	3.1150799999999994
CTSL3	0.0
CTSL2	1.97199
NHEDC2	10.648830000000006
INSIG2	10.458634
IL13	0.82769
SMN1	1.5100080000000005
PPP2R5A	11.087082000000002
PPP2R5B	8.0354
NXPH4	1.7625039999999998
LCMT1	7.833248
DGCR2	10.852319999999999
FRMPD2L1	0.030986
YY2	4.025121999999999
PPCS	10.419680000000001
H2AFY2	7.5071400000000015
NAMPT	13.206998000000004
RXFP4	0.12362800000000002
MAD2L1	5.172422
NDUFB11	11.479002000000003
ADCY10	6.033074000000003
KCNA6	2.2883859999999996
KCNA7	0.092304
KCNA4	0.020308000000000003
KCNA5	2.5683260000000003
KCNA2	0.39815399999999995
KCNA3	4.090398
SNORD81	0.0
KCNA1	0.16839600000000002
UTP6	9.156977999999999
RHOF	5.445448000000002
OPTN	11.245252
JMJD6	8.745257999999998
BHMT	14.711595999999995
C10orf95	1.1132020000000002
JMJD5	11.152125999999999
ZHX2	9.969866000000001
ZHX3	9.586476
JMJD8	10.907796000000001
ZHX1	10.234996
LOC26102	0.47654
OPTC	0.0
IRGM	0.4267580000000001
SYCE2	2.142886
LOC348840	1.8415780000000002
IL15	5.467349999999999
OTOR	0.089864
FAM106C	0.7956160000000001
FAM106A	0.5314840000000001
CCDC38	1.4057440000000003
CCDC39	2.3784959999999993
ACACA	9.41293
ACACB	12.255369999999997
SLFN14	0.45269999999999994
CCDC33	0.040326
CCDC30	3.4960739999999992
SIN3B	8.7807
CCDC36	0.9702000000000001
CCDC37	0.141306
CCDC34	6.415340000000001
FOXD1	0.59195
PLA2G2A	11.520660000000003
APPL1	9.583056000000001
APPL2	8.98151
ZDHHC2	7.920546000000002
PLA2G2E	0.0
PLA2G2D	4.425008
PLA2G2F	0.049832
SLC26A10	1.4453380000000002
MEMO1	8.788186000000001
PTTG3P	0.41791799999999996
ZMAT1	7.1861939999999995
SLC26A11	8.034263999999995
KRTAP21-2	0.0
KRTAP21-1	0.0
UNC80	1.30912
HBBP1	0.049192
MPP4	0.26161200000000007
CAPN14	0.341944
CAPN13	1.1146939999999999
CAPN12	7.888177999999999
CAPN11	1.459922
CAPN10	7.194616
FAM128B	10.916321999999997
ZDHHC9	10.822975999999997
FAM128A	9.208904
RACGAP1P	0.626926
DEM1	6.823536000000001
SLC16A8	1.3885720000000004
OR8J3	0.023239999999999997
SLC35D1	12.187095999999997
MLNR	0.31173
COX7B	11.505958
COX7C	12.426366
C20orf196	4.5529720000000005
SARS2	8.93509
HS3ST6	0.718934
HS3ST5	0.143594
HS3ST4	0.6446860000000001
CYFIP1	11.061081999999999
HS3ST2	4.287152000000002
HS3ST1	5.302764000000001
CYFIP2	10.501109999999999
HYI	9.760852
DYTN	0.019054
LOC151658	0.012766
MPRIP	10.029262000000001
SH2D5	0.8687199999999998
PARP15	2.985924
GUSBP1	5.698140000000002
GUSBP3	4.489911999999999
KGFLP1	1.2298039999999997
TRIM24	9.863818
C11orf95	8.715574
C11orf94	0.014379999999999999
C11orf93	2.875258
C11orf92	4.192171999999999
C11orf90	0.016086
THUMPD1	9.483291999999997
WDR35	7.024902
MED22	7.9904139999999995
KYNU	10.550914000000002
CHORDC1	8.218992000000002
PXDNL	0.737064
LHPP	10.763674000000004
MLLT6	9.877808000000002
LOC284749	1.3627680000000004
UVRAG	8.885034
MLLT1	10.082782000000002
MLLT3	5.497897999999999
NUP188	9.084100000000001
PARP12	9.742057999999997
KRT14	1.279296
COPG2	7.325523999999999
GLT8D2	5.397543999999999
GLT8D1	10.478450000000002
MRPS34	10.49797
OR2T10	0.019772
OR2T11	0.0
OR2T12	0.0
LOC100216001	2.9859619999999993
MTO1	9.443363999999997
OR2C1	0.5862079999999998
KERA	0.041508
RUNDC2A	3.0741400000000003
ZNHIT2	8.220336000000001
RPS15AP10	0.7914280000000002
REG1A	0.6645019999999999
REG1B	0.016357999999999998
ZNF284	3.2242359999999994
MRGPRD	0.04333399999999999
MRGPRE	0.023239999999999997
MRGPRF	7.798100000000001
MRGPRG	0.0
GTPBP5	9.626382
GTPBP4	9.271956
GTPBP1	9.980780000000003
DMXL2	8.122513999999997
GTPBP3	7.964776
GTPBP2	8.703952
GTPBP8	6.881968
PCDHA2	0.49136
PCDHA3	1.9165220000000003
HES3	0.0
BPNT1	9.366123999999994
PCDHA7	2.3396880000000007
MLKL	7.0921220000000025
PCDHA5	0.695262
EIF4A1	13.053756
PCDHA8	0.4615579999999999
NPVF	0.0
PARP10	11.126864000000001
C1orf141	0.0
GLT25D2	3.180376000000001
MYOZ3	1.837202
BCL9	7.679212
BCL8	0.9701440000000001
LOC360030	0.0
BCL6	10.237482000000002
OR7G2	0.0
OR7G3	0.0
BCL3	11.135416000000003
BCL2	7.096695999999998
TMEM89	0.031068
MSI2	6.040354
ZNF282	8.856114000000002
BLID	0.082084
TMEM88	5.456375999999999
CDX1	0.745592
POR	14.416879999999999
NPEPL1	8.471668000000003
CDX2	0.36414799999999997
CLMN	10.478048000000001
CDX4	0.0
SGK196	2.985054
LRFN3	7.730204000000003
LRFN2	0.633374
LRFN1	4.945855999999999
LYRM7	8.740368
HNRNPA3P1	5.961495999999998
FAAH2	8.280698
NKX2-2	0.041929999999999995
KLHL21	9.420913999999998
NKX2-1	0.229072
NKX2-6	0.0
ZNF665	2.117796
NKX2-4	0.0
NKX2-5	0.018314
TDRD7	8.431434000000001
NBPF9	7.747621999999999
ZP1	0.07744000000000001
SEMA7A	6.13443
KAT2B	10.444038000000003
KLHL22	8.505014
ZP4	0.0
TRIM21	8.850814000000003
DMXL1	9.224724
OAS1	10.367018
TLE3	9.186830000000002
OAS3	9.368671999999997
OAS2	9.969432
IP6K1	9.276428
NEK9	10.555858
PAG1	8.626386
YAP1	10.63562
STK11IP	7.190112000000002
TSLP	7.895276
NBPF4	0.29610400000000003
FBXL8	5.912999999999999
SPAG11B	0.0
MTM1	9.1148
SNORA2B	0.0
PLEKHB1	6.362970000000001
TRIM22	9.875722
OASL	9.223394
CCIN	0.41699200000000003
CSNK1G2	9.697585999999998
CSNK1G3	9.310770000000002
CSNK1G1	7.445181999999996
SERPINB1	9.939572000000002
ANKK1	1.4461620000000004
SERPINB3	0.35709199999999996
SERPINB2	1.2050039999999997
SERPINB5	0.934118
SERPINB4	0.154004
SERPINB7	0.18626600000000004
SERPINB6	10.421758000000002
OR9Q2	0.0
FAM76B	7.917932
FAM76A	7.210449999999998
OR9Q1	0.019772
PCGF5	10.979524000000001
CX3CR1	5.9210460000000005
LOC613037	2.027844
MAGED1	11.766716
MAGED2	10.919388
C6orf64	8.509832
MAGED4	3.359932
C6orf62	11.307065999999999
ATP8B3	4.555941999999999
C18orf10	8.867843999999998
ATP8B1	9.472427999999999
TAF10	9.895137999999998
EXD3	7.1459399999999995
EXD2	8.256943999999999
EXD1	0.138698
ATP8B4	6.7311320000000014
DTHD1	1.671764
STC1	6.759486000000001
STC2	4.63163
ELP4	7.701284
ELP3	9.794023999999999
CCDC81	1.738028
TRIM58	3.3015540000000003
ASPHD2	4.195132
C22orf41	2.1662000000000003
C22orf46	7.949745999999999
DES	5.09974
FBXL4	8.630049999999995
DPPA2	0.054894
DPPA3	0.029016
DEK	10.725739999999998
SPRYD4	11.703690000000002
FBXL7	6.489955999999999
DPPA4	3.3497779999999993
DPPA5	0.018302
KLHDC4	8.522072000000001
C22orf45	8.828202
KLHDC2	10.900281999999999
KLHDC3	11.22076
TLR10	3.3646100000000003
KLHDC1	5.231908
LRP5L	6.348027999999999
NIPSNAP3A	9.860511999999998
UBAP1	10.823154000000002
TRIM56	7.347912
DPCR1	2.413266
ASXL1	9.772242
POLK	8.373332
ASXL3	4.275332000000001
ASXL2	7.628716000000001
PAR5	2.535364
HDDC2	8.190081999999999
HDDC3	8.771864
ZBTB39	6.894988000000001
ZBTB38	10.322536
NIPSNAP3B	4.498582000000002
HTR2A	0.8460859999999998
TRIM53	0.0218
HTR2C	0.15469600000000003
HTR2B	5.934266
C1orf131	7.678914
C1orf130	7.30305
C1orf133	0.9730959999999998
GBA3	11.575353999999999
DDX60L	8.745719999999999
ZBTB34	7.0661260000000015
ZBTB37	4.631530000000001
C8orf22	0.308682
KLHL36	8.344024
SPATA12	0.8902580000000002
DKFZP686I15217	3.673292
KLHL35	0.922472
KLHL32	4.162010000000001
KLHL33	0.7305200000000001
KLHL30	2.01368
KLHL31	3.275336
TMEM92	7.7949259999999985
TAB2	11.123981999999998
SPATA19	0.0
AGAP11	2.499288000000001
SGTB	6.674848
TMEM97	11.096353999999998
KLHL38	0.321584
SGTA	10.758707999999997
KIAA0895	7.4913940000000006
EIF1B	9.912522
TRIM48	0.0
KIAA0892	9.267357999999996
MTNR1B	0.019772
SS18	10.670824000000003
TRIM44	9.75535
GBAS	8.160959999999998
TRIM42	0.0
TLR8	5.452618
TRIM40	1.235776
TRIM41	9.463239999999999
IVD	13.236674
TBPL2	0.0
FXC1	9.336305999999995
MRPS36	9.46225
PEX5	10.604920000000002
EXOC3L	6.386830000000001
PEX6	10.045956
IVL	0.264216
REG4	1.7309759999999996
SCN3A	2.5243039999999994
TRAF6	7.342894
NRD1	11.506803999999997
SCN3B	2.10514
ESAM	8.889618
PPP2R1A	11.95558
NECAB1	4.09702
REV1	8.826671999999999
TFPT	7.806382
ERMN	2.1499639999999998
HIF1AN	8.876044
ACE	6.534760000000001
ACD	7.6351819999999995
ATP5S	6.941762000000001
SEPT7L	0.38872800000000013
NEB	5.07688
STIM1	10.976679999999996
ACR	3.0558119999999995
ATP5I	11.365998000000001
ATP5H	11.938068000000005
ATP5O	11.951516
ME3	5.921676
DIO3OS	3.6445760000000003
ATP5B	14.117528000000002
GNAI2	12.692244000000006
GNAI3	10.736835999999998
ATP5E	12.227585999999999
ATP5D	11.509378000000002
GPR144	0.0
LOC728989	2.378504
GPR146	9.456589999999998
LOC154449	0.19608799999999998
GPR141	1.0587899999999997
GPR142	0.530436
GPR143	5.045093999999999
AURKAIP1	11.59213
PBX2	9.835588000000001
SLC7A9	8.933646000000001
AFMID	11.580806000000003
GPR149	0.040732
NCRNA00204B	2.319526
HLA-C	14.335316
PCDHB10	3.268934
LOC90834	2.5244899999999997
SLC7A7	8.322044000000002
CITED2	10.806690000000001
CITED1	1.2671160000000001
SLC7A4	3.7212360000000007
CITED4	9.464143999999997
DAGLA	5.3235339999999995
ST6GALNAC6	11.090869999999997
DAGLB	8.873978
PFDN5	12.039664
PFDN4	7.535718
PFDN6	9.469654000000002
MTHFR	8.456274
HLA-G	5.895565999999999
SP7	0.05612
OGT	10.132166000000002
MAGEA11	0.061068
SLC7A3	0.08083800000000001
TMEM35	0.8362919999999999
GAGE12J	0.019054
DTNB	7.2653919999999985
NFKBID	3.445824
LOC339290	9.523738000000002
DTNA	6.2753359999999985
ACHE	5.628322000000001
PRB2	0.05297399999999999
NFKBIE	8.577786000000001
GAGE12D	0.0
GAGE12F	0.0
TAB1	9.287308000000001
LOC729176	4.556023999999999
CSNK1A1L	0.7783739999999999
PRPF39	7.661941999999999
UBXN7	6.697146000000001
HIRA	9.586925999999998
RIN1	5.595382
TBC1D9B	11.520003999999995
RIN3	9.774522000000001
RIN2	8.502096
GDA	10.930366
NCCRP1	1.2697040000000002
WWOX	8.445575999999999
OTOL1	0.0
NSUN3	6.445716
CSNK1A1P	2.0686579999999997
RNH1	11.722197999999999
RPS13	12.747221999999999
CLPX	10.879750000000001
RPS11	13.970346000000001
RPS10	12.080491999999998
RPS17	13.264418
LALBA	0.0
RPS15	11.934510000000003
CXADRP2	0.6159879999999999
CLPP	10.491019999999999
CLPS	0.0
RPS18	13.910784
LAMA2	8.487744
LOC100128164	0.5051019999999999
SLC16A4	7.918586000000001
RIPK1	10.241825999999998
LATS2	9.283494000000001
LATS1	7.266915999999997
DDOST	11.938892000000001
ODZ3	4.67848
ODZ2	6.73483
ODZ1	7.336581999999998
SPRR1A	0.6527040000000001
CLPB	9.378546
PUSL1	7.393178000000001
AACSL	0.083964
SRCIN1	7.578785999999999
LAMA5	9.510599999999998
TUBG1	9.012658000000002
C2orf27A	2.395402
CRABP1	0.022316
CRABP2	3.5122160000000013
C2orf27B	0.028854
C7orf72	0.0
C7orf71	0.028026
C7orf70	7.596347999999998
PLCXD3	6.919342000000001
PLCXD2	4.79336
PLCXD1	8.691074
POM121L2	0.013438
LOC646471	5.357873999999998
LOC643486	0.073566
LOC643955	0.0
ZNF417	6.3389679999999995
LOC401463	1.3335919999999999
TSSC4	9.366788000000001
LOC202181	3.8585680000000027
HILS1	0.06726
TSSC1	8.418182
RRAGD	8.694854
GLIPR2	7.515404
RRAGC	7.31924
GLIPR1	7.750799999999997
PRAMEF3	0.0
GOLGA8DP	0.06895
TLR3	7.903805999999999
SSSCA1	8.57423
POU4F1	1.045204
POU4F2	0.017891999999999998
GGT1	11.006861999999998
GGT6	5.103352
GGT7	8.495185999999999
MCOLN3	2.764342000000001
FBF1	4.519387999999999
RASA4	6.316025999999999
HM13	11.806308
RASA2	5.174570000000001
FAM75A5	0.0
ACTN3	0.5850860000000001
CCDC144NL	0.07547000000000001
ACTN1	11.681571999999994
PTCH1	7.686964000000001
NGFRAP1	10.366397999999998
HAUS8	6.637712000000001
PTPRQ	1.3515100000000002
ACTN4	12.668289999999997
CLP1	8.11659
PRAMEF8	1.2222680000000004
EZR	11.422065999999996
LILRP2	0.20055999999999993
PTPRG	8.106576
PLAC9	5.547826
GEFT	6.0511159999999995
PTPRD	8.553211999999998
PTPRC	9.136595999999999
PTPRB	9.774504
PTPRA	9.915985999999998
HAUS7	7.929272000000002
PTPRO	4.85831
PTPRN	0.23968799999999998
PTPRM	9.291618
DTWD2	7.678502
LOC100128977	0.013897999999999999
DTWD1	7.6563899999999965
LASS1	1.1103479999999997
LASS2	14.201068
IFT27	8.59692
IFT20	8.958065999999999
CPM	10.593634000000002
LASS6	8.778758
CPO	1.3923
LOC25845	7.421898
KBTBD13	0.019066
CPD	11.365076000000004
CPE	9.079646
TCN1	1.9473600000000002
LOC84740	1.061854
CPZ	5.812965999999999
GAPVD1	9.403066
YIPF6	8.406391999999999
?|404770	0.0
RPL7L1	9.678262
CYP46A1	4.133558
PPY2	0.031048
AQPEP	0.7616040000000001
MRPL41	11.030833999999997
N6AMT2	7.420558
RTN4R	7.399371999999999
DMPK	7.490665999999997
RAD9B	4.209536
UBXN8	9.473527999999998
BANK1	2.856854
WASF3	8.112894
SIRPG	3.9435579999999986
PRSS36	5.342733999999999
DOC2A	1.6211820000000003
OR5J2	0.0
LOC127841	0.388674
DOC2B	1.1711820000000002
PRSS35	3.400541999999999
PWRN2	0.039658
TAF1B	6.603975999999999
MUTED	8.327376000000001
RNASEH1	7.683243999999999
DMP1	0.0667
GPR151	0.017254000000000002
RRP7A	9.649173999999999
RPGRIP1	3.8510020000000007
F3	7.046358000000001
ABLIM1	10.529176
MAMSTR	2.432721999999999
ABLIM3	11.617982000000001
ABLIM2	5.325226
PAH	15.050551999999996
SLC30A10	9.581540000000002
GPR156	0.19502399999999998
FAM172A	7.685992000000002
PRSS38	0.023239999999999997
LMTK3	3.723384000000001
GPR155	8.673783999999998
STEAP4	10.047816000000005
F7	12.786596000000001
SNORD114-20	0.0
LOC729082	8.955128
UCP1	0.0
F8	9.668384000000001
PIN1L	0.52491
F9	14.304642000000001
LOC284009	0.24145799999999998
TOP2A	5.388588000000001
RMRP	4.408746000000001
LOC284551	0.7843720000000001
HHIP	7.24772
HMGN5	7.796016
HMGN4	8.965906
HMGN3	10.409640000000001
HMGN2	11.877168
HMGN1	10.331887999999998
NUDT11	1.0316400000000001
GSTZ1	11.879064000000001
MX2	7.070272000000002
RAB6A	11.474887999999998
RAB6B	5.340086
MX1	10.459756
RC3H1	9.496171999999996
LOC646813	0.0
CHL1	4.640966000000001
CRIPT	8.503561999999999
IFIT5	9.259247999999996
TAF1L	3.4431920000000007
IFIT3	9.689522000000002
FAM66D	3.0286780000000006
IFIT1	10.518844
LOC285548	0.017136
LOC728410	0.0
LOC541473	1.522286
DULLARD	10.102142
P2RY10	3.760682000000001
KIAA0368	10.996918000000003
EFTUD2	10.448606000000002
EFTUD1	8.691256000000001
ISG15	10.556177999999997
TOX3	7.538770000000002
TRIM13	8.368057999999998
SNAR-A3	0.0
MAP1LC3A	9.690756
MAP1LC3C	1.3941540000000001
FAM66A	0.13605599999999998
PIM2	8.652548
DAOA	0.0
FBXW8	7.633193999999999
GGTLC1	4.298773999999999
THRB	10.086515999999996
GGTLC2	8.553014
GPS1	11.216363999999997
SLCO1A2	6.083830000000001
BRCC3	8.317963999999998
TWISTNB	8.487950000000001
SNORD115-20	0.0
SNORD115-22	0.0
SNORD115-25	0.0
ZNF346	7.191668
SNORD115-26	0.32529600000000003
GDI2	12.729466000000002
SMAP2	11.305482000000001
GDI1	10.693378000000001
ARL5A	9.797135999999998
CBY1	8.597736000000003
ARL5C	0.06421199999999999
ARL5B	9.280741999999998
SFRS4	10.714037999999999
ADAM5P	0.0
ERLIN1	12.007059999999997
ERLIN2	11.040744
TM9SF1	10.950047999999999
SPG20	9.009994
GABRQ	0.10704600000000002
GABRP	6.227524
APITD1	7.408520000000002
KRT17	3.02163
KRT16	1.3394899999999998
KRT15	1.317828
KIAA1107	5.620682
KRT13	1.1571
KRT12	0.051822
OR2G2	0.019772
KRT10	8.433501999999999
GABRE	5.362263999999999
GABRD	1.904578
CRIP1	7.252457999999999
WDR38	0.065354
CRIP3	5.092870000000001
CRIP2	10.149912000000002
SEC22C	8.332743999999998
PCYT1B	2.107984
GIGYF1	9.501116000000003
GIGYF2	9.810462
WISP3	1.002508
NBPF7	0.526702
NBPF6	0.0
TLE1	10.802194000000002
MIA2	8.412162
NBPF3	4.791771999999999
NAPEPLD	8.94495
NBPF1	8.098053999999998
TLE4	7.833483999999999
SPTA1	0.918014
SLC26A8	1.5007020000000002
HGSNAT	10.681546
MTFR1	9.925948
PLP1	3.1290980000000004
PLP2	8.241802000000002
THSD1P1	5.681941999999999
CDC6	4.508076
CDC7	4.410458
CLEC5A	3.25309
TM9SF3	12.179333999999999
FCAMR	7.270454000000002
CRYZL1	7.817852000000001
LOC100270804	2.0471440000000003
SERF2	13.469748000000003
HIST1H2BI	0.0
PCDHB13	4.724550000000001
OR4L1	0.0
PCDHB11	2.57637
MSLNL	0.0
PCDHB17	0.7430179999999998
PCDHB16	5.04987
PCDHB15	4.533992
HS2ST1	9.851121999999998
TRIM36	3.401108000000001
PCDHB18	1.895856
C10orf10	12.651855999999999
C10orf11	7.679400000000002
C10orf12	5.903633999999999
N4BP2	7.374664000000001
SPATS2L	11.632707999999997
SRPX2	5.8458820000000005
C10orf18	9.333491999999998
NAT2	10.436927999999998
NAT1	7.998022000000001
NAT6	7.348462
USP6NL	9.530337999999995
SNORD114-29	0.0
SIGLEC6	1.0302200000000001
SMOC1	11.961433999999999
GLO1	11.718204
TMIE	3.782539999999999
FAM41C	2.827133999999999
TNFAIP8	7.442431999999999
FAIM2	1.5577520000000005
FAIM3	6.822572000000001
EEF1DP3	1.431902
SNORA27	0.0968
ZNRD1	8.282221999999996
NR4A1	11.561321999999997
ZNF385D	0.8985159999999998
SDC1	14.712954
MFSD6L	2.02265
CCBL1	8.124535999999999
PTPRS	8.874742
CCBL2	8.888768000000004
KCNC4	5.786776
FABP12	0.019814000000000002
SDC3	10.886763999999998
COX5A	11.337008000000003
COX5B	11.933936
KCNC3	6.664815999999999
WDR11	9.83941
TH1L	10.646106
KIAA2022	1.3500800000000004
PGM5P2	1.205184
KIAA2026	8.386888
LOC401588	5.6737220000000015
CPSF7	10.23949
CPSF6	9.493836000000002
GRIA2	0.21290800000000001
CPSF4	8.404618
CPSF3	9.097009999999997
CPSF2	9.740376
CPSF1	10.284409999999998
LOC257358	0.729032
OR1A1	0.0
NMT1	11.356309999999999
IFT81	6.286877999999998
MAD1L1	8.823919999999998
SIGLEC1	9.175372
OR3A4	0.0
ACAA2	14.548722
ACAA1	14.209768000000002
HTT	10.403565999999998
OR3A1	0.069392
OR3A2	0.10324
OR3A3	0.080318
SIPA1L1	9.706959999999999
APCS	15.586023999999998
FAM100B	9.381256
SIPA1L2	8.377060000000002
WHSC1	8.680647999999998
INPP4B	4.064730000000001
TTLL5	7.456483999999998
TTLL4	7.682488000000002
TTLL7	4.0372140000000005
LTBP4	10.669462
LTBP3	11.152821999999999
ARIH2	10.025269999999997
ARIH1	10.212045999999997
TTLL2	4.412792
AGPAT3	11.946596
RNPC3	5.566976000000002
TTLL9	1.7467820000000005
QKI	10.949156
ZNF324	6.65382
TEX28	0.0
VPS35	10.229598000000005
PSIMCT-1	2.502842
SUFU	8.440919999999997
APC2	1.8850840000000002
PLA2G4A	4.815474
PLA2G4F	0.39747600000000005
PLA2G4E	0.11299200000000001
PLA2G4D	0.074298
CRAT	12.593578
OR8H1	0.01291
OR8H2	0.0
IPO5	11.26298
SLC35F1	1.7694259999999997
LRWD1	8.855322
SLC35F3	1.6039720000000006
SLC35F2	4.467976
MBD5	6.712210000000002
MBD4	9.656011999999999
?|653553	7.498813999999999
MBD6	10.105917999999999
LOC286094	0.0
MBD3	11.077321999999997
MBD2	10.02713
CMTM2	2.182466
CMTM3	8.088264
CMTM1	4.024786000000001
CMTM6	12.084811999999998
DEC1	0.0
CMTM4	6.995044000000002
CMTM5	0.9834099999999999
LOC653566	10.779619999999998
TSPAN19	0.0
COL11A1	1.1498499999999998
COL11A2	3.681174
TSPAN10	3.8606040000000004
SLC17A8	3.716128000000001
TSPAN12	9.768298
TSPAN13	9.440328000000001
TSPAN14	10.309069999999998
TSPAN15	7.424232000000002
TSPAN16	0.021259999999999998
SFTPA2	0.5771359999999999
REXO1	9.460494000000004
HEPACAM2	0.348018
REXO2	9.422272
FAM13A	10.915006
REXO4	9.020332000000002
SLC25A19	6.875178
SLC15A3	9.381951999999997
SLC25A17	9.246206
SLC25A16	8.762228
KIAA1429	9.822058
SLC25A14	6.051046000000001
CAMLG	9.21277
SLC25A12	6.031002000000001
SLC25A11	10.804628000000001
CHRFAM7A	1.366746
LOC100133161	3.4456340000000005
LMCD1	7.831867999999998
TUBA3C	0.41734799999999994
TUBA3E	1.456994
SMCHD1	8.938839999999999
RNF216	9.337146
LOC340074	0.017254000000000002
ZNF321	3.6499320000000024
USP29	0.0
ZNF676	1.186616
TTC23	8.188076
CCDC14	7.75283
EAF1	9.904550000000002
EAF2	4.973018
CCDC17	3.4376639999999994
LAD1	9.780452000000002
CCDC11	1.6548980000000002
CCDC12	9.358988000000002
CCDC13	2.9228479999999992
NUP107	8.494933999999999
CCDC18	4.894024
CCDC19	1.4771279999999998
SRA1	9.856696000000003
RBPJL	0.055952
TMUB1	10.453427999999999
ZNF320	6.012955999999998
TMUB2	9.491762
ZNF649	6.743257999999997
JAZF1	8.819056
KLRB1	6.903049999999999
FLJ45983	0.557416
?|10357	6.703210000000001
KIAA1644	3.6047799999999994
FAM100A	10.252830000000001
SIPA1L3	8.115955999999999
SYNCRIP	11.334773999999996
HSD17B3	3.5458440000000007
RBM46	1.4319500000000003
TRIM34	6.669028
ALDH1L2	3.6123239999999996
ALDH1L1	14.330838000000002
ZNF280D	8.910809999999998
ZNF280C	5.101150000000001
ZNF280B	2.460968
ZNF280A	0.03737
GK3P	6.878261999999998
GNG7	7.846272
GNG4	1.6646579999999997
GNG5	11.092173999999998
DBF4	6.142973999999997
GNG3	1.9818240000000003
VIT	0.28642199999999995
MMAA	10.01769
MMAB	11.390653999999994
GNG8	0.098134
RAB19	1.064926
SLC17A4	9.764866000000001
ALG8	10.013117999999999
ALG9	9.244377999999998
PARN	9.638575999999997
FUS	11.039528
USP6	4.820376
GTPBP10	8.636716
ALG2	10.254596000000001
ALG3	10.446550000000002
TMEM17	5.474710000000001
ALG1	9.371182
ALG6	7.864522000000001
ALG5	9.871032
TMEM88B	0.054036
UBE2MP1	5.949600000000003
PI4KA	10.500996000000002
TTLL6	1.2703559999999998
SMARCE1	10.663590000000001
PDXP	10.705801999999998
COX6B1	12.141277999999998
COX6B2	0.42255
STAM	8.074250000000001
FUK	8.872961999999996
LTBP2	8.004249999999999
KIAA1683	6.186688
KIAA1324L	5.097049999999999
LTBP1	9.845858000000002
TTC14	8.272992
CCNE2	4.367396
HAR1B	1.876592
HAR1A	3.557858
CCNE1	3.1616640000000005
MAGEL2	1.5631400000000002
INSL3	1.109112
CLDN8	1.1958180000000005
CLDN9	5.673316
FIG4	7.852772
NOSIP	9.774068000000003
GCC2	9.229536000000003
GCC1	9.390018
TBC1D8B	8.328818
CLDN1	13.643915999999999
CLDN2	11.258394000000001
CLDN3	9.805687999999998
CLDN4	7.902201999999999
CLDN5	8.677071999999999
CLDN6	0.956306
CLDN7	8.851899999999997
FIGF	3.918327999999999
RASGEF1B	9.959206
RASGEF1A	3.1429199999999993
C6orf168	1.1811040000000002
FIGN	6.151793999999999
LGALS7B	0.233668
TBC1D19	4.902896000000001
RTN1	5.265644000000001
MAGEB2	0.046894
MAGEB3	0.039726
UQCRFS1	11.585674000000001
MAGEB1	0.040732
CYTL1	1.2189360000000002
MPHOSPH10	9.530694
MAGEB4	0.0
OR6A2	0.0
RTN3	11.627581999999995
KIAA0114	8.607038
MRFAP1	12.767744
SERPIND1	15.156402000000003
IRF3	9.836722000000002
C6orf48	9.401844
IRF1	10.764539999999997
LOC374491	0.6865199999999999
IRF7	10.058216000000002
IRF6	9.259958
IRF5	7.606142000000002
IRF4	6.07459
C6orf41	3.344904000000001
IRF9	10.420853999999999
IRF8	10.082714
FAM78A	6.597824
C6orf47	8.942295999999997
FAM78B	4.034268
LY75	6.1789380000000005
CLUL1	0.8075179999999998
SNX29	7.5851
SMPD1	11.598168000000003
SNX22	7.776050000000001
CLK1	10.192776000000002
CLK2	8.557884
CLK3	9.361078000000001
CLK4	8.218351999999998
SNX27	9.35374
SNX24	7.577914000000001
SNX25	8.246366000000002
CSF2RB	6.702662000000001
SGCD	6.465613999999999
NPEPPS	9.745311999999998
INMT	10.209000000000001
MRPL24	10.994941999999996
GPER	9.286876000000003
ONECUT2	10.387707999999998
ONECUT1	6.81841
PIGT	11.168700000000001
LAMB2L	2.3467320000000003
METT11D1	9.256896000000001
SLBP	9.24395
KIAA1586	6.719958
C16orf70	10.641124000000005
PANX2	8.331660000000001
LOC388588	6.573711999999998
PARP4	10.364662
FECH	10.17721
MRPL20	10.925561999999996
U2AF1L4	6.83373
PTPRE	7.281516
POLR2H	9.457338
ZBTB10	9.384682000000003
LOC90784	6.724934000000001
MRPL23	10.150808
MRPL22	9.244388
RCOR1	9.175938
TEX101	0.033682
ADAP1	7.029579999999998
C3orf64	7.086608
TMEM150C	7.856207999999998
ADAP2	7.989832
ZNF641	6.217062000000001
C1orf159	6.623543999999999
C1orf158	0.023239999999999997
C1orf157	0.120552
C1orf156	6.5466820000000014
DDX19B	10.274933999999998
SPATA13	8.25128
C3orf66	0.6520980000000001
C1orf151	9.727102
C1orf150	0.686474
KLHL10	1.1826980000000002
ACVR2A	8.571362
ACVR2B	7.968103999999999
C4orf22	0.05727
KLHL14	1.7528779999999997
KLHL15	9.554560000000002
C7orf69	0.10182600000000001
KLHL18	7.535666000000001
GAB2	8.005741999999996
WDR16	0.5158219999999999
DAB2IP	9.191308
GAB3	5.785403999999999
TRIM68	7.574687999999998
TRIM69	3.80105
TAAR8	0.0
OR8H3	0.0
MTOR	10.43319
C4orf27	8.259242000000002
UNG	9.901561999999998
TRIM60	0.014702
TRIM61	1.489216
TRIM62	5.9874279999999995
C4orf26	0.191536
TRIM64	0.0
ST6GAL1	14.938957999999998
TRIM66	6.760064
TRIM67	2.2177639999999994
HABP4	8.425227999999997
SNRNP70	10.863336000000002
OMG	0.8195120000000001
ITK	5.94936
OMD	4.0447380000000015
ZNF664	10.939042000000002
DMRTB1	0.0
C2orf63	3.7670880000000007
C2orf62	1.3710999999999995
C2orf61	0.139312
C2orf60	7.5424380000000015
C2orf67	8.437171999999999
C2orf66	0.19033799999999995
C2orf65	1.4675319999999998
C2orf64	9.287224
ZNF853	5.215096000000001
C2orf69	8.540504000000002
C2orf68	9.255926000000002
NPTX2	5.419434000000001
NKD1	5.029316000000001
NAGPA	8.35606
NPTX1	0.7410380000000001
FLJ45340	8.428212
RAB10	11.014676
LOC647121	6.357511999999999
SLU7	9.529652
LOC100133985	5.582986
TPPP3	7.035944000000001
IER2	12.170853999999997
NDRG1	11.403628
SC4MOL	13.323278000000002
LRRC8A	10.832634
PRCD	3.0471179999999993
HIP1	8.967227999999999
NDRG2	13.688336
FAM192A	9.733241999999999
SHE	8.038249999999998
C13orf33	4.292914
SERTAD1	9.931467999999999
C13orf31	7.654006000000001
C13orf30	0.053281999999999996
C13orf37	7.009866
C13orf36	0.052162
C13orf35	0.22679
C13orf34	5.162706000000001
ZSCAN1	0.604836
C13orf39	0.022514
C13orf38	0.133446
CMTM8	9.216465999999999
NPTXR	6.046232
LOC728190	6.777095999999999
ZNF469	5.289092
SPATA17	0.8375520000000001
LOC100130987	1.8853999999999997
TCP11	1.099494
MBD1	9.680690000000002
GIN1	6.799541999999999
SLMAP	9.222939999999998
TTPA	9.878348
TFAP4	7.052224
RRN3P1	5.299706000000001
SND1	12.244378000000001
KLKB1	12.804632000000002
PAQR5	6.139882
SNORD116-20	1.234838
SUPV3L1	9.533076000000001
PYDC2	0.0
PYDC1	0.08109400000000001
RDX	11.383126000000003
CYBB	9.314587999999997
SLN	0.087378
CYBA	9.922296000000003
CEACAM19	6.27364
CEACAM18	0.013897999999999999
LMAN1L	0.049567999999999994
HMHA1	8.976709999999997
CEACAM16	0.308708
CTNS	8.759770000000001
CIDEC	4.793608000000001
DHCR24	15.330927999999998
KY	0.621398
PRCP	11.674518000000003
PPM1A	11.014938000000003
RAB15	8.886608
NOTCH4	8.408807999999999
PHGR1	0.6171760000000001
MEAF6	10.168577999999997
MSMP	3.7037659999999994
AZIN1	11.532456
LCA5	5.183788000000001
NOTCH2	11.047414000000003
CMTM7	7.580156000000001
FAM126B	8.713686000000001
EGR3	6.709396000000001
ZNF655	9.583806000000001
TCTEX1D2	4.417442
TCTEX1D1	6.321659999999998
MLPH	9.442962
PPM1M	7.735293999999998
ZNF653	6.9727039999999985
TCTEX1D4	2.300766
HSF1	10.415639999999998
TRMT112	10.985262
FGFRL1	10.925063999999997
HSF2	6.7825560000000005
CRLF2	0.178144
CRLF3	7.176591999999999
RNF14	10.22032
CRLF1	1.98047
NISCH	10.018419999999999
PRPF4B	9.800302000000002
C7orf55	9.592515999999996
C7orf54	0.8663259999999997
C7orf57	0.220182
N4BP2L2	9.684078000000001
C7orf51	3.067468
C7orf50	9.794393999999999
C7orf53	3.907854
C7orf52	0.5332619999999999
RNF175	2.2985559999999996
C7orf59	10.130087999999999
C7orf58	10.208962
NUDT13	6.9292880000000014
TPTE2	0.16543599999999997
RNF130	12.251288000000002
PRSS50	2.2824219999999995
ZNF384	8.989582000000002
PRHOXNB	0.0
POC1A	6.898473999999998
C1RL	13.328845999999997
RAPH1	11.485982
TAOK1	6.724104
VPS39	9.761838000000001
PARK7	12.423062
NAALAD2	3.765378
RORB	0.82994
RORA	10.549746
PARK2	5.978752000000001
ZNF479	0.0
RNF133	0.4653320000000001
MST1P2	10.345203999999997
SYS1-DBNDD2	3.488446
STXBP5L	0.076764
ZNF471	5.23139
ZNF470	7.280768000000002
ZNF473	7.029502000000001
DMTF1	8.043802000000003
MST1P9	8.766222000000003
GUSB	12.346111999999998
PRSS53	6.5191120000000025
SCARF1	7.980368000000001
TELO2	8.862010000000003
HLA-DQB2	5.01583
KRTAP3-2	0.0
KRTAP3-3	0.01291
KRTAP3-1	0.0
JMJD4	8.849604000000001
RNF139	9.954613999999998
MDM1	6.436168
MDM2	11.292084
SEP15	11.550613999999998
MDM4	8.49721
ROR2	4.66442
ROR1	2.9569879999999995
LOC285375	0.0
LOC285370	0.0
SNRPD2	10.63836
SNRPD1	8.767764
NR1D2	10.122685999999998
SLTM	10.484156
SFI1	6.889833999999999
LOC646982	1.8584680000000007
CPB2	14.752422000000001
CPB1	2.1188159999999994
KIT	5.3189600000000015
KPNA7	2.1874839999999995
KPNA6	10.434654
KPNA5	4.109062
KPNA4	10.180612000000002
KPNA3	10.016594
KIN	7.26596
EDAR	4.727682
ZNF397OS	6.922033999999997
PKP3	4.03534
TTC30A	7.0152139999999985
CRP	15.35439
WDR90	7.445331999999997
IFT46	8.466834
PAR4	0.154762
SPATA18	7.789147999999998
UNC119B	7.340260000000001
CRX	0.6631520000000001
SLC25A18	10.926351999999998
OR6S1	0.017294
ZNF749	5.012681999999999
FRS3	5.941735999999999
FRS2	8.907368
GOLT1B	9.359035999999998
GOLT1A	11.440797999999997
CRK	9.924199999999995
CRH	0.033148
TTC30B	5.980642
SLC25A15	12.153206000000003
RPS16	13.495446000000001
TNFRSF19	5.653298000000001
OR6C75	0.0
GLDN	2.9542200000000007
CHODL	0.985072
GLDC	11.744522000000002
TRMT2B	7.472287999999999
QPCT	4.944609999999998
PC	13.488368000000001
FOXC2	1.3369760000000006
CASP9	8.487423999999999
B4GALT1	12.706177999999998
B4GALT3	9.195864000000002
B4GALT2	9.786922000000002
B4GALT5	10.579705999999998
B4GALT4	8.834956
B4GALT7	8.908778
B4GALT6	5.913963999999998
FCN3	11.836306000000002
FCN2	10.510818000000002
FCN1	6.757729999999998
ROMO1	10.269339999999998
OR5L1	0.0
DHRS11	8.158966
DHRS12	9.179758
DHRS13	7.3648599999999975
SGOL1	2.3272060000000008
SGOL2	4.171202
FOXC1	5.750935999999999
LOC285954	1.8082900000000004
TBC1D13	8.854460000000003
GPR89B	4.443175999999999
GPR89C	6.499935999999999
GPR89A	9.749387999999996
RFX1	8.26615
CR2	1.8197480000000001
ASPSCR1	9.91187
CR1	6.484652000000002
TNFRSF1B	10.954423999999996
WDR19	8.269660000000002
LGMN	11.797047999999997
TNFRSF1A	12.541386000000003
FAM174B	7.479073999999998
FAM174A	8.631303999999998
CYP19A1	0.4832660000000001
PTPN9	9.661464
TBC1D17	10.120963999999997
SPRN	6.635548
PPP1R9B	9.703978
LOC284023	4.014672
SULT2B1	2.3843599999999996
L1CAM	3.9239340000000005
GPD1L	6.971337999999999
TBC1D15	10.291604
RFX2	6.345032
POLR2J2	6.801264000000001
POLR2J3	8.630405999999999
C6orf217	1.4716240000000005
VMAC	5.656099999999999
C6orf211	9.767374000000002
PAX2	1.1140900000000002
ZNF419	6.458707999999999
C6orf218	0.074616
PTPN3	11.149434000000001
SIGMAR1	12.446148000000003
CAPS2	4.041652000000001
GCFC1	8.357482
ZNF671	5.879665999999999
ARNTL2	5.278337999999999
PTH2	0.0
EHMT1	9.88389
EHMT2	9.080534
ADIPOR2	12.340018
CCDC15	4.76195
WDR83	7.205641999999999
PTPN7	5.933454
HPRT1	9.759145999999996
PTPN6	9.827867999999999
MARK4	9.236269999999998
FOSL1	5.747601999999998
MARK1	3.907554
MARK2	9.090308
FOSL2	9.654258000000002
GRK1	0.0
RG9MTD1	9.232338
MCOLN2	3.321106
S100A4	8.343658
RPPH1	5.781967999999998
FOXF1	6.796524000000001
IGBP1	9.425311999999998
NUP54	8.969118
CD63	13.357104000000001
FOXF2	1.55941
SERPINA1	20.131216
NDUFA13	11.939967999999997
CD69	6.868872
CD68	11.953402
PAGE3	0.0
TPD52L2	10.210514
MAGEB16	0.0
TERF2IP	10.593962000000001
TPD52L1	10.070478
EFCAB10	1.420442
CA5BP	7.152840000000001
S100A7	0.4351480000000001
SLC18A3	0.028854
CELA1	0.37851399999999996
VSX1	0.6485
ISOC2	12.002814
ISOC1	11.254727999999998
HSPA1B	9.978734000000003
CAPSL	0.072996
KRTAP24-1	0.019772
ACTR3C	7.705204000000002
ACTR3B	7.280285999999997
TMEM121	4.775118000000001
WDR12	8.15246
OR7A10	0.031394000000000005
CHRD	9.506344000000002
WDR17	2.729902
OR7A17	0.0
TMEM175	9.510812000000001
ARV1	8.683690000000002
S100A6	9.792774
GABPA	9.522734
PSCA	0.6213960000000001
SPIRE1	7.783014
PF4	1.90861
AOX1	15.592527999999994
LMF1	9.034216
GPR55	2.6600660000000005
JHDM1D	9.480702
PPP1R1C	6.377328000000001
C1orf210	7.158781999999999
C1orf212	10.441743999999998
C1orf213	4.0506079999999995
TIMM9	8.625836
C1orf216	7.592716000000004
SLC16A14	6.027364000000001
PIK3CB	9.273291999999998
NCRNA00230B	1.711102
USP9X	12.085934000000002
USP9Y	4.358566000000001
LRIT1	0.0
WASL	11.009319999999997
PAEP	0.090868
ZMYND11	10.413968
BCL9L	9.407088000000002
ZMYND19	7.842566
ZNF644	9.45485
SHOX	0.10682200000000001
UTRN	10.028256
SLC35B1	10.427142000000003
WASH2P	8.084024
CLEC3B	9.598890000000003
KRT33B	0.0
CGGBP1	10.636277999999997
CLEC3A	0.252168
AMBP	18.2585
ZNF786	6.714646000000001
UFSP1	5.154113999999998
ZFP41	6.6764300000000025
AMBN	0.0
ZFP42	0.0
CARNS1	4.682257999999999
PHGDH	12.334828
HSPA1L	5.24139
VSX2	0.01395
MAD2L1BP	8.894702
HSPB6	9.199782
DGKZ	8.400362
C10orf35	5.52995
C10orf32	10.693767999999999
HSPB3	0.076408
HSPB1	12.159658000000002
PKN1	10.48136
PKN3	6.157802000000001
LRCH3	7.395992
SNORA45	0.0
HSPB8	7.162062000000001
HSPB9	5.970456
NCRNA00157	0.0
TPH1	0.30524999999999997
IDH3B	10.66854
NCRNA00152	5.925520000000001
RHOBTB3	10.451020000000002
RHOBTB1	8.168128000000001
INO80D	8.249460000000001
IL21R	4.5453100000000015
INO80B	8.641434
INO80C	7.94248
NCRNA00158	0.33461000000000013
DIS3L2	8.547852000000002
KIAA0913	10.697878000000001
FAM43B	4.006642
FAM43A	7.3654139999999995
SCGB1C1	0.031568
ZNF784	7.7949399999999995
TEX261	10.918151999999997
PLOD2	11.120566000000004
UTP14C	9.796408
CMPK1	12.801057999999998
LMF2	11.076743999999998
PGA4	1.2497319999999998
CMPK2	7.586741999999998
KCNE2	4.2512
KCNE3	6.634618000000001
FKBP9L	3.928934
KCNE1	4.0475020000000015
FAM124B	4.6007299999999995
ERBB2IP	10.804352000000002
FOXE1	0.6139240000000001
FAM124A	3.9467699999999994
TEX264	10.976560000000006
PTDSS2	8.656706
C5orf27	9.849263999999998
LDLRAD1	0.598572
LDLRAD2	7.217653999999998
DCD	0.0
HPCA	0.36375
TICAM2	5.855967999999998
SELO	11.228802
NCRNA00120	4.625525999999999
A2BP1	0.08911999999999999
CYP2F1	0.06476799999999999
RFTN1	10.024201999999997
HTATIP2	10.798706000000003
LIG4	8.315575999999998
PMS2L5	6.248654
CSNK1D	11.106130000000002
CSNK1E	9.408198
LIG1	8.386482000000003
PMS2L2	5.854613999999999
BDP1	8.767808
DEFB134	0.0
DEFB135	0.014702
DEFB136	0.0
DEFB130	0.0
DEFB131	0.0
DEFB132	2.214072
IREB2	10.162413999999997
ISCU	10.875103999999999
MRS2P2	1.5273379999999994
ZNF789	5.237622000000001
EHBP1L1	9.12498
ALS2CR8	6.141730000000001
FNTB	8.486610000000002
BOLL	0.12768
SNORD29	0.0
TPSD1	1.528988
UMODL1	0.718858
ADAMTS20	0.017118
NKX6-2	0.0
ALS2CR4	6.796188
C15orf55	0.093292
AFARP1	3.5487919999999997
DPY19L2P4	0.21028199999999997
EVI5L	7.534400000000001
CRCP	10.031986
DGKA	6.453702000000002
KCTD17	6.309021999999999
DPY19L2P1	0.27095600000000003
CSPG4	5.87158
CSPG5	2.5011639999999993
KRTAP10-7	0.013712
KRTAP10-6	0.180852
KCTD19	0.3231880000000001
KCTD18	8.281246000000001
KRTAP10-3	0.0
KRTAP10-2	0.0
KRTAP10-1	0.0
TNFSF13B	5.060537999999999
ZKSCAN3	5.094501999999999
ZKSCAN2	7.231746
ZKSCAN5	7.61058
ZKSCAN4	5.738308000000002
LOC100240726	0.5186900000000001
THEM5	1.038306
KIAA1409	2.0851300000000004
LOC100132724	0.876744
FPGS	10.880892000000001
GLIS2	7.291869999999999
GLIS3	7.826891999999999
GLIS1	1.096542
H6PD	12.414783999999997
FNBP4	8.959296000000002
CYP2S1	5.915804000000001
SLC25A37	8.382569999999998
SLC25A36	6.951735999999998
BCHE	11.802916000000005
DCP1B	7.818951999999999
DCP1A	8.645576
GPBAR1	5.728706
TMEM106B	10.722311999999999
VIM	12.428272
SLC25A39	11.418639999999998
C15orf33	4.269762000000003
TGM5	0.066474
TUBA1C	10.692418
LOC100190940	2.034274
TUBA1A	9.296755999999998
TMEM106A	6.497766000000001
FAM23A	2.2671520000000003
VIP	1.7615519999999998
AJAP1	3.087792000000001
IGSF11	1.0662140000000002
MMEL1	0.8585719999999997
TMEM182	5.82601
TMEM181	9.736241999999999
TMEM180	7.169523999999999
TMEM187	8.170696
CHMP5	10.34906
IL10RB	10.039397999999998
GNG2	7.99266
RIBC1	3.161246
TMEM188	7.8768400000000005
PDZD3	1.4393420000000001
SLC7A6	7.580513999999998
FAM102B	7.606070000000001
FAM102A	10.926112
CNTD1	3.728996000000001
PRH1	4.921751999999999
PGBD4	4.6881520000000005
RIMKLA	3.2187800000000006
S100A7L2	0.0
PGBD5	7.751893999999997
SMCR7L	10.321550000000002
PALB2	7.277543999999999
SCGB1A1	0.021834
ZMAT2	10.61165
PGBD3	6.200088000000001
OR7C2	0.0
TAF6	8.983711999999999
TAF5	6.36951
OR7C1	0.03008
TAF3	7.105989999999999
TAF2	8.622528
RNGTT	8.545706000000001
G6PD	7.418754
G6PC	14.469844000000005
OSTCL	2.579874
TAF9	10.169872000000003
ELMO1	9.798889999999998
TSPAN32	3.3657880000000002
TSPAN33	10.541182
TSPAN31	10.224018000000001
ELMO2	8.930094
LOC653544	0.0
LOC653545	0.0
POMT2	7.505925999999999
AIF1	9.111330000000002
USP17	0.0
AGPS	10.282858
ALAD	12.973688000000003
LY6G6D	0.084232
FOSB	11.812195999999997
DKFZp779M0652	6.274436000000001
POM121L8P	0.539188
PPAPDC1B	8.896337999999998
CCNG1	11.446274000000003
CCNG2	7.922886
PDXK	10.520041999999998
LY6G6F	0.253228
SNORA48	0.291408
CNO	7.924021999999997
LRRCC1	6.778684000000001
NPLOC4	10.856211999999998
TMEM86A	7.489815999999999
TMEM86B	10.106195999999997
LGALS13	0.0
FNIP1	9.345438
FNIP2	10.174632
USP19	10.323687999999999
PIK3C2A	9.680398
VSIG8	0.198984
LGALS14	0.0
LOC100130386	0.23431399999999997
GTF2A1L	0.8077180000000002
LOC644172	3.296168
AP2M1	12.165047999999997
OR5K4	0.0
PPIAL4B	0.0
NPM3	7.472044
PDCD6	10.263573999999998
PDCD7	8.176341999999998
PDCD4	10.405202
NPM2	3.7814200000000007
LOC285033	4.201033999999998
TCF21	6.952583999999999
PDCD1	4.062162000000001
UGT3A1	11.044758
PPIAL4G	3.794620000000001
LOC100128023	0.047538
FUZ	7.843321999999998
HDLBP	13.969392000000001
PRKCE	8.249808
PROK2	2.4069
PBLD	12.871573999999995
OR5K1	0.055382
OR6C3	0.0
DSG2	9.937866000000003
ERP44	11.348668000000002
C6orf27	5.248116
C6orf26	4.324492000000001
C6orf25	0.283626
DSG3	0.890938
GCAT	10.719072
GHSR	0.05515
N4BP1	9.5358
TP63	2.857052
HIST2H2AA3	9.117105999999998
VPS26A	9.886176000000003
VPS26B	10.74722
KLRD1	5.49276
ZNF101	5.4646479999999995
PRKCD	8.191054
PGPEP1	10.337984000000004
FLJ39653	4.906814000000001
ZC3H7A	9.425010000000004
SREBF2	11.463479999999999
OR13G1	0.0
SLC29A4	7.094168
OXCT1	5.095796000000002
DSG4	0.499472
OXCT2	3.5348839999999995
SLC48A1	9.148342
TXNDC17	10.06433
STAC	3.8905639999999995
CIC	9.902052
KARS	11.309439999999997
TMEM20	7.238715999999999
RAB39B	2.9376580000000003
KIF16B	8.388474000000002
SSRP1	10.975580000000003
LOC100128292	1.9606980000000005
IL12B	0.640968
IL12A	1.3023819999999997
TMEM26	6.201882000000001
IRAK1BP1	3.6289440000000006
LOC389332	2.0178920000000007
SPINK8	0.016357999999999998
CIT	6.659066000000001
SRF	10.086773999999998
ASAM	2.4597920000000006
TXNDC12	10.649951999999999
WFDC9	0.0
PRO0628	0.2197139999999999
TSSK3	3.782004
C1orf97	7.939059999999999
LOC283392	2.7131879999999997
TRPV3	2.465648000000001
TAF6L	8.896552000000003
C1orf96	6.786272000000001
SNUPN	8.731211999999998
SHPRH	6.509696
DAO	11.356592000000001
TATDN1	7.964178
ST8SIA2	0.340326
FIGLA	0.05557
DAK	12.859812000000002
C1orf175	4.782848
C1orf174	8.670523999999999
C1orf177	2.107488
DAP	12.339675999999999
C1orf170	2.5478300000000003
C1orf173	3.9860299999999995
C1orf172	6.862012000000001
MLANA	1.735306
FOXO3B	8.867734000000002
MTA1	9.273845999999999
MTA2	10.289672000000001
C1orf92	0.3167499999999999
LRP10	11.040249999999999
LRP11	8.849647999999998
LRP12	5.699524
RIMBP3C	0.559446
CUBN	2.6320099999999993
ZNF329	7.876389999999999
GAPDHS	0.45542599999999994
GPC1	10.836826
GPC2	1.0371080000000001
GPC3	7.016642000000002
GPC4	6.785308000000002
GPC5	3.455383999999999
GPC6	10.458344000000004
ZNF485	4.834276
LRFN5	1.291938
HEPH	6.861239999999999
KRTAP15-1	0.0
MTAP	9.256464
C21orf15	1.3857860000000004
BICD1	3.8763759999999996
BBS9	7.152753999999999
SEC22B	10.79912
SEC22A	8.13947
SLC16A10	7.271685999999999
BBS1	8.60331
BBS2	8.641436
BBS5	6.347343999999998
BBS4	7.749970000000002
BBS7	6.075376000000001
KIAA1984	2.76591
ANKDD1A	4.750203999999999
C2orf49	6.367897999999997
C2orf48	0.8922599999999999
INSL4	0.032324
C2orf44	7.079814
C2orf47	10.099269999999997
C2orf40	3.9971639999999997
C2orf43	8.417399999999999
C2orf42	8.297254
OR52B2	0.019054
ELANE	1.2947700000000004
AGL	11.261341999999997
AGK	8.562532000000003
OR52B4	0.012766
NIPA2	9.246758000000002
MGAT4C	1.3433199999999998
CELA2A	0.0
AGA	8.954126
CELA2B	0.014628
C13orf18	5.333951999999999
FAM190A	1.8890900000000002
PDCD11	9.426342
AGT	16.38620399999999
C13orf15	7.548420000000002
PDE9A	7.286281999999997
C13orf16	1.2594940000000006
RAB11A	10.858906
FLJ12825	0.464264
ESPN	11.405082
GPR180	8.678412000000002
PIK3CA	8.147499999999999
GPR182	6.478692
GPR183	7.260234
PIK3CD	7.8855299999999975
PIK3CG	4.76649
ZSWIM4	6.8876800000000005
ZSWIM5	5.4414440000000015
IGF2AS	3.9212439999999997
RAB11B	11.557920000000003
TBCA	10.923212000000001
ZSWIM2	0.0
LOC91450	1.9266820000000002
PRND	0.8934099999999999
TMEM57	11.043713999999998
TMEM54	7.347444000000001
SCLY	10.194108000000002
RER1	12.129323999999999
SCG5	6.299914000000002
TMEM51	7.0295260000000015
FAM59A	7.6587819999999995
MGC15885	0.014314
PAR-SN	5.964749999999999
GSC2	0.0
PLEKHA6	10.579856
FAM84B	9.288263999999998
SNORD16	0.0
POLR3GL	9.986864000000002
FAM84A	5.615478
KCNN3	2.741356
SNORD17	1.8291220000000004
MEG3	5.968203999999999
TAGLN	11.324762
SC65	6.850474000000002
TRAFD1	8.954063999999999
PIK3C3	8.683619999999998
LOC541471	6.0132140000000005
MEG8	0.21866200000000002
PRRG4	8.55996
RPL18	13.398572
ZNF675	4.721736
ZNF674	5.635495999999998
ZNF673	7.538367999999999
ORM1	18.573014000000004
ORM2	16.509733999999998
PRRG3	0.075038
ORC6L	3.1238539999999997
MAX	9.747715999999999
PARP14	11.254531999999994
MAZ	11.239548000000003
ERI2	9.070330000000002
ERI3	9.699967999999998
KTI12	7.539874
ERI1	7.585002
VPS8	8.180108000000004
TUBA1B	12.421378000000002
MAG	2.552894
MAF	10.827931999999999
ACLY	10.216136
MAK	2.3433760000000006
AG2	10.006138
LOC100190986	4.591792
SLC7A5	8.644212000000003
NXF2B	0.0
KRTAP11-1	0.023239999999999997
EVL	10.434826000000001
OR1B1	0.0
ALDH3A2	13.354196000000002
ALDH3A1	5.286110000000001
WFDC1	6.3160599999999985
HAS2AS	0.769966
EDC3	8.530919999999998
MGST1	14.812558000000003
SLC35B4	9.21506
EDC4	9.866545999999998
KRTAP19-5	0.0
ATXN3L	0.0
SEMA4C	9.592724
CSDE1	13.228463999999999
C9orf130	7.090856
BACH2	7.433178000000001
BACH1	10.185177999999997
JAM3	7.390197999999997
SNORD36A	0.0
GMDS	8.655924
LSR	12.770726
LSS	11.124369999999999
RASEF	3.525222000000001
SLC37A3	8.327258000000002
CYTSA	10.134362000000001
CYTSB	5.292421999999999
KCNIP4	2.680142
KCNIP3	4.919134000000001
KCNIP2	3.307654000000001
KCNIP1	1.6506439999999998
LOC388946	0.0
PRSS55	0.10660399999999999
PRSS54	0.08526
ZNF778	5.280081999999998
LOC220594	4.326382
LOC729799	2.4773520000000007
C10orf113	0.039262
HAND1	0.013712
RPL23P8	6.367057999999999
MPV17	8.227098
BYSL	8.477526
LIN28A	0.052236000000000005
FAM136A	9.760331999999998
TMEM102	6.899646000000001
OTUD7B	9.6174
MOGAT2	9.065771999999999
MOGAT3	7.805131999999999
MOGAT1	3.089767999999999
ANAPC1	7.977798000000002
HMCN1	8.090446
ANAPC2	9.909170000000003
ANAPC5	10.994487999999999
ANAPC4	7.9642420000000005
ANAPC7	9.032772000000001
KIR3DX1	0.204392
RPS6KA1	9.043861999999999
RPS6KA2	8.706186
RPS6KA3	11.225235999999995
RPS20	13.748004000000002
OR12D2	0.0
RPS6KA6	2.3820120000000005
SMYD5	8.533318
PISD	9.160702
PSMD14	9.873336000000002
PSMD11	10.065251999999997
PSMD10	8.955128
PSMD13	11.166402
PSMD12	9.951654000000001
HBQ1	0.25793399999999994
FTCD	14.273205999999998
EDIL3	2.4576200000000004
UTP20	8.104881999999998
SENP5	9.193802
MAGEB6	0.0
MINPP1	10.039137999999998
RFPL1S	2.158806
LEUTX	0.031394000000000005
METTL2B	7.757204000000001
GANAB	13.453204000000001
WFDC5	0.171596
SMYD2	9.387545999999997
VAV2	11.187598000000003
SMYD3	6.634778000000001
VAPB	9.922626
VAPA	11.506479999999996
NPHP3	7.286040000000001
MKI67IP	9.160874
NPHP1	3.709484000000001
LOC148824	0.46938
NPHP4	6.113888
SNORD91B	0.0
CTH	11.604746
EXOSC10	9.796828000000003
ARF3	11.160324000000003
ARF1	13.260764000000009
ARF6	11.55213
ARF5	11.358172000000001
ARF4	12.034320000000001
LOC645166	3.3702099999999997
SNN	8.656781999999998
MOBP	0.526316
PTPRCAP	7.346349999999998
C6orf186	2.022678
C6orf182	6.629596
IRF2	9.869314000000001
LOC255025	0.0
MYLK4	4.306214000000001
MYLK2	0.926348
MYLK3	2.685312
RBMY1J	0.0
RGPD1	8.431286
RGPD6	8.514496000000001
PPP2R2C	1.3023539999999998
RGPD4	6.565472
RGPD5	4.903922
MOB2	8.978591999999999
RDM1	0.7178759999999997
RGPD8	0.097274
PQLC3	8.300424
OR10S1	0.0
PQLC1	12.420576000000004
RGS17	0.5242880000000001
RAB11FIP3	9.406538000000005
LOXHD1	0.35519400000000007
RAB11FIP1	9.469654
RAB11FIP5	8.648144
PATL2	3.2136439999999995
TMEM101	9.075396000000001
SLED1	2.3705179999999997
LOC100129550	6.046701999999999
LRRC25	7.822329999999997
FAM176A	11.356606000000001
KLRAQ1	8.764954000000003
FAM176B	6.845366000000001
RAB7A	12.589009999999995
LOC100133469	0.126964
MYL6B	8.254948000000002
SNORD87	0.0
NRN1L	2.453986
SLITRK6	4.330944000000001
IFIH1	9.292104
RNASET2	9.921963999999997
ACTR10	9.530226
HMGB3	10.03501
EEF1A1	16.038942000000002
EEF1A2	4.702068
LRRC20	9.570884
SLITRK4	1.3477960000000002
CHP2	0.187696
ARL11	4.9290660000000015
ARL10	3.3271940000000004
RAB2B	8.239474
SLFN12L	2.4085499999999995
ARL15	7.577903999999998
ARL14	4.170453999999999
ARL16	7.8961760000000005
LOC550112	7.450666
FRRS1	8.61266
SNORD86	0.0
HYALP1	0.0
GCHFR	11.245887999999997
TSPYL5	6.649835999999999
ZNF534	1.787522
RPL7A	13.38167
AASS	11.192726
WDR45L	10.560384
MGC34034	0.0
KIF4B	1.1218460000000001
KIF4A	3.5222899999999995
PEX14	9.884608
CLIP3	6.435686
ACTL7B	0.065332
ACTL7A	0.0
ZSCAN12	6.071373999999999
ETNK2	12.675213999999997
ETNK1	10.383342
CLIP4	7.258592
MNDA	6.534278
LRRC28	9.56191
RABAC1	10.697296
HEXDC	8.688932000000001
DHRS7B	9.265644
AP3B1	9.176826000000002
CD48	7.672333999999999
TRIM65	7.489896
MND1	1.644924
CD44	9.719894
CD47	10.222092
CA14	6.661626
CA13	6.764392
CA12	4.510062
CA11	5.116214
CA10	0.125122
FPGT	8.241636
FGFR1OP	8.540669999999999
VMA21	9.303403999999999
PDX1	4.442832000000001
GCNT1	6.069045999999998
CETN4P	0.838174
MAF1	10.612874000000001
RAB20	10.399271999999998
CALY	0.206036
EIF4E3	9.059456000000003
EIF4E2	10.860392
RAB24	8.572737999999998
RAB25	5.78654
RAB26	8.620337999999999
PIK3C2B	8.066244
GLRA3	0.19748599999999997
GLRA2	0.0
CALR	14.803442
DZIP1L	4.060664000000001
ASAH2B	3.2853220000000003
GLRA4	0.04551600000000001
WDR78	5.096095999999999
RPS29	12.333733999999998
FAR1	7.245608000000001
ACTR1B	10.446992000000002
ACTR1A	10.911624000000002
FAR2	4.562093999999998
WDR70	8.321445999999998
WDR73	7.4172800000000025
CHPF	11.602144
WDR75	8.943261999999999
WDR74	9.640538
WDR77	9.125811999999998
WDR76	4.521814000000001
WNT3A	0.106142
COL23A1	3.933004000000001
TRHDE	4.6162220000000005
SYT15	5.317351999999999
MCF2	0.8765999999999999
NTAN1	9.399618000000002
PPP2R3A	6.02775
NQO2	10.888392
CDO1	13.133852000000001
C1orf230	0.088048
NQO1	6.617217999999999
PRPF8	12.124794000000001
SFMBT2	3.778696000000001
RGS11	3.8620859999999997
LOC572558	0.6416099999999999
FLJ35220	8.120412
NID2	7.569984
PRPF3	8.692316
PRPF4	9.100675999999998
PRPF6	11.230908000000001
FILIP1L	9.191142000000001
TPCN1	9.758875999999999
RUNDC1	7.857302
CD177	1.4035499999999999
PCF11	9.430308
GSTTP1	0.0
GSTTP2	0.0
C5orf48	0.08832799999999999
C5orf49	4.256952000000001
CLEC1B	8.868759999999998
NID1	12.223546
C5orf44	8.462812
C5orf45	7.1019179999999995
C5orf46	0.6316660000000001
C5orf47	0.8215739999999999
C5orf40	0.072116
C5orf41	8.151580000000001
C5orf42	6.619084
C5orf43	10.363986
PABPC3	6.739968
TPCN2	9.045740000000002
IL31RA	0.404678
NCRNA00171	2.8815220000000004
RFFL	10.746698000000002
NCRNA00173	0.5333579999999999
LEFTY2	1.172818
NCRNA00175	0.128702
NCRNA00176	2.2246079999999995
LEFTY1	4.498594000000001
ARRDC4	10.014174000000002
ARRDC5	1.142994
ZWINT	5.857063999999999
ARRDC1	9.602926000000002
ARRDC2	9.300901999999999
ARRDC3	10.977494
FAM120AOS	9.166488000000001
FAM45A	8.893643999999998
KIF14	3.4064340000000004
RAB27B	2.7415139999999987
FAM45B	7.460675999999999
LOC388796	7.596486000000001
SH3BP5	9.607964000000003
RHBDD2	11.279447999999997
CSAD	10.273674000000002
RABGAP1L	7.159151999999999
ELK3	7.052855999999999
CDON	6.9769000000000005
ELK1	9.595834
GPHB5	0.0
ELK4	6.822896000000001
KTELC1	7.895204000000001
PAK6	2.950018
PAK7	2.636424
PAK1	8.996221999999998
PAK2	11.215933999999997
PAK3	0.9585819999999999
TTR	17.133096000000002
FAM122A	9.032326
FAM122B	7.994319999999998
FAM122C	4.686808
SH3BP2	10.000702
NSDHL	9.836824
ZNF200	6.989695999999997
KCNG1	2.1436
KCNG2	0.568844
KCNG3	0.060036000000000006
KCNG4	0.0
NUBPL	8.430351999999997
PPP2R5C	10.626692
KRT19	8.57954
LOC115110	6.487735999999999
PANX1	9.202193999999999
MYL1	0.0806
NPB	2.0335399999999995
OR4C11	0.0
CEP97	4.8951080000000005
OR4C13	0.0
OR4C12	0.0
DEFB116	0.0
DEFB114	0.0
DEFB115	0.0
DEFB112	0.0
DEFB113	0.0
CYP2D6	13.122613999999997
SUB1	11.302708
ATXN7L3	9.397334000000003
PIGG	8.783254000000001
TTTY4C	0.49547599999999997
MFSD2A	12.176533999999997
DEFB118	0.0
DEFB119	0.0
LCN15	0.595184
DMBT1	0.75732
C10orf58	12.125012
ATXN7L1	7.385777999999998
LCN12	6.547396
C10orf54	9.170654
C10orf55	0.58383
TNS1	11.526564000000006
C10orf57	10.689225999999998
C10orf50	0.6502120000000001
ZIC1	5.895362
C10orf53	0.01717
HEXA	11.183785999999998
ZBTB12	4.370586000000001
ARID2	8.193372
SPRR4	0.077362
LOC652276	4.421507999999999
LOC401093	4.703792
SPRR3	0.769322
HIF1A	10.758681999999999
OR8D4	0.048626
OR4B1	0.0
NT5DC1	10.344014
NLRP6	6.204224000000002
OR8D1	0.0
OR8D2	0.0
RBMY1E	0.0
ARGLU1	9.542754000000004
NLRP1	7.0518719999999995
SNORD91A	0.0
NPW	7.705183999999998
ZBTB16	7.7003600000000025
SPANXN3	0.0
TMEM194A	7.909722
LOC400940	0.07644999999999999
ZNF775	4.630156
PIGQ	9.973794
CALML3	3.751132
CD164L2	0.634764
NLRP2	3.319736
GLYCTK	12.918578
CALML6	0.7962540000000001
CALML5	0.34421599999999997
CALML4	8.698402000000002
COX18	9.359774000000002
COX19	7.304599999999998
PFN2	8.793767999999998
AADAC	13.589986000000003
PFN4	1.3737899999999994
CREM	9.752342
SHISA2	1.3282019999999997
SHISA3	3.971364
COX10	8.228254
COX11	10.242345999999996
TMEM219	11.302830000000004
GAS2	8.68276
ARPP21	4.003564
COX15	10.38618
COX16	10.172182
COX17	10.125758000000001
PDGFRB	9.592732000000002
ANKRD13D	7.503626000000001
LOC158572	3.3741719999999997
ANKRD13B	3.7464380000000004
ANKRD13C	8.544872
ANKRD13A	9.613249999999997
KIAA1467	7.179989999999999
AIDA	9.904606000000003
TIMM8B	9.690916000000001
KIAA1462	7.46362
SCN10A	0.058651999999999996
PDGFRL	3.2568740000000003
SUN2	12.981088
PPA2	10.387550000000001
PPA1	11.468149999999998
tAKR	6.73245
MCTP1	4.475346000000001
MCTP2	5.886794000000002
LOC339568	0.0
BET1	9.061636
NUP62	9.662312000000004
MGC45800	0.266202
WDR27	5.2145600000000005
LIMS3-LOC440895	6.884170000000001
ALCAM	11.052882000000002
TPM4	11.220999999999998
CSF1R	10.205146
TPM2	8.168094
LOC678655	7.277826
PGA5	1.0393720000000002
ETF1	11.134456
FBXW9	6.759682000000001
C22orf39	8.460436
CYB5D2	10.052502
FAM21C	9.78054
FAM21B	8.56777
FAM21A	7.483477999999999
LRRN2	4.659075999999998
C22orf33	0.21196199999999998
C22orf32	10.236048000000004
C22orf31	0.606982
C22orf30	8.952235999999997
FBXW4	10.114748
C22orf36	9.094373999999995
C22orf34	1.355252
CDCP1	5.940824000000001
TAX1BP1	11.223790000000001
TGFBR1	9.548752
CDCP2	0.47336599999999995
SH3RF2	7.738948000000002
SH3RF3	6.076129999999999
SH3RF1	8.692884
SMNDC1	8.898926
ZNF48	6.890736
FAM159A	2.0134640000000004
SSX2IP	8.537752
IER5L	8.182500000000001
TMEM173	8.073804
ANKLE2	9.790327999999997
ZNF267	6.996838
ATXN8OS	0.0
DDX19A	9.927310000000002
TJP2	11.591816
TJP3	8.32553
NDOR1	8.067736000000002
GLB1	10.771268
PPAN	8.92955
PPP1CA	11.675754000000005
OR7A5	0.03008
SH3GLB1	10.747142000000004
C1orf152	3.326464000000001
PPAT	7.501966000000001
RNF38	9.015098
GKAP1	6.954827999999999
SH3PXD2B	7.121643999999999
LOC100132707	6.022733999999999
SNORD88B	0.0
SH3PXD2A	9.269790000000002
MPPED2	3.4499080000000015
LYSMD3	9.608728000000001
THPO	9.154696
KLHL11	3.9906620000000004
DCXR	15.003639999999997
CHPF2	9.869522000000002
KLHL12	9.008925999999997
AGRP	0.6823100000000001
AGRN	11.145124000000001
NFYB	9.466139999999998
CLGN	6.237524000000002
KLHL13	6.712968
ZNF221	2.638688
SELENBP1	12.974372
SMARCA1	11.222157999999995
SMARCA2	11.304050000000002
RABL5	7.693042000000002
CCNI2	1.2561519999999997
BAZ2B	8.895304000000001
LOC388152	5.18123
POMZP3	6.173114000000002
FYB	7.948126000000001
SYCN	0.0
GOLGA6L9	5.5750540000000015
GOLGA6L5	3.6446100000000006
GOLGA6L6	0.166778
KLHL17	5.543597999999998
FYN	9.681790000000001
GOLGA6L1	0.097332
RAB1A	11.870123999999999
TOR1A	10.409370000000001
XCL2	4.050237999999999
ASCL3	0.03466
WDR47	6.7328
OST4	11.303883999999996
NUDC	11.727813999999997
CCT6A	11.040296000000001
PAF1	10.801874
CCT6B	6.365582000000002
OSTN	0.05657
GPHA2	0.574376
XAGE1D	0.5394100000000001
KRT79	0.015069999999999998
RUFY1	9.630014
RUFY3	9.102058000000001
RUFY2	6.900587999999998
FCGR2B	9.229686000000001
FCGR2C	6.972791999999999
FCGR2A	8.121196
NLE1	7.681665999999996
ROD1	10.006280000000004
CYP11A1	7.37977
SKIL	7.789109999999998
ZNF579	7.032810000000001
CYTH1	10.282052
GCGR	11.262051999999999
CYTH3	7.409963999999997
CYTH2	9.48252
QSOX1	11.009698
CYTH4	7.51105
MYBPH	1.67067
DPH1	9.457002000000001
DPH2	8.345350000000002
DPH3	9.515496000000002
KRT78	0.12085600000000002
DPH5	8.524278000000002
SPAST	8.561715999999997
MUM1L1	6.303248
CALCR	1.0840060000000002
PSAPL1	0.508876
AGR2	2.834078
AGR3	1.2623940000000002
RNF34	8.366704
WIBG	9.426146
SPDYE7P	1.765646
WBP5	8.48317
CANT1	9.593338000000001
CALCA	2.224318
CALCB	0.5262980000000002
OR13A1	0.134784
psiTPTE22	3.708099999999998
CKB	8.328310000000002
CKM	0.740756
PTGS1	7.365193999999999
SLFN12	4.566921999999998
PLK1S1	7.450041999999999
TM2D3	10.157496000000004
SLK	9.804908
OR51B5	0.21683799999999998
OR51B4	0.08357200000000001
OR51B6	0.045343999999999995
PAM	8.896768000000002
OR51B2	0.035732
DCN	13.125462
GPAM	12.230546000000002
DCK	7.544680000000003
DCI	11.86556
ACSM1	7.180729999999999
ACSM3	11.533462000000002
ACSM5	12.641432
ACSM4	0.032412
THRA	7.958506
SDF4	12.307115999999999
TAF4B	3.8060940000000003
PERP	12.482803999999998
CUL9	8.541986000000001
DCX	0.9425180000000002
EIF4ENIF1	8.346368
CUL5	9.588194
C20orf173	0.046153999999999994
CUL7	8.776656000000001
CUL1	10.928844000000002
C20orf177	5.202292
CUL3	10.539607999999998
SSPO	3.2739599999999998
TRIM28	11.489762
TRIM29	4.571651999999999
PNKP	8.901524
CDH20	0.48598600000000003
TRIM25	8.944354
CREB5	5.564904000000001
CDH23	8.493638
CREB3	9.602192
TDRKH	6.6723180000000015
CREB1	8.901029999999999
TRIM23	8.400612
FLRT1	2.0820859999999994
PER2	9.238662
FLRT3	9.189220000000002
FLRT2	7.201138000000001
SRP9	12.042131999999999
GNPAT	10.063876000000002
PTPN13	6.465068
C21orf34	5.412048000000001
C21orf33	12.768526000000001
LOC283663	3.0507599999999995
RHOT1	9.018636000000003
FCER2	2.687716000000001
VTA1	9.957567999999998
KAT5	9.470226000000004
ARCN1	11.93666
ZNF517	6.725512000000004
F2R	9.400990000000002
IHH	5.654915999999999
ZNF514	5.848790000000001
NBEAL1	7.038921999999999
ZFAND3	10.896508
NSMAF	7.5509580000000005
QRFP	0.202804
LOC338588	0.044886
AES	12.741794000000004
PNRC1	12.344763999999998
PNRC2	10.26813
DNAJC28	5.416994000000001
DNAJC27	6.202596000000001
GNAO1	9.719058
DNAJC25	10.259837999999997
DNAJC24	7.7939159999999985
NTSR2	0.075258
DNAJC22	9.061692
DNAJC21	10.08588
NTSR1	1.921226
DTD1	7.939364000000003
TECTB	0.7876519999999999
ARHGAP8	4.369814000000002
ARHGAP9	7.0400100000000005
RNF122	7.356704000000001
ACN9	8.093848000000003
ARHGAP4	8.32803
ARHGAP5	10.340813999999998
ARHGAP6	4.68989
ICOSLG	8.443019999999999
ARHGAP1	10.681042000000001
AEN	9.022893999999997
FAM196B	1.121424
FAM196A	0.53571
NOB1	9.827721999999998
SETD1A	9.248202
TSPYL2	8.454568
PRLR	9.626434
KHDC1L	0.083048
SLC12A8	7.670201999999998
ZFP36	13.482813999999996
RGS19	7.169564
TMEM79	6.247062000000001
OR4D10	0.028635999999999998
OMP	0.79024
PPP6C	10.321011999999998
ZYX	11.228212
ZNF229	4.817334
ANXA11	11.330570000000002
ANXA10	10.489578
ANXA13	8.043430000000003
TMEM74	3.820570000000001
KCNQ4	1.148084
RBL2	11.135622000000001
SLC39A12	0.554488
SLC30A5	9.501564
FAM86A	8.203794
SLA	8.269756
CNBD1	0.0
FAM86D	5.823082000000002
MGC12982	4.434983999999999
CCT6P1	5.313882000000001
HEMGN	1.205046
MRPL4	10.648264000000001
MRPL2	10.404772000000003
MRPL3	10.390796
RPUSD2	7.881611999999999
MRPL1	9.015471999999999
TTLL8	0.01717
ZCCHC18	1.5397280000000004
ZFAT	6.942657999999999
RALGAPA1	8.03418
MRPL9	9.607593999999999
ZNF611	5.427742
HOXC11	0.01717
WBSCR16	10.428658
RUVBL1	9.028572000000002
ZNF614	6.319403999999999
ZNF616	6.460894000000001
MOS	0.017136
ZNF618	7.479628000000002
SLC3A1	8.868073999999996
THOC3	9.233662
EIF4EBP1	9.705626000000002
EIF4EBP3	9.381480000000002
ASPRV1	5.267398000000001
EDDM3A	0.0
MS4A12	0.023239999999999997
EDDM3B	0.0
MOG	0.051494
MS4A15	0.080212
BAG2	7.996390000000002
BAG3	9.716493999999999
BAG1	10.562477999999999
OR1L8	0.27790400000000004
BAG4	7.227947999999995
BAG5	9.469482000000001
KMO	11.330451999999998
OR1L4	0.0
OR1L6	0.0
OR1L1	0.0
RTKN	10.940436
MSRB3	7.309452
CTDP1	8.887612000000003
LRRC37A4	4.897841999999999
LRRC37A2	5.143726000000002
LRRC37A3	4.718540000000002
SLC39A1	11.324370000000002
RSBN1	8.306574000000001
CD79B	6.276092000000001
MEOX1	2.009662
MEOX2	2.8916880000000003
CD79A	5.665006
CSDC2	3.8920199999999996
EIF1AD	8.692397999999999
ATXN1L	9.114966000000003
GMFG	8.564566
CBLN4	3.9986260000000002
CBLN2	2.02013
CBLN3	6.694294
CBLN1	3.520489999999999
ZBTB26	4.411444000000001
LOC100131726	6.621292
XIRP2	0.11581600000000002
MGC2889	0.080754
SLC39A7	11.579086
PDHA2	0.052292
CPSF3L	10.466804000000002
PDHA1	11.394622000000002
COL4A3BP	10.024204
SAP18	11.5372
SNORD50B	0.0
LCAT	12.594069999999997
SNHG10	5.184196000000001
EVI5	9.398244
PAR1	0.37735199999999997
MZF1	7.599348
ATXN10	11.167863999999998
PSIP1	9.333952
LOC92973	2.838502
FSCN3	0.959964
FSCN2	0.6587219999999999
FSCN1	9.442346
SLPI	11.050135999999998
MRPS17	8.281118
PCNAP1	0.036952
MYL12B	12.856827999999997
MYL12A	12.666198000000001
G2E3	7.1784799999999995
CKMT2	3.43835
SNORD65	0.0
RPS6KC1	8.112456
KRTAP22-1	0.0
MRPS14	8.726396
RFPL4B	0.19308
BAGE	0.020308000000000003
RILPL1	7.160439999999999
OR2T35	0.0
RILPL2	8.478321999999999
NLRP10	0.06379800000000001
IDO2	6.48258
TMPO	10.247904000000004
IDO1	4.679530000000001
CAMK1D	6.675066000000002
CAMK1G	2.1928279999999996
NLRP12	2.4494740000000004
LDHAL6B	1.1622720000000002
ECM2	10.008636000000003
ECM1	10.84716
LDHAL6A	0.24235999999999996
SMCR8	8.353845999999999
HHAT	6.924885999999998
OR52D1	0.0
FMR1	10.334484
MICALCL	3.2283839999999997
SMCR5	0.070768
SMCR7	8.009825999999999
LYPD6	3.3685060000000004
RAB3IL1	8.437173999999999
LYPD4	0.0
HIST4H4	1.6774280000000001
LYPD2	3.2793459999999994
LYPD3	3.8345460000000005
LYPD1	3.922421999999999
CATSPER4	0.0
CALCOCO1	10.292599999999998
CALCOCO2	11.617542000000004
AMHR2	3.92959
NAP1L4	10.850537999999998
CATSPER1	0.6306
CATSPER2	3.2912860000000013
CATSPER3	3.4901739999999997
ANKRD30A	0.143798
RGS5	9.872114
RGS6	1.7053960000000006
ANKRD30B	0.618692
LRRC8C	7.480488000000003
RGS1	8.925102000000003
RGS2	9.114168
RGS3	10.498323999999998
LOC100133669	4.463585999999999
PLAG1	4.104420000000001
RGS9	4.322646000000001
TRDN	0.728264
PGLYRP4	0.18219199999999997
TTBK1	7.144572
COL1A2	11.082606000000004
ZNF643	3.459024
LOC151009	4.1000440000000005
SERTAD2	9.509170000000001
KIAA1377	3.50131
LOXL3	4.660912
SEPT6	10.06661
IL1RAP	11.466998000000004
ARAP3	7.399348000000001
CATSPERG	3.602386
LOC100133545	2.891922
CATSPERB	1.133276
BIK	2.8900040000000002
SNORD61	0.0
ARAP1	10.69311
ZNF605	7.502766
SH2B2	3.904141999999999
XIAP	10.219866000000001
SNHG12	5.592513999999999
GAL	0.42339200000000005
SNORD115-35	0.0
RDH14	8.953974
SECTM1	7.966626000000002
KANK4	6.859942
RD3	0.206404
KANK2	10.648596
KANK3	7.203978000000003
RDH12	6.184449999999998
CYBASC3	10.119623999999998
SLC25A34	5.910636
POLD3	7.4071359999999995
EPDR1	8.595977999999999
DEDD2	9.135755999999999
BID	9.950925999999999
FAM178A	8.383264
DOLK	8.856524
PCDHB8	2.8009399999999998
SH2B3	10.038220000000003
MYH11	8.885457999999998
KIAA0664P3	4.525897999999998
UBR3	10.533129999999998
WDR5B	7.644519999999997
SNORD114-10	0.0
UBR2	9.609245999999999
SFRS12IP1	8.901108000000004
GADD45A	11.589602
TARSL2	7.5300020000000005
CDK2AP1	9.814661999999998
CDK2AP2	10.730104
NALCN	4.798890000000001
UBR7	9.384334000000003
KRTAP13-1	0.0
KIAA0427	9.664228000000001
CIAPIN1	9.396962000000002
LOC730668	0.20979799999999998
HSP90AB1	13.797184
PTP4A1	14.656050000000002
UBR5	9.745763999999998
PTP4A3	6.62491
PTP4A2	10.745149999999999
VIPR2	3.2432980000000002
NUCB2	10.194067999999998
TRIM72	0.313252
REC8	5.756566000000001
ZSCAN22	6.639942000000001
TNNI3	0.28915399999999997
STRADB	10.75882
GPR3	3.3245739999999997
TDRD9	1.9893859999999999
CD28	4.846469999999999
SUZ12	9.289898
MRPS9	9.357480000000002
BMP6	6.538431999999999
MRPS7	10.526097999999998
C9orf27	0.012766
C9orf24	2.598040000000001
C9orf25	7.638325999999999
CD27	5.59629
C9orf23	9.555062000000003
IFI30	11.516914000000002
C9orf21	6.8355200000000025
PLA2R1	5.25918
ABHD8	9.036898000000003
SNORA63	0.460048
MYLIP	7.118727999999999
OTUD1	8.580432
ABHD2	13.699985999999999
ABHD3	9.710930000000001
ABHD1	5.9648080000000006
ABHD6	10.816106000000001
PA2G4	11.189392
ABHD4	9.292822000000001
ABHD5	9.573688
TWF1	10.452638
NKIRAS2	9.594474000000002
NKIRAS1	9.007967999999998
HEMK1	8.926296
MBTPS2	9.714240000000006
WDR43	9.522177999999998
TRIM45	4.201562000000001
MBTPS1	10.992684000000004
EIF4G3	9.721977999999998
EIF4G2	13.490420000000002
EIF4G1	13.550445999999999
SERHL2	4.039403999999999
WDR59	10.374018
FAT3	2.9818339999999997
DR1	9.281425999999996
FAT1	10.540061999999999
GRB2	11.383916
ULBP2	2.8466320000000014
ULBP3	2.8454379999999992
GRB7	7.664118000000001
FAT4	8.432337999999998
PSG6	0.0
PSG7	0.179916
PSG4	0.6030539999999999
PSG5	0.23786599999999997
PSG2	0.031394000000000005
PSG3	0.03852
PSG1	0.039002
HOXC9	0.206048
HOXC8	0.176448
PPP2CB	11.158650000000002
HOXC5	0.18365599999999996
HOXC4	1.550356
HOXC6	0.321184
CD151	11.883546
TGOLN2	13.169588
SSU72	11.470676000000001
HCST	7.182709999999998
SRPX	8.526316
FAM200A	6.346025999999998
FAM200B	8.585482
C5orf62	7.397964000000001
UROC1	12.292116
C5orf60	0.480776
OR4F5	0.014702
SNORA41	0.016058
SLC25A32	9.372428
CSTL1	0.213744
HTRA1	11.750033999999998
LSM4	10.420036
COL27A1	8.631383999999999
RBMX2	8.097231999999998
ZSCAN5B	0.9776859999999999
LSM6	8.004334000000004
NEURL1B	8.679171999999998
LSM7	8.893081999999998
PTPN23	9.843564
MFSD5	8.805664000000002
SELT	10.871580000000003
MFSD4	4.971631999999999
GATSL1	1.3806219999999998
POLR2D	8.89705
GATSL3	6.5673200000000005
GATSL2	0.062524
POLR2A	11.416903999999999
MFSD7	7.507461999999999
POLR2C	10.586120000000003
POLR2B	10.133466
NDUFB5	10.851246000000002
POLR2L	11.053929999999996
AKR7A2	10.709126
AKR7A3	12.733641999999998
POLR2I	9.437855999999998
LOC642597	2.727672
F11R	12.543768000000002
POLR2J	10.316303999999997
GOLGA8F	0.0
TLK1	10.175512
SERHL	5.629588
FAM47C	0.306886
CCL3L3	1.914508
FAM47A	0.023239999999999997
USP53	8.434224000000002
FAM47E	5.8568799999999985
USP51	3.777270000000001
GTF3A	11.530756000000006
LOC338799	5.6554340000000005
CCNJ	6.258776
PPP1R2P3	4.655086
BATF2	7.200452000000001
ASCC2	10.852452000000001
ASCC1	8.706012000000001
VPS72	9.005370000000001
SLFN13	6.563722
DSCAML1	3.5939079999999994
RASSF9	4.78505
GAMT	13.640503999999996
CCDC109A	8.364102
VBP1	9.058046
CCDC109B	5.399926000000002
FAM120B	8.969796000000004
FAM120C	7.695388
FAM120A	12.040205999999996
MAPK14	10.853720000000003
MAPK15	1.489166
PEA15	10.451253999999999
MAPK10	4.742255999999999
MAPK11	6.219398000000001
MAPK12	5.674856000000002
MAPK13	6.1121620000000005
OR4F21	0.0
TCEB3C	0.059184
HPGD	12.173445999999998
FABP5L3	0.15933599999999998
FZD1	8.087698000000001
FZD2	3.7691059999999994
FZD3	5.013315999999998
FZD4	10.09446
FZD5	10.809141999999998
FZD6	7.1014859999999995
FZD7	6.0011220000000005
CACNB3	4.7535620000000005
CACNB2	5.425696
CACNB1	3.6541640000000006
CYP2B6	13.853399999999999
SNORD114-6	0.0
SNORD114-5	0.0
CACNB4	1.6211080000000002
C10orf72	8.033266000000001
RASSF1	8.410728
C10orf71	0.5051680000000001
C10orf76	9.164034000000003
SPAG16	7.971152000000001
OR10W1	0.0
C10orf75	7.530070000000002
C10orf78	5.711486
C10orf79	2.5636919999999996
PTPMT1	9.409328000000002
ASH1L	9.458551999999997
RASSF2	8.026792
HIST1H1T	0.12495800000000001
RASSF5	9.252697999999999
WDR8	7.870366000000001
CLEC4M	9.790761999999999
ATP12A	0.6934259999999999
CTRB2	0.09177999999999999
OR8B3	0.023239999999999997
AMFR	12.301752
CEACAM22P	1.6018580000000002
USO1	11.201304
PLCD3	5.840540000000001
OR8B4	0.0
PLCD1	8.155666000000002
HIST1H1D	0.381224
HIST1H1E	1.4374380000000002
NCR2	0.014628
RASSF6	4.768189999999998
HIST1H1A	0.209284
HIST1H1B	0.157458
HIST1H1C	10.35899
FOXB2	0.0
ZNF599	5.4712819999999995
ANKZF1	8.599200000000002
ITFG3	10.890722
B3GALNT2	8.159880000000001
B3GALNT1	5.1250919999999995
TACC1	10.454331999999997
TACC2	9.087990000000001
TACC3	6.966120000000001
JDP2	9.117899999999999
PICK1	9.101645999999999
VMO1	7.342598000000001
SLC1A2	10.964070000000003
NHP2	10.054244000000002
MRTO4	9.234663999999999
KIF20B	5.854282
TMEM233	2.534061999999999
KIF20A	3.3222480000000014
MKI67	5.915067999999999
MAP6D1	4.476831999999999
GNMT	12.228249999999997
LPPR1	7.092846000000003
LPXN	8.070187999999998
TOX2	6.782189999999999
MCC	10.107119999999998
CAB39	10.606821999999996
D4S234E	2.5043159999999998
CKMT1A	0.5473100000000001
CKMT1B	1.5766240000000002
NOTCH1	9.333632
RPL3L	0.152586
ZNF841	6.115738
ANKHD1	10.800854000000005
GNAT1	1.353412
GNAT3	0.0
GNAT2	2.1877
DEFA1B	3.6841919999999995
BCL2L15	1.8887239999999996
BCL2L14	3.254308000000001
TTC16	1.5434779999999997
BCL2L11	9.533356
BCL2L10	6.014076000000001
BCL2L13	10.755315999999999
BCL2L12	7.979272000000001
ESCO2	3.5090639999999995
ESCO1	8.2841
LOC729678	7.779232000000002
SNORA16A	0.0
SNORA16B	0.029222
NUP43	8.234005999999997
CTU2	8.176662
SCARNA27	0.0
C22orf13	12.65892
CTU1	5.764000000000001
C22orf15	1.7170560000000004
IL1R1	11.874176
SCARNA20	0.0
SCARNA21	0.0
SCEL	0.26159
MSX1	3.727795999999999
MSX2	1.8192700000000004
EIF3F	11.164144
ADRM1	11.486492000000004
FAM27L	0.0
ZNF558	7.623290000000001
HSD11B1	14.045169999999999
RPL3	15.143680000000002
CHD1	9.352587999999995
OR2AT4	0.0
ISYNA1	8.432288
GTF2H3	7.0605959999999985
GTF2H2	6.5119620000000005
GTF2H1	9.188154000000003
NCDN	7.992957999999998
GTF2H5	9.636370000000001
GTF2H4	8.844444000000003
MAPKAP1	10.356003999999999
CACNG1	0.11652599999999999
ALDH1B1	13.009970000000004
VCX2	0.01761
CACNG2	0.0
COX7A2L	11.100032
DBX2	0.080062
PCDH9	6.184577999999999
DBX1	0.0
MYEF2	3.5479580000000004
RPL38	12.213225999999997
RPL39	8.553282000000001
RPL36	12.608312000000003
BAT2L2	11.002098
BAT2L1	10.50892
MRP63	10.572002
RPL32	13.676414000000005
PRKD1	5.353172000000001
CACNG5	0.0
TARBP2	8.940005999999999
TARBP1	7.604622000000001
CTTNBP2NL	7.635311999999999
TSHZ1	9.430496000000003
SRCRB4D	5.777492
ATF5	15.03565799999999
ATF4	12.740316000000002
ATF7	9.185453999999998
ATF6	10.649292000000003
ATF1	8.631206000000002
ATF3	11.443917999999998
ATF2	8.2042
SMARCC2	10.362122000000001
LOC642852	5.355631999999999
SMARCC1	10.126919999999998
PPAP2C	6.835234000000002
LOC100133050	0.044994
PPAP2A	10.727759999999996
BUB1B	3.0055180000000017
SUMO1	11.569985999999998
INVS	8.370804
CTTNBP2	5.692444000000002
SUMO2	11.04419
PSPC1	8.625729999999999
SUMO4	1.9821739999999999
TMCO6	9.038925999999996
SNORA7B	1.7158299999999995
SFRS13A	10.212674
KIAA0317	8.887006
SFRS13B	3.240038
GTF2IRD2P1	7.814625999999999
NUP210L	0.310902
ANKIB1	8.997354000000005
HSF5	1.031868
TTC12	7.307559999999999
HSF4	5.392784000000001
EEF2K	9.139184000000002
LHX1	0.014628
LHX2	6.125774
LHX3	1.0862139999999996
BLOC1S3	7.709933999999999
BLOC1S2	9.411317999999996
BLOC1S1	11.097852000000005
TMPRSS11BNL	0.017136
LHX8	0.0
LHX9	3.0497579999999993
SIVA1	10.522537999999997
MIB1	9.741414000000006
MIB2	9.115737999999999
LOC285074	8.038540000000001
TOR3A	9.536059999999999
LOC113230	7.342538000000001
OR52H1	0.014628
B3GALTL	7.379708000000001
MTMR14	9.907754000000004
B3GALT4	5.9516300000000015
B3GALT5	2.05864
B3GALT6	8.928497999999998
LEPROTL1	9.665408
CTNNAL1	9.325892
B3GALT1	0.18162
B3GALT2	3.907763999999999
SLC38A2	13.846017999999999
TMEM184A	9.15301
MDFIC	9.033046000000002
SLC38A9	8.499728000000001
SLC38A8	0.078746
KIAA0174	10.506322
STK3	8.440726
STK4	9.236356
LOC100129534	3.990256
CSF3R	7.620614
OCA2	1.7923460000000002
CXCL11	4.609482000000001
CXCL10	7.784864
CXCL13	5.515057999999998
CXCL12	12.882675999999998
CXCL14	10.208264000000003
CXCL17	1.52671
CXCL16	10.737998000000003
OR13C4	0.019054
N4BP2L1	10.541121999999998
UBE4A	10.791080000000001
OR13C2	0.034516
OR13C3	0.0
HCN1	2.0463660000000004
HCN3	6.635271999999998
HCN2	1.8395460000000003
OR13C8	0.027814000000000002
HCN4	1.150012
SNRNP25	9.387912000000002
SNRNP27	8.66929
NTN1	8.490581999999998
LOC150527	0.036677999999999995
FAM41AY1	0.0
RAPGEF1	10.355526000000005
TTC5	6.525104
MED10	8.52913
RAPGEF2	10.224683999999998
JAM2	5.894467999999998
LRIT2	0.14611399999999997
LRIT3	1.8378
SERF1A	7.425556000000001
APOC1	17.404033999999996
MIA3	11.936615999999999
GOLGA7B	4.623228
PTGDR	4.050488000000002
MRPL14	10.61299
STIP1	10.630652
LOC390595	2.87087
MRPL15	10.365258000000004
CHIC2	8.370335999999998
LOC641367	1.242568
PTAR1	9.547721999999998
CHIC1	6.633774000000001
MRPL16	10.630134
POM121L4P	0.061903999999999994
DRP2	0.17872800000000003
SGK3	8.999754000000001
RAB3GAP1	9.674931999999998
PEPD	12.424169999999997
UACA	9.402230000000001
TBC1D23	9.714071999999996
CDC25C	1.7947419999999996
TBC1D21	0.0
ANKS3	6.890658000000002
DGCR6L	11.187820000000004
TBC1D26	0.18791
ANKS6	6.586016000000001
C6orf1	7.9084759999999985
TNFRSF4	3.2077960000000005
TBC1D29	0.20091999999999996
TBC1D28	0.0
C20orf152	1.039008
C20orf151	1.0685060000000002
MED12	8.733297999999998
FKBP15	9.540208000000002
TBC1D2B	10.59918
SARM1	6.188732
FUNDC1	7.303798
GUCY2D	0.848782
GUCY2E	0.4839160000000001
GUCY2F	0.042224000000000005
SENP8	5.477388000000001
SENP7	7.671388
FIBCD1	0.18434999999999999
RPAP1	8.891266
SENP3	9.151391999999998
SENP2	9.351086
SENP1	7.389614
SAMM50	10.063622
C21orf54	0.0
C21orf56	4.049366000000001
C21orf57	7.926683999999999
PLA1A	10.056603999999998
ING4	8.854154
ING5	7.798332000000001
ARPC4	11.346099999999996
C21orf58	3.6443839999999996
C21orf59	9.036966
ING2	7.414448
ING3	7.26655
TMPRSS12	0.053057999999999994
NOTUM	8.844295999999998
POC1B	7.863404000000002
VASH1	7.807434
NCRNA00203	0.18817
TMSL3	13.927478
KIAA1949	10.208771999999998
CEP170L	0.7748359999999999
NCRNA00052	0.232122
NCRNA00200	0.119548
INS	0.018314
OR8G5	0.0
SLC2A11	6.014052
NCRNA00201	8.033780000000002
WDFY3	9.074222
WDFY2	7.552391999999998
OR6C6	0.0
TCL6	0.7448059999999999
GFPT1	10.783220000000002
GFPT2	5.186812
ECHDC3	11.752478000000004
ECHDC2	12.690544
ECHDC1	10.986775999999999
DAG1	11.75831
ACP5	9.990293999999999
ACP6	8.36562
TPI1P3	0.298356
ACP1	10.998082
ACP2	11.569512000000001
TFAMP1	0.11949200000000001
SNIP1	8.229988000000002
GLA	8.059617999999999
USP36	9.47257
SLC2A14	3.5679300000000005
SLC2A13	8.420858000000003
SDCCAG3	9.951433999999999
CCT8L2	0.0
SDCCAG1	8.639904
ANKRD35	6.394857999999998
ANKRD36	4.648848
ANKRD37	7.997038
ANKRD31	0.378056
ANKRD32	5.746375999999999
CHDH	11.035150000000003
NASP	10.175236
GLS	8.572918000000001
ANKRD39	7.765548
CDIPT	11.528742000000001
NCOA2	8.899582
NCOA3	9.49033
TMEM71	4.718748000000001
NCOA1	10.058669999999998
BSX	0.0
NCOA7	10.616188000000001
NCOA4	13.352743999999996
NCOA5	8.929777999999997
FLJ10038	7.922994000000001
NELL1	0.019054
SPCS3	11.39527
FAM194A	0.388278
FAM194B	0.0
BSN	5.033162000000001
POU6F1	6.456964
CISH	10.664887999999998
LOC442459	0.33738799999999997
LCOR	5.64957
MECR	8.799384
LOC442454	7.493266000000001
BSG	12.508252000000002
YTHDC2	9.392948
NSFL1C	10.77636
P4HTM	8.914706
MEI1	4.570384000000001
SNORA80	0.041546
IL1RN	11.947444
EMID2	6.7070500000000015
GSG1	0.076322
KDSR	11.458499999999999
PRDM15	6.364026
SH3BP5L	9.015008000000002
MED17	8.280663999999996
ZNF844	6.342580000000001
SLC27A5	15.019532000000003
PLSCR2	0.24731399999999992
EMID1	6.989506000000001
PRAM1	6.039346000000002
SORT1	8.628753999999999
SLC27A3	10.317122
PLSCR3	8.194177999999999
ACPT	0.179172
SEPT2	11.73386
ERO1L	9.674347999999998
ZNF638	10.850227999999998
ACPP	1.9540860000000007
WDR85	7.2918340000000015
AK3	12.530796000000002
AK2	11.845226
AK1	9.960560000000001
PRDM11	3.1603559999999997
AK7	4.28801
TBCB	9.400316000000002
AK5	1.375056
ZNF474	0.9781939999999999
NPNT	6.871176
WDR87	0.158718
OXTR	3.4374320000000007
MME	10.16856
MMD	8.568999999999999
SMARCAD1	8.610129999999998
FLJ42627	4.039494000000001
PABPN1	11.08858
PPM1B	10.437716
NCKAP1L	8.261127999999996
ACTBL2	0.22743399999999997
MAP4	11.676601999999997
UGT2B7	14.692277999999996
LOC723809	1.2700500000000001
HNF4A	12.492703999999998
OR1N1	0.0
FLJ44054	0.11047999999999998
TREH	6.995456000000001
TIMD4	6.818936000000001
GEN1	7.7711000000000015
ZNF497	5.277593999999999
ZNF496	6.846934000000001
ERF	10.41875
ERG	8.326218000000003
ZNF493	5.926171999999999
CBLL1	8.670328000000001
EPS8	10.295490000000003
SH2D3C	7.73573
MACC1	5.13527
RRP8	8.854928000000001
MPI	9.879890000000003
ERH	10.516174000000001
PARM1	6.260069999999998
APOL5	2.728802
HERPUD2	9.520366000000001
HERPUD1	12.234190000000002
RGAG1	2.367561999999999
CELP	0.058064
WDR89	8.290498
TMEM55A	6.516595999999998
TMEM55B	8.815171999999999
MTTP	13.144089999999997
NDNL2	8.579512000000001
RRP9	8.205068
SNCB	0.238976
FCGRT	13.677176000000001
TRA2A	9.554683999999998
SNORA84	0.034464
ITIH5L	0.19218200000000002
SEZ6L	1.370444
PCDP1	3.937423999999999
SLC24A6	9.486094000000001
KIAA0141	10.657345999999997
MDC1	9.041268
FBN2	2.7644080000000004
EMR4P	2.853080000000001
NCR1	1.6064740000000006
FBN1	8.756176
CXCR2P1	7.389154000000001
RNF126	9.699622000000002
BRMS1L	7.29964
MEX3D	7.813751999999999
PACRG	5.566470000000001
KLRG2	0.160124
MEX3C	8.768380000000002
MEX3A	5.467562000000002
MGC2752	8.187788000000001
LACTB2	9.894432
AOAH	7.059703999999999
C3AR1	7.588538000000001
BTRC	8.486343999999997
BAAT	14.876003999999998
IL17RB	9.859824000000001
ITLN2	2.2296139999999998
PDE1C	0.5805039999999999
ITLN1	5.926374000000002
SCN1B	7.885561999999998
RNF121	8.80964
PDE1B	6.354941999999999
PPM1N	3.890292000000001
PDE1A	5.6518939999999995
EEPD1	9.013790000000002
SFTPD	4.41339
CLCA3P	0.017254000000000002
FRYL	8.818783999999997
DEXI	10.192332
SFTPB	0.731236
KDM1A	9.581457999999998
IDI1	11.477797999999998
IDI2	5.652100000000001
IPMK	4.653258000000001
KDM1B	8.103354
IMPDH1	7.401893999999999
SCRT1	0.129232
IMPDH2	10.483730000000001
SCRT2	0.08073999999999999
NECAP1	9.293709999999999
FEZF1	0.077382
TMEM185A	7.865132
MAP9	4.854345999999999
UGT2B28	5.593904
UBXN10	8.336806000000003
UBXN11	7.419605999999999
DNTTIP1	8.808670000000001
DNTTIP2	9.977290000000002
UBLCP1	8.548165999999998
DYM	8.64472
SNORD12C	0.0
PRAMEF22	0.056912000000000004
PRAMEF20	0.0
PELO	9.138734000000001
UBE4B	9.703936
ANKRD36B	1.5177560000000005
MTMR9	7.948869999999999
FEZF2	0.014702
MTMR7	5.554646000000003
MTMR6	9.34628
MTMR4	10.754284000000002
MTMR3	9.388176000000001
LAP3	12.517445999999998
MTMR1	8.629655999999999
YIPF2	9.933418000000001
NAAA	10.537614000000003
NR3C2	8.810773999999999
TSC22D3	11.350866000000003
SFTA1P	0.0
TSC22D4	9.427214
TSR1	9.543207999999998
OR11A1	0.0
FCHSD1	6.122024
FCHSD2	9.433081999999999
CABC1	11.748453999999999
MTMR9L	5.292425999999999
SV2A	4.767273999999999
SNORD123	0.0
SAMD7	0.015134000000000002
LOC349114	4.455106
SNORD126	0.0
SNORD125	0.0
KIAA1161	10.572058
VAT1	11.242371999999998
RAB33B	8.935377999999998
OR1S1	0.0
HIGD2A	10.599106
HIGD2B	0.2934759999999999
OR1S2	0.01291
REXO1L1	0.12906399999999998
UBA52	13.152864000000005
DND1	5.94072
PLCE1	4.553890000000001
NPY6R	2.6512999999999995
FOLH1	9.929431999999998
CD2BP2	9.740299999999998
MESDC2	10.526894000000002
NOBOX	0.0
MIA	0.8086500000000001
NDUFC1	10.210436000000001
RUNX1	8.674756
THEM4	8.102193999999999
LOC100132354	1.001934
GRASP	7.378394000000001
EXOSC8	7.745579999999997
EXOSC9	8.309683999999999
BCKDK	11.316932
EXOSC2	8.364501999999998
EXOSC3	8.057153999999997
EXOSC1	8.395802
EXOSC6	8.58634
EXOSC7	9.02477
EXOSC4	9.121004000000001
EXOSC5	8.683514000000002
ADAMTSL2	10.610807999999999
ADAMTSL3	9.371400000000001
PTGER2	5.6084499999999995
ADAMTSL1	5.9487239999999995
ADAMTSL4	10.365908
ADAMTSL5	5.891466
DEFB108B	0.0
SURF1	11.001396000000002
CYB561	9.174019999999999
TULP1	0.15979400000000002
TULP4	8.248527999999999
C6orf142	8.468260000000004
C6orf141	3.805868
NMBR	0.0946
C6orf147	0.262806
C6orf146	0.285524
C6orf145	12.524049999999997
ZNF569	6.449577999999999
OR5B3	0.0
OR5B2	0.0
KRTAP5-11	0.012766
KPNA2	9.119544
INCENP	6.22763
PTPN2	8.742891999999998
STK33	2.4762959999999996
FARP2	8.839611999999999
KPNA1	10.916278
UPF1	11.140392000000004
FARP1	11.354110000000002
C9orf40	6.287006
C9orf41	7.0673559999999975
WDR36	9.775759999999998
C9orf43	4.3285420000000006
C9orf44	0.171872
C9orf45	4.495965999999998
C9orf46	8.01042
C9orf47	2.015208
BTG4	0.014702
MBNL1	11.033376
LOC256880	0.42566599999999993
FCER1A	4.780825999999999
SYVN1	12.035881999999999
CRYBB2	1.11748
PRMT8	0.0
BTG1	12.544964000000004
OR2A12	0.01717
RPL30	13.579500000000001
OR2A14	0.034249999999999996
TMEM194B	6.716120000000001
SNAP47	9.290977999999999
DEPDC1	2.7067100000000006
DEPDC6	9.079849999999999
DEPDC7	10.442188000000002
DEPDC4	2.605316
DEPDC5	8.935428000000003
KIAA1908	6.3202859999999985
EEF1E1	7.398635999999998
ZFATAS	0.06261599999999999
TEC	6.30407
PSMB11	0.117096
PSMB10	10.439594
PAOX	8.98267
CXorf50B	0.470558
SCYL2	9.525837999999998
SCYL3	8.437097999999999
ZNF396	4.142093999999999
SCYL1	11.518975999999995
LOC388428	0.10466400000000001
STXBP3	9.443682000000004
STXBP2	10.06102
STXBP5	6.884882000000001
STXBP4	5.4379
TMEM133	7.653244
PDE12	9.422646
C14orf166B	0.154788
SMOC2	6.589854
OR4D9	0.0
PDIA3P	11.574797999999998
CYP1B1	8.252915999999997
INS-IGF2	11.555282000000002
SKP1	11.997995999999995
S1PR3	8.472472
OR4D1	0.031394000000000005
OR4D2	0.0
NOC2L	10.758407999999998
TMEM200A	3.6743299999999994
OR4D5	0.023239999999999997
CRYBG3	6.540527999999998
S1PR4	5.4561
FANCG	6.320495999999999
CFLAR	9.949644000000001
FANCE	4.669719999999999
FANCC	9.603506
FANCB	1.2968899999999999
FANCA	6.9188979999999995
ENY2	9.927690000000002
FANCM	5.207188000000001
FANCL	7.7482479999999985
HAS1	2.712662
FANCI	5.725789999999998
HAS3	4.564726
ARSD	11.700628000000002
CA5A	9.185186
KIAA1671	11.461648000000002
ARSE	11.107920000000002
F13B	11.938015999999998
HNRNPA3	11.662132000000001
HNRNPA0	11.255828000000001
HNRNPA1	11.497793999999999
C12orf61	3.8189260000000003
MSH3	8.863969999999998
SLC7A1	6.6010480000000005
RPN2	12.834318000000003
C12orf60	5.235880000000001
LOC100131193	4.012163999999999
GLYATL1	13.100366
MIF	12.165496000000003
EXOC6	8.674019999999999
MC5R	0.0833
DKFZp434L192	0.012766
ARSA	10.671724
WDR31	4.576409999999999
KIAA1109	9.984574
TES	8.391009999999998
ARSB	8.517112
LRRFIP2	10.421264
DUS2L	7.710704000000001
IRS4	0.093184
MYST1	9.190991999999998
EXOC5	9.827632
SLC45A3	9.160256
IRS1	10.774340000000002
IRS2	11.628436
HOXA7	0.9937860000000001
CDK1	4.578520000000001
CDK2	8.676713999999999
CDK3	7.644656
CDK4	10.27181
CDK5	7.933644
CDK6	9.432026000000002
CDK7	7.992484000000002
CDK8	7.073027999999998
CDK9	10.900728
IGLL3	0.19855799999999998
LPAR1	5.588740000000002
HAPLN1	0.364486
C12orf69	4.919166000000001
HAPLN3	4.509608
HAPLN2	0.5606779999999999
ZNF502	5.63989
RAP2B	9.000782000000003
HEXB	11.610004000000002
SAMD1	7.196984
NEURL	4.555309999999999
CEP57	10.271904
FAM188B	6.389436000000002
CEP55	3.188192000000001
TIMM50	9.751703999999998
ARSI	3.952908000000001
LIMS2	10.178539999999996
LIMS3	0.7047259999999997
LIMS1	7.055560000000002
ARSJ	6.445956
PRMT2	9.319147999999998
ARSK	7.179296000000003
SOSTDC1	1.225066
RERE	10.217372000000001
ZFHX3	9.105576
RERG	5.529664
ZNF383	5.675012000000001
FLJ32063	0.100718
DMBX1	0.09468
RGL1	9.154508
ROBO1	7.645386000000001
RGL3	7.683507999999997
RGL2	9.087105999999999
RGL4	3.04628
MIIP	8.49525
OR10Q1	0.136312
HSPD1	13.771127999999997
OGN	5.13376
MTX3	8.013699999999996
MTX2	8.955928000000002
MTX1	9.851274
LOC728723	2.815426000000001
AMD1	10.237233999999999
PRKCI	8.347254
PRKCH	8.290764000000001
SYN3	1.3911820000000004
LIAS	8.123403999999999
PRKCA	9.258976
ATP10A	4.695391999999999
ATP10B	1.9664419999999996
C9orf98	1.4723700000000008
ATP10D	7.73787
PCDHB9	3.175614
PRKCG	0.272946
TNNC2	1.5204680000000002
HIST1H3B	0.309648
HIST1H3C	0.712574
HIST1H3A	0.46846199999999993
HIST1H3F	0.020308000000000003
HIST1H3G	0.141274
HIST1H3D	2.5096800000000004
HIST1H3E	3.5818559999999993
HIST1H3J	0.046926
OR5T3	0.0
HIST1H3H	2.46185
HIST1H3I	0.137356
SEC11A	11.038274
LYZL4	0.0
SEC11C	11.008361999999998
MATK	6.04196
ROBO3	5.4391359999999995
PMF1	10.024578000000002
BZW1	12.481393999999998
TSGA10IP	0.44132599999999994
LOC154761	4.164207999999999
RAPSN	1.343924
SCRIB	9.896624
TYMS	7.312475999999998
TYMP	10.839360000000001
RIF1	8.254847999999999
ZNF790	7.179166000000001
ZNF791	6.579872
ZNF792	5.600092
ZNF793	3.585664
PPWD1	8.010262
ZNF436	7.037155999999998
MUL1	10.00391
LAMC2	6.206296
PCDHB1	0.14330199999999998
MGC16703	2.345698
ROBO2	3.6032200000000008
WWP2	9.835644
NAA15	9.283494000000001
TBX15	10.254703999999998
OR5T1	0.0
SPTLC1	9.427698
DAPL1	0.29467999999999994
C15orf44	9.564472000000002
PPIL2	9.843416
PPIL3	7.901702000000001
PPIL4	8.859304
PPIL5	6.399450000000002
PPIL6	3.3909400000000005
SLC35C2	10.289818
MYADM	11.317794
SLC25A13	12.154201999999998
SNORA14B	0.095192
LOC339524	5.553502
PPP1R7	10.280099999999997
PHLPP1	10.346158
CCDC99	5.393456000000002
PPP1R2	9.288084000000001
CCDC94	8.856182
CCDC96	4.809202000000002
CYP4F11	11.66981
CCDC91	8.109382
CCDC92	9.99912
CCDC93	7.922834000000003
ZNF570	4.623709999999999
GSTA4	8.362118
SORBS1	11.034054000000001
RTN4IP1	7.749583999999999
ZNF574	8.420696
C15orf42	2.16764
ZNF576	8.035779999999999
ZNF577	5.900911999999998
TRPV5	0.21631999999999998
FAM25B	0.027814000000000002
FAM25A	0.24579399999999998
PDZRN3	5.855063999999999
MFAP2	4.012444000000001
SETDB1	8.935657999999998
PRTN3	1.030328
ROBO4	8.811501999999999
CTSH	11.807783999999996
CTSK	6.979307999999999
ZNF645	0.0
CTSO	11.51252
CTSA	12.193688
CTSB	15.449116000000005
CTSC	10.426368000000002
CTSD	15.355024
CTSE	2.898092
CTSF	11.900567999999996
CTSG	3.863243999999999
RPL14	12.726220000000001
POSTN	6.96232
CTSZ	13.518706000000002
RPL17	11.931752000000003
RPL10	13.511388
RPL11	13.833344
GPATCH8	8.958708000000001
RPL13	14.006516000000001
PRKAR2B	7.028694000000001
FGFR4	11.56487
CTSS	11.603190000000001
FGFR2	10.897594000000002
FGFR3	10.233485999999997
CTSW	6.562760000000001
CXCL1	6.670910000000001
NAA10	9.576265999999999
CXCL3	3.555714000000001
CXCL2	11.192165999999995
CXCL5	3.851628
VPS4A	10.450266000000001
CXCL6	7.249715999999999
CXCL9	8.403485999999997
PRMT5	9.604694000000002
INCA1	4.665187999999999
SORBS3	11.797356
NINL	8.106568
LOC646627	0.09469999999999999
SYP	4.141936
LOC100132215	3.7280540000000006
AMMECR1	7.537570000000001
KRTAP23-1	0.0
KIAA1310	9.734662
PRRX2	0.5762580000000002
METT10D	8.397266000000004
LRRIQ3	3.2650779999999986
CSRP2BP	9.17317
EMD	9.998489999999997
RGR	0.036149999999999995
NLRP14	2.8347759999999993
EMB	6.917711999999999
ZGPAT	12.305245999999997
SNORD48	0.0
USP28	8.487399999999997
SORBS2	11.777655999999997
GJC3	3.3117619999999994
TMEM150A	9.525814000000002
LOC644669	0.019772
PDZK1IP1	6.5973180000000005
MIP	4.023112
LOC100287227	3.1848300000000007
SUDS3	9.439846
MBL1P	4.101661999999999
RGN	12.955255999999997
AP2S1	10.966782
FLJ25363	0.10615000000000001
PIAS3	7.451278000000001
NCRNA00093	3.4449859999999997
ZNF580	6.821522000000001
AFF4	11.548228
AFF3	7.584502000000001
AFF2	1.0800879999999993
AFF1	10.744535999999998
USP22	10.93447
CARD9	4.832168000000001
CARD8	8.560611999999999
USP21	7.2339660000000015
ALDH16A1	9.662440000000002
USP20	9.232694
CARD6	7.628419999999998
THRSP	11.786256000000003
SAE1	10.037057999999998
OR5L2	0.0
KIAA0195	9.984266
KIAA0196	9.363971999999997
ERP27	3.083982
HMP19	0.8607240000000002
ERP29	12.808278
PSMB8	11.106879999999999
PHKA1	6.360888
GCKR	11.25733
PHKA2	10.80543
UBA6	9.178519999999999
PDP1	7.428924
PDP2	6.974338
UBA5	9.713300000000002
UBA2	10.261259999999998
TRRAP	9.834560000000003
UBA1	12.348010000000002
LOC283174	1.9803600000000003
PWP1	9.498992000000001
PHF20	9.047992000000002
PHF23	9.512237999999998
ABCA10	5.803155999999999
UBE2H	9.850987999999997
ABCA12	0.5427839999999999
ABCA13	3.2799899999999997
UBE2M	9.81362
FAM162A	11.423839999999998
FAM162B	2.605051999999999
NAA11	0.016357999999999998
UBE2A	9.534332000000001
ZNF134	6.884549999999999
UBE2C	3.7559560000000003
ADAMTS2	8.064866
SI	0.078994
UBE2F	9.553196
UBE2Z	10.560422
FGGY	10.245838000000001
IDH3G	9.908392
UBE2S	6.727366
RPAIN	9.118147999999998
TOP3A	8.590474000000002
UBE2T	3.9562200000000005
UBE2W	9.177812
TOP3B	7.625458
OR51F1	0.036908
TAC1	0.6199819999999999
PTGFR	5.234629999999998
OR51F2	0.01395
HHIPL2	0.6910260000000001
LIPT1	6.501091999999997
ADAMTS9	7.044755999999999
SCG2	0.5554360000000002
ILK	10.811651999999999
RPRML	0.74653
ADAMTS8	2.6516740000000003
LOC283332	0.0
LOC440563	0.345398
SDHAP3	7.406080000000002
FLJ34503	0.6754000000000001
ARHGEF1	10.209688000000005
RASL12	4.104502
FAM48B1	0.09500000000000001
TIMM44	9.534662000000003
PROKR1	0.18382400000000002
CPXM1	3.0651160000000006
PNO1	8.464992
CPXM2	6.419172
PDE3A	4.90675
BMP2K	7.4341099999999996
MTG1	9.773582000000003
C20orf135	6.324286000000001
C20orf134	3.130184
C1orf87	0.09047400000000001
RABEP2	8.131834000000001
C20orf132	5.527316
SHB	10.771268000000003
SRRM3	3.031936
LFNG	6.561503999999997
PENK	0.33173600000000003
MORF4L2	11.932764000000002
MORF4L1	11.577458000000002
COCH	3.1567380000000003
NDUFA6	10.807573999999999
LOC100124692	0.6796039999999999
NDUFA4	12.250096000000003
NDUFA5	10.84643
NDUFA2	10.986151999999999
NDUFA3	10.084572
NDUFA1	11.153724000000002
C21orf70	8.050457999999999
C21orf71	0.9415700000000001
FOXR1	0.01738
MAP1LC3B2	7.843095999999999
NDUFA8	9.841809999999999
NDUFA9	10.870746000000002
GPR64	4.359778
GPR65	6.240785999999998
FLT3LG	6.4295719999999985
GPR63	0.4318200000000001
GPR61	0.4036140000000001
INE2	2.18356
IMPG2	0.601318
INE1	2.9522240000000006
FAM171A2	2.4555759999999993
GPR68	4.5390299999999995
FAM171A1	9.654126000000002
LOC728264	4.743194
KIAA1967	10.287397999999998
RP1L1	1.226412
SNORD114-9	0.0
TBL1XR1	10.709701999999995
SNRK	10.497982
SVIP	8.011657999999999
ASMT	0.33425799999999994
NBR1	12.25144
IL6	4.3001619999999985
IL7	6.497014
IL4	0.0
IL5	0.032492
IL2	0.15229399999999998
IL3	0.024286
CFC1B	0.0
VWA5A	8.020548
ZNF443	5.792852
IL8	8.063935999999998
IL9	0.0
DTX4	9.326682
GNS	11.844975999999999
ATP5L2	0.506632
PLGLB2	13.37875
DTX1	10.317576000000006
DTX2	8.255971999999996
DTX3	6.797841999999999
BIRC7	1.239622
BIRC6	10.576678000000001
BIRC5	3.0610240000000006
BIRC3	9.046194
AIP	10.208096000000001
EIF6	11.909205999999992
LASS4	10.915847999999997
OXR1	9.621160000000005
ANKRD19	5.435741999999999
ANKRD16	7.069773999999998
ANKRD17	10.645590000000002
RB1CC1	10.123092
INSM1	0.314898
ANKRD12	9.458103999999999
ANKRD10	10.050175999999999
ANKRD11	10.266962000000001
UROS	9.978964000000003
POLR2G	9.296071999999999
LOC100192426	0.090154
?|388795	0.511304
TMEM37	11.102162
AKR1E2	2.3994200000000006
SNORD46	0.0
NSF	9.387744
TMEM33	11.250706000000003
STK38	9.838182000000002
SPHKAP	0.13466
PDPK1	9.43783
DMC1	0.8615419999999999
NT5C1A	0.053998
MYH1	0.340826
MBL2	12.729257999999998
NT5C3	7.756092
NT5C2	9.865908000000003
PUS3	9.242393999999999
MEA1	10.007914000000001
POU3F2	0.10722799999999999
OTOP3	0.033484
OTOP2	0.037216
SNORD115-2	0.0
SNORD115-3	0.0
POU3F4	0.0
KDELR2	13.265512
TTLL1	5.465706
MNS1	4.218448000000002
REP15	4.322226
HAGHL	2.2510899999999996
POLR2J4	7.092262
SNORD22	0.19332000000000002
DPRX	0.017891999999999998
KRTAP4-11	0.029449999999999997
OR14J1	0.0
KRTAP4-12	0.058724000000000005
FAM53B	7.726484000000002
FAM53C	9.040254
FAM82B	10.183584000000002
FAM53A	4.527586
KRTAP26-1	0.0
C10orf105	4.344266
SNORD27	0.0
C10orf107	1.301216
SDS	14.052264000000003
CYCSP52	0.017294
C10orf108	7.807852
SFRS8	8.767588000000003
ANO10	8.413796000000003
POGZ	9.775148
ACRC	3.2342039999999996
GSTCD	6.366935999999999
LDB1	8.655421999999998
PRUNE2	6.142382000000001
SFRS6	11.633104000000001
SIGLEC12	2.831918
TMOD3	10.045547999999998
CRIM1	9.953009999999999
KCNK6	6.6519
PABPC4L	2.258778
PARG	8.097558000000001
AOC3	9.755100000000002
AOC2	4.395448000000001
TIMP3	12.198744000000001
PEX11G	8.722010000000001
EPX	0.545316
PARS2	6.9269099999999995
NRCAM	4.32538
MLH3	8.166000000000002
PARL	9.832122
MCF2L2	1.3761959999999995
TNFAIP8L1	9.619464000000002
KCNK1	8.672263999999998
EPO	6.3007979999999995
PI4K2B	10.691319999999996
KCNK2	1.651112
PI4K2A	9.621742
HIBADH	12.153586
KCNK3	4.511056000000002
NHLRC3	9.710008
NHLRC2	7.161765999999999
NHLRC1	6.972154000000001
CXorf58	0.8449199999999999
CXorf59	0.3833139999999999
RPP40	6.891572000000002
NHLRC4	2.87143
PAFAH1B1	11.003282000000002
CXorf56	6.866057999999999
CXorf57	5.225316
CXorf51	0.0
LYZ	10.735262
SYCE1	3.4224100000000006
SUSD4	6.731954000000002
SUSD5	3.622374
CGREF1	7.560320000000002
SUSD3	8.235316000000001
SUSD1	6.555077999999998
POLR2F	10.290745999999997
TRIML2	0.068946
LYN	9.478289999999998
PAFAH1B2	7.841662000000001
PRH2	3.285504000000001
LOC441177	0.016668000000000002
TINAGL1	9.554338000000001
VAMP1	6.191349999999999
PSORS1C1	0.75867
PSORS1C3	0.78854
PSORS1C2	0.190284
LY9	5.145410000000002
PAGE2B	0.283926
SUCLG2	12.597794
VCX3B	0.216174
VPS13D	10.244245999999999
PTX3	3.1811160000000003
SEC23IP	9.669941999999999
DOHH	8.078241999999996
IP6K3	6.930682000000001
IP6K2	9.42165
CWC15	9.869328000000001
GH1	0.185692
OTUD6B	7.141273999999999
NACC1	9.952052
BRSK2	0.78059
BRSK1	2.4466020000000004
SNRNP200	11.81682
MEPCE	10.332396000000003
TNIK	7.035831999999998
SH3KBP1	9.257888000000001
DDX4	0.058567999999999995
DDX5	13.107098
DDX6	10.881243999999999
INADL	9.816094000000001
TLR6	4.1052159999999995
DDX1	10.910249999999996
LOC286467	0.4739300000000001
PTX4	0.156194
MYO15B	8.72247
MYO15A	3.7292920000000005
HSN2	2.0814340000000002
MYADML	0.07559199999999999
POM121L10P	1.6579739999999998
NUP205	8.744770000000003
ZNF215	2.7293439999999993
HLA-J	2.730602
ZNF217	9.68969
HLA-H	10.780786
ZNF211	6.581558
SLC7A8	8.667501999999999
HLA-L	4.483039999999999
F8A1	7.8586659999999995
HLA-B	14.79296
HLA-A	14.37721
NFKBIA	12.148846000000002
FMN1	1.842552
HLA-F	10.56726
HLA-E	13.202321999999997
FMN2	0.516966
NFKBIZ	9.310647999999997
TDRD12	0.15249600000000002
PSTPIP2	8.222634000000001
ARID4A	9.404343999999998
ARID4B	9.273587999999997
PSTPIP1	5.383820000000001
MMS19	9.227312
PLAC1	0.6192120000000001
FAM75A2	0.015069999999999998
FAM75A3	0.0
CRYZ	12.318498
FAM75A6	0.0
HAUS6	7.844087999999998
DKFZP586I1420	7.609363999999999
HAUS4	9.452878000000002
HAUS5	7.398511999999998
HAUS2	8.278777999999999
HAUS3	7.307675999999999
HAUS1	7.052869999999998
PRSS33	0.26645399999999997
SLC5A10	2.8207679999999993
SLC5A11	2.730194
PRSS37	0.10904
NR5A2	10.717215999999999
NR5A1	0.356528
ZNF389	1.3238739999999998
DLX4	0.7999679999999998
DLX5	0.178342
DLX6	0.050318
MYD88	11.302797999999997
DLX1	0.22753399999999996
DLX2	0.09623000000000001
DLX3	0.468148
TLX1	3.455202
ACVRL1	7.558813999999996
PACSIN2	9.679452
TFEC	5.822213999999998
SNX16	6.745788
TUBA3D	2.0431880000000002
C13orf1	8.869384
SYNPO2	8.947656000000002
ZNF805	7.857046000000001
ERVFRDE1	2.9877640000000008
HIST1H2BD	8.989096
HIST1H2BE	3.331616000000001
HIST1H2BF	0.252036
HIST1H2BG	1.6812159999999998
SNORD105	0.0
HIST1H2BA	0.033166
HIST1H2BB	0.139886
HIST1H2BC	6.776212000000002
HIST1H2BL	0.255692
HIST1H2BM	0.05525
HIST1H2BN	2.4206
HIST1H2BO	0.9471920000000003
HIST1H2BH	0.4079299999999999
GATAD1	9.328053999999998
HIST1H2BJ	3.210648000000001
HIST1H2BK	10.306474000000001
SEC23B	10.159912000000002
TMEM160	6.734709999999998
VAV1	6.937890000000002
VAV3	6.334878
ADIPOR1	11.624556000000002
TNFAIP1	10.951394
SLC22A18AS	6.961759999999998
TNFAIP3	9.729794000000002
TNFAIP2	10.055756000000002
RRAD	5.515262
IPO8	10.350839999999998
IPO9	10.085516000000002
IPO7	11.227432
IPO4	9.482092000000003
CTAG1B	0.15096199999999999
USP44	1.851802
NRBP2	10.586614000000004
NRBP1	11.053122
RTF1	10.062109999999999
DTX3L	11.299042
TFDP2	7.936009999999999
SILV	7.610824
PAPL	0.235174
GHRHR	0.9116099999999999
SDCBP	11.732598000000001
SPANXN4	0.0
FOXN4	2.7845519999999997
STARD13	8.658170000000002
DCAF8L1	0.018534
DCAF8L2	0.014628
LOC401397	9.080218
ZNF223	5.25732
LRRC58	9.503576000000002
ZNF521	5.133249999999999
LMBR1	9.321892
RAB8B	8.876511999999998
DEFB106A	0.0
RAB8A	11.356981999999999
NR6A1	2.4717359999999995
PYHIN1	4.828652
C6orf163	1.4134519999999997
C6orf162	6.94337
C6orf165	1.6980440000000003
C6orf164	1.8967959999999997
C6orf167	5.146594
SCPEP1	9.773013999999998
GAS2L2	0.16628199999999999
MGAT5B	1.376804
OR13D1	0.023313999999999998
REPIN1	11.01849
ARL17B	0.847196
ARL17A	5.178880000000003
GABPB2	5.4498440000000015
PAQR8	6.123324000000001
GABPB1	8.214246000000001
PYGO1	0.9781380000000002
PYGO2	9.293282
PHYHD1	10.166039999999999
PAQR3	7.541967999999998
MARK3	9.710886
ANKRD34A	2.8140740000000006
PAQR4	6.430167999999998
ANKRD34C	0.124158
ANKRD34B	0.317238
FERMT2	11.488253999999998
FERMT3	8.490088
HOXB7	3.5489680000000003
FERMT1	4.11537
NME2P1	5.4104920000000005
FADS1	10.415264
?|100134869	1.3402159999999999
FADS2	11.470385999999996
CRNKL1	9.246054
FADS6	7.404926000000002
SIL1	11.465148
HCG18	7.241399999999998
SYNGR1	7.43909
WDR92	7.293440000000001
SYNGR3	2.2056060000000004
SYNGR2	11.271527999999998
HCG11	5.449539999999998
CTDSP1	12.170986000000001
NXT2	7.86043
PRR5L	5.992639999999999
NXT1	7.8394020000000015
CTDSP2	11.408655999999999
DGUOK	9.400574
CSE1L	10.237126
RFPL3	0.207064
SNTN	0.13084199999999999
MAK16	8.379854
LOC100128288	3.410466000000001
ACSL3	10.993114
SP8	0.055222
PMVK	10.699104
PAQR6	3.858282
PET112L	9.658532000000001
AMZ2P1	6.49084
ACAD10	10.616209999999999
ACAD11	12.132714
AWAT1	0.307778
AWAT2	0.365992
SAMD8	5.586443999999999
RAGE	5.551622000000001
VWDE	1.977034
C5orf28	7.093257999999997
ZADH2	10.250347999999999
SP9	0.0
C5orf22	8.643021999999998
C5orf23	7.571388000000002
C5orf20	2.8517459999999994
PLOD1	12.350022000000001
?|729884	0.218766
C5orf24	10.446876
C5orf25	8.256663999999999
DNASE2	10.555833999999997
DNASE1	3.2956180000000006
GRIN2A	1.611834
C9orf66	3.964857999999999
C9orf64	9.447064000000001
C9orf68	6.671906000000002
C9orf69	9.307742000000001
UQCR10	11.171753999999998
TDRD10	4.726012000000001
KLHDC8B	8.395143999999998
SLC45A4	5.925276000000001
KLHDC8A	1.282406
RAD21	11.190498000000002
LY6K	1.9798080000000005
ANLN	3.797754
MYOM2	7.036236
DVWA	0.11389
PTPDC1	5.310964000000001
USP13	8.806888
ALDH6A1	12.862328000000005
USP11	9.674086
USP16	9.662533999999999
NR2E1	0.594032
USP14	9.703386000000002
NR2E3	1.118214
SSBP1	10.084580000000003
ZNF878	2.057676
SSBP3	9.941996
SSBP2	5.6110880000000005
BCL10	8.438286
GSG2	1.9005440000000005
INPP1	9.422216
GFI1	4.215692000000001
PSME3	10.363310000000002
IL27RA	6.615127999999999
UNC45A	10.075338
RLTPR	3.865176000000001
UNC45B	1.3651780000000002
TMCC3	7.5962559999999995
PIGR	11.441362000000002
DUS4L	6.72342
TPD52L3	0.01694
TAP1	10.180971999999999
SDCCAG8	8.004531999999998
CRKL	10.623088000000001
ZCCHC12	0.606738
VAMP2	10.43258
DAND5	0.4303680000000001
JPH2	2.779842
JPH3	1.581618
JPH1	2.9932220000000003
UBAC2	10.596348
JPH4	3.641854000000001
C11orf75	10.077993999999999
ZCCHC17	8.347581999999997
TYK2	10.248412
ZNF787	9.987716
ZNF350	6.837636
NOS3	8.056894
SOS1	9.620048000000004
MT1L	8.938941999999997
NCAM1	7.158273999999998
AMZ1	3.4169739999999997
AMZ2	9.359444000000003
OR12D3	0.0
BOD1	9.112178000000002
SUPT5H	11.198772000000004
ZC3H8	5.9891260000000015
RETN	0.6813539999999998
TMEM87B	8.609637999999999
FAM190B	9.704778
RBMY2EP	0.0
SPANXN1	0.0
RPTN	0.15264
MT1H	11.228616000000004
BRS3	0.020291999999999998
SH3D19	11.29463
SF3A1	11.059444000000001
ARHGEF10	6.365923999999999
ARHGEF11	9.225761999999998
ARHGEF12	12.634412000000003
PPP1R14C	0.6983699999999999
SLITRK2	2.0535840000000003
ARHGEF15	7.09495
ARHGEF16	7.357982000000003
ARHGEF17	8.276418
ARHGEF18	9.580416000000001
ARHGEF19	5.337854000000001
MOBKL1B	8.554984000000001
MOBKL1A	8.519252
PAPPA	4.469026
FXR1	10.690192000000001
FXR2	9.706045999999997
LOC400927	2.383284
PIK3C2G	8.967155999999997
DHX29	9.527253999999997
ZNF764	7.194785999999998
NEGR1	3.55202
NEUROD6	0.21705599999999997
CYP4X1	7.279933999999998
SHCBP1	2.968866
SNAP91	0.270578
TNKS2	10.047576
SGK1	11.512715999999998
LST1	7.829727999999999
D2HGDH	9.588578000000002
TARM1	0.04803000000000001
MITD1	7.395142
MGC16275	4.4306779999999995
CEP76	7.004868
CEP70	8.689718000000001
RHBDD3	8.683741999999999
CEP72	5.418697999999998
RHBDD1	8.226180000000001
ZNF776	7.964701999999999
KLC1	9.334436
KLC2	7.228376000000001
KLC3	2.8410919999999997
CEP78	6.972805999999999
ZNF773	5.516464000000001
ZNF770	9.895598000000001
CDRT1	0.7599380000000001
FBXW12	0.0
USP17L2	0.018302
FBXW10	1.2328360000000003
FBXW11	9.914414
HINFP	7.547080000000001
CCDC142	6.3934299999999995
SNORD35A	0.0
SNORD35B	0.0
C14orf43	9.574825999999998
GPLD1	9.907716
C14orf45	6.139472000000001
OR2W3	0.8516580000000001
BAZ2A	9.911866000000002
C14orf49	4.719072000000001
C14orf48	0.06596199999999999
OR2W5	0.0
CHCHD2	12.153066000000003
CHCHD3	9.236223999999998
CHCHD1	9.535534
CHCHD6	6.590306000000001
CHCHD7	8.867386
CHCHD4	8.432882000000001
CHCHD5	8.977766
MST4	7.218212000000001
CHCHD8	10.447406
LCTL	0.7326780000000003
RFK	9.739465999999998
MST1	13.783672
VNN2	6.763668000000003
OVCA2	9.483269999999997
TMTC4	8.741307999999998
VNN3	9.441899999999999
ZNF512	7.935803999999998
ZNF513	8.977007999999996
GDF15	10.625422
ZNF511	9.586109999999998
OR5AR1	0.0
HNMT	11.974878000000004
GDF11	5.962485999999999
GDF10	1.8076199999999998
TSPYL4	8.398168
DLG1	9.966779999999998
TSPYL6	0.149628
TMTC1	7.515819999999999
TRAPPC2P1	6.988781999999999
TSPYL3	1.6063920000000005
RPH3AL	9.06665
SAMD14	3.748401999999999
IAPP	2.0807579999999994
SLC39A8	10.483500000000001
SLC39A9	11.377721999999995
MSTN	1.2433920000000003
HIST2H3D	0.304512
HIST2H3C	0.44895799999999997
NBLA00301	6.704643999999999
SAMD12	7.104333999999998
SLC39A2	1.2757339999999997
SLC39A3	9.048829999999997
SLC39A4	7.200934
SLC39A5	12.519733999999998
SLC39A6	9.098466
FLJ40504	0.059289999999999995
RBMY3AP	0.0
WDR18	9.918455999999999
MFSD2B	3.1997479999999996
GZMA	6.865945999999999
GZMB	5.413672
GZMM	5.606330000000001
TBL1X	10.119203999999998
MTHFD1L	6.0981999999999985
GZMH	5.765301999999999
GZMK	6.6336239999999975
MSRB2	10.563184
ZNF26	6.740704000000001
PMS2L3	3.7954200000000005
TMX2	10.973778000000003
TKTL1	1.83226
C20orf3	13.396661999999997
VWF	9.180686
C20orf7	7.595912000000001
TKTL2	0.185502
ZNF845	6.0185580000000005
C20orf4	10.040033999999999
MYH10	10.872138
MAP4K1	6.0827800000000005
MYH13	0.316764
MYH14	11.808912
MYH15	0.728484
MYH16	0.071126
KIAA0355	8.854455999999997
LOC493754	8.007361999999999
LOC647288	4.0425260000000005
RET	6.714346000000002
PEX19	11.989012000000002
MAP4K2	7.324559999999999
REN	3.1169800000000008
REL	5.456016000000001
MAP4K5	8.593684
SH3BP1	6.8199380000000005
PIK3AP1	12.052080000000004
MAP4K4	10.897931999999994
HMBS	8.983972000000001
SFRS17A	9.330726000000002
CDH17	1.3457999999999999
KLRG1	4.94088
HARS	10.12407
WNT9B	1.061734
SP6	2.247338
ZNF28	6.374668000000002
GBF1	10.477750000000004
TBC1D3G	1.228354
ZC3H3	8.68976
JTB	11.847586000000002
SLCO4A1	4.745818000000001
MIR155HG	2.7595860000000005
NYX	0.020291999999999998
TMEM225	0.0
SYCP3	0.07987400000000001
ROM1	6.3211200000000005
OR6K3	0.02089
OR6K2	0.0
PNMA2	5.560838000000001
DNM1P35	2.5696540000000003
PPEF2	0.39946200000000004
OR6K6	0.0
PPEF1	0.5368160000000001
OR4A15	0.0
WEE2	0.4241479999999999
LEF1	3.6956819999999997
PRPH2	2.1031459999999997
LMBRD1	10.999514000000001
SEMA5B	4.24296
FEV	0.051682000000000006
MTFMT	8.107533999999998
TMEM63C	2.5728959999999996
KIAA1598	10.247082
NAA38	8.134738
FLJ40434	0.0
ZMYND17	6.806894000000001
ZDHHC20	5.871016000000002
NAA35	7.898999999999998
NTN3	2.243594
NAA30	9.385157999999997
NTN5	1.3409
LOC100169752	0.0
FITM2	5.795936
FITM1	7.662894
IFNA21	0.020218
RPS10P7	5.383226000000002
TTTY22	0.0
MIR17HG	4.0867320000000005
ATAD2B	7.793806000000001
PLGLA	6.068894
TMEM168	8.187195999999998
GREB1L	5.087768
B4GALNT4	1.7905620000000002
RBM6	9.483706000000002
RBM5	10.0223
RBM4	10.513471999999997
RBM3	10.500000000000005
B4GALNT1	2.8200419999999995
B4GALNT2	0.122078
B4GALNT3	3.3568160000000002
OR51D1	0.0
OCEL1	10.096533999999998
LOC283314	7.540452000000001
RBM9	9.881564000000001
CAT	14.527159999999999
GMCL1	7.534
ZBTB25	5.603894000000001
AP1S1	9.779280000000002
AP1S2	7.698023999999999
AP1S3	5.533296
NDE1	6.831023999999998
SNORD24	0.0
VSTM2B	0.0
WWP1	11.768908000000001
CAD	8.320101999999999
PGF	6.456584
PGD	11.197613999999996
C20orf118	3.3462620000000003
PGC	0.41032399999999997
SNAR-B2	0.0
SNORA8	6.775266
LOC150786	4.762560000000001
C20orf112	7.9699420000000005
C20orf111	9.20795
C20orf117	4.985636
C20orf114	0.5681439999999999
DEFA6	0.028635999999999998
DEFA5	0.0
DEFA4	0.777102
PGR	4.930688000000001
PGP	8.176590000000003
POTEH	0.0
POTEG	0.016086
POTEF	2.0447839999999995
POTEE	1.296758
POTED	0.0
IVNS1ABP	10.706658000000003
POTEB	0.034086
POTEA	0.0
ASIP	2.141224
C21orf90	1.239832
C21orf91	8.871682
NDUFC2	12.149097999999999
C21orf94	0.0
C21orf96	0.153222
C21orf99	0.036942
LOC644538	5.2954740000000005
BMI1	10.189239999999996
MRS2	9.152080000000002
COX4NB	8.625182
SEPSECS	10.653304000000006
ZNF500	6.742228
GPR44	4.074144
GPR45	0.49862599999999996
SLC45A2	2.3421619999999996
LYZL6	0.122378
NRP1	11.014895999999998
NBPF14	7.171585999999999
C12orf63	0.9453619999999999
C12orf62	10.181424000000002
CA9	5.490691999999998
CA8	0.9821860000000001
C12orf66	7.389229999999999
C12orf65	8.098948000000002
CA3	4.049455999999998
CA2	11.905092
CA1	1.6276340000000002
C12orf68	3.83562
CA7	0.099088
CA6	0.09789399999999998
ARMCX1	6.344534000000002
CA4	1.400394
FUT7	3.173972000000001
FUT6	8.671248000000002
FUT5	3.2145300000000003
FUT4	7.150277999999999
FUT3	4.439278000000001
FUT2	2.604404
FUT1	5.4034020000000025
MAGEA9B	0.11039800000000001
MAGED4B	4.153963999999999
KRT33A	0.0
FUT9	0.031484
FUT8	6.400688000000003
PTMA	13.039782
GHR	12.674591999999997
ATP5J2	10.878665999999999
GSTA5	0.23449599999999993
SF4	8.954314
RPE65	0.050354
GSTA1	15.031694
GSTA2	12.862624000000004
GSTA3	0.177662
SNORD28	0.0
VTCN1	6.167172000000002
MKX	4.684792000000001
NCRNA00099	0.019054
NLGN2	7.226202000000003
FBLN2	8.70852
FBLN1	8.582154000000001
NCRNA00094	7.921701999999999
FBLN7	7.465178
NCRNA00092	3.3419840000000005
FBLN5	10.170724
ZNF586	6.317718
LOC100132831	0.257756
LOC100132832	1.7615219999999996
TRAF1	6.959971999999999
NHEG1	0.016357999999999998
GAN	4.751531999999999
OSBPL6	6.813662000000001
ZNF238	9.589554
DYNLT1	9.75661
NIPBL	9.971419999999997
DYNLT3	9.774824
STRAP	10.826632
C1orf84	3.1444039999999998
C1orf85	10.779862000000003
C1orf86	8.82551
CBFB	8.984212000000001
NLGN3	2.9155099999999994
C1orf83	6.348960000000001
VAMP3	10.511914000000004
GAK	10.773081999999999
PA2G4P4	5.189315999999999
C1orf88	2.07048
C1orf89	5.338974
ZNF234	6.232162000000001
TOMM7	10.930428000000001
MDH1	12.096934000000003
STRA8	0.047392000000000004
SIM1	1.22088
STRA6	0.757314
HGC6.3	0.24689799999999998
RPL23AP7	4.753726
PEX11A	8.730422000000003
NRG1	7.634044000000001
SIGLEC14	5.249446000000002
PEX11B	9.525292000000002
CGNL1	11.518182000000001
APCDD1L	0.805384
SIGLEC11	6.168208000000001
TMEM93	9.134714
GTF2F1	10.263394
KIFC2	6.964992
KIFC3	9.947234
PAFAH1B3	6.946727999999999
KIFC1	4.281673999999999
C10orf125	11.618726000000002
C10orf122	0.0
GH2	0.0
C10orf120	0.0
GTF2F2	8.152694000000002
C10orf129	0.26915599999999995
C10orf128	3.0101380000000004
SFN	4.276002000000001
NLGN1	0.7092020000000001
CYLD	9.93558
EID3	3.612393999999999
EID1	11.532993999999999
HCRTR1	0.27973200000000004
ACTB	16.115363999999996
HCRTR2	0.202704
STARD10	13.286810000000001
DMRT1	0.02089
DMRT2	0.28830999999999996
DMRT3	0.07608999999999999
HSPB7	4.383771999999999
ZXDC	9.799692000000004
PROS1	13.506299999999994
AMAC1L2	0.332982
AMAC1L3	0.159856
OR52E4	0.0
HSPB2	4.8839559999999995
VAX1	0.06573999999999999
CRADD	9.217446
NCKAP5L	8.335169999999998
MT1X	14.387397999999997
SUCNR1	5.316934000000001
PPIP5K2	9.27294
PLA2G12B	10.225999999999994
ADAR	12.417854000000004
NRGN	5.764987999999999
HSBP1L1	8.386538
MT1M	11.362243999999999
HSFY2	0.02798
ADAL	7.440906
MAP1LC3B	10.582751999999997
IQCA1	2.4766320000000004
SF3A3	10.263435999999999
MT1E	14.243251999999998
MT1F	12.270754000000004
MT1G	14.719550000000002
MT1A	9.240067999999997
MT1B	2.4869800000000004
ZNF185	6.406088000000002
ZNF184	6.34504
ZNF187	7.021527999999998
PKN2	9.515915999999999
ZNF181	7.99377
ZNF180	6.882366000000002
ZNF182	6.562803999999997
TRA2B	10.917379999999998
SPI1	8.704659999999999
ZNF189	8.595645999999997
TTPAL	10.457255999999997
TIFA	8.175486
TFCP2L1	3.6131240000000004
ZNF25	6.835922
ZNF24	10.846439999999998
LYRM1	10.621100000000002
INTS10	10.553008
ZNF20	5.752042
ZNF23	7.260141999999998
ZNF22	9.81399
BLVRB	12.219342
BLVRA	7.627686000000002
OR52E8	0.0
GLTPD2	9.769510000000002
GLTPD1	10.996604000000001
EPOR	7.2480720000000005
WBP2NL	1.37249
PION	8.998351999999999
SEMA5A	9.066126
SH3TC2	3.317696
SH3TC1	9.707003999999998
ERAS	1.043532
LYNX1	9.740180000000002
SNORA9	0.016902
BBS10	8.060042
TRIM77	0.074876
BBS12	4.793392
HS6ST1	10.511524000000001
HS6ST2	2.2163640000000004
HS6ST3	0.7419740000000001
SNORA1	0.0
RHOBTB2	7.321131999999997
LUZP1	8.081737999999996
OR1J4	0.013438
MYH8	0.19853200000000001
OR1J1	0.0
SNORA6	0.13299999999999998
XKRY2	0.0
UBASH3B	6.156084
LOC143666	4.431142
LOC440461	1.4409260000000002
MOAP1	9.508368
ZNF239	3.9162460000000014
DKFZp566F0947	0.5387079999999999
UBL4B	0.06691
ZNF236	7.053653999999999
FLJ40330	2.5293499999999995
UBL4A	9.595023999999997
TCERG1	8.374201999999999
SENP6	10.011299999999999
ZNF230	5.972979999999999
CNBP	13.310923999999998
RNPEP	10.726737999999997
ZNF826	2.572774000000001
SRRM5	3.5542120000000006
LOC391322	1.803864
RNF113B	0.21614999999999998
KRTAP25-1	0.0
RNF113A	8.288134000000003
INTS12	8.639626
INO80E	8.984363999999998
SEMA4G	10.940206
ZDHHC23	7.235655999999998
FAM75C1	0.09554
FAM35B	9.229468
CERCAM	6.930345999999997
FAM35A	9.975098000000001
ZNF827	3.3683319999999997
RANBP9	9.825844000000004
GABRG2	0.0
NAE1	8.974018000000001
NCRNA00159	0.0
RANBP1	9.960822000000002
RANBP3	9.861682
RANBP2	10.867922
LYRM5	10.245244
ZNF131	8.124865999999999
ST7	10.261953999999998
TXN2	11.696899999999998
AGAP1	7.1645080000000005
AGAP2	5.298582
AGAP3	10.403722000000002
AGAP4	6.638380000000001
AGAP5	3.7824940000000002
AGAP6	5.624052000000001
AGAP7	2.3082460000000005
AGAP8	3.339624
TMEM2	11.527706000000002
TSPO	9.850008
TMEM5	8.185358
TAF7L	1.5684380000000007
RANBP6	9.291064
PDCL2	0.0
ARNT	10.788274
LYRM4	8.079404
TLR2	8.098761999999999
CCL4L2	6.91197
CADM3	3.7810159999999993
GDPD2	0.05255
GDPD3	2.4928820000000007
BASP1	8.300315999999999
GDPD1	3.146432000000001
GDPD4	2.3445520000000006
GDPD5	7.500485999999999
SLAMF7	7.358453999999999
SLAMF6	6.101314000000001
KCNRG	2.2966059999999997
SLAMF1	3.9940860000000016
CN5H6.4	1.318778
KRTAP5-4	0.043458
TGFB2	5.837370000000001
TBCEL	8.827514
C17orf99	0.183882
C17orf98	0.134144
KRTAP5-5	0.024338000000000002
C17orf95	8.921515999999999
OSGEPL1	7.02817
C17orf97	5.988871999999999
C17orf96	7.547214
C17orf91	7.879810000000001
C17orf90	8.01826
C17orf93	0.025675999999999997
LOH12CR2	4.396798
FGD6	7.667999999999999
TMEM132D	2.921576
HOXD4	0.14896000000000004
F13A1	5.969853999999999
UIMC1	7.910396
FKRP	8.126548
GBAP1	8.608124000000002
LPHN2	10.851806
HDGFRP2	9.811552000000002
HDGFRP3	5.981678
KRTAP5-2	2.0330179999999998
DEFB104A	0.0
C6orf106	12.371136
C6orf105	3.6747020000000004
KRTAP5-3	0.0
C6orf103	0.113586
OR5F1	0.0
ETS2	13.662697999999999
YWHAH	10.793669999999997
ETS1	10.694869999999996
SHPK	9.994381999999996
LOC100302650	5.409464000000002
PRR5-ARHGAP8	0.939858
YWHAB	11.864758
FCRL1	1.56981
FCRL2	1.7788180000000005
FCRL3	3.347874
AQP10	0.585824
AQP11	8.701259999999996
FCRL6	4.694694000000001
YWHAE	13.096798000000003
ZDHHC24	7.616991999999998
SEC61G	9.950994000000001
LOC100134259	2.752138
STAT5A	8.741062
FCRLA	3.2014240000000003
CHRM5	1.6277039999999996
CHRM4	0.531318
CHRM3	3.0675239999999997
CHRM2	3.0828520000000004
CHRM1	0.48916600000000005
HSPC072	0.5532779999999999
HTR1D	1.388542
BEAN	3.4339820000000003
MGAT3	3.2850260000000007
MGAT5	4.519640000000001
GLRX	11.120401999999999
PABPN1L	0.18528000000000003
KIAA0652	10.604115999999998
KRTAP10-9	0.0
VTN	17.987496
CHST11	5.6513659999999994
CHST10	5.082862000000001
CHST13	9.879933999999999
CHST12	7.538924
CHST15	9.390736
CHST14	8.436577999999999
VAMP7	10.32581
TMEM9	10.766747999999996
VAMP8	11.372010000000003
UNC5B	7.622334
ROCK1	9.808940000000002
ROCK2	8.988017999999999
MOSC2	11.797268000000006
MOSC1	10.790886
HTR1B	0.192318
MMP8	0.76878
MMP9	6.032366
MMP7	6.812993999999999
SLFN5	7.491346
MMP2	9.215202
MMP3	0.632678
GXYLT1	9.383804000000003
TRAPPC2L	9.413998
GXYLT2	1.315454
GNPTAB	8.760093999999999
AMICA1	7.6139199999999985
TAPT1	10.761662000000001
AGER	4.391188
PODXL	8.338084
ISPD	6.784363999999998
NGDN	8.869618000000001
CAPRIN2	7.872647999999999
NAIF1	7.567696000000001
CAPRIN1	11.265789999999997
CCNT1	5.550373999999997
PLDN	10.041508000000002
CCNT2	8.855012000000002
SEC61B	11.543462000000002
CREBZF	9.46388
BEYLA	0.0
IER5	8.530944
KCNE4	6.59654
LTC4S	4.156065999999999
SLC28A3	2.058348
CBFA2T3	8.047058
CBFA2T2	7.644832
IRF2BP2	12.083286000000001
IRF2BP1	9.762131999999998
C9orf89	7.6061380000000005
PNMA6A	9.307942
C9orf84	0.6710980000000001
C9orf85	6.9168520000000004
C9orf86	8.994366000000003
ZMYM6	7.962904000000001
C9orf80	7.0435919999999985
C9orf82	9.172861999999997
H3F3B	13.097652
MC1R	4.590520000000001
VRK1	6.51057
FAM92A3	0.018302
VRK3	10.057346
PDRG1	8.235869999999997
CRYL1	12.647841999999999
WNK3	6.068012000000001
LRRC6	3.5208180000000002
LRRC7	2.816636000000001
TXNRD3IT1	8.069752000000001
LRRC1	5.110638
LRRC2	8.345168000000001
LRRC3	8.672406
NR2C2	8.083556000000002
TNIP3	1.5213700000000003
LOC134466	2.4053100000000005
USP30	9.177906
RFNG	10.959850000000001
USP32	9.978139999999998
USP33	9.605354
USP34	10.386327999999999
SHMT2	12.838206
SHMT1	13.977960000000001
USP37	8.160867999999999
MORN5	0.19247599999999998
MORN4	6.407188
LOC145845	0.052252
MORN1	5.656719999999998
PLD1	10.214752
MORN3	1.4279079999999993
MORN2	7.201685999999999
ST20	6.472476000000001
RPL39L	5.350573999999999
PPFIBP1	9.632516000000003
PPFIBP2	10.344932000000004
RPL23AP64	0.845686
FTHL3	8.398329999999998
APOBEC2	1.1173940000000002
APOBEC1	0.060372
LDLRAD3	5.429036000000001
TPK1	6.909965999999998
APOBEC4	0.031444
UBE2CBP	4.721538000000002
SIRPD	0.43470200000000003
CSPP1	7.459174000000001
HHIPL1	5.297312000000002
RRP1	9.01667
DOCK8	8.539719999999999
DOCK9	8.888941999999998
MRPL19	10.671514
SCO1	9.36008
DOCK2	7.730512
DOCK3	1.335348
DOCK1	9.655790000000001
DOCK6	8.634360000000001
DOCK7	8.835096
DOCK4	9.136717999999998
DOCK5	7.994804
SAAL1	7.095083999999999
UHRF1BP1	8.223636
TAP2	9.857482000000001
ACSBG1	2.0831079999999993
ACSBG2	0.152278
TNFRSF12A	9.823415999999998
FAM184A	6.600345999999998
FAM184B	0.08715400000000001
JUB	10.111612
LOC342346	3.2015800000000008
NCRNA00095	3.2930779999999995
FLJ41941	0.3639280000000001
LRRC66	1.9628820000000002
HSPH1	9.877362
SLC9A2	0.732644
SLC9A3	1.278886
LIM2	0.13613399999999998
PBXIP1	11.296076000000001
POLR2K	9.521940000000003
JUN	13.176064000000002
SLC23A3	5.728073999999999
EIF5AL1	10.975580000000003
UCK1	9.885016
JUP	12.215099999999998
PLEKHB2	9.815074000000001
SCNN1B	2.7111039999999997
SCNN1A	7.734455999999999
FAM98C	8.075734
ARHGEF37	6.164920000000002
FAM98A	9.685321999999998
ARHGEF35	8.03988
PLCB4	3.0373859999999984
CYP4Z1	2.24068
SPINT3	0.050145999999999996
LOC93622	7.803058000000002
SEC13	11.116838
SLAMF8	6.617662
CLEC9A	3.309276000000001
ARHGEF38	0.5204239999999999
SKINTL	0.08592400000000001
MCCC1	10.816817999999996
TWF2	10.078254
GIMAP8	8.675867999999998
C11orf58	11.566826
GIMAP4	9.348495999999997
GIMAP5	9.285329999999997
GIMAP6	8.477146
GIMAP7	7.934983999999999
GIMAP1	6.947506000000001
GIMAP2	7.524106
SCUBE2	4.083849999999999
SCUBE3	1.27074
SCUBE1	5.951924
ESR2	1.6845539999999997
CUX1	10.581900000000001
JMJD7-PLA2G4B	8.026208
WARS	10.508196
TTTY6B	0.0
ZNF233	2.9729480000000006
LOC221122	0.050122
RPSAP52	0.042224000000000005
RHBDF1	7.2858480000000005
RHBDF2	7.986573999999998
ZNF750	0.7381819999999999
RPSAP58	12.106161999999998
MYOM3	1.6615940000000002
C14orf68	14.121411999999996
MYOM1	9.963256000000001
NDST3	5.051501999999999
EARS2	9.505158000000002
POLA2	6.915013999999998
NDST4	0.05109999999999999
RPP30	8.306923999999999
OR52W1	0.029222
C14orf64	2.854416000000001
OR2K2	0.053175999999999994
LAX1	4.140809999999999
TBX3	9.965556000000001
FBXO2	9.129782
FBXO3	9.670107999999999
FBXO4	7.670147999999997
CTNND2	4.884792000000001
CTNND1	12.394601999999999
FBXO7	11.933319999999998
FBXO8	9.899724000000003
BCORL1	7.549977999999998
BCORL2	0.804106
A2M	17.055918000000002
KLRF1	4.298112000000001
C18orf21	7.650010000000001
C18orf20	0.10052599999999998
ZNF536	0.6782760000000002
C18orf22	9.346385999999999
C18orf25	8.532882
OR5AP2	0.020308000000000003
ZMYND15	6.606026000000002
C18orf26	0.058566
LOC643837	7.845859999999999
TLR1	7.315189999999998
NAV3	4.640890000000001
SPHK2	9.327889999999996
SERPINF2	16.141944000000002
NAV2	10.461603999999998
TRUB1	8.771982000000001
SLC6A4	1.2991519999999996
LOC401010	4.839888000000002
PMS2L1	7.873496000000004
OR5D18	0.01717
QSER1	8.523316
TAL1	5.896104000000001
C1orf9	8.75503
TAL2	0.47897799999999996
LOH12CR1	6.658327999999999
LIG3	8.248347999999998
SLC44A3	7.563421999999998
SMEK3P	0.131986
APEH	11.617895999999998
SNX7	8.193204000000001
TRUB2	10.333974000000003
NT5DC2	6.4914239999999985
DBR1	7.625590000000001
CSNK1A1	11.846555999999998
LCE2C	0.107184
LCE2B	0.031512
LCE2A	0.014628
LOC285501	0.0
LCE2D	1.0538999999999998
PRRT4	2.1839619999999997
SASS6	5.261556
ATL3	8.036528
ATL2	10.292781999999997
ATL1	4.601971999999998
PRRT2	2.7209000000000003
RUSC2	9.2482
GLYATL2	0.93046
MEGF9	10.990175999999998
SLAMF9	3.305514
GLYATL3	2.8146480000000014
C14orf2	10.432245999999997
PPIF	12.281957999999998
PPIE	9.498243999999998
C14orf1	11.22992
CCDC85C	9.01523
CCDC85B	8.164772
C14orf4	10.115858000000001
LOC729991	8.014451999999999
KIAA0406	9.039345999999997
RNMTL1	9.247697999999998
YARS	10.851186
C21orf119	6.493234
SNTB2	8.361593999999998
SNTB1	12.080580000000005
SLC5A7	0.8659880000000001
KIAA0408	1.9479079999999995
CORO1B	10.472779999999998
CORO1C	11.060165999999999
CORO1A	9.265894
FLJ25328	0.013897999999999999
RING1	10.09439
SLC5A9	8.073108
MOXD1	5.513410000000001
PIN1	9.522999999999998
MID2	8.256039999999999
LHX5	0.017891999999999998
FNTA	9.959893999999998
DCPS	9.881873999999998
LOC338651	1.318324
RPGRIP1L	4.277946
SMOX	7.089646
WASF2	9.880177999999997
TTC32	6.401319999999998
FAS	8.976494000000004
FAP	2.5948760000000006
FRG1B	7.235705999999998
NPAS3	3.078914
NPAS2	8.145152
NPAS1	2.7130859999999997
FAU	13.076294000000003
FAH	13.142410000000002
LLPH	8.851224
HNRNPA2B1	13.409025999999999
TUBB1	4.302843999999999
TRIM9	4.149626
LHX6	3.504061999999999
PDXDC1	12.356312000000003
TTC36	11.135785999999998
DCP2	8.879964000000001
TPRXL	0.5394300000000001
NRF1	7.696136000000004
LOC100233209	2.697382
AMY2A	1.2424359999999999
AMY2B	7.416917999999999
MYCT1	8.191492
MON1A	8.162554
LOC648691	0.06479599999999999
PIP5K1C	8.596438000000003
AP4E1	7.740364
LOC441454	0.326278
TMEM95	0.0
SLC18A1	0.5110839999999999
LZIC	8.100524
NOP58	9.919462000000003
MIDN	10.818045999999997
C7orf42	11.656233999999998
NCAPH2	9.215916
SLC47A1	12.062337999999997
TSPAN3	10.730635999999997
LOC284100	0.266266
CCL14-CCL15	8.677380000000003
FAM166B	2.7282740000000008
C6orf108	10.42742
LOC150185	0.032616
C14orf149	7.435470000000001
C14orf148	1.6403999999999999
PURA	8.217775999999999
TSPAN1	6.810141999999998
PURG	0.41942599999999997
CFDP1	9.810516
TSPAN6	11.597588000000004
C14orf143	4.869402
C14orf142	7.801708000000001
C14orf145	4.324236
ZMYM5	7.479230000000001
C14orf147	10.497154
TSPAN7	9.580628000000004
HECTD2	6.177511999999999
HECTD3	10.406969999999996
HECTD1	11.73521
MAN2B2	11.240773999999998
TSPAN4	10.145726000000002
TNFRSF14	10.432376000000001
MAN2B1	11.064755999999997
TSPAN5	2.7117360000000006
PPP1R12B	9.272708000000002
CCS	10.934455999999997
LZTFL1	8.555578000000002
CCDC28B	4.208496
CCDC28A	9.946078
CCK	1.152984
TMIGD2	3.184473999999999
ADAD1	0.020734
ADAD2	1.4251819999999995
NXN	8.525737999999997
SNX20	4.345312
FSTL4	1.3545100000000003
FSTL5	1.064232
FSTL3	8.903902
FSTL1	10.676544000000002
OR6M1	0.0
C7orf4	0.113174
SLC41A1	7.543029999999999
PDE7B	7.704793999999996
FLII	10.969166
TDP2	10.142426000000002
PIP	0.060362
PIR	8.587278000000003
NKX6-1	0.0
LRRC37A	6.896471999999999
LRRC37B	4.941162
TNP1	0.021585999999999998
KCTD13	7.317950000000001
COG8	9.080888000000002
KCTD12	9.456025999999998
COG3	10.115871999999998
COG2	8.32668
COG1	9.169709999999998
COG7	8.638164
COG6	8.314588
COG5	8.410586000000002
COG4	10.009678000000001
C12orf49	7.593124
C12orf48	3.589332
KCTD10	9.100374
IGHMBP2	8.318794000000002
TLR7	4.579792
C12orf41	8.170089999999998
C12orf40	0.062403999999999994
C12orf43	7.914832000000002
C12orf42	0.76214
C12orf45	7.578297999999998
C12orf44	10.276442
C12orf47	7.080292000000002
BARHL2	0.0
ERC1	9.595867999999998
NFAT5	9.5191
KCNMB3	4.732053999999999
KCNMB2	1.57042
PNCK	0.333476
DPY19L2P2	1.563304
ZNF830	8.215956
FCRL4	0.131508
KCTD14	7.741388
GSK3A	10.033042
HORMAD1	0.479022
FCRL5	4.178812000000001
UBD	10.014733999999999
MSTO1	8.009104
UBB	15.124234
UBC	15.086324
ZNF835	1.9650760000000003
CFTR	7.872704
SNORA69	0.0
ANKRD52	8.202701999999999
ANKRD53	3.4868259999999998
ANKRD50	8.50676
KRTAP10-4	0.12463
ANKRD56	9.084278
ANKRD57	10.973157999999998
ANKRD54	8.499284
ANKRD55	5.534110000000002
ANKRD58	3.1746960000000013
POC5	6.124366000000001
ZNF658	4.648452
ZNF449	5.61848
SNORA64	0.17810600000000001
AKR1A1	12.796435999999998
EPT1	10.858581999999997
RAMP3	9.288114
MAT2A	11.481615999999997
NPRL3	9.159086
HEG1	9.184009999999999
KBTBD7	6.844459999999998
AMH	1.2015300000000004
KBTBD5	0.07083
KBTBD4	7.926782000000002
KBTBD3	6.482482000000001
KBTBD2	9.717346000000001
AMN	10.152458
SSNA1	9.686677999999999
MEFV	3.967530000000001
KBTBD8	5.041804
RAD51L1	4.428562
NR4A2	8.986472000000003
GUCY1A3	8.878832
GUCY1A2	3.380871999999999
PCBP2	13.521971999999998
PCBP3	3.8112380000000003
NR4A3	8.135563999999999
RNF220	9.754703999999997
GFRA1	10.630912000000002
MYST2	8.974828
MYST3	9.556844
LZTS2	8.87801
AMT	10.831707999999999
LZTS1	5.564436000000001
SIRT3	10.199489999999997
C1QL1	3.529206
C1QL2	0.540676
C1QL3	3.8864199999999993
C1QL4	0.45192
RASL11B	3.7664500000000016
RASL11A	7.994566
SIRT4	5.534394000000001
MED30	7.7705139999999995
MED31	6.8038919999999985
NHSL1	10.180698000000003
NHSL2	3.3300259999999997
CARD16	7.0705139999999975
RSRC1	6.935052000000001
PAK1IP1	8.174134
SERAC1	7.073988000000001
WDR25	7.620380000000001
NPIPL3	8.258112
C10orf140	6.5121579999999994
FAM57B	0.180938
LOC100128542	2.033998
FAM57A	6.035877999999997
ZMYM3	9.046707999999999
MGAT1	12.582818
PHAX	8.712700000000002
MGAT2	10.410118000000002
RBM26	8.513301999999998
RBM27	9.285946000000001
RBM24	4.477854000000001
RBM25	9.785697999999998
RBM22	9.567694000000003
HECW1	1.9253419999999994
HECW2	7.186741999999998
FMO9P	0.0
RNF216L	8.027026
HRCT1	4.561404000000001
HIST3H2A	1.7861480000000003
SCN7A	4.138586000000002
RFWD2	9.676570000000003
RFWD3	8.044679999999998
EPHA8	0.586366
EPHA7	1.5108800000000004
EPHA6	0.9834540000000002
EPHA5	0.144404
EPHA4	5.119561999999998
EPHA3	7.4549080000000005
EPHA2	10.952928
EPHA1	9.307991999999999
RSL24D1	10.525297999999998
SLC22A25	7.922207999999999
PDCD1LG2	5.984512
PSMA3	10.875347999999999
RASD2	2.6335279999999996
FLJ11235	3.865692
COL29A1	0.22831400000000002
ZMYM1	6.835017999999999
PBOV1	0.013438
RASD1	11.029522
OR6C76	0.0
HSP90AB2P	3.826854
TMEM30B	9.517299999999999
OR4S1	0.0
OR4S2	0.0
TRMT6	7.759570000000001
FGF19	3.0395540000000008
FGF18	1.237704
KDM6A	9.034435999999998
KDM6B	10.079839999999997
FGF13	5.1138319999999995
FGF12	3.63907
FGF11	4.023564
FGF10	0.21943
FGF17	0.68289
FGF16	0.0
RFPL1	3.397596000000001
FGF14	6.204318
RASSF3	6.060182
SLC20A2	10.856258
UGCG	7.6240859999999975
PPP2R2D	9.351556000000002
SRP68	10.791338000000001
ZGLP1	3.9000519999999983
COL9A2	4.039282000000001
COL9A3	5.298904000000001
COL9A1	0.457598
CC2D2A	6.006879999999999
CC2D2B	1.1401980000000003
FLJ39739	1.2661000000000002
KIAA1407	5.115089999999999
LIMD2	8.476658
VAMP5	9.977308
MNAT1	7.35497
RNU11	0.035842
USP18	9.040448000000001
RNF150	3.666534000000001
VAMP4	8.19149
SEMA3A	2.8462519999999993
SLC25A35	5.403662
GLB1L2	4.010058
GLB1L3	0.194842
SEMA3E	4.284476000000001
SEMA3D	4.985894
SEMA3G	6.571810000000002
SEMA3F	7.389602000000001
PAPPA2	4.110288
STYXL1	9.144125999999998
SFRS5	12.100041999999997
TNFRSF18	2.8166279999999997
MESTIT1	0.5905
SYCP2L	0.7887820000000001
ARHGAP11A	4.965589999999999
ARHGAP11B	1.177094
GLT6D1	0.0
SLC25A31	0.09882999999999999
RAPGEF5	9.364976000000004
GLP2R	2.5971119999999996
OR5AC2	0.0
ARL9	0.5655779999999999
OXNAD1	9.0364
SLC25A33	8.653762
ARL1	10.744455999999998
ZNF250	6.585516000000002
ARL3	8.368286000000001
ARL2	8.450149999999997
EIF5A	13.249718000000003
ZNF254	8.013214
ZNF257	2.094484
ARL6	4.727385999999999
MTERF	7.579144000000001
CRCT1	0.45187000000000005
RRM2	5.898882000000001
RRM1	9.403874
P2RY2	6.0964979999999995
ZC3H12A	8.857854000000001
ZC3H12B	4.950444
ZC3H12C	8.200416
ZC3H12D	2.3792259999999996
ZCCHC14	10.488330000000001
DERA	10.708255999999999
TRADD	8.623383999999998
SEMA6B	7.325745999999999
LOC399959	6.540635999999999
TMEM183A	9.892668
SLC25A38	10.200268000000003
ZBTB42	7.946868
TH	1.97816
TF	18.496626
MYEOV2	8.868254
TLK2	8.576278
KCNJ13	1.808496
KCNJ12	3.715398000000001
KCNJ11	4.648086000000001
KCNJ10	5.7034579999999995
TFAM	9.020644
KCNJ16	5.910507999999998
KCNJ15	6.118098000000001
KCNJ14	3.129652000000001
MLXIPL	12.690795999999999
TXNL1	10.621035999999998
FAM35B2	7.5982879999999975
SART3	9.527109999999999
PNLIP	0.0
TMX4	9.865023999999998
ANKAR	3.6765459999999996
AR	8.963368000000004
TMX1	9.776575999999999
PI15	1.5996200000000003
TMX3	8.658892000000002
NAGA	10.791638
TPTE2P1	1.42497
NAGK	9.725572
C20orf85	0.0
C1QTNF8	0.08608
C1QTNF9	2.1551799999999997
CYP4A11	15.506851999999999
OR2M1P	0.0
SNORD49A	0.0
GPR148	0.0
C1QTNF2	3.8122679999999995
C1QTNF3	5.729554
FOLH1B	8.259494
C1QTNF1	11.083449999999997
C1QTNF6	7.654638000000005
C1QTNF7	5.267108
C1QTNF4	1.576018
OR56B1	0.10709999999999999
CREB3L2	9.791844
CREB3L3	13.506074000000002
CYP3A5	12.539814
CREB3L1	4.796092000000001
CREB3L4	7.7428300000000005
FAM175A	6.249794
CARTPT	0.11491799999999999
MMP1	2.2235639999999997
THBS4	1.837456
VDAC3	10.673901999999998
C17orf73	0.174512
C17orf72	3.667998
C17orf71	8.333571999999998
C17orf70	9.799446000000001
C17orf77	0.049222
C17orf76	3.435502
C17orf75	7.2598
C17orf74	0.0
PPAPDC3	2.890216000000001
OTX1	0.5127860000000001
C17orf79	10.150342
C17orf78	0.11708600000000001
SLC6A1	12.05479
PRB4	0.058663999999999994
THBS3	7.756438000000002
MFAP5	1.8065220000000002
MFAP4	10.092168000000004
MFAP3	9.270436
IGSF10	4.853834000000001
MFAP1	8.985226000000003
TMEM90B	1.1219299999999999
OTX2	0.033968
VDAC2	10.063262000000003
KIAA0090	9.706007999999999
OR2L8	0.0
C6orf125	9.274807999999998
C6orf124	4.425324
C6orf127	0.0
C6orf126	0.035061999999999996
C6orf120	10.192252000000002
C6orf123	6.331256000000001
C6orf122	5.8773300000000015
C3orf1	9.947866000000001
ZPBP	0.17410599999999998
PLEKHM3	8.102331999999999
NDUFB8	11.593746000000001
CDC42SE2	9.916952
PVRL3	8.465531999999998
CDC42SE1	9.983229999999997
PVRL2	12.083483999999997
OR5AK2	0.20125
NDUFB6	10.301152
HEBP1	11.463484000000003
HEBP2	10.829094
HBS1L	10.158771999999999
VAC14	9.810120000000001
LOC646851	1.6181180000000004
TMEM186	8.02472
NDUFB4	11.116641999999999
SPNS2	8.701808
FLJ35024	0.7911859999999998
THAP1	7.715248
AHCYL2	8.446588000000002
ID2B	4.7731639999999995
GEMIN8	8.09477
NDUFB2	11.134136000000002
IWS1	9.857472
APRT	11.037336
ZFYVE20	9.003616000000001
RPS6KL1	4.56373
WBSCR27	5.264676
FDPSL2A	1.297132
SNTG1	0.9307239999999998
GYPA	0.64253
GYPB	0.17941599999999996
GYPC	8.641419999999997
MANSC1	8.385674
GYPE	1.764416
SLC17A9	9.966516000000002
C19orf53	10.549365999999997
C19orf52	7.5906780000000005
C19orf51	3.9223119999999985
C19orf50	10.066782000000002
C19orf57	4.345034000000001
C19orf56	11.189673999999995
C19orf55	4.112916
C19orf54	7.55944
LECT1	0.069148
C19orf59	2.257234
LECT2	12.158282
SNAP29	10.533562
ATF7IP2	7.985194000000002
TRPV1	8.309876
C22orf9	10.752317999999997
C11orf49	7.078614000000001
PRR11	1.872652
PRR16	2.7983020000000005
PRR14	8.921429999999999
LACTB	9.958632
C11orf40	0.0
C11orf41	2.317096
C11orf42	0.41056400000000004
PRR19	3.210726
C11orf45	3.55812
C11orf46	8.867066
TNFSF13	8.544760000000002
RASA4P	5.873287999999998
TNFSF11	5.8265139999999995
TAS2R5	0.9378439999999999
DIRAS1	1.724504
DIRAS3	7.71542
DIRAS2	3.4384399999999995
LMO4	9.639921999999997
TNFSF18	0.847974
TAS2R3	0.050456
PUM2	11.345407999999999
LOC100129387	7.212654
SFXN4	9.308228
PUM1	10.489273999999996
SFXN2	9.748876000000001
SFXN3	7.910090000000001
RAD1	8.076608
SFXN1	11.788313999999996
CRYBA2	0.10084399999999999
CRYBA1	0.099038
LMO7	11.116475999999999
CRYBA4	0.40829199999999993
CCT8	11.209130000000002
RWDD2A	6.501971999999998
C4orf42	7.781332000000003
CCT2	10.780704
CCT3	12.091881999999998
SH2D4B	0.23400599999999996
CIDEB	13.330328
CCT7	11.913429999999996
CCT4	11.249562000000001
CCT5	11.252392000000002
TIMM16	8.282017999999999
TAX1BP3	9.296361999999998
C3orf45	1.34996
NAALADL1	4.722981999999999
TIMM10	9.541146000000001
STAG3	7.046858000000002
C4orf47	0.9830420000000001
OPCML	2.278320000000001
SUV39H2	6.570060000000002
C4orf46	5.397348000000002
ARL13B	7.1131020000000005
ARL13A	0.10958400000000001
STAG1	8.654020000000001
SPOPL	9.050868000000003
NAP1L2	5.006230000000001
PECAM1	9.233466
TRPV2	7.364534000000003
MC3R	0.0
MSX2P1	0.6031639999999999
PCGF3	9.336462000000001
RAET1K	0.550448
CDK5RAP2	9.930569999999998
AKTIP	9.246124
SUGT1	9.343776000000002
SNORD102	0.0
C16orf53	9.637833999999998
BMS1P5	5.3740359999999985
BMS1P4	3.2903919999999993
FAM50B	8.669438
SP110	8.630878000000003
LOC645676	3.9992800000000006
RPL23AP82	5.583984
FAM50A	10.029462
ZNF654	8.243984000000001
TUBGCP6	9.003042000000002
GFM1	10.822114000000004
GFM2	10.008092
COL22A1	1.3124580000000003
ZC3H4	9.264152000000001
ZC3H6	7.393011999999998
RIPPLY1	5.790854000000003
RIMKLB	6.069450000000001
USMG5	10.475493999999996
TRPC4AP	11.034812000000004
CYP2J2	12.075402000000002
FLJ45244	5.049142000000001
CIDEA	1.4439740000000003
MARCH2	9.774717999999996
CROT	9.921458000000001
NPHS1	0.10869999999999999
UHMK1	7.970431999999999
THOC2	9.111018000000003
SLC4A5	4.540992
SLC4A4	10.720052000000004
SLC4A7	7.123646
SLC4A1	2.38974
SLC35F5	9.622361999999999
SLC4A3	2.2996600000000003
SLC4A2	11.290734
DCTN2	10.281431999999997
DCTN3	9.755498
NUP88	10.050084000000002
CLCA1	0.099022
DCTN6	8.939896000000001
SLC4A8	2.640086
CLCA4	0.12122399999999998
DCTN5	9.256153999999999
RPS4Y2	0.022968000000000002
KCMF1	10.079414
ASPG	11.372384
FAM186B	4.703407999999999
ASPA	6.939688000000001
FAM186A	1.5705360000000004
LOC100130331	1.135754
CIITA	6.577724
ASPN	9.415856000000003
KRBA2	4.082528
ASPH	11.540872
WFDC10B	0.15264
SLC35F4	0.031155999999999996
CHMP4A	9.806731999999998
ERC2	0.3845780000000001
ZC3HAV1	9.546873999999997
TAF7	10.881154000000002
CHMP4C	7.6103580000000015
OSCP1	5.547434000000001
VANGL1	7.876899999999999
PREP	9.645839999999996
FAM96A	11.429317999999997
NMT2	9.552457999999998
CYP20A1	9.197987999999999
FAM86B2	1.122694
FAM86B1	4.8595239999999995
TAF4	8.335571999999999
MXRA5	8.837418000000003
BPHL	11.254135999999999
OR14A16	0.0
ARPM1	6.244424
MXRA8	7.980644
UBE2V2	9.781912
RNF26	9.920145999999997
RNF20	9.443848
ZNF732	0.7550960000000001
CMBL	13.018074000000002
H3F3C	8.193389999999997
ZNF880	4.500273999999999
LOC55908	10.298318
VANGL2	4.807321999999998
ZNF735	0.023239999999999997
UBIAD1	9.314295999999999
LSP1	8.946268
C1GALT1C1	9.452303999999998
ZBTB17	8.489802000000001
SSTR1	8.417225999999998
SSTR3	0.325524
C10orf88	6.819592000000001
SLC43A1	12.248801999999996
PHTF2	7.600364000000003
A2ML1	0.27615
ARG1	14.270902
CLEC18C	0.43581800000000004
ARG2	7.349963999999997
TMEM203	10.166269999999999
ANKRD45	1.5813220000000001
TOX	5.1809840000000005
PCID2	8.947666
IGSF8	11.14729
IGSF9	8.942646000000003
ANKRD44	5.305324000000001
SNORD115-14	0.0
HMOX1	11.882397999999998
IGSF6	6.973847999999999
CER1	0.051747999999999995
IGSF1	4.365950000000001
IGSF3	5.828262000000002
CTNNB1	12.396563999999998
AQP5	0.7525919999999999
TMEM50A	10.483258
C15orf56	0.835764
MYOC	0.4430640000000001
ZSCAN4	0.566752
HMOX2	10.949924000000001
CYS1	6.632671999999999
C10orf81	1.1737160000000006
ANKRD40	9.853154
C18orf45	6.215472000000002
LARS2	9.388026
TRAK1	9.398420000000002
TMEM41A	9.451204000000002
SLC34A3	0.27553199999999994
ANKRD42	7.129646
RAE1	8.713215999999996
LRRC4	5.726078
CNOT8	9.573399999999998
ERAL1	10.311754000000002
NHS	3.687294
PRNT	0.0
CNOT3	9.232695999999999
CNOT2	9.836417999999998
CNOT1	11.238358
C15orf50	0.27941999999999995
CNOT7	10.372523999999997
APOL2	10.93254
APOL1	13.308340000000003
CNOT4	8.509077999999999
ITGB1	13.148838000000001
NOS1	0.8209440000000002
ITGB3	6.577078000000003
HCG9	0.131642
ITGB5	11.563957999999998
ITGB4	7.116394000000002
ITGB7	7.484149999999996
ITGB6	3.067572
ITGB8	6.159872
DDX11L2	2.645924
SRC	8.406834000000002
BUD31	9.955330000000002
YARS2	8.056564000000002
SLC37A1	7.544750000000002
ATN1	10.168134000000002
SCXB	0.30626000000000003
LIX1	0.112952
LCP2	8.548262000000001
LCP1	11.162494000000002
PMPCB	11.101038
GNB1L	6.0784579999999995
TNIP2	9.184701999999998
SLC37A4	12.811016
USP39	9.258195999999998
LCE4A	0.0
KRTAP12-3	0.0
RNF40	10.923408
MYO6	9.782354
NR2C1	8.260495999999998
RPP14	9.566144000000001
PLAC2	1.6016859999999995
KCNA10	0.036908
EAPP	9.755484000000001
AICDA	0.178234
ZNF498	7.5462940000000005
C21orf130	0.4615200000000001
C21orf131	0.0
ORAOV1	6.935096
PASD1	0.019066
GNPDA2	6.331825999999999
GNPDA1	8.717591999999998
MAT1A	16.165219999999998
SULF2	10.795261999999997
MAN1B1	10.609913999999998
SEC14L5	2.4110120000000004
OR5M9	0.0
GJB7	0.366578
SCARNA6	0.6709680000000001
GCM1	0.26117799999999997
RASAL3	6.76653
GCM2	0.025009999999999998
URGCP	10.13417
EGF	0.6590299999999999
C6orf191	0.0
LBP	14.625258000000004
LBR	10.633494
SLC30A2	2.6229039999999997
C6orf192	7.604946
ST5	9.727421999999999
RAN	11.009790000000002
ZFP112	5.092201999999999
FGR	7.632915999999998
USP35	7.235672000000002
SEC14L4	8.476504
SLC12A4	9.937814000000001
SLC12A7	11.014247999999998
NEO1	9.422192000000003
SLC12A1	2.8850620000000005
TDRD5	0.263082
SLC12A3	0.921904
OR5M3	0.0
LBH	8.973607999999997
FGG	18.613532
SLC12A9	9.252606
FGA	19.501852
FGB	18.988346
VWCE	8.684263999999997
IMP3	10.891046
MRVI1	6.210921999999998
OR5M1	0.0
EXT2	10.362238
EXT1	11.356211999999998
IMP5	0.0
ATP1B4	0.0
ACIN1	10.700612000000001
ATP1B2	7.044962000000001
ATP1B3	8.517525999999998
ATP1B1	12.381745999999994
TFB1M	8.07414
LY96	6.506985999999999
RBM12B	7.088563999999999
TESK1	9.271101999999999
TESK2	7.925353999999999
ZAK	10.277876
LOC91316	6.160868000000001
PSMC3	11.640492000000002
PLD2	8.418504000000002
NCRNA00113	0.015069999999999998
PCA3	1.3970080000000002
NOS1AP	5.5842079999999985
LOC645332	6.050862000000002
PLD3	12.186362000000004
ZNF132	5.049698000000001
FAM164C	7.655239999999999
FAM164A	5.078981999999999
FAM113A	8.707146000000003
C14orf169	7.4110939999999985
C14orf167	9.980357999999999
ALDH5A1	12.535531999999996
C14orf165	0.027468
BSPH1	0.0
OSBP	11.786887999999994
C14orf162	2.8662840000000007
TCTA	10.295034000000001
SNX3	11.635411999999999
SNX2	10.457934000000002
SNX1	11.233925999999999
OCM	0.308546
SNX6	9.615613999999999
RAB1B	12.036858
SNX4	10.603404000000001
RPL27A	13.409224
SNX8	8.044146000000003
VWC2	0.057712000000000006
TRMT1	8.779059999999998
CASD1	8.499527999999998
XPO6	10.103321999999999
OXER1	9.646380000000002
CCDC127	8.154712
CCDC126	7.541473999999999
CCDC125	9.013652
CCDC124	9.957644000000002
CCDC123	6.6765539999999985
CCDC122	4.860815999999999
CCDC121	5.6964619999999995
CCDC120	7.700488000000002
CEL	2.234132
TIMELESS	9.10708
SNHG7	7.842761999999999
CCDC129	0.128262
ZIK1	3.768846000000001
ITPKA	4.843245999999999
ITPKC	9.522870000000001
ITPKB	7.8258199999999984
SNORD115-16	0.0
RNF219	7.0383640000000005
MGEA5	11.266896000000001
L1TD1	0.8104540000000001
PHKG2	9.215838
NRTN	6.963746000000001
ITPK1	11.048899999999998
ORAI3	10.470365999999999
SNORA70B	0.0
ORAI1	8.904469999999998
POM121L12	0.0
LGALS12	1.079134
STH	0.0
LOC221442	3.4155040000000008
RAG1AP1	9.770532000000001
TSIX	4.680895999999999
ZNF672	9.810562000000001
OPN1LW	0.048726000000000005
DLAT	9.48493
UHRF1BP1L	9.78957
C12orf29	8.786024000000001
ZNF343	7.273848000000002
C12orf27	4.999813999999999
C12orf26	5.839933999999999
C12orf24	6.081559999999999
C12orf23	10.518968
TUBB2C	11.98189
TMED2	12.945577999999998
HIST3H3	0.0
RNASEH2A	7.129345999999999
CEP170	8.3113
RNASEH2B	7.8100819999999995
SNHG9	5.293821999999998
COMTD1	8.319546
KIAA0284	9.303408000000001
MAOB	13.481125999999994
MAOA	12.651954
DTYMK	8.056783999999997
NEIL3	1.1764459999999999
NEIL2	8.560875999999999
MSTO2P	4.646534
HNRNPR	10.519420000000002
MMP28	3.66912
MUT	12.602083999999998
PIWIL4	4.262864
PIWIL3	0.030027999999999996
PIWIL2	3.8311119999999987
CHAD	9.199667999999999
MED28	8.538246000000001
CLYBL	10.196699999999998
NCRNA00051	0.0
AHI1	6.670381999999997
FABP6	0.19039799999999998
FABP7	0.283048
FABP4	5.244422000000001
FABP5	3.653719999999999
FABP2	0.6848099999999999
FABP3	7.068426
CHAT	0.0
FABP1	15.957932000000001
AKR1C4	13.170812000000002
GABRA4	0.5626640000000002
MESP2	1.579246
GABRA6	0.023239999999999997
GABRA1	0.078654
AKR1C1	13.814632
AKR1C2	12.326727999999997
AKR1C3	11.883104000000003
ZNF771	6.308227999999998
FKSG29	0.029032
MMP26	0.014628
SNCAIP	4.378448
ZNF530	4.391190000000001
SPDYA	2.38915
MTERFD3	8.393212000000002
SPDYC	5.336594
CENPC1	7.683571999999998
WHAMML2	4.7289460000000005
C1QBP	10.831900000000001
MTERFD2	8.453918000000002
?|57714	7.286177999999999
ITFG1	10.507611999999996
GRIA3	5.972891999999999
HNRNPL	11.978509999999996
DNMBP	9.593355999999998
ENAH	9.311714
ASL	13.222889999999998
ATP6V0B	11.398363999999999
ATP6V0C	11.517527999999997
GRIA1	0.6361399999999999
UFM1	10.648512
SEPW1	10.972184
GKN1	0.0
GKN2	0.0
KIF26A	6.041268000000002
COL5A2	9.258913999999999
COL5A3	8.384548
COL5A1	9.186010000000001
CENPM	3.1146240000000005
GRIA4	0.25104
LAMP1	13.55554
TCF25	11.221236
NAT15	10.921094000000004
EP300	10.380400000000002
DUT	9.279784000000001
NAT10	9.517664000000002
TAAR5	0.037759999999999995
PDCD5	9.343585999999998
TAAR1	0.41960000000000003
LOC388692	6.481235999999999
ANUBL1	7.261664000000001
FAM55D	0.3944539999999999
HNRNPD	11.398588
TAAR9	0.0
FAM55A	0.098316
ALDH2	16.21854
FAM55C	7.182104000000001
C18orf2	2.194064
C18orf1	9.475078000000002
NEU4	9.833381999999999
SEPT9	11.997876000000002
NPFF	2.1219840000000003
RCE1	7.406549999999998
LENG9	7.004242
LENG8	9.917814
C18orf8	9.319204
ATP5F1	11.830170000000003
LOC92249	8.141724
UQCR11	11.431954000000005
ARMS2	0.344978
SPANXA2	0.0
SCN9A	7.984280000000001
RPRD1A	9.576763999999999
STOM	13.869136000000003
CXorf38	7.1882399999999995
RPRD1B	10.634414000000001
SNORD30	0.0
TRIM3	7.109026000000001
SEPT4	10.00341
CXorf30	0.551044
SNORD31	0.0
CXorf36	5.69709
OPRL1	3.9898599999999997
PRUNE	8.714122000000001
COQ4	10.538683999999998
GABARAPL1	12.291896000000008
ASAH1	11.028839999999997
ASAH2	3.669462000000001
GABARAPL2	10.542790000000002
KLKP1	0.0
PRR3	7.0492719999999975
PRR4	4.162216
PRR5	9.469668000000002
HSP90AB4P	0.3914600000000001
PRR7	4.249223999999999
DVL2	7.964222000000001
DVL3	10.035041999999997
ABCB1	10.691854000000003
DVL1	10.467097999999998
ABCB7	9.187004
ABCB6	10.314962000000001
ABCB5	0.193406
ABCB4	12.319564
MED18	8.659242
MED19	7.465998000000003
ABCB9	4.944692
ABCB8	9.943392
JSRP1	2.158690000000001
SLC9A4	0.10414600000000002
NLRC4	5.55649
EEF1A1P9	12.605702
SLC9A5	2.1610159999999996
SYDE2	6.534706000000001
PSME4	10.934889999999998
PSME2	11.736912
PLEKHA1	10.329151999999999
PSME1	12.133034000000002
ZNF69	6.591646000000001
MTSS1	11.861008
HMGA1	8.984564
SLC9A1	7.5980279999999984
SNORD115-10	0.0
BAI1	2.16796
BAI2	1.5836820000000005
BAI3	3.8707359999999995
UBAP2L	10.389560000000001
TOPBP1	8.305076
OR6C2	0.0
RSPRY1	8.165968
SUPT7L	9.43797
OR6C1	0.0
TLX2	0.106592
TLX3	0.01738
PVRIG	5.6552940000000005
ADH1C	15.208429999999995
ADH1B	17.377738000000008
ADH1A	15.406265999999999
CLEC4GP1	2.6703300000000008
SERPINF1	14.990277999999996
HCK	8.409688
TNRC18	10.660149999999998
ARFGEF1	9.787716000000003
DNLZ	7.151044
APOC1P1	9.689886
ARFGEF2	10.457998
KIAA1704	7.789798000000001
KIAA1257	1.4376880000000003
SLC9A8	9.118001999999999
MLEC	11.924579999999997
LIN7C	10.486218000000003
SLC9A9	7.594647999999998
LOC645431	1.674204
TGM3	2.559976
CYP2W1	0.451618
SLC30A8	0.18141399999999996
PSMC3IP	2.910850000000001
SLC30A4	5.476239999999999
SLC30A7	9.802927999999998
SLC30A6	7.312947999999998
SLC30A1	10.230011999999999
LOC647859	0.8667940000000001
SLC30A3	0.9748200000000002
FURIN	13.946226
ASPDH	11.5765
PLA2G4C	7.592963999999999
EML2	8.418144000000002
BTN1A1	0.35571
GADD45B	13.286682000000003
EML1	7.233044
EML6	3.545637999999999
LOC344967	2.1337740000000003
EML4	11.253660000000002
EML5	5.155444
SCNN1D	6.1165720000000015
ZYG11B	10.397104000000002
TAGLN2	12.46846
GJD4	0.11171000000000002
GJD3	6.35164
GJD2	0.0
ADM2	6.438914
SPEF1	1.1345880000000002
HLA-DPB1	11.456268000000001
HLA-DPB2	2.0617360000000002
SPEF2	5.247124000000002
CETP	9.647828000000002
SFRS3	11.829684000000004
SCN1A	0.38089
NARS2	9.180831999999997
BZRAP1	6.448988000000001
OR2D3	0.023239999999999997
OCM2	0.0
NUPL1	9.261262
NUPL2	8.261990000000003
KAAG1	2.7226960000000004
MIPOL1	4.700318000000001
GMPR	7.640294
GMPS	9.269317999999998
RSPO3	7.399277999999999
RSPO2	2.8740780000000012
RSPO1	0.838094
CNN1	5.879612
CNN3	11.603683999999996
CNN2	10.863575999999998
RXFP2	0.014628
DHODH	11.462511999999997
ZSCAN29	7.970748000000001
ZNF273	4.397926000000001
ZNF300	3.788520000000001
SUGT1L1	5.6785739999999985
ZNF277	9.256975999999998
SNORD18B	0.0
ZNF275	9.945896
NCAPH	3.6035859999999995
DKFZP434L187	0.106526
SCARNA23	0.0
CHAC1	6.758242000000003
TM7SF2	11.650884000000003
KCNV2	0.15982
KCNV1	0.0
SNTA1	9.069108
SPANXN5	0.0
MMP23A	0.439032
FAM98B	7.092853999999999
TSG1	0.039692
LRRC46	3.6339560000000004
PLCB2	8.030648
XKR8	8.742924
CIAO1	11.127397999999998
NOP10	10.447214
ITGA10	3.676670000000001
ITGA11	5.214648
EXOC3L2	6.500938000000001
NOP16	8.321862000000001
PARP8	7.633896000000001
EIF5B	11.051334000000002
CTXN1	2.0752039999999994
CTXN2	0.036308
ARHGEF33	1.7190719999999997
CCKBR	0.095444
OR2A9P	5.898442000000002
STK35	8.623491999999999
MAML2	6.142192
MAML3	7.8665840000000005
MAML1	8.732030000000002
NONO	12.327744000000001
MARCH8	7.578066
IL28RA	8.004844
DPYS	13.753307999999999
TRPM8	10.446942
TP53TG3B	0.13481600000000002
TRPM4	8.380956000000001
TRPM5	0.253624
TRPM6	1.997476
TMEM171	5.463463999999999
USP17L6P	0.0
TRPM1	0.5683219999999999
LOC100128822	5.970425999999999
TRPM3	1.582476
SULT1C3	0.017118
SULT1C2	3.6692360000000006
TUBB8	1.218066
METRN	8.5103
TUBB6	9.651306000000002
TUBB4	6.435414
TUBB3	6.294478000000002
METTL1	8.000937999999998
HERC1	9.707826
HERC3	8.915028000000001
HERC2	9.662493999999999
HERC5	8.867952
HERC4	9.484126000000002
HERC6	7.967142
C19orf71	1.9868480000000002
C19orf70	10.113188
C19orf73	4.966636000000001
APTX	9.022482
C19orf75	0.063134
APOLD1	8.602999999999998
C19orf77	8.317768000000001
C19orf76	2.987626
ZFYVE28	7.580464000000001
FLJ22536	1.094636
SH3BGRL3	11.03824
SH3BGRL2	11.485422000000003
PEX5L	0.39714
DKFZp761E198	8.493094000000003
PSMB9	9.355634000000002
NYNRIN	8.743952
C17orf59	7.510115999999998
C17orf58	7.886626
C11orf68	9.296297999999998
SLCO2B1	13.428094000000003
C17orf51	7.1252900000000015
C11orf67	8.864787999999997
C11orf64	0.0
C11orf65	3.5439280000000015
C17orf55	5.1835840000000015
C17orf54	0.065608
C17orf57	3.800250000000001
C17orf56	8.010349999999999
EIF3C	5.944309999999999
TNFSF4	4.740575999999999
C9orf16	9.237229999999998
MKNK2	11.473823999999997
LCLAT1	8.576388000000001
MKNK1	8.826896
ADRA2A	5.4241280000000005
OLFM3	0.391414
CCR1	8.100828000000002
CCR2	5.422534000000001
CCR3	0.6477280000000001
CCR4	3.1169079999999996
CCR5	6.363659999999999
CDSN	1.207866
CCR7	5.10599
CCR8	0.5525059999999999
CCR9	1.8476460000000001
BCAS4	7.9832339999999995
STK39	5.747802
BCAS2	9.618108
BCAS3	9.010449999999999
LOC151174	2.009122
BCAS1	3.2523820000000008
DRAM1	8.095809999999997
TUSC1	8.471291999999998
DRAM2	9.306166000000001
PABPC1L	6.641326000000001
CD81	14.681413999999995
CD80	3.6536159999999995
CD83	7.857064000000001
CD82	10.516011999999998
CD84	5.507016
CD86	7.391051999999999
ABCC6P1	9.108062
ABCC6P2	7.491075999999997
LOC402377	1.936848
TM4SF4	13.521
LOC284441	5.150634
LOC284440	6.34334
SLC8A3	1.9844360000000003
SLC8A2	0.542162
BCL7C	8.969773999999997
BCL7B	10.104021999999997
BCL7A	8.398103999999998
ZBED1	11.490801999999999
ZBED2	0.9080879999999999
ZBED3	5.325279999999999
BNIP3L	10.348667999999998
TMEM135	9.766315999999998
RPE	8.917598000000003
LOC149134	3.3403740000000006
SCP2	14.69353
EFNA5	4.909174000000001
EFNA4	6.480596000000002
EFNA3	4.5239080000000005
EFNA2	4.14688
EFNA1	12.189199999999994
SEMA4F	5.587096000000002
SEC1	1.4675459999999998
STAU1	12.484452000000001
TM4SF5	11.538631999999998
ZNF562	7.860092000000001
CD8A	7.24335
CD8B	5.010915999999999
SLC28A2	2.4829260000000004
OSBP2	4.544334
LRP2	4.148644
LRP3	11.131814000000002
GALNT14	4.800104
LRP1	14.291757999999994
GALNT12	4.096723999999999
GALNT13	1.010428
GALNT10	7.382009999999999
GALNT11	9.345296000000001
CDS1	5.644974000000001
CDS2	9.937292
ESR1	10.144725999999999
OR51L1	0.0
SSH2	7.7493979999999985
RUNX3	7.517671999999999
HLA-DOA	8.536770000000002
HLA-DOB	4.299778
NFATC1	7.5704759999999975
LOC554202	0.216488
CALR3	0.921592
HARS2	8.954888000000002
CLCC1	9.618873999999998
STIM2	8.409872
ANTXR1	8.484808000000001
SNORA29	0.0
ANTXR2	10.775508000000002
LIMK2	8.57342
CCDC74B	1.5725359999999997
CCDC74A	3.680847999999998
LIMK1	7.479666000000002
S100P	4.227924
SSH3	8.82709
OR51S1	0.0
MAP2	7.306445999999999
C1orf189	0.168384
C8B	14.589086000000002
TBCCD1	8.268818
MAP6	4.80635
MAP7	10.020172
CRIPAK	6.809970000000001
C8G	12.857871999999997
C1orf180	0.012766
TEAD2	7.611216000000001
C1orf182	2.5112999999999994
C1orf183	4.135224000000001
C1orf185	0.025009999999999998
C1orf186	3.0032340000000004
C1orf187	0.28299799999999997
PTPN22	4.909052000000001
FAM180A	7.61607
FAM180B	0.297266
PTPN21	8.787595999999999
PLEKHF1	8.483374
WFS1	9.124074
PLEKHF2	8.489592000000002
BRI3	11.545910000000001
CXorf49B	0.026622
CHIT1	3.582536
MRPL18	9.915124000000002
?|728045	0.0
APEX1	11.148096
APEX2	8.958349999999998
RPL37A	13.470149999999999
OVOL2	2.4011940000000003
SERPINI1	5.414642
PPY	0.06971999999999999
SPOCD1	1.4711860000000008
FANK1	1.4630320000000006
RAB37	8.983147999999998
ESRRG	5.232689999999999
ESRRA	10.846753999999999
MRPS6	9.477006
ESRRB	1.501002
CLDN23	8.342148000000002
CLDN22	0.18911
CYP4V2	12.614562
CLDN20	0.308212
CLDN25	0.157818
CLEC11A	7.439848000000003
IL28B	0.021678000000000003
IL28A	0.05727
TMEM208	10.643803999999998
DYNC1H1	11.632343999999998
EPHA10	1.3667199999999997
TIE1	9.121235999999996
ZNF718	4.75974
DMRTA2	0.088254
THG1L	7.614115999999998
ZNF716	0.04806200000000001
DMRTA1	8.371042
RFC4	6.859283999999998
EBPL	11.084148000000003
ZNF860	1.8378780000000001
ZNF713	3.6957940000000002
NFAM1	7.889275999999998
BASE	0.0
TOM1L2	8.818510000000002
MAPT	4.267155999999999
ANTXRL	0.033499999999999995
HLA-DQA1	9.694112
HLA-DQA2	7.6391300000000015
VPS33A	8.748030000000004
ASB10	0.031096
ASB11	0.047152
ASB12	1.0840120000000002
ASB13	10.800809999999998
C14orf21	7.693198
ASB15	0.05319599999999999
C14orf23	0.0
ASB17	0.0
ASB18	0.031872
NME1-NME2	6.854002000000003
YIF1A	11.547150000000002
C14orf28	7.065691999999999
DHCR7	12.283121999999997
CASP10	8.480389999999998
OR4K15	0.0
CASP12	0.506788
AFG3L2	10.909425999999998
CASP14	0.031764
TATDN3	8.145462
SERPINB9	9.349653999999997
FAM5B	2.952717999999999
TATDN2	9.31153
TROVE2	9.564238
C18orf62	0.0
LOC401052	3.62872
XPOT	10.011634000000003
NBEAL2	8.01651
AVIL	4.125886000000001
TCHHL1	0.0
LRP1B	3.421246
ZFP2	3.8651600000000004
OR4K14	0.0
GNB2L1	14.043242000000003
ANKMY1	7.123399999999999
ANKMY2	8.029271999999999
TLE2	8.098230000000001
MYCBP2	9.523727999999998
SERPINB8	9.146413999999996
PTBP2	7.163082000000002
PTBP1	12.021110000000004
NNT	12.520880000000004
TYW1B	6.468358
DOK7	4.474538000000001
FAM19A4	0.6337979999999999
FAM19A5	5.458168000000001
FAM19A2	3.0681439999999984
FAM19A3	0.25612999999999997
FAM19A1	1.4617459999999998
HK2	6.306926
HK3	7.568412000000002
ZBTB6	7.216267999999996
HK1	8.646099999999999
TUSC3	7.003111999999999
CACNG3	0.25295
CT62	0.29817400000000005
ZNF445	8.251558
CACNA2D2	3.9319159999999997
CACNA2D3	1.6354360000000003
ATP2B3	0.48346799999999995
CACNA2D1	2.3263639999999994
ATP2B4	10.141375999999998
CACNA2D4	5.159572
VSIG1	1.5081199999999995
FDPS	11.896105999999998
YWHAZ	12.501519999999996
MTCH1	11.41049
GPR160	5.572586000000001
MLC1	3.2607800000000005
ZNF80	1.8415460000000001
CACNG4	2.4379639999999996
TFPI2	7.0984479999999985
MSRA	10.338020000000002
SUPT4H1	10.401356
TBX1	2.2447139999999997
ZWILCH	6.704384
XRN1	10.006034000000001
CYP27C1	2.5606400000000002
NR1I2	10.976806
TBX6	3.5610660000000003
C6orf225	7.904402
TNF	3.4390660000000004
FBXO5	6.330048000000001
BATF	5.464374
LOC100130264	0.02743
TRIM6	4.580128
FBXO6	8.714801999999999
LOC148413	8.964176
PABPC1	13.59443
MACF1	11.547409999999996
LOC653786	2.184992
PABPC5	2.4517179999999996
PHLPP2	7.694522000000001
FBXO9	9.737791999999999
DQX1	0.47666800000000004
EED	7.617884
MAPKAPK5	8.651832
TSSK6	3.805676
MAPKAPK3	9.270930000000002
MAPKAPK2	11.02508
PDHX	9.85143
ZFHX4	8.466322
ZNF804A	2.938471999999999
GOLPH3	12.154342000000002
LOC400891	0.11132000000000002
PIK3R5	7.127019999999999
PIK3R4	9.962368
PIK3R3	7.797523999999998
PIK3R2	9.838573999999996
PIK3R1	11.805502000000004
CTNNBL1	10.294845999999998
ZNF107	5.309824
PDHB	11.053027999999998
FAM83H	9.974442
LOC286367	3.661148000000001
ZNF235	5.608312
PTPRN2	7.080256000000002
TMEM38A	6.774311999999998
PDIA4	13.301722000000002
TIAL1	10.148439999999999
SLC10A2	0.19116200000000003
OR4A5	0.0
C15orf5	0.257308
C15orf2	0.9030020000000003
PMFBP1	0.9445220000000001
LOC643763	0.902316
NAIP	4.318080000000002
HACE1	6.120326
HEXIM1	10.157094
DENND5B	9.820987999999998
DENND5A	9.332172
HEXIM2	7.631226000000001
PTCRA	2.7177100000000003
CATSPER2P1	4.775758
ELFN1	9.450671999999997
LOC284632	0.052745999999999994
ARMCX6	6.038738
ZNF532	7.079788000000001
LRRC18	0.145896
LRRC19	4.800426000000002
AQP7P3	5.292008000000002
LRRC17	5.345382
AQP7P1	7.806142000000001
LRRC15	3.495163999999999
LRRC10	0.019772
LOC284798	0.150504
C14orf105	8.556462
C14orf104	8.304772
BAT5	10.479248
C14orf106	6.670160000000001
C14orf101	8.350743999999999
BAT2	11.382491999999997
BAT1	11.634389999999998
C14orf102	8.591366
CRLS1	11.644186000000001
RAB3C	2.102468
OR10J1	0.035942
C14orf109	7.666709999999999
AASDHPPT	9.860769999999999
SMEK2	10.795683999999994
ARMCX5	7.695342
XCL1	3.6762400000000004
LOC730811	0.0
TOMM40L	8.35931
RAB3A	5.286642
ATP8B5P	5.62806
TMEM202	0.0
OR7E91P	0.170086
IDS	10.735572000000001
RRS1	8.49729
ARMC6	10.885737999999998
RBKS	9.650896000000001
NFATC3	9.841412000000002
GLIPR1L1	0.0973
GLIPR1L2	3.7890339999999987
CDRT15P	1.7422280000000006
TNFAIP8L3	5.74829
IDE	8.791099999999998
ZNF204P	4.602806
LRG1	15.016501999999997
NCAM2	4.694130000000001
TNFAIP8L2	6.621281999999999
CCDC101	8.782653999999999
FAHD2B	6.1278039999999985
CCDC103	4.632485999999999
ARMC5	9.583258000000004
CCDC105	0.0
CCDC104	8.072864
CCDC107	9.153001999999997
CGN	11.61663
CGA	1.131182
CCDC108	1.0357960000000002
HIATL2	3.3138599999999996
CGB	0.017254000000000002
BICD2	8.968490000000003
POLD1	7.923114000000003
POLD2	11.520825999999998
LOC641298	2.9134100000000007
POLD4	11.852746
RPRM	0.24451000000000003
PML	9.564409999999999
REEP3	9.216129999999998
REEP2	1.9631100000000001
DLC1	10.910028000000002
ARMCX3	9.713975999999997
PI4KAP2	6.461645999999999
REEP6	13.753796
CECR1	9.891026
CECR2	6.925889999999998
FUBP1	9.10413
CECR4	1.8378119999999998
CECR5	10.320968
CECR6	2.6838580000000003
CECR7	0.481434
NUB1	10.557076
ARL6IP6	6.801694
ARL6IP5	10.807065999999997
ARL6IP4	12.058703999999995
TLR4	9.222706
ARL6IP1	13.29644
CHRNA4	8.428536000000001
CHRNA5	2.3511819999999997
CHRNA6	0.28056799999999993
CHRNA7	0.23627199999999998
FER	4.035824
CHRNA1	0.9059400000000001
CHRNA2	0.78463
CHRNA3	0.41413999999999995
SAV1	9.098298000000002
ARMCX2	6.358678
USF2	11.541926
CHRNA9	0.0
MAPK8IP2	4.0654119999999985
MAPK8IP3	8.143952000000004
MT1DP	5.553910000000001
CEP152	4.045664000000001
DICER1	10.478181999999999
PLAC1L	0.0
ID4	6.663256000000001
TLR5	5.804071999999999
ID2	13.340005999999999
ID3	9.428092
ID1	10.957892000000001
TIGD3	2.4674260000000006
LOC100302401	2.8650879999999996
SLFNL1	2.4084360000000005
?|652919	1.047866
HP1BP3	11.145164
FAM18B2	8.034657999999999
CPAMD8	5.539486
CHGB	0.879444
SNORD26	0.0
TCF7L2	9.516708
NCRNA00032	0.057682000000000004
OR10AD1	0.050006
MSN	12.122507999999998
LENEP	0.0
LEPREL2	6.633801999999999
LEPREL1	7.845449999999999
TIGD2	9.045653999999999
NECAB3	8.653202000000002
COL20A1	0.3878040000000001
LOC100268168	1.9901419999999999
OPLAH	10.524954000000003
SEC31A	11.946982000000002
XBP1	14.237891999999999
UBOX5	7.747325999999998
ANKRD5	7.158977999999999
ANKRD6	7.544235999999999
ANKRD7	0.09866200000000001
ZNF846	5.879407999999999
ANKRD1	3.5605560000000014
ANKRD2	0.9727360000000003
AQR	8.924328000000001
ANKRD9	6.562482
BCMO1	3.8306700000000014
AHDC1	8.678552000000002
GLI3	4.643494000000001
GLI1	3.2221559999999996
TFIP11	9.938754000000001
AQP12B	0.03735
AQP12A	0.0
FSHR	0.174508
DISP1	8.080369999999998
MPPE1	9.519712
DISP2	4.373101999999999
YME1L1	11.521311999999996
TMEM145	0.8228
PEF1	10.799020000000002
GDNF	1.253502
LONP2	11.915459999999996
COL8A2	5.6466020000000015
COL8A1	4.1757040000000005
HNRNPA1L2	9.997746
PDGFD	7.289336
TSGA14	6.324662000000001
HCCS	9.117135999999999
MTMR8	1.8759880000000002
GTF2E2	9.158414
SPATA3	0.01291
DMKN	4.8974899999999995
UBA7	10.170078
SPATA2	8.51441
SPATA1	2.4148479999999997
SNORD114-7	0.0
RCC1	8.513562
RCC2	9.599666000000001
TLR9	3.745607999999999
LPHN1	6.011283999999998
SPATA7	6.805001999999999
ATPBD4	6.513426000000001
SPATA6	4.025974
CWH43	3.595532
RDBP	9.496471999999997
SIGLEC8	4.548572000000002
CD5L	11.018429999999999
NBL1	7.507000000000002
FOLR4	0.252032
DNM1L	9.323708000000002
LETMD1	10.034904000000001
SIGLEC7	7.218489999999999
FOLR1	2.473106
FOLR2	9.073377999999998
FOLR3	1.1207459999999998
DUOXA1	0.8954099999999999
RANGRF	8.050364
DUOXA2	1.7900139999999995
SFRS2IP	10.943394000000003
FHIT	5.8687380000000005
KRTAP1-1	1.2175400000000003
HSPA2	7.359874000000001
ZNF70	4.948091999999999
PROCA1	2.774208
FTMT	0.0
TRAM1L1	1.9218380000000002
LAPTM5	11.052427999999999
B2M	16.082917999999996
HSPA7	4.774616
WHSC1L1	8.718709999999998
FLJ42393	0.5114500000000001
HSPA6	6.635477999999998
HSFX2	3.6473739999999997
HSPA5	14.130321999999996
NR0B2	11.640154000000004
NR0B1	0.102902
HSPA4	10.887746
PTPLA	3.827818000000001
NT5DC3	7.787232
TBC1D22A	8.650075999999999
HRSP12	14.083636000000002
RPSA	11.735833999999997
SPTLC2	8.705131999999999
SPTLC3	9.518908000000003
DRAP1	10.38555
ABCD1	8.84083
ABCD3	12.138444000000003
ABCD2	2.4220819999999996
RARS2	9.245652000000002
ABCD4	10.141050000000002
C2CD3	7.614845999999997
C2CD2	8.512319999999999
KRTAP1-3	0.032962
HSPA8	14.284029999999998
ZNF43	5.183212
SIRPA	11.317574000000002
LOC100131496	1.514018
TOM1	11.428993999999998
SIGLEC5	4.842022000000001
TUBD1	6.737042
TMEM19	9.311554000000003
RRBP1	13.922714000000003
TRAPPC9	9.346186000000001
PI3	2.239848
LIN52	6.5653859999999975
SPANXC	0.023239999999999997
TRAPPC1	10.147029999999999
TRAPPC3	9.970792000000003
TRAPPC2	7.8776160000000015
TRAPPC5	9.815554
TRAPPC4	9.138870000000002
PRPH	0.428296
BAK1	7.699436000000002
PPAN-P2RY11	1.3664540000000003
SIM2	4.653814000000001
TMEM129	10.715186000000003
SBSN	0.486958
CSN2	0.0
CSN3	0.085614
RHBG	6.885395999999999
PPP1R14A	6.332202
UTS2D	2.6775420000000003
KRTAP1-5	0.0
ZNF232	6.643166
KIAA1274	6.40892
PRRT1	3.8924999999999983
ST6GALNAC3	5.904098
ZC4H2	7.45725
KIAA1279	8.589766
TSNAXIP1	3.8831839999999986
PDCD10	8.676661999999999
PRRT3	4.389416000000001
PFN1	13.605233999999998
CYP2U1	8.288733999999998
LILRB5	8.630008
ATPIF1	11.628537999999999
C15orf17	8.253924000000003
LILRB2	7.656718
LILRB1	7.067663999999999
DGAT1	10.823355999999999
KIR2DS4	1.6940819999999999
DGAT2	13.214894
TNFRSF21	8.963516
MTCP1	4.65216
PSMG4	8.053382
TBC1D10B	8.995494
GRAP2	4.534250000000001
ABCA17P	1.0123
PSMG1	8.99086
PSMG2	9.874066000000001
PSMG3	8.395160000000002
RRN3P3	4.365782000000001
KSR1	6.944042
KSR2	1.4334159999999998
TIMM17B	9.607192000000003
DSEL	8.491915999999998
SLC35D3	0.185806
PPIH	7.417171999999998
GRAPL	2.1125719999999997
GATAD2B	8.940372000000004
C20orf43	10.824656000000003
NRK	1.348934
C20orf46	5.125894000000001
CNTFR	7.971871999999999
TACR3	0.037414
TACR2	2.414282
TACR1	1.7161700000000002
DIMT1L	8.150939999999999
KCNH5	0.0
KCNH4	0.9352340000000001
KCNH7	2.6790840000000005
KCNH6	0.3800260000000001
KCNH1	2.0626660000000006
KCNH3	2.9173419999999997
KCNH2	2.4741840000000006
PPIC	9.427774
KCNH8	2.3743380000000007
PPIB	13.768892000000001
SNORD45C	0.0
LOC388789	9.743686000000002
C9orf119	8.778751999999999
OR5T2	0.036778
CCDC85A	2.9821459999999997
SERBP1	12.649768
SNORD111B	0.0
MRPL53	9.738802
C9orf110	3.2740219999999995
C9orf117	1.0729240000000002
C9orf116	4.63511
C9orf114	9.317106
LOC731779	0.036629999999999996
PNMA5	0.7125619999999999
SLC28A1	10.939395999999999
NUP133	9.239922
PRNP	11.113893999999998
LIN37	7.07874
KIAA0586	7.4076679999999975
FOXM1	4.902717999999998
ZER1	9.934212000000004
NDUFAF3	10.445724
FKTN	7.773142000000002
OR2H2	0.08645199999999999
OR2H1	0.0
URB2	7.2991399999999995
WBSCR22	10.262283999999998
GDAP2	8.264512
GDAP1	6.074358
LOC285735	0.0
ZSWIM6	8.165593999999999
ZDHHC21	5.839768
LOC285733	10.081168000000002
LRRC70	5.2749939999999995
DNALI1	9.230328
GCSH	7.123778
ZSWIM7	8.502076
LOC100130557	3.7169259999999995
AP3D1	11.449089999999996
PTTG1	4.441294
ZSWIM1	6.874813999999999
LOC340357	0.0
ILDR2	1.666024
ILDR1	4.107305999999999
SNORD18A	0.0
FAM71E1	5.461858000000001
FAM71E2	0.15834199999999998
MEIS3P1	6.80625
SULT1A1	12.684012000000001
OSTalpha	11.425196000000001
SULT1A2	9.911389999999997
BARX2	1.5239640000000003
RBBP7	10.511970000000002
CABYR	2.9560820000000003
BARX1	1.7270179999999997
IL3RA	5.310764000000001
NOL8	8.441906
CHTF18	5.991043999999999
C19orf18	2.842118000000001
NOL4	4.027127999999999
NOL7	9.16864
NOL6	9.669717999999998
OLIG2	0.118052
C19orf12	10.529111999999998
NOL3	8.043532
C19orf10	11.462910000000004
TTTY2	0.10878199999999999
NIPSNAP1	13.078994000000002
OR9I1	0.0
TTTY6	0.022316
TTTY7	0.0
FAM156A	8.00049
TTTY5	0.0
USP1	8.773214000000001
TMEM52	6.900334
TTTY8	0.0
KRTAP9-8	0.0
DCAKD	9.390990000000002
TMEM53	10.410114
TMEM70	9.792948000000003
TNFSF9	2.909078
CLPTM1	12.068919999999997
C17orf39	8.215938
RAB7L1	9.571634000000001
C17orf37	9.782664000000002
LOC145783	4.786978
CDC40	9.324948000000001
CDC42	11.972844000000002
NEK10	3.3219060000000007
KRTAP9-9	0.0
TAS2R13	0.08226599999999999
NADSYN1	9.649601999999998
TECR	11.079756
PGLYRP3	0.10036400000000001
PGLYRP2	13.380197999999998
PGLYRP1	1.6128339999999994
ACRV1	0.30163799999999996
PDDC1	9.549143999999998
CHAF1B	3.9579519999999997
VCY	0.0
BIN1	10.095952
BIN3	8.641764
BIN2	7.2281980000000035
RGS22	0.23739400000000002
RGS21	0.059062
RGS20	0.33848
DPYD	11.025248
SNORA36C	0.0
UBTF	11.015664000000001
PIPSL	7.255812000000001
CDCA2	2.2911719999999995
CDCA3	3.441716000000001
YLPM1	9.619028000000002
CDCA7	2.4719179999999996
CDCA4	6.098259999999999
CDCA5	4.623685999999999
CDCA8	4.255636000000001
MID1	8.018336
GFAP	2.949792000000001
UTS2	0.6928599999999999
RADIL	2.3184019999999994
FAM108C1	7.262682000000001
XYLT1	5.2316020000000005
METAP1	9.501774000000001
METTL11B	0.028854
ZNF717	4.709156000000001
RSF1	8.477724
TTTY20	0.0
VPS53	9.106210000000003
OR2Z1	0.023239999999999997
OAF	13.316074
KCNF1	1.6451260000000003
PLB1	4.332166
SLC31A1	12.554225999999998
MUC4	2.1902719999999993
PCDH18	6.301688000000001
SASH1	9.103374000000004
CT47A7	0.0
CT47A6	0.0
TCL1A	2.9091340000000003
PCDH19	3.505708
CT47A2	0.0
CT47A1	0.0
ZSCAN12P1	3.405583999999999
FLJ10213	2.3665599999999998
RG9MTD3	6.203658000000001
CYB5A	14.270775999999998
CT47A9	0.0
RALB	9.73256
TMLHE	8.357325999999999
SNORD109B	0.0
TFEB	8.442456000000004
ZFAND2B	9.796346000000002
POU3F3	0.058378000000000006
SS18L2	8.684311999999997
NBPF22P	0.074784
TP53TG1	9.48645
IGDCC3	0.157902
DMRTC1B	0.989458
TMEM63A	10.545530000000001
HLA-DMA	9.693921999999999
PCK2	14.669649999999999
RRP7B	5.146564000000001
NPAS4	0.819002
SYTL1	5.414344000000001
SYTL3	5.390802
SYTL2	7.203302000000001
OR51Q1	0.0
FADS3	8.543754
POMT1	9.725685999999998
SPRED2	9.966946000000002
PTHLH	2.452982
OR10K2	0.0
OR10K1	0.0
OR10G4	0.0
RNU6ATAC	0.035596
ZNF652	9.747766000000002
OR10G3	0.0
KIR3DP1	0.0
OR10G2	0.0
WDFY1	9.566156
LOC100272217	4.263107999999999
LOC100272216	2.837146
ASTL	0.36955
KRT73	0.201376
FAM182B	2.5398999999999994
PRL	0.042892
FAM182A	0.39093399999999995
PLEKHH3	8.523178000000001
PLEKHH2	5.507957999999999
PLEKHH1	5.169112
RELT	6.034902
ESRP2	11.134212000000002
ESRP1	4.923456000000001
PPP1R2P9	0.067996
RELN	10.850672000000001
RELB	8.530089999999998
NANOS1	6.8402059999999985
HDGF	13.178244
PRX	5.914263999999999
ZMPSTE24	10.46078
MRPL36	9.114352
CRISPLD2	9.605584
CRISPLD1	4.718742000000001
ATM	9.315330000000001
MRPL32	10.498145999999998
MRPL33	8.751281999999998
MRPL30	9.622936
PTRH2	8.952465999999998
CLEC17A	1.4220180000000002
SNORD45B	0.0
ZNF550	5.928245999999998
PTH2R	2.404902
MRPL38	10.753995999999999
CYYR1	7.295984
FAM69C	2.4676
ESX1	0.0
FAM69A	9.540238000000002
FAM92B	0.5734979999999998
KLK4	0.150668
DMRTC1	0.0
DMRTC2	0.0
KLK7	0.229368
KLK8	0.14825599999999997
KLK9	0.10322800000000001
THOC1	8.106024000000005
THOC7	9.600785999999998
THOC6	8.511837999999997
THOC5	8.385219999999999
PRRG1	8.435998000000001
PRRG2	6.899169999999998
TTTY23	0.0
SNORD45A	0.0
SOX9	8.29748
ZNF670	5.559921999999999
RHBDL2	2.1686620000000003
RHBDL3	1.7782479999999992
LOC144486	1.327082
RHBDL1	3.874806
PARP16	8.682538
TRIM6-TRIM34	0.0
HSD3B7	11.639685999999998
FLJ42709	5.822894
HSD3B1	3.372242
HSD3B2	2.7748740000000005
MTRR	9.640797999999998
LOC100129034	10.819555999999999
ADAM32	0.35840199999999994
YWHAG	11.657449999999999
CD300A	8.102144
WHSC2	8.619983999999999
CD300E	1.6437440000000003
CLUAP1	7.6723459999999974
FOXP3	5.469154
COPS8	9.348792000000001
FOXP1	10.016128000000002
RCCD1	7.538567999999998
ADAM30	0.033128
FOXP4	10.381996
MSL3	8.32529
COPS2	10.312286000000002
COPS3	9.689741999999999
SAA4	14.303954000000001
COPS6	10.817741999999996
NUP85	9.179444
COPS4	9.193502
COPS5	10.225172
YTHDF3	10.884812
PPOX	7.752566000000001
YTHDF1	10.292507999999998
ZNF596	5.363513999999999
MDGA1	4.609316
GTSF1	1.2028800000000002
ZNF595	6.802721999999999
ZNF598	9.515722
PARP11	7.201727999999999
TMEM72	0.4547859999999999
MYCN	2.0270700000000006
KIAA0802	6.356460000000002
SREBF1	12.497701999999995
PLCH2	5.393096000000001
SPOP	10.058723999999998
TKT	11.490050000000004
PLCH1	3.110762
VEZF1	9.300263999999997
SHOX2	0.770518
NLK	8.676699999999999
FDFT1	11.360669999999995
FAM135A	7.267709999999999
FAM135B	2.518636
NLN	9.402177999999997
IGF2	15.330827999999997
?|100130426	0.012766
IGF1	11.378224
DLD	11.408263999999999
TMED5	11.731361999999999
NUDT1	6.055215999999998
NUDT2	8.202146
NUDT3	8.672483999999999
NUDT4	9.622100000000001
NUDT5	10.397482000000002
NUDT6	8.71938
NUDT7	9.461261999999998
TFPI	12.982817999999998
TWSG1	8.386904000000001
SEPN1	9.993347999999997
PVR	10.966538
TK2	10.527994
OR2B11	0.124188
SNORA81	0.5517420000000001
PHLDB1	8.49529
COL16A1	6.640786000000003
PHLDB3	8.551517999999998
NTHL1	9.772794
LARS	10.051248000000003
OR2M4	0.0
SST	0.088932
ZNF628	6.876708
FLJ42875	2.2835460000000003
MAL	3.038596
CYP27A1	14.758651999999998
MEF2B	3.767662000000001
MEF2A	10.0114
FETUB	12.406023999999997
DDRGK1	11.048432
TP53BP1	7.758217999999999
MSLN	1.1389980000000002
FBXL20	6.860585999999999
FBXL21	3.0078279999999995
FBXL22	2.428103999999999
LOC100286844	3.422508000000001
EPHX1	15.690700000000001
EPHX2	13.004442
ARGFXP2	0.174796
EPHX4	0.694452
ZNF333	6.18136
ZNF330	10.073712000000002
FAM168A	6.296431999999999
TEX15	1.5174760000000003
RPLP2	13.008413999999995
NSL1	9.089013999999997
RPLP0	14.168520000000006
TEX11	0.8070119999999998
TEX10	7.798292000000001
PEBP4	2.4681640000000002
CD300LG	4.335157999999999
CD300LF	4.753397999999999
SLCO1B1	13.306918000000001
CD300LD	0.0
CD300LB	4.111992000000001
SGSM3	9.821895999999999
MALAT1	9.121266000000002
LRRC3B	0.8919779999999998
RSC1A1	8.363306
ECD	8.806735999999999
SFRS1	11.582538
NOTCH2NL	9.367909999999998
SLC7A5P1	0.25639599999999996
LOC100133893	0.22756600000000002
NFKBIB	9.781006
LOC157627	0.029498000000000003
CIB2	4.265894
CIB3	0.085152
MAPKSP1	9.437694
CIB1	11.572030000000002
PRIMA1	3.922014
CIB4	0.014702
THYN1	9.721468000000002
TTC3	11.149007999999998
HBXIP	10.251502000000002
SLC7A5P2	0.3724
TTC29	0.0
ARID3A	4.897036000000001
CG030	3.7164360000000003
EVC	7.963611999999999
NTF4	0.17374000000000003
MTMR12	9.872503999999998
MTMR11	5.911542000000001
LOC285830	5.106604000000001
UGDH	11.739378000000002
CELSR3	3.5704399999999996
ARID3C	5.842904000000001
CELSR1	7.489698000000001
RABL2B	7.447095999999999
KIAA1045	2.7502080000000007
PTCHD2	0.565834
PTCHD1	0.685614
BBX	9.148297999999997
NEK6	11.156492
LOC200030	8.691694
CXADR	8.895152000000003
C14orf129	8.851725999999998
C14orf128	5.047406
SUPT3H	5.160260000000001
MFSD10	8.144525999999999
LRRC30	0.0
LRRC31	6.160873999999998
LRRC32	9.412632
LRRC33	6.8732619999999995
LRRC34	4.294447999999999
C14orf126	8.22766
LRRC36	0.9159200000000002
LY6G5B	3.7677740000000006
MFN2	12.092344
MFN1	8.407668
NUDT9	10.033278000000001
ZNF33B	8.993288000000002
FAM166A	0.557208
FAM117A	8.645657999999996
FAM117B	6.999542000000002
PATL1	10.400692
THTPA	8.09883
NAA50	11.073076
MAD2L2	9.352775999999997
RPS26P11	1.148586
FAM9A	0.4995199999999999
SVIL	9.263888000000003
KTN1	11.947912000000004
TCEB3	10.959541999999999
TCEB2	11.328847999999999
TCEB1	9.289512
IQSEC1	10.964590000000001
C20orf191	0.053411999999999994
C20orf197	0.964978
BMPER	8.187626
C20orf195	0.56208
C20orf194	7.275347999999999
CLCNKA	1.028198
C20orf199	9.147567999999998
CLCNKB	0.324274
LRP2BP	4.662270000000001
OR5D13	0.0
FAM90A1	1.347844
IQSEC2	6.313963999999999
FAM90A7	0.0
SERPINA3	17.374658
PURB	9.662144
VPREB1	0.019054
CCDC160	0.739406
KRTAP6-3	0.0
KRTAP6-2	0.0
KRTAP6-1	0.0
OR5D14	0.0
SATB1	8.943184000000004
RIC3	5.2927240000000015
OXSR1	9.804368
OR5D16	0.0
ST3GAL3	8.34546
ST3GAL2	9.136704000000002
ST3GAL1	12.234516
SGPP1	9.876171999999999
ST3GAL6	10.285843999999999
ST3GAL5	8.743688000000002
ST3GAL4	9.110827999999998
C7orf28A	9.033488000000002
NINJ1	11.115757999999998
NINJ2	6.859868000000001
C7orf28B	8.066886
GALNS	8.846236000000001
ZNF451	9.035854000000004
SNORD15B	0.339868
NEK2	3.0696819999999985
NPSR1	0.087354
ATF6B	10.385251999999998
SNORA74B	0.347172
TJAP1	8.803166
SLC16A9	5.356652
MAGEA12	0.35871600000000003
CYP7B1	8.39233
MAGEA10	0.041326
OSBPL8	9.745396
SLC16A1	11.739045999999997
TUFM	12.870674000000001
SLC16A3	7.4671400000000006
SLC16A2	12.002672000000004
SLC16A5	5.983756
NPY2R	0.127876
SLC16A7	6.118246000000003
CEP135	5.5114980000000005
ARHGAP30	8.416526
ARHGAP31	7.8570699999999984
ARHGAP32	8.340468
ARHGAP33	5.251656000000001
BCKDHB	10.903046000000002
ARHGAP36	0.316562
BCKDHA	11.691996
WIPF3	2.84066
ARHGAP39	5.098490000000001
WIPF1	9.132496
CMKLR1	8.002035999999999
LOC100132111	2.01739
MON1B	9.038133999999998
FLJ43390	0.1827
ZNF836	5.052271999999999
DYNLL1	11.188885999999998
LYVE1	9.672728000000001
DYNLL2	10.81574
PRDM5	2.1497360000000008
KHDC1	0.8727839999999999
UQCRQ	12.640875999999999
SNORD114-22	0.0
SNORD114-23	0.0
RBM4B	7.487357999999998
PIBF1	7.586138
SNORD114-26	0.0
SNORD114-27	0.0
SNORD114-24	0.0
SNORD114-25	0.0
SNORD114-28	0.0
LOC647946	0.353778
UQCRB	12.025716000000005
SNORA53	1.1461160000000001
CACNA1H	8.59
CACNA1I	1.5999160000000003
GPS2	9.821800000000001
SNORA52	0.06526799999999999
CACNA1A	1.9380819999999994
CACNA1B	0.125338
CACNA1C	4.624236000000001
CACNA1D	5.946403999999998
CACNA1E	0.50442
CACNA1F	0.51422
CACNA1G	0.374554
PTAFR	5.141102
SPINLW1	0.109268
LYPLA1	10.770605999999995
ATP6V0D2	1.2628079999999997
ATP6V0D1	10.946901999999998
CACNA1S	0.09068799999999999
TTN	5.481269999999999
FCAR	2.520106
FLCN	9.239864000000003
SFRP4	3.5164039999999996
KIF19	5.22278
BMP8A	3.813556
BMP8B	3.703202000000001
PRDM7	0.21662800000000001
HOTAIR	0.0
SNORD115-41	0.0
BGLAP	5.134564000000001
PHB2	12.404589999999999
SNORD115-40	0.0
SLC15A2	3.589784000000001
COIL	8.471233999999999
SLC15A1	9.377851999999997
TOR2A	8.249613999999998
P2RX6P	0.0
CARHSP1	11.794251999999998
RBM41	6.738740000000002
RBM42	10.532602000000002
RBM43	7.306888
RBM44	1.6507160000000007
RBM45	6.901937999999998
CDY1B	0.0
RBM47	11.165274
LLGL1	7.005986000000002
PQBP1	10.132990000000003
TMOD1	9.76407
TTC15	9.688358
SLC22A16	0.38153000000000004
TTC17	10.600966000000003
OAT	11.031762
RP9P	6.426384000000002
TTC13	7.100004
SLC22A17	6.849948
TTC19	9.965035999999998
QRFPR	0.511718
C4orf29	7.297322000000001
PRDM1	6.936418
EPGN	0.021834
FAM48A	8.163442
C4orf21	3.908888000000001
C3orf65	0.335026
C4orf23	7.491728000000002
C3orf67	4.75153
LOC144742	0.020218
C3orf62	6.121864
C3orf63	9.608806000000001
S100A11	9.781335999999996
SLC31A2	9.173059999999998
ZFP92	0.9339519999999999
ZFP90	7.831954
ZFP91	10.599488
ZNF839	7.653066000000003
PDIK1L	8.193386000000002
RICTOR	9.211893999999997
S100A13	9.646368000000002
LMO1	0.034328000000000004
PPM1G	10.746524
PPM1F	8.532210000000001
PPM1E	4.817536
PPM1D	7.919237999999998
ABCF3	10.324895999999999
ABCF2	9.211262
ABCF1	10.847884
RNF148	1.3447700000000002
EGR2	8.237332
C4BPA	15.728549999999998
C4BPB	12.9317
EGR1	13.650857999999996
PPM1K	7.8086899999999995
PPM1J	3.5274500000000018
EGR4	1.360508
PPM1H	8.236415999999998
RTN4RL1	6.579043999999999
FLJ33630	8.006227999999998
PJA1	8.000019999999996
LOC728643	5.483728
LOC728640	4.745148000000001
PJA2	11.650613999999997
CHEK2	6.730806
LMO2	7.889967999999999
CHEK1	5.58923
DALRD3	8.47955
UPF3B	7.052543999999998
INF2	11.490136
NSMCE2	7.485356000000001
PRKAB1	8.927047999999997
SIKE1	9.405778
LIN28B	0.018534
PAX5	1.2888
PAX4	0.119318
PAX7	0.08213999999999999
PAX6	5.13972
PAX1	0.048853999999999995
PAX3	0.05839600000000001
KPRP	0.059122
PCDHA10	3.569074000000002
AHCYL1	11.641493999999996
PCDHA12	3.7699700000000003
PCDHA13	3.4497639999999996
PAX9	0.9060100000000001
PAX8	4.985481999999999
PTPN5	0.548652
PTPN4	7.2584500000000025
GINS2	5.603426
GINS3	5.255977999999999
GINS1	4.780329999999999
PROK1	1.6164460000000007
GINS4	4.844618000000001
BTF3	12.6447
DDR2	5.035308
PLD4	4.875064
DDR1	8.715746
BARHL1	0.0
LRCH4	9.658746
GRK6	8.620684
NNMT	15.524317999999996
LRCH1	9.104756
LRCH2	3.079258000000001
GRK7	0.18276400000000004
MBD3L1	0.0
MBD3L2	0.023239999999999997
MBD3L5	0.0
PTDSS1	10.830013999999998
AGBL5	8.358472000000003
AGBL4	3.7293920000000003
AGBL3	2.720076
AGBL2	4.571746000000001
AGBL1	0.035028
PLD5	1.31774
UBE3C	10.647485999999999
C15orf39	8.115724000000002
C15orf38	7.4196500000000025
ALG10B	7.440093999999999
ARRB2	9.839305999999999
SNORD1A	0.0
SNORD1B	0.0
ARRB1	8.445332
CHCHD10	11.819873999999997
SUSD2	7.155986000000001
ADPRH	7.195432000000003
C15orf32	0.0
C15orf34	2.1203980000000002
C15orf37	6.499434
ADI1	14.394908000000001
CNTD2	4.639344000000001
PILRA	6.629525999999999
PLD6	6.526695999999999
SNAP25	4.901822000000001
ZEB1	8.906668
GPNMB	9.787329999999999
SLC7A13	0.41946999999999995
PSMA2	12.017817999999998
AKAP8L	9.136604
C9	15.399050000000003
PSMA1	10.998352000000002
PSMA6	11.12933
PSMA7	11.839064
OBSL1	10.553446000000001
PSMA5	11.333562000000002
C3	19.059792
C2	14.971397999999997
PSMA8	0.253898
DSG1	8.476330000000003
C7	12.878155999999999
C6	14.677966000000003
C5	14.576412000000003
CEMP1	7.596097999999999
FBXO45	8.201706
FBXO44	8.599852
FBXO47	0.042324
FBXO46	8.210431999999999
FBXO41	4.483876000000001
FBXO40	1.3433560000000002
FBXO43	1.3857080000000002
FBXO42	8.583489999999998
EIF2C4	7.787509999999998
DCDC2B	0.01395
EIF2C1	8.991536000000002
FBXO48	4.768095999999999
EIF2C3	6.355838
EIF2C2	6.7877300000000025
VEPH1	4.0469219999999995
SNRPB2	9.559990000000003
EXPH5	8.591596000000001
ADIG	0.315612
DET1	6.6237639999999995
RPS6KA4	8.727233999999997
CP	16.50885999999999
RMND5A	11.603701999999998
RMND5B	9.139111999999999
NRBF2	10.194207999999998
KCNJ3	4.566902
KCNJ2	5.263574
KCNJ1	0.7202639999999999
SFRP1	7.587088000000001
SNORD10	0.705172
KCNJ6	0.41001599999999994
KCNJ5	3.3637
KCNJ4	4.328475999999998
LOC729991-MEF2B	4.393168
KCNJ9	0.058014
KCNJ8	10.868023999999998
SNORD19	0.0
NRADDP	0.6061239999999999
C9orf131	0.6091880000000001
AGPAT6	10.966091999999996
AGPAT5	9.242754
AGPAT4	5.31639
C9orf135	0.168284
AGPAT2	12.609268
AGPAT1	10.631192
COL1A1	11.398119999999999
C9orf139	1.28001
RCSD1	7.819883999999999
KIAA1217	10.354223999999999
KIAA1210	0.107218
KIAA1211	5.089981999999999
AGPAT9	9.09478
MCL1	14.038317999999997
ZNF788	4.149982
OR2J2	0.0
OR2J3	0.0
CMYA5	7.280966000000001
FOXO3	10.18782
SDHC	12.004359999999998
FOXO1	11.042068000000002
LACRT	0.0
PPP2R1B	11.558359999999999
FOXO4	8.503116
NIP7	8.893311999999998
PEX10	8.824813999999998
PEX13	10.522685999999998
PEX12	8.156001999999999
TMEM158	4.3476479999999995
ANGEL2	8.601876
ANGEL1	8.718484
PEX16	10.015762000000002
CDC37L1	10.697332
TCIRG1	10.411658
AP3B2	0.7729979999999999
TFRC	10.005776000000003
FRAT1	8.220126
PCDHB12	3.7303880000000005
NUF2	2.2699100000000003
UNCX	0.0
TGIF2LX	0.0
ZNF518B	6.674429999999998
ODC1	10.965404000000001
FLJ23867	7.228013999999999
UBXN6	11.461936000000001
PIAS1	7.744278
SPAG4	5.3801879999999995
TMEM195	11.146698
AADAT	10.376684000000001
SIGIRR	10.986861999999999
FLI1	8.061758
ZNF518A	8.127008
ANXA8L2	5.432384000000001
C19orf35	3.075748000000001
C19orf34	0.086616
LOC201651	7.082666000000001
C19orf36	6.110837999999998
C19orf30	0.01694
C19orf33	2.3549100000000003
EPCAM	7.740108000000004
PGA3	3.708180000000001
C19orf39	6.8593399999999995
C19orf38	5.371064000000001
FAM154A	0.4613559999999999
KLHL6	6.149590000000002
VCX3A	0.5252160000000001
FAM154B	2.7836179999999997
PPP1CB	11.701286
PPP1CC	10.601441999999997
KLHL7	8.245044000000002
MPPED1	8.814022000000001
C11orf20	0.238734
C11orf21	3.342024000000001
KLHL4	4.107012
C11orf24	11.083637999999997
C22orf25	8.416824
DCST1	0.19358000000000003
COL6A1	11.738996000000004
WBP2	12.361708
COL6A3	10.03786
COL6A2	11.740319999999999
POM121	10.853802000000004
RFXANK	8.605158000000001
COL6A6	5.275142
WAPAL	10.295313999999998
KLK12	0.202486
KLK13	0.21020200000000003
KLK10	3.5876120000000014
KLK11	3.297268
NDUFAF4	8.896432000000003
METTL2A	8.247574
KLK14	0.41662600000000005
KLK15	0.0
GPR22	0.3987220000000001
FAM71D	3.504162
FAM71B	0.01291
FAM71C	0.022572000000000002
FAM71A	0.220524
ZNF625	2.606268
TRH	0.5752760000000001
GPR20	1.0493700000000001
OGG1	8.310833999999998
SPAG1	7.273124000000001
C3orf33	6.131466000000002
GPR21	0.247382
ALLC	3.003424
C3orf32	2.2883459999999998
VSIG10	8.365860000000003
GPR26	0.16924
SESN3	4.876085999999999
C3orf31	6.731881999999998
GPR27	0.403216
DENND3	7.393170000000001
RWDD4A	8.590316000000001
SLC34A2	6.665125999999998
OR2AE1	0.131536
LOC100130148	0.279442
C3orf37	10.373186
PPP1R16B	7.1077939999999975
GPR25	0.28265999999999997
PLLP	7.712840000000001
BLNK	9.856062000000001
EIF3CL	13.042812000000001
KCNMB1	3.7579780000000005
NOXA1	7.669108
AOX2P	0.541042
UAP1L1	6.376595999999999
ORC5L	8.546602
ARHGDIA	12.749568000000002
OR9G4	0.01395
USH1C	5.1489080000000005
KIAA1841	4.824216000000002
MORF4	1.5945179999999999
UBR1	8.834042
PRMT7	8.887801999999999
NUCB1	13.832188000000004
HSDL1	7.735886000000001
HSDL2	12.393091999999998
KCNMB4	5.161232
SOCS5	8.202463999999999
SOCS4	8.147282
CALN1	4.221426000000001
SOCS6	10.531412
SOCS1	6.729786000000001
SRPR	12.925324000000005
SOCS3	11.373312000000004
SOCS2	10.638302000000003
PPP2CA	11.327993999999999
PACSIN1	3.6871320000000014
LOC646214	6.1515679999999975
CCNY	11.059396
LOC728819	1.9606059999999998
SCD5	6.990928
ZNF626	6.073715999999999
CCNF	5.292639999999998
TARP	3.6429880000000003
CCNC	10.620145999999998
SPINK9	0.033026
PFN3	0.132416
CCNO	1.9431020000000003
CCNH	9.414800000000001
CCNI	11.157858000000001
CCL3L1	5.036621999999999
CCNK	9.243474
PACS2	8.855698
PCM1	11.03191
TBRG4	10.351806
RBM7	9.353726
GREM1	5.07356
ZNF705A	0.066048
ZNF804B	0.053228
NCKAP5	6.974811999999998
GSK3B	9.701990000000002
LYSMD1	7.325626000000003
IL1R2	7.187521999999999
FLJ10357	10.639318000000001
PTN	6.445831999999999
SNORD115-37	0.0
JMY	8.97723
LRRK1	6.022090000000002
LRRK2	8.264441999999999
PTH	0.0
PLEKHJ1	9.713493999999999
ABHD15	10.085105999999998
DHH	2.10851
ABHD10	10.101118
ABHD11	8.158828
ABHD12	10.145053999999998
ABHD13	9.215484
TRO	7.960626000000003
MAEA	9.819498
SCML2	4.999320000000001
NGRN	11.071705999999999
SLC3A2	11.365432
CRMP1	4.513088000000001
TGFB1I1	7.288544000000001
FN3K	10.923034
FAM108A1	8.669456000000002
PTS	9.25535
MRPL10	9.621428000000002
MRPL11	9.876725999999998
MRPL12	11.342460000000003
MRPL13	9.659854000000001
C16orf63	9.500528000000001
C16orf62	9.480009999999998
C16orf61	9.410202
MRPL17	9.455319999999995
ARPC3	11.460954000000005
ARPC2	11.308663999999998
CDC25A	4.310932000000001
RNF44	8.893374000000003
RNF43	8.215296000000002
ARPC5	11.352208000000001
C16orf68	7.479796
NCRNA00202	1.1920100000000002
DCUN1D1	9.193956000000004
DCUN1D2	7.305080000000001
DCUN1D3	8.483796
DCUN1D4	10.073853999999999
DCUN1D5	7.831446
SNORA79	0.0
SNORA78	0.0
ITPR2	12.054807999999998
ITPR3	6.448828000000001
SNORA75	0.03443
ITPR1	7.764393999999999
UBQLNL	3.0054060000000002
SNORA72	0.137376
SNORA70	0.14541
CES1	16.445336
AMPH	3.3329599999999995
OR10H5	0.0
LRIG3	8.295362
LRIG2	5.999357999999998
LRIG1	10.602555999999998
NOTCH3	7.909331999999997
ANKRD20A3	2.294484
PELI2	6.958625999999998
C15orf60	0.04844799999999999
ANKRD20A4	0.51495
BMPR1A	7.883349999999999
SNCG	5.66128
TAF1D	8.462214
EBF4	7.742895999999999
CASKIN2	9.787104000000001
FMO6P	0.238016
CASKIN1	0.41022800000000004
AIFM2	9.432960000000001
AIFM3	4.134912
IL17RE	7.698778
AIFM1	11.932318
IL17RC	10.958502000000005
A1CF	11.244439999999999
IL17RA	8.282202000000002
CES4	10.028216
FLJ44606	4.180663999999999
NELF	9.179262000000005
CES7	6.859535999999997
SSPN	5.560308
PATE4	0.034904000000000004
ACAN	1.5182419999999999
FOXR2	0.027146
PADI6	0.07544599999999999
LOC100130933	5.921120000000002
LOC100130932	5.304731999999999
POT1	8.515154
HBA1	9.090537999999997
TMEM100	6.758216
CD302	13.260368000000001
SACS	6.605841999999999
FFAR3	2.29246
MUC5B	5.942939999999998
OPN5	0.059865999999999996
OPN4	0.0
OPN3	8.94188
NCOR2	10.447814000000001
NCOR1	10.962918000000002
?|553137	6.584299999999998
SCAPER	8.104718000000002
HBA2	10.830497999999999
AVEN	8.378784000000001
PATE3	0.023239999999999997
HIST2H2AB	0.29903799999999997
PATE2	0.058207999999999996
REPS1	9.722546000000003
TEF	9.355535999999999
REPS2	9.410856
LYSMD4	7.590865999999998
GPN3	9.071573999999996
GPN2	7.943586
GPN1	9.121330000000002
TMEM30A	12.055022000000001
NFKB1	10.135448
NFKB2	9.885896
PM20D2	7.566793999999999
UBE2R2	11.170279999999998
RERGL	3.6286139999999993
DNPEP	10.853902
RAP2C	10.589611999999997
RAB40AL	0.9849140000000002
OR4C16	0.0
SIAH1	8.946949999999998
SIAH2	10.911426
SIAH3	0.20444800000000002
NSA2	10.491955999999998
RBPMS2	7.904809999999999
TAF1C	8.955268
CORT	2.5698360000000005
CLPTM1L	11.501688
LYZL1	0.029514
LYZL2	0.022316
PDZRN4	4.586117999999999
LDOC1L	7.782367999999998
OGDHL	12.619199999999994
MYOZ2	0.586124
PAQR7	8.131516000000001
EMILIN3	3.6013699999999984
EMILIN2	6.310039999999999
EMILIN1	10.318964000000001
TFR2	15.196921999999997
DAPP1	5.103716
TPST2	11.202631999999996
PIAS2	7.398934000000001
GULP1	4.304764000000002
CTGF	11.221505999999998
FLJ43950	0.067584
LOC283867	0.013438
PIAS4	7.954582
TMEM98	8.890522
HIVEP1	9.633802
HIVEP2	8.938393999999999
HIVEP3	6.459399999999999
FAM115C	7.100165999999999
FAM115A	8.048314
JAGN1	10.70755
LOC650368	3.849420000000001
ZNF317	8.772466000000001
ZNF318	8.869753999999999
ZNF319	7.480148000000002
OR52M1	0.0
OVOL1	2.387642
P2RX1	3.769491999999999
P2RX3	2.8250360000000008
NRIP3	2.268612
P2RX5	4.756734
P2RX4	8.860376
HSPBP1	9.657568000000001
P2RX6	3.5162220000000004
LBXCOR1	1.483878000000001
LOC148145	0.0
RNF208	7.817221999999998
HADHB	12.991722000000005
HADHA	13.435296000000003
GSTP1	9.643490000000002
RPS19BP1	10.22325
FLJ37543	0.5125979999999999
LOC388955	9.036716000000002
UBE2DNL	1.1183840000000003
MRE11A	7.0855619999999995
FLJ90757	8.358213999999998
NPRL2	8.733825999999999
POLN	3.245694
DKFZP434H168	0.019054
ZNF883	2.0649599999999997
?|390284	2.4053120000000003
KIAA1539	7.959376000000001
PLXNB2	13.00621
METRNL	8.127702000000001
PGRMC2	11.626507999999994
PGRMC1	14.000052000000004
KBTBD6	7.886702000000001
KIAA1530	6.244621999999998
AP4M1	6.877525999999998
VTI1B	10.496471999999999
ALS2	9.892401999999999
LRRC52	0.4095040000000001
LRRC50	2.505392
KIAA1024	1.6561019999999993
LRRC56	4.131858
LRRC57	7.176134000000001
LRRC55	5.407064
DENND1C	7.85634
DENND1B	4.973038
DENND1A	9.796266000000001
LRRC59	11.447629999999997
PIP4K2B	9.705350000000003
SLCO1C1	0.087488
DIS3	9.662101999999999
RGPD3	7.193401999999999
TOP1P1	6.728350000000002
LOC100101266	1.6224539999999998
PIF1	3.0431280000000003
NSUN5P2	6.614513999999999
LOC100130872	8.659116000000001
NSUN5P1	5.364421999999999
SDHA	13.278479999999997
BAP1	10.576909999999998
SDHB	12.359811999999998
SDHD	12.412487999999998
SHARPIN	10.063902000000002
FLJ13224	0.610308
ERRFI1	14.130787999999997
ZCCHC11	8.911689999999998
NKAPL	3.8881719999999995
PSG10	0.0218
PSG11	0.0
SAC3D1	7.314202
AP1M2	5.1162399999999995
NRP2	8.678937999999997
AP1M1	11.090100000000001
FKBP14	5.786552
CDRT4	6.379764
STRC	2.3850720000000005
CCDC147	1.208774
CCDC146	6.923872
CCDC141	3.790447999999999
CCDC140	0.0
PRR15	2.68304
ANKS4B	9.930332000000002
SF3B5	10.725686000000003
TMEM120A	11.342170000000001
CCDC149	7.641858
CCDC148	1.913506
CYP3A43	7.806032
GRAMD3	9.130301999999997
DLG3	6.873901999999999
DLG2	5.822653999999997
DLG5	7.692086
DLG4	6.625940000000001
SAMD10	6.5137480000000005
SAMD11	6.707887999999998
SRPK1	9.437574
GOLGA9P	0.7896000000000001
RAB3IP	8.489369999999997
SYS1	10.215507999999998
PCBP4	8.255384000000003
SPNS3	3.5254340000000006
PQLC2	8.707175999999997
FAM114A1	9.381434000000002
SLC6A2	3.7864279999999995
GRWD1	9.817852000000002
FAM114A2	8.584156000000002
RENBP	7.365152
TBX20	1.4431399999999999
FAM3B	5.397822
PCDH11X	0.630592
PCDH11Y	0.251552
IGF1R	6.990812
FBXO11	9.938072
IFNK	0.0
LHB	0.37605000000000005
RAB11FIP2	7.964009999999998
IFNG	2.0653120000000014
FBXO16	4.4573
IFNE	0.082736
PCBP1	13.154072
MYBL2	4.10613
PTGR1	13.242177999999997
PTGR2	9.14632
CHSY3	6.095198
MTUS1	11.507675999999998
HSPC157	7.7553560000000035
OSBPL9	11.400397999999996
CEP110	7.448326000000002
IFRD1	8.481493999999998
IFRD2	10.494419999999998
GMIP	7.526503999999999
OSBPL2	9.769385999999999
OSBPL3	5.573607999999999
ALS2CL	7.999739999999996
HSPC159	8.354014000000001
OSBPL7	5.255298
KIAA0776	10.075424
OSBPL5	6.711326000000001
ADRA1A	9.382393999999998
ADRA1B	8.380909999999998
TEX9	2.5439840000000005
ADRA1D	1.563834
STUB1	10.936604000000003
CD3EAP	7.4931540000000005
MYST4	8.544124000000004
SNRPG	9.432734000000002
RAB11FIP4	8.11474
TMEM99	8.076474
TEX2	10.994404000000001
POLH	8.372456
ARHGAP17	9.491252
STARD8	8.186714
ARHGAP15	6.775080000000003
ARHGAP12	9.354284000000003
ARHGAP10	8.411304
STARD3	9.833704000000001
TUBB4Q	0.413584
STARD6	0.0
STARD7	11.679092
ARHGAP18	7.585741999999998
ARHGAP19	7.274581999999996
IL7R	5.596072
CAPZB	11.716989999999994
UTP3	9.714785999999998
LOC644165	3.323724000000001
RPA2	9.141047999999998
TMEM91	5.964832000000001
SIRT2	10.471491999999998
GABRG3	0.267222
FGL1	16.256548
GABRG1	1.9275299999999993
DEFB109P1B	0.0
C1orf26	6.42761
C1orf27	9.382914
C1orf25	9.373548000000001
IMPAD1	11.46057
C1orf21	9.758627999999998
GPR137C	4.254366000000001
GPR137B	8.721452
FZD10	0.997452
FGL2	9.843752
CHKA	9.105610000000002
CHKB	7.791409999999998
SIRT6	7.928707999999999
TSPYL1	11.461490000000001
BMS1	9.693536
OR7E37P	0.13514400000000001
SIRT5	10.268597999999999
SLC9A6	8.127175999999997
PVT1	2.945582
PTTG2	0.476442
BCDIN3D	7.334384000000001
AHSA1	10.560076000000004
AHSA2	7.061695999999997
ZDBF2	7.121998000000001
MRI1	8.668346000000001
SPP1	9.375193999999999
PRDM2	8.754567999999995
PPP1R3G	8.082531999999999
MAPK1IP1L	10.63603
SLC9A7	5.742974000000001
PPP1R3F	6.192445999999999
DST	11.872227999999996
SPP2	12.699409999999999
UCP3	2.8421439999999993
DSP	12.504996
TP53RK	8.211822000000002
PPP1R3D	5.562442
LOC285194	0.0
ZNF175	6.237419999999998
GLMN	5.417770000000001
THBD	9.211377999999996
DSE	8.788178
DCDC1	0.227942
WTIP	5.63927
UNK	8.513478
DCDC2	7.778829999999998
GSTO2	6.27024
PDAP1	10.823825999999999
CENPBD1	7.853784000000002
GSTO1	13.041288000000002
SLC38A4	14.261708000000004
UBE2D4	8.518256000000001
ERMP1	8.952148
NPC1L1	10.730521999999999
SCN5A	0.5013759999999999
PARD6G	6.343589999999998
TTC31	9.626430000000001
TTC37	9.747482000000002
HS3ST3B1	7.3375119999999985
TTC35	9.375457999999998
FAM153A	2.157126
TTC38	12.858935999999998
FAM153B	0.7400960000000001
ARSH	0.020218
MTHFSD	7.560859999999998
OR4K5	0.0
OR4K1	0.0
OR4K2	0.017891999999999998
FMR1NB	0.575158
BCLAF1	10.877641999999996
ZNF137	3.6637859999999995
ME1	8.251973999999997
LRMP	5.721748
QPCTL	8.276094000000002
SNORD44	0.0
UCKL1AS	2.075036
SLC38A6	6.340340000000001
TIPRL	9.621966
ITPRIP	9.447340000000002
TBX22	0.0
RNF135	7.747629999999999
SLC22A23	9.702221999999999
SEZ6L2	5.68519
SLC22A20	1.1827339999999997
DDTL	11.434106
GNASAS	0.807752
PRB1	0.0
SLC22A24	0.7805239999999998
REM2	1.6945719999999995
PLA2G5	6.572048
FAM7A2	0.1255
FAM7A3	0.5081519999999999
HMGB2	8.861863999999999
LOC100130238	1.65609
SETX	10.615852000000002
HMGB1	12.097356
FLJ43663	6.169608
FSD1	2.7712679999999996
CCBE1	6.88673
ZNF83	6.921029999999997
AUH	8.97344
ZNF81	4.933058
TMPPE	4.355244
C6orf81	2.061048
ZNF85	3.4734740000000004
ZNF84	8.007276000000001
FRMPD4	0.30971000000000004
FSD2	0.344784
FRMPD1	4.666976
LOC286135	0.0
FRMPD2	0.06649999999999999
AADACL4	0.074706
FYCO1	9.712308000000002
LASS5	8.255793999999998
PDE10A	5.119704
AADACL3	0.01395
AADACL2	0.01452
CAPZA3	1.7679139999999998
CAPZA2	10.97697
CAPZA1	10.867244000000001
SCARF2	6.433535999999998
RNF207	6.774194
RAB2A	10.106868000000004
GTF2H2B	5.762233999999999
GTF2H2C	7.664208000000001
ENHO	7.8442680000000005
LMO3	1.152608
GEMIN6	7.693295999999999
GEMIN7	8.148915999999996
GEMIN4	8.598256
GEMIN5	8.623740000000003
C4orf43	7.775353999999997
C3orf47	3.9861280000000012
C4orf41	9.426806000000001
C4orf40	0.23776599999999998
C3orf42	2.922446000000001
C3orf43	0.23086199999999998
C4orf45	0.017891999999999998
C4orf44	1.4194919999999995
TDH	0.4343060000000001
C4orf49	1.8853459999999997
C4orf48	2.3393279999999996
C3orf48	0.037066
C3orf49	0.284984
ATPAF2	8.837343999999996
KRBA1	5.33358
ERBB3	11.518048000000004
LARP1B	10.279327999999998
SLC6A10P	0.3920960000000001
MCRS1	9.227176
ATPAF1	11.211246000000001
C15orf59	2.7015759999999993
C15orf58	5.798026000000001
C15orf57	8.117954
C10orf82	0.36352999999999996
AFAP1	7.1259739999999985
C15orf54	0.23787599999999998
C15orf53	0.19489600000000004
C15orf52	6.807362
C15orf51	1.2588400000000002
C10orf84	8.850375999999999
LOC653113	4.854920000000001
DDX17	12.553203999999996
ZNF124	4.665056
DDX12	4.212564
ERBB4	1.9571239999999994
DDX10	8.501902
DDX11	6.601926000000002
GJB1	13.564576000000002
GJB3	4.986976000000001
GJB2	10.59227
GJB5	1.8298979999999991
GJB4	0.8936120000000001
DDX18	10.480962000000003
GJB6	0.8517059999999997
GRIN3A	3.8356399999999984
GRIN3B	0.23241
OR6B2	0.033218
MYRIP	9.828620000000003
ZNF75A	7.409131999999996
PSMC1	9.394914000000002
PSMC2	11.052725999999998
OR6B3	0.0
PSMC4	10.803204000000003
PSMC5	11.566966
PSMC6	10.249639999999998
RBM23	10.140142
ARFIP1	9.172186
ARFIP2	9.695575999999999
RBM20	2.568968000000001
PHOSPHO1	3.16878
STARD5	9.428856
KIF18A	1.964488
KIF18B	2.97714
TRIP10	8.329664000000001
TRIP11	9.104448
TRIP12	10.972056
CCDC79	0.09607000000000002
CPVL	9.006261999999998
ZNF564	7.619175999999997
TEX13A	0.017891999999999998
ZNF543	5.359678
IFT172	7.138961999999998
SNORD34	0.0
LOC646762	6.115269999999998
CERK	10.006342
FN3KRP	9.763762000000003
NCLN	11.04902
C9orf156	7.7998699999999985
C9orf153	0.7893260000000001
C9orf152	3.9959800000000016
C9orf150	10.408431999999998
NACAD	3.5559020000000006
DNAL4	7.576727999999998
KIAA1239	1.863544
FLJ36000	0.0
DNAL1	6.9597039999999994
LIN7A	7.897779999999999
FLJ37201	2.4202740000000005
GRHPR	14.192248000000001
LIN7B	5.162078
TGM4	0.258596
IMMP2L	7.990788000000001
TGM6	0.0
SMG5	10.484449999999995
OR2D2	0.0
FNBP1	9.947294
HNRPLL	8.37644
MARCH5	10.046094
MARCH4	0.31638399999999994
MARCH7	10.128271999999999
MARCH6	10.220506
MARCH1	5.0336560000000015
MARCH3	4.901664000000001
LRTM1	0.066552
FOXI1	0.250034
BTN3A2	9.927750000000001
FOXI3	0.0
FOXI2	0.278596
MARCH9	7.320713999999999
CLSTN1	9.905365999999997
CLSTN2	5.086169999999998
CLSTN3	10.610604
EIF3H	11.446321999999999
EIF3I	11.830352
EIF3J	10.491406
EIF3K	11.578892000000002
EIF3L	12.446317999999996
EIF3M	11.128454
PGCP	10.387156000000003
CLIP2	7.742142000000004
STYK1	1.694878
EIF3A	12.325536
EIF3B	11.749054000000001
BTN3A1	9.022236
EIF3D	11.452808
CLIP1	10.740192
ALMS1P	1.9725239999999997
EIF3G	11.361738000000003
SETD5	10.063322
FGFBP3	4.30075
FGFBP2	4.064332
FGFBP1	0.5273
FADD	8.951226
ARMC10	9.283539999999999
MKKS	10.211803999999999
TMEM104	8.904773999999998
NOL11	9.639252
NOL10	9.093433999999998
ELSPBP1	0.0
NOL12	7.297972
CDKN2B	6.097789999999999
CDKN2C	6.471690000000001
CDKN2A	3.8091799999999996
SLIT1	2.374634000000001
CDKN2D	6.377789999999999
BARD1	3.0159120000000006
WDR7	9.125827999999998
ZNF404	4.192703999999999
ZBBX	0.046467999999999995
CLRN1OS	1.7759299999999998
NME6	7.192990000000001
FABP9	0.0
NME7	7.011779999999999
EDEM2	9.959861999999998
EDEM3	10.423859999999998
PCDHGB3	2.431526
EDEM1	11.649325999999999
TCF4	8.574082
ZNF560	0.06987
INPP5E	7.3515700000000015
SMG6	9.349817999999999
NME2	12.076395999999999
BRP44L	12.323251999999995
TRMT11	8.529319999999998
SAP30L	9.434564
CSTF2T	9.518828
UBTD2	8.884087999999998
LARP4B	9.613354000000001
UBTD1	8.226512
RPL13AP17	0.0
NEIL1	7.5558499999999995
TAS1R1	1.26692
LOC254312	0.0
TAS1R2	0.035362
INPP5J	2.4676240000000003
ZNF542	8.470444
SMG1	10.638045999999997
CCL2	9.429264
CCL3	8.12645
NFATC2	5.739794000000001
CCL1	0.063426
NFATC4	6.004599999999998
CCL7	0.511698
CCL4	7.933400000000001
DHRS7C	0.571788
TAS2R20	3.435698
CCL8	3.8613300000000006
CSDAP1	3.02845
FAM73A	8.328068
FAM73B	8.610376
TMEM14A	9.907699999999998
ZNF75D	7.846278000000001
MYCBPAP	0.37224799999999997
RNASE11	0.0
USF1	9.568623999999998
AP2B1	11.204801999999995
HSBP1	10.630534000000006
GTF2E1	7.260569999999998
GFER	9.056344000000003
ZCWPW2	3.1491019999999996
NUBP1	9.20585
HS3ST3A1	6.625518
ZCWPW1	7.339689999999999
SCML1	9.090687999999998
CYP26B1	5.050706
SCOC	10.346774
PABPC1L2B	0.075612
SAMD5	8.996452
PPP1R14D	0.43278799999999995
PABPC1L2A	0.0
PPP1R14B	9.632249999999997
OR2AG2	0.0
OR2AG1	0.0
PLEK2	8.567250000000003
UBP1	10.308599999999997
ZNF747	8.524131999999998
CD46	11.995564000000002
SSC5D	7.157183999999997
TCTE3	4.249355999999999
TCTE1	0.7822160000000001
CD40	9.111163999999995
ZNF37B	5.9175999999999975
SPEG	3.350782000000001
LOC728875	6.456096000000001
KIAA1826	7.47626
ZBTB43	8.448962
PRIC285	9.896584
ZNF37A	7.876294000000001
SDSL	10.757748
RALY	10.688802
PRR12	8.352714000000002
ASFMR1	0.34294
PCDHGB6	5.151191999999997
ZNF454	1.4340800000000002
PCDH12	7.885026
PCDH10	0.8967319999999998
PCDH17	5.525774
ALKBH8	7.224269999999997
PCDH15	0.3983380000000001
ALKBH6	7.100628000000001
ALKBH7	10.963132000000003
ALKBH4	7.818466
ALKBH5	11.375144000000002
ALKBH2	8.599672
ALKBH3	8.269262000000001
RALA	9.396037999999999
ALKBH1	7.790493999999999
OR10G7	0.023239999999999997
ISX	0.7609419999999999
C8orf58	6.291932
C8orf59	8.808218
C8orf55	10.445462000000003
C8orf56	0.31723599999999996
C8orf51	3.0726400000000003
OR10G9	0.019772
OR10G8	0.0
KRT18	14.317020000000007
MPZL3	4.818714000000002
DBF4B	4.921495999999999
ARHGDIG	0.14374400000000004
DNAJB9	11.563165999999999
DNAJB8	0.035412
ZNF714	3.624972
DNAJB3	1.6950260000000004
DNAJB2	10.679415999999998
DNAJB1	11.607790000000001
EPB49	9.263522000000002
DNAJB7	0.9842259999999997
DNAJB6	9.693318000000003
DNAJB5	6.802611999999998
DNAJB4	8.671023999999997
AMDHD1	12.129202
AMDHD2	8.408814
TRMT5	8.36633
GCET2	3.5234659999999995
TMEM164	6.750828
DIDO1	9.96249
KISS1	3.8919099999999998
HMSD	0.999238
RAB21	9.994117999999997
FRK	6.941947999999997
TRIM78P	1.8267860000000002
TMED7-TICAM2	5.252584
PHIP	8.799627999999998
SCGBL	0.300272
SNORA58	0.0
RAB23	6.7221540000000015
ZNF808	6.440217999999999
SNORA51	0.032428
SNORA50	0.10937000000000001
FRY	9.531234
HELZ	9.853016000000002
SNORA55	0.035842
SNORA54	0.074898
SNORA57	0.40023000000000003
COL17A1	1.4487180000000006
OR1N2	0.01631
PROSC	11.22917
TNIP1	12.157632000000001
FAM65C	7.917861999999998
FAM65B	6.609379999999999
FAM65A	9.842865999999997
GRIK1	2.0096000000000003
GRIK2	1.368692
GRIK3	1.6482280000000002
GRIK4	0.615776
GRIK5	1.8171479999999993
SNORD121B	0.0
RNF149	10.179836
RAB28	7.378201999999999
LOC388387	3.9341899999999987
SNORD121A	0.0
SHC3	0.844916
SGSH	8.893715999999998
RNF141	9.678805999999998
TMEM59	13.140467999999997
RNF145	9.046213999999999
GLRA1	0.0
RNF146	9.100037999999998
GRSF1	10.810890000000002
MSH2	7.398728
?|728603	0.0
MGLL	12.487166
MSH5	5.819352
MSH6	9.797969999999998
CALU	10.758834000000002
RDH16	14.070994
TMEM169	5.182635999999999
MYOCD	2.7879620000000007
TMEM56	12.866437999999999
ACCS	8.0162
CD320	8.738188
PMCHL2	0.014702
PMCHL1	0.0
TIMM8A	8.159512000000001
XCR1	1.49337
RASGRF1	1.8255579999999998
STOX1	3.075678
C16orf48	8.037593999999999
UBR4	11.831228
SPACA5	0.19334199999999996
C16orf45	9.344928000000001
RNF19A	10.60244
C16orf46	5.510971999999999
NFXL1	7.005584
PACSIN3	10.042525999999999
C16orf42	9.973980000000001
GREM2	9.922996000000001
RTL1	0.172808
COPA	12.115201999999996
COPG	12.046026000000001
COPE	11.412888000000002
SYBU	10.880334
ZNF555	5.147498000000001
INTU	3.7026539999999994
PADI3	0.11720000000000001
PADI2	4.4231159999999985
LOC100128675	3.634412000000001
PADI4	2.623094
CDK20	6.485605999999998
NT5M	4.750028
GJA10	0.030308
TRPM2	5.557191999999999
AGTPBP1	7.310572
HIST2H2AC	3.328526
ZFP57	1.078506
ALPPL2	0.069898
PDCD6IP	11.416509999999999
TOE1	7.823725999999999
WDR72	10.519119999999996
TTBK2	5.396470000000001
FBXL3	10.02518
OR10AG1	0.0
SHC4	2.217708
GPIHBP1	5.5882499999999995
RPL23A	11.556549999999998
NRIP1	10.635373999999999
NRIP2	4.528822000000002
IL1F6	0.019772
GPR135	3.5105880000000007
GPR137	9.015011999999997
VTI1A	7.982002
GPR133	7.647914000000001
GPR132	5.194538000000001
ATP6V1C2	5.639777999999998
ATP6V1C1	10.011977999999997
GPR139	0.035942
NT5C	8.43264
TOP1P2	2.821816
PRTG	2.55464
TRIM11	7.989255999999998
FBXL2	2.951396000000001
SNAR-F	0.0
SNAR-E	0.0
MFRP	8.078714000000002
POFUT1	11.22573
C19orf2	10.172442
CDKN2AIP	8.526918
SNAR-H	0.0
SLC22A6	0.044732
C19orf6	11.836620000000003
ATF7IP	8.817435999999999
FAM95B1	4.05657
GPATCH1	7.22811
LRRTM4	3.5113760000000007
LOC399744	6.707973999999998
OCIAD2	11.044116
FBXL5	11.206870000000002
PPP1R3E	5.586581999999998
OCIAD1	11.945265999999998
PPP1R3C	10.285593999999998
PPP1R3B	12.544738
PPP1R3A	0.033528
RDH13	7.601276000000002
TMEM191A	4.641534
TIAM2	4.746263999999999
TNFRSF13C	1.4173800000000003
PPP2R3B	6.5506280000000014
TP53I3	7.689655999999998
ZNF434	7.5974059999999985
PPP2R3C	7.972112000000001
TGS1	7.981443999999999
LUC7L3	9.916062
LUC7L2	10.153424
TOMM40	9.860368000000001
FAM131A	7.3349899999999995
FAM131B	2.5209339999999996
FAM131C	1.7626339999999996
HAL	11.833312000000001
TBXAS1	8.076922000000001
YTHDC1	10.203363999999999
ERLEC1	10.227764000000002
SEMA3C	5.118136
SH3GLB2	9.203
RIBC2	1.1929539999999996
FAM13AOS	3.8685140000000002
TLE6	4.306744
CHERP	10.536029999999997
NACA	13.443631999999997
EHHADH	13.781591999999998
ZNF619	5.287342000000001
TMEM196	0.017891999999999998
ZNF526	7.315104
NME4	11.19556
INPP5A	9.168363999999999
INPP5B	8.871618
GRINL1A	9.286445999999998
INPP5D	8.246273999999998
HEPN1	7.783786000000003
INPP5F	6.737441999999996
NME3	9.021035999999999
LOC729234	4.737502000000001
FLJ44082	0.023239999999999997
INPP5K	9.363186
ZAR1L	0.044988
RAI14	10.034721999999999
FREM2	8.206057999999999
FREM1	4.724694
NKAIN1	0.8533000000000002
PID1	10.869242
NOSTRIN	7.093076000000001
FBXL6	8.583326000000001
SHC1	11.362356
RCBTB2	8.044576000000001
HELT	0.0
CNST	9.886506
HELQ	7.748532000000001
RCBTB1	8.095296
CLSPN	1.7853020000000004
UFC1	10.548339999999998
EPB42	0.6435780000000001
EPB41	10.329499999999998
RBM28	7.829198000000002
MATR3	11.82371
HELB	4.504774
RBAK	8.286722000000001
MAP1D	6.373872000000002
NUDT8	8.747392000000001
PON1	14.259087999999998
SLC9A10	0.0901
SLC9A11	0.6633960000000001
TRAF3IP3	5.894965999999999
SLC22A7	13.594704
CYP4F3	12.265721999999997
TEKT1	0.081262
TEKT3	1.2572539999999999
TEKT2	1.6261620000000006
TEKT5	1.3723340000000002
TEKT4	2.050024
VPS37A	9.429935999999998
PNPLA3	8.707664
PNPLA2	11.483267999999995
PNPLA1	0.418334
PNPLA7	9.319562000000001
PNPLA6	10.097982000000002
PNPLA5	1.248488
PNPLA4	9.570948
GUCA2A	1.0563960000000001
GUCA2B	5.306212000000001
PNPLA8	10.000859999999996
NCKAP1	10.943321999999998
RPL13P5	2.626614
WEE1	10.536165999999996
UNC5A	1.496162
GFOD2	10.097894000000004
GFOD1	6.470920000000001
FOS	13.446064
HOMEZ	7.829623999999998
KATNAL1	7.940786
KATNAL2	5.1160320000000015
ATG10	6.569178000000001
LOC400657	6.814318000000001
ATG12	8.899308
SRMS	0.277328
SUN5	0.0
ZBTB5	8.389378
KIAA0754	5.464962000000001
KIAA0753	6.950875999999999
PLEKHM1P	6.316496
STEAP2	7.190988000000001
TSFM	10.201666
TGFBI	12.090737999999998
SCT	1.1866379999999999
SFPQ	11.415258000000005
SAFB2	10.080078
SMPD3	7.325977999999999
ZBTB4	9.394479999999998
PL-5283	10.335822
TSPAN11	5.36204
TANK	10.016752000000002
COL12A1	7.769022
LCK	6.676255999999999
RASAL2	7.883105999999999
ZNF259	9.210646000000002
KRT5	2.896606
VSTM2L	6.1122619999999985
SGK223	7.439500000000002
PF4V1	2.484348
SEC14L2	12.852246000000001
SEC14L1	10.241484
LOC100128076	0.0
LOC100286793	6.153342
SDCBP2	7.4863519999999975
C1orf43	12.597082
PES1	10.525541999999998
UPF2	9.42037
SNED1	8.573270000000003
C1orf49	0.32703399999999994
IL1B	6.218593999999999
CHIA	0.869266
THSD7B	2.9482720000000002
FLG2	0.22922400000000004
PHTF1	7.471823999999998
THSD7A	4.246590000000001
MKL1	8.836474
LILRB4	7.059994000000001
LOC148709	3.6181740000000007
RUNDC3B	8.624434
CASK	9.243676
PKNOX1	8.104114000000003
GPR88	7.450672
CAST	12.043591999999999
ZBTB41	8.205219999999999
KRT6B	1.528674
KRT6C	1.414478
TRAF3IP2	8.472877999999998
CASR	4.290746
GPR81	0.6304139999999999
GPR82	2.9603299999999995
GPR83	3.2363619999999984
GPR84	2.223062
GPR85	3.648641999999999
PUS1	8.70583
CLEC1A	5.556749999999999
SLC38A10	12.639126
ZNF295	9.519086000000001
MGC42105	2.7766740000000003
RNPEPL1	10.729034000000002
THRAP3	11.416682000000002
COMP	1.6829660000000004
BCYRN1	0.0
TPR	10.490452000000005
ZBTB9	7.022886
ZC3HAV1L	2.150235999999999
ADAM21	1.240516
ADAM20	0.966024
ADAM23	1.3697700000000004
ADAM22	1.0319260000000003
GLCE	9.673803999999997
ZNF256	5.208388
ADAM29	0.06347799999999999
ADAM28	4.023388000000001
DSCR8	0.044809999999999996
IL18	6.8818699999999975
IL19	0.0
AIF1L	6.583964000000001
GRRP1	4.0603419999999995
PANX3	0.019066
IL10	3.894368
GSTM1	8.374606000000004
GSTM2	9.949125999999998
C2orf7	9.690423999999997
GSTM4	10.154172
GSTM5	5.556084000000001
IL16	8.227918
C2orf3	9.029432
LPAR2	5.8102100000000005
PALLD	9.724425999999996
PIP4K2C	9.255446000000001
TMSB15A	0.7395579999999999
ZNF155	6.937099999999999
KRT9	0.056774000000000005
GAGE2A	0.0
ZNF251	7.0890400000000025
EFHD2	10.401026
EFHD1	9.810614000000001
RUNDC3A	1.5458280000000004
TTF2	5.816308000000001
LPAR3	0.513444
PINX1	6.8553
LEPRE1	9.480934000000001
KRCC1	9.692010000000003
AEBP1	10.769082
GNAZ	4.572624
RBMS3	4.4766400000000015
AEBP2	8.573462
KRT8	14.57521
DAD1	11.358266000000004
ZNF322A	8.349770000000001
RCHY1	8.588963999999997
GDF9	3.5376459999999996
DKFZp686O24166	3.647172
ZNF322B	3.8637560000000004
GDF3	0.28093599999999996
CBR4	10.671533999999998
GDF1	0.21653200000000003
CBR1	12.717016
GDF6	3.9689879999999995
CBR3	3.741238
LOC728606	2.2085259999999995
LTB	6.846381999999998
ABHD12B	1.6934860000000003
ANXA1	9.225673999999998
ANXA3	6.3085260000000005
CPT1B	6.808735999999999
ANXA5	11.651843999999999
ANXA4	12.086874
ANXA7	11.901674
ANXA6	12.774552000000003
ANXA9	9.836502000000001
ANXA8	6.158508
TRAF3IP1	8.316676
MEST	10.350314000000001
MCM7	9.672994
MCM6	7.8302739999999975
MCM5	9.06849
MCM4	8.071831999999999
DUSP19	5.946006
DUSP18	4.760156
POU5F2	0.10227
DUSP15	2.0607260000000003
DUSP14	9.24874
ZDHHC22	0.184982
DUSP16	11.699845999999997
DUSP11	8.52802
DUSP10	10.773721999999998
DUSP13	0.11985000000000001
DUSP12	7.116934000000001
SQSTM1	14.071064000000002
CSH2	0.0
CSH1	0.023239999999999997
EPC2	8.389398000000002
ZNF541	2.4943280000000003
EPC1	8.102350000000001
C3orf20	0.808558
C3orf21	6.216222000000001
C3orf22	0.014628
C3orf23	10.585405999999994
C3orf24	0.0
OPRD1	0.017136
C3orf26	7.834269999999999
C3orf27	0.0
POLM	7.930900000000001
CYP26C1	0.22112199999999999
HEPACAM	8.19759
EGOT	1.561602
SSX6	0.09713000000000001
LOC341056	3.1566640000000006
SSX4	0.036832
SBDSP1	8.689560000000002
SF3A2	9.451977999999999
SSX3	0.038568
USH2A	8.746887999999998
SSX1	0.211722
TBCC	8.194106000000001
ISL1	0.096214
ISL2	0.48219399999999996
ZNF540	4.797478000000001
PKMYT1	3.6553199999999975
UBQLN4	9.821952000000003
KIFAP3	9.087930000000002
CYP4Z2P	0.44914000000000004
MDS2	0.47071399999999997
MS4A7	9.695908
MS4A5	0.013712
MS4A2	2.521078000000001
MS4A3	0.5931960000000001
MS4A1	4.2677879999999995
ZNF141	5.208513999999999
ZNF140	8.290267999999996
ABCA11P	5.140110000000001
ZNF142	7.3748380000000004
LGSN	6.363985999999998
CCDC102A	5.853742000000002
DNTT	0.18049799999999996
ZNF146	10.104386
ZNF148	9.663334000000003
CPT2	12.157084000000003
DSC2	8.556987999999997
DDX31	7.26379
DSC1	0.351168
SEC14L3	5.015574
LOC153684	2.74194
COX8C	0.279582
?|155060	5.144478
VSTM2A	0.061669999999999996
PYGL	12.375892
MAGOH	9.077704
PFAS	8.160124000000001
C20orf20	8.003816
LOC283922	3.958486000000001
C20orf26	0.247272
C20orf27	8.825879999999998
C20orf24	11.150876
RAB27A	9.810070000000001
TMF1	9.332544
C20orf29	8.384785999999998
TANC1	8.547995999999998
RANGAP1	11.427726
FCGBP	6.918440000000001
BAMBI	9.370296000000002
KCNN4	3.7607240000000006
FASLG	3.900395999999999
KCNN2	8.553531999999997
KCNN1	0.8111760000000001
ANKHD1-EIF4EBP3	8.877685999999999
PMS1	7.108354000000002
PMS2	8.438746
ATXN7L3B	10.900368
SLC45A1	3.1656820000000003
SLC22A2	1.4044740000000004
SNRPA1	8.362828
SNORD51	0.0
ISLR	8.470554
PKIG	9.783121999999999
C9orf171	0.08963999999999998
C9orf170	0.7638120000000002
C9orf173	1.6330280000000001
C9orf172	1.6696740000000003
THAP5	9.402183999999998
SNORD115-44	0.0
BRMS1	9.481103999999998
RHOA	12.776511999999993
GRIP1	2.307428
KRT7	9.778295999999997
GRIP2	1.352664
SLC19A2	10.038230000000004
SLC19A3	10.003154
SLC19A1	8.993357999999999
CCDC65	2.1013
CCDC64	5.4607220000000005
CCDC67	0.24443399999999996
CCDC66	6.2239879999999985
CCDC61	7.372702000000001
CCDC60	0.0969
CCDC63	0.016357999999999998
CCDC62	1.0476479999999997
TYSND1	8.858011999999997
CCDC69	10.137926
CCDC68	7.920488000000001
ANKRD36BP1	5.106491999999999
TMEM119	5.006398000000001
TDO2	14.153022
EP400	9.135506
RPAP2	7.140042000000001
IL1A	0.583156
LOC285796	1.4534160000000005
MIS12	8.112611999999999
YPEL5	10.830162000000003
TMEM114	0.04551600000000001
CRYGB	0.0
MAP2K2	10.938675999999997
NAGS	9.594287999999999
SPTB	5.08004
CLEC18B	1.2386920000000001
SNORD36C	0.0
TANC2	6.498766
CRYGD	0.0
POLR3H	9.795272
PIM1	10.743134
LRDD	7.770077999999999
TAF13	7.0758540000000005
MED12L	1.0380019999999999
SLC35A4	10.772579999999998
SLC35A5	9.358387999999996
SLC35A1	9.068973999999999
SLC35A2	9.549876
SLC35A3	8.866918000000004
PIK3R6	3.548706000000001
OSR1	2.865888
MPDZ	11.430102
TMEM48	7.418754
NXF4	0.0
NXF5	0.08560600000000002
PARD3	9.781406000000002
NAP1L6	0.616008
LSAMP	2.3584600000000004
NXF2	0.041614000000000005
NXF3	3.9103900000000005
FAF1	9.54346
PGM5	7.540657999999999
FAF2	10.258106
TAF12	8.548018
PGM1	13.332088
PGM2	9.258061999999997
IL18R1	8.035058
PAK4	9.700001999999998
ABCB11	10.456101999999996
ABCB10	9.309207999999998
APLN	3.519668
TMEM44	6.444872000000001
MMD2	0.0
COL6A4P2	0.855084
CYHR1	9.603944000000002
SBK1	4.108878000000001
APLF	5.380342
RBM8A	10.439352000000001
SLC25A40	6.193440000000001
SLC25A41	1.827136
PMP22	8.191198
SLC25A43	8.420307999999999
SLC25A44	10.769486000000002
SLC25A45	8.125456000000003
SLC25A46	9.24129
CR1L	1.9933899999999998
CDC26	7.084512
TAF11	8.938284000000003
SNORD115-48	0.0
CDC23	9.099126000000002
HOXD13	0.11605
HOXD10	0.346938
CDC20	3.8139540000000007
NUP153	9.990046000000001
ZNF737	5.1234980000000006
PDZD4	6.078607999999999
FAM150A	2.722363999999999
FAM105B	9.602578000000001
FAM105A	5.959675999999999
FAM150B	5.16289
BEST3	0.4283600000000001
BEST2	0.066312
BEST1	4.244208000000001
KIAA0562	9.43422
KIAA0564	10.42844
PDZD9	0.40861000000000003
BEST4	1.0026
WWTR1	7.8082720000000005
ZNF296	2.804756
TNC	8.64349
TXNDC11	11.511784
SORCS1	1.984482000000001
SORCS2	7.362954000000002
SORCS3	0.24041200000000004
RPL35A	12.478335999999999
CARS2	9.852649999999997
YPEL1	7.425536000000001
SNORD11B	0.0
FYTTD1	10.203399999999998
TPSB2	6.355696
GPKOW	9.110121999999997
KIAA1614	3.310333999999999
SPDYE8P	3.9324660000000007
TNPO2	9.470419999999999
TNPO3	9.526988000000001
TNPO1	10.59752
NANOG	0.408822
RRH	1.0101879999999999
GCN1L1	10.611378000000002
SPA17	4.791111999999999
MAPK3	8.990004
MAPK1	11.097496000000005
MAPK6	10.562390000000002
MAPK7	7.406194
BCO2	10.297082
PPP1R12C	10.118782000000005
MAPK8	7.983818000000001
MAPK9	9.507362
SGPP2	2.776488
CUZD1	1.235788
URM1	10.045869999999995
WTAP	10.177706000000002
OR1J2	0.072554
LYL1	5.705694000000001
DAZAP1	10.564562
ATP8A2	0.41422599999999987
PGPEP1L	0.23163799999999998
ATP8A1	6.605901999999997
STAG3L3	6.390525999999998
DAZAP2	12.667058000000003
STAG3L1	3.9774040000000004
KIAA1804	7.518790000000003
SERINC3	11.189633999999998
BCOR	9.188863999999999
NMNAT3	6.501314
LOC126536	0.8270700000000001
SERINC2	12.430817999999999
VWA3B	2.3238920000000003
THNSL2	10.064668
THNSL1	9.580974000000001
SNORD49B	0.0
BCAP31	12.316420000000004
CCL11	1.7681880000000003
CCL13	1.7319960000000003
CCL14	11.442325999999998
CCL15	9.163276000000002
CCL16	11.442767999999996
CCL17	1.5801479999999999
CCL18	5.1531080000000005
CCL19	7.922277999999998
METTL3	8.334656
METTL4	6.764494000000001
METTL5	8.702174
METTL6	6.889762000000001
TAS2R43	0.106542
STAT5B	10.665136000000002
LOC619207	3.027977999999999
TAS2R40	0.038288
FDX1L	7.863090000000001
TAS2R46	0.10770199999999999
GPR87	0.51284
OR56B4	0.245662
MED7	7.346508000000001
C1orf100	0.0
C1orf101	3.1719240000000006
KCTD1	6.300305999999998
C1orf103	8.084514
C1orf104	4.324281999999998
C1orf105	1.7867259999999994
C1orf106	5.563842000000002
C1orf107	8.950061999999999
C1orf109	7.2989559999999996
KCTD9	8.081146
KCTD8	0.18587800000000002
OR4C15	0.01717
RAD54L	2.464089999999999
TMEM39A	8.522412
PLEKHN1	1.9535379999999998
FLJ43859	0.04115
KCNT1	0.546888
IBSP	0.13003
MED9	9.035231999999999
SERPINA4	13.755752
HCFC2	8.537668000000004
HCFC1	9.868188000000002
DEFB109P1	0.0
SERPINA9	1.4227580000000004
ZC3HC1	8.669767999999998
NRAS	10.073862000000002
PDZD11	8.924569999999997
GAST	0.027814000000000002
PXK	7.011888
FOXRED2	9.07954
FOXRED1	10.660695999999998
KCNT2	7.329654
PXN	10.445015999999999
LOC374443	4.446750000000001
LOC147727	8.401524000000002
CABLES1	8.800528000000002
ZNF432	4.793209999999998
CABLES2	6.866629999999999
MTUS2	5.182924000000001
SNORD116-19	0.0
SNORA32	0.0
SNORA31	0.18038600000000002
ESF1	8.465651999999999
SNORA37	0.050362
SHBG	11.201082
SNORA35	0.0
SNORA34	0.061464
SNORD116-11	0.0
ROPN1	1.6670580000000006
SNORA39	0.9860179999999997
ASZ1	0.0
PPP1R1A	11.696362
LIX1L	8.947416
COMT	12.580255999999999
?|136542	0.0
FOXD4L5	0.032206
FOXD4L6	0.5798560000000001
FOXD4L1	1.077312
FOXD4L2	0.7622340000000001
FOXD4L3	0.198494
TMEM144	5.668412
MOV10L1	3.8363439999999995
STON1-GTF2A1L	0.420882
PACS1	9.55281
LOC651250	10.226746000000002
ZNF607	4.5536520000000005
FAM63A	8.937948
SBNO2	10.001922
PCSK1N	2.2780419999999997
BRAP	8.678326
RNF167	11.664729999999995
DEFB110	0.0
RNF165	6.202428000000001
RNF169	7.9133900000000015
LOC100129055	0.14093599999999998
SEC23A	11.407132
ZNF253	6.6342859999999995
AMTN	0.036908
C8orf77	1.2168640000000002
C8orf74	0.01395
C8orf75	0.423932
ZBTB44	9.93638
BRAF	6.857487999999998
ZBTB46	6.16457
C8orf71	0.01452
TMEM143	8.502044
ALOX15B	2.1373059999999997
ZNF608	6.75544
C8orf79	6.469144000000001
PGAP1	6.953991999999997
PSMD9	9.784821999999998
ZNF609	9.435676000000003
SYNPO	11.777686
ZNF252	9.069324
PGAP3	10.795576000000004
P4HA2	8.338328
P4HA3	4.629156
ANP32D	0.146626
ANP32E	10.028664
ANP32B	11.249988
ANP32C	1.0799000000000003
ANP32A	11.115789999999997
FDXR	9.467826
SYNPR	0.035140000000000005
HPSE2	0.03182
UQCC	9.548262000000003
TAT	15.367826000000003
SP3	10.094886
GMEB1	6.355822000000002
NTNG1	0.42734199999999994
NTNG2	2.3514980000000003
RPF1	9.204457999999999
RPF2	8.818005999999999
AGPHD1	5.633396000000001
PRR23A	0.030036
ALMS1	7.844118000000001
PRR23C	0.0
PRR23B	0.0
ATRNL1	5.967341999999999
MRPL55	10.007997999999997
MRPL50	8.670777999999999
MRPL51	10.884952
MRPL52	9.454282
MALT1	8.669058
PRKG1	3.915548000000001
THY1	7.673086
TARDBP	11.504342
ZNF738	5.0206240000000015
LCN10	2.61025
PRKRIP1	8.261194000000001
ZNF688	8.211048000000003
STK11	10.176924
OPN1SW	0.8688039999999999
PPIAL4E	0.016357999999999998
ALOXE3	0.48462000000000005
ZNF677	3.0292420000000004
ZNF680	8.255098000000002
PRKG2	0.7742559999999998
ZNF687	9.024296
ZNF684	7.894629999999996
IQCC	4.261004000000002
PPP1R9A	5.943383999999998
TMEM140	11.0188
PCDHGC3	10.284876000000002
IQCG	5.910408000000002
PCDHGC5	0.6871339999999998
IQCE	7.261356000000001
IQCD	2.091964
IQCK	6.819964
IQCJ	0.0
MUC15	0.5556719999999999
IQCH	4.007374000000001
MUC13	4.961988000000001
MUC12	1.7663960000000003
RNASE10	0.19753199999999999
OR13H1	0.0
PIRT	0.26931200000000005
PPIAL4D	0.7417440000000002
WDTC1	10.67392
LOC100133957	3.3143380000000002
GMCL1L	1.6311840000000002
LOC441294	4.866709999999999
MBTD1	8.75694
SPIN3	6.707456
SYAP1	10.736328
ANGPTL7	1.14631
ANGPTL6	9.638739999999999
ANGPTL5	0.054506
ANGPTL4	12.260833999999997
ANGPTL3	13.978392000000003
ANGPTL2	9.137894000000001
ANGPTL1	8.610114
IL11	0.7629739999999998
ACE2	6.8677139999999985
GPR115	0.553956
FDX1	11.012996000000001
GPR113	2.004616
GPR112	0.451472
CTCF	9.896766000000001
GPR110	0.6900980000000001
MMP14	9.81679
MMP15	11.562805999999997
MMP16	2.1735779999999996
GSTM3	8.480542
MMP10	0.996648
MMP11	5.077807999999999
MMP12	0.9111840000000001
MMP13	0.0741
DSTYK	7.189184
LRRN3	5.217796
MMP19	8.433708000000001
HLA-DRA	12.974056000000004
MYO18A	11.553465999999997
MYO18B	0.367988
PRG4	13.605355999999997
FAM119B	7.399492
PRG2	6.566274000000002
PRG1	0.016086
FAM119A	7.790159999999999
PLXNB3	4.403339999999999
WNT4	5.609123999999998
COX7B2	0.05537
HSCB	8.869136000000003
SP140L	8.364266
MGC12916	4.384418000000002
PPP1R1B	1.0738439999999996
TCF3	8.70204
ZSCAN16	5.493477999999999
GSX2	0.052366
GSX1	0.0
GLYCAM1	0.019772
NF2	8.810106
NF1	10.109504000000001
SFRS2B	10.175887999999997
TMEM27	9.387236
GPAA1	11.163559999999997
CDAN1	7.690206000000001
NDUFAB1	10.693102000000001
IL5RA	0.736864
KCNK18	0.023239999999999997
FAM133B	6.20076
KCNK17	5.54845
ZNF583	5.730607999999998
FAM133A	1.3732980000000001
KCNK12	0.223968
KCNK13	4.023764000000002
KCNK10	1.1719220000000001
NCAPD3	8.32339
BLM	3.302862000000001
PPP1R10	11.222921999999997
OR1L3	0.0
LOC100129716	1.4814800000000004
PLXNB1	11.483177999999999
BLK	4.414231999999999
C14orf184	0.209634
C14orf181	4.879104000000002
C14orf180	6.436987999999999
C14orf183	0.019772
C14orf182	2.2926620000000004
OR2L1P	0.022316
C7orf25	7.725413999999998
C7orf26	8.855540000000001
C7orf27	9.995448000000001
C7orf23	6.5787780000000025
ZFP91-CNTF	0.157718
ZNF594	5.037486
SHD	7.328134
C7orf29	7.910458
TCN2	9.179946000000001
ZNF426	4.806330000000002
ZNF425	4.950356000000001
SIRPB2	4.831218
ZNF398	7.821714000000002
ZNF420	6.095295999999999
SIRPB1	7.003478000000004
SNORD59B	0.0
ATXN7	8.999314
SNORD59A	0.0
ATXN2	9.196069999999999
ATXN3	8.330768000000003
ZNF428	9.294585999999997
ATXN1	9.274594000000002
SOAT2	5.598006000000002
WDR93	1.206246
SOAT1	9.195871999999998
SNORA47	0.037066
LIPI	0.0
C6orf129	8.595752
SCMH1	8.129663999999998
SRGAP1	6.115522000000001
SRGAP3	5.602006
SRGAP2	8.282708000000001
NPY1R	8.400148000000003
INSC	1.5190100000000004
DLK1	3.196285999999999
DLK2	0.8849800000000001
GPRC5D	1.688198
AP1AR	9.169442000000002
GPRC5C	12.038820000000005
GPRC5B	8.223857999999998
NEDD8	10.794353999999997
NEDD9	9.674095999999997
SCLT1	5.934496000000001
ALG1L	3.60784
PARD6B	7.677029999999999
P2RY14	3.608106
NEDD1	7.245627999999997
SMC3	9.487032000000001
SMC2	7.376656
NEDD4	10.001252
P2RY11	6.563267999999999
P2RY12	4.286784
P2RY13	7.07707
IFI44L	7.9606439999999985
SPDYE5	1.5910700000000007
GARNL3	6.150204
THOP1	10.224536000000002
SPDYE4	0.0
SHISA4	7.142859999999997
PIK3IP1	8.327983999999999
PCDHB14	5.362337999999999
LOC100130691	2.6789359999999998
WWC2	9.957172
STYX	10.047061999999997
SCD	15.002562000000001
SMCP	0.0
SLC7A2	13.86441
LOC100133308	0.18365
PRDX5	12.236112
LEPR	12.709525999999997
CPOX	9.569123999999999
IFNA13	0.0
LTA	2.328654
GRIPAP1	9.991012000000001
TINAG	0.33921999999999997
LTF	4.476584000000001
ALG10	6.171616
ALG11	3.1152380000000006
ALG12	9.634954
ALG13	8.647762
ALG14	8.555698000000001
OFD1	7.99725
RIOK2	8.72016
RIOK3	10.962512000000004
IFNA10	0.0
LTV1	8.900856000000001
MICALL1	8.511455999999997
IFNA17	0.017891999999999998
MICALL2	8.2777
PRDX4	12.167125999999998
INSR	12.128875999999996
BANF1	11.045154000000002
BANF2	0.025602
SNORD116-27	0.0
RBMS1	9.820669999999998
LMOD1	7.101962000000003
LMOD3	1.3039959999999997
LMOD2	0.59103
AHSP	1.0320000000000003
TAF5L	9.198155999999999
TAS2R50	0.081992
HIST2H2BE	8.031032000000003
PLA2G12A	10.280848
ARL8B	10.575746000000002
ARL8A	10.493114
RAB6C	5.533656
DHX40	9.169364
LTA4H	10.286702
C1orf68	0.019066
C1orf69	8.247664
AHSG	17.244356
SCN2A	2.827195999999999
SHISA7	0.225096
C1orf63	7.594049999999999
OR5W2	0.0
C1orf61	0.9914140000000002
C1orf66	9.396896
PYGM	3.2536439999999995
C1orf64	0.7579640000000001
C1orf65	0.158362
NUBP2	10.473144
WRNIP1	9.8462
ST7OT1	4.099816000000001
GAS8	8.134748000000004
TWIST1	2.179652
KRTAP8-1	0.0
TWIST2	1.7909759999999995
PEAR1	7.170449999999999
SHISA6	0.08076
SPTBN2	10.861288000000004
HNF1B	9.033272
WIPI2	10.780728000000003
HNF1A	10.077060000000001
CRISP1	0.0
ZNF815	3.5869980000000004
CRISP3	2.048226
CRISP2	0.09645
TMEM217	4.3604959999999995
SLFN11	7.589520000000001
GAGE2B	0.0
TMEM216	6.182468
OR6C65	0.0
SFRS7	10.587359999999999
OR1C1	0.020734
CDC25B	9.432914
TMEM214	11.308504000000003
KRT40	0.14826
MREG	6.894357999999999
OR6C68	0.0
GAS1	6.243736000000001
GANC	7.939306
KLF10	11.623414000000002
IL32	12.971129999999999
IL33	9.405638000000001
IL31	0.039058
RNF170	9.310644
VIL1	8.949012000000003
GNB1	12.261838000000001
TDP1	7.493050000000002
RICH2	5.493868000000001
NKPD1	0.601404
HMBOX1	5.829262
SLC22A8	0.071502
GAS5	8.952964
ZNF679	0.017294
SHISA9	2.21983
GAS7	6.870813999999999
EVPLL	3.7135480000000007
GDF2	8.772562
CAMK2N2	4.2943180000000005
CAMK2N1	11.313196
GAS6	10.899466000000002
TM6SF1	5.043002
NUTF2	10.229592
SNORD114-21	0.0
ZNF391	1.422762
GDF7	4.131284000000001
ZNF678	4.000228
PDGFRA	10.094228
AGXT2	11.709945999999995
SULT1E1	8.388454000000001
PTK2B	9.202637999999999
GDF5	0.158206
DAB2	9.768003999999998
DAB1	4.9408
SLC5A12	3.7915859999999997
SAMHD1	8.880876000000006
SYNJ2	8.049532
HYOU1	12.023176
TMEM30C	0.0
KIAA1468	8.703579999999999
WDR91	8.34794
STK38L	8.667922000000003
PRSS30P	1.1184260000000001
AMAC1	0.157174
GTSF1L	0.08177800000000002
MKLN1	10.708639999999997
BREA2	0.6960580000000001
EEFSEC	9.630605999999998
UNC93A	7.940664000000002
UBE2V1	11.461574
LOC100129066	3.7275999999999994
TOR1AIP1	10.285708
RAB5A	10.197222000000002
RAB5C	11.395256000000003
GSTM2P1	1.723528
UGT2A3	9.592135999999998
AMACR	11.715625999999997
L2HGDH	8.6656
PROM2	4.878965999999999
PROM1	6.777825999999999
UPF3A	8.504975999999997
LOC116437	0.062924
TIMM13	10.53838
PRO1768	0.0
NHEJ1	7.948231999999998
KPTN	7.427426
GNAI1	9.339869999999998
SLC41A3	8.98778
SLC41A2	10.984606000000003
HNRPDL	11.253570000000002
SNORD114-11	0.0
KCNC1	0.19499200000000003
SCARB2	12.969722
LYRM2	9.293567999999999
SNAP23	10.005357999999998
CSF1	8.801284
CSF2	0.31090999999999996
CSF3	1.683158
ZNF33A	9.48731
LOC647309	6.486378000000001
TMSB10	12.198459999999997
SAMSN1	7.008948
MGC29506	6.6383540000000005
WNT7A	1.8255200000000005
SLC22A9	10.131342
WNT7B	3.9580360000000003
CPT1A	12.532860000000003
ERAP1	10.582913999999999
LITAF	12.019598000000004
HULC	10.647903999999999
LOC285847	0.724026
EMR1	5.627835999999999
EMR2	6.151546
EMR3	1.621846
CPT1C	3.9838980000000004
PCOTH	3.234846
CNTN2	1.463024000000001
CNTN3	6.475929999999998
ANXA2	11.674393999999998
CNTN6	0.381872
CNTN4	6.462181999999999
CNTN5	0.633408
SLC44A4	3.379536
C11orf48	9.193106
DDX58	9.023980000000002
DDX59	8.258351999999997
PRR13	11.18363
DDX52	8.681709999999999
DDX53	0.031394000000000005
DDX50	9.060546000000006
DDX51	8.441826000000002
DDX56	10.569786
CSRNP1	11.743575999999997
CSRNP2	8.257330000000001
DDX55	8.088872000000002
GATM	15.711901999999998
CDC42BPG	5.235594000000001
FAM129A	7.225294000000002
CDC42BPA	10.310515999999998
CDC42BPB	11.158684000000001
FAM129B	10.323890000000004
SPDYE6	3.0452220000000008
COX6C	11.811159999999997
GATC	5.042468
BUB1	3.050996
RNPS1	10.444740000000001
BUB3	10.09668
NUPR1	11.771731999999997
UBE2E1	9.540382
UBE2E3	9.685983999999996
C3P1	12.251018000000004
SNORD72	0.0
CNGA1	9.330453999999996
CNGA2	0.019054
CNGA3	0.070182
CNGA4	1.1146859999999998
NCF1B	4.5747480000000005
SNORD74	0.0
SNORD75	0.0
RNASEN	9.054983999999997
ADSSL1	8.777906
SNORD79	0.0
PRR18	7.304544000000001
LOC285401	0.152562
EGLN3	6.054164000000003
DNAH3	0.24873199999999993
EGLN1	11.169435999999997
DNAH1	7.383514000000002
DNAH6	7.044093999999998
DNAH7	1.924662
TP53BP2	9.95786
DNAH5	5.850885999999998
HSD17B13	14.075642000000006
SFRP5	9.170801999999998
DNAH8	0.5492620000000001
DNAH9	1.0928000000000002
SNORD114-4	0.0
PSMD8	11.498329999999996
OR2Y1	0.0
MYBPC3	0.66764
MYBPC2	0.3004
MYBPC1	0.39214199999999994
MIMT1	0.365968
MCM3	9.322095999999998
OR9K2	0.0
FLG	1.7776859999999997
MCM2	7.017593999999998
HSD17B12	11.491768
TMEM130	2.4458440000000006
TMEM131	10.004912000000001
TMEM136	4.748006000000001
HSD17B10	12.296098000000002
CCDC48	5.092613999999998
CCDC47	11.716377999999999
CCDC46	5.390660000000001
CCDC45	7.950727999999998
TMEM139	8.199883999999996
CCDC43	7.629746
CCDC42	1.4982040000000005
CCDC41	6.319731999999999
CCDC40	4.065236
SPRY3	4.728169999999999
RFTN2	4.7027399999999995
SPRY1	8.660791999999997
HSD17B11	12.468912
TRPC6	1.9760259999999994
TPM1	11.014767999999998
SPDYE3	5.974474000000002
SPRY4	9.103828000000002
HDHD1A	8.247495999999998
RASSF10	0.43104200000000004
RASL10A	2.6938919999999995
FAM177B	0.6489979999999999
COASY	10.986776000000003
UTY	4.529884
RASL10B	6.497882000000001
TMEM116	7.662697999999999
MRGPRX4	0.0
CDKL5	2.9685779999999995
CDKL4	0.11682000000000001
TRIM33	9.445495999999999
BBOX1	10.033006
CDKL1	2.3169439999999994
CDKL3	3.8019160000000003
CDKL2	1.6709180000000001
TBX10	3.1238199999999994
FBXO22	9.243438
FBXO21	9.986889999999997
SKA1	2.3272240000000006
FBXO27	7.3865359999999995
MCM9	4.5817559999999995
FBXO25	9.92126
FBXO24	4.144100000000002
OR8K1	0.0
TBX19	4.444358000000001
OR8K3	0.0
FBXO28	9.98679
OR8K5	0.0
SLC35C1	11.437900000000003
DYSFIP1	0.9950659999999998
ACPL2	6.931516
TMEM155	0.4385819999999999
MRGPRX3	0.037276
GNRHR2	8.205048000000001
GNB5	9.279294
GNB4	8.478965999999998
AMBRA1	9.248016000000002
MRGPRX2	0.12688
AIM1	9.576920000000003
XG	4.184192
DBC1	4.168367999999998
AIM2	3.470536
FCRLB	4.245698
RNASE2	2.340958
C11orf88	0.14174199999999998
GPR19	1.3339480000000001
FOXB1	0.024338000000000002
C11orf84	6.5418780000000005
C11orf85	1.2773660000000004
C11orf86	1.7534220000000003
C11orf87	0.09045199999999999
C11orf80	5.466836000000001
FBXW2	10.431448000000005
C11orf82	4.206846
C11orf83	8.829775999999999
UTP18	8.975951999999998
TRIM31	4.335932000000001
NME5	3.2056480000000005
MUCL1	0.290832
FBXW5	12.071465999999997
FAM107A	7.901178
SFRP2	1.4259480000000002
FAM107B	12.035298000000001
OR2T29	0.0
PARD3B	5.1151
SCARNA9L	0.127294
TPSAB1	5.945996000000001
OR2T27	0.0
FBXW7	8.45166
CRHR2	0.305428
CKAP2L	2.7192799999999995
CRHR1	0.015408
ETFA	12.752063999999994
NEDD4L	9.424772
NCOA6	9.373257999999998
UBE2QL1	6.357979999999999
WIPI1	8.777418
THAP2	6.337538000000003
ETFB	13.598733999999997
GTF2A1	6.426174000000002
GTF2A2	9.310077999999999
RBMX	10.537418000000002
PCDHA11	2.6562160000000006
C1D	8.552868000000002
IL18BP	8.196838000000003
IQGAP1	10.009144
IQGAP2	12.776418
IQGAP3	4.003164000000001
ProSAPiP1	8.315731999999999
TRIM37	8.209334
NFATC2IP	8.580652
HSPB11	8.373902000000001
SCGB1D1	0.0
SCGB1D2	0.125616
SNORA4	0.017322
NDUFS2	12.294412
THAP3	8.234483999999998
TET1	3.6698039999999996
CDYL	7.797416000000001
NDUFS3	11.131934000000003
NOD1	6.792262000000001
NOD2	5.0460980000000015
HCLS1	9.906274000000002
NDUFS4	9.958254
TCP10L	7.375076000000002
TET3	7.8236479999999995
SPAG11A	0.0
TBC1D3P2	0.07286
PCMTD2	10.068708
PANK1	11.657022000000001
PCMTD1	9.931998000000002
KRI1	8.809706000000002
RP9	6.728895999999999
TECPR1	7.28976
RNASE6	7.316149999999998
THAP4	10.190150000000003
CDY1	0.0
COQ5	10.295907999999999
YKT6	9.500536000000004
CAMSAP1	8.501946
TUBA4A	9.989612000000001
TUBA4B	2.9327319999999997
CALD1	13.120657999999999
TRIM35	9.578574
CCNB3	3.703024000000001
CCNB2	3.349214000000001
CCNB1	5.608734000000001
VPS18	9.715852000000002
SVEP1	8.598386000000003
OR1F2P	0.013712
NUP62CL	3.686114
CSTF1	9.365846
FIBP	9.472184000000004
CSTF3	8.994792
CSTF2	6.959204
SNORA59B	0.147682
ILF3	10.992696000000002
ILF2	10.738129999999998
POU2F2	5.574212000000001
POU2F3	2.06238
P2RY1	4.257923999999999
MET	11.686748000000001
C1orf126	2.99644
C1orf127	2.2737580000000013
C1orf124	6.956664
C1orf125	0.33202
C1orf122	9.210486000000001
C1orf123	9.494334000000002
RNASE8	0.016058
SSX7	0.0
PCCB	12.28412
OR10C1	0.0
PCCA	11.153016000000003
LRRC16A	7.126486000000001
FCHO2	9.274256000000001
C1orf128	10.018300000000002
C1orf129	0.037664
TNMD	0.9877300000000001
SSX5	0.0
ZNF227	7.397024000000001
MRFAP1L1	10.349293999999997
SSX2	0.08661999999999999
P2RY6	5.03153
SOX30	0.791836
UBXN4	11.634222
C6orf97	4.934446
C6orf94	0.032694
SERPINC1	16.862071999999998
TPD52	10.282397999999999
SLMO2	9.863901999999998
PZP	9.911462000000002
CLN6	9.456625999999998
CLN5	9.896605999999998
CLN3	10.064164
SACM1L	9.824724
FLJ39609	0.19576800000000003
SLMO1	2.177732
XK	5.483033999999999
CLN8	9.079496000000002
AUP1	11.924744000000002
SNORA19	0.0
C2orf39	0.36525599999999997
C2orf34	6.077655999999999
CLNK	0.47010799999999997
ACSM2A	13.875975999999998
ACSM2B	13.545337999999997
SNORA12	0.105252
PIN4	9.047694
TJP1	10.487232
SSX8	0.014379999999999999
P2RY4	0.201648
UBE2K	11.082838000000002
OR11L1	0.0
TOR1AIP2	9.22178
OR51I1	0.019066
OR51I2	0.0
SFXN5	10.982631999999999
RNF185	10.956812
LIMA1	9.304178
RNF187	11.373914
RNF186	2.6763960000000004
RNF181	10.746828
PCDHGB1	2.8619460000000005
RNF183	0.6559480000000001
RNF182	1.2392699999999999
C8orf12	0.035952000000000005
CHMP2A	11.487423999999999
BMPR2	10.568731999999997
PNPO	12.484496000000002
SPESP1	3.3602419999999995
SIGLEC9	6.521163999999999
ZBTB22	8.503898
RBX1	9.644779999999999
ZBTB20	4.283141999999999
CLVS1	2.5977639999999997
ZBTB24	7.4197320000000015
CLVS2	0.1429
EIF3IP1	0.3814000000000001
APBB1IP	9.644120000000003
PCDHGB5	6.027262000000003
HRAS	8.39475
PCDHGB4	5.578234000000002
FLJ25758	0.023239999999999997
CCDC163P	2.241542000000001
FLJ14107	0.18668799999999997
SKI	10.436601999999999
MSGN1	0.01291
C16orf89	2.268216
C16orf88	7.400249999999995
MFF	9.944106000000001
C16orf81	0.344152
C16orf80	9.578045999999999
KRTAP9-2	0.0
C16orf82	0.050297999999999995
CLDND1	9.833343999999999
C16orf87	8.392928000000001
BICC1	5.7878
SYT12	9.19862
SYT13	5.612116000000001
SYT10	1.9969720000000002
SYT11	6.596228
SYT16	0.033978
SYT17	8.164248
SYT14	0.036942
JMJD1C	10.357899999999999
RINL	7.655231999999999
MS4A8B	0.7240939999999999
GEM	8.106422000000002
GUSBL1	3.930068
LOC100190938	3.809684
RIC8A	10.162254
GUSBL2	5.664877999999999
RNU5E	0.0
GAGE8	0.0
SH2D3A	5.349414
BAHCC1	7.473920000000001
EHBP1	10.989780000000001
ZNF143	7.553011999999998
DDT	12.850293999999995
OR52I2	0.01603
OR52I1	0.016357999999999998
PCDHGA9	3.535686
DDO	8.211000000000002
DDN	0.6870520000000002
DTNBP1	7.301961999999999
DDC	10.481592000000001
LAMC3	8.838423999999998
LAMC1	10.530333999999998
PCDHGA6	3.2582639999999996
PCDHGA7	3.2530259999999998
PCDHGA4	3.4909080000000006
DDX39	8.871127999999999
SPATA22	0.9619640000000002
SNORD88C	0.0
BCS1L	8.732135999999999
GSTT1	8.913698
RWDD1	9.783936000000002
LOC148189	5.388796000000002
CDC14C	4.098559999999999
CDC14B	10.476681999999998
CDC14A	5.727880000000002
RNF160	9.011373999999996
GPR179	0.9990220000000002
WWC3	8.346826000000002
ATP6V1G3	0.0
ATP6V1G2	3.199554
ATP6V1G1	11.113572000000001
PPT1	10.249103999999999
GPR171	4.339
PHF7	6.466228
GPR173	1.1022980000000002
PHF2	9.181216000000001
GPR174	2.566836000000001
GPR176	5.023880000000001
VPS28	11.13703
C2CD4A	4.831524000000001
C2CD4B	5.315958
C2CD4C	3.9299920000000004
C2CD4D	1.1951739999999997
ZNF136	6.860692
SERP2	5.904194
OBP2A	0.0
TCHP	7.513908
PDGFC	9.286850000000001
DSC3	2.1140939999999997
NUAK1	7.81181
TDRD3	8.024434
TCHH	4.246400000000001
PDZK1	10.951706
OR6N1	0.014314
SAPS1	10.435927999999999
RNY5	0.0
RNY4	0.0
CEACAM20	0.46507000000000004
CEACAM21	4.350355999999999
MICAL1	6.975062000000003
SCGB2A1	0.696558
C10orf4	8.329682
RUSC1	7.789728000000002
C10orf2	7.45825
MICAL2	9.5505
SS18L1	9.794139999999999
LOC145820	5.259540000000002
VARS2	10.104293999999998
TP53AIP1	0.32298000000000004
OR6N2	0.0
LOC440896	0.090168
KBTBD11	9.44504
ERN2	1.4752739999999998
ERN1	7.754313999999999
RPS26	9.445846000000001
RPS27	8.078974
RPS24	13.654000000000002
PCBD1	12.730952000000004
COX8A	11.712704000000004
RIMBP2	2.167568
NDN	7.398196
MTSS1L	11.533182
SNORA36B	0.0
PHC2	11.781562
POU5F1	2.3735999999999997
LEAP2	12.291366
ATRN	12.095628
OR1E2	0.037599999999999995
OPRK1	0.733416
OR1E1	0.168628
UCHL5	8.71218
CHMP1B	10.614254000000003
CHMP1A	10.57395
SNORA36A	0.017294
UCHL1	3.2204840000000003
UCHL3	8.990877999999999
LOC339674	0.17628799999999997
ZIC2	0.828286
MGC16142	2.7981340000000006
CHAF1A	7.236989999999999
HSD11B1L	6.441442
NFYA	8.698809999999998
PREB	10.878638
COL13A1	2.5291900000000003
SP140	5.065116
RNF126P1	0.898272
ZNF407	7.701060000000001
ZNF408	8.64068
ZNF354B	5.280188000000001
MSL3L2	5.916844000000002
GLE1	9.576052000000002
GPSM3	8.582254
GPSM1	6.120601999999999
SCGB2A2	0.415554
SPTAN1	11.890836000000002
CSAG3	1.556586
CSAG2	0.38833399999999996
CSAG1	0.5803699999999999
AIMP2	9.472864
AIMP1	9.719418000000001
PRELID1	11.158630000000002
MDH2	12.635076000000002
ADPGK	9.241698
PRELID2	4.546416000000001
DDX3X	12.605293999999999
HSH2D	5.808968
DDX3Y	5.840366
LOC90110	7.387500000000004
FAM171B	4.070739999999999
PDE6C	0.8394579999999999
SMARCA4	10.024438000000002
SOD1	14.623434
TERC	0.356622
PRDM6	2.574742
SNORD114-16	0.0
RABL3	9.054359999999997
VPS33B	7.805784
TGIF2LY	0.0
PDE6A	0.6628059999999999
ULK1	10.422298000000001
RMST	0.11172
RPL21P44	0.9788420000000001
ECEL1	0.8731019999999999
TERT	0.18468199999999999
NBAS	9.527885999999999
GYLTL1B	5.949748
PDE6G	5.397778000000001
SLC4A10	2.749509999999999
ZNF362	8.562652000000002
LOC400696	0.531922
PDE6D	7.992195999999996
PUS7	7.512407999999998
VWA2	2.0776860000000004
KIAA0247	9.612749999999997
KIAA0240	8.465404
IL11RA	8.604844
NIF3L1	8.444998
GPX8	5.922120000000001
SYNPO2L	0.8867439999999999
TMBIM6	15.921709999999996
TMBIM4	10.934011999999997
FLNB	12.335100000000002
TMBIM1	12.090785999999996
CASP6	8.575776
CASP7	9.592096000000003
CASP4	10.025556000000002
CASP5	1.0308119999999996
CASP2	7.962672000000002
CASP3	8.978230000000002
SMC4	8.550019999999996
CASP1	8.109304
PRDM8	2.730164
DRD4	2.5348100000000002
DRD5	0.109282
DRD2	0.24673399999999998
DRD3	0.042074
CASP8	8.636933999999998
DRD1	3.651074
LSG1	9.462102
PACRGL	6.165482000000002
ZNF311	4.144258000000001
FAM18B	9.363146000000002
FAM18A	3.1911240000000003
MMRN1	7.836226
PICALM	11.883629999999998
NCRNA00174	6.7132960000000015
WDR52	5.245806
OR5I1	0.0
PYGB	9.590390000000003
DOLPP1	9.460093999999996
AKT1	12.07432
AKT2	11.907732000000001
AKT3	7.438462
LOC90586	6.418996
UPB1	13.098284000000003
TLX1NB	0.16427400000000003
TTC9C	7.543431999999999
TTC9B	0.065708
TLCD1	6.621887999999999
MRC1	10.336080000000003
CHML	6.790241999999999
PKD1L1	1.9880240000000007
PKD1L2	2.5341699999999996
PKD1L3	1.8917199999999996
ANAPC16	11.310081999999998
ANAPC11	10.787913999999999
ANAPC10	6.8343419999999995
ANAPC13	10.348542000000002
SNRNP40	8.795208000000002
SIAE	10.899535999999996
PGAM2	3.7416899999999997
MYC	11.330089999999998
MYB	2.4026240000000003
LOC149837	3.3057179999999993
TDRD1	2.2339600000000006
ENTPD7	8.459416
ENTPD6	10.171282
ENTPD5	11.030854000000001
ENTPD4	7.771898000000001
ENTPD3	0.937142
ENTPD2	4.785710000000001
ENTPD1	8.582282
VILL	4.775353999999998
KRT23	4.870144000000001
ALOX5	6.865476
TOR1B	9.64456
KRT26	0.0
KRT27	1.0009700000000001
KRT24	0.086488
ENTPD8	9.021338
DLEC1	2.4467159999999994
SNAPC2	7.683151999999999
SNAPC1	7.035661999999999
SNAPC5	7.026578000000001
SNAPC4	8.315002
ZNF347	4.996204
TEAD3	8.545081999999999
RNF41	9.02373
TNFRSF10C	4.949935999999999
ZNF492	0.6130739999999999
TNFRSF10B	10.868182
HYAL3	6.9042959999999995
HYAL2	10.174831999999999
HYAL1	12.539229999999998
TNFRSF10A	6.259570000000001
HYAL4	0.24082
PRPS1L1	0.398326
LACE1	5.992044000000001
ZACN	0.22388999999999995
SNAPIN	8.900015999999999
SNORD52	0.0
PXDN	9.731416000000001
SPC24	1.327858
TMPRSS6	12.657335999999997
SNORD53	0.0
HESX1	3.7535280000000006
MST1R	3.9407259999999997
ZFP14	6.181009999999999
METAP2	10.913284000000003
NAT9	8.205350000000003
PKIA	2.1309420000000006
PGAM1	11.896395999999998
CLCA2	0.497032
S100B	3.7903199999999995
LOC100216545	6.422737999999997
LOC389033	0.24397399999999997
DPRXP4	0.571802
PNMA3	3.2919340000000004
CSDA	9.296895999999998
FAM40B	2.8215519999999996
SNORD115-11	0.0
FAM40A	8.503679999999997
DUSP5P	0.29761399999999993
KLHDC9	6.626584000000001
DCTN1	11.183328
LOC728392	4.9409220000000005
SLC4A9	0.142712
NAT8	10.789688000000002
RRN3P2	3.068313999999999
LANCL2	9.089718
LANCL3	0.52866
PILRB	9.239124000000002
LANCL1	9.763286000000003
DCTN4	10.162720000000002
SRP14	11.856534
HUNK	5.689802000000001
SRP19	9.297797999999998
CAGE1	0.1803
PROCR	7.149037999999999
ODF3	0.038838
ODF2	9.022352
ODF1	0.030986
GNPNAT1	11.722592000000002
SNORD113-9	0.0
ODF4	0.0
EFEMP1	8.443859999999999
SNORD113-5	0.0
SNORD113-6	0.0
EFEMP2	8.463022
SNORD113-1	0.0
SNORD113-2	0.0
OSTC	11.279889999999996
TAS2R9	0.017891999999999998
RPS4Y1	6.941903999999997
YSK4	0.23924399999999998
TFE3	10.025074
SNORD114-14	0.0
KIF3B	10.618301999999998
KIF3C	5.970542000000002
KIF3A	6.132856000000001
HADH	12.408274
HIC2	6.276563999999999
LOC93432	0.168356
TMEM9B	9.811684
MRAP2	2.44597
TMEFF2	0.666272
CCDC102B	4.7016800000000005
SDC4P	0.41585
BPIL2	0.09856
BPIL3	0.017891999999999998
BPIL1	2.676758
OR4M2	0.0
OR4M1	0.0
ASPM	4.6270240000000005
SCTR	3.8445300000000007
WNT5B	7.34278
WNT5A	6.8843499999999995
TUBBP5	3.077208
VEZT	9.747883999999997
NCF2	7.347915999999998
APLP2	14.252551999999996
SERGEF	8.119711999999998
NCF4	6.9651819999999995
USP38	10.178989999999997
KNTC1	5.643665999999997
STAMBP	9.144816000000002
UFD1L	10.031896
NIT1	10.484052000000002
MUTYH	7.117642000000002
UBXN1	10.668161999999997
VDR	5.890208
HNRNPH1	11.150940000000006
HNRNPH3	10.535233999999997
HNRNPH2	11.085396000000001
OR10X1	0.0
NCRNA00105	4.84513
GATS	5.635102000000001
NCRNA00107	1.3790259999999999
FOXK2	9.420792
TBC1D8	9.764656
SNRNP48	8.433231999999999
SNORD116-18	0.0
PAPOLG	7.145892
PGM2L1	6.135630000000001
FOXK1	7.757672000000001
RBM12	9.769658
MRPS35	11.004726
LOC100131434	2.775846
TBC1D2	8.799804000000002
HCFC1R1	9.04591
MRPS31	9.097271999999998
MRPS30	9.236825999999997
MRPS33	9.800088000000002
TBC1D7	7.857531999999999
HSPA12B	6.103145999999999
LOC84989	2.757036
HSPA12A	5.508364
TRIM10	6.482220000000003
SAP30BP	9.875002000000002
FAM127C	6.221556000000001
FAM127B	8.732022000000002
FAM127A	9.663268000000002
TBXA2R	8.086837999999998
SEL1L	12.281386000000003
MCM3APAS	2.154242
CGB8	0.015069999999999998
ZNF271	8.822289999999999
KRTAP20-3	0.0
CGB5	0.0
CGB7	0.269064
CGB1	0.0
CGB2	0.020218
INO80	9.137765999999997
SIGLEC15	2.344102000000001
SNORD98	0.0
SNORD99	0.0
KIAA2018	9.860419999999998
NRSN1	0.076114
KCNB2	0.06667999999999999
KCNB1	4.651484
SNORD97	0.37578
KIAA2013	11.539921999999999
HNRNPUL2	10.689708000000001
HNRNPUL1	11.598600000000001
SNORD93	0.0
ZG16	9.331814000000001
DEGS1	9.701335999999998
DEGS2	3.784227999999999
RBM18	8.698506000000002
CLEC6A	0.29082800000000003
CNTLN	8.830806000000003
CD22	5.170845999999999
OSGIN1	11.4454
STOML3	0.04413
PAIP2	10.844641999999997
PAIP1	9.97791
TPRA1	9.852634
ZNF519	3.0071880000000015
EMP2	11.284766
EMP3	8.245756
NRSN2	7.040208
EMP1	9.383351999999999
MLYCD	10.763177999999998
ZMAT5	8.548578000000001
AMOT	7.411872
GABRA2	0.26710799999999996
MVP	11.469154000000001
KRTAP20-1	0.0
AKR1CL1	3.710126
TEAD1	10.137949999999998
CCDC21	7.070808000000002
TMSB4Y	2.7824619999999998
CCDC23	7.648444
CCDC22	8.820514000000001
CCDC25	10.724948
CCDC24	6.234971999999999
CCDC27	0.044996
PCOLCE2	8.531971999999998
CNTNAP1	4.794847999999998
DCAF12	9.986200000000002
DCAF11	12.825456
DCAF10	10.02554
DCAF17	7.685086000000001
DCAF16	7.474826000000002
DCAF15	8.371138000000004
TMEM111	10.727520000000004
ZNF556	0.073552
APOB48R	7.607955999999999
FIBIN	5.766072
ZNF276	8.347637999999996
PAPSS1	8.304147999999996
TXN	12.060632
PAPSS2	11.695637999999999
TXK	3.6581340000000004
OR8I2	0.0
CDKN3	3.00171
NGLY1	9.432211999999998
BLZF1	8.310798
BHLHE22	4.4761940000000005
BHLHE23	0.0
LSM10	9.241286000000002
DPEP1	2.3335600000000007
SOD3	7.761874000000001
UBA3	9.129316
DPEP2	5.934526000000002
LOC595101	5.210712
SLC35E1	10.060708
KCTD20	10.275052000000006
KCTD21	9.502768
SLC35E4	4.225269999999999
RXRG	3.0484780000000002
ABRA	0.12946
PLCL2	8.564466000000003
TRIM17	0.7244799999999999
UTP23	7.963512
OSBPL11	9.615226
KIAA1430	9.434302
MAP7D2	2.2816520000000002
KIAA1432	8.981486
ORC4L	8.810714
HORMAD2	4.414344000000001
NMD3	10.726712000000003
FAM96B	10.462506000000001
KIAA1383	6.421061999999999
RANBP3L	6.8385440000000015
RNU4ATAC	0.0
HEPHL1	0.768314
TMEM110	9.107338
LOC149620	0.0
TRIM16	6.834151999999997
PRPF38A	9.074817999999999
PRPF38B	9.423426
TAZ	8.262493999999998
OPRM1	0.0
MGC14436	3.040744000000001
PPP2R2A	9.589903999999997
LOC729603	5.2677059999999996
G3BP1	10.896496000000003
G3BP2	11.061824000000001
?|340602	0.091294
FAM101B	8.114612000000001
FAM101A	1.4001859999999997
MYOZ1	2.069898
KIAA0528	8.69525
OR2B6	0.3602740000000001
TDRD6	3.774588
MXRA7	9.624929999999999
SFRS15	9.682448
ZFY	4.6271379999999995
IFNAR2	8.879374000000002
RNF25	8.623162
IFNAR1	11.860990000000005
GPM6A	8.159457999999999
USP31	8.512566
GPM6B	3.6634919999999997
TTC39A	4.318608
GRAMD1A	8.672946000000001
SGPL1	10.810912
MVK	10.595970000000001
KCNQ1DN	0.048998
CSPG4PY2	0.0
APBB1	7.745713999999997
APBB2	9.670110000000001
APBB3	8.062260000000002
ANXA2P1	3.953524
ANXA2P3	0.80744
ANXA2P2	10.00032
PASK	5.934448000000001
SEZ6	0.6316660000000001
LIME1	12.04042
IRAK2	8.894360000000004
IRAK3	6.8247040000000005
IRAK1	10.317484
IRAK4	8.128973999999998
OR7D4	0.023239999999999997
UNKL	7.133026000000001
WDR6	11.01359
WDR5	9.618787999999999
WDR4	6.653776000000001
WDR3	9.548546
DIAPH1	12.693772
DYSF	10.089962
DIAPH3	2.327376
WRN	6.989284000000002
PPP2R2B	3.616542
SMR3B	0.0
TAF1A	4.43085
SNORD116-12	0.0
SMR3A	0.0
SATB2	7.387005999999998
STAR	2.646412
SMARCD3	6.077020000000001
SMARCD2	10.928726
SMARCD1	9.223774000000002
GATA6	9.399036000000002
GATA4	10.365440000000001
GATA5	3.972966000000001
COX6A1	12.094470000000001
GATA3	5.902268000000001
COX6A2	6.218872000000002
SVOPL	0.12943200000000002
TXNDC9	8.665054000000003
SNHG1	7.209239999999999
POLR3G	5.333416000000001
CCND1	12.280870000000002
CCND3	9.417347999999999
CCND2	7.079242000000001
TMEM192	10.571582000000001
CEP290	6.265676000000002
TCF15	1.975602
TTC39B	6.832148000000001
TM2D2	10.127212
SCNM1	8.000246
TCF12	9.596048
SH2D1A	5.44791
IPCEF1	5.743884000000001
TCF19	5.854278000000001
SUCLA2	9.220170000000001
TNKS	9.036244
ACVR1C	6.753792000000003
ACVR1B	10.403644
LOC150776	7.174734
RPS27A	12.663508000000006
MTL5	3.374341999999999
RELL1	7.994597999999999
SHISA5	12.203384000000002
LOC401431	3.268066
SEPT7P2	5.957399999999998
MAGEE2	0.187712
MAGEE1	4.247820000000002
KDM2A	11.033926000000001
UROD	11.365026
GABBR1	5.990277999999998
GABBR2	1.3232220000000001
SERPINE1	13.473665999999998
SERPINE2	8.129126000000001
C5orf4	12.063371999999998
SOX18	7.111585999999999
TNNT3	0.33607600000000004
TNNT2	0.6291920000000001
SH2D6	0.8845759999999998
SOX10	2.525818
SOX11	0.33276999999999995
SOX12	8.026518000000001
SH2D7	0.30772799999999995
C6orf70	8.869842
SOX15	2.5209439999999996
C6orf72	9.365606000000003
SOX17	5.674596000000001
EPPK1	4.926684
NARS	11.173786
SSTR2	6.290401999999999
C4A	17.76243
DMAP1	9.409632
SNX31	1.001618
ABCA2	10.319646
SNX33	10.403065999999999
SNX32	0.5114639999999999
SLC27A2	13.3094
HMMR	3.720218000000001
IRGQ	8.436282
PDLIM7	7.70866
DPCD	6.494238
PDLIM2	9.869074000000003
PDLIM3	7.572945999999998
CHRAC1	9.089170000000001
MSH4	0.39827600000000013
MARS	10.228786000000001
ZNF286A	5.906305999999997
PLAC4	0.8661259999999998
IRGC	0.015069999999999998
HAAO	13.012312000000003
INSIG1	14.034867999999996
UMOD	0.08654
PGM3	9.170530000000003
FTL	17.701094
FTO	9.434650000000003
ZDHHC1	6.247854
TNK2	9.299839999999998
PAFAH2	9.809088
MARS2	7.945501999999998
ZDHHC5	11.175218
ZDHHC4	10.097494000000001
ZDHHC7	9.032568
VAT1L	5.177963999999999
TDRG1	0.0
ZDHHC8	8.851448
LDLRAP1	10.004213999999997
KDM2B	9.007776
C8orf38	7.921511999999998
C8orf39	1.4305860000000001
IGFBP6	6.685814000000001
ANPEP	14.493404
TOMM6	10.819456000000002
C1orf144	11.147818
C8orf33	9.263815999999998
C1orf146	0.035734
C8orf31	2.9570099999999995
HES4	4.105326
C8orf37	5.171190000000001
C8orf34	0.14506
HES7	0.10602400000000001
KLHL25	8.592924000000002
KLHL24	10.213910000000004
KLHL26	7.439513999999998
CAPNS1	12.155996
KLHL20	8.558383999999998
KLHL23	5.667470000000001
CAPNS2	0.3689320000000001
TMEM81	5.445964
GABRR1	0.090918
GABRR2	0.38770599999999994
GABRR3	0.0359
KLHL29	6.501333999999999
KLHL28	8.063428
TRMT12	7.646702
DCC	0.12844
POLG	9.820025999999997
LTB4R	6.809638
POLE	9.755447999999998
STX12	9.810555999999998
TRIM59	3.77363
POLB	8.601272000000002
TAF15	11.352612
FH	12.656221999999996
PDE6H	0.036946
CDC123	9.677883999999999
POLL	8.768817999999996
NCSTN	11.303966
SART1	10.410181999999995
POLI	7.563778000000002
DONSON	7.3380079999999985
NDUFV3	10.194258000000001
MDK	7.878634000000001
NDUFV1	12.464388
ZNF286B	2.692957999999999
CCNDBP1	9.482432000000003
ZNF213	6.481482000000001
C2orf16	4.945664000000001
C2orf14	0.0
C2orf15	2.967812000000001
PCIF1	9.32713
ATP5EP2	5.320004
IGSF5	0.8648339999999999
STATH	0.056738
GGN	0.974628
GGH	11.486140000000002
C2orf18	10.343486
NUS1	10.592034000000004
IL17D	1.660318
LAMA1	3.7568500000000005
IL17F	0.019772
LAMA3	6.723132
LAMA4	7.616769999999999
IL17A	0.08699799999999999
IL17B	0.128916
IL17C	0.26267399999999996
LOC375190	4.788060000000001
PLAC8	7.846178
PSD4	11.178792000000001
CHRDL1	4.536894000000001
SLC25A42	11.489865999999996
CHRDL2	4.401546
WDR62	4.3297479999999995
LOC399815	0.481696
SNHG3-RCC1	6.0650179999999985
LOC100133991	2.206588
RAD23A	11.758850000000002
CASS4	5.385966
MYOT	1.7791779999999997
DCT	0.752274
ZNF843	2.343468
SSR3	11.392750000000003
GPR153	6.809413999999999
GPR152	0.34939800000000004
F2	16.136266
C13orf23	8.124212
GPR157	4.482767999999999
F5	13.876771999999995
C13orf26	1.6974220000000002
C13orf27	9.193265999999998
C13orf28	0.0
C13orf29	4.202101999999999
SSBP4	8.602044000000001
GPR158	2.808396
ATP6V1E1	10.771448
ATP6V1E2	4.784778
KRTCAP2	10.923462000000002
CDC27	9.962225999999998
HTR3D	0.014702
HTR3E	0.08315
HTR3B	0.01631
CUL2	9.191985999999996
HTR3A	0.4882640000000001
FAM89A	7.824483999999996
ZNF18	7.606312000000002
TMEM8C	0.21142399999999997
FAM89B	9.386406000000001
TMEM151B	1.7256520000000006
OR52B6	0.077402
TMEM151A	3.242130000000001
C2CD2L	8.379724000000001
SMARCA5	10.067442
HOXD12	0.0
COBRA1	10.08684
RBPMS	10.346473999999995
EI24	12.640502
SGMS2	9.699842
BAALC	6.218615999999998
MITF	6.6058639999999995
PRC1	5.340202
HOXD11	0.12623800000000002
UBE2B	10.54975
RPTOR	9.18262
EPS15	10.397935999999998
PPFIA4	1.4733779999999996
SETMAR	7.518904000000003
PPFIA2	1.4425
PPFIA3	6.689158000000001
PPHLN1	9.161340000000001
PPFIA1	9.688913999999999
RTDR1	1.2309080000000001
MYOG	0.088294
TM4SF1	11.05965
FBP1	14.728364
MAB21L1	1.0115560000000001
MAB21L2	5.884197999999999
MYOF	7.577064
HSD17B8	10.42735
HMGCL	13.269366000000005
TOX4	10.328129999999998
TRDMT1	5.152964000000001
ZNF648	2.921256000000001
PRMT3	7.14701
DYNLRB2	1.9431520000000007
HSD17B1	5.143936000000001
HSD17B2	12.496646
DYNLRB1	10.506639999999999
HSD17B4	13.377476000000001
CDH22	0.8485419999999999
HSD17B6	14.812814000000001
HSD17B7	8.742526000000003
ALDH3B2	0.984142
ALDH3B1	7.9389639999999995
TRIM27	10.436614000000002
CYR61	12.10418
NUP155	7.591161999999998
RTN4	13.219597999999998
CDH24	3.7810280000000005
KPNB1	11.269977999999996
HGS	10.279819999999999
RTN2	6.326403999999999
ABO	1.3340200000000002
ABR	8.421713999999998
CDH26	1.244744
BAIAP2	11.322421999999996
HGF	8.18515
HGD	13.652906000000003
LOC220729	6.0852780000000015
OR1G1	0.0
GIYD2	10.192128
C7orf68	6.520712
BACE1	10.771604
BACE2	8.001196
LIN54	8.393930000000001
IPO13	9.263213999999998
ATP4A	0.172288
ATP4B	0.08417000000000002
C7orf60	6.244066000000001
C7orf61	1.2574520000000002
C7orf63	5.714278
C7orf64	7.350367999999998
C7orf65	0.214746
C7orf66	0.0
IER3	10.107594
CILP	6.21444
ZNF468	6.542600000000001
PNKD	12.19798
SCARA5	6.246423999999999
ZNF462	5.288684
CYB561D1	5.708254000000002
CYB561D2	9.106822
PDZD8	9.392566
PPP1R13B	8.972488
MYBPHL	0.13422800000000001
PSKH1	8.637477999999998
ZNF397	6.981122000000003
ZNF154	4.014854000000001
LOC100188947	0.632686
TMEM41B	10.069754
IL1RL1	5.753462000000001
IL1RL2	5.005506000000001
NMS	0.0
HUWE1	11.66836
LOC100188949	2.8897559999999993
SFT2D3	8.497618000000001
LOC387647	8.10962
LOC387646	2.135024
ARAF	11.250323999999999
PKP2	9.829010000000004
PKP1	2.037472
NUDT22	9.201636
NUDT21	10.162560000000003
SERTAD4	1.199722
ROS1	0.8626259999999999
TRIM32	7.339562
PGAP2	9.432806000000001
PEBP1	15.755262
TOPORS	9.135296
LOC646999	2.285955999999999
TEPP	0.21597399999999997
SLCO5A1	1.2630300000000003
POPDC2	3.4528900000000005
POPDC3	0.23614799999999994
FAM173B	7.765122000000003
FAM173A	7.983325999999998
UST	5.6614900000000015
STARD3NL	8.173141999999999
SPIN4	5.523500000000002
ZNF705D	0.0
SPIN1	9.973122000000004
METTL7A	14.580023999999998
METTL7B	12.587561999999998
PROP1	0.0
MCART3P	0.25117000000000006
IFT52	7.337236000000001
TEP1	8.521872000000004
IFT57	7.699373999999999
SNORD73A	0.0
LYPD5	3.221636000000001
CEP192	7.620346000000001
LPP	7.636596000000002
LPO	0.374472
ILVBL	11.436391999999996
EYS	4.581974
LPL	3.940088000000001
ZFC3H1	7.89719
TNFRSF25	4.442486000000001
APOL6	12.526682
GDAP1L1	0.25700799999999996
AARS2	8.435634
LPA	11.557794000000003
GOLGA2P3	0.0
SAMD9L	7.596225999999997
APOL4	6.257832
CLECL1	2.834008
APOL3	10.495238000000002
C1QC	11.918639999999998
C1QB	12.276788000000002
C1QA	12.266211999999998
CNOT6	8.157887999999996
MAMLD1	7.00942
TAGAP	6.508534
OR6F1	0.014314
PKHD1	7.783684000000001
RNMT	8.954312
OR6C4	0.0
DDAH1	11.975446
DDAH2	10.022013999999999
ELMO3	7.983759999999998
HUS1B	1.339846
TMED8	7.349679999999999
ZNF44	7.661438000000001
LYPD6B	3.6161880000000015
MBLAC2	7.828089999999998
MBLAC1	5.203924
MGAT4B	12.385371999999995
CRELD2	9.647355999999998
VSIG4	9.2936
CRELD1	9.672675999999997
VSIG2	6.313374
NOS2	3.0709000000000004
OR5K2	0.27104799999999996
OR5K3	0.0
EIF4A3	10.170869999999997
ITGB2	10.262335999999998
SLC29A3	8.260504000000001
SLC29A2	5.512733999999999
SLC29A1	10.822292000000003
TOP1MT	9.620635999999998
TMPRSS15	0.01631
ARL4D	10.25108
VWC2L	0.0
ASAP1IT1	0.055092
ARL4C	9.466688000000001
NMRAL1	10.056434000000001
ARL4A	7.928373999999999
ADORA2A	6.96439
ADORA2B	3.6103720000000004
SPINK14	0.0
TIRAP	7.253515999999998
SPATA5L1	7.699281999999999
NKAP	8.425296
EIF4A2	12.411262000000006
LOC645752	0.884496
TOMM5	9.794477999999996
MAVS	9.973334000000003
SPHAR	7.5786560000000005
LAT	5.90292
PLXDC2	6.344721999999999
PLXDC1	4.1770059999999996
C6orf204	4.0674719999999995
RP1-177G6.2	0.03893
C6orf201	3.104717999999999
CSK	10.73265
C6orf203	8.559298000000002
CNOT10	8.756134
C6orf208	5.785578
MRAS	7.535076000000001
MRAP	2.9440779999999993
SAA3P	0.0
PDZD2	4.870182000000001
GALNT8	0.432202
GALNT9	0.9348839999999998
GALNT4	8.53392
GALNT5	0.9131900000000003
GALNT6	5.485498
GALNT7	5.878679999999999
GALNT1	10.899820000000002
GALNT2	12.404062000000003
GALNT3	5.509187999999999
DGAT2L6	0.01452
PAAF1	8.532706
ZNF440	6.312113999999998
SUV420H1	9.608946000000003
FAM103A1	8.285438000000001
ST8SIA4	6.891328000000003
TRIM49L	0.0
DMWD	8.02473
ZDHHC6	9.535287999999998
CD74	14.750093999999999
SFRS16	8.573796
CD70	1.4656600000000004
CD72	6.200012
CLOCK	6.928198000000001
PMP2	1.9035859999999993
HTN3	0.0
NOXO1	3.4091620000000007
HTN1	0.0
RFC1	10.103593999999996
RFC3	6.711836000000002
RFC2	8.997069999999997
CCDC64B	4.084694000000002
KIF15	2.2576520000000007
KIF17	5.6366939999999985
SNORD115-32	0.0
KIF11	5.258556000000001
KIF12	8.55853
CBX8	6.668469999999998
CBX7	9.571950000000001
CBX6	6.634235999999998
CBX5	9.945242
CBX4	9.016562000000004
CBX3	10.741512000000002
CBX2	4.160486000000001
CBX1	8.933055999999999
SNORD115-39	0.0
NLRP5	0.0
NLRP4	0.089198
NLRP7	0.9932979999999998
FASTKD5	8.936392000000001
FASTKD2	9.892852
FASTKD3	7.439577999999999
NLRP3	5.610937999999999
FASTKD1	8.174524000000002
PSEN2	8.911492
PSEN1	10.415683999999999
BTLA	2.7248880000000004
NLRP9	1.9813920000000003
NLRP8	0.016086
CYB5D1	8.768182000000003
RAB18	10.889591999999995
WDR24	8.714976
CCPG1	11.476009999999999
ST6GALNAC1	3.2944459999999998
WDR20	8.399144
MMGT1	8.613149999999997
SNAR-D	0.0
LRAT	8.266551999999999
RAB13	10.984802000000002
RAB12	9.909976
LYST	8.686199999999998
RAB14	11.86054
RAB17	11.6117
PPP1R12A	9.045795999999998
GNAQ	10.269040000000002
MAPK4	4.770614
RQCD1	6.732723999999999
ASCL2	4.425861999999999
CKS2	7.442575999999999
NAGLU	11.418098
ASCL1	4.11012
XRCC6	12.191145999999998
ASCL4	0.139976
GAPDH	15.38616
LOC221710	8.985614
SERPINH1	10.31895
NCRNA00161	0.10263000000000001
ACADSB	14.206126000000001
IGF2BP1	1.2339119999999997
C15orf61	6.969374
IGF2BP3	3.8941800000000004
IGF2BP2	6.04976
LOC606724	4.445128
SNORA30	0.0
TRIM2	9.247995999999995
CD101	4.056044
KIF1A	3.9348100000000024
KIF1B	10.081221999999997
KIF1C	11.972605999999999
CD109	5.661558
STX16	9.778702000000001
SPATC1	1.4770159999999999
SHOC2	9.725428
TRAIP	2.954312
AATF	9.825211999999999
ATHL1	8.761158
SNHG4	0.6856879999999999
TMSB15B	1.5772260000000002
AATK	4.74089
OR4C6	0.052468
OR4C3	0.0
IFNGR1	11.098564
ERCC8	6.427932000000001
TPI1	13.093281999999999
USP40	9.827898
OR10Z1	0.0
ERCC1	9.688804000000003
ERCC2	8.664114000000001
ERCC3	9.225064000000001
ERCC4	7.488862
ERCC5	10.371247999999998
ERCC6	7.210854000000001
CD244	6.093112
AIM1L	2.018662
MRPS15	10.84539
CD247	6.712057999999998
NLRP11	4.562616
MRPS12	9.484954000000002
MRPS11	9.620186000000002
MRPS10	10.039095999999999
SPIRE2	7.2503639999999985
CD248	7.269504000000003
LOXL1	5.647982
LOXL2	6.783608
KIAA0922	10.145283999999997
LOXL4	7.401618
UBTFL1	0.0
UNC119	8.311240000000003
UBE2I	9.899676000000005
PFKP	6.8467119999999975
GEMIN8P4	5.1953700000000005
PFKM	7.882682
PFKL	12.145934
TNNI2	2.1737939999999996
GPR1	0.569238
FOXD3	1.132586
TNNI1	6.673082000000003
FAM125A	8.815317999999998
PRDXDD1P	3.6952
FAM125B	7.890565999999999
LMAN2L	9.259722
KCND1	4.508240000000001
MFSD8	8.51376
KCND3	6.991295999999998
KCND2	2.2828820000000003
CCHCR1	8.175586
SNURF	3.209762
DIRC1	0.0
LSM5	9.123388
DIRC3	1.2189660000000004
DIRC2	8.00758
ABHD14A	8.81308
LSM1	8.951429999999998
LSM2	8.61392
ABHD14B	12.649415999999997
ZNF774	3.0463780000000007
SEH1L	9.751536000000002
USP48	9.490139999999998
SMG7	10.479569999999997
DCBLD2	9.519436
DCBLD1	8.200068000000002
LILRA5	6.708853999999999
DDX26B	4.638432
CLEC4G	10.859180000000002
CLEC4F	3.342853999999999
CLEC4E	4.714462
CLEC4D	1.6470560000000003
CLEC4C	0.675032
CLEC4A	4.635322000000001
FZD8	7.370196000000001
CACNG8	0.0
SSR1	11.763157999999999
SSR2	11.722486000000002
LOC441869	4.8157820000000005
SSR4	11.81507
DEFB129	0.0
DEFB128	0.0
DEFB127	0.0
DEFB126	0.0
DEFB125	0.037414
DEFB124	0.0
DEFB123	0.0
DEFB122	0.0
CACNG6	0.306456
CACNG7	0.21680599999999997
TMEM117	6.115122
LSMD1	9.602507999999998
SMPDL3A	10.555568
USP46	7.169750000000001
LOC728855	8.151142
LOC100130093	7.239140000000003
CASP8AP2	7.170001999999998
ZIM2	0.356154
GPR6	0.0
TPBG	5.718116000000001
APOC4	13.222568000000003
APOC2	16.321872000000003
APOC3	17.722738000000003
ABI3BP	7.233085999999999
TCAM1P	0.38523799999999997
RANBP10	9.717723999999999
XDH	11.867708000000002
RANBP17	4.164157999999999
USP10	10.50597
MYO10	9.248792000000002
BHLHE40	12.975638000000004
BHLHE41	5.671494
PRODH2	12.030494
PRLH	0.0
MAP4K3	8.892503999999997
IDUA	7.190039999999998
POU6F2	1.925762
PYCARD	7.794117999999997
OR4D11	0.036205999999999995
MAGI3	8.560656
MAGI2	6.5777779999999995
MAGI1	9.763814000000002
PPP3R1	10.846712
VWA3A	0.4138
KLHDC10	9.082884000000004
NFE2	3.3710660000000003
METTL8	7.665771999999999
UGT2B4	14.666945999999998
ZFPM1	8.163110000000001
NGEF	9.603144000000004
SELL	7.549653999999999
LAS1L	9.716272000000002
METTL9	9.014262
WBP11P1	2.5591960000000005
TRIM74	1.2943480000000003
SLC25A22	10.263982
SLC25A23	10.799984
SLC25A20	11.656933999999996
SLC25A21	1.8733000000000004
GAPT	3.6857899999999995
SLC25A27	6.141571999999999
SLC25A24	7.030024000000002
SLC25A25	12.235161999999997
SLC10A4	0.5332500000000001
LOC91948	0.274792
SLC25A28	9.959086
SLC25A29	8.057038
PRMT10	7.465418
POP5	8.744245999999999
MAGIX	8.067822000000003
SMUG1	9.289304000000001
SPTY2D1	9.306954
ULK3	9.012118
SELM	8.091604
KLRC1	2.6423360000000007
GPBP1L1	11.504798
OR8G2	0.0
VPS36	10.067568
FOXA1	9.94851
SNAR-C4	0.0
FOXA3	11.034936000000002
FOXA2	10.415518000000004
BST1	6.342153999999999
BST2	12.259394
COPB1	11.311952000000002
ZNF823	6.662346000000001
COPB2	11.390516000000002
ZFP37	3.9157339999999987
INSRR	0.161946
KDM4C	8.923663999999999
ISG20L2	8.651012
KDELC1	7.333156000000002
KDELC2	9.171048000000004
CARM1	9.798170000000002
RASAL1	2.708674
?|10431	10.162628
SOX13	9.492334000000001
PAGE4	0.46541
PAGE5	2.2437759999999995
PAGE2	0.14349599999999998
B9D2	6.190988000000002
B9D1	6.844406000000001
PAGE1	0.10382000000000001
FLVCR1	4.8033660000000005
KRTAP7-1	0.0
TRIM71	0.12477799999999999
SFRS18	9.35478
PCDHB3	2.986042
PCDHB2	3.213106
LOC100240735	1.925998
LOC100240734	0.16932
PCDHB7	4.275206000000001
PCDHB6	2.749320000000001
PCDHB5	5.39701
PCDHB4	4.152846
MKS1	7.108833999999999
USP15	9.969686000000001
PITPNM1	8.523285999999999
PGK2	0.015069999999999998
PGK1	12.490629999999996
ROPN1B	3.557352
FAM86C	6.529286000000001
BECN1	10.329467999999997
PITPNM3	7.126774
XIRP1	1.230324
HSPA4L	7.520308
PITPNM2	9.005275999999997
DKFZp434J0226	0.6367799999999999
SDHAP2	6.653755999999999
MGC23270	3.5574359999999996
SDHAP1	6.632095999999997
SMTNL1	1.82677
SMTNL2	0.9547539999999999
SMAGP	7.056498
RPUSD4	9.179104000000002
DLX6AS	0.0
IMPG1	0.609654
FAM22F	1.885388
FAM22G	1.0690939999999998
FAM22D	5.619342000000001
WARS2	8.094212
INSM2	0.300488
RPAP3	8.555285999999997
FAM22A	5.203695999999999
TOMM20	11.82595
GLB1L	6.5055380000000005
ULK4	5.099422
KLRC4	0.8996559999999999
RPUSD1	8.154044
LOC253724	3.3867420000000004
KCTD3	11.42631
ATP6AP1L	4.619274
LOC100134368	0.979738
KCTD2	8.986566
OXA1L	11.403851999999999
RPUSD3	9.239758000000002
OR10A3	0.0
SNORA5A	0.059116
MAGEC1	0.20418599999999998
C6orf57	6.238034
MAGEC3	0.17540000000000003
MAGEC2	0.328796
C6orf52	1.9194640000000005
SNORA38B	0.080182
PCDHGA3	3.8489380000000004
KCTD7	6.017672
KIAA0101	4.730681999999999
KIAA0100	10.088332000000001
DOCK10	7.642272000000002
DOCK11	6.336224
C6orf58	0.107102
C6orf59	0.9691940000000001
SNX17	11.384341999999998
SLC12A5	1.41548
SNX15	8.378613999999997
SNX14	10.627456
SNX13	9.060006000000003
KCTD5	9.254457999999998
LPAL2	6.8800279999999985
SNX10	10.151335999999999
SPCS1	11.409987999999998
KCTD4	0.286434
TOMM22	10.548938
SNX19	10.408506000000004
SNX18	9.977655999999994
ICAM5	1.04405
ICAM4	3.4211699999999996
ICAM3	10.07338
ICAM2	8.245849999999997
ICAM1	11.427912
SNORA2A	0.019066
DPM3	9.529017999999999
DPM2	9.422786
DPM1	9.260579999999997
CTDSPL	9.716223999999997
FBXL14	8.788136
LY6E	13.761102
LY6D	0.5270079999999999
PDYN	0.033603999999999995
ZNF35	5.721760000000001
ZNF610	2.8591220000000006
?|442388	0.0
APOA1BP	10.989535999999998
RABGEF1	9.570689999999997
LRTOMT	7.758878000000001
ZNF613	5.768916000000001
LY6H	0.52423
SMTN	9.077158000000003
OR51M1	0.0
LOC152217	7.950996000000001
OCLN	8.991
ZNF615	6.77363
OCLM	0.8736039999999998
EBNA1BP2	9.603686000000001
TMEM87A	9.161716000000002
TYW3	8.626246000000002
NEUROD2	0.01761
GPR37L1	2.08569
OR5B21	0.0
NEUROD1	0.026352
NEAT1	12.059893999999995
SGK2	9.733868
NEUROD4	0.0
SNORA5B	0.0
ARPC5L	9.700794
CHURC1	10.216105999999996
RALYL	2.4125900000000002
C1orf162	8.372276000000001
C1orf163	7.72955
OR4K17	0.01291
C1orf161	4.503568
TMTC3	9.015171999999998
RAX	0.019772
OR4K13	0.0
C1orf168	8.606614
STK32B	2.3624780000000003
TXNL4B	8.474776
CDH11	5.467976000000001
CDH10	0.127202
CDH13	4.829052000000001
CDH12	1.591306
CDH15	4.437551999999999
CREG1	12.882462
CREG2	0.251868
CDH16	2.573298
CDH19	5.801302
CDH18	0.013897999999999999
SPATA20	10.342106
SPATA21	1.550704
OR4A16	0.0
CYCS	11.333879999999999
GPD1	12.487570000000003
DFNB59	3.902521999999999
GPD2	7.740799999999998
STK32A	0.29843
LOC100170939	2.9228539999999996
TCP10L2	0.844216
SDF2	9.705542000000001
PLBD2	9.747291999999998
PDCD2L	6.708068000000001
IMP4	10.013362
PLK1	4.0596119999999996
OR4A47	0.0
NEFM	0.40845800000000004
NEFL	0.7047260000000002
FAM36A	9.977139999999999
SON	11.597396000000002
C2orf70	0.28478600000000004
C2orf71	0.02686
C2orf72	12.430086000000001
C2orf73	0.37099200000000004
C2orf74	8.444168000000001
C2orf76	5.032124000000001
C2orf77	6.132055999999998
C2orf78	1.576964
C2orf79	8.640624
NRG3	3.881398
NRG2	1.651312
MBP	9.993238
NRG4	4.033005999999999
GAA	12.059783999999997
NPBWR2	0.0
OR52E6	0.0
LOC148696	0.5435599999999999
OR52E2	0.0
LOC100128191	5.169663999999999
RWDD3	8.294722000000002
XYLT2	9.032618000000001
EIF4EBP2	12.546112000000003
NGFR	10.125354
MCHR2	0.0
MS4A10	0.349808
RORC	11.825781999999997
MEPE	0.064314
TRAK2	9.740952000000002
MCHR1	5.541400000000002
NUMB	10.586322000000001
PARP1	11.183732
TPMT	11.4552
SFMBT1	8.083528
LOC283731	0.08659599999999999
SCAND1	10.534180000000001
MS4A13	0.0
SERPINA6	14.358733999999997
HRASLS	0.9747880000000001
MS4A14	3.600893999999999
EXOC6B	5.205126
CYC1	11.784908
PON3	13.215328000000005
PON2	11.543747999999999
COMMD10	8.181313999999999
HAGH	12.652634
TFCP2	7.941103999999999
RPH3A	1.3766800000000001
SPATA2L	8.966192
CKAP2	6.802765999999998
HTR1E	0.0
HTR1F	0.17434399999999997
HTR1A	0.012766
CKAP4	10.615934000000003
CKAP5	9.752982000000001
BCL2L1	11.664228000000003
BCL2L2	8.717952
WFDC10A	0.0
TCF20	9.283232
GFRAL	0.01291
SYNGAP1	6.267660000000001
LOC100101938	0.106796
SCO2	9.780041999999998
GOLGA6L10	5.278249999999999
NRAP	4.285135999999999
RBM15B	9.988824
UGP2	13.937952000000001
SPINT2	9.042791999999999
SLC38A11	3.647127999999999
SPINT1	7.798507999999997
SPINT4	0.0
NAPG	9.118193999999999
ITSN1	10.413423999999997
NDST1	10.840831999999999
NDST2	8.195146000000001
ITSN2	9.832973999999997
MMADHC	11.639126
WNT8B	0.237272
PRAF2	7.897720000000001
ZNF668	7.035436000000002
SH2D1B	4.287030000000002
KHK	13.686886
CYP39A1	11.034823999999997
ZNF660	1.7745140000000001
SCAND2	7.0746720000000005
ZNF662	6.3242840000000005
FTLP10	0.0
PLK4	3.4926619999999984
OOEP	1.158688
NME1	10.093194
SCAMP4	9.959228000000003
SCAMP5	7.131099999999999
SCAMP2	10.950505999999997
SCAMP3	10.20694
SCAMP1	9.465753999999997
PDCD2	9.025802
CELA3B	0.019066
LOC441455	0.9736880000000001
CELA3A	0.015134000000000002
CXADRP3	0.8921040000000001
C7orf43	7.980149999999998
C7orf40	6.836930000000003
C7orf41	7.997370000000001
C7orf46	6.821232000000002
C7orf47	7.535018000000003
C7orf44	8.607399999999998
C7orf45	0.051977999999999996
OR1A2	0.023239999999999997
TSPAN8	9.025472
C7orf49	8.467398
FAM193A	8.745245999999998
FAM193B	8.536372
WIT1	0.7611519999999998
ZNF444	10.338166
TCF23	0.037998
ZNF446	6.8831500000000005
RHOT2	10.126639999999998
ZNF441	6.637804000000001
ZNF442	4.611676
RPS6	14.208715999999997
RPS5	12.928494
EPSTI1	7.8268960000000005
LOC401127	3.4124980000000007
GFRA4	0.0
L3MBTL3	7.0422740000000035
L3MBTL2	9.587895999999999
C8ORFK29	1.176174
L3MBTL4	8.236035999999999
GFRA3	1.8228779999999996
GFRA2	6.200796
ADAMTS15	2.7558900000000004
TSEN15	8.340235999999999
CINP	9.014574000000003
RPS2	12.825978
PRSS45	1.7232899999999998
PRSS42	0.226162
AFAP1L1	7.280808000000002
AFAP1L2	6.245141999999999
PRSS41	0.030465999999999997
TSEN34	9.708635999999997
PCMT1	10.570602000000001
PRSS48	0.09550800000000001
C9orf7	11.039124
C9orf6	8.032668
C9orf5	10.956686000000001
C9orf4	0.10170200000000001
C9orf3	9.541436
NAV1	6.901222000000001
PSENEN	9.969665999999998
C9orf9	5.8751120000000014
CDKN2BAS	0.64874
FAM177A1	10.095989999999997
CPA2	0.123596
CPA3	4.698324
FAM175B	8.77256
CPA1	0.43024999999999997
CPA6	0.12862400000000002
PRR15L	5.558349999999999
CPA4	1.4531740000000002
CPA5	0.261284
PVRL1	7.548477999999998
NBEA	5.255980000000001
LOC347376	0.128718
OSM	4.4971820000000005
PVRL4	2.583774
SNORD116-10	0.0
ATG9A	10.965626
ATG9B	2.3162199999999995
SNORD116-13	0.0
TPTE2P3	0.071822
OS9	13.7606
VENTXP1	0.0
PKDCC	7.694926000000002
SNORA38	0.0
LNX2	9.947265999999999
FAM113B	6.441455999999999
LNX1	7.477719999999998
STAG2	10.496595999999997
SNORD116-15	0.0
IFT74	7.681942
MYL10	0.0
SNORD116-14	0.0
DSTN	12.024389999999997
NPHS2	0.036308
C14orf166	10.755729999999998
SNORD116-16	0.0
ASMTL	10.423226
KRT6A	1.7107179999999993
KIAA0467	9.185635999999999
SIGLECP3	2.822416
VCP	12.761772
AP1G1	11.079052
AP1G2	8.343610000000002
TACSTD2	8.04035
TMEM50B	9.166564
RPS19	13.381126000000004
NDUFAF2	7.127969999999998
LOC284900	7.0539559999999994
UBE2U	0.052096
ZNF385B	8.465855999999997
DCAF4L1	1.4221940000000002
DCAF4L2	0.250922
ZNF385A	7.955917999999998
ZNF461	5.12419
C6orf195	0.189728
OR5M8	0.0
EHD4	9.707432
EHD3	8.877901999999999
EHD2	9.151705999999999
EHD1	10.165722
REEP5	12.382612
GMFB	9.669123999999996
NDEL1	9.973488000000001
XKRY	0.0
XKRX	1.0022239999999998
OBFC1	8.303944
GON4L	8.642612000000002
ABL1	9.623954
LOC100271831	4.917277999999999
LOC100271832	0.0
ABL2	8.471392
LOC100271836	5.951287999999998
VLDLR	5.456758
TMED7	11.715664000000006
TMED6	6.09104
IL9R	0.6687899999999998
TMED4	9.727454
TMED3	8.635310000000002
REEP4	7.7035219999999995
TMED1	9.971654
TMEM201	6.737678000000001
GRAP	7.8047200000000005
BAIAP2L2	4.45865
BAIAP2L1	10.419628
HNRNPU	12.595526000000005
SNORD95	0.0
SHANK2	9.024759999999997
ZNF100	5.856743999999999
HNRNPK	13.317371999999999
FASN	12.825221999999997
HNRNPM	11.809223999999999
LOC340508	0.17425000000000002
HNRNPC	12.764599999999996
DIS3L	9.333193999999999
SNX9	11.349951999999996
HNRNPF	12.365152
PRLHR	0.021834
HMGA2	0.845962
SBNO1	7.68703
EEF1B2	11.9581
LOC91149	0.149438
SELV	0.043407999999999995
FAM63B	5.98294
GOLM1	9.749026
TMEM209	8.438677999999996
USPL1	8.400188
KBTBD12	0.4896979999999999
MPHOSPH9	7.3626119999999995
SLC6A11	1.9671820000000004
RNF166	8.108314000000002
XKR5	0.21650799999999998
XKR4	0.5491
XKR7	0.049746
XKR6	1.235472
XKR3	0.112022
XKR9	5.065128
GLUD2	11.16044
GLUD1	14.700020000000002
SLC6A15	0.10591
ISG20	8.33807
HSP90AA1	13.817538000000004
TADA1	8.979465999999999
TADA3	10.677976000000001
CD52	7.722812
CD53	8.94459
ZNF174	6.9638360000000015
RNF168	7.052884000000001
NDUFS8	10.737811999999998
C9orf11	0.25349599999999994
CD55	9.293289999999999
SNORD90	0.0
CD58	6.732086000000001
CD59	12.899974000000004
HAX1	10.999705999999998
SLC32A1	0.091972
TMEM184B	8.855418
UGT1A8	3.9828619999999995
UGT1A9	12.694371999999996
NNAT	1.3082020000000003
SLC25A3	13.035106
KIAA1324	3.217044
UGT1A6	13.701312000000005
LOC150381	4.931151999999999
UGT1A1	13.700426
UGT1A3	10.17849
POMC	3.6828499999999984
C8orf76	8.428566
RAB35	9.477509999999999
RAB34	7.56432
HJURP	3.247610000000001
RAB32	9.753559999999998
RAB31	8.427107999999999
GAGE10	0.019066
C22orf42	0.0
SNORD114-18	0.0
GAGE13	0.0
RAB39	2.343248000000001
RAB38	4.255370000000002
DOK2	7.908198
DOK3	6.24488
LCA5L	4.530549999999999
DOK1	6.605709999999999
DOK6	5.098606000000003
CD163L1	5.836246
DOK4	9.782264000000001
DOK5	3.7913039999999993
C6orf222	0.563456
C6orf223	2.59506
MCEE	9.121776
C6orf221	0.020734
C6orf226	6.632705999999996
C6orf227	0.12050999999999998
C8orf73	6.579847999999999
PLS1	9.631322
CAMSAP1L1	8.505434000000001
PLS3	12.717614000000001
SNORD92	0.0
CLASP2	8.909806
CLASP1	9.901572000000002
C22orf43	0.456436
C1orf203	5.979580000000001
PDIA6	12.934376
C1orf201	5.859247999999999
C1orf200	0.6019400000000001
PDIA3	13.62833
PDIA2	0.5247480000000001
TRIM26	11.242901999999999
C1orf204	1.8921019999999995
ZBTB48	8.886249999999999
ELF1	9.975964
RAB3D	6.514826
HMGB4	0.02786
RAB3B	1.4683999999999997
ARMC8	8.794830000000001
ARMC9	4.324368000000001
DACH1	6.0307020000000024
ARMC7	8.403196000000001
ARMC4	2.3140299999999994
DACH2	0.03169
ARMC2	3.4397699999999993
ARMC3	0.24337799999999998
OR1F1	0.037688
ARMC1	8.964018000000003
YPEL3	9.741088000000003
UCK2	7.564851999999999
CD160	5.336846
CD163	10.997426000000003
AARS	11.952567999999996
LOC200726	0.0
CD164	12.996868
ZDHHC8P1	1.9992819999999998
TTC21A	4.3993839999999995
TSGA13	0.0
SPATA9	1.855188
SPATA8	0.12053799999999999
ACTL6A	8.630899999999999
ACTL6B	0.02798
C5orf58	1.3213559999999998
EIF5	12.859964000000002
C5orf56	5.942824000000001
C5orf55	6.510138000000001
C5orf54	5.003947999999999
C5orf53	8.336428000000002
C5orf52	0.20881999999999998
C5orf51	9.071378
SPATA4	0.20925600000000003
HIST1H4C	0.888664
HIST1H4B	0.319032
HIST1H4A	0.127654
KHSRP	10.592837999999999
HIST1H4G	0.0
HIST1H4F	0.045149999999999996
HIST1H4E	0.501578
HIST1H4D	0.30722599999999994
HIST1H4K	0.063848
HIST1H4J	5.4247119999999995
HIST1H4I	0.20073399999999997
HIST1H4H	3.4363220000000014
OR10T2	0.0
ZDHHC17	8.530682000000002
LOC728024	3.6286320000000014
HIST1H4L	0.0
ZDHHC16	9.598130000000003
CD226	4.981134000000001
LIFR	10.986495999999997
FTSJ1	8.451963999999998
ADIPOQ	0.20132199999999997
KIAA0907	8.075588000000002
SETD3	10.703484000000001
HKDC1	7.362079999999997
RAP1GAP2	5.938685999999999
C11orf59	10.462354
SLC25A6	12.214430000000004
PRKAG1	9.796806
MAP2K4	9.802717999999997
CRBN	9.611876
NET1	10.541757999999998
IRX5	1.060112
IRX4	0.08305000000000001
IRX6	0.090952
IRX1	0.0
IRX3	3.958128
IRX2	0.357982
TBC1D25	8.315544
TCAP	2.9552620000000003
PRKAG2	10.030234
TMEM185B	8.066561999999998
JRKL	6.401184
MUC2	0.434742
MUC1	4.957883999999998
TAC3	0.33190800000000004
CRB1	0.9893100000000001
MUC6	8.49115
CRB3	8.392186
CRB2	1.3187559999999998
GC	17.287940000000003
TEK	8.510964
GK	10.386747999999997
PRR25	0.027978
HIPK3	9.208210000000001
PTRH1	7.240426
CLEC2L	0.18238200000000002
CLEC2A	0.069632
SLC25A4	10.703724000000001
CLEC2B	7.588256000000002
CLEC2D	7.604692
TSSK2	0.0
PRR22	5.946376
C10orf28	7.6925
LOC441666	2.181873999999999
P4HA1	11.111820000000002
PDE5A	5.877166
CTBP1	11.487157999999997
CTBP2	7.824919999999999
RAD54L2	7.059860000000002
C10orf25	7.31773
C10orf27	0.021259999999999998
C10orf26	10.919561999999996
TSG101	10.400496
ORAI2	7.333963999999997
LOC338758	4.3724419999999995
VENTX	3.180544000000001
HACL1	10.248356
FAM158A	8.016038000000002
GTF3C3	8.125884000000001
GTF3C2	9.202175999999998
GTF3C1	10.403402000000002
SNORA70C	0.0
GTF3C6	9.390414000000002
GTF3C5	9.76381
GTF3C4	7.435171999999998
APOA4	10.032738000000002
APOA5	14.023174
IQSEC3	3.7149300000000007
CD99L2	10.829256000000003
GPRASP2	8.255188
APOA1	18.86777
APOA2	17.794756
GPRASP1	6.617660000000002
XPO1	10.873834000000002
XPO5	8.934273999999998
XPO4	8.502080000000001
XPO7	9.867947999999998
SCARNA12	1.770072
LPIN3	8.362511999999997
SCARNA11	0.028031999999999998
TTK	2.07978
WDR26	10.999562
SCARNA10	1.8553140000000006
MYPN	0.33054199999999995
LEMD1	0.169266
TMTC2	4.725549999999998
TTL	8.626098
SPRR2E	0.4316120000000001
GAR1	7.9549959999999995
FAM123C	0.067546
FAM123B	7.185385999999998
FAM123A	0.054138
MRPS18C	8.744930000000002
SOLH	9.215831999999999
DNASE1L1	8.331705999999999
DNASE1L2	1.484724
DNASE1L3	11.505954
RAD51L3	6.48407
TFB2M	9.50423
LOC80154	6.376973999999998
EPS15L1	8.293809999999999
GART	9.864516
MLLT11	5.823462000000001
HPDL	1.30464
GARS	10.684834
ZEB2	9.18511
NOC4L	8.754068
LOC157381	0.3731300000000001
ATAD5	3.734095999999999
SFT2D2	6.725134000000001
SFT2D1	7.515798000000001
ATAD1	9.839668
IBTK	11.075270000000003
TOP1	10.725076000000001
ATAD2	8.583770000000001
C22orf28	10.987981999999999
C22orf29	7.502710000000002
FRAT2	8.586514
SNORD114-15	0.0
GIT1	8.648547999999998
GIT2	9.337514
TMEM198	5.95794
TMEM199	8.759712
C22orf23	3.022786
C22orf24	0.49471399999999993
DCST2	2.50803
C22orf26	2.2441100000000005
C22orf27	6.9950220000000005
GHRH	0.01717
CD40LG	3.9558619999999998
SESN1	9.589462
SESN2	9.507383999999998
GHRL	1.7448020000000006
ZFYVE16	9.364818
KRTAP10-8	0.0
SHROOM3	10.017005999999999
SHROOM2	8.508366000000002
SHROOM1	10.257821999999999
MIOX	0.560506
MTIF3	9.763742
MTIF2	9.844636000000001
SHROOM4	5.952200000000004
MIOS	8.651748
RASGEF1C	1.138048
MRPL54	10.510468000000001
PELI1	9.012480000000002
VARS	10.741379999999998
PELI3	6.906176
GPT2	13.093948000000005
TUBB2A	11.073977999999997
SPARC	12.488679999999999
VPS29	10.351744000000002
ATE1	7.515840000000002
ESPL1	5.617845999999999
HTR7P1	6.003814000000001
TUBB2B	3.8958839999999992
AIG1	12.31103
NAPB	7.249980000000001
DBNDD2	7.052746
SCN11A	3.2353620000000003
DBNDD1	7.772263999999999
GET4	10.113214000000001
MYEOV	4.4937059999999995
TTC27	8.024181999999998
RIC8B	8.232756000000002
ENOPH1	8.903346
CALB2	0.9385079999999999
CALB1	0.85805
AKNAD1	0.07383800000000001
FLJ30679	0.470232
PRSSL1	0.7170380000000001
NFRKB	8.531268000000003
SRPK3	1.3506619999999998
SRPK2	8.645129999999998
BDKRB1	1.978544
TIAM1	7.837697999999997
BDKRB2	5.681417999999999
KRTAP10-5	0.0
RSL1D1	11.409620000000002
FAM20A	10.983381999999997
FAM20B	9.978464
FAM20C	11.535866
ADARB2	1.8103979999999995
ADARB1	8.041496
HAT1	9.080650000000002
CXXC1	9.339438
WNT2B	1.6471060000000002
YAF2	8.737616000000001
CXXC5	10.379781999999995
CXXC4	1.9911059999999998
SMEK1	10.302148000000003
KIAA0430	10.173786000000002
CTHRC1	3.0969080000000004
CARKD	10.978386
SPG11	10.331006000000004
AGGF1	9.350764
FLJ35776	6.550934000000001
SPRR2B	0.17467
TUBB	13.444177999999997
NXF1	10.066624000000001
MAGEA8	0.13844800000000002
KIAA0125	2.8479259999999993
C6orf35	8.685744
MAGEA3	0.8640680000000001
MAGEA2	0.2838
MAGEA1	0.295018
MAGEA6	0.6323019999999999
MAGEA5	0.0
MAGEA4	0.21315800000000004
NFX1	10.18534
TEX13B	0.0
RDH8	0.034172
ZBTB47	7.804127999999997
EEA1	9.206486
SLC5A3	9.171479999999999
RDH5	10.911757999999997
OPHN1	4.527348
MSL1	10.052386000000002
ZNF682	5.019182
ZCCHC10	7.735224
SLIT3	6.388121999999999
GCDH	11.962448
RRAS	8.951805999999998
ZNF683	3.1050960000000005
HOMER1	5.425358000000001
FIP1L1	8.743348000000001
HOMER3	7.0492799999999995
HOMER2	10.372979999999998
OR13F1	0.058165999999999995
SEL1L3	9.059654000000004
UCN2	0.133604
ZNF681	3.3187040000000003
SEL1L2	0.057935999999999994
WDHD1	4.015682
SNORD19B	0.0
NOLC1	10.668449999999998
MSL2	9.17239
STAG3L2	4.443292000000001
FXN	9.774377999999995
SLC40A1	13.066688000000001
SARDH	12.803513999999998
RPL29	13.206344000000003
NBN	9.776698000000003
RYK	9.216234
UCN3	0.068992
NIPAL1	6.688611999999999
NIPAL2	6.204593999999998
NIPAL3	7.486277999999998
NIPAL4	0.9015139999999999
SLC34A1	4.283874
THAP6	8.102532
THAP7	9.058034
THAP8	6.870383999999999
THAP9	6.822844
YRDC	8.726246
PCYOX1	12.408024000000001
IL1F9	0.4309039999999999
IL1F8	0.070302
NAP1L1	11.511128
MLF1IP	5.822096000000003
CHID1	11.217614
IL1F7	0.05508199999999999
EWSR1	11.719403999999997
IL1F5	0.181194
PLUNC	0.01395
EFNB2	8.229584
QTRTD1	8.018653999999998
NAP1L3	4.990913999999999
TRIM15	8.932954
TRIM14	10.298315999999998
LOC442421	0.6487139999999999
AHCTF1	9.759356000000002
TAC4	0.136362
ZDHHC19	5.453904
CCRL1	4.291612000000001
FAM58B	0.21639599999999998
FAM58A	8.078344
CCRL2	5.595935999999999
CYP4F8	0.144454
MUC17	0.163098
HDAC2	9.773278
FAM160A1	4.426316000000001
CHI3L2	2.3639840000000003
CHI3L1	11.82292
MUC16	0.5339980000000001
DFNB31	6.052648
THEMIS	4.276426
CYP4F2	12.902015999999998
ARL2BP	9.767474000000002
ODZ4	3.5249800000000007
PI4KB	9.853274000000004
ASB2	4.181644
ASB3	7.426040000000001
ASB1	8.063474
ASB6	8.750834
ASB7	8.44929
ASB4	2.863936
ASB5	0.103564
ASB8	9.637944000000001
ASB9	7.968006000000002
SAG	0.087142
ATP5SL	9.716125999999997
FKBP1AP1	2.5735380000000005
ZAR1	0.017891999999999998
C2orf58	1.8392539999999997
RGS7	0.85544
HDAC8	8.173735999999998
C2orf52	1.1156620000000002
C2orf53	0.03927
C2orf50	0.5901259999999998
C2orf51	0.0
C2orf56	8.077994
C2orf57	0.0
C2orf54	7.448945999999998
C2orf55	4.549706000000003
PLIN4	10.179647999999997
SLC16A13	9.894160000000001
DPY30	9.344282
TMEM59L	1.2883980000000002
SLC16A12	5.503184
FNBP1L	9.169858
CHM	8.369377999999996
CHP	13.259003999999997
SPINK7	0.08427200000000001
RINT1	8.413946
TBL2	9.490894
TBL3	9.91759
SPINK6	0.232106
SH3BGRL	9.946515999999999
KHNYN	9.510512
TMEM161B	7.9326539999999985
PDE8A	10.248209999999998
PDE8B	4.612952000000002
DBI	12.636713999999998
DBH	9.909458
SPINK4	0.1215
RPL6	12.713395999999996
MANBA	9.062272000000002
RGS8	0.043958000000000004
UPK3B	3.13162
TC2N	7.214789999999998
POM121L9P	2.520498
PGAM4	5.538122
FLJ33360	1.336404
SPINK2	0.341822
OR52K1	0.0
WNK1	11.330996000000003
PGAM5	8.941634
TMEM49	11.026661999999996
SPINK1	7.034984000000001
TCTN1	8.346343999999998
TMC7	3.3395020000000004
DBP	8.307601999999997
TMEM47	9.855418000000004
POLQ	2.579988
DBT	10.844930000000002
TMEM43	9.851939999999999
TMEM42	8.111024
HMHB1	0.014314
OR52K2	0.032388
FANCD2	4.657603999999998
ZBTB33	9.665840000000001
SERINC5	8.254522
SERINC4	1.3206380000000002
ZNF423	4.9028540000000005
LOC284837	2.353946
SERINC1	12.931296
DHX40P1	0.6844500000000001
ASTE1	7.258081999999999
GABRA5	1.4160660000000005
MED1	9.266621999999998
MED6	8.172718
LOC729121	0.020734
MED4	9.674236000000002
MESP1	4.044792
PINK1	12.481516000000004
SMARCB1	9.908714
MED8	9.820912
LMLN	6.801665999999998
MNX1	0.36554400000000004
SCAP	11.478255999999996
ZDHHC18	9.672167999999996
ZNF600	6.3132600000000005
MXD4	9.961936
ZNF606	6.7639580000000015
ZBTB32	1.4256620000000004
MLH1	9.205964000000002
TREX2	1.0056260000000001
MXD3	6.928061999999998
PKDREJ	2.519004
TREX1	8.105557999999997
POP1	6.256352
LOC158376	4.384781999999999
CAMTA2	9.517762
GABRA3	0.10578599999999999
CAMTA1	9.153366000000002
CCDC90A	9.030406000000001
POP7	9.467110000000002
SDF2L1	9.622284
CCDC90B	9.757767999999995
LOC144571	6.723212000000001
GCA	8.248004
AFM	13.771013999999997
TCF7	8.019519999999998
GPR119	0.07322000000000001
GCG	0.125382
BVES	3.930062000000001
OR11H12	0.0
GCK	5.503154
POP4	9.157079999999999
NPFFR2	0.300824
NPFFR1	0.08655800000000001
LRRC37B2	7.376056
ZBTB49	6.234369999999999
GPR116	8.869814
PLIN1	8.884368
EPS8L1	5.141599999999998
EPS8L2	11.461552000000001
EPS8L3	2.1335420000000003
AFP	6.529650000000003
ZCCHC16	4.699431999999999
LOC643923	0.01694
ABTB1	9.26341
ABTB2	9.187324
GPR114	3.9476660000000003
PROZ	10.573262
AZGP1	16.078840000000003
PPP5C	10.289594
MBIP	8.789152
BTD	11.013894
RBMXL1	9.337098000000003
GPR111	0.0
BTC	2.2117819999999995
NXPH3	3.1966979999999996
NXPH2	0.9999459999999999
NXPH1	0.652804
PROC	13.764877999999994
ISLR2	3.279058000000001
BTK	6.4137379999999995
KIAA0494	11.138002000000002
MDN1	9.662706
LGR5	5.611546
RPRD2	9.830910000000003
RASGRP3	7.431581999999999
AMPD3	5.728128000000001
AMPD2	10.280937999999999
AMPD1	1.8767420000000001
ZUFSP	6.437712000000001
CYLC1	0.0
CYLC2	0.0
MMP17	3.3246899999999995
ZNF91	7.563026
ELAVL1	10.33476
AREG	4.601823999999999
KIAA1143	8.765932000000001
RASGRP4	5.436072000000001
RPS6KB1	9.156985999999998
PRPF40B	7.168342
PRPF40A	10.416777999999999
RPS6KB2	10.036872000000002
ENKUR	2.6127860000000003
MCART6	2.172433999999999
CST9	0.067126
MRGPRX1	0.0
MCART2	1.9717060000000004
MCART1	6.5815719999999995
LSM14B	9.290652
SNORD70	0.0
TBPL1	7.847260000000002
PRELP	10.057916000000002
KIAA1147	9.775090000000004
LSM14A	10.975698
GPCPD1	8.939725999999997
LOC653653	4.851128000000002
DPAGT1	9.945366
SALL1	10.958948
SEPHS2	13.812373999999991
SEPHS1	10.175671999999997
TET2	7.975168000000001
RBMXL2	0.96339
UBE2D3	12.623282000000001
OR2F2	0.01694
ZNF93	3.231154000000001
RPS4X	14.060366000000004
UBE2D1	8.103311999999997
MOBKL3	9.21052
FSD1L	3.4242720000000006
ATXN2L	10.370779999999998
BUD13	7.995942000000002
ZNF627	7.431786000000001
MLL2	9.535106000000003
TMED10P1	5.304009999999998
DLST	11.727305999999997
YOD1	8.143374000000001
KIAA1370	9.7091
SYT14L	0.0313
SNORD76	0.0
ISY1	8.641539999999999
F2RL3	3.946932
F2RL2	5.0865540000000005
F2RL1	8.429482
CT47B1	0.019054
XAB2	10.151180000000004
SETBP1	8.333376
SNORA56	0.0
ST6GAL2	6.847541999999999
MLL5	9.37264
SAPS2	11.622864000000002
SAPS3	10.649425999999997
PCBD2	8.788801999999999
PRDX6	14.047574000000004
?|317712	0.0
IL1F10	0.030848
PRDX3	13.260334
PRDX2	12.396728000000003
PRDX1	13.288031999999998
SNORA11D	0.0
AP3S2	10.940324
SNORD77	0.0
AP3S1	9.982912
HBII-52-24	0.0
PITX2	0.333504
PITX3	0.027978
MED21	8.076260000000001
PITX1	0.9050960000000003
OTUB1	10.449211999999998
FERD3L	0.01631
TRIM55	8.846336
OTUB2	4.82013
TMCO1	11.564398
NPTN	10.511064
AXIN2	6.323398000000001
AXIN1	8.933642
MMRN2	9.068446
LOC146336	0.879126
CAMP	0.9618819999999999
LOC100126784	2.817408
LOC146880	6.472479999999999
CCL5	9.318544000000001
ERO1LB	9.783488
SAP130	8.424472
RDH10	10.975595999999996
TRIM54	0.8733839999999999
RDH11	11.992340000000002
APOF	13.607383999999998
LCORL	6.195401999999999
VASN	10.044968000000003
LOC648740	1.7751520000000003
XPNPEP3	8.038269999999997
SRRD	7.927598000000002
HMGB3L1	0.033764
CROCC	7.057088
TRAPPC6A	9.450831999999997
NBPF16	4.49467
NBPF15	7.198662
APOE	17.436502
MED23	8.323768000000001
NBPF10	7.9346159999999974
SR140	9.827102000000002
VASP	10.324276
GMPPB	8.456648
PAPOLA	11.587232000000002
PAPOLB	0.194764
LYPLAL1	9.385522
IGLON5	5.576570000000001
RPS6KA5	5.531696
HCG4P6	2.0924820000000004
SUMO1P3	7.924301999999998
C12orf11	8.487324000000003
KATNB1	8.032863999999998
SCGB3A1	4.250806000000002
SCGB3A2	0.073854
FAM178B	0.56342
TSEN54	8.271594000000002
DCAF7	10.375636000000004
DCAF6	11.694766
DCAF5	10.326269999999997
DCAF4	7.096456000000002
LAMP3	5.1110380000000015
DCAF8	11.753730000000001
LAMP2	13.252956000000001
CD38	5.700997999999999
C9orf30	7.699334
TSSK1B	1.06466
ZFX	8.742544000000004
PEG3AS	0.133058
C9orf37	7.073924
ZFR	10.312757999999997
IFI27	10.419189999999999
CD33	6.098604000000002
CD34	7.906187999999999
CD36	10.212375999999999
CD37	7.425501999999998
POLR3F	7.2518959999999995
JOSD1	10.199397999999999
POLR3D	7.487045999999999
POLR3E	9.091564000000002
POLR3B	8.905467999999999
POLR3C	8.282351999999998
POLR3A	8.151486000000002
APCDD1	6.832113999999999
TXNDC3	0.762934
TXNDC2	0.2684739999999999
TXNDC5	12.619703999999999
POLR3K	7.661818000000002
LHFPL4	0.8967439999999999
MTBP	3.34694
NAT14	6.214265999999998
PDZD7	0.98052
LOC442308	0.34216799999999997
PKP4	10.139778
FAM46D	0.02786
USP43	6.515412000000002
DNMT1	8.698587999999999
FAM46A	10.569107999999998
FAM46B	3.2469359999999994
FAM46C	9.251848
PSD3	10.277187999999999
PSD2	1.4578280000000001
TPST1	9.635397999999999
WDR69	0.083674
TRIM50	1.9140100000000002
CYP51A1	12.235277999999996
TUT1	10.018166000000003
CDNF	6.629203999999998
ASRGL1	6.2772820000000005
WDR61	9.576332
WDR66	5.156523999999999
WDR67	5.498456
WDR64	1.2020100000000005
WDR65	2.9271219999999993
C1orf220	2.32679
C1orf223	0.22388800000000003
HOXD8	1.4725500000000002
HOXD9	1.1300679999999996
C1orf227	0.425392
C1orf226	8.569598000000001
C1orf229	2.214286
C1orf228	4.870856000000001
SLC25A1	12.048610000000002
PRMT1	10.137054000000001
PRMT6	8.038800000000002
HOXD1	0.29001400000000005
R3HDM2	10.480228
HOXD3	0.19638399999999998
TECPR2	8.48273
RETSAT	12.643362000000002
TAAR6	0.0
TMEM176A	14.603456000000003
HMGCR	10.726846
TMEM176B	15.422778000000001
LOC728758	5.597604000000001
WDR60	6.847344000000001
MTPAP	8.811922000000003
ZNF702P	3.621314
WNK4	2.7435339999999986
ORMDL2	9.183313999999998
ORMDL3	13.148429999999998
ORMDL1	9.049328000000001
KIF5A	0.147858
KIF5B	10.765462000000003
KIF5C	3.8447560000000016
MED26	7.758792000000003
MASP1	12.721086000000003
MASP2	12.976351999999999
TRIM52	6.046236000000001
GLT1D1	10.129728
SIRT1	9.292921999999999
CD3D	5.736006000000001
CD3E	7.651216000000002
CD3G	3.500566
PMS2CL	6.145344
ACADS	12.925436000000005
FBP2	0.5329560000000001
NCRNA00169	0.479908
FOXJ1	2.6645299999999996
NCRNA00167	1.2261020000000005
OR10V1	0.0
HSPG2	11.051562
FOXJ2	8.374496
KAT2A	8.907340000000001
NCRNA00160	0.0
LARGE	8.877229999999999
CD209	7.313273999999999
SESTD1	8.425997999999998
FOXJ3	9.46782
LAIR1	7.286671999999999
FAM55B	0.040888
IFNGR2	10.081651999999998
LAIR2	0.630434
CD200	4.090692000000001
FRAS1	6.001659999999999
SEC16B	11.025891999999999
CMIP	9.709594000000003
ACADL	9.463458000000001
ACADM	12.625222
GVIN1	5.717064000000001
CD207	4.116028
IARS2	11.688240000000002
USP49	1.6975720000000003
ECSCR	5.118236000000001
OR13C5	0.030759999999999996
USP45	6.683654000000001
PLIN2	14.499275999999998
USP47	10.943286
PYCRL	8.643694000000002
TBCD	10.615032
PPARGC1A	11.336015999999999
PPARGC1B	4.031692
USP42	7.86011
KCNK16	0.27653799999999995
HCP5	8.246982
PHACTR3	3.6338820000000003
SIRT7	7.988716000000003
CANX	13.957170000000003
MADCAM1	2.3256900000000003
CX3CL1	10.309047999999997
LENG1	7.837102000000001
MAFG	7.758491999999998
KCNK15	2.636834
UMPS	9.919970000000003
SMAP1	9.147344
SNAR-A13	0.0
RAD50	9.620199999999995
CDK11A	8.626637999999998
CDK11B	9.381562000000002
OVCH2	0.08521000000000001
FLJ42289	6.809772000000001
BRD7P3	0.184394
TREML2P1	0.0
NCAPD2	7.969943999999998
SCRN3	8.203672
SCRN2	10.247031999999999
SCRN1	7.364302000000001
CDC20B	0.29939399999999994
POLA1	6.822753999999998
PPP1R11	10.546389999999999
TNP2	0.0
WNT11	7.547218000000002
ATOX1	11.219376
SNORD60	0.0
ACAD8	9.75258
ACAD9	10.287889999999999
NANOS3	0.501976
NANOS2	0.015069999999999998
UEVLD	6.720167999999998
CYP2E1	17.573884
NEU1	10.600508
TPRG1L	11.684952
LOC154822	1.7186020000000002
MMACHC	9.386112000000002
NEU2	0.0
NPBWR1	3.3289999999999993
C10orf47	9.887115999999999
C10orf46	9.935649999999999
NEU3	5.113481999999999
C10orf41	5.616005999999999
C10orf40	0.041132
USP8	9.96607
FAM199X	8.062121999999997
ULBP1	1.4959799999999999
STK32C	5.714641999999999
PPP1R16A	10.373561999999998
WSB1	9.724749999999998
RPS7	12.306042000000001
ADAMTS10	6.5094460000000005
ADAMTS13	10.161960000000002
ADAMTS12	3.9240460000000006
DHDH	1.3199839999999998
ADAMTS14	3.079236
ADAMTS17	7.122212000000001
ADAMTS16	1.8146019999999996
ADAMTS19	0.070474
ADAMTS18	0.5660320000000001
VDAC1	12.460992000000001
MEX3B	4.214797999999999
RPS9	13.821213999999998
RPS8	13.563436
TXNDC8	0.0
DEF6	6.824591999999998
DHX58	9.334256
TRABD	9.679013999999999
DHX57	7.626361999999999
DEF8	8.811454000000003
ZW10	8.517625999999998
SNRPD3	10.84174
TSPAN2	3.953142000000001
ARPP19	10.918335999999996
PPBP	3.3063700000000007
SLC6A18	0.037664
TMEM204	7.934342000000002
TMEM205	12.474847999999998
TMEM206	5.3685659999999995
TMEM207	0.03564
SLC6A13	8.179352
SLC6A12	11.468836000000001
RFX6	0.36258599999999996
VPRBP	9.347153999999996
SLC6A17	0.667124
SLC6A16	7.17916
LOC389458	1.6946479999999995
SLC6A14	0.237224
GALT	11.293408000000005
HMGCS1	12.088644000000002
HMGCS2	16.108682
USP3	8.324387999999999
GALP	2.0102500000000005
PHF5A	8.576227999999997
KIAA1328	5.422750000000002
DDIT4L	2.663782
SORD	13.616296
GALE	10.808886000000003
NLRX1	8.967262
IGSF22	2.179366
IGSF21	4.020594
GALC	8.849380000000002
GALM	11.373312
CYP4F22	8.097166
NUP50	10.231735999999998
NCRNA00119	0.9474559999999999
C14orf93	6.799745999999999
TTTY3B	0.0
ZSCAN20	3.625806
LOC729668	0.014628
ZSCAN21	7.793211999999999
TAPBP	12.786743999999999
ADRB1	4.630388000000002
ADRB2	8.364260000000002
ADRB3	0.11998000000000002
SCARNA17	4.080300000000001
SCARNA16	0.4592960000000001
SCARNA15	0.014702
SCARNA14	0.01395
KIAA0556	7.255935999999998
SCARNA18	0.03636
CSNK2B	11.473249999999998
MCM3AP	10.287042
RASGRP1	5.030331999999999
FCGR3A	10.745882000000002
FCGR3B	5.7719520000000015
RARG	6.861752
LOC100270746	4.835520000000001
LOC654433	5.755642
NCRNA00081	8.313402
OR2AK2	0.0
LOC220930	5.141012000000001
ALDH1A1	14.934215999999997
ALDH1A2	5.728282000000002
ALDH1A3	7.370088000000003
PRICKLE1	6.323801999999997
PRICKLE2	7.6912
PRICKLE3	6.399407999999998
PRICKLE4	5.113026000000001
RPL28	13.288552000000003
DEFB4A	0.0218
CCNJL	4.010395999999999
NANS	9.738968000000002
RPL24	13.054345999999999
RPL27	12.592799999999997
RPL26	13.145020000000002
RPL21	1.8122959999999997
SLC35B3	9.291369999999999
RPL23	12.939892
RPL22	12.456576
ATG3	9.588244000000005
GLT25D1	10.467665999999998
LOC285593	2.2470160000000003
SLC16A11	7.635816000000003
ATG7	9.01848
HNRNPAB	11.195159999999998
ATG5	9.631029999999999
LOC100132247	5.440322000000001
EYA4	1.9549179999999995
SPINK5	1.1108380000000002
SOX5	7.131572
EYA1	0.21305200000000002
MRPS5	10.629185999999999
EYA3	5.151687999999999
EYA2	5.177267999999999
MPND	10.168908000000002
LOC400759	3.389492
HPX	17.628136
CALHM1	0.16339599999999999
USE1	8.964733999999998
CALHM3	0.143224
CALHM2	6.938669999999999
HPR	14.230995999999998
LOC727924	0.014379999999999999
LOC152024	0.084038
LOC400027	6.585999999999999
MRPS2	10.809278000000004
KRTAP13-4	0.0
KIAA0495	7.890586
HPN	14.201718000000003
KRTAP13-2	0.0
KRTAP13-3	0.0
CD24	9.726458000000001
HPD	15.700619999999999
WFDC11	0.0
LOC644145	0.030145999999999996
WFDC13	0.070572
WFDC12	0.138304
GABARAPL3	2.053688
ZNF358	10.752556
SNORA11C	0.0
SNORA11B	0.017294
OAZ2	11.21769
OAZ3	3.438029999999998
OAZ1	13.132752
TMED9	12.224681999999998
OR4Q3	0.050688
LOC285045	0.0
FAM26F	7.044640000000002
FAM26D	0.125316
FAM26E	5.061902
ZNF429	6.649187999999999
RSPH6A	0.06505
HAVCR1	0.30965200000000004
HAVCR2	7.670808000000002
FXYD6	9.66489
FXYD7	1.6045260000000001
FXYD4	0.0
FXYD5	9.209150000000001
FXYD2	8.075819999999998
FXYD3	2.8409939999999994
MT1IP	0.278948
FXYD1	12.026898
PPTC7	8.50649
KIAA0146	8.628229999999999
MAFK	10.154388
DMGDH	12.733535999999999
CREBL2	11.215147999999994
MAFA	0.059192
C6orf10	0.044674
PLIN5	10.504969999999998
IGFN1	1.2462840000000002
PLIN3	9.852226000000002
MAFF	10.235944
C6orf15	0.081882
RPS21	12.066162000000002
FASTK	10.526301999999998
MGC3771	3.0779280000000013
TGFBRAP1	6.667798000000001
KDM4B	9.792026
PALM2-AKAP2	10.771088000000002
RBPJ	8.214258000000003
KDM4A	9.731730000000002
ZNF79	6.226838
SNRNP35	9.028203999999999
MED13	10.672676000000001
DISC2	0.19768600000000003
NCRNA00110	0.289136
MED14	9.688067999999998
OR51A7	0.0
WT1	1.9933739999999998
RNF24	4.760403999999999
MED15	9.878898000000001
ZIC5	0.203856
MED16	10.544016000000001
HCG27	3.0333840000000007
CYP2A13	5.4141259999999996
CCR10	2.762272
KDM4D	3.5353420000000004
WDR55	8.966834
RBP1	10.708528000000001
PRINS	0.08858
RBP3	0.046528
RBP4	18.060944000000003
RBP5	12.188882000000003
RBP7	6.126311999999998
TUBA8	6.225242000000001
WDR53	6.7626100000000005
OR51A2	0.0
OR51A4	0.0
MGC87042	3.88548
KRAS	9.527626000000001
ADAM6	13.697522000000003
ADAM7	0.0
LPHN3	3.3460180000000004
ADAM2	0.0
ACYP1	4.185916000000001
ACYP2	8.448981999999999
EEF1G	13.555199999999997
ARPC1A	10.954592000000002
ACSL1	15.498040000000005
ACSL6	5.315346000000001
ADAM8	6.862586000000001
ACSL5	12.424141999999996
EGFL7	9.6874
EGFL6	0.31974
NKX1-2	0.016058
CHTF8	11.181000000000001
TTC9	7.010699999999999
ARPC1B	10.906073999999998
SMPX	0.8526200000000002
C20orf160	5.6709439999999995
C20orf166	0.015069999999999998
EEF1D	13.100833999999999
C20orf165	2.6369540000000002
IL20RA	4.460001999999999
HTR5A	0.01891
TRIM39	8.121974
IL20RB	5.3115179999999995
RPL8	14.197152000000003
INTS2	7.226114
HR	4.317710000000002
OLFML1	8.065604
HP	20.524142
OLFML3	9.566071999999998
KCNQ1OT1	4.5352760000000005
KLRC3	1.6852099999999999
G6PC3	8.635246
G6PC2	0.457432
NEBL	6.964354000000002
FEN1	8.042116000000002
ACSL4	9.606682000000001
C21orf29	2.2123500000000003
KREMEN2	0.7947779999999999
KREMEN1	7.487448000000003
ADAM9	8.924474000000002
LUC7L	8.25336
NEK11	4.348806
INTS6	9.722736000000001
NR1I3	11.478230000000002
CYGB	9.172949999999997
INTS5	9.573955999999999
FAT2	1.341524
WISP2	5.672507999999998
GPRC5A	4.260337999999999
MLST8	9.588796
WISP1	4.856756000000001
MNT	8.157421999999999
VRK2	7.721477999999999
SPO11	0.0
SULF1	7.161921999999999
ERMAP	8.863006000000002
IL22RA2	0.298936
IL22RA1	8.156850000000002
SPSB4	3.943586000000002
FLYWCH2	7.617129999999999
TPP2	10.014281999999998
FLYWCH1	8.486132
INTS8	8.25048
RCN3	8.108210000000003
MGC72080	7.174091999999999
RCN1	11.410569999999998
TXNDC6	1.3017600000000003
MN1	5.244262000000003
OR52A1	0.0
PSG9	0.184084
DNAJC30	9.284322
RHOV	2.656920000000001
OR52A5	0.0
OR52A4	0.0
ANKRD27	7.790648
ANKRD26	6.199019999999999
UBFD1	9.940448000000002
ANKRD24	7.38725
ANKRD23	4.068713999999999
ANKRD22	4.451124000000001
GOLGA6A	2.9973880000000004
ACO1	12.689053999999999
RHOB	15.059469999999997
PTGES	4.099165999999999
ACO2	11.852597999999999
RHOG	9.782294
CYTIP	7.365394000000004
ANKRD29	5.130206000000002
ANKRD28	10.085038
INHA	1.231956
TMEM66	13.195710000000002
TMEM65	7.417434000000001
TMEM64	9.709485999999997
TMEM62	8.808345999999998
TMEM61	1.620038
TMEM60	8.356760000000001
OC90	0.0
PATE1	0.0
TMEM69	8.570646000000002
TMEM68	7.982727999999998
ITM2C	10.356918000000002
ITM2B	13.823867999999997
ITM2A	6.813842000000001
TNFRSF9	1.7868880000000003
EGFL8	5.580616
TNFRSF11A	4.179452
IQCF6	0.0
?|8225	9.636594
CIR1	9.308155999999997
IQCF2	0.0
FJX1	6.2241
IQCF1	0.04829
UGT8	0.6950620000000001
LOC284232	2.2795240000000003
TRY6	0.019066
PYROXD2	7.835606
TRIM38	8.778186000000003
PYROXD1	8.768284
TREML2	2.346610000000001
RPS14	13.568714000000002
SMC6	8.967778000000001
OGFOD1	9.429455999999998
ZNF629	8.613042000000002
OGFOD2	8.841966
ZNF624	4.8335940000000015
WFDC3	1.8004840000000004
RUFY4	1.5361379999999998
RPL9	9.398723999999998
ZNF620	4.8694939999999995
ONECUT3	0.0
ZNF622	9.609518000000001
ZNF623	7.217888
EID2	7.987438000000002
NEURL2	5.683226000000001
NEURL3	5.282206000000001
NEURL4	8.14375
UGT2B11	7.308884000000001
RPL7	9.906234000000003
S100A9	8.445901999999997
SNORD105B	0.0
RPL4	14.266447999999999
APAF1	8.027831999999997
S100A8	7.574805999999999
RPL5	13.610638000000002
OR2A7	6.606372
FSCB	0.04850199999999999
GML	0.031498
TMEM120B	7.031752000000001
PDZK1P1	5.308775999999999
MANBAL	9.393032
LOC283999	0.35189400000000004
MLXIP	8.965050000000002
ADC	4.714306000000001
ADA	6.501979999999999
ADO	8.613676
ADM	9.67913
ZNF77	5.202071999999999
ADK	10.696584
PROX2	0.3176019999999999
ZNF488	1.1771979999999997
FHDC1	3.0892079999999997
PPIL1	8.828489999999997
ATCAY	0.023239999999999997
RASGRF2	3.8149139999999995
USHBP1	5.513021999999999
ZNF480	7.496683999999999
MEIG1	1.1817020000000003
ZNF483	2.362932
ZNF484	5.483120000000001
TMC5	3.551744
IGFALS	12.164182
ZNF487	4.242578
ZIC3	0.033722
PRM1	0.0
PRM3	0.0
PRM2	0.0
OR6B1	0.024131999999999997
DECR2	11.603341999999998
BRE	8.865549999999999
S100A2	1.6707339999999997
CD200R1L	0.062242
ACVR1	9.592508
SH2D4A	9.610432000000003
SLC25A2	0.4914240000000001
KALRN	9.91836
TTTY17B	0.0
JUNB	12.681504000000002
SNORA77	0.017294
JUND	12.803614
TFF2	3.4287240000000003
TFF3	6.153589999999998
HIST1H2AM	1.1311959999999996
HIST1H2AL	0.146118
OR7E156P	0.0
WDR63	0.552968
HIST1H2AH	0.11094000000000001
HIST1H2AK	0.661934
HIST1H2AJ	0.08129
HIST1H2AE	4.511248
HIST1H2AD	0.381556
HIST1H2AG	1.5658020000000006
HIST1H2AA	0.032808000000000004
THAP10	5.253372000000001
HIST1H2AC	10.466558
HIST1H2AB	0.15482200000000002
THAP11	8.911384000000004
WBSCR17	3.4421839999999997
PRPF19	11.346613999999999
MPL	3.936284000000001
SNORA76	0.134386
TCFL5	7.5421819999999995
HIGD1A	12.354212
HIGD1C	0.03417
HIGD1B	1.3103419999999997
SNORD6	0.0
SNORD7	0.0
OR4N3P	0.0
SNORD5	0.0
SNORD2	0.0
PTPN1	9.604339999999999
GOLGB1	11.237424
FAM179A	2.508202
FAM179B	7.9952239999999986
SNORD9	0.0
TMPRSS9	5.534929999999999
TRAF2	8.210856
CPXCR1	0.012766
TRAF4	10.579495999999997
TRAF5	5.803932
KLB	10.441600000000001
TRAF7	10.606472000000004
HOOK2	8.432693999999998
HOOK3	9.257871999999999
TMPRSS2	10.918653999999997
HOOK1	10.535454
TMPRSS4	2.2107879999999995
TMPRSS5	1.7066200000000002
SUZ12P	5.110849999999999
TMPRSS7	0.093908
ESD	11.628022000000001
TSC2	10.09683
KCNE1L	1.4720200000000003
OR4F6	0.0
SEBOX	1.90815
OSTBETA	3.44103
ABCC12	0.17784
ABCC13	0.5355599999999999
ABCC10	6.9413519999999975
ABCC11	6.707696000000001
KIAA0226	7.875712
KILLIN	4.7757200000000015
OR4F4	0.03619
LOC348021	0.0
TEDDM1	0.098118
SNAR-G1	0.0
TGIF2	8.774148
RSU1	9.837980000000002
DSPP	0.0
SNORD33	0.0
EMG1	9.000494
DKC1	9.466050000000001
HEATR7B2	1.6069379999999998
TBC1D10C	6.433556000000001
SLC4A1AP	8.905628
FLJ37307	1.942528
MUSK	1.2272919999999998
MOV10	10.656617999999998
TRIM16L	6.822578000000004
ABP1	5.9413019999999985
MOCS3	7.765414
LASP1	12.262838000000002
MOCS1	10.811476
TM7SF4	1.6234
PMAIP1	4.346864
SRP54	10.464746
SLC33A1	9.40628
ZNF585A	5.81128
COMMD8	7.6307180000000026
COMMD9	9.644570000000002
KANK1	11.683936
COMMD2	8.638184
COMMD3	9.488725999999996
COMMD1	8.534451999999998
COMMD6	10.340411999999999
COMMD7	9.883345999999998
COMMD4	10.288066
COMMD5	8.865902000000002
TSC1	8.082942
VTRNA1-2	0.0
ZNF585B	4.8523439999999995
METTL12	4.629982
METTL13	9.427316000000001
METTL10	8.103652000000002
METTL14	8.433258
ZNF862	7.070259999999998
ZMYM2	9.268901999999999
NPR1	8.30644
NPR2	8.630730000000002
NPR3	5.419470000000001
ATXN7L2	5.292477999999999
ZMYM4	9.362726000000002
TPM3	12.050969999999996
CAMK2D	10.222326000000002
WIPF2	8.972098
CYP2B7P1	10.907130000000004
CAMK2G	8.49284
ZNF177	4.231698
CAMK2A	2.2750559999999997
CAMK2B	7.985942
PAN2	9.876865999999996
RIOK1	8.035049999999998
TMEM215	0.301648
UTP14A	8.12406
LOC100288778	7.967458000000002
APBA1	9.159622000000002
DEPDC1B	3.484661999999999
TMEM184C	9.073086
SMAD5OS	4.006462000000001
SHFM1	11.266473999999999
JAK2	7.417829999999999
LPAR4	0.20910399999999998
C20orf201	0.016058
RNASE13	1.2958539999999998
RNASE12	0.0
APBA2	4.643762000000001
S100PBP	7.487165999999998
C6orf150	3.68757
ZSCAN18	8.863286
RPL19	14.115325999999996
C6orf153	9.06953
C6orf154	3.0480300000000007
C6orf155	2.2137340000000005
SLC30A9	10.019264000000003
TROAP	2.956162000000001
OR5A2	0.0
SEC16A	11.689917999999999
OR5A1	0.0
ENOX1	1.9964620000000004
CD1D	8.898567999999997
CD1E	3.6532499999999994
ANO8	7.306984000000003
ANO9	4.082058
CD1A	1.101942
ANO4	0.6522979999999999
ANO5	7.234639999999998
ANO6	11.674880000000003
ANO7	5.09035
C9orf57	0.407156
ANO1	11.79061
ANO2	1.3840620000000008
ANO3	4.846920000000001
POLR1A	8.168080000000002
POLR1B	9.239574
POLR1C	8.500622000000002
POLR1D	10.329010000000006
POLR1E	9.51209
LOC100134229	7.141693999999998
COL3A1	12.316688
PEX26	8.815220000000004
MC4R	0.124212
HIP1R	10.047873999999998
TCP11L1	6.897651999999999
WDR41	8.477812000000002
DUS1L	11.291401999999998
ATP2C1	10.268441999999995
WDR44	8.744608
WDR45	10.466321999999998
WDR46	9.642114
HCG22	0.21191000000000002
WDR48	9.472435999999998
USP54	6.384018
UBE2N	10.207708
TTC21B	7.992046000000001
GTF2B	9.417392
SNAR-G2	0.0
GRM8	5.466380000000002
JAK3	7.020172000000001
JAK1	11.975237999999997
GRM4	0.169722
GRM5	0.411936
GRM6	1.2100100000000003
GRM7	1.1749360000000002
GRM1	0.5892120000000001
GRM2	1.2781740000000001
GRM3	1.1010739999999997
SLC25A26	9.27877
HOXB8	0.140734
HOXB9	0.24502
ZNF507	8.706615999999999
LOC729020	4.443276
HOXB2	5.415623999999999
HOXB3	5.4418099999999985
HOXB1	0.0
HOXB6	4.485746000000001
CHUK	9.232133999999999
HOXB4	4.842855999999999
HOXB5	4.074502000000001
PPARG	8.412752
PPARD	9.262134000000001
WDR54	5.341296
RHOU	11.136499999999998
PPARA	11.541961999999998
TREML1	1.0999260000000002
CSGALNACT2	8.693465999999999
SPAM1	0.0
CSGALNACT1	6.880912
C5orf13	9.321532000000001
POLR2E	12.162147999999995
C1QTNF9B	1.271272
RHOJ	5.818732000000001
TNFSF12	8.941812
PTF1A	0.044862
SPDEF	1.8610319999999998
MAGOHB	7.757517999999999
OR4E2	0.017891999999999998
ST7OT3	1.2890040000000003
ST7OT2	0.0964
MPP3	2.934305999999999
CD14	14.637846000000001
GOLGA6D	0.48892
EML3	9.641441999999998
CTAG2	0.154954
GOLGA6C	1.1779819999999999
EFCAB4A	5.953631999999999
MPP1	9.936791999999999
CD19	2.2985839999999995
NCRNA00181	8.812870000000002
MORC2	9.255442000000002
NCRNA00183	7.719994000000002
NCRNA00182	3.8422940000000008
NCRNA00185	2.509852
PLXND1	10.185906
ASH2L	9.633616
NCRNA00189	1.4938339999999997
NCRNA00188	11.882406000000001
PCDHGB8P	0.5125280000000001
PRKDC	10.528348
MKRN1	10.666924000000002
RHOC	11.742390000000002
DYRK3	6.385891999999999
DYRK2	7.722974000000001
FTHL17	0.0
DYRK4	7.8611840000000015
GGTA1	7.37472
LHFPL5	0.065152
RECQL5	8.545819999999999
GADD45G	11.84166
RGMB	8.381272000000001
LHFPL1	0.5241739999999999
LHFPL2	7.841752000000001
LHFPL3	0.6792559999999999
UTF1	0.174562
ENPEP	11.142075999999998
TLL2	1.0513739999999998
WFDC2	5.555137999999999
PRKAB2	10.275545999999999
FAM74A4	0.069102
NR2F6	11.073265999999998
FAM74A1	0.27181
INHBB	10.381024
FAM74A3	0.3102
NR2F2	10.074293999999998
FLNC	5.2868020000000016
INHBC	11.252897999999998
PBK	2.977294000000001
DDB2	9.567561999999999
ELL2	12.164496
BHLHB9	6.2014999999999985
KIF21A	9.559935999999999
RIMS1	0.33414199999999994
RIMS2	0.47027599999999997
INHBE	11.246452
LOC144438	8.657919999999997
OR4F17	0.0
GRID1	4.4469080000000005
GRID2	0.050304
RPIA	7.443486000000002
MCAM	8.899484
MCAT	9.014882
ST7L	7.3633120000000005
HCRT	0.01603
TRPS1	6.149172
CYP2C9	15.235881999999998
CYP2C8	15.551435999999999
TAGLN3	0.056591999999999996
APOBEC3H	2.2475899999999998
APOBEC3D	5.214768
APOBEC3G	6.9710220000000005
APOBEC3F	7.467637999999997
APOBEC3A	4.079786
APOBEC3C	6.369860000000001
APOBEC3B	4.595888
TIGD1	4.7346140000000005
C10orf67	0.9221240000000003
OR10P1	0.0
RBMS2	7.867839999999998
HSPE1	11.937358000000001
C10orf62	1.2830519999999999
SNORD54	0.0
KRTAP5-7	0.428934
PPP1R15B	11.503490000000001
DKFZp686A1627	0.0
PRKD2	9.370972
PRKD3	8.890833999999998
TTTY14	1.6968420000000004
TTTY15	3.2353900000000007
TTTY16	0.0
CTTN	11.220586
TTTY10	0.33213000000000004
SNX11	8.653192
SET	11.810237999999996
SEMA3B	6.675356000000001
DHFR	9.163048000000002
ZNF800	8.630220000000001
TTTY18	0.0
NARG2	9.123831999999998
VPREB3	3.603876000000001
RFC5	7.811347999999999
FAM109B	5.974328000000001
FAM109A	8.908192
BSND	0.084088
USP50	0.154052
MSR1	8.631247999999998
NAA20	10.217746
GIPR	1.277088
EIF2S1	10.372765999999999
EIF2S3	11.742972
EIF2S2	10.599430000000002
PRODH	8.355791999999997
LPIN2	13.173333999999997
LOC286002	0.5457400000000001
LPIN1	9.835301999999999
GYG1	8.576774000000002
PTPN20A	0.0
RS1	0.6415820000000001
KLF7	5.150346
KLF6	12.697016000000001
CERKL	5.542024000000001
KLF4	9.109342
KLF3	11.166680000000003
KLF2	8.470848
KLF1	1.0104879999999996
TMEM222	10.057184000000001
TMEM223	8.828706000000002
TMEM220	11.343885999999998
GYG2	9.845217999999997
EFR3A	11.004496000000001
TMEM174	0.023239999999999997
KLF9	12.369912
EFR3B	3.46664
HEATR6	7.062503999999999
MT3	0.54258
HEATR4	2.8725560000000003
SNTG2	0.122348
HEATR2	8.782479999999998
HEATR3	8.047161999999997
TTC23L	1.25071
HEATR1	8.622808
FAM189B	7.936927999999999
REST	6.9151240000000005
ASCC3	9.718992000000002
TPH2	0.445548
BATF3	4.581433999999999
KLHDC7B	4.3468719999999985
CCNA2	4.47039
KLHDC7A	8.099164000000004
DEDD	9.415358000000001
POU1F1	0.167242
PHF21A	8.149890000000001
KLRK1	6.240297999999999
MUSTN1	5.763955999999999
VPS25	10.140146000000001
NUP35	7.994213999999999
NUP37	7.211314
LOC440173	0.591988
ATP13A1	10.169004000000001
MAP3K12	5.276518000000001
MAP3K13	6.532808
ADNP2	8.320208000000001
DDA1	9.211442
TTTY1B	0.0
LOC349196	0.8213939999999998
SLC1A4	9.023095999999999
CYP11B2	0.18620800000000004
CYP11B1	0.01603
SLC1A7	5.555416000000001
ZNF549	5.43594
FUCA1	11.624117999999996
DLEU2L	0.8965080000000001
SLC1A3	5.901643999999999
YEATS4	7.826136000000002
LRRC10B	2.0852319999999995
ATP13A2	7.810472
RSPH4A	2.2773760000000003
VCL	10.210356
NCAPG	3.787972
FAM60A	8.078092000000003
DHTKD1	12.974581999999996
OSBPL1A	9.257446000000002
IQCF5	0.0
DCTPP1	8.827907999999999
FCGR1B	5.21331
FCGR1A	4.784768
IKBKE	5.731984000000001
UNC93B1	9.082702000000001
RG9MTD2	7.591412
SNHG3	3.702108000000001
MICB	5.343266
ENTHD1	0.16156800000000002
IQCF3	0.0
GNL3	10.207540000000002
GNL2	9.890084
GNL1	10.021830000000001
RARB	6.793766000000001
FAM163B	4.2164100000000015
FAM163A	2.719398
DHRS9	5.356698
DHRS7	11.201834000000002
DHRS4	11.832062
DHRS2	8.076884
DHRS3	13.226274
DHRS1	11.694852000000003
RARS	10.017093999999998
MIPEP	8.732779999999996
RABIF	7.891858000000001
DYRK1A	10.138462
RPS28	7.6984
DYRK1B	7.8963019999999995
PHF21B	0.19712800000000003
MAS1L	0.197074
CCNL1	10.422530000000004
JAKMIP2	5.233314000000002
JAKMIP1	2.343908
CCNL2	10.226530000000004
LOC727677	0.0
DHRSX	9.919414000000003
GHRLOS	2.263828
TPO	0.22864800000000002
SLIT2	4.660928
GNLY	6.120809999999998
PCYT2	11.866171999999999
NOMO2	9.522219999999999
NOMO3	9.981521999999998
SLC11A2	10.136817999999996
NOMO1	11.344342
BAZ1A	8.932297999999998
IMPA1	9.363641999999999
IMPA2	10.047362
BAZ1B	10.429385999999997
CCRN4L	8.495598
IL15RA	8.916704
HRK	0.0
M6PR	10.969256000000003
SNAI2	7.194542
SNAI3	4.612966000000002
HRG	17.051028
SNAI1	6.721277999999999
HRC	5.177843999999998
OSBPL10	6.3038099999999995
OR4F29	0.298414
LELP1	0.0
SEPT14	0.0
SLC2A9	9.206056000000002
SLC2A8	9.793701999999998
PTGES3	12.291941999999999
PTGES2	9.763496000000002
SLC2A5	2.7014219999999995
RSPO4	1.194262
SLC2A3	8.974029999999997
FA2H	3.282422000000001
SLC2A1	6.868015999999998
ECHS1	14.918286
SLC25A5	12.882496000000003
DIXDC1	8.568504
PLAGL2	7.677504
HKR1	8.085338
PLAGL1	5.9831959999999995
FAM24A	0.0
FAM24B	2.0185560000000002
FAM197Y2	0.0
TBC1D3B	6.403300000000001
SLC1A5	8.524424000000003
SYF2	9.843283999999999
USP24	10.127303999999999
C1orf112	6.379278000000004
TBC1D3H	2.6654020000000003
LOC100270710	5.863396000000002
C1orf111	1.1994120000000001
SOX2OT	1.5128600000000005
TEAD4	5.882206000000002
MCM8	5.718456
IGFL3	0.01694
CCAR1	9.245351999999997
IGFL1	0.10337800000000001
MTDH	11.969566
AMELX	0.019054
C1orf116	5.824806000000002
SLC1A6	0.072914
MADD	9.682013999999999
C1orf115	12.405036
EXO1	2.436518
ZBTB8A	6.775087999999999
ZBTB8B	0.07090799999999998
SHKBP1	9.31471
CEACAM1	11.270936
ATRIP	7.007555999999999
CEACAM3	2.31394
CEACAM5	1.3677539999999997
CEACAM4	2.865358
CEACAM7	0.8518640000000001
CEACAM6	3.806000000000001
CEACAM8	0.517004
SLC46A2	1.6960380000000002
SLC46A3	11.559104
SEPT11	10.581620000000001
OR51G2	0.012766
PARP2	8.089692
TMEM154	6.755632
OR51G1	0.0
RAPGEF4	9.510172
ENG	11.775246
LAT2	7.366265999999999
ZNF274	9.307018000000003
GTF2IRD1	7.052891999999998
GTF2IRD2	8.410178
KIAA0415	8.684954
CHAC2	5.993414000000001
SNORD114-8	0.0
PCDHGC4	0.47077199999999997
AGMAT	11.353679999999999
F12	14.636134000000002
THADA	9.0534
F10	12.689838
F11	12.221071999999998
EXOG	5.931432
SNORD1C	3.284222000000001
EPAS1	13.106439999999994
HDGFL1	0.0
SNORA3	0.054908
IQUB	1.492462
SLC27A1	8.801238
IL34	5.80457
C20orf141	0.06903599999999999
LOC219347	4.968153999999999
C20orf144	0.057724000000000004
FZD9	2.4237319999999998
SNCA	3.9826739999999994
CDKAL1	7.705161999999998
SERPINA12	2.842971999999999
SERPINA13	0.245052
RAPGEF6	6.769932
SERPINA11	13.957233999999994
TRNAU1AP	7.483479999999999
TMEM126A	8.530241999999998
TMEM126B	8.942809999999996
SNORA71B	0.028031999999999998
MOCOS	9.759954
TMEM67	4.653966
TNR	3.1103359999999993
CYP4B1	0.9136520000000001
ZNF621	7.983262000000002
FAM81A	2.061444
RCOR2	1.6760799999999998
C21orf45	6.630777999999999
FAM81B	0.20746599999999998
TIGD5	6.410857999999999
ADHFE1	10.469385999999997
TIGD7	6.306092000000001
TIGD6	6.743096
SEPT12	0.09792399999999998
FLT4	8.456715999999998
PPDPF	10.81539
FLT3	3.9663799999999996
C21orf49	2.9009099999999997
FLT1	9.32778
PODN	8.892024000000003
SCGB1D4	0.0
GSG1L	0.39887399999999995
LOC728276	0.018302
UGT2B15	13.693791999999997
PIP5K1B	2.94897
TIPIN	5.51335
H1FX	10.933418
VKORC1	12.689332
OXSM	8.870228000000001
ZNF214	4.405116000000001
SDR9C7	0.136262
PRKRA	8.984636
TSHB	0.014379999999999999
PVALB	5.030856000000001
UGT2B10	13.99882000000001
S1PR5	4.974435999999999
SLC24A2	0.0
SNORD55	0.0
SOX21	0.18072400000000002
H1F0	12.435158000000001
COL25A1	4.613704000000001
ZNF19	5.137133999999999
FIGNL2	4.863286000000001
LOC81691	5.217484000000001
MRPS18B	11.228938000000001
CLC	0.725042
ELMOD1	1.9004379999999998
PLOD3	10.707111999999997
ELMOD3	7.932775999999999
ELMOD2	7.5140980000000015
RASSF8	7.737484000000002
CLU	17.648878
SLC24A3	4.676277999999999
PDC	0.117378
SNORD56	0.0
VEGFC	6.592607999999999
NTM	2.4186180000000004
SKIV2L2	9.947733999999999
KNG1	16.313218
NRARP	6.48809
VCX	0.055184
LOC407835	5.603127999999999
COBL	10.483143999999998
TAF9B	8.645772000000001
SNORD57	0.0
ZNFX1	10.057645999999998
NOP14	10.380362
AMOTL1	9.427262000000002
AMOTL2	10.367989999999999
LCN1	0.0
LCN2	7.069122
BPI	2.1062360000000004
SF3B4	9.964756000000001
PNPT1	8.897881999999997
VPS52	10.295217999999998
LCN9	0.0
LCN8	0.06382
SF3B3	11.057796000000003
SF3B2	11.824458
CYP17A1	5.5496779999999974
ALOX15	1.1886080000000003
RRP12	8.873262
ALOX12	1.6207380000000007
SLC24A1	7.527356
TSHR	1.918764
RAPGEF3	6.254554000000001
PRKY	3.189955999999999
MAGEF1	9.389734
OR14I1	0.0
SEMA6C	7.131384000000001
TNFSF8	4.132054
SEMA6A	8.572628000000002
CNIH3	3.5189140000000005
CNIH2	1.7834400000000001
NSMCE4A	9.241894000000004
CNIH4	8.859488
ELAC2	10.706900000000001
DDHD1	7.297232
ADCK4	9.357717999999998
ADCK5	7.495686000000001
ADCK2	9.045565999999999
ZBTB11	8.593713999999999
ADCK1	7.0645180000000005
DNAJC16	9.86066
DNAJC17	8.500696
DNAJC14	9.676851999999998
DNAJC15	9.924436
DNAJC12	9.948050000000002
DNAJC13	9.464127999999999
DNAJC10	9.559337999999999
DNAJC11	10.215326
TRPC3	1.4088000000000005
EPRS	10.574906
CTXN3	0.10254000000000002
FEM1B	10.423820000000001
ASF1A	8.461371999999999
DNAJC18	4.620446
DNAJC19	9.848546
EDF1	12.747043999999999
ZNF689	6.968938000000001
TMEM85	10.601258
SUPT16H	10.394262
NUDT16P1	8.045402000000003
MLN	0.0
MLL	9.477899999999998
MS4A6A	10.597544000000001
NAT8B	3.658368
LMAN1	12.996388
MGC16384	1.5895139999999999
LMAN2	12.712620000000001
EPR1	4.1272139999999995
MLX	10.861645999999997
OR1M1	0.0
NAT8L	1.10271
SCML4	5.963542
LOC642846	5.858494000000002
OR8B2	0.033448000000000006
NRM	6.96537
CXorf48	0.144334
FAM195B	10.365498000000002
PFKFB3	10.096248000000001
FAM195A	10.63491
CXorf42	3.8072259999999996
CXorf41	0.037232
SLITRK1	0.32497399999999993
ITPA	9.342932
CTRB1	0.014314
UGT1A4	13.477310000000003
SH3BGR	6.341608
YWHAQ	11.650970000000003
OR10A5	0.0
PPM1L	5.594948000000001
ZNF17	6.2254999999999985
OR4X1	0.0
OR4X2	0.015134000000000002
SCIN	2.044032
TCF7L1	8.787567999999998
ADD3	9.630511999999998
ACTG1	15.333784000000003
ACTG2	4.649449999999999
SNORA21	0.148284
PPP4R4	6.890560000000001
PPP4R1	9.671192000000001
PPP4R2	8.782658000000001
SLC11A1	6.048158000000001
TTTY21	0.0
PKD2L2	0.096496
PKD2L1	3.0595939999999997
TBRG1	9.622926
OR10A4	0.031394000000000005
CWC27	7.72096
CWC25	8.417904
CWC22	8.955889999999998
OR8B8	0.0
TMED10	12.959274000000004
LTBR	11.799512
MAP3K8	7.233227999999997
MAP3K9	4.74509
SNORA26	0.0
ZPBP2	0.134552
MAP3K2	8.858409999999997
MAP3K3	9.018008000000002
PRPF31	10.229122
MAP3K1	8.690684
DEAF1	8.179832
MAP3K7	8.607548000000001
IER3IP1	10.052106000000002
MAP3K5	9.168681999999997
SNORA28	0.0
RBMY1A1	0.0
MARVELD1	7.131905999999998
FMOD	8.740979999999999
MARVELD2	9.178
NUP214	10.082197999999998
CCBP2	8.334226000000001
H2BFXP	0.290608
VPS54	9.033211999999999
FMO2	6.587441999999999
FMO3	14.264647999999992
FMO1	3.834254000000001
ZNF202	6.899902
CASZ1	6.9576699999999985
FMO4	9.985328
FMO5	13.113148
IDH2	13.207421999999998
IDH1	13.515198
EVX1	0.0
ZNF208	2.7174039999999997
EVX2	0.017118
SETD8	8.875834
SH2D2A	5.519064000000001
OR10A6	0.0
OTUD6A	0.023239999999999997
FNDC3A	11.569304000000002
TLL1	3.095014000000001
KIAA1797	7.810714000000001
SETD2	10.434088
KRTAP27-1	0.01291
SETD4	6.802195999999998
SETD7	11.571928000000005
ITFG2	7.58451
PSRC1	4.793045999999999
TRPM7	9.998566000000002
DZIP3	7.212539999999998
PRAMEF18	0.023239999999999997
DZIP1	6.060641999999998
PRAMEF16	0.04873
LOC100133612	3.2746280000000003
PRAMEF14	0.035484
PRAMEF12	0.023239999999999997
PRAMEF13	0.023313999999999998
PRAMEF10	3.70689
PRAMEF11	0.7194939999999999
MARCKSL1	10.119111999999998
PRSS27	2.8129380000000004
PRSS21	1.2946779999999998
HBM	0.63455
PRSS23	9.399401999999998
LXN	5.942481999999999
SURF6	9.22852
EME1	2.708468
EME2	1.995524000000001
RBCK1	10.76733
STX3	8.138046000000003
AKNA	9.231926
DUOX1	3.5098819999999984
DUX4	0.0
DUOX2	3.6492619999999993
VENTXP7	0.030657999999999998
RIT2	0.335146
SNORD50A	0.0
ZNF486	2.421278
PYCR2	9.910759999999996
GLYR1	11.032423999999997
SNORD117	0.0
SNORD110	0.0
SNORD111	0.0
KRTAP4-9	0.023239999999999997
KRTAP4-8	0.0
ATP2B2	10.823075999999999
PCNXL3	9.239462000000001
PCNXL2	4.464119999999999
KRTAP4-1	0.019054
KRTAP4-3	0.0
KRTAP4-2	0.0
KRTAP4-5	0.0
KRTAP4-4	0.0
KRTAP4-7	0.0
TIMM17A	10.592054000000003
ECH1	13.906001999999996
RRM2B	9.690099999999997
TAPBPL	9.92835
NPPB	0.19880200000000003
GBP1	11.244936000000001
NPPA	0.780436
RASSF4	9.975136
ACSF3	9.81119
FRZB	6.428452000000001
MAL2	10.451614
MAN2A2	10.347734
GUCY2GP	0.032271999999999995
MAN2A1	9.967903999999997
FAM38A	10.4377
NDUFB10	11.20573
SPRR2G	0.24415999999999996
FAM38B	7.397743999999998
SPRR2A	0.7177419999999999
DECR1	13.105474
SPRR2C	0.07611000000000001
DNER	0.40604200000000007
KRTAP12-1	0.0
TAOK3	9.60877
?|391714	0.10870799999999999
KRTAP12-2	0.0
TP53	9.625470000000004
KRTAP12-4	0.0
CDHR1	4.009612000000001
CDHR2	11.204456
CDHR3	4.79606
CDHR4	0.13117800000000002
CDHR5	12.845526
ST8SIA1	2.5007900000000003
C6orf176	1.20059
C6orf174	2.8656839999999995
SHQ1	8.021293999999997
C6orf170	3.9290459999999996
WNT10A	3.05151
TECTA	4.146222
PKM2	10.332262
TMEM232	3.091756
DUXA	0.071908
FLJ39582	6.302732000000002
STX1A	3.915506
FARS2	8.213486
STX1B	6.853402000000001
RABL2A	7.342262000000002
TOLLIP	12.207030000000001
RPS15A	12.955447999999995
ALS2CR11	0.90973
ALS2CR12	0.8626859999999997
BTBD19	4.224398
BTBD18	0.42569
NF1P1	0.0
HESRG	0.141346
BTBD17	0.09725800000000001
BTBD16	6.637833999999999
BTBD11	5.315461999999999
BTBD10	7.9240319999999995
BTBD12	6.385512000000002
SIK1	12.623660000000003
LSM3	9.799102000000003
SIK2	11.152005999999998
KRT80	5.976365999999997
KRT81	1.867924
KRT82	0.0
KRT83	1.0418919999999998
CST9L	0.013897999999999999
KRT85	1.1750640000000003
KRT86	1.6186760000000004
RAB22A	9.574722000000001
TSEN2	6.5108939999999995
RAPGEFL1	6.674797999999998
DUS3L	8.82694
SNAR-A2	0.0
TPRX1	0.171648
XPR1	8.775428
SNAR-A4	0.0
SPACA4	0.22366799999999998
SC5DL	12.608609999999999
EDA2R	3.73823
SPOCK1	2.126152
LCT	0.19787400000000002
NCS1	6.9299420000000005
MAST1	3.8488279999999997
MAST2	8.436564000000002
MAST3	8.617110000000002
MAST4	7.948086
SALL3	0.033968
SALL2	5.382606000000001
FAIM	6.892586000000003
CD180	6.334358000000001
WAS	7.7560699999999985
SPACA1	0.13855800000000001
RAB9A	8.620288000000002
CYP1A1	9.931724
CYP1A2	14.085451999999997
RAB9B	0.6397179999999999
C5orf39	4.348166
C5orf38	0.09008
LOC285692	0.0
C5orf35	7.588251999999999
C5orf34	2.363896
C5orf36	4.84651
ZBTB7A	9.606574000000002
C5orf30	4.838168
C5orf33	13.315539999999999
C5orf32	10.128026
STX11	7.6347059999999995
FARSB	9.209468000000001
FARSA	10.168252
FIS1	11.700344000000005
C9orf71	3.1801199999999996
C9orf70	0.21162
STX17	10.036475999999999
C9orf72	8.474069999999998
STX19	1.5742799999999997
STX18	8.895462000000002
ZMIZ1	10.000678
SMO	9.912139999999997
C9orf79	0.053008
C9orf78	11.065972000000004
LOC285696	0.17897000000000002
LIPA	11.873956000000005
SLURP1	0.130076
CUTA	11.660668000000001
BPGM	7.964444000000002
CUTC	8.888591999999997
ZSCAN23	1.527972
TTC33	8.819522
LIPC	12.303011999999999
MOSPD3	9.053430000000002
MOSPD2	7.072966
MOSPD1	7.3347299999999995
ATP11C	10.602562
ATP11B	9.748750000000003
ATP11A	9.612160000000001
ZBTB40	7.539333999999999
OR9G9	0.017891999999999998
PAN3	8.366106000000002
LOC642587	0.5394260000000001
IFITM5	0.31282
PCDHA4	1.70987
RAB5B	11.756777999999995
PCDHGA10	5.773209999999999
PCDHGA11	3.2375020000000005
PCDHGA12	4.6499039999999985
PARP3	8.834394
DPP8	7.212634
DPP9	11.078577999999998
RPL23AP32	0.41578999999999994
POLE4	9.335991999999997
GBA	10.222352000000003
LIPH	3.145286
DPP3	9.676148000000003
DPP4	10.928781999999996
SUOX	11.012982000000001
DPP6	0.5824460000000001
DPP7	11.424740000000002
CEP68	7.8016000000000005
C14orf86	0.0
CEP63	8.719947999999999
OR5B12	0.028693999999999997
SLC7A11	2.729494
COQ10B	9.959260000000006
GLTSCR1	7.571905999999998
GLTSCR2	12.405534000000003
COQ10A	8.776949999999998
C11orf66	5.01586
IK	10.561322
CYP2A7	10.936118
CYP2A6	15.7824
C17orf50	0.07633200000000001
LIPN	0.41409200000000007
C17orf53	4.1294260000000005
TMC8	7.92125
MRPS16	11.042718
OTOS	0.260542
HS1BP3	9.821112000000001
TFDP3	0.087624
C14orf80	7.1165179999999975
NOC3L	8.050367999999997
PCP2	1.6497300000000004
RNFT1	9.023098000000001
C11orf63	3.823867999999999
HIAT1	9.609752000000002
PNLDC1	0.6743079999999999
SECISBP2	10.073656000000001
PRPF18	8.780420000000001
A4GALT	6.351745999999997
TMEM167A	10.604248
C11orf61	6.019658000000001
TMIGD1	0.016086
OR10R2	0.0
FLJ45079	0.190546
FLJ36777	3.3144519999999993
TMEM229B	5.895740000000001
CTRL	2.256504
CTRC	0.055571999999999996
SEC24B	10.876486000000002
TRMT61A	8.616312000000002
WRAP53	7.160644000000001
MFHAS1	7.433185999999999
TRMT61B	7.860062
ZFYVE9	9.030884
LOC400931	2.9679579999999994
DHX16	9.705561999999999
IFLTD1	0.0
DHX15	10.411389999999999
LEPROT	8.970040000000001
ZFYVE1	9.351903999999998
LDOC1	6.97677
DGCR9	2.0477019999999997
DGCR8	9.045262000000001
MUM1	9.845125999999999
ZNF557	6.637695999999997
RXFP1	3.22043
CCDC88A	8.348589999999998
CCDC88B	7.622181999999999
CCDC88C	7.487798000000001
DGCR5	7.467698
FAM27C	2.4164800000000004
H2AFB1	0.52228
DGCR6	9.973459999999998
ZNF782	5.00906
ZNF781	2.954840000000001
FAM27B	0.06615
ZFAND6	10.902529999999999
RGNEF	8.131722000000002
ZNF785	5.924055999999999
PITRM1	10.828788000000001
GOT2	13.783684000000004
SCARNA22	0.0
RNASEK	11.339836
GOT1	13.906184000000001
RNASEL	7.102348000000001
PCDHA9	0.27206199999999997
RNASE1	9.589032000000001
MPEG1	10.160618
RNASE3	0.554156
ODF3B	8.340122
RNASE4	13.429770000000005
RNASE7	2.7331399999999997
ACCN1	1.0154159999999999
RNASE9	0.0
KRTAP17-1	0.0
ZNF551	5.077955999999999
UBE2O	8.748674000000005
C14orf50	1.3985820000000004
ZFAND5	12.991194
C14orf53	4.1045539999999985
OR2T8	0.11260999999999999
QTRT1	9.617558000000002
OR2T6	0.0
TTTY12	0.0
OR2T4	0.0
OR2T5	0.0
OR2T2	0.0
OR2T3	0.0
OR2T1	0.0
C18orf18	8.148164000000001
C18orf19	9.257175999999998
CCDC89	1.745308
LOC339535	1.1584140000000003
OLFM2	10.134359999999997
CCDC83	0.016357999999999998
CCDC82	8.40642
C22orf40	6.976597999999999
CCDC80	7.295155999999999
CCDC87	3.1878459999999995
CCDC86	8.64474
C18orf16	1.413966
CCDC84	6.448172
ADAMDEC1	2.0709580000000005
CTR9	10.503283999999999
CD7	7.0369259999999985
RRAS2	9.514688000000001
SNORD8	0.0
SPRYD5	0.0
ZNF568	5.573173999999998
ZNF567	5.895433999999999
ZNF566	6.761614
ZNF565	5.438412
PSKH2	0.07885999999999999
ZNF563	6.809254000000002
SCARB1	13.24137
ZNF561	8.73132
OR5AS1	0.0
STMN4	0.28518
NECAP2	10.151513999999999
CCR6	4.86098
STMN3	6.301449999999999
STMN2	3.491328
IKBIP	7.930118000000002
ACRBP	3.985709999999999
OLFM4	1.2419400000000003
DCLK1	3.10825
DCLK3	1.3679580000000002
DCLK2	4.770780000000001
NOX1	0.666118
NOX3	0.0
TRAF3	7.099212
NOX5	0.359196
NOX4	1.9074120000000006
PGS1	7.653760000000001
AZU1	1.1864320000000002
TRAM1	12.513242000000002
FAM161A	5.461138
FAM161B	4.683884
DKFZP434K028	0.43462199999999995
MRPL42	9.354948
UBE3B	9.801840000000002
RAF1	11.574956
ASB16	1.8943599999999998
UBE3A	10.624108
KHDRBS2	0.4943059999999999
MIAT	4.377609999999999
MRPL40	10.526868
MRPL47	9.128594000000001
TOP2B	10.872402000000001
IPW	6.965392000000001
MTRF1	7.372372
LOC400794	0.06686600000000001
HGFAC	12.653844000000001
SDAD1	9.303876000000002
APH1B	7.089154000000001
SNORD32A	0.0
MRPL44	10.076408
SETD6	8.048198000000001
C10orf68	1.0998180000000004
SLC26A1	9.548149999999998
SLC26A2	6.727376000000003
SLC26A3	2.554138
SLC26A4	2.1142079999999996
SLC26A5	1.0348339999999998
FGF9	1.1260299999999999
FGF8	0.18453799999999998
FGF7	5.145415999999999
FGF6	0.0
FGF5	0.157546
FGF4	0.0
FGF3	0.0
FGF2	6.981424
FGF1	4.74576
BCAN	1.443716
OLFML2B	4.523318
OLFML2A	5.566649999999998
BCAM	11.138766000000002
HTA	0.072812
GLOD5	6.761195999999999
GLOD4	10.786696
SDC2	13.350971999999999
GCH1	11.434392000000003
SDC4	14.277934000000002
TTYH1	4.113368000000001
ELOVL6	10.508166000000001
ELOVL7	5.98438
ELOVL4	2.1604599999999996
ELOVL5	11.29976
ELOVL2	10.650879999999999
ELOVL3	0.9477580000000003
ELOVL1	9.720331999999999
SNF8	10.082762
AMY1A	1.9371880000000001
FAM54A	1.796634
SPPL2B	9.409586000000001
KIAA0182	10.133109999999999
ZCCHC8	8.756092000000002
TLN1	12.421073999999999
ERAP2	8.97174
DEFB1	10.775181999999997
NAALADL2	6.467258000000004
POM121C	9.261519999999999
UPK1A	0.8684640000000001
TM9SF4	10.961358000000002
LOC441601	0.189746
DIABLO	10.064086000000001
ZNF593	9.578164000000001
IFNB1	0.11085999999999999
CWF19L1	8.404589999999999
SPRR2D	0.470226
CWF19L2	7.928346
HEYL	7.6769240000000005
LOC650623	3.815352
NAA25	8.016447999999999
RPL13A	13.525587999999997
SGCG	0.12012799999999998
TTYH3	9.866890000000001
SGCE	8.344262000000004
RILP	9.611276000000002
CNKSR1	5.329244000000001
SGCB	8.967036000000002
CNKSR3	10.264962
CNKSR2	3.6579760000000006
ZNF691	7.5172799999999995
NCRNA00207	0.0
DUSP9	4.168572000000001
DUSP8	7.426260000000001
LOC284688	0.0
DUSP5	10.279796000000001
DUSP4	5.051124000000001
DUSP7	7.801774000000003
DUSP6	12.487060000000001
DUSP1	14.012312
DUSP3	11.757434000000003
DUSP2	7.182464000000001
LRRC8E	7.272079999999999
LRRC8D	9.684811999999999
GBGT1	5.194870000000001
NKD2	5.182258000000001
ELN	9.118488000000003
RBL1	4.466799999999999
ELL	9.026524
LRRC8B	7.979654
QDPR	12.561422000000002
OR51E1	1.0768040000000003
OR51E2	0.265394
SLC8A1	7.347736000000001
RGS7BP	3.91814
RPL26L1	8.340341999999998
MIXL1	0.123948
HDX	4.640796
HEY2	8.043643999999999
HEY1	5.823310000000001
LRRN4CL	1.2959500000000004
MFSD9	7.907433999999999
XRCC6BP1	6.684855999999999
STX4	9.488872
MTF1	7.851160000000001
MTF2	7.785675999999998
TM9SF2	12.191374000000003
PRKCQ	4.561972000000001
LEP	0.37880600000000003
TAB3	10.269402
LOC80054	6.907203999999999
CNTN1	2.7960660000000006
STX6	8.247978
C20orf123	0.150528
CSN1S1	0.030732
TBC1D12	7.195043999999998
HDC	4.869528000000001
TSNAX-DISC1	0.036488
XYLB	10.194634
TBC1D16	7.2325479999999995
RPL34	12.822696
TBC1D14	9.687414
FBL	10.664672000000001
MAGEB18	0.0
TNFRSF6B	4.5942
RPL35	12.847732
AUTS2	9.609287999999998
PLA2G1B	2.4112379999999995
MAP2K5	8.220742000000003
NUMA1	11.711210000000003
MAGEB10	0.0
C21orf67	5.981734000000001
ARFGAP1	10.060135999999998
C21orf63	6.672216
C21orf62	3.8148920000000004
GPR52	0.027336
HSPA1A	13.354434000000001
BMP10	4.779924
IKBKAP	9.728603999999997
GPR56	8.074352000000003
BMP15	0.08416599999999999
FAM83C	0.9690559999999999
FAM83B	2.1920520000000003
FAM83A	1.9778559999999994
PCDH7	5.134176000000002
FAM83G	7.437320000000001
FAM83F	6.012595999999999
FAM83E	2.3717280000000005
FAM83D	5.702367999999999
C12orf70	0.7483359999999999
C12orf71	0.43035999999999996
C12orf72	7.298402000000002
C12orf73	6.677669999999998
C12orf74	1.3982260000000004
C12orf75	5.874223999999998
C12orf76	6.782702
C12orf77	0.018534
ATP7A	6.7467859999999975
DGKQ	7.845261999999998
C8orf4	12.037744000000005
VKORC1L1	10.310580000000002
DGKK	0.026732
DGKH	4.8397179999999995
DGKI	0.30275599999999997
DGKB	1.9060840000000001
SYNRG	9.50469
ATP7B	9.711915999999999
DGKG	5.3499880000000015
DGKD	8.049494000000001
DGKE	7.25939
ICK	8.967972
LOC283761	0.0
SNORD43	0.0
TMEM106C	9.225226000000003
CNP	11.117234000000002
METT5D1	8.504731999999999
SRP72	10.758572000000001
SUV39H1	7.968105999999995
ZNF169	3.999022000000002
PTGIS	8.837068000000002
PTGIR	7.079407999999998
TMPRSS3	6.3844699999999985
NEK5	0.38201
TCERG1L	0.86862
CLTCL1	7.023406
RTEL1	7.994584
NPM1	12.204912000000002
NCRNA00085	3.4676080000000007
NCRNA00086	3.2681780000000002
NCRNA00087	5.071149999999999
HSPA13	8.904458
ZCRB1	9.624868000000003
FLJ40292	0.46426199999999995
VSNL1	8.613502000000004
SMU1	10.419834000000002
PEMT	11.622854000000002
HSPA14	7.981899999999999
RHCG	3.4874699999999996
MXI1	10.484518000000001
RHCE	4.761999999999999
RUVBL2	10.501002000000002
AKR1D1	12.647748
PKD2	8.66945
TMEM25	8.573253999999999
PDE2A	9.182630000000003
DGCR11	4.658766000000001
DGCR10	0.44194399999999995
C1orf95	1.78371
C1orf94	0.027146
C1orf93	8.314190000000002
DGCR14	8.157804000000002
C1orf91	6.603946000000003
DENR	9.777390000000002
AHNAK2	5.308481999999999
ANXA8L1	0.03492
FKSG73	0.0
PTPN18	10.166358
SCFD1	9.751326
SCFD2	7.764479999999999
PPP3R2	0.104422
MYPOP	6.877355999999999
ZNF167	4.92971
GCOM1	5.596929999999999
IQCB1	7.060843999999999
SCG3	0.9139980000000003
MEN1	9.618182000000003
LOC202781	7.588844
CPSF4L	0.266754
KRT222	6.454027999999999
DDX54	10.807181999999997
SNORD114-12	0.0
SEMA4A	6.4447199999999984
SEMA4B	10.426347999999997
CSRNP3	1.5134160000000003
SEMA4D	7.542072000000003
GABRB2	0.581084
OR2L2	0.0
PPAP2B	12.869517999999998
OTUD7A	2.1988919999999994
CTAGE9	6.535083999999999
C10orf110	3.0640400000000003
C10orf111	1.249148
C10orf116	10.246820000000003
C10orf114	8.741722
SQRDL	11.122918000000002
CTAGE1	3.990832000000001
C10orf118	7.3877559999999995
C10orf119	10.095084
CTAGE4	4.893186
CTAGE5	11.923990000000002
CTAGE6	2.1274640000000002
OR6W1P	0.026352
HSPA9	13.476273999999998
SIP1	6.257244000000001
GLP1R	0.056434
SCN4A	3.2697
SCN4B	4.823552000000001
OR2L3	0.0
SUMO3	10.651933999999997
ZNF30	5.72916
TMCO3	8.672430000000002
TNRC6B	9.335256000000001
FAM129C	2.2372560000000004
GIP	0.0
TMCO4	8.341253999999998
CRTAC1	3.2319840000000015
SCCPDH	12.395630000000004
RPP38	8.086010000000002
ZNF195	7.225419999999998
GIF	0.025602
SERP1	12.392919999999998
MFSD1	10.594191999999998
OR2S2	0.0
LRP6	10.536018000000002
MS4A4A	8.058705999999999
TMCO7	9.751849999999997
CNDP1	10.414944
CNDP2	12.811219999999999
LYPLA2P1	6.611284
NPL	8.452940000000002
STRBP	8.368644
LRP4	4.607628000000002
MOCS2	10.566478
CXorf61	0.023932000000000002
TXNRD2	11.020254
LRP5	12.359838000000002
CXorf65	0.5337639999999999
CXorf64	0.322412
CXorf66	2.3064459999999998
AHR	11.520892000000002
SCGN	5.738538
GADD45GIP1	10.076114
COLEC12	3.609079999999999
ENC1	10.079195999999998
COLEC10	9.774237999999999
COLEC11	11.409388
MAP3K11	11.66039
TXNRD1	10.867582000000002
LRP8	2.9026080000000007
NPS	0.0
ACTA2	10.952897999999998
ZNF197	8.256009999999998
ACTA1	1.00061
ZNF192	6.667910000000002
EMCN	7.290789999999999
WNK2	6.793912000000001
QSOX2	8.243339999999998
INSL5	0.034372
PDS5A	11.032618
PDS5B	8.909250000000002
MFSD3	9.404981999999997
SYCE1L	2.0861940000000003
TSTD1	9.726314000000002
TSTD2	8.168548000000001
PLXNA4	5.045847999999999
PKHD1L1	3.4063
BNIPL	1.779814
TADA2A	6.370107999999999
TADA2B	9.813110000000002
PSMB4	12.251615999999999
NR2C2AP	7.455229999999999
PAICS	11.797108000000001
OR1I1	0.054634
RSBN1L	7.945838000000002
UBXN2B	9.328152
UBXN2A	7.500558000000001
VWA5B2	1.1164500000000002
VWA5B1	0.09623199999999998
KIAA0319	1.9174520000000002
DYNC2LI1	7.402812000000001
EDARADD	4.60297
IFNW1	0.10409999999999998
ZNF212	8.008528
OR4D6	0.01291
ZNF224	6.719168
ZNF225	5.329091999999999
ZNF226	7.276554
KIF9	6.111354000000001
KIF6	3.446146
KIF7	4.8646
ACMSD	11.457374
KCNQ5	2.0005520000000003
KCNQ2	0.18573599999999998
KCNQ3	0.4232040000000001
KCNQ1	6.504138
ALDH8A1	12.996430000000002
HOXC10	0.3769200000000001
HOXC13	0.07567
HOXC12	0.0
VEGFA	11.672657999999998
TSPY4	0.0
PLN	3.5446420000000005
LHX4	0.607514
UBE2E2	8.627357999999997
RTTN	7.345208000000001
BNIP1	7.524628
BNIP2	9.855558000000002
BNIP3	12.224269999999999
PDE4C	3.2795819999999996
UBQLN1	11.636104
INSL6	0.09570400000000001
ZNF491	3.947784
ASTN2	6.306095999999999
ZAN	1.080438
KCTD15	7.456633999999999
LEKR1	3.3919780000000013
KIR2DL3	1.703314
PTGER4	6.868214000000004
KIR2DL1	1.3726000000000003
SNORD71	0.0
FLOT1	11.606428
FLOT2	11.343586000000002
KIR2DL4	1.7809080000000006
NCF1C	5.023692
ZNF544	7.749488000000003
NAB1	10.213242000000003
UAP1	11.69014
NAB2	9.737321999999999
PDE6B	3.8359720000000004
SEPP1	16.87863
ZNF490	6.657975999999999
IYD	10.550768000000003
LINS1	7.1549439999999995
OTUD5	10.599674
OTUD4	9.948907999999996
OTUD3	5.61666
AP3M1	9.893008000000002
AP3M2	6.660151999999997
PTGER1	2.5353399999999997
SPEM1	0.017254000000000002
AKAP14	0.093356
AKAP12	10.029444
AKAP13	11.035508000000002
AKAP10	7.466598
AKAP11	9.693698000000003
HTRA4	0.876798
PTGER3	3.39887
COL2A1	0.43863800000000003
CCDC8	5.5175920000000005
HTRA2	9.142528000000002
HTRA3	6.255310000000001
BSDC1	11.746319999999999
PHEX	0.519714
MFSD6	6.903004000000001
PYY	0.5376020000000001
S100Z	0.7638320000000001
UNC5CL	9.101838
PRIM1	6.142596000000001
NTN4	9.729796000000004
KIRREL	4.9714839999999985
NEFH	3.7561379999999995
MGC16121	4.2731580000000005
LNP1	7.015561999999997
DNAH2	3.433174
C17orf88	0.13061400000000004
C17orf89	8.803644
SNX12	6.831200000000001
EGLN2	10.588382
C17orf82	1.3775219999999997
C17orf80	8.067310000000003
C17orf81	9.756785999999998
C17orf86	5.469846
C17orf87	5.33504
C17orf85	8.465088
SPIB	3.321594
SPIC	3.2800020000000014
TNKS1BP1	11.868419999999999
LGTN	9.941555999999999
LOC222699	3.5527300000000013
HECA	9.553252
PCLO	4.128834000000001
C6orf118	0.08863199999999999
ARID5B	8.959738
ARID5A	9.701227999999997
C8A	14.328755999999998
C6orf114	3.9049499999999995
C6orf115	8.958532
LOC100129726	1.171974
LOC731789	0.049446
MAP2K1	11.233863999999999
TP73	1.8097080000000005
ABT1	9.494645999999998
AKR7L	8.838060000000002
TBP	7.478286
LOC285740	0.111072
LOC100302640	0.7224419999999999
PRR20B	0.0
GLS2	12.638943999999995
SLC38A5	3.4480340000000003
LAPTM4A	13.024807999999997
GALK2	9.328331999999996
SPCS2	9.841558000000001
LAPTM4B	10.069477999999998
ANKH	11.257412000000002
RASGRP2	6.9807960000000016
ALG1L2	0.09862
EGFR	10.562742
SLC38A7	7.976378000000003
DHFRL1	7.989304000000001
RCVRN	1.3574359999999999
KIAA0649	8.657852
WDR86	3.4041300000000003
ALOX5AP	6.588038
WDR81	10.644086
WDR82	10.687052
NLRC5	7.986946
SLC38A1	8.752259999999998
UBAC1	9.425324
WDR88	1.2691540000000001
S100G	0.045212
ACER2	5.010337999999999
ACER3	7.189309999999999
FRMD4A	9.090591999999997
ACER1	1.1457620000000004
SLC38A3	14.262054000000001
SNAR-C3	0.0
SNAR-C2	0.0
TMEM90A	0.9637720000000001
AARSD1	9.239922
ESYT1	11.662965999999999
ESYT2	10.806266
ESYT3	1.8813959999999994
CXCR3	4.425018
CXCR2	4.785736000000001
CXCR1	4.7921000000000005
CXCR7	8.511938
CXCR6	6.328146
CXCR5	3.163726000000001
CXCR4	9.489042000000001
JAG2	6.223588000000003
JAG1	9.058057999999999
CLRN2	0.122514
CLRN3	9.716806000000002
CLRN1	0.028854
MYF6	0.6362979999999999
PIP4K2A	9.248336
APPBP2	9.443680000000002
MINK1	10.009431999999999
TFF1	2.0070859999999993
QRICH2	4.937196000000001
QRICH1	9.837852000000003
E4F1	8.519485999999997
CRYBB3	1.9967140000000003
CRYBB1	2.342523999999999
PRRX1	3.3170599999999997
RAP1GAP	9.513193999999999
EXOC2	9.203012
EXOC3	9.838713999999998
DEFB107A	0.0
EXOC1	8.305005999999999
BNC1	2.537112
EXOC7	10.935325999999998
EXOC4	9.737834
BNC2	4.078904
UBE2Q2	7.760792
EXOC8	8.519824
MAPKBP1	7.015892000000001
SERTAD3	8.519437999999997
ANK1	2.7391140000000003
ANK2	6.180960000000002
ANK3	8.612655999999998
MGAT4A	9.139362
CHRNG	0.08818799999999999
CHRND	0.033222
CHRNE	6.315715999999997
C9orf96	2.7832220000000003
C9orf95	9.865461999999997
IFI44	8.692884
C9orf93	3.3643799999999997
C9orf91	8.033354
BZW2	8.947764000000001
RAD17	8.811528000000001
FAM99A	9.507728
FAM99B	6.021604
CRAMP1L	7.21498
SNORA10	0.034464
IDH3A	9.991719999999999
OR9A2	0.0
ARSF	5.7352300000000005
C5AR1	8.250988
TNRC6C	8.301316
TNNC1	2.3632359999999992
OR9A4	0.0
CYP3A7	11.695609999999999
PHACTR1	2.626478
USP26	0.01291
USP25	9.510228000000001
PPL	10.023871999999997
PSMD6	10.319005999999996
CYP3A4	16.577655999999998
TRIP4	8.393566000000002
LOC644936	5.07261
ADAMTS5	6.603322
ADAMTS4	8.545123999999998
ADAMTS7	5.421981999999999
ADAMTS6	2.889424
ADAMTS1	10.674298
TMEM134	9.717684000000002
ADAMTS3	3.223360000000001
ARHGEF9	7.798981999999998
ARHGEF6	8.008914000000003
ARHGEF7	9.744682000000001
ARHGEF4	4.231210000000001
ARHGEF5	8.410698
ARHGEF2	8.387276000000004
ARHGEF3	7.442504000000001
COTL1	10.546251999999999
ARSG	5.756450000000002
CDH9	0.016357999999999998
CDH8	0.13079
PROKR2	0.09158600000000001
FAM48B2	0.21038199999999999
RPL23AP53	6.154230000000001
CDH1	12.652867999999998
CDH3	2.0011519999999994
CDH2	11.48306
CDH5	9.922058
CDH4	1.4441759999999997
CDH7	0.073332
CDH6	5.822854000000002
CENPO	5.069102000000001
CENPN	8.239196
DPP10	2.5714619999999995
CENPL	4.718201999999999
CENPK	2.567622
CENPJ	5.49658
CENPI	1.1459460000000004
CENPH	4.569092000000001
CENPF	5.007494
CENPE	3.2410159999999997
RAMP1	10.050860000000002
CENPB	10.813553999999996
CENPA	1.9592280000000004
RAMP2	7.851366
LDB2	8.900572
LDB3	2.8898019999999995
CLCF1	6.1636239999999995
KAZALD1	3.9209719999999995
PALM	7.977136000000002
FOXE3	0.21005799999999997
SSH1	9.326825999999997
CENPW	4.581544000000001
CENPV	9.038288
CENPT	8.374721999999998
SERPINI2	0.0
CENPQ	5.597314000000001
CENPP	4.467689999999999
TRMU	8.113108
TRPC2	1.5381920000000002
SPRED1	8.612868
PDXDC2	7.3106659999999986
LIN9	4.8710580000000006
LOC389705	1.6768660000000002
ATP5G1	10.628981999999997
UCA1	4.4914819999999995
UCKL1	9.180376000000003
PLEKHA4	9.715522
PLEKHA5	8.83855
PHACTR2	8.974996
PLEKHA7	8.419236000000001
ATP5G3	12.719477999999999
PLEKHA2	9.03192
PLEKHA3	8.500523999999999
NETO1	0.161934
WDR34	9.886135999999999
NETO2	3.8490079999999995
PLEKHA8	4.950317999999998
PLEKHA9	5.217296
STBD1	12.086150000000002
CTPS	10.573345999999999
RFESD	4.3824320000000005
OR1D2	0.019054
SEC62	12.622508
OR13C9	0.0
DHX38	9.983004
SAMD4A	9.646568000000002
TRIB1	13.166398000000001
TRIB2	8.598123999999997
TRIB3	10.765868000000001
DHX30	10.54189
DHX32	9.137814000000002
DHX33	7.3101959999999995
DHX34	8.054611999999999
DHX35	7.558764000000001
DHX36	9.197402
DHX37	8.421308
LCE1F	0.014628
LCE1D	0.0
LCE1E	0.014628
LCE1B	0.08195999999999999
LCE1C	0.031512
CABIN1	9.090534000000002
LCE1A	0.0
LAYN	4.396962
MGAM	2.962426
AP4S1	5.9336
B3GNTL1	5.491606000000002
LUM	10.289262
VN1R2	0.034194
MTR	9.109813999999998
VN1R1	1.9153440000000006
ZNF768	9.999518
VN1R4	0.0
VN1R5	0.07872
ZNF765	6.427138
LOC100009676	5.736237999999999
ZNF767	5.677798000000001
ZNF766	7.653025999999999
ZNF761	6.894629999999999
ZNF763	4.861732
PGBD1	5.834696000000001
TPT1	16.502285999999998
OR2V2	0.0
RPP21	8.146321999999998
SPATA5	6.620395999999999
VNN1	13.08182
RPP25	7.222354
DSCR10	0.019054
PMCH	0.29918
PLSCR4	10.646496000000003
NKX2-8	0.6263559999999999
C14orf72	1.019094
ECSIT	10.563934
C14orf70	0.152596
ZSCAN10	0.09290000000000001
WIF1	0.19215
HHATL	0.418662
LOC339047	8.541040000000002
FAM185A	7.352119999999998
C14orf79	6.489326000000001
RETNLB	0.0
PCDH8	0.01891
SUPT6H	11.452118
YBX1	12.569631999999999
C18orf34	0.688118
CILP2	3.6254500000000007
C18orf32	10.687089999999996
DOPEY2	9.283090000000001
DOPEY1	8.883366
RBMY2FP	0.0
PRIM2	5.602125999999999
ZNF501	4.252382000000001
ST8SIA5	1.1638600000000001
ZNF503	8.167902
WDYHV1	6.684356
SMAD4	10.671938000000004
ZNF506	6.679869999999998
ZNF415	4.698580000000001
TBC1D10A	8.911218000000002
PSG8	0.226446
TSR2	9.970597999999999
GPBP1	10.282230000000002
ENOX2	7.658150000000002
TREM1	3.8061439999999993
TREM2	4.665904
STK24	10.596668000000005
CD1B	1.1137100000000004
SMAD5	10.084386
RPL41	13.775770000000005
CD1C	5.296562
MYH2	0.24923
MYH3	4.849390000000001
GREB1	6.943517999999999
HAO1	13.674718000000002
MYH6	0.438904
MYH7	0.20262599999999995
MYH4	1.666876
THBS2	9.050630000000002
RACGAP1	5.926772
FAM167B	7.973288000000002
FAM167A	4.307931999999999
MYH9	13.889565999999997
BAGE2	0.9081679999999998
RNLS	7.899066
C9orf53	0.0
DPH3B	2.751480000000001
UGT2A1	6.025763999999998
SNORD88A	0.0
LOC29034	2.7109199999999998
CELF6	4.385756
VGLL2	0.021834
VGLL3	5.012602
CADM4	7.750372
VGLL1	1.4269979999999998
CADM2	3.133672
CELF5	3.2931679999999997
VGLL4	9.09088
CADM1	10.859426
FGD5	7.949574
FGD4	9.899501999999998
KRTAP5-6	1.117474
C9orf50	0.13653600000000002
FGD1	5.537098000000002
KRTAP5-1	0.595006
FGD3	6.741670000000002
FGD2	7.180177999999997
LST-3TM12	4.0824159999999985
CELF3	0.023239999999999997
CEP250	8.044534
KRTAP5-8	0.6481619999999999
KRTAP5-9	1.0194159999999999
CELF2	7.429063999999999
TBX18	2.273004
CELF1	11.004660000000003
MERTK	8.99115
VCPIP1	9.464549999999997
RLN1	0.41812799999999994
UHRF1	3.296674
UHRF2	8.535181999999999
FAM149B1	8.940857999999999
CNNM1	4.525729999999999
CNNM3	10.897692000000001
CNNM2	8.157082
CNNM4	7.682182
HHLA2	1.3796059999999999
HHLA3	8.143938
PIP5K1A	9.550670000000002
HHLA1	0.09695599999999999
KEAP1	10.944386
MYO9B	10.091884000000004
MYO9A	6.073276000000001
TRIP6	10.417112000000005
RLN2	0.720706
ZBTB8OS	7.728728000000002
ZNF337	7.340943999999997
DSCC1	4.291910000000001
PHF14	9.192394000000002
PHF15	8.240660000000002
PHF16	8.604565999999998
PHF17	9.705807999999998
PHF10	10.085280000000001
PHF11	8.637606
PHF12	8.96726
PHF13	9.114716000000001
FOXQ1	5.7110579999999995
ZNF710	6.774064000000001
PHF19	6.748717999999999
FBRSL1	8.974216000000002
ZNF711	4.274941999999999
EZH1	8.294521999999999
SLC5A1	7.470459999999998
MEGF8	9.186034
EZH2	5.322616
SLC5A4	0.6678259999999999
CCNB1IP1	10.105873999999998
SLC5A6	10.695412
PTGDS	9.311067999999997
RLN3	0.014314
PRSS8	9.716648000000003
TIA1	9.182808000000001
MEGF6	8.035596
UBN2	8.301601999999999
UBN1	9.349249999999998
RALGDS	9.413804
PNLIPRP1	0.135024
PNLIPRP3	0.09683199999999999
PNLIPRP2	0.049502
NKX2-3	0.7811520000000001
RAVER1	8.815718000000002
RAVER2	6.120462
ALX3	2.112714
NAA40	6.906585999999999
ALX1	0.014314
RB1	9.176870000000001
ALX4	0.036213999999999996
YY1AP1	10.263325999999998
LOC400043	4.930662000000001
UCN	2.2371280000000002
NKG7	7.839456000000002
LOC649330	3.09043
ZBTB3	5.88682
ZBTB2	8.442752000000002
ZBTB1	8.992388000000002
CARD18	0.014379999999999999
ATAD3C	6.952420000000001
ATAD3B	7.6369479999999985
ATAD3A	9.429809999999998
MAT2B	10.712904000000002
NBR2	7.180569999999998
CYP21A2	8.494248
CARD11	6.006565999999999
CARD10	9.580354000000002
CARD17	0.106722
BOD1L	8.990882000000001
LOC151534	9.779354000000001
CARD14	3.3315720000000018
CASC3	9.983795999999996
CASC2	3.370338
CASC1	1.5282980000000004
HCG26	4.599998000000001
ARR3	0.04017
GNB3	1.3141699999999998
CASC5	5.916767999999999
CASC4	11.21388
COL24A1	0.730906
PXMP2	12.127585999999999
GNB2	11.913006000000003
PXMP4	8.828492
HAO2	12.613062
RIPK3	5.222134
ZMYND12	6.839643999999998
LOC284379	0.0
C20orf108	11.859388
HN1L	10.826074
MGC21881	6.232678000000001
C20orf106	0.6364819999999999
C20orf107	1.2122480000000002
C20orf103	2.4797799999999994
CUL4A	10.783562
TAF1	8.683736
CUL4B	10.120455999999997
CYP2C19	9.902035999999999
CYP2C18	11.987976000000002
WDR49	0.102142
BOLA1	8.194706
NUDT16	10.512036
BOLA3	7.918223999999999
BOLA2	9.245846000000002
RIPK2	8.108828000000003
IMMT	11.045124000000001
PPBPL2	0.0
GLCCI1	7.540363999999998
SLC6A3	0.32927599999999996
C21orf82	2.8924800000000004
C21orf81	0.22864599999999996
SLC6A7	0.436216
SLC6A6	7.19157
NDUFB9	12.035681999999994
C21orf84	3.1874120000000006
NDUFB7	11.234853999999999
CROCCL2	3.597938000000001
CROCCL1	9.409274
C21orf88	2.4171080000000003
NDUFB3	9.674423999999998
FAM160A2	9.859408
NDUFB1	10.485774000000001
GPR39	7.550526
WDR13	10.927399999999999
YDJC	7.778479999999997
GSR	10.030639999999998
POM121L1P	0.625422
ZNF667	3.812287999999999
KIAA1919	6.815048000000001
GPR31	0.26966399999999996
ASB14	1.9381460000000004
GPR32	0.0
GPR35	3.7720060000000006
GPR34	5.911868000000002
GPR37	8.708598
LRPPRC	11.640518000000002
C12orf56	0.20193000000000003
C12orf57	10.460151999999999
C12orf54	0.019054
CYMP	0.0
C12orf52	9.914263999999998
C12orf53	0.8633240000000001
C12orf50	0.10595399999999999
C12orf51	8.979064000000001
FMNL2	7.601496
FMNL3	7.575925999999999
FMNL1	7.756952
ZIC4	1.2679339999999997
C12orf59	1.0415960000000002
STAP2	10.732286000000004
STAP1	1.8908160000000003
TBC1D20	9.45304
NEXN	6.614750000000002
RIPK4	10.501318000000001
INGX	0.302488
SH3BP4	10.893458
MAPRE1	9.865874000000002
MAPRE3	9.020586000000003
MAPRE2	10.342250000000002
AQP6	3.145350000000001
AQP7	8.905926
AQP4	5.752168
ANKRD46	9.984678000000004
AQP2	0.074264
AQP3	12.007051999999996
ANKRD43	6.518837999999997
AQP1	11.004164000000001
TBC1D24	8.583802
ANKRD49	7.227557999999997
TM6SF2	10.022290000000002
AQP8	1.9396140000000002
AQP9	14.331454
NR1H4	11.336056
NOP2	9.100886
SCARNA9	2.3017760000000003
SCARNA8	0.017294
SCARNA7	1.868042
PATZ1	9.803609999999999
SCARNA5	1.256738
SCARNA4	0.019772
SCARNA3	0.0
SCARNA2	2.889794
SCARNA1	0.017294
AFG3L1	6.5444520000000015
GTF2I	10.204909999999998
MRRF	8.644702
MPV17L	8.249464000000001
PHB	11.964932
GPR150	0.35446600000000006
ZNF516	7.6909980000000004
GSC	0.271754
ZNF382	3.230356000000002
SNHG5	10.257595999999996
PGGT1B	8.780773999999997
RHAG	0.5302899999999999
SNHG6	9.047124000000002
IFIT1B	0.8784619999999999
NR1H2	10.742904000000001
GUCY1B2	1.048336
GUCY1B3	7.724464
RNF215	7.4721059999999975
RNF214	7.557029999999998
RNF217	6.581263999999999
FAM126A	8.256250000000001
LZTR1	9.623458
SNHG8	9.166414000000001
RNF213	11.190855999999998
RNF212	2.3305019999999996
MED29	10.552902
FUNDC2	10.064716
STX2	8.044213999999998
ZNF326	8.490841999999999
ADORA1	4.639016000000001
MED20	8.051338000000001
ADORA3	7.013172
FAM47B	0.031394000000000005
MED25	9.132306
MED24	10.106992
MED27	7.1675439999999995
ENAM	4.974388
C14orf73	9.94169
GUCY2C	1.773896
CC2D1A	9.761026000000001
SEPT8	8.927516000000002
CC2D1B	9.373299999999999
SEPT5	5.974897999999999
C10orf131	0.179784
SEPT7	10.6328
RESP18	0.0
SEPT1	6.749423999999999
BDNF	2.0372299999999997
SEPT3	2.1900900000000005
C10orf137	7.00971
YPEL2	10.218767999999994
UTS2R	0.11483800000000001
LOC100128554	0.031059999999999997
LOC100131551	0.8365599999999997
SNORA5C	0.019772
GK2	0.029032
GK5	7.226196
TRIAP1	10.015544
RBM34	8.983872000000002
?|280660	0.0
CDK5R1	4.491644
TXNDC15	10.033159999999999
RBM33	9.248984
CDK5R2	0.07067999999999999
RPS3A	11.536625999999998
GSN	11.439971999999997
RBM39	11.287673999999997
RBM38	8.839117999999997
UGT1A7	1.296852
EPHB2	5.055564
EPHB3	5.260847999999998
EPHB1	5.8076599999999985
EPHB6	7.068188
PARP9	11.363622
EPHB4	10.93909
SPANXN2	0.0
DNAJC5B	2.890142000000001
TOM1L1	10.685869999999998
PARP6	8.479238000000004
EPN1	12.349357999999995
DNAJC5G	0.0
EPN3	2.31016
EPN2	8.746381999999997
BTNL9	6.637109999999998
BTNL8	3.115206
BCCIP	10.222055999999998
TP53INP1	12.040227999999997
TP53INP2	11.067754
BTNL3	1.1412559999999998
BTNL2	0.0
FBXO10	7.780383999999999
TSN	10.467934
ANG	14.743044
ALDH4A1	14.355358
TIFAB	1.5649199999999999
LOC729375	3.625948
SLC6A8	6.359428
MELK	2.7185640000000006
SNPH	3.884259999999998
RIMS4	0.9005359999999999
NVL	7.392078000000001
FGF22	0.20634799999999998
FGF23	3.228327999999999
FGF20	0.18659399999999998
FGF21	8.326021999999998
MDFI	3.4690780000000006
XAGE5	0.04415
RASIP1	7.9699339999999985
XAGE3	0.6152400000000001
LAGE3	8.237104000000002
ACTC1	0.8291520000000001
DSN1	7.538696
TXNDC16	7.888367999999999
ZNF34	6.4321459999999995
AK3L1	10.393012000000004
ZNF32	9.005446000000001
SNORD36B	0.0
ATP8B2	7.618524000000003
ZFP3	5.94978
SH3GL1	10.42794
SH3GL3	0.265268
SH3GL2	1.8587360000000006
SLC10A3	7.946411999999998
NPY	0.17234200000000002
SLC10A1	13.409581999999995
RFPL4A	3.0734200000000005
SLC10A7	7.5897179999999995
SLC10A6	1.124662
SLC10A5	5.708934000000002
PART1	0.138216
SNORA24	0.16563200000000003
MPST	13.231424000000002
ING1	8.686793999999999
FHL2	8.879785999999998
FHL3	7.494215999999999
FHL1	9.946348
TYRO3	5.995881999999999
FHL5	2.022104
OR1K1	0.017294
PUS10	8.613514
FTH1	15.308080000000004
UGGT2	7.927768000000002
TSGA10	3.8606260000000017
SULT1C4	4.871593999999999
UGGT1	10.687041999999998
SUV420H2	6.003254000000003
BSPRY	5.0313
ZNF248	6.770755999999999
SNAR-I	0.0
ITPRIPL2	9.458483999999999
ITPRIPL1	3.407652
KIAA1751	0.5642079999999999
FLJ40852	4.516023999999999
WWC1	9.768061999999999
SFTPA1	0.23513400000000004
KIAA1755	5.128498
LOC732275	0.036149999999999995
LOC100189589	0.139614
RFPL3S	1.3004000000000002
ALDH7A1	12.526342
PAWR	8.142990000000003
RAD51C	7.348249999999998
RWDD2B	9.297122
VASH2	2.9506580000000007
PYY2	1.4165900000000002
?|391343	0.08780800000000001
C9orf144B	0.19042399999999998
LOC286238	0.0
C5orf15	10.907376
CTDSPL2	8.255144
PDPR	7.81375
UGT1A10	1.194596
ST7OT4	0.415428
COL21A1	4.381436000000001
TRMT2A	9.580078
GATAD2A	10.466062
VTRNA1-3	0.0
GPA33	1.4229580000000002
VTRNA1-1	0.0
LGI1	2.74302
WBP1	10.357344000000001
HMGXB3	8.939244
HMGXB4	8.030429999999997
LGI2	3.718451999999999
FLJ10661	3.510962000000001
DIP2A	8.135953999999996
DIP2B	9.849043999999997
DIP2C	9.638545999999996
BAHD1	9.455624
MYLPF	0.869272
ZFP36L1	13.424648
NIT2	11.558198000000006
DCLRE1B	6.332352000000001
DCLRE1C	6.0467
YES1	10.924444000000003
DCLRE1A	8.383288
SNORD41	0.0
DNA2	4.750000000000001
ECT2	5.630178000000001
KIAA1632	8.967502000000001
STAM2	9.202475999999999
KIAA1712	7.381800000000003
NADK	11.291654000000003
LOC143188	3.2939260000000004
ZCCHC9	8.916273999999998
WDFY4	6.3872719999999985
KCNS1	1.2111919999999996
KCNS2	0.5933179999999999
KCNS3	6.6982839999999975
TBX4	0.18443
ZCCHC2	10.017772
CYP4A22	10.86468
ZCCHC7	7.912604000000003
ZCCHC6	10.467973999999996
ZCCHC5	0.0922
ZCCHC4	6.842025999999997
C17orf60	3.6233640000000014
C17orf61	10.486930000000003
C17orf62	10.128466000000001
C17orf63	8.831247999999999
C17orf64	0.36912
C17orf65	6.17865
C17orf66	0.319186
C17orf67	4.5660359999999995
C17orf68	8.464412
C17orf69	3.537236000000001
ADAM21P1	0.331342
LOC654342	6.132839999999999
SLCO2A1	6.926848
CHADL	6.383162
OR2M5	0.0
EFCAB4B	3.907612
OR2M7	0.0
FKSG83	0.0
OR2M3	0.0
OR2M2	0.0
WBP11	10.441526000000003
IPPK	8.017810000000003
KIAA0087	0.31551999999999997
NDUFA4L2	6.42351
C6orf132	3.219584
UPP2	6.814516
C6orf130	9.202246
ARID3B	6.334200000000002
C6orf136	8.656823999999999
C6orf134	6.130468
FAM9B	4.048325999999999
FAM9C	0.14436
C6orf138	3.622489999999999
CASQ2	2.964623999999999
P704P	3.264454
INA	1.7600779999999994
LOC285768	0.6153839999999999
PUS7L	6.150487999999999
SNORD62A	0.0
SNORD15A	0.15862600000000002
TRIP13	3.204972
GLRB	5.191192
MUDENG	9.362418000000002
ADPRHL1	5.359945999999999
ADPRHL2	9.121661999999999
LOC392196	0.0
DARS	10.464663999999996
GLRX5	11.219494000000005
LYPLA2	11.017935999999997
MC2R	0.031394000000000005
TPI1P2	3.9602839999999992
GLRX2	7.720370000000003
GLRX3	9.373548
PIH1D2	2.785218
ATP2B1	9.719986
ARGFX	0.11207
SPG7	10.879380000000001
ICA1	7.733365999999998
WBP4	8.395931999999998
DARC	4.309756
S100A10	10.586562
KIAA0664	12.946297999999997
S100A12	3.9912760000000005
S100A14	7.845197999999999
PHYHIP	3.7662100000000005
S100A16	11.574134
C19orf40	3.328476
C19orf41	0.019054
C19orf42	10.603224000000003
C19orf43	11.731158
C19orf44	6.757489999999998
C19orf45	0.395248
C19orf46	7.282368000000002
C19orf47	7.940758
C19orf48	9.088036
A4GNT	1.7339959999999996
GRK4	5.307594
GRK5	8.653451999999998
PPYR1	1.09748
CYBRD1	9.946583999999998
CAPN7	9.380227999999999
CAPN6	4.9900319999999985
CAPN5	11.362649999999999
CAPN3	7.6408239999999985
CAPN2	10.557759999999998
CAPN1	11.466702
DLEU2	4.386198000000001
DLEU1	6.769349999999998
DLEU7	1.2230740000000002
NECAB2	7.890495999999998
CAPN9	0.6064799999999999
CAPN8	1.01058
SOD2	14.333764
SPAG8	2.2331460000000005
SPAG9	10.725497999999998
SPAG6	0.266376
SPAG7	10.358025999999997
P4HB	15.783433999999998
SPAG5	8.273185999999999
TBX5	0.20912999999999995
SLC2A12	8.080229999999997
HTR6	0.04897
HTR7	3.130300000000001
HTR4	0.9632800000000001
KLHL5	9.984019999999996
KLHL2	9.873706
KLHL3	6.512561999999998
KLHL1	0.0
WAC	10.924138000000003
SLC2A10	10.470236000000002
KLHL8	8.633236
KLHL9	9.330978000000002
CAB39L	7.344118
FUT11	6.308158
FUT10	6.0783
FAM82A2	10.762117999999996
FLJ37453	6.126694
SGMS1	9.641895999999997
FAM82A1	9.041230000000002
ZNF696	6.980304000000005
ELFN2	2.977861999999999
MKRN3	0.766996
MKRN2	8.865780000000003
KATNA1	7.384047999999999
DEFB105A	0.0
KDELR3	8.193052000000002
KDELR1	11.983248000000001
RSPH10B2	2.5014139999999996
HIRIP3	8.899581999999999
RP1	0.9718660000000001
CLEC12B	1.1105340000000004
CLEC12A	5.122557999999999
POU2F1	5.562956000000001
ZFP30	6.122924
MAMDC4	9.587262
ANKRD33	0.526748
MAMDC2	4.413909999999999
ZMAT3	6.800495999999999
MEGF11	0.50529
ZNF354A	6.20129
KIAA0947	8.973212
ST14	9.432792000000001
RP2	8.811744000000003
MOBKL2B	7.058901999999998
MOBKL2C	8.530752000000001
MOBKL2A	8.719626
TEX19	0.20319199999999998
AANAT	0.20281599999999997
ST18	2.140634
TAS2R7	0.0
TBR1	0.0
LOC730101	7.247443999999998
CDV3	11.846435999999997
LYG1	2.2536979999999995
LYG2	0.12763000000000002
TCTN2	5.828498000000001
TCTN3	9.8112
CMAH	6.9203719999999995
TNXB	10.177769999999999
SOHLH1	0.06845599999999999
SOHLH2	0.358526
CMAS	10.356788000000002
GRAMD2	0.7596779999999999
FATE1	0.332676
AKT1S1	10.397578
LOC728554	7.392354
GRAMD4	10.547118000000001
PRDM14	0.034086
RGMA	2.70446
TAS2R4	0.41224400000000005
SLC5A2	0.548908
DCHS1	8.226552000000002
DCHS2	1.8891000000000002
LCE6A	0.017891999999999998
NT5C3L	9.697807999999998
SERPINB11	0.07124799999999999
SERPINB10	0.11803799999999999
SERPINB13	0.220454
SERPINB12	0.041422
WHAMML1	6.182530000000001
TMEM132C	2.2858840000000002
CMA1	1.6446260000000001
TMEM11	8.73016
PLEC	11.983397999999998
TXLNA	10.773448000000004
ZNF546	5.848931999999999
LOC550643	6.9310979999999995
NELL2	3.4374320000000007
PLEK	8.724458
BSCL2	10.338518000000006
LTK	6.150192
GOT1L1	0.0
POMGNT1	10.390960000000002
NWD1	0.758044
KDM5A	9.81597
PRAME	0.8840659999999998
GOLGA2B	6.919118000000001
PRDM12	1.0870620000000002
SPOCK2	8.218355999999998
SPOCK3	3.109914000000001
ZNF133	7.170798000000003
TMEM18	8.929447999999999
PDE4DIP	11.173081999999996
CLDN12	10.828564000000002
CLDN10	7.209289999999999
CLDN11	6.171658
CLDN16	3.529494
CLDN17	0.0
CLDN14	9.436593999999998
CLDN15	8.348638
SYNGR4	0.9669899999999998
NR2F1	8.554578000000001
CLDN18	0.416562
CLDN19	1.8490759999999997
NDUFA11	11.681280000000005
APOOL	7.529762000000002
ISCA1P1	6.625212
PGBD2	6.569422000000002
PRDM13	0.017136
SNX5	10.783653999999999
SLC5A5	0.5242479999999999
GAD1	0.43849000000000005
GAD2	0.038970000000000005
TSKU	13.209693999999997
ZNF746	8.244907999999999
MTHFD2L	8.622207999999999
PHYH	13.742197999999997
ZNF740	8.242443999999999
LCE3D	0.12641
LCE3E	0.12189399999999999
NDUFA12	9.860627999999997
LCE3A	0.07310200000000001
LCE3B	0.0
LCE3C	0.0
TMEM150B	4.118869999999999
ODF3L2	2.574293999999999
ODF3L1	4.475549999999999
PHLDB2	10.615694000000001
SNORD116-5	0.0
AGTRAP	8.600232
DNHD1	6.425535999999999
MTP18	8.681519999999997
LOC220429	2.61164
C14orf19	1.00058
SNORD103A	0.0
PABPC4	11.463196000000003
PORCN	5.584492000000001
ELL3	7.033918000000003
OR11H1	0.0
TAS2R1	0.016357999999999998
OR11H6	0.017294
MPV17L2	8.18354
OR11H4	0.0
SYNE1	10.377884000000002
SYNE2	10.648162
FAM187B	0.4828560000000001
TNFRSF13B	2.277590000000001
GOPC	9.448806000000001
WFIKKN2	1.273148
C18orf54	3.665506000000001
C18orf55	8.713111999999999
C18orf56	4.472576
DDB1	12.023835999999996
ZNF527	6.0657499999999995
WFIKKN1	3.496054000000001
ZNF525	5.293285999999999
ZNF524	8.520448
ZNF529	7.198954000000001
ZNF528	6.1734339999999985
JRK	6.052207999999999
OR56A5	0.03419
PCDHB19P	0.698514
FEZ1	8.117436
SLC5A8	0.22851600000000002
OR56A4	0.0
RNF144B	9.63059
YJEFN3	3.686270000000001
RNF144A	6.166745999999998
STEAP1	8.236889999999999
OR56A3	0.030657999999999998
STEAP3	13.203026
KIF21B	6.290991999999997
OMA1	8.951976
PRO0611	0.11525599999999998
FEZ2	9.318983999999997
OR56A1	0.0
OR4F15	0.0
LOC100129935	0.0
BCL11A	3.466098
BCL11B	5.408164
PALM3	9.81156
LOC253039	7.477455999999998
VPS11	9.199340000000001
TST	13.784647999999999
DSCAM	2.4613600000000004
UBASH3A	3.747176
GCLM	10.054765999999999
AVL9	7.475751999999997
GRHL1	7.650938000000001
GRHL2	5.190605999999999
GRHL3	2.7160499999999996
UBQLN2	10.127534000000002
UBQLN3	0.0
OR4C45	0.0
GCLC	11.905242000000005
TUG1	10.646225999999997
C1GALT1	8.151152000000002
OSMR	8.750936000000001
WHAMM	8.326857999999998
OR8B12	0.023239999999999997
FAM165B	8.262312000000001
BIVM	9.420226
DAPK3	9.409445999999999
DAPK2	6.390358
DAPK1	10.969761999999998
ULK2	7.4872140000000025
DPY19L1	9.749837999999997
DPY19L2	1.8787439999999995
DPY19L3	6.895897999999999
DPY19L4	9.65637
PIM3	11.245888
C21orf129	1.0513179999999998
C21orf128	0.518544
ZFPL1	9.052628
C21orf125	4.144588000000001
C21orf122	4.554396
C21orf121	1.33187
MAN1C1	10.214558
TMPRSS13	3.4635740000000004
MYNN	8.321019999999999
TOMM70A	11.492593999999999
TNN	5.858138
SATL1	5.46289
LOC440040	0.0
HRNBP3	0.450592
SNORD42B	0.0
FAM138B	0.0
PREX1	8.977678
TMEM39B	8.085248
FAM138F	0.21429399999999998
FAM138E	0.0
FAM138D	0.0
SLC43A2	7.975928
TAAR2	0.0
PITPNC1	8.169711999999999
GORAB	7.387767999999997
NOTO	0.0
HES1	10.667328
MYO7A	9.705853999999997
MYO7B	4.652560000000001
UBL5	11.208329999999997
BPTF	9.530208000000002
UBL7	9.303962
STK19	7.894687999999999
UBL3	10.876423999999997
OR6C74	0.0
LTB4R2	5.145784
STK10	8.914722000000003
POLG2	6.0184619999999995
STK16	10.013422
GPAT2	3.7526740000000003
FKBP4	11.595208
FKBP5	11.637932000000003
FKBP6	0.38389799999999996
FKBP7	7.737278
FKBP2	11.313965999999999
FKBP3	10.265823999999999
KCTD6	7.603974000000003
HES2	1.2980580000000002
LOC153910	0.050901999999999996
FKBP8	12.565717999999997
FKBP9	9.948612000000004
SLC27A6	0.9654139999999997
NAPSA	2.14388
ZNF135	4.388401999999999
NAPSB	7.970046
TYROBP	10.029997999999999
PCDH1	10.322363999999999
TAS2R14	1.6317220000000001
PPME1	8.951874000000002
GABARAP	12.930556
LOC100303728	5.5012
C14orf159	9.715458
LOC645323	0.3
MANF	10.29636
GPR109B	4.31624
C14orf153	8.559798
SV2C	0.5155959999999999
GPR109A	4.961498
C14orf156	9.631338
IFNA16	0.0
SPRED3	0.08997800000000002
IFNA14	0.0
SNORD42A	0.0
SYMPK	10.885824000000003
MAN2C1	10.561166
PXT1	0.4675
SAMD3	4.136204
ZNF639	8.763035999999998
KRT34	0.043053999999999995
EHF	6.010596
FCHO1	5.547290000000001
RMND1	9.418376000000002
TBCK	8.186314
LRRC16B	5.656036000000001
IFT122	8.886321999999998
TRIM63	0.975928
BRP44	12.084985999999997
SNORD37	0.0
BET1L	10.702313999999996
IL20	0.3899479999999999
FKBPL	6.731034000000001
GRB10	10.39564
GM2A	10.421978000000001
GRB14	9.826927999999999
FDXACB1	6.074459999999999
SAMD9	7.66514
TNFRSF17	3.1518180000000005
GPR172A	8.285665999999999
GPR172B	2.60506
HES5	0.9376320000000001
MED11	8.785718
PRRC1	10.225112000000001
CSRP1	12.045939999999996
SNX30	8.411434
CSRP3	0.035590000000000004
CSRP2	8.750366
ZNF460	5.166170000000001
TBCE	8.514965999999998
A2LD1	8.151112000000001
GPR17	2.761076
ATP6V1D	9.948296000000004
EGFLAM	6.782126000000001
ATP6V1F	9.998841999999998
ATP6V1A	10.756722000000002
GPR12	0.18278
HSD17B14	8.807848
DTL	4.273594000000001
EMX2	0.18426599999999996
ATP6V1H	9.330651999999997
CHRNA10	2.834864
GPR18	3.5230480000000006
SLC26A6	6.185668
HES6	6.213186
PIWIL1	0.306036
NHP2L1	10.871601999999998
C12orf39	0.546748
C12orf34	6.798182000000001
C12orf35	9.999786000000002
C12orf36	0.644486
EMX1	1.322416
SNORD114-1	0.0
C12orf32	7.065481999999999
ZG16B	3.3305060000000015
ARNTL	8.273494000000001
NPIP	8.289254
PANK3	9.573903999999999
PANK2	8.782739999999999
PANK4	8.814024
LOC158696	0.881178
ETAA1	7.655293999999998
KIF2A	6.847652
KCNMA1	8.405177999999998
SLC26A7	2.133724
KIF2C	3.2486380000000015
SLC25A30	10.311496
KIF2B	0.0
ZNF324B	5.977451999999999
PCYOX1L	5.422196000000002
FTSJD1	9.053835999999999
PADI1	1.8954700000000002
HEATR5A	8.782021999999998
HEATR5B	8.76979
OR14C36	0.0
RPL19P12	5.4823200000000005
NFASC	7.322514000000001
TMEM22	5.91755
LOC643008	2.092806000000001
RAP1GDS1	9.589559999999999
MYBBP1A	9.411228
IGJ	10.12689
ARNT2	5.545928000000001
PLXNC1	4.319744000000001
ZNRF4	0.0
ZNRF1	9.356865999999998
ZNRF3	9.178088
ZNRF2	9.881941999999999
SLC26A9	1.859568
CBL	7.897608000000003
EBI3	6.381787999999999
GPX1	12.765692000000001
CBS	13.487289999999998
GPX3	14.306054000000001
GPX2	12.190764000000003
GPX5	0.016357999999999998
GPX4	12.879818
GPX7	6.506444
GPX6	0.0
EFCAB5	0.748156
FLNA	11.560146000000001
EFCAB7	4.8103240000000005
EFCAB6	3.679091999999999
EFCAB1	3.5691620000000004
ANKRA2	8.239368
EFCAB3	0.091144
EFCAB2	6.91669
NPDC1	8.755482000000002
LOC494141	0.18834
TNFAIP6	1.8436599999999999
RCAN1	12.596057999999998
RCAN3	4.243564
RCAN2	7.387099999999999
LETM1	9.998771999999997
GRTP1	9.916262
WASH7P	9.128926
LETM2	2.821294000000001
RIMS3	4.3308159999999996
PLCL1	4.624644
PRKCSH	12.863475999999999
PSAT1	12.391554000000001
ADCYAP1	2.598261999999999
STT3B	10.171021999999999
UBE2J2	9.624569999999999
LOC100128573	0.600026
TTTY11	0.0
BRIX1	8.635682
HIC1	7.137387999999998
CELSR2	7.191442
WDR37	8.098898000000002
TTTY13	0.0
HCG4	4.783365999999998
HFM1	0.5950759999999999
RAD51AP1	3.944757999999999
RAD51AP2	1.4886160000000006
RBBP9	9.874075999999997
RBM17	9.96083
RBM16	9.42466
RBM15	7.442305999999999
ICA1L	3.983989999999999
PARVB	8.542782000000003
SIT1	4.22534
RBM19	8.835490000000002
PARVA	9.909915999999999
SMYD4	7.465916
PARVG	7.555308000000001
STXBP1	7.205121999999999
BEND6	1.2735340000000002
BEND7	8.387024
BEND4	3.052212
BEND5	3.1192980000000006
BEND2	0.230468
BEND3	5.4293000000000005
ARVCF	8.967588
HSD11B2	6.9963219999999975
RXRA	12.608167999999996
RXRB	9.730977999999997
TTTY19	0.0
KCTD11	7.781352000000001
CCNYL1	9.015918
TUBAL3	0.250794
MVD	9.596723999999996
ALDH9A1	12.706894
GRAMD1C	9.535459999999999
GRAMD1B	4.547176
CXorf27	0.05405
CXorf26	9.0259
CXorf21	4.576386
CXorf23	6.141765999999999
CXorf22	0.427636
ZFYVE21	9.589394
ALK	0.654052
PLCG2	10.040979999999998
NTS	4.5946180000000005
ALB	22.199581999999992
PLCG1	8.784425999999998
RELL2	4.062418000000001
ABCA6	11.81069
ABCA7	6.888358
ABCA4	3.9847899999999994
ABCA5	9.850348000000002
CLLU1OS	0.12261
ABCA3	6.151667999999998
ABCA1	11.705364000000001
RFT1	8.782759999999996
TUBGCP2	10.351115999999998
CIZ1	9.371570000000002
TUBGCP4	7.196384
LRRC14	8.293868000000002
ABCA8	10.656049999999999
ABCA9	7.917311999999999
HARBI1	5.821114
MT2A	16.034889999999997
HAND2	7.488662000000001
PSMD5	9.632977999999998
PSMD4	11.708818
PSMD7	10.831306000000001
FLAD1	9.521180000000001
PSMD1	10.942046
PSMD3	11.422816000000001
PSMD2	11.478715999999997
RTP4	7.342336000000001
RTP2	0.065182
RTP3	9.734953999999998
RTP1	0.16477599999999998
ZNF14	4.900743999999999
ZNF16	7.08851
POTEC	0.0
ZNF10	6.7552460000000005
ZNF12	8.486948000000003
SNORA18	0.07479
CLLU1	1.019458
WDR33	10.268801999999999
TMEM132B	1.356276
PLEKHG4B	1.4506039999999996
LOC283914	0.016357999999999998
SELPLG	8.318325999999999
SNORA15	0.0
BAT4	8.735414000000002
OR8A1	0.0
BAT3	12.296375999999995
HIST2H4A	6.614232
ZMYND10	1.9386599999999998
SPON2	10.949722000000001
SPON1	6.364495999999999
BANP	8.045184
KIAA1737	9.316082000000002
SNORA11	0.0
SCN8A	5.764100000000002
RGAG4	8.002822
KIAA1731	6.639932000000001
PLK5P	0.32418199999999997
TIMP4	3.1674820000000006
RRN3	10.455308
NDUFA10	11.532248
SNORA13	0.030308
MCFD2	12.187734
ST6GALNAC5	0.9164739999999999
OR4N5	0.0
COPS7B	8.573552000000003
ST6GALNAC2	5.357386
CIDECP	6.392575999999998
COPS7A	10.647188000000003
NAF1	7.069947999999999
NMUR2	0.136958
NMUR1	5.096854
OR5E1P	0.019814000000000002
NCK1	8.819462
NCK2	8.537605999999998
FAM111B	4.069954
DKK4	1.2274900000000004
DKK2	2.807632
DKK3	8.356639999999999
DKK1	2.091544
RABGGTB	10.103352
KIF13A	9.227388000000001
KIF13B	10.221382
RABGGTA	8.87144
PTPN20B	2.7188959999999995
LILRA6	5.911383999999999
LILRA4	3.2057720000000005
FAM111A	8.532288
LILRA2	6.261604
LILRA3	4.090367999999999
LILRA1	3.7920219999999993
AVPR1B	0.054096000000000005
AVPR1A	8.337066
SAMD13	2.7491459999999996
TGDS	8.881241999999999
TIMP2	11.439230000000002
UPRT	7.7198400000000005
HPS5	10.859776000000002
HPS4	8.730698
HPS6	8.676468
HPS1	10.446932000000002
HPS3	10.106548000000002
RPLP0P2	2.6122720000000004
TMEM170A	8.992444
CYP2D7P1	9.869602
C20orf96	5.851375999999999
DOM3Z	8.043646
C20orf94	3.1045380000000007
BET3L	1.643672
HERC2P4	1.0336000000000003
NFE2L3	6.3435919999999975
NFE2L2	11.911153999999996
NFE2L1	12.992407999999998
POF1B	4.5758980000000005
KLF5	7.227558
ROPN1L	1.995212
ZNF264	8.467073999999998
ZNF266	7.969173999999999
KCNU1	0.16299600000000003
ZNF260	7.951358
ZNF263	8.956685999999998
ARAP2	8.467692
ZNF268	8.284236
MASTL	7.062435999999999
ZNF467	6.877806000000001
LOC440905	1.37868
C17orf46	0.826472
C17orf47	1.3080380000000005
C17orf44	6.296114000000001
C17orf42	7.036842000000002
NCKIPSD	9.005631999999999
PLBD1	7.352828000000003
ASNSD1	10.054227999999997
MURC	1.52649
LOC340094	0.0
C17orf48	7.493890000000001
C17orf49	9.92116
CORIN	2.438314
FRMD4B	10.082578000000002
SCAND3	6.154115999999998
RBBP8	8.219614000000002
ROBLD3	10.635719999999997
KIRREL2	0.220366
KIRREL3	2.60018
CACHD1	6.701232
STK17B	7.993186000000003
CEP350	9.395724000000001
SARNP	9.119395999999997
HPSE	4.703149999999999
AKD1	5.53066
ZC3H11A	11.187792000000002
SIGLEC16	4.355998000000002
IAH1	9.705343999999998
ARID1B	9.660836000000003
ARID1A	10.422298000000001
LOC100130776	5.610360000000001
MANEA	9.852366000000004
SVOP	0.6153359999999999
YEATS2	7.635555999999998
RHOD	10.354586
DHRS4L1	6.552494
DHRS4L2	10.638560000000005
YIPF1	9.921669999999999
YIPF3	11.524482000000003
KLF8	4.554780000000001
YIPF5	9.983374000000003
YIPF4	9.897758000000001
YIPF7	0.101876
OSCAR	5.584234000000001
SDR39U1	9.521056000000002
CYB5R4	7.798199999999998
CYB5R3	12.891071999999998
CYB5R2	6.353389999999998
CYB5R1	10.331076000000001
HTR3C	0.14162999999999998
TM2D1	8.068094
MYO5A	7.308563999999999
RBBP6	9.85435
UTP15	7.565144
RBBP5	8.353054
BTF3L1	0.075012
TCEANC	5.187926
RBBP4	10.67476
BTF3L4	9.134582
MCTS1	9.763698
C19orf66	11.667183999999999
YPEL4	2.6237500000000007
ZNF706	10.020061999999998
C19orf62	10.372306000000004
C19orf63	11.936362000000004
C19orf60	9.499064
C19orf61	7.95419
PPP2R4	11.736670000000004
FTSJ2	9.022602
FTSJ3	9.885959999999999
MKL2	8.646588000000003
C19orf69	0.039597999999999994
DERL1	11.426710000000003
DERL2	9.712838
DERL3	6.356914000000001
TBC1D3C	3.680538000000001
HSF2BP	1.7214999999999998
C11orf53	0.669442
C11orf52	8.682504000000002
C11orf51	8.906787999999999
PRR24	7.300534
C11orf57	9.010834000000003
NLGN4Y	3.896531999999999
PNMT	1.2433080000000003
C11orf54	12.211962000000003
SORL1	12.511658000000002
NLGN4X	6.149715999999999
TICAM1	9.543501999999998
NCR3	3.8409039999999988
RAB41	0.8756360000000004
FAHD2A	11.208016
MLLT10	8.974025999999999
FBN3	1.5244839999999997
RAG2	0.124198
DAP3	10.919239999999997
RAG1	5.15166
EIF4H	12.193568
EIF4E	8.665506
BCAR4	0.237386
LOC151162	8.074914000000001
BCAR1	10.482346
BCAR3	8.823032000000001
EIF4B	12.842486
HSPBAP1	6.589981999999999
CD99	11.630086
CD96	6.139747999999998
CD97	10.047757999999998
CCDC106	9.046652
CD93	9.635048000000003
WASF1	7.20501
OBP2B	0.0
S100A7A	0.21793400000000002
HIATL1	8.914468000000001
ZBTB45	7.000435999999999
CYB5RL	4.764422000000001
DEFB103B	0.01291
CLEC10A	7.15349
EFNB3	6.131601999999999
HDAC3	9.997060000000001
EFNB1	9.227871999999998
HDAC5	9.927979999999998
HDAC4	6.82839
HDAC7	8.728506000000001
HDAC6	11.773573999999998
HDAC9	5.5722119999999995
CIRBP	11.602013999999997
TMEM161A	9.924682
OLAH	0.502846
KCTD16	1.045262
NHLH2	0.014379999999999999
NHLH1	1.0227119999999998
ITIH1	16.367462000000003
LOC145837	7.21475
ITIH3	15.862967999999999
ITIH2	16.136638
ITIH5	6.98958
ITIH4	17.220638
NMI	8.966934000000002
SOBP	6.9016519999999995
FLJ13197	3.429202
POFUT2	8.573858
FILIP1	5.930848000000002
LOC100130522	2.8379339999999997
CDT1	4.328109999999999
TMEM190	0.060116
UCMA	0.02786
SKAP2	8.579988
CST8	0.01291
CHPT1	11.824912000000001
TRAPPC10	9.68547
ZNF512B	9.004594
CST2	0.6127599999999999
CST3	13.362652
CST1	0.6079200000000001
CST6	0.6103200000000001
CST7	7.137695999999998
CST4	0.10384399999999999
CST5	0.5761419999999999
AURKAPS1	2.070424
SKAP1	8.9616
SNW1	9.952901999999996
CSTB	11.144568
CSTA	7.743616000000006
GMPPA	10.151607999999998
ANKRD26P1	0.15943200000000002
GGT8P	0.7166499999999998
REEP1	5.465134000000001
SUMO1P1	0.354906
SNORD115-33	0.0
ESM1	3.3239039999999984
MAS1	0.0
CMC1	8.183816
PRSS16	3.220902000000001
TOB1	11.869436000000002
JOSD2	8.331738000000001
OXGR1	0.31925999999999993
CSTT	0.0
OIT3	11.278161999999998
?|728788	0.341506
LOC100272228	2.8542260000000006
OR10H2	0.0
OR10H3	0.0
OR10H1	0.0
OR10H4	0.0
KL	3.98438
SNORD115-30	0.0
RPL10A	12.837601999999995
RAD52	6.024960000000001
RAD51	3.5313199999999996
ENDOD1	8.792522000000002
AMIGO1	6.076044
RPL10L	0.033368
AMIGO3	5.276236
AMIGO2	7.468540000000002
TNS4	1.6136899999999996
CDYL2	4.814255999999999
SRCAP	10.345355999999999
STRADA	8.55345
LOC441089	5.7567680000000045
RPL36A	4.156319999999999
SLC6A9	4.588168000000001
USP2	8.462992
USP12	8.122169999999997
USP4	9.803271999999998
USP5	10.738703999999995
TTTY9B	0.017891999999999998
USP7	11.052338000000002
SNORD115-31	0.0
SOX8	2.3089779999999993
MRM1	7.034765999999998
OR2W1	0.017891999999999998
RNF39	2.7243559999999998
SOX2	0.732252
SOX3	0.0
BBC3	7.142711999999998
SOX1	0.110626
RNF32	4.717338000000001
SOX7	7.396816000000001
SOX4	8.276142
RNF31	9.204424
ZNF721	8.054988000000002
CEBPB	12.039371999999997
CEBPA	12.254038000000001
TRAT1	3.7674599999999994
CEBPG	10.969175999999997
CEBPE	0.7780100000000002
CEBPD	12.175244000000003
RALGAPB	9.370106
XRCC5	12.46812
STX5	10.304134000000001
LCE5A	0.0
ZNF547	4.110475999999999
PHKB	10.344879999999998
HOXA11AS	0.038826
TFDP1	9.762458000000002
PPIEL	4.195056000000001
RNF222	0.138234
SLC13A1	0.21696599999999996
LOC100131691	4.362849999999999
CEBPZ	10.033549999999998
PITPNB	10.987792000000002
TRIL	5.03178
MAP3K15	0.32924
INTS3	10.258447999999998
C14orf33	4.127702
INTS1	10.922018000000001
KLRC2	1.7801060000000002
INTS7	8.63241
C14orf37	4.727482000000002
C14orf34	0.17957599999999999
INTS4	7.980893999999998
TPP1	12.530332000000003
INTS9	7.283607999999998
C14orf39	0.0
MTHFS	11.854791999999996
SLC13A5	13.798476
RGS4	6.417872000000002
OR7E5P	0.018302
OR6Y1	0.0
CRNN	0.115302
TRIO	8.806432000000003
CTNNA1	12.225616000000002
CTNNA2	1.029336
CTNNA3	4.699971999999999
FAM181B	0.4745539999999999
FAM181A	0.01738
TCEAL2	2.5400179999999994
YTHDF2	10.614548
OR5AU1	0.0
SLC1A1	11.231760000000001
FUCA2	11.007822
LIMCH1	8.740675999999999
TGIF1	10.105876
FES	9.632452
ZNF777	8.682257999999996
NFYC	9.984036000000001
CDRT15	0.029796
TM7SF3	11.407192
MYO19	8.264686000000005
RNF138P1	3.0602840000000002
KRTAP9-4	0.0
EPB41L4B	11.864975999999997
SNORD114-2	0.0
BGN	13.747157999999997
EPB41L4A	7.947766000000002
MYL6	13.432862000000002
MYL7	0.08258599999999999
MYL4	1.0977839999999999
MYL5	7.668176000000001
MYL2	0.13356200000000001
MYL3	3.0042500000000003
BLCAP	11.29077
ATP2C2	2.404834
PTENP1	8.301196
CLDND2	2.67636
CDKN2AIPNL	8.07512
MYL9	10.460671999999999
NCEH1	7.550055999999997
LINGO4	4.778999999999999
LINGO3	0.517154
LINGO2	0.688642
LINGO1	5.1253779999999995
TSNARE1	7.191274
CHSY1	8.915978
MPP2	2.636032
LOC150568	0.030692000000000004
SFTPC	0.15559399999999998
MPP7	6.478302000000001
MPP6	6.805192000000002
MPP5	9.481644000000001
MAPK8IP1	7.922572
FAM110A	6.413777999999999
INHBA	6.453193999999999
FAM110C	6.225246000000002
FAM110B	7.852080000000001
GP9	0.7449760000000001
GP5	2.3545320000000003
GP6	2.35009
TUBGCP3	8.976958
GP2	1.267104
MGC27382	3.7730119999999987
PRPSAP1	10.563996
GPI	12.756309999999996
PRPSAP2	8.882454000000003
MFI2	4.92909
EXTL1	0.680994
EXTL2	7.633494000000001
EXTL3	8.806020000000004
STAU2	9.213629999999997
ETFDH	12.034094000000003
LOC440356	0.23236599999999996
RGSL1	2.11738
ZFP106	9.586844000000003
GPT	12.332582
RGS12	9.206522
LOC440354	5.567624
LOC390858	0.0
MAN1A1	12.271249999999998
MAN1A2	9.183295999999999
KRTAP20-2	0.0
IKBKB	9.083210000000001
SNORD115-38	0.0
ATIC	10.315931999999998
NIN	8.389913999999997
KRTAP20-4	0.0
PCTP	11.459637999999998
TSPO2	1.8739820000000003
PSPH	7.645119999999999
MYLK	11.691878000000004
TM4SF20	0.6296619999999999
TNFRSF8	3.1857279999999997
LOC152225	3.458546
TUBGCP5	8.020414000000002
HDAC11	7.448918000000003
FCGR1C	3.6278280000000005
LRTM2	0.096584
IKBKG	9.348434000000001
SNORA71C	0.019772
LOC100190939	6.097816
SNORA71A	0.035828
SYNM	7.874158000000002
PLCB3	8.179732
GSPT2	8.67891
SLC22A5	7.319760000000001
GORASP2	10.869603999999999
GORASP1	9.930933999999999
PPRC1	9.354311999999998
SYNC	4.810584
IFNA6	0.0
CRTC1	7.7076780000000005
CRTC3	9.177622
CRTC2	9.773164
PNMAL2	5.575118
RGS18	5.413210000000001
PNMAL1	4.228934
FAM13B	8.178519999999999
FAM13C	4.482474
OR13J1	0.180518
AP4B1	7.776026000000001
OR5M10	0.0
OR5M11	0.0
LY86	6.728120000000001
SUMF2	11.858830000000001
SDHAF1	8.268982000000001
SDHAF2	9.639854000000001
SUMF1	9.878210000000001
CRHBP	11.002742000000001
NCALD	9.446025999999998
ZBP1	3.7509460000000003
MALL	7.61259
C14orf174	1.830472
MICA	7.445809999999998
C14orf176	2.4580420000000003
C14orf177	0.0
C14orf178	0.27925
C14orf179	8.666764000000002
FNDC3B	11.011526000000002
SURF2	8.352602000000001
SNORD18C	0.0
SURF4	13.407498000000007
PTPLB	7.5261739999999975
SGEF	10.308875999999998
RARA	10.298688000000002
LOC400752	4.911122
RALGPS1	5.9684
TTYH2	5.668416000000001
GBP3	8.94687
GBP2	9.663302000000002
ACSF2	10.809202
EFS	5.152552000000002
GBP7	10.922109999999998
GBP6	2.049334
GBP5	7.549261999999999
GBP4	9.709337999999997
GRLF1	11.642251999999996
SPANXE	0.034118
TSPAN18	7.8154319999999995
CORO2B	5.078168
CORO2A	7.442348000000002
CCDC134	5.099450000000001
CCDC135	2.6293360000000003
CCDC136	1.759844
CCDC137	8.195346
CCDC130	8.242166
GALK1	11.428279999999999
CCDC132	7.81911
SPACA3	0.0
OTOA	4.096796
PRTFDC1	4.451601999999999
CCDC138	4.246463999999998
PCDHGA8	4.017998000000001
OTOF	1.6629660000000002
WIZ	9.607539999999998
STK31	1.2689739999999998
FRG2B	0.0
FRG2C	0.148922
POLE3	9.911374
POLE2	4.209966000000001
STK36	7.491716000000001
SNORD12B	0.0
NXNL1	0.0
AGTR2	0.031096
AGTR1	11.303823999999999
NXNL2	0.54242
SYN2	0.6824459999999999
GGNBP1	0.014314
GGNBP2	10.145742000000002
SYN1	5.356660000000001
PTH1R	9.446225999999998
LCNL1	0.509568
LOC100287704	0.0
ACCSL	0.036952
THEG	0.0492
PAPD5	8.930986
STARD4	7.931422000000001
LOC285205	0.11632400000000001
CD4	12.064014000000002
CD5	5.608531999999999
CD6	6.3008060000000015
DARS2	8.840511999999997
CD2	6.852184000000001
KIR3DL1	1.6626880000000002
PLA2G16	11.412150000000002
TMEFF1	3.4636079999999994
HSFYL1	0.0
CD9	10.266969999999999
SLC17A5	9.601137999999999
CDY2B	0.043984
LOC727896	4.820135999999998
CEP164	7.820630000000001
APH1A	12.252606000000004
NCRNA00111	0.0
NUSAP1	6.717177999999999
STAT2	11.175625999999998
STAT1	12.124838000000002
CHRNB1	8.301498000000002
FAM54B	10.603174
CHRNB3	0.0
CHRNB2	0.8916580000000001
CHRNB4	0.455856
HBEGF	8.019670000000001
RBM11	1.6255900000000005
CHGA	0.145366
CYP7A1	8.282793999999999
NCRNA00028	0.081746
NCRNA00029	0.0
OR4C46	0.0
VCAN	7.795755999999998
IGFL4	0.016357999999999998
LOC150622	0.21085
TRPC5	4.500183999999999
TGM1	2.52262
SNORD114-19	0.0
HEATR7A	8.505022
PLA2G10	0.23873800000000003
HTATSF1	10.202045999999998
SNORD114-13	0.0
GABRB1	0.109
AKR1B1	8.695038
GABRB3	6.906017999999998
SNORD114-17	0.0
BTAF1	9.001690000000002
PODNL1	1.790208
GSTT2	7.720569999999996
SLITRK5	1.1071060000000001
CDA	10.07752
PLXNA3	6.7621839999999995
PLXNA2	8.642602000000002
PLXNA1	7.564293999999997
ASNS	5.673660000000002
MTMR2	7.574141999999999
PLG	16.720342000000002
KIAA1009	5.987607999999999
MAP3K10	6.995452000000001
MRPS27	10.452738
PDE4A	7.288232000000001
PDE4B	8.330797999999994
MYT1	1.369144
PDE4D	6.960834
PEG3	7.777507999999999
SCAI	6.98567
JAKMIP3	2.0149
MRPS25	10.427329999999998
LOC728323	3.726856
WASH5P	7.057619999999999
MAP2K3	11.684686000000005
CACYBP	9.563642000000003
BMPR1B	4.76144
LOC642826	5.308162000000001
MAP2K7	9.773899999999998
MAP2K6	6.274315999999999
CT47A11	0.0
CT47A10	0.0
AACS	7.5242299999999975
GTF2IRD2B	6.800748000000001
ADCYAP1R1	0.6668520000000001
TRAPPC6B	9.564204
ELF3	11.219463999999999
SLITRK3	7.006787999999999
NLRC3	6.066572
DYDC2	2.04122
DYDC1	0.232592
FBXO22OS	6.722567999999999
MSC	6.104780000000001
LOC254559	2.6052599999999995
NR1H3	10.936178000000002
MT4	0.0
SEC31B	5.869421999999998
TSC22D1	12.127463999999998
SOCS7	3.0446920000000004
TPRG1	6.226705999999999
ACY3	9.663155999999999
ACY1	13.243976
ATP5G2	12.249431999999997
ZNF772	5.9351959999999995
TSC22D2	9.629408000000003
PHF8	10.139894
COL18A1	15.371429999999997
TMEM231	6.109037999999999
TMEM138	8.809325999999999
SPANXB2	0.0
ZRSR2	7.174176000000001
OR4P4	0.0
PHF6	7.887976
SUCLG1	11.883527999999998
TBC1D22B	7.104752000000001
PPP2R5E	8.751628000000004
ALDOA	12.329550000000001
GRPR	1.0291219999999999
ALDOC	11.121759999999997
ALDOB	18.098942
KIAA1875	3.3581480000000012
SMARCAL1	8.268723999999999
NHEDC1	1.2831000000000001
PDSS1	6.304118
ARX	0.138272
SIGLEC10	6.379842000000001
FSHB	0.019772
MAP3K14	9.402520000000003
PHF3	10.791722
SLC2A4RG	11.745691999999995
SNORA11E	0.0
ARC	2.60779
ABCC8	0.7923660000000002
ABCC9	10.77989
OR5H2	0.0
ABCC4	6.4078459999999975
ABCC5	7.384187999999999
ABCC6	12.463595999999997
PHF1	9.663248
ABCC1	7.425233999999998
ABCC2	11.963268000000003
ABCC3	12.056116
DNAH14	5.279606
TMOD4	0.28249799999999997
IFI35	9.842300000000002
DNAH17	2.8212559999999995
DNAH10	2.4702100000000002
DNAH11	3.3364320000000007
DNAH12	0.9113120000000001
SLC24A5	0.5572999999999998
PRDM4	8.289031999999999
PSMF1	12.141390000000001
PLCZ1	0.4229359999999999
SH3YL1	8.35081
PPCDC	6.924953999999999
HPVC1	0.0
LCMT2	7.849491999999998
TALDO1	12.020046000000002
PPP2R5D	9.824842
APLP1	3.101618
DYX1C1	2.030788
ZNF71	5.556895999999999
ZNF76	8.976994000000001
KITLG	6.4171960000000015
ZNF74	6.624895999999999
RPL22L1	8.734788
GLI2	4.190193999999998
SNORD116-8	0.0
XAGE2	0.066578
RYR1	3.468874000000001
SNORD116-4	2.0290179999999993
RYR3	2.374154
RYR2	2.6133259999999994
SNORD116-1	0.0
SNORD116-3	0.0
SNORD116-2	0.0
YIF1B	9.632689999999998
GOLGA1	9.123404
GOLGA2	10.47021
GOLGA3	9.890170000000001
GOLGA4	11.133257999999998
GOLGA5	10.607178
GOLGA7	10.171224
EDN1	6.457016000000001
EDN3	0.5003460000000001
EDN2	3.7246159999999997
EP400NL	6.780209999999999
TP53I11	8.945619999999998
KIAA1715	9.042096000000003
PTTG1IP	12.241234000000002
MAFB	9.965875999999998
SLCO3A1	7.864140000000001
GLI4	6.701123999999998
KIAA1244	2.8945440000000002
ENPP6	2.18076
ENPP7	8.884608
ENPP4	8.564826
ENPP5	5.0951879999999985
ENPP2	9.692597999999998
ENPP3	6.346628000000002
KIF26B	4.084894
ENPP1	11.624972000000003
BTN3A3	9.062996
T	0.04504
GIPC1	10.285598
GIPC2	9.231864000000005
GIPC3	6.5218679999999996
CSNK2A2	8.558086000000001
CSNK2A1	9.337909999999997
TAS2R41	0.017254000000000002
CIRH1A	9.206519999999998
FZR1	9.910055999999996
MEGF10	3.867084000000001
HBG2	1.248278
HBG1	1.8588120000000006
CD2AP	9.925825999999999
SLC2A7	0.0
SLC47A2	1.375032
ZZEF1	9.29863
PTMS	14.551188000000003
DKKL1	0.7513040000000001
SLC2A6	6.740569999999999
KDM5D	5.193474000000001
TP53I13	9.140282000000001
CPS1	16.394408
KDM5B	8.880007999999998
KDM5C	10.363480000000003
CS	10.599936000000003
DAD1L	0.01291
SLC2A4	6.509806
SNORD89	0.038015999999999994
AIPL1	0.19941799999999998
PDGFA	6.956626000000001
PDGFB	7.512524
SLC2A2	14.408330000000003
STAB2	9.550699999999999
OPN1MW	0.06604000000000002
GLUL	14.377136000000002
LONP1	11.793522000000001
DNM1	6.128162000000002
UBE2L3	10.663072
DNM3	3.4283600000000014
DNM2	11.106137999999998
TSPAN17	9.104500000000002
SMYD1	0.35784999999999995
SNORD85	0.0
TGFA	7.844584000000001
ICT1	9.363878000000001
SNORD84	0.0
PREX2	3.2718539999999994
ZKSCAN1	9.444962000000002
HCG2P7	0.9034200000000001
SDK1	4.3513
RIPPLY2	0.0
SLC35E3	7.769050000000002
ZPLD1	2.994592000000001
SNORD82	0.0
MUC21	0.5772660000000001
C9orf109	2.036436
ZNF630	4.224570000000001
CNFN	2.1091660000000005
LOC440925	6.293637999999999
STK25	10.371913999999999
C9orf100	4.461110000000001
ZNF287	3.712328
C9orf102	6.135950000000001
C9orf103	9.650203999999997
ZNF160	7.964702000000001
ZNF283	4.098394
C9orf106	0.7188860000000001
ZNF281	8.674052
AGXT2L1	11.147832
AGXT2L2	10.327276000000005
SLC14A2	1.4593559999999999
SLC14A1	5.383044
STRN4	9.854818000000003
OR51V1	0.0
GYS1	8.378924
GYS2	12.296611999999998
PPAPDC2	9.888058000000001
PLAU	6.506923999999999
KIAA0040	9.80665
CNIH	11.480917999999997
EVPL	2.925184
STT3A	11.415848
PLAT	7.719230000000001
RFXAP	5.278504000000001
STRN3	9.653858000000001
ETV1	7.405758000000002
ETV3	5.857762
ETV2	4.370166
ETV5	8.380959999999996
ETV4	5.595034000000001
ETV7	5.811622000000001
ETV6	9.006388000000001
SDR16C5	0.488886
FAM8A1	11.828147999999999
PCNP	10.635960000000003
BTBD9	7.857650000000001
BTBD8	1.4787439999999998
BTBD7	8.42872
BTBD6	9.891798000000001
BTBD1	10.104528
FAM5C	0.032240000000000005
BTBD3	8.447325999999999
BTBD2	10.354074
SULT1B1	6.249949999999999
MRPL48	8.794490000000001
RAD23B	12.679836
LUZP2	0.695124
MESDC1	8.473854
RPL29P2	0.14104399999999997
SLC6A19	6.296261999999997
HRNR	1.6894840000000002
NOM1	8.521106000000001
IKZF5	8.914819999999999
IKZF4	5.8979219999999986
IKZF1	7.531402000000001
IKZF3	3.4664579999999994
IKZF2	6.174887999999999
C1orf190	2.1944500000000002
RHOXF2B	0.08368
SLC24A4	2.5094099999999995
TTC18	4.674514
C16orf86	6.534999999999999
C11orf71	9.405930000000001
C11orf70	0.810308
C11orf73	8.416294
STON2	6.6226699999999985
C17orf28	7.393753999999999
C11orf74	7.3789380000000016
TNFRSF10D	8.936506
IL4I1	5.237983999999999
C1orf194	0.013897999999999999
RCOR3	8.471322
ZFYVE27	9.509960000000001
SPATS1	0.4460759999999999
PLEKHG2	7.201943999999998
SPATS2	7.075489999999999
SNORD32B	0.0
PLEKHG3	9.965532
CST11	0.0
SLC13A2	5.595161999999998
SLC13A3	9.609205999999999
SLC13A4	1.3494199999999998
NFIA	11.302446000000002
TCEAL3	6.989903999999999
STON1	6.315952000000001
TCEAL1	7.928235999999999
PLEKHG1	8.244076
TCEAL7	4.149374
TCEAL6	3.0539639999999997
TCEAL5	1.667646
TCEAL4	10.693442
TCEAL8	9.249053999999996
RGS16	7.740717999999999
PSPN	0.590822
RGS14	10.225606
IFNA8	0.014379999999999999
FAAH	10.274812000000002
RGS13	0.9314599999999997
RGS10	6.685835999999998
KNCN	0.0
ZNF219	8.193983999999999
IFNA2	0.0
IFNA1	0.0
SELK	9.671211999999999
IFNA7	0.0
CCKAR	0.0
IFNA5	0.03542
IFNA4	0.0
EMX2OS	0.24619399999999994
KDR	9.90904
PHF20L1	9.111051999999999
TIMM22	8.197691999999996
HMX1	0.020308000000000003
MYCL1	8.623770000000002
HMX3	0.068914
HMX2	0.01603
ST6GALNAC4	6.523830000000001
SMN2	10.061852
CLEC16A	8.764384
CRYAB	7.102186
MINA	9.296107999999998
CRYAA	8.922504
STOX2	4.525601999999998
RPS25	12.741100000000001
STRA13	9.321942000000002
IGFL2	0.138178
BTN2A3	2.744298
BTN2A2	7.333010000000001
BTN2A1	8.169766
ELF2	9.009839999999997
ELF5	1.594764
ELF4	6.771948
RPS23	13.240338000000001
MRPL21	9.489635999999997
PRPS2	9.518431999999999
CAND2	6.6982040000000005
CAND1	10.609509999999998
PRPS1	10.282577999999999
CDR2	9.305376000000003
CDR1	0.6917300000000001
RIMBP3	2.513248000000001
BRPF3	9.676950000000001
BRPF1	8.020981999999998
TTLL11	6.2217020000000005
TTLL10	0.343598
TTLL13	2.5140919999999998
TTLL12	10.143336000000001
LDHD	12.378015999999995
GMPR2	10.222983999999999
AMELY	0.037092
FOXD4	1.4550020000000004
LDHB	9.676246000000003
LDHC	2.5951720000000007
DNASE2B	1.696766
ODF2L	6.049583999999998
FOXD2	3.8553340000000005
ACAP1	6.447676000000001
ACAP2	9.357159999999999
ACAP3	8.927247999999999
LUZP4	0.0
OR10J5	0.26139999999999997
LUZP6	10.879724000000001
C1orf198	9.263678
CFL2	11.823838
CFL1	13.222997999999997
OR10J3	0.123382
C8orf83	9.889286000000002
C1orf192	4.088748
PLAA	9.747831999999999
C8orf80	9.548148
C8orf86	0.0
C8orf85	0.44741600000000004
C8orf84	3.961438
NFIC	10.180796
NFIB	10.509211999999998
H1FOO	0.060762000000000004
NFIX	10.477415999999996
PLEKHG6	6.973274
PLEKHG7	2.9700120000000005
PLEKHG4	3.51072
PLEKHG5	5.710816000000001
SLC7A14	1.403348
SELE	6.948004
SLC7A10	0.7484880000000002
PLA2G2C	0.0
METTL11A	9.222355999999998
TULP2	0.6487139999999999
NPY5R	3.6771339999999992
GNGT2	4.645878
GNGT1	0.012766
TULP3	7.692993999999998
PTRF	10.704544
BCL6B	7.2162120000000005
GSTK1	12.912893999999996
SELP	6.924901999999999
SELS	10.263281999999998
